F_bell,F_coherence,F_gate,drifted
0.958,0.98,0.978,1
0.969,0.971,0.958,1
0.986,0.991,0.992,0
0.906,0.939,0.939,1
0.954,0.963,0.97,1
0.968,0.966,0.978,1
0.95,0.967,0.979,1
0.972,0.98,0.978,1
0.988,0.99,0.99,0
0.981,0.991,0.988,0
0.932,0.939,0.939,1
0.982,0.985,0.991,0
0.993,0.995,0.987,0
0.978,0.987,0.979,0
0.962,0.97,0.98,1
0.9755566461155915,0.9749123268695817,0.9692265178529452,1
0.907,0.956,0.964,1
0.9831771150751749,0.977966929012821,0.9710873554142353,0
0.965,0.968,0.984,1
0.988,0.986,0.986,0
0.95,0.961,0.962,1
0.949,0.932,0.951,1
0.939,0.976,0.967,1
0.986,0.987,0.99,0
0.97,0.967,0.974,1
0.971,0.979,0.974,1
0.908,0.921,0.925,1
0.5912720087309541,0.763351704987398,0.760140489957513,1
0.964,0.988,0.978,1
0.9351027407006138,0.9261685663211124,0.9185695777018666,0
0.906,0.938,0.951,1
0.977,0.98,0.974,1
0.928,0.941,0.942,1
0.976,0.98,0.986,0
0.987,0.987,0.988,0
0.952,0.975,0.965,1
0.8950873317133687,0.9430133249248557,0.9410194019777844,0
0.988,0.983,0.988,0
0.956,0.982,0.971,1
0.967,0.955,0.965,1
0.922,0.943,0.942,1
0.949,0.967,0.975,1
0.9,0.938,0.941,1
0.909,0.955,0.929,1
0.959,0.971,0.968,1
0.884382937055602,0.9368122031326411,0.9352992316390059,1
0.9671319078449252,0.9768219227352684,0.9718261416845105,1
0.924,0.939,0.935,1
0.991,0.986,0.986,0
0.979,0.982,0.982,1
0.977,0.987,0.991,0
0.8802188589569908,0.9327918805196405,0.9307396914603527,1
0.981,0.991,0.988,0
0.974,0.977,0.969,1
0.968,0.974,0.976,1
0.906,0.946,0.944,1
0.913,0.927,0.91,1
0.979,0.986,0.983,0
0.96,0.977,0.978,1
0.979,0.99,0.987,0
0.99,0.991,0.994,0
0.911,0.943,0.945,1
0.988,0.986,0.995,0
0.9449077691591665,0.965390961760107,0.9630348510761242,0
0.9258357762024801,0.9544068138510676,0.9519716740217938,0
0.985,0.989,0.993,0
0.979,0.991,0.982,0
0.918152917882765,0.9085206976796543,0.8997007488974618,1
0.916,0.939,0.951,1
0.912,0.94,0.915,1
0.91,0.954,0.964,1
0.977,0.986,0.993,0
0.942,0.96,0.958,1
0.923,0.933,0.95,1
0.978,0.981,0.985,0
0.9737755610761331,0.9821384366257482,0.9793347364540723,1
0.933610097649254,0.9593681043585318,0.9553610066771969,1
0.974,0.969,0.969,1
0.956,0.968,0.968,1
0.93,0.92,0.907,1
0.919,0.945,0.935,1
0.972,0.988,0.99,0
0.9768088773259082,0.9774019306433215,0.9692077274138031,1
0.917,0.924,0.931,1
0.956,0.977,0.971,1
0.907,0.943,0.934,1
0.958,0.975,0.974,1
0.7983283781860704,0.887743642804578,0.8856975898083688,1
0.9512564355626607,0.974539378972932,0.9707154045443324,1
0.985,0.986,0.988,0
0.968,0.971,0.974,1
0.95,0.982,0.976,1
0.969,0.978,0.976,1
0.975,0.981,0.978,1
0.979,0.989,0.992,0
0.948,0.974,0.976,1
0.9721292457311231,0.9730111707015627,0.9633837594020771,0
0.9522700573472476,0.9629708201342894,0.954098338133897,1
0.907,0.907,0.904,1
0.92,0.904,0.908,1
0.919,0.974,0.975,1
0.98,0.984,0.98,0
0.9808558120845932,0.9821727341698218,0.9766392261747148,0
0.912,0.933,0.948,1
0.988,0.994,0.991,0
0.927,0.917,0.905,1
0.988,0.988,0.987,0
0.973,0.976,0.979,1
0.953,0.979,0.969,1
0.9863758611436177,0.9865850267466667,0.9836400836264775,0
0.912,0.933,0.951,1
0.97,0.975,0.977,1
0.906173456203278,0.9454337390665142,0.9421587675197984,1
0.985,0.985,0.983,0
0.977,0.969,0.97,1
0.909,0.912,0.909,1
0.989,0.981,0.99,0
0.948,0.974,0.957,1
0.969,0.978,0.972,1
0.976,0.991,0.99,0
0.95,0.965,0.951,1
0.963,0.982,0.97,1
0.949,0.962,0.965,1
0.981,0.986,0.995,0
0.926,0.955,0.94,1
0.983,0.985,0.992,0
0.968,0.972,0.978,1
0.978,0.99,0.993,0
0.971,0.977,0.968,1
0.937,0.971,0.968,1
0.9803036944298853,0.9769703586365655,0.9745775092314765,1
0.953,0.969,0.962,1
0.979,0.992,0.994,0
0.979,0.988,0.982,0
0.99,0.985,0.988,0
0.91,0.943,0.927,1
0.948,0.967,0.967,1
0.982,0.992,0.99,0
0.909,0.923,0.931,1
0.985,0.986,0.981,0
0.977,0.978,0.974,1
0.977,0.974,0.977,1
0.988,0.991,0.988,0
0.9733626882733292,0.9763506664596786,0.9687482915045478,1
0.986,0.984,0.993,0
0.991,0.99,0.986,0
0.929,0.973,0.982,1
0.98,0.981,0.99,0
0.96,0.971,0.969,1
0.934,0.911,0.915,1
0.984,0.982,0.985,1
0.916,0.934,0.91,1
0.96,0.977,0.97,1
0.924,0.959,0.949,1
0.955,0.978,0.968,1
0.93,0.935,0.948,1
0.989,0.986,0.987,0
0.978,0.987,0.99,0
0.942,0.918,0.94,1
0.24304369192280004,0.4778955886516307,0.46669698036618834,1
0.9732556651906872,0.9777905326250997,0.9708092045003719,1
0.905,0.933,0.899,1
0.918,0.944,0.958,1
0.9813771561603318,0.979424410309454,0.9688542363397312,1
0.97,0.979,0.965,1
0.921,0.949,0.944,1
0.969,0.976,0.984,1
0.949,0.945,0.94,1
0.922,0.944,0.948,1
0.927,0.932,0.927,1
0.984,0.978,0.983,0
0.982,0.987,0.991,0
0.977,0.988,0.987,0
0.904,0.926,0.918,1
0.902,0.93,0.927,1
0.9884410073120472,0.9872115431791504,0.9830780788648125,0
0.981,0.982,0.989,0
0.4144702056873823,0.5633600661687496,0.5597992558208956,1
0.9856683320641668,0.988588632846431,0.9863654339421798,1
0.907,0.942,0.943,1
0.922,0.896,0.895,1
0.9670959773024638,0.9710128506195921,0.9636742150019577,1
0.927,0.934,0.934,1
0.936,0.926,0.919,1
0.98,0.992,0.994,0
0.914,0.963,0.963,1
0.981,0.994,0.984,0
0.983,0.983,0.986,0
0.912,0.909,0.923,1
0.923,0.95,0.945,1
0.985,0.988,0.981,0
0.934,0.952,0.931,1
0.933,0.939,0.914,1
0.976,0.987,0.988,0
0.984,0.986,0.991,0
0.934,0.937,0.918,1
0.938,0.928,0.932,1
0.2466940195740369,0.4900261255317458,0.48543994250869643,1
0.959,0.963,0.974,1
0.973,0.979,0.973,1
0.98,0.985,0.983,0
0.929,0.896,0.908,1
0.984,0.984,0.99,0
0.8787033041106225,0.92688731229812,0.9177340262397706,1
0.906,0.935,0.938,1
0.988,0.989,0.983,0
0.946,0.979,0.969,1
0.964,0.983,0.979,1
0.9778055328184152,0.9821086343558338,0.9790525455085775,0
0.925776755374703,0.957442819233953,0.9516147121207655,1
0.9818175329260521,0.9858181633460648,0.9834109354826638,0
0.926,0.935,0.939,1
0.971,0.98,0.978,1
0.911,0.946,0.93,1
0.8813888270896468,0.9331668015345147,0.9294780858865912,1
0.968,0.983,0.979,1
0.957,0.968,0.962,1
0.966,0.978,0.984,1
0.973,0.986,0.99,0
0.977,0.982,0.989,0
0.922,0.944,0.946,1
0.914,0.936,0.936,1
0.989,0.99,0.986,0
0.953,0.977,0.974,1
0.972,0.977,0.982,1
0.961,0.984,0.978,1
0.938,0.945,0.948,1
0.976,0.987,0.995,0
0.955,0.98,0.973,1
0.957,0.973,0.977,1
0.977,0.975,0.983,1
0.923,0.924,0.907,1
0.919,0.907,0.903,1
0.931,0.942,0.941,1
0.931,0.919,0.92,1
0.922,0.942,0.934,1
0.938,0.975,0.965,1
0.898,0.946,0.944,1
0.987,0.99,0.99,0
0.987,0.988,0.981,0
0.9406294131176575,0.955857073510632,0.9448771221264554,1
0.907,0.942,0.939,1
0.9864074326464592,0.9847357183233328,0.9783308497922554,1
0.92,0.946,0.933,1
0.956,0.966,0.974,1
0.959,0.969,0.975,1
0.982,0.982,0.989,0
0.955,0.971,0.964,1
0.968,0.987,0.979,1
0.913,0.908,0.916,1
0.948,0.969,0.961,1
0.924,0.966,0.952,1
0.937,0.977,0.975,1
0.2572682226390294,0.5051408102051802,0.5033011830641096,1
0.927,0.947,0.948,1
0.975,0.979,0.975,1
0.962,0.975,0.972,1
0.978,0.99,0.98,0
0.916,0.939,0.948,1
0.973,0.975,0.972,1
0.937,0.951,0.948,1
0.916,0.974,0.971,1
0.923,0.943,0.934,1
0.982,0.974,0.974,1
0.979,0.987,0.992,0
0.955,0.967,0.963,1
0.954,0.979,0.98,1
0.947,0.967,0.977,1
0.966,0.975,0.978,1
0.97,0.986,0.984,1
0.937,0.942,0.921,1
0.983,0.987,0.991,0
0.953,0.975,0.982,1
0.975,0.989,0.986,0
0.972,0.979,0.971,1
0.98,0.991,0.989,0
0.989,0.989,0.99,0
0.948,0.963,0.948,1
0.905,0.943,0.942,1
0.91,0.952,0.93,1
0.961,0.976,0.978,1
0.918,0.927,0.931,1
0.9626665032156655,0.9718556544870399,0.9672647378392363,1
0.9789603717611772,0.9854059823309772,0.9829815649952783,1
0.983,0.991,0.992,0
0.962,0.977,0.978,1
0.931,0.98,0.976,1
0.939,0.91,0.932,1
0.966,0.978,0.972,1
0.984,0.978,0.985,0
0.983,0.994,0.982,0
0.9069460502431289,0.944395805008595,0.940440258967514,1
0.977,0.973,0.974,1
0.982,0.987,0.991,0
0.967,0.983,0.979,1
0.978,0.992,0.987,0
0.998,0.983,0.97,1
0.9463220478641169,0.9687918618648548,0.9668549357315086,1
0.9669660137299178,0.9797003999774486,0.9752761790932283,0
0.98,0.991,0.988,0
0.988,0.988,0.988,0
0.926,0.941,0.93,1
0.98,0.994,0.984,0
0.925,0.913,0.908,1
0.979,0.965,0.975,1
0.9622770216801182,0.9713838685153754,0.9661187374139645,0
0.957221489036156,0.9632289412840189,0.9517988255806817,1
0.973,0.979,0.964,1
0.899,0.941,0.952,1
0.949,0.982,0.988,1
0.975,0.959,0.981,1
0.952,0.983,0.963,1
0.916,0.957,0.951,1
0.958,0.979,0.984,1
0.93,0.932,0.926,1
0.921,0.916,0.94,1
0.96,0.976,0.974,1
0.966,0.982,0.981,1
0.977,0.992,0.982,0
0.919,0.923,0.913,1
0.975,0.982,0.989,0
0.929,0.954,0.953,1
0.953,0.985,0.985,1
0.989,0.99,0.996,0
0.949,0.973,0.973,1
0.922,0.958,0.955,1
0.979,0.986,0.98,0
0.964,0.98,0.977,1
0.972,0.976,0.98,1
0.99,0.989,0.986,0
0.912,0.914,0.912,1
0.933,0.945,0.935,1
0.966,0.977,0.978,1
0.975,0.979,0.979,1
0.924,0.906,0.915,1
0.98,0.989,0.981,1
0.958,0.954,0.971,1
0.939,0.933,0.94,1
0.9324096138086743,0.958891985938939,0.9562550419977633,1
0.925,0.928,0.909,1
0.98,0.988,0.987,0
0.913,0.925,0.924,1
0.975,0.99,0.986,0
0.898,0.921,0.919,1
0.971,0.965,0.976,1
0.978,0.992,0.987,0
0.916,0.914,0.906,1
0.975,0.988,0.986,0
0.915,0.942,0.947,1
0.923,0.966,0.961,1
0.978,0.983,0.972,1
0.912,0.944,0.926,1
0.985,0.988,0.986,0
0.975,0.991,0.985,0
0.986,0.988,0.993,0
0.887,0.939,0.928,1
0.913,0.939,0.934,1
0.986,0.987,0.978,0
0.978,0.976,0.969,1
0.974,0.977,0.972,1
0.978,0.98,0.97,1
0.974,0.991,0.986,0
0.9718487682897564,0.9683181530467457,0.9554330395120867,1
0.926,0.932,0.904,1
0.923,0.901,0.906,1
0.981,0.984,0.992,0
0.985,0.99,0.985,0
0.903,0.941,0.948,1
0.933,0.962,0.928,1
0.93,0.947,0.94,1
0.923,0.943,0.934,1
0.922,0.932,0.944,1
0.931,0.908,0.907,1
0.978,0.979,0.987,0
0.979,0.978,0.979,1
0.913,0.935,0.936,1
0.986,0.985,0.987,0
0.907,0.946,0.942,1
0.915,0.934,0.936,1
0.9699265729881625,0.9799739533348737,0.9762846822889051,0
0.9684086601577843,0.9703124168007552,0.9597683647266373,1
0.955,0.976,0.973,1
0.967,0.986,0.98,1
0.971,0.981,0.976,1
0.93,0.917,0.909,1
0.915,0.931,0.913,1
0.966,0.974,0.974,1
0.918,0.952,0.934,1
0.993,0.987,0.99,0
0.9803920690821731,0.9801749736599762,0.9723911205732084,0
0.2531431860118783,0.501764390207049,0.4990507371377793,1
0.984,0.984,0.986,0
0.9763185619642978,0.9825802334708312,0.9800338238290313,0
0.937,0.936,0.935,1
0.963,0.983,0.973,1
0.8893900851876997,0.9368923464222758,0.9347537812213945,0
0.966,0.964,0.97,1
0.9517777007193128,0.9699053596774012,0.9649890611622034,1
0.984,0.988,0.984,0
0.9875990816784146,0.9898013228815388,0.9877721530852106,1
0.934,0.93,0.911,1
0.9728353639109468,0.9689747513247137,0.9568935072068759,1
0.908,0.917,0.919,1
0.913,0.917,0.901,1
0.992,0.987,0.989,0
0.903,0.948,0.947,1
0.9854789998595634,0.9857719235697976,0.9819341922099583,1
0.888,0.94,0.917,1
0.954,0.977,0.981,1
0.9876559587745506,0.9811051902884043,0.972595162750819,0
0.896,0.947,0.932,1
0.985,0.991,0.986,0
0.986,0.993,0.991,0
0.949,0.973,0.974,1
0.913,0.931,0.908,1
0.968,0.962,0.974,1
0.985624644188113,0.9819915008381576,0.9737690301439398,1
0.98,0.988,0.986,0
0.978,0.97,0.968,1
0.984,0.988,0.994,0
0.9874664789697299,0.9859296410638095,0.982646302148069,1
0.897,0.937,0.938,1
0.955,0.912,0.949,1
0.954,0.98,0.968,1
0.975,0.972,0.982,1
0.977,0.981,0.974,1
0.983,0.987,0.989,0
0.9070227442029938,0.9417271738868082,0.9395433696700596,0
0.957,0.972,0.97,1
0.931,0.924,0.928,1
0.98,0.975,0.969,1
0.984,0.989,0.987,0
0.928,0.943,0.946,1
0.9802149684981476,0.9837245396150864,0.9785810169510256,1
0.981,0.984,0.99,0
0.982,0.992,0.994,0
0.922,0.911,0.924,1
0.984,0.984,0.988,0
0.961,0.981,0.973,1
0.933,0.939,0.953,1
0.984256129058018,0.9879445474193681,0.9854358226456482,0
0.931,0.95,0.944,1
0.975,0.983,0.982,0
0.9869520182047378,0.9824664741064896,0.9742663644100003,1
0.911,0.917,0.902,1
0.966,0.976,0.975,1
0.99,0.988,0.982,0
0.913,0.932,0.929,1
0.982,0.987,0.989,0
0.97,0.988,0.987,0
0.923,0.951,0.931,1
0.986,0.987,0.992,0
0.967,0.987,0.973,1
0.935,0.933,0.933,1
0.918,0.943,0.931,1
0.967,0.978,0.97,1
0.987,0.982,0.986,0
0.962,0.967,0.975,1
0.977,0.99,0.992,0
0.9757127562541176,0.9815463738218821,0.9793621207191905,1
0.9763562791667795,0.9822598271261751,0.9778108699172129,1
0.914,0.902,0.904,1
0.913,0.905,0.913,1
0.966,0.973,0.97,1
0.905,0.967,0.968,1
0.965,0.929,0.941,1
0.9709539820369999,0.9811388743874936,0.975012887156651,0
0.962,0.98,0.959,1
0.963,0.978,0.983,1
0.9864337679594946,0.9891511981890377,0.9871084543192525,0
0.966,0.982,0.97,1
0.8978714598936975,0.941535531465649,0.9382486207207196,1
0.969,0.989,0.976,1
0.9792407366274645,0.9820168441817124,0.9778628956549248,0
0.917,0.948,0.937,1
0.8468127587444367,0.9160305229388979,0.9141741404217878,0
0.968,0.969,0.966,1
0.982,0.992,0.994,0
0.901,0.952,0.93,1
0.9770279842371487,0.979459988651193,0.972938067843044,1
0.941,0.902,0.918,1
0.9808289665348477,0.9824272298019697,0.9798270592297966,0
0.9817274047307591,0.9713581624559463,0.9603593980223447,0
0.914,0.931,0.931,1
0.985,0.991,0.993,0
0.979,0.983,0.978,1
0.98,0.994,0.989,0
0.927,0.9,0.901,1
0.954,0.979,0.969,1
0.983,0.983,0.992,0
0.916,0.91,0.907,1
0.9512422920747534,0.9711269613176895,0.9665737174194532,1
0.983,0.99,0.991,0
0.986,0.985,0.988,0
0.977,0.976,0.983,1
0.984,0.993,0.997,0
0.929,0.908,0.918,1
0.977,0.99,0.992,0
0.935,0.932,0.942,1
0.968,0.979,0.979,1
0.96,0.988,0.979,1
0.959,0.975,0.963,1
0.956,0.98,0.977,1
0.98,0.987,0.991,0
0.907,0.938,0.908,1
0.981,0.985,0.987,0
0.965,0.967,0.988,1
0.918,0.918,0.907,1
0.961,0.974,0.981,1
0.966,0.981,0.969,1
0.936,0.956,0.947,1
0.904,0.938,0.937,1
0.9356492784873827,0.9531826842320053,0.9430434736379534,1
0.9768751320153962,0.9634504128993158,0.9515612870344132,1
0.962,0.979,0.952,1
0.958,0.977,0.982,1
0.905,0.922,0.894,1
0.9715656609515108,0.960852457304847,0.9581768209565227,1
0.978,0.991,0.984,0
0.918,0.924,0.929,1
0.9781151962518917,0.980885402995555,0.9745504148232998,0
0.981,0.979,0.988,0
0.985,0.992,0.989,0
0.943,0.979,0.976,1
0.916,0.924,0.915,1
0.951,0.98,0.964,1
0.923,0.942,0.931,1
0.9908195639463663,0.9914394861325336,0.989341933405449,0
0.92,0.932,0.929,1
0.9470766500950221,0.9661319613036405,0.9604685660560991,1
0.935,0.901,0.904,1
0.941,0.974,0.977,1
0.9822459771483145,0.9814111396956537,0.9765552760319243,0
0.8823693455151803,0.9221066722646496,0.9034294113110438,1
0.97,0.981,0.979,1
0.952,0.973,0.979,1
0.92,0.901,0.909,1
0.982,0.986,0.987,0
0.9817137748665391,0.9799670173803298,0.9738220497283527,0
0.914,0.93,0.888,1
0.8940571681403295,0.9446620860022321,0.9399588393735514,1
0.93,0.949,0.939,1
0.979,0.989,0.984,0
0.954,0.938,0.936,1
0.983,0.985,0.982,0
0.981,0.993,0.99,0
0.924,0.889,0.89,1
0.968,0.975,0.979,1
0.989,0.983,0.983,0
0.948,0.966,0.962,1
0.933,0.911,0.907,1
0.979,0.985,0.985,0
0.959,0.932,0.93,1
0.957,0.967,0.975,1
0.987,0.988,0.984,0
0.954,0.974,0.975,1
0.957,0.968,0.978,1
0.94,0.943,0.952,1
0.966,0.98,0.962,1
0.954,0.979,0.977,1
0.935,0.947,0.932,1
0.938,0.949,0.938,1
0.899,0.94,0.94,1
0.954,0.976,0.965,1
0.957,0.984,0.985,1
0.877,0.913,0.904,1
0.916,0.91,0.924,1
0.98,0.986,0.989,0
0.982,0.992,0.987,0
0.975659598607664,0.9773579057623798,0.971598953796824,1
0.928,0.927,0.931,1
0.931,0.936,0.94,1
0.986,0.992,0.992,0
0.955,0.974,0.959,1
0.954,0.971,0.972,1
0.975,0.988,0.99,0
0.979,0.989,0.983,0
0.9907127941272651,0.9896132095056932,0.9850718817374086,0
0.9719522250061428,0.9577762530722348,0.9491611590987808,0
0.984,0.988,0.985,0
0.985,0.991,0.988,0
0.977,0.981,0.983,0
0.929,0.933,0.93,1
0.911,0.92,0.915,1
0.901,0.934,0.943,1
0.959,0.974,0.97,1
0.97,0.986,0.975,1
0.9758691982216753,0.966967137396562,0.9514162718937172,1
0.982,0.993,0.985,0
0.978,0.988,0.994,0
0.941,0.983,0.972,1
0.954,0.975,0.977,1
0.977,0.987,0.989,0
0.957,0.966,0.979,1
0.912,0.925,0.905,1
0.41645304690971835,0.6388418623224704,0.6376994110719243,0
0.97,0.97,0.975,1
0.978,0.992,0.988,0
0.931,0.942,0.93,1
0.951,0.978,0.979,1
0.9780677577600365,0.9833472192580106,0.9791489764586563,1
0.946,0.974,0.976,1
0.24405495635343225,0.49189790838722147,0.48882662012791206,1
0.985,0.985,0.986,0
0.9893947157601544,0.9908000572764388,0.9886018884844068,0
0.957,0.972,0.981,1
0.978,0.988,0.984,0
0.9467889342820462,0.9550971994431589,0.9397845044264794,1
0.96,0.981,0.976,1
0.983,0.978,0.967,1
0.97,0.982,0.978,1
0.99,0.994,0.99,0
0.973,0.989,0.988,0
0.918,0.966,0.957,1
0.965,0.986,0.984,1
0.91,0.941,0.955,1
0.981,0.974,0.977,1
0.918,0.931,0.95,1
0.932,0.957,0.946,1
0.982,0.986,0.983,0
0.912,0.944,0.948,1
0.896,0.901,0.922,1
0.917,0.93,0.933,1
0.952,0.973,0.97,1
0.977,0.989,0.992,0
0.984,0.993,0.988,0
0.964,0.972,0.978,1
0.985,0.99,0.99,0
0.9595141750444905,0.9712972083805395,0.9649363731230713,1
0.986,0.982,0.976,0
0.964,0.97,0.967,1
0.99,0.989,0.992,0
0.963,0.968,0.966,1
0.906,0.932,0.939,1
0.95,0.982,0.975,1
0.964,0.971,0.974,1
0.916,0.952,0.938,1
0.924,0.914,0.934,1
0.9760915687363273,0.9792150581368686,0.976224848904838,0
0.916,0.97,0.968,1
0.9599848592792323,0.9669343050956618,0.9544029946268165,0
0.986,0.977,0.987,0
0.953,0.97,0.967,1
0.982,0.994,0.981,0
0.8935797297306617,0.9397912699284552,0.9370522770119029,1
0.986,0.987,0.986,0
0.937,0.932,0.947,1
0.947,0.974,0.977,1
0.957193733085613,0.9485741641087552,0.9402007634370151,0
0.977,0.986,0.992,0
0.9739028299342786,0.9759611298408147,0.9738514055485699,1
0.905,0.922,0.941,1
0.988,0.982,0.983,0
0.937,0.942,0.945,1
0.961,0.977,0.975,1
0.8952859332683386,0.9404492324789536,0.9385849431793895,1
0.973,0.97,0.969,1
0.924,0.913,0.898,1
0.9819122012865903,0.9801975309669267,0.9731290191937193,1
0.977,0.981,0.99,0
0.9740609606165571,0.9799479235637446,0.9778181314032349,1
0.965,0.973,0.976,1
0.959,0.979,0.969,1
0.9828583277229513,0.9839481055735545,0.979939642898861,0
0.902,0.942,0.962,1
0.897,0.935,0.923,1
0.93,0.935,0.932,1
0.979,0.987,0.99,0
0.915,0.918,0.932,1
0.977,0.989,0.982,0
0.895,0.94,0.925,1
0.981,0.98,0.984,0
0.982,0.987,0.989,0
0.9,0.926,0.946,1
0.985,0.988,0.987,0
0.974,0.975,0.977,1
0.949,0.942,0.927,1
0.961,0.964,0.959,1
0.983,0.985,0.992,0
0.906,0.929,0.916,1
0.949,0.965,0.958,1
0.986,0.989,0.985,0
0.982,0.989,0.99,0
0.926,0.972,0.962,1
0.981,0.99,0.984,0
0.988,0.981,0.988,0
0.971,0.981,0.972,1
0.989,0.988,0.985,0
0.921,0.94,0.94,1
0.911,0.928,0.937,1
0.936,0.934,0.942,1
0.953,0.977,0.976,1
0.96,0.983,0.977,1
0.955,0.982,0.978,1
0.974,0.992,0.99,0
0.977,0.991,0.986,0
0.97,0.986,0.977,1
0.987,0.987,0.982,0
0.98,0.988,0.989,0
0.922,0.946,0.939,1
0.985,0.99,0.989,0
0.932,0.95,0.95,1
0.962,0.966,0.972,1
0.918,0.913,0.934,1
0.967,0.985,0.969,1
0.93,0.912,0.894,1
0.895,0.922,0.927,1
0.9811167767863043,0.983445247474207,0.9791990108941513,1
0.992,0.995,0.991,0
0.958,0.975,0.968,1
0.912,0.91,0.928,1
0.963,0.979,0.979,1
0.959,0.972,0.969,1
0.972,0.964,0.957,1
0.925,0.931,0.921,1
0.914,0.924,0.936,1
0.93,0.958,0.964,1
0.959,0.983,0.976,1
0.956,0.971,0.973,1
0.9823208312650709,0.9888271988133569,0.9862863621741303,1
0.971,0.971,0.969,1
0.972,0.985,0.987,0
0.916,0.93,0.926,1
0.981834576371111,0.984347306263083,0.9820618703463254,0
0.981,0.991,0.984,0
0.894,0.932,0.919,1
0.98,0.982,0.981,1
0.928,0.916,0.937,1
0.981,0.973,0.98,1
0.977,0.987,0.992,0
0.981,0.987,0.994,0
0.952,0.972,0.976,1
0.913,0.941,0.947,1
0.984,0.988,0.985,0
0.915,0.944,0.954,1
0.898,0.911,0.913,1
0.9605473966488385,0.9726553346331114,0.9678926190154522,1
0.929,0.903,0.903,1
0.98,0.978,0.971,1
0.963,0.94,0.939,1
0.97,0.98,0.978,1
0.923,0.914,0.925,1
0.923,0.927,0.934,1
0.969,0.983,0.989,0
0.8328605337470153,0.9078290518690696,0.9057319598752972,1
0.987,0.989,0.981,0
0.954,0.979,0.971,1
0.986,0.989,0.987,0
0.926,0.922,0.918,1
0.99,0.983,0.987,0
0.976,0.984,0.985,0
0.988,0.988,0.983,0
0.96,0.968,0.973,1
0.934,0.943,0.942,1
0.956,0.969,0.977,1
0.972,0.971,0.974,1
0.935,0.903,0.899,1
0.975,0.993,0.992,0
0.911,0.94,0.968,1
0.988,0.987,0.988,0
0.927,0.948,0.951,1
0.9499693529145987,0.965795988936911,0.9624850564613714,1
0.925,0.908,0.924,1
0.914,0.952,0.943,1
0.982,0.984,0.988,0
0.975,0.982,0.977,1
0.985,0.984,0.986,0
0.984,0.987,0.979,0
0.953,0.972,0.969,1
0.9749156296870437,0.9825918345331984,0.9797205650789438,1
0.971,0.975,0.969,1
0.9615792450023128,0.97318665098142,0.9707608881083196,0
0.939,0.957,0.946,1
0.982,0.99,0.98,0
0.919,0.92,0.919,1
0.965,0.968,0.969,1
0.943,0.935,0.943,1
0.925,0.93,0.929,1
0.911,0.929,0.939,1
0.928,0.938,0.937,1
0.931,0.935,0.905,1
0.971,0.964,0.954,1
0.8553291379113419,0.9215867485146357,0.9197214678907136,1
0.986,0.987,0.983,0
0.985,0.99,0.989,0
0.969,0.976,0.985,1
0.895,0.94,0.946,1
0.884,0.938,0.948,1
0.986,0.99,0.99,0
0.928,0.933,0.926,1
0.7890250032446321,0.8766755703147322,0.8742537058545775,0
0.952,0.971,0.978,1
0.9021428091701178,0.9491012955208865,0.9462373408712886,0
0.965,0.98,0.973,1
0.917,0.935,0.932,1
0.961,0.974,0.974,1
0.986,0.991,0.985,0
0.985,0.995,0.991,0
0.981,0.964,0.977,1
0.984,0.981,0.985,0
0.968,0.976,0.981,1
0.964,0.974,0.969,1
0.949,0.976,0.979,1
0.921,0.925,0.938,1
0.986,0.986,0.99,0
0.96,0.971,0.98,1
0.983,0.995,0.984,0
0.983,0.989,0.99,0
0.98,0.993,0.986,0
0.905,0.885,0.928,1
0.983,0.991,0.987,0
0.9752919524221646,0.9798809843740374,0.9759543877767716,1
0.981,0.986,0.992,0
0.790878194987127,0.8801783073907379,0.8745655261939135,1
0.906,0.939,0.911,1
0.984,0.991,0.984,0
0.975,0.985,0.99,0
0.92,0.933,0.945,1
0.942,0.979,0.971,1
0.973,0.968,0.971,1
0.9563521460330717,0.9725631070627075,0.968590603989698,1
0.984,0.986,0.986,0
0.981,0.984,0.973,1
0.9744460228921873,0.9786862509961672,0.9746697800418527,1
0.943,0.977,0.975,1
0.968,0.975,0.963,1
0.971,0.986,0.986,0
0.977,0.982,0.98,1
0.984,0.987,0.991,0
0.9575131738949617,0.9738303739399021,0.9711183465284601,0
0.984,0.99,0.986,0
0.981,0.982,0.986,0
0.957,0.978,0.974,1
0.9629472323690036,0.9763608103783777,0.9737812367781582,1
0.97,0.986,0.977,1
0.933,0.907,0.914,1
0.977,0.98,0.985,0
0.971,0.983,0.983,0
0.912,0.926,0.928,1
0.956,0.968,0.972,1
0.985,0.992,0.983,0
0.955,0.976,0.978,1
0.977,0.979,0.992,0
0.983,0.981,0.988,0
0.925,0.934,0.946,1
0.955,0.985,0.985,1
0.964,0.963,0.97,1
0.9831692923130045,0.984664093029522,0.9804832796704248,0
0.8385428119114637,0.9109767240249026,0.9081187505318302,1
0.926,0.939,0.956,1
0.947,0.963,0.977,1
0.986,0.992,0.983,0
0.9889890053634736,0.9872316096065051,0.9826497254452886,0
0.985,0.993,0.981,0
0.915,0.936,0.944,1
0.8935797297306617,0.9397912699284552,0.9370522770119029,1
0.973,0.982,0.979,1
0.987,0.982,0.985,0
0.989,0.985,0.977,0
0.958,0.974,0.965,1
0.989,0.985,0.992,0
0.926,0.93,0.945,1
0.934,0.938,0.918,1
0.927,0.93,0.939,1
0.9257053833816989,0.9309949327851812,0.9224596745787754,1
0.911,0.966,0.968,1
0.943,0.952,0.946,1
0.9696145499923796,0.9790700797121364,0.9757663844330868,1
0.9803496425692166,0.9463590262330205,0.9441658191113382,1
0.934,0.931,0.924,1
0.915,0.914,0.931,1
0.903,0.948,0.936,1
0.973,0.983,0.986,0
0.9,0.933,0.94,1
0.981,0.993,0.988,0
0.979,0.977,0.97,1
0.918,0.939,0.898,1
0.5960458375760185,0.7672744739022058,0.7657718458043472,1
0.944,0.947,0.945,1
0.98,0.99,0.982,0
0.918,0.945,0.948,1
0.985,0.991,0.987,0
0.8789181426518101,0.9361636816622918,0.9307937866146381,1
0.96,0.975,0.971,1
0.951,0.961,0.954,1
0.976,0.974,0.981,1
0.927,0.973,0.973,1
0.955,0.97,0.978,1
0.97,0.977,0.979,1
0.917,0.932,0.942,1
0.982,0.983,0.992,0
0.9,0.909,0.93,1
0.979,0.99,0.984,0
0.988,0.985,0.988,0
0.954,0.969,0.977,1
0.977,0.983,0.985,0
0.96,0.982,0.969,1
0.968,0.979,0.983,1
0.9871049112734297,0.9876851738104586,0.9832631661139257,0
0.917,0.926,0.944,1
0.984,0.99,0.989,0
0.914,0.915,0.911,1
0.99,0.986,0.991,0
0.971,0.981,0.973,1
0.96,0.982,0.981,1
0.955,0.983,0.974,1
0.985,0.986,0.99,0
0.959,0.981,0.974,1
0.966,0.983,0.987,0
0.971,0.966,0.973,1
0.977,0.986,0.981,0
0.957,0.981,0.979,1
0.9784388723326409,0.9838179067772195,0.9808337551453628,0
0.985,0.981,0.989,0
0.898,0.916,0.912,1
0.916,0.95,0.94,1
0.921,0.933,0.94,1
0.954,0.972,0.972,1
0.981,0.99,0.988,0
0.926,0.905,0.931,1
0.982,0.989,0.994,0
0.949,0.973,0.976,1
0.983,0.979,0.993,0
0.978,0.989,0.983,0
0.898,0.928,0.943,1
0.945,0.988,0.975,1
0.931,0.933,0.916,1
0.924,0.941,0.953,1
0.92,0.91,0.914,1
0.926,0.905,0.922,1
0.914,0.917,0.927,1
0.939,0.969,0.975,1
0.973,0.993,0.98,0
0.933,0.929,0.93,1
0.962,0.972,0.969,1
0.953,0.975,0.976,1
0.921,0.932,0.92,1
0.9771941239902994,0.9800853835207689,0.9747448600892146,1
0.903,0.93,0.941,1
0.989,0.987,0.983,0
0.965,0.962,0.973,1
0.986,0.99,0.988,0
0.9631939425742111,0.9716187091459372,0.9692097821121037,1
0.983,0.98,0.973,1
0.978229100651156,0.9836472470608879,0.9812782718877083,1
0.976,0.981,0.979,0
0.45380515763742335,0.6674639050131835,0.665485200546446,0
0.931,0.949,0.932,1
0.98,0.989,0.993,0
0.989,0.991,0.984,0
0.925,0.961,0.935,1
0.979,0.989,0.99,0
0.9914816934824275,0.9883039985604732,0.9842777906059686,0
0.957,0.971,0.98,1
0.94,0.987,0.979,1
0.918,0.95,0.951,1
0.976,0.982,0.983,1
0.989,0.987,0.997,0
0.956,0.978,0.974,1
0.922,0.915,0.932,1
0.952,0.975,0.975,1
0.963,0.961,0.971,1
0.974,0.989,0.989,0
0.983,0.992,0.99,0
0.977,0.978,0.964,1
0.98,0.993,0.99,0
0.973,0.979,0.979,1
0.924,0.921,0.916,1
0.907,0.948,0.941,1
0.98,0.988,0.983,0
0.976,0.972,0.982,1
0.977,0.968,0.968,1
0.959,0.969,0.976,1
0.9424890148710034,0.9633601175909078,0.9569171613468702,1
0.977,0.992,0.985,0
0.93,0.932,0.914,1
0.8364127972727582,0.9036690408283437,0.8979205154902835,1
0.947,0.968,0.97,1
0.944,0.909,0.899,1
0.906,0.938,0.959,1
0.946,0.96,0.957,1
0.915,0.91,0.911,1
0.987,0.994,0.991,0
0.97,0.978,0.98,1
0.985,0.987,0.982,0
0.9626665032156655,0.9718556544870399,0.9672647378392363,1
0.913,0.938,0.939,1
0.9839729212109112,0.9847273002086029,0.9802018905950232,1
0.987,0.989,0.978,0
0.979,0.991,0.988,0
0.93,0.91,0.922,1
0.98,0.981,0.989,0
0.986,0.99,0.984,0
0.962,0.97,0.969,1
0.984,0.989,0.988,0
0.967,0.98,0.979,1
0.921,0.915,0.924,1
0.918,0.932,0.933,1
0.934,0.922,0.938,1
0.978,0.984,0.982,0
0.924,0.937,0.927,1
0.954,0.977,0.975,1
0.976,0.977,0.986,1
0.922,0.945,0.95,1
0.928,0.914,0.92,1
0.959,0.969,0.957,1
0.968,0.974,0.978,1
0.965,0.965,0.97,1
0.954,0.975,0.976,1
0.927,0.937,0.929,1
0.905,0.929,0.912,1
0.963,0.978,0.983,1
0.972,0.978,0.972,1
0.915,0.899,0.921,1
0.976,0.988,0.989,0
0.988,0.988,0.988,0
0.38665745800002416,0.6164762343038139,0.6126073573841577,1
0.984,0.986,0.989,0
0.9802297897213543,0.9806766496377224,0.9731510260304961,1
0.9744103703788275,0.9806569139489472,0.9760446544886225,1
0.943,0.981,0.967,1
0.978,0.993,0.986,0
0.968,0.978,0.983,1
0.968,0.961,0.973,1
0.913736246472436,0.9507757097176811,0.946078256306104,0
0.919,0.931,0.938,1
0.944,0.943,0.957,1
0.925,0.91,0.921,1
0.9891643798112227,0.9902754498047912,0.9882857234739411,0
0.982,0.983,0.989,0
0.9864733212069647,0.9892871499528522,0.9867205947240648,0
0.918,0.944,0.946,1
0.902,0.914,0.918,1
0.922,0.938,0.952,1
0.9814965144653697,0.9833822407231806,0.9785918383136146,1
0.882,0.923,0.914,1
0.9773727474060774,0.9632128578812912,0.9557436453072411,1
0.981,0.986,0.983,0
0.905,0.937,0.939,1
0.954,0.963,0.966,1
0.958432379117,0.9732644618692555,0.9690001198952691,0
0.987,0.989,0.98,0
0.978,0.985,0.984,0
0.994539151030717,0.989252354819447,0.9853647192628028,0
0.971,0.986,0.986,0
0.982,0.965,0.955,1
0.971,0.977,0.973,1
0.907,0.96,0.949,1
0.939,0.954,0.956,1
0.98,0.99,0.989,0
0.919,0.936,0.936,1
0.9808706348385314,0.9837496154898802,0.9790739564973051,1
0.961,0.983,0.971,1
0.973,0.977,0.981,1
0.905,0.899,0.938,1
0.966,0.987,0.992,0
0.9773907786471768,0.984083491385028,0.9805615228619294,1
0.933,0.943,0.932,1
0.992,0.99,0.983,0
0.93,0.948,0.936,1
0.9869303661550047,0.9872156083790348,0.9831707563905633,0
0.987,0.987,0.989,0
0.971,0.983,0.987,0
0.902,0.939,0.96,1
0.907,0.945,0.926,1
0.955,0.977,0.979,1
0.924,0.929,0.925,1
0.9768264658413619,0.9772336880191338,0.9731210457658297,1
0.979,0.992,0.987,0
0.928,0.932,0.942,1
0.92,0.936,0.936,1
0.9758238455447338,0.9469187470018776,0.9412066058588684,1
0.8856688696444109,0.9387789204138293,0.9361183778294926,1
0.989,0.995,0.99,0
0.928,0.919,0.918,1
0.982,0.99,0.98,0
0.903,0.928,0.925,1
0.983,0.983,0.991,0
0.923,0.94,0.93,1
0.939,0.946,0.944,1
0.908,0.951,0.945,1
0.981,0.978,0.979,1
0.98,0.988,0.989,0
0.941,0.979,0.969,1
0.9512564355626607,0.974539378972932,0.9707154045443324,1
0.961,0.966,0.962,1
0.995,0.989,0.988,0
0.967,0.982,0.977,1
0.976,0.983,0.987,0
0.923,0.935,0.937,1
0.955,0.978,0.971,1
0.977,0.991,0.988,0
0.987,0.984,0.986,0
0.929,0.936,0.917,1
0.985,0.99,0.986,0
0.959,0.974,0.977,1
0.98,0.989,0.982,0
0.952,0.969,0.973,1
0.977,0.987,0.985,0
0.944,0.966,0.969,1
0.981,0.988,0.987,0
0.962,0.967,0.967,1
0.977,0.995,0.98,0
0.961,0.961,0.966,1
0.9902356847359212,0.9885121314287422,0.984088626688515,0
0.95,0.978,0.971,1
0.986,0.988,0.99,0
0.971,0.984,0.984,0
0.928,0.94,0.953,1
0.977,0.976,0.978,1
0.927,0.957,0.954,1
0.9650932565697854,0.9748671202316748,0.9703107717541856,1
0.913736246472436,0.9507757097176811,0.946078256306104,0
0.966,0.967,0.966,1
0.9426430100304045,0.9442456101613644,0.9244292987720032,0
0.9795980046903489,0.9782349185970566,0.9677719220646586,1
0.961,0.97,0.98,1
0.957,0.978,0.983,1
0.978,0.992,0.991,0
0.9782422145067361,0.983739915181126,0.9813665180617024,0
0.927,0.952,0.959,1
0.961,0.978,0.975,1
0.979,0.986,0.981,0
0.9689567164655404,0.9776501357087095,0.9738974725213728,1
0.976,0.989,0.986,0
0.987,0.99,0.988,0
0.963,0.973,0.982,1
0.909,0.926,0.916,1
0.925,0.919,0.915,1
0.931,0.916,0.904,1
0.978,0.979,0.978,0
0.9842668557163528,0.9849880751341947,0.9809709448217518,0
0.95,0.972,0.969,1
0.918,0.936,0.941,1
0.913,0.948,0.933,1
0.957,0.977,0.986,1
0.981510850892937,0.97854353743242,0.9714457298647895,0
0.918,0.932,0.934,1
0.902,0.951,0.953,1
0.986,0.993,0.986,0
0.991,0.993,0.989,0
0.983,0.989,0.984,0
0.41645304690971835,0.6388418623224704,0.6376994110719243,0
0.912,0.919,0.936,1
0.994,0.991,0.986,0
0.989,0.988,0.978,0
0.982,0.982,0.983,0
0.9829274561877482,0.9861900690508668,0.9837693787176918,0
0.959,0.985,0.98,1
0.985,0.983,0.99,0
0.979,0.994,0.987,0
0.91,0.936,0.938,1
0.917,0.973,0.977,1
0.984,0.979,0.984,0
0.972,0.964,0.978,1
0.984,0.99,0.99,0
0.984,0.987,0.992,0
0.93,0.909,0.908,1
0.935,0.943,0.955,1
0.903,0.965,0.955,1
0.961,0.968,0.972,1
0.959,0.973,0.971,1
0.974,0.978,0.979,1
0.9341354945627557,0.9611263970616433,0.9588076495195623,0
0.96,0.974,0.977,1
0.989,0.984,0.985,0
0.967,0.977,0.98,1
0.986,0.994,0.991,0
0.989,0.988,0.992,0
0.918,0.931,0.924,1
0.99,0.988,0.985,0
0.944,0.941,0.954,1
0.897,0.936,0.929,1
0.9666197037056452,0.9696323341918018,0.9647058567288451,1
0.986,0.991,0.983,0
0.896,0.935,0.924,1
0.981,0.981,0.983,0
0.915,0.932,0.942,1
0.975,0.974,0.976,1
0.918,0.955,0.937,1
0.989,0.983,0.994,0
0.912,0.948,0.944,1
0.976,0.989,0.991,0
0.992,0.988,0.996,0
0.946,0.973,0.98,1
0.96,0.975,0.975,1
0.972,0.986,0.988,0
0.988718502042667,0.9836624499215142,0.9761362274925285,0
0.983,0.989,0.987,0
0.986807810046831,0.9847587008242227,0.9788519941547658,1
0.961,0.975,0.971,1
0.959,0.978,0.976,1
0.9761853465926752,0.9674536545446991,0.9521165041538393,1
0.934,0.971,0.961,1
0.8834142993573519,0.9295870563038269,0.9204071094757802,1
0.983,0.979,0.979,1
0.876,0.933,0.916,1
0.983,0.961,0.979,1
0.935,0.898,0.896,1
0.972,0.984,0.987,0
0.987,0.984,0.994,0
0.95,0.973,0.976,1
0.883,0.94,0.938,1
0.923,0.924,0.947,1
0.984,0.993,0.99,0
0.986,0.986,0.984,0
0.975,0.987,0.989,0
0.965,0.976,0.97,1
0.968,0.992,0.984,1
0.92,0.919,0.932,1
0.902,0.922,0.926,1
0.983,0.986,0.991,0
0.9739269691892246,0.977463991881081,0.9715673413850203,0
0.935,0.92,0.903,1
0.967,0.965,0.978,1
0.992,0.986,0.981,0
0.9370169907174962,0.9623741146616568,0.9580255832283258,1
0.981,0.99,0.983,0
0.94,0.981,0.971,1
0.976,0.984,0.987,0
0.9504395076501624,0.9701846700122302,0.96849913698965,1
0.9846382442067739,0.9813161528029956,0.9736020774123262,0
0.985,0.989,0.991,0
0.9622074063168042,0.9732590804474517,0.9702361945628899,1
0.917,0.916,0.921,1
0.965,0.973,0.969,1
0.92,0.935,0.93,1
0.980119387057171,0.9796134846624356,0.9769809680772497,0
0.9685620387354714,0.9748188698138418,0.9682634907262218,1
0.9524321705164704,0.9698795650322452,0.9638883981914195,1
0.982,0.986,0.992,0
0.957,0.979,0.963,1
0.97,0.979,0.967,1
0.976,0.988,0.987,0
0.983,0.993,0.992,0
0.965,0.972,0.972,1
0.969,0.983,0.976,1
0.938,0.976,0.976,1
0.919,0.949,0.954,1
0.956,0.978,0.975,1
0.976,0.978,0.967,1
0.951,0.975,0.968,1
0.911,0.937,0.948,1
0.986,0.984,0.984,0
0.985,0.991,0.987,0
0.928,0.941,0.952,1
0.978446443031556,0.9824373418172662,0.977440234955306,1
0.981,0.981,0.987,0
0.942,0.966,0.973,1
0.963,0.965,0.975,1
0.975,0.973,0.978,1
0.977,0.988,0.986,0
0.909,0.904,0.924,1
0.904,0.928,0.93,1
0.9783717604089059,0.9734973575806124,0.964732027580372,0
0.951,0.973,0.987,1
0.9440726906621736,0.963547166037585,0.9603809692616663,1
0.985,0.985,0.99,0
0.9356492784873827,0.9531826842320053,0.9430434736379534,1
0.984,0.989,0.989,0
0.959,0.978,0.973,1
0.9826426700581069,0.9789062197380801,0.9765823575165921,0
0.979,0.965,0.974,1
0.985,0.982,0.989,0
0.977,0.985,0.975,1
0.992,0.992,0.989,0
0.984,0.988,0.991,0
0.984,0.99,0.992,0
0.976,0.99,0.984,0
0.9728145908274461,0.9778302721681097,0.9711106065293205,0
0.988,0.993,0.993,0
0.912,0.933,0.922,1
0.989,0.99,0.983,0
0.979,0.985,0.99,0
0.983,0.99,0.996,0
0.41645304690971835,0.6388418623224704,0.6376994110719243,0
0.981,0.98,0.983,0
0.915,0.94,0.943,1
0.926,0.95,0.941,1
0.981,0.99,0.983,0
0.894,0.934,0.938,1
0.984,0.991,0.987,0
0.956,0.972,0.966,1
0.953,0.976,0.981,1
0.2863600560093595,0.5303872797834402,0.5290978942324622,1
0.932,0.943,0.924,1
0.962,0.971,0.969,1
0.932,0.945,0.925,1
0.97,0.973,0.971,1
0.904,0.928,0.919,1
0.924,0.894,0.91,1
0.919,0.922,0.923,1
0.958,0.972,0.973,1
0.989,0.983,0.99,0
0.966,0.979,0.98,1
0.983,0.992,0.988,0
0.923,0.928,0.919,1
0.951,0.968,0.967,1
0.968,0.978,0.981,1
0.926,0.942,0.926,1
0.967342990832235,0.976138678173768,0.9726882237998663,1
0.944,0.973,0.965,1
0.909,0.944,0.941,1
0.927,0.936,0.926,1
0.908,0.936,0.935,1
0.9800221866816651,0.9722680735224469,0.9583237719717034,1
0.982762398463286,0.9807478567754355,0.9787566103237686,0
0.9050831854997283,0.9448610529709397,0.940575172275462,1
0.925,0.94,0.952,1
0.942,0.97,0.975,1
0.4670107370321975,0.6794889278876408,0.6772280464035221,0
0.956,0.976,0.965,1
0.906,0.925,0.929,1
0.916,0.949,0.94,1
0.915,0.908,0.909,1
0.9816966178328269,0.9816611227578618,0.9744831764624093,1
0.964,0.976,0.973,1
0.9691542806089049,0.971508754207053,0.9638489646707173,0
0.949955759359588,0.9692733942524884,0.9656710204664799,1
0.9171366494869554,0.9474156739548114,0.9404134730962379,1
0.969,0.985,0.973,1
0.978,0.99,0.991,0
0.973,0.988,0.989,0
0.987,0.989,0.982,0
0.958,0.961,0.959,1
0.958,0.923,0.947,1
0.988,0.99,0.985,0
0.966,0.97,0.979,1
0.982,0.988,0.975,1
0.975,0.989,0.983,0
0.952,0.961,0.966,1
0.982,0.992,0.985,0
0.973320960071053,0.9804054539768661,0.975882028854326,1
0.988,0.983,0.988,0
0.909,0.924,0.91,1
0.985,0.99,0.994,0
0.984,0.98,0.988,1
0.974,0.978,0.976,1
0.968,0.971,0.981,1
0.975,0.971,0.962,1
0.982,0.989,0.986,0
0.943,0.965,0.97,1
0.986,0.991,0.989,0
0.986,0.986,0.984,0
0.987,0.995,0.991,0
0.9770812209042807,0.973902030785542,0.9607301205484999,1
0.933,0.948,0.96,1
0.976,0.99,0.992,0
0.893,0.927,0.931,1
0.977,0.98,0.973,1
0.953,0.945,0.963,1
0.9447145282056982,0.9665238267410763,0.964431207504695,0
0.8030259214187628,0.8884890435274311,0.883307265765843,1
0.909,0.908,0.918,1
0.8787033041106225,0.92688731229812,0.9177340262397706,1
0.92,0.934,0.937,1
0.9675576386310962,0.9773203133654279,0.9744160808816097,1
0.983,0.972,0.963,1
0.984,0.992,0.989,0
0.913,0.923,0.919,1
0.986,0.99,0.989,0
0.9533851403526401,0.9673847910485333,0.9640211740391378,1
0.899,0.916,0.912,1
0.9848626732155226,0.9791093998292523,0.9724998645194517,0
0.957,0.973,0.971,1
0.987,0.986,0.988,0
0.918,0.939,0.929,1
0.972,0.972,0.979,1
0.983,0.981,0.986,0
0.978,0.973,0.972,1
0.945,0.97,0.98,1
0.934,0.936,0.944,1
0.978,0.993,0.991,0
0.958,0.935,0.931,1
0.984,0.99,0.987,0
0.921,0.931,0.942,1
0.884,0.908,0.933,1
0.962,0.976,0.976,1
0.975,0.974,0.969,1
0.98,0.972,0.972,1
0.98,0.985,0.986,0
0.916,0.919,0.916,1
0.976,0.987,0.99,0
0.8787033041106225,0.92688731229812,0.9177340262397706,1
0.971044964466457,0.9830094987010553,0.9768137913191185,1
0.957,0.981,0.983,1
0.977,0.981,0.979,0
0.967,0.98,0.973,1
0.931,0.942,0.95,1
0.96,0.978,0.967,1
0.948,0.937,0.931,1
0.928,0.937,0.906,1
0.989,0.99,0.981,0
0.983,0.982,0.981,0
0.9,0.921,0.937,1
0.914,0.929,0.947,1
0.979,0.983,0.984,0
0.955,0.98,0.976,1
0.986,0.981,0.982,0
0.9512564355626607,0.974539378972932,0.9707154045443324,1
0.962,0.976,0.966,1
0.976,0.986,0.988,0
0.981,0.991,0.988,0
0.962,0.975,0.973,1
0.946,0.967,0.978,1
0.949,0.975,0.98,1
0.979,0.993,0.992,0
0.948,0.976,0.974,1
0.988,0.986,0.988,0
0.924,0.931,0.936,1
0.965,0.983,0.983,1
0.982,0.991,0.985,0
0.92,0.945,0.938,1
0.98,0.984,0.983,0
0.961,0.973,0.981,1
0.9423737620036099,0.9585312657780358,0.9511741827499982,0
0.909,0.948,0.943,1
0.913,0.912,0.914,1
0.9670835605534766,0.9781419288697054,0.9743358946661619,1
0.935,0.947,0.936,1
0.985,0.979,0.989,0
0.949,0.966,0.968,1
0.957,0.976,0.981,1
0.98,0.993,0.989,0
0.967,0.987,0.983,1
0.927,0.948,0.948,1
0.979,0.987,0.988,0
0.905,0.943,0.952,1
0.929,0.937,0.942,1
0.978,0.971,0.981,1
0.99,0.991,0.99,0
0.95,0.976,0.974,1
0.9825101537947998,0.9767080830298718,0.9664670918182388,0
0.989,0.989,0.986,0
0.911,0.944,0.931,1
0.959,0.976,0.985,1
0.983,0.996,0.987,0
0.986,0.983,0.984,0
0.983,0.994,0.989,0
0.979,0.978,0.975,1
0.956,0.977,0.975,1
0.91,0.934,0.92,1
0.925,0.939,0.95,1
0.968,0.97,0.975,1
0.929,0.941,0.932,1
0.908,0.937,0.943,1
0.954,0.972,0.974,1
0.991,0.996,0.989,0
0.971,0.98,0.972,1
0.9834571281393373,0.9741528620530874,0.9632103145310854,1
0.984,0.99,0.991,0
0.959,0.981,0.974,1
0.959,0.97,0.969,1
0.935,0.92,0.926,1
0.922,0.958,0.959,1
0.981,0.989,0.984,0
0.933,0.964,0.934,1
0.984,0.993,0.99,0
0.93,0.922,0.927,1
0.928,0.941,0.941,1
0.987,0.986,0.987,0
0.977,0.983,0.974,1
0.923,0.948,0.926,1
0.971,0.975,0.974,1
0.983,0.98,0.989,0
0.961,0.974,0.981,1
0.9593125158345749,0.963013165172652,0.9521386329311015,1
0.8459754574801569,0.9095856146170096,0.9029099628135825,1
0.959,0.966,0.97,1
0.978,0.983,0.993,0
0.94,0.98,0.968,1
0.915,0.935,0.936,1
0.907,0.94,0.926,1
0.971,0.98,0.976,1
0.9428599132878688,0.9631667775285552,0.9602073945236179,1
0.991,0.992,0.989,0
0.935,0.911,0.892,1
0.922,0.939,0.933,1
0.932,0.936,0.923,1
0.979,0.986,0.985,0
0.9024868744256377,0.9386210835585789,0.9293203265222743,1
0.929,0.92,0.933,1
0.964,0.977,0.971,1
0.92,0.933,0.913,1
0.947,0.973,0.977,1
0.912,0.938,0.943,1
0.968,0.978,0.982,1
0.984,0.988,0.991,0
0.9,0.928,0.923,1
0.984,0.98,0.984,0
0.983,0.993,0.991,0
0.916,0.936,0.958,1
0.925,0.916,0.92,1
0.984,0.99,0.99,0
0.989,0.983,0.986,0
0.967,0.981,0.988,1
0.975,0.992,0.99,0
0.964,0.973,0.979,1
0.4349228444436072,0.6511703613546919,0.6493386293115095,1
0.93,0.924,0.929,1
0.30498228132216476,0.54812180006815,0.54548408464653,1
0.9786206655268025,0.9747004958242388,0.963390467260291,1
0.958,0.948,0.957,1
0.9823305678967366,0.9869398556668569,0.9830472906269813,0
0.9885923935894614,0.9859428629276451,0.9829485797283213,0
0.969,0.976,0.987,1
0.915,0.942,0.937,1
0.977486872079553,0.9840485515198658,0.9817123492399364,1
0.9386980063731293,0.9614332991728537,0.958799191270614,1
0.978,0.979,0.985,0
0.9780647285970553,0.9841840475484067,0.9800866060021817,0
0.976,0.981,0.982,0
0.967,0.972,0.973,1
0.959,0.978,0.976,1
0.977,0.976,0.97,1
0.927,0.934,0.937,1
0.936,0.951,0.942,1
0.942,0.941,0.934,1
0.943,0.95,0.936,1
0.894,0.939,0.949,1
0.911,0.919,0.925,1
0.984,0.991,0.992,0
0.953,0.976,0.96,1
0.982,0.985,0.983,0
0.957,0.987,0.977,1
0.983,0.991,0.989,0
0.909,0.969,0.975,1
0.971,0.966,0.976,1
0.925,0.917,0.913,1
0.911,0.938,0.945,1
0.972,0.976,0.97,1
0.964,0.985,0.981,1
0.979,0.984,0.975,1
0.922,0.952,0.946,1
0.984,0.987,0.989,0
0.969,0.989,0.99,0
0.923,0.921,0.912,1
0.981,0.972,0.975,1
0.9555979906709736,0.9669518903242528,0.9611804800823479,1
0.925,0.933,0.916,1
0.97,0.972,0.978,1
0.975,0.987,0.979,0
0.942,0.967,0.978,1
0.901,0.907,0.904,1
0.978,0.989,0.989,0
0.979,0.989,0.988,0
0.975,0.988,0.991,0
0.988,0.983,0.983,0
0.979,0.994,0.991,0
0.982,0.993,0.987,0
0.9640961444463907,0.9697543456042143,0.9579191319225717,1
0.974742003681395,0.9822728147395634,0.9783896032463145,1
0.93,0.913,0.915,1
0.921,0.953,0.945,1
0.92,0.944,0.945,1
0.987,0.994,0.992,0
0.962,0.972,0.971,1
0.971,0.994,0.989,0
0.939,0.95,0.947,1
0.955,0.972,0.984,1
0.98,0.987,0.984,0
0.988,0.988,0.985,0
0.91,0.928,0.918,1
0.966,0.973,0.987,1
0.956,0.979,0.968,1
0.949,0.977,0.975,1
0.9823884462909445,0.9849444688156171,0.9811277792810621,0
0.968,0.978,0.977,1
0.947,0.976,0.973,1
0.93,0.915,0.899,1
0.98,0.992,0.986,0
0.976,0.978,0.966,1
0.966,0.984,0.976,1
0.98,0.987,0.988,0
0.9378584194499262,0.9561346682286181,0.9512809259465173,1
0.96,0.978,0.98,1
0.912,0.922,0.922,1
0.9809076081349676,0.9822289702299046,0.9786180933075754,1
0.917,0.943,0.946,1
0.923,0.935,0.918,1
0.9832117689447809,0.9785627145454311,0.9717721666584314,1
0.962,0.978,0.982,1
0.987,0.995,0.992,0
0.992,0.98,0.99,0
0.983,0.993,0.993,0
0.987,0.98,0.986,0
0.939,0.93,0.912,1
0.959,0.916,0.932,1
0.985,0.993,0.989,0
0.917,0.943,0.94,1
0.974,0.979,0.982,1
0.983,0.971,0.982,1
0.93,0.939,0.941,1
0.976,0.981,0.983,0
0.3552967636544489,0.5927423366629384,0.5910007221724972,1
0.898,0.933,0.945,1
0.9809465318895252,0.9674256533748465,0.9580622583015315,0
0.979,0.987,0.984,0
0.9879555810325753,0.9814900516448697,0.9716825672124374,0
0.973,0.977,0.976,1
0.944,0.943,0.946,1
0.975,0.982,0.981,1
0.9579561087258734,0.9707858278889614,0.9648411060186777,1
0.918,0.939,0.941,1
0.983,0.992,0.987,0
0.984,0.987,0.991,0
0.984,0.994,0.992,0
0.936,0.948,0.934,1
0.939,0.948,0.948,1
0.976,0.979,0.986,1
0.922,0.952,0.95,1
0.981,0.989,0.988,0
0.987,0.988,0.986,0
0.954,0.979,0.968,1
0.9899882947526375,0.9915143454568309,0.9894047669506234,1
0.987,0.994,0.991,0
0.987,0.988,0.988,0
0.924,0.93,0.917,1
0.983,0.983,0.978,0
0.981986790309618,0.9847234058865119,0.9806451083496742,0
0.943,0.937,0.934,1
0.977,0.99,0.986,0
0.947,0.936,0.947,1
0.2398959043234339,0.4795258713127404,0.47185509371733714,1
0.9445241319310378,0.9310414819554765,0.9199816435496092,1
0.9753844003064984,0.974086818362767,0.9631859917875968,1
0.971,0.989,0.992,0
0.922,0.948,0.949,1
0.962,0.974,0.971,1
0.943,0.984,0.973,1
0.964,0.968,0.97,1
0.929,0.917,0.915,1
0.9901352314990005,0.9820907857906431,0.9780773223189684,0
0.981,0.983,0.973,0
0.979419186869991,0.9776827279386944,0.9749836704165754,1
0.98,0.994,0.989,0
0.937,0.941,0.927,1
0.9888337403560483,0.9882459103121031,0.9844579169521976,0
0.986,0.993,0.989,0
0.979,0.98,0.992,0
0.951,0.97,0.97,1
0.923,0.97,0.975,1
0.919,0.93,0.906,1
0.977,0.984,0.984,0
0.932,0.931,0.913,1
0.974,0.991,0.98,1
0.962,0.983,0.971,1
0.985,0.989,0.988,0
0.973,0.982,0.984,0
0.953,0.966,0.968,1
0.988,0.986,0.984,0
0.946,0.969,0.978,1
0.968,0.976,0.983,1
0.985,0.99,0.987,0
0.909,0.933,0.929,1
0.95,0.978,0.979,1
0.988,0.989,0.992,0
0.961,0.972,0.964,1
0.97,0.984,0.981,1
0.972,0.983,0.964,1
0.89,0.915,0.901,1
0.955,0.975,0.977,1
0.979,0.991,0.984,0
0.912,0.943,0.955,1
0.923,0.941,0.946,1
0.918,0.906,0.931,1
0.896,0.939,0.937,1
0.949,0.963,0.969,1
0.9771734820465404,0.9688979565500239,0.9637249612008668,1
0.9545412869278609,0.9411812110165779,0.9326595239664959,0
0.915,0.979,0.964,1
0.989,0.99,0.984,0
0.899,0.923,0.91,1
0.981,0.993,0.983,0
0.9714251342450472,0.9818192774680803,0.9765973346225045,0
0.915,0.935,0.942,1
0.99,0.981,0.983,0
0.914,0.919,0.93,1
0.984,0.983,0.983,0
0.985,0.983,0.984,0
0.981,0.988,0.99,0
0.95,0.978,0.978,1
0.922,0.92,0.918,1
0.985,0.988,0.991,0
0.981,0.993,0.986,0
0.971,0.971,0.969,1
0.95,0.967,0.971,1
0.9868029408394453,0.9839690060028522,0.9795559003291077,0
0.955,0.976,0.967,1
0.983,0.992,0.988,0
0.9513271623263779,0.9699205089623146,0.9647028636738976,0
0.958,0.974,0.97,1
0.972,0.98,0.975,1
0.908,0.906,0.892,1
0.938,0.971,0.966,1
0.983,0.987,0.988,0
0.987,0.993,0.992,0
0.959,0.973,0.969,1
0.963,0.972,0.979,1
0.931,0.959,0.954,1
0.991,0.981,0.989,0
0.974,0.971,0.963,1
0.916,0.913,0.905,1
0.9863113350082467,0.9858059063965505,0.9816906381906522,0
0.959,0.977,0.975,1
0.982,0.988,0.991,0
0.918,0.932,0.935,1
0.954,0.974,0.977,1
0.991,0.988,0.98,0
0.9727880026850547,0.9737515557287738,0.9622287083078351,0
0.972,0.986,0.974,1
0.961,0.966,0.967,1
0.98,0.99,0.996,0
0.985,0.987,0.986,0
0.91,0.942,0.939,1
0.977,0.99,0.994,0
0.9694727853891056,0.9661816929800645,0.9519466990049302,0
0.907,0.918,0.886,1
0.9872160344937446,0.9893526819592453,0.987500918228207,1
0.959,0.981,0.977,1
0.978,0.979,0.975,1
0.971,0.989,0.99,0
0.982,0.974,0.971,1
0.915,0.952,0.939,1
0.951,0.932,0.936,1
0.4369339830098825,0.6552859073206166,0.6525548753445158,0
0.981,0.986,0.991,0
0.986,0.971,0.976,1
0.957,0.97,0.982,1
0.975,0.98,0.987,0
0.976,0.986,0.99,0
0.91,0.932,0.927,1
0.986,0.989,0.986,0
0.9591672475185218,0.9739089668116964,0.968669865787357,0
0.973,0.985,0.982,1
0.93,0.918,0.915,1
0.9736312537781757,0.9800169455429549,0.9750321498771558,1
0.954,0.979,0.97,1
0.984,0.987,0.988,0
0.956,0.97,0.983,1
0.954,0.971,0.963,1
0.951,0.955,0.96,1
0.949,0.967,0.964,1
0.9626367169756892,0.9612183018862106,0.9555436580789142,1
0.977,0.984,0.989,0
0.98,0.983,0.978,1
0.981,0.986,0.984,0
0.4108086022541965,0.6152572623873042,0.6130789853947445,1
0.9465486452036176,0.9681069839641406,0.9659429258563487,0
0.98,0.992,0.984,0
0.959,0.977,0.979,1
0.922,0.918,0.94,1
0.907,0.923,0.914,1
0.915,0.927,0.946,1
0.981,0.987,0.986,0
0.916,0.947,0.949,1
0.982,0.974,0.977,1
0.9757314491573832,0.977258831305604,0.9750020624979456,1
0.9618245380886324,0.9695325534896064,0.9655158055116856,1
0.989,0.987,0.99,0
0.8013762426466574,0.887755452831266,0.8852362493120289,0
0.99,0.988,0.983,0
0.925,0.95,0.921,1
0.972,0.986,0.984,0
0.9852366399088338,0.9873407015673549,0.9841324863360634,0
0.987,0.992,0.985,0
0.964,0.983,0.977,1
0.911,0.936,0.934,1
0.987,0.987,0.988,0
0.9856274646517413,0.9823055100446995,0.974944022085449,0
0.932,0.923,0.924,1
0.95,0.978,0.979,1
0.953,0.978,0.978,1
0.922,0.941,0.935,1
0.975,0.989,0.99,0
0.937,0.951,0.93,1
0.907,0.911,0.91,1
0.907,0.956,0.942,1
0.987,0.988,0.984,0
0.955,0.983,0.979,1
0.985,0.987,0.992,0
0.985,0.981,0.984,0
0.973,0.986,0.977,1
0.983,0.989,0.99,0
0.953,0.924,0.935,1
0.978,0.981,0.988,0
0.929,0.929,0.937,1
0.99,0.982,0.977,0
0.953,0.966,0.974,1
0.8558873088973282,0.9185834918158394,0.9155670655605992,1
0.917,0.947,0.949,1
0.927,0.892,0.903,1
0.935,0.938,0.936,1
0.973,0.991,0.99,0
0.936,0.943,0.936,1
0.988,0.987,0.975,0
0.913,0.903,0.901,1
0.978,0.988,0.993,0
0.958,0.983,0.977,1
0.97,0.971,0.982,1
0.97,0.978,0.983,1
0.9820273952468409,0.9849072906543015,0.9800310765609455,0
0.981,0.983,0.989,0
0.991,0.989,0.995,0
0.966,0.969,0.969,1
0.952,0.982,0.978,1
0.988,0.988,0.98,0
0.957,0.976,0.974,1
0.978,0.993,0.993,0
0.4811069494733914,0.6893765330124634,0.6871659656982965,0
0.973,0.977,0.975,1
0.99,0.988,0.987,0
0.5122664494773045,0.7121754063345205,0.7108502287915751,1
0.954,0.975,0.978,1
0.9821389740980117,0.9908375895730446,0.98870678028699,1
0.980570384342929,0.9673327052446865,0.9641766911509814,1
0.964,0.965,0.969,1
0.978,0.986,0.99,0
0.977,0.973,0.97,1
0.972,0.98,0.971,1
0.952,0.976,0.979,1
0.98,0.991,0.99,0
0.941,0.951,0.952,1
0.988,0.994,0.982,0
0.97,0.982,0.971,1
0.981,0.986,0.984,0
0.975,0.973,0.97,1
0.934,0.945,0.933,1
0.899,0.932,0.947,1
0.927,0.927,0.92,1
0.989,0.99,0.994,0
0.92,0.928,0.947,1
0.959,0.974,0.971,1
0.9616410776286853,0.8168873273891544,0.8129555381927055,0
0.977,0.977,0.969,1
0.932,0.941,0.932,1
0.967,0.97,0.967,1
0.91,0.908,0.908,1
0.974,0.985,0.983,0
0.93,0.934,0.936,1
0.982,0.985,0.978,0
0.966,0.976,0.98,1
0.971,0.985,0.973,1
0.96,0.983,0.978,1
0.987,0.993,0.993,0
0.983,0.991,0.993,0
0.901,0.927,0.917,1
0.939,0.917,0.907,1
0.926,0.919,0.913,1
0.92,0.943,0.957,1
0.956,0.974,0.971,1
0.926,0.915,0.921,1
0.954,0.968,0.971,1
0.914,0.946,0.939,1
0.9180353615480857,0.9582634955883472,0.9559368526280727,0
0.922,0.948,0.934,1
0.9728675526923138,0.9703730373381924,0.9606935956091692,1
0.6771587488319155,0.8194290312478528,0.817607582799838,1
0.98,0.974,0.965,1
0.977,0.986,0.978,0
0.946,0.976,0.965,1
0.984,0.993,0.995,0
0.928,0.93,0.929,1
0.951,0.927,0.924,1
0.986175366293357,0.9726164901005058,0.9620858714416188,0
0.962,0.979,0.978,1
0.935,0.972,0.974,1
0.903,0.92,0.924,1
0.956,0.972,0.973,1
0.987,0.982,0.983,0
0.8970400744172321,0.9411666691417281,0.9387092120881645,0
0.957,0.979,0.968,1
0.99,0.988,0.983,0
0.987,0.986,0.982,0
0.983,0.99,0.991,0
0.985,0.988,0.987,0
0.923,0.93,0.945,1
0.913,0.921,0.931,1
0.987,0.986,0.987,0
0.936,0.921,0.919,1
0.955,0.976,0.974,1
0.962,0.979,0.978,1
0.984,0.989,0.982,0
0.97,0.98,0.965,1
0.896,0.909,0.905,1
0.911,0.944,0.951,1
0.9423083762236196,0.9681804410538523,0.9641857668557041,1
0.971,0.976,0.982,0
0.988,0.987,0.982,0
0.885,0.94,0.952,1
0.9809651034812269,0.9807264775354646,0.9728369467169099,1
0.91,0.908,0.927,1
0.968,0.981,0.974,1
0.967,0.981,0.989,0
0.933,0.968,0.976,1
0.921,0.918,0.91,1
0.982,0.988,0.989,0
0.92,0.917,0.916,1
0.96,0.985,0.983,1
0.9807875339762333,0.9714853975615467,0.9583027500939305,1
0.912,0.938,0.938,1
0.9777775668581141,0.9830950122681635,0.9796836439435731,1
0.917,0.927,0.938,1
0.979,0.985,0.992,0
0.9417753659460435,0.9605242669889359,0.9551261100305399,1
0.966,0.98,0.974,1
0.919,0.934,0.94,1
0.948,0.968,0.969,1
0.981,0.989,0.994,0
0.9144152841611607,0.9434291076203589,0.9356119454691211,1
0.98,0.976,0.979,1
0.9310348504575565,0.9580482328367294,0.9541180320783373,1
0.916,0.95,0.938,1
0.987,0.989,0.988,0
0.974,0.985,0.991,0
0.992,0.99,0.987,0
0.94,0.977,0.976,1
0.932755635331639,0.9513748715372037,0.9444543845958645,0
0.905,0.92,0.939,1
0.941,0.964,0.975,1
0.976,0.97,0.971,1
0.948,0.915,0.918,1
0.949,0.977,0.966,1
0.982,0.984,0.983,0
0.965,0.967,0.966,1
0.927,0.975,0.982,1
0.967,0.961,0.971,1
0.977,0.989,0.984,0
0.983,0.98,0.98,0
0.951,0.98,0.982,1
0.93,0.917,0.922,1
0.969,0.968,0.979,1
0.941,0.952,0.956,1
0.965,0.975,0.969,1
0.982,0.99,0.985,0
0.959,0.979,0.965,1
0.98,0.993,0.986,0
0.898,0.92,0.9,1
0.945,0.959,0.964,1
0.983,0.989,0.987,0
0.956,0.978,0.977,1
0.9690315646307167,0.9806089411735577,0.9753934356704735,0
0.987,0.988,0.984,0
0.969,0.984,0.97,1
0.904,0.934,0.928,1
0.966,0.975,0.967,1
0.978,0.983,0.993,0
0.981,0.984,0.984,0
0.898,0.937,0.939,1
0.989,0.989,0.983,0
0.9,0.898,0.915,1
0.948,0.969,0.976,1
0.973,0.971,0.967,1
0.973,0.978,0.972,1
0.988,0.989,0.994,0
0.9364212214086753,0.9578429448649523,0.9502019047178839,1
0.9745390781371679,0.9731043813831121,0.9659312324712709,1
0.975,0.988,0.991,0
0.905,0.92,0.91,1
0.986,0.989,0.992,0
0.985,0.978,0.988,0
0.988,0.983,0.982,0
0.915,0.923,0.921,1
0.9783774866477318,0.9794950848108771,0.9758193469139338,1
0.933,0.945,0.94,1
0.9848084386951,0.9854224813309633,0.9810472901543099,0
0.936,0.942,0.926,1
0.982,0.987,0.989,0
0.9160800503007632,0.951658058705756,0.9484468603442046,1
0.982,0.992,0.989,0
0.9740853411422928,0.984282795705332,0.9810754487996064,1
0.977,0.989,0.987,0
0.7283206020291967,0.8567849493070872,0.8540994932269016,1
0.939,0.947,0.939,1
0.985,0.987,0.992,0
0.915,0.935,0.933,1
0.936,0.973,0.972,1
0.924,0.936,0.912,1
0.955,0.977,0.977,1
0.958,0.97,0.972,1
0.963,0.977,0.973,1
0.983,0.985,0.989,0
0.987,0.982,0.99,0
0.989,0.985,0.985,0
0.9533888947275222,0.9629788603439086,0.9519342304368288,1
0.979,0.991,0.991,0
0.986,0.988,0.984,0
0.986,0.988,0.991,0
0.978,0.99,0.987,0
0.983,0.993,0.993,0
0.931,0.951,0.955,1
0.974,0.979,0.982,1
0.9794997921453135,0.9803990627779097,0.9734251893411682,1
0.935,0.938,0.939,1
0.967,0.974,0.986,1
0.977,0.987,0.987,0
0.984,0.985,0.987,0
0.976,0.987,0.992,0
0.979,0.987,0.987,0
0.946,0.973,0.971,1
0.923,0.944,0.959,1
0.97,0.964,0.97,1
0.977,0.988,0.991,0
0.9818828873506493,0.981496614664984,0.9771576139595083,0
0.956,0.974,0.977,1
0.9683804766080522,0.9690215950734158,0.9537345792326211,1
0.921,0.928,0.93,1
0.966872786339107,0.9771198112523095,0.9725675233794185,1
0.9548727206454738,0.9705589468993545,0.9655995948931042,1
0.982,0.984,0.99,0
0.923,0.929,0.926,1
0.9761950050691143,0.9801973295511637,0.9758145417873002,1
0.979,0.987,0.993,0
0.986,0.984,0.983,0
0.968,0.98,0.982,1
0.986,0.992,0.989,0
0.983,0.988,0.981,0
0.983,0.984,0.986,0
0.967,0.978,0.983,1
0.943,0.966,0.967,1
0.98,0.985,0.98,0
0.952,0.976,0.976,1
0.963,0.98,0.97,1
0.949,0.975,0.974,1
0.991,0.984,0.986,0
0.966,0.966,0.979,1
0.977,0.99,0.987,0
0.95,0.975,0.974,1
0.984,0.982,0.978,0
0.911,0.913,0.915,1
0.943,0.968,0.974,1
0.981,0.982,0.987,0
0.957,0.965,0.958,1
0.955,0.976,0.986,1
0.981,0.987,0.984,0
0.955,0.981,0.979,1
0.977,0.99,0.988,0
0.984,0.984,0.991,0
0.928,0.943,0.969,1
0.9837125570178511,0.9829530887293628,0.978573821468564,0
0.918,0.948,0.944,1
0.97,0.985,0.988,1
0.927,0.917,0.925,1
0.957,0.977,0.973,1
0.976,0.972,0.957,1
0.98,0.988,0.986,0
0.963,0.981,0.976,1
0.931,0.953,0.951,1
0.915,0.939,0.923,1
0.945,0.925,0.923,1
0.987,0.99,0.992,0
0.985,0.989,0.984,0
0.958,0.973,0.97,1
0.9352579776036207,0.9598655222290884,0.9575480801853753,1
0.959,0.977,0.977,1
0.9454593312114649,0.9389745774602377,0.9298668473488918,0
0.969,0.969,0.974,1
0.9859381180920859,0.9818766713287351,0.973095398181064,0
0.983,0.986,0.995,0
0.4330994008461446,0.6546086165938663,0.6524278207109099,1
0.973,0.987,0.988,0
0.926,0.939,0.917,1
0.922,0.934,0.929,1
0.951,0.975,0.973,1
0.93,0.92,0.928,1
0.94,0.977,0.967,1
0.904,0.94,0.929,1
0.941,0.98,0.981,1
0.938,0.972,0.974,1
0.98,0.99,0.987,0
0.972,0.985,0.992,0
0.929,0.931,0.936,1
0.9421299946809847,0.9419692316650524,0.9324416945047553,1
0.9790056649037177,0.975461618718546,0.9656961553281653,1
0.985,0.989,0.984,0
0.984,0.985,0.989,0
0.985,0.989,0.984,0
0.987,0.991,0.974,0
0.935,0.921,0.934,1
0.922,0.926,0.934,1
0.2490086318310922,0.49585766679910914,0.4947542256616495,1
0.925,0.918,0.936,1
0.927,0.918,0.928,1
0.965,0.981,0.988,1
0.865200563047901,0.9202305726611343,0.9160420105629814,1
0.955,0.972,0.979,1
0.983,0.992,0.986,0
0.981,0.988,0.989,0
0.9646335487365748,0.9735447279993662,0.966762863730358,1
0.41645304690971835,0.6388418623224704,0.6376994110719243,0
0.951,0.978,0.963,1
0.927,0.928,0.906,1
0.96,0.965,0.968,1
0.989,0.98,0.987,0
0.962,0.929,0.925,1
0.9791003437639281,0.976025941232758,0.9662660392345318,0
0.932,0.94,0.932,1
0.974,0.974,0.964,1
0.976,0.989,0.982,0
0.984,0.99,0.991,0
0.978,0.982,0.983,0
0.911,0.917,0.908,1
0.8317177121429247,0.90155171516882,0.8966736361352499,1
0.955,0.974,0.965,1
0.966949788898663,0.9810602694459717,0.9785393902864086,1
0.985,0.989,0.977,0
0.925,0.93,0.925,1
0.961,0.977,0.976,1
0.981,0.984,0.989,0
0.98,0.985,0.985,0
0.941,0.941,0.934,1
0.981,0.994,0.99,0
0.976,0.976,0.978,1
0.95,0.977,0.973,1
0.956,0.979,0.975,1
0.929,0.971,0.986,1
0.978,0.971,0.979,1
0.9820552682303838,0.9795434218406422,0.9723042269747589,0
0.933,0.94,0.952,1
0.982,0.986,0.989,0
0.912,0.935,0.945,1
0.979,0.987,0.988,0
0.979,0.989,0.988,0
0.944,0.974,0.972,1
0.922,0.91,0.905,1
0.975,0.978,0.978,1
0.984,0.991,0.99,0
0.919,0.939,0.913,1
0.973,0.99,0.99,0
0.989,0.988,0.994,0
0.969,0.969,0.973,1
0.971,0.982,0.977,0
0.926,0.914,0.918,1
0.91,0.913,0.928,1
0.979277631573311,0.9827480255652258,0.9776798263333419,1
0.911,0.921,0.923,1
0.983,0.987,0.991,0
0.96,0.977,0.978,1
0.92,0.973,0.966,1
0.9527744301294543,0.9682681960484981,0.9641432496087754,1
0.917,0.908,0.908,1
0.982,0.979,0.989,0
0.996,0.99,0.983,0
0.9650752054278319,0.9688632919435016,0.9603728397865632,1
0.906,0.906,0.917,1
0.988,0.99,0.984,0
0.923,0.929,0.923,1
0.933,0.931,0.932,1
0.952,0.972,0.968,1
0.9684649472847211,0.975722008794486,0.9705695673523134,1
0.959,0.974,0.969,1
0.9413545362026022,0.9556697856115471,0.9461542244754779,1
0.963,0.938,0.943,1
0.9650843542819934,0.9790140858404413,0.9769375722856593,1
0.98,0.988,0.983,0
0.913,0.944,0.958,1
0.9848695258356116,0.9847797491712244,0.9799790755356204,0
0.922,0.944,0.938,1
0.952,0.965,0.975,1
0.908,0.929,0.933,1
0.925,0.934,0.94,1
0.958,0.926,0.934,1
0.923,0.94,0.949,1
0.932,0.936,0.939,1
0.984,0.986,0.989,0
0.9547120444928394,0.9638774871353557,0.9544552618392997,1
0.977,0.987,0.969,1
0.901,0.921,0.931,1
0.972,0.976,0.96,1
0.923,0.9,0.92,1
0.9794488882087304,0.9821327102252393,0.9770731091699149,1
0.952,0.979,0.973,1
0.908,0.956,0.957,1
0.909,0.934,0.938,1
0.937,0.935,0.921,1
0.984,0.981,0.985,0
0.978,0.991,0.986,0
0.9801389710171924,0.9838109020755971,0.9810417477515496,0
0.9626665032156655,0.9718556544870399,0.9672647378392363,1
0.937,0.96,0.952,1
0.9834549672484354,0.9816190144039141,0.9733459329125309,0
0.89,0.944,0.941,1
0.928,0.935,0.94,1
0.906,0.928,0.91,1
0.964,0.952,0.934,1
0.972,0.978,0.978,1
0.942,0.929,0.937,1
0.968,0.987,0.981,1
0.929,0.912,0.934,1
0.989,0.991,0.99,0
0.953,0.97,0.964,1
0.94,0.965,0.971,1
0.958,0.972,0.977,1
0.95,0.978,0.98,1
0.907,0.92,0.916,1
0.913,0.93,0.933,1
0.897,0.94,0.942,1
0.899,0.932,0.94,1
0.931,0.951,0.933,1
0.985,0.989,0.989,0
0.983,0.991,0.987,0
0.916,0.941,0.936,1
0.96,0.98,0.968,1
0.9796348550301535,0.9855451723169935,0.9820423081731602,1
0.986,0.981,0.985,0
0.892,0.923,0.93,1
0.983,0.987,0.98,0
0.979,0.99,0.993,0
0.903,0.908,0.943,1
0.984,0.989,0.983,0
0.939,0.961,0.967,1
0.991,0.986,0.986,0
0.976,0.985,0.986,1
0.982,0.99,0.991,0
0.932,0.937,0.94,1
0.964,0.978,0.98,1
0.977,0.987,0.984,0
0.961,0.966,0.972,1
0.973,0.975,0.974,1
0.944,0.932,0.951,1
0.962,0.973,0.974,1
0.978,0.986,0.989,0
0.986,0.988,0.987,0
0.987,0.982,0.986,0
0.971,0.986,0.983,1
0.897,0.94,0.912,1
0.981,0.992,0.982,0
0.986,0.991,0.989,0
0.952,0.977,0.965,1
0.907,0.934,0.916,1
0.917,0.953,0.941,1
0.985,0.982,0.988,0
0.937,0.941,0.925,1
0.915,0.961,0.953,1
0.971,0.97,0.977,1
0.974,0.973,0.989,1
0.915,0.899,0.904,1
0.951,0.966,0.97,1
0.987,0.985,0.99,0
0.961,0.963,0.983,1
0.9785463241931566,0.9789918993906641,0.9709431421702347,1
0.985,0.986,0.98,0
0.9758748350428187,0.9815323451186057,0.9792031574794545,1
0.96,0.969,0.97,1
0.975,0.975,0.968,1
0.911,0.915,0.926,1
0.978,0.973,0.964,1
0.941,0.976,0.971,1
0.907,0.925,0.945,1
0.95,0.933,0.944,1
0.982,0.989,0.989,0
0.98,0.97,0.979,1
0.91,0.936,0.945,1
0.977,0.991,0.983,0
0.928,0.921,0.907,1
0.958,0.973,0.968,1
0.925,0.928,0.942,1
0.939,0.937,0.94,1
0.92,0.943,0.928,1
0.9724775532603128,0.9817749058069526,0.9792589804307447,1
0.977,0.99,0.985,0
0.913,0.92,0.917,1
0.976,0.983,0.981,1
0.983,0.987,0.985,0
0.95,0.929,0.935,1
0.965,0.959,0.971,1
0.945,0.976,0.968,1
0.928,0.948,0.944,1
0.946,0.988,0.976,1
0.979,0.987,0.992,0
0.922,0.934,0.947,1
0.98,0.986,0.988,0
0.932,0.927,0.944,1
0.971,0.976,0.976,1
0.9733286571542028,0.9706604147628936,0.956922765870602,1
0.985,0.991,0.984,0
0.985,0.991,0.99,0
0.977,0.985,0.989,0
0.975,0.986,0.982,1
0.913,0.928,0.913,1
0.9862422811598984,0.9848647324235318,0.9811931744982925,0
0.929,0.946,0.952,1
0.949,0.984,0.982,1
0.9856517078059734,0.9847738712420145,0.9804386260098462,0
0.937,0.95,0.952,1
0.96,0.973,0.973,1
0.9873628064204515,0.9893011847636991,0.985658787383223,0
0.4431790822372968,0.6607341002983851,0.658257383845624,0
0.969,0.965,0.963,1
0.966,0.972,0.973,1
0.939,0.929,0.934,1
0.988,0.987,0.987,0
0.9886862784300545,0.988196342705497,0.9843690431459535,0
0.919,0.933,0.945,1
0.907,0.929,0.943,1
0.956,0.975,0.975,1
0.983,0.994,0.987,0
0.909442476309999,0.9473413025720826,0.9411137791815265,1
0.9747116299451809,0.9717161291636339,0.9604498609727501,1
0.889,0.954,0.941,1
0.985,0.991,0.988,0
0.924,0.899,0.906,1
0.929,0.895,0.904,1
0.97,0.974,0.976,1
0.984,0.988,0.994,0
0.9419724116723863,0.950142434777683,0.9414992223176442,1
0.918,0.942,0.94,1
0.932,0.938,0.947,1
0.971,0.979,0.967,1
0.96,0.977,0.97,1
0.931,0.935,0.906,1
0.968,0.969,0.973,1
0.96,0.982,0.975,1
0.9496006265559915,0.965954794496839,0.9606695601314779,1
0.978,0.989,0.991,0
0.94,0.968,0.967,1
0.978,0.991,0.985,0
0.992,0.987,0.985,0
0.941,0.973,0.965,1
0.987,0.988,0.99,0
0.985,0.995,0.987,0
0.98,0.984,0.99,0
0.968,0.98,0.975,1
0.982,0.984,0.979,0
0.949,0.982,0.979,1
0.922,0.926,0.907,1
0.922,0.891,0.901,1
0.978,0.99,0.982,0
0.965,0.985,0.971,1
0.935,0.922,0.933,1
0.914,0.912,0.923,1
0.938,0.949,0.939,1
0.991,0.984,0.981,0
0.934,0.964,0.948,1
0.915,0.925,0.945,1
0.968,0.981,0.981,0
0.966,0.97,0.969,1
0.926,0.938,0.948,1
0.967,0.976,0.969,1
0.979,0.982,0.979,1
0.942,0.968,0.967,1
0.983,0.986,0.984,0
0.9545527502903397,0.943919839989465,0.9233355314492584,1
0.983,0.992,0.982,0
0.9866045820205736,0.981779699168567,0.9719693204494582,0
0.985,0.995,0.985,0
0.962,0.973,0.974,1
0.965,0.97,0.974,1
0.9553507494485475,0.9725166997829876,0.9693315489792587,1
0.917,0.906,0.915,1
0.983,0.981,0.984,0
0.958,0.974,0.982,1
0.946,0.943,0.927,1
0.944,0.981,0.97,1
0.963,0.975,0.969,1
0.978,0.981,0.984,0
0.9696716426599292,0.9778929336807305,0.9694311824798609,0
0.958,0.98,0.968,1
0.904,0.929,0.936,1
0.98,0.985,0.982,0
0.94,0.936,0.943,1
0.985029619166264,0.9852117397263842,0.9807570396731341,0
0.98,0.992,0.99,0
0.936,0.93,0.932,1
0.988,0.987,0.984,0
0.979,0.989,0.994,0
0.904,0.892,0.896,1
0.971,0.978,0.987,1
0.962383025861263,0.9747981770600794,0.9684534533884495,1
0.974,0.986,0.984,1
0.902,0.948,0.952,1
0.954,0.985,0.985,1
0.9470766500950221,0.9661319613036405,0.9604685660560991,1
0.938,0.919,0.925,1
0.982,0.988,0.982,0
0.91,0.911,0.927,1
0.9830042278647626,0.9818645948778862,0.9770799617249218,1
0.982,0.982,0.988,0
0.904,0.942,0.951,1
0.976,0.97,0.975,1
0.984,0.992,0.99,0
0.985,0.987,0.987,0
0.927,0.93,0.951,1
0.988,0.989,0.984,0
0.989,0.979,0.987,0
0.917,0.912,0.926,1
0.97,0.984,0.989,0
0.981,0.991,0.988,0
0.943,0.945,0.942,1
0.908,0.941,0.915,1
0.982,0.989,0.99,0
0.976,0.989,0.987,0
0.953,0.969,0.982,1
0.969,0.988,0.993,0
0.965,0.98,0.974,1
0.954,0.985,0.975,1
0.973,0.986,0.982,0
0.926,0.937,0.941,1
0.986,0.985,0.992,0
0.937,0.94,0.929,1
0.943,0.936,0.93,1
0.951,0.974,0.966,1
0.982,0.985,0.985,0
0.981,0.991,0.984,0
0.985,0.968,0.98,1
0.9797445110986694,0.9794670025556451,0.9752951382976339,1
0.986,0.994,0.991,0
0.908,0.965,0.968,1
0.98,0.969,0.975,1
0.968,0.978,0.975,1
0.979,0.99,0.983,0
0.938,0.932,0.955,1
0.987,0.988,0.983,0
0.916,0.925,0.94,1
0.981,0.987,0.991,0
0.905,0.898,0.909,1
0.954,0.971,0.975,1
0.911,0.916,0.896,1
0.9792736398236159,0.9769454412217873,0.9684455175333522,0
0.958,0.963,0.978,1
0.99,0.99,0.982,0
0.983,0.988,0.99,0
0.9804197888528836,0.9825297275153758,0.9793719145274083,0
0.984,0.986,0.987,0
0.986,0.991,0.991,0
0.98,0.984,0.99,0
0.9813435373686453,0.9787977974774991,0.9704344479040835,0
0.923,0.932,0.939,1
0.969,0.99,0.982,1
0.41645304690971835,0.6388418623224704,0.6376994110719243,0
0.924,0.924,0.918,1
0.973,0.974,0.972,1
0.9137823382294769,0.954128744946625,0.9515078810757618,1
0.927,0.923,0.913,1
0.904,0.926,0.922,1
0.949,0.975,0.963,1
0.925,0.93,0.903,1
0.986,0.984,0.985,0
0.9668258382234207,0.97577611503321,0.9724553777253474,1
0.95,0.976,0.973,1
0.984,0.988,0.991,0
0.959,0.99,0.979,1
0.962,0.976,0.98,1
0.984,0.978,0.985,0
0.968,0.984,0.976,1
0.985,0.988,0.985,0
0.957,0.969,0.968,1
0.954,0.961,0.981,1
0.9447301545241,0.9658168486518885,0.9625687944111923,0
0.968,0.979,0.966,1
0.986,0.988,0.983,0
0.925,0.947,0.941,1
0.929,0.928,0.91,1
0.958,0.97,0.979,1
0.891,0.937,0.939,1
0.985,0.987,0.985,0
0.955,0.978,0.978,1
0.956,0.98,0.968,1
0.901,0.93,0.932,1
0.961,0.976,0.974,1
0.966,0.986,0.99,0
0.949,0.965,0.975,1
0.986,0.986,0.981,0
0.945,0.977,0.985,1
0.972,0.977,0.978,1
0.983,0.988,0.981,0
0.977,0.982,0.983,0
0.979,0.991,0.992,0
0.944,0.973,0.984,1
0.971,0.992,0.99,0
0.911,0.951,0.947,1
0.956,0.968,0.965,1
0.96,0.982,0.972,1
0.946,0.926,0.937,1
0.982,0.994,0.989,0
0.94,0.965,0.94,1
0.911,0.932,0.927,1
0.986,0.988,0.99,0
0.9764770546586473,0.9805270980501767,0.9745340128343956,1
0.92,0.947,0.934,1
0.97,0.978,0.984,1
0.93,0.905,0.914,1
0.984,0.986,0.991,0
0.9809255533566437,0.9850059445763156,0.9823661831247097,0
0.986,0.99,0.992,0
0.926,0.973,0.975,1
0.907,0.91,0.899,1
0.908,0.932,0.95,1
0.9558313083584856,0.9709529388134991,0.9683095753145975,0
0.915,0.952,0.963,1
0.983,0.99,0.983,0
0.984,0.987,0.985,0
0.897,0.953,0.949,1
0.9423083762236196,0.9681804410538523,0.9641857668557041,1
0.9717452254792291,0.985265780130671,0.9825000007770125,1
0.985,0.991,0.99,0
0.9554226274353094,0.9444856229982991,0.9343142443039094,0
0.98,0.983,0.994,1
0.914,0.941,0.944,1
0.931,0.916,0.922,1
0.9846304577579936,0.985219242596683,0.9804043952115253,0
0.986,0.989,0.997,0
0.926,0.912,0.923,1
0.967,0.966,0.975,1
0.984,0.992,0.985,0
0.959,0.968,0.971,1
0.957,0.981,0.98,1
0.981,0.991,0.99,0
0.9679846865651841,0.9490165165802545,0.9342975889604185,1
0.978,0.985,0.981,0
0.959,0.97,0.976,1
0.976,0.972,0.963,1
0.982,0.988,0.985,0
0.958,0.971,0.974,1
0.9886218181605997,0.9882615924151936,0.9839997475676915,0
0.8899606672616344,0.937833484099245,0.9329394377222411,1
0.974,0.985,0.987,0
0.974,0.98,0.978,1
0.962,0.979,0.972,1
0.981,0.993,0.986,0
0.981,0.981,0.989,0
0.922,0.919,0.916,1
0.936,0.932,0.932,1
0.993,0.985,0.985,0
0.941,0.929,0.937,1
0.964,0.976,0.968,1
0.916,0.889,0.895,1
0.98,0.99,0.982,0
0.923,0.947,0.945,1
0.927,0.932,0.937,1
0.958,0.967,0.964,1
0.977,0.995,0.991,0
0.99,0.986,0.986,0
0.957,0.979,0.979,1
0.9319795566802275,0.9604570420394984,0.9574921541033458,1
0.9501782205734289,0.9632317683983167,0.9590576138858872,1
0.904,0.951,0.935,1
0.983,0.988,0.989,0
0.9826240406922819,0.9828800121145117,0.9764395802987343,1
0.978,0.986,0.98,0
0.982,0.985,0.987,0
0.982,0.989,0.988,0
0.955,0.986,0.988,1
0.9838602499026874,0.9853737964112963,0.979504082228607,1
0.916,0.929,0.949,1
0.963,0.978,0.984,1
0.9410022691775772,0.9630476394005244,0.9594098125117433,1
0.919,0.946,0.943,1
0.976,0.985,0.988,1
0.925,0.962,0.966,1
0.921,0.904,0.923,1
0.979,0.981,0.992,0
0.9840181916163835,0.985737374482981,0.9812215675096769,0
0.906,0.95,0.95,1
0.9846896366650717,0.9809873465369485,0.978986138324289,0
0.972,0.986,0.981,0
0.994,0.989,0.988,0
0.981,0.989,0.983,0
0.988,0.987,0.992,0
0.9831814978757724,0.9782463692109085,0.9722468927963601,1
0.977,0.989,0.987,0
0.9417261521316499,0.9641016847284671,0.9591313391221756,1
0.913,0.928,0.932,1
0.895,0.929,0.925,1
0.969,0.981,0.98,1
0.894,0.943,0.937,1
0.936,0.927,0.933,1
0.907,0.946,0.948,1
0.938,0.947,0.959,1
0.912,0.943,0.937,1
0.968,0.977,0.969,1
0.959,0.98,0.971,1
0.921,0.936,0.95,1
0.975,0.969,0.978,1
0.927,0.93,0.9,1
0.9196395698183315,0.83809514211463,0.8334795762353213,1
0.961,0.976,0.98,1
0.8077214877416173,0.8995956414314672,0.8972081919120425,1
0.959,0.978,0.978,1
0.962,0.964,0.969,1
0.963,0.979,0.976,1
0.966,0.968,0.971,1
0.971,0.99,0.983,0
0.927,0.924,0.929,1
0.975,0.983,0.991,0
0.98,0.985,0.986,0
0.968,0.974,0.973,1
0.898,0.911,0.921,1
0.98,0.984,0.983,0
0.979,0.988,0.986,0
0.978,0.973,0.978,1
0.964,0.971,0.979,1
0.98,0.992,0.986,0
0.987,0.987,0.979,0
0.961,0.971,0.966,1
0.986,0.99,0.983,0
0.951,0.936,0.947,1
0.963,0.971,0.969,1
0.9793979751775664,0.9826368564766931,0.9783545678686049,1
0.928,0.904,0.909,1
0.973,0.995,0.991,0
0.936,0.972,0.973,1
0.984,0.989,0.989,0
0.972,0.98,0.972,1
0.959,0.974,0.982,1
0.981,0.983,0.992,0
0.988,0.99,0.993,0
0.985,0.99,0.983,0
0.981,0.988,0.992,0
0.988,0.994,0.987,0
0.983,0.989,0.99,0
0.888,0.926,0.933,1
0.929,0.947,0.961,1
0.942,0.943,0.933,1
0.981,0.983,0.978,0
0.982,0.986,0.993,0
0.98,0.985,0.986,0
0.985,0.985,0.987,0
0.955,0.974,0.967,1
0.959,0.966,0.962,1
0.985,0.988,0.979,0
0.983,0.988,0.986,0
0.981,0.984,0.983,0
0.909,0.926,0.924,1
0.9787807741454174,0.9848654723888245,0.9828876528235693,1
0.962,0.981,0.981,1
0.926,0.923,0.926,1
0.9785709485025851,0.9853106249238505,0.9803212547737263,0
0.987,0.987,0.983,0
0.968,0.986,0.982,0
0.986,0.99,0.985,0
0.973,0.988,0.993,0
0.9543701025650642,0.9743614392220316,0.9708387375312556,1
0.981,0.991,0.987,0
0.952,0.97,0.972,1
0.984,0.988,0.988,0
0.967,0.978,0.977,1
0.982,0.99,0.989,0
0.954,0.967,0.967,1
0.9862721806659653,0.9758032592779119,0.9624035119403332,0
0.934,0.968,0.972,1
0.97,0.975,0.975,1
0.975,0.977,0.985,1
0.977,0.983,0.98,1
0.979,0.988,0.98,0
0.969,0.98,0.981,1
0.963,0.971,0.97,1
0.968,0.974,0.976,1
0.961,0.973,0.983,1
0.933,0.933,0.944,1
0.978,0.992,0.987,0
0.974,0.978,0.979,1
0.91,0.93,0.906,1
0.988,0.985,0.983,0
0.984,0.995,0.994,0
0.915,0.936,0.943,1
0.968,0.977,0.978,1
0.977,0.99,0.987,0
0.994,0.989,0.994,0
0.964,0.983,0.98,1
0.929,0.942,0.946,1
0.972,0.99,0.988,0
0.907,0.926,0.898,1
0.968,0.98,0.977,1
0.9476651848695886,0.9622594284340619,0.955740784733435,1
0.974,0.992,0.994,0
0.912,0.914,0.921,1
0.984,0.985,0.982,0
0.928,0.928,0.943,1
0.972,0.983,0.973,1
0.905,0.928,0.916,1
0.975,0.983,0.983,0
0.978,0.966,0.97,1
0.922,0.929,0.947,1
0.9863839201530498,0.9857923905406756,0.981457007978311,1
0.97,0.966,0.975,1
0.927,0.942,0.931,1
0.922,0.94,0.94,1
0.988,0.991,0.984,0
0.8849981571373172,0.9366182975593248,0.9344763193812868,0
0.981,0.989,0.99,0
0.971,0.973,0.981,1
0.978446443031556,0.9824373418172662,0.977440234955306,1
0.982,0.982,0.988,0
0.982,0.992,0.985,0
0.982,0.989,0.989,0
0.988,0.99,0.983,0
0.932,0.952,0.941,1
0.93,0.915,0.921,1
0.903,0.921,0.913,1
0.907,0.93,0.913,1
0.9881248514106488,0.9839126817824433,0.974587303441502,1
0.978,0.991,0.982,0
0.952,0.974,0.977,1
0.9747489948962631,0.9769879665086875,0.9736773126650637,1
0.946,0.975,0.972,1
0.8911495100171707,0.9359193449950369,0.930814842112592,1
0.954,0.98,0.962,1
0.979,0.984,0.976,0
0.982,0.992,0.99,0
0.963,0.976,0.972,1
0.98,0.995,0.99,0
0.9551910063830757,0.9652523149736798,0.9547352446403313,1
0.96,0.969,0.977,1
0.9771075552505096,0.9692011106540119,0.9646929162547263,1
0.967,0.983,0.976,1
0.9783801988882584,0.9813646679027082,0.9759440458595776,1
0.924,0.911,0.927,1
0.979,0.987,0.986,0
0.986,0.988,0.988,0
0.961,0.97,0.979,1
0.955,0.985,0.971,1
0.937,0.96,0.964,1
0.9832072012642242,0.9862543313737617,0.9839682193133036,1
0.985,0.987,0.981,0
0.9881607842182378,0.9885701411229801,0.9858833565513451,0
0.985,0.991,0.993,0
0.99,0.994,0.986,0
0.9780517840624043,0.9692647056515628,0.9550704349493446,1
0.984,0.982,0.981,0
0.905,0.932,0.936,1
0.97,0.966,0.977,1
0.949,0.976,0.969,1
0.915,0.907,0.918,1
0.976,0.968,0.977,1
0.905,0.899,0.909,1
0.962,0.971,0.97,1
0.9853419842189163,0.9853245296226355,0.9805327417528524,0
0.9611094948395198,0.9762254253257509,0.9736017471966819,0
0.954,0.975,0.962,1
0.955,0.977,0.972,1
0.986,0.987,0.979,0
0.973,0.986,0.991,0
0.966,0.976,0.97,1
0.972,0.962,0.982,1
0.9782576314917566,0.9798562538125057,0.9753309040428306,1
0.924,0.938,0.934,1
0.974,0.986,0.986,0
0.909,0.927,0.911,1
0.961,0.982,0.978,1
0.978,0.986,0.989,0
0.975,0.987,0.986,0
0.9558763377583577,0.947510524608621,0.9396549132284577,1
0.945,0.972,0.973,1
0.919,0.923,0.919,1
0.976,0.986,0.987,0
0.951,0.963,0.957,1
0.973,0.983,0.974,1
0.995,0.986,0.988,0
0.9679888682823469,0.9776741993610462,0.9744916085326459,1
0.979,0.988,0.986,0
0.98,0.989,0.984,0
0.919,0.946,0.932,1
0.962,0.964,0.958,1
0.981,0.987,0.988,0
0.982,0.982,0.988,0
0.9258357762024801,0.9544068138510676,0.9519716740217938,0
0.975,0.984,0.983,0
0.923,0.957,0.942,1
0.974,0.983,0.989,0
0.986,0.991,0.984,0
0.978,0.977,0.976,1
0.969,0.986,0.979,1
0.974,0.989,0.989,0
0.9848905377631492,0.9874096302251872,0.9847185295822211,0
0.9843463873058876,0.9833102911646625,0.9779214093526803,0
0.977,0.989,0.982,0
0.975,0.986,0.981,0
0.97,0.981,0.98,0
0.922,0.948,0.946,1
0.949,0.974,0.984,1
0.926,0.948,0.954,1
0.976,0.992,0.987,0
0.9707787800276461,0.9787438866134061,0.9743687594138488,1
0.918,0.92,0.911,1
0.9435178323730689,0.9597908023946334,0.9528180209274738,0
0.95,0.983,0.98,1
0.937,0.957,0.965,1
0.93,0.944,0.944,1
0.972,0.985,0.957,1
0.9431173039349944,0.9668232576906693,0.9618959396862194,1
0.982,0.991,0.99,0
0.972,0.972,0.961,1
0.985,0.988,0.983,0
0.953,0.977,0.972,1
0.9849134711205458,0.9817529978459085,0.979679393472872,0
0.984,0.983,0.984,0
0.95,0.976,0.956,1
0.971,0.978,0.982,1
0.972,0.978,0.974,1
0.965,0.976,0.975,1
0.942,0.984,0.984,1
0.983,0.981,0.982,0
0.946,0.957,0.951,1
0.985,0.99,0.988,0
0.926,0.926,0.945,1
0.899,0.909,0.929,1
0.976,0.977,0.968,1
0.982,0.988,0.984,0
0.93,0.936,0.952,1
0.953,0.987,0.978,1
0.969,0.983,0.97,1
0.937,0.956,0.95,1
0.94,0.98,0.975,1
0.977,0.987,0.978,0
0.9761905011760844,0.9811311669167301,0.9751343895682167,1
0.919,0.918,0.921,1
0.93,0.926,0.918,1
0.939,0.935,0.92,1
0.98,0.984,0.992,0
0.936,0.945,0.937,1
0.918,0.924,0.918,1
0.9840406830094623,0.9801922160948804,0.971891681038779,0
0.932,0.927,0.939,1
0.978,0.991,0.983,1
0.9555979906709736,0.9669518903242528,0.9611804800823479,1
0.988,0.987,0.992,0
0.933,0.973,0.973,1
0.92,0.937,0.952,1
0.9816389976801845,0.98615124343049,0.9833059527860115,1
0.984,0.983,0.99,0
0.915,0.926,0.911,1
0.979,0.985,0.988,0
0.909,0.917,0.93,1
0.93,0.928,0.928,1
0.927,0.949,0.939,1
0.892,0.925,0.928,1
0.981,0.981,0.993,0
0.9864001790717031,0.9864439207036008,0.9810520952371251,1
0.95,0.953,0.976,1
0.965,0.97,0.964,1
0.984,0.989,0.987,0
0.942,0.934,0.922,1
0.985,0.989,0.987,0
0.9796327649075615,0.9820054010697076,0.9797127696106707,1
0.991,0.99,0.981,0
0.971,0.98,0.975,1
0.917,0.942,0.951,1
0.944,0.954,0.945,1
0.979,0.993,0.99,0
0.987,0.978,0.986,0
0.947,0.966,0.968,1
0.968,0.983,0.982,1
0.977,0.986,0.994,0
0.93,0.896,0.908,1
0.904,0.912,0.909,1
0.959,0.972,0.989,1
0.906,0.918,0.915,1
0.957,0.969,0.959,1
0.9470940454827743,0.9685164370499881,0.9662106405482842,0
0.968,0.982,0.979,1
0.9509098517038144,0.95834321260799,0.9468641333196094,1
0.882187193096775,0.9301371141360548,0.9270507690332223,1
0.983,0.985,0.981,0
0.91,0.91,0.906,1
0.93,0.928,0.921,1
0.901,0.926,0.93,1
0.9130321427431889,0.9467155523241634,0.9433777874323895,1
0.9647832940324886,0.9746058246998248,0.9704989950432815,1
0.947,0.987,0.976,1
0.986,0.988,0.993,0
0.954,0.977,0.977,1
0.971,0.98,0.976,1
0.978,0.997,0.986,0
0.975,0.986,0.981,0
0.986,0.983,0.985,0
0.983,0.987,0.988,0
0.986,0.986,0.988,0
0.979,0.991,0.984,0
0.96,0.975,0.986,1
0.977,0.991,0.983,0
0.958,0.977,0.982,1
0.921,0.922,0.927,1
0.962,0.968,0.972,1
0.973,0.987,0.989,0
0.981,0.985,0.989,0
0.961,0.983,0.971,1
0.959,0.973,0.98,1
0.4855520157495533,0.6015058912247255,0.5993879486337732,0
0.98,0.989,0.99,0
0.958,0.979,0.978,1
0.956,0.976,0.969,1
0.917,0.967,0.96,1
0.918,0.944,0.933,1
0.952,0.979,0.964,1
0.92,0.936,0.934,1
0.9758551727075332,0.9766793815789822,0.9707874643240081,0
0.923,0.936,0.93,1
0.9710190042296203,0.9696497049502975,0.9610991909667408,1
0.973,0.964,0.971,1
0.978,0.99,0.984,0
0.96,0.976,0.972,1
0.914,0.911,0.925,1
0.983,0.988,0.99,0
0.987,0.994,0.986,0
0.984,0.992,0.991,0
0.96,0.966,0.972,1
0.924,0.907,0.907,1
0.983,0.991,0.993,0
0.913,0.895,0.901,1
0.919,0.936,0.931,1
0.921,0.947,0.95,1
0.911,0.945,0.942,1
0.934,0.93,0.938,1
0.976,0.985,0.984,0
0.976,0.994,0.991,0
0.964,0.974,0.97,1
0.972,0.988,0.989,0
0.24866987369065816,0.49592857623944037,0.4936064388483802,1
0.986,0.99,0.988,0
0.9,0.927,0.928,1
0.24943474337579744,0.495946761043325,0.49360290475849206,1
0.985,0.988,0.986,0
0.978,0.99,0.987,0
0.985,0.991,0.986,0
0.975,0.966,0.976,1
0.98,0.983,0.979,1
0.992,0.982,0.978,0
0.979,0.992,0.996,0
0.969,0.978,0.967,1
0.96,0.982,0.97,1
0.915,0.91,0.922,1
0.935,0.933,0.939,1
0.927,0.895,0.889,1
0.907,0.908,0.918,1
0.985,0.992,0.986,0
0.919,0.904,0.902,1
0.962,0.978,0.977,1
0.984,0.98,0.99,0
0.985,0.986,0.981,0
0.9579561087258734,0.9707858278889614,0.9648411060186777,1
0.989,0.986,0.992,0
0.979,0.975,0.969,1
0.908,0.935,0.94,1
0.945,0.974,0.963,1
0.975,0.989,0.984,0
0.983,0.987,0.984,0
0.907,0.955,0.945,1
0.951,0.97,0.967,1
0.96,0.976,0.966,1
0.908,0.927,0.915,1
0.966,0.98,0.975,1
0.9666569254032134,0.9772619824957813,0.9753488547294127,1
0.962,0.965,0.975,1
0.983,0.986,0.985,0
0.97496727304093,0.9799904634837673,0.974867159382874,1
0.934,0.927,0.912,1
0.9720863756348714,0.972912631969557,0.9650598347010502,1
0.929,0.935,0.929,1
0.921,0.914,0.904,1
0.931,0.947,0.931,1
0.991,0.993,0.982,0
0.967,0.971,0.974,1
0.932,0.909,0.907,1
0.978,0.984,0.966,1
0.928,0.915,0.909,1
0.993,0.987,0.993,0
0.97,0.974,0.977,1
0.977,0.99,0.981,0
0.973,0.992,0.991,0
0.959,0.979,0.978,1
0.968,0.983,0.981,1
0.985,0.993,0.99,0
0.977,0.988,0.99,0
0.9216998110518483,0.9549877750203859,0.9503828163673861,1
0.894,0.919,0.917,1
0.905,0.933,0.938,1
0.99,0.989,0.988,0
0.981,0.985,0.988,0
0.981,0.989,0.984,0
0.959,0.981,0.977,1
0.988,0.983,0.984,0
0.918,0.929,0.916,1
0.9868935785250098,0.9905389244421156,0.9887410171451483,1
0.894,0.913,0.931,1
0.928,0.956,0.963,1
0.913,0.93,0.943,1
0.911,0.951,0.94,1
0.9760915687363273,0.9792150581368686,0.976224848904838,0
0.955,0.972,0.977,1
0.988,0.992,0.989,0
0.963,0.989,0.982,0
0.965,0.977,0.98,1
0.908,0.906,0.922,1
0.973,0.967,0.973,1
0.9423083762236196,0.9681804410538523,0.9641857668557041,1
0.7502832311597717,0.858980363214194,0.8549362650130152,1
0.959,0.967,0.973,1
0.908,0.936,0.961,1
0.971,0.973,0.972,1
0.949,0.965,0.965,1
0.957380571166568,0.9743444541814824,0.9701265913075104,1
0.951,0.978,0.978,1
0.915,0.886,0.905,1
0.983,0.989,0.988,0
0.974,0.981,0.982,1
0.984,0.995,0.99,0
0.982,0.994,0.997,0
0.942,0.967,0.973,1
0.971,0.965,0.963,1
0.924,0.919,0.919,1
0.914,0.913,0.915,1
0.957,0.984,0.976,1
0.924,0.952,0.949,1
0.985,0.978,0.98,0
0.987,0.982,0.983,0
0.979,0.982,0.983,0
0.932,0.969,0.968,1
0.934,0.952,0.949,1
0.984,0.985,0.989,0
0.973,0.975,0.973,1
0.982818722644738,0.9863922017823161,0.9822591242219472,0
0.946,0.949,0.954,1
0.9822221542160213,0.9721500110704944,0.9610595397070377,0
0.966,0.981,0.987,1
0.9626665032156655,0.9718556544870399,0.9672647378392363,1
0.972,0.98,0.974,1
0.934,0.946,0.939,1
0.8854963178470449,0.9342630342039652,0.9281270168487702,1
0.973,0.984,0.985,1
0.983,0.984,0.991,0
0.971,0.984,0.985,0
0.927,0.927,0.923,1
0.954,0.927,0.93,1
0.9501177592878192,0.9628599727474211,0.9558086380881965,1
0.958,0.98,0.979,1
0.969,0.968,0.972,1
0.915,0.925,0.938,1
0.973,0.987,0.982,0
0.978,0.974,0.975,1
0.935,0.889,0.908,1
0.967,0.972,0.969,1
0.923,0.957,0.94,1
0.956,0.983,0.978,1
0.914,0.93,0.919,1
0.914,0.944,0.934,1
0.969,0.966,0.963,1
0.946,0.975,0.969,1
0.951,0.982,0.976,1
0.919,0.9,0.895,1
0.943,0.953,0.967,1
0.974,0.984,0.982,0
0.983,0.988,0.983,0
0.963,0.985,0.972,1
0.944,0.976,0.977,1
0.93,0.949,0.95,1
0.953,0.984,0.977,1
0.978,0.976,0.97,1
0.983,0.988,0.988,0
0.98,0.977,0.988,0
0.976,0.986,0.985,0
0.968,0.968,0.964,1
0.954,0.974,0.969,1
0.938,0.928,0.906,1
0.966,0.977,0.983,1
0.955,0.972,0.977,1
0.966,0.975,0.988,1
0.922,0.963,0.965,1
0.979,0.986,0.99,0
0.91,0.948,0.951,1
0.925,0.949,0.917,1
0.9757361595780831,0.9785275094646159,0.9766340395462201,1
0.939,0.947,0.964,1
0.962,0.961,0.979,1
0.954,0.975,0.967,1
0.981,0.984,0.962,1
0.939,0.949,0.939,1
0.947,0.921,0.928,1
0.933,0.935,0.952,1
0.983,0.986,0.984,0
0.958,0.977,0.981,1
0.972,0.978,0.98,1
0.955,0.977,0.975,1
0.925,0.902,0.907,1
0.9650999030700859,0.9744854645841504,0.968980034050539,1
0.98,0.988,0.989,0
0.954,0.956,0.963,1
0.926,0.948,0.944,1
0.929,0.931,0.92,1
0.949,0.979,0.974,1
0.923,0.944,0.952,1
0.958,0.985,0.968,1
0.983,0.99,0.988,0
0.978,0.985,0.99,0
0.909,0.927,0.923,1
0.95,0.965,0.972,1
0.975,0.977,0.971,1
0.965,0.968,0.97,1
0.9893972431969612,0.9904446966138801,0.9885460334566586,0
0.897,0.921,0.92,1
0.977,0.986,0.983,0
0.988,0.995,0.991,0
0.889,0.915,0.922,1
0.9519624863583541,0.965948972011071,0.9626883144069973,0
0.976,0.988,0.995,0
0.916,0.956,0.962,1
0.977,0.994,0.989,0
0.95,0.977,0.989,1
0.975,0.986,0.974,1
0.98,0.988,0.986,0
0.983,0.991,0.995,0
0.933,0.934,0.944,1
0.937,0.911,0.925,1
0.985,0.993,0.993,0
0.928,0.926,0.925,1
0.985,0.987,0.985,0
0.983,0.975,0.969,1
0.884,0.933,0.94,1
0.976,0.992,0.985,0
0.922,0.901,0.913,1
0.98,0.976,0.974,1
0.978,0.988,0.99,0
0.985179099679332,0.986136881412161,0.9818362651139907,0
0.925,0.953,0.949,1
0.978,0.991,0.988,0
0.986,0.986,0.983,0
0.9799048515777655,0.9821533093307531,0.9764021181415696,1
0.932,0.952,0.956,1
0.908,0.969,0.969,1
0.965,0.979,0.982,1
0.941,0.952,0.943,1
0.982,0.985,0.984,0
0.921,0.933,0.939,1
0.987,0.99,0.983,0
0.915,0.931,0.936,1
0.915,0.977,0.96,1
0.977,0.978,0.97,1
0.982,0.975,0.971,1
0.983,0.983,0.987,0
0.983,0.989,0.989,0
0.8778010622684229,0.9311746875024242,0.9251366501348866,1
0.9868029408394453,0.9839690060028522,0.9795559003291077,0
0.981,0.994,0.989,0
0.973,0.986,0.986,0
0.956,0.976,0.979,1
0.984,0.987,0.983,0
0.952,0.97,0.964,1
0.896,0.924,0.92,1
0.927,0.931,0.909,1
0.24738255897194447,0.49397871751537636,0.49173803477930733,1
0.963,0.982,0.968,1
0.979,0.984,0.982,0
0.979,0.987,0.986,0
0.919,0.922,0.929,1
0.92,0.949,0.936,1
0.937,0.931,0.94,1
0.939,0.959,0.937,1
0.933,0.97,0.962,1
0.949,0.971,0.964,1
0.973,0.983,0.986,1
0.964,0.977,0.98,1
0.961,0.969,0.968,1
0.946,0.97,0.973,1
0.916,0.916,0.922,1
0.958,0.979,0.97,1
0.947,0.981,0.982,1
0.7464712879557477,0.861148973428864,0.8591493688692619,0
0.927,0.912,0.918,1
0.981,0.976,0.982,1
0.9696393404136275,0.9679982868843907,0.9579969704833124,1
0.919,0.918,0.903,1
0.954,0.976,0.973,1
0.986,0.99,0.993,0
0.933,0.906,0.92,1
0.986,0.985,0.99,0
0.965,0.977,0.977,1
0.904,0.907,0.916,1
0.988,0.983,0.982,0
0.983,0.991,0.991,0
0.978,0.977,0.975,1
0.966,0.963,0.966,1
0.975,0.983,0.991,0
0.924,0.891,0.887,1
0.2502452295285429,0.49635126203830066,0.4931480091607024,1
0.904,0.937,0.935,1
0.974,0.971,0.983,1
0.915,0.921,0.909,1
0.979,0.989,0.992,0
0.45003594301767513,0.6631900332573503,0.6609294346962585,0
0.954,0.976,0.971,1
0.978,0.991,0.987,0
0.9,0.91,0.919,1
0.9435988701545571,0.96671572130659,0.9641359044196935,1
0.981,0.988,0.995,0
0.975,0.99,0.985,0
0.925,0.918,0.913,1
0.922,0.944,0.944,1
0.961,0.981,0.974,1
0.9545040641184982,0.971693490545451,0.9689041276448754,1
0.983,0.984,0.99,0
0.9283938572140967,0.9280704017550193,0.9198805235151291,1
0.936,0.974,0.962,1
0.979,0.992,0.986,0
0.924,0.935,0.952,1
0.962,0.97,0.973,1
0.974,0.972,0.977,1
0.975,0.983,0.975,1
0.926,0.938,0.942,1
0.986,0.989,0.994,0
0.983,0.989,0.984,0
0.984,0.993,0.992,0
0.978,0.984,0.986,0
0.949,0.977,0.976,1
0.975,0.981,0.979,1
0.95,0.937,0.942,1
0.38608185045059995,0.544862777586636,0.542777212748732,1
0.973,0.977,0.982,0
0.98,0.982,0.99,0
0.959,0.979,0.969,1
0.9801431778040633,0.9846832441871891,0.9819942587711813,0
0.923,0.919,0.916,1
0.976,0.986,0.988,0
0.958,0.977,0.967,1
0.977,0.992,0.989,0
0.984,0.988,0.988,0
0.9374903919364147,0.9182518227703471,0.9081131529897863,1
0.957,0.978,0.967,1
0.916,0.944,0.936,1
0.993,0.996,0.992,0
0.946,0.92,0.937,1
0.92,0.915,0.917,1
0.944,0.973,0.983,1
0.9841151687831271,0.9815565859674464,0.9754399755559484,1
0.946,0.984,0.976,1
0.989,0.986,0.983,0
0.949,0.981,0.975,1
0.981,0.983,0.986,0
0.949,0.977,0.971,1
0.983,0.989,0.991,0
0.912,0.921,0.92,1
0.985,0.987,0.992,0
0.946,0.975,0.969,1
0.918,0.924,0.928,1
0.978,0.99,0.992,0
0.917,0.928,0.911,1
0.9499478839353854,0.9655080047908322,0.9631031589377704,0
0.911,0.946,0.941,1
0.979,0.977,0.975,1
0.932,0.935,0.926,1
0.985,0.985,0.985,0
0.952,0.973,0.974,1
0.961,0.976,0.968,1
0.41645304690971835,0.6388418623224704,0.6376994110719243,0
0.977,0.975,0.972,1
0.911,0.933,0.931,1
0.9892543960572643,0.9913171471601997,0.9892196633438541,0
0.985,0.99,0.987,0
0.974,0.975,0.974,1
0.917,0.945,0.942,1
0.987,0.988,0.985,0
0.954,0.974,0.965,1
0.96,0.979,0.974,1
0.955509336722198,0.9617832530937372,0.9533274977786329,1
0.918,0.951,0.948,1
0.916,0.944,0.943,1
0.965,0.967,0.97,1
0.923,0.95,0.944,1
0.962,0.974,0.975,1
0.9137966109187461,0.9522302478422611,0.9484497329318846,1
0.925,0.949,0.955,1
0.986,0.992,0.992,0
0.961,0.976,0.97,1
0.981,0.992,0.991,0
0.976,0.987,0.989,0
0.901,0.919,0.914,1
0.976,0.983,0.978,0
0.9828920465295946,0.978462177426758,0.9679961390163032,0
0.24857928431673926,0.4880629814947788,0.48313387817177544,1
0.959,0.981,0.974,1
0.929,0.898,0.88,1
0.9801516315727958,0.9789715946717971,0.971368544578603,1
0.974,0.993,0.991,0
0.974,0.975,0.98,1
0.94,0.918,0.912,1
0.97,0.99,0.991,0
0.97,0.978,0.985,0
0.949,0.97,0.977,1
0.977,0.987,0.984,0
0.9843682201074522,0.9726033623895658,0.9528758040656872,1
0.959,0.972,0.967,1
0.91,0.925,0.921,1
0.91360546220891,0.9205132153814581,0.9121989555365877,1
0.898,0.894,0.893,1
0.929,0.909,0.898,1
0.9696107273696327,0.9688903507665898,0.9560736652136768,1
0.974124567498176,0.9771586185496501,0.969693616491432,1
0.973,0.974,0.973,1
0.957,0.962,0.971,1
0.898,0.943,0.941,1
0.981,0.984,0.978,0
0.986,0.986,0.989,0
0.97,0.982,0.983,1
0.988,0.994,0.98,0
0.982,0.987,0.986,0
0.964,0.974,0.971,1
0.919,0.907,0.917,1
0.976,0.966,0.977,1
0.94,0.974,0.974,1
0.964,0.987,0.986,1
0.957,0.985,0.976,1
0.938,0.946,0.947,1
0.901,0.918,0.911,1
0.97,0.983,0.982,1
0.924,0.901,0.914,1
0.953,0.985,0.977,1
0.958,0.973,0.979,1
0.923,0.942,0.935,1
0.8861876101216993,0.9337976801525151,0.9288422343040946,1
0.964,0.975,0.972,1
0.963,0.98,0.977,1
0.947,0.971,0.974,1
0.977,0.989,0.988,0
0.918,0.956,0.967,1
0.938,0.927,0.929,1
0.989,0.995,0.986,0
0.9862558324213972,0.985325074522709,0.9820437489320263,1
0.991,0.99,0.989,0
0.95,0.975,0.966,1
0.987,0.995,0.986,0
0.914,0.921,0.913,1
0.982,0.98,0.982,0
0.911,0.941,0.935,1
0.896,0.923,0.906,1
0.983,0.993,0.99,0
0.957,0.963,0.97,1
0.975,0.986,0.984,0
0.923,0.882,0.887,1
0.62600472637653,0.7891300565018766,0.7858741371070787,1
0.981,0.989,0.98,0
0.991,0.993,0.985,0
0.987,0.992,0.982,0
0.954,0.979,0.971,1
0.977,0.976,0.964,1
0.97,0.973,0.97,1
0.961,0.967,0.97,1
0.975,0.975,0.985,0
0.983,0.987,0.99,0
0.976,0.99,0.99,0
0.915,0.941,0.949,1
0.954,0.967,0.974,1
0.969,0.982,0.979,1
0.902,0.925,0.914,1
0.946,0.917,0.923,1
0.982,0.97,0.97,1
0.988,0.993,0.986,0
0.9880071192399968,0.9847382438025771,0.979925239783527,1
0.9669817363687432,0.962948559088435,0.9545058069714323,0
0.958,0.963,0.97,1
0.903,0.933,0.928,1
0.928,0.958,0.968,1
0.951,0.924,0.925,1
0.972,0.98,0.974,1
0.983,0.988,0.99,0
0.984,0.985,0.98,0
0.975,0.971,0.972,1
0.96,0.974,0.97,1
0.917,0.946,0.957,1
0.961,0.969,0.968,1
0.918,0.941,0.938,1
0.915,0.901,0.914,1
0.957,0.983,0.979,1
0.973,0.975,0.986,1
0.963,0.973,0.968,1
0.957,0.98,0.98,1
0.957,0.963,0.968,1
0.951,0.979,0.978,1
0.974,0.99,0.984,0
0.973,0.974,0.973,1
0.919,0.939,0.95,1
0.9597163215568028,0.9651827836296125,0.9604596055518183,1
0.973,0.98,0.984,0
0.925,0.941,0.938,1
0.91,0.944,0.942,1
0.983,0.991,0.987,0
0.954,0.985,0.975,1
0.907,0.919,0.906,1
0.931,0.946,0.943,1
0.922,0.934,0.926,1
0.4172255517708796,0.6200438911273071,0.6178486673973519,1
0.981,0.98,0.985,0
0.958,0.971,0.96,1
0.984,0.981,0.99,0
0.986,0.993,0.992,0
0.927,0.931,0.944,1
0.964,0.965,0.964,1
0.9806325456092208,0.9792269942627143,0.9729348813072759,0
0.976,0.98,0.974,1
0.991,0.99,0.988,0
0.99,0.98,0.983,0
0.893,0.919,0.918,1
0.91,0.935,0.919,1
0.937,0.954,0.975,1
0.931,0.895,0.908,1
0.993,0.987,0.987,0
0.971,0.98,0.978,1
0.993,0.989,0.992,0
0.918,0.938,0.959,1
0.964,0.978,0.973,1
0.93,0.931,0.933,1
0.907,0.913,0.927,1
0.915,0.938,0.941,1
0.958,0.967,0.972,1
0.986,0.985,0.99,0
0.976,0.966,0.978,1
0.969,0.976,0.977,1
0.897,0.931,0.922,1
0.958,0.973,0.98,1
0.93,0.921,0.914,1
0.913,0.936,0.9,1
0.963,0.975,0.971,1
0.982,0.99,0.981,0
0.913736246472436,0.9507757097176811,0.946078256306104,1
0.924,0.934,0.931,1
0.983,0.992,0.992,0
0.906587941955592,0.948076961924786,0.9462690054154781,0
0.981,0.985,0.987,0
0.991,0.983,0.98,0
0.961,0.968,0.977,1
0.985,0.987,0.992,0
0.99,0.988,0.978,0
0.951,0.966,0.972,1
0.979,0.986,0.982,0
0.970414653159686,0.9790707106576891,0.9748433620821245,1
0.94,0.938,0.925,1
0.966,0.974,0.98,1
0.99,0.986,0.982,0
0.978,0.993,0.992,0
0.923,0.956,0.944,1
0.9597909672706813,0.9684209659440934,0.96238555699656,1
0.98,0.988,0.986,0
0.981,0.99,0.987,0
0.932,0.95,0.932,1
0.934,0.912,0.909,1
0.954,0.933,0.935,1
0.964,0.974,0.976,1
0.972,0.978,0.971,1
0.9679769952074292,0.9759057600534284,0.9729891496179125,1
0.9384141156063204,0.9587654853234361,0.9541149335604185,1
0.926,0.943,0.952,1
0.931,0.914,0.904,1
0.971,0.987,0.975,1
0.982,0.985,0.987,0
0.9707709385924802,0.9733566993886797,0.9706695845955926,1
0.969,0.981,0.979,1
0.908,0.908,0.928,1
0.933,0.947,0.926,1
0.97,0.977,0.974,1
0.97,0.97,0.978,1
0.9833880733986037,0.9848293450745658,0.9809087574477787,0
0.896,0.936,0.946,1
0.976,0.974,0.963,1
0.955,0.98,0.979,1
0.988,0.991,0.984,0
0.979,0.987,0.988,0
0.974,0.989,0.989,0
0.977,0.981,0.99,0
0.982,0.986,0.991,0
0.951,0.968,0.975,1
0.922,0.928,0.932,1
0.972,0.978,0.967,1
0.982,0.987,0.993,0
0.932,0.937,0.918,1
0.9,0.906,0.916,1
0.9697053553500319,0.9809279254186427,0.9770334758814084,0
0.957,0.981,0.984,1
0.9825880190339648,0.9841446587287676,0.9801225951276216,0
0.988,0.983,0.976,0
0.905,0.924,0.93,1
0.985,0.991,0.995,0
0.9829108402632138,0.9845553348862219,0.9805601740137887,0
0.8865661961158628,0.9357790260928176,0.9301414435706836,1
0.946,0.974,0.979,1
0.909,0.945,0.949,1
0.97,0.971,0.976,1
0.938,0.958,0.955,1
0.974,0.982,0.974,1
0.974,0.976,0.982,1
0.991,0.987,0.983,0
0.967,0.965,0.972,1
0.942,0.978,0.968,1
0.9755133491580545,0.981399074911502,0.978693056646573,1
0.912,0.898,0.896,1
0.9280416199196093,0.9509159104356,0.9432457639386024,0
0.9908380633987597,0.9919437881657569,0.989720847264941,0
0.918,0.947,0.927,1
0.9791013913326,0.9842803905542181,0.9820455754921462,1
0.906,0.914,0.921,1
0.9688412111250224,0.9789151766601386,0.9765863888892253,0
0.919,0.924,0.903,1
0.991,0.992,0.991,0
0.946,0.971,0.974,1
0.986,0.989,0.982,0
0.979,0.988,0.991,0
0.979,0.985,0.984,0
0.973,0.977,0.972,1
0.944,0.971,0.983,1
0.965,0.986,0.975,1
0.987,0.987,0.993,0
0.976,0.99,0.986,0
0.98,0.979,0.985,0
0.914,0.912,0.911,1
0.983,0.99,0.988,0
0.9413110889800056,0.9635847234604213,0.9605207895927047,1
0.953,0.973,0.978,1
0.941,0.975,0.97,1
0.93,0.923,0.92,1
0.907,0.94,0.936,1
0.932,0.923,0.937,1
0.991,0.991,0.991,0
0.907,0.929,0.935,1
0.884,0.931,0.933,1
0.922,0.947,0.927,1
0.987,0.974,0.984,0
0.984,0.984,0.989,0
0.977,0.987,0.989,0
0.92,0.944,0.965,1
0.985,0.983,0.996,0
0.953,0.979,0.975,1
0.9258357762024801,0.9544068138510676,0.9519716740217938,0
0.983,0.989,0.985,0
0.911,0.976,0.964,1
0.924,0.929,0.912,1
0.938,0.902,0.911,1
0.977,0.99,0.986,0
0.971,0.963,0.98,1
0.917,0.926,0.919,1
0.933,0.926,0.948,1
0.24699593630595945,0.49064465380520966,0.4853526571452644,1
0.899,0.94,0.937,1
0.974,0.982,0.987,1
0.986,0.989,0.988,0
0.971,0.982,0.971,1
0.982,0.99,0.984,0
0.9752117812245231,0.9825104215072248,0.9805985291362475,0
0.924,0.928,0.924,1
0.916,0.965,0.965,1
0.922,0.928,0.926,1
0.979,0.994,0.991,0
0.953,0.975,0.972,1
0.9821284176190489,0.9798429069474672,0.9776712388040582,0
0.978,0.988,0.987,0
0.901,0.926,0.908,1
0.911,0.923,0.906,1
0.973,0.981,0.977,1
0.989,0.986,0.988,0
0.979,0.984,0.985,0
0.96,0.977,0.983,1
0.967,0.973,0.976,1
0.951,0.934,0.919,1
0.983,0.987,0.991,0
0.9872892649653441,0.9844534514651254,0.97783497099856,1
0.98,0.989,0.985,0
0.975,0.974,0.972,1
0.933,0.929,0.924,1
0.977,0.99,0.988,0
0.946,0.976,0.967,1
0.964,0.985,0.976,1
0.985,0.988,0.993,0
0.949,0.977,0.959,1
0.909,0.941,0.937,1
0.978,0.987,0.989,0
0.985,0.985,0.98,0
0.979,0.983,0.978,1
0.983,0.982,0.981,0
0.9862246982717879,0.9884202114919072,0.9844490847864434,0
0.9741717728703407,0.9806423488330437,0.9775277243838516,1
0.994,0.985,0.988,0
0.991,0.994,0.989,0
0.927,0.926,0.945,1
0.958,0.963,0.971,1
0.957,0.975,0.963,1
0.966,0.969,0.98,1
0.942,0.979,0.969,1
0.96,0.967,0.978,1
0.958,0.967,0.981,1
0.969,0.987,0.985,0
0.95,0.981,0.979,1
0.983,0.978,0.986,0
0.962,0.976,0.968,1
0.937,0.933,0.947,1
0.977,0.985,0.983,0
0.984,0.991,0.991,0
0.9274118739782861,0.9515102040330541,0.9441956386460051,0
0.908,0.944,0.948,1
0.951,0.968,0.964,1
0.969,0.979,0.973,1
0.913,0.912,0.918,1
0.2818643880410985,0.5262359926746988,0.5237035978801167,1
0.872735094752312,0.91805019835208,0.9114499919391473,1
0.985,0.982,0.985,0
0.9814918336390032,0.9823635015484214,0.9775537571402546,1
0.93,0.94,0.927,1
0.976,0.986,0.973,0
0.988,0.993,0.981,0
0.957,0.983,0.977,1
0.914,0.877,0.895,1
0.934,0.948,0.932,1
0.91,0.932,0.938,1
0.924,0.968,0.962,1
0.94,0.949,0.948,1
0.983,0.983,0.991,0
0.9512564355626607,0.974539378972932,0.9707154045443324,1
0.952,0.968,0.975,1
0.911,0.949,0.934,1
0.898,0.946,0.943,1
0.978,0.979,0.979,0
0.9713003814157193,0.9704229120399621,0.9589374105096968,1
0.969,0.97,0.976,1
0.985,0.988,0.984,0
0.924,0.906,0.905,1
0.9774442987318683,0.9825761694528148,0.9786667076269419,1
0.988,0.985,0.987,0
0.952,0.973,0.983,1
0.949,0.979,0.974,1
0.987,0.988,0.987,0
0.9862823477513042,0.9855892797095548,0.9821442172223869,0
0.92,0.908,0.913,1
0.986,0.993,0.989,0
0.917,0.941,0.953,1
0.918,0.926,0.922,1
0.975,0.989,0.992,0
0.979,0.991,0.987,0
0.942,0.975,0.977,1
0.9824757813379139,0.9835833276151391,0.9811796624965592,1
0.969,0.969,0.977,1
0.901,0.925,0.938,1
0.981,0.992,0.986,0
0.983,0.984,0.989,0
0.92,0.906,0.905,1
0.91,0.938,0.928,1
0.9476931381800763,0.9687615675185001,0.9667859675672054,1
0.988,0.987,0.989,0
0.931,0.941,0.943,1
0.934,0.933,0.942,1
0.982,0.978,0.99,0
0.911,0.917,0.929,1
0.983,0.988,0.988,0
0.7416674008704376,0.8556958075579889,0.8538987858805379,0
0.9885687216329295,0.9900298429434624,0.9873746305473824,0
0.987,0.986,0.982,0
0.982,0.986,0.981,1
0.961,0.975,0.973,1
0.962,0.97,0.974,1
0.9484411391442561,0.9670314410505142,0.9637017748182369,0
0.96,0.973,0.979,1
0.912,0.952,0.958,1
0.974,0.978,0.976,1
0.988,0.993,0.992,0
0.97,0.984,0.987,1
0.965,0.968,0.953,1
0.98,0.982,0.991,0
0.9791957162650543,0.9887091664926287,0.98407963184914,1
0.936,0.928,0.934,1
0.99,0.986,0.98,0
0.98,0.988,0.986,0
0.976303918742378,0.9804976380275973,0.9758544537532379,1
0.974,0.988,0.992,0
0.916,0.91,0.928,1
0.986,0.99,0.986,0
0.988,0.992,0.992,0
0.975,0.978,0.972,1
0.947791474279307,0.9549073772360879,0.9444128794603832,1
0.935,0.935,0.903,1
0.964,0.973,0.974,1
0.952,0.975,0.973,1
0.966,0.98,0.983,1
0.986,0.986,0.985,0
0.909,0.904,0.905,1
0.981,0.984,0.986,0
0.9803177230844514,0.9732135780641947,0.9606890392954148,1
0.988,0.985,0.989,0
0.973,0.986,0.985,0
0.981,0.987,0.988,0
0.915,0.924,0.929,1
0.956,0.959,0.972,1
0.949,0.976,0.974,1
0.917,0.942,0.927,1
0.927,0.95,0.939,1
0.977,0.993,0.989,0
0.932,0.936,0.909,1
0.967,0.988,0.982,1
0.977,0.979,0.976,1
0.9701163757854894,0.9755252910016305,0.9724007206944261,1
0.919,0.911,0.894,1
0.992,0.992,0.983,0
0.971,0.979,0.983,1
0.982,0.983,0.992,0
0.962,0.977,0.979,1
0.929,0.958,0.958,1
0.951,0.977,0.978,1
0.967,0.98,0.982,1
0.976,0.988,0.989,0
0.957,0.978,0.99,1
0.991,0.989,0.991,0
0.902,0.919,0.902,1
0.907,0.947,0.961,1
0.935,0.915,0.92,1
0.984,0.969,0.968,1
0.934,0.927,0.947,1
0.907,0.947,0.924,1
0.988,0.989,0.988,0
0.991,0.994,0.985,0
0.988,0.982,0.99,0
0.901,0.899,0.921,1
0.964,0.988,0.975,1
0.987,0.988,0.989,0
0.96,0.967,0.973,1
0.922,0.93,0.955,1
0.921,0.945,0.953,1
0.952,0.966,0.968,1
0.933,0.923,0.907,1
0.963,0.988,0.983,1
0.986,0.986,0.988,0
0.92,0.929,0.953,1
0.906,0.937,0.946,1
0.906,0.94,0.918,1
0.9322362958603353,0.9586977952863117,0.9528411761033487,1
0.9592760936485094,0.9745717913691524,0.9726428134377685,0
0.924,0.931,0.933,1
0.988,0.989,0.988,0
0.992,0.992,0.987,0
0.9236912241493506,0.9552822583782478,0.9499533500254301,1
0.9638923430817941,0.9515291779612516,0.9427918198544754,0
0.93,0.938,0.92,1
0.96,0.964,0.974,1
0.99,0.988,0.99,0
0.97,0.983,0.982,0
0.9830552000028997,0.9838294174398128,0.9811426124151018,1
0.972,0.988,0.981,1
0.976,0.983,0.983,1
0.97,0.98,0.984,1
0.98,0.985,0.986,0
0.954,0.967,0.964,1
0.9813785853657517,0.9829526179330698,0.9788851496404238,0
0.97,0.982,0.971,1
0.981,0.993,0.987,0
0.9774900715108504,0.9819022727796698,0.9789436866693757,0
0.987,0.985,0.986,0
0.974,0.987,0.986,0
0.919,0.927,0.918,1
0.965,0.974,0.972,1
0.958,0.97,0.977,1
0.959,0.978,0.981,1
0.9339075320875128,0.9586904218936216,0.9505381259867315,1
0.912,0.939,0.938,1
0.98,0.986,0.976,1
0.946,0.976,0.962,1
0.968,0.976,0.986,1
0.981,0.979,0.988,0
0.977,0.982,0.982,1
0.951,0.972,0.972,1
0.908,0.907,0.926,1
0.939,0.966,0.972,1
0.987,0.988,0.991,0
0.901,0.927,0.917,1
0.962,0.966,0.977,1
0.9573004128596443,0.9685497269592414,0.9607707979934862,1
0.9559954095437697,0.9635646680441666,0.9553835517526206,1
0.969,0.977,0.966,1
0.982,0.985,0.985,0
0.959,0.982,0.966,1
0.957,0.979,0.983,1
0.921,0.949,0.936,1
0.949,0.97,0.971,1
0.979,0.994,0.986,0
0.9447928143519441,0.9379562616228886,0.9289673452581116,1
0.9904927926827225,0.9873693138071673,0.983867950319379,0
0.9317745483459029,0.9561401955935498,0.9506838537031305,1
0.907,0.937,0.916,1
0.921,0.918,0.931,1
0.972,0.979,0.975,1
0.9832043265468866,0.9830773697088878,0.9787446049538613,0
0.9871247120937502,0.9874501936284662,0.9835687394500751,0
0.981,0.988,0.981,0
0.919,0.931,0.944,1
0.911,0.907,0.907,1
0.921,0.917,0.902,1
0.992,0.99,0.985,0
0.975,0.984,0.987,0
0.976,0.993,0.985,0
0.976,0.988,0.985,0
0.9841358803751853,0.9834867618575139,0.9789552662715022,0
0.2449287399513644,0.48456455619332883,0.4740407174198272,1
0.984,0.99,0.985,0
0.9737689695700811,0.9789174515520545,0.9762205135425679,1
0.899,0.914,0.943,1
0.908,0.938,0.941,1
0.906,0.955,0.953,1
0.9884443786137576,0.9862304137215058,0.9829026711053256,0
0.955,0.973,0.961,1
0.9838651480258532,0.9842321931817551,0.9822164802876728,0
0.967,0.979,0.984,1
0.939,0.935,0.93,1
0.897,0.967,0.967,1
0.969,0.965,0.973,1
0.98,0.984,0.989,0
0.983,0.989,0.985,0
0.978,0.985,0.965,1
0.9768431245462988,0.97841085571864,0.9695584876162018,1
0.983,0.992,0.989,0
0.978,0.978,0.979,1
0.9808868405838806,0.9820200344863961,0.9786723467748002,0
0.919,0.92,0.925,1
0.91,0.943,0.936,1
0.982,0.98,0.983,0
0.983,0.984,0.986,0
0.9708734158482673,0.9712679527506141,0.9632229190440574,1
0.965,0.985,0.98,1
0.986,0.985,0.986,0
0.926,0.931,0.927,1
0.972,0.976,0.974,1
0.925,0.962,0.949,1
0.899,0.94,0.95,1
0.961,0.981,0.975,1
0.912,0.933,0.906,1
0.92,0.952,0.935,1
0.98,0.991,0.987,0
0.973,0.974,0.977,1
0.981,0.983,0.986,0
0.985,0.979,0.986,0
0.96,0.97,0.974,1
0.978,0.991,0.99,0
0.91,0.897,0.916,1
0.969,0.971,0.975,1
0.96,0.97,0.97,1
0.911,0.91,0.915,1
0.918,0.915,0.933,1
0.957,0.975,0.969,1
0.898,0.946,0.94,1
0.984,0.985,0.987,0
0.946,0.972,0.965,1
0.986,0.984,0.985,0
0.902,0.971,0.967,1
0.981,0.982,0.986,0
0.984,0.982,0.986,0
0.953,0.979,0.968,1
0.921,0.924,0.906,1
0.93,0.924,0.933,1
0.9827236525458573,0.979273680034088,0.9744105987471497,0
0.44327888452602376,0.6616463991486088,0.6594372933069736,0
0.972,0.968,0.97,1
0.914,0.948,0.944,1
0.972,0.98,0.986,1
0.978,0.986,0.989,0
0.933,0.964,0.974,1
0.971,0.975,0.977,1
0.9430860873531955,0.9668784226090549,0.964789956024692,1
0.914,0.936,0.937,1
0.99,0.986,0.988,0
0.9785887766951191,0.982926831193493,0.9797512637555266,1
0.968,0.982,0.97,1
0.986,0.991,0.986,0
0.912,0.917,0.919,1
0.905,0.904,0.914,1
0.909,0.923,0.927,1
0.965,0.981,0.974,1
0.975316858389779,0.9834533127754459,0.9794684477771423,0
0.951,0.967,0.96,1
0.976,0.98,0.987,1
0.973,0.984,0.974,1
0.922,0.942,0.935,1
0.989,0.992,0.988,0
0.9833113336727342,0.9796017724376429,0.9771381396716432,0
0.921,0.942,0.935,1
0.916,0.908,0.905,1
0.9839758057751858,0.985656677637582,0.981474273966883,0
0.941,0.938,0.949,1
0.902,0.908,0.913,1
0.973,0.985,0.985,0
0.974,0.988,0.989,0
0.951,0.963,0.964,1
0.931,0.916,0.916,1
0.928,0.926,0.92,1
0.919,0.927,0.933,1
0.955,0.973,0.972,1
0.949,0.976,0.971,1
0.953,0.981,0.976,1
0.986,0.984,0.988,0
0.9833101794318644,0.9777596785379137,0.9666232689493665,1
0.949,0.971,0.972,1
0.98,0.979,0.989,0
0.9813019878211472,0.9602673974038461,0.9377652888090628,0
0.988,0.984,0.987,0
0.976087793563667,0.9771043892175562,0.9731046632495137,1
0.986,0.989,0.987,0
0.902,0.939,0.935,1
0.98,0.991,0.992,0
0.9579772906936848,0.9733046565164938,0.9680688063531635,0
0.939,0.94,0.959,1
0.953,0.972,0.969,1
0.921,0.921,0.926,1
0.903,0.968,0.966,1
0.99,0.987,0.987,0
0.982,0.983,0.987,0
0.979,0.993,0.989,0
0.923,0.947,0.931,1
0.967,0.976,0.979,1
0.983,0.987,0.981,0
0.947,0.968,0.975,1
0.985,0.985,0.979,0
0.979913804665699,0.9788359620023638,0.9722470489316329,1
0.962,0.984,0.979,1
0.936,0.975,0.974,1
0.936,0.973,0.964,1
0.975,0.986,0.986,0
0.918,0.925,0.925,1
0.975,0.978,0.982,0
0.92,0.926,0.921,1
0.921,0.938,0.929,1
0.896,0.974,0.964,1
0.974,0.992,0.988,0
0.919,0.964,0.966,1
0.958,0.917,0.933,1
0.977,0.978,0.98,1
0.974,0.988,0.974,0
0.979,0.983,0.99,0
0.965,0.977,0.971,1
0.9546801521802472,0.9387221797370299,0.9301123920123098,0
0.963,0.981,0.973,1
0.975,0.986,0.986,1
0.9851503700717555,0.9767915445687942,0.9638703403607256,0
0.974,0.979,0.978,1
0.9868959475686794,0.9807974759621674,0.9759472565026102,0
0.975,0.964,0.961,1
0.905,0.952,0.951,1
0.982,0.985,0.987,0
0.928,0.945,0.938,1
0.973,0.974,0.974,1
0.985,0.989,0.988,0
0.9,0.918,0.914,1
0.979,0.989,0.979,0
0.955,0.982,0.964,1
0.91,0.912,0.896,1
0.9712975618454798,0.9847136484881549,0.9801028224696566,1
0.995,0.982,0.991,0
0.981,0.991,0.99,0
0.2531431860118783,0.501764390207049,0.4990507371377793,1
0.917,0.944,0.937,1
0.902,0.943,0.95,1
0.983,0.973,0.976,1
0.898,0.912,0.902,1
0.944,0.973,0.981,1
0.895,0.901,0.914,1
0.9838820013053567,0.9856365176869994,0.9815527479010574,0
0.991,0.99,0.988,0
0.9658612699467708,0.9672942336278445,0.9538584280957553,1
0.985,0.99,0.987,0
0.957,0.969,0.965,1
0.926,0.915,0.935,1
0.936,0.943,0.934,1
0.961,0.965,0.968,1
0.971,0.984,0.975,1
0.967,0.974,0.978,1
0.99,0.98,0.986,0
0.929,0.94,0.931,1
0.943,0.934,0.932,1
0.981,0.986,0.987,0
0.973,0.972,0.976,1
0.961,0.973,0.97,1
0.977,0.982,0.982,1
0.957,0.969,0.973,1
0.954,0.98,0.981,1
0.931,0.923,0.915,1
0.92,0.937,0.941,1
0.984,0.983,0.985,0
0.984,0.99,0.983,0
0.977,0.972,0.983,1
0.924,0.926,0.936,1
0.982,0.989,0.985,0
0.955,0.98,0.96,1
0.966,0.99,0.986,1
0.956,0.973,0.976,1
0.96,0.982,0.97,1
0.4528621267532112,0.6654286431393402,0.6633501862245164,0
0.949248262155849,0.9275187903555349,0.9169383766189892,0
0.951,0.97,0.972,1
0.972,0.989,0.986,0
0.9834629744476104,0.9823826441322746,0.9790153007925306,0
0.984,0.984,0.985,0
0.985,0.993,0.992,0
0.982,0.984,0.991,0
0.973,0.984,0.972,1
0.97,0.97,0.976,1
0.986,0.985,0.986,0
0.986,0.99,0.987,0
0.9186613483017572,0.9463875604907592,0.9394491244909208,1
0.953,0.971,0.974,1
0.987,0.989,0.983,0
0.983,0.982,0.986,0
0.919,0.881,0.895,1
0.959,0.984,0.986,1
0.948,0.946,0.934,1
0.961,0.979,0.974,1
0.969,0.974,0.977,1
0.888,0.943,0.938,1
0.955,0.98,0.98,1
0.978,0.983,0.991,0
0.911,0.877,0.912,1
0.957,0.98,0.97,1
0.95,0.978,0.978,1
0.946,0.972,0.975,1
0.9913534488900734,0.9904947435819403,0.986693537219016,1
0.959,0.978,0.984,1
0.925,0.93,0.931,1
0.932,0.931,0.928,1
0.979,0.976,0.973,1
0.9537122640359351,0.9700667163393701,0.9672931648366686,0
0.951,0.972,0.97,1
0.92,0.94,0.948,1
0.982,0.989,0.99,0
0.981,0.989,0.984,0
0.929,0.946,0.952,1
0.942,0.933,0.928,1
0.986,0.994,0.981,0
0.969,0.978,0.975,1
0.979,0.988,0.986,0
0.909,0.946,0.934,1
0.921,0.919,0.926,1
0.972,0.98,0.964,1
0.961,0.971,0.969,1
0.963,0.957,0.974,1
0.905,0.933,0.92,1
0.977,0.981,0.992,0
0.9090118740926003,0.9363882249020222,0.9267666732450702,1
0.982,0.986,0.986,0
0.978,0.992,0.979,0
0.904,0.911,0.914,1
0.928,0.92,0.932,1
0.973,0.975,0.981,1
0.933,0.945,0.939,1
0.971,0.989,0.986,0
0.9426887733980421,0.9654373174714477,0.962299032503389,0
0.931,0.937,0.937,1
0.941,0.926,0.921,1
0.901091415549119,0.943358599328082,0.9403856076304387,1
0.965,0.976,0.973,1
0.966,0.973,0.977,1
0.973,0.97,0.969,1
0.952,0.978,0.967,1
0.9713635862653505,0.970920347982914,0.9671189354806549,1
0.983,0.992,0.989,0
0.989,0.991,0.989,0
0.947,0.98,0.981,1
0.929,0.946,0.947,1
0.988,0.988,0.991,0
0.913736246472436,0.9507757097176811,0.946078256306104,0
0.968026387862251,0.9725084555520507,0.9691100591310525,1
0.952,0.976,0.974,1
0.968096711318926,0.9788304353210564,0.9747479147953781,0
0.925,0.935,0.92,1
0.972,0.972,0.981,1
0.92,0.916,0.903,1
0.959,0.965,0.963,1
0.931,0.941,0.929,1
0.7173465744625396,0.7569479626980595,0.7163973552181858,1
0.891,0.925,0.934,1
0.917,0.951,0.955,1
0.978,0.986,0.99,0
0.955,0.972,0.973,1
0.942,0.982,0.981,1
0.974,0.972,0.972,1
0.952,0.967,0.963,1
0.955,0.971,0.977,1
0.954,0.969,0.963,1
0.989,0.983,0.992,0
0.921,0.921,0.905,1
0.971,0.986,0.981,1
0.979,0.99,0.988,1
0.968,0.983,0.978,1
0.974,0.985,0.982,0
0.953,0.975,0.967,1
0.969,0.978,0.977,1
0.956,0.969,0.968,1
0.939,0.948,0.952,1
0.984,0.99,0.986,0
0.916,0.91,0.917,1
0.905,0.95,0.952,1
0.973,0.974,0.978,1
0.985,0.983,0.981,0
0.984,0.983,0.983,0
0.929,0.937,0.955,1
0.926,0.913,0.916,1
0.9673469828614987,0.969704666320469,0.9588776808776154,1
0.938,0.946,0.932,1
0.985,0.991,0.981,0
0.984,0.985,0.987,0
0.928,0.908,0.924,1
0.965,0.959,0.969,1
0.962,0.974,0.976,1
0.983,0.991,0.98,0
0.9876621810217423,0.9854126882103892,0.9808528650926693,0
0.972,0.987,0.991,0
0.969,0.965,0.974,1
0.977,0.991,0.983,0
0.98,0.992,0.99,0
0.9492943284158329,0.9635241407211038,0.9571551664280865,0
0.989,0.988,0.987,0
0.953,0.966,0.969,1
0.972,0.976,0.971,1
0.915,0.899,0.904,1
0.903,0.909,0.908,1
0.9776170410992122,0.973186553849239,0.9613738523123377,1
0.975,0.976,0.981,1
0.98,0.989,0.991,0
0.986,0.994,0.986,0
0.982,0.988,0.981,0
0.922,0.918,0.913,1
0.916,0.927,0.925,1
0.965,0.967,0.984,1
0.975,0.971,0.968,1
0.926,0.884,0.893,1
0.8971167548758437,0.9435073828292276,0.9414772338969472,1
0.909,0.949,0.942,1
0.963,0.965,0.974,1
0.98,0.988,0.993,0
0.983,0.986,0.986,0
0.984,0.982,0.983,0
0.929,0.936,0.935,1
0.978,0.993,0.992,0
0.979,0.994,0.991,0
0.9801066899772616,0.982756601010078,0.9768976198725172,1
0.966,0.975,0.978,1
0.982,0.987,0.995,0
0.978,0.988,0.993,0
0.989,0.986,0.983,0
0.904,0.908,0.917,1
0.929,0.939,0.934,1
0.971,0.965,0.98,1
0.965,0.984,0.978,1
0.988,0.984,0.988,0
0.921,0.93,0.924,1
0.912,0.939,0.937,1
0.9616746370972794,0.9756945167687858,0.973156532793403,0
0.922,0.932,0.916,1
0.962,0.98,0.981,1
0.9853697776464074,0.9814594242749841,0.9777157346992622,0
0.973,0.971,0.973,1
0.916,0.933,0.927,1
0.922,0.943,0.919,1
0.949,0.961,0.964,1
0.989,0.983,0.99,0
0.981,0.986,0.993,0
0.949,0.969,0.959,1
0.943,0.977,0.978,1
0.9815552812731001,0.9856023188972635,0.9818242290218409,1
0.973,0.974,0.975,1
0.2507494269460217,0.49833841213829183,0.4971406961539974,1
0.964,0.963,0.963,1
0.933,0.931,0.919,1
0.964,0.979,0.97,1
0.9782390535681349,0.9838577470428638,0.9816147836208252,1
0.963,0.983,0.975,1
0.956,0.976,0.963,1
0.991,0.988,0.984,0
0.979,0.976,0.978,1
0.92,0.891,0.904,1
0.958,0.981,0.976,1
0.974,0.963,0.986,1
0.9379700969785224,0.9633140289296243,0.9613471821563566,1
0.929,0.922,0.93,1
0.9829236297747596,0.9834140206864894,0.9781110175346481,0
0.942,0.975,0.965,1
0.959,0.974,0.972,1
0.954,0.968,0.97,1
0.95,0.981,0.973,1
0.926,0.933,0.95,1
0.9776254958941079,0.9837240194406885,0.9810894817076666,1
0.988115971398407,0.9805241565893029,0.9718128927630234,0
0.912,0.945,0.943,1
0.9538650100954718,0.9678050104740045,0.9589473081412818,1
0.9905204073197654,0.9906805996582402,0.9882019811110618,0
0.959,0.969,0.975,1
0.965,0.98,0.974,1
0.24446127877848017,0.4918050294777287,0.49016660560686226,1
0.951,0.979,0.978,1
0.988,0.982,0.992,0
0.984,0.991,0.982,0
0.982,0.99,0.988,0
0.98,0.994,0.996,0
0.974,0.977,0.98,1
0.8717678082405613,0.8841420014013817,0.8759741054779417,1
0.928,0.914,0.925,1
0.98,0.99,0.985,0
0.96,0.971,0.98,1
0.968,0.986,0.988,1
0.972,0.982,0.978,1
0.962,0.973,0.978,1
0.956,0.971,0.967,1
0.981,0.991,0.982,0
0.954,0.967,0.973,1
0.982,0.989,0.978,0
0.955,0.976,0.979,1
0.9803838252412979,0.9850992799860145,0.9803406503756342,1
0.947,0.98,0.972,1
0.9775564651911814,0.9808035907601003,0.9753383865951001,1
0.989,0.99,0.986,0
0.983,0.987,0.989,0
0.6782728867989302,0.8184984458052806,0.8161855810617394,1
0.93,0.918,0.918,1
0.965520965253577,0.9397361801930917,0.9309671419587137,0
0.923,0.965,0.974,1
0.93,0.92,0.906,1
0.919,0.938,0.95,1
0.986,0.98,0.982,0
0.964,0.975,0.968,1
0.973,0.976,0.973,1
0.977,0.99,0.988,0
0.978,0.987,0.984,0
0.9688482320763993,0.9733370260760171,0.9677338603507072,1
0.935,0.927,0.938,1
0.982,0.99,0.993,0
0.958,0.963,0.965,1
0.984,0.987,0.985,0
0.962,0.966,0.967,1
0.926,0.926,0.914,1
0.986,0.987,0.991,0
0.9766212227583256,0.9797460987492567,0.9746571489810187,1
0.911,0.939,0.929,1
0.962,0.975,0.98,1
0.927,0.943,0.946,1
0.961,0.968,0.972,1
0.98,0.988,0.981,0
0.933,0.931,0.926,1
0.992,0.995,0.989,0
0.986,0.984,0.989,0
0.987,0.988,0.989,0
0.9838721214149718,0.9837161870361165,0.9781005010324338,0
0.964,0.98,0.97,1
0.962,0.98,0.977,1
0.946,0.932,0.951,1
0.931,0.963,0.945,1
0.9297123640111841,0.9531657816616069,0.950850236458453,0
0.915,0.955,0.947,1
0.986,0.982,0.991,0
0.984,0.99,0.984,0
0.925,0.931,0.937,1
0.984,0.988,0.989,0
0.9847455381174547,0.9791512622074051,0.9767134686645764,0
0.975,0.967,0.972,1
0.978,0.99,0.995,0
0.977,0.983,0.986,0
0.986,0.985,0.987,0
0.986,0.993,0.987,0
0.981,0.99,0.993,0
0.912,0.889,0.903,1
0.963,0.985,0.977,1
0.978,0.977,0.974,1
0.989,0.988,0.982,0
0.9695107753177847,0.9715856338782548,0.9674889503587215,1
0.978,0.97,0.975,1
0.979,0.98,0.97,1
0.978,0.987,0.986,1
0.9787813169930816,0.9729160754649638,0.9591285338693483,1
0.947,0.97,0.973,1
0.979,0.987,0.991,0
0.986,0.992,0.987,0
0.986,0.992,0.986,0
0.922,0.927,0.939,1
0.977,0.983,0.983,1
0.985,0.992,0.988,0
0.98,0.988,0.991,0
0.985,0.986,0.988,0
0.982,0.988,0.987,0
0.959,0.978,0.968,1
0.966,0.976,0.964,1
0.978,0.988,0.986,0
0.9571296533437894,0.9649674164539923,0.9559507021131544,1
0.988,0.986,0.99,0
0.976,0.985,0.989,0
0.966,0.976,0.983,1
0.923,0.918,0.924,1
0.985,0.989,0.985,0
0.97,0.982,0.989,0
0.984,0.99,0.988,0
0.981,0.988,0.986,0
0.986,0.984,0.987,0
0.9869701283566731,0.9895326704560302,0.986734606953406,0
0.968,0.985,0.981,1
0.963,0.935,0.936,1
0.975,0.987,0.978,0
0.985,0.989,0.987,0
0.927,0.92,0.915,1
0.926,0.915,0.923,1
0.924,0.903,0.921,1
0.974,0.982,0.985,0
0.986,0.983,0.986,0
0.989,0.99,0.99,0
0.938,0.909,0.899,1
0.983,0.991,0.992,0
0.974,0.98,0.983,1
0.973,0.981,0.977,1
0.98,0.985,0.992,0
0.933,0.949,0.953,1
0.972,0.985,0.988,0
0.9818807278046296,0.9816478811180608,0.9742589347493242,1
0.983,0.986,0.985,0
0.983,0.989,0.989,0
0.979,0.983,0.988,0
0.963,0.987,0.98,1
0.985,0.987,0.985,0
0.9148004713461912,0.9495782869358939,0.9467065066064131,1
0.9,0.92,0.912,1
0.956,0.982,0.977,1
0.952,0.974,0.973,1
0.989,0.992,0.988,0
0.963,0.98,0.97,1
0.95,0.961,0.958,1
0.981,0.983,0.983,0
0.961,0.978,0.975,1
0.983,0.985,0.98,0
0.935,0.955,0.961,1
0.906,0.921,0.915,1
0.969,0.973,0.97,1
0.979,0.99,0.978,0
0.942,0.972,0.976,1
0.24405495635343225,0.49189790838722147,0.48882662012791206,1
0.983,0.98,0.973,1
0.907,0.951,0.942,1
0.959,0.976,0.972,1
0.979,0.97,0.975,1
0.979,0.987,0.985,0
0.9077000125794088,0.9456293012910402,0.9425346970217433,1
0.9763687859569176,0.9797502299648299,0.9742153945644404,1
0.977,0.995,0.986,0
0.9751583776763614,0.9808316497947354,0.9783112793811988,1
0.961,0.986,0.981,0
0.967,0.973,0.975,1
0.96,0.973,0.964,1
0.926,0.931,0.923,1
0.9835850074855084,0.981618281221459,0.9788099077520518,0
0.969,0.987,0.99,0
0.964,0.976,0.968,1
0.98,0.984,0.983,0
0.975,0.984,0.982,1
0.979,0.987,0.98,1
0.939,0.938,0.948,1
0.4222410014279971,0.6442325625322962,0.6416174782949068,0
0.98,0.986,0.986,0
0.891935136333467,0.9369726395667906,0.9351103298560525,1
0.965,0.97,0.963,1
0.963,0.969,0.972,1
0.9725046557260693,0.9802246669109278,0.9763877939799903,1
0.964,0.97,0.969,1
0.9808463082858994,0.9795754857496637,0.9743310025453397,0
0.979,0.983,0.98,0
0.919,0.913,0.92,1
0.967,0.973,0.977,1
0.922,0.952,0.952,1
0.985,0.989,0.989,0
0.967,0.968,0.977,1
0.914,0.912,0.926,1
0.924,0.953,0.938,1
0.919,0.928,0.937,1
0.976,0.982,0.988,0
0.978,0.967,0.97,1
0.969,0.978,0.966,1
0.984,0.983,0.989,0
0.899,0.925,0.924,1
0.952,0.971,0.972,1
0.928,0.932,0.928,1
0.982,0.992,0.986,0
0.985,0.988,0.991,0
0.935,0.917,0.921,1
0.909,0.943,0.932,1
0.92,0.975,0.959,1
0.966,0.979,0.971,1
0.977,0.967,0.982,1
0.977,0.981,0.987,0
0.958,0.977,0.976,1
0.942,0.905,0.924,1
0.906,0.916,0.909,1
0.983,0.987,0.987,0
0.928,0.938,0.932,1
0.924,0.936,0.937,1
0.922,0.945,0.937,1
0.9760019804705155,0.9779971913120042,0.9695056832070886,0
0.945,0.974,0.963,1
0.7414186986531879,0.8567477439954863,0.8552169799921917,1
0.9793455212302863,0.9684285725036569,0.9460282998247014,1
0.9732322769489122,0.9790611755884423,0.9758676522526979,1
0.978,0.985,0.981,0
0.931,0.913,0.911,1
0.969,0.973,0.963,1
0.95,0.977,0.98,1
0.985,0.986,0.987,0
0.97,0.974,0.981,1
0.986,0.99,0.99,0
0.966,0.984,0.979,1
0.9707644741458006,0.9772790866877129,0.9737781510151333,0
0.975,0.99,0.991,0
0.973,0.962,0.965,1
0.916,0.92,0.932,1
0.908,0.942,0.938,1
0.978,0.971,0.968,1
0.97,0.982,0.971,1
0.915,0.927,0.927,1
0.944,0.908,0.909,1
0.982,0.984,0.993,0
0.9753259329893439,0.979973136088413,0.9733371194234949,0
0.952,0.982,0.978,1
0.934,0.929,0.942,1
0.9792219044998342,0.9847501813859983,0.9820701455336137,1
0.984,0.977,0.991,0
0.961,0.971,0.976,1
0.944,0.928,0.902,1
0.937,0.937,0.931,1
0.927,0.954,0.931,1
0.9863106402530993,0.9780944491809833,0.9654350015124411,1
0.8585113435810979,0.9219830697785879,0.9190491420859547,1
0.986,0.99,0.989,0
0.98,0.987,0.986,0
0.916,0.932,0.939,1
0.958,0.969,0.969,1
0.932,0.944,0.929,1
0.946,0.943,0.944,1
0.974,0.993,0.992,0
0.955,0.975,0.965,1
0.985,0.99,0.988,0
0.99,0.984,0.98,0
0.937,0.933,0.923,1
0.914,0.942,0.948,1
0.935,0.918,0.914,1
0.916,0.94,0.938,1
0.969,0.974,0.974,1
0.96,0.979,0.971,1
0.976,0.986,0.979,0
0.911,0.89,0.895,1
0.966,0.976,0.974,1
0.974,0.979,0.985,0
0.965,0.975,0.975,1
0.9890976722847813,0.989126807718464,0.9850830733459995,0
0.91,0.898,0.904,1
0.983,0.986,0.987,0
0.976,0.97,0.973,1
0.973,0.972,0.978,1
0.9756062477627733,0.9801454712139459,0.9760881682928861,1
0.974,0.976,0.967,1
0.929,0.95,0.948,1
0.976,0.989,0.995,0
0.978,0.976,0.976,1
0.984,0.992,0.99,0
0.9771621957239967,0.976141225064174,0.9643593193768234,1
0.902,0.918,0.892,1
0.993,0.991,0.987,0
0.904,0.95,0.952,1
0.924,0.908,0.897,1
0.91,0.911,0.932,1
0.8493197909732108,0.9145845315821377,0.9108990636853044,1
0.934,0.93,0.931,1
0.9862234568961616,0.9876006007434752,0.9849164512363893,0
0.91,0.953,0.95,1
0.8524885691403463,0.9154275347413198,0.9095585453400168,1
0.989,0.991,0.99,0
0.9760848753072873,0.9751836121611888,0.9639825646685818,1
0.955,0.967,0.968,1
0.9510442654773477,0.9378566984352652,0.9280805338410918,0
0.961,0.974,0.975,1
0.93,0.933,0.926,1
0.974,0.969,0.963,1
0.92,0.951,0.942,1
0.977,0.978,0.977,1
0.975,0.99,0.989,0
0.99,0.991,0.985,0
0.9674031331177121,0.9776159014655265,0.9749557442629012,1
0.978,0.991,0.989,0
0.921,0.926,0.928,1
0.972,0.983,0.972,0
0.939,0.966,0.978,1
0.933,0.918,0.916,1
0.98,0.978,0.985,0
0.97,0.974,0.981,1
0.915,0.919,0.93,1
0.981,0.984,0.983,0
0.969,0.981,0.982,1
0.9592304021729735,0.9718014993443397,0.9674874259720873,1
0.966,0.979,0.974,1
0.986,0.986,0.988,0
0.948,0.958,0.949,1
0.927,0.939,0.935,1
0.974,0.977,0.967,1
0.983,0.99,0.988,0
0.905,0.899,0.91,1
0.9701063298249686,0.9794302509631785,0.9745382113000224,1
0.93,0.926,0.918,1
0.979,0.985,0.988,0
0.98,0.988,0.99,0
0.956,0.975,0.97,1
0.975,0.991,0.984,0
0.968,0.979,0.975,1
0.931,0.936,0.951,1
0.985,0.987,0.985,0
0.981,0.983,0.985,0
0.9590543700141869,0.9746515958177852,0.9695793695624605,0
0.976,0.989,0.981,1
0.968,0.97,0.967,1
0.955,0.968,0.972,1
0.964,0.975,0.979,1
0.972,0.987,0.986,0
0.947,0.98,0.98,1
0.901,0.931,0.938,1
0.905,0.914,0.936,1
0.974,0.976,0.971,1
0.981,0.986,0.99,0
0.918,0.947,0.927,1
0.971,0.975,0.959,1
0.933,0.943,0.923,1
0.988,0.986,0.986,0
0.983,0.988,0.974,0
0.906,0.926,0.897,1
0.921,0.907,0.908,1
0.993,0.99,0.99,0
0.908,0.924,0.912,1
0.978,0.987,0.982,0
0.982,0.994,0.991,0
0.905,0.931,0.93,1
0.96,0.965,0.972,1
0.905,0.937,0.943,1
0.915,0.952,0.948,1
0.898,0.953,0.951,1
0.983,0.98,0.981,0
0.9585248043678734,0.9742318837155796,0.9717448608638001,1
0.938,0.945,0.941,1
0.961,0.972,0.984,1
0.942,0.934,0.928,1
0.974,0.99,0.979,0
0.924,0.943,0.947,1
0.972,0.99,0.991,0
0.984,0.985,0.984,0
0.908,0.939,0.937,1
0.936,0.923,0.929,1
0.9837356230497691,0.9830296206133465,0.9807946034475967,0
0.989,0.982,0.984,0
0.911,0.941,0.947,1
0.908,0.938,0.943,1
0.971,0.967,0.967,1
0.978,0.978,0.982,1
0.916,0.931,0.932,1
0.973,0.989,0.982,0
0.927,0.927,0.914,1
0.951,0.975,0.968,1
0.979,0.996,0.986,0
0.977,0.964,0.974,1
0.921,0.92,0.91,1
0.991,0.984,0.988,0
0.973,0.993,0.991,0
0.976,0.988,0.985,0
0.922,0.905,0.903,1
0.984,0.991,0.985,0
0.986,0.989,0.994,0
0.908,0.966,0.962,1
0.93,0.938,0.948,1
0.985,0.993,0.988,0
0.923,0.922,0.913,1
0.979,0.982,0.993,0
0.934,0.933,0.931,1
0.913736246472436,0.9507757097176811,0.946078256306104,1
0.962,0.975,0.972,1
0.985,0.983,0.987,0
0.967,0.988,0.986,0
0.968,0.981,0.975,1
0.92,0.911,0.912,1
0.878,0.934,0.942,1
0.932,0.928,0.927,1
0.9873548776416097,0.9865954823044749,0.9812003735390696,1
0.99,0.988,0.993,0
0.911,0.934,0.941,1
0.983,0.986,0.982,0
0.926,0.949,0.947,1
0.989,0.981,0.984,0
0.97,0.986,0.979,1
0.976,0.986,0.989,0
0.977,0.983,0.976,1
0.923,0.94,0.947,1
0.983,0.99,0.985,0
0.953,0.964,0.965,1
0.951,0.984,0.98,1
0.945,0.972,0.967,1
0.987,0.987,0.993,0
0.956,0.977,0.979,1
0.981,0.989,0.978,0
0.982,0.981,0.985,0
0.981,0.99,0.974,0
0.981,0.972,0.977,1
0.914,0.944,0.932,1
0.944,0.967,0.978,1
0.94,0.951,0.961,1
0.975,0.96,0.978,1
0.956,0.974,0.973,1
0.932,0.964,0.959,1
0.934,0.95,0.946,1
0.971,0.979,0.976,1
0.97,0.979,0.981,1
0.926,0.955,0.945,1
0.961,0.986,0.979,1
0.954,0.967,0.977,1
0.904,0.948,0.952,1
0.926,0.973,0.968,1
0.978,0.976,0.976,1
0.987,0.984,0.987,0
0.988,0.989,0.985,0
0.9810304029112163,0.9842805743483161,0.9797392700750941,1
0.928,0.929,0.92,1
0.978,0.986,0.983,0
0.966,0.978,0.977,1
0.972,0.98,0.976,1
0.905,0.947,0.942,1
0.962,0.97,0.974,1
0.981,0.991,0.983,0
0.975,0.99,0.985,0
0.973,0.979,0.98,1
0.96,0.972,0.978,1
0.9486190946068903,0.9667307710871208,0.9639222114850198,1
0.905,0.943,0.947,1
0.978,0.974,0.978,1
0.993,0.989,0.986,0
0.989,0.993,0.982,0
0.926,0.926,0.932,1
0.986,0.993,0.983,0
0.929,0.936,0.936,1
0.9677542790241019,0.9733926269828497,0.9649261925951055,1
0.987,0.99,0.99,0
0.98,0.994,0.989,0
0.92,0.91,0.924,1
0.9842107485980722,0.9858445787003958,0.9818852692291773,0
0.954,0.971,0.975,1
0.975,0.985,0.985,0
0.91,0.898,0.902,1
0.914,0.947,0.957,1
0.948,0.976,0.975,1
0.913,0.932,0.93,1
0.948,0.944,0.952,1
0.939,0.903,0.902,1
0.963,0.984,0.974,1
0.959,0.92,0.937,1
0.971,0.987,0.985,0
0.98,0.986,0.991,0
0.927,0.941,0.931,1
0.984,0.992,0.986,0
0.98,0.988,0.985,0
0.982,0.992,0.985,0
0.986,0.988,0.986,0
0.978,0.984,0.98,1
0.916,0.938,0.941,1
0.964,0.967,0.975,1
0.9743950679972813,0.981275760938978,0.9783934321532511,0
0.929,0.957,0.965,1
0.979,0.987,0.988,0
0.9,0.905,0.906,1
0.981,0.996,0.992,0
0.975,0.991,0.981,0
0.956,0.973,0.96,1
0.987,0.991,0.992,0
0.899,0.928,0.927,1
0.937,0.926,0.92,1
0.989,0.991,0.993,0
0.96,0.976,0.964,1
0.957,0.973,0.977,1
0.956,0.977,0.975,1
0.9061263845478895,0.9401894728145723,0.9304450023301515,1
0.984,0.987,0.98,0
0.9540593517921634,0.9713527121447805,0.9682785949442813,1
0.916,0.92,0.913,1
0.9725433390873782,0.97782815667868,0.9751669593852897,1
0.968,0.971,0.978,1
0.965,0.979,0.969,1
0.969,0.979,0.974,1
0.987,0.99,0.987,0
0.904,0.933,0.942,1
0.987,0.992,0.991,0
0.968,0.976,0.973,1
0.963,0.979,0.974,1
0.9912937809872,0.9900837898434341,0.9864919922515826,0
0.953,0.972,0.972,1
0.973,0.983,0.978,0
0.984,0.997,0.992,0
0.98,0.99,0.988,0
0.938,0.932,0.95,1
0.924,0.956,0.953,1
0.945,0.974,0.984,1
0.9497650986719409,0.9630209156687632,0.9557971081705577,1
0.942,0.935,0.942,1
0.915,0.92,0.923,1
0.961,0.981,0.976,1
0.8787033041106225,0.92688731229812,0.9177340262397706,1
0.926,0.951,0.941,1
0.979,0.991,0.989,0
0.925,0.959,0.955,1
0.925,0.933,0.917,1
0.974,0.963,0.986,1
0.912,0.941,0.935,1
0.981,0.991,0.992,0
0.968,0.979,0.981,1
0.916,0.937,0.936,1
0.99,0.984,0.985,0
0.9158608014310452,0.9743744094101602,0.9674043466089699,1
0.974,0.992,0.98,0
0.985,0.989,0.987,0
0.976,0.98,0.979,1
0.991,0.99,0.989,0
0.988,0.995,0.995,0
0.973,0.978,0.974,1
0.933,0.943,0.926,1
0.975,0.984,0.985,0
0.9802106314062274,0.9805345753670193,0.9746169995553869,0
0.9825705130872714,0.9786104605268504,0.9733135586418874,0
0.9265757201499578,0.9561576407174893,0.9533551911602074,1
0.972,0.979,0.972,1
0.945,0.963,0.958,1
0.95,0.98,0.967,1
0.940697580067958,0.9627025255168269,0.960637164670151,0
0.903,0.936,0.938,1
0.935,0.935,0.946,1
0.981,0.994,0.992,0
0.9501635385605588,0.9700081442718265,0.9664090827020925,1
0.913,0.941,0.939,1
0.974,0.978,0.975,1
0.978,0.988,0.989,0
0.927,0.906,0.925,1
0.918,0.918,0.91,1
0.9760872384393248,0.9722309802293765,0.962052643272178,1
0.93,0.938,0.947,1
0.9472660488294375,0.8512597003117375,0.8485937129198273,1
0.953,0.985,0.985,1
0.979,0.992,0.984,0
0.9844801267658203,0.9722106141963612,0.9604097587785743,1
0.97,0.979,0.968,1
0.912,0.935,0.955,1
0.907,0.922,0.906,1
0.92,0.903,0.919,1
0.957,0.969,0.963,1
0.991,0.985,0.982,0
0.955,0.972,0.985,1
0.989,0.99,0.993,0
0.934,0.95,0.938,1
0.974,0.983,0.99,0
0.9457772433716594,0.9518443719912819,0.9311720867812497,1
0.929,0.958,0.93,1
0.7443827319718809,0.8596190721180109,0.8577303533647043,0
0.915,0.911,0.93,1
0.987,0.995,0.993,0
0.925,0.938,0.936,1
0.40216507357642084,0.6296229562163709,0.6285307184475112,0
0.972,0.985,0.997,0
0.967,0.967,0.971,1
0.932,0.926,0.897,1
0.896,0.917,0.914,1
0.986,0.988,0.988,0
0.907,0.921,0.94,1
0.9668213346310576,0.9652116316304954,0.9547031093523046,1
0.927,0.92,0.929,1
0.921,0.962,0.953,1
0.976,0.982,0.984,0
0.954,0.974,0.979,1
0.931,0.949,0.938,1
0.949,0.979,0.983,1
0.97,0.983,0.986,0
0.9748381845086492,0.9691137928655973,0.9581691018355005,1
0.9793368416328118,0.97792778529537,0.9709977124694009,0
0.916,0.918,0.95,1
0.893,0.941,0.934,1
0.987,0.994,0.985,0
0.953,0.972,0.969,1
0.926,0.926,0.92,1
0.905,0.916,0.909,1
0.953,0.973,0.974,1
0.916,0.973,0.967,1
0.9,0.931,0.938,1
0.972,0.978,0.981,1
0.908,0.904,0.879,1
0.918,0.919,0.909,1
0.98,0.989,0.987,0
0.976,0.991,0.993,0
0.981,0.981,0.992,0
0.96,0.982,0.977,1
0.975,0.98,0.974,1
0.9816045690738439,0.9859254088983576,0.983625982769562,1
0.918,0.909,0.901,1
0.982,0.992,0.985,0
0.98,0.987,0.987,0
0.923,0.927,0.937,1
0.9507008524405741,0.9684616896055791,0.966412182890881,0
0.9778434156423678,0.9832379250855541,0.980205479392935,0
0.973,0.99,0.994,0
0.961,0.973,0.964,1
0.947,0.967,0.981,1
0.967,0.967,0.975,1
0.973,0.976,0.973,1
0.922,0.926,0.936,1
0.928,0.945,0.948,1
0.8971086790635896,0.9439461356166361,0.9417448836949344,0
0.928,0.913,0.93,1
0.982,0.993,0.984,0
0.986,0.988,0.982,0
0.958,0.984,0.979,1
0.9779411543451084,0.9829974346426822,0.979173968790105,1
0.965,0.974,0.976,1
0.903,0.951,0.946,1
0.967,0.976,0.973,1
0.975,0.984,0.984,0
0.9687801421353163,0.9764751306684457,0.9733067774252031,1
0.973,0.99,0.985,0
0.946,0.974,0.979,1
0.98,0.983,0.989,0
0.969,0.971,0.966,1
0.984,0.983,0.98,0
0.925,0.929,0.93,1
0.924,0.94,0.926,1
0.9781765928255284,0.9746791638535064,0.9633657066310233,1
0.984,0.987,0.993,0
0.983,0.987,0.985,0
0.981,0.996,0.99,0
0.977,0.981,0.972,1
0.959,0.979,0.968,1
0.40216507357642084,0.6296229562163709,0.6285307184475112,0
0.926,0.963,0.979,1
0.981,0.987,0.982,0
0.958,0.976,0.978,1
0.941,0.94,0.946,1
0.922,0.943,0.932,1
0.919,0.875,0.888,1
0.916,0.936,0.933,1
0.985,0.985,0.99,0
0.9705096501287122,0.9787598654332927,0.9719209444509155,1
0.975,0.985,0.987,0
0.9841550323290011,0.9868980896488602,0.9836334661267842,1
0.907,0.943,0.917,1
0.98,0.992,0.988,0
0.9837307327499942,0.9845310564033851,0.9817143495922914,0
0.903,0.923,0.929,1
0.924,0.928,0.932,1
0.915,0.917,0.93,1
0.982,0.985,0.983,1
0.898,0.961,0.958,1
0.98,0.975,0.988,0
0.987,0.98,0.984,0
0.961,0.966,0.972,1
0.996,0.989,0.992,0
0.9509863477771181,0.9696333602142236,0.9668969218519471,1
0.971,0.969,0.968,1
0.921,0.915,0.914,1
0.909,0.95,0.945,1
0.9491548743461669,0.967369581885355,0.9607602335902157,1
0.9814065459841839,0.97952200357961,0.975399731057335,1
0.925,0.953,0.937,1
0.9530038673047786,0.9703813260134289,0.9647745344708438,1
0.984,0.989,0.987,0
0.925,0.902,0.92,1
0.975,0.991,0.989,0
0.941,0.932,0.939,1
0.905,0.929,0.933,1
0.989,0.993,0.993,0
0.95,0.964,0.976,1
0.964,0.982,0.985,1
0.987,0.989,0.984,0
0.958,0.975,0.973,1
0.98,0.984,0.98,1
0.987,0.99,0.988,0
0.978,0.996,0.994,0
0.912,0.944,0.947,1
0.931,0.944,0.933,1
0.971,0.989,0.991,0
0.9791646265886127,0.9815189298553474,0.977353080001978,1
0.974,0.971,0.964,1
0.989,0.983,0.992,0
0.99,0.987,0.99,0
0.967,0.973,0.981,1
0.925,0.93,0.908,1
0.89,0.92,0.91,1
0.965,0.974,0.971,1
0.962,0.98,0.98,1
0.984,0.988,0.99,0
0.9228290861883763,0.9533066446645431,0.9507710541056168,1
0.941,0.937,0.937,1
0.965,0.974,0.969,1
0.943,0.941,0.935,1
0.977,0.968,0.981,1
0.944,0.914,0.901,1
0.983,0.99,0.985,0
0.961,0.972,0.978,1
0.975,0.987,0.99,0
0.98,0.993,0.987,0
0.947,0.939,0.923,1
0.983,0.992,0.989,0
0.899,0.927,0.908,1
0.979,0.989,0.989,0
0.971,0.985,0.987,0
0.922,0.947,0.949,1
0.9284472305473864,0.9579768742883005,0.9545450855000339,0
0.983,0.979,0.983,0
0.98,0.984,0.99,0
0.976,0.963,0.971,1
0.907,0.93,0.908,1
0.983,0.982,0.981,0
0.984,0.991,0.993,0
0.9584073640944154,0.9726777220965274,0.9699540842739421,1
0.92,0.93,0.933,1
0.957,0.98,0.977,1
0.928,0.915,0.89,1
0.977,0.965,0.974,1
0.926,0.931,0.926,1
0.974,0.977,0.985,1
0.935,0.942,0.943,1
0.976,0.982,0.988,0
0.952,0.969,0.982,1
0.942,0.939,0.938,1
0.985,0.99,0.984,0
0.913,0.94,0.939,1
0.945,0.896,0.9,1
0.969,0.99,0.983,1
0.988,0.99,0.987,0
0.956,0.972,0.97,1
0.977,0.993,0.986,0
0.953,0.974,0.972,1
0.907,0.917,0.922,1
0.979,0.989,0.984,0
0.958,0.968,0.969,1
0.966,0.967,0.98,1
0.966,0.983,0.97,1
0.928,0.93,0.942,1
0.924,0.932,0.905,1
0.989,0.988,0.985,0
0.966,0.981,0.98,1
0.909,0.93,0.916,1
0.98,0.989,0.988,0
0.988,0.989,0.984,0
0.964,0.979,0.974,1
0.894,0.94,0.918,1
0.924,0.917,0.903,1
0.976,0.967,0.976,1
0.918,0.936,0.949,1
0.9181746958877721,0.9743357098634414,0.9669002072507755,1
0.899,0.898,0.906,1
0.9899579666310607,0.9874846336168932,0.9832790250838681,0
0.985,0.986,0.981,0
0.953,0.969,0.977,1
0.989,0.99,0.991,0
0.958,0.958,0.967,1
0.974,0.981,0.97,1
0.908,0.923,0.912,1
0.927,0.938,0.945,1
0.936,0.921,0.939,1
0.934,0.965,0.945,1
0.948,0.927,0.93,1
0.918,0.919,0.912,1
0.908,0.939,0.923,1
0.9531587819523555,0.9696655071544733,0.9660303359106271,0
0.97,0.972,0.976,1
0.4312872350531656,0.6525822638744889,0.6500698736120164,0
0.916,0.954,0.947,1
0.979,0.977,0.987,0
0.917,0.947,0.944,1
0.931,0.922,0.936,1
0.9749340294751311,0.9837281428882785,0.9796626409096019,1
0.92,0.947,0.941,1
0.9550344192335934,0.9415643685333182,0.9331871374414032,0
0.916,0.946,0.936,1
0.951,0.979,0.975,1
0.9148893952799764,0.9504631188049223,0.948136559618783,1
0.983,0.994,0.989,0
0.987,0.992,0.988,0
0.932,0.928,0.932,1
0.91,0.946,0.956,1
0.989,0.989,0.988,0
0.91,0.934,0.941,1
0.957,0.981,0.972,1
0.939,0.949,0.92,1
0.957,0.987,0.978,1
0.976,0.993,0.992,0
0.9470766500950221,0.9661319613036405,0.9604685660560991,1
0.9742472212815733,0.9798775965724635,0.9759256593880112,1
0.967,0.969,0.981,1
0.986,0.993,0.985,0
0.9803293208009226,0.9832952901108301,0.9789129316235051,0
0.9661864610269976,0.971510255169049,0.96396950521562,1
0.904,0.924,0.929,1
0.961,0.979,0.973,1
0.925,0.929,0.942,1
0.979,0.981,0.975,1
0.955,0.973,0.962,1
0.987051760822862,0.9832826875928542,0.9752029213685806,1
0.9,0.945,0.942,1
0.977,0.988,0.983,0
0.983735329836331,0.9831080485163824,0.9771772957008719,0
0.9682844541131136,0.9768810683451198,0.9745450199235146,1
0.954,0.982,0.981,1
0.954,0.975,0.982,1
0.975,0.978,0.988,0
0.896,0.943,0.936,1
0.984,0.984,0.98,0
0.976,0.986,0.971,1
0.981,0.984,0.987,0
0.921,0.906,0.909,1
0.986,0.988,0.986,0
0.9825025134382289,0.9829732766901231,0.9757376982468704,1
0.931,0.908,0.899,1
0.9152881903658107,0.95228309931388,0.949144051754767,1
0.928,0.949,0.938,1
0.985,0.984,0.982,0
0.9719263127882234,0.9788053659739011,0.9749047906569844,1
0.929,0.955,0.944,1
0.907,0.914,0.906,1
0.911,0.943,0.925,1
0.978,0.989,0.99,0
0.914,0.931,0.946,1
0.954,0.979,0.968,1
0.982,0.984,0.985,0
0.935,0.917,0.897,1
0.97,0.972,0.965,1
0.981,0.981,0.978,1
0.983,0.988,0.987,0
0.9834730954716304,0.9846667647356837,0.9808052497490367,1
0.942,0.98,0.978,1
0.982,0.988,0.979,0
0.912,0.905,0.923,1
0.983,0.984,0.992,0
0.98,0.983,0.986,0
0.917,0.925,0.918,1
0.961,0.975,0.964,1
0.988,0.995,0.993,0
0.922,0.948,0.943,1
0.919,0.92,0.901,1
0.901,0.905,0.885,1
0.982,0.99,0.986,0
0.981,0.987,0.983,0
0.934,0.965,0.951,1
0.922,0.946,0.939,1
0.914,0.929,0.938,1
0.907,0.915,0.907,1
0.98,0.986,0.983,0
0.973,0.992,0.986,0
0.979,0.986,0.981,1
0.985,0.988,0.989,0
0.928,0.934,0.936,1
0.961,0.973,0.977,1
0.943,0.981,0.968,1
0.929,0.934,0.903,1
0.969,0.964,0.962,1
0.963,0.971,0.973,1
0.981,0.995,0.984,0
0.957,0.937,0.933,1
0.993,0.982,0.978,0
0.988,0.99,0.988,0
0.981,0.987,0.993,0
0.9710528073926479,0.9781812327287654,0.9732079764812154,1
0.908,0.976,0.972,1
0.981,0.995,0.995,0
0.9783064455560724,0.980652699438165,0.975091875296184,1
0.954,0.975,0.978,1
0.921,0.932,0.918,1
0.9239105830658249,0.8635919677125392,0.8579188159034115,1
0.976,0.974,0.977,1
0.92,0.936,0.922,1
0.9778622188176153,0.9764002293160172,0.9648834228336466,0
0.909,0.943,0.946,1
0.9574028863104527,0.9601106665152638,0.9476826378000763,1
0.932,0.927,0.923,1
0.917,0.943,0.945,1
0.942,0.933,0.921,1
0.913,0.937,0.914,1
0.909,0.954,0.931,1
0.96,0.965,0.968,1
0.977,0.971,0.966,1
0.97,0.974,0.964,1
0.992,0.995,0.987,0
0.955,0.979,0.974,1
0.907,0.937,0.93,1
0.954,0.98,0.973,1
0.925,0.896,0.902,1
0.984,0.985,0.989,0
0.7768127255975718,0.87726411838787,0.8747062641242153,1
0.939,0.944,0.919,1
0.986,0.98,0.994,0
0.981,0.988,0.992,0
0.972,0.989,0.985,0
0.965085933629712,0.9611928512033182,0.9587353976383517,1
0.91,0.926,0.912,1
0.981,0.976,0.963,1
0.965,0.968,0.972,1
0.984,0.981,0.981,0
0.992,0.987,0.988,0
0.922,0.923,0.943,1
0.9829356793981053,0.9857220684113757,0.9803876353069132,1
0.978,0.981,0.986,0
0.984,0.977,0.983,0
0.975,0.979,0.975,1
0.908,0.964,0.938,1
0.978,0.989,0.993,0
0.933,0.943,0.957,1
0.962,0.974,0.975,1
0.987,0.985,0.989,0
0.982,0.989,0.986,0
0.975,0.984,0.983,0
0.912,0.921,0.926,1
0.986,0.985,0.989,0
0.965,0.968,0.982,1
0.913,0.968,0.97,1
0.985,0.988,0.984,0
0.939,0.95,0.935,1
0.922,0.913,0.928,1
0.901,0.972,0.962,1
0.968,0.975,0.976,1
0.985,0.992,0.989,0
0.942,0.968,0.974,1
0.925,0.925,0.908,1
0.9626665032156655,0.9718556544870399,0.9672647378392363,1
0.969,0.974,0.974,1
0.954,0.981,0.972,1
0.931,0.926,0.947,1
0.956,0.973,0.974,1
0.985,0.99,0.991,0
0.984,0.973,0.969,1
0.916,0.934,0.918,1
0.979,0.986,0.992,0
0.9754097338751316,0.9705276415665066,0.9609283848580048,0
0.916,0.915,0.931,1
0.9296716185773539,0.9542424602898756,0.9513845355600858,0
0.944,0.979,0.968,1
0.975,0.994,0.989,0
0.917,0.951,0.938,1
0.907,0.919,0.921,1
0.937,0.943,0.944,1
0.941,0.971,0.956,1
0.935,0.942,0.94,1
0.984,0.98,0.983,0
0.959,0.981,0.971,1
0.972,0.976,0.981,1
0.9791137740501512,0.9877622588684317,0.985957650220914,1
0.981,0.992,0.989,0
0.973,0.971,0.979,1
0.974,0.978,0.968,1
0.9776669358210717,0.9839364143842136,0.9803619089049017,1
0.932,0.948,0.942,1
0.977,0.976,0.974,1
0.985,0.991,0.989,0
0.9884400670031575,0.9884886153590203,0.9854719761964796,0
0.9689725383231753,0.9781772627780826,0.9746161300516909,1
0.978,0.99,0.993,0
0.9607470296074684,0.9654227094830261,0.9527758583924449,0
0.983,0.978,0.987,1
0.962,0.978,0.971,1
0.924,0.941,0.936,1
0.96,0.972,0.967,1
0.964,0.979,0.973,1
0.976,0.985,0.984,1
0.986,0.982,0.991,0
0.963,0.983,0.969,1
0.977,0.984,0.987,0
0.98,0.982,0.985,0
0.9702072307590137,0.9592932559649807,0.9505092743024116,0
0.914,0.935,0.926,1
0.987,0.991,0.989,0
0.932,0.946,0.94,1
0.9928408675144088,0.9891174975585117,0.9855292054541125,0
0.915,0.956,0.956,1
0.983,0.986,0.991,0
0.919,0.948,0.942,1
0.966,0.983,0.982,1
0.9893416289961521,0.9887605012871687,0.9860962745143513,0
0.897,0.933,0.927,1
0.979,0.993,0.986,0
0.923,0.896,0.903,1
0.9257816605975637,0.9589547714295144,0.9576587063890897,1
0.966,0.965,0.975,1
0.974,0.981,0.983,1
0.978,0.995,0.988,0
0.971611030294594,0.9763429601071337,0.9682312067590463,0
0.979,0.987,0.982,0
0.973,0.974,0.974,1
0.977,0.993,0.992,0
0.98,0.984,0.984,0
0.962,0.977,0.977,1
0.9751647195733607,0.9802179872151586,0.9751758411693595,1
0.993,0.984,0.983,0
0.952,0.972,0.966,1
0.907,0.939,0.955,1
0.977,0.987,0.989,0
0.985,0.986,0.992,0
0.941,0.972,0.968,1
0.977,0.977,0.982,1
0.946,0.937,0.945,1
0.937,0.979,0.972,1
0.961,0.972,0.976,1
0.905,0.935,0.909,1
0.946,0.971,0.978,1
0.983,0.979,0.981,1
0.98479979826312,0.979785476395328,0.9700140254374024,0
0.985,0.987,0.985,0
0.909,0.935,0.938,1
0.9869703138555086,0.9863902690524353,0.9821607496372615,0
0.39889342834610064,0.5452811043474611,0.5434657255657277,1
0.988,0.984,0.989,0
0.989255007214845,0.9883978891229624,0.9838375882550014,1
0.987,0.99,0.988,0
0.975,0.989,0.992,0
0.924,0.927,0.92,1
0.959,0.98,0.971,1
0.912,0.929,0.947,1
0.984,0.99,0.984,0
0.981,0.986,0.988,0
0.975,0.991,0.99,0
0.979,0.985,0.987,0
0.978,0.987,0.987,0
0.967,0.988,0.978,1
0.985,0.982,0.991,0
0.988,0.984,0.988,0
0.971,0.979,0.981,1
0.976,0.983,0.98,1
0.963,0.982,0.976,1
0.963,0.973,0.97,1
0.954,0.926,0.94,1
0.969,0.98,0.969,1
0.947,0.976,0.978,1
0.946,0.976,0.978,1
0.97,0.981,0.975,1
0.9660358237912964,0.9782815564418824,0.9756198763615028,0
0.957,0.977,0.983,1
0.948,0.971,0.969,1
0.957,0.969,0.981,1
0.961,0.977,0.972,1
0.974,0.976,0.975,1
0.982,0.986,0.98,1
0.987,0.99,0.982,0
0.925,0.951,0.96,1
0.927,0.944,0.945,1
0.981,0.985,0.986,0
0.975,0.98,0.974,0
0.94,0.945,0.94,1
0.911,0.913,0.909,1
0.9894130482672313,0.988996768777498,0.9853584445095317,0
0.91,0.92,0.924,1
0.937,0.957,0.959,1
0.979,0.994,0.989,0
0.973,0.991,0.984,0
0.923,0.95,0.944,1
0.935,0.916,0.921,1
0.956,0.964,0.968,1
0.907,0.943,0.94,1
0.967,0.976,0.98,1
0.9868070983711124,0.9863958457147691,0.9834498669119157,0
0.917,0.933,0.928,1
0.941,0.935,0.945,1
0.986,0.985,0.988,0
0.967,0.991,0.986,0
0.926,0.899,0.921,1
0.975,0.984,0.981,0
0.981,0.991,0.991,0
0.9668022350362797,0.9782650070318487,0.9763613759224005,0
0.959,0.966,0.964,1
0.977,0.967,0.976,1
0.981,0.99,0.979,0
0.953,0.967,0.96,1
0.91,0.904,0.914,1
0.9832803574475306,0.9839598751054601,0.9790172083321816,1
0.97,0.979,0.976,1
0.959,0.968,0.976,1
0.956,0.971,0.975,1
0.987,0.984,0.989,0
0.994,0.992,0.993,0
0.936,0.912,0.917,1
0.906,0.929,0.915,1
0.952,0.965,0.958,1
0.899,0.942,0.949,1
0.976,0.979,0.984,0
0.984,0.988,0.988,0
0.953,0.973,0.976,1
0.988,0.991,0.985,0
0.934,0.903,0.913,1
0.976,0.989,0.986,0
0.894,0.91,0.913,1
0.934,0.949,0.933,1
0.9764930614949204,0.9762136119482171,0.9669544318396703,0
0.9558245196293602,0.9701278923952471,0.9675900871738727,1
0.976,0.988,0.988,0
0.963,0.972,0.973,1
0.955,0.985,0.977,1
0.978,0.983,0.98,0
0.955,0.976,0.979,1
0.975,0.987,0.987,0
0.903,0.925,0.925,1
0.9621448221272672,0.974532162077823,0.9714390351349995,0
0.982,0.985,0.984,0
0.897,0.917,0.906,1
0.92,0.939,0.926,1
0.955,0.971,0.97,1
0.984,0.993,0.986,0
0.973,0.976,0.976,1
0.969,0.974,0.981,1
0.955,0.98,0.981,1
0.987,0.993,0.992,0
0.916,0.92,0.944,1
0.978,0.978,0.986,0
0.979,0.986,0.991,0
0.987,0.993,0.991,0
0.967,0.98,0.981,1
0.9852123680456292,0.9775738318937873,0.9716663477670306,0
0.93,0.915,0.91,1
0.941,0.968,0.98,1
0.984835659617295,0.9812859689841453,0.9746929811422652,0
0.988,0.991,0.988,0
0.976,0.977,0.965,1
0.931,0.939,0.95,1
0.928,0.936,0.931,1
0.8468127587444367,0.9160305229388979,0.9141741404217878,0
0.9885496023685155,0.9880758381090172,0.9851110420152768,0
0.9792677645049429,0.9784554980188056,0.9692803051906708,0
0.981,0.986,0.984,0
0.947,0.967,0.976,1
0.932,0.947,0.952,1
0.8944964103528195,0.9412730167826825,0.9394935527275241,0
0.9521768195873253,0.9695085937672129,0.9664684447669983,1
0.921,0.95,0.936,1
0.963,0.97,0.966,1
0.91,0.935,0.929,1
0.9859290908512923,0.9828093799533725,0.9743290853264562,1
0.979,0.986,0.986,0
0.98,0.984,0.992,0
0.959,0.973,0.973,1
0.962,0.975,0.975,1
0.976,0.985,0.986,0
0.975,0.979,0.969,1
0.975,0.983,0.975,1
0.987,0.996,0.985,0
0.924,0.902,0.92,1
0.985,0.99,0.987,0
0.967,0.973,0.974,1
0.972,0.971,0.966,1
0.976,0.977,0.97,1
0.984170687916482,0.9881994558547276,0.9858245803259166,0
0.961,0.962,0.968,1
0.8935797297306617,0.9397912699284552,0.9370522770119029,1
0.9864705497590438,0.985796673775926,0.981870259557843,0
0.926,0.935,0.924,1
0.9183078582507156,0.9498253772076196,0.9431389000878861,1
0.5681649537925695,0.7461551879063704,0.7441700601806566,0
0.947,0.982,0.978,1
0.976,0.988,0.98,1
0.96,0.976,0.97,1
0.8905242810479954,0.9377791298909154,0.933452375425877,1
0.934,0.941,0.926,1
0.947,0.956,0.954,1
0.915,0.951,0.939,1
0.9751000534067451,0.976476931306417,0.9663332458030653,0
0.973,0.977,0.966,1
0.9726086148683887,0.9689422939444431,0.957718882921853,1
0.964,0.977,0.976,1
0.969,0.976,0.963,1
0.965,0.971,0.973,1
0.917,0.908,0.922,1
0.925,0.942,0.938,1
0.98,0.986,0.986,0
0.978,0.992,0.98,0
0.923,0.918,0.917,1
0.924,0.916,0.917,1
0.917,0.922,0.918,1
0.98,0.987,0.992,0
0.9863650910229526,0.9821450472778971,0.9740814125121108,0
0.898,0.911,0.911,1
0.971,0.982,0.965,1
0.977,0.995,0.991,0
0.986,0.991,0.985,0
0.958,0.978,0.97,1
0.975,0.99,0.991,0
0.983,0.983,0.986,0
0.985,0.984,0.984,0
0.908,0.942,0.953,1
0.961,0.975,0.974,1
0.981,0.984,0.991,0
0.894,0.946,0.926,1
0.917,0.902,0.917,1
0.9419578225155046,0.9645571694286746,0.9614294134974607,1
0.969,0.979,0.974,1
0.936,0.949,0.944,1
0.907,0.924,0.915,1
0.99,0.99,0.987,0
0.982,0.989,0.992,0
0.946,0.932,0.941,1
0.98,0.979,0.984,0
0.9567059788658867,0.9716332804483341,0.9665010482981343,1
0.903,0.903,0.93,1
0.978,0.983,0.983,1
0.948,0.943,0.947,1
0.901,0.963,0.959,1
0.945,0.983,0.977,1
0.932,0.934,0.938,1
0.968,0.976,0.978,1
0.921,0.924,0.945,1
0.963,0.973,0.969,1
0.964,0.985,0.979,1
0.958418733083578,0.9723987395589082,0.9687958327128701,1
0.947,0.963,0.958,1
0.919,0.92,0.923,1
0.923,0.914,0.91,1
0.965,0.975,0.974,1
0.899,0.937,0.947,1
0.959,0.923,0.918,1
0.98,0.973,0.97,1
0.965,0.967,0.961,1
0.986,0.988,0.987,0
0.982,0.978,0.987,0
0.928,0.938,0.939,1
0.906,0.928,0.922,1
0.915,0.937,0.915,1
0.9337701860349394,0.9577060332954749,0.9546414563014548,1
0.975,0.977,0.964,1
0.986,0.986,0.986,0
0.9859186138543402,0.988449703791617,0.9856758440871143,0
0.925,0.935,0.93,1
0.986,0.988,0.986,0
0.98,0.98,0.986,1
0.93,0.938,0.913,1
0.954,0.975,0.972,1
0.926,0.974,0.958,1
0.928,0.92,0.918,1
0.929,0.935,0.95,1
0.9577151422368512,0.9721852555810908,0.9694388216813923,0
0.907,0.924,0.924,1
0.911,0.944,0.942,1
0.9105608087918247,0.94899339487979,0.9460555065310139,1
0.95,0.938,0.952,1
0.964,0.977,0.978,1
0.921,0.883,0.906,1
0.981,0.984,0.99,0
0.93,0.94,0.917,1
0.914,0.92,0.926,1
0.984,0.991,0.987,0
0.982,0.984,0.985,0
0.97,0.97,0.966,1
0.978,0.994,0.981,0
0.985,0.991,0.993,0
0.952,0.968,0.963,1
0.9738603010742061,0.9806569139489472,0.9760446544886225,1
0.979,0.994,0.99,0
0.958,0.982,0.961,1
0.932,0.933,0.94,1
0.936,0.943,0.926,1
0.919,0.919,0.925,1
0.971,0.978,0.977,1
0.982,0.988,0.988,0
0.981,0.982,0.989,0
0.977,0.991,0.984,0
0.991,0.988,0.985,0
0.939,0.944,0.925,1
0.954,0.969,0.978,1
0.906,0.913,0.909,1
0.927,0.921,0.921,1
0.949,0.983,0.977,1
0.973,0.987,0.987,0
0.98,0.989,0.98,0
0.905,0.91,0.916,1
0.975,0.992,0.985,0
0.993,0.99,0.985,0
0.949,0.973,0.976,1
0.976,0.982,0.979,1
0.954,0.98,0.972,1
0.984,0.989,0.975,0
0.973,0.971,0.972,1
0.969,0.973,0.974,1
0.974,0.991,0.988,0
0.989,0.995,0.989,0
0.914,0.976,0.962,1
0.991,0.987,0.988,0
0.971,0.964,0.974,1
0.9510968417884414,0.9287530559029706,0.9126261604201229,0
0.9857078997389631,0.9842406242481353,0.9800273113147434,0
0.948,0.97,0.97,1
0.8306671453530043,0.8570880991609159,0.8441046615931138,1
0.968,0.978,0.974,1
0.959,0.968,0.976,1
0.977,0.987,0.984,0
0.929,0.936,0.946,1
0.9140351599727848,0.9489092082771885,0.9454476365313571,1
0.98,0.988,0.993,0
0.985,0.986,0.99,0
0.974,0.983,0.97,1
0.976,0.981,0.972,1
0.983,0.987,0.989,0
0.913,0.95,0.936,1
0.8239594206632831,0.9096644270681511,0.9072184903548905,1
0.98,0.983,0.986,0
0.986,0.982,0.987,0
0.9626665032156655,0.9718556544870399,0.9672647378392363,1
0.991268665432212,0.990252243346732,0.9864519676232109,1
0.984,0.985,0.989,0
0.985,0.978,0.981,0
0.89,0.942,0.937,1
0.983,0.986,0.982,0
0.922,0.958,0.946,1
0.6882979684028483,0.7875586393542683,0.7855097304102532,1
0.985,0.987,0.987,0
0.957,0.965,0.964,1
0.9552994673613209,0.9687595715307968,0.9639396444297083,1
0.921,0.92,0.899,1
0.9740202399236578,0.9713347180417781,0.9572594881957918,0
0.93,0.944,0.941,1
0.989,0.989,0.989,0
0.924,0.942,0.933,1
0.917,0.932,0.942,1
0.903,0.949,0.957,1
0.931,0.936,0.949,1
0.9914611545736305,0.9879405871890763,0.983906246299758,0
0.978,0.973,0.973,1
0.982,0.984,0.992,0
0.921,0.94,0.933,1
0.992,0.99,0.989,0
0.982,0.986,0.992,0
0.99,0.99,0.988,0
0.97,0.98,0.981,1
0.926,0.938,0.933,1
0.9599909526081299,0.9721642221476829,0.9678988784551865,1
0.958,0.972,0.974,1
0.913,0.939,0.922,1
0.99,0.993,0.986,0
0.953,0.966,0.97,1
0.91,0.927,0.937,1
0.9523602186261279,0.9373871076730043,0.9288679608709504,0
0.923,0.924,0.905,1
0.982,0.988,0.987,0
0.95,0.963,0.957,1
0.979,0.99,0.99,0
0.987,0.982,0.99,0
0.976,0.989,0.981,0
0.981,0.986,0.988,0
0.973,0.975,0.966,1
0.988,0.989,0.993,0
0.962,0.974,0.974,1
0.25799999268958684,0.5040725834131162,0.5022179169097465,1
0.968,0.956,0.957,1
0.974,0.978,0.971,1
0.971,0.977,0.974,1
0.9882698626513221,0.9777050896042107,0.9650613138088899,1
0.9191266636572393,0.9545766353211972,0.9518599597780172,1
0.9796556975327423,0.9822059972899256,0.9765528980310179,0
0.942,0.92,0.917,1
0.919,0.909,0.916,1
0.984,0.997,0.987,0
0.926,0.957,0.949,1
0.9749575994794321,0.9678999969726263,0.9654633474583121,1
0.948,0.97,0.97,1
0.965,0.96,0.967,1
0.9807753461276385,0.9823760632965143,0.9794396636314199,1
0.988,0.982,0.986,0
0.975,0.982,0.993,0
0.92,0.889,0.88,1
0.979,0.991,0.992,0
0.9501684470462051,0.9608337791847018,0.9542185109650796,0
0.96,0.984,0.973,1
0.918,0.95,0.929,1
0.981,0.99,0.992,0
0.933,0.928,0.928,1
0.977,0.984,0.971,1
0.9720914983284977,0.9727342959738522,0.9648245253421028,1
0.983,0.991,0.998,0
0.987,0.989,0.987,0
0.925,0.941,0.941,1
0.964,0.977,0.978,1
0.949,0.983,0.965,1
0.925,0.918,0.909,1
0.984,0.987,0.987,0
0.983,0.986,0.984,0
0.982,0.983,0.986,0
0.925,0.944,0.946,1
0.976,0.978,0.968,1
0.965,0.976,0.974,1
0.903,0.92,0.922,1
0.966,0.965,0.97,1
0.928,0.967,0.954,1
0.981,0.994,0.988,0
0.9810752521793293,0.9846867146506132,0.9818753965940027,0
0.916,0.924,0.926,1
0.912,0.917,0.899,1
0.96,0.984,0.97,1
0.96,0.981,0.975,1
0.955,0.975,0.972,1
0.944,0.967,0.978,1
0.945,0.979,0.971,1
0.98,0.987,0.991,0
0.927,0.907,0.901,1
0.951,0.978,0.97,1
0.924,0.936,0.925,1
0.976,0.974,0.967,1
0.957,0.967,0.979,1
0.924,0.958,0.958,1
0.974,0.983,0.988,0
0.965,0.969,0.971,1
0.915,0.912,0.917,1
0.945,0.949,0.947,1
0.9566171284880994,0.9723416567835632,0.9695074388442958,0
0.981,0.99,0.991,0
0.96,0.975,0.98,1
0.988,0.988,0.984,0
0.98,0.99,0.991,0
0.917,0.908,0.921,1
0.984,0.988,0.99,0
0.974,0.991,0.988,0
0.9509399500246047,0.9561467845789869,0.941607667636694,1
0.981,0.984,0.985,0
0.901,0.939,0.931,1
0.972,0.988,0.992,0
0.958,0.967,0.965,1
0.982,0.99,0.992,0
0.94,0.94,0.943,1
0.944,0.982,0.972,1
0.9700058044485564,0.9781233871705579,0.9746713583472554,1
0.955,0.976,0.966,1
0.9755801563919985,0.9824690847213153,0.9797639092932058,0
0.95,0.97,0.976,1
0.986,0.983,0.988,0
0.926,0.932,0.945,1
0.8978731128882824,0.9406162768388674,0.9385945493863328,1
0.944,0.934,0.948,1
0.967,0.978,0.978,1
0.988,0.99,0.985,0
0.971,0.972,0.976,1
0.979,0.984,0.983,1
0.921,0.934,0.931,1
0.914,0.912,0.915,1
0.988,0.99,0.99,0
0.99,0.991,0.989,0
0.976,0.984,0.991,0
0.987,0.99,0.982,0
0.9423292603145977,0.9624099085925187,0.9569228426542271,1
0.979,0.993,0.992,0
0.9816081537468204,0.9782335886495919,0.9698736753577266,1
0.975,0.986,0.986,0
0.973,0.984,0.983,0
0.915,0.947,0.945,1
0.976,0.991,0.986,0
0.9858167600972573,0.985350882244537,0.9821652081769653,0
0.978,0.992,0.991,0
0.9419107839421021,0.9522423129685313,0.9445105966590167,1
0.978,0.99,0.993,0
0.9685903004154862,0.9723453503620371,0.9624407703773934,1
0.966,0.97,0.969,1
0.997,0.988,0.988,0
0.969,0.973,0.97,1
0.924,0.931,0.932,1
0.946,0.92,0.93,1
0.977,0.984,0.994,0
0.984,0.988,0.989,0
0.984,0.988,0.99,0
0.972,0.972,0.972,1
0.941,0.978,0.965,1
0.9334295978611408,0.9428232651417352,0.9317149053752739,1
0.974,0.971,0.982,1
0.977,0.984,0.969,1
0.915,0.948,0.935,1
0.975,0.978,0.979,1
0.939,0.934,0.938,1
0.9408555350272425,0.9602793157174221,0.9516546223358543,1
0.972,0.977,0.991,0
0.903,0.935,0.94,1
0.977,0.968,0.968,1
0.98,0.969,0.969,1
0.9816755004970198,0.9797134705072785,0.9727951747649675,0
0.935,0.941,0.935,1
0.941,0.974,0.982,1
0.96,0.974,0.976,1
0.985,0.995,0.986,0
0.993,0.996,0.984,0
0.938,0.954,0.949,1
0.952,0.968,0.968,1
0.9821698532977011,0.9848135049147783,0.9796372890004172,0
0.9797233424274132,0.9839967122259152,0.98029456572975,1
0.966,0.976,0.972,1
0.976,0.976,0.973,1
0.928,0.947,0.943,1
0.973,0.976,0.988,0
0.981,0.995,0.985,0
0.982,0.993,0.985,0
0.921,0.939,0.954,1
0.957,0.98,0.963,1
0.985,0.992,0.991,0
0.982,0.988,0.979,0
0.964,0.98,0.979,1
0.976318000765716,0.9736055545807458,0.9610114275304092,1
0.895,0.931,0.92,1
0.972,0.976,0.972,1
0.903,0.935,0.94,1
0.964,0.983,0.98,1
0.935,0.92,0.926,1
0.983,0.993,0.988,0
0.977,0.979,0.976,1
0.974,0.98,0.973,1
0.922,0.931,0.939,1
0.971,0.968,0.973,1
0.966,0.983,0.98,1
0.989,0.986,0.991,0
0.963,0.97,0.973,1
0.25067015992479197,0.4993030566251219,0.49842516423485184,1
0.9108257225272491,0.9475520766553156,0.9427609838870395,0
0.938,0.926,0.938,1
0.921,0.941,0.949,1
0.986,0.988,0.982,0
0.955,0.98,0.979,1
0.98,0.987,0.988,0
0.95,0.977,0.976,1
0.909,0.923,0.913,1
0.9848084386951,0.9854224813309633,0.9810472901543099,0
0.984,0.989,0.991,0
0.914,0.915,0.908,1
0.967,0.981,0.984,1
0.986,0.989,0.979,0
0.911,0.947,0.926,1
0.913,0.922,0.91,1
0.957,0.97,0.973,1
0.989,0.988,0.992,0
0.984,0.986,0.982,0
0.982,0.991,0.988,0
0.976,0.984,0.983,1
0.966,0.955,0.974,1
0.947,0.972,0.975,1
0.978,0.984,0.988,0
0.985,0.986,0.991,0
0.905,0.92,0.918,1
0.942,0.975,0.987,1
0.983,0.983,0.98,0
0.986,0.989,0.983,0
0.978,0.984,0.982,1
0.926,0.93,0.963,1
0.924,0.937,0.951,1
0.984,0.983,0.983,0
0.92,0.922,0.942,1
0.985,0.979,0.992,0
0.904,0.914,0.927,1
0.945,0.941,0.951,1
0.977,0.964,0.965,1
0.962,0.977,0.978,1
0.975,0.968,0.981,1
0.956,0.97,0.977,1
0.966,0.979,0.979,1
0.96,0.964,0.975,1
0.975,0.98,0.968,1
0.911,0.919,0.911,1
0.9846211822302882,0.9824870003600923,0.9744370435355835,1
0.967,0.972,0.97,1
0.958,0.979,0.972,1
0.896,0.926,0.92,1
0.929,0.918,0.917,1
0.98,0.987,0.989,0
0.972,0.981,0.98,0
0.976,0.991,0.986,0
0.971,0.966,0.973,1
0.9663912451154334,0.9787654905205098,0.976434823297421,1
0.908,0.903,0.925,1
0.944,0.942,0.942,1
0.969,0.974,0.979,1
0.887,0.927,0.925,1
0.936,0.951,0.951,1
0.912,0.933,0.908,1
0.899,0.909,0.905,1
0.906,0.925,0.906,1
0.982,0.989,0.99,0
0.92,0.95,0.93,1
0.963,0.986,0.972,1
0.981,0.977,0.976,1
0.917,0.949,0.948,1
0.976,0.984,0.99,0
0.8354426125254067,0.9023715836320301,0.8941726572923516,1
0.975,0.986,0.987,0
0.985,0.981,0.988,0
0.987,0.983,0.986,0
0.931,0.921,0.91,1
0.901,0.931,0.947,1
0.973,0.979,0.975,1
0.9878542876834433,0.9841847652358782,0.9773715083076804,1
0.974,0.983,0.988,0
0.937,0.92,0.908,1
0.9814906772711199,0.9469697729022627,0.9446720579028807,0
0.935,0.945,0.929,1
0.9669439018917229,0.978453275579039,0.9747640818387541,0
0.991,0.986,0.988,0
0.978,0.975,0.98,1
0.93,0.917,0.915,1
0.957,0.969,0.98,1
0.9458384032946409,0.9599493596848246,0.9495214603646216,1
0.917,0.929,0.932,1
0.953,0.936,0.943,1
0.968,0.988,0.98,0
0.957,0.98,0.975,1
0.987,0.993,0.985,0
0.974,0.972,0.97,1
0.974,0.979,0.981,1
0.939,0.93,0.943,1
0.956,0.977,0.972,1
0.984,0.992,0.996,0
0.981,0.991,0.982,0
0.9642645539065895,0.9743981206398472,0.9717298940344005,0
0.919,0.906,0.918,1
0.896,0.94,0.924,1
0.946,0.946,0.961,1
0.984,0.99,0.989,0
0.957,0.979,0.969,1
0.981,0.993,0.986,0
0.983,0.96,0.97,1
0.971,0.982,0.964,1
0.94,0.944,0.945,1
0.9810087105373657,0.9778998861636581,0.968788299219303,0
0.913,0.93,0.912,1
0.981,0.986,0.987,0
0.93,0.926,0.925,1
0.927,0.921,0.942,1
0.956,0.983,0.978,1
0.958,0.983,0.983,1
0.916,0.932,0.922,1
0.969,0.972,0.977,1
0.976,0.979,0.986,0
0.977,0.99,0.978,1
0.915,0.918,0.924,1
0.9462085217488683,0.9648308370999393,0.9615737856590669,0
0.982,0.99,0.984,0
0.8865661961158628,0.9357790260928176,0.9301414435706836,1
0.95,0.984,0.978,1
0.896,0.93,0.94,1
0.953,0.968,0.966,1
0.972,0.991,0.984,0
0.916,0.934,0.933,1
0.969,0.981,0.971,1
0.901,0.935,0.937,1
0.926,0.931,0.942,1
0.927,0.921,0.931,1
0.9839308431125608,0.9785469551194357,0.9695240402730178,0
0.981,0.986,0.99,0
0.957,0.97,0.966,1
0.9848950887571422,0.9797821313507331,0.9723583068587432,0
0.987,0.985,0.991,0
0.911,0.902,0.895,1
0.979,0.986,0.987,0
0.964,0.969,0.974,1
0.919,0.93,0.95,1
0.959,0.973,0.972,1
0.916,0.945,0.933,1
0.93,0.918,0.935,1
0.9650613251996729,0.9751566366294936,0.9726763535246178,1
0.99,0.983,0.992,0
0.975,0.99,0.983,0
0.964,0.983,0.978,1
0.966,0.971,0.965,1
0.974,0.973,0.973,1
0.961,0.978,0.974,1
0.971,0.994,0.983,0
0.962,0.988,0.981,1
0.931,0.941,0.952,1
0.9855914670158785,0.9859769004277364,0.9823697528569617,1
0.957,0.972,0.976,1
0.948,0.977,0.97,1
0.980869958348033,0.9833749555727304,0.9787117578437975,0
0.9735817422695852,0.9720838591927712,0.9621862324586044,0
0.9373233317752078,0.9504406894537908,0.9480724824927443,0
0.98,0.992,0.989,0
0.9884443786137576,0.9862304137215058,0.9829026711053256,0
0.959,0.972,0.96,1
0.894,0.929,0.91,1
0.956,0.971,0.953,1
0.9586330402773031,0.9696596073586399,0.9662048562046951,0
0.916,0.934,0.947,1
0.969,0.981,0.98,1
0.9830609535739419,0.9880366260204152,0.9854577873720226,1
0.987,0.989,0.983,0
0.953,0.982,0.985,1
0.959,0.963,0.97,1
0.979,0.986,0.986,0
0.919,0.915,0.907,1
0.959,0.972,0.979,1
0.9762765233437246,0.9699529033873312,0.9627495202443817,1
0.981,0.986,0.994,0
0.934,0.926,0.919,1
0.93,0.915,0.914,1
0.980199332951949,0.9848065583189314,0.9816064813793236,0
0.98,0.98,0.981,0
0.981,0.966,0.969,1
0.909,0.918,0.934,1
0.958,0.974,0.982,1
0.975,0.984,0.98,0
0.917,0.957,0.957,1
0.98,0.991,0.983,0
0.907,0.943,0.948,1
0.979,0.99,0.99,0
0.9657079679396537,0.9738653263953907,0.9691895929014649,1
0.992,0.988,0.99,0
0.975,0.978,0.981,1
0.982,0.993,0.986,0
0.981,0.985,0.992,0
0.955,0.968,0.968,1
0.954,0.981,0.98,1
0.978,0.988,0.987,0
0.933,0.952,0.942,1
0.933,0.94,0.955,1
0.945,0.982,0.982,1
0.9418895772617761,0.9197420161618548,0.910154677979831,0
0.992,0.992,0.989,0
0.9797237808574937,0.9826434608481548,0.9792108513993409,1
0.9400402619550542,0.9517001997223131,0.9385661722648858,1
0.943,0.947,0.944,1
0.952,0.979,0.969,1
0.96,0.981,0.978,1
0.969,0.97,0.967,1
0.971,0.978,0.98,1
0.913,0.911,0.933,1
0.917,0.931,0.938,1
0.982,0.984,0.985,0
0.952,0.968,0.969,1
0.941,0.973,0.978,1
0.9147048295964876,0.9499768629693074,0.9451183761763501,1
0.981,0.974,0.975,1
0.986,0.988,0.99,0
0.982,0.986,0.987,0
0.964,0.975,0.98,1
0.9724583425064803,0.973186752238796,0.9693332846305311,1
0.9778328807823369,0.9829608441040046,0.9797108324832652,1
0.961,0.971,0.969,1
0.979,0.986,0.994,0
0.986,0.988,0.995,0
0.948,0.979,0.98,1
0.936,0.94,0.95,1
0.924,0.935,0.938,1
0.991,0.993,0.995,0
0.975,0.98,0.98,1
0.981,0.977,0.979,1
0.984,0.98,0.993,0
0.9727285432264865,0.9735518009955227,0.9638636085813924,1
0.974,0.971,0.979,1
0.9281215040569983,0.9092280632694202,0.9005110597541147,1
0.955,0.976,0.98,1
0.945,0.982,0.978,1
0.927,0.939,0.946,1
0.911,0.933,0.939,1
0.988,0.99,0.989,0
0.964,0.976,0.967,1
0.989,0.99,0.991,0
0.949,0.992,0.981,1
0.989,0.981,0.988,0
0.979,0.975,0.966,1
0.959,0.974,0.967,1
0.93,0.95,0.948,1
0.966,0.974,0.982,1
0.9549714004268379,0.9060167184249377,0.894770068413694,1
0.904,0.917,0.918,1
0.928,0.901,0.913,1
0.982,0.985,0.99,0
0.931,0.938,0.948,1
0.984,0.987,0.991,0
0.913736246472436,0.9507757097176811,0.946078256306104,1
0.934,0.91,0.907,1
0.921,0.932,0.923,1
0.966,0.982,0.978,1
0.9323061635030988,0.9132571139566457,0.89258135134003,0
0.969,0.976,0.971,1
0.986,0.985,0.986,0
0.955,0.969,0.971,1
0.9848129186225971,0.9857864914749254,0.9824733578351899,1
0.953,0.985,0.979,1
0.897,0.942,0.954,1
0.977,0.979,0.974,1
0.974,0.984,0.987,1
0.928,0.96,0.955,1
0.91,0.957,0.949,1
0.9799897214878357,0.9746267314090685,0.9721425148184497,1
0.9859295337436796,0.9860769697126267,0.9816041740740927,0
0.951,0.981,0.974,1
0.913,0.93,0.933,1
0.9873144967058386,0.9846180893772453,0.9762951753163148,1
0.982,0.993,0.99,0
0.992,0.987,0.989,0
0.934,0.931,0.933,1
0.985,0.987,0.995,0
0.985,0.993,0.984,0
0.984,0.982,0.98,0
0.926,0.95,0.937,1
0.984,0.986,0.99,0
0.959,0.977,0.977,1
0.966,0.97,0.972,1
0.927,0.938,0.924,1
0.99,0.984,0.982,0
0.985,0.984,0.989,0
0.985,0.989,0.981,0
0.929,0.947,0.945,1
0.9476423321366246,0.9577567381147036,0.9428034815704298,1
0.959,0.962,0.979,1
0.913,0.924,0.921,1
0.956,0.97,0.975,1
0.911,0.942,0.95,1
0.988695472752671,0.9856038451381517,0.9817212859131275,0
0.94,0.974,0.978,1
0.9676469694375611,0.974517730264351,0.9686488976447355,1
0.918,0.937,0.943,1
0.918,0.951,0.949,1
0.919,0.941,0.938,1
0.952,0.979,0.966,1
0.938,0.908,0.895,1
0.941,0.921,0.904,1
0.906,0.937,0.932,1
0.9358172915953832,0.9667313063822257,0.9634402789914506,1
0.905,0.939,0.931,1
0.979,0.978,0.973,1
0.977,0.988,0.991,0
0.978,0.993,0.983,0
0.973,0.984,0.99,0
0.981,0.987,0.985,0
0.902,0.94,0.923,1
0.967,0.975,0.984,1
0.9774092469735801,0.9817910077775068,0.9789299863664955,0
0.98,0.989,0.991,0
0.904,0.924,0.914,1
0.955,0.969,0.972,1
0.985,0.993,0.979,0
0.979,0.983,0.991,0
0.987,0.992,0.984,0
0.958,0.957,0.976,1
0.916,0.937,0.931,1
0.9774772947536193,0.9766903204483625,0.9667661781024858,0
0.981,0.989,0.991,0
0.915,0.906,0.907,1
0.91,0.929,0.916,1
0.9713501768003565,0.9754404859007216,0.9681534100047484,1
0.97,0.979,0.958,1
0.978,0.99,0.987,0
0.977,0.978,0.981,1
0.914,0.924,0.913,1
0.917,0.936,0.942,1
0.976,0.989,0.986,0
0.978,0.986,0.989,0
0.972,0.976,0.984,0
0.958,0.963,0.967,1
0.971,0.964,0.966,1
0.982,0.986,0.99,0
0.929,0.948,0.949,1
0.987,0.988,0.989,0
0.9664043531853701,0.9506911310540241,0.9418840565102645,0
0.968,0.975,0.983,1
0.925,0.935,0.932,1
0.985,0.986,0.991,0
0.985,0.978,0.985,0
0.916,0.928,0.927,1
0.923,0.917,0.912,1
0.9615325015899114,0.9686904096048676,0.957462737630976,1
0.905,0.892,0.888,1
0.984,0.99,0.992,0
0.967,0.973,0.974,1
0.975,0.991,0.991,0
0.978,0.976,0.971,1
0.984,0.993,0.992,0
0.914,0.919,0.93,1
0.981,0.993,0.992,0
0.983,0.981,0.982,0
0.967,0.988,0.986,1
0.908,0.933,0.937,1
0.97,0.967,0.983,1
0.981,0.984,0.984,0
0.938,0.917,0.93,1
0.916,0.951,0.934,1
0.897,0.918,0.931,1
0.9329998504044507,0.958623118795207,0.9531346347995393,1
0.983,0.989,0.995,0
0.924,0.926,0.935,1
0.956,0.971,0.971,1
0.967,0.973,0.979,1
0.955,0.971,0.967,1
0.946,0.947,0.941,1
0.947,0.943,0.932,1
0.91,0.923,0.924,1
0.941,0.96,0.967,1
0.988,0.986,0.986,0
0.957,0.973,0.968,1
0.925,0.93,0.955,1
0.909,0.97,0.964,1
0.917,0.886,0.905,1
0.916,0.919,0.915,1
0.9683457099189255,0.964317384747682,0.9517683467346967,1
0.983702864229754,0.9835679689530512,0.9770210731619806,0
0.945,0.969,0.974,1
0.9840223260426109,0.9898228813654943,0.9875732359299946,1
0.918,0.928,0.917,1
0.985,0.987,0.986,0
0.9826636626950702,0.9872408226762216,0.9842338256413107,1
0.925,0.966,0.963,1
0.987,0.989,0.987,0
0.957,0.968,0.969,1
0.974,0.968,0.97,1
0.965,0.969,0.983,1
0.964,0.977,0.98,1
0.979,0.978,0.984,0
0.954,0.965,0.976,1
0.978,0.987,0.985,0
0.942,0.981,0.971,1
0.926,0.969,0.966,1
0.915,0.931,0.917,1
0.988,0.99,0.986,0
0.977,0.978,0.987,0
0.963,0.977,0.979,1
0.9885705446843869,0.9823317969396975,0.9728113738363287,0
0.924,0.938,0.944,1
0.985,0.99,0.988,0
0.969,0.98,0.975,1
0.983,0.994,0.988,0
0.961,0.967,0.975,1
0.988,0.989,0.987,0
0.925,0.951,0.931,1
0.948,0.961,0.981,1
0.972,0.968,0.961,1
0.972,0.961,0.967,1
0.966,0.977,0.977,1
0.907,0.946,0.94,1
0.994,0.985,0.984,0
0.9357579844476898,0.9668232576906693,0.9618959396862194,1
0.964,0.973,0.972,1
0.943,0.931,0.929,1
0.985,0.992,0.98,0
0.993,0.988,0.988,0
0.934,0.946,0.94,1
0.929,0.939,0.925,1
0.975,0.983,0.994,0
0.963,0.97,0.981,1
0.955,0.971,0.968,1
0.923,0.92,0.906,1
0.943,0.962,0.964,1
0.923,0.944,0.925,1
0.924,0.92,0.918,1
0.9869501139482388,0.9902532366432478,0.9880564380651908,0
0.988,0.988,0.993,0
0.957,0.973,0.977,1
0.98,0.989,0.985,0
0.939,0.911,0.908,1
0.991,0.989,0.982,0
0.9721685390340481,0.9789094609096014,0.9760911669997115,1
0.986,0.982,0.989,0
0.9707722986076641,0.956856609617719,0.9484527717961514,0
0.954,0.966,0.97,1
0.917,0.924,0.93,1
0.99,0.992,0.986,0
0.981,0.987,0.98,0
0.976,0.982,0.977,1
0.99,0.988,0.988,0
0.985,0.993,0.987,0
0.915,0.935,0.947,1
0.967,0.976,0.972,1
0.9809864770406315,0.9845428546915735,0.9797233781491957,1
0.925,0.929,0.938,1
0.937,0.965,0.976,1
0.975,0.974,0.98,1
0.973,0.979,0.983,1
0.981,0.989,0.994,0
0.936684310132107,0.9624270414997137,0.957249706994334,1
0.935,0.931,0.913,1
0.9839055338481931,0.9848564971192454,0.9800434225010395,0
0.928,0.953,0.951,1
0.951,0.98,0.971,1
0.92,0.957,0.953,1
0.9484186248139032,0.9631628872299016,0.9560799999431377,1
0.949,0.969,0.966,1
0.924,0.936,0.957,1
0.976,0.972,0.983,0
0.928,0.979,0.971,1
0.94,0.927,0.951,1
0.9380017947184189,0.9546839046790963,0.943019874202106,1
0.9,0.944,0.935,1
0.985,0.991,0.984,0
0.963,0.978,0.981,1
0.926,0.912,0.905,1
0.941,0.911,0.905,1
0.988,0.988,0.988,0
0.986,0.985,0.981,0
0.987,0.988,0.994,0
0.936,0.934,0.939,1
0.924,0.918,0.918,1
0.983,0.989,0.986,0
0.928,0.947,0.954,1
0.973,0.968,0.972,1
0.988,0.988,0.988,0
0.984,0.992,0.986,0
0.963,0.973,0.99,1
0.9773707391657119,0.9821762050744863,0.9779591988683284,1
0.9804537792003744,0.9843104780969996,0.9803434013586335,0
0.962,0.967,0.976,1
0.9688492821295092,0.974548025503129,0.9680357899848189,0
0.925,0.924,0.929,1
0.9717513618380887,0.9859788845277002,0.9836927854238074,1
0.929,0.921,0.917,1
0.983,0.987,0.985,0
0.93,0.943,0.955,1
0.939,0.956,0.934,1
0.965,0.966,0.969,1
0.987,0.993,0.984,0
0.917,0.929,0.942,1
0.964,0.963,0.962,1
0.946,0.931,0.928,1
0.95,0.938,0.938,1
0.983,0.988,0.991,0
0.909,0.93,0.926,1
0.9712850883795007,0.9739303617338435,0.9633763753657196,1
0.924,0.946,0.952,1
0.913,0.927,0.936,1
0.9776399281700017,0.975039986225851,0.965350366691813,0
0.945,0.917,0.927,1
0.959,0.974,0.983,1
0.985,0.988,0.981,0
0.953,0.979,0.974,1
0.941,0.92,0.907,1
0.912,0.946,0.942,1
0.912,0.915,0.911,1
0.9871200064382174,0.9847978554383896,0.9788569085987576,0
0.9956784443700144,0.9923404588900994,0.9900961351572608,0
0.979,0.98,0.973,1
0.964,0.969,0.974,1
0.967,0.964,0.968,1
0.924,0.944,0.939,1
0.912,0.936,0.933,1
0.907,0.924,0.931,1
0.989,0.98,0.987,0
0.927,0.901,0.91,1
0.9296209976515919,0.9582229062302938,0.9561306439945492,1
0.987,0.985,0.988,0
0.952,0.969,0.964,1
0.985,0.98,0.987,0
0.941,0.969,0.969,1
0.958,0.969,0.961,1
0.961,0.979,0.957,1
0.965,0.976,0.979,1
0.9758087186123219,0.9793359901152949,0.975135714721953,1
0.976,0.981,0.992,0
0.911,0.901,0.893,1
0.984,0.988,0.983,0
0.918,0.947,0.938,1
0.9760754003795197,0.9815650338031217,0.9783211822302538,1
0.954,0.932,0.927,1
0.987,0.982,0.987,0
0.984,0.982,0.985,0
0.923,0.925,0.93,1
0.971,0.979,0.98,1
0.98,0.991,0.989,0
0.989,0.984,0.985,0
0.918,0.934,0.931,1
0.983,0.991,0.989,0
0.939,0.949,0.955,1
0.97,0.975,0.975,1
0.92,0.945,0.945,1
0.922,0.952,0.954,1
0.969,0.97,0.972,1
0.91,0.915,0.914,1
0.903,0.924,0.918,1
0.964,0.965,0.973,1
0.913,0.926,0.921,1
0.95,0.981,0.969,1
0.985,0.992,0.986,0
0.9762622727574889,0.979274161633647,0.97435615934745,1
0.9855857091490791,0.9793133585784961,0.970155080492595,0
0.9822845448196731,0.9837903908689385,0.9811567256116274,0
0.974,0.971,0.985,1
0.955,0.976,0.974,1
0.927,0.942,0.939,1
0.923,0.957,0.949,1
0.927,0.944,0.938,1
0.979,0.983,0.987,0
0.906,0.934,0.921,1
0.986,0.986,0.991,0
0.95,0.978,0.976,1
0.957,0.979,0.975,1
0.949,0.959,0.981,1
0.973,0.969,0.96,1
0.91,0.942,0.925,1
0.99,0.991,0.986,0
0.943,0.928,0.921,1
0.976,0.977,0.979,1
0.9207579964622237,0.9574391436735974,0.9543196096359017,1
0.976,0.975,0.98,1
0.937,0.925,0.939,1
0.99,0.982,0.985,0
0.9738963077489203,0.9849692613030471,0.9824236900386226,1
0.904,0.956,0.955,1
0.93,0.931,0.928,1
0.977,0.989,0.991,0
0.978,0.978,0.969,1
0.969,0.966,0.988,1
0.942,0.98,0.972,1
0.974,0.975,0.981,1
0.929,0.909,0.919,1
0.93,0.937,0.921,1
0.936,0.915,0.903,1
0.9419230518091701,0.9307093609300102,0.920921203925009,0
0.948,0.98,0.975,1
0.967,0.985,0.993,0
0.898,0.918,0.932,1
0.959,0.977,0.968,1
0.98,0.97,0.975,1
0.98,0.971,0.978,1
0.966,0.985,0.973,1
0.983,0.992,0.986,0
0.984,0.987,0.983,0
0.956,0.977,0.974,1
0.967,0.986,0.974,1
0.935,0.905,0.916,1
0.987,0.983,0.978,1
0.982,0.992,0.991,0
0.941,0.961,0.967,1
0.979,0.988,0.989,0
0.975,0.992,0.981,0
0.919,0.961,0.95,1
0.974,0.991,0.986,0
0.982,0.987,0.986,0
0.978,0.982,0.984,0
0.9685689985645831,0.9752238852426907,0.9716073295652169,0
0.981,0.989,0.992,0
0.97,0.966,0.969,1
0.967,0.929,0.948,1
0.98,0.988,0.994,0
0.91,0.937,0.945,1
0.9,0.935,0.929,1
0.923,0.938,0.924,1
0.946,0.973,0.968,1
0.929,0.918,0.916,1
0.975,0.985,0.987,0
0.966,0.971,0.981,1
0.976,0.982,0.986,0
0.906,0.937,0.938,1
0.904,0.906,0.914,1
0.9754746677492718,0.980566664958764,0.9777756370928358,1
0.938,0.941,0.931,1
0.959,0.97,0.976,1
0.982,0.987,0.993,0
0.9457927378000248,0.955144662565335,0.9453303852534906,1
0.955,0.97,0.97,1
0.982,0.997,0.989,0
0.972,0.983,0.992,0
0.984,0.972,0.977,1
0.99,0.989,0.996,0
0.964,0.968,0.975,1
0.978,0.981,0.971,1
0.978806304144697,0.9825596668267349,0.9784604817433546,1
0.975,0.976,0.975,1
0.984,0.986,0.985,0
0.9892251304314145,0.9851758825941432,0.9807573640731442,0
0.973,0.99,0.982,1
0.909,0.931,0.924,1
0.959,0.927,0.929,1
0.9036678374278925,0.9334298520586003,0.9227818477428587,1
0.983,0.977,0.982,0
0.976,0.979,0.98,0
0.9464004332335384,0.9596726130794816,0.9502914918357815,1
0.963,0.979,0.982,1
0.992,0.993,0.991,0
0.991,0.986,0.984,0
0.952,0.977,0.964,1
0.985,0.991,0.99,0
0.982,0.99,0.993,0
0.918,0.916,0.927,1
0.982,0.991,0.983,0
0.9885679367120914,0.9871136329707964,0.9831855118679681,0
0.97,0.964,0.971,1
0.982,0.985,0.983,0
0.943,0.932,0.945,1
0.9897234068029235,0.988503995942164,0.9849009621408054,0
0.986,0.995,0.987,0
0.983,0.984,0.989,0
0.977,0.979,0.973,1
0.982,0.989,0.988,0
0.912,0.942,0.934,1
0.989,0.98,0.98,1
0.971,0.981,0.98,1
0.92,0.92,0.908,1
0.937,0.962,0.958,1
0.922,0.891,0.903,1
0.966,0.973,0.979,1
0.913,0.978,0.97,1
0.929,0.938,0.936,1
0.981,0.994,0.991,0
0.982,0.99,0.981,0
0.981,0.987,0.993,0
0.41645304690971835,0.6388418623224704,0.6376994110719243,0
0.901,0.918,0.904,1
0.98,0.973,0.99,1
0.988,0.985,0.988,0
0.979,0.985,0.986,0
0.968,0.977,0.977,1
0.97,0.976,0.968,1
0.98,0.99,0.99,0
0.965,0.966,0.956,1
0.93,0.931,0.937,1
0.9580915643820954,0.9739746527836455,0.9717032848886208,0
0.973,0.99,0.989,0
0.984,0.991,0.992,0
0.959,0.972,0.977,1
0.959,0.972,0.981,1
0.919,0.955,0.944,1
0.926,0.925,0.918,1
0.981,0.983,0.981,0
0.961,0.972,0.974,1
0.913,0.945,0.946,1
0.951,0.974,0.974,1
0.984,0.975,0.975,1
0.9303816134890462,0.9437770294000849,0.9320645394765275,1
0.9263637338668882,0.9564820490447908,0.9541639805002836,1
0.40216507357642084,0.6296229562163709,0.6285307184475112,0
0.914,0.945,0.95,1
0.932,0.94,0.936,1
0.966,0.985,0.976,1
0.902,0.935,0.928,1
0.914,0.945,0.946,1
0.983,0.988,0.987,0
0.964,0.977,0.957,1
0.906,0.905,0.902,1
0.9850767910003154,0.9860745393224204,0.9830912022825946,0
0.922,0.909,0.922,1
0.9721368953118921,0.9721341080548811,0.9648385591539828,1
0.955,0.923,0.937,1
0.969,0.973,0.978,1
0.973,0.977,0.978,0
0.9801594433301765,0.982033430838963,0.9790160790019714,1
0.933,0.947,0.93,1
0.979,0.99,0.99,0
0.914,0.934,0.922,1
0.913,0.942,0.947,1
0.988,0.984,0.992,0
0.969,0.982,0.969,1
0.972,0.977,0.985,1
0.9701518648477747,0.975168302157858,0.9689115389109437,1
0.939,0.918,0.926,1
0.981,0.988,0.988,0
0.897,0.889,0.897,1
0.978,0.977,0.964,1
0.929,0.934,0.953,1
0.951,0.969,0.968,1
0.939,0.918,0.914,1
0.951,0.985,0.972,1
0.947,0.969,0.967,1
0.916,0.901,0.904,1
0.928,0.931,0.906,1
0.905,0.955,0.954,1
0.985,0.989,0.989,0
0.915,0.925,0.925,1
0.9380226568296042,0.9608007034212698,0.9566629526194086,1
0.9528673419679683,0.9563067350168942,0.9363606986198608,1
0.979466962414658,0.9805560364038189,0.9737925154309565,1
0.928,0.924,0.923,1
0.9632993699938232,0.9651998195442181,0.9566012822530545,0
0.92,0.95,0.95,1
0.918,0.943,0.939,1
0.982,0.99,0.99,0
0.933,0.939,0.948,1
0.909,0.931,0.937,1
0.976,0.982,0.977,0
0.9853421356307666,0.9839026006557622,0.9812316607292371,0
0.966,0.969,0.974,1
0.955,0.979,0.976,1
0.8787033041106225,0.92688731229812,0.9177340262397706,1
0.983,0.983,0.986,0
0.971,0.974,0.974,1
0.99,0.985,0.986,0
0.978,0.986,0.99,0
0.9781317482672006,0.9837133223778702,0.9798856094039687,1
0.982,0.991,0.989,0
0.9700533756721682,0.9726313309151228,0.9669236063954937,1
0.9809062514750733,0.9757551950190306,0.9678717296981599,0
0.957,0.964,0.968,1
0.951,0.973,0.965,1
0.979,0.986,0.989,0
0.967,0.979,0.972,1
0.981,0.994,0.987,0
0.987,0.992,0.985,0
0.989,0.984,0.99,0
0.927,0.916,0.929,1
0.913,0.927,0.913,1
0.987,0.988,0.987,0
0.967,0.969,0.96,1
0.977,0.978,0.98,1
0.964,0.976,0.962,1
0.926,0.921,0.917,1
0.913,0.94,0.941,1
0.972,0.982,0.983,1
0.9875972119535791,0.9856860743002868,0.981265267567058,0
0.979,0.991,0.991,0
0.973,0.988,0.992,0
0.98,0.991,0.99,0
0.979,0.979,0.979,1
0.926,0.943,0.934,1
0.897,0.94,0.927,1
0.922,0.943,0.947,1
0.917,0.94,0.936,1
0.935,0.95,0.957,1
0.964,0.984,0.98,1
0.986,0.988,0.99,0
0.91,0.942,0.934,1
0.901,0.908,0.906,1
0.978,0.986,0.98,0
0.978,0.972,0.974,1
0.918,0.927,0.948,1
0.959,0.977,0.979,1
0.914,0.92,0.901,1
0.917,0.93,0.945,1
0.976,0.963,0.98,1
0.983,0.985,0.979,0
0.961,0.93,0.92,1
0.964,0.982,0.981,1
0.902,0.962,0.968,1
0.953,0.979,0.968,1
0.988,0.985,0.984,0
0.914,0.929,0.906,1
0.958,0.923,0.944,1
0.8765278925651752,0.9317833116832581,0.9294136443714914,1
0.9831360478122966,0.9887946226326711,0.9856644225194837,1
0.956,0.971,0.967,1
0.978,0.987,0.981,0
0.94,0.952,0.933,1
0.989,0.989,0.979,0
0.911,0.935,0.927,1
0.986,0.986,0.984,0
0.968,0.963,0.973,1
0.992,0.983,0.985,0
0.9202567040028607,0.9534037814308823,0.9491366623717628,1
0.8534999501311704,0.8319108998213723,0.8103347349770414,1
0.918,0.931,0.942,1
0.926,0.924,0.924,1
0.983,0.988,0.987,0
0.987,0.989,0.981,0
0.99,0.985,0.98,0
0.933,0.941,0.938,1
0.952,0.962,0.965,1
0.921,0.925,0.916,1
0.906,0.922,0.915,1
0.913,0.919,0.896,1
0.979,0.977,0.984,1
0.984,0.99,0.995,0
0.981,0.99,0.982,0
0.974,0.979,0.985,0
0.929,0.918,0.924,1
0.961,0.986,0.977,1
0.917,0.933,0.944,1
0.968,0.984,0.977,1
0.992,0.992,0.986,0
0.983,0.994,0.99,0
0.93,0.928,0.94,1
0.947,0.964,0.975,1
0.938,0.941,0.942,1
0.915,0.917,0.935,1
0.9766731220882221,0.9820344794419639,0.976447593673558,1
0.984,0.98,0.99,0
0.967,0.977,0.959,1
0.921,0.931,0.93,1
0.929,0.934,0.936,1
0.974,0.981,0.988,0
0.96,0.977,0.983,1
0.988,0.99,0.991,0
0.93,0.942,0.928,1
0.9614812042599314,0.972671797722747,0.9671396842807275,1
0.986,0.994,0.99,0
0.979,0.995,0.993,0
0.933,0.921,0.931,1
0.922,0.922,0.915,1
0.984,0.983,0.988,0
0.943,0.941,0.938,1
0.985,0.991,0.993,0
0.985,0.992,0.985,0
0.902,0.892,0.909,1
0.986,0.981,0.99,0
0.956,0.982,0.987,1
0.964,0.97,0.971,1
0.938,0.934,0.937,1
0.992,0.986,0.989,0
0.963,0.973,0.969,1
0.982,0.981,0.99,0
0.907,0.944,0.936,1
0.977,0.989,0.985,0
0.988,0.993,0.986,0
0.955,0.975,0.973,1
0.988,0.985,0.988,0
0.8894426729600614,0.9377671719199585,0.9356210592211163,0
0.9642296612236204,0.9805711688288368,0.9783472410243008,1
0.978,0.99,0.99,0
0.968,0.972,0.97,1
0.969,0.98,0.975,1
0.959,0.976,0.975,1
0.932,0.933,0.947,1
0.9707903254332714,0.9737613454367927,0.9669882493351197,1
0.916,0.955,0.951,1
0.952,0.932,0.94,1
0.969,0.985,0.975,0
0.976,0.988,0.993,0
0.9760867931915596,0.9869433823211444,0.9845050539104483,1
0.981,0.986,0.984,0
0.935,0.952,0.936,1
0.978,0.989,0.986,0
0.897,0.937,0.924,1
0.9705045845926136,0.9656998110005112,0.9626843652863999,1
0.982,0.989,0.981,0
0.96,0.974,0.979,1
0.921,0.954,0.968,1
0.983,0.994,0.988,0
0.9756639918912801,0.9747245897491718,0.966215711876987,1
0.971,0.987,0.99,0
0.933,0.924,0.904,1
0.948,0.956,0.966,1
0.989,0.987,0.992,0
0.95,0.976,0.97,1
0.9512564355626607,0.974539378972932,0.9707154045443324,1
0.949,0.971,0.972,1
0.981,0.985,0.988,0
0.963,0.975,0.976,1
0.966,0.964,0.972,1
0.915,0.922,0.925,1
0.976995005783527,0.9655522559071913,0.9561253192469997,1
0.9806422047283283,0.9837915225469285,0.9797446578926199,1
0.9479503806140467,0.9658296754284929,0.9625269018677165,1
0.922,0.917,0.924,1
0.958,0.981,0.985,1
0.935,0.91,0.915,1
0.9510822357588415,0.9591913685696075,0.9500960157053087,1
0.969,0.971,0.973,1
0.982,0.989,0.978,0
0.9295275228672215,0.9551350724344925,0.9517925919375966,1
0.917,0.931,0.944,1
0.969,0.976,0.978,1
0.975,0.99,0.99,0
0.914,0.921,0.922,1
0.955,0.969,0.964,1
0.903,0.915,0.908,1
0.982,0.991,0.991,0
0.988,0.987,0.986,0
0.929,0.917,0.915,1
0.923,0.93,0.905,1
0.986,0.987,0.989,0
0.926,0.909,0.901,1
0.932,0.923,0.934,1
0.975,0.982,0.98,1
0.9430417046252736,0.9580718843628907,0.9503311534915623,0
0.973,0.989,0.988,0
0.914,0.922,0.923,1
0.954,0.977,0.983,1
0.9754272148147232,0.9779853274727386,0.97222448022181,0
0.973,0.971,0.981,1
0.985,0.995,0.983,0
0.906,0.913,0.919,1
0.986,0.988,0.99,0
0.985,0.987,0.985,0
0.951,0.969,0.975,1
0.966,0.968,0.962,1
0.921,0.927,0.931,1
0.936,0.915,0.925,1
0.926,0.913,0.917,1
0.918,0.943,0.936,1
0.974,0.972,0.961,1
0.967,0.966,0.97,1
0.8865661961158628,0.9357790260928176,0.9301414435706836,1
0.944,0.972,0.969,1
0.96,0.975,0.968,1
0.985,0.988,0.982,0
0.9716327528681417,0.9751952829199751,0.9667978377832404,0
0.921,0.908,0.898,1
0.933,0.938,0.949,1
0.9514312673593981,0.9687978993271975,0.9662258666995079,0
0.983,0.991,0.991,0
0.912,0.923,0.933,1
0.965,0.988,0.982,0
0.958,0.973,0.978,1
0.994,0.99,0.993,0
0.98,0.992,0.99,0
0.969282304121917,0.9787229572659574,0.9745243996086631,1
0.964,0.97,0.962,1
0.982,0.976,0.98,1
0.927,0.929,0.939,1
0.981,0.983,0.986,0
0.915,0.917,0.906,1
0.985,0.992,0.988,0
0.9867099686389589,0.9732085799156099,0.9643449872036713,0
0.921,0.939,0.936,1
0.984,0.986,0.981,0
0.886,0.937,0.927,1
0.975,0.989,0.988,0
0.976,0.983,0.978,0
0.978,0.988,0.983,0
0.981,0.985,0.976,0
0.992,0.986,0.987,0
0.956,0.973,0.976,1
0.981,0.986,0.993,0
0.973,0.987,0.99,0
0.976544917922109,0.974820393903728,0.9656260004508576,1
0.985,0.988,0.987,0
0.942,0.965,0.964,1
0.956,0.965,0.973,1
0.96,0.965,0.976,1
0.901,0.921,0.928,1
0.93,0.935,0.93,1
0.981,0.989,0.986,0
0.9754097338751316,0.9705276415665066,0.9609283848580048,0
0.977594801390533,0.9768987877856421,0.9689919209561749,0
0.907,0.954,0.943,1
0.979,0.984,0.988,0
0.959,0.974,0.979,1
0.967,0.982,0.979,1
0.982,0.982,0.991,0
0.982,0.991,0.99,0
0.994,0.994,0.994,0
0.903,0.923,0.927,1
0.982,0.995,0.987,0
0.917,0.899,0.916,1
0.937,0.966,0.973,1
0.958,0.972,0.979,1
0.925,0.911,0.907,1
0.9890879369188363,0.99037859291906,0.9880312250660028,0
0.917,0.939,0.935,1
0.971,0.971,0.972,1
0.9794043527741045,0.9840831592132587,0.9802395084402241,1
0.976,0.982,0.992,0
0.981,0.991,0.989,0
0.982,0.984,0.99,0
0.951,0.982,0.972,1
0.972,0.981,0.983,1
0.9885659507219539,0.9881900336084851,0.9862058203868962,0
0.918,0.926,0.949,1
0.982,0.995,0.993,0
0.9730176906526629,0.9817057286959096,0.9778658523568937,1
0.946,0.947,0.942,1
0.968,0.972,0.973,1
0.963,0.973,0.974,1
0.911,0.92,0.914,1
0.941,0.969,0.972,1
0.935,0.915,0.918,1
0.989,0.984,0.981,0
0.99,0.986,0.984,0
0.954,0.969,0.967,1
0.98,0.991,0.985,0
0.936,0.913,0.93,1
0.949,0.927,0.939,1
0.986,0.987,0.985,0
0.925,0.95,0.944,1
0.982,0.991,0.984,0
0.979,0.992,0.983,0
0.93,0.932,0.934,1
0.929,0.906,0.913,1
0.968,0.976,0.972,1
0.979,0.972,0.97,1
0.952,0.984,0.977,1
0.947,0.935,0.936,1
0.983,0.987,0.986,0
0.907,0.951,0.95,1
0.9395914002377951,0.963542639399749,0.9591979226315701,1
0.955,0.983,0.98,1
0.979811399779944,0.984846516226043,0.9815838141304661,0
0.956,0.968,0.968,1
0.932,0.931,0.942,1
0.913,0.932,0.925,1
0.987,0.991,0.991,0
0.928,0.946,0.953,1
0.988,0.99,0.992,0
0.968,0.978,0.956,1
0.954,0.971,0.975,1
0.982,0.987,0.992,0
0.973,0.991,0.986,0
0.972,0.962,0.98,1
0.894,0.922,0.907,1
0.46587306148079843,0.677440089365377,0.6749007516585241,0
0.9679277625731398,0.9760681340440787,0.9707646477951615,0
0.917,0.912,0.912,1
0.976,0.991,0.992,0
0.983,0.99,0.992,0
0.92,0.895,0.931,1
0.968,0.974,0.979,1
0.973,0.987,0.991,0
0.981,0.989,0.989,0
0.941,0.946,0.934,1
0.988,0.995,0.988,0
0.9286057253056772,0.943010916733609,0.9300541616127035,1
0.944,0.915,0.903,1
0.896,0.956,0.943,1
0.982,0.99,0.989,0
0.938,0.938,0.936,1
0.98,0.988,0.99,0
0.931,0.934,0.947,1
0.963,0.972,0.975,1
0.966,0.97,0.972,1
0.977,0.977,0.984,1
0.984,0.978,0.979,1
0.984,0.99,0.99,0
0.952,0.912,0.904,1
0.977,0.984,0.986,0
0.976,0.983,0.971,1
0.924,0.953,0.946,1
0.979,0.985,0.991,0
0.958,0.977,0.977,1
0.924,0.93,0.936,1
0.9825268255582833,0.9838812753173826,0.9814998239774758,0
0.937,0.98,0.973,1
0.984,0.991,0.986,0
0.985,0.99,0.978,0
0.93,0.942,0.926,1
0.967,0.971,0.978,1
0.97,0.972,0.97,1
0.984,0.98,0.982,0
0.987,0.987,0.98,0
0.922,0.958,0.967,1
0.905,0.977,0.971,1
0.9682967950864364,0.974679695986434,0.9722932647961696,1
0.9212076261267074,0.9543754911201281,0.9510474089551174,1
0.936,0.954,0.948,1
0.929,0.917,0.92,1
0.91,0.944,0.932,1
0.906,0.924,0.917,1
0.955,0.983,0.981,1
0.928,0.951,0.941,1
0.925,0.94,0.928,1
0.954,0.958,0.961,1
0.914,0.938,0.934,1
0.904,0.905,0.913,1
0.932,0.979,0.979,1
0.982,0.983,0.984,0
0.934,0.946,0.946,1
0.978,0.985,0.985,0
0.965,0.977,0.971,1
0.967,0.971,0.974,1
0.977,0.977,0.972,1
0.973,0.99,0.987,0
0.978,0.992,0.989,0
0.973,0.983,0.979,1
0.924,0.928,0.931,1
0.973,0.984,0.986,0
0.973,0.978,0.974,1
0.928,0.912,0.92,1
0.978,0.985,0.981,1
0.958,0.971,0.974,1
0.912,0.937,0.926,1
0.985,0.984,0.994,0
0.985,0.989,0.993,0
0.958,0.971,0.967,1
0.911,0.936,0.945,1
0.966,0.98,0.975,1
0.40216507357642084,0.6296229562163709,0.6285307184475112,0
0.923,0.939,0.949,1
0.8888733963206843,0.9278391775558374,0.9145336986932023,1
0.976,0.984,0.979,1
0.957,0.979,0.968,1
0.985,0.976,0.964,1
0.9853424335600642,0.9883343364351326,0.9844461640997764,0
0.98,0.995,0.988,0
0.981,0.992,0.991,0
0.925,0.911,0.915,1
0.971,0.972,0.951,1
0.981,0.984,0.988,0
0.985,0.988,0.991,0
0.97,0.991,0.989,0
0.918,0.932,0.93,1
0.916,0.903,0.906,1
0.989,0.984,0.981,0
0.929,0.942,0.948,1
0.919,0.906,0.884,1
0.954,0.939,0.936,1
0.9,0.917,0.918,1
0.984585145843186,0.9858278992793142,0.9813966308691336,0
0.897,0.921,0.906,1
0.984,0.974,0.979,1
0.9388041598379382,0.9633902185609222,0.9611748011873927,0
0.897,0.915,0.912,1
0.9571674580417335,0.9415094830900776,0.9318301218485283,0
0.957,0.966,0.972,1
0.908,0.927,0.921,1
0.9579561087258734,0.9707858278889614,0.9648411060186777,1
0.951,0.979,0.986,1
0.9829099513408571,0.9867452102581409,0.9844632159109781,1
0.984,0.987,0.99,0
0.901,0.886,0.898,1
0.967,0.986,0.987,1
0.968,0.99,0.975,1
0.986,0.983,0.992,0
0.96,0.925,0.935,1
0.961,0.976,0.975,1
0.9822613340661661,0.9822669095375793,0.9778263579486188,1
0.938702003660864,0.9580073245800712,0.9528346971047068,1
0.923,0.947,0.96,1
0.978,0.979,0.978,1
0.915,0.94,0.947,1
0.977,0.987,0.985,0
0.898,0.922,0.932,1
0.988,0.989,0.99,0
0.987,0.986,0.982,0
0.974,0.982,0.982,0
0.983,0.991,0.989,0
0.963,0.99,0.982,1
0.99,0.992,0.992,0
0.949,0.974,0.965,1
0.962,0.97,0.968,1
0.923,0.95,0.937,1
0.924,0.937,0.941,1
0.988,0.983,0.987,0
0.9758163494264691,0.9822895350299319,0.9783471050414696,1
0.985,0.99,0.985,0
0.982,0.992,0.981,0
0.938,0.938,0.917,1
0.918,0.936,0.928,1
0.934,0.937,0.941,1
0.977,0.987,0.987,0
0.978,0.985,0.982,0
0.983,0.983,0.983,0
0.925,0.901,0.921,1
0.945,0.984,0.976,1
0.932,0.949,0.921,1
0.975,0.99,0.986,0
0.98,0.988,0.991,0
0.936,0.947,0.95,1
0.944487519970168,0.9638767704878667,0.9592014261174842,1
0.978,0.98,0.988,0
0.925,0.952,0.954,1
0.924,0.907,0.904,1
0.926,0.938,0.933,1
0.959,0.973,0.959,1
0.979,0.991,0.985,0
0.93,0.934,0.914,1
0.963,0.968,0.969,1
0.901,0.93,0.938,1
0.9859957881268318,0.9816393455991325,0.972232358750683,0
0.4679548519422721,0.6802001108887769,0.6773220149180678,1
0.977,0.97,0.967,1
0.98,0.994,0.992,0
0.961,0.975,0.974,1
0.9744128019742642,0.9735743507361532,0.9656105094821654,1
0.989,0.989,0.989,0
0.9324660018857914,0.9529196409680647,0.9456453193757742,1
0.952,0.983,0.979,1
0.988,0.986,0.99,0
0.924,0.928,0.93,1
0.982,0.986,0.985,0
0.967,0.962,0.95,1
0.967,0.97,0.977,1
0.975,0.977,0.969,1
0.982,0.993,0.983,0
0.951,0.989,0.982,1
0.955,0.97,0.969,1
0.985,0.985,0.987,0
0.918,0.952,0.942,1
0.925,0.932,0.935,1
0.972,0.983,0.983,1
0.975,0.972,0.963,1
0.2884608652433443,0.5344525580593459,0.5332117116876267,1
0.927,0.954,0.949,1
0.975,0.978,0.975,1
0.979743042823063,0.9782609219724704,0.9689515345450586,1
0.9883513519712412,0.9891291554674141,0.986125923915498,0
0.96,0.97,0.976,1
0.962,0.975,0.98,1
0.982,0.979,0.976,1
0.919,0.926,0.902,1
0.966,0.968,0.967,1
0.983,0.994,0.991,0
0.888,0.93,0.926,1
0.968,0.976,0.971,1
0.9,0.947,0.937,1
0.959,0.971,0.962,1
0.98,0.988,0.984,0
0.987,0.982,0.989,0
0.905,0.957,0.937,1
0.978,0.985,0.987,0
0.9831802255553042,0.9846198131654824,0.9789764807627754,0
0.955,0.976,0.976,1
0.978,0.992,0.988,0
0.971,0.976,0.984,1
0.918,0.942,0.956,1
0.921,0.965,0.96,1
0.955,0.977,0.978,1
0.982,0.995,0.98,0
0.986,0.992,0.99,0
0.98,0.992,0.991,0
0.98,0.987,0.994,0
0.912,0.938,0.953,1
0.987,0.99,0.985,0
0.946484870920022,0.9675467058138915,0.9654735530845406,0
0.989,0.989,0.985,0
0.919179414452559,0.9471079331314548,0.9390883754394171,1
0.9805556559880756,0.9844566869719569,0.9804280290722664,1
0.974,0.977,0.98,1
0.987,0.969,0.967,1
0.909,0.929,0.934,1
0.988,0.99,0.993,0
0.991,0.987,0.991,0
0.9828229283443279,0.981004804558832,0.978023899536912,0
0.961,0.978,0.982,1
0.9893435302382394,0.9877392107477695,0.9848944018975837,0
0.986,0.988,0.988,0
0.984,0.993,0.988,0
0.968,0.983,0.983,0
0.964,0.973,0.963,1
0.974742003681395,0.9822728147395634,0.9783896032463145,1
0.965,0.978,0.977,1
0.912,0.939,0.941,1
0.977,0.984,0.976,0
0.98,0.99,0.996,0
0.8933054366145854,0.9414563098561859,0.9392689486840803,1
0.923,0.932,0.941,1
0.985,0.983,0.985,0
0.992,0.983,0.988,0
0.986,0.986,0.986,0
0.945,0.977,0.972,1
0.915,0.954,0.95,1
0.978,0.979,0.988,0
0.965,0.968,0.979,1
0.931,0.963,0.971,1
0.988,0.99,0.988,0
0.978,0.991,0.988,0
0.9844567942312777,0.9834151575119885,0.9791075206936696,0
0.943,0.928,0.934,1
0.981,0.987,0.987,0
0.9,0.913,0.915,1
0.986,0.987,0.988,0
0.942,0.971,0.967,1
0.923,0.948,0.949,1
0.919,0.929,0.917,1
0.926,0.943,0.937,1
0.985,0.982,0.988,0
0.904,0.923,0.936,1
0.979,0.987,0.989,0
0.981,0.974,0.979,0
0.9251483947010792,0.9438713438884556,0.9328641391874885,1
0.9791740123813049,0.9801224827127911,0.9757086205831794,0
0.9668737227435255,0.9476354625327785,0.9331197923620504,1
0.919,0.925,0.925,1
0.981,0.986,0.976,0
0.971,0.98,0.98,1
0.961,0.974,0.975,1
0.977,0.976,0.965,1
0.973,0.99,0.983,0
0.9809174511244795,0.9793631473273701,0.9725134099800565,1
0.902,0.943,0.94,1
0.934,0.911,0.925,1
0.984,0.987,0.986,0
0.933,0.937,0.948,1
0.985,0.986,0.988,0
0.969,0.968,0.962,1
0.954,0.981,0.976,1
0.938,0.957,0.956,1
0.97,0.982,0.979,1
0.9137363335375156,0.925070649341597,0.9174436439611746,0
0.963,0.969,0.971,1
0.9864830170920318,0.9850128407653079,0.9799015936281171,0
0.916,0.93,0.951,1
0.926,0.944,0.936,1
0.985,0.987,0.987,0
0.981,0.988,0.987,0
0.98,0.99,0.989,0
0.935,0.91,0.898,1
0.985,0.982,0.987,0
0.905,0.908,0.899,1
0.913,0.934,0.948,1
0.939,0.909,0.922,1
0.97,0.969,0.964,1
0.9743309028653937,0.9669018109614265,0.9613038676747262,1
0.982,0.99,0.981,0
0.959,0.977,0.977,1
0.985,0.987,0.984,0
0.987,0.988,0.983,0
0.992,0.983,0.99,0
0.978,0.977,0.985,0
0.982,0.986,0.974,1
0.917,0.96,0.953,1
0.978,0.978,0.976,1
0.907,0.918,0.919,1
0.985,0.989,0.985,0
0.991,0.991,0.989,0
0.916,0.924,0.925,1
0.954,0.969,0.963,1
0.993,0.985,0.991,0
0.9787482516968203,0.9854769110884228,0.9831370564731912,0
0.9885711986820477,0.9878114986211789,0.9841871625574944,1
0.99,0.995,0.988,0
0.986,0.988,0.992,0
0.92,0.943,0.949,1
0.984,0.988,0.983,0
0.982,0.991,0.988,0
0.968,0.974,0.976,1
0.896,0.939,0.931,1
0.972,0.991,0.989,0
0.949,0.977,0.975,1
0.97,0.983,0.98,1
0.984,0.988,0.991,0
0.897,0.95,0.935,1
0.918,0.947,0.958,1
0.925,0.921,0.937,1
0.938,0.958,0.963,1
0.99,0.99,0.992,0
0.946,0.977,0.973,1
0.9698314171400358,0.9808442842382838,0.9781839321813799,1
0.979,0.986,0.987,0
0.9871436522568624,0.9867685980300542,0.9847046370807017,0
0.931,0.942,0.939,1
0.977,0.994,0.985,0
0.9546023742920431,0.9756989780262466,0.9730045668673362,1
0.923,0.951,0.952,1
0.9799138358456516,0.9820017690009862,0.9774422465083545,1
0.972,0.977,0.98,1
0.9570957403980151,0.9280124158459089,0.9184953665061969,0
0.9851341667729402,0.9878549322986541,0.9836715275433662,0
0.976,0.978,0.974,1
0.987,0.989,0.99,0
0.92,0.954,0.935,1
0.9764869141582848,0.9831146723582115,0.9801359334302882,1
0.967,0.977,0.979,1
0.981,0.989,0.982,0
0.913,0.934,0.928,1
0.987,0.988,0.984,0
0.908,0.95,0.933,1
0.986,0.989,0.992,0
0.9476765815532577,0.9706875272271658,0.9684961738588768,1
0.4587890047266419,0.6691267564904111,0.6676353203183373,1
0.955,0.968,0.972,1
0.9860756414211842,0.9845566171529553,0.981519858290581,0
0.983,0.988,0.987,0
0.9246001544698312,0.9305903166436305,0.9104981348015381,1
0.905,0.94,0.93,1
0.989774292885354,0.9883117817926559,0.9837391707164217,0
0.973,0.968,0.968,1
0.948,0.977,0.971,1
0.985685668472586,0.981093409004852,0.9737767790569934,1
0.927,0.941,0.951,1
0.923,0.937,0.927,1
0.913,0.93,0.923,1
0.8894866913636637,0.9423754833617138,0.9387584076589132,1
0.924,0.944,0.941,1
0.983,0.99,0.985,0
0.9758068379971341,0.9760116210690969,0.9714216971502014,1
0.976,0.987,0.988,0
0.982,0.983,0.986,0
0.984,0.979,0.981,1
0.923,0.919,0.92,1
0.9491383846349094,0.9664569385930136,0.9620607012103161,1
0.943,0.975,0.974,1
0.959,0.973,0.979,1
0.98,0.99,0.985,0
0.981,0.989,0.988,0
0.959,0.969,0.97,1
0.98,0.979,0.988,0
0.982434116718528,0.9833368448014678,0.9776516248175742,1
0.92,0.93,0.909,1
0.9860762005605461,0.9829701488550955,0.974299158938254,0
0.967,0.965,0.974,1
0.906,0.927,0.931,1
0.982,0.987,0.985,0
0.9779974172451965,0.9821914912734909,0.9786136228576602,0
0.968,0.973,0.981,1
0.987,0.986,0.986,0
0.914,0.939,0.944,1
0.956,0.971,0.967,1
0.98,0.987,0.987,0
0.9766929229531028,0.9802563007496621,0.9762934617767023,1
0.948,0.98,0.971,1
0.9768338453626775,0.9775963718234213,0.969026543917822,1
0.98,0.98,0.983,0
0.978,0.994,0.991,0
0.966,0.968,0.972,1
0.924,0.935,0.951,1
0.9651826251206274,0.9660319011491119,0.9553313564668682,1
0.98,0.984,0.985,0
0.9817774353135348,0.9847519485769157,0.9796528767195972,1
0.937,0.93,0.933,1
0.962,0.973,0.969,1
0.958,0.972,0.977,1
0.98,0.968,0.97,1
0.917,0.907,0.905,1
0.9718062521078138,0.9831200653171913,0.9778031340347468,1
0.976,0.986,0.991,0
0.953,0.981,0.974,1
0.938,0.95,0.942,1
0.972,0.978,0.981,1
0.953,0.923,0.925,1
0.953,0.96,0.96,1
0.882,0.942,0.915,1
0.922,0.94,0.937,1
0.91,0.936,0.941,1
0.979,0.985,0.98,0
0.904,0.926,0.931,1
0.964,0.971,0.97,1
0.947,0.975,0.974,1
0.978,0.99,0.985,0
0.974,0.974,0.978,1
0.923,0.908,0.923,1
0.917,0.928,0.941,1
0.956,0.983,0.974,1
0.975,0.989,0.984,0
0.989,0.987,0.984,0
0.95,0.973,0.968,1
0.981,0.988,0.982,0
0.92,0.937,0.951,1
0.988,0.986,0.984,0
0.975,0.961,0.974,1
0.957,0.978,0.983,1
0.975,0.987,0.987,0
0.965,0.978,0.978,1
0.947,0.979,0.971,1
0.95,0.982,0.981,1
0.977,0.984,0.988,0
0.986,0.992,0.985,0
0.918,0.913,0.91,1
0.95,0.975,0.975,1
0.9491308779354581,0.9680464985820573,0.9658570885986069,0
0.971,0.972,0.974,1
0.981,0.991,0.986,0
0.989,0.982,0.987,0
0.915,0.925,0.922,1
0.977,0.986,0.99,0
0.957,0.979,0.983,1
0.9646655087095349,0.9771704191502194,0.9741194231695058,0
0.904,0.913,0.931,1
0.900290217139059,0.9442337262887252,0.9423129298963453,0
0.899,0.912,0.918,1
0.987,0.986,0.989,0
0.9630094708531087,0.9662068982968264,0.954209019985092,1
0.906,0.949,0.947,1
0.983,0.989,0.981,0
0.98,0.979,0.983,1
0.982,0.988,0.989,0
0.974,0.973,0.972,1
0.9871987505115689,0.9845814894839269,0.9783130379383538,1
0.978,0.987,0.98,0
0.941,0.948,0.955,1
0.916,0.95,0.953,1
0.983,0.983,0.982,0
0.961,0.976,0.98,1
0.94,0.937,0.943,1
0.976,0.986,0.985,1
0.963,0.964,0.963,1
0.982,0.987,0.985,0
0.912,0.932,0.924,1
0.918,0.923,0.901,1
0.9838547461281315,0.9869948306372734,0.9830019374307863,0
0.932,0.913,0.921,1
0.908,0.92,0.922,1
0.987,0.992,0.981,0
0.916,0.949,0.931,1
0.971,0.968,0.971,1
0.973,0.984,0.985,0
0.983,0.975,0.975,1
0.985,0.991,0.989,0
0.918,0.948,0.933,1
0.949,0.986,0.968,1
0.978129518556202,0.984528946631627,0.9816386078995454,0
0.985,0.991,0.982,0
0.9667808409940575,0.9836346281717435,0.9802860570822828,1
0.965,0.976,0.969,1
0.962,0.977,0.971,1
0.973,0.989,0.989,0
0.981,0.987,0.994,0
0.93,0.94,0.949,1
0.939,0.939,0.949,1
0.985,0.989,0.989,0
0.96,0.974,0.974,1
0.926,0.916,0.917,1
0.971,0.98,0.973,1
0.979,0.988,0.993,0
0.9888185797694744,0.9858809361613919,0.9837205675735021,0
0.955,0.967,0.96,1
0.945,0.97,0.967,1
0.935,0.933,0.927,1
0.963,0.985,0.975,1
0.9882654419210432,0.9880748085025659,0.9851311796127723,0
0.957,0.974,0.968,1
0.968,0.977,0.967,1
0.964,0.973,0.97,1
0.975,0.989,0.986,0
0.947,0.962,0.968,1
0.924,0.929,0.923,1
0.952,0.986,0.98,1
0.9824744035239187,0.9771258150872374,0.9699317623613177,0
0.975,0.975,0.973,1
0.983,0.981,0.964,1
0.931,0.942,0.935,1
0.91,0.93,0.931,1
0.983,0.992,0.981,0
0.978,0.986,0.988,0
0.899,0.908,0.925,1
0.974,0.981,0.986,1
0.9488024521358223,0.9654158537059665,0.9602633701743535,1
0.917,0.943,0.952,1
0.954,0.937,0.937,1
0.986596131552954,0.9820477600551852,0.9777444461614047,1
0.967,0.982,0.971,1
0.9862277038566243,0.9859187107248614,0.9808522630708193,0
0.986,0.996,0.987,0
0.915,0.933,0.92,1
0.904,0.931,0.917,1
0.987,0.993,0.987,0
0.95,0.975,0.972,1
0.978,0.984,0.986,0
0.984,0.994,0.988,0
0.967,0.985,0.991,0
0.924,0.938,0.94,1
0.96,0.984,0.978,1
0.982,0.985,0.986,0
0.964,0.978,0.976,1
0.952,0.967,0.97,1
0.956,0.971,0.964,1
0.922,0.913,0.915,1
0.979,0.988,0.984,1
0.955,0.967,0.976,1
0.929,0.925,0.926,1
0.914,0.925,0.943,1
0.987,0.994,0.988,0
0.913,0.914,0.909,1
0.9456876490431271,0.9650689964796084,0.9629361045365378,0
0.949,0.971,0.977,1
0.9332644704278524,0.9540891195011844,0.9464097282112761,0
0.961,0.984,0.977,1
0.925,0.94,0.949,1
0.975,0.99,0.989,0
0.93,0.92,0.933,1
0.978,0.986,0.984,0
0.928,0.911,0.911,1
0.9853102942491467,0.9863866953185009,0.9812022106576579,0
0.9621050276569575,0.9646012846636984,0.9560080794544374,0
0.968,0.975,0.966,1
0.979,0.987,0.986,0
0.964,0.97,0.971,1
0.979,0.979,0.988,0
0.956,0.968,0.969,1
0.923,0.908,0.908,1
0.9793833578355315,0.9784636758430172,0.970075748397912,0
0.9686299628472738,0.9781179647698006,0.9755955485058576,0
0.9165179369511254,0.9217991825030706,0.9138639082050847,0
0.986,0.98,0.99,0
0.97,0.981,0.983,1
0.8923613109112561,0.9399850563365494,0.938072323686857,1
0.95,0.916,0.944,1
0.9754642619671144,0.9709360869461773,0.953767265790489,1
0.981,0.985,0.984,0
0.903,0.911,0.917,1
0.962,0.97,0.97,1
0.976,0.974,0.972,1
0.9799677151136622,0.9776096121549198,0.9740692129661976,1
0.941,0.941,0.948,1
0.987,0.993,0.982,0
0.937,0.925,0.947,1
0.93,0.942,0.948,1
0.968,0.981,0.978,1
0.983,0.994,0.988,0
0.924,0.946,0.938,1
0.946,0.965,0.973,1
0.985,0.985,0.989,0
0.978,0.99,0.99,0
0.9112772780721418,0.9511448391981752,0.9460946219002605,1
0.982,0.977,0.98,1
0.985,0.985,0.981,0
0.9790454949795153,0.9765047769537539,0.9705021309833359,1
0.979,0.977,0.982,1
0.987,0.989,0.987,0
0.926,0.926,0.907,1
0.962,0.971,0.968,1
0.99,0.993,0.992,0
0.97,0.973,0.973,1
0.977,0.972,0.971,1
0.976,0.991,0.993,0
0.983,0.988,0.987,0
0.981,0.987,0.991,0
0.952,0.937,0.944,1
0.40216507357642084,0.6296229562163709,0.6285307184475112,0
0.975,0.976,0.978,1
0.901,0.947,0.922,1
0.953,0.975,0.979,1
0.9799917749990121,0.9765040926622223,0.9693275258352126,0
0.971,0.978,0.966,1
0.961,0.98,0.963,1
0.919,0.938,0.927,1
0.979,0.993,0.984,0
0.98,0.977,0.975,1
0.953,0.968,0.972,1
0.978,0.97,0.967,1
0.9598347277091741,0.9652685752156781,0.9522134314481646,1
0.8143256029237161,0.8898595845149974,0.8798035872786922,1
0.95,0.938,0.934,1
0.9880675029740843,0.9871146220715095,0.9845883322516015,0
0.944,0.933,0.919,1
0.967,0.975,0.979,1
0.91,0.92,0.925,1
0.956,0.973,0.978,1
0.92,0.905,0.896,1
0.976,0.986,0.989,1
0.974,0.986,0.974,1
0.9749267202604582,0.9843903256105926,0.982588415525529,1
0.968096711318926,0.9788304353210564,0.9747479147953781,0
0.904,0.942,0.942,1
0.929,0.91,0.908,1
0.986,0.987,0.989,0
0.981,0.984,0.991,0
0.9815594430659429,0.9822554846887283,0.9801030605809384,0
0.911,0.926,0.922,1
0.9819122012865903,0.9801975309669267,0.9731290191937193,1
0.9831571807538949,0.9821630076318854,0.9754276713803247,1
0.954,0.978,0.971,1
0.982,0.982,0.99,0
0.969,0.984,0.975,1
0.9764036578000685,0.9807413125292944,0.9760217110021215,1
0.9674818657542216,0.9767512187643309,0.9735131035877351,1
0.9616410776286853,0.8168873273891544,0.8129555381927055,0
0.98,0.984,0.989,0
0.9725259158901755,0.9765933105445079,0.9715806458624195,0
0.97,0.978,0.974,1
0.985,0.988,0.986,0
0.927,0.949,0.942,1
0.98,0.975,0.969,1
0.93,0.941,0.945,1
0.9725636967138502,0.9752216194267115,0.969003232609385,1
0.983,0.99,0.989,0
0.8514186416351422,0.9232130545874435,0.9212056221680966,1
0.977,0.991,0.986,0
0.976,0.976,0.971,1
0.981,0.991,0.994,0
0.97,0.967,0.978,1
0.976,0.974,0.967,1
0.919,0.955,0.95,1
0.962,0.975,0.986,1
0.9823171298690521,0.9921499900351971,0.9901822704728124,1
0.8335039594878573,0.8388579574051077,0.823898378262297,1
0.9785928272311489,0.9879063756553706,0.9850136626837127,1
0.983,0.99,0.992,0
0.899,0.901,0.92,1
0.977496465950706,0.9827026114537641,0.9800286129785158,0
0.9910078299409224,0.9909975607396684,0.9882165510530332,0
0.921,0.906,0.924,1
0.965,0.961,0.978,1
0.951,0.983,0.983,1
0.94,0.934,0.943,1
0.981,0.992,0.988,0
0.92,0.921,0.912,1
0.957,0.971,0.967,1
0.963,0.978,0.976,1
0.959,0.966,0.974,1
0.92,0.946,0.953,1
0.985,0.996,0.976,0
0.914,0.93,0.931,1
0.977,0.991,0.988,0
0.985,0.989,0.992,0
0.972,0.99,0.984,0
0.928,0.925,0.921,1
0.989,0.988,0.989,0
0.963,0.968,0.96,1
0.967,0.968,0.959,1
0.985,0.991,0.988,0
0.962,0.971,0.968,1
0.965,0.968,0.969,1
0.962,0.974,0.975,1
0.906,0.928,0.915,1
0.962,0.979,0.978,1
0.9585180414070841,0.9673659468560765,0.9612055618506538,1
0.933,0.944,0.934,1
0.919,0.94,0.941,1
0.9809404270967335,0.9870666936509102,0.9848828549781259,1
0.8935797297306617,0.9397912699284552,0.9370522770119029,1
0.927,0.933,0.935,1
0.985,0.985,0.991,0
0.9811051969421577,0.9857217425315078,0.9833235038532171,1
0.9864322684879067,0.9800377649874948,0.9706957310741973,0
0.972,0.985,0.984,0
0.912,0.916,0.945,1
0.95,0.969,0.975,1
0.978,0.992,0.986,0
0.917,0.931,0.948,1
0.979,0.988,0.981,0
0.9213684493983126,0.9536335732310042,0.9454744125791198,1
0.933,0.922,0.891,1
0.977,0.974,0.976,1
0.9541604768269398,0.9573942303029145,0.946897916426815,1
0.979,0.995,0.985,0
0.976,0.979,0.975,1
0.988,0.986,0.987,0
0.9717907468626461,0.9803410740394284,0.9770090307749012,0
0.968,0.977,0.983,1
0.988,0.994,0.989,0
0.9861559923296688,0.9859044541452402,0.9814209038380475,0
0.9836686867780767,0.9743036917370007,0.9616640919811547,1
0.981,0.982,0.987,0
0.975,0.987,0.99,0
0.9731071629258798,0.9748536027599126,0.9688471048030521,1
0.945,0.966,0.964,1
0.975,0.974,0.973,1
0.984,0.991,0.99,0
0.972,0.981,0.976,1
0.969,0.983,0.986,1
0.96,0.97,0.975,1
0.967,0.963,0.965,1
0.97,0.979,0.969,1
0.975,0.981,0.984,1
0.973,0.972,0.971,1
0.938,0.943,0.951,1
0.979711662107372,0.9819665273620697,0.9781621145036774,0
0.963,0.98,0.974,1
0.981,0.989,0.989,0
0.9560752820114226,0.9722910995955447,0.9694641630718832,0
0.935,0.924,0.942,1
0.958,0.986,0.972,1
0.972,0.96,0.969,1
0.933,0.909,0.905,1
0.962,0.974,0.968,1
0.964,0.969,0.979,1
0.984,0.986,0.985,0
0.958,0.971,0.977,1
0.939,0.961,0.95,1
0.903,0.909,0.913,1
0.922,0.958,0.95,1
0.986,0.981,0.98,0
0.9743934236915556,0.9794577120189237,0.9759700001345742,1
0.956,0.974,0.974,1
0.9721926776561448,0.9694043524095143,0.9559753775399599,1
0.99,0.989,0.981,0
0.979,0.98,0.978,0
0.953,0.979,0.973,1
0.9421652900036476,0.9644978491109656,0.9615176729587336,1
0.985,0.99,0.983,0
0.8673555481248405,0.9229487064529722,0.9174375419475616,1
0.982,0.992,0.982,0
0.922,0.943,0.946,1
0.987,0.99,0.989,0
0.9834434262204388,0.9847253194834013,0.9805330421322378,0
0.968,0.97,0.974,1
0.893,0.929,0.924,1
0.892,0.936,0.948,1
0.93,0.943,0.954,1
0.925,0.946,0.946,1
0.947,0.949,0.962,1
0.964,0.975,0.969,1
0.9869925570331721,0.985340583762345,0.979673711230415,0
0.901,0.905,0.906,1
0.98,0.984,0.986,0
0.975,0.983,0.979,1
0.92,0.951,0.937,1
0.959,0.979,0.966,1
0.982,0.982,0.984,0
0.978,0.98,0.97,1
0.958,0.981,0.974,1
0.969,0.977,0.985,1
0.976,0.987,0.977,0
0.991,0.985,0.983,0
0.922,0.937,0.948,1
0.942,0.916,0.924,1
0.974,0.986,0.987,0
0.984,0.988,0.99,0
0.9828759364086634,0.9749029647927726,0.971994146072319,0
0.939,0.926,0.913,1
0.977,0.991,0.989,0
0.965,0.97,0.971,1
0.983,0.992,0.985,0
0.977,0.972,0.977,1
0.972,0.975,0.98,1
0.981,0.985,0.989,0
0.923,0.911,0.903,1
0.915,0.916,0.916,1
0.985,0.99,0.993,0
0.941,0.96,0.955,1
0.96,0.964,0.971,1
0.9369478278177329,0.9483770746482434,0.9386035654033652,1
0.979,0.988,0.984,0
0.974,0.989,0.98,0
0.90016660990943,0.9428743824669679,0.9399029167772593,1
0.909,0.93,0.944,1
0.955,0.974,0.973,1
0.984,0.99,0.992,0
0.983,0.989,0.992,0
0.917,0.93,0.93,1
0.982,0.986,0.987,0
0.978,0.987,0.988,0
0.993,0.984,0.983,0
0.974,0.971,0.965,1
0.9662186451652656,0.97665464213731,0.9728545031701711,1
0.9743425083060245,0.9812813140234742,0.9776732634917675,0
0.987,0.991,0.99,0
0.99,0.987,0.995,0
0.9484077297203666,0.9319382692484961,0.9184996703096534,0
0.97,0.986,0.984,1
0.959,0.979,0.973,1
0.973,0.979,0.973,1
0.965,0.978,0.966,1
0.9142209100079881,0.9503937150056869,0.9456168128600636,1
0.988,0.989,0.988,0
0.9871973683922339,0.9877142999974563,0.9829403158681822,0
0.948,0.982,0.981,1
0.988,0.987,0.993,0
0.982,0.986,0.983,0
0.972,0.986,0.984,0
0.97,0.976,0.976,1
0.982,0.99,0.984,0
0.951,0.963,0.967,1
0.985,0.985,0.988,0
0.9379417100641521,0.9583828110190381,0.9496767149950168,1
0.978,0.99,0.985,0
0.928,0.919,0.923,1
0.915,0.93,0.927,1
0.97,0.977,0.964,1
0.987,0.987,0.979,0
0.916,0.908,0.927,1
0.9410302153870419,0.9413288144248385,0.9325087191073711,1
0.979,0.985,0.989,0
0.962,0.976,0.974,1
0.952,0.982,0.974,1
0.971,0.971,0.979,1
0.914,0.902,0.894,1
0.968,0.974,0.97,1
0.963,0.978,0.973,1
0.964,0.974,0.972,1
0.933,0.933,0.941,1
0.983,0.991,0.986,0
0.921,0.931,0.944,1
0.935,0.976,0.963,1
0.936,0.941,0.92,1
0.982,0.973,0.976,1
0.983,0.988,0.991,0
0.987,0.986,0.987,0
0.955,0.978,0.964,1
0.915,0.912,0.928,1
0.95,0.97,0.981,1
0.987,0.989,0.988,0
0.973,0.976,0.967,1
0.982,0.987,0.986,0
0.939,0.928,0.934,1
0.963,0.977,0.967,1
0.988,0.986,0.985,0
0.89,0.931,0.925,1
0.9668435279396635,0.9767045666255466,0.9730056090634029,0
0.919,0.952,0.941,1
0.9865199155438583,0.9869955420048455,0.9840806028445842,0
0.978,0.992,0.995,0
0.932,0.939,0.944,1
0.965,0.976,0.981,1
0.918,0.932,0.945,1
0.9286012788033308,0.9496173714479549,0.9416179973514316,1
0.958,0.978,0.983,1
0.965,0.977,0.967,1
0.961,0.984,0.979,1
0.972,0.987,0.982,0
0.9751626711769144,0.9777988351170974,0.9709450158854922,0
0.905,0.93,0.927,1
0.925,0.937,0.934,1
0.975,0.987,0.988,0
0.98,0.985,0.992,0
0.927,0.896,0.897,1
0.984,0.987,0.987,0
0.931,0.941,0.939,1
0.957,0.982,0.973,1
0.973,0.97,0.958,1
0.909,0.932,0.923,1
0.994,0.993,0.991,0
0.965,0.982,0.972,1
0.978,0.972,0.968,1
0.956,0.976,0.977,1
0.939,0.918,0.929,1
0.907,0.935,0.92,1
0.979,0.989,0.99,0
0.984,0.988,0.987,0
0.9861559923296688,0.9859044541452402,0.9814209038380475,0
0.986,0.991,0.99,0
0.981,0.99,0.99,0
0.902,0.958,0.934,1
0.969,0.974,0.967,1
0.988,0.985,0.991,0
0.893,0.941,0.941,1
0.938,0.975,0.98,1
0.9480141503559844,0.9666386212483444,0.9644944450111602,0
0.98,0.98,0.975,1
0.981,0.979,0.977,1
0.971,0.97,0.978,1
0.4697110468065963,0.6805848833187312,0.678409787084349,0
0.96,0.986,0.971,1
0.924,0.951,0.956,1
0.97,0.985,0.977,1
0.978,0.984,0.99,0
0.958,0.974,0.97,1
0.952,0.97,0.972,1
0.9579561087258734,0.9707858278889614,0.9648411060186777,1
0.923,0.873,0.896,1
0.9778441534788037,0.9836365467695384,0.9796677301799783,1
0.9786443205871327,0.9847862706685104,0.9808876200257329,0
0.921,0.936,0.934,1
0.978,0.972,0.965,1
0.983,0.963,0.981,1
0.975,0.973,0.975,1
0.95,0.978,0.976,1
0.98,0.988,0.99,0
0.962,0.971,0.962,1
0.9508524298538094,0.9679812804873303,0.9661298305182453,1
0.959,0.971,0.991,1
0.989,0.988,0.985,0
0.914,0.909,0.876,1
0.987,0.99,0.989,0
0.885,0.936,0.933,1
0.9885711986820477,0.9878114986211789,0.9841871625574944,1
0.921,0.937,0.948,1
0.921,0.91,0.896,1
0.974,0.981,0.98,1
0.973,0.981,0.982,1
0.913,0.923,0.919,1
0.986,0.983,0.986,0
0.921,0.945,0.942,1
0.982,0.993,0.99,0
0.98,0.979,0.991,0
0.9799589291453793,0.9782280505475882,0.9721297205043438,0
0.941,0.893,0.899,1
0.9541300413966195,0.9700192977160531,0.9669245341947302,1
0.909,0.946,0.95,1
0.947,0.955,0.965,1
0.9288881559807179,0.9603992911602814,0.9575944767395994,1
0.984,0.987,0.983,0
0.937,0.933,0.912,1
0.967,0.969,0.978,1
0.976,0.985,0.987,0
0.903,0.916,0.905,1
0.984,0.989,0.995,0
0.973,0.982,0.978,1
0.966114117505101,0.9481662559244681,0.9386542916012584,0
0.9700551051846311,0.9794496678702208,0.9759322395537767,1
0.985,0.989,0.992,0
0.9796927029675894,0.9785834985829961,0.9680223999264351,1
0.9256254254868368,0.948770413396705,0.9414164907888197,0
0.973,0.984,0.988,0
0.972,0.97,0.974,1
0.899,0.918,0.928,1
0.9646223792319715,0.9624148902729567,0.9527401057383381,1
0.966,0.978,0.965,1
0.973,0.963,0.969,1
0.905,0.928,0.919,1
0.962,0.971,0.972,1
0.978,0.972,0.968,1
0.986,0.99,0.978,0
0.984,0.99,0.99,0
0.963,0.977,0.979,1
0.9856916868847232,0.9867373280398763,0.982591666187784,1
0.946,0.974,0.976,1
0.903,0.923,0.919,1
0.972,0.984,0.979,1
0.9763280443562199,0.9747216843013491,0.9625161964775377,0
0.981,0.989,0.991,0
0.914,0.939,0.933,1
0.928,0.911,0.916,1
0.967,0.964,0.965,1
0.951,0.977,0.972,1
0.977,0.996,0.993,0
0.948,0.968,0.972,1
0.984,0.98,0.986,0
0.91,0.924,0.926,1
0.9824478477387709,0.97946450059962,0.9727548905314257,1
0.919,0.935,0.949,1
0.948,0.988,0.983,1
0.963,0.971,0.972,1
0.986,0.99,0.981,0
0.986,0.983,0.981,0
0.969,0.965,0.972,1
0.927,0.926,0.943,1
0.982,0.988,0.992,0
0.925,0.893,0.899,1
0.955,0.982,0.983,1
0.962,0.982,0.974,1
0.97,0.974,0.973,1
0.991,0.993,0.993,0
0.984,0.987,0.983,0
0.8835989836589095,0.9347443937461523,0.930711350594016,1
0.978,0.988,0.991,0
0.9897905600473942,0.9900446630020061,0.9876442133567802,0
0.976,0.985,0.986,0
0.937,0.949,0.933,1
0.988,0.99,0.991,0
0.977,0.987,0.987,0
0.9827084992742955,0.9829074319181462,0.9771380600050236,1
0.928,0.944,0.95,1
0.979,0.995,0.986,0
0.914,0.911,0.911,1
0.932411020019937,0.9575859882913351,0.954789196011645,1
0.9808558120845932,0.9821727341698218,0.9766392261747148,0
0.966,0.984,0.978,1
0.984,0.99,0.985,0
0.977,0.993,0.983,0
0.91,0.929,0.937,1
0.973,0.97,0.973,1
0.975,0.984,0.994,0
0.895,0.941,0.925,1
0.963,0.967,0.963,1
0.983,0.988,0.991,0
0.978,0.988,0.983,0
0.924,0.934,0.921,1
0.92,0.916,0.923,1
0.975,0.97,0.965,1
0.933,0.925,0.933,1
0.927,0.951,0.95,1
0.945,0.941,0.937,1
0.984,0.988,0.988,0
0.9781680733353445,0.9812605959448666,0.9771698678798793,1
0.982,0.987,0.983,0
0.9563787234390361,0.9647184599781685,0.9552880138908827,1
0.933,0.95,0.933,1
0.916,0.95,0.964,1
0.967,0.977,0.985,1
0.994,0.993,0.981,0
0.927,0.934,0.935,1
0.984,0.982,0.986,0
0.8761240367319654,0.9280906844695604,0.9228685476584786,1
0.962,0.979,0.977,1
0.9782701085154867,0.9854602120395138,0.9824021616328077,1
0.956,0.977,0.98,1
0.966,0.979,0.975,1
0.928,0.936,0.932,1
0.959,0.975,0.98,1
0.978,0.992,0.981,0
0.983,0.991,0.982,0
0.977,0.98,0.985,0
0.971,0.988,0.984,0
0.953,0.972,0.979,1
0.91,0.882,0.891,1
0.9513046059427243,0.9383162158557323,0.9292591799883848,0
0.957732663827856,0.9589717568782605,0.9493315848315141,1
0.961,0.976,0.966,1
0.928,0.922,0.925,1
0.955,0.972,0.975,1
0.903,0.934,0.942,1
0.897,0.963,0.958,1
0.952,0.976,0.981,1
0.979,0.981,0.974,0
0.958,0.973,0.972,1
0.97,0.992,0.989,0
0.923,0.947,0.943,1
0.97,0.978,0.977,1
0.961,0.969,0.971,1
0.911,0.93,0.947,1
0.977,0.993,0.987,0
0.961,0.966,0.965,1
0.973,0.983,0.977,1
0.9474822454381564,0.9642068123804757,0.9579673985758541,1
0.8644950024314223,0.9267738399216622,0.9249740270514306,1
0.978,0.987,0.992,0
0.8935797297306617,0.9397912699284552,0.9370522770119029,1
0.929,0.926,0.947,1
0.987,0.991,0.991,0
0.911,0.948,0.945,1
0.988,0.992,0.988,0
0.9850883333168248,0.9838823137180923,0.9768002561183998,1
0.951,0.978,0.975,1
0.955,0.977,0.977,1
0.988,0.99,0.985,0
0.9830136477717132,0.9780477965591498,0.9698613148634752,0
0.939,0.94,0.947,1
0.921,0.952,0.945,1
0.926,0.934,0.911,1
0.8313555169452201,0.9088077110345567,0.9068870954528478,1
0.938,0.97,0.977,1
0.929,0.94,0.922,1
0.964,0.978,0.97,1
0.987,0.984,0.98,0
0.981,0.99,0.985,0
0.974,0.99,0.988,0
0.979,0.997,0.981,0
0.915,0.923,0.929,1
0.936,0.91,0.924,1
0.976,0.987,0.993,0
0.905,0.942,0.937,1
0.95,0.974,0.966,1
0.991,0.992,0.988,0
0.979,0.992,0.982,0
0.9821501105509052,0.9834019926294073,0.9785866547990751,1
0.961,0.969,0.974,1
0.955,0.959,0.974,1
0.7284454112422761,0.8459568051566093,0.8422687377803647,1
0.974,0.991,0.989,0
0.982,0.988,0.978,0
0.926,0.936,0.95,1
0.979,0.983,0.992,0
0.986,0.989,0.991,0
0.984,0.976,0.978,1
0.961,0.972,0.962,1
0.948,0.973,0.965,1
0.956,0.971,0.967,1
0.955,0.974,0.973,1
0.986,0.983,0.985,0
0.92,0.953,0.945,1
0.967,0.975,0.973,1
0.96,0.984,0.98,1
0.9883101619356923,0.9862808398867337,0.9827833362949226,0
0.908,0.903,0.9,1
0.982,0.98,0.983,0
0.9848353460152477,0.9883838340602956,0.985451341110073,0
0.981,0.987,0.984,0
0.9197088082004692,0.9524888744247311,0.9476461622175764,1
0.977,0.975,0.986,1
0.977,0.983,0.984,0
0.915,0.9,0.919,1
0.974,0.986,0.988,0
0.913,0.936,0.948,1
0.981,0.984,0.977,0
0.983,0.987,0.993,0
0.983,0.99,0.986,0
0.981,0.992,0.987,0
0.988,0.984,0.991,0
0.91,0.938,0.947,1
0.98,0.987,0.987,0
0.922,0.919,0.908,1
0.927,0.94,0.935,1
0.9789377235948113,0.9774423935661447,0.9747439995274622,1
0.98,0.991,0.991,0
0.957,0.971,0.964,1
0.988,0.991,0.989,0
0.968,0.971,0.973,1
0.924,0.936,0.914,1
0.938,0.927,0.929,1
0.9807612484645827,0.9846011569849454,0.9824034959820561,0
0.9552925012345825,0.9725432195020293,0.9703795442227947,0
0.925,0.929,0.938,1
0.904,0.919,0.913,1
0.918,0.936,0.924,1
0.99,0.985,0.984,0
0.987,0.988,0.99,0
0.899,0.945,0.947,1
0.25799999268958684,0.5040725834131162,0.5022179169097465,1
0.9269742215929689,0.955960231414788,0.951129307071963,1
0.979,0.981,0.969,1
0.881,0.945,0.936,1
0.988,0.988,0.988,0
0.974,0.991,0.986,0
0.908,0.945,0.947,1
0.92,0.927,0.945,1
0.977,0.994,0.992,0
0.976,0.99,0.992,0
0.991,0.992,0.989,0
0.985,0.987,0.991,0
0.927,0.936,0.926,1
0.986,0.988,0.991,0
0.9680031870907786,0.9777410239580716,0.9699410934901357,1
0.985,0.987,0.987,0
0.924,0.947,0.942,1
0.903,0.959,0.949,1
0.948,0.966,0.968,1
0.96,0.977,0.982,1
0.8885117544572074,0.9149645121368682,0.9130788042980496,1
0.994,0.99,0.987,0
0.9655041002847415,0.9746159290869918,0.9700337325136211,1
0.8097851559715251,0.8884779947342637,0.8776421182989638,0
0.965,0.974,0.979,1
0.951,0.984,0.979,1
0.985,0.992,0.988,0
0.95,0.98,0.974,1
0.99,0.989,0.99,0
0.928,0.915,0.92,1
0.977,0.976,0.982,1
0.98,0.987,0.985,0
0.984,0.984,0.987,0
0.988,0.992,0.994,0
0.914,0.927,0.914,1
0.9654685345703046,0.9475246511791215,0.9354138835109768,1
0.899,0.932,0.91,1
0.985,0.984,0.982,0
0.9382861059714112,0.9653498315420036,0.9626447612625556,1
0.936,0.945,0.935,1
0.982,0.989,0.981,0
0.974,0.988,0.99,0
0.974,0.985,0.983,0
0.935,0.931,0.938,1
0.928,0.93,0.945,1
0.942,0.938,0.934,1
0.952,0.981,0.979,1
0.913,0.923,0.936,1
0.9585997297107663,0.9728590437219552,0.9668814129514852,0
0.952,0.978,0.971,1
0.975,0.983,0.963,1
0.947,0.916,0.929,1
0.9719550439068784,0.98060592700364,0.9765358214999789,0
0.914,0.931,0.932,1
0.9872772047846522,0.9890690813267041,0.9868373844393256,1
0.9715204242803306,0.9860714093581578,0.9811415323699142,1
0.904,0.949,0.937,1
0.91,0.94,0.934,1
0.944,0.975,0.964,1
0.96,0.978,0.981,1
0.927,0.938,0.932,1
0.979,0.984,0.983,0
0.973,0.991,0.988,0
0.951,0.976,0.979,1
0.966,0.977,0.968,1
0.914,0.945,0.958,1
0.933,0.952,0.943,1
0.9812646213568901,0.9853545337697636,0.9821990845183649,0
0.978,0.992,0.995,0
0.982,0.99,0.99,0
0.987,0.995,0.991,0
0.974,0.981,0.97,1
0.968,0.97,0.971,1
0.9854155088789447,0.9860668107035991,0.9818594997665976,0
0.966,0.988,0.974,1
0.986,0.987,0.989,0
0.969,0.978,0.972,1
0.984,0.99,0.983,0
0.954,0.965,0.949,1
0.982,0.986,0.991,0
0.889,0.922,0.926,1
0.957,0.967,0.979,1
0.98,0.988,0.988,0
0.9825469695967836,0.9836543288570803,0.9779928937071969,0
0.968,0.971,0.971,1
0.976,0.986,0.985,0
0.9024037467725279,0.931928862011334,0.923743170894846,1
0.9550358874905422,0.9704732474074936,0.9681047330155964,0
0.97,0.977,0.985,1
0.986,0.987,0.99,0
0.96,0.966,0.953,1
0.963,0.963,0.974,1
0.983,0.987,0.993,0
0.9648823033875167,0.9691166990739271,0.9578731497583206,1
0.992,0.994,0.991,0
0.931,0.933,0.942,1
0.96,0.977,0.978,1
0.984,0.988,0.992,0
0.946,0.974,0.973,1
0.968,0.971,0.968,1
0.95,0.977,0.974,1
0.977,0.99,0.982,0
0.969,0.975,0.97,1
0.985134886306248,0.9828718235886249,0.9791834138499481,0
0.46453457650349333,0.6738007155412756,0.6669709201625402,1
0.905,0.913,0.905,1
0.9016898096517142,0.9457775019305193,0.9436862426414743,1
0.965,0.987,0.98,1
0.925,0.944,0.927,1
0.972,0.978,0.98,1
0.8361911306136515,0.9108648823589812,0.9093457853914879,1
0.978,0.99,0.983,0
0.985,0.988,0.983,0
0.9793704960251503,0.9705741672093701,0.9577999490831723,1
0.986,0.986,0.984,0
0.911,0.931,0.914,1
0.9,0.948,0.928,1
0.983,0.985,0.984,0
0.912,0.931,0.918,1
0.958,0.971,0.962,1
0.913,0.942,0.929,1
0.988,0.99,0.994,0
0.9163610767272016,0.949971873111119,0.9465954829503227,1
0.933,0.92,0.919,1
0.931,0.937,0.924,1
0.986,0.985,0.987,0
0.925,0.947,0.949,1
0.91,0.948,0.943,1
0.989,0.989,0.979,0
0.984,0.986,0.981,0
0.981,0.985,0.987,0
0.976,0.993,0.988,0
0.971,0.968,0.978,1
0.981,0.989,0.981,0
0.968,0.977,0.97,1
0.974,0.988,0.986,0
0.969,0.968,0.984,1
0.975,0.97,0.971,1
0.9896243300071426,0.9882566812141083,0.9838259026190289,0
0.899,0.943,0.937,1
0.9,0.96,0.952,1
0.921,0.939,0.936,1
0.924,0.895,0.909,1
0.903,0.886,0.905,1
0.963,0.983,0.967,1
0.986,0.983,0.991,0
0.908,0.947,0.947,1
0.947,0.96,0.971,1
0.934,0.936,0.934,1
0.93,0.965,0.963,1
0.935,0.972,0.971,1
0.988,0.995,0.989,0
0.895,0.911,0.933,1
0.983,0.987,0.988,0
0.984,0.993,0.99,0
0.917,0.915,0.898,1
0.976,0.98,0.989,0
0.918,0.952,0.933,1
0.9870757871053639,0.9855998338006617,0.9803556825076689,0
0.984,0.986,0.99,0
0.973,0.984,0.973,1
0.9397808652790535,0.9030541351657453,0.9002259372166558,1
0.926,0.916,0.922,1
0.917,0.926,0.949,1
0.984,0.991,0.992,0
0.9669575756711859,0.9753270384226863,0.9710092169387875,0
0.988,0.992,0.993,0
0.914,0.909,0.929,1
0.923,0.924,0.937,1
0.95,0.979,0.982,1
0.977,0.988,0.981,0
0.978,0.986,0.971,1
0.92,0.925,0.914,1
0.98,0.978,0.993,0
0.89,0.953,0.944,1
0.963,0.973,0.974,1
0.9707210508078693,0.964384579837405,0.949982534871861,0
0.919,0.949,0.927,1
0.954,0.971,0.985,1
0.959,0.988,0.975,1
0.987,0.984,0.981,0
0.982,0.986,0.99,0
0.937,0.931,0.93,1
0.9819996267679779,0.977794201748723,0.9677258576423178,0
0.918,0.933,0.931,1
0.929,0.961,0.96,1
0.897,0.938,0.93,1
0.889,0.934,0.936,1
0.91,0.934,0.936,1
0.908,0.915,0.929,1
0.985,0.988,0.983,0
0.989,0.982,0.99,0
0.922,0.932,0.949,1
0.993,0.992,0.991,0
0.963,0.977,0.982,1
0.988,0.987,0.992,0
0.99,0.991,0.99,0
0.948,0.977,0.969,1
0.929,0.933,0.948,1
0.953,0.976,0.966,1
0.968,0.97,0.981,1
0.952,0.976,0.98,1
0.991,0.994,0.989,0
0.911,0.926,0.927,1
0.919,0.936,0.934,1
0.916,0.922,0.905,1
0.988,0.991,0.982,0
0.981,0.979,0.97,1
0.91,0.923,0.913,1
0.984,0.984,0.979,0
0.9812090192567385,0.9899038661183153,0.9876937055268168,1
0.9820940687700214,0.983370139114288,0.9791397045490684,0
0.921,0.896,0.901,1
0.957,0.974,0.962,1
0.945,0.935,0.948,1
0.969,0.983,0.975,1
0.982,0.995,0.992,0
0.957,0.976,0.969,1
0.957,0.971,0.97,1
0.902,0.938,0.94,1
0.981,0.986,0.985,0
0.907,0.922,0.926,1
0.982,0.989,0.99,0
0.981,0.99,0.992,0
0.944,0.949,0.937,1
0.953,0.973,0.962,1
0.949,0.973,0.975,1
0.916,0.959,0.946,1
0.971,0.971,0.972,1
0.974,0.991,0.984,0
0.964,0.976,0.974,1
0.983,0.987,0.984,0
0.954,0.976,0.967,1
0.988,0.988,0.992,0
0.9683101192721176,0.9763514694851861,0.9717457140808583,1
0.976,0.994,0.988,0
0.926,0.921,0.915,1
0.913,0.915,0.912,1
0.908,0.922,0.935,1
0.982,0.992,0.991,0
0.946,0.975,0.972,1
0.962,0.986,0.972,1
0.92,0.966,0.954,1
0.956,0.975,0.975,1
0.923,0.918,0.939,1
0.8865661961158628,0.9357790260928176,0.9301414435706836,1
0.9883538587763049,0.9878614963189841,0.9848469676811913,0
0.982,0.995,0.991,0
0.96,0.94,0.948,1
0.9455093543140666,0.9645186180108153,0.960793528147713,1
0.976,0.982,0.984,0
0.9848082796536093,0.9791803173780826,0.969769320273791,0
0.919,0.911,0.9,1
0.896,0.924,0.914,1
0.959,0.981,0.984,1
0.986,0.982,0.981,0
0.98,0.985,0.986,0
0.985,0.986,0.99,0
0.9710158293187805,0.9773290996497569,0.9706804994378928,1
0.957,0.973,0.98,1
0.955,0.968,0.981,1
0.978,0.99,0.988,0
0.936,0.938,0.934,1
0.989,0.989,0.988,0
0.908,0.928,0.928,1
0.991,0.99,0.984,0
0.909,0.935,0.935,1
0.948,0.975,0.971,1
0.9869039035508324,0.982621037233367,0.9737111041671256,0
0.956,0.989,0.986,1
0.97,0.979,0.986,0
0.929,0.932,0.934,1
0.967,0.984,0.981,1
0.928,0.944,0.94,1
0.92,0.94,0.954,1
0.976,0.98,0.974,1
0.985,0.987,0.985,0
0.918,0.918,0.915,1
0.983,0.99,0.986,0
0.954,0.97,0.97,1
0.908,0.946,0.957,1
0.959,0.984,0.97,1
0.977,0.989,0.984,0
0.945,0.933,0.939,1
0.973,0.974,0.97,1
0.982,0.985,0.989,0
0.9109500528856953,0.8792020298206595,0.8664694604297176,1
0.962,0.981,0.983,1
0.975,0.993,0.988,0
0.993,0.987,0.993,0
0.912,0.911,0.921,1
0.907,0.932,0.921,1
0.931,0.919,0.92,1
0.98,0.988,0.991,0
0.957,0.966,0.972,1
0.92,0.928,0.93,1
0.917,0.908,0.91,1
0.95,0.974,0.966,1
0.988,0.99,0.989,0
0.981,0.984,0.974,1
0.959,0.98,0.985,1
0.9795774373048061,0.9844400232906095,0.9806094826610805,1
0.906,0.938,0.942,1
0.952,0.972,0.973,1
0.9391340013455223,0.9324392688019507,0.9240213854998985,1
0.951,0.969,0.978,1
0.976,0.986,0.987,0
0.9728172764952376,0.9766679558402744,0.9691693149152552,1
0.98,0.99,0.987,0
0.926,0.929,0.935,1
0.907,0.972,0.964,1
0.982,0.989,0.979,0
0.933,0.977,0.979,1
0.979,0.985,0.974,1
0.948,0.972,0.962,1
0.987,0.988,0.981,0
0.976,0.979,0.968,1
0.985,0.982,0.992,0
0.908,0.946,0.937,1
0.984,0.993,0.99,0
0.986,0.987,0.98,0
0.965,0.984,0.976,1
0.952,0.944,0.925,1
0.977,0.985,0.988,0
0.911,0.948,0.958,1
0.984033243453639,0.9796133245615903,0.976340243366942,0
0.893,0.904,0.922,1
0.981,0.979,0.983,0
0.968,0.984,0.988,0
0.982,0.994,0.978,0
0.93,0.963,0.941,1
0.963,0.986,0.982,1
0.913,0.946,0.938,1
0.967,0.968,0.967,1
0.962,0.973,0.976,1
0.908,0.932,0.943,1
0.986,0.988,0.991,0
0.9483630890468794,0.9708320329289303,0.9691780651004306,1
0.987,0.98,0.988,0
0.984,0.971,0.97,1
0.953,0.968,0.97,1
0.941,0.937,0.932,1
0.949,0.973,0.972,1
0.884,0.937,0.936,1
0.9623674197872581,0.9710839165470221,0.9633987126593347,1
0.973,0.975,0.971,1
0.915,0.926,0.926,1
0.906,0.935,0.924,1
0.974,0.983,0.985,1
0.912,0.939,0.945,1
0.91,0.931,0.938,1
0.9211999686662105,0.9531822808341399,0.9497326819281472,1
0.955,0.975,0.965,1
0.972,0.969,0.976,1
0.978,0.983,0.985,0
0.971,0.984,0.976,1
0.955,0.97,0.973,1
0.961,0.978,0.974,1
0.956,0.971,0.97,1
0.969,0.973,0.971,1
0.949,0.971,0.975,1
0.962,0.98,0.971,1
0.969,0.987,0.984,0
0.971,0.977,0.973,1
0.93,0.953,0.958,1
0.9753466496900698,0.9682805533398542,0.95754997299722,0
0.928,0.941,0.93,1
0.976,0.995,0.992,0
0.977,0.995,0.987,0
0.978,0.983,0.982,0
0.979,0.974,0.976,1
0.909,0.924,0.945,1
0.963,0.987,0.986,1
0.974,0.983,0.983,0
0.971,0.981,0.97,1
0.983,0.989,0.986,0
0.906,0.917,0.906,1
0.959,0.979,0.978,1
0.916,0.956,0.952,1
0.977,0.985,0.969,1
0.925,0.933,0.915,1
0.972,0.971,0.98,1
0.9,0.942,0.929,1
0.42133319516522333,0.6447097502468513,0.642798500735108,0
0.926,0.939,0.957,1
0.97,0.972,0.967,1
0.9695280481850423,0.9741075830248448,0.9660223731207789,0
0.969,0.983,0.982,1
0.967615553351096,0.9759057600534284,0.9729891496179125,1
0.96,0.964,0.958,1
0.979,0.982,0.984,0
0.8539008062503802,0.9052185264021131,0.8924900555270832,1
0.967,0.976,0.967,1
0.929,0.945,0.935,1
0.925,0.921,0.921,1
0.9876201260745241,0.9886698740305964,0.9857528438203265,0
0.978,0.99,0.982,0
0.958,0.981,0.973,1
0.985,0.989,0.988,0
0.922,0.965,0.964,1
0.9719986950096318,0.9745603609003767,0.9653516471434929,0
0.9867629642425807,0.9829113259265774,0.9731902654681273,1
0.9847801312511122,0.9859007378531865,0.9833945694616106,0
0.951,0.965,0.968,1
0.986,0.988,0.992,0
0.961,0.973,0.973,1
0.983,0.984,0.989,0
0.938,0.966,0.966,1
0.914,0.93,0.939,1
0.944,0.948,0.967,1
0.952,0.984,0.984,1
0.977,0.989,0.982,0
0.9867622939625471,0.9867448580977078,0.9836967386850115,0
0.987,0.984,0.984,0
0.926,0.956,0.969,1
0.922,0.932,0.936,1
0.986,0.989,0.99,0
0.912,0.91,0.913,1
0.973,0.974,0.974,1
0.982,0.986,0.985,0
0.943,0.977,0.967,1
0.932,0.913,0.911,1
0.957,0.974,0.982,1
0.974,0.984,0.989,0
0.9050831854997283,0.9448610529709397,0.940575172275462,1
0.943,0.974,0.978,1
0.942,0.949,0.94,1
0.954,0.968,0.975,1
0.988,0.99,0.99,0
0.946,0.942,0.926,1
0.91,0.938,0.938,1
0.907,0.97,0.971,1
0.9847986440977179,0.9833438216264677,0.9784347529831221,1
0.895,0.938,0.922,1
0.926,0.921,0.921,1
0.97,0.986,0.991,0
0.981,0.998,0.988,0
0.973,0.988,0.987,0
0.981,0.987,0.984,0
0.988,0.992,0.987,0
0.944,0.93,0.928,1
0.915,0.945,0.947,1
0.9800533270817522,0.9836383232659647,0.9793267600663154,1
0.933,0.974,0.984,1
0.967,0.976,0.972,1
0.914,0.936,0.927,1
0.926,0.941,0.926,1
0.9542999170947154,0.9726028714465097,0.9705810468687521,0
0.932,0.943,0.936,1
0.946,0.981,0.98,1
0.971,0.977,0.963,1
0.932,0.925,0.952,1
0.971,0.978,0.97,1
0.978,0.988,0.99,0
0.98,0.989,0.987,0
0.987,0.985,0.988,0
0.921,0.903,0.9,1
0.949,0.975,0.969,1
0.9818187053992521,0.9750829546969558,0.9636081225816057,0
0.988,0.984,0.984,0
0.969,0.981,0.974,1
0.973,0.984,0.981,1
0.971,0.971,0.968,1
0.967,0.981,0.977,1
0.966,0.995,0.993,0
0.952,0.974,0.975,1
0.973,0.993,0.992,0
0.921,0.923,0.91,1
0.974,0.994,0.988,0
0.985,0.984,0.988,0
0.962,0.981,0.976,1
0.925,0.92,0.923,1
0.902,0.922,0.927,1
0.958,0.973,0.971,1
0.914,0.914,0.915,1
0.919,0.927,0.938,1
0.904,0.946,0.936,1
0.925,0.94,0.939,1
0.936,0.911,0.916,1
0.962,0.986,0.978,1
0.974,0.973,0.972,1
0.915,0.935,0.932,1
0.959,0.974,0.971,1
0.934,0.908,0.912,1
0.956,0.972,0.959,1
0.92,0.944,0.941,1
0.984,0.992,0.987,0
0.974,0.991,0.987,0
0.934,0.926,0.92,1
0.899,0.959,0.931,1
0.9137823382294769,0.954128744946625,0.9515078810757618,1
0.9423083762236196,0.9681804410538523,0.9641857668557041,1
0.9792219044998342,0.9847501813859983,0.9820701455336137,1
0.984,0.988,0.992,0
0.911,0.904,0.917,1
0.986,0.996,0.993,0
0.922,0.942,0.919,1
0.977,0.978,0.986,1
0.983,0.984,0.978,0
0.933,0.954,0.932,1
0.928,0.924,0.915,1
0.958,0.97,0.965,1
0.986,0.988,0.988,0
0.952,0.977,0.972,1
0.945,0.971,0.97,1
0.2884608652433443,0.5344525580593459,0.5332117116876267,1
0.98,0.993,0.992,0
0.983,0.991,0.992,0
0.977,0.984,0.976,1
0.976,0.962,0.976,1
0.909,0.934,0.934,1
0.92,0.918,0.926,1
0.9726969772311235,0.9768754496458354,0.9724762101338461,0
0.978,0.987,0.99,0
0.889,0.927,0.916,1
0.924,0.922,0.936,1
0.981,0.975,0.98,1
0.96,0.977,0.977,1
0.917,0.912,0.914,1
0.899,0.921,0.925,1
0.9786222443313332,0.9854098276621589,0.9828894690414678,1
0.985,0.99,0.988,0
0.984,0.975,0.971,1
0.899,0.927,0.908,1
0.912,0.907,0.909,1
0.98,0.991,0.983,0
0.931,0.92,0.917,1
0.968,0.933,0.923,1
0.978,0.972,0.965,1
0.936,0.922,0.916,1
0.983,0.989,0.989,0
0.986,0.994,0.987,0
0.97,0.977,0.967,1
0.9549068612984867,0.9613752830428833,0.9554979956686503,1
0.979,0.978,0.985,0
0.984,0.985,0.983,0
0.927,0.899,0.917,1
0.982,0.987,0.984,0
0.949,0.976,0.978,1
0.9715140431383562,0.9726294798815324,0.9637099237439836,1
0.959,0.973,0.967,1
0.954,0.981,0.977,1
0.979,0.992,0.984,0
0.99,0.989,0.987,0
0.959,0.969,0.969,1
0.972,0.981,0.98,1
0.978,0.978,0.984,0
0.976,0.985,0.988,0
0.921,0.927,0.892,1
0.919,0.926,0.932,1
0.943,0.98,0.985,1
0.9290881612268418,0.9490170446332223,0.939982060131251,1
0.982,0.992,0.988,0
0.909,0.94,0.916,1
0.2581641691440214,0.5045709700228292,0.5032796382195228,1
0.914,0.948,0.945,1
0.978,0.989,0.986,0
0.98,0.975,0.983,1
0.979,0.986,0.986,0
0.9823058689709463,0.9786116519999306,0.9695345658716739,1
0.98,0.989,0.989,0
0.977,0.986,0.985,0
0.962,0.982,0.985,1
0.965,0.971,0.966,1
0.954,0.986,0.978,1
0.976,0.987,0.989,0
0.9375287961453906,0.9540876484946468,0.9431289111557221,1
0.2794154616511926,0.5243264000119348,0.5214990002663872,1
0.984,0.988,0.99,0
0.9691523441206948,0.97204587964163,0.9632488779347497,1
0.9,0.966,0.969,1
0.918,0.918,0.918,1
0.8894478267220053,0.9380677157639765,0.9317004386533889,1
0.98,0.988,0.988,0
0.914,0.918,0.916,1
0.973,0.965,0.962,1
0.932,0.95,0.937,1
0.945,0.929,0.924,1
0.898,0.934,0.944,1
0.939,0.958,0.956,1
0.956,0.971,0.975,1
0.981,0.982,0.988,0
0.985,0.99,0.988,0
0.979,0.992,0.985,0
0.951,0.962,0.964,1
0.987,0.99,0.982,0
0.949,0.975,0.971,1
0.914,0.93,0.895,1
0.9730428668044696,0.9717380321086744,0.965225966972418,1
0.96,0.983,0.972,1
0.968,0.978,0.97,1
0.987,0.991,0.985,0
0.953,0.982,0.986,1
0.979,0.981,0.979,1
0.945,0.968,0.967,1
0.987,0.99,0.992,0
0.984,0.986,0.981,0
0.971,0.969,0.967,1
0.929,0.914,0.905,1
0.983,0.987,0.985,0
0.903,0.945,0.937,1
0.94,0.924,0.93,1
0.979,0.991,0.988,0
0.927,0.927,0.946,1
0.929,0.944,0.954,1
0.982,0.994,0.991,0
0.951,0.977,0.974,1
0.92,0.929,0.932,1
0.9877814195883448,0.9871207573751685,0.9803647145125696,1
0.8913027280866047,0.9313614051831304,0.9276906703836552,1
0.916,0.919,0.913,1
0.971,0.976,0.964,1
0.981,0.993,0.992,0
0.971,0.981,0.971,1
0.30102299063297683,0.5435475784064375,0.5417320489749892,1
0.955,0.972,0.98,1
0.987,0.99,0.984,0
0.914,0.909,0.91,1
0.952,0.984,0.97,1
0.955,0.979,0.971,1
0.9714516732132601,0.9660720980868799,0.9506182411651207,1
0.973,0.982,0.986,1
0.915,0.914,0.923,1
0.4552074068484833,0.6695757664960987,0.666633986662472,0
0.971,0.978,0.976,1
0.977,0.991,0.99,0
0.976,0.991,0.99,0
0.973,0.985,0.986,0
0.983,0.979,0.975,1
0.93,0.952,0.958,1
0.986,0.985,0.987,0
0.983,0.99,0.987,0
0.919,0.933,0.921,1
0.985,0.984,0.991,0
0.9643729117923115,0.9703260013607201,0.9628517339749488,1
0.9529198091577744,0.9363628331231143,0.927045192266253,0
0.9696682568258599,0.9797995331413849,0.977477124187098,1
0.928,0.934,0.93,1
0.984,0.99,0.988,0
0.939,0.939,0.935,1
0.975,0.973,0.972,1
0.964,0.968,0.971,1
0.966,0.975,0.97,1
0.973,0.961,0.97,1
0.983,0.975,0.963,1
0.6034668387208859,0.7720922960917532,0.7703142622866724,1
0.9746922282146687,0.9808308484393744,0.9765375893888425,1
0.95,0.973,0.965,1
0.988991177317421,0.9860473436537455,0.9809767865448488,0
0.954,0.973,0.979,1
0.976,0.987,0.987,0
0.965078714980184,0.9714770849816171,0.9656144006523285,1
0.982,0.985,0.989,0
0.924,0.922,0.923,1
0.9797094625111514,0.9840015323160889,0.9809208515964943,1
0.98,0.987,0.991,0
0.976,0.983,0.989,0
0.979,0.987,0.983,0
0.927,0.943,0.941,1
0.918,0.93,0.931,1
0.984,0.99,0.989,0
0.939,0.937,0.937,1
0.953,0.948,0.947,1
0.904,0.945,0.949,1
0.986,0.981,0.984,0
0.2524116229559802,0.48665157127129416,0.4832410299290692,1
0.95,0.968,0.976,1
0.96,0.971,0.976,1
0.962,0.975,0.977,1
0.918,0.937,0.942,1
0.926,0.946,0.932,1
0.967,0.971,0.973,1
0.908,0.961,0.961,1
0.948,0.984,0.972,1
0.992,0.991,0.986,0
0.97,0.988,0.987,0
0.986,0.994,0.988,0
0.979,0.989,0.986,0
0.915,0.947,0.955,1
0.925,0.917,0.917,1
0.977,0.99,0.985,0
0.966,0.974,0.979,1
0.922,0.897,0.906,1
0.92,0.916,0.918,1
0.92,0.958,0.961,1
0.907,0.92,0.924,1
0.9876361306575056,0.986886375347097,0.9838217656409971,0
0.954,0.974,0.981,1
0.982,0.991,0.982,0
0.948,0.981,0.972,1
0.9470766500950221,0.9661319613036405,0.9604685660560991,1
0.9537384465271923,0.9362220161686737,0.9274426991969601,0
0.957,0.971,0.972,1
0.968,0.978,0.975,1
0.966,0.974,0.977,1
0.9865390815313761,0.9862241361240818,0.9818989199474901,0
0.918,0.904,0.919,1
0.9246339960931821,0.9526623022871704,0.9472890742432271,1
0.971,0.977,0.963,1
0.888,0.942,0.946,1
0.976,0.992,0.986,0
0.9302270995354164,0.9595856210164068,0.9547126541701925,1
0.9796491390233693,0.9834701316377019,0.9804579001860301,0
0.941,0.957,0.958,1
0.978,0.983,0.987,0
0.976,0.985,0.984,1
0.9274454540712244,0.9550738770343232,0.9505664735436742,1
0.967,0.973,0.975,1
0.939,0.93,0.918,1
0.983,0.989,0.994,0
0.9832293026756072,0.9830763572634728,0.9794356929829249,1
0.947,0.968,0.963,1
0.973,0.976,0.979,1
0.98,0.994,0.987,0
0.984,0.984,0.981,0
0.9799797134731757,0.9793598223111306,0.9721389762158227,1
0.929,0.951,0.939,1
0.955,0.97,0.974,1
0.912,0.907,0.916,1
0.936,0.914,0.915,1
0.984,0.988,0.984,0
0.963,0.985,0.976,1
0.978,0.978,0.972,1
0.977,0.99,0.987,0
0.988,0.986,0.985,0
0.953,0.963,0.96,1
0.975,0.976,0.977,1
0.976,0.991,0.988,0
0.914,0.942,0.94,1
0.9880087719762518,0.9847757067354562,0.9794036104005234,0
0.983,0.987,0.99,0
0.898,0.948,0.934,1
0.981,0.974,0.985,0
0.959,0.975,0.973,1
0.967,0.979,0.976,1
0.936,0.916,0.903,1
0.982,0.991,0.994,0
0.967,0.971,0.973,1
0.978,0.984,0.992,0
0.92,0.922,0.915,1
0.986,0.989,0.979,0
0.979,0.986,0.994,0
0.896,0.948,0.934,1
0.98,0.992,0.981,0
0.9746098806804484,0.9752793842131978,0.9725869615254431,1
0.9579561087258734,0.9707858278889614,0.9648411060186777,1
0.925,0.917,0.898,1
0.987,0.978,0.985,0
0.933,0.956,0.949,1
0.92,0.962,0.933,1
0.974,0.973,0.971,1
0.92,0.943,0.941,1
0.918,0.931,0.931,1
0.922,0.898,0.897,1
0.974,0.983,0.98,0
0.9749307767083769,0.976230054647711,0.9688388339208445,1
0.965,0.976,0.975,1
0.9835900022199207,0.9817167927105129,0.9757948394138531,1
0.981,0.984,0.986,0
0.99,0.988,0.991,0
0.93,0.944,0.933,1
0.966,0.982,0.974,1
0.888,0.915,0.906,1
0.898,0.918,0.924,1
0.93,0.941,0.93,1
0.923,0.949,0.941,1
0.954,0.967,0.976,1
0.979,0.979,0.971,1
0.982,0.99,0.982,0
0.965,0.976,0.976,1
0.9859384906392518,0.98649331852462,0.9828114677824498,0
0.983,0.989,0.991,0
0.931,0.936,0.925,1
0.982,0.992,0.989,0
0.957,0.971,0.974,1
0.975,0.988,0.985,0
0.9741160595812792,0.979832645965244,0.977397881843781,1
0.912,0.907,0.904,1
0.966,0.972,0.976,1
0.927,0.945,0.95,1
0.979,0.988,0.991,0
0.98,0.987,0.99,0
0.982,0.989,0.98,0
0.957,0.981,0.982,1
0.897,0.913,0.912,1
0.9768318763785478,0.981289759947721,0.9771057566754965,1
0.9807394933409778,0.9827917320562243,0.9803360077331678,0
0.901,0.91,0.911,1
0.971,0.976,0.969,1
0.974,0.981,0.976,1
0.986,0.989,0.989,0
0.954,0.987,0.975,1
0.9832537812299716,0.9779397941621422,0.9699311990305516,0
0.9846304577579936,0.985219242596683,0.9804043952115253,0
0.981,0.984,0.993,0
0.976,0.984,0.988,0
0.958,0.958,0.965,1
0.964,0.974,0.974,1
0.978,0.994,0.992,0
0.9779067025751483,0.9482098042066541,0.9394120007941587,1
0.9865799263564983,0.986606188247058,0.982387182170348,0
0.953,0.979,0.975,1
0.978,0.987,0.989,0
0.988,0.989,0.988,0
0.983,0.982,0.988,0
0.986,0.99,0.989,0
0.962,0.98,0.977,1
0.955,0.968,0.972,1
0.993,0.995,0.995,0
0.945,0.928,0.931,1
0.91,0.92,0.926,1
0.978,0.982,0.986,0
0.92,0.925,0.919,1
0.987,0.984,0.978,0
0.917,0.918,0.928,1
0.914,0.934,0.952,1
0.986,0.984,0.985,0
0.947,0.982,0.971,1
0.953,0.974,0.966,1
0.946,0.953,0.945,1
0.988,0.989,0.992,0
0.916,0.937,0.957,1
0.979,0.987,0.983,1
0.981,0.991,0.99,0
0.986,0.98,0.987,0
0.9840229605370352,0.9824307859454221,0.9750334327049587,0
0.972,0.988,0.985,0
0.982,0.985,0.984,0
0.927,0.943,0.93,1
0.906,0.942,0.937,1
0.9524351126346774,0.9585627063493871,0.9515795821705666,1
0.975,0.99,0.992,0
0.922,0.941,0.908,1
0.911,0.92,0.923,1
0.974,0.992,0.987,0
0.975,0.963,0.965,1
0.981,0.982,0.986,0
0.987,0.987,0.977,1
0.9617932949923833,0.9739216789244786,0.9702882888890173,1
0.981,0.976,0.965,1
0.968,0.977,0.982,1
0.967,0.967,0.974,1
0.961,0.966,0.97,1
0.968,0.981,0.971,1
0.975,0.987,0.985,0
0.9711047110638932,0.9812976782283439,0.9791096264919126,1
0.988,0.985,0.987,0
0.97,0.976,0.979,1
0.912,0.946,0.948,1
0.951,0.974,0.972,1
0.961,0.977,0.961,1
0.976,0.974,0.965,1
0.921,0.929,0.925,1
0.939,0.943,0.948,1
0.935,0.981,0.974,1
0.978,0.982,0.987,0
0.917,0.957,0.938,1
0.978,0.977,0.971,1
0.958,0.97,0.973,1
0.918,0.918,0.908,1
0.971,0.971,0.96,1
0.98,0.984,0.984,0
0.972,0.991,0.983,0
0.913,0.932,0.946,1
0.898,0.906,0.904,1
0.977,0.992,0.987,0
0.963,0.984,0.971,1
0.923,0.939,0.936,1
0.973,0.977,0.974,1
0.966,0.975,0.979,1
0.9829341843854202,0.9852786834343614,0.9832782378878961,0
0.968,0.967,0.972,1
0.9880114359656759,0.9896264795727423,0.986758439368424,1
0.936,0.962,0.957,1
0.984,0.994,0.99,0
0.906,0.948,0.943,1
0.968,0.976,0.977,1
0.959,0.966,0.975,1
0.965,0.976,0.978,1
0.969,0.987,0.976,1
0.971,0.973,0.976,1
0.927,0.925,0.927,1
0.928,0.94,0.909,1
0.975,0.974,0.978,1
0.509127413962979,0.7007367335406776,0.6981382512945989,1
0.969,0.979,0.971,1
0.986,0.988,0.982,0
0.972,0.972,0.97,1
0.987,0.992,0.989,0
0.927,0.946,0.945,1
0.915,0.91,0.92,1
0.934,0.964,0.968,1
0.9716808773969584,0.9761255873317016,0.9720955100646324,0
0.984,0.989,0.989,0
0.928,0.952,0.941,1
0.954,0.975,0.974,1
0.932,0.944,0.932,1
0.96,0.978,0.952,1
0.966,0.978,0.971,1
0.934,0.952,0.954,1
0.988,0.986,0.987,0
0.98,0.984,0.981,0
0.992,0.991,0.984,0
0.932,0.909,0.935,1
0.924328193180649,0.9741597747918658,0.9630111659914482,1
0.908,0.924,0.928,1
0.975,0.981,0.979,1
0.96,0.987,0.974,1
0.925,0.936,0.926,1
0.974,0.988,0.984,0
0.978,0.97,0.96,1
0.953,0.977,0.966,1
0.98,0.981,0.981,0
0.919,0.901,0.915,1
0.98,0.984,0.99,0
0.961,0.965,0.965,1
0.908,0.948,0.938,1
0.944,0.966,0.97,1
0.972,0.983,0.984,0
0.928,0.935,0.945,1
0.923,0.941,0.931,1
0.9,0.933,0.914,1
0.9539806197248684,0.9701553996374421,0.964597634861796,1
0.918,0.942,0.938,1
0.924,0.945,0.942,1
0.97,0.974,0.988,1
0.978,0.986,0.985,0
0.986,0.988,0.988,0
0.983,0.989,0.986,0
0.986,0.99,0.989,0
0.987,0.989,0.992,0
0.727988762263021,0.8478930898861148,0.8455776741574735,1
0.971,0.977,0.969,1
0.975,0.989,0.985,0
0.9216998110518483,0.9549877750203859,0.9503828163673861,1
0.976,0.989,0.987,0
0.9707387416149167,0.9751099594519823,0.972383513328968,1
0.965,0.977,0.97,1
0.984559033810605,0.9851955288627695,0.9821684613053336,1
0.98,0.994,0.988,0
0.977,0.973,0.97,1
0.962,0.97,0.976,1
0.985,0.978,0.99,1
0.918,0.924,0.925,1
0.978,0.985,0.989,0
0.9168073227765626,0.937450918787999,0.9247535242984636,1
0.915,0.917,0.928,1
0.986,0.994,0.995,0
0.9836377726981577,0.9863386470719423,0.9836066307115386,0
0.937,0.96,0.935,1
0.984,0.989,0.977,0
0.97,0.97,0.977,1
0.909,0.917,0.901,1
0.977,0.969,0.959,1
0.912,0.92,0.907,1
0.951,0.969,0.972,1
0.961,0.968,0.969,1
0.989,0.984,0.99,0
0.927,0.926,0.953,1
0.984,0.984,0.986,0
0.935,0.95,0.952,1
0.9392263038737786,0.9590132901991173,0.9499020506266151,1
0.994,0.986,0.995,0
0.979,0.985,0.986,0
0.981,0.988,0.986,0
0.912,0.926,0.916,1
0.961,0.965,0.981,1
0.99,0.992,0.98,0
0.974,0.99,0.989,0
0.982,0.994,0.99,0
0.98,0.981,0.986,1
0.988,0.99,0.988,0
0.939,0.941,0.948,1
0.959,0.974,0.982,1
0.93,0.947,0.948,1
0.977,0.974,0.97,1
0.969,0.977,0.955,1
0.9549185312304113,0.9623587944037736,0.9569592784949466,1
0.921,0.953,0.961,1
0.895,0.933,0.923,1
0.981,0.993,0.989,0
0.955,0.97,0.966,1
0.964,0.979,0.969,1
0.962694658830685,0.9768935893936534,0.9719857421566537,0
0.986,0.984,0.989,0
0.91,0.911,0.927,1
0.978,0.994,0.989,0
0.94,0.958,0.954,1
0.984,0.985,0.99,0
0.948,0.984,0.977,1
0.911,0.919,0.911,1
0.983,0.983,0.99,0
0.955,0.976,0.976,1
0.941,0.942,0.959,1
0.916,0.924,0.914,1
0.927,0.901,0.919,1
0.952,0.976,0.976,1
0.99,0.986,0.987,0
0.887537708271201,0.9377017656059177,0.9294653676086829,1
0.9562762158112201,0.9421896775402291,0.9335737392642333,0
0.9752318162110369,0.9801312261785189,0.9781733291992512,1
0.976,0.981,0.98,1
0.93,0.938,0.943,1
0.978,0.978,0.981,0
0.978,0.987,0.987,0
0.9781518130096145,0.9534939273612848,0.941678038772606,1
0.911,0.915,0.906,1
0.982,0.985,0.983,0
0.936,0.916,0.925,1
0.964,0.976,0.978,1
0.977,0.973,0.985,1
0.971,0.974,0.969,1
0.92,0.946,0.95,1
0.938,0.976,0.967,1
0.919,0.93,0.936,1
0.993,0.991,0.995,0
0.9780647285970553,0.9841840475484067,0.9800866060021817,0
0.949,0.985,0.984,1
0.992,0.99,0.997,0
0.957,0.962,0.968,1
0.986,0.993,0.978,0
0.981,0.99,0.994,0
0.963,0.971,0.976,1
0.921,0.936,0.947,1
0.9548919663857669,0.9718570998621465,0.9692080251167002,0
0.983,0.987,0.986,0
0.972,0.974,0.974,1
0.979,0.993,0.986,0
0.959,0.979,0.981,1
0.903,0.956,0.946,1
0.924,0.948,0.954,1
0.963,0.959,0.978,1
0.967,0.967,0.97,1
0.924,0.951,0.931,1
0.922,0.934,0.944,1
0.9736835331787165,0.9660720980868799,0.9506182411651207,1
0.956,0.972,0.973,1
0.966,0.976,0.972,1
0.993,0.985,0.988,0
0.969,0.972,0.978,1
0.966,0.982,0.982,1
0.978,0.988,0.986,0
0.98,0.992,0.987,0
0.977,0.993,0.987,0
0.98,0.989,0.982,0
0.98,0.987,0.987,0
0.964,0.973,0.96,1
0.99,0.984,0.99,0
0.958,0.97,0.964,1
0.947,0.971,0.971,1
0.961,0.976,0.977,1
0.9174822538136048,0.9534645426131897,0.9501233183522027,1
0.918,0.925,0.95,1
0.955,0.956,0.959,1
0.915,0.928,0.945,1
0.98,0.988,0.986,0
0.969,0.974,0.968,1
0.98,0.99,0.987,0
0.977,0.968,0.974,1
0.943,0.945,0.942,1
0.977,0.992,0.995,0
0.987286156262148,0.9904821015330074,0.9864695974129062,1
0.98,0.988,0.986,0
0.952,0.978,0.976,1
0.9649343025772973,0.9657088591205116,0.9548257895354603,1
0.947,0.975,0.964,1
0.9862696293593676,0.9861938114177575,0.9820719002363137,1
0.982,0.976,0.981,0
0.987,0.986,0.978,0
0.948,0.972,0.972,1
0.95,0.934,0.947,1
0.915,0.947,0.93,1
0.917,0.948,0.955,1
0.9680910127204513,0.9861233317315077,0.9838422688526649,1
0.98,0.994,0.991,0
0.974,0.986,0.988,0
0.901,0.93,0.913,1
0.955,0.971,0.979,1
0.962,0.982,0.978,1
0.914,0.943,0.942,1
0.98765552707305,0.9831023212192274,0.9752171311237638,0
0.981,0.996,0.986,0
0.9824404762424076,0.9843793285316669,0.9818762346016254,1
0.957,0.976,0.96,1
0.947,0.926,0.933,1
0.966,0.978,0.98,1
0.966,0.98,0.981,1
0.9850685454261039,0.9862656814346362,0.9810818328272068,0
0.943,0.911,0.916,1
0.982,0.989,0.984,0
0.97,0.982,0.975,1
0.982,0.989,0.996,0
0.963,0.978,0.972,1
0.942,0.97,0.973,1
0.924,0.938,0.937,1
0.925,0.938,0.938,1
0.7691522224668116,0.8717779460169656,0.8694282226211935,0
0.992,0.989,0.982,0
0.968,0.958,0.967,1
0.969,0.977,0.981,1
0.993,0.983,0.989,0
0.969,0.977,0.987,0
0.9290825481281937,0.9444421068077571,0.9291353210740478,1
0.974,0.991,0.987,0
0.927,0.925,0.915,1
0.989,0.984,0.991,0
0.992,0.99,0.991,0
0.984,0.985,0.988,0
0.938,0.948,0.947,1
0.915,0.909,0.908,1
0.918,0.923,0.912,1
0.914,0.919,0.923,1
0.982,0.985,0.99,0
0.952,0.98,0.979,1
0.921,0.897,0.928,1
0.981,0.99,0.989,0
0.929,0.907,0.895,1
0.97,0.979,0.982,1
0.31009697029121064,0.55246240217414,0.5505032855029022,1
0.958,0.983,0.963,1
0.934,0.939,0.916,1
0.962,0.978,0.975,1
0.928,0.948,0.943,1
0.931288244749085,0.9476550527898617,0.9332857346107386,1
0.972,0.975,0.975,1
0.957,0.985,0.972,1
0.964,0.973,0.974,1
0.938,0.921,0.908,1
0.964,0.982,0.974,1
0.965,0.981,0.98,0
0.985,0.988,0.984,0
0.939,0.917,0.909,1
0.969,0.976,0.977,1
0.959,0.977,0.976,1
0.965,0.975,0.975,1
0.969,0.973,0.972,1
0.9415765294147593,0.9653683324929088,0.9623254644881784,0
0.968,0.978,0.976,1
0.93,0.952,0.954,1
0.952,0.978,0.984,1
0.983,0.986,0.983,0
0.975,0.991,0.978,0
0.987,0.99,0.987,0
0.959,0.975,0.972,1
0.981,0.987,0.983,0
0.918,0.95,0.937,1
0.988,0.986,0.991,0
0.9895843244425937,0.9883610780121648,0.9859649966244018,0
0.983,0.99,0.988,0
0.984,0.983,0.982,0
0.986,0.991,0.985,0
0.974,0.98,0.989,0
0.9799935691288283,0.9764904900147368,0.9698272823724294,0
0.982,0.988,0.985,0
0.93,0.935,0.938,1
0.962,0.979,0.953,1
0.98,0.989,0.981,0
0.983,0.984,0.979,0
0.9519068034422455,0.9690399771434004,0.9664673018305417,0
0.974,0.988,0.984,0
0.973,0.981,0.981,1
0.979,0.97,0.981,1
0.985,0.985,0.991,0
0.956,0.972,0.975,1
0.959,0.972,0.97,1
0.989,0.991,0.992,0
0.9807195260792185,0.9779258084253925,0.9732778293784493,1
0.923,0.929,0.904,1
0.987,0.989,0.986,0
0.98,0.993,0.994,0
0.985,0.984,0.991,0
0.913,0.938,0.938,1
0.887,0.933,0.936,1
0.963,0.97,0.97,1
0.92,0.94,0.947,1
0.981,0.987,0.979,0
0.9812116987326039,0.9759454575211218,0.9732201774688315,1
0.931,0.941,0.93,1
0.956,0.99,0.987,1
0.969,0.99,0.986,0
0.984,0.988,0.982,0
0.925,0.918,0.903,1
0.983,0.985,0.988,0
0.9095387185626268,0.9472750374871962,0.9449454354423479,0
0.972,0.978,0.98,1
0.921,0.94,0.921,1
0.932,0.905,0.931,1
0.987,0.985,0.987,0
0.938,0.912,0.906,1
0.985,0.994,0.988,0
0.979,0.989,0.984,0
0.978,0.991,0.986,0
0.977,0.981,0.991,0
0.964,0.969,0.971,1
0.974,0.984,0.988,0
0.932,0.944,0.952,1
0.976,0.996,0.994,0
0.9271063216901279,0.953107649961293,0.944975159601119,1
0.8520619503115849,0.9156344795872564,0.9138000787774012,1
0.982,0.983,0.982,0
0.9560160752747059,0.9724791018723624,0.9699396377456325,0
0.966,0.979,0.975,1
0.922,0.918,0.924,1
0.9859923562278078,0.9865030430548491,0.9842507793639286,0
0.988,0.992,0.997,0
0.957,0.929,0.929,1
0.943,0.97,0.965,1
0.97,0.969,0.973,1
0.9879883425511601,0.9874092250008355,0.9832527712139062,1
0.956,0.967,0.968,1
0.958,0.933,0.937,1
0.956,0.974,0.976,1
0.975,0.988,0.989,0
0.8374753830627166,0.8605662681867041,0.8475301422308114,1
0.923,0.919,0.925,1
0.964,0.972,0.967,1
0.98,0.993,0.988,0
0.923,0.951,0.942,1
0.93,0.903,0.911,1
0.916,0.982,0.967,1
0.927,0.931,0.898,1
0.988,0.993,0.985,0
0.955,0.982,0.983,1
0.966,0.974,0.974,1
0.978,0.981,0.983,0
0.985,0.987,0.986,0
0.925,0.975,0.963,1
0.967,0.986,0.986,0
0.923,0.979,0.962,1
0.971,0.971,0.966,1
0.913,0.921,0.93,1
0.974,0.982,0.972,1
0.984,0.987,0.986,0
0.957,0.966,0.965,1
0.976,0.98,0.988,0
0.985,0.991,0.989,0
0.943,0.973,0.964,1
0.961,0.97,0.974,1
0.9877788552970238,0.985945236695993,0.9817697527527489,0
0.9697212747865969,0.9792906333916768,0.9764788159462252,1
0.916,0.945,0.946,1
0.98,0.99,0.987,0
0.888,0.938,0.924,1
0.985,0.982,0.988,0
0.939,0.898,0.897,1
0.983,0.979,0.983,1
0.917,0.928,0.932,1
0.98,0.988,0.982,0
0.9846461933263628,0.9819953693150101,0.9780203097238764,0
0.95,0.968,0.965,1
0.968,0.991,0.987,0
0.983,0.99,0.979,0
0.927,0.922,0.925,1
0.918,0.914,0.915,1
0.955,0.966,0.972,1
0.982,0.974,0.983,0
0.98,0.988,0.987,0
0.935,0.943,0.969,1
0.99,0.981,0.973,0
0.959,0.966,0.965,1
0.983,0.99,0.985,0
0.963,0.968,0.975,1
0.8787033041106225,0.92688731229812,0.9177340262397706,1
0.97,0.99,0.967,1
0.965,0.976,0.979,1
0.9795258052104842,0.9811860722539016,0.9746292620034074,1
0.962,0.972,0.974,1
0.912,0.936,0.948,1
0.925,0.972,0.968,1
0.9649768737992414,0.9690902527840852,0.9574307815299327,1
0.964,0.976,0.975,1
0.978,0.978,0.986,1
0.976,0.981,0.99,0
0.984,0.99,0.986,0
0.983,0.991,0.988,0
0.9861243724512683,0.9860732652459108,0.9820522643649577,0
0.9762434212558746,0.9766658607582487,0.9712272800734708,1
0.935,0.915,0.93,1
0.949,0.978,0.978,1
0.967,0.972,0.976,1
0.981,0.989,0.983,0
0.9557056338257559,0.9672558141089472,0.9584424362648181,1
0.927,0.945,0.932,1
0.959,0.974,0.975,1
0.977,0.985,0.956,1
0.98,0.99,0.989,0
0.977,0.981,0.977,1
0.946,0.936,0.938,1
0.925,0.949,0.941,1
0.944,0.974,0.978,1
0.958,0.978,0.976,1
0.939,0.909,0.91,1
0.9811050416284964,0.979941909468857,0.9727908381641925,1
0.98,0.99,0.99,0
0.986,0.992,0.991,0
0.976,0.986,0.99,0
0.9387749248127505,0.9423634548586791,0.9195129403847087,1
0.91,0.925,0.936,1
0.924,0.954,0.959,1
0.975,0.994,0.989,0
0.914,0.916,0.936,1
0.978,0.99,0.979,0
0.919,0.899,0.905,1
0.932,0.943,0.951,1
0.981,0.991,0.998,0
0.902,0.925,0.919,1
0.908,0.902,0.919,1
0.968,0.977,0.975,1
0.964,0.984,0.975,1
0.955,0.965,0.972,1
0.97,0.982,0.968,1
0.9774744811033115,0.9795441728268501,0.9745294869926728,1
0.965,0.975,0.976,1
0.973,0.979,0.981,1
0.988,0.988,0.984,0
0.91,0.93,0.923,1
0.946,0.919,0.907,1
0.981,0.974,0.983,0
0.965,0.972,0.977,1
0.9,0.936,0.935,1
0.975,0.983,0.984,0
0.965,0.974,0.97,1
0.959,0.984,0.984,1
0.951,0.98,0.97,1
0.977,0.975,0.975,1
0.902,0.929,0.93,1
0.906,0.918,0.91,1
0.981,0.987,0.983,0
0.982,0.985,0.983,0
0.9800028103838,0.9808276031260437,0.9758284184715721,0
0.938,0.944,0.947,1
0.939,0.929,0.929,1
0.979,0.987,0.986,0
0.93,0.944,0.939,1
0.969,0.981,0.988,0
0.953,0.975,0.971,1
0.919,0.924,0.925,1
0.9820581136840911,0.9855503448864621,0.9812667806234134,0
0.979,0.984,0.968,1
0.938,0.96,0.94,1
0.976,0.988,0.991,0
0.981,0.982,0.982,0
0.9852297109421374,0.9869689071930347,0.9827927960905302,0
0.968,0.97,0.974,1
0.984,0.984,0.977,0
0.978,0.975,0.972,1
0.973,0.976,0.97,1
0.94,0.929,0.929,1
0.981,0.973,0.97,1
0.9888159422150583,0.9865014114837538,0.9822902760196341,0
0.984,0.987,0.99,0
0.947,0.977,0.974,1
0.915,0.931,0.898,1
0.959,0.976,0.969,1
0.904,0.935,0.934,1
0.985,0.982,0.99,0
0.979,0.975,0.984,0
0.975,0.981,0.961,1
0.983,0.983,0.985,0
0.987,0.99,0.992,0
0.975,0.974,0.977,1
0.42716317099767737,0.6491983550585305,0.6470321073582636,0
0.9592426499054498,0.9652167816098486,0.9559008886224781,1
0.984,0.984,0.984,0
0.919,0.936,0.939,1
0.9897673066257138,0.9869595382717707,0.9820449169614391,0
0.9900210959365107,0.9909132805378659,0.988811528491179,0
0.962,0.973,0.98,1
0.982,0.988,0.983,0
0.979,0.992,0.985,0
0.956,0.976,0.969,1
0.987,0.991,0.992,0
0.95,0.964,0.967,1
0.919,0.914,0.912,1
0.978,0.99,0.99,0
0.964,0.975,0.96,1
0.987,0.989,0.986,0
0.98,0.991,0.987,0
0.962,0.974,0.984,1
0.944,0.977,0.975,1
0.985,0.989,0.987,0
0.92,0.927,0.901,1
0.965,0.961,0.964,1
0.9836609551403566,0.9817701985720827,0.9779272759988593,1
0.92,0.929,0.918,1
0.9707065075914283,0.9778794366932776,0.9735503156148284,0
0.957,0.976,0.971,1
0.927,0.898,0.896,1
0.963,0.973,0.977,1
0.977,0.987,0.99,1
0.976,0.976,0.97,1
0.986,0.982,0.982,0
0.9577766997327731,0.963318419751835,0.9543302500541065,1
0.973,0.985,0.989,0
0.964,0.982,0.968,1
0.989,0.994,0.986,0
0.922,0.91,0.921,1
0.8470787337604033,0.9217600254891506,0.9193070649912408,1
0.907,0.949,0.921,1
0.976,0.997,0.992,0
0.942,0.946,0.936,1
0.983,0.99,0.986,0
0.978,0.988,0.989,0
0.921,0.946,0.969,1
0.973,0.99,0.987,0
0.99,0.99,0.986,0
0.988,0.989,0.985,0
0.913,0.947,0.938,1
0.991,0.991,0.991,0
0.983,0.988,0.985,0
0.896,0.918,0.92,1
0.986,0.994,0.991,0
0.949,0.975,0.971,1
0.9866369238366621,0.9870071848100822,0.9823713850432572,0
0.961,0.969,0.971,1
0.928,0.898,0.904,1
0.9853919424577069,0.9831650286655735,0.9798303389304163,0
0.963,0.977,0.966,1
0.9880047143995844,0.9852559294303749,0.9810950882819695,0
0.949617108689952,0.9695315835360293,0.9676449470206216,1
0.984,0.99,0.983,0
0.967,0.972,0.971,1
0.988,0.992,0.991,0
0.939,0.946,0.941,1
0.933,0.939,0.939,1
0.968,0.971,0.963,1
0.986,0.989,0.987,0
0.97,0.971,0.969,1
0.9512777568054281,0.9611888096144924,0.9527909665324448,1
0.985,0.981,0.987,0
0.943,0.966,0.962,1
0.933,0.933,0.909,1
0.912,0.94,0.924,1
0.929,0.932,0.935,1
0.916,0.918,0.909,1
0.923,0.943,0.933,1
0.903,0.907,0.913,1
0.963,0.967,0.981,1
0.979,0.982,0.981,0
0.908,0.948,0.957,1
0.99,0.986,0.982,0
0.899,0.942,0.935,1
0.978,0.99,0.983,0
0.9799205991520746,0.9846985815594789,0.9806900135040713,1
0.978,0.983,0.974,1
0.904,0.947,0.939,1
0.895,0.921,0.897,1
0.963,0.978,0.972,1
0.973,0.962,0.973,1
0.977,0.975,0.98,1
0.992,0.987,0.983,0
0.982,0.989,0.988,0
0.986,0.995,0.99,0
0.9395865776967792,0.9539940252479628,0.9451361931933521,1
0.977,0.985,0.977,0
0.981,0.993,0.99,0
0.9581363849990541,0.9734166818876776,0.9701443846947173,0
0.983,0.991,0.981,0
0.985,0.988,0.986,0
0.927,0.93,0.937,1
0.952,0.976,0.975,1
0.979,0.985,0.99,0
0.984,0.989,0.99,0
0.9697605840410428,0.9788773670757077,0.9750699266338767,1
0.979,0.982,0.985,0
0.919,0.942,0.935,1
0.925,0.952,0.955,1
0.971,0.975,0.969,1
0.98,0.979,0.979,0
0.9700379213774686,0.9789767352906724,0.9764945106500027,0
0.9614708180260146,0.9744905845523923,0.9708750395871677,1
0.986,0.987,0.978,0
0.943,0.937,0.944,1
0.985,0.989,0.992,0
0.92,0.92,0.914,1
0.984,0.989,0.99,0
0.935,0.969,0.97,1
0.921,0.921,0.917,1
0.9710893911971861,0.9611230861575087,0.9527626208224406,0
0.978,0.986,0.99,0
0.993,0.975,0.992,0
0.9880242587170586,0.9862933619848828,0.9820780699903161,0
0.987,0.991,0.99,0
0.917,0.949,0.945,1
0.983,0.988,0.987,0
0.932,0.884,0.885,1
0.923,0.945,0.941,1
0.948,0.968,0.968,1
0.975,0.965,0.971,1
0.949,0.983,0.971,1
0.984,0.985,0.991,0
0.946,0.977,0.975,1
0.965,0.967,0.963,1
0.909,0.932,0.933,1
0.912,0.945,0.94,1
0.914,0.91,0.923,1
0.987,0.984,0.991,0
0.982,0.985,0.987,0
0.942,0.971,0.977,1
0.977,0.992,0.986,0
0.965,0.972,0.966,1
0.967,0.976,0.987,1
0.9837808441624107,0.9867097929058688,0.9841145866801388,0
0.95,0.978,0.977,1
0.979,0.978,0.977,1
0.955,0.979,0.975,1
0.972,0.979,0.977,1
0.975,0.988,0.987,0
0.985,0.985,0.986,0
0.985,0.984,0.985,0
0.988,0.99,0.984,0
0.982,0.992,0.995,0
0.946,0.982,0.973,1
0.985,0.992,0.994,0
0.944,0.973,0.962,1
0.988,0.987,0.983,0
0.931,0.935,0.945,1
0.967,0.979,0.971,1
0.978,0.985,0.989,0
0.981,0.993,0.991,0
0.97,0.988,0.986,0
0.934,0.916,0.933,1
0.9595141750444905,0.9712972083805395,0.9649363731230713,1
0.973,0.978,0.98,1
0.967,0.97,0.984,1
0.983,0.98,0.985,0
0.958,0.977,0.981,1
0.961,0.984,0.964,1
0.979,0.969,0.974,1
0.985,0.991,0.993,0
0.955,0.974,0.975,1
0.984,0.989,0.989,0
0.9751232309351986,0.9730527057452129,0.9622310241806442,1
0.921,0.96,0.971,1
0.92,0.945,0.942,1
0.933,0.968,0.968,1
0.9696048573503372,0.9596646499352194,0.9510862065141558,0
0.943,0.974,0.975,1
0.973,0.975,0.974,1
0.977,0.988,0.983,0
0.925,0.939,0.925,1
0.967,0.966,0.964,1
0.946,0.973,0.97,1
0.9664344119870351,0.9766448441154385,0.9740910268418252,1
0.978,0.988,0.99,0
0.959,0.971,0.973,1
0.955,0.976,0.984,1
0.905,0.911,0.909,1
0.97,0.988,0.987,0
0.9867409298653609,0.9857482500243251,0.9818226100122405,1
0.98,0.986,0.99,0
0.968,0.983,0.979,1
0.975,0.991,0.988,0
0.924,0.919,0.915,1
0.8672405980892123,0.9234102702808531,0.9209452533288237,1
0.8980341564639369,0.9430159421025213,0.9389661031041593,1
0.985990240118484,0.9823289104796006,0.9754205052935262,1
0.934,0.946,0.939,1
0.978,0.993,0.985,0
0.963,0.975,0.969,1
0.989,0.99,0.991,0
0.959,0.977,0.978,1
0.943,0.948,0.937,1
0.974,0.969,0.972,1
0.981,0.988,0.991,0
0.983,0.99,0.981,0
0.97,0.963,0.962,1
0.987,0.99,0.988,0
0.978,0.985,0.987,0
0.986,0.987,0.987,0
0.93,0.94,0.946,1
0.983,0.992,0.993,0
0.971,0.978,0.98,1
0.9587212829161448,0.9696281770055646,0.9624771197418387,1
0.943,0.977,0.974,1
0.932,0.923,0.926,1
0.977,0.992,0.993,0
0.9671220574810797,0.9628925686700743,0.9478065347736759,1
0.956,0.969,0.975,1
0.966,0.975,0.977,1
0.948,0.929,0.93,1
0.9802378658065034,0.9843159841671567,0.9817988145203783,1
0.958,0.972,0.981,1
0.92,0.913,0.928,1
0.969,0.977,0.98,1
0.987,0.981,0.979,0
0.938,0.965,0.965,1
0.943,0.963,0.965,1
0.9428599132878688,0.9631667775285552,0.9602073945236179,1
0.978,0.986,0.989,1
0.955,0.972,0.973,1
0.962,0.981,0.973,1
0.927,0.899,0.923,1
0.895,0.929,0.926,1
0.978,0.988,0.987,0
0.983,0.984,0.987,0
0.988,0.991,0.98,0
0.959,0.987,0.982,1
0.989,0.991,0.991,0
0.9445767557955514,0.965142630382131,0.9630491319019997,0
0.98,0.981,0.975,0
0.941,0.978,0.967,1
0.9860762005605461,0.9829701488550955,0.974299158938254,0
0.976,0.975,0.971,1
0.928,0.886,0.896,1
0.962,0.977,0.963,1
0.926,0.918,0.921,1
0.943,0.962,0.961,1
0.981,0.989,0.988,0
0.899,0.932,0.929,1
0.926,0.938,0.949,1
0.921,0.913,0.935,1
0.978,0.989,0.985,0
0.936,0.945,0.945,1
0.9185174089607353,0.9457505974121267,0.9374146068512234,1
0.945,0.979,0.984,1
0.9796099993715567,0.9848567841601799,0.980766976315829,0
0.982,0.994,0.986,0
0.973,0.986,0.99,0
0.975,0.995,0.988,0
0.922,0.94,0.928,1
0.9695919291042767,0.9693439574184405,0.9578651317406963,1
0.925,0.957,0.942,1
0.935,0.924,0.916,1
0.9785709485025851,0.9853106249238505,0.9803212547737263,0
0.983,0.99,0.988,0
0.988,0.984,0.988,0
0.955,0.979,0.976,1
0.934,0.932,0.918,1
0.9760681153019144,0.9731655742151836,0.9642733398897038,1
0.973,0.981,0.971,1
0.9798773825832869,0.9749046923858751,0.9670043547188852,0
0.947,0.974,0.958,1
0.93,0.916,0.91,1
0.964,0.968,0.965,1
0.924,0.937,0.928,1
0.957,0.976,0.983,1
0.929,0.949,0.971,1
0.9270438726022641,0.9410826752456987,0.9259915269584166,1
0.92,0.925,0.922,1
0.942,0.988,0.972,1
0.981,0.985,0.987,0
0.93,0.921,0.924,1
0.92,0.927,0.921,1
0.909,0.946,0.94,1
0.891,0.929,0.939,1
0.931,0.971,0.964,1
0.981,0.979,0.987,0
0.983,0.988,0.988,0
0.982,0.989,0.993,0
0.9551568042776356,0.971557802087687,0.9693817810473965,0
0.953,0.978,0.979,1
0.975,0.987,0.989,0
0.945,0.965,0.97,1
0.9871149907189459,0.9882239369229685,0.9849865192647158,1
0.986,0.982,0.979,0
0.909,0.918,0.901,1
0.988,0.987,0.983,0
0.925,0.942,0.956,1
0.916,0.945,0.946,1
0.957,0.975,0.977,1
0.974,0.981,0.985,1
0.98,0.986,0.983,0
0.938,0.949,0.938,1
0.959,0.971,0.967,1
0.974,0.986,0.987,0
0.982,0.985,0.98,1
0.985,0.992,0.99,0
0.896,0.941,0.943,1
0.9858541442202917,0.9863269867179878,0.9826794160497972,0
0.9871691093881311,0.984740799916151,0.9799435264398391,0
0.971,0.986,0.98,1
0.969,0.973,0.973,1
0.994,0.987,0.985,0
0.967,0.977,0.969,1
0.98,0.979,0.978,1
0.984,0.997,0.992,0
0.963,0.968,0.955,1
0.988,0.984,0.987,0
0.916,0.954,0.943,1
0.946,0.935,0.928,1
0.92,0.937,0.943,1
0.904,0.917,0.927,1
0.9759432047300871,0.9585675263559559,0.9330867916894516,1
0.971,0.979,0.98,1
0.933,0.948,0.944,1
0.976,0.988,0.989,0
0.992,0.984,0.984,0
0.958996955037825,0.9709349828457354,0.9687827557540012,1
0.935,0.983,0.977,1
0.919,0.902,0.913,1
0.982,0.996,0.991,0
0.99,0.992,0.987,0
0.98,0.992,0.989,0
0.978,0.987,0.987,0
0.979,0.989,0.992,0
0.98,0.987,0.989,0
0.95,0.971,0.969,1
0.909,0.935,0.938,1
0.958,0.975,0.979,1
0.9153394944333509,0.9514795143279513,0.9480547240776318,1
0.9601457087240384,0.969706121371703,0.9644926543257796,0
0.889,0.928,0.911,1
0.92,0.936,0.937,1
0.8935797297306617,0.9397912699284552,0.9370522770119029,1
0.45199476887926815,0.6675939675230682,0.6660415891783127,0
0.951,0.966,0.976,1
0.937,0.906,0.905,1
0.983,0.982,0.981,0
0.9853424335600642,0.9883343364351326,0.9844461640997764,0
0.944,0.907,0.929,1
0.9244352515615203,0.9487429106263685,0.9402687142009912,0
0.9473553808776678,0.9619482743366878,0.9545604411554646,0
0.9435219510752734,0.946415610058724,0.928841158270481,1
0.973,0.996,0.99,0
0.966,0.963,0.968,1
0.977,0.989,0.986,0
0.986,0.982,0.989,0
0.981,0.997,0.993,0
0.978,0.984,0.994,0
0.974,0.962,0.968,1
0.963,0.971,0.973,1
0.929,0.955,0.944,1
0.98,0.985,0.991,0
0.962,0.981,0.975,1
0.95,0.975,0.974,1
0.899,0.918,0.913,1
0.917,0.968,0.973,1
0.931,0.926,0.937,1
0.9803920690821731,0.9801749736599762,0.9723911205732084,0
0.98,0.985,0.989,0
0.991,0.99,0.983,0
0.943,0.971,0.968,1
0.979,0.987,0.99,1
0.974,0.979,0.975,1
0.949,0.956,0.948,1
0.954,0.979,0.977,1
0.985,0.976,0.968,1
0.982,0.991,0.99,0
0.4653744173843299,0.6789006959717316,0.6766817556685695,0
0.9794485616481909,0.9834922640911486,0.9783434381234765,0
0.9250105622697533,0.9745192866437233,0.9633665634699768,1
0.986,0.989,0.98,0
0.9868536806881961,0.9839922891037495,0.9782286099083789,1
0.986,0.988,0.989,0
0.889,0.935,0.923,1
0.9630947850982801,0.9712850209964683,0.9627458115356538,0
0.908,0.888,0.918,1
0.954,0.973,0.973,1
0.9836598369938542,0.9876293693578253,0.9849582128972807,0
0.973,0.99,0.99,0
0.91,0.916,0.949,1
0.985,0.993,0.98,0
0.921,0.924,0.916,1
0.957,0.975,0.975,1
0.943,0.966,0.975,1
0.99,0.986,0.992,0
0.983,0.992,0.99,0
0.903,0.948,0.943,1
0.973,0.984,0.985,1
0.979,0.984,0.986,0
0.964,0.984,0.971,1
0.9831801778814374,0.9781253985192438,0.9698926016685555,0
0.96,0.974,0.973,1
0.921,0.935,0.949,1
0.911,0.908,0.922,1
0.9529896779169892,0.9652306941444823,0.9614395254088537,1
0.934,0.916,0.917,1
0.958,0.976,0.971,1
0.976,0.981,0.983,1
0.979,0.982,0.99,0
0.974,0.963,0.972,1
0.939,0.966,0.971,1
0.979,0.984,0.983,0
0.9847996567712185,0.9871045465058625,0.9844371356477114,0
0.988,0.992,0.989,0
0.925,0.932,0.936,1
0.989,0.987,0.992,0
0.917,0.93,0.923,1
0.981994509993599,0.9838174520473484,0.9810601641212235,1
0.98,0.986,0.983,0
0.968,0.971,0.977,1
0.8935797297306617,0.9397912699284552,0.9370522770119029,1
0.91,0.937,0.931,1
0.932,0.936,0.938,1
0.924,0.921,0.92,1
0.978,0.988,0.984,0
0.965,0.976,0.978,1
0.9776553836496203,0.9805907121005705,0.9731784207030705,1
0.909,0.951,0.949,1
0.933,0.928,0.943,1
0.965,0.976,0.981,1
0.9670164083485907,0.9714488473702929,0.9601892035361624,1
0.915,0.937,0.941,1
0.9785591465881448,0.9841026437659663,0.981498038909041,0
0.962,0.98,0.979,1
0.959,0.968,0.974,1
0.974,0.977,0.977,1
0.979,0.981,0.965,1
0.933,0.977,0.972,1
0.927,0.919,0.905,1
0.951,0.979,0.964,1
0.98,0.984,0.991,0
0.984,0.982,0.974,1
0.9749597732552822,0.967646098128751,0.9647604899803423,1
0.926,0.936,0.934,1
0.928,0.948,0.94,1
0.986,0.986,0.989,0
0.982,0.986,0.987,0
0.9698615887670912,0.9738479772795894,0.9657609383258503,0
0.976,0.979,0.963,1
0.957857161461573,0.9719094149339175,0.9672099149838959,1
0.943,0.96,0.941,1
0.944,0.979,0.977,1
0.9875214177227114,0.9852382023431084,0.9831617771431695,0
0.989,0.988,0.986,0
0.923,0.907,0.921,1
0.924,0.919,0.92,1
0.982,0.992,0.992,0
0.973,0.977,0.977,0
0.979,0.993,0.981,0
0.92,0.907,0.909,1
0.98,0.981,0.99,0
0.917,0.937,0.903,1
0.98,0.985,0.987,0
0.988,0.988,0.985,0
0.935,0.908,0.918,1
0.928,0.942,0.931,1
0.9856550159783902,0.9770846773698686,0.9636165916578601,1
0.992,0.987,0.993,0
0.936,0.984,0.975,1
0.931,0.916,0.916,1
0.929080401200376,0.9582046739908233,0.9544804751668249,1
0.98,0.983,0.988,0
0.43911494379969096,0.6552650930790483,0.652782936241013,0
0.99,0.991,0.994,0
0.941,0.957,0.957,1
0.986,0.989,0.984,0
0.986,0.987,0.989,0
0.931,0.936,0.927,1
0.894,0.952,0.956,1
0.975,0.977,0.968,1
0.979,0.987,0.984,0
0.8566403606727201,0.9222760439013776,0.920347622724157,1
0.9831650878257294,0.980057398181996,0.9710246053742569,0
0.959,0.984,0.984,1
0.979,0.984,0.99,0
0.987,0.99,0.987,0
0.93,0.951,0.94,1
0.986,0.987,0.987,0
0.974,0.984,0.971,1
0.9664636207620336,0.9533618094922091,0.9445642851783868,0
0.985,0.99,0.989,0
0.883,0.933,0.93,1
0.981,0.99,0.99,0
0.968,0.984,0.987,1
0.985,0.99,0.984,0
0.961,0.974,0.979,1
0.875,0.954,0.946,1
0.981,0.981,0.985,0
0.982,0.986,0.988,0
0.955,0.972,0.965,1
0.907,0.903,0.933,1
0.98,0.977,0.989,0
0.986,0.987,0.987,0
0.907,0.933,0.919,1
0.969,0.971,0.973,1
0.95,0.98,0.973,1
0.9644106882610181,0.9708107800121426,0.9646511726572856,1
0.978,0.989,0.987,0
0.919,0.945,0.948,1
0.956,0.968,0.972,1
0.945,0.947,0.952,1
0.978,0.986,0.989,0
0.98,0.991,0.989,0
0.98,0.985,0.982,0
0.981,0.987,0.99,0
0.974,0.976,0.979,1
0.916,0.921,0.925,1
0.9693701311450703,0.9701698427287206,0.9636457270233301,1
0.971,0.993,0.986,0
0.932,0.918,0.914,1
0.925,0.938,0.932,1
0.917,0.923,0.93,1
0.966,0.972,0.968,1
0.941,0.924,0.934,1
0.982,0.984,0.99,0
0.939,0.943,0.946,1
0.942,0.926,0.92,1
0.978,0.98,0.975,1
0.987,0.985,0.991,0
0.983,0.993,0.983,0
0.982,0.982,0.989,0
0.927,0.936,0.944,1
0.985,0.989,0.99,0
0.895,0.898,0.921,1
0.98,0.984,0.98,0
0.965,0.979,0.965,1
0.96,0.976,0.961,1
0.922,0.947,0.942,1
0.972,0.984,0.988,0
0.964,0.98,0.977,1
0.981,0.986,0.982,0
0.971,0.974,0.978,1
0.9376354679045286,0.9605536308662214,0.9545524971643637,1
0.904,0.943,0.934,1
0.941,0.942,0.941,1
0.9867296901488437,0.9843107279164555,0.9769641326020895,1
0.925,0.905,0.907,1
0.983,0.991,0.986,0
0.988,0.986,0.985,0
0.981,0.989,0.984,0
0.97,0.975,0.97,1
0.97,0.978,0.975,1
0.976,0.986,0.975,1
0.9888151138593466,0.9891065942134872,0.9862341598790927,0
0.982,0.989,0.99,0
0.923,0.906,0.921,1
0.991,0.992,0.988,0
0.985,0.988,0.984,0
0.958,0.967,0.981,1
0.91,0.939,0.933,1
0.92,0.954,0.948,1
0.938,0.929,0.94,1
0.956,0.973,0.964,1
0.965,0.976,0.98,1
0.989,0.98,0.983,0
0.99,0.996,0.985,0
0.985,0.984,0.99,0
0.97,0.972,0.958,1
0.974,0.979,0.961,1
0.994,0.987,0.99,0
0.986,0.98,0.984,0
0.929,0.924,0.933,1
0.98,0.988,0.981,0
0.922,0.931,0.933,1
0.973,0.972,0.977,1
0.974,0.982,0.978,1
0.966,0.972,0.96,1
0.979,0.976,0.974,1
0.9826667673712258,0.9837565581247038,0.9807402499265737,0
0.918,0.95,0.942,1
0.92,0.935,0.905,1
0.969,0.986,0.987,0
0.981,0.98,0.981,1
0.902,0.953,0.944,1
0.9712031233835428,0.9797598708373361,0.9762946558719054,1
0.973,0.988,0.973,1
0.982,0.994,0.986,0
0.971,0.987,0.982,1
0.984,0.967,0.973,1
0.9843831187199471,0.9730466744719084,0.9625261462243994,1
0.976,0.984,0.988,0
0.949,0.972,0.969,1
0.966,0.982,0.964,1
0.945,0.952,0.966,1
0.896,0.926,0.917,1
0.975,0.987,0.986,0
0.96,0.981,0.968,1
0.898,0.921,0.923,1
0.9844586525313265,0.9852993144788674,0.9831269530687625,0
0.98,0.984,0.984,0
0.902,0.912,0.916,1
0.986,0.984,0.987,0
0.9759094676276505,0.9763764818139341,0.9731706319447331,1
0.902,0.948,0.932,1
0.987,0.981,0.991,0
0.919,0.936,0.932,1
0.984,0.991,0.984,0
0.986,0.988,0.987,0
0.98,0.985,0.989,0
0.91,0.933,0.928,1
0.931,0.94,0.945,1
0.984,0.993,0.986,0
0.921,0.946,0.935,1
0.972,0.977,0.97,1
0.979,0.991,0.988,0
0.975,0.973,0.974,1
0.971,0.986,0.984,0
0.982,0.992,0.982,0
0.974,0.978,0.978,1
0.9496005030631279,0.9633321743919249,0.9536245399974563,1
0.984,0.987,0.984,0
0.96,0.97,0.963,1
0.938,0.966,0.976,1
0.908,0.933,0.939,1
0.922,0.932,0.932,1
0.922,0.908,0.901,1
0.978,0.989,0.987,0
0.986,0.993,0.984,0
0.981,0.983,0.974,0
0.982,0.987,0.973,0
0.881,0.945,0.932,1
0.964,0.981,0.973,1
0.917,0.935,0.934,1
0.975,0.975,0.974,1
0.988,0.985,0.981,0
0.952,0.968,0.965,1
0.931,0.93,0.93,1
0.934,0.961,0.962,1
0.97,0.982,0.97,1
0.9259804313839328,0.9290204712232853,0.9197282102936472,1
0.988,0.982,0.982,0
0.969,0.985,0.979,1
0.986,0.988,0.99,0
0.995,0.99,0.991,0
0.9178725999021122,0.941515437457445,0.9280171544716143,1
0.983,0.982,0.983,0
0.902,0.914,0.916,1
0.932,0.941,0.931,1
0.9679154410630091,0.9710545151855453,0.9593507348467705,1
0.931,0.948,0.934,1
0.8472781964106942,0.9094214945802739,0.9018247357427378,1
0.966,0.975,0.965,1
0.938,0.966,0.97,1
0.97,0.962,0.969,1
0.984,0.989,0.987,0
0.921,0.945,0.938,1
0.958,0.972,0.967,1
0.946,0.971,0.978,1
0.981,0.99,0.985,0
0.899,0.935,0.937,1
0.978,0.99,0.993,0
0.923,0.924,0.934,1
0.991,0.989,0.988,0
0.945,0.976,0.971,1
0.968,0.964,0.974,1
0.9615560706922064,0.9459711661130741,0.9315310978500789,0
0.959,0.965,0.97,1
0.915,0.935,0.942,1
0.928,0.928,0.94,1
0.985,0.992,0.991,0
0.949,0.958,0.959,1
0.912,0.935,0.934,1
0.9637170677277938,0.9667398869893928,0.960999601126577,1
0.985,0.985,0.985,0
0.918,0.917,0.926,1
0.9866340315245554,0.9859828164331218,0.9831619561904655,0
0.908,0.952,0.951,1
0.9795591433049353,0.9813723048782159,0.9769497029952291,0
0.973,0.981,0.971,1
0.978,0.989,0.98,1
0.981,0.989,0.985,0
0.9569637004867764,0.9390101671550308,0.9303266314916959,0
0.984,0.986,0.992,0
0.9872221421811048,0.986104583247544,0.9813629343066967,0
0.9825395974867841,0.9843909597486559,0.9812190903500692,0
0.986,0.991,0.993,0
0.9490959027105489,0.9662208260611628,0.9642466862880938,0
0.962,0.975,0.977,1
0.988,0.987,0.994,0
0.973,0.978,0.969,1
0.932,0.898,0.894,1
0.972,0.968,0.972,1
0.933,0.935,0.936,1
0.901,0.955,0.948,1
0.953,0.973,0.97,1
0.966,0.969,0.976,1
0.9762801317758333,0.9839388476048705,0.9799520152627976,0
0.9275064431086474,0.9488685951470439,0.9392987483908497,1
0.945,0.956,0.964,1
0.973,0.989,0.986,0
0.984,0.985,0.989,0
0.9673104264470685,0.9757399602695308,0.9714732339917987,1
0.957,0.975,0.979,1
0.986,0.985,0.987,0
0.9551942438413854,0.9677218256026006,0.9640307928996138,1
0.9872748689683509,0.9865817068267161,0.9833133871609917,0
0.959,0.955,0.963,1
0.9825233242995514,0.9849103185107044,0.9820982116055783,0
0.985,0.988,0.987,0
0.955,0.975,0.972,1
0.899,0.91,0.914,1
0.9723181684829286,0.9679503806991839,0.9560593028608628,1
0.92,0.956,0.959,1
0.99,0.994,0.985,0
0.9547323149158112,0.971927549257195,0.9670449316176113,0
0.977,0.986,0.985,0
0.97,0.984,0.976,1
0.892,0.912,0.913,1
0.984,0.986,0.984,0
0.949,0.978,0.978,1
0.9521414032806129,0.9433361803854164,0.9349635425098607,0
0.956,0.965,0.975,1
0.989,0.985,0.985,0
0.981,0.99,0.988,0
0.991,0.988,0.99,0
0.928,0.921,0.922,1
0.9639106462663556,0.940399365182102,0.9276993283587227,1
0.894,0.934,0.924,1
0.965,0.964,0.963,1
0.925,0.93,0.914,1
0.98,0.992,0.974,0
0.981,0.988,0.988,0
0.949,0.974,0.978,1
0.976,0.995,0.99,0
0.978,0.972,0.965,1
0.9864442919354403,0.9835446605212349,0.9778184735942419,1
0.979,0.971,0.981,1
0.917,0.933,0.942,1
0.9555979906709736,0.9669518903242528,0.9611804800823479,1
0.953,0.972,0.971,1
0.939,0.936,0.919,1
0.983,0.99,0.989,0
0.908,0.949,0.947,1
0.951,0.982,0.982,1
0.9818694975404676,0.9859256861217262,0.9815709608453878,1
0.982,0.991,0.986,0
0.951,0.972,0.971,1
0.973,0.98,0.979,1
0.96814447042805,0.9775094015300679,0.973491879455915,1
0.985,0.991,0.985,0
0.963,0.979,0.979,1
0.954,0.973,0.973,1
0.988,0.985,0.992,0
0.983,0.982,0.991,0
0.905,0.917,0.919,1
0.928,0.904,0.892,1
0.9795677386225067,0.9714148959955569,0.9605571483536853,1
0.941,0.98,0.974,1
0.918,0.938,0.941,1
0.9870701987470912,0.982792669166971,0.9778981128606731,0
0.966,0.97,0.973,1
0.933,0.944,0.931,1
0.9855455251543912,0.98643550566519,0.9811637148414263,0
0.963,0.982,0.975,1
0.988,0.99,0.993,0
0.919,0.95,0.938,1
0.945799876986667,0.9433829394222569,0.9265754277235336,1
0.919,0.919,0.931,1
0.947,0.97,0.959,1
0.934,0.941,0.937,1
0.928,0.917,0.908,1
0.961,0.976,0.971,1
0.983,0.992,0.987,0
0.9072011212877163,0.9523158499204909,0.949954272067155,0
0.924,0.922,0.93,1
0.957461202148783,0.9412631384041866,0.9325336960205673,0
0.8967726638507552,0.9416773759274424,0.9379653485024714,1
0.911,0.915,0.909,1
0.984,0.988,0.987,0
0.918,0.946,0.95,1
0.96,0.959,0.973,1
0.954,0.965,0.975,1
0.973,0.972,0.966,1
0.983,0.987,0.981,0
0.921,0.948,0.946,1
0.961,0.972,0.972,1
0.895,0.901,0.916,1
0.968,0.978,0.969,1
0.924,0.942,0.937,1
0.8990345443624621,0.9486169644855798,0.9457979518671845,1
0.988,0.976,0.99,0
0.981,0.993,0.984,0
0.972,0.968,0.97,1
0.919,0.92,0.923,1
0.923,0.947,0.947,1
0.9629772550502274,0.9738376347824635,0.971520840819277,1
0.954,0.983,0.986,1
0.955,0.97,0.966,1
0.953,0.982,0.986,1
0.969,0.971,0.977,1
0.9685155202730632,0.9657045674389404,0.9514766030724737,0
0.923,0.918,0.929,1
0.975,0.979,0.99,0
0.978,0.991,0.986,0
0.964,0.976,0.968,1
0.923,0.95,0.94,1
0.953,0.98,0.98,1
0.904,0.922,0.922,1
0.988,0.989,0.984,0
0.965,0.979,0.983,1
0.981,0.99,0.993,0
0.975,0.978,0.988,0
0.963,0.984,0.98,1
0.9871436522568624,0.9867685980300542,0.9847046370807017,0
0.929,0.914,0.926,1
0.978,0.987,0.986,0
0.969,0.968,0.973,1
0.949,0.972,0.968,1
0.984,0.985,0.985,0
0.953,0.968,0.961,1
0.9816169728295999,0.987393070976968,0.9850714396790654,0
0.963,0.974,0.986,1
0.9451866176971148,0.9314634483494798,0.9137051177870936,1
0.902,0.951,0.938,1
0.954,0.967,0.974,1
0.977,0.987,0.984,0
0.905,0.948,0.941,1
0.97,0.98,0.979,1
0.978,0.973,0.978,1
0.933,0.917,0.906,1
0.92,0.946,0.941,1
0.6776500267561996,0.8190952485047955,0.8162598197371743,1
0.991,0.991,0.992,0
0.98,0.987,0.989,0
0.988,0.988,0.988,0
0.964,0.97,0.969,1
0.984,0.992,0.989,0
0.954,0.985,0.979,1
0.981,0.986,0.974,0
0.978,0.987,0.987,0
0.985,0.985,0.983,0
0.9798634818949794,0.9808992655995762,0.9750560701231219,1
0.921,0.938,0.937,1
0.963,0.979,0.978,1
0.981,0.99,0.986,0
0.94,0.963,0.969,1
0.967,0.968,0.977,1
0.927,0.935,0.94,1
0.9579561087258734,0.9707858278889614,0.9648411060186777,1
0.973,0.97,0.973,1
0.978,0.988,0.994,0
0.906,0.929,0.949,1
0.93,0.918,0.921,1
0.993,0.989,0.987,0
0.951,0.984,0.98,1
0.921,0.925,0.935,1
0.938,0.971,0.967,1
0.983,0.986,0.991,0
0.92,0.93,0.908,1
0.935,0.939,0.92,1
0.983,0.984,0.986,0
0.985,0.994,0.985,0
0.934,0.935,0.932,1
0.985,0.995,0.987,0
0.9512187315500704,0.9343068662243906,0.9244808746943208,0
0.913,0.92,0.92,1
0.983,0.99,0.996,0
0.9366854290462249,0.9554056250583007,0.9481040029069149,0
0.989,0.99,0.99,0
0.98,0.988,0.988,0
0.981,0.987,0.986,0
0.974,0.969,0.973,1
0.9664407154195737,0.9705607484284844,0.9672220435129617,1
0.913,0.941,0.944,1
0.96987144850832,0.9588357140200551,0.9505106013826754,0
0.933,0.948,0.94,1
0.983,0.99,0.988,0
0.961,0.978,0.977,1
0.988,0.986,0.984,0
0.916,0.944,0.933,1
0.958,0.972,0.979,1
0.96,0.972,0.979,1
0.937,0.944,0.926,1
0.968,0.972,0.979,1
0.971,0.98,0.971,1
0.98,0.991,0.987,0
0.954,0.972,0.974,1
0.9851166994873498,0.9799414621277239,0.9704705593411578,0
0.968,0.988,0.974,1
0.8666781516386349,0.9259087942242858,0.9238217491325577,1
0.958,0.96,0.963,1
0.953,0.955,0.972,1
0.977,0.992,0.987,0
0.99,0.992,0.996,0
0.94,0.926,0.938,1
0.9932761457904044,0.9907890732991053,0.9866054772313506,0
0.926,0.914,0.902,1
0.927,0.938,0.927,1
0.939,0.945,0.937,1
0.982,0.979,0.985,0
0.9782630246014095,0.9863806296773452,0.9810460645399358,1
0.951,0.922,0.925,1
0.978,0.992,0.991,0
0.972,0.983,0.977,1
0.9829558732183453,0.9862542177770562,0.983079557575519,0
0.987,0.99,0.993,0
0.926,0.926,0.947,1
0.989,0.991,0.986,0
0.943,0.905,0.919,1
0.958,0.968,0.97,1
0.988,0.984,0.986,0
0.932,0.921,0.933,1
0.98,0.985,0.984,0
0.976,0.983,0.989,0
0.954,0.983,0.975,1
0.908,0.965,0.954,1
0.917,0.914,0.911,1
0.937,0.957,0.954,1
0.981,0.994,0.99,0
0.993,0.99,0.987,0
0.905,0.915,0.912,1
0.9790629321331472,0.9833157922234914,0.9800888065689572,1
0.917,0.942,0.938,1
0.983,0.984,0.985,0
0.30767346524100625,0.5508097344899815,0.5482065944770986,1
0.922,0.934,0.938,1
0.951,0.975,0.979,1
0.98,0.984,0.992,0
0.937,0.952,0.931,1
0.965,0.975,0.975,1
0.962,0.986,0.974,1
0.954,0.969,0.975,1
0.991,0.989,0.98,0
0.947,0.981,0.971,1
0.937,0.905,0.909,1
0.949,0.971,0.973,1
0.962,0.977,0.977,1
0.963,0.978,0.977,1
0.929,0.947,0.925,1
0.966,0.963,0.977,1
0.9473977028739928,0.9687114800670169,0.9663987589111687,0
0.915,0.947,0.956,1
0.954,0.961,0.967,1
0.931,0.906,0.929,1
0.915,0.923,0.918,1
0.95,0.972,0.976,1
0.931,0.931,0.916,1
0.976,0.991,0.989,0
0.976,0.987,0.987,0
0.9776182608636955,0.9853273906815538,0.9823078677005646,1
0.929,0.917,0.924,1
0.99,0.99,0.987,0
0.962,0.973,0.968,1
0.954,0.973,0.962,1
0.24699593630595945,0.49064465380520966,0.4853526571452644,1
0.96,0.97,0.978,1
0.9560485486071423,0.9721935369535261,0.9674495595058396,1
0.936,0.964,0.946,1
0.982,0.994,0.986,0
0.991,0.986,0.982,0
0.984,0.989,0.988,0
0.931,0.926,0.929,1
0.978,0.985,0.986,0
0.964,0.984,0.979,1
0.914,0.952,0.949,1
0.961,0.973,0.973,1
0.902,0.914,0.905,1
0.9758622941198857,0.9760394306793461,0.9679638839539528,1
0.9724116304630428,0.9748469737407376,0.9646755300646811,0
0.928,0.92,0.903,1
0.968,0.977,0.976,1
0.969,0.978,0.981,1
0.985,0.992,0.984,0
0.913,0.928,0.94,1
0.984,0.99,0.987,0
0.9470766500950221,0.9661319613036405,0.9604685660560991,1
0.985,0.99,0.99,0
0.934,0.931,0.959,1
0.968,0.964,0.975,1
0.989,0.987,0.989,0
0.986,0.987,0.989,0
0.979,0.987,0.985,0
0.915,0.904,0.921,1
0.909,0.927,0.923,1
0.986,0.988,0.986,0
0.969,0.971,0.968,1
0.93,0.927,0.925,1
0.949,0.984,0.976,1
0.98,0.985,0.98,0
0.983,0.996,0.992,0
0.92,0.919,0.913,1
0.935,0.928,0.946,1
0.967,0.978,0.985,1
0.9191977983864783,0.951110414484793,0.9430225757394244,1
0.989,0.991,0.989,0
0.991,0.992,0.991,0
0.932,0.953,0.924,1
0.9147350753541177,0.9474753744464102,0.9397212713926282,1
0.929,0.935,0.933,1
0.976,0.985,0.981,0
0.9789389997139339,0.9676339912014755,0.9521133963243054,0
0.982,0.99,0.989,0
0.957,0.976,0.971,1
0.989,0.991,0.99,0
0.982,0.996,0.989,0
0.986,0.986,0.984,0
0.985,0.986,0.991,0
0.947,0.931,0.933,1
0.982,0.989,0.989,0
0.986,0.986,0.988,0
0.978,0.989,0.991,0
0.986,0.995,0.986,0
0.953,0.974,0.969,1
0.957,0.983,0.978,1
0.984,0.982,0.973,1
0.953,0.973,0.981,1
0.914,0.976,0.973,1
0.92,0.927,0.923,1
0.97,0.969,0.974,1
0.952,0.969,0.97,1
0.979,0.984,0.985,0
0.951,0.959,0.972,1
0.982,0.98,0.989,0
0.982,0.984,0.987,0
0.985,0.987,0.985,0
0.9678691085784731,0.9531256645581015,0.9442137742791242,0
0.984,0.988,0.984,0
0.9692693985229863,0.9790135055131393,0.9762540565866001,1
0.944,0.97,0.968,1
0.966,0.975,0.981,1
0.983,0.967,0.971,1
0.987,0.984,0.985,0
0.6255471497365275,0.7861207591713134,0.7842271469914276,1
0.953,0.972,0.978,1
0.951,0.961,0.969,1
0.922,0.944,0.936,1
0.984378696554309,0.985010494397707,0.9810727479497902,1
0.968,0.972,0.972,1
0.929,0.951,0.957,1
0.988,0.989,0.993,0
0.973,0.985,0.986,0
0.916,0.883,0.893,1
0.9883900409653266,0.9864632760362536,0.980689520561039,1
0.949,0.979,0.968,1
0.898,0.916,0.918,1
0.985,0.991,0.99,0
0.914,0.899,0.914,1
0.926,0.926,0.916,1
0.985,0.992,0.99,0
0.931,0.94,0.919,1
0.981,0.986,0.982,0
0.928,0.936,0.929,1
0.968,0.977,0.966,1
0.923,0.941,0.939,1
0.923,0.947,0.928,1
0.991,0.988,0.989,0
0.959,0.967,0.977,1
0.922,0.953,0.933,1
0.924,0.925,0.914,1
0.947,0.938,0.931,1
0.992,0.98,0.984,0
0.893,0.93,0.925,1
0.96,0.981,0.978,1
0.931,0.931,0.944,1
0.98,0.988,0.982,1
0.902,0.923,0.936,1
0.984,0.991,0.986,0
0.9372639519728304,0.9606416296601574,0.9571021945206885,1
0.984,0.983,0.981,0
0.9792677645049429,0.9784554980188056,0.9692803051906708,0
0.97,0.971,0.972,1
0.972,0.974,0.984,1
0.986,0.984,0.985,0
0.926,0.974,0.959,1
0.904,0.904,0.909,1
0.95,0.981,0.97,1
0.984,0.993,0.987,0
0.99,0.985,0.99,0
0.982,0.991,0.986,0
0.933,0.925,0.919,1
0.9893265928644656,0.9887287123800813,0.9864771283350198,0
0.982,0.981,0.969,1
0.9691793180038045,0.9778749768745911,0.9688237446752055,0
0.917,0.916,0.922,1
0.981,0.983,0.966,1
0.962,0.967,0.979,1
0.932,0.922,0.93,1
0.9050831854997283,0.9448610529709397,0.940575172275462,1
0.985,0.993,0.996,0
0.962,0.973,0.971,1
0.9688811551583313,0.9787077498852139,0.9747776573971796,1
0.9796376215562441,0.9837493650749102,0.9801795959867511,0
0.982,0.991,0.978,0
0.9847691783642409,0.9864780757730682,0.9820099602919177,1
0.917,0.948,0.951,1
0.961,0.973,0.975,1
0.955,0.978,0.97,1
0.978,0.988,0.988,0
0.91,0.955,0.935,1
0.959,0.97,0.971,1
0.9844874604651382,0.9772141220959868,0.9713088116975475,0
0.924,0.942,0.939,1
0.959,0.977,0.978,1
0.922,0.935,0.921,1
0.984,0.989,0.975,1
0.9471873149218802,0.961119703147304,0.9505145100135756,1
0.98,0.98,0.969,1
0.985,0.981,0.981,0
0.978,0.984,0.983,0
0.986,0.987,0.99,0
0.9404900618257873,0.9660025782139112,0.9643915252294607,1
0.98,0.99,0.989,0
0.924,0.957,0.975,1
0.979,0.969,0.979,1
0.982,0.976,0.966,1
0.9216998110518483,0.9549877750203859,0.9503828163673861,1
0.946,0.968,0.97,1
0.948,0.974,0.979,1
0.927,0.942,0.931,1
0.893,0.947,0.947,1
0.972,0.976,0.983,1
0.969,0.977,0.978,1
0.956,0.979,0.984,1
0.924,0.966,0.953,1
0.9758458182610599,0.9823017956193856,0.9781056964882323,1
0.975,0.989,0.986,0
0.9296914156636616,0.9538838352526446,0.9484260185041593,1
0.915,0.932,0.939,1
0.929,0.935,0.936,1
0.927,0.905,0.922,1
0.987,0.985,0.985,0
0.962,0.978,0.972,1
0.972,0.985,0.985,1
0.982,0.989,0.979,0
0.944,0.985,0.964,1
0.933,0.929,0.931,1
0.987,0.988,0.989,0
0.991,0.987,0.987,0
0.96,0.976,0.967,1
0.918,0.942,0.934,1
0.969,0.967,0.972,1
0.917,0.937,0.932,1
0.926,0.933,0.933,1
0.964,0.982,0.976,1
0.984,0.985,0.989,0
0.935,0.962,0.952,1
0.943,0.984,0.983,1
0.985,0.993,0.992,0
0.982,0.991,0.982,0
0.917,0.944,0.929,1
0.965,0.967,0.964,1
0.966,0.977,0.969,1
0.974,0.972,0.978,1
0.983,0.981,0.99,0
0.9895288224283814,0.9905909604937133,0.9873330939339854,0
0.917,0.94,0.947,1
0.918,0.929,0.916,1
0.979,0.989,0.987,0
0.975,0.976,0.979,1
0.981,0.982,0.991,0
0.965,0.968,0.97,1
0.959,0.971,0.976,1
0.946,0.929,0.927,1
0.912,0.952,0.934,1
0.985,0.989,0.99,0
0.966,0.98,0.983,1
0.9849038128805127,0.9866215185290269,0.9849672589881389,1
0.911,0.922,0.922,1
0.993,0.993,0.984,0
0.968,0.978,0.968,1
0.981,0.983,0.987,0
0.98,0.989,0.987,0
0.949,0.974,0.983,1
0.945,0.962,0.966,1
0.9625225913481584,0.9763816557394901,0.9724836423165542,0
0.949,0.973,0.972,1
0.99,0.988,0.98,0
0.919,0.948,0.933,1
0.977,0.982,0.97,1
0.932,0.941,0.922,1
0.985,0.991,0.986,0
0.924,0.935,0.938,1
0.987,0.988,0.985,0
0.9566051822775882,0.9731022933376694,0.9689567530247992,1
0.977,0.987,0.988,0
0.983,0.981,0.984,0
0.986,0.986,0.989,0
0.966,0.986,0.984,0
0.935,0.939,0.926,1
0.952,0.979,0.975,1
0.972,0.985,0.987,0
0.966,0.974,0.971,1
0.936,0.95,0.935,1
0.978,0.981,0.983,0
0.979,0.984,0.982,1
0.923,0.902,0.919,1
0.975,0.987,0.991,0
0.949,0.969,0.972,1
0.962,0.966,0.967,1
0.92,0.898,0.911,1
0.9913648532609133,0.9902722467510708,0.98718390557716,0
0.926,0.931,0.921,1
0.9678500276999729,0.9585688091031096,0.9503052654506658,0
0.963,0.977,0.98,1
0.9,0.896,0.91,1
0.962,0.974,0.973,1
0.985,0.985,0.99,0
0.912,0.953,0.943,1
0.962,0.967,0.972,1
0.937,0.976,0.968,1
0.933,0.909,0.909,1
0.991,0.994,0.989,0
0.918,0.951,0.945,1
0.983,0.988,0.989,0
0.973,0.971,0.963,1
0.937,0.94,0.947,1
0.973,0.969,0.966,1
0.986,0.988,0.993,0
0.927,0.929,0.93,1
0.942,0.977,0.974,1
0.927,0.926,0.951,1
0.937,0.948,0.952,1
0.9811710544908867,0.9834228631725852,0.9776976619432914,1
0.944,0.981,0.986,1
0.98,0.99,0.989,0
0.92,0.975,0.963,1
0.924,0.931,0.934,1
0.942,0.934,0.922,1
0.2398959043234339,0.4795258713127404,0.47185509371733714,1
0.971,0.982,0.975,1
0.96,0.971,0.966,1
0.963,0.975,0.981,1
0.921,0.983,0.976,1
0.926,0.943,0.938,1
0.928,0.946,0.95,1
0.973,0.982,0.976,1
0.954,0.963,0.967,1
0.931,0.947,0.941,1
0.964,0.982,0.979,1
0.955,0.972,0.972,1
0.92,0.916,0.908,1
0.893,0.927,0.926,1
0.969,0.963,0.968,1
0.984,0.989,0.99,0
0.9816097190080177,0.9845139133608255,0.9812786467838263,1
0.922,0.927,0.937,1
0.9901661894227972,0.9892224992061416,0.9843305230926053,1
0.955,0.985,0.984,1
0.93,0.963,0.969,1
0.983,0.989,0.992,0
0.91,0.95,0.944,1
0.965,0.978,0.969,1
0.975,0.987,0.989,0
0.981,0.986,0.985,0
0.964,0.985,0.988,0
0.98,0.983,0.983,0
0.979,0.987,0.985,0
0.984,0.991,0.987,0
0.958,0.974,0.974,1
0.976,0.985,0.984,0
0.9739379417211854,0.9743402174580488,0.9647719880471557,1
0.9734251156252733,0.958114545637384,0.9500625933283361,0
0.9802641928416551,0.9911817776042953,0.9887329778739471,1
0.899,0.94,0.946,1
0.963,0.969,0.982,1
0.905,0.93,0.94,1
0.978,0.99,0.987,0
0.961,0.976,0.982,1
0.971,0.971,0.976,1
0.966,0.965,0.975,1
0.96,0.97,0.97,1
0.948,0.976,0.968,1
0.919,0.929,0.916,1
0.9601648807310116,0.9654794115572456,0.9583734371781059,1
0.958,0.978,0.976,1
0.945,0.98,0.974,1
0.98,0.987,0.99,0
0.955,0.976,0.968,1
0.9695352782746164,0.9732460128087056,0.9638827518171244,0
0.914,0.936,0.938,1
0.978,0.99,0.986,0
0.974,0.983,0.982,1
0.99,0.994,0.986,0
0.9771206615958472,0.9788528294845363,0.9740908574087356,1
0.962,0.988,0.976,1
0.982,0.984,0.973,1
0.981,0.991,0.991,0
0.938,0.929,0.93,1
0.957,0.969,0.966,1
0.98,0.991,0.986,0
0.9809729481638899,0.9763595232710125,0.9664318334662088,1
0.9643650562491664,0.9639227694557853,0.9539722998254176,1
0.978,0.987,0.988,0
0.948,0.976,0.964,1
0.958,0.984,0.976,1
0.988,0.991,0.986,0
0.977,0.987,0.984,0
0.982,0.984,0.987,0
0.965,0.973,0.973,1
0.9819080830871598,0.9841640487141088,0.9789921354228036,1
0.921,0.932,0.951,1
0.926,0.948,0.951,1
0.972,0.981,0.983,1
0.939,0.93,0.92,1
0.97,0.969,0.983,1
0.963,0.969,0.974,1
0.978,0.981,0.984,1
0.976,0.987,0.983,0
0.986,0.984,0.989,0
0.96,0.975,0.967,1
0.9507288975768339,0.9696558188059282,0.9665870718987685,1
0.957,0.965,0.971,1
0.982,0.989,0.988,0
0.9848236698965637,0.9805137255048445,0.9782378106337833,0
0.908,0.919,0.912,1
0.96,0.975,0.976,1
0.9484411391442561,0.9670314410505142,0.9637017748182369,0
0.986,0.986,0.987,0
0.981,0.99,0.992,0
0.982,0.993,0.979,0
0.975,0.983,0.984,0
0.941,0.939,0.949,1
0.977,0.99,0.987,0
0.992,0.991,0.976,0
0.894,0.925,0.934,1
0.924,0.944,0.926,1
0.958,0.983,0.976,1
0.98,0.983,0.982,0
0.976,0.992,0.988,0
0.27390526612338667,0.5201151026339957,0.5190099483075452,1
0.987,0.982,0.985,0
0.7205443780955935,0.8408521277157934,0.8378075052959663,1
0.969,0.987,0.977,0
0.928,0.948,0.961,1
0.927,0.945,0.931,1
0.933,0.926,0.932,1
0.9626665032156655,0.9718556544870399,0.9672647378392363,1
0.964,0.981,0.973,1
0.958,0.975,0.974,1
0.914,0.966,0.956,1
0.952,0.974,0.974,1
0.956,0.989,0.973,1
0.972,0.981,0.985,0
0.906,0.903,0.928,1
0.988,0.989,0.981,0
0.932,0.926,0.897,1
0.932,0.939,0.939,1
0.957,0.986,0.965,1
0.948,0.971,0.967,1
0.984,0.966,0.972,1
0.956,0.976,0.967,1
0.924,0.967,0.966,1
0.966,0.974,0.977,1
0.926,0.926,0.929,1
0.904,0.954,0.942,1
0.927,0.914,0.922,1
0.9745740986841196,0.9711722724860914,0.9631280313012595,1
0.917,0.936,0.944,1
0.964,0.973,0.979,1
0.933,0.932,0.925,1
0.963,0.969,0.97,1
0.985,0.991,0.986,0
0.951,0.976,0.979,1
0.984,0.985,0.979,0
0.967,0.98,0.982,1
0.986,0.985,0.981,0
0.98,0.982,0.984,1
0.6329019077061981,0.7907285914434631,0.7888238798908516,1
0.9723041018591523,0.9784399468788989,0.9735887284743986,1
0.952,0.967,0.97,1
0.977,0.984,0.987,0
0.936,0.93,0.932,1
0.911,0.901,0.895,1
0.985,0.987,0.988,0
0.9822967834812687,0.9735325353835211,0.96093067062073,1
0.927,0.945,0.926,1
0.9716819142935468,0.97885174336917,0.9746715910306849,1
0.93,0.917,0.897,1
0.941,0.969,0.978,1
0.9812662540158567,0.9797034220764875,0.9711826022302419,0
0.977,0.985,0.987,0
0.9858250801878637,0.9813822948390457,0.9723372909944663,0
0.957,0.981,0.981,1
0.968,0.98,0.972,1
0.975,0.983,0.996,0
0.9627801486329326,0.9700140682988463,0.9659953254176813,1
0.985,0.983,0.993,0
0.959,0.971,0.97,1
0.983,0.992,0.989,0
0.988,0.988,0.985,0
0.979,0.989,0.991,0
0.971,0.948,0.972,1
0.934,0.954,0.954,1
0.983,0.989,0.99,0
0.979,0.986,0.991,0
0.956,0.969,0.97,1
0.907,0.951,0.947,1
0.966,0.972,0.972,1
0.973,0.972,0.966,1
0.899,0.933,0.943,1
0.989,0.993,0.992,0
0.9422100342377485,0.9547069619169911,0.9456541316005685,1
0.992,0.993,0.99,0
0.979,0.987,0.984,0
0.975,0.989,0.991,0
0.898,0.932,0.951,1
0.975,0.991,0.982,0
0.988,0.99,0.986,0
0.904,0.957,0.947,1
0.911,0.93,0.907,1
0.983,0.986,0.985,0
0.961,0.949,0.963,1
0.972,0.993,0.993,0
0.968,0.964,0.971,1
0.988,0.986,0.987,0
0.986,0.985,0.985,0
0.985,0.987,0.982,0
0.926,0.92,0.914,1
0.91,0.958,0.941,1
0.935,0.945,0.932,1
0.978,0.99,0.995,0
0.966,0.987,0.978,1
0.9843248065504085,0.9858096430433729,0.9805833742993696,1
0.976,0.98,0.992,0
0.951,0.98,0.972,1
0.955,0.979,0.968,1
0.981,0.987,0.993,0
0.987,0.992,0.987,0
0.8014933139652405,0.8934494599592703,0.890731289517436,1
0.914,0.955,0.95,1
0.915,0.944,0.935,1
0.941,0.986,0.971,1
0.924,0.951,0.953,1
0.967,0.973,0.978,1
0.973,0.974,0.975,1
0.95,0.954,0.938,1
0.985,0.988,0.988,0
0.973,0.986,0.987,0
0.9841471454895582,0.9849774122783914,0.9801637467378682,0
0.956,0.933,0.929,1
0.5357659339488825,0.7268306741984872,0.7251405507794335,0
0.928,0.938,0.938,1
0.982,0.985,0.988,0
0.9761534382919129,0.9630944592254108,0.9512097258834388,1
0.964,0.98,0.968,1
0.98,0.988,0.987,0
0.937,0.939,0.964,1
0.956,0.985,0.979,1
0.984,0.986,0.984,0
0.983,0.978,0.988,0
0.9531801328054377,0.9676764191108067,0.9648746536712758,1
0.958,0.976,0.976,1
0.2572682226390294,0.5051408102051802,0.5033011830641096,1
0.921,0.952,0.959,1
0.9319795566802275,0.9604570420394984,0.9574921541033458,1
0.965,0.969,0.97,1
0.959,0.962,0.968,1
0.913,0.938,0.949,1
0.984,0.988,0.991,0
0.982,0.985,0.989,0
0.983,0.984,0.981,0
0.89,0.942,0.932,1
0.93,0.938,0.937,1
0.955,0.977,0.983,1
0.965,0.977,0.981,1
0.962,0.966,0.968,1
0.982,0.988,0.984,0
0.925,0.94,0.948,1
0.991,0.993,0.989,0
0.98,0.984,0.982,0
0.957,0.979,0.967,1
0.911,0.948,0.953,1
0.946,0.979,0.972,1
0.9641533452553384,0.9760330236812157,0.9733663315908742,0
0.952,0.97,0.966,1
0.9777950997951508,0.9803390000814328,0.9762132892676056,1
0.971,0.962,0.975,1
0.965,0.971,0.974,1
0.9346156063419779,0.9546148092794353,0.9477195495926948,0
0.988,0.985,0.991,0
0.916,0.941,0.938,1
0.988,0.986,0.981,0
0.913,0.923,0.928,1
0.969,0.972,0.975,1
0.909,0.924,0.944,1
0.938,0.973,0.979,1
0.907,0.899,0.929,1
0.979,0.989,0.992,0
0.953,0.974,0.984,1
0.987,0.992,0.989,0
0.979,0.99,0.983,0
0.928,0.901,0.915,1
0.971,0.979,0.983,1
0.959,0.973,0.973,1
0.979,0.994,0.988,0
0.99,0.989,0.987,0
0.929,0.947,0.954,1
0.9316232218492715,0.9608574953425367,0.9569538469680072,1
0.926,0.941,0.942,1
0.924,0.922,0.894,1
0.948,0.973,0.972,1
0.927,0.948,0.938,1
0.949,0.967,0.963,1
0.922,0.947,0.944,1
0.9819588797668554,0.9842942711173339,0.9789936460183141,0
0.9284108605615496,0.9567027388563683,0.9538956328369448,1
0.9294488403978939,0.9548942656135893,0.9498728170790742,1
0.955,0.983,0.976,1
0.9764924357663243,0.9817646836892833,0.9773323860378296,1
0.982,0.993,0.987,0
0.982,0.989,0.991,0
0.941,0.935,0.941,1
0.924,0.931,0.947,1
0.986,0.988,0.992,0
0.961,0.981,0.983,1
0.904,0.937,0.929,1
0.984,0.986,0.987,0
0.946,0.973,0.971,1
0.963,0.982,0.97,1
0.9,0.939,0.938,1
0.957,0.979,0.976,1
0.971044964466457,0.9830094987010553,0.9768137913191185,1
0.905,0.936,0.931,1
0.932,0.911,0.906,1
0.918,0.906,0.915,1
0.913,0.968,0.96,1
0.955,0.98,0.971,1
0.983,0.993,0.989,0
0.97,0.975,0.976,1
0.987,0.982,0.985,0
0.912,0.881,0.907,1
0.926,0.915,0.894,1
0.9780533149204199,0.9759013646633898,0.9739252971731917,1
0.906,0.887,0.91,1
0.956,0.972,0.974,1
0.965,0.99,0.972,1
0.9536937533895652,0.9409561730815359,0.9325424443444285,0
0.985,0.993,0.986,0
0.976,0.977,0.983,0
0.983,0.99,0.987,0
0.973,0.966,0.981,1
0.978,0.987,0.989,0
0.982,0.986,0.985,0
0.988,0.987,0.993,0
0.953,0.98,0.975,1
0.981,0.99,0.984,0
0.99,0.987,0.992,0
0.978,0.988,0.987,0
0.928,0.941,0.953,1
0.98,0.992,0.988,0
0.978,0.983,0.982,0
0.9700618236800165,0.9745565256948823,0.967181580912041,0
0.982,0.99,0.988,0
0.981,0.984,0.988,0
0.9826183417028908,0.9811357962023552,0.9783288031046801,0
0.992,0.987,0.991,0
0.981,0.994,0.989,0
0.958,0.958,0.966,1
0.949,0.984,0.979,1
0.916,0.951,0.954,1
0.912,0.926,0.918,1
0.965,0.97,0.963,1
0.976,0.988,0.984,0
0.954,0.984,0.975,1
0.976,0.965,0.978,1
0.938,0.974,0.973,1
0.981,0.985,0.99,0
0.955,0.977,0.982,1
0.978,0.983,0.993,0
0.911,0.927,0.925,1
0.904,0.931,0.927,1
0.98,0.979,0.969,1
0.938,0.905,0.905,1
0.979,0.983,0.986,0
0.983,0.992,0.984,0
0.983,0.993,0.99,0
0.9757994976879969,0.9834954418520885,0.9803902913102852,0
0.9802084763855793,0.9830164339773549,0.9799960618090463,1
0.9817876862002387,0.9805353316235195,0.9722669931958279,0
0.919,0.949,0.953,1
0.9875171710792662,0.9868988605939502,0.982224640033748,0
0.9133323014060812,0.9488875248424145,0.944370760077704,1
0.8949083634504771,0.9413743695406154,0.9387148434642154,1
0.985,0.987,0.985,0
0.959,0.978,0.97,1
0.973909661754698,0.9800711230150877,0.9758481380903119,1
0.927,0.937,0.953,1
0.913,0.924,0.916,1
0.956,0.948,0.934,1
0.976,0.99,0.98,0
0.921,0.937,0.939,1
0.948,0.949,0.963,1
0.918,0.924,0.921,1
0.914,0.904,0.926,1
0.929,0.936,0.924,1
0.926,0.938,0.94,1
0.942,0.978,0.978,1
0.937,0.915,0.909,1
0.954,0.979,0.967,1
0.961,0.982,0.97,1
0.9151101316715324,0.9484642332255259,0.9465951111772738,1
0.978,0.976,0.975,1
0.9809586762617962,0.9795688743284586,0.9754914270770927,0
0.943,0.939,0.927,1
0.9795915013333483,0.9830572043223315,0.9799633449211149,0
0.935,0.942,0.928,1
0.98,0.988,0.984,0
0.981,0.985,0.976,0
0.926,0.951,0.951,1
0.982,0.988,0.988,0
0.965,0.97,0.966,1
0.914,0.926,0.934,1
0.988,0.971,0.978,1
0.971,0.984,0.988,0
0.968,0.989,0.986,0
0.952,0.978,0.981,1
0.983,0.986,0.987,0
0.936,0.92,0.937,1
0.879463921671918,0.9310703473153202,0.9259383713541613,1
0.905,0.95,0.953,1
0.91,0.919,0.921,1
0.922,0.916,0.895,1
0.961,0.968,0.959,1
0.982,0.988,0.982,0
0.963,0.977,0.976,1
0.97,0.977,0.98,1
0.934,0.917,0.92,1
0.943,0.975,0.979,1
0.976,0.989,0.985,0
0.9826508805421845,0.9797774441836039,0.9738644376970008,0
0.984,0.985,0.986,0
0.966,0.967,0.968,1
0.93,0.94,0.947,1
0.941,0.952,0.964,1
0.983,0.987,0.98,0
0.981,0.994,0.992,0
0.989,0.991,0.989,0
0.938,0.962,0.948,1
0.9663855389050988,0.9674014001786851,0.9557083867019254,1
0.965,0.966,0.971,1
0.919,0.921,0.924,1
0.954,0.975,0.977,1
0.99,0.993,0.994,0
0.983650137265644,0.985141546359334,0.9798363585105905,0
0.963,0.971,0.981,1
0.982,0.984,0.987,0
0.981,0.991,0.978,0
0.965,0.975,0.987,1
0.906,0.916,0.91,1
0.984,0.982,0.99,0
0.917,0.936,0.946,1
0.898,0.951,0.935,1
0.915,0.914,0.908,1
0.981,0.989,0.992,0
0.976,0.991,0.987,0
0.9736092978170706,0.9814719803925301,0.9786217175076007,1
0.98,0.987,0.987,0
0.883,0.939,0.941,1
0.928,0.972,0.972,1
0.987,0.985,0.988,0
0.915,0.927,0.926,1
0.978,0.987,0.986,0
0.935,0.95,0.943,1
0.913,0.944,0.938,1
0.962,0.972,0.975,1
0.7918672523125211,0.8833757920826353,0.8777426209468574,1
0.983,0.988,0.987,0
0.916,0.938,0.933,1
0.941,0.936,0.952,1
0.978,0.985,0.986,0
0.956,0.971,0.972,1
0.9705312574737591,0.9732365322024049,0.9705497491510361,1
0.936,0.952,0.953,1
0.958,0.971,0.979,1
0.987,0.987,0.986,0
0.9372172926718999,0.9573045208092615,0.9528051346867266,1
0.984,0.987,0.987,0
0.9612464150052357,0.9661326805050799,0.9544685630682402,0
0.95,0.986,0.98,1
0.9698853342703646,0.9717608293165299,0.9651006774117707,1
0.964,0.97,0.975,1
0.909,0.914,0.922,1
0.981,0.991,0.985,0
0.957,0.968,0.971,1
0.951,0.983,0.98,1
0.978,0.982,0.985,0
0.969,0.971,0.98,1
0.967,0.974,0.98,1
0.924,0.903,0.909,1
0.98,0.988,0.991,0
0.989,0.994,0.988,0
0.98,0.986,0.989,0
0.9888416063609893,0.9853868077525691,0.9776351793037765,0
0.9453778104734162,0.9634844455275171,0.9596097994944505,1
0.9814065459841839,0.97952200357961,0.975399731057335,1
0.985,0.99,0.986,0
0.9500063881525842,0.9362246034771702,0.9280984627947706,0
0.976,0.975,0.973,1
0.987,0.987,0.982,0
0.982,0.981,0.988,0
0.946,0.977,0.987,1
0.918,0.926,0.916,1
0.925,0.928,0.924,1
0.9761452441246848,0.9770910105252448,0.9713082667144604,1
0.919,0.929,0.955,1
0.936,0.955,0.942,1
0.9865123545655315,0.9812616177241726,0.9712867614552732,0
0.986,0.979,0.987,0
0.971,0.967,0.971,1
0.952,0.975,0.977,1
0.944,0.954,0.946,1
0.948,0.971,0.967,1
0.975,0.974,0.985,1
0.924,0.924,0.918,1
0.906,0.935,0.942,1
0.3845680427262958,0.5437652412416709,0.5416501872029341,1
0.965,0.974,0.977,1
0.9833121956454491,0.9799236764099704,0.9727675744485275,0
0.92,0.943,0.93,1
0.9819792129033019,0.9843539851778315,0.9792626446150974,0
0.897,0.93,0.931,1
0.908,0.935,0.927,1
0.971,0.985,0.982,1
0.917,0.933,0.925,1
0.98,0.989,0.99,0
0.931,0.971,0.965,1
0.983,0.995,0.987,0
0.916,0.967,0.968,1
0.955,0.983,0.975,1
0.935,0.912,0.9,1
0.978,0.973,0.973,1
0.939,0.92,0.908,1
0.915,0.941,0.95,1
0.986,0.976,0.99,0
0.962,0.98,0.977,1
0.92,0.923,0.905,1
0.913,0.937,0.937,1
0.99,0.992,0.988,0
0.907863748192992,0.9363442458521664,0.9296125166860713,1
0.98,0.989,0.986,0
0.971,0.99,0.985,0
0.9512343688428613,0.9287717214022583,0.9170847701782303,0
0.9823704486610924,0.9861797321493978,0.9839552973509166,0
0.932,0.948,0.938,1
0.982,0.985,0.984,0
0.936,0.945,0.946,1
0.958,0.964,0.955,1
0.966,0.979,0.983,1
0.971,0.973,0.964,1
0.971,0.981,0.964,1
0.913736246472436,0.9507757097176811,0.946078256306104,1
0.959,0.977,0.972,1
0.986,0.991,0.983,0
0.979,0.983,0.989,0
0.918,0.945,0.939,1
0.975,0.975,0.965,1
0.936,0.947,0.941,1
0.9726369021806894,0.9786844912911669,0.9731352974754189,1
0.946,0.981,0.987,1
0.965,0.98,0.979,1
0.983,0.984,0.986,0
0.901,0.96,0.968,1
0.924,0.947,0.952,1
0.96,0.974,0.966,1
0.9593033588387997,0.9668302742293874,0.9570302654335391,1
0.971,0.971,0.978,1
0.912,0.936,0.933,1
0.954,0.975,0.977,1
0.918,0.906,0.922,1
0.973,0.982,0.976,1
0.989,0.99,0.991,0
0.971,0.963,0.965,1
0.9382119578614053,0.9554735801042217,0.9482652297163063,0
0.991,0.987,0.985,0
0.921,0.889,0.876,1
0.944,0.917,0.93,1
0.908,0.934,0.941,1
0.912,0.941,0.931,1
0.912,0.957,0.945,1
0.976,0.976,0.973,1
0.934,0.966,0.975,1
0.947,0.934,0.919,1
0.915,0.952,0.939,1
0.977,0.993,0.992,0
0.967,0.976,0.97,1
0.951,0.972,0.968,1
0.983,0.99,0.987,0
0.944,0.945,0.934,1
0.993,0.987,0.983,0
0.927,0.914,0.923,1
0.919,0.94,0.938,1
0.935,0.929,0.921,1
0.982,0.988,0.992,0
0.978,0.993,0.992,0
0.908,0.948,0.946,1
0.927,0.945,0.954,1
0.975,0.98,0.972,1
0.984,0.989,0.986,0
0.981,0.984,0.987,0
0.9829368332520875,0.9870000567226056,0.9832081216747869,0
0.952,0.968,0.974,1
0.9881582671432813,0.988114269960222,0.9837576188046766,0
0.9801619178822242,0.9841039238612919,0.9801376796006062,0
0.9782507921087253,0.9760184613170434,0.9674156851696434,0
0.928,0.945,0.938,1
0.977,0.991,0.988,0
0.957,0.989,0.988,1
0.975,0.984,0.973,0
0.908,0.925,0.922,1
0.913,0.913,0.905,1
0.928,0.935,0.937,1
0.918,0.899,0.921,1
0.915,0.928,0.928,1
0.974,0.979,0.978,1
0.98,0.985,0.991,0
0.966,0.972,0.967,1
0.983,0.989,0.991,0
0.949,0.978,0.975,1
0.984,0.992,0.988,0
0.915,0.924,0.922,1
0.98,0.986,0.993,0
0.971,0.971,0.972,1
0.953,0.973,0.981,1
0.9112206134919674,0.9477713138804903,0.9457673251524957,0
0.973,0.987,0.99,0
0.988,0.992,0.988,0
0.98,0.992,0.988,0
0.929,0.954,0.954,1
0.989,0.987,0.98,0
0.971,0.978,0.976,1
0.941,0.919,0.946,1
0.952,0.972,0.974,1
0.897,0.932,0.943,1
0.973,0.965,0.966,1
0.983,0.989,0.989,0
0.956,0.962,0.977,1
0.971,0.979,0.977,1
0.969,0.969,0.98,1
0.935,0.916,0.922,1
0.976,0.966,0.966,1
0.984,0.985,0.983,0
0.988,0.98,0.981,0
0.929,0.918,0.918,1
0.907,0.911,0.903,1
0.985,0.987,0.988,0
0.987,0.982,0.977,0
0.918,0.924,0.929,1
0.928,0.91,0.909,1
0.956,0.982,0.968,1
0.981,0.999,0.993,0
0.983,0.978,0.989,0
0.983,0.987,0.976,1
0.989,0.993,0.989,0
0.963,0.972,0.966,1
0.987,0.991,0.983,0
0.965,0.968,0.975,1
0.957,0.987,0.981,1
0.958,0.978,0.982,1
0.919,0.941,0.919,1
0.97,0.975,0.975,1
0.927,0.907,0.908,1
0.9868620109438403,0.9871399978570826,0.983637728966874,0
0.9,0.936,0.94,1
0.952,0.975,0.976,1
0.975,0.981,0.98,1
0.9771768603894573,0.9822366230983234,0.9787165857462516,1
0.912,0.942,0.942,1
0.905,0.939,0.935,1
0.904,0.946,0.937,1
0.977,0.992,0.993,0
0.963,0.978,0.977,1
0.98,0.986,0.988,0
0.979,0.988,0.992,0
0.9879430708257436,0.9861757281434861,0.983134716126556,0
0.986,0.984,0.991,0
0.976,0.983,0.989,1
0.984,0.992,0.985,0
0.94,0.946,0.955,1
0.4147900621091143,0.6399094669578383,0.6374632831735477,1
0.932,0.937,0.928,1
0.981,0.986,0.973,0
0.984,0.986,0.982,0
0.983,0.991,0.98,0
0.984,0.988,0.99,0
0.975,0.987,0.991,0
0.979,0.989,0.988,0
0.3982096521516418,0.6245556236814681,0.623276240425814,0
0.978,0.991,0.99,0
0.955,0.982,0.979,1
0.9759382794020449,0.98272219885971,0.9763506312968173,1
0.905,0.978,0.96,1
0.979,0.985,0.983,0
0.943,0.917,0.915,1
0.938,0.939,0.919,1
0.971,0.995,0.989,0
0.984,0.991,0.979,0
0.924,0.946,0.94,1
0.958,0.981,0.974,1
0.9147473581114602,0.9431624276796099,0.940967716507889,1
0.969,0.972,0.963,1
0.9813057187611616,0.9722008927556931,0.9646970538651242,0
0.939,0.933,0.909,1
0.972,0.967,0.981,1
0.975,0.982,0.988,0
0.983,0.987,0.986,0
0.908,0.915,0.916,1
0.931,0.966,0.972,1
0.938,0.942,0.941,1
0.987,0.993,0.983,0
0.962,0.971,0.977,1
0.3096123970606323,0.5503738554822124,0.545383331131581,1
0.985,0.984,0.987,0
0.962,0.979,0.983,1
0.956,0.978,0.976,1
0.982,0.983,0.99,0
0.98,0.992,0.99,0
0.916,0.936,0.939,1
0.963,0.98,0.979,1
0.904,0.937,0.952,1
0.917,0.912,0.922,1
0.954,0.97,0.972,1
0.983,0.982,0.983,0
0.986,0.985,0.986,0
0.962955084584864,0.9840399956295656,0.981943973617056,1
0.97,0.966,0.971,1
0.918,0.922,0.925,1
0.892,0.951,0.934,1
0.911,0.94,0.944,1
0.935,0.899,0.902,1
0.9108866175039231,0.9417220749333839,0.9349961459241161,1
0.984,0.988,0.983,0
0.982,0.991,0.99,0
0.966,0.979,0.969,1
0.976,0.986,0.981,0
0.946,0.976,0.974,1
0.936,0.912,0.924,1
0.9415694789974739,0.9591655705516134,0.9508817213432,0
0.95,0.976,0.972,1
0.961,0.978,0.978,1
0.958,0.977,0.968,1
0.9488631666039613,0.9629104559786381,0.9556617380174998,0
0.99,0.99,0.986,0
0.979,0.987,0.989,0
0.986,0.975,0.984,1
0.925,0.903,0.908,1
0.959,0.969,0.978,1
0.961,0.974,0.962,1
0.919,0.964,0.953,1
0.911,0.955,0.947,1
0.985,0.979,0.99,0
0.962,0.984,0.98,1
0.9777359549664634,0.9840284089128344,0.9800682720293249,1
0.9786047731667693,0.9828452023036386,0.977946590205847,1
0.934,0.932,0.954,1
0.932,0.928,0.927,1
0.931,0.925,0.914,1
0.968,0.965,0.965,1
0.977,0.992,0.995,0
0.953,0.974,0.967,1
0.953,0.977,0.976,1
0.942,0.972,0.982,1
0.984,0.986,0.987,0
0.989,0.984,0.989,0
0.98,0.989,0.99,0
0.977,0.988,0.985,0
0.979,0.989,0.993,0
0.929,0.926,0.944,1
0.959,0.987,0.988,1
0.977,0.985,0.982,0
0.953,0.977,0.973,1
0.962,0.98,0.985,1
0.958,0.967,0.974,1
0.934,0.947,0.955,1
0.99,0.99,0.99,0
0.977,0.99,0.994,0
0.9730752430718855,0.9727841868454491,0.9693838837179648,0
0.975,0.986,0.985,0
0.928,0.942,0.937,1
0.958,0.978,0.982,1
0.988,0.994,0.98,0
0.986,0.992,0.988,0
0.991,0.992,0.993,0
0.983,0.993,0.985,0
0.937,0.937,0.95,1
0.932,0.948,0.943,1
0.919,0.922,0.926,1
0.974,0.975,0.969,1
0.992,0.987,0.988,0
0.926,0.921,0.919,1
0.932,0.926,0.938,1
0.978,0.973,0.976,1
0.983,0.995,0.991,0
0.979,0.99,0.992,0
0.93,0.934,0.917,1
0.911,0.912,0.922,1
0.943,0.913,0.912,1
0.9847994911048273,0.9866656944357823,0.9827148133017763,0
0.972,0.97,0.97,1
0.986,0.989,0.991,0
0.978,0.975,0.971,1
0.914,0.935,0.917,1
0.926,0.947,0.942,1
0.96,0.973,0.968,1
0.988,0.992,0.987,0
0.958,0.96,0.97,1
0.9799046419855857,0.9827921046310183,0.9798651288440815,0
0.893,0.911,0.926,1
0.92,0.933,0.922,1
0.958169349427102,0.971192851598692,0.9689454840203778,0
0.937,0.956,0.959,1
0.983,0.988,0.987,0
0.921,0.921,0.937,1
0.928,0.935,0.941,1
0.987,0.988,0.995,0
0.94,0.976,0.971,1
0.969,0.986,0.979,1
0.901,0.963,0.944,1
0.908,0.962,0.961,1
0.98,0.988,0.988,0
0.979,0.987,0.989,0
0.927,0.909,0.914,1
0.971,0.977,0.972,1
0.978,0.974,0.974,1
0.93,0.915,0.928,1
0.941,0.945,0.937,1
0.9827942284865807,0.9822840085011663,0.9798789587137972,0
0.91,0.94,0.93,1
0.983,0.981,0.988,0
0.915,0.939,0.937,1
0.9833433192921583,0.9830913705183345,0.9786579407362179,0
0.9512856513134635,0.9676569386113464,0.9637572960800636,1
0.978,0.976,0.986,0
0.971,0.977,0.971,1
0.975,0.975,0.979,1
0.93,0.927,0.923,1
0.987,0.992,0.989,0
0.98,0.987,0.986,0
0.957,0.979,0.964,1
0.986,0.992,0.985,0
0.939,0.939,0.925,1
0.967,0.97,0.976,1
0.988,0.973,0.978,1
0.914,0.949,0.942,1
0.989565923912638,0.9882339240888118,0.9850803339600919,0
0.963,0.98,0.977,1
0.9161600541758426,0.9491092223808506,0.9442207300916873,1
0.9766577496468812,0.9832653864221518,0.9802235729530853,1
0.989,0.987,0.985,0
0.912,0.944,0.948,1
0.976,0.988,0.993,0
0.9817876862002387,0.9805353316235195,0.9722669931958279,0
0.983,0.986,0.98,0
0.943,0.967,0.976,1
0.962,0.974,0.967,1
0.894,0.937,0.949,1
0.925,0.943,0.934,1
0.979,0.985,0.989,0
0.921,0.942,0.931,1
0.983,0.984,0.983,1
0.965,0.973,0.977,1
0.9513607409971584,0.9688348347805754,0.9656554881535535,0
0.902,0.944,0.941,1
0.977,0.98,0.98,1
0.98,0.982,0.985,1
0.978,0.975,0.97,1
0.977,0.993,0.99,0
0.925,0.916,0.933,1
0.969,0.969,0.976,1
0.966,0.962,0.974,1
0.975,0.983,0.985,0
0.989,0.989,0.986,0
0.925,0.971,0.974,1
0.953,0.942,0.925,1
0.993,0.986,0.991,0
0.955,0.974,0.977,1
0.953,0.97,0.974,1
0.962577217898902,0.9684940932537747,0.95986620873858,0
0.988,0.988,0.986,0
0.919,0.936,0.946,1
0.9891038751543548,0.9847740620420816,0.9799777330461891,1
0.911,0.922,0.924,1
0.964,0.981,0.972,1
0.979,0.991,0.988,0
0.921,0.94,0.927,1
0.959,0.971,0.976,1
0.983,0.989,0.99,0
0.991,0.993,0.99,0
0.98,0.985,0.991,0
0.976,0.984,0.989,0
0.917,0.934,0.934,1
0.913,0.938,0.91,1
0.964,0.965,0.971,1
0.921,0.931,0.93,1
0.92,0.904,0.9,1
0.983,0.985,0.98,0
0.922,0.954,0.958,1
0.958,0.977,0.988,1
0.9814701647856583,0.9791614041130106,0.9715755150643639,1
0.9810803485320367,0.9718467364323771,0.9640091304746697,0
0.97,0.983,0.97,1
0.908,0.928,0.937,1
0.9846578204077502,0.9859055926599982,0.9806620569099428,0
0.953,0.976,0.971,1
0.983,0.987,0.989,0
0.971,0.987,0.983,1
0.98,0.991,0.984,0
0.25169071593505277,0.49852096791325384,0.49741160008310076,1
0.984,0.987,0.985,0
0.924,0.942,0.948,1
0.921,0.938,0.941,1
0.982,0.992,0.994,0
0.918,0.939,0.922,1
0.966,0.967,0.976,1
0.4809934079820605,0.6884667290325444,0.6858720074233222,1
0.922,0.922,0.901,1
0.972,0.972,0.978,1
0.958,0.965,0.973,1
0.972,0.993,0.993,0
0.984,0.985,0.985,0
0.956,0.975,0.978,1
0.932,0.92,0.933,1
0.975,0.99,0.984,0
0.921,0.941,0.943,1
0.972,0.969,0.973,1
0.991,0.989,0.983,0
0.948,0.977,0.969,1
0.986,0.993,0.988,0
0.983,0.983,0.985,0
0.987,0.975,0.97,1
0.982,0.977,0.986,0
0.968,0.977,0.974,1
0.985,0.993,0.992,0
0.921,0.931,0.923,1
0.924,0.946,0.934,1
0.9859295337436796,0.9860769697126267,0.9816041740740927,0
0.977,0.977,0.972,1
0.939,0.941,0.905,1
0.8336487424548878,0.9054896870163652,0.9017143748438845,1
0.901,0.947,0.935,1
0.914,0.905,0.911,1
0.981,0.995,0.983,0
0.9799111096390399,0.9843483391101296,0.9803976460885628,1
0.926,0.898,0.915,1
0.93,0.906,0.912,1
0.925,0.899,0.908,1
0.953,0.963,0.973,1
0.974,0.978,0.976,1
0.982,0.988,0.988,0
0.981,0.979,0.982,1
0.928,0.927,0.927,1
0.971,0.97,0.968,1
0.947,0.979,0.974,1
0.978,0.98,0.976,1
0.917,0.945,0.949,1
0.905,0.902,0.929,1
0.987,0.982,0.988,0
0.947,0.98,0.967,1
0.973,0.986,0.985,0
0.98,0.985,0.987,0
0.97,0.977,0.978,1
0.927,0.911,0.924,1
0.977,0.971,0.976,1
0.959,0.987,0.98,1
0.981,0.988,0.99,0
0.98,0.984,0.982,0
0.963,0.979,0.987,1
0.9,0.946,0.938,1
0.977,0.982,0.979,0
0.917,0.933,0.926,1
0.972,0.981,0.987,1
0.9737220583428072,0.9747695814169269,0.9667148392775208,1
0.9588557409131884,0.9652266251195192,0.9547733335590176,1
0.99,0.983,0.987,0
0.987,0.988,0.987,0
0.958,0.977,0.981,1
0.958,0.978,0.969,1
0.934,0.955,0.96,1
0.983,0.991,0.981,0
0.982,0.985,0.982,0
0.982,0.99,0.989,0
0.923,0.924,0.91,1
0.984,0.989,0.995,0
0.964,0.986,0.976,1
0.9875310743427317,0.9880649752422086,0.9831492368575974,1
0.917,0.911,0.91,1
0.961,0.977,0.981,1
0.968,0.975,0.97,1
0.982,0.989,0.984,0
0.979,0.992,0.987,0
0.971,0.973,0.968,1
0.925,0.923,0.937,1
0.9828759364086634,0.9749029647927726,0.971994146072319,0
0.991,0.988,0.991,0
0.949,0.983,0.991,1
0.919,0.915,0.921,1
0.984,0.986,0.989,0
0.983,0.991,0.984,0
0.9748651618388245,0.9846901108098813,0.9819978296064296,1
0.916,0.928,0.924,1
0.938,0.968,0.974,1
0.984,0.981,0.985,0
0.957,0.973,0.984,1
0.92,0.947,0.95,1
0.917,0.87,0.906,1
0.925,0.908,0.912,1
0.985,0.997,0.986,0
0.988,0.993,0.986,0
0.931,0.935,0.92,1
0.9512791406871124,0.9655272177139703,0.9568647416618546,1
0.91,0.967,0.966,1
0.901,0.946,0.944,1
0.933,0.939,0.912,1
0.929,0.94,0.948,1
0.993,0.985,0.988,0
0.963,0.974,0.97,1
0.953,0.968,0.975,1
0.986,0.991,0.986,0
0.911,0.936,0.921,1
0.974,0.989,0.99,0
0.932,0.928,0.925,1
0.961,0.969,0.976,1
0.98,0.994,0.985,0
0.975,0.99,0.981,0
0.946,0.979,0.971,1
0.92,0.927,0.919,1
0.977,0.989,0.992,0
0.961,0.977,0.977,1
0.9775865162651369,0.976073972039382,0.9676729290364418,0
0.913,0.917,0.926,1
0.974,0.983,0.992,0
0.987,0.986,0.991,0
0.936,0.967,0.97,1
0.931,0.934,0.945,1
0.95,0.979,0.964,1
0.982,0.992,0.987,0
0.9306611695630012,0.9542060067711077,0.9498774898288949,1
0.9581007262800902,0.9674897376766328,0.9565100214715742,1
0.959,0.97,0.971,1
0.916,0.906,0.903,1
0.98,0.988,0.985,0
0.9024806474946075,0.9449465758812652,0.9425324708797914,0
0.952,0.971,0.983,1
0.965,0.989,0.98,1
0.928,0.955,0.96,1
0.962,0.983,0.974,1
0.922,0.95,0.93,1
0.966,0.985,0.98,1
0.923,0.946,0.927,1
0.3982096521516418,0.6245556236814681,0.623276240425814,0
0.982,0.985,0.988,0
0.927,0.928,0.943,1
0.963,0.98,0.975,1
0.935,0.95,0.917,1
0.959,0.967,0.97,1
0.909,0.917,0.915,1
0.984,0.977,0.993,0
0.9753509164580911,0.9734303593120496,0.9709196694156518,0
0.92,0.922,0.91,1
0.964,0.979,0.983,1
0.955,0.977,0.966,1
0.901,0.931,0.919,1
0.963,0.968,0.973,1
0.966,0.983,0.968,1
0.926,0.945,0.96,1
0.905,0.906,0.906,1
0.933,0.918,0.928,1
0.931,0.935,0.945,1
0.9767404369826115,0.9835826234613214,0.9815473014921205,1
0.923,0.923,0.935,1
0.987,0.989,0.986,0
0.984,0.992,0.978,0
0.989,0.985,0.988,0
0.983,0.983,0.978,1
0.98,0.983,0.986,0
0.986,0.989,0.988,0
0.973,0.981,0.99,0
0.987,0.989,0.99,0
0.981,0.993,0.989,0
0.982,0.987,0.98,0
0.975,0.982,0.992,0
0.985,0.97,0.97,1
0.986,0.987,0.984,0
0.923,0.943,0.943,1
0.962,0.981,0.974,1
0.988,0.982,0.99,0
0.9679058253644364,0.9788736064044082,0.9760210865458931,1
0.954,0.976,0.966,1
0.868107603624346,0.9281274106391163,0.926130354859776,1
0.962,0.975,0.967,1
0.975,0.987,0.979,1
0.987,0.99,0.991,0
0.975,0.978,0.987,0
0.98,0.987,0.984,0
0.99,0.985,0.985,0
0.912,0.913,0.915,1
0.932,0.969,0.969,1
0.98,0.989,0.984,0
0.927,0.915,0.922,1
0.958,0.973,0.965,1
0.981,0.983,0.991,0
0.927,0.949,0.958,1
0.956,0.975,0.965,1
0.973,0.971,0.97,1
0.9423831767166805,0.9601767587143251,0.9550361330478857,1
0.983,0.988,0.991,0
0.961,0.978,0.991,1
0.979,0.986,0.988,0
0.987,0.992,0.984,0
0.923,0.93,0.937,1
0.983,0.99,0.989,0
0.928,0.901,0.907,1
0.942,0.936,0.922,1
0.967,0.972,0.964,1
0.989,0.982,0.982,0
0.91,0.91,0.924,1
0.985,0.989,0.991,0
0.965,0.981,0.966,1
0.951,0.98,0.98,1
0.978,0.987,0.989,0
0.9728475489112374,0.9744607148514814,0.9650801689153835,0
0.91,0.935,0.943,1
0.984,0.985,0.978,0
0.949,0.979,0.979,1
0.987,0.985,0.987,0
0.944,0.932,0.936,1
0.914,0.951,0.956,1
0.986,0.988,0.986,0
0.981,0.986,0.985,0
0.9296654861439447,0.9339117362694804,0.9218595611049651,1
0.966,0.974,0.968,1
0.9492645897552024,0.9694586142512696,0.9672469197514912,1
0.966,0.977,0.968,1
0.99,0.991,0.995,0
0.917,0.923,0.913,1
0.913,0.941,0.934,1
0.978,0.98,0.992,0
0.968,0.974,0.97,1
0.984,0.993,0.988,0
0.892,0.931,0.908,1
0.9368340882139943,0.9619098974648953,0.9596107610030415,0
0.956,0.977,0.976,1
0.8868144645140563,0.8917394756978722,0.8835013926560323,1
0.912,0.945,0.934,1
0.974,0.989,0.989,0
0.991,0.989,0.982,0
0.8894866913636637,0.9423754833617138,0.9387584076589132,1
0.954,0.98,0.97,1
0.9840229605370352,0.9824307859454221,0.9750334327049587,0
0.989,0.988,0.992,0
0.987,0.989,0.991,0
0.984,0.995,0.983,0
0.953,0.968,0.974,1
0.978,0.992,0.99,0
0.959,0.969,0.984,1
0.981,0.986,0.988,0
0.983,0.991,0.988,0
0.953,0.954,0.939,1
0.912,0.926,0.924,1
0.946,0.975,0.973,1
0.917,0.938,0.918,1
0.997,0.989,0.99,0
0.98,0.979,0.986,0
0.980929901659522,0.9818166203575863,0.9773416779004201,0
0.983,0.982,0.994,0
0.937,0.905,0.909,1
0.962,0.975,0.981,1
0.981,0.981,0.982,0
0.916,0.926,0.904,1
0.975,0.981,0.982,0
0.979,0.985,0.985,0
0.91,0.926,0.915,1
0.983,0.991,0.991,0
0.959,0.982,0.973,1
0.973,0.981,0.976,1
0.952,0.984,0.977,1
0.953,0.973,0.98,1
0.949,0.964,0.955,1
0.979,0.978,0.972,0
0.945,0.969,0.96,1
0.984,0.988,0.989,0
0.905,0.933,0.927,1
0.929,0.944,0.94,1
0.97573925572678,0.9571808844015476,0.9226289935376407,1
0.904,0.946,0.949,1
0.9346326587184965,0.960298940556052,0.9564498511955276,1
0.911,0.923,0.916,1
0.927,0.911,0.9,1
0.978,0.982,0.977,1
0.9632801032308427,0.9099495694948366,0.89865409985518,1
0.928,0.973,0.972,1
0.942,0.98,0.972,1
0.973,0.974,0.966,1
0.975,0.971,0.967,1
0.99,0.982,0.985,0
0.971,0.971,0.981,1
0.9706238945994354,0.9756790827594692,0.9727764164282641,1
0.92,0.94,0.913,1
0.924,0.954,0.949,1
0.914,0.945,0.933,1
0.925,0.926,0.944,1
0.9724776720567675,0.9831521202811133,0.9801023762724275,1
0.9854974990328311,0.9769475725329666,0.9626439396995211,0
0.957,0.97,0.97,1
0.923,0.931,0.921,1
0.962,0.979,0.97,1
0.919,0.918,0.935,1
0.962,0.978,0.975,1
0.929,0.952,0.953,1
0.983,0.985,0.978,0
0.979,0.981,0.973,1
0.917,0.903,0.925,1
0.9,0.936,0.938,1
0.977,0.977,0.973,1
0.961,0.976,0.971,1
0.963,0.975,0.972,1
0.9831742630040129,0.9856266831209256,0.9823930040020865,1
0.98,0.984,0.984,1
0.955,0.979,0.981,1
0.4147852040665546,0.5647242991719228,0.562527721827242,1
0.906,0.916,0.931,1
0.984,0.993,0.993,0
0.924,0.909,0.914,1
0.986,0.987,0.994,0
0.951,0.975,0.976,1
0.974,0.984,0.988,0
0.981,0.985,0.986,0
0.927,0.955,0.955,1
0.947,0.976,0.974,1
0.924,0.954,0.953,1
0.981,0.982,0.983,0
0.984,0.986,0.981,0
0.985,0.982,0.99,0
0.953,0.977,0.979,1
0.952,0.932,0.932,1
0.971,0.977,0.969,1
0.919,0.926,0.918,1
0.95,0.946,0.935,1
0.9457319468084754,0.9662909072629616,0.9624953049951255,1
0.975,0.976,0.977,1
0.978,0.988,0.98,0
0.956,0.937,0.937,1
0.986,0.992,0.984,0
0.922,0.923,0.931,1
0.886,0.939,0.926,1
0.971,0.979,0.978,1
0.972,0.976,0.979,1
0.984391036823185,0.9809898333036813,0.9725802502508943,0
0.927,0.931,0.931,1
0.976405869126605,0.9798768023063642,0.9752447892976467,1
0.916,0.941,0.924,1
0.923,0.941,0.948,1
0.8691431675942181,0.9307865777916845,0.9267753489375757,1
0.987,0.99,0.981,0
0.922,0.945,0.925,1
0.95,0.974,0.975,1
0.989,0.982,0.98,0
0.927,0.925,0.921,1
0.964,0.985,0.968,1
0.978,0.991,0.988,0
0.912,0.915,0.926,1
0.959,0.967,0.972,1
0.987,0.985,0.991,0
0.972,0.975,0.976,1
0.985,0.984,0.99,0
0.962,0.966,0.973,1
0.985,0.994,0.988,0
0.958,0.983,0.976,1
0.9618923062191744,0.9748494119111487,0.970355575859076,1
0.97,0.989,0.99,0
0.918,0.943,0.952,1
0.944,0.938,0.932,1
0.947,0.973,0.968,1
0.981,0.985,0.977,0
0.928,0.899,0.908,1
0.9800509791606015,0.9864492600514193,0.9834414730932314,1
0.976,0.983,0.988,0
0.985,0.988,0.987,0
0.931,0.904,0.913,1
0.927,0.915,0.932,1
0.9339447229482399,0.9121107887371517,0.892319433460814,0
0.973,0.989,0.982,1
0.931,0.947,0.939,1
0.923,0.928,0.924,1
0.931,0.955,0.961,1
0.987,0.993,0.986,0
0.94,0.921,0.924,1
0.976,0.988,0.985,0
0.993,0.994,0.983,0
0.976,0.979,0.975,1
0.989,0.988,0.991,0
0.98,0.988,0.986,0
0.978,0.975,0.972,1
0.945,0.951,0.945,1
0.982,0.994,0.981,0
0.923,0.911,0.916,1
0.982,0.988,0.988,0
0.974,0.987,0.991,0
0.921,0.936,0.932,1
0.988,0.99,0.984,0
0.984,0.994,0.99,0
0.968,0.977,0.979,1
0.925,0.922,0.916,1
0.957,0.979,0.982,1
0.91,0.937,0.93,1
0.983,0.975,0.974,1
0.926,0.935,0.932,1
0.979,0.972,0.976,1
0.921,0.915,0.905,1
0.981,0.986,0.987,0
0.972,0.964,0.97,1
0.981,0.994,0.987,0
0.992,0.993,0.992,0
0.9612832264974932,0.9677247474319066,0.9570477243891438,1
0.917,0.968,0.966,1
0.924,0.915,0.919,1
0.945,0.983,0.988,1
0.966,0.964,0.968,1
0.93,0.919,0.927,1
0.894,0.903,0.916,1
0.954,0.968,0.968,1
0.9824428561607805,0.9839411527991417,0.9782133020014505,1
0.93,0.922,0.931,1
0.964,0.978,0.971,1
0.9818310969197684,0.9805680573141614,0.9714652764264864,1
0.9415288357065832,0.9633946609985534,0.9586031241651605,1
0.987,0.987,0.986,0
0.965,0.968,0.973,1
0.947,0.981,0.98,1
0.929,0.933,0.919,1
0.9510745270943041,0.9399411866765293,0.9303959506563403,0
0.993,0.993,0.975,0
0.927,0.935,0.933,1
0.955,0.931,0.919,1
0.965,0.98,0.98,1
0.975,0.991,0.984,0
0.929,0.915,0.926,1
0.98,0.973,0.974,1
0.961,0.981,0.976,1
0.977,0.986,0.986,0
0.964,0.975,0.974,1
0.978,0.982,0.986,0
0.957,0.968,0.955,1
0.99,0.991,0.984,0
0.967,0.976,0.962,1
0.9848835823176515,0.9854631010178045,0.9816817657129367,1
0.9838969646959468,0.9844867038877377,0.9788798146662986,1
0.985,0.987,0.987,0
0.952,0.977,0.98,1
0.937,0.916,0.93,1
0.975,0.989,0.986,0
0.928,0.949,0.945,1
0.975,0.988,0.987,0
0.959,0.98,0.979,1
0.947,0.964,0.959,1
0.978,0.985,0.989,0
0.961,0.975,0.97,1
0.9572053320365349,0.9640997291991563,0.9524601555783514,0
0.96,0.982,0.985,1
0.983,0.984,0.987,0
0.9542729792054874,0.968755144121035,0.9627739502316358,1
0.956,0.972,0.974,1
0.932,0.943,0.953,1
0.976,0.987,0.989,1
0.978,0.985,0.991,0
0.915,0.925,0.927,1
0.951,0.959,0.953,1
0.958,0.979,0.971,1
0.983,0.986,0.979,0
0.6700412945428521,0.812697947751359,0.8112881208312241,0
0.972,0.975,0.968,1
0.928,0.923,0.915,1
0.912,0.934,0.93,1
0.927,0.952,0.943,1
0.982,0.981,0.971,1
0.936,0.938,0.926,1
0.988,0.989,0.987,0
0.952,0.976,0.966,1
0.978,0.984,0.99,0
0.9874538841659145,0.9818962606699211,0.9754500937912438,1
0.932939207166863,0.953672691036571,0.9433414850966583,1
0.955,0.984,0.973,1
0.908,0.911,0.922,1
0.945,0.906,0.899,1
0.974,0.993,0.99,0
0.928,0.956,0.953,1
0.926,0.929,0.907,1
0.911,0.949,0.94,1
0.937,0.92,0.914,1
0.976,0.986,0.986,0
0.99,0.986,0.982,0
0.988,0.991,0.988,0
0.938,0.962,0.968,1
0.9522515987753004,0.9655594406711894,0.9632945828441454,0
0.966,0.976,0.975,1
0.9791399892053501,0.9815600849784145,0.9777577722625417,0
0.932,0.946,0.935,1
0.934,0.941,0.928,1
0.915,0.924,0.922,1
0.97,0.968,0.976,1
0.98,0.983,0.988,0
0.99,0.988,0.991,0
0.985,0.991,0.993,0
0.980454561541934,0.9816611227578618,0.9744831764624093,1
0.925,0.973,0.971,1
0.95,0.986,0.981,1
0.971,0.968,0.985,1
0.95,0.99,0.985,1
0.914,0.942,0.949,1
0.904,0.932,0.942,1
0.961,0.981,0.981,1
0.901,0.928,0.909,1
0.988,0.989,0.993,0
0.921,0.889,0.903,1
0.967,0.969,0.977,1
0.954,0.98,0.976,1
0.921,0.908,0.92,1
0.986,0.978,0.986,0
0.908,0.93,0.933,1
0.977,0.984,0.982,0
0.903,0.913,0.926,1
0.927,0.93,0.937,1
0.959,0.976,0.97,1
0.923,0.893,0.895,1
0.952,0.975,0.973,1
0.949,0.982,0.972,1
0.982,0.975,0.975,1
0.983,0.989,0.983,0
0.9736498452773531,0.9783099433295823,0.9737638064276857,1
0.918,0.928,0.912,1
0.9909278610998171,0.9853370312401122,0.9828684546214888,0
0.976,0.97,0.979,1
0.892,0.942,0.935,1
0.94,0.953,0.939,1
0.954,0.939,0.934,1
0.96,0.969,0.976,1
0.979,0.992,0.987,0
0.953,0.977,0.972,1
0.922,0.944,0.941,1
0.928,0.922,0.938,1
0.98,0.982,0.988,0
0.901,0.949,0.947,1
0.9050831854997283,0.9448610529709397,0.940575172275462,1
0.9827006169440761,0.982788926180219,0.9788601860473434,1
0.949,0.982,0.986,1
0.962,0.97,0.971,1
0.899,0.91,0.924,1
0.928,0.961,0.961,1
0.905,0.927,0.929,1
0.9831104002678006,0.9857149818558822,0.9809068280149312,1
0.981,0.992,0.988,0
0.98,0.991,0.988,0
0.912,0.917,0.916,1
0.974,0.984,0.984,0
0.921,0.922,0.923,1
0.974,0.968,0.963,1
0.98484473255602,0.9801477602985622,0.9730052183650901,0
0.981,0.966,0.979,1
0.987,0.991,0.988,0
0.982,0.986,0.985,0
0.984,0.981,0.978,0
0.984,0.992,0.985,0
0.95,0.967,0.974,1
0.99,0.991,0.99,0
0.987,0.992,0.99,0
0.918,0.961,0.959,1
0.939,0.936,0.916,1
0.97,0.989,0.988,0
0.989,0.989,0.982,0
0.987,0.99,0.994,0
0.975,0.983,0.989,0
0.936,0.944,0.939,1
0.945,0.958,0.957,1
0.975,0.978,0.976,1
0.983,0.987,0.984,0
0.962,0.968,0.953,1
0.99,0.99,0.99,0
0.964,0.977,0.968,1
0.924,0.921,0.93,1
0.952,0.979,0.985,1
0.904,0.946,0.929,1
0.911,0.959,0.943,1
0.929,0.97,0.971,1
0.978,0.995,0.99,0
0.972,0.991,0.987,0
0.978,0.983,0.988,0
0.961,0.978,0.97,1
0.972,0.991,0.983,0
0.973,0.979,0.987,0
0.938,0.942,0.938,1
0.979,0.982,0.979,1
0.983,0.987,0.991,0
0.964,0.982,0.976,1
0.95,0.977,0.977,1
0.978,0.991,0.993,0
0.5097482629566282,0.708954500720929,0.7058181589976221,1
0.975,0.983,0.976,1
0.968,0.979,0.974,1
0.949,0.974,0.974,1
0.954,0.937,0.935,1
0.926,0.934,0.926,1
0.991061229308356,0.9906947444951203,0.9872233117159468,1
0.951,0.962,0.981,1
0.923,0.944,0.929,1
0.905,0.918,0.919,1
0.978,0.99,0.991,0
0.978,0.983,0.973,1
0.9248650012615438,0.9509674766229806,0.9453582847961859,1
0.923,0.94,0.948,1
0.962,0.975,0.969,1
0.977,0.977,0.978,0
0.9794503905695711,0.9855779361256952,0.9830053302349058,0
0.906,0.929,0.944,1
0.9637820167979171,0.9749198674232585,0.9704976402330395,0
0.979,0.985,0.988,0
0.979,0.988,0.988,0
0.91,0.927,0.906,1
0.977,0.985,0.99,0
0.978,0.98,0.969,1
0.933,0.945,0.924,1
0.98,0.992,0.985,0
0.957,0.968,0.957,1
0.915,0.947,0.938,1
0.973,0.979,0.974,1
0.926,0.973,0.961,1
0.981,0.989,0.993,0
0.962,0.986,0.977,1
0.99,0.982,0.986,0
0.968,0.983,0.977,1
0.922,0.915,0.939,1
0.966,0.976,0.974,1
0.98,0.988,0.988,0
0.92,0.912,0.912,1
0.985,0.983,0.987,0
0.975,0.972,0.969,1
0.985,0.982,0.988,0
0.981,0.984,0.977,0
0.92,0.938,0.949,1
0.971,0.974,0.962,1
0.986,0.99,0.992,0
0.9911288623226143,0.9914635217164707,0.9894011936734857,0
0.9391816796312366,0.9573654896283433,0.9519657345579218,1
0.979,0.982,0.974,1
0.972400663650903,0.973946949981268,0.9704270618695604,1
0.989,0.988,0.989,0
0.96,0.967,0.963,1
0.951,0.937,0.942,1
0.91,0.942,0.949,1
0.959,0.972,0.974,1
0.921,0.959,0.947,1
0.968,0.98,0.976,1
0.912,0.914,0.912,1
0.958,0.975,0.982,1
0.936,0.944,0.942,1
0.96,0.973,0.974,1
0.982,0.976,0.978,1
0.962,0.982,0.971,1
0.985,0.988,0.984,0
0.947,0.98,0.977,1
0.9880520472120145,0.9824495284535618,0.9750406179253044,0
0.948,0.974,0.978,1
0.987,0.989,0.989,0
0.972,0.98,0.971,1
0.929,0.919,0.916,1
0.988,0.989,0.983,0
0.953,0.978,0.969,1
0.938,0.942,0.954,1
0.982,0.995,0.992,0
0.901,0.95,0.946,1
0.982,0.987,0.987,0
0.9786916556456433,0.9842002015807733,0.9818715366363115,1
0.969,0.973,0.98,1
0.991,0.984,0.989,0
0.979,0.993,0.987,0
0.908,0.907,0.899,1
0.98,0.988,0.986,0
0.9669975397069739,0.9764782146646722,0.9721997916865227,0
0.9907127941272651,0.9896132095056932,0.9850718817374086,0
0.985528678584758,0.9865870505173524,0.9813220938364604,1
0.956,0.968,0.972,1
0.937,0.927,0.949,1
0.957,0.975,0.981,1
0.893,0.918,0.913,1
0.89,0.904,0.923,1
0.914,0.921,0.929,1
0.985,0.986,0.987,0
0.97,0.976,0.976,1
0.904,0.882,0.892,1
0.9631356474724965,0.9722692515783323,0.967769224061519,0
0.9833854766165384,0.9846554539455068,0.9813743919679946,1
0.97,0.99,0.985,1
0.985,0.991,0.98,0
0.974,0.973,0.966,1
0.933,0.937,0.94,1
0.982,0.991,0.985,0
0.959,0.98,0.977,1
0.979,0.989,0.989,0
0.988,0.985,0.99,0
0.981,0.993,0.991,0
0.9852743218061368,0.9879118220365843,0.9844042203141802,0
0.916,0.941,0.934,1
0.975,0.98,0.97,1
0.895,0.926,0.944,1
0.984,0.984,0.983,0
0.977,0.99,0.98,0
0.964,0.982,0.968,1
0.902,0.937,0.944,1
0.984,0.99,0.99,0
0.984,0.991,0.983,1
0.924,0.948,0.943,1
0.914,0.931,0.94,1
0.914,0.936,0.942,1
0.98,0.991,0.989,0
0.9682140975574306,0.9789527336493138,0.9748018136766229,0
0.922,0.93,0.901,1
0.9882076920283658,0.9818687235637983,0.9724553591975154,0
0.923,0.952,0.938,1
0.937,0.911,0.91,1
0.956,0.971,0.971,1
0.962,0.973,0.977,1
0.952,0.977,0.973,1
0.99,0.988,0.985,0
0.928,0.929,0.923,1
0.899,0.916,0.927,1
0.942,0.937,0.92,1
0.961,0.983,0.974,1
0.986,0.984,0.984,0
0.9797980221207567,0.9845422709396662,0.9809720717120456,1
0.927,0.913,0.915,1
0.976,0.992,0.991,0
0.961,0.984,0.981,1
0.981,0.988,0.99,0
0.955,0.976,0.969,1
0.9397267324474405,0.941180399832696,0.9339229166257906,0
0.977,0.99,0.987,0
0.965,0.973,0.969,1
0.972,0.974,0.975,1
0.913,0.909,0.907,1
0.941,0.946,0.945,1
0.978,0.982,0.988,0
0.936,0.926,0.925,1
0.981,0.99,0.992,0
0.958,0.967,0.959,1
0.9888029374996347,0.9921592162736944,0.9901056697965234,1
0.91,0.945,0.949,1
0.9755584718262609,0.9773224414413164,0.9701132763968499,1
0.915,0.932,0.92,1
0.975,0.978,0.979,1
0.934,0.932,0.933,1
0.99,0.988,0.988,0
0.967,0.97,0.971,1
0.956,0.94,0.931,1
0.9892251304314145,0.9851758825941432,0.9807573640731442,0
0.9611107032069998,0.9607894124264227,0.9466190523798218,1
0.9824931714022791,0.9844935611695765,0.981036878500444,1
0.912,0.965,0.967,1
0.928,0.937,0.904,1
0.982,0.995,0.989,0
0.975,0.983,0.984,0
0.979,0.988,0.98,0
0.967,0.973,0.971,1
0.9763005745607167,0.974943727927739,0.9725164098857793,1
0.968,0.956,0.96,1
0.988,0.985,0.99,0
0.984,0.982,0.986,0
0.968,0.983,0.977,1
0.94,0.945,0.959,1
0.977,0.984,0.985,0
0.925,0.927,0.945,1
0.993,0.992,0.985,0
0.909,0.911,0.914,1
0.944,0.978,0.965,1
0.976,0.991,0.99,0
0.931,0.934,0.921,1
0.981,0.989,0.988,0
0.9778517144667295,0.9827163156818185,0.9781547579564102,1
0.941,0.967,0.979,1
0.973,0.975,0.968,1
0.924,0.932,0.923,1
0.96,0.976,0.972,1
0.924,0.903,0.916,1
0.91,0.926,0.945,1
0.984,0.985,0.989,0
0.983,0.984,0.992,0
0.968,0.962,0.97,1
0.9867962338207975,0.9861681725216022,0.9821908648611926,1
0.979,0.987,0.98,0
0.976,0.982,0.986,0
0.989,0.987,0.986,0
0.962,0.985,0.979,1
0.983,0.994,0.987,0
0.979,0.992,0.986,0
0.959,0.971,0.977,1
0.904,0.911,0.908,1
0.948,0.951,0.932,1
0.982,0.99,0.986,0
0.979,0.987,0.982,0
0.9469893428121776,0.9666837623749663,0.964475971619487,1
0.925,0.934,0.933,1
0.984,0.988,0.992,0
0.9801820912362674,0.9770385792129636,0.9716824697691681,1
0.908,0.963,0.961,1
0.916,0.955,0.961,1
0.915,0.94,0.948,1
0.93,0.944,0.938,1
0.952327639508127,0.9609953455343162,0.951992968530041,1
0.984,0.988,0.986,0
0.992,0.993,0.992,0
0.93,0.947,0.93,1
0.978,0.99,0.986,0
0.9524722060890666,0.9618306754633629,0.9546739663356585,0
0.981,0.984,0.984,0
0.918,0.923,0.909,1
0.913,0.927,0.931,1
0.958,0.974,0.977,1
0.926,0.909,0.912,1
0.926,0.959,0.954,1
0.983,0.987,0.988,0
0.969203311817511,0.9597272519652391,0.9566396926682454,1
0.929,0.938,0.895,1
0.989,0.99,0.987,0
0.921,0.937,0.923,1
0.9867294391054439,0.9873866587961303,0.9842046057330006,0
0.965,0.986,0.979,1
0.97,0.979,0.978,1
0.986,0.994,0.986,0
0.9718127038627457,0.9780331797773032,0.974310372464292,1
0.9830558643348544,0.9819479015639953,0.9745541842706079,0
0.97,0.976,0.977,1
0.917,0.886,0.911,1
0.918,0.935,0.945,1
0.982,0.993,0.985,0
0.974,0.972,0.973,1
0.95,0.965,0.98,1
0.963,0.976,0.975,1
0.931,0.922,0.918,1
0.906,0.936,0.926,1
0.988,0.988,0.983,0
0.983,0.985,0.991,0
0.94,0.97,0.972,1
0.9687493882542023,0.9846304956801479,0.9820226206110557,1
0.983,0.987,0.985,0
0.9768431245462988,0.97841085571864,0.9695584876162018,1
0.986,0.985,0.983,0
0.9846304577579936,0.985219242596683,0.9804043952115253,0
0.918,0.914,0.938,1
0.985,0.99,0.991,0
0.954,0.969,0.97,1
0.985,0.986,0.986,0
0.957,0.981,0.976,1
0.98,0.981,0.991,0
0.906,0.939,0.943,1
0.972,0.987,0.979,0
0.939,0.981,0.985,1
0.9791957162650543,0.9887091664926287,0.98407963184914,1
0.983051861267204,0.9858488345996075,0.9822266130565009,0
0.924,0.936,0.911,1
0.964,0.98,0.969,1
0.913,0.926,0.916,1
0.986,0.988,0.995,0
0.989,0.988,0.992,0
0.924,0.915,0.907,1
0.986,0.992,0.982,0
0.986,0.996,0.985,0
0.908,0.902,0.921,1
0.96,0.976,0.98,1
0.891,0.934,0.94,1
0.937,0.926,0.922,1
0.976,0.983,0.973,1
0.9791970828143607,0.9772832545213682,0.9754627852275902,1
0.914,0.945,0.936,1
0.963,0.978,0.975,1
0.947,0.945,0.933,1
0.919,0.961,0.945,1
0.9450795212366038,0.9518443719912819,0.9311720867812497,1
0.976,0.986,0.986,0
0.978,0.989,0.988,0
0.977,0.987,0.98,0
0.985,0.984,0.982,0
0.986,0.987,0.993,0
0.9640744824063652,0.9737623312475887,0.9713241417630599,1
0.946,0.903,0.925,1
0.947,0.977,0.975,1
0.946,0.977,0.964,1
0.953,0.983,0.976,1
0.959,0.966,0.978,1
0.99,0.995,0.992,0
0.6243707206769289,0.7769408283445068,0.7672547324947461,1
0.92,0.935,0.93,1
0.977,0.982,0.981,0
0.896,0.929,0.958,1
0.919,0.923,0.934,1
0.982,0.991,0.987,0
0.964,0.974,0.973,1
0.957857161461573,0.9719094149339175,0.9672099149838959,1
0.985,0.993,0.978,0
0.9922408011887315,0.9893614543684828,0.9851405411424125,0
0.9573153101046922,0.9717842727713903,0.9665073579931622,1
0.985,0.991,0.99,0
0.986,0.993,0.992,0
0.98,0.989,0.983,0
0.939,0.937,0.925,1
0.926,0.928,0.938,1
0.941,0.968,0.975,1
0.9846742260166889,0.9814206979065503,0.9747954458306871,0
0.982,0.991,0.981,0
0.952,0.973,0.974,1
0.956,0.974,0.959,1
0.973,0.982,0.981,0
0.9794481538197715,0.9753611513859709,0.9727162375438795,0
0.3609780689212776,0.5971385147905568,0.5949238199724286,1
0.926,0.931,0.919,1
0.9838306900681383,0.9840606094750599,0.9767385979187354,1
0.989,0.985,0.988,0
0.975,0.977,0.966,1
0.969,0.971,0.972,1
0.98,0.992,0.986,0
0.9869725543244041,0.9862624961519276,0.9804791034337696,0
0.933798744838918,0.9524066955411474,0.9418436852766138,1
0.986,0.993,0.99,0
0.959,0.979,0.969,1
0.931,0.942,0.943,1
0.4168437853439071,0.5633711455107021,0.5578989296453624,1
0.946,0.979,0.97,1
0.969,0.968,0.97,1
0.936,0.9,0.923,1
0.984,0.987,0.989,0
0.931,0.93,0.907,1
0.9699436136008667,0.971050866507494,0.9596768989225937,1
0.987,0.988,0.99,0
0.982,0.982,0.983,0
0.947,0.966,0.958,1
0.98,0.993,0.988,0
0.954,0.974,0.974,1
0.971,0.978,0.965,1
0.981,0.988,0.989,0
0.912,0.928,0.903,1
0.899921087531282,0.9456746262053524,0.9441103352362749,1
0.899,0.948,0.936,1
0.988,0.987,0.983,0
0.9054818434979466,0.9475604093660952,0.9456802339125344,1
0.968,0.975,0.973,1
0.9855861122767267,0.9855633113553525,0.9815884431560987,1
0.985,0.99,0.986,0
0.913,0.963,0.951,1
0.8865661961158628,0.9357790260928176,0.9301414435706836,1
0.912,0.94,0.944,1
0.2466940195740369,0.4900261255317458,0.48543994250869643,1
0.971,0.986,0.98,1
0.984,0.991,0.982,0
0.916,0.953,0.952,1
0.925,0.929,0.938,1
0.976,0.978,0.981,1
0.962,0.972,0.98,1
0.93,0.92,0.917,1
0.964,0.981,0.967,1
0.968,0.976,0.976,1
0.971,0.977,0.98,1
0.978,0.99,0.984,0
0.9728479510056774,0.9798072382883954,0.9755720288674055,0
0.912,0.918,0.932,1
0.978,0.98,0.981,0
0.978,0.996,0.987,0
0.984,0.99,0.988,0
0.966,0.974,0.975,1
0.988,0.991,0.982,0
0.924,0.949,0.963,1
0.969,0.964,0.972,1
0.977,0.976,0.975,1
0.982,0.982,0.981,0
0.976,0.972,0.977,1
0.982,0.993,0.988,0
0.956,0.982,0.982,1
0.972,0.987,0.989,0
0.933,0.96,0.958,1
0.953,0.97,0.985,1
0.935,0.941,0.944,1
0.9868708168696497,0.9853235129161376,0.9809043322724421,0
0.923,0.927,0.937,1
0.982,0.987,0.988,0
0.986,0.995,0.99,0
0.926,0.904,0.905,1
0.958,0.975,0.973,1
0.8236095355622727,0.9047830145574753,0.9030259082989461,1
0.927,0.92,0.91,1
0.992,0.984,0.979,0
0.983,0.983,0.988,0
0.932,0.934,0.922,1
0.99,0.986,0.986,0
0.952,0.964,0.965,1
0.987,0.99,0.987,0
0.955,0.958,0.959,1
0.918,0.943,0.921,1
0.972,0.981,0.988,1
0.9752296637540682,0.981989168541688,0.9780127057672208,1
0.983,0.982,0.976,0
0.913,0.934,0.917,1
0.98,0.987,0.982,0
0.917,0.931,0.912,1
0.958,0.972,0.977,1
0.981,0.989,0.992,0
0.9251100925490385,0.9484771294932733,0.9407733429510893,1
0.92,0.944,0.93,1
0.971,0.986,0.978,0
0.946,0.98,0.972,1
0.957,0.978,0.978,1
0.9808468471261252,0.9796978941069537,0.9754013596294476,1
0.913,0.909,0.918,1
0.985,0.994,0.985,0
0.978,0.99,0.992,0
0.976,0.991,0.986,0
0.974,0.964,0.969,1
0.977,0.983,0.973,1
0.978,0.99,0.986,0
0.949,0.977,0.973,1
0.986,0.976,0.994,0
0.979,0.991,0.99,0
0.985,0.989,0.981,0
0.942,0.931,0.946,1
0.97,0.972,0.974,1
0.98,0.976,0.974,0
0.985,0.984,0.984,0
0.919,0.943,0.933,1
0.9734461010793344,0.9737440509509545,0.9628670494858779,0
0.963,0.969,0.976,1
0.922,0.953,0.938,1
0.909,0.935,0.914,1
0.961,0.978,0.972,1
0.915,0.935,0.946,1
0.9,0.941,0.94,1
0.957,0.973,0.975,1
0.985126542185279,0.9770950608388806,0.9650301079433667,1
0.98,0.984,0.97,1
0.9677737926362852,0.9792994054173023,0.9755403368782775,0
0.976,0.987,0.987,0
0.979,0.973,0.982,1
0.982,0.993,0.983,0
0.986,0.986,0.985,0
0.956,0.937,0.934,1
0.978,0.986,0.983,0
0.954,0.979,0.968,1
0.912,0.919,0.925,1
0.8996974645800858,0.936651145031874,0.9277654397625762,1
0.913,0.92,0.915,1
0.909,0.927,0.92,1
0.917,0.923,0.92,1
0.9744298060014648,0.9826507294765366,0.9782716974787559,0
0.96,0.962,0.975,1
0.918,0.929,0.924,1
0.919,0.942,0.954,1
0.977,0.99,0.986,0
0.962,0.98,0.978,1
0.975,0.993,0.989,0
0.9218283273100308,0.9728415646683887,0.9617080419035103,1
0.933,0.925,0.932,1
0.9328759425898382,0.9598834304307194,0.9581063460098911,1
0.957,0.979,0.97,1
0.94,0.916,0.936,1
0.964,0.974,0.964,1
0.952,0.971,0.961,1
0.98,0.984,0.985,0
0.963,0.979,0.977,1
0.987,0.993,0.984,0
0.98,0.981,0.984,0
0.985,0.991,0.989,0
0.981,0.988,0.983,0
0.94,0.934,0.947,1
0.916,0.953,0.934,1
0.919,0.937,0.934,1
0.923,0.916,0.885,1
0.981,0.99,0.99,0
0.911,0.893,0.926,1
0.961,0.976,0.976,1
0.908,0.942,0.945,1
0.909,0.971,0.967,1
0.982,0.981,0.974,1
0.979,0.992,0.988,0
0.982,0.988,0.982,0
0.935,0.936,0.939,1
0.985,0.984,0.986,0
0.9640503938465302,0.9466767258603409,0.9379108658964155,0
0.9801594433301765,0.982033430838963,0.9790160790019714,1
0.9603430285603024,0.9735758638125886,0.9709013926016826,0
0.937,0.93,0.92,1
0.943,0.931,0.937,1
0.983,0.984,0.984,0
0.928,0.948,0.949,1
0.981,0.993,0.984,0
0.902,0.942,0.926,1
0.91,0.938,0.938,1
0.979,0.989,0.988,0
0.979,0.99,0.985,0
0.93,0.931,0.927,1
0.936,0.91,0.89,1
0.965,0.961,0.977,1
0.904,0.901,0.922,1
0.988,0.993,0.992,0
0.926,0.942,0.958,1
0.963,0.964,0.971,1
0.929,0.916,0.911,1
0.962,0.975,0.981,1
0.961,0.98,0.975,1
0.92,0.931,0.93,1
0.984,0.97,0.977,1
0.987,0.989,0.99,0
0.972,0.968,0.977,1
0.909,0.933,0.918,1
0.963,0.967,0.969,1
0.932849799029135,0.9427837723283528,0.9185402165333856,1
0.965,0.97,0.977,1
0.985,0.995,0.988,0
0.945180559575989,0.9327799247858122,0.9159379268487314,1
0.94,0.971,0.967,1
0.9498194151677753,0.9660786519443332,0.9617149419331205,1
0.916,0.933,0.917,1
0.989,0.985,0.984,0
0.953,0.94,0.945,1
0.9681347034090297,0.9784497246235669,0.9744014044804845,1
0.959,0.975,0.977,1
0.964,0.98,0.979,1
0.982,0.98,0.987,0
0.903,0.884,0.899,1
0.948,0.938,0.956,1
0.965,0.969,0.966,1
0.933,0.972,0.961,1
0.9,0.923,0.93,1
0.987,0.988,0.98,0
0.987,0.981,0.983,0
0.979,0.981,0.969,1
0.976,0.981,0.974,1
0.973,0.975,0.969,1
0.97,0.993,0.99,0
0.963,0.979,0.958,1
0.92,0.935,0.946,1
0.9050831854997283,0.9448610529709397,0.940575172275462,1
0.919,0.933,0.944,1
0.987,0.988,0.984,0
0.9638545566000549,0.9685232976717455,0.96223109022188,1
0.921,0.931,0.912,1
0.972,0.961,0.973,1
0.985,0.988,0.984,0
0.985,0.985,0.988,0
0.937,0.939,0.942,1
0.9596206369872942,0.9726482753793019,0.9700160213415516,0
0.981,0.994,0.99,0
0.988,0.995,0.983,0
0.985,0.98,0.981,1
0.972,0.993,0.976,0
0.984,0.986,0.987,0
0.924,0.948,0.945,1
0.9829264385081768,0.9842326068795324,0.9802631055347898,1
0.919,0.91,0.927,1
0.981,0.973,0.983,1
0.917,0.907,0.902,1
0.913,0.912,0.929,1
0.8239461514549116,0.8999527719646006,0.8970444679601711,1
0.969,0.98,0.965,1
0.982,0.988,0.99,0
0.972,0.97,0.975,1
0.988,0.981,0.984,0
0.966,0.978,0.979,1
0.933,0.947,0.955,1
0.951,0.973,0.971,1
0.922,0.917,0.898,1
0.963,0.972,0.982,1
0.984,0.992,0.987,0
0.887,0.924,0.894,1
0.984,0.986,0.99,0
0.967,0.974,0.965,1
0.961,0.964,0.972,1
0.985,0.984,0.991,0
0.982,0.99,0.983,0
0.994,0.986,0.984,0
0.901,0.935,0.933,1
0.927,0.966,0.957,1
0.9775950680053416,0.9760140534853201,0.9717439398433465,1
0.9771375555442594,0.9821216032591988,0.9784331055607588,1
0.9867728541454653,0.9897018502590034,0.9869013321828832,0
0.972,0.979,0.98,1
0.974,0.971,0.968,1
0.975,0.987,0.991,0
0.988,0.985,0.987,0
0.973,0.99,0.987,0
0.959,0.977,0.975,1
0.913,0.915,0.91,1
0.979,0.988,0.987,0
0.905,0.947,0.957,1
0.9883671749258749,0.9868290359930437,0.9810174357296529,0
0.91,0.946,0.95,1
0.947,0.982,0.973,1
0.981,0.988,0.984,0
0.914,0.932,0.947,1
0.6482009217715663,0.8003051657426374,0.7975786324961934,1
0.916,0.917,0.919,1
0.903,0.926,0.931,1
0.904,0.954,0.942,1
0.974,0.962,0.964,1
0.9693164998637765,0.9779635187911815,0.9748559203279573,0
0.916,0.908,0.926,1
0.949,0.971,0.983,1
0.927,0.932,0.925,1
0.9719098527645966,0.9675832553838317,0.9514589352872869,0
0.915,0.97,0.974,1
0.945391581843962,0.9694583979778305,0.9673285512599121,1
0.906,0.93,0.932,1
0.981,0.985,0.991,0
0.7699077707332529,0.8728910760828607,0.8710426610423876,1
0.981,0.988,0.984,0
0.937,0.922,0.912,1
0.9581104172796059,0.9429693307278608,0.9342218719979561,0
0.891,0.95,0.921,1
0.915,0.916,0.902,1
0.9754444118403072,0.980573465594688,0.9770938856792319,0
0.98,0.991,0.993,0
0.958,0.985,0.984,1
0.967,0.98,0.969,1
0.984,0.989,0.99,0
0.975,0.988,0.985,1
0.985,0.985,0.984,0
0.9804413076697122,0.9820195434122196,0.9769443301818728,1
0.915,0.948,0.938,1
0.971,0.972,0.973,1
0.973,0.979,0.98,1
0.914,0.891,0.9,1
0.901,0.937,0.935,1
0.921,0.922,0.915,1
0.931,0.941,0.935,1
0.939545801728461,0.953508190092537,0.942338998957316,1
0.963,0.976,0.985,1
0.922,0.911,0.911,1
0.939,0.972,0.971,1
0.987,0.985,0.982,0
0.976,0.983,0.976,1
0.982,0.982,0.984,0
0.921,0.964,0.959,1
0.959,0.972,0.976,1
0.8295843929983054,0.8308395312536575,0.8084766570594918,1
0.9626665032156655,0.9718556544870399,0.9672647378392363,1
0.982,0.988,0.982,0
0.98,0.989,0.987,0
0.962162771200329,0.9757903210802434,0.9732236522670157,1
0.919,0.917,0.892,1
0.983,0.973,0.973,1
0.9851692144050271,0.9839883244023216,0.9795153358731306,0
0.972,0.969,0.978,1
0.976,0.989,0.986,0
0.962,0.973,0.963,1
0.926,0.951,0.945,1
0.977,0.985,0.991,0
0.922,0.912,0.922,1
0.98,0.989,0.991,0
0.9,0.912,0.901,1
0.95,0.967,0.972,1
0.979,0.987,0.979,0
0.969,0.979,0.97,1
0.958,0.971,0.963,1
0.911,0.943,0.939,1
0.929,0.963,0.973,1
0.944,0.968,0.972,1
0.976,0.988,0.984,0
0.956,0.982,0.982,1
0.921,0.922,0.922,1
0.9799641229934268,0.9850418720007436,0.98272920118683,1
0.919,0.951,0.946,1
0.9890533554166836,0.9891937322169694,0.9859531375132189,1
0.981,0.981,0.984,0
0.949,0.981,0.97,1
0.984,0.991,0.99,0
0.983,0.994,0.988,0
0.976,0.979,0.978,1
0.975,0.976,0.975,1
0.9,0.922,0.923,1
0.963,0.973,0.973,1
0.986,0.986,0.992,0
0.956,0.971,0.975,1
0.983,0.986,0.994,0
0.904,0.92,0.909,1
0.931,0.929,0.943,1
0.903,0.927,0.915,1
0.907,0.908,0.916,1
0.911,0.942,0.94,1
0.931,0.913,0.919,1
0.984,0.986,0.988,0
0.925,0.936,0.936,1
0.959,0.983,0.974,1
0.9895946164812581,0.9889683149894389,0.9841028352867641,1
0.974,0.979,0.976,1
0.983,0.98,0.983,0
0.978174039106978,0.9816404453282577,0.976711961790282,1
0.962,0.97,0.976,1
0.988,0.999,0.99,0
0.969,0.967,0.976,1
0.991,0.993,0.992,0
0.976,0.988,0.986,0
0.928,0.928,0.947,1
0.9810437143892482,0.9781408242236783,0.9722569546849937,0
0.976,0.99,0.987,0
0.973,0.989,0.984,0
0.985,0.987,0.987,0
0.99,0.991,0.989,0
0.95,0.958,0.961,1
0.99,0.984,0.988,0
0.989,0.986,0.988,0
0.916,0.914,0.921,1
0.9699842073183029,0.9745257356645112,0.9661809311926224,0
0.985,0.99,0.984,0
0.929,0.934,0.938,1
0.912,0.922,0.924,1
0.955,0.972,0.978,1
0.988,0.987,0.991,0
0.944,0.942,0.947,1
0.908,0.922,0.929,1
0.975,0.988,0.982,0
0.911,0.924,0.908,1
0.914,0.913,0.919,1
0.987,0.993,0.99,0
0.911,0.931,0.933,1
0.958,0.969,0.977,1
0.915,0.914,0.918,1
0.936,0.9,0.901,1
0.914,0.951,0.963,1
0.902,0.944,0.923,1
0.896,0.932,0.948,1
0.937,0.95,0.969,1
0.987,0.99,0.988,0
0.967,0.979,0.971,1
0.939,0.942,0.933,1
0.6954354549524339,0.8258628404212163,0.8203979736669016,1
0.901,0.921,0.941,1
0.951,0.98,0.971,1
0.909,0.937,0.933,1
0.918,0.933,0.911,1
0.978,0.989,0.988,0
0.982,0.981,0.974,0
0.952,0.969,0.964,1
0.9484303321001273,0.9614921933527899,0.9531101090206336,0
0.951,0.983,0.972,1
0.979,0.991,0.988,0
0.911,0.904,0.915,1
0.95,0.976,0.958,1
0.984,0.984,0.989,0
0.983,0.987,0.979,0
0.978,0.991,0.989,0
0.924,0.925,0.915,1
0.929,0.907,0.909,1
0.977,0.988,0.988,0
0.973,0.971,0.971,1
0.985,0.984,0.99,0
0.9902427643399113,0.990926413798621,0.9890057676215451,0
0.9801586658566097,0.9830823571220905,0.9769365360687887,1
0.913,0.937,0.939,1
0.958,0.966,0.978,1
0.916,0.945,0.938,1
0.8938668688330021,0.9391541751479716,0.9350350188588621,1
0.955,0.985,0.976,1
0.925,0.93,0.942,1
0.983,0.988,0.991,0
0.95,0.969,0.959,1
0.973,0.991,0.983,0
0.966,0.967,0.977,1
0.982,0.983,0.985,0
0.95,0.979,0.978,1
0.985,0.987,0.982,0
0.974,0.992,0.99,0
0.978,0.986,0.992,0
0.966,0.969,0.971,1
0.969,0.978,0.968,1
0.963,0.973,0.976,1
0.968,0.984,0.976,1
0.9805734046877912,0.9842536279179055,0.9800467859295774,0
0.994,0.985,0.986,0
0.913,0.914,0.926,1
0.927,0.974,0.967,1
0.985,0.985,0.983,0
0.944,0.966,0.971,1
0.983,0.994,0.986,0
0.922,0.927,0.917,1
0.981,0.992,0.989,0
0.955,0.98,0.972,1
0.978,0.988,0.978,0
0.923,0.947,0.939,1
0.98,0.988,0.984,0
0.985,0.988,0.989,0
0.993,0.989,0.985,0
0.955,0.972,0.984,1
0.9451144754418145,0.9603197574428015,0.9525819365409747,0
0.981,0.983,0.967,1
0.973,0.976,0.97,1
0.93,0.931,0.926,1
0.9706381195891336,0.9797720025307559,0.9766637653051817,0
0.98,0.99,0.986,0
0.9124661611554911,0.9501721768876968,0.9473395847126427,1
0.9775000660503885,0.9787282246341028,0.9709558605999771,0
0.909,0.922,0.92,1
0.955,0.974,0.975,1
0.40216507357642084,0.6296229562163709,0.6285307184475112,0
0.9776909693820143,0.9807179133922103,0.9774490475555189,0
0.9589291970657868,0.9737881047526558,0.9685496539005184,0
0.967,0.991,0.991,0
0.959,0.981,0.973,1
0.932,0.926,0.941,1
0.964,0.982,0.97,1
0.974,0.969,0.974,1
0.9,0.919,0.922,1
0.915,0.909,0.919,1
0.986,0.983,0.982,0
0.946,0.974,0.977,1
0.953,0.977,0.972,1
0.977,0.993,0.984,0
0.983,0.989,0.992,0
0.94,0.976,0.984,1
0.984,0.985,0.981,0
0.975,0.991,0.991,0
0.937,0.954,0.952,1
0.935,0.909,0.919,1
0.934,0.941,0.936,1
0.9650989312191676,0.9748628829763519,0.9674994630030994,1
0.8057100482810131,0.8886250480659376,0.8815442161145604,1
0.97,0.975,0.972,1
0.927,0.906,0.921,1
0.986,0.988,0.985,0
0.918,0.933,0.942,1
0.982,0.981,0.986,0
0.967,0.971,0.972,1
0.989,0.99,0.994,0
0.987,0.984,0.981,0
0.989,0.983,0.982,0
0.98,0.992,0.991,0
0.962,0.97,0.967,1
0.988115971398407,0.9805241565893029,0.9718128927630234,0
0.921,0.957,0.951,1
0.954,0.961,0.962,1
0.954,0.974,0.97,1
0.981,0.982,0.987,0
0.907,0.944,0.949,1
0.953,0.972,0.981,1
0.904,0.922,0.92,1
0.981,0.989,0.984,0
0.982,0.991,0.989,0
0.921,0.924,0.917,1
0.974,0.982,0.985,1
0.985,0.986,0.98,0
0.904,0.901,0.911,1
0.979,0.987,0.993,0
0.961,0.96,0.966,1
0.969,0.981,0.979,1
0.89,0.948,0.942,1
0.987,0.988,0.984,0
0.961,0.976,0.978,1
0.963,0.974,0.968,1
0.957,0.971,0.971,1
0.97,0.988,0.985,0
0.983,0.981,0.989,0
0.9882746215488839,0.9867680071109682,0.9807264504737246,1
0.985,0.975,0.972,1
0.982,0.995,0.989,0
0.913,0.939,0.94,1
0.974,0.973,0.978,1
0.954,0.972,0.971,1
0.985,0.99,0.987,0
0.922,0.95,0.936,1
0.922,0.938,0.935,1
0.92,0.935,0.943,1
0.98,0.982,0.978,0
0.918,0.916,0.923,1
0.917,0.912,0.919,1
0.976,0.99,0.99,0
0.958,0.974,0.97,1
0.93,0.932,0.92,1
0.914,0.914,0.918,1
0.975,0.99,0.991,0
0.8834762063213956,0.9343394301010138,0.9302110349093543,1
0.955,0.969,0.961,1
0.9744071989882621,0.9830817306300815,0.9795015331939982,1
0.932,0.951,0.936,1
0.977,0.984,0.988,0
0.92,0.908,0.913,1
0.989,0.986,0.986,0
0.983,0.991,0.989,0
0.957,0.975,0.974,1
0.984,0.985,0.99,0
0.967,0.977,0.973,1
0.957,0.954,0.947,1
0.936,0.951,0.958,1
0.963,0.973,0.973,1
0.929,0.937,0.933,1
0.903,0.911,0.912,1
0.9882406269486452,0.9872348784252306,0.9835742253734842,0
0.9641262781561202,0.9452021340536116,0.9353900922439587,0
0.926,0.93,0.935,1
0.963,0.974,0.975,1
0.947,0.94,0.942,1
0.94,0.945,0.936,1
0.969,0.97,0.969,1
0.903,0.933,0.923,1
0.925,0.953,0.959,1
0.926,0.928,0.921,1
0.948,0.925,0.918,1
0.925,0.908,0.916,1
0.994,0.987,0.984,0
0.95,0.984,0.975,1
0.958,0.963,0.977,1
0.986,0.995,0.988,0
0.944,0.938,0.927,1
0.967,0.975,0.976,1
0.963,0.977,0.967,1
0.9731805700111363,0.9796269040550156,0.9762829190028102,1
0.91,0.923,0.922,1
0.917,0.928,0.914,1
0.96,0.977,0.974,1
0.92,0.928,0.908,1
0.982,0.984,0.979,0
0.985,0.986,0.984,0
0.939,0.974,0.98,1
0.9831173913423003,0.9835543297435221,0.979121801359852,0
0.912318682126068,0.9491377335469684,0.9466747041580119,1
0.947,0.941,0.944,1
0.985,0.986,0.985,0
0.898,0.921,0.928,1
0.8598530958528389,0.9178462767101572,0.9143552947167266,1
0.954,0.984,0.989,1
0.95,0.973,0.967,1
0.959,0.969,0.959,1
0.977,0.97,0.972,1
0.946,0.977,0.971,1
0.979,0.989,0.986,0
0.988,0.99,0.989,0
0.933,0.963,0.955,1
0.953,0.965,0.976,1
0.919,0.927,0.931,1
0.915,0.938,0.931,1
0.967,0.971,0.974,1
0.93,0.948,0.941,1
0.97,0.985,0.98,1
0.891,0.935,0.927,1
0.986,0.986,0.992,0
0.983,0.994,0.983,0
0.988,0.982,0.987,0
0.989,0.989,0.986,0
0.975,0.992,0.988,0
0.985,0.988,0.982,0
0.985,0.986,0.985,0
0.936,0.966,0.946,1
0.967,0.974,0.977,1
0.958,0.97,0.972,1
0.976,0.971,0.969,1
0.96,0.982,0.974,1
0.909,0.918,0.919,1
0.985,0.991,0.989,0
0.986,0.982,0.983,0
0.983,0.982,0.985,0
0.982,0.981,0.983,0
0.967,0.976,0.978,1
0.903,0.963,0.955,1
0.984,0.984,0.983,0
0.9789099610887904,0.9846670370673216,0.9822570790739895,0
0.979,0.996,0.995,0
0.955,0.975,0.954,1
0.9829626842851542,0.9887012133713282,0.9865937552809694,1
0.984,0.982,0.98,0
0.988,0.991,0.987,0
0.969,0.97,0.962,1
0.983,0.988,0.99,0
0.919,0.923,0.915,1
0.962,0.975,0.979,1
0.931,0.927,0.915,1
0.979,0.977,0.972,1
0.915,0.953,0.954,1
0.983,0.993,0.984,0
0.925,0.924,0.914,1
0.984,0.983,0.988,0
0.981,0.985,0.991,0
0.945,0.975,0.982,1
0.9437540890743901,0.963833679168507,0.9595821405835925,1
0.941,0.971,0.973,1
0.953,0.972,0.983,1
0.954,0.965,0.974,1
0.978,0.979,0.987,0
0.916,0.938,0.942,1
0.981,0.986,0.981,0
0.931,0.931,0.923,1
0.9657519495980507,0.9738098075547689,0.9699221356328772,1
0.978,0.99,0.987,0
0.987,0.987,0.995,0
0.981,0.989,0.986,0
0.929,0.918,0.924,1
0.912,0.938,0.93,1
0.975,0.992,0.984,0
0.935,0.928,0.931,1
0.986,0.981,0.983,0
0.984,0.987,0.989,0
0.925,0.926,0.929,1
0.965,0.969,0.977,1
0.981,0.98,0.989,0
0.985,0.988,0.988,0
0.907,0.915,0.907,1
0.9724100488420545,0.9778200427921021,0.9729556378469246,1
0.922,0.946,0.951,1
0.98,0.987,0.989,0
0.924,0.92,0.913,1
0.989,0.983,0.99,0
0.978,0.986,0.982,0
0.975,0.99,0.986,0
0.977,0.971,0.972,1
0.973,0.985,0.969,1
0.965,0.977,0.971,1
0.989,0.991,0.988,0
0.992,0.99,0.993,0
0.926,0.923,0.897,1
0.918,0.947,0.936,1
0.973,0.988,0.993,0
0.981,0.984,0.991,0
0.8067227487925599,0.8222069170055679,0.8135662715435074,1
0.98,0.985,0.993,0
0.909,0.922,0.922,1
0.986,0.983,0.988,0
0.913,0.909,0.903,1
0.918,0.943,0.93,1
0.974,0.989,0.984,1
0.982,0.984,0.988,0
0.982,0.991,0.99,0
0.985,0.989,0.984,0
0.943,0.983,0.959,1
0.959,0.976,0.975,1
0.909,0.938,0.934,1
0.9628366945090571,0.9724164850853213,0.9677477077850881,1
0.977,0.987,0.989,0
0.984,0.993,0.987,0
0.979,0.991,0.983,0
0.967,0.98,0.973,1
0.982,0.987,0.99,0
0.98,0.994,0.988,0
0.946,0.961,0.943,1
0.955,0.973,0.965,1
0.918,0.935,0.934,1
0.981,0.983,0.986,0
0.98,0.983,0.983,0
0.985,0.981,0.988,0
0.97,0.971,0.977,1
0.978,0.989,0.991,0
0.985,0.99,0.99,0
0.913,0.902,0.916,1
0.9855181486177299,0.9835400982086147,0.9803134556693245,0
0.964,0.975,0.972,1
0.882,0.933,0.944,1
0.978,0.99,0.989,0
0.974,0.97,0.973,1
0.976,0.985,0.986,0
0.978,0.994,0.988,0
0.987,0.989,0.99,0
0.98,0.995,0.991,0
0.899,0.94,0.939,1
0.919,0.939,0.931,1
0.974,0.975,0.975,1
0.952,0.978,0.971,1
0.983,0.99,0.992,0
0.945,0.969,0.972,1
0.953,0.974,0.974,1
0.987,0.988,0.982,0
0.985,0.99,0.986,0
0.952,0.978,0.979,1
0.978,0.972,0.967,1
0.982,0.985,0.987,0
0.922,0.951,0.939,1
0.908,0.927,0.941,1
0.927,0.936,0.933,1
0.9896324695735499,0.9893995636792382,0.9872127363533095,0
0.925,0.938,0.962,1
0.908,0.917,0.931,1
0.949,0.975,0.966,1
0.9883463606819092,0.986766527712737,0.9827657641778119,0
0.988,0.988,0.984,0
0.96,0.966,0.966,1
0.9748302728718363,0.982177988310319,0.9768488568513033,0
0.917,0.911,0.907,1
0.981,0.991,0.991,0
0.927,0.926,0.915,1
0.9604361811214203,0.9559661102836683,0.9402694327577421,1
0.969,0.974,0.985,1
0.984,0.984,0.984,0
0.974,0.989,0.978,0
0.968,0.97,0.981,1
0.9423353448057583,0.9490735587686243,0.9324684949473699,1
0.954,0.968,0.977,1
0.972,0.991,0.978,0
0.956,0.982,0.983,1
0.915,0.926,0.95,1
0.962,0.972,0.976,1
0.98,0.978,0.977,1
0.891,0.941,0.943,1
0.985,0.985,0.973,0
0.982971838656962,0.9838852191805354,0.9779936199552853,1
0.956,0.973,0.973,1
0.965,0.977,0.978,1
0.7574584636445895,0.867216034398562,0.8653681561566666,0
0.96,0.967,0.964,1
0.931,0.95,0.951,1
0.935,0.972,0.968,1
0.982,0.979,0.99,0
0.9724522529268048,0.9786160461364566,0.9723141345429644,1
0.985,0.984,0.981,0
0.984,0.991,0.987,0
0.943,0.97,0.971,1
0.979,0.985,0.984,0
0.919,0.933,0.923,1
0.955,0.973,0.984,1
0.987,0.98,0.982,0
0.965,0.98,0.973,1
0.941,0.96,0.982,1
0.984,0.989,0.981,0
0.917,0.932,0.931,1
0.915,0.958,0.946,1
0.918,0.92,0.918,1
0.984,0.982,0.985,0
0.908,0.941,0.935,1
0.95,0.972,0.98,1
0.964,0.977,0.976,1
0.987,0.982,0.981,0
0.967,0.967,0.976,1
0.94,0.955,0.936,1
0.9766344459751385,0.9756747830835621,0.9641291772339107,0
0.935,0.948,0.949,1
0.9372816514873068,0.9565599238065841,0.9492065395972952,0
0.899,0.944,0.951,1
0.9576642830962647,0.9663653105852331,0.9580311698149401,0
0.981,0.983,0.987,0
0.916,0.947,0.947,1
0.979,0.99,0.992,0
0.965,0.978,0.977,1
0.94,0.987,0.984,1
0.8519354257265362,0.8722957092199445,0.862239849351019,1
0.929,0.909,0.921,1
0.9845621549917022,0.9844786714599246,0.9812001645573093,1
0.962,0.976,0.966,1
0.917,0.92,0.915,1
0.989,0.985,0.988,0
0.9651649916707884,0.9619347739189488,0.9580302195694306,1
0.985,0.992,0.987,0
0.935,0.914,0.929,1
0.984,0.992,0.993,0
0.984,0.971,0.975,1
0.952,0.964,0.977,1
0.989,0.982,0.987,0
0.9530639802626512,0.9645744602638598,0.9525846835379901,1
0.977,0.984,0.982,0
0.955,0.967,0.97,1
0.966,0.975,0.976,1
0.993,0.985,0.983,0
0.93,0.935,0.949,1
0.961,0.942,0.919,1
0.980388714204338,0.9857289359653982,0.9837013958885427,1
0.981,0.991,0.985,0
0.928,0.931,0.931,1
0.975,0.986,0.991,0
0.949,0.972,0.959,1
0.959,0.982,0.982,1
0.925,0.913,0.911,1
0.9800801133066246,0.9760880915868841,0.9706931598149195,1
0.914,0.947,0.952,1
0.966,0.97,0.973,1
0.933,0.954,0.944,1
0.9809651034812269,0.9807264775354646,0.9728369467169099,1
0.984,0.99,0.989,0
0.981,0.99,0.985,0
0.956,0.969,0.966,1
0.908,0.921,0.9,1
0.9831614312929229,0.9845428884415095,0.9811776765606594,1
0.9873695835412316,0.9870205416036129,0.9806970191048577,1
0.968,0.958,0.964,1
0.927,0.909,0.917,1
0.96,0.969,0.968,1
0.969,0.977,0.974,1
0.915,0.927,0.929,1
0.977,0.985,0.985,0
0.975,0.985,0.982,0
0.916,0.896,0.907,1
0.972,0.99,0.985,0
0.931,0.946,0.945,1
0.942,0.971,0.968,1
0.954,0.976,0.969,1
0.958,0.967,0.97,1
0.985,0.98,0.99,0
0.916,0.903,0.911,1
0.965,0.972,0.98,1
0.933,0.943,0.931,1
0.922,0.926,0.912,1
0.98538966379253,0.9874980705449584,0.9858980875125288,1
0.912,0.928,0.934,1
0.945907182787756,0.9672798085904898,0.9634880667739398,1
0.982,0.985,0.981,0
0.916,0.936,0.933,1
0.944,0.97,0.975,1
0.927,0.936,0.924,1
0.914,0.903,0.906,1
0.911,0.928,0.941,1
0.949,0.966,0.965,1
0.98,0.983,0.986,0
0.921,0.967,0.937,1
0.926,0.948,0.939,1
0.964,0.979,0.977,1
0.94,0.956,0.958,1
0.953,0.973,0.973,1
0.957,0.98,0.97,1
0.924,0.929,0.933,1
0.9750692338781294,0.9688526097670243,0.9563968532314829,0
0.953,0.97,0.97,1
0.9808175027585658,0.9844550016530697,0.9805708382402581,1
0.951,0.98,0.974,1
0.961,0.969,0.962,1
0.978,0.987,0.976,0
0.93,0.932,0.942,1
0.9809160026224885,0.9853603286008993,0.9826161852347608,1
0.907,0.941,0.941,1
0.976,0.987,0.987,0
0.981,0.991,0.98,0
0.984,0.991,0.992,0
0.96,0.959,0.966,1
0.982,0.982,0.987,0
0.926,0.921,0.942,1
0.991,0.99,0.989,0
0.956,0.975,0.967,1
0.9831542771050306,0.9892914208190585,0.9872030954632707,1
0.98,0.986,0.99,0
0.989,0.99,0.986,0
0.986,0.993,0.989,0
0.952,0.974,0.975,1
0.976,0.98,0.978,1
0.982,0.972,0.981,0
0.926,0.936,0.926,1
0.968,0.974,0.973,1
0.981,0.988,0.985,0
0.981,0.989,0.984,0
0.891,0.952,0.948,1
0.947,0.956,0.936,1
0.981,0.989,0.991,0
0.992,0.99,0.984,0
0.956,0.96,0.968,1
0.9577892637007435,0.9688448408229811,0.9611478663374562,1
0.971,0.994,0.991,0
0.981,0.989,0.987,0
0.975,0.974,0.978,1
0.925,0.925,0.936,1
0.984,0.984,0.982,0
0.972,0.972,0.966,1
0.943,0.98,0.98,1
0.938,0.926,0.931,1
0.983,0.987,0.987,0
0.925,0.896,0.92,1
0.982,0.985,0.985,0
0.981,0.994,0.99,0
0.98,0.981,0.985,0
0.927,0.902,0.886,1
0.983,0.984,0.989,0
0.9665493909212367,0.972316642718897,0.964647746497236,1
0.95,0.972,0.964,1
0.965,0.977,0.981,1
0.9499183948756242,0.9700023612352281,0.9678884969777187,0
0.961,0.968,0.979,1
0.954,0.982,0.976,1
0.945,0.965,0.964,1
0.98,0.986,0.984,0
0.979,0.984,0.983,0
0.981,0.982,0.989,0
0.963,0.976,0.978,1
0.974,0.978,0.981,1
0.989,0.988,0.993,0
0.951,0.977,0.968,1
0.982,0.985,0.988,0
0.9721399881818168,0.9734635336732277,0.9711463327357636,1
0.9517826464342493,0.963203872190409,0.9558419651455313,1
0.981,0.987,0.982,0
0.971,0.971,0.974,1
0.975,0.986,0.991,0
0.905,0.925,0.928,1
0.961,0.971,0.971,1
0.919,0.902,0.893,1
0.977,0.975,0.973,1
0.909,0.932,0.921,1
0.939,0.916,0.908,1
0.958,0.983,0.974,1
0.981,0.991,0.987,0
0.976,0.979,0.971,1
0.9839864415794837,0.9775262146610204,0.9666843937254422,0
0.975,0.97,0.985,1
0.972,0.98,0.986,1
0.924,0.939,0.944,1
0.935,0.925,0.928,1
0.979,0.985,0.984,0
0.958,0.972,0.97,1
0.924,0.924,0.937,1
0.974,0.995,0.983,0
0.979,0.992,0.988,0
0.9643658123229631,0.9687030057300479,0.956985325913401,1
0.983009812076437,0.9779356930438003,0.9706745346243572,0
0.913,0.946,0.943,1
0.965,0.98,0.968,1
0.979,0.989,0.982,0
0.99008371074328,0.9882885414878682,0.9844963646428246,1
0.916,0.953,0.939,1
0.987,0.99,0.982,0
0.934,0.938,0.953,1
0.985,0.985,0.99,0
0.956,0.975,0.971,1
0.923,0.946,0.938,1
0.918,0.931,0.933,1
0.898,0.93,0.955,1
0.916,0.89,0.896,1
0.9689573635273092,0.9752288161082149,0.9657709322570776,1
0.962,0.981,0.98,1
0.9840771406359059,0.9856494240942812,0.9826858591774862,1
0.2809067423382734,0.5031207474295023,0.4983434725990409,1
0.961,0.971,0.979,1
0.9323516596122751,0.9604697987198878,0.9543361905746202,1
0.9621744891217227,0.9752311365176116,0.9711986040703046,0
0.94,0.946,0.943,1
0.964,0.972,0.97,1
0.903,0.936,0.923,1
0.981,0.99,0.991,0
0.888,0.914,0.914,1
0.948,0.98,0.978,1
0.908,0.953,0.95,1
0.958,0.978,0.969,1
0.907,0.909,0.916,1
0.924,0.929,0.952,1
0.987,0.989,0.984,0
0.918,0.95,0.95,1
0.963,0.973,0.97,1
0.975,0.974,0.968,1
0.9753188544402661,0.989574136133447,0.9875677997363682,1
0.932,0.957,0.958,1
0.954,0.969,0.968,1
0.956,0.968,0.973,1
0.939,0.975,0.968,1
0.971,0.994,0.988,0
0.928,0.921,0.923,1
0.901,0.905,0.931,1
0.972,0.975,0.979,0
0.9734081332906398,0.9758403044610788,0.9677995907439124,0
0.9687029386569352,0.9792131818848399,0.9752640570596987,0
0.989,0.987,0.986,0
0.972,0.985,0.969,1
0.926,0.933,0.931,1
0.9470766500950221,0.9661319613036405,0.9604685660560991,1
0.9831151707738327,0.9847687934185704,0.9795937021132146,1
0.922,0.963,0.97,1
0.986,0.988,0.99,0
0.9239977792237078,0.949116519242796,0.9423741657892417,1
0.917,0.942,0.938,1
0.918,0.925,0.922,1
0.974,0.978,0.975,1
0.9898261853693581,0.9892968268259499,0.9853617220468043,0
0.98,0.988,0.991,0
0.983,0.992,0.982,0
0.966,0.967,0.968,1
0.95,0.98,0.965,1
0.969,0.962,0.973,1
0.906,0.926,0.926,1
0.979,0.992,0.988,0
0.9756521759233532,0.982558538678668,0.9786655528774145,0
0.985,0.994,0.997,0
0.9779467129046291,0.9767385225772027,0.9684582169966036,0
0.956,0.968,0.968,1
0.976,0.973,0.977,1
0.975,0.988,0.983,1
0.926,0.909,0.903,1
0.978,0.987,0.991,0
0.989,0.983,0.984,0
0.907,0.951,0.953,1
0.926,0.948,0.934,1
0.953,0.976,0.968,1
0.92,0.936,0.945,1
0.908,0.921,0.934,1
0.978,0.989,0.983,0
0.884,0.922,0.949,1
0.901,0.914,0.913,1
0.9833218546148623,0.9870448942575518,0.9847054895336208,1
0.96,0.98,0.973,1
0.982,0.99,0.987,0
0.983,0.987,0.99,0
0.931,0.906,0.911,1
0.9659084798331729,0.9579069680577077,0.948978893489517,0
0.921,0.939,0.944,1
0.932,0.934,0.936,1
0.983,0.985,0.978,0
0.969,0.975,0.973,1
0.942,0.944,0.961,1
0.96,0.971,0.978,1
0.987,0.994,0.989,0
0.972840002550666,0.9810487424425778,0.9772313975779173,1
0.963,0.969,0.981,1
0.944,0.934,0.928,1
0.931,0.904,0.907,1
0.9838199759427042,0.9761859482530936,0.9634107422014014,1
0.911,0.912,0.911,1
0.973,0.992,0.989,0
0.9829043388819351,0.9830920876966438,0.9791548928701371,1
0.92,0.934,0.925,1
0.965,0.978,0.978,1
0.947,0.923,0.946,1
0.973,0.978,0.975,1
0.9,0.901,0.908,1
0.933,0.952,0.943,1
0.934,0.913,0.927,1
0.975,0.978,0.974,1
0.949,0.973,0.975,1
0.965,0.973,0.981,1
0.922,0.931,0.914,1
0.8831479065145414,0.9295870563038269,0.9204071094757802,1
0.9697064501965293,0.9754969764995018,0.9699932806790714,1
0.918,0.938,0.951,1
0.927,0.954,0.934,1
0.985,0.987,0.988,0
0.988,0.984,0.994,0
0.9786443205871327,0.9847862706685104,0.9808876200257329,0
0.912,0.939,0.934,1
0.985,0.992,0.985,0
0.9742582972959097,0.9886010310077873,0.9850137014446889,1
0.955,0.963,0.958,1
0.964,0.972,0.972,1
0.942,0.938,0.938,1
0.972,0.968,0.967,1
0.945,0.978,0.965,1
0.979,0.981,0.981,1
0.966,0.961,0.976,1
0.907,0.93,0.946,1
0.927,0.944,0.925,1
0.918,0.946,0.941,1
0.953,0.969,0.977,1
0.8437308486378823,0.911692779580265,0.9098114377065671,1
0.987,0.987,0.979,0
0.983,0.985,0.992,0
0.977,0.989,0.983,0
0.921,0.926,0.912,1
0.981,0.988,0.987,0
0.989,0.988,0.984,0
0.988,0.985,0.988,0
0.913,0.92,0.922,1
0.976,0.99,0.983,0
0.984,0.973,0.977,1
0.8891346763728601,0.9380967609350829,0.9362055878017225,1
0.933,0.949,0.947,1
0.987,0.986,0.996,0
0.976,0.982,0.991,0
0.986,0.99,0.989,0
0.949,0.985,0.986,1
0.916,0.911,0.906,1
0.962,0.967,0.963,1
0.9562381546588735,0.962288716659307,0.9505490415408605,1
0.983,0.989,0.988,0
0.93,0.945,0.938,1
0.901,0.937,0.937,1
0.989,0.991,0.988,0
0.975,0.99,0.99,0
0.988200551611728,0.9884914018987847,0.9843905254799568,0
0.977,0.978,0.975,1
0.974,0.987,0.987,0
0.9129761650298583,0.9485844562031295,0.9457794158103962,1
0.9877086973901205,0.9860505543720296,0.9827668127912776,1
0.926,0.959,0.948,1
0.975,0.976,0.97,1
0.972681281380876,0.9643558674119694,0.962260877776814,1
0.964,0.973,0.957,1
0.928,0.938,0.936,1
0.987,0.983,0.985,0
0.974,0.985,0.985,0
0.984,0.983,0.986,0
0.944,0.946,0.941,1
0.919,0.931,0.932,1
0.93,0.953,0.931,1
0.977,0.989,0.99,0
0.969,0.973,0.966,1
0.958,0.979,0.98,1
0.941,0.934,0.901,1
0.921,0.946,0.936,1
0.981,0.99,0.985,0
0.969,0.983,0.987,0
0.9757516151409052,0.9804330405190016,0.9763651628453406,1
0.9782062598081193,0.979819105194068,0.9726737756099844,1
0.983,0.985,0.984,0
0.983,0.983,0.987,0
0.927,0.943,0.945,1
0.966,0.983,0.974,1
0.982,0.987,0.985,0
0.952,0.974,0.984,1
0.964,0.967,0.97,1
0.956,0.97,0.968,1
0.91,0.92,0.942,1
0.981,0.987,0.992,0
0.976,0.988,0.983,0
0.959,0.975,0.973,1
0.9845021521428138,0.988038223897632,0.9862878555220121,1
0.892,0.943,0.929,1
0.929,0.951,0.938,1
0.971,0.985,0.976,1
0.982,0.99,0.991,0
0.915,0.928,0.929,1
0.97,0.961,0.964,1
0.927,0.943,0.941,1
0.985,0.984,0.986,0
0.969,0.971,0.979,1
0.979,0.994,0.989,0
0.961,0.965,0.973,1
0.9,0.911,0.91,1
0.984,0.989,0.992,0
0.962,0.977,0.979,1
0.914,0.928,0.944,1
0.911,0.951,0.929,1
0.964,0.972,0.971,1
0.9722215657031948,0.9591832131173506,0.9513215175372751,0
0.972,0.994,0.981,0
0.919,0.948,0.937,1
0.9289192560863269,0.9418026720457692,0.9264151517698641,1
0.985,0.989,0.979,0
0.8902027451568105,0.9426400644015864,0.9381490966089072,1
0.6254725388241862,0.7858215366389495,0.7836287019266996,1
0.928,0.941,0.962,1
0.961,0.975,0.968,1
0.927,0.917,0.927,1
0.919,0.917,0.926,1
0.985,0.988,0.993,0
0.98,0.991,0.993,0
0.907,0.954,0.93,1
0.978,0.995,0.992,0
0.911,0.932,0.94,1
0.933,0.95,0.945,1
0.901,0.937,0.939,1
0.2478357499584009,0.4947658312477065,0.4917851241309449,1
0.98,0.989,0.984,0
0.98,0.989,0.985,0
0.9833532906700183,0.9838741049188241,0.9805976113412666,1
0.992,0.985,0.99,0
0.977,0.981,0.98,0
0.989,0.984,0.987,0
0.905,0.923,0.914,1
0.919,0.932,0.943,1
0.899,0.903,0.914,1
0.977,0.97,0.976,1
0.971,0.969,0.968,1
0.97,0.989,0.989,0
0.957,0.969,0.972,1
0.985,0.988,0.987,0
0.9597276474144494,0.9689724521873065,0.9637847358501016,0
0.968,0.976,0.969,1
0.986,0.983,0.982,0
0.9904636139707869,0.9833955358153171,0.9805729581450265,0
0.938,0.935,0.914,1
0.97,0.97,0.97,1
0.956,0.986,0.981,1
0.927,0.938,0.933,1
0.985,0.988,0.989,0
0.973,0.978,0.974,1
0.985,0.987,0.981,0
0.9749430170384163,0.9821568451600051,0.9779387719139588,0
0.96,0.971,0.973,1
0.969,0.982,0.982,0
0.9807419700083225,0.9856952015113064,0.9835260388817467,1
0.9839113555832617,0.9814433473667732,0.9735399290966245,0
0.92,0.935,0.929,1
0.978,0.977,0.979,1
0.926,0.93,0.936,1
0.916,0.929,0.912,1
0.9574213899713905,0.970331082874943,0.9661755292433041,0
0.939,0.975,0.974,1
0.91,0.93,0.94,1
0.9799046419855857,0.9827921046310183,0.9798651288440815,0
0.965,0.969,0.971,1
0.98,0.992,0.98,0
0.922,0.913,0.924,1
0.948,0.972,0.971,1
0.9881687763482847,0.9822090135593526,0.9729892049201485,0
0.98,0.992,0.982,0
0.975,0.969,0.978,1
0.985,0.979,0.985,0
0.963,0.985,0.98,1
0.959,0.964,0.971,1
0.988,0.986,0.986,0
0.92,0.959,0.945,1
0.981,0.993,0.984,0
0.963,0.977,0.963,1
0.921,0.945,0.944,1
0.914,0.923,0.924,1
0.928,0.954,0.948,1
0.938,0.933,0.943,1
0.919,0.908,0.928,1
0.8787033041106225,0.92688731229812,0.9177340262397706,1
0.9422524466686311,0.9646764755742029,0.962540131005074,1
0.98,0.983,0.985,0
0.957,0.971,0.97,1
0.9744308146309806,0.9840557156746202,0.9813478150826948,1
0.974,0.977,0.97,1
0.935,0.925,0.921,1
0.949,0.973,0.978,1
0.965,0.966,0.974,1
0.9570145975325947,0.9688453574523003,0.9640883808475169,1
0.982,0.987,0.981,0
0.909,0.946,0.946,1
0.9738059298517049,0.9802587625208167,0.9765873959347376,1
0.915,0.946,0.925,1
0.9860588858444456,0.9879537995636684,0.9840992311142928,0
0.977,0.983,0.986,0
0.9493900624440487,0.962893273008475,0.956274783720191,0
0.9734043479450092,0.9781287150896655,0.9739336175797408,1
0.9812643698170401,0.9771414267407323,0.96830146814434,0
0.985,0.994,0.99,0
0.985,0.988,0.992,0
0.912,0.94,0.922,1
0.932,0.97,0.962,1
0.9746177286080789,0.9806895861920185,0.9787758579727566,1
0.9572965314696549,0.9624349636557981,0.9539886776178716,1
0.975,0.976,0.973,1
0.949,0.922,0.933,1
0.977,0.984,0.99,0
0.924,0.941,0.949,1
0.969,0.967,0.971,1
0.9172014719470121,0.9442401649779207,0.9337237667023065,1
0.906,0.943,0.939,1
0.965,0.978,0.972,1
0.895,0.922,0.917,1
0.957,0.971,0.978,1
0.974,0.989,0.983,0
0.979,0.987,0.985,0
0.941,0.975,0.977,1
0.942,0.947,0.942,1
0.921,0.949,0.936,1
0.9687029386569352,0.9792131818848399,0.9752640570596987,0
0.962,0.975,0.964,1
0.933,0.912,0.911,1
0.907,0.969,0.966,1
0.953,0.915,0.942,1
0.975,0.97,0.977,1
0.982,0.989,0.987,0
0.896,0.924,0.932,1
0.928,0.923,0.933,1
0.922,0.942,0.94,1
0.98538966379253,0.9874980705449584,0.9858980875125288,1
0.98419959049318,0.9880730868600136,0.9851415158835656,0
0.958,0.98,0.97,1
0.9625862547696059,0.9657561013559345,0.9545062483720888,0
0.937,0.97,0.971,1
0.989,0.986,0.993,0
0.9569689152317374,0.9749312069127405,0.9722826724970128,1
0.957,0.959,0.973,1
0.922,0.931,0.938,1
0.911,0.93,0.951,1
0.944,0.968,0.977,1
0.912,0.946,0.947,1
0.944,0.97,0.977,1
0.953,0.977,0.976,1
0.981,0.989,0.993,0
0.983,0.977,0.973,1
0.972,0.98,0.983,1
0.983,0.993,0.989,0
0.9597276474144494,0.9689724521873065,0.9637847358501016,0
0.9320818873791958,0.959385550711913,0.9572342846223892,1
0.974,0.986,0.97,1
0.9517674627003392,0.9612242131572432,0.9542753824908207,0
0.957,0.978,0.978,1
0.936,0.946,0.945,1
0.956,0.976,0.985,1
0.953,0.967,0.971,1
0.921,0.939,0.945,1
0.967,0.975,0.983,1
0.916,0.934,0.94,1
0.954,0.969,0.969,1
0.92,0.943,0.925,1
0.98,0.994,0.985,0
0.985,0.985,0.982,0
0.991,0.987,0.989,0
0.9598942701807869,0.9701804723505623,0.9649218639419611,0
0.966,0.977,0.976,1
0.95,0.982,0.967,1
0.977,0.986,0.98,0
0.923,0.943,0.944,1
0.979,0.99,0.989,0
0.984,0.992,0.99,0
0.953,0.975,0.965,1
0.9800261167866147,0.9784916228844501,0.969473261194595,0
0.976,0.99,0.987,0
0.986,0.985,0.992,0
0.954,0.975,0.963,1
0.987,0.985,0.988,0
0.99,0.986,0.983,0
0.968,0.979,0.979,1
0.909,0.946,0.95,1
0.9696125725570651,0.9822842107152453,0.9760930746748201,1
0.959,0.973,0.979,1
0.916,0.929,0.919,1
0.983,0.994,0.992,0
0.959,0.971,0.974,1
0.938,0.933,0.935,1
0.962,0.981,0.983,1
0.913,0.944,0.931,1
0.935,0.915,0.929,1
0.946,0.976,0.966,1
0.967,0.97,0.966,1
0.927,0.939,0.909,1
0.9781090460606663,0.979048075501589,0.9701052881668593,1
0.9724626131496672,0.9559347490830037,0.9476145729787229,0
0.9852339634032626,0.9837751335485494,0.9789825644225117,0
0.919,0.938,0.933,1
0.9768106198680535,0.9766389462146984,0.966794014906532,0
0.986,0.988,0.98,0
0.986,0.979,0.977,1
0.974,0.988,0.979,0
0.9803105729580907,0.9777102893076205,0.9684021158799573,0
0.908,0.959,0.95,1
0.953,0.971,0.972,1
0.9813351191310554,0.9739483163261566,0.9583779105574812,1
0.985,0.988,0.992,0
0.969,0.979,0.976,1
0.955,0.979,0.977,1
0.979,0.972,0.99,0
0.982,0.983,0.989,0
0.954,0.981,0.976,1
0.978,0.991,0.994,0
0.93,0.949,0.937,1
0.957,0.975,0.974,1
0.907,0.954,0.95,1
0.9596403250464866,0.9738041601770601,0.9716509043660878,0
0.981,0.985,0.988,0
0.967,0.972,0.979,1
0.959,0.984,0.984,1
0.985,0.993,0.99,0
0.9601854481491675,0.9594212426333985,0.9385844019187876,1
0.901,0.964,0.964,1
0.95,0.966,0.961,1
0.899,0.921,0.928,1
0.916,0.937,0.952,1
0.9052347389997499,0.9470905381259493,0.94520550332217,1
0.965,0.978,0.982,1
0.986,0.985,0.992,0
0.905,0.922,0.935,1
0.923,0.936,0.91,1
0.915,0.909,0.916,1
0.989,0.988,0.99,0
0.964,0.967,0.977,1
0.94,0.923,0.931,1
0.971,0.976,0.975,1
0.966,0.974,0.973,1
0.988,0.979,0.985,0
0.984,0.993,0.99,0
0.987,0.993,0.991,0
0.903,0.937,0.921,1
0.952,0.969,0.966,1
0.935,0.917,0.906,1
0.96,0.977,0.973,1
0.93,0.914,0.921,1
0.5078739348782303,0.7090409542745187,0.7073185662469985,1
0.987,0.984,0.98,0
0.918,0.941,0.927,1
0.914,0.919,0.923,1
0.95,0.961,0.966,1
0.946,0.976,0.971,1
0.958,0.975,0.974,1
0.983,0.972,0.972,1
0.98,0.983,0.988,0
0.919,0.934,0.914,1
0.982,0.987,0.986,0
0.992,0.988,0.976,0
0.916,0.956,0.933,1
0.906,0.918,0.914,1
0.983,0.987,0.992,0
0.979,0.991,0.987,0
0.982,0.991,0.984,0
0.971,0.976,0.977,1
0.964,0.98,0.981,1
0.9574213899713905,0.970331082874943,0.9661755292433041,0
0.983,0.983,0.985,0
0.978,0.984,0.988,0
0.991,0.986,0.983,0
0.98,0.988,0.983,0
0.990300445615562,0.9833805341027609,0.9791268338024118,0
0.98411517975377,0.9886445711382971,0.9859518741840395,1
0.989,0.997,0.99,0
0.962,0.973,0.967,1
0.985,0.992,0.987,0
0.987,0.988,0.991,0
0.959,0.975,0.978,1
0.891,0.918,0.925,1
0.9879139652743112,0.9820990275019007,0.9748579851736502,1
0.919,0.907,0.922,1
0.934,0.933,0.919,1
0.951,0.977,0.988,1
0.973,0.981,0.967,1
0.975,0.988,0.986,0
0.9450006879152413,0.9417623402379581,0.9236165560231877,1
0.937,0.931,0.958,1
0.93,0.954,0.957,1
0.973,0.99,0.993,0
0.9510087924334413,0.9713752819336146,0.9670831182055758,1
0.984,0.991,0.987,0
0.929,0.921,0.929,1
0.984,0.976,0.97,1
0.992,0.992,0.987,0
0.986,0.992,0.982,0
0.923,0.954,0.929,1
0.976,0.993,0.986,0
0.988,0.993,0.993,0
0.989,0.99,0.989,0
0.94,0.967,0.969,1
0.977,0.998,0.984,0
0.959,0.973,0.971,1
0.911,0.906,0.926,1
0.967,0.978,0.972,1
0.9719623952710655,0.9781162070343559,0.9736679122740397,1
0.988,0.988,0.986,0
0.921,0.951,0.957,1
0.983,0.982,0.994,0
0.979,0.967,0.978,1
0.994,0.991,0.993,0
0.967,0.991,0.992,0
0.956,0.979,0.972,1
0.9391134814463582,0.9526962293209724,0.942616894973649,1
0.932,0.923,0.916,1
0.97,0.979,0.98,1
0.987,0.981,0.989,0
0.9523313525376753,0.9622721535220349,0.9532900334056716,1
0.9525823658722078,0.9630062342270719,0.9506504265855552,1
0.956,0.965,0.969,1
0.967,0.971,0.976,1
0.915,0.905,0.912,1
0.959,0.968,0.974,1
0.962,0.978,0.984,1
0.969,0.983,0.97,1
0.953,0.976,0.975,1
0.936,0.932,0.934,1
0.927,0.95,0.946,1
0.917,0.948,0.955,1
0.98,0.975,0.974,1
0.965,0.971,0.966,1
0.9696487218334896,0.9769415005407773,0.9739953433638279,0
0.969,0.985,0.983,1
0.984,0.981,0.994,0
0.957,0.978,0.974,1
0.982,0.99,0.988,0
0.959,0.98,0.979,1
0.984,0.985,0.986,0
0.911,0.938,0.93,1
0.9828485112746497,0.9833436106975235,0.9771498261126831,1
0.978,0.984,0.985,0
0.922,0.95,0.946,1
0.912,0.949,0.923,1
0.935,0.935,0.941,1
0.927,0.933,0.947,1
0.939,0.924,0.923,1
0.961,0.97,0.961,1
0.936,0.918,0.932,1
0.959,0.988,0.986,1
0.983,0.996,0.985,0
0.987,0.987,0.989,0
0.99,0.993,0.988,0
0.959,0.98,0.97,1
0.979,0.985,0.971,1
0.995,0.993,0.99,0
0.986,0.988,0.988,0
0.902,0.918,0.921,1
0.912,0.938,0.959,1
0.981,0.99,0.984,0
0.914,0.935,0.947,1
0.959,0.973,0.977,1
0.983,0.987,0.986,0
0.941,0.929,0.923,1
0.98,0.993,0.982,0
0.988,0.986,0.982,0
0.965,0.972,0.966,1
0.936,0.929,0.948,1
0.978,0.991,0.984,0
0.958,0.969,0.969,1
0.951,0.983,0.973,1
0.904,0.958,0.938,1
0.988,0.99,0.985,0
0.963,0.98,0.98,1
0.982,0.99,0.984,0
0.983,0.989,0.991,0
0.939,0.936,0.936,1
0.916,0.96,0.954,1
0.97,0.985,0.983,1
0.919,0.909,0.919,1
0.957,0.972,0.964,1
0.4737798876049317,0.6806232812305195,0.6784973640794487,0
0.925,0.916,0.913,1
0.937,0.929,0.91,1
0.976,0.991,0.978,0
0.982,0.98,0.987,1
0.967,0.964,0.964,1
0.9830172418562064,0.9887728700804056,0.9870212002354556,1
0.989,0.982,0.986,0
0.978,0.983,0.982,0
0.972,0.97,0.981,1
0.957,0.967,0.975,1
0.974,0.986,0.977,1
0.984,0.99,0.991,0
0.969,0.972,0.979,1
0.951,0.946,0.944,1
0.98,0.991,0.989,0
0.959,0.966,0.981,1
0.96009855247779,0.9594382041271537,0.9545812733944523,1
0.984,0.986,0.992,0
0.957,0.98,0.976,1
0.979,0.989,0.984,0
0.964,0.985,0.983,1
0.9697624965453344,0.9781281165547361,0.9742122447091897,0
0.983,0.981,0.986,0
0.973,0.978,0.978,1
0.895,0.915,0.921,1
0.979,0.983,0.981,0
0.982,0.989,0.981,0
0.99,0.986,0.986,0
0.982,0.962,0.969,1
0.956,0.976,0.973,1
0.908,0.93,0.912,1
0.913,0.94,0.927,1
0.985,0.99,0.992,0
0.968,0.987,0.983,1
0.979,0.991,0.986,0
0.9815909696823599,0.9813406668639525,0.974220288309315,0
0.977,0.985,0.983,0
0.913,0.948,0.95,1
0.978,0.974,0.972,1
0.995,0.988,0.991,0
0.91,0.937,0.947,1
0.978,0.979,0.973,1
0.983,0.989,0.981,0
0.959,0.92,0.948,1
0.962,0.969,0.961,1
0.977,0.98,0.973,1
0.895,0.916,0.923,1
0.9862081061593656,0.9889738412611191,0.9867210649825572,1
0.9797733622055266,0.9859157866053919,0.9809233520656697,0
0.979,0.989,0.984,0
0.987,0.995,0.994,0
0.956,0.967,0.972,1
0.989,0.987,0.99,0
0.965,0.959,0.978,1
0.977,0.977,0.982,0
0.985,0.987,0.988,0
0.899,0.891,0.914,1
0.982,0.981,0.989,0
0.931,0.961,0.944,1
0.946,0.942,0.933,1
0.981,0.984,0.976,1
0.916,0.925,0.911,1
0.979,0.99,0.993,0
0.96,0.977,0.973,1
0.961,0.979,0.968,1
0.971,0.963,0.979,1
0.963,0.979,0.98,1
0.982,0.99,0.986,0
0.909,0.927,0.934,1
0.962,0.98,0.975,1
0.98,0.991,0.987,0
0.975,0.992,0.992,0
0.923,0.922,0.904,1
0.9837739553760299,0.9823335921058426,0.9772729561779755,1
0.924,0.904,0.907,1
0.981,0.968,0.97,1
0.968,0.986,0.983,1
0.9795780109925812,0.9743471383045659,0.9613619366940089,0
0.984,0.981,0.987,0
0.923,0.932,0.92,1
0.93,0.907,0.921,1
0.9901661894227972,0.9892224992061416,0.9843305230926053,1
0.984,0.991,0.985,0
0.932,0.913,0.914,1
0.986,0.98,0.985,0
0.9884977364330271,0.983292515069879,0.9752895995665625,1
0.959,0.971,0.966,1
0.967,0.974,0.973,1
0.978,0.99,0.989,0
0.934,0.888,0.913,1
0.921,0.895,0.891,1
0.921,0.943,0.936,1
0.976,0.976,0.97,1
0.915,0.922,0.92,1
0.953411248329755,0.9695943328769479,0.9650360015994592,1
0.969,0.979,0.968,1
0.972,0.975,0.972,1
0.98,0.98,0.982,0
0.985,0.989,0.99,0
0.967,0.971,0.985,1
0.931,0.914,0.918,1
0.931,0.891,0.897,1
0.9806878997849031,0.9865565450966131,0.9844866700386097,1
0.981,0.981,0.985,0
0.923,0.914,0.919,1
0.983,0.988,0.993,0
0.923,0.907,0.914,1
0.973,0.972,0.976,1
0.921,0.951,0.943,1
0.988,0.988,0.994,0
0.962,0.982,0.977,1
0.899,0.939,0.938,1
0.917,0.942,0.944,1
0.98,0.982,0.99,0
0.974,0.983,0.98,1
0.956,0.973,0.981,1
0.969,0.971,0.967,1
0.955,0.964,0.966,1
0.973,0.987,0.99,0
0.983,0.988,0.993,0
0.9533851403526401,0.9673847910485333,0.9640211740391378,1
0.982,0.979,0.983,0
0.973,0.986,0.988,0
0.975,0.988,0.983,0
0.9647453480165861,0.9720617529658969,0.9665499673149208,0
0.959,0.983,0.984,1
0.985,0.991,0.982,0
0.938,0.978,0.972,1
0.982,0.99,0.988,0
0.986,0.984,0.982,0
0.9740962428554527,0.9770981700545622,0.9704216981896879,1
0.976,0.972,0.975,1
0.966,0.972,0.973,1
0.983,0.989,0.986,0
0.923,0.933,0.944,1
0.93,0.976,0.958,1
0.95,0.977,0.978,1
0.979,0.991,0.991,0
0.9657553416285419,0.9719421878346463,0.9663989472251638,1
0.973,0.977,0.972,1
0.988,0.991,0.988,0
0.992,0.991,0.99,0
0.929,0.948,0.95,1
0.963,0.982,0.968,1
0.986,0.985,0.989,0
0.915,0.889,0.886,1
0.971,0.974,0.977,1
0.981,0.99,0.99,0
0.959,0.964,0.966,1
0.934,0.951,0.954,1
0.958,0.924,0.929,1
0.973,0.976,0.975,1
0.967,0.978,0.981,1
0.99,0.988,0.989,0
0.964,0.978,0.972,1
0.944,0.975,0.97,1
0.979,0.993,0.989,0
0.963,0.971,0.969,1
0.9754097338751316,0.9705276415665066,0.9609283848580048,0
0.9712975618454798,0.9847136484881549,0.9801028224696566,1
0.97,0.968,0.973,1
0.985,0.99,0.995,0
0.976,0.986,0.985,0
0.9734261229321427,0.9762788333676239,0.9666906687261396,1
0.939,0.928,0.925,1
0.971,0.984,0.975,1
0.983,0.985,0.983,0
0.956,0.978,0.97,1
0.966,0.98,0.982,1
0.953,0.984,0.977,1
0.9218431387758645,0.9572821222663062,0.9545870960592426,1
0.948,0.955,0.962,1
0.978,0.984,0.981,0
0.928,0.948,0.948,1
0.976,0.982,0.983,0
0.927,0.944,0.945,1
0.96,0.96,0.975,1
0.929,0.952,0.943,1
0.96,0.97,0.972,1
0.913,0.93,0.933,1
0.987,0.99,0.989,0
0.928,0.923,0.918,1
0.926,0.943,0.931,1
0.9569362911945947,0.9397258826570037,0.9239634303439489,1
0.958,0.976,0.976,1
0.979,0.986,0.976,0
0.932,0.914,0.908,1
0.915,0.923,0.899,1
0.967,0.97,0.973,1
0.9738180306476372,0.9558108402794654,0.9500556820721527,1
0.953,0.988,0.985,1
0.981,0.992,0.986,0
0.982,0.994,0.983,0
0.984,0.99,0.985,0
0.957,0.965,0.955,1
0.979,0.986,0.993,0
0.9923228650955024,0.9890728829791869,0.9848879962139,0
0.9579896199013411,0.9714126854675421,0.9692329710638545,0
0.964,0.982,0.972,1
0.99,0.982,0.975,0
0.957,0.966,0.972,1
0.865677883992426,0.9238741388219379,0.9214766689130012,1
0.983,0.992,0.992,0
0.976,0.99,0.991,0
0.955,0.972,0.974,1
0.94,0.93,0.903,1
0.978,0.991,0.985,0
0.913,0.916,0.915,1
0.967,0.987,0.987,0
0.948,0.976,0.976,1
0.967,0.975,0.975,1
0.958,0.967,0.971,1
0.975,0.991,0.988,0
0.989,0.988,0.99,0
0.9882637577586391,0.9867951213291711,0.9824377816675568,0
0.97,0.986,0.974,1
0.928,0.906,0.906,1
0.906,0.93,0.919,1
0.9538953673336326,0.9649268874221437,0.9590865821757445,1
0.7727634522173794,0.8746325147259945,0.8728216141824668,0
0.98,0.988,0.979,0
0.9696449347863046,0.9690024810064469,0.9555742780564023,1
0.96,0.969,0.978,1
0.983,0.992,0.994,0
0.9785244823215735,0.9820801606172646,0.9782766056657397,1
0.969,0.984,0.984,1
0.968,0.969,0.971,1
0.978,0.965,0.974,1
0.98,0.987,0.987,0
0.984,0.99,0.984,0
0.952,0.98,0.983,1
0.963,0.965,0.979,1
0.965,0.979,0.97,1
0.955,0.974,0.974,1
0.981,0.982,0.99,0
0.972,0.974,0.989,1
0.917,0.927,0.948,1
0.925,0.924,0.922,1
0.916,0.922,0.939,1
0.953,0.972,0.97,1
0.938,0.906,0.915,1
0.921,0.913,0.907,1
0.953,0.974,0.977,1
0.966,0.975,0.965,1
0.921,0.937,0.942,1
0.953,0.961,0.977,1
0.978,0.974,0.975,1
0.982,0.992,0.989,0
0.9168736787134586,0.917043353873408,0.899673930126092,1
0.911,0.939,0.918,1
0.978,0.986,0.988,0
0.4443670744997542,0.659157846546726,0.6570989763759862,0
0.971,0.969,0.975,1
0.9361198390078741,0.951120650440859,0.9437012776366271,0
0.97,0.975,0.99,0
0.9731025049102502,0.9798072382883954,0.9755720288674055,0
0.966,0.985,0.985,0
0.981,0.988,0.985,0
0.908,0.944,0.933,1
0.984,0.99,0.983,0
0.977,0.979,0.98,1
0.987,0.985,0.984,0
0.918,0.941,0.958,1
0.981,0.99,0.979,0
0.969,0.979,0.977,1
0.9725083931862889,0.9676538399557022,0.9554616737203036,1
0.982,0.989,0.99,0
0.9685469553263141,0.9658418700254222,0.9569528831083848,1
0.949,0.968,0.973,1
0.9818671930330102,0.980701578999429,0.9726987772808056,0
0.978,0.968,0.966,1
0.961,0.968,0.964,1
0.985,0.986,0.99,0
0.912,0.913,0.911,1
0.91,0.922,0.931,1
0.983,0.992,0.984,0
0.981,0.989,0.993,0
0.928,0.94,0.928,1
0.973,0.991,0.984,0
0.979,0.982,0.985,0
0.973,0.984,0.975,1
0.97,0.972,0.975,1
0.976,0.989,0.982,0
0.966,0.985,0.974,1
0.961,0.973,0.964,1
0.973,0.986,0.983,0
0.955,0.97,0.977,1
0.9227258259177206,0.9560152395408458,0.9539309000434643,0
0.966,0.974,0.984,1
0.98,0.988,0.989,0
0.9803105729580907,0.9777102893076205,0.9684021158799573,0
0.981,0.974,0.977,1
0.886,0.937,0.936,1
0.943,0.955,0.93,1
0.973,0.983,0.99,0
0.933,0.915,0.913,1
0.941,0.936,0.946,1
0.906,0.929,0.888,1
0.919,0.938,0.942,1
0.917,0.951,0.954,1
0.983,0.989,0.99,0
0.978,0.973,0.975,1
0.966,0.984,0.973,1
0.985,0.989,0.99,0
0.94,0.968,0.965,1
0.908,0.941,0.932,1
0.95,0.904,0.902,1
0.947,0.98,0.971,1
0.938,0.941,0.947,1
0.957,0.977,0.967,1
0.971,0.991,0.988,0
0.987,0.991,0.982,0
0.924,0.928,0.929,1
0.981,0.985,0.987,0
0.943,0.976,0.976,1
0.9462390024258537,0.9665755003384962,0.9630456952810921,1
0.942,0.934,0.94,1
0.912,0.913,0.896,1
0.981,0.984,0.991,0
0.991,0.989,0.986,0
0.987,0.99,0.99,0
0.987,0.992,0.987,0
0.908,0.913,0.924,1
0.24446127877848017,0.4918050294777287,0.49016660560686226,1
0.93,0.928,0.941,1
0.9861159404720828,0.9834253750640525,0.97937209083569,0
0.99,0.982,0.991,0
0.912,0.929,0.915,1
0.976,0.982,0.983,0
0.985,0.988,0.992,0
0.96,0.98,0.974,1
0.959,0.963,0.982,1
0.989,0.994,0.989,0
0.986,0.979,0.976,1
0.923,0.932,0.934,1
0.921,0.968,0.971,1
0.919,0.93,0.939,1
0.983,0.988,0.988,0
0.919,0.904,0.897,1
0.923,0.936,0.941,1
0.965,0.98,0.98,1
0.9721399881818168,0.9734635336732277,0.9711463327357636,1
0.953,0.969,0.967,1
0.9789692908355495,0.9809266356834329,0.9740194297247832,1
0.973,0.979,0.977,1
0.971,0.98,0.966,1
0.972,0.979,0.979,1
0.967,0.976,0.977,1
0.981,0.99,0.986,0
0.989,0.985,0.983,0
0.913,0.933,0.935,1
0.92,0.947,0.951,1
0.967,0.973,0.972,1
0.962,0.971,0.976,1
0.991,0.987,0.99,0
0.984,0.988,0.986,0
0.958,0.974,0.979,1
0.974,0.979,0.977,1
0.9623642908013225,0.9752692493692312,0.9719863790206135,1
0.981,0.984,0.988,0
0.975,0.982,0.975,1
0.9779494304768879,0.9806184871720179,0.9770633801404109,1
0.973,0.983,0.985,1
0.948,0.972,0.977,1
0.931,0.933,0.915,1
0.965,0.981,0.978,1
0.958,0.933,0.938,1
0.96,0.971,0.972,1
0.989,0.988,0.987,0
0.981,0.98,0.991,0
0.965,0.935,0.935,1
0.983,0.992,0.989,0
0.979,0.978,0.987,1
0.944,0.967,0.978,1
0.9687829765023966,0.9709960901199797,0.9649206718452945,1
0.9869163354994774,0.9847778604600953,0.978596962272293,0
0.962,0.966,0.977,1
0.957,0.972,0.967,1
0.27390526612338667,0.5201151026339957,0.5190099483075452,1
0.939,0.979,0.975,1
0.985,0.985,0.985,0
0.8865661961158628,0.9357790260928176,0.9301414435706836,1
0.971,0.975,0.983,1
0.9652364610650659,0.9717357437467492,0.9640521818858464,0
0.979,0.989,0.99,0
0.949,0.938,0.916,1
0.931,0.917,0.889,1
0.9864830170920318,0.9850128407653079,0.9799015936281171,0
0.972,0.982,0.969,1
0.9784515440653831,0.9832659760283898,0.9787271878304475,1
0.928,0.946,0.951,1
0.965,0.986,0.978,1
0.906,0.883,0.883,1
0.944,0.97,0.973,1
0.979,0.99,0.993,0
0.954,0.938,0.931,1
0.918,0.919,0.907,1
0.893,0.95,0.936,1
0.9591005706326696,0.9732181002106189,0.9687429424229274,1
0.968,0.977,0.977,1
0.95,0.974,0.98,1
0.882,0.942,0.938,1
0.95,0.975,0.969,1
0.934,0.955,0.946,1
0.919,0.916,0.92,1
0.947,0.986,0.979,1
0.924,0.917,0.912,1
0.95,0.975,0.967,1
0.979,0.987,0.978,0
0.969,0.975,0.981,1
0.987,0.987,0.988,0
0.9019310355594845,0.9452411825940503,0.9400421098511073,1
0.977,0.984,0.969,1
0.982,0.989,0.984,0
0.89,0.948,0.943,1
0.963,0.97,0.969,1
0.903,0.914,0.921,1
0.9541562628104163,0.8864454594386579,0.8841544775783459,1
0.969,0.981,0.972,1
0.921,0.899,0.918,1
0.921,0.952,0.948,1
0.955,0.967,0.98,1
0.947,0.97,0.964,1
0.986,0.983,0.977,1
0.938,0.939,0.939,1
0.9561683278926899,0.9442128175998513,0.9354020061471926,0
0.981,0.974,0.968,1
0.952,0.972,0.968,1
0.9842154971881683,0.9784485885159775,0.9709159418053045,0
0.967,0.964,0.971,1
0.8787033041106225,0.92688731229812,0.9177340262397706,1
0.958,0.978,0.971,1
0.985,0.981,0.988,0
0.991,0.986,0.989,0
0.977,0.984,0.988,0
0.9621590795860315,0.9721643877712968,0.9686079424154619,1
0.9764583563921567,0.9679986108044188,0.9583197973579285,1
0.986,0.993,0.99,0
0.911,0.953,0.95,1
0.962,0.975,0.975,1
0.973,0.988,0.991,0
0.8816455569259171,0.9321701204544764,0.9287461756109134,1
0.966,0.975,0.969,1
0.9216998110518483,0.9549877750203859,0.9503828163673861,1
0.9539485929372176,0.9722715917973925,0.9670375333168363,1
0.954,0.92,0.949,1
0.948,0.974,0.972,1
0.9627494223078988,0.9773790886027501,0.9731172822384383,0
0.962,0.963,0.979,1
0.968,0.979,0.981,1
0.917,0.944,0.925,1
0.98,0.985,0.978,0
0.983,0.982,0.986,0
0.98,0.988,0.978,0
0.983,0.99,0.987,0
0.963,0.983,0.984,1
0.977,0.985,0.989,0
0.985,0.984,0.986,0
0.908,0.965,0.964,1
0.8951727407093235,0.9442714833162726,0.9419649080069411,1
0.977,0.962,0.967,1
0.976,0.975,0.984,1
0.987,0.991,0.989,0
0.972,0.977,0.978,1
0.985,0.99,0.992,0
0.922,0.942,0.948,1
0.923,0.946,0.941,1
0.946,0.973,0.976,1
0.984,0.987,0.981,0
0.891,0.945,0.951,1
0.896,0.93,0.924,1
0.98,0.988,0.984,0
0.958,0.977,0.966,1
0.983,0.984,0.983,0
0.969,0.979,0.981,1
0.962,0.97,0.962,1
0.92,0.951,0.949,1
0.983,0.993,0.984,0
0.943,0.904,0.917,1
0.923,0.951,0.953,1
0.936,0.919,0.927,1
0.977,0.982,0.986,0
0.952,0.976,0.962,1
0.9807678401320503,0.9790042913370159,0.9723750460374208,0
0.981,0.978,0.97,1
0.946,0.977,0.977,1
0.982,0.994,0.992,0
0.929,0.945,0.948,1
0.889,0.917,0.914,1
0.949,0.979,0.975,1
0.909,0.92,0.916,1
0.907,0.908,0.926,1
0.979,0.988,0.988,0
0.9888599411932892,0.9817309301073152,0.9717502935877083,0
0.938,0.95,0.94,1
0.954,0.983,0.979,1
0.9859595921310532,0.9646791657546429,0.9617975074507378,1
0.93,0.934,0.936,1
0.946,0.969,0.972,1
0.97,0.989,0.983,0
0.954,0.97,0.974,1
0.985,0.989,0.99,0
0.961,0.963,0.958,1
0.914,0.934,0.922,1
0.984,0.986,0.994,0
0.994,0.983,0.988,0
0.909,0.928,0.912,1
0.94,0.933,0.929,1
0.966,0.976,0.968,1
0.92,0.933,0.934,1
0.924,0.943,0.946,1
0.919,0.944,0.956,1
0.971,0.981,0.975,1
0.986,0.986,0.985,0
0.958,0.984,0.984,1
0.921,0.929,0.914,1
0.925,0.938,0.928,1
0.979,0.985,0.971,1
0.973,0.979,0.977,1
0.979,0.985,0.989,0
0.972,0.972,0.974,1
0.9838975709490204,0.983842470419798,0.9778177946542516,1
0.909,0.916,0.914,1
0.9537174861345411,0.967702363707503,0.959919214073928,1
0.957,0.975,0.982,1
0.958,0.979,0.972,1
0.902,0.948,0.933,1
0.972,0.973,0.977,1
0.977,0.988,0.985,0
0.954,0.988,0.965,1
0.972,0.97,0.976,1
0.943,0.94,0.944,1
0.894,0.905,0.903,1
0.932,0.946,0.955,1
0.982,0.989,0.989,0
0.982,0.973,0.973,1
0.98,0.988,0.983,0
0.979,0.993,0.979,0
0.954,0.972,0.966,1
0.965,0.987,0.981,1
0.7292588900250705,0.8541407289287648,0.8519403324207817,1
0.972,0.98,0.98,0
0.967,0.973,0.972,1
0.962,0.973,0.98,1
0.907,0.923,0.92,1
0.922,0.949,0.924,1
0.983,0.987,0.99,0
0.954,0.975,0.977,1
0.899,0.928,0.909,1
0.981,0.989,0.984,0
0.9619999799196975,0.9745624142204383,0.9718779161433138,1
0.936,0.942,0.923,1
0.895,0.945,0.942,1
0.991,0.981,0.989,0
0.963,0.974,0.965,1
0.957,0.958,0.972,1
0.973,0.965,0.971,1
0.986,0.986,0.99,0
0.965,0.979,0.983,1
0.972,0.97,0.967,1
0.974,0.982,0.968,1
0.9118696558308771,0.9468994415809864,0.9430933568845519,1
0.9774175684318029,0.9793872340832729,0.9712433461901914,1
0.948,0.979,0.976,1
0.963,0.981,0.975,1
0.983,0.989,0.991,0
0.933,0.932,0.928,1
0.936,0.967,0.972,1
0.965,0.977,0.974,1
0.9810199755460477,0.9850743691277354,0.9807944704689648,1
0.7199574091127486,0.845655901913651,0.8441560956720129,1
0.982,0.982,0.98,0
0.928,0.93,0.929,1
0.911,0.941,0.924,1
0.91,0.94,0.934,1
0.988,0.991,0.979,0
0.9626141801338713,0.9758384239440588,0.9731735920746675,1
0.984,0.986,0.983,0
0.95,0.979,0.973,1
0.925,0.939,0.933,1
0.977,0.983,0.986,0
0.982,0.98,0.986,0
0.979,0.99,0.988,0
0.9831333365591991,0.9813495591729907,0.975898915737588,0
0.966,0.983,0.967,1
0.906,0.943,0.941,1
0.953912799699485,0.9588146144199245,0.9564255422038274,0
0.958,0.976,0.981,1
0.963,0.982,0.98,1
0.951,0.976,0.97,1
0.921,0.947,0.949,1
0.965,0.979,0.978,1
0.978,0.987,0.987,0
0.9533312413681997,0.9686591013533262,0.9665809613997227,0
0.979,0.98,0.974,1
0.92,0.917,0.914,1
0.902,0.923,0.918,1
0.921,0.958,0.939,1
0.985,0.981,0.981,0
0.965,0.971,0.966,1
0.98,0.989,0.984,0
0.978,0.985,0.988,0
0.911,0.9,0.922,1
0.979,0.983,0.984,0
0.886,0.945,0.943,1
0.91,0.93,0.923,1
0.971,0.981,0.981,0
0.964,0.973,0.967,1
0.934,0.916,0.946,1
0.915,0.951,0.945,1
0.976,0.985,0.988,0
0.977,0.989,0.982,0
0.932,0.905,0.897,1
0.988,0.991,0.989,0
0.985,0.99,0.994,0
0.923,0.905,0.911,1
0.980594652162642,0.9864495218441816,0.9840361700281177,1
0.987,0.989,0.992,0
0.982,0.99,0.983,0
0.913,0.976,0.955,1
0.981,0.988,0.99,0
0.908,0.923,0.919,1
0.921,0.912,0.917,1
0.975,0.98,0.975,1
0.9683190291795937,0.9744957943555651,0.9690787636170943,0
0.983,0.991,0.983,0
0.961,0.966,0.969,1
0.93,0.95,0.947,1
0.992,0.996,0.992,0
0.4528621267532112,0.6654286431393402,0.6633501862245164,0
0.939,0.946,0.955,1
0.6931043687220655,0.8274259974641197,0.8244251128051243,1
0.905,0.929,0.899,1
0.946,0.971,0.981,1
0.9885748019615304,0.9880160096950049,0.9838304163400711,0
0.983,0.992,0.98,0
0.978,0.987,0.988,0
0.954,0.963,0.973,1
0.981,0.983,0.99,0
0.968,0.969,0.978,1
0.926,0.915,0.914,1
0.978,0.984,0.987,0
0.942,0.933,0.945,1
0.922,0.937,0.938,1
0.962,0.976,0.968,1
0.9561953100711682,0.9733031172552244,0.9710411994563563,0
0.965,0.96,0.966,1
0.973,0.989,0.987,0
0.95,0.977,0.979,1
0.897,0.918,0.913,1
0.987,0.99,0.975,0
0.983,0.988,0.993,0
0.954,0.979,0.975,1
0.991,0.992,0.994,0
0.974,0.974,0.973,1
0.91,0.932,0.91,1
0.931,0.925,0.919,1
0.975,0.993,0.992,0
0.967,0.985,0.972,1
0.9829378694178159,0.9832946904188508,0.9791525406435113,0
0.936,0.927,0.925,1
0.938,0.969,0.971,1
0.9664022615248734,0.9716725450685436,0.9633830561929444,1
0.96,0.973,0.974,1
0.977,0.994,0.989,0
0.9381179311652644,0.9610158019765517,0.9590219983441106,1
0.936,0.907,0.927,1
0.919,0.945,0.949,1
0.941,0.953,0.939,1
0.981,0.984,0.986,0
0.962,0.975,0.977,1
0.986,0.992,0.987,0
0.9720052897794142,0.9652391768705469,0.9497986438459687,1
0.973,0.973,0.974,1
0.913,0.942,0.935,1
0.9866597552710552,0.9867460542262622,0.982467596570949,0
0.975,0.979,0.98,1
0.91,0.918,0.919,1
0.934,0.94,0.925,1
0.932,0.939,0.935,1
0.9859495576270793,0.9881050567457975,0.985800547129786,1
0.98,0.987,0.988,0
0.953,0.972,0.979,1
0.9893250450203595,0.9878582783514316,0.9857920381872407,0
0.956,0.972,0.971,1
0.9470766500950221,0.9661319613036405,0.9604685660560991,1
0.929,0.927,0.946,1
0.988,0.991,0.995,0
0.989,0.991,0.996,0
0.972,0.99,0.986,0
0.975,0.971,0.971,1
0.9906099793758404,0.9916673739755476,0.9897368975192344,0
0.896,0.936,0.951,1
0.929,0.935,0.951,1
0.936,0.915,0.932,1
0.9778812057591582,0.9775086542181517,0.9727736901482349,1
0.913,0.908,0.892,1
0.988,0.988,0.992,0
0.912,0.923,0.915,1
0.964,0.969,0.961,1
0.9814003062258085,0.9809805285261277,0.9732905159590973,1
0.976,0.967,0.971,1
0.976,0.986,0.985,0
0.95,0.977,0.983,1
0.981,0.986,0.982,0
0.937,0.902,0.908,1
0.926,0.922,0.918,1
0.987,0.987,0.985,0
0.96,0.964,0.964,1
0.911,0.919,0.934,1
0.974,0.993,0.993,0
0.933,0.937,0.948,1
0.912,0.937,0.916,1
0.979,0.983,0.979,0
0.963,0.976,0.972,1
0.979,0.985,0.99,0
0.978,0.992,0.991,0
0.903,0.925,0.912,1
0.928,0.906,0.908,1
0.924,0.931,0.928,1
0.9049999312867809,0.947810183466815,0.9461301602018864,1
0.971,0.991,0.986,0
0.951,0.967,0.974,1
0.954,0.975,0.956,1
0.896,0.931,0.933,1
0.982,0.989,0.984,0
0.958,0.98,0.959,1
0.9312091458005585,0.960206685571828,0.956674213031517,1
0.9601104954527309,0.9710791219439106,0.9666973683960249,1
0.976,0.981,0.985,0
0.985,0.983,0.993,0
0.95,0.955,0.948,1
0.942,0.93,0.95,1
0.902,0.919,0.923,1
0.928,0.931,0.93,1
0.959,0.971,0.973,1
0.967,0.968,0.97,1
0.956,0.978,0.974,1
0.8482246121528801,0.9175429508584978,0.9157760450846588,1
0.94,0.955,0.942,1
0.966,0.984,0.98,1
0.93,0.929,0.91,1
0.927,0.947,0.952,1
0.931,0.921,0.923,1
0.983,0.99,0.988,0
0.91,0.93,0.926,1
0.981,0.977,0.972,1
0.99,0.99,0.983,0
0.972,0.988,0.992,0
0.944,0.97,0.971,1
0.929,0.925,0.901,1
0.916,0.922,0.892,1
0.984,0.988,0.991,0
0.973,0.995,0.99,0
0.9826572429746856,0.9753914127859671,0.9623713372017875,0
0.92,0.94,0.935,1
0.938,0.971,0.973,1
0.972,0.97,0.968,1
0.9755584718262609,0.9773224414413164,0.9701132763968499,1
0.984,0.969,0.972,1
0.902,0.939,0.94,1
0.9788143396704803,0.9759990635073706,0.9604863343962642,1
0.924,0.931,0.936,1
0.9060815491845905,0.9346493769368908,0.9230270575917799,1
0.9167980978782865,0.9536189503425978,0.951426390736581,0
0.989,0.985,0.985,0
0.899,0.929,0.917,1
0.2507494269460217,0.49833841213829183,0.4971406961539974,1
0.9370887726067708,0.9612812938135702,0.9583062247904751,1
0.966,0.973,0.981,1
0.919,0.931,0.945,1
0.96,0.972,0.962,1
0.9137966109187461,0.9522302478422611,0.9484497329318846,1
0.931,0.941,0.929,1
0.917,0.933,0.959,1
0.9778738887232256,0.980364546849203,0.9757304652577149,1
0.983,0.985,0.996,0
0.986,0.976,0.991,0
0.9537440294708367,0.971810791738949,0.9677375427527137,1
0.988,0.99,0.99,0
0.895,0.933,0.926,1
0.9790665766708768,0.9799347696544545,0.9757247608500603,1
0.9737912140912443,0.9822001399792566,0.9783117275174675,0
0.9795818073671031,0.9782107342094417,0.9737782012991143,1
0.967,0.977,0.968,1
0.9637420615905785,0.9765356299800138,0.9735078801486776,1
0.985,0.99,0.982,0
0.979,0.991,0.992,0
0.962,0.963,0.978,1
0.905,0.934,0.927,1
0.989,0.995,0.985,0
0.97,0.981,0.975,1
0.94,0.982,0.979,1
0.982,0.992,0.988,0
0.986,0.986,0.982,0
0.96,0.982,0.968,1
0.919,0.937,0.956,1
0.99,0.991,0.99,0
0.989,0.988,0.978,0
0.991,0.991,0.991,0
0.96,0.97,0.979,1
0.936,0.948,0.941,1
0.917,0.918,0.919,1
0.971,0.984,0.981,0
0.916,0.909,0.917,1
0.979,0.992,0.985,0
0.983,0.974,0.981,1
0.922,0.935,0.943,1
0.966,0.971,0.98,1
0.969,0.971,0.981,1
0.9423083762236196,0.9681804410538523,0.9641857668557041,1
0.909,0.919,0.91,1
0.918,0.936,0.945,1
0.982,0.99,0.983,0
0.974,0.982,0.981,1
0.912,0.927,0.934,1
0.924,0.939,0.933,1
0.911,0.947,0.945,1
0.952,0.969,0.97,1
0.953,0.98,0.971,1
0.928,0.924,0.931,1
0.99,0.99,0.998,0
0.977,0.994,0.989,0
0.976,0.984,0.975,1
0.9788165336381818,0.9799055190889137,0.9745986332983798,1
0.911,0.927,0.947,1
0.947,0.967,0.984,1
0.923,0.943,0.925,1
0.985,0.986,0.984,0
0.9502241898515155,0.9706072733126369,0.9686058368646502,1
0.972,0.976,0.985,1
0.947,0.959,0.957,1
0.965,0.972,0.965,1
0.981,0.985,0.987,0
0.925,0.937,0.924,1
0.9755975149948702,0.9685320651141295,0.9605921276895163,1
0.946,0.975,0.973,1
0.975,0.983,0.971,1
0.93,0.912,0.925,1
0.43467647811359483,0.651977093573423,0.6499956134338478,0
0.958,0.973,0.971,1
0.982,0.987,0.991,0
0.9819223471612969,0.9847756425183274,0.9800696535724177,1
0.953,0.982,0.981,1
0.97,0.986,0.981,0
0.979,0.991,0.984,0
0.934,0.95,0.947,1
0.984,0.987,0.989,0
0.974,0.987,0.985,0
0.965,0.975,0.981,1
0.911,0.932,0.948,1
0.961,0.973,0.973,1
0.934,0.92,0.914,1
0.924,0.936,0.927,1
0.932537319718703,0.9488314086163159,0.9379266409721214,1
0.91,0.905,0.937,1
0.981,0.994,0.992,0
0.958,0.982,0.978,1
0.923,0.928,0.926,1
0.9523082904163339,0.9356625363984643,0.9281778860985143,1
0.9411250283639293,0.962273604186836,0.9585094511512886,0
0.956,0.969,0.977,1
0.981,0.994,0.987,0
0.902,0.921,0.915,1
0.915,0.903,0.932,1
0.914,0.937,0.934,1
0.983,0.986,0.99,0
0.9183043394634138,0.9524267867988585,0.948246207856661,1
0.97,0.974,0.973,1
0.986,0.981,0.982,0
0.918,0.927,0.923,1
0.984,0.991,0.985,0
0.949,0.978,0.978,1
0.97,0.98,0.967,1
0.98,0.989,0.993,0
0.988,0.993,0.99,0
0.972,0.974,0.965,1
0.9780517840624043,0.9692647056515628,0.9550704349493446,1
0.96,0.965,0.972,1
0.929,0.919,0.913,1
0.913509653131216,0.949171374086458,0.9465029781347385,1
0.984,0.99,0.978,0
0.971,0.978,0.955,1
0.939,0.959,0.963,1
0.93,0.932,0.946,1
0.922,0.913,0.921,1
0.977,0.988,0.987,0
0.9769654782219938,0.9839803522336824,0.9752996263367443,1
0.986,0.988,0.987,0
0.991,0.981,0.979,0
0.984,0.993,0.992,0
0.959,0.977,0.974,1
0.944,0.955,0.932,1
0.964,0.978,0.967,1
0.985,0.969,0.977,1
0.9464370941843062,0.966887317284601,0.9647939110554083,0
0.938,0.937,0.935,1
0.929,0.896,0.915,1
0.937,0.969,0.976,1
0.985,0.987,0.993,0
0.92,0.955,0.943,1
0.8875991218982041,0.9097808602543456,0.9009286257250552,1
0.9714685193910829,0.9815111734577479,0.9775341778345211,0
0.9879590871169226,0.9885232071665246,0.9852119366610138,0
0.992,0.994,0.988,0
0.97,0.97,0.973,1
0.952,0.977,0.964,1
0.966671022045299,0.9819924603880337,0.9797063542526632,1
0.945,0.975,0.972,1
0.935,0.98,0.979,1
0.9258357762024801,0.9544068138510676,0.9519716740217938,1
0.986,0.992,0.984,0
0.961,0.973,0.977,1
0.915,0.9,0.903,1
0.964,0.978,0.976,1
0.937,0.928,0.934,1
0.907,0.944,0.943,1
0.929,0.937,0.933,1
0.952,0.966,0.967,1
0.9612503285581762,0.9662246545219091,0.9558978275927656,1
0.932,0.944,0.957,1
0.92,0.967,0.966,1
0.979,0.986,0.988,0
0.968,0.972,0.979,1
0.909,0.925,0.941,1
0.933,0.935,0.919,1
0.94,0.97,0.968,1
0.906,0.945,0.934,1
0.987,0.991,0.985,0
0.959,0.979,0.977,1
0.964,0.968,0.971,1
0.987,0.986,0.988,0
0.967,0.975,0.973,1
0.974078636999013,0.9699977350918366,0.961802932859102,1
0.957,0.977,0.979,1
0.981788822669067,0.977188033505336,0.9648811349185419,0
0.98,0.987,0.983,0
0.972,0.967,0.975,1
0.9867046876298535,0.9871978291727393,0.9833100868593632,0
0.92,0.954,0.956,1
0.976,0.97,0.968,1
0.924,0.921,0.933,1
0.987,0.984,0.987,0
0.982,0.982,0.986,0
0.923,0.933,0.913,1
0.9640686611019966,0.9747198955723394,0.9701187896742957,1
0.961,0.977,0.977,1
0.9494660785791361,0.967141590924489,0.96213949297061,1
0.965,0.976,0.976,1
0.971,0.987,0.985,0
0.988,0.987,0.989,0
0.986,0.987,0.986,0
0.966,0.973,0.968,1
0.9519555628023413,0.9693376683943146,0.967361759165633,0
0.945,0.913,0.914,1
0.98,0.991,0.984,0
0.984,0.99,0.993,0
0.986,0.993,0.987,0
0.953,0.941,0.939,1
0.964,0.977,0.981,1
0.941,0.98,0.972,1
0.9819462521500766,0.9793682818826498,0.970396924583091,0
0.92,0.915,0.924,1
0.979,0.99,0.99,0
0.962,0.98,0.978,1
0.978,0.987,0.984,0
0.908,0.942,0.936,1
0.977,0.977,0.975,1
0.983,0.99,0.977,0
0.935,0.965,0.974,1
0.987,0.981,0.989,0
0.945,0.988,0.971,1
0.983,0.984,0.976,1
0.939,0.932,0.933,1
0.9512564355626607,0.974539378972932,0.9707154045443324,1
0.909,0.912,0.923,1
0.984,0.987,0.991,0
0.92,0.924,0.902,1
0.98,0.991,0.993,0
0.977,0.987,0.985,0
0.96,0.974,0.977,1
0.9834219356820247,0.980923149609467,0.9720756919782806,0
0.983,0.994,0.988,0
0.901,0.915,0.912,1
0.97,0.98,0.981,1
0.944,0.946,0.95,1
0.907,0.94,0.942,1
0.926,0.949,0.954,1
0.98,0.979,0.984,0
0.976,0.993,0.985,0
0.9759644703907238,0.9721503534099821,0.9623425839471715,1
0.986,0.995,0.982,0
0.894,0.931,0.928,1
0.959,0.971,0.958,1
0.935,0.929,0.922,1
0.6872204183070959,0.8213470259159089,0.8174361941216024,1
0.969045403056011,0.9793014496795848,0.9755475128015133,1
0.95,0.96,0.961,1
0.917,0.922,0.905,1
0.974,0.984,0.984,0
0.95,0.981,0.972,1
0.975,0.978,0.974,1
0.916,0.916,0.927,1
0.9590777353019605,0.9665210563941448,0.9589101415754467,1
0.985,0.993,0.985,0
0.977,0.977,0.976,1
0.965,0.985,0.981,1
0.976,0.978,0.979,1
0.93,0.948,0.967,1
0.9446085304204703,0.9649318150531431,0.9621137635460807,1
0.927,0.937,0.945,1
0.922,0.945,0.953,1
0.907,0.922,0.915,1
0.9547015948178788,0.9408952433740504,0.9326472121741184,0
0.949,0.977,0.966,1
0.98,0.987,0.99,0
0.989,0.99,0.983,0
0.984,0.989,0.99,0
0.983,0.986,0.983,0
0.95,0.926,0.938,1
0.922,0.947,0.931,1
0.939,0.978,0.974,1
0.989,0.985,0.99,0
0.983,0.989,0.985,0
0.964,0.981,0.99,1
0.97,0.99,0.982,0
0.968,0.974,0.977,1
0.911,0.921,0.926,1
0.947,0.973,0.98,1
0.984,0.979,0.985,0
0.8437597446337336,0.9114412524606774,0.9069862989975186,1
0.981,0.984,0.99,0
0.929,0.945,0.939,1
0.948,0.978,0.983,1
0.924,0.925,0.932,1
0.962,0.978,0.975,1
0.986,0.988,0.985,0
0.934,0.91,0.915,1
0.93,0.932,0.932,1
0.981,0.987,0.991,0
0.907,0.895,0.907,1
0.882,0.935,0.944,1
0.922,0.933,0.912,1
0.97,0.972,0.977,1
0.9050831854997283,0.9448610529709397,0.940575172275462,1
0.963,0.97,0.975,1
0.919,0.942,0.939,1
0.906,0.906,0.927,1
0.937,0.957,0.94,1
0.94,0.943,0.922,1
0.925,0.959,0.957,1
0.952,0.963,0.952,1
0.977,0.992,0.993,0
0.929,0.919,0.909,1
0.917,0.923,0.897,1
0.9825208054483343,0.9884361135024682,0.9861272685745737,1
0.96,0.933,0.933,1
0.956,0.969,0.972,1
0.928,0.938,0.957,1
0.907,0.918,0.917,1
0.927,0.941,0.956,1
0.916,0.937,0.944,1
0.934,0.95,0.949,1
0.98,0.992,0.987,0
0.986,0.992,0.987,0
0.956,0.971,0.968,1
0.9579561087258734,0.9707858278889614,0.9648411060186777,1
0.9807686226792465,0.9831201605969392,0.9785573582630398,0
0.954952687488134,0.9695283831989442,0.9633900280219796,1
0.957,0.974,0.986,1
0.939,0.927,0.917,1
0.917,0.951,0.938,1
0.958,0.974,0.979,1
0.985,0.99,0.983,0
0.975,0.991,0.989,0
0.915,0.936,0.945,1
0.964,0.984,0.963,1
0.921,0.93,0.94,1
0.967,0.973,0.968,1
0.978,0.991,0.98,0
0.969,0.985,0.979,1
0.918,0.906,0.918,1
0.957,0.97,0.975,1
0.928,0.934,0.935,1
0.965,0.981,0.988,1
0.98,0.982,0.99,0
0.924,0.941,0.922,1
0.987,0.986,0.991,0
0.980577901135747,0.9828112651301419,0.9780150416668042,0
0.908,0.921,0.945,1
0.972,0.977,0.969,1
0.902,0.945,0.944,1
0.9746020320806811,0.9702634539184375,0.9562325472024847,1
0.955,0.967,0.977,1
0.936,0.944,0.944,1
0.979,0.981,0.984,0
0.911,0.893,0.926,1
0.969,0.976,0.978,1
0.933,0.935,0.928,1
0.9375173236441209,0.9416262096949632,0.9219903306167373,1
0.976,0.987,0.982,0
0.905,0.941,0.95,1
0.96,0.972,0.974,1
0.7089013030322725,0.8370620244138839,0.834622432741832,1
0.988,0.984,0.985,0
0.973,0.976,0.975,1
0.968,0.97,0.968,1
0.9320697516480819,0.9366605372585309,0.9268603619340601,0
0.918,0.952,0.937,1
0.952,0.966,0.977,1
0.983,0.987,0.993,0
0.981,0.988,0.982,0
0.888,0.908,0.905,1
0.918,0.951,0.943,1
0.9749738964318314,0.9577049566424798,0.951990995560693,1
0.982,0.993,0.993,0
0.956,0.978,0.978,1
0.922,0.934,0.945,1
0.911,0.904,0.923,1
0.923,0.926,0.926,1
0.913,0.935,0.961,1
0.899,0.941,0.939,1
0.93,0.939,0.939,1
0.977,0.986,0.985,0
0.92,0.908,0.891,1
0.961,0.985,0.977,1
0.967,0.976,0.975,1
0.929,0.95,0.955,1
0.890838559308179,0.9404017863335585,0.9381727970108701,1
0.978,0.988,0.985,0
0.984,0.976,0.98,1
0.962,0.97,0.96,1
0.987,0.99,0.988,0
0.921,0.953,0.938,1
0.987,0.985,0.989,0
0.926,0.934,0.938,1
0.935,0.97,0.978,1
0.951,0.959,0.965,1
0.947,0.923,0.927,1
0.92,0.943,0.934,1
0.9690464721071883,0.9648054693302038,0.9621486564578822,1
0.929,0.943,0.932,1
0.8974472144512048,0.9429863130503935,0.9408953924071405,0
0.951,0.968,0.965,1
0.916,0.936,0.91,1
0.9,0.941,0.922,1
0.899,0.942,0.943,1
0.955,0.977,0.982,1
0.953,0.939,0.936,1
0.913,0.899,0.91,1
0.969,0.975,0.969,1
0.9818602120483265,0.9851318087459099,0.9828546674133852,1
0.957,0.981,0.974,1
0.962,0.968,0.971,1
0.9260423252923455,0.949522611499968,0.9416021886346164,0
0.9725259158901755,0.9765933105445079,0.9715806458624195,0
0.963,0.961,0.969,1
0.977,0.982,0.984,0
0.927,0.957,0.942,1
0.982,0.992,0.99,0
0.954,0.97,0.97,1
0.967,0.976,0.973,1
0.944,0.948,0.935,1
0.970985738516554,0.9819215158163781,0.9798494159664694,1
0.981,0.996,0.99,0
0.988,0.984,0.985,0
0.955,0.982,0.984,1
0.9641873232037469,0.9729953355074002,0.9667829984717873,1
0.924,0.917,0.926,1
0.971,0.973,0.971,1
0.899,0.933,0.913,1
0.933,0.938,0.933,1
0.981,0.987,0.986,0
0.909,0.971,0.961,1
0.963,0.979,0.979,1
0.955,0.965,0.972,1
0.981,0.991,0.994,0
0.98,0.988,0.992,0
0.928,0.931,0.949,1
0.933,0.946,0.966,1
0.961,0.976,0.969,1
0.921,0.934,0.913,1
0.9754604446172278,0.9810237232835242,0.9773793827261955,1
0.961,0.971,0.963,1
0.963,0.973,0.972,1
0.961,0.974,0.985,1
0.897,0.923,0.926,1
0.919,0.913,0.932,1
0.983,0.986,0.985,0
0.9879901208357856,0.9777183082471342,0.9673939907391513,1
0.907,0.938,0.946,1
0.988,0.983,0.988,0
0.977,0.974,0.986,1
0.983,0.98,0.982,0
0.937,0.969,0.973,1
0.9819188480327082,0.9729501350697972,0.962006129588506,1
0.982,0.987,0.991,0
0.945,0.93,0.936,1
0.976822101745391,0.9745918297142281,0.9633941850567616,1
0.911,0.945,0.941,1
0.929,0.935,0.946,1
0.91,0.925,0.913,1
0.984,0.998,0.992,0
0.927,0.924,0.93,1
0.932,0.915,0.9,1
0.986,0.986,0.985,0
0.908,0.927,0.931,1
0.953,0.98,0.974,1
0.927,0.95,0.92,1
0.912,0.93,0.923,1
0.986,0.993,0.987,0
0.9620656013373148,0.9747981770600794,0.9684534533884495,1
0.956,0.979,0.971,1
0.951,0.987,0.973,1
0.983,0.987,0.981,0
0.986,0.991,0.991,0
0.992,0.987,0.991,0
0.7236494437089276,0.8409321470044533,0.834308231365068,1
0.982,0.987,0.987,0
0.982,0.991,0.985,0
0.9756468305534264,0.983004118601681,0.9801508581498107,1
0.961,0.978,0.961,1
0.971,0.973,0.965,1
0.906,0.935,0.941,1
0.991,0.986,0.987,0
0.955,0.979,0.984,1
0.928,0.916,0.929,1
0.957,0.964,0.969,1
0.9471873149218802,0.961119703147304,0.9505145100135756,1
0.954,0.976,0.984,1
0.983,0.986,0.989,0
0.976,0.986,0.988,0
0.919,0.936,0.934,1
0.977,0.986,0.987,0
0.953,0.97,0.972,1
0.962,0.962,0.972,1
0.9828269207649899,0.9809019244497306,0.9729891151845871,0
0.948,0.977,0.984,1
0.963,0.973,0.968,1
0.901,0.974,0.959,1
0.967,0.975,0.974,1
0.9845684825573074,0.9841517623058719,0.9795789846259033,0
0.98,0.98,0.986,0
0.944,0.983,0.973,1
0.991,0.986,0.987,0
0.954,0.972,0.979,1
0.9487892162279166,0.9658647431761146,0.9624917494618943,1
0.991,0.986,0.99,0
0.974,0.982,0.985,1
0.978,0.974,0.979,1
0.983,0.987,0.982,0
0.982,0.985,0.982,0
0.989,0.987,0.996,0
0.897,0.937,0.924,1
0.9796088819681903,0.9832540460889775,0.9797140104969974,1
0.964,0.977,0.975,1
0.919,0.949,0.953,1
0.9670986667941034,0.9771379088609654,0.9726213028423915,1
0.911,0.951,0.956,1
0.927,0.915,0.92,1
0.939,0.963,0.941,1
0.918,0.956,0.949,1
0.965,0.987,0.985,1
0.9546014268200161,0.9394471520918781,0.9301301622678596,0
0.915,0.922,0.912,1
0.969,0.972,0.976,1
0.918,0.94,0.932,1
0.916,0.902,0.898,1
0.95,0.969,0.971,1
0.921,0.902,0.902,1
0.986,0.992,0.989,0
0.981,0.992,0.994,0
0.963,0.973,0.971,1
0.954,0.975,0.967,1
0.949,0.979,0.976,1
0.978,0.98,0.988,0
0.908,0.945,0.926,1
0.96,0.978,0.976,1
0.979,0.991,0.981,0
0.969,0.976,0.971,1
0.928,0.932,0.917,1
0.932,0.937,0.904,1
0.8688927250354531,0.9237790870965148,0.9192574217454871,1
0.985,0.99,0.984,0
0.91,0.912,0.896,1
0.924,0.949,0.941,1
0.967,0.974,0.973,1
0.912,0.962,0.948,1
0.911,0.899,0.912,1
0.981,0.987,0.982,0
0.981,0.989,0.988,0
0.40216507357642084,0.6296229562163709,0.6285307184475112,0
0.965,0.96,0.965,1
0.961,0.982,0.982,1
0.915,0.938,0.928,1
0.982,0.987,0.987,0
0.98,0.983,0.985,0
0.921,0.951,0.951,1
0.9271063216901279,0.953107649961293,0.944975159601119,1
0.904,0.941,0.934,1
0.968,0.984,0.985,0
0.9,0.922,0.906,1
0.988,0.984,0.986,0
0.977,0.986,0.976,0
0.938,0.911,0.904,1
0.965,0.976,0.971,1
0.8903942134245668,0.9402141673321058,0.9376913251915577,0
0.975,0.991,0.988,0
0.917,0.911,0.892,1
0.92,0.924,0.915,1
0.952,0.971,0.977,1
0.967,0.97,0.971,1
0.949,0.981,0.97,1
0.976,0.972,0.983,1
0.928,0.934,0.943,1
0.974,0.974,0.975,1
0.981,0.988,0.985,0
0.9886479539822781,0.9881495214679429,0.9845742092814166,0
0.962,0.979,0.973,1
0.964,0.967,0.968,1
0.963,0.969,0.971,1
0.926,0.941,0.936,1
0.9634524007532066,0.9609241951658651,0.9463186998043196,0
0.919,0.93,0.948,1
0.9665355147116523,0.9741169637450083,0.9674549091289106,1
0.9437211153035935,0.9342180832067121,0.9180070522800668,0
0.961,0.967,0.962,1
0.921,0.915,0.917,1
0.987,0.987,0.99,0
0.986,0.982,0.989,0
0.909,0.92,0.933,1
0.9730762534769848,0.9842284988844705,0.9824428304946942,1
0.972,0.974,0.964,1
0.922,0.921,0.901,1
0.958,0.937,0.939,1
0.971,0.972,0.982,1
0.959,0.985,0.977,1
0.902,0.933,0.924,1
0.964,0.973,0.977,1
0.966,0.982,0.986,1
0.9677963651117262,0.9721103534158989,0.9616102961490414,1
0.9590134192438144,0.9746994242551597,0.970799305735739,1
0.98,0.981,0.987,0
0.952,0.975,0.977,1
0.976,0.99,0.985,0
0.9684090857425866,0.9698737801624107,0.9558439149141353,1
0.9818801119535551,0.9862723472894529,0.9834267072303392,1
0.975,0.985,0.985,0
0.954,0.974,0.979,1
0.987,0.988,0.992,0
0.9836878812909629,0.9863778071999475,0.9837270937446199,0
0.977,0.985,0.986,1
0.988,0.988,0.984,0
0.917,0.95,0.94,1
0.918,0.942,0.938,1
0.959,0.95,0.926,1
0.923,0.943,0.946,1
0.959,0.974,0.974,1
0.966,0.976,0.976,1
0.946,0.943,0.944,1
0.959,0.97,0.964,1
0.898,0.946,0.948,1
0.931,0.891,0.907,1
0.983,0.988,0.983,0
0.9751801056225883,0.9812352523004374,0.9778829364180313,1
0.953,0.979,0.972,1
0.973,0.985,0.989,0
0.981,0.987,0.987,0
0.9896238132120088,0.9889616742728399,0.9863702212794092,0
0.987,0.993,0.984,0
0.95,0.975,0.975,1
0.982,0.987,0.989,0
0.983,0.984,0.987,0
0.925,0.933,0.936,1
0.92,0.918,0.933,1
0.917,0.914,0.915,1
0.985,0.986,0.992,0
0.925,0.918,0.896,1
0.927,0.941,0.956,1
0.96,0.972,0.973,1
0.9880499484926683,0.9827594828961944,0.976051732495863,0
0.946,0.977,0.959,1
0.984,0.994,0.983,0
0.923,0.936,0.943,1
0.953,0.979,0.966,1
0.97,0.972,0.977,1
0.9906033827112036,0.9711674362882453,0.9576769332221209,1
0.949623596380563,0.9674534381603862,0.9611537161880421,1
0.9875939267068908,0.9861839269160463,0.9819128947723486,0
0.967,0.975,0.965,1
0.907,0.939,0.947,1
0.9855091271813947,0.985604248757213,0.9802085536573033,0
0.964,0.976,0.978,1
0.975,0.993,0.994,0
0.978,0.989,0.991,0
0.93,0.922,0.939,1
0.919,0.931,0.921,1
0.926,0.893,0.923,1
0.9662944422804312,0.9693971251259982,0.9608550412270326,1
0.911,0.926,0.945,1
0.947,0.928,0.929,1
0.963,0.974,0.967,1
0.935,0.934,0.928,1
0.922,0.949,0.938,1
0.978,0.993,0.986,0
0.974,0.98,0.968,1
0.9728434971574998,0.9819546582544982,0.9782623436868128,1
0.899,0.931,0.937,1
0.97,0.973,0.967,1
0.9712824713030649,0.9825477745685068,0.9794999052439907,1
0.909,0.929,0.953,1
0.983,0.987,0.989,0
0.9906592856045271,0.988305811366368,0.9841525007918099,0
0.957,0.978,0.967,1
0.914,0.931,0.929,1
0.951,0.977,0.986,1
0.991,0.985,0.986,0
0.98,0.988,0.989,0
0.938,0.972,0.969,1
0.975,0.972,0.968,1
0.979612117624643,0.9757161000933423,0.9671977936083371,0
0.977,0.988,0.983,0
0.959,0.979,0.978,1
0.925,0.947,0.926,1
0.987,0.981,0.989,0
0.907,0.945,0.962,1
0.986,0.988,0.985,0
0.9455303615515486,0.9610092502855406,0.9539070299289781,1
0.977,0.984,0.987,0
0.49616396938928486,0.6687607643668996,0.6671371875942459,1
0.979,0.972,0.973,1
0.9420835307338054,0.9526496385002142,0.9430045657889383,1
0.915,0.968,0.959,1
0.977,0.97,0.978,1
0.988,0.987,0.976,0
0.915,0.931,0.934,1
0.919,0.935,0.93,1
0.964,0.97,0.979,1
0.981,0.99,0.989,0
0.989,0.988,0.992,0
0.964,0.967,0.981,1
0.959,0.976,0.966,1
0.952,0.968,0.974,1
0.9820617464045723,0.9823445110137264,0.9753034422163498,0
0.986,0.985,0.988,0
0.984,0.986,0.981,0
0.965,0.976,0.965,1
0.976,0.989,0.993,0
0.923,0.955,0.958,1
0.9851856844257005,0.978821578364347,0.9713860857998005,1
0.9693779542551145,0.9762153391380672,0.9715748384712306,1
0.98,0.987,0.988,0
0.9772329249103547,0.9776077428086332,0.968791794397802,0
0.983,0.994,0.985,0
0.966,0.978,0.967,1
0.965,0.977,0.971,1
0.953,0.973,0.967,1
0.961,0.967,0.974,1
0.983,0.993,0.989,0
0.984,0.982,0.975,1
0.986,0.975,0.982,0
0.993,0.984,0.989,0
0.9882529526520181,0.9902809444539504,0.9883574537201516,1
0.967,0.959,0.969,1
0.932,0.93,0.938,1
0.932,0.932,0.943,1
0.922,0.928,0.924,1
0.906,0.938,0.942,1
0.97,0.97,0.976,1
0.953,0.968,0.971,1
0.979,0.984,0.991,0
0.932,0.932,0.948,1
0.989,0.989,0.983,0
0.41691910919065406,0.6129436592362588,0.611349027823649,1
0.968,0.98,0.979,1
0.936,0.929,0.918,1
0.972,0.981,0.966,1
0.907,0.939,0.943,1
0.943,0.942,0.921,1
0.933,0.956,0.925,1
0.984,0.981,0.987,0
0.9562245503871518,0.9622009932440971,0.9588689538860216,1
0.955,0.983,0.978,1
0.982,0.985,0.987,0
0.953,0.974,0.974,1
0.993,0.991,0.988,0
0.976,0.99,0.99,0
0.911,0.925,0.913,1
0.922,0.948,0.944,1
0.9822769062712491,0.9794708658923232,0.9699770518389857,1
0.927,0.934,0.939,1
0.984,0.981,0.979,1
0.954,0.975,0.965,1
0.918,0.945,0.935,1
0.945,0.974,0.978,1
0.956,0.975,0.973,1
0.948,0.978,0.972,1
0.896,0.921,0.905,1
0.988,0.986,0.988,0
0.932,0.953,0.944,1
0.96,0.974,0.969,1
0.945,0.977,0.973,1
0.979,0.991,0.985,0
0.914,0.958,0.945,1
0.966,0.983,0.985,1
0.985,0.994,0.987,0
0.977,0.976,0.976,1
0.961538746183335,0.9729759672245241,0.9702051371298644,1
0.9439416602303463,0.9537902614002217,0.9514137083322713,0
0.945,0.932,0.928,1
0.932,0.932,0.941,1
0.954,0.941,0.943,1
0.9863054851484051,0.9874680401684661,0.9829555702949154,1
0.91,0.944,0.944,1
0.976,0.978,0.981,1
0.9736955009103541,0.9777560387609228,0.97198559480655,1
0.92,0.907,0.915,1
0.977,0.997,0.99,0
0.893,0.933,0.927,1
0.928,0.93,0.924,1
0.916,0.939,0.922,1
0.988,0.978,0.981,0
0.9242379612908646,0.9552822583782478,0.9499533500254301,1
0.977,0.989,0.984,0
0.949,0.968,0.966,1
0.9721381980281932,0.9784733073452546,0.9745608599897236,1
0.981,0.993,0.991,0
0.96,0.965,0.974,1
0.971,0.978,0.971,1
0.98,0.989,0.984,0
0.971,0.989,0.993,0
0.923,0.936,0.921,1
0.2581641691440214,0.5045709700228292,0.5032796382195228,1
0.9848995277516246,0.9860265920543312,0.9807824127693828,0
0.977287884408657,0.978968231214866,0.9740157895558956,1
0.8834377658676309,0.9357052110488729,0.9338209057914834,0
0.918,0.942,0.943,1
0.987,0.986,0.976,0
0.925,0.939,0.943,1
0.96,0.972,0.975,1
0.911,0.929,0.929,1
0.974,0.977,0.978,1
0.973,0.969,0.957,1
0.9683469657340182,0.9761703250027249,0.9734340228770751,1
0.9517957435656423,0.968519028855535,0.9636827692036446,0
0.963,0.978,0.976,1
0.968,0.967,0.969,1
0.926,0.932,0.921,1
0.966,0.971,0.974,1
0.979,0.989,0.992,0
0.977,0.987,0.99,0
0.887,0.942,0.922,1
0.944,0.974,0.977,1
0.977,0.982,0.987,0
0.9649302649383885,0.970170778921709,0.9602593080468872,1
0.903,0.935,0.935,1
0.922,0.926,0.921,1
0.936,0.964,0.952,1
0.938,0.906,0.914,1
0.982,0.979,0.975,1
0.977,0.981,0.978,1
0.964,0.967,0.977,1
0.971,0.966,0.98,1
0.982,0.986,0.993,0
0.949,0.947,0.953,1
0.976,0.986,0.986,0
0.9295856081163587,0.948760087253578,0.9332163123674304,1
0.9030967408032086,0.9456702889451294,0.9416090506937129,1
0.971,0.979,0.969,1
0.922,0.941,0.942,1
0.98,0.984,0.987,1
0.983,0.987,0.987,0
0.905,0.929,0.928,1
0.943,0.981,0.976,1
0.917,0.917,0.899,1
0.911,0.926,0.897,1
0.918,0.905,0.913,1
0.93,0.913,0.914,1
0.981,0.979,0.981,0
0.963,0.971,0.976,1
0.981,0.987,0.992,0
0.938,0.964,0.972,1
0.937,0.927,0.935,1
0.976,0.983,0.974,1
0.986,0.99,0.983,0
0.985,0.983,0.982,1
0.982,0.984,0.985,0
0.988,0.984,0.984,0
0.985,0.992,0.989,0
0.959,0.978,0.98,1
0.918,0.922,0.937,1
0.935,0.929,0.926,1
0.923,0.898,0.917,1
0.955,0.972,0.977,1
0.987,0.985,0.987,0
0.44861725516187273,0.6619803744785258,0.6590719649850215,0
0.9749133358976289,0.979388675177402,0.9759465589136184,1
0.908,0.93,0.909,1
0.992,0.991,0.989,0
0.966,0.971,0.967,1
0.977,0.992,0.983,0
0.975,0.982,0.967,1
0.942,0.91,0.921,1
0.934,0.918,0.909,1
0.9799563979409731,0.9864464219743708,0.9805619864026401,1
0.99,0.986,0.988,0
0.971,0.986,0.983,1
0.975,0.991,0.982,0
0.973,0.988,0.986,0
0.99,0.984,0.985,0
0.9704103569284633,0.9789027323134006,0.9753389584570189,1
0.952,0.977,0.98,1
0.929,0.902,0.906,1
0.966,0.979,0.985,1
0.9572788308384135,0.9717048399789399,0.9683968073511283,0
0.977,0.977,0.975,1
0.904,0.914,0.911,1
0.9806657219618805,0.9851986988842314,0.9798804943517396,1
0.941,0.938,0.932,1
0.979,0.981,0.985,0
0.982,0.98,0.986,0
0.951,0.914,0.928,1
0.9721854035820285,0.9790573336592869,0.9759908201616845,1
0.966,0.973,0.974,1
0.981,0.984,0.99,0
0.968,0.97,0.966,1
0.933,0.951,0.946,1
0.907,0.93,0.929,1
0.9,0.935,0.929,1
0.922,0.938,0.918,1
0.939,0.92,0.911,1
0.95,0.934,0.943,1
0.984269588277832,0.9824512123420132,0.9800699420094706,0
0.9812308691729454,0.9832835373217053,0.9804846017073358,0
0.976,0.98,0.98,1
0.893,0.894,0.911,1
0.977,0.992,0.985,0
0.953,0.922,0.93,1
0.904,0.896,0.905,1
0.956266073369099,0.9331809531273079,0.9235739734904479,0
0.939,0.946,0.943,1
0.9931562897099833,0.9880544152539207,0.9861604208567664,0
0.954,0.98,0.968,1
0.942,0.948,0.952,1
0.938,0.939,0.932,1
0.99,0.989,0.992,0
0.926,0.953,0.957,1
0.977,0.974,0.987,0
0.956,0.979,0.967,1
0.981,0.977,0.969,1
0.979031425133252,0.9790452970280701,0.9732764023330505,1
0.949,0.985,0.978,1
0.982,0.991,0.988,0
0.9859200648526405,0.9885305703295487,0.9854383338124175,1
0.983,0.983,0.983,0
0.972,0.973,0.966,1
0.991,0.987,0.991,0
0.975,0.974,0.978,1
0.926,0.933,0.93,1
0.914,0.929,0.911,1
0.933,0.929,0.913,1
0.92,0.926,0.944,1
0.955,0.969,0.975,1
0.9751088800507139,0.9799362475736723,0.9751011312322845,1
0.9533212331732074,0.9507243645028041,0.9249157915103553,1
0.9598742580862283,0.9737622551961275,0.9699442893828614,1
0.978,0.966,0.975,1
0.942,0.974,0.972,1
0.914,0.945,0.949,1
0.897,0.907,0.914,1
0.977,0.976,0.973,1
0.9901841595025039,0.9877069962554971,0.9823878466444216,1
0.937,0.972,0.97,1
0.976,0.981,0.977,1
0.96,0.977,0.965,1
0.924,0.899,0.928,1
0.978,0.985,0.991,0
0.904,0.926,0.91,1
0.966,0.974,0.968,1
0.922,0.935,0.931,1
0.982,0.987,0.982,0
0.9721269096238261,0.9785111072022854,0.9757829153112645,1
0.988,0.987,0.988,0
0.959,0.968,0.974,1
0.981,0.981,0.97,1
0.932,0.935,0.946,1
0.99,0.993,0.991,0
0.929,0.947,0.952,1
0.965,0.976,0.973,1
0.962,0.98,0.978,1
0.93,0.934,0.939,1
0.9900069533275327,0.9900520657494483,0.9871055264132306,0
0.969,0.97,0.967,1
0.97,0.965,0.977,1
0.989,0.986,0.98,0
0.952,0.974,0.967,1
0.958,0.986,0.978,1
0.973,0.988,0.987,0
0.945,0.98,0.977,1
0.889,0.934,0.93,1
0.949,0.975,0.966,1
0.932,0.943,0.942,1
0.901,0.972,0.963,1
0.92,0.941,0.929,1
0.9584300067186647,0.9772377541870525,0.9730351876334116,1
0.91,0.917,0.92,1
0.918,0.956,0.952,1
0.919,0.93,0.932,1
0.954,0.983,0.988,1
0.955,0.976,0.972,1
0.961,0.981,0.985,1
0.921,0.941,0.925,1
0.936,0.955,0.947,1
0.981,0.986,0.988,0
0.9791435952540486,0.9768553793059653,0.9691222856093249,0
0.982,0.994,0.993,0
0.988,0.983,0.986,0
0.975,0.986,0.982,0
0.957,0.974,0.979,1
0.97,0.978,0.973,1
0.964,0.964,0.972,1
0.952,0.921,0.933,1
0.991,0.989,0.982,0
0.961,0.968,0.96,1
0.966,0.98,0.979,1
0.971,0.964,0.969,1
0.92,0.935,0.944,1
0.932,0.909,0.906,1
0.979,0.992,0.991,0
0.928,0.903,0.912,1
0.948,0.972,0.972,1
0.956,0.966,0.966,1
0.929,0.928,0.932,1
0.911,0.921,0.917,1
0.91,0.937,0.945,1
0.968,0.975,0.972,1
0.914,0.942,0.936,1
0.9825036428038736,0.977843777965834,0.9719719253029372,1
0.906,0.912,0.908,1
0.93,0.949,0.94,1
0.969,0.985,0.979,1
0.924,0.952,0.939,1
0.985,0.986,0.993,0
0.9368649103643291,0.9577668652605962,0.9510729024442317,1
0.919,0.922,0.909,1
0.98,0.986,0.99,0
0.94,0.903,0.916,1
0.926,0.912,0.909,1
0.976,0.991,0.989,0
0.9895550588296022,0.9879604281770051,0.9845287415832584,1
0.966,0.987,0.99,1
0.918,0.899,0.921,1
0.924,0.942,0.939,1
0.978,0.988,0.987,0
0.99,0.987,0.981,0
0.929,0.931,0.922,1
0.986,0.989,0.983,0
0.957,0.98,0.968,1
0.96,0.976,0.977,1
0.979,0.995,0.991,0
0.979,0.995,0.989,0
0.9357515981753746,0.9539977781100791,0.9464283912067983,0
0.974,0.99,0.99,0
0.934,0.973,0.976,1
0.985,0.988,0.989,0
0.964,0.977,0.984,1
0.979,0.981,0.982,1
0.982,0.983,0.987,0
0.981,0.99,0.982,0
0.923,0.906,0.932,1
0.981,0.99,0.989,0
0.944,0.983,0.977,1
0.978,0.986,0.985,0
0.9835950041272057,0.9839950182270443,0.9807181219844752,1
0.962,0.977,0.978,1
0.9774052237682741,0.9831428181589849,0.9801683509479484,1
0.979,0.989,0.995,0
0.984,0.989,0.99,0
0.922,0.925,0.931,1
0.985,0.985,0.987,0
0.979,0.979,0.978,1
0.9795980046903489,0.9782349185970566,0.9677719220646586,1
0.932,0.943,0.939,1
0.9648114503000699,0.9571516011402726,0.9487514281706999,0
0.971,0.966,0.971,1
0.91,0.943,0.94,1
0.9514982857131781,0.9656863736625222,0.9613946970554428,0
0.98,0.987,0.992,0
0.917,0.887,0.887,1
0.984,0.992,0.993,0
0.9826183417028908,0.9811357962023552,0.9783288031046801,0
0.9775646237494836,0.9831535679383717,0.9793549572445572,1
0.975,0.994,0.986,0
0.95,0.964,0.97,1
0.959,0.966,0.978,1
0.905,0.929,0.922,1
0.888,0.939,0.934,1
0.918,0.933,0.922,1
0.975,0.988,0.982,0
0.926,0.915,0.927,1
0.941,0.96,0.965,1
0.932,0.965,0.967,1
0.953,0.97,0.971,1
0.9470766500950221,0.9661319613036405,0.9604685660560991,1
0.893710286098962,0.943798953014963,0.9376003060135338,1
0.935,0.923,0.92,1
0.971,0.994,0.988,0
0.982,0.992,0.994,0
0.922,0.921,0.916,1
0.978,0.98,0.987,0
0.9490368660724152,0.9611329545186764,0.9496007706436868,1
0.9216998110518483,0.9549877750203859,0.9503828163673861,1
0.933,0.935,0.937,1
0.9423083762236196,0.9681804410538523,0.9641857668557041,1
0.9742817771026339,0.981775443355317,0.9779552708350291,1
0.915,0.924,0.933,1
0.951,0.982,0.974,1
0.951,0.976,0.972,1
0.968,0.974,0.971,1
0.971,0.973,0.983,1
0.918,0.908,0.911,1
0.966,0.969,0.967,1
0.929,0.927,0.923,1
0.9609785551447253,0.9740548538846547,0.9713157622227312,0
0.982,0.972,0.969,1
0.959,0.973,0.978,1
0.933,0.92,0.935,1
0.983,0.985,0.987,0
0.976,0.982,0.98,1
0.946,0.932,0.934,1
0.9691426646861364,0.9788965863982545,0.9748488506034583,1
0.906,0.946,0.954,1
0.911,0.933,0.9,1
0.959,0.969,0.967,1
0.917,0.916,0.912,1
0.926,0.94,0.918,1
0.964,0.972,0.979,1
0.976,0.973,0.978,1
0.964,0.979,0.981,1
0.919,0.915,0.918,1
0.983,0.988,0.987,0
0.976,0.99,0.988,0
0.905,0.919,0.92,1
0.982,0.984,0.988,0
0.91,0.931,0.938,1
0.964,0.975,0.966,1
0.9812846669107337,0.9845473954401167,0.9805932956642998,0
0.914,0.918,0.927,1
0.982,0.978,0.973,1
0.921,0.937,0.954,1
0.957,0.965,0.96,1
0.952,0.972,0.98,1
0.938,0.973,0.98,1
0.982,0.988,0.991,0
0.936,0.937,0.95,1
0.909,0.927,0.911,1
0.939,0.972,0.973,1
0.959123170314092,0.9730408864647804,0.9703162317296179,1
0.923,0.918,0.928,1
0.975,0.983,0.971,1
0.969,0.976,0.974,1
0.952,0.976,0.976,1
0.968,0.964,0.976,1
0.931,0.921,0.924,1
0.982,0.994,0.993,0
0.8798917313065632,0.9315350124803917,0.928511415239554,1
0.973,0.985,0.99,0
0.983,0.986,0.989,0
0.978,0.99,0.993,0
0.925,0.932,0.908,1
0.985,0.987,0.99,0
0.961,0.971,0.966,1
0.987,0.985,0.988,0
0.957,0.976,0.969,1
0.957,0.967,0.961,1
0.9813149415447248,0.9844025759965308,0.9821297469712852,1
0.919,0.956,0.943,1
0.9797343806885682,0.9842529408057435,0.9814652373192986,0
0.951,0.977,0.98,1
0.966,0.983,0.985,1
0.982,0.988,0.998,0
0.983,0.982,0.983,0
0.97,0.974,0.977,1
0.973,0.983,0.986,1
0.912,0.932,0.936,1
0.974,0.99,0.994,0
0.96,0.979,0.977,1
0.904,0.924,0.932,1
0.935,0.912,0.924,1
0.983,0.984,0.981,0
0.919,0.924,0.913,1
0.987,0.988,0.989,0
0.974,0.983,0.99,0
0.977,0.972,0.96,1
0.987,0.989,0.99,0
0.982,0.995,0.99,0
0.959,0.972,0.972,1
0.978,0.992,0.99,0
0.978,0.982,0.989,0
0.978,0.99,0.969,0
0.972,0.976,0.97,1
0.972,0.97,0.966,1
0.951,0.974,0.978,1
0.995,0.992,0.994,0
0.955,0.979,0.977,1
0.904,0.945,0.935,1
0.89,0.931,0.947,1
0.919,0.956,0.938,1
0.991,0.985,0.978,0
0.96,0.968,0.977,1
0.985,0.99,0.987,0
0.975,0.991,0.984,0
0.954,0.986,0.989,1
0.931,0.955,0.952,1
0.951,0.978,0.972,1
0.98,0.987,0.985,0
0.943,0.938,0.932,1
0.904,0.953,0.957,1
0.94,0.973,0.974,1
0.969,0.968,0.973,1
0.9813340034144511,0.9772273029069474,0.9714061160837594,1
0.895,0.918,0.916,1
0.95,0.976,0.971,1
0.922,0.911,0.91,1
0.983,0.987,0.986,0
0.933,0.893,0.92,1
0.917,0.972,0.973,1
0.948244633389897,0.9660781210744613,0.9640287398270659,0
0.9845526056436751,0.9848151826789001,0.9824011480560323,0
0.966,0.976,0.982,1
0.968,0.979,0.977,1
0.984,0.989,0.983,0
0.97,0.988,0.99,0
0.958,0.975,0.974,1
0.981,0.989,0.987,0
0.985,0.986,0.99,0
0.918,0.903,0.92,1
0.988,0.989,0.989,0
0.935,0.927,0.913,1
0.911,0.935,0.938,1
0.923,0.933,0.929,1
0.9736452321914212,0.9810217799766733,0.9790647142669472,1
0.9671198089312096,0.9510429773531682,0.9422326433527005,0
0.918,0.944,0.928,1
0.937,0.947,0.929,1
0.984,0.987,0.987,0
0.974,0.977,0.983,1
0.9861825749249923,0.9764722187180076,0.9675647302212285,1
0.975,0.989,0.988,0
0.922,0.943,0.949,1
0.915,0.939,0.942,1
0.953,0.941,0.926,1
0.9740467076645786,0.9799018315393755,0.9750553823602526,1
0.982,0.987,0.984,0
0.984,0.977,0.98,1
0.98,0.986,0.985,0
0.922,0.942,0.943,1
0.9743317595311577,0.9751918469666204,0.966792899901879,1
0.917,0.9,0.894,1
0.991,0.988,0.987,0
0.986,0.985,0.989,0
0.991,0.997,0.987,0
0.976,0.987,0.986,0
0.955,0.976,0.961,1
0.963,0.976,0.972,1
0.979,0.989,0.987,0
0.975,0.986,0.985,0
0.982,0.99,0.989,0
0.946,0.984,0.98,1
0.963,0.977,0.978,1
0.916,0.931,0.913,1
0.976,0.965,0.974,1
0.985,0.981,0.983,0
0.9678795930935113,0.9657865988332095,0.9506552229759747,1
0.956,0.97,0.982,1
0.979,0.987,0.99,0
0.9,0.921,0.922,1
0.926,0.944,0.927,1
0.968,0.982,0.976,1
0.918,0.918,0.932,1
0.931,0.934,0.949,1
0.916,0.935,0.918,1
0.984,0.989,0.988,0
0.9681430592417496,0.9659662868127238,0.9543333037211286,1
0.955,0.935,0.933,1
0.948,0.962,0.966,1
0.985,0.993,0.984,0
0.917,0.932,0.924,1
0.915,0.918,0.911,1
0.978,0.983,0.996,0
0.97,0.978,0.984,1
0.975,0.977,0.98,0
0.907,0.908,0.918,1
0.978,0.985,0.991,0
0.931,0.937,0.923,1
0.924,0.934,0.929,1
0.982,0.993,0.991,0
0.956,0.973,0.98,1
0.954,0.977,0.972,1
0.955,0.984,0.986,1
0.941,0.922,0.915,1
0.955,0.959,0.967,1
0.932,0.928,0.924,1
0.902,0.942,0.946,1
0.8865661961158628,0.9357790260928176,0.9301414435706836,1
0.978,0.976,0.986,1
0.9527872133240086,0.9596408051731276,0.9573298920295622,0
0.941,0.967,0.982,1
0.964,0.978,0.981,1
0.919,0.924,0.937,1
0.957,0.97,0.961,1
0.978,0.983,0.982,0
0.967,0.971,0.968,1
0.976,0.982,0.985,0
0.9440398209147379,0.9652122023855266,0.960213499101249,1
0.974,0.987,0.986,0
0.957,0.964,0.968,1
0.973,0.989,0.984,0
0.961,0.979,0.989,1
0.907,0.928,0.942,1
0.945,0.982,0.972,1
0.955,0.975,0.982,1
0.903,0.913,0.912,1
0.97,0.985,0.984,0
0.981,0.983,0.994,0
0.945,0.977,0.968,1
0.982,0.991,0.985,0
0.972,0.97,0.972,1
0.937,0.98,0.976,1
0.951,0.973,0.972,1
0.952,0.968,0.957,1
0.975,0.971,0.974,1
0.981,0.986,0.989,0
0.981,0.973,0.969,1
0.965,0.978,0.967,1
0.952,0.965,0.976,1
0.911,0.899,0.924,1
0.971,0.977,0.972,1
0.949,0.979,0.971,1
0.971,0.975,0.972,1
0.955,0.977,0.973,1
0.926,0.923,0.936,1
0.986,0.981,0.983,0
0.963,0.982,0.972,1
0.953,0.977,0.978,1
0.988,0.988,0.989,0
0.979,0.988,0.983,0
0.961,0.96,0.971,1
0.907,0.945,0.936,1
0.977,0.982,0.995,0
0.969,0.975,0.976,1
0.972,0.981,0.988,0
0.917,0.926,0.931,1
0.99,0.982,0.985,0
0.98,0.986,0.981,0
0.95,0.976,0.973,1
0.917,0.906,0.918,1
0.989,0.989,0.986,0
0.9582172018309361,0.9599979217355274,0.9505246209892046,1
0.979,0.988,0.981,0
0.929,0.925,0.941,1
0.976,0.987,0.983,0
0.939,0.923,0.937,1
0.936243826501071,0.8308937826204404,0.7469729230186918,1
0.979,0.985,0.988,0
0.942,0.974,0.976,1
0.985,0.99,0.99,0
0.935,0.919,0.925,1
0.944,0.976,0.981,1
0.957,0.969,0.974,1
0.962,0.977,0.98,1
0.935,0.945,0.945,1
0.922,0.937,0.933,1
0.954,0.975,0.971,1
0.98,0.986,0.981,0
0.901,0.933,0.931,1
0.913,0.952,0.95,1
0.986,0.983,0.989,0
0.934,0.941,0.946,1
0.969,0.977,0.987,0
0.987,0.989,0.989,0
0.957,0.977,0.972,1
0.984,0.994,0.99,0
0.912,0.951,0.94,1
0.9512564355626607,0.974539378972932,0.9707154045443324,1
0.991,0.988,0.989,0
0.972,0.981,0.978,0
0.9207579964622237,0.9574391436735974,0.9543196096359017,1
0.987,0.984,0.987,0
0.938,0.972,0.982,1
0.978,0.985,0.987,0
0.947,0.982,0.981,1
0.915,0.907,0.915,1
0.934,0.946,0.951,1
0.916,0.907,0.915,1
0.979,0.99,0.989,0
0.962,0.979,0.976,1
0.945,0.932,0.934,1
0.983,0.991,0.987,0
0.9843478512388052,0.9762301061089573,0.9631988351725179,0
0.944,0.93,0.935,1
0.927,0.955,0.95,1
0.989,0.986,0.986,0
0.935,0.935,0.944,1
0.954,0.967,0.972,1
0.974,0.971,0.97,1
0.982,0.98,0.988,0
0.919,0.945,0.944,1
0.979,0.992,0.987,0
0.985,0.989,0.985,0
0.992,0.983,0.99,0
0.93,0.909,0.91,1
0.935,0.894,0.907,1
0.9717541781948706,0.9795770301017483,0.9755569034422469,1
0.9649399185768271,0.9771889852801154,0.9747297951359704,1
0.962,0.97,0.982,1
0.936,0.94,0.955,1
0.9579561087258734,0.9707858278889614,0.9648411060186777,1
0.977,0.989,0.984,0
0.981,0.986,0.978,0
0.933,0.954,0.96,1
0.968,0.976,0.974,1
0.983,0.99,0.986,0
0.986,0.989,0.988,0
0.931,0.925,0.931,1
0.927,0.916,0.924,1
0.929,0.931,0.925,1
0.978,0.986,0.991,0
0.98,0.983,0.992,0
0.91,0.924,0.92,1
0.908,0.903,0.93,1
0.96,0.976,0.969,1
0.982,0.992,0.991,0
0.927,0.951,0.954,1
0.903,0.938,0.938,1
0.921,0.914,0.91,1
0.963,0.973,0.973,1
0.981,0.993,0.992,0
0.983,0.983,0.976,1
0.95,0.976,0.978,1
0.966,0.974,0.974,1
0.932,0.945,0.946,1
0.928,0.937,0.937,1
0.963,0.964,0.976,1
0.971,0.991,0.991,0
0.931,0.961,0.94,1
0.923,0.945,0.964,1
0.971,0.979,0.969,1
0.916,0.966,0.967,1
0.927,0.937,0.948,1
0.9344083419844915,0.9601530804337098,0.9570305349778294,1
0.978,0.995,0.989,0
0.918,0.893,0.918,1
0.9050831854997283,0.9448610529709397,0.940575172275462,1
0.932,0.936,0.949,1
0.945,0.967,0.974,1
0.936,0.944,0.953,1
0.988,0.989,0.99,0
0.978,0.992,0.989,0
0.988,0.989,0.988,0
0.9814086999778273,0.9810970653985782,0.9781422394131923,1
0.989,0.988,0.99,0
0.979,0.991,0.982,0
0.985,0.988,0.984,0
0.953,0.977,0.971,1
0.92,0.94,0.95,1
0.9707215997630798,0.9794034818178156,0.9758045035117449,0
0.93,0.913,0.913,1
0.932,0.925,0.914,1
0.951,0.985,0.974,1
0.965,0.975,0.973,1
0.936,0.911,0.917,1
0.981093496382941,0.9849314001274961,0.98108443627892,1
0.94,0.962,0.952,1
0.901,0.913,0.911,1
0.963,0.975,0.982,1
0.906,0.953,0.941,1
0.958,0.974,0.974,1
0.981,0.984,0.987,0
0.935,0.919,0.919,1
0.983,0.989,0.987,0
0.928,0.93,0.933,1
0.968,0.985,0.986,1
0.991,0.987,0.987,0
0.9890193754990091,0.9910278581895369,0.9887404205845665,0
0.8952251474662133,0.9302328469304326,0.9282349721370372,1
0.991,0.989,0.983,0
0.943,0.931,0.931,1
0.9809290711775475,0.9777774994802502,0.969528702186151,0
0.954,0.973,0.978,1
0.976,0.966,0.975,1
0.9698706507256734,0.9798628814696284,0.9774240011610321,1
0.8935797297306617,0.9397912699284552,0.9370522770119029,1
0.948,0.967,0.97,1
0.983,0.991,0.986,0
0.984,0.986,0.987,0
0.934,0.952,0.931,1
0.935,0.929,0.928,1
0.909,0.95,0.959,1
0.925,0.92,0.921,1
0.934,0.924,0.916,1
0.942,0.967,0.981,1
0.974,0.989,0.99,0
0.98,0.983,0.985,0
0.916,0.968,0.961,1
0.912,0.937,0.934,1
0.98,0.981,0.99,0
0.981,0.983,0.988,0
0.906,0.927,0.915,1
0.9473250653018687,0.9601126385155091,0.9523554193942613,0
0.94,0.967,0.977,1
0.975,0.985,0.979,1
0.983,0.988,0.992,0
0.93,0.925,0.921,1
0.936,0.937,0.964,1
0.932,0.927,0.92,1
0.951,0.966,0.977,1
0.98,0.985,0.986,0
0.955,0.977,0.987,1
0.985,0.983,0.983,0
0.934,0.925,0.938,1
0.904,0.916,0.901,1
0.981,0.996,0.987,0
0.978,0.99,0.99,0
0.9792881270520709,0.9785567974771581,0.9745456301010127,0
0.99,0.987,0.987,0
0.975,0.983,0.979,1
0.9750430943359072,0.9778302721681097,0.9711106065293205,0
0.981,0.995,0.986,0
0.982,0.989,0.984,0
0.988,0.987,0.983,0
0.949,0.973,0.969,1
0.9588254072281417,0.9694943363264247,0.9620033345138276,1
0.904,0.929,0.911,1
0.928,0.926,0.93,1
0.989,0.986,0.984,0
0.911,0.913,0.924,1
0.987,0.989,0.989,0
0.954,0.969,0.975,1
0.968,0.973,0.97,1
0.985,0.992,0.987,0
0.967,0.977,0.976,1
0.976,0.989,0.988,0
0.979,0.995,0.981,0
0.936,0.926,0.95,1
0.9829264385081768,0.9842326068795324,0.9802631055347898,1
0.898,0.922,0.918,1
0.9905755313158815,0.9870713918266323,0.9835253713020485,0
0.913,0.93,0.95,1
0.959,0.975,0.963,1
0.984,0.983,0.975,1
0.984,0.984,0.98,0
0.981,0.989,0.984,0
0.936,0.942,0.929,1
0.966,0.972,0.98,1
0.952,0.968,0.979,1
0.982,0.979,0.988,0
0.982,0.99,0.99,0
0.2449287399513644,0.48456455619332883,0.4740407174198272,1
0.927,0.901,0.919,1
0.92,0.912,0.926,1
0.948,0.975,0.972,1
0.982,0.987,0.985,0
0.981,0.981,0.986,0
0.9596267915547367,0.9732428543536126,0.971235365111199,0
0.902,0.942,0.926,1
0.987,0.99,0.984,0
0.979,0.992,0.99,0
0.978,0.975,0.989,1
0.923,0.922,0.917,1
0.933,0.916,0.91,1
0.989,0.991,0.991,0
0.959,0.977,0.97,1
0.994,0.995,0.983,0
0.938,0.906,0.925,1
0.975,0.985,0.987,0
0.915,0.944,0.941,1
0.986,0.988,0.987,0
0.979,0.985,0.987,0
0.901,0.891,0.908,1
0.936,0.949,0.937,1
0.9702716209352513,0.9698957321282815,0.9596247330723212,1
0.97,0.968,0.97,1
0.927,0.942,0.934,1
0.985,0.99,0.979,0
0.927,0.934,0.925,1
0.963,0.965,0.967,1
0.913,0.937,0.941,1
0.954,0.976,0.984,1
0.975,0.969,0.96,1
0.97,0.977,0.987,1
0.936,0.935,0.934,1
0.973,0.973,0.971,1
0.953,0.972,0.975,1
0.947,0.956,0.942,1
0.968,0.975,0.981,1
0.958,0.985,0.989,1
0.6458698544998935,0.7988635565530745,0.7974576437931007,1
0.967,0.978,0.979,1
0.965,0.97,0.965,1
0.24304369192280004,0.4778955886516307,0.46669698036618834,1
0.974,0.971,0.973,1
0.987,0.978,0.986,0
0.9894934288352205,0.9882275470389018,0.9850770839784985,0
0.9738257862141904,0.982358891376052,0.9784698504365378,0
0.978,0.98,0.975,1
0.94,0.979,0.973,1
0.987,0.992,0.98,0
0.927,0.928,0.926,1
0.987,0.987,0.992,0
0.971,0.981,0.985,0
0.963,0.981,0.967,1
0.984,0.986,0.983,0
0.955,0.975,0.965,1
0.934,0.897,0.93,1
0.988,0.991,0.992,0
0.92,0.937,0.906,1
0.984,0.991,0.986,0
0.958,0.98,0.983,1
0.935,0.91,0.909,1
0.912,0.931,0.923,1
0.963,0.978,0.967,1
0.953,0.974,0.976,1
0.981,0.984,0.994,0
0.7502758640945936,0.8630762765442958,0.8613680314789242,1
0.976,0.978,0.972,1
0.891,0.936,0.929,1
0.969,0.989,0.995,0
0.951,0.98,0.968,1
0.975,0.986,0.978,0
0.921,0.92,0.933,1
0.905,0.925,0.909,1
0.98,0.987,0.985,0
0.9862947996583519,0.9867375937998778,0.9832014263375887,0
0.927,0.931,0.927,1
0.962,0.981,0.973,1
0.982,0.982,0.99,0
0.976,0.99,0.99,0
0.971,0.99,0.989,0
0.919,0.936,0.932,1
0.976,0.966,0.976,1
0.897,0.936,0.943,1
0.9883312187132478,0.9869827450027296,0.9838298706184214,0
0.96,0.979,0.971,1
0.928,0.914,0.917,1
0.93,0.966,0.973,1
0.945,0.941,0.948,1
0.9823735040422753,0.9778288089270879,0.9695616623852342,0
0.99,0.991,0.986,0
0.919,0.934,0.927,1
0.93,0.926,0.954,1
0.917,0.953,0.955,1
0.982,0.989,0.993,0
0.96,0.972,0.98,1
0.897,0.94,0.927,1
0.947,0.963,0.968,1
0.9741160595812792,0.979832645965244,0.977397881843781,1
0.989,0.985,0.987,0
0.913,0.944,0.943,1
0.975,0.989,0.993,0
0.975,0.985,0.976,1
0.973,0.972,0.982,1
0.919,0.94,0.956,1
0.9861895710418088,0.9870626414997584,0.9843767790958311,0
0.903,0.92,0.935,1
0.984,0.99,0.982,0
0.917,0.908,0.908,1
0.925,0.905,0.916,1
0.952,0.979,0.983,1
0.9841479942633846,0.9758260303696096,0.9647225661038227,1
0.968,0.97,0.975,1
0.979,0.989,0.988,0
0.973,0.977,0.978,1
0.983,0.991,0.994,0
0.922,0.918,0.914,1
0.987,0.988,0.985,0
0.952,0.972,0.973,1
0.909,0.955,0.935,1
0.984,0.988,0.985,0
0.9465611359215488,0.9570508388121013,0.9474821867596062,1
0.904,0.938,0.938,1
0.927,0.933,0.919,1
0.9539033731447237,0.9673201696048795,0.9646628831606513,0
0.985,0.991,0.992,0
0.918,0.942,0.935,1
0.99,0.98,0.986,0
0.9907230518623886,0.989547447323168,0.9854979566817472,1
0.954,0.964,0.975,1
0.961141692925152,0.9733243618674279,0.9678978905863411,1
0.979,0.988,0.983,0
0.982,0.985,0.989,0
0.983,0.992,0.982,0
0.982,0.982,0.98,0
0.948,0.923,0.925,1
0.915,0.95,0.942,1
0.983,0.983,0.983,1
0.925,0.914,0.921,1
0.982,0.991,0.985,0
0.987,0.985,0.987,0
0.965,0.971,0.961,1
0.978,0.984,0.989,0
0.9333212299043862,0.9700081442718265,0.9664090827020925,1
0.932,0.934,0.94,1
0.949,0.935,0.931,1
0.961,0.975,0.974,1
0.992,0.978,0.988,0
0.988,0.988,0.988,0
0.981,0.99,0.995,0
0.906,0.931,0.95,1
0.974,0.99,0.984,0
0.957,0.974,0.972,1
0.983,0.99,0.989,0
0.9449941227038967,0.9679679810964796,0.9628436120611817,1
0.9810960302061152,0.9744412777263376,0.9710540766153193,1
0.982,0.99,0.99,0
0.922,0.902,0.907,1
0.964,0.975,0.973,1
0.9793177625710053,0.9810571820505554,0.9757172721276239,1
0.99,0.989,0.983,0
0.977,0.975,0.979,1
0.991,0.993,0.988,0
0.984,0.989,0.986,0
0.989,0.994,0.987,0
0.979,0.991,0.987,0
0.92,0.944,0.965,1
0.968,0.976,0.978,1
0.952,0.971,0.969,1
0.9909058133272435,0.974990831243888,0.9641746068295394,0
0.9789734662550036,0.9795226206072806,0.976243359669742,1
0.9840854662687923,0.983888206317613,0.9796174728957491,0
0.981,0.986,0.988,0
0.967,0.972,0.971,1
0.986,0.981,0.984,0
0.922,0.922,0.931,1
0.985,0.976,0.977,1
0.906,0.94,0.941,1
0.923,0.925,0.913,1
0.928,0.944,0.939,1
0.921,0.917,0.921,1
0.9735829258989731,0.9798854003617318,0.9758346200773609,0
0.979,0.984,0.989,0
0.7079787421020759,0.8373583421432135,0.8356300549230906,0
0.967,0.987,0.98,1
0.98,0.988,0.988,0
0.978,0.99,0.981,0
0.907,0.934,0.935,1
0.945,0.976,0.969,1
0.902,0.945,0.95,1
0.975,0.986,0.988,0
0.929,0.946,0.936,1
0.913,0.93,0.934,1
0.921,0.943,0.921,1
0.923,0.937,0.941,1
0.929,0.942,0.943,1
0.9616463317841409,0.9783293910615511,0.974687543734193,1
0.951,0.973,0.977,1
0.92,0.94,0.935,1
0.9632638846284425,0.9679349884817792,0.9633347848483046,1
0.4603783675555487,0.6722383104184299,0.6701952526572208,0
0.8595387831664799,0.9211780068065792,0.9183922548634369,1
0.9867136912797161,0.9785143870623066,0.9666627193382874,1
0.962,0.978,0.974,1
0.918,0.945,0.945,1
0.918,0.942,0.948,1
0.952,0.966,0.971,1
0.932,0.968,0.959,1
0.982,0.988,0.986,0
0.982,0.992,0.985,0
0.965,0.977,0.98,1
0.983,0.986,0.984,0
0.981,0.987,0.991,0
0.994,0.984,0.993,0
0.9637283844654981,0.9685636707219882,0.9595737004819663,1
0.927,0.921,0.924,1
0.952,0.944,0.939,1
0.988,0.989,0.988,0
0.962,0.977,0.967,1
0.978,0.983,0.991,0
0.943,0.922,0.937,1
0.901,0.916,0.918,1
0.957,0.981,0.973,1
0.947,0.97,0.968,1
0.965,0.973,0.978,1
0.2524116229559802,0.48665157127129416,0.4832410299290692,1
0.931,0.936,0.943,1
0.972,0.971,0.973,1
0.922,0.934,0.95,1
0.985,0.99,0.995,0
0.928,0.903,0.921,1
0.93,0.922,0.899,1
0.894,0.944,0.932,1
0.924,0.931,0.947,1
0.988,0.991,0.992,0
0.911,0.917,0.91,1
0.933,0.922,0.959,1
0.947,0.973,0.97,1
0.989,0.979,0.991,0
0.98,0.983,0.987,0
0.94,0.954,0.961,1
0.919,0.938,0.929,1
0.991,0.989,0.987,0
0.913,0.94,0.947,1
0.987,0.992,0.991,0
0.97,0.964,0.979,1
0.972,0.978,0.971,1
0.973,0.971,0.969,1
0.96,0.983,0.985,1
0.969,0.987,0.986,0
0.993,0.983,0.988,0
0.989,0.988,0.991,0
0.919,0.929,0.934,1
0.974,0.976,0.96,1
0.958,0.97,0.969,1
0.976,0.985,0.99,0
0.982,0.991,0.994,0
0.955,0.967,0.968,1
0.958,0.974,0.977,1
0.9641796348278101,0.9711907915682937,0.962733816510631,0
0.9791957162650543,0.9887091664926287,0.98407963184914,1
0.9312337435850405,0.9512189889306537,0.9411552834893205,1
0.919,0.94,0.955,1
0.929,0.945,0.944,1
0.41645304690971835,0.6388418623224704,0.6376994110719243,0
0.94,0.945,0.943,1
0.956,0.98,0.967,1
0.931,0.949,0.927,1
0.909,0.95,0.939,1
0.964,0.97,0.978,1
0.993,0.989,0.992,0
0.923,0.941,0.936,1
0.956,0.974,0.981,1
0.914,0.918,0.91,1
0.903,0.931,0.945,1
0.91,0.9,0.921,1
0.963,0.971,0.971,1
0.986,0.983,0.983,0
0.985,0.991,0.984,0
0.935,0.95,0.95,1
0.9851286358000427,0.9810010069171621,0.9735570370151062,1
0.97,0.976,0.968,1
0.971,0.972,0.971,1
0.4368789958832969,0.6576248050345421,0.655868696462329,1
0.9783052719956343,0.982798970896576,0.9786501887148944,1
0.971,0.964,0.971,1
0.98,0.978,0.971,1
0.948,0.969,0.971,1
0.928,0.971,0.977,1
0.92,0.943,0.947,1
0.961,0.963,0.957,1
0.989,0.985,0.987,0
0.98,0.982,0.988,0
0.913,0.941,0.954,1
0.961,0.983,0.972,1
0.961,0.968,0.963,1
0.988,0.982,0.982,0
0.991,0.993,0.992,0
0.976,0.991,0.99,0
0.977,0.981,0.978,1
0.987,0.987,0.989,0
0.897,0.936,0.925,1
0.965,0.981,0.969,1
0.988,0.988,0.986,0
0.959,0.961,0.968,1
0.986,0.983,0.985,0
0.907,0.919,0.93,1
0.987,0.989,0.989,0
0.924,0.931,0.942,1
0.934,0.945,0.916,1
0.963,0.952,0.97,1
0.8813730393126544,0.9321465928005578,0.9295585424054803,1
0.967,0.967,0.976,1
0.9169228535457947,0.9519887195177221,0.9478528060514162,1
0.984,0.99,0.983,0
0.942,0.958,0.95,1
0.954,0.973,0.979,1
0.922,0.941,0.943,1
0.985,0.989,0.992,0
0.983,0.986,0.987,0
0.916,0.92,0.931,1
0.94,0.942,0.933,1
0.963,0.975,0.979,1
0.953,0.948,0.957,1
0.919,0.897,0.914,1
0.926,0.921,0.906,1
0.905,0.935,0.921,1
0.964,0.973,0.982,1
0.925,0.942,0.935,1
0.906,0.907,0.905,1
0.961,0.982,0.981,1
0.947,0.945,0.944,1
0.987,0.99,0.981,0
0.963,0.973,0.972,1
0.982,0.989,0.989,0
0.967,0.972,0.971,1
0.987,0.983,0.987,0
0.975,0.989,0.986,0
0.984,0.982,0.98,0
0.928,0.907,0.923,1
0.977,0.992,0.993,0
0.928,0.94,0.93,1
0.9281934046426783,0.9586449972573142,0.9563366076960093,1
0.907,0.902,0.917,1
0.914,0.937,0.939,1
0.978,0.989,0.99,0
0.916,0.922,0.925,1
0.993,0.988,0.992,0
0.909,0.93,0.926,1
0.919,0.934,0.918,1
0.936,0.92,0.932,1
0.978,0.984,0.989,0
0.9768338453626775,0.9775963718234213,0.969026543917822,1
0.916,0.93,0.928,1
0.928,0.944,0.937,1
0.96,0.978,0.962,1
0.9590117462565191,0.968610986143523,0.9634252050350199,0
0.976,0.978,0.979,1
0.983,0.985,0.984,0
0.986,0.989,0.989,0
0.908,0.926,0.912,1
0.966,0.978,0.986,1
0.9293394291156282,0.9589241886066522,0.9561332520628483,1
0.986,0.984,0.983,0
0.968,0.973,0.972,1
0.98,0.994,0.984,0
0.987,0.99,0.992,0
0.983,0.99,0.985,0
0.965,0.965,0.967,1
0.979,0.989,0.982,0
0.9723661307192187,0.9780878585156959,0.9722567114055866,1
0.903,0.935,0.927,1
0.934,0.927,0.939,1
0.8972991848889147,0.9403624350034101,0.9382061100306235,1
0.937,0.954,0.962,1
0.909,0.915,0.927,1
0.8825928096028344,0.9365405245582744,0.9342511023982965,1
0.929,0.953,0.94,1
0.986,0.985,0.986,0
0.994,0.991,0.986,0
0.9837671184793628,0.9837482136698512,0.9803735767296883,0
0.985,0.988,0.985,0
0.957,0.961,0.974,1
0.976,0.985,0.986,0
0.982,0.994,0.987,0
0.979,0.973,0.979,1
0.988,0.987,0.987,0
0.984,0.981,0.977,1
0.982,0.991,0.988,0
0.903,0.92,0.921,1
0.963,0.973,0.979,1
0.942,0.986,0.975,1
0.958,0.979,0.979,1
0.983,0.992,0.991,0
0.907,0.941,0.95,1
0.95,0.98,0.962,1
0.974,0.969,0.975,1
0.922,0.933,0.932,1
0.982,0.988,0.981,0
0.982,0.975,0.985,0
0.909,0.933,0.911,1
0.929,0.932,0.929,1
0.966,0.983,0.975,1
0.953,0.966,0.971,1
0.9946435091939856,0.9899965213717713,0.9880468452642982,0
0.979,0.989,0.993,0
0.985,0.996,0.985,0
0.981,0.983,0.985,0
0.982,0.982,0.986,0
0.94,0.968,0.963,1
0.974,0.975,0.975,1
0.915,0.903,0.906,1
0.9080612216564307,0.935487247814315,0.9331563002477528,1
0.975,0.993,0.993,0
0.976,0.968,0.969,1
0.893,0.948,0.932,1
0.922,0.946,0.967,1
0.9819964556030221,0.9763801821845384,0.9650506632224684,1
0.983,0.988,0.988,0
0.955,0.98,0.982,1
0.929,0.945,0.945,1
0.9754097338751316,0.9705276415665066,0.9609283848580048,0
0.9792152189422333,0.9837020670640442,0.9802196329961501,1
0.91,0.918,0.927,1
0.959,0.973,0.982,1
0.913,0.911,0.921,1
0.979,0.987,0.988,0
0.913,0.928,0.908,1
0.977,0.983,0.981,0
0.994,0.993,0.986,0
0.953,0.978,0.975,1
0.986,0.992,0.987,0
0.979,0.984,0.99,0
0.986,0.986,0.983,0
0.9851611361764921,0.9760791517346576,0.9656868238188804,1
0.99,0.99,0.991,0
0.968,0.978,0.98,1
0.901,0.928,0.911,1
0.8349741028006669,0.8961096423478923,0.8781917597169085,1
0.887,0.953,0.94,1
0.905,0.912,0.92,1
0.983,0.981,0.991,0
0.961,0.971,0.975,1
0.984,0.988,0.99,0
0.942,0.974,0.963,1
0.966,0.987,0.977,1
0.984,0.986,0.991,0
0.950241703765301,0.9633366936139112,0.9591143855122863,1
0.921,0.961,0.968,1
0.985,0.986,0.99,0
0.98,0.991,0.976,1
0.973,0.977,0.975,1
0.943,0.949,0.931,1
0.913,0.902,0.904,1
0.982,0.987,0.993,0
0.981,0.983,0.973,0
0.992506094672219,0.988442888295261,0.9819969711190656,1
0.985,0.981,0.985,0
0.92,0.937,0.938,1
0.918,0.938,0.924,1
0.984,0.989,0.993,0
0.903,0.935,0.95,1
0.908,0.902,0.923,1
0.915,0.964,0.952,1
0.917,0.886,0.903,1
0.93,0.942,0.925,1
0.9712807683907962,0.976574978869855,0.9700722684485953,1
0.9557545430884583,0.9686975022614508,0.9644345116696089,1
0.917,0.923,0.931,1
0.987,0.991,0.985,0
0.974,0.974,0.987,1
0.942,0.95,0.943,1
0.993,0.981,0.985,0
0.956,0.967,0.965,1
0.4395966858111656,0.6597188321506317,0.6574351102530428,1
0.95,0.985,0.973,1
0.965,0.984,0.985,1
0.964,0.981,0.978,1
0.943,0.937,0.943,1
0.956,0.959,0.97,1
0.9762794695637054,0.9841478425396509,0.9823284759539805,1
0.91,0.926,0.929,1
0.9128950013484071,0.9390216979528052,0.9285488890923164,1
0.9,0.931,0.928,1
0.905,0.935,0.943,1
0.972,0.989,0.987,0
0.986,0.992,0.98,0
0.926,0.947,0.951,1
0.9877143062051706,0.9831741421004447,0.977664571691963,1
0.907,0.906,0.905,1
0.907,0.919,0.903,1
0.9082057062500017,0.9492595681881414,0.9467606857855521,0
0.967,0.972,0.966,1
0.9513192592363818,0.9693749643783093,0.9673389697809557,0
0.911,0.941,0.949,1
0.927,0.908,0.912,1
0.9906958278549469,0.9909972426105157,0.9883269889119566,0
0.987,0.99,0.986,0
0.959,0.985,0.98,1
0.971477135059629,0.9788933511988058,0.9765823973666564,1
0.973,0.981,0.986,0
0.979,0.991,0.985,0
0.979,0.989,0.992,0
0.991,0.983,0.986,0
0.949,0.975,0.973,1
0.984,0.992,0.987,0
0.939,0.943,0.939,1
0.954,0.965,0.975,1
0.986,0.989,0.982,0
0.931,0.928,0.946,1
0.97,0.99,0.986,0
0.9841035705993255,0.9856558937664286,0.9819051704676174,0
0.9500757731069422,0.9698849738672277,0.9663168961929863,1
0.942,0.979,0.982,1
0.986,0.992,0.991,0
0.986,0.988,0.989,0
0.956,0.95,0.952,1
0.961,0.967,0.965,1
0.9846578204077502,0.9859055926599982,0.9806620569099428,0
0.991,0.984,0.99,0
0.904,0.914,0.913,1
0.898,0.929,0.924,1
0.942,0.983,0.981,1
0.977,0.99,0.994,0
0.91840118351538,0.9383640690380564,0.9248603027673883,1
0.933,0.948,0.95,1
0.931,0.913,0.925,1
0.979,0.994,0.988,0
0.8865661961158628,0.9357790260928176,0.9301414435706836,1
0.927,0.921,0.913,1
0.908,0.927,0.946,1
0.925,0.899,0.92,1
0.967,0.982,0.969,1
0.98,0.994,0.99,0
0.933,0.894,0.932,1
0.954,0.941,0.934,1
0.981,0.984,0.982,0
0.964,0.968,0.966,1
0.935,0.98,0.975,1
0.95,0.974,0.976,1
0.984,0.985,0.99,0
0.937,0.974,0.97,1
0.983,0.987,0.99,0
0.981,0.984,0.984,0
0.988,0.985,0.988,0
0.97,0.975,0.974,1
0.981,0.985,0.984,0
0.983,0.984,0.984,0
0.982,0.99,0.984,0
0.922,0.927,0.937,1
0.974,0.989,0.984,0
0.915,0.941,0.927,1
0.939,0.934,0.939,1
0.996,0.992,0.987,0
0.983,0.995,0.989,0
0.956,0.971,0.969,1
0.94,0.946,0.944,1
0.92,0.901,0.895,1
0.967,0.969,0.984,1
0.989,0.988,0.99,0
0.956,0.97,0.966,1
0.965,0.968,0.967,1
0.912,0.927,0.904,1
0.981,0.987,0.986,0
0.972,0.958,0.967,1
0.993,0.986,0.983,0
0.953038137136866,0.9618874315675244,0.9555427485507632,1
0.935,0.929,0.921,1
0.919,0.926,0.915,1
0.961,0.968,0.97,1
0.9744242514234716,0.9713145582666658,0.9679509592266102,1
0.982,0.988,0.984,0
0.929,0.925,0.913,1
0.978,0.984,0.983,0
0.955,0.975,0.979,1
0.925,0.912,0.904,1
0.9737315832409543,0.9813211017998573,0.9772633406378134,1
0.9529896779169892,0.9652306941444823,0.9614395254088537,1
0.968,0.971,0.966,1
0.959,0.976,0.975,1
0.9895151385521959,0.9903291816335433,0.9878706925191652,0
0.988,0.983,0.986,0
0.975,0.989,0.992,0
0.93,0.922,0.903,1
0.979,0.979,0.981,1
0.984,0.987,0.992,0
0.9666631144484154,0.9668070428127709,0.9572424634088229,1
0.931,0.967,0.975,1
0.983,0.982,0.989,0
0.992,0.986,0.986,0
0.947,0.943,0.938,1
0.989,0.985,0.989,0
0.963,0.986,0.974,1
0.947,0.986,0.981,1
0.25142169553674787,0.4978214632646704,0.49509613732035346,1
0.962,0.98,0.974,1
0.965,0.959,0.968,1
0.957,0.98,0.976,1
0.986,0.988,0.983,0
0.982,0.99,0.995,0
0.9310174551983432,0.9529900993194365,0.9456637014533305,0
0.976,0.991,0.989,0
0.972,0.992,0.974,1
0.983,0.996,0.99,0
0.97,0.989,0.983,1
0.987,0.991,0.989,0
0.978,0.992,0.992,0
0.965,0.974,0.986,1
0.9884031143576338,0.9877408813775439,0.982787771899488,0
0.9770418556780753,0.9807233890983386,0.977154836246291,0
0.971,0.975,0.976,1
0.967,0.98,0.973,1
0.981,0.99,0.986,0
0.886,0.929,0.931,1
0.982,0.988,0.982,0
0.985,0.991,0.991,0
0.956,0.981,0.981,1
0.982,0.967,0.964,1
0.983,0.991,0.983,0
0.979,0.986,0.985,0
0.958,0.93,0.93,1
0.981,0.992,0.984,0
0.951,0.966,0.971,1
0.954,0.969,0.972,1
0.924,0.958,0.95,1
0.928,0.94,0.945,1
0.924,0.944,0.939,1
0.927,0.941,0.941,1
0.902,0.906,0.914,1
0.921,0.953,0.934,1
0.915,0.939,0.946,1
0.974,0.985,0.989,0
0.903,0.963,0.962,1
0.962,0.971,0.966,1
0.927,0.976,0.971,1
0.918,0.932,0.908,1
0.933,0.9,0.907,1
0.991,0.994,0.987,0
0.9494937951118091,0.9657681725332105,0.9599737164515609,0
0.962,0.97,0.976,1
0.9918499930840783,0.9911721116738698,0.9889973326224722,0
0.973,0.987,0.988,0
0.908,0.957,0.946,1
0.974,0.981,0.986,0
0.9258357762024801,0.9544068138510676,0.9519716740217938,1
0.983,0.984,0.995,0
0.965,0.98,0.972,1
0.968,0.981,0.979,1
0.958,0.978,0.981,1
0.982,0.99,0.987,0
0.946,0.943,0.964,1
0.922,0.937,0.948,1
0.973,0.991,0.987,0
0.935,0.905,0.901,1
0.987,0.993,0.992,0
0.9735506819635219,0.9756445174078059,0.967425582560455,0
0.973,0.971,0.965,1
0.987,0.99,0.988,0
0.965,0.977,0.98,1
0.9725843018852698,0.9576108666932794,0.9484649829916844,1
0.9555979906709736,0.9669518903242528,0.9611804800823479,1
0.967,0.979,0.974,1
0.964,0.974,0.985,1
0.978,0.969,0.974,1
0.986,0.992,0.986,0
0.989,0.992,0.991,0
0.954,0.971,0.964,1
0.942,0.971,0.977,1
0.926,0.933,0.928,1
0.953,0.979,0.966,1
0.9201686599969952,0.9136605209906704,0.9038884812288351,1
0.937,0.931,0.938,1
0.985,0.988,0.989,0
0.914,0.957,0.939,1
0.9683513449891896,0.975278615453977,0.9721578077073708,1
0.975,0.968,0.967,1
0.96,0.973,0.956,1
0.953,0.975,0.958,1
0.958,0.97,0.97,1
0.949,0.973,0.971,1
0.964,0.979,0.967,1
0.984,0.991,0.984,0
0.9609667931707802,0.9426960156439754,0.9342581898134669,0
0.904,0.937,0.941,1
0.979,0.985,0.983,1
0.978,0.988,0.986,1
0.984,0.99,0.982,0
0.976,0.974,0.979,1
0.92,0.941,0.929,1
0.97,0.967,0.968,1
0.9405827262183041,0.9540802889438094,0.9457638845484608,1
0.9813553083155845,0.9846403981757644,0.9819611268553241,0
0.978,0.982,0.972,1
0.916,0.907,0.912,1
0.983,0.993,0.979,0
0.978,0.985,0.979,0
0.923,0.915,0.924,1
0.936,0.97,0.977,1
0.93,0.939,0.952,1
0.912,0.953,0.944,1
0.925,0.953,0.939,1
0.981290230593686,0.9797596200604012,0.9739159450948109,0
0.973,0.989,0.993,0
0.983,0.984,0.989,0
0.941,0.955,0.942,1
0.946,0.966,0.967,1
0.949,0.965,0.966,1
0.979,0.988,0.985,0
0.926,0.92,0.909,1
0.98,0.983,0.983,0
0.965,0.978,0.972,1
0.928,0.925,0.929,1
0.973,0.97,0.976,1
0.921,0.96,0.957,1
0.956,0.976,0.98,1
0.946,0.93,0.931,1
0.928,0.934,0.925,1
0.893,0.934,0.937,1
0.9219153347456596,0.9519648965140641,0.9465187791724654,1
0.982,0.972,0.974,1
0.923,0.905,0.921,1
0.931,0.945,0.948,1
0.918,0.943,0.931,1
0.961,0.96,0.963,1
0.982,0.979,0.986,0
0.976,0.975,0.981,1
0.988,0.986,0.984,0
0.933,0.919,0.905,1
0.9799609698406448,0.9850788706990955,0.9819615377638304,1
0.962,0.976,0.983,1
0.963175321968671,0.9777507625249671,0.9753876237266704,1
0.964,0.976,0.981,1
0.923,0.942,0.964,1
0.979928775392747,0.9839563704070373,0.9806573195759756,0
0.941,0.968,0.976,1
0.966,0.971,0.971,1
0.971,0.99,0.992,0
0.981,0.988,0.979,0
0.919,0.936,0.941,1
0.95,0.976,0.965,1
0.909,0.938,0.929,1
0.8363929494803022,0.9067247821358194,0.9037945935782082,1
0.9820765509460249,0.9794311301133939,0.9725723931348005,0
0.9414828615349978,0.9640001760060871,0.9617047187279882,0
0.9284797708931997,0.9572583782422337,0.9548531168388706,0
0.952,0.975,0.965,1
0.963,0.988,0.978,1
0.984,0.987,0.985,0
0.981,0.982,0.981,1
0.9752558401614422,0.9716993992958239,0.9639862115072537,1
0.919,0.932,0.937,1
0.955,0.983,0.978,1
0.982,0.99,0.994,0
0.917,0.946,0.946,1
0.918,0.953,0.948,1
0.947,0.97,0.974,1
0.985,0.989,0.992,0
0.987,0.982,0.987,0
0.953,0.981,0.975,1
0.903,0.929,0.941,1
0.986,0.982,0.991,0
0.914,0.916,0.915,1
0.973,0.982,0.985,1
0.954,0.982,0.967,1
0.9915122028328026,0.9909431443086487,0.9888513322794992,0
0.956,0.983,0.985,1
0.9728766644212841,0.9728622032348452,0.9626434837999398,1
0.936,0.945,0.933,1
0.96,0.971,0.978,1
0.961,0.935,0.941,1
0.934,0.932,0.942,1
0.95,0.973,0.973,1
0.981,0.99,0.99,0
0.9555979906709736,0.9669518903242528,0.9611804800823479,1
0.951,0.937,0.928,1
0.944,0.984,0.982,1
0.954,0.925,0.936,1
0.987,0.984,0.996,0
0.974,0.988,0.989,0
0.987,0.98,0.983,0
0.963,0.968,0.977,1
0.89,0.939,0.926,1
0.928,0.949,0.933,1
0.959,0.973,0.966,1
0.93,0.912,0.904,1
0.916,0.91,0.909,1
0.918,0.953,0.934,1
0.911,0.946,0.929,1
0.978,0.982,0.984,1
0.901,0.921,0.909,1
0.955,0.96,0.972,1
0.975,0.991,0.986,0
0.901,0.929,0.921,1
0.987,0.99,0.99,0
0.9901365852393613,0.9891162774776219,0.9850610195351731,0
0.933,0.932,0.93,1
0.963,0.974,0.977,1
0.981,0.989,0.981,0
0.9399954006988601,0.9660252148094002,0.9632763502708019,1
0.942,0.913,0.907,1
0.989,0.992,0.991,0
0.94,0.911,0.906,1
0.977,0.988,0.992,0
0.98,0.992,0.986,0
0.957,0.98,0.979,1
0.956,0.977,0.974,1
0.952,0.971,0.965,1
0.98,0.973,0.972,1
0.96,0.967,0.974,1
0.917,0.925,0.922,1
0.984,0.977,0.976,1
0.939,0.981,0.97,1
0.923,0.925,0.908,1
0.986,0.989,0.982,0
0.917,0.934,0.93,1
0.943,0.976,0.976,1
0.981,0.988,0.991,0
0.927,0.912,0.909,1
0.952,0.978,0.965,1
0.919,0.933,0.94,1
0.984,0.983,0.983,0
0.917,0.914,0.916,1
0.916,0.945,0.943,1
0.914,0.929,0.924,1
0.978,0.99,0.989,0
0.961,0.969,0.97,1
0.9097864255817422,0.9475704983406921,0.9451541969599541,1
0.925,0.933,0.936,1
0.912,0.947,0.971,1
0.968,0.981,0.983,1
0.987,0.986,0.987,0
0.96,0.962,0.972,1
0.9821137614783103,0.9859499982134431,0.9836709656283594,1
0.987,0.988,0.982,0
0.986,0.99,0.987,0
0.982,0.987,0.979,1
0.983,0.988,0.993,0
0.926,0.947,0.956,1
0.939,0.901,0.893,1
0.897,0.93,0.955,1
0.979,0.986,0.994,0
0.974,0.977,0.971,1
0.977,0.985,0.993,0
0.942,0.936,0.938,1
0.96,0.977,0.973,1
0.971,0.979,0.976,1
0.959,0.966,0.972,1
0.964,0.949,0.969,1
0.944,0.945,0.944,1
0.986,0.989,0.987,0
0.983,0.994,0.988,0
0.962,0.985,0.982,1
0.945,0.933,0.947,1
0.984,0.977,0.976,1
0.959,0.975,0.97,1
0.924,0.907,0.906,1
0.949,0.98,0.973,1
0.977,0.987,0.983,0
0.2809067423382734,0.5031207474295023,0.4983434725990409,1
0.961,0.973,0.971,1
0.957,0.961,0.963,1
0.983,0.99,0.981,0
0.981,0.988,0.984,0
0.981788822669067,0.977188033505336,0.9648811349185419,0
0.983,0.988,0.993,0
0.957,0.969,0.962,1
0.981,0.986,0.984,0
0.5022201561227431,0.6995158387291002,0.6972836738067926,1
0.9743916073965238,0.9822142246252161,0.9785108504738426,0
0.963,0.97,0.975,1
0.978,0.983,0.993,0
0.983,0.983,0.986,0
0.923,0.915,0.902,1
0.9858450733192421,0.9835651902350377,0.9808359746906522,0
0.929,0.899,0.904,1
0.904,0.927,0.938,1
0.919,0.947,0.938,1
0.983,0.989,0.985,0
0.983,0.986,0.984,0
0.986,0.988,0.986,0
0.951,0.971,0.974,1
0.982,0.988,0.988,0
0.967,0.976,0.972,1
0.921,0.913,0.899,1
0.975,0.987,0.995,0
0.955,0.974,0.971,1
0.909,0.965,0.969,1
0.985,0.988,0.987,0
0.967,0.97,0.97,1
0.923,0.934,0.941,1
0.97,0.978,0.976,1
0.987,0.991,0.987,0
0.974,0.985,0.978,1
0.922,0.916,0.897,1
0.908,0.93,0.921,1
0.9819239495148768,0.9770034075103019,0.9669591444199536,0
0.911,0.93,0.916,1
0.961,0.98,0.98,1
0.953,0.932,0.935,1
0.949,0.932,0.936,1
0.909,0.913,0.926,1
0.976,0.985,0.983,0
0.976,0.99,0.988,0
0.91,0.91,0.918,1
0.979838218474325,0.9671310512688267,0.9650878101709376,1
0.984,0.993,0.987,0
0.9647979661390588,0.9621988769063379,0.9572591567599745,1
0.976,0.983,0.979,1
0.9258357762024801,0.9544068138510676,0.9519716740217938,0
0.98,0.987,0.993,0
0.978,0.996,0.992,0
0.983,0.981,0.988,0
0.974,0.982,0.984,0
0.916,0.907,0.915,1
0.923,0.959,0.951,1
0.971,0.981,0.98,1
0.943,0.963,0.971,1
0.93,0.901,0.907,1
0.964,0.976,0.979,1
0.972,0.993,0.986,0
0.8916181160000701,0.9447563106789917,0.9427020346513558,1
0.983,0.983,0.985,0
0.968,0.976,0.966,1
0.95,0.973,0.979,1
0.96910727545669,0.9578648006242683,0.9494323804691405,0
0.958,0.974,0.971,1
0.985,0.986,0.985,0
0.985,0.995,0.984,0
0.987,0.99,0.989,0
0.982,0.989,0.978,0
0.925,0.921,0.931,1
0.965,0.97,0.968,1
0.957,0.969,0.981,1
0.935,0.916,0.9,1
0.923,0.934,0.942,1
0.976,0.98,0.981,1
0.98,0.989,0.988,0
0.954,0.977,0.97,1
0.969,0.963,0.971,1
0.983,0.977,0.972,1
0.984,0.99,0.984,0
0.917,0.955,0.962,1
0.955,0.973,0.971,1
0.985,0.993,0.985,0
0.933,0.926,0.936,1
0.985,0.985,0.989,0
0.951,0.983,0.977,1
0.9556964374454041,0.9715363386199616,0.9693390357402188,0
0.964,0.982,0.983,1
0.981,0.988,0.989,0
0.957,0.978,0.985,1
0.976,0.993,0.987,0
0.988,0.992,0.989,0
0.911,0.919,0.928,1
0.932,0.925,0.929,1
0.981,0.991,0.987,0
0.94,0.954,0.93,1
0.9866339690716929,0.9857316651954369,0.9827118772156611,0
0.979,0.986,0.981,0
0.988,0.983,0.985,0
0.985,0.987,0.99,0
0.8483348702230179,0.9152977981379906,0.9127983144843569,1
0.975051337917077,0.9672592158401967,0.9616592033338311,1
0.968,0.973,0.979,1
0.955,0.979,0.976,1
0.932,0.959,0.953,1
0.985,0.988,0.981,0
0.9719337102581884,0.9797611632325026,0.974878516133579,1
0.905,0.938,0.922,1
0.968,0.979,0.965,1
0.926,0.918,0.938,1
0.925,0.95,0.935,1
0.958,0.956,0.968,1
0.974,0.983,0.979,0
0.964,0.974,0.978,1
0.97,0.973,0.972,1
0.9819239495148768,0.9770034075103019,0.9669591444199536,0
0.984,0.986,0.984,0
0.974,0.977,0.974,1
0.922,0.915,0.921,1
0.976,0.986,0.99,0
0.9835850074855084,0.981618281221459,0.9788099077520518,0
0.9888416063609893,0.9853868077525691,0.9776351793037765,0
0.9697015452578488,0.9491943160627765,0.9349922498461668,1
0.957,0.977,0.983,1
0.979,0.991,0.988,0
0.929,0.941,0.953,1
0.962,0.973,0.966,1
0.991,0.992,0.99,0
0.921,0.934,0.939,1
0.935,0.976,0.969,1
0.982,0.987,0.983,0
0.946,0.984,0.976,1
0.9848235781722998,0.9867206394864482,0.9826872040336322,0
0.983,0.989,0.989,0
0.9,0.894,0.908,1
0.984,0.986,0.982,0
0.901,0.914,0.907,1
0.91,0.915,0.91,1
0.96,0.966,0.959,1
0.9797961209184219,0.9733255627963917,0.9626637050106561,1
0.983,0.987,0.995,0
0.941,0.963,0.947,1
0.978,0.986,0.987,0
0.9827685716382809,0.9825463231175098,0.9803124047774481,0
0.903,0.913,0.918,1
0.984,0.989,0.989,0
0.91,0.933,0.937,1
0.9526060519095116,0.9322320692094458,0.9240054657926053,0
0.918,0.931,0.932,1
0.9811445726207867,0.9806216346697789,0.9758761734808509,0
0.985,0.993,0.989,0
0.9853556250984764,0.977814149918453,0.9668027473387348,0
0.983,0.985,0.992,0
0.985,0.984,0.982,0
0.953,0.928,0.918,1
0.918,0.929,0.921,1
0.99,0.988,0.989,0
0.9842871426260998,0.981481914391842,0.9737827117361324,1
0.7526974868895931,0.8637993332486074,0.8619014298019323,0
0.982,0.994,0.988,0
0.9680079153410673,0.9717920294566456,0.9616630811296218,1
0.932,0.937,0.948,1
0.969,0.963,0.974,1
0.923,0.92,0.916,1
0.991,0.993,0.994,0
0.956,0.972,0.968,1
0.96,0.978,0.981,1
0.973,0.989,0.991,0
0.958,0.98,0.978,1
0.9700386145841379,0.96437065246771,0.9512234112918699,0
0.979,0.989,0.985,0
0.985,0.991,0.983,0
0.936,0.935,0.932,1
0.909,0.943,0.943,1
0.936,0.929,0.939,1
0.949,0.972,0.973,1
0.96,0.943,0.937,1
0.922,0.945,0.937,1
0.976,0.986,0.99,1
0.904,0.908,0.91,1
0.986,0.993,0.989,0
0.982,0.991,0.991,0
0.954,0.978,0.982,1
0.939,0.944,0.952,1
0.7434228904097503,0.8621286213061158,0.8598822650284974,1
0.921,0.919,0.925,1
0.93,0.914,0.919,1
0.984,0.985,0.981,0
0.928,0.909,0.931,1
0.9725172852695356,0.9737479561612933,0.9628185837925749,1
0.935,0.907,0.914,1
0.4075617761383364,0.630355052585926,0.6285818736807907,1
0.9714827215480173,0.9763931011453354,0.967511842834496,0
0.976,0.978,0.983,1
0.908,0.888,0.902,1
0.9333343707765855,0.9590355771533536,0.9549620295455803,1
0.984,0.994,0.988,0
0.88,0.947,0.931,1
0.989,0.99,0.989,0
0.982,0.991,0.99,0
0.958,0.983,0.974,1
0.924,0.934,0.934,1
0.976,0.974,0.968,1
0.9598048610373578,0.9742964074502121,0.9723157789387683,0
0.907,0.925,0.928,1
0.916,0.91,0.933,1
0.9512564355626607,0.974539378972932,0.9707154045443324,1
0.9121140747954054,0.9271833529439057,0.9189138054232311,1
0.986,0.985,0.987,0
0.967,0.959,0.977,1
0.956,0.972,0.971,1
0.918,0.941,0.94,1
0.908,0.955,0.931,1
0.962,0.978,0.974,1
0.978,0.993,0.986,0
0.974,0.984,0.984,0
0.9893498226995474,0.9886897533048288,0.984059880745003,1
0.9443306255599289,0.9573942303029145,0.946897916426815,1
0.982,0.992,0.991,0
0.945,0.975,0.977,1
0.965,0.967,0.972,1
0.98,0.99,0.989,0
0.928,0.922,0.918,1
0.977,0.981,0.986,0
0.9,0.917,0.915,1
0.9423083762236196,0.9681804410538523,0.9641857668557041,1
0.974,0.99,0.99,0
0.896,0.917,0.917,1
0.979,0.977,0.967,1
0.919,0.929,0.932,1
0.965,0.984,0.976,1
0.976,0.992,0.983,0
0.905,0.932,0.94,1
0.956,0.967,0.967,1
0.969,0.988,0.964,1
0.984,0.988,0.99,0
0.986,0.985,0.993,0
0.933,0.968,0.98,1
0.922,0.921,0.919,1
0.963,0.972,0.972,1
0.962,0.958,0.967,1
0.9430641818577762,0.9445882391785112,0.9277429747860315,1
0.9823812395586711,0.9828460039049248,0.9781264399297978,0
0.955,0.944,0.941,1
0.925,0.934,0.932,1
0.935,0.956,0.94,1
0.967,0.98,0.989,1
0.945,0.969,0.963,1
0.992,0.99,0.985,0
0.96,0.974,0.969,1
0.98,0.993,0.987,0
0.971,0.982,0.973,1
0.8762959648031987,0.9302736109077367,0.925977575367756,1
0.977,0.985,0.99,0
0.969,0.97,0.981,1
0.989,0.991,0.989,0
0.948,0.939,0.946,1
0.915,0.921,0.933,1
0.983,0.98,0.991,0
0.98,0.987,0.984,0
0.9685920226093222,0.9756718967134453,0.966797198468267,0
0.985,0.979,0.983,0
0.99,0.986,0.981,0
0.984,0.983,0.965,1
0.98,0.993,0.985,0
0.922,0.925,0.923,1
0.986,0.991,0.991,0
0.975,0.988,0.991,0
0.986044876563903,0.98834817372419,0.9839155781178596,1
0.977,0.967,0.972,1
0.978,0.994,0.986,0
0.984,0.981,0.991,0
0.978,0.986,0.987,0
0.968,0.969,0.971,1
0.953,0.977,0.963,1
0.982,0.986,0.982,0
0.959,0.973,0.962,1
0.921,0.949,0.942,1
0.906,0.952,0.932,1
0.916,0.911,0.914,1
0.984,0.986,0.985,0
0.954,0.972,0.977,1
0.95,0.978,0.972,1
0.923,0.935,0.932,1
0.9840101017936361,0.9794193787508252,0.9713244086496603,0
0.907,0.903,0.897,1
0.942,0.984,0.972,1
0.962,0.922,0.939,1
0.9745644036832957,0.976959933438229,0.9733266279187571,1
0.984258367885783,0.9831439597446765,0.9787275922811807,0
0.967,0.973,0.977,1
0.96,0.96,0.972,1
0.983,0.986,0.988,0
0.964,0.975,0.971,1
0.965,0.977,0.962,1
0.949,0.971,0.972,1
0.899,0.914,0.919,1
0.966,0.978,0.971,1
0.92,0.934,0.933,1
0.988,0.983,0.991,0
0.901,0.945,0.94,1
0.981,0.987,0.989,0
0.982,0.988,0.993,0
0.906,0.934,0.947,1
0.982,0.979,0.987,0
0.40216507357642084,0.6296229562163709,0.6285307184475112,0
0.957,0.967,0.975,1
0.985,0.99,0.987,0
0.915,0.91,0.913,1
0.962,0.983,0.959,1
0.986,0.985,0.989,0
0.911,0.917,0.915,1
0.991,0.989,0.987,0
0.9211794946143333,0.9520478691633785,0.9456127828979172,1
0.9909875818335186,0.9885077492157662,0.9840071874386479,0
0.982,0.987,0.983,0
0.935,0.931,0.931,1
0.942,0.978,0.973,1
0.9879430708257436,0.9861757281434861,0.983134716126556,0
0.966,0.969,0.96,1
0.922,0.924,0.943,1
0.93,0.94,0.958,1
0.984,0.986,0.983,0
0.99,0.984,0.981,0
0.976,0.98,0.986,1
0.924,0.94,0.96,1
0.95,0.971,0.964,1
0.958,0.959,0.977,1
0.924,0.938,0.929,1
0.969,0.982,0.975,1
0.9749324059318099,0.9826068236302313,0.978515948521276,0
0.978,0.987,0.984,0
0.941,0.954,0.941,1
0.934,0.929,0.911,1
0.7664438972662284,0.8720049552917727,0.8674028751905708,1
0.974,0.968,0.964,1
0.978,0.969,0.979,1
0.9819435219706274,0.9809149514512051,0.976972063925273,1
0.976,0.974,0.973,1
0.958,0.981,0.977,1
0.91,0.902,0.909,1
0.958,0.981,0.968,1
0.966,0.973,0.971,1
0.972,0.989,0.992,0
0.974,0.979,0.989,0
0.969,0.97,0.977,1
0.979,0.985,0.979,0
0.9911504694743656,0.9886378776654375,0.9838616013411359,0
0.932,0.942,0.948,1
0.987,0.986,0.983,0
0.98,0.988,0.985,0
0.97,0.971,0.977,1
0.933,0.946,0.95,1
0.981,0.985,0.988,0
0.898,0.928,0.943,1
0.958,0.982,0.968,1
0.978,0.987,0.994,0
0.9050831854997283,0.9448610529709397,0.940575172275462,1
0.912,0.946,0.948,1
0.968,0.97,0.973,1
0.955,0.983,0.974,1
0.906,0.915,0.923,1
0.927,0.942,0.929,1
0.988,0.986,0.992,0
0.977,0.994,0.992,0
0.978,0.979,0.968,1
0.911,0.968,0.961,1
0.979,0.993,0.988,0
0.984,0.984,0.988,0
0.936,0.934,0.917,1
0.916,0.934,0.936,1
0.973,0.984,0.987,0
0.976,0.986,0.993,0
0.9857729142937295,0.9798152004039977,0.973127545980769,0
0.931,0.959,0.947,1
0.973,0.984,0.983,1
0.9632993699938232,0.9651998195442181,0.9566012822530545,0
0.989,0.987,0.994,0
0.913,0.925,0.926,1
0.957,0.969,0.973,1
0.981,0.984,0.988,0
0.9508055381773208,0.9701380698986978,0.9682502532058339,1
0.969,0.976,0.98,0
0.937,0.945,0.939,1
0.943,0.943,0.964,1
0.982,0.971,0.977,1
0.974,0.989,0.985,0
0.911,0.932,0.948,1
0.981,0.984,0.982,0
0.992,0.989,0.989,0
0.959,0.964,0.974,1
0.987,0.98,0.982,0
0.9892773084804969,0.9875900355508613,0.9824813644917124,0
0.977,0.968,0.965,1
0.975,0.974,0.973,1
0.948,0.969,0.965,1
0.98,0.991,0.988,0
0.956,0.962,0.968,1
0.883,0.924,0.94,1
0.916,0.905,0.909,1
0.91,0.919,0.924,1
0.9765849547704891,0.978856096993061,0.9742321111874102,1
0.984,0.99,0.99,0
0.94,0.964,0.971,1
0.985,0.989,0.989,0
0.951,0.944,0.931,1
0.9865677979487993,0.9858975576953203,0.9815666063553286,1
0.909,0.952,0.946,1
0.901,0.961,0.956,1
0.963,0.97,0.965,1
0.966,0.981,0.977,1
0.9590653773844349,0.9253225407949227,0.8635421823616619,1
0.974,0.988,0.985,0
0.975,0.989,0.993,0
0.897,0.93,0.947,1
0.934,0.924,0.939,1
0.892,0.942,0.941,1
0.905,0.9,0.919,1
0.908,0.939,0.942,1
0.9605774978313805,0.9706614107414998,0.9678803938472562,1
0.931,0.906,0.926,1
0.978,0.986,0.984,0
0.935,0.965,0.968,1
0.965,0.967,0.969,1
0.987,0.985,0.982,0
0.921,0.882,0.912,1
0.928,0.914,0.906,1
0.957,0.979,0.967,1
0.9684706914280684,0.9634235059439294,0.9487800224953321,0
0.945,0.972,0.977,1
0.975,0.973,0.962,1
0.935,0.933,0.935,1
0.975,0.981,0.975,1
0.981,0.985,0.983,0
0.917,0.907,0.907,1
0.957,0.98,0.979,1
0.979,0.983,0.975,1
0.921,0.961,0.967,1
0.98,0.991,0.983,0
0.9826295662902468,0.9838082209613098,0.9790776139971326,0
0.974,0.983,0.984,1
0.957,0.978,0.978,1
0.971,0.982,0.979,0
0.956,0.964,0.975,1
0.9871830279299065,0.9865470720456466,0.9835205254869256,0
0.955,0.973,0.976,1
0.984,0.99,0.99,0
0.981,0.983,0.987,0
0.985,0.988,0.991,0
0.939,0.971,0.962,1
0.9643614922875251,0.9764857784444043,0.9726324027348379,1
0.9862696293593676,0.9861938114177575,0.9820719002363137,1
0.9871218174119779,0.9883182798043134,0.985241101535317,0
0.962,0.975,0.978,1
0.907,0.948,0.933,1
0.948,0.964,0.965,1
0.974,0.976,0.97,1
0.967,0.966,0.972,1
0.8829664320763166,0.9199192136456058,0.9023979837984046,1
0.966,0.973,0.961,1
0.987,0.988,0.99,0
0.977,0.975,0.971,1
0.961,0.98,0.982,1
0.989,0.991,0.99,0
0.988,0.983,0.988,0
0.991,0.987,0.988,0
0.9865123545655315,0.9812616177241726,0.9712867614552732,0
0.969,0.972,0.97,1
0.934,0.947,0.958,1
0.945,0.98,0.971,1
0.907,0.908,0.918,1
0.912,0.936,0.927,1
0.967,0.974,0.973,1
0.976,0.973,0.97,1
0.976,0.988,0.988,0
0.984,0.986,0.988,0
0.982,0.979,0.987,0
0.976,0.985,0.988,0
0.953,0.967,0.959,1
0.973,0.953,0.979,1
0.956,0.965,0.966,1
0.8873905368741869,0.9361621435440052,0.9334114819938656,1
0.914,0.931,0.945,1
0.987,0.992,0.985,0
0.977,0.976,0.966,1
0.979,0.983,0.971,1
0.979,0.969,0.978,1
0.943,0.934,0.931,1
0.923,0.953,0.938,1
0.93,0.948,0.965,1
0.928,0.893,0.899,1
0.959,0.957,0.972,1
0.922,0.935,0.927,1
0.979,0.986,0.987,0
0.99,0.984,0.985,0
0.935,0.904,0.892,1
0.977,0.985,0.985,0
0.981,0.985,0.988,0
0.977,0.988,0.986,0
0.978,0.988,0.987,0
0.981,0.984,0.983,0
0.93,0.913,0.932,1
0.929,0.944,0.937,1
0.972,0.972,0.976,1
0.9476998100976958,0.9680205642008669,0.9657270361642556,0
0.9803108595505922,0.9784648252573985,0.9705603830505634,0
0.995,0.982,0.981,0
0.986,0.991,0.988,0
0.972,0.986,0.989,0
0.974,0.983,0.979,1
0.9774827829430035,0.9711440809471038,0.9585731334661763,1
0.912,0.935,0.957,1
0.976,0.976,0.975,1
0.983,0.994,0.988,0
0.9423083762236196,0.9681804410538523,0.9641857668557041,1
0.964,0.98,0.986,1
0.91,0.932,0.915,1
0.981,0.976,0.979,1
0.9519818564834716,0.9680570365708602,0.9638725435924049,0
0.984,0.983,0.986,0
0.906,0.922,0.907,1
