arch,T1_true,T1_rec,T1_sig,T2_true,T2_rec,T2_sig,T2_ramsey_rec,T2_ramsey_sig,T2_echo_rec,T2_echo_sig,dw_true,dw_rec,dw_sig,eps_true,eps_rec,eps_sig
superconducting,0.00010470786116086458,0.0001120754737526452,5.545628971754576e-06,5.3901658664766315e-05,4.2842039399550104e-05,2.8055051118221154e-06,4.027367625140681e-05,2.739149032582493e-06,4.621296997162356e-05,4.266288800454649e-06,61282.94562106306,61260.72080396657,2061.152977461665,0.0003720116702722574,0.00034734721244970623,5.8963218665951595e-05
superconducting,0.00019287524082681255,0.0001925827486847267,8.759163166476368e-06,5.6167280692852614e-05,4.24502082296654e-05,2.7737768302335562e-06,3.8240905203136934e-05,2.7544676211673113e-06,4.6832239305750503e-05,3.962750454740572e-06,46632.49303395199,46199.36737321776,1942.8131595183283,0.0011191987122226301,0.0011680022021606144,7.171402757841808e-05
superconducting,0.0002045923396882199,0.0001922750248674438,7.3042773538420515e-06,6.943179564934248e-05,5.0107380055721886e-05,3.072224878505511e-06,4.858917614475298e-05,2.9050263943116505e-06,5.852678723705585e-05,4.554134069623373e-06,59149.914381197974,60110.41911021604,1632.8240830290943,0.0012821155154960138,0.0010534135912923452,6.98299281047512e-05
superconducting,9.233545329640129e-05,9.851041041165964e-05,5.037050609580468e-06,6.948946030878122e-05,5.953410502487848e-05,2.5761820709065798e-06,5.6248365077434416e-05,2.9823126172809305e-06,6.919380069907967e-05,5.1135003983232636e-06,38898.63639928404,38116.44532645509,1580.4802949790048,0.0004293326232544554,0.00044627701200777024,6.040850926311734e-05
superconducting,0.00011169518767768517,0.00012908469269564668,4.9738484013414486e-06,7.586056664610158e-05,6.177937547925928e-05,4.303108733054211e-06,5.697094686915281e-05,3.040807006563575e-06,6.567987038978511e-05,5.316282212568211e-06,40021.7500974295,38391.18482098054,1371.7542734322446,0.0004396322880255789,0.0005022260509463057,6.123704477543572e-05
superconducting,0.0001261536405483215,0.00012518033030102112,5.624075772090495e-06,8.329926883261526e-05,6.819409701095003e-05,3.1421182751515413e-06,6.246777730174827e-05,3.2712610673986826e-06,7.93096148057893e-05,5.388643705709023e-06,46923.39508099342,46077.24271713895,1332.8978737677962,0.0013673486018662487,0.001480401933258321,7.701943118477278e-05
superconducting,0.00012458787196285636,0.00012395736198845135,5.856568695487517e-06,5.127008963934292e-05,3.540652352643737e-05,2.1011205951148716e-06,3.0924170677898515e-05,2.518927217918569e-06,4.565799506908646e-05,3.80939233743933e-06,35367.81168156382,34728.85427268554,2810.827028709416,0.0005785619430146491,0.0007846485271323332,6.554244229238595e-05
superconducting,0.00011539473840558608,0.00010477983491179723,3.858301931801372e-06,8.100812079753825e-05,8.087275552087501e-05,4.7382123014137115e-06,7.685562385186742e-05,3.9979519398547205e-06,8.301852410762284e-05,5.153633446075389e-06,38858.47788223899,39109.55115822203,1138.9408015225652,0.0002928516115646927,0.0002358367037715011,5.736433931730299e-05
superconducting,0.0001994932914234915,0.00018998238843251749,9.279815989656135e-06,6.521739079862685e-05,5.7454985348864773e-05,2.6179791522559424e-06,5.165210569324535e-05,3.098536456927164e-06,7.19326780696005e-05,4.894231476323593e-06,58073.63154866222,56424.087775993015,1531.7168236763027,0.0004436162376854716,0.0004272522698499838,0.00011676718379616018
superconducting,0.00020735377460445647,0.0002681733944720649,1.0513668127298284e-05,9.20933252056689e-05,9.00631313832589e-05,3.826672103031609e-06,7.333814850445427e-05,3.768828168404551e-06,0.00010066834231685105,4.891699442925154e-06,48974.43252377286,47843.03498141777,1238.3591113018704,0.0005613133128800317,0.000588880710383698,6.253621212909894e-05
superconducting,0.00017684451168767414,0.00017891870366960877,6.186084848723114e-06,6.855753086473013e-05,5.8149789642066905e-05,2.993001160773568e-06,5.297056182611032e-05,3.1511624029547876e-06,6.646041107951966e-05,4.830342504197029e-06,47595.02715878137,47471.406201847734,1505.9928380894826,0.0007352452817949355,0.0008183577613744618,6.607003253131972e-05
superconducting,0.00017454178712891615,0.000174572471815127,7.979661878158975e-06,8.667834389248361e-05,7.816160365753616e-05,3.375923093366439e-06,7.475064223331857e-05,3.897979057292636e-06,8.839871391130966e-05,6.752891748448314e-06,22946.18632806601,23511.87602784356,1205.418909905725,0.0006320019055342372,0.0006126041959455816,6.28952587988816e-05
superconducting,0.0001408499190181354,0.00016279838986217916,5.332816235698385e-06,7.725427663645742e-05,4.826030854996934e-05,2.8266381357558186e-06,4.62729272406128e-05,2.9859304952083932e-06,6.541009000802568e-05,5.187826118342877e-06,47423.897826563545,46740.06761201185,1801.869854958486,0.0017424094538161295,0.001758727456794512,8.195159075985026e-05
superconducting,0.00011804565157244075,0.0001020323221208209,2.9474913657375006e-06,7.438712978338118e-05,7.015104534403025e-05,3.1077616770384014e-06,6.356117600436776e-05,3.488690839319943e-06,9.157612147007904e-05,5.166441738116057e-06,33585.76661177847,32998.7592332668,1434.7150748680774,0.0010947293792302826,0.00107054294880911,7.010944810799906e-05
superconducting,0.00010417912411899265,9.222449553274125e-05,4.294414502604854e-06,5.6065891770485004e-05,4.958191147421661e-05,2.45762843138494e-06,4.5327545298093506e-05,2.889876189851887e-06,6.0698803664616146e-05,4.6714693118066196e-06,43250.00641554095,41122.28404680965,1796.3276224534673,0.00047511001903706185,0.0004680614782718601,0.00013957720646165845
superconducting,9.568689924428081e-05,0.00010524532109208214,4.541867421076774e-06,4.3875326112610694e-05,3.458919811618529e-05,2.1180263029901288e-06,3.081420196589621e-05,2.578361179851874e-06,4.242243769198096e-05,3.3077855675918738e-06,46939.01219858036,44890.19896128709,2825.877205210865,0.0015025298949423469,0.0015259964270806852,7.78142432506267e-05
superconducting,0.00017126229186034922,0.0001857381877912904,8.778813751737408e-06,4.9426898190887434e-05,4.102217956199978e-05,1.8031112538434138e-06,3.3600811174269984e-05,2.5548628533940276e-06,4.838713344031187e-05,2.5451337656208294e-06,40061.343403221596,39457.3219188422,2646.3311696138085,0.0016871491543255682,0.00179274662875207,8.256753398166047e-05
superconducting,0.00011757447606486419,0.00012914302822210073,5.641508562058962e-06,4.7549987710493725e-05,3.5047312907876386e-05,2.6576718813910767e-06,3.251205810465645e-05,2.6100570060339723e-06,5.146464002739312e-05,4.538496835736956e-06,33813.042428165405,35400.37498983589,2602.0584973264968,0.0008780978281029066,0.000895623094027214,0.00014574805432305114
superconducting,0.00017603488554597503,0.00019189094551129784,5.083143068165652e-06,5.640780962049543e-05,4.914729594281925e-05,2.524033873906534e-06,4.375025477579674e-05,2.8330031192226615e-06,6.99206293470798e-05,5.558047871424673e-06,52895.72411652683,52888.94395907281,1971.2850287559968,0.0010822684570963293,0.0011625710877901224,7.162397357855805e-05
superconducting,0.00019838051585163515,0.00020833616791150723,9.690576943401132e-06,8.994169893790488e-05,7.64606657900263e-05,3.1834217445697054e-06,7.014556242053728e-05,3.853118094572135e-06,9.00416654327011e-05,5.650514021837119e-06,52565.68353502578,51835.10528785089,1303.8478601006018,0.0011514570001017394,0.0011082010486219442,0.00012389342704475286
superconducting,0.00010453072256264216,0.00010283745391406059,4.967277933808655e-06,5.409645382224096e-05,4.338748643744231e-05,2.3643093391937085e-06,3.876208664114561e-05,2.764282549711725e-06,5.599207944361368e-05,4.563228405535528e-06,55088.43215502584,55088.46816849048,2098.568948375788,0.00036017732918115634,0.0002555265954417675,0.00013183824060462637
superconducting,0.0001744911999927258,0.00017815859827330341,6.301110526364762e-06,6.339284127968308e-05,5.96337208675243e-05,2.708151125007605e-06,5.7811100784749706e-05,3.3154550832715538e-06,6.328781103089036e-05,4.694449835250044e-06,17521.00857858889,16569.94035373911,1410.5456245055177,0.00026741037501025613,0.00027571166762373434,5.7932406995948764e-05
superconducting,0.00014555539376082935,0.0001325409159707149,5.961854725144017e-06,5.135839485066176e-05,3.4595763793257126e-05,2.0417259502207255e-06,3.2139928798359924e-05,2.3669635460308147e-06,4.1735527294394806e-05,4.03583953825531e-06,54039.624208967085,50615.7160452247,2783.004268769893,0.0008000309986347443,0.0007170101962118119,6.449263063007026e-05
superconducting,0.00016436058134451528,0.00016303040891847215,2.1318620525414136e-06,8.476369303570245e-05,6.424782722968144e-05,3.4722000554259113e-06,6.051646132476602e-05,3.3913398973632164e-06,8.50987851268129e-05,5.124534198309692e-06,28326.337454354107,27892.938372459535,1363.30255764073,0.001035632596281076,0.0011020876737667976,7.062615764816997e-05
superconducting,0.00014700762625297344,0.00014079895394805927,6.263096976467432e-06,5.163153542010003e-05,3.891921362621245e-05,2.1359410051564797e-06,3.5574649053622e-05,2.6728122530411386e-06,4.482959427982118e-05,3.5530914624401286e-06,16805.85253562992,17556.672796049646,2311.159249350024,0.0004705979730092914,0.0005037940799416473,6.126038152070143e-05
superconducting,0.00020494629179217892,0.00023251454299756636,1.0444819612271998e-05,9.240462075937475e-05,7.017728548099384e-05,3.2478908801167625e-06,6.567294609350054e-05,3.246349249703166e-06,7.955708754541816e-05,4.262849418682743e-06,55115.469232702264,57364.91396866116,1305.53883347743,0.0016175140446427194,0.0018781828424134772,8.412687379360766e-05
superconducting,0.00011257906638126302,0.00012273646413265372,5.904204825466983e-06,6.720455988904028e-05,5.850686513828948e-05,2.9695182056918586e-06,5.284709397295252e-05,3.203141214935978e-06,6.713714075422287e-05,4.718493720008233e-06,22244.190212779173,21455.90086079717,1459.3018853386034,0.0003300649260355532,0.0003833537408120805,5.948632943828822e-05
superconducting,0.00019421679654646815,0.00021024828288758053,7.561853536005368e-06,7.95010020368624e-05,6.445369493135956e-05,3.6974894914328045e-06,5.802135896871938e-05,3.1605042162448947e-06,7.480270871208116e-05,5.374651973982195e-06,57354.459467560155,56614.86931470736,1500.996362302123,0.0004152688013479739,0.00046248268129477364,6.064766526732288e-05
superconducting,0.00020915805542180693,0.00021709081967985112,1.0171206071327021e-05,7.364013253348089e-05,5.162629219721942e-05,2.0123003805294886e-06,5.156634559851069e-05,2.2520340465822956e-06,5.1863740944209634e-05,4.482059521273535e-06,59685.52134467875,60654.940131309,1759.2657856465871,0.0005337047876068199,0.0005310622048673678,6.166722206294798e-05
superconducting,0.00019312241788776397,0.00017662894089853572,4.929326312494526e-06,5.6128126292193265e-05,4.6281323683067816e-05,2.9294744229845363e-06,4.509645739369208e-05,2.9617956781165987e-06,4.986167464025549e-05,3.134751495307446e-06,43749.88119436651,42601.87155464625,1703.647370839493,0.0006519593225705312,0.0005680438074817516,6.222204878978217e-05
superconducting,0.00016332448458376353,0.00017286492616931147,6.407682771954285e-06,8.866013268954954e-05,7.526711647217072e-05,5.051308776866675e-06,7.124342254782776e-05,3.7746210855514104e-06,9.044169448257176e-05,6.9562344468582004e-06,18560.62432624254,17784.96498545716,1235.943471888913,0.0008580950347513011,0.0009256918836337275,6.776936986067562e-05
superconducting,0.0001022865033638016,8.61229384447863e-05,4.330470253833862e-06,6.779178153001933e-05,5.788055485755035e-05,3.1491481741533326e-06,5.2224822777273443e-05,3.1273376243682287e-06,6.900778711836202e-05,5.424791082221412e-06,14346.0750952585,12535.209400475185,1514.953089543106,0.0014717304466830242,0.00136804953870542,0.0001678181376512594
superconducting,0.00017226817405594465,0.00018800789200286327,3.2385328088537724e-06,6.889038095420958e-05,6.110917663258355e-05,3.0907602000735446e-06,5.262893700044599e-05,2.4510712948009353e-06,7.888478960282678e-05,5.438439626565228e-06,21547.917305030696,23745.585370866665,1595.711338740758,0.0008539026302507967,0.0008062659073926939,6.588044464946856e-05
superconducting,0.0001875087366024935,0.00016845481666208272,8.080056564173195e-06,4.9694090576851936e-05,3.4707722149771403e-05,1.9101882111912304e-06,2.9836402650645536e-05,2.2309889164763797e-06,4.371203806830676e-05,2.9930030091321547e-06,13432.562399582645,9557.303783663874,2929.9721200575063,0.0009799108256347286,0.0010389015864644305,0.00015605549771841067
superconducting,0.00012412482990284234,0.00012719942763434478,5.977680152264958e-06,7.628215420685528e-05,8.567473530433616e-05,3.6641790858649886e-06,8.115258983033784e-05,4.232679860102669e-06,9.91989629092691e-05,7.31980299618927e-06,55293.7624027893,56375.492677760616,1175.033942667441,0.0013513546687508526,0.001362559433916695,7.498926986309882e-05
superconducting,0.00020709514178587327,0.00018753786931577943,8.609550244608509e-06,7.61930963578643e-05,5.665592053179492e-05,2.543387449392275e-06,5.211760126234152e-05,3.195639320831545e-06,6.44986368899247e-05,4.200911070275041e-06,49903.504853546445,48950.517996500166,1687.5181522657908,0.0009864235672700638,0.0008910280121970781,6.721733365956145e-05
superconducting,9.260632788987045e-05,8.447861981398102e-05,3.718922630956575e-06,4.921422237058819e-05,3.2810676080479286e-05,2.2002569893084937e-06,2.995103078004603e-05,2.561063429518638e-06,4.086923335662202e-05,3.998715969368056e-06,47314.9248714448,49018.35127139737,2977.5593658173925,0.001574273038037177,0.0013669440578459307,7.506418283499898e-05
superconducting,0.00011003268983671288,0.00011669915648219458,4.41383124872783e-06,6.208901180457672e-05,5.0397575424769274e-05,2.742714437729084e-06,4.715724821845245e-05,2.7404532996417646e-06,5.668430793306702e-05,4.702898467634329e-06,54789.62000019079,52126.03293818808,1743.4283730393806,0.0015465431595793843,0.0015576190820428672,7.836853764870298e-05
superconducting,0.00014620881297109379,0.00018094100775740822,5.938361181146478e-06,5.413049763710733e-05,5.656045982592708e-05,4.008218265849805e-06,5.0553809272334674e-05,3.1463554862461526e-06,6.189700511510943e-05,5.08495935288411e-06,44795.01788934718,46128.03507155721,1545.2848947601974,0.0009334214744729426,0.0010553434774229974,6.986138293167904e-05
superconducting,9.735492238076362e-05,0.00010317982272882769,3.7224759946124077e-06,7.52220812550835e-05,6.37450558788604e-05,3.3894837713941935e-06,5.7919802064149965e-05,3.2453442707150355e-06,7.31099480952823e-05,5.4733989797531484e-06,53383.74095271068,52813.39507620016,1448.3999038023517,0.000720395787082714,0.0006030031425235615,6.274977558079801e-05
superconducting,0.0001477760099755417,0.00014054021056907125,4.89514096707808e-06,6.226815752139704e-05,5.549182374828479e-05,3.2168530022803065e-06,4.8624104325649804e-05,2.9336042716327443e-06,6.416298313466768e-05,4.838767818254211e-06,58647.79440722994,59557.044904030095,1664.5623214871457,0.001534545240850498,0.0013016669783584712,7.395390346141372e-05
superconducting,0.00015750269192076343,0.0001567264566542812,4.3791611306388125e-06,6.28951827507802e-05,5.260988108725092e-05,2.3766278770368337e-06,4.8565335908277444e-05,2.9772561638911076e-06,5.971411614700696e-05,2.9179502631311422e-06,19149.70894518942,19069.29910736561,1641.0309769109745,0.001260980779341065,0.0012208319756502788,0.00012810363282907643
superconducting,9.536223025865039e-05,9.894901284648438e-05,4.994023385310393e-06,6.454949267626973e-05,5.728716716437202e-05,2.6684740974585945e-06,5.293509850466727e-05,3.2249967656642357e-06,6.040564395988117e-05,3.496159830716315e-06,12842.611809859533,13194.453457781437,1456.1405041357407,0.0011337324521143582,0.0013204284173912954,7.427191190442805e-05
superconducting,0.00016549872843678418,0.00018189557381503808,8.600919071697559e-06,5.0996092794725826e-05,3.581755324644825e-05,2.309151628053547e-06,3.1997110284447216e-05,2.564029465451146e-06,5.221869184831675e-05,3.254408533235014e-06,23090.578940039843,18595.16681923101,2835.70733164629,0.0008373884319286032,0.0008111645050326545,6.59572043860539e-05
superconducting,0.00012199528343097202,0.0001289820438470502,3.4908168495397274e-06,4.9275073484521573e-05,3.741901359367004e-05,2.632846394544517e-06,2.9306318162492355e-05,2.294529676635489e-06,5.411910421020688e-05,4.6044811745592495e-06,46419.794877927176,48565.82218673566,3377.1012262457753,0.0014126557061313043,0.0013610107320865927,7.496282125825898e-05
superconducting,0.00014404783768802597,0.000156122134125327,5.9766229939031145e-06,5.8802480121465016e-05,4.5993562276760876e-05,2.340419484408708e-06,4.327353131565381e-05,2.800053242861329e-06,5.229945066494517e-05,4.263364902216596e-06,30559.434865128285,30764.783564369332,1973.0246906176715,0.0012350126365002303,0.0011098559515002155,7.985423072497854e-05
superconducting,0.0001062261478090354,0.00010681133476084947,3.4461306613276815e-06,5.7677137380785205e-05,4.4654533300498654e-05,2.0422499098262e-06,4.093622804464526e-05,2.7852578647599638e-06,4.8978141842749796e-05,3.0034200252414425e-06,25727.65075404617,26025.892290631167,2010.4254172437422,0.00044056195429953887,0.0005037125049947299,6.125916729365143e-05
superconducting,0.00013639330225836282,0.0001405951477503005,6.73832896371528e-06,6.335420093976692e-05,3.71157737584557e-05,1.956281514443997e-06,3.439512747889169e-05,2.1915230065803356e-06,4.778671129080343e-05,4.340215387393922e-06,35789.469343063756,34753.37401323317,2423.146663021435,0.0005215120379218482,0.0005677517351619874,6.221765308858373e-05
superconducting,0.00020894355806776727,0.00021885694518419328,7.978723245683238e-06,7.1172775708777e-05,6.247412244844223e-05,3.4307513266076505e-06,5.1342591687533134e-05,3.1177885036336483e-06,7.584287902512454e-05,5.089760927339481e-06,15119.84898288094,13794.226984984345,1480.917393703143,0.00143628169928174,0.0013738879932659958,7.518292153442672e-05
superconducting,0.0001435156466369074,0.0001416528366032605,5.8005448844273175e-06,5.680570863999673e-05,4.442857093725924e-05,2.4138810673216264e-06,3.9008013029838306e-05,2.7329356811044996e-06,6.366267628726472e-05,5.1480577711196435e-06,48715.358344167136,50240.78348386247,2150.6387812637854,0.0010352362703017134,0.000995030538988768,6.888284892121113e-05
superconducting,0.00014138607921464856,0.00015976172523290446,6.862107009964368e-06,5.15939023016328e-05,4.013807997233031e-05,2.1606366319440908e-06,3.41374217999326e-05,2.6023001162601637e-06,5.03745700951027e-05,3.5541615937674835e-06,30990.273166088155,35369.52505610037,2439.502746710026,0.00027340018588797247,0.00026311942043569404,0.00013239764475508472
superconducting,9.086546392499418e-05,9.218688932731553e-05,3.920635748160958e-06,6.895170901627185e-05,6.142553274666653e-05,2.8188550307845676e-06,5.943757939568569e-05,3.416169943956674e-06,6.566694138451508e-05,4.989895275903074e-06,51894.58071655856,51739.370848988896,1387.4605356147877,0.0006249217593700438,0.0006994594701700558,6.422214935209778e-05
superconducting,0.00014679675951335714,0.00018075586243121482,8.767175917423143e-06,8.076950469096885e-05,5.7731718142897823e-05,3.041831792189142e-06,5.576277275774405e-05,2.988971490837823e-06,7.766557997944684e-05,5.563365393070287e-06,35841.60605513168,33835.33306983401,1539.2824963205464,0.0005683719344623589,0.0006624778848966181,7.78436846204768e-05
superconducting,9.691081730430696e-05,0.00012162504202835623,1.9956854920840957e-06,6.900551994729145e-05,6.336421599733337e-05,3.852535563316152e-06,5.6228478523643634e-05,3.1897090682910765e-06,7.117771455403972e-05,5.576179224355603e-06,26281.596005142073,24562.030207752898,1460.3602636366716,0.0005753790699411175,0.0007326528353905357,6.473437354755338e-05
superconducting,0.00018895016333735892,0.00022384681394562397,1.0064639827727877e-05,4.8013872170530434e-05,3.538116502133418e-05,2.1874112989963307e-06,2.9868009023850707e-05,2.5332367188391934e-06,5.1539724862785296e-05,4.336875543726101e-06,54913.242302892526,55193.49198318076,3159.42676345931,0.0007303963859180586,0.0007410890217704783,6.486500847236805e-05
superconducting,0.00013485555886303224,0.0001182856885565291,5.325846003440745e-06,6.063017538911372e-05,4.962960272177772e-05,3.6247340233382254e-06,4.3102498834639646e-05,2.901356746470425e-06,6.599741174236186e-05,4.404230410907974e-06,46921.01831575192,45808.90568449782,1924.9749688910315,0.0003023662010299212,0.00033752703015342946,5.882112828336176e-05
superconducting,0.00019472433990261865,0.0002185912503098084,1.0116189638806184e-05,9.493801796924269e-05,6.939962420811231e-05,3.427645888799678e-06,6.323299042573063e-05,3.486689122017255e-06,8.59069247418377e-05,6.5725713848033505e-06,23484.094127491408,23702.92650399173,1326.0647488441296,0.0013465549548900895,0.0013517128519996862,7.48041596875117e-05
superconducting,0.00019129882304978705,0.00017864152929442505,7.820178533112893e-06,5.352495158197707e-05,4.127299191668742e-05,2.2240069816469e-06,3.272626878805645e-05,2.377741610922566e-06,4.945324530961644e-05,3.05795894594746e-06,19448.18011804064,19492.563031572987,3035.667858263495,0.0011756009962415577,0.0011582800835033703,7.155287685737329e-05
superconducting,0.00011046385969779334,0.00012541240865785144,5.882760781441203e-06,4.832402400063555e-05,3.5521289689332914e-05,2.102007971911373e-06,3.173354662493394e-05,2.591750232978246e-06,4.280178512085873e-05,3.593216268177408e-06,28692.950458330124,27141.034913445284,2797.6983026135626,0.0010930309342029115,0.001241532037164644,7.294060036087317e-05
superconducting,0.0001529124192309652,0.00015549419907410822,6.67252024819067e-06,8.18636352062998e-05,6.93517450746197e-05,2.9867159593980658e-06,6.484112234073036e-05,3.424494181927884e-06,8.36878174213067e-05,6.105106895050253e-06,16022.624515240077,16266.089462154632,1326.7263116452893,0.0012889037867519792,0.0014400897434810296,7.632102646667098e-05
superconducting,0.00012685767869546864,0.00011628888345502267,5.548248423369987e-06,6.50205225211726e-05,6.216378080297696e-05,3.09491951523096e-06,4.794931346695036e-05,3.054986931978639e-06,6.772182575857318e-05,3.6501859713094015e-06,19513.117359428834,14507.7209674033,1492.5627780315117,0.000783033591726842,0.0007836633391264608,6.55270668172618e-05
superconducting,0.00019321289551115978,0.00019984354688979235,8.323547041531334e-06,5.2100362559134136e-05,4.1780826292683144e-05,2.1889384255805147e-06,3.782096315415105e-05,2.745521263106737e-06,4.868923225458708e-05,3.6263828205814827e-06,18418.62277858486,17644.8806138422,2141.7506480409606,0.0006294342017835604,0.0005312788547282084,6.167046215547198e-05
superconducting,0.00019165569780237653,0.00016230434237662247,6.519014660045274e-06,8.848755336068377e-05,7.207524935647575e-05,3.30121934071137e-06,6.685232468152367e-05,3.71397811945542e-06,8.608874470581335e-05,5.193285810858931e-06,57029.93116980022,57532.40741387961,1317.4516311457523,0.0010731497976758755,0.0008967477217377722,6.730821020526e-05
superconducting,0.00015603150233774922,0.00015980651411343725,6.5761739773754945e-06,8.87640228745809e-05,7.27003799571214e-05,2.2654500874225166e-06,6.832331168063356e-05,2.2887664120830776e-06,9.387241730607704e-05,5.4172834242207866e-06,33463.65809372233,34391.91938601951,1356.2562824952117,0.0008918375794085029,0.0008556137341236938,6.665652837478039e-05
superconducting,0.00020726862349697774,0.00024229997668576622,5.261062080602319e-06,7.169374598594887e-05,5.116741500329979e-05,2.5768031697839904e-06,4.7462477804728915e-05,2.9875856606509775e-06,6.192993443729562e-05,5.091982650720521e-06,37101.2415773807,39315.225961120916,1775.633481291575,0.00045737993438125705,0.0005832946156824265,0.0001332144623911039
superconducting,0.0001544099378735359,0.00017292222108837636,7.250394366799611e-06,8.425494584792682e-05,7.102273210729995e-05,3.922784763367194e-06,6.259729807808092e-05,3.522952367923007e-06,8.082707865043582e-05,5.770175987785994e-06,22197.591719288335,22543.723532458356,1253.6908762480684,0.0013301041354441055,0.0012835032015940757,7.364687174676056e-05
superconducting,0.00011200719388452081,0.0001039490033027835,4.495003969058134e-06,5.26357356776378e-05,3.553833057962768e-05,2.6551165183504474e-06,3.306077805883754e-05,2.1628732087886384e-06,4.10016994109857e-05,3.266803112079777e-06,37433.1541425692,36343.473521186555,2522.5209446110894,0.00015673133849999912,9.694693786972716e-05,5.541757722275115e-05
superconducting,0.00010501598815132826,0.0001168384318580204,5.442095686030956e-06,7.198275318086898e-05,6.325272270827044e-05,3.0328043445244177e-06,5.8680423422951256e-05,2.6411788114676546e-06,7.57936013975265e-05,5.8673554917404046e-06,26016.743023430383,26331.447376841683,1453.248117874713,0.0005406334769467756,0.0005454848979875937,2.730842656098075e-05
superconducting,0.00017141122107101515,0.00017561774273246078,4.052926545703833e-06,7.893905933185986e-05,6.526642120510508e-05,2.848629941995128e-06,5.9384266382705064e-05,3.4383361083814442e-06,7.814096167364175e-05,4.596209897792467e-06,45281.19055801111,46123.738350712156,1404.3130345854074,0.0008927050348577619,0.0010273155458706909,6.94054945816027e-05
superconducting,0.00013885518350413535,0.00013192989869065318,6.155726912813639e-06,5.810351131731151e-05,4.29997989737705e-05,2.3549826251659785e-06,3.9824593639800115e-05,2.772955549845364e-06,5.121572082180402e-05,4.460516497317417e-06,58189.183634945264,60186.574569029646,1993.1751990216098,0.00016577403570938506,0.00021319171758740448,5.7043553703464605e-05
superconducting,0.0001720241113356568,0.00017533266776799194,6.038524334642477e-06,5.8372512730104755e-05,5.2625310417435034e-05,2.356498663369669e-06,4.962038447807435e-05,2.663378718563151e-06,6.345725415607604e-05,5.056723843605592e-06,60086.717137871354,61458.558697728324,1720.1244077951796,0.001681946595509064,0.0014317386785406491,7.617685363045014e-05
superconducting,0.00011972570885042554,0.0001252939276053542,6.092956970503213e-06,4.630002486498176e-05,3.8660760706179084e-05,2.5944150423140246e-06,3.64007311165198e-05,2.3935908241188853e-06,4.1829179932294835e-05,4.02087215438763e-06,46203.30498768314,44751.12018498254,2317.131960339289,0.0014705946321884051,0.001393471254877585,7.551844079205396e-05
superconducting,0.00018957711041479077,0.0002225396281614139,9.935342116243737e-06,7.026813678012003e-05,5.9068579349885676e-05,2.9207811370229878e-06,5.276418937280269e-05,2.877465457049716e-06,8.022925762643532e-05,6.096320929365654e-06,23709.000683810704,23943.46264491309,1555.1065758267187,0.0005045070568371769,0.0005383001541288936,6.177553406722837e-05
superconducting,0.00015269454015125585,0.00015464395141274345,7.079071508397117e-06,8.452684881930382e-05,6.978380700632958e-05,3.7093121337897677e-06,6.0747668434497524e-05,3.3454679563844795e-06,8.636732888155238e-05,6.2458079156685025e-06,28124.37163089137,28299.900210998436,1429.5758657001759,0.0008961055211434176,0.0008624864497711213,6.676511016362291e-05
superconducting,0.0001038070490344729,0.00010400859890165414,4.269436721075854e-06,6.374636806553132e-05,4.942160633386244e-05,2.7167718489017525e-06,4.639790406935541e-05,2.957195567644417e-06,6.578152778949918e-05,4.5328840904200605e-06,36412.021435431096,38682.50714232365,1697.5721090528464,0.0014066720902803367,0.0011569830567999056,7.15313959068834e-05
superconducting,0.0001144604000929006,0.0001307819580306274,5.281294423749627e-06,7.298231848525453e-05,4.9140306816871606e-05,2.6724864621923888e-06,4.593707359973975e-05,2.961202393821119e-06,6.32058328963258e-05,4.519117245225193e-06,48852.885983105225,50359.1910466856,1718.375006192004,0.0013458419188042128,0.0015551549891849128,7.832525668239522e-05
superconducting,0.00019014920914892794,0.0001563154558095105,5.629643551288909e-06,4.989273400259415e-05,3.7501787214805534e-05,2.1384178442307365e-06,3.3704052724696294e-05,2.5934280976648927e-06,4.556778239907421e-05,3.0731558028254006e-06,41604.24896412781,45287.081780900524,2728.022371221606,0.000711505374838945,0.0007753131939124535,0.0001362927517942901
superconducting,0.0001426377082708928,0.00013079402022441228,3.143869559629379e-06,8.523585060221057e-05,7.297542164060694e-05,2.9394028690871443e-06,7.13990655387405e-05,3.1180259083994726e-06,8.55631327878493e-05,6.561005734282076e-06,62469.15783734374,62455.55720881921,1297.971930576174,0.0015562254643962596,0.001565447306933404,7.850613791974622e-05
superconducting,0.00010897104393182542,0.00010759405070140267,3.7265627674754275e-06,6.244575455148946e-05,5.419097296533669e-05,2.243984931806898e-06,5.0463145371312225e-05,3.053162277051204e-06,5.8570325771986844e-05,3.309229944334626e-06,29690.693414734073,25882.215952919425,1613.939257885177,0.0010340795033237401,0.001442825719604305,7.636829836250014e-05
superconducting,0.0001362446976496131,0.0001366299315020467,6.314021358781513e-06,8.348324437186622e-05,6.201628845426027e-05,2.816191417080927e-06,5.9333246275184297e-05,3.2731465851608646e-06,6.966358913803468e-05,5.52593520797554e-06,35164.85568652832,34818.445410862354,1394.2930764812645,0.0008166702288492138,0.0008023859952950201,6.581969119760809e-05
superconducting,0.00015351072782207253,0.00015970384148346797,7.334684889992701e-06,8.667386432821972e-05,8.557548569830312e-05,3.4560760965044055e-06,8.646350507643584e-05,4.097170247478553e-06,8.338503455090236e-05,6.434866995286825e-06,13494.260402655547,13940.199398376195,1185.2852799221853,0.0010542023129952425,0.0009609135063278076,6.833344099068048e-05
superconducting,9.619634687859609e-05,0.00010564626621626667,3.830787607704216e-06,5.181340240629334e-05,4.020302769052723e-05,2.5135397624692035e-06,3.6084635987085934e-05,2.630990681378561e-06,4.6139511239093106e-05,3.927446503016013e-06,13052.106292019716,14360.1836956,2377.2891404549323,0.001722734319382976,0.0015443020444842672,7.813480805740107e-05
superconducting,0.00010603322317727151,0.0001082444950129091,4.694852741602929e-06,5.471367583534984e-05,4.470537551828543e-05,2.372186263908625e-06,4.0547156234080194e-05,2.774944856791406e-06,5.59928014908361e-05,4.571914718592424e-06,54024.196578913674,53537.97775374203,2025.3329435071014,0.0016061745850833025,0.0017348919782322414,0.000190780302594515
superconducting,0.00018260754677252054,0.00017070769700490337,5.851222452310195e-06,6.133439157610504e-05,4.675377557827794e-05,2.345840957300933e-06,4.249853709807862e-05,2.7983886899631363e-06,5.68123467335442e-05,4.302434137669413e-06,34933.978707473856,33966.56530338408,1857.4088916589071,0.0002137251440805821,0.0001823443142581349,0.0001295401002158257
superconducting,0.0001497191267118122,0.00015342703359016101,6.653823000455073e-06,4.8156240459395625e-05,4.244485465200073e-05,2.5063247877275927e-06,3.7014254681738936e-05,2.723415978260477e-06,5.688474407506215e-05,4.794217409539299e-06,39989.450209604256,36765.22572520374,2096.625274809082,0.00038993491854313325,0.00035817873868467377,5.912023037665796e-05
superconducting,9.666088741409989e-05,9.597614912756744e-05,3.2781341841423692e-06,7.375043284123241e-05,7.302120585601102e-05,3.246973512137779e-06,6.839668335199909e-05,2.808846945545307e-06,8.138926808988933e-05,4.654042044907901e-06,33658.748986683335,32558.50151046945,1323.5034670426392,0.0013474546642352231,0.0016163517388380776,0.00013733865742064115
superconducting,0.00013083080440990717,0.00015424221701454492,6.15472763741498e-06,7.694022746082207e-05,6.313785224633683e-05,2.560806594685526e-06,5.7120637609543955e-05,3.1890014955828738e-06,7.406234562701857e-05,4.296923523816086e-06,27547.221524652203,29193.03168243424,1464.7187256423788,0.0013436068080988712,0.0016791600837109046,8.052204664780202e-05
superconducting,0.0001383372126128476,0.0001367487097611207,6.293375302083081e-06,7.318273891596981e-05,6.285264540243964e-05,3.773919125522647e-06,5.909156804637631e-05,2.832964794741173e-06,8.278065097358813e-05,4.188462829139026e-06,39006.94818884145,36702.083862201085,1417.8882984425431,0.0013898629793001683,0.0015662087598492598,7.85195304486237e-05
superconducting,0.00010666265114287714,0.0001109051271549993,4.44058002159768e-06,4.4968458175509245e-05,4.544858664909475e-05,2.6176995300760743e-06,4.238424263727955e-05,2.8731809990692e-06,5.2076844434212165e-05,4.569238303534452e-06,35925.292001724054,36315.673609765574,1855.3361791799277,0.00035858660872656263,0.00044024436441759523,6.031965497283526e-05
superconducting,0.00017781566827390405,0.00021529822615748277,1.0474010883401981e-05,6.511085571174429e-05,4.735828324510798e-05,2.893157963099315e-06,4.425089830307521e-05,2.857557760018368e-06,6.26119469937424e-05,5.150627952980211e-06,19654.30446003149,19467.98090678054,1799.5051953373895,0.0008448640324230186,0.0008485088385152958,6.654440581782483e-05
superconducting,0.00019313673888714353,0.000202003580720835,9.352321535578068e-06,7.81599206250716e-05,6.279276735354517e-05,2.8910927713066686e-06,5.7913351211835316e-05,3.323608873260763e-06,7.796569371523774e-05,5.860850663152325e-06,42222.15229719143,41727.67676080258,1495.2769113217255,0.0013958768144997724,0.0013579338410636401,7.491029226592682e-05
superconducting,0.0001616476062636274,0.00014625206485437278,3.6895214320912363e-06,6.403785231244731e-05,4.196508955225489e-05,2.3436797121319967e-06,3.637347362876253e-05,2.6979838722779282e-06,5.9159359442020216e-05,4.7311046270508705e-06,61943.141555487404,62180.21943208103,2414.8913839998963,0.0008750358180197491,0.0009770952191424907,6.859365410124849e-05
superconducting,9.716184095551959e-05,9.626059227434767e-05,4.760960553685564e-06,7.12997690912322e-05,6.332339380505496e-05,2.7471209877806954e-06,5.8503362356017654e-05,3.143388437240924e-06,7.89068645792133e-05,5.652039792580985e-06,45507.48369122391,45166.090690371886,1549.652171188176,0.000601225323505633,0.0006883371336849925,0.00014698573782438766
superconducting,0.00015249634886907142,0.00015629991247873034,6.429116386376047e-06,7.484457295302882e-05,4.838851027155404e-05,2.8422008640247302e-06,4.2809966911598134e-05,2.8673392678460037e-06,5.672883876735666e-05,4.489483490917997e-06,27858.001796790675,25728.845575323438,1807.9900551325948,0.00034895651100533433,0.0003305852088624452,5.8720835323000345e-05
superconducting,0.00010097997857662029,0.00010502433282229888,5.05813527458303e-06,4.462460869682904e-05,4.135613099026465e-05,2.258307879940135e-06,3.7113718890022186e-05,2.6564518276420723e-06,5.241311662123496e-05,4.288583703800018e-06,33617.05221796831,34321.967368269936,2310.8093501396993,0.0005034776954541707,0.0005376279509386206,6.176546921725271e-05
superconducting,0.00018827941624618993,0.00020633475371659786,9.582815222678186e-06,5.7389667892146125e-05,5.172099087363672e-05,2.2085480077427775e-06,4.358801238281009e-05,2.552703868052607e-06,6.0073463115019816e-05,3.144361319084228e-06,57003.262142676285,61783.98443943859,1910.9171947660507,0.0014389411754309953,0.001438773620840029,7.629829332263397e-05
superconducting,0.000131039023960179,0.00012704611250346462,5.330820209114908e-06,7.521082655506806e-05,8.074750466724463e-05,3.4806166403715057e-06,6.68868667713867e-05,3.6880823992400632e-06,9.630983875973055e-05,5.071166296093519e-06,60388.728438312035,59474.29422425309,1261.114232613077,0.0016985699253132974,0.0019954284902398466,8.62955878482923e-05
superconducting,0.00014342353749128775,0.00012499024576701406,6.10003746818943e-06,4.606936042600589e-05,4.0934577991752914e-05,2.5304665912761694e-06,3.673071653679129e-05,2.710075854504099e-06,4.855051386223114e-05,4.243082005313632e-06,13220.676935928042,12987.658378182672,2254.190636973256,0.0003351864223339353,0.0003763544384169155,5.938438060455503e-05
superconducting,0.00019347247001085874,0.00017376480311735522,8.32396698708017e-06,9.133663890389455e-05,8.705227356301738e-05,5.489687432291979e-06,7.697674448709692e-05,3.937324890472802e-06,9.668257040736962e-05,5.768719733350731e-06,25584.057647908725,24603.335457352798,1227.6174672617155,0.0016954179761350676,0.0016962340627915363,8.08274938005191e-05
superconducting,0.0001751136581302616,0.0001793735009476135,8.20891653655717e-06,6.136103018251598e-05,4.6966122983887306e-05,2.296939116894812e-06,4.494590888236184e-05,2.5212718197102277e-06,5.682705507628344e-05,4.813940379113937e-06,21531.000112115296,23800.471113504384,1891.9577502065533,0.0002078117204846373,0.0002650721700419939,0.0001297371254462259
superconducting,0.00019251774246745147,0.00017998818365948672,5.139686158178907e-06,8.691082007359152e-05,7.145810058092567e-05,3.0643032520496467e-06,5.66254955097721e-05,2.9533313525387477e-06,8.598952394159472e-05,4.311524351148669e-06,62259.25168488544,62806.60310568652,1433.663703821123,0.0011940986003353064,0.001041406951912879,6.963444775330055e-05
superconducting,9.398065351766199e-05,8.73677566909901e-05,4.4156522415799065e-06,5.143518409750183e-05,4.6228606814449775e-05,2.497184612402765e-06,3.867434894528505e-05,2.620200483910075e-06,5.109263930949124e-05,3.201736982609605e-06,41902.800861177966,40645.57383906823,2136.5572682259367,0.0008904282652016884,0.0009882157481280098,6.877286816988614e-05
superconducting,0.00020189261942199269,0.00018908427339935153,2.9509940331491964e-06,6.832857725668732e-05,5.9488725441883855e-05,2.3976764811529873e-06,4.944463253813541e-05,2.9788615420413284e-06,6.380768390967075e-05,2.8672039061191354e-06,13764.13443131045,14867.640683965596,1602.4179511694529,0.001438456463779544,0.001527032269018394,7.783236046112529e-05
superconducting,0.00016622706954502465,0.0001361220159845928,2.507576459767382e-06,5.627062550228258e-05,4.958126253578584e-05,3.4170030028551663e-06,4.396815213364888e-05,2.902341409901745e-06,5.8119776068579934e-05,4.704001198283307e-06,40659.11083405048,40608.69208155774,1682.4805420593038,0.0011050386253966735,0.001188915242861924,7.206148884515067e-05
superconducting,0.00020047450521309954,0.0002185231012637219,1.0251266669471651e-05,5.039718160647855e-05,4.078255054264716e-05,1.5747127092579848e-06,3.2347120917643005e-05,2.3061864171135234e-06,4.790027755983805e-05,2.138242721292995e-06,61726.34852216988,59139.627393204006,2618.55360074416,0.0005608024141000584,0.00045379066342112736,6.0519308228517634e-05
superconducting,0.00015493184937440143,0.00016616250174700966,7.5895061545904125e-06,6.639335882764986e-05,4.393401588523707e-05,2.4025178410534792e-06,4.193146720249748e-05,2.244786097416623e-06,5.8335968449905166e-05,3.95977048477886e-06,37917.83197392057,33322.01617872249,2086.1410639539386,0.0015782165293525172,0.0018895163399337538,8.433506056022023e-05
superconducting,0.00010882626989402951,0.00011726488744321762,5.6055807709648735e-06,5.263730077641875e-05,3.515314853252503e-05,2.0761043279626653e-06,3.229411249245406e-05,2.541989280290993e-06,4.088079973013591e-05,3.1515550895859504e-06,14808.804667562683,13116.454906716726,2834.1386796661764,0.0005096253350393209,0.0004883402692230866,6.103066117962585e-05
superconducting,0.00014431678995623564,0.00013896042996979941,5.700841067647817e-06,7.925050319317788e-05,6.872712918904906e-05,3.010694279142145e-06,6.523703387377665e-05,3.6822567350565845e-06,7.576540930660046e-05,5.229121043630343e-06,20714.050647903474,19370.46800321852,1337.9907374106538,0.00022695778807758256,0.00024558239119079205,0.00013114327616225248
superconducting,0.00019211516380620257,0.0001960139371154716,6.784521869016921e-06,8.519071351648724e-05,6.675089897910482e-05,3.0711968791895843e-06,6.200833869053434e-05,3.5576352872981715e-06,8.062367243063806e-05,6.08466455778413e-06,32747.818694351707,31910.273810825423,1349.517178803412,0.0008022170977654528,0.000812226731741744,6.597385734109655e-05
superconducting,0.00018363143149161912,0.00019599662453746378,6.786561537918893e-06,6.55994946182192e-05,5.617188809328879e-05,2.2694494452832634e-06,4.328324908693534e-05,2.8813559965223835e-06,6.257442922168573e-05,2.7764917093819376e-06,59076.41899771437,61234.8884995586,1740.6877377420467,0.0009543528075748176,0.0009742599674504668,6.854801289453228e-05
superconducting,0.00014989455856125944,0.00015841484439972314,7.398631154432011e-06,7.95961059763995e-05,7.390053167101583e-05,3.217796421703091e-06,6.979239447445413e-05,3.8034563897385646e-06,8.424485097159839e-05,6.035412114946736e-06,47945.58619890314,47711.68656226959,1243.1553726884745,0.000404919703056229,0.0003469392374682311,0.00013545512198043
superconducting,0.00012726408504469753,0.00013267817174810004,4.841681382577113e-06,6.546953366846366e-05,5.931425259516463e-05,2.963037005828168e-06,5.093696494110852e-05,3.1094289383631853e-06,7.04867522193345e-05,4.526435950727386e-06,47164.37520319699,48082.702943893564,1558.2384094192103,0.00023913660696142416,0.0001739513290994476,5.649079975839436e-05
superconducting,0.00010343965774537127,0.00011439892176382752,5.676681591165407e-06,7.624857529751181e-05,5.720835355432865e-05,3.0081613773925005e-06,5.4602105245920814e-05,3.23307988710026e-06,7.400884105480713e-05,5.572240677842702e-06,18635.193336920875,18378.706037857224,1477.6006946139098,0.000576658057056246,0.0005291466517509366,6.163857943812301e-05
superconducting,0.00011268445353568272,0.00010646051096116798,5.127539315192544e-06,6.786772040092645e-05,6.258504759206225e-05,2.8844075173861415e-06,6.0683130162725096e-05,3.135367094033572e-06,7.305924830423451e-05,5.784748851089074e-06,40714.26739222305,40952.26465525321,1452.5401221342593,0.0002466477975941127,0.0002487925010054001,5.7548462096992844e-05
superconducting,9.335903255623982e-05,8.294090532935523e-05,4.2731024300324265e-06,5.054946504746619e-05,3.710985045022497e-05,2.3956501090033885e-06,3.189341727864795e-05,2.307035810183525e-06,4.8232715948238766e-05,4.239877121595994e-06,46012.623275071826,46175.49815589178,2625.1960738933676,0.0013940757461779036,0.0014390899738298474,7.63037572418237e-05
superconducting,0.00013076362376255527,0.00012934636064126744,3.7893986446431994e-06,6.322075707774757e-05,4.9003462073405605e-05,2.8480127040305605e-06,4.334851739805678e-05,2.862760832775351e-06,5.786050228956717e-05,4.162000264557369e-06,60199.842784407956,60482.57963130446,1909.78777760733,0.00011284178573695136,0.00012858966408519571,5.5856745962489e-05
superconducting,0.00012938480763028984,0.0001205605337784324,5.421838532541423e-06,7.533552022083785e-05,6.206726671460482e-05,2.7678290278075637e-06,5.817734522348595e-05,3.2563496586008805e-06,7.219328252628852e-05,5.2538771631200805e-06,56705.83391852797,57476.91658721796,1435.5770101409157,0.0007161397531978022,0.0006539943550938183,6.352515497387744e-05
superconducting,9.372398496921312e-05,7.659985204022073e-05,2.7379603538391373e-06,4.1978660270149316e-05,3.406642989785311e-05,1.8814428910145918e-06,3.159768473290318e-05,2.587322612856202e-06,3.683681454225962e-05,2.7408324576545845e-06,13881.242347764683,14858.09777736214,2757.0944742466504,0.00013002903898740964,0.00019023866925135222,5.671974884320973e-05
superconducting,0.00011086748815954421,0.00010993879543063265,1.861140439475714e-06,6.10626712560836e-05,5.520057993749279e-05,2.65676750562158e-06,5.0811208244908797e-05,3.02370683189826e-06,7.006440546181947e-05,5.523805826731345e-06,56988.724724079526,55980.53519894864,1679.1918334858897,0.0008847206463827614,0.0007765884726042837,6.541672521754288e-05
superconducting,0.00017241972750707405,0.00018678847381401354,8.814440378932772e-06,8.436437925400625e-05,6.553648861906287e-05,3.7455299107907153e-06,6.446526808789134e-05,3.5296645836584515e-06,6.996920761999076e-05,5.590466576883574e-06,48830.821020429146,47697.61609766075,1309.9954760044102,0.0012436589343489922,0.0012142064325115654,7.248317356356534e-05
superconducting,0.00010160059444074152,0.0001140104207493026,2.2998624170627932e-06,7.232926320388057e-05,7.413756480400284e-05,4.169542149250554e-06,7.17689766688841e-05,3.5247029527560498e-06,8.587561908474232e-05,5.684869137212092e-06,23556.470754274058,24166.94802762722,1285.6361616917914,0.0003625612987548143,0.0004102181904448283,5.987879702643453e-05
superconducting,0.00020217597610322317,0.0001932165805713502,7.576592652181447e-06,6.274069443631969e-05,5.39079861116141e-05,2.7108275519733675e-06,5.1657568315447725e-05,2.973287570813011e-06,6.499311927630786e-05,5.287098052700439e-06,53979.362300779954,56863.47430431961,1666.9021233785227,0.0016431926749542664,0.001577502807420293,7.871834068246011e-05
superconducting,0.00016294921662204616,0.00018024397424208847,7.998421558773133e-06,5.5575493993980855e-05,4.2665373515784964e-05,2.529655657165241e-06,4.070759812909112e-05,2.8167236052804154e-06,5.082821215417931e-05,4.511197617160708e-06,16131.575588140311,15998.20076384947,2032.1300060104559,0.0012957618200500744,0.0012523032024208834,7.312142761142849e-05
superconducting,0.00018589189131489585,0.0001564358024313923,6.540895025489943e-06,8.530586157258031e-05,7.94537403569001e-05,3.8074659785455396e-06,7.11050537407605e-05,3.7246233293032993e-06,9.229800933240375e-05,5.652055865862128e-06,34001.300939356435,33533.80540283665,1205.1352652380165,0.00016059245336803328,0.00018101569900142315,5.659001905576868e-05
superconducting,0.00012869860712846117,0.0001362499787405744,6.32267170836404e-06,6.356797942796969e-05,5.40049196058144e-05,2.981357712861841e-06,4.431477094422272e-05,2.9284368069419147e-06,6.943408663257016e-05,4.800127456959319e-06,56050.78928401746,56955.309693397845,1700.4124048535348,0.0017338484083616894,0.0019303828214778556,8.508832674897412e-05
superconducting,0.00013882775753733216,0.00015372444110712302,7.039531213928042e-06,6.150275907076221e-05,4.8592304286174055e-05,2.750713840675418e-06,4.7995727964399404e-05,2.8796703742670018e-06,4.942752793056045e-05,4.261412549650768e-06,14178.911979114137,16474.661828877517,1682.7892470075794,0.0014070333088564153,0.0015140403133278037,0.0001750951468871147
superconducting,0.00010080945595610999,0.00010836763062066093,4.830781203064776e-06,5.2049465829735655e-05,4.880094240852454e-05,2.4901527513931246e-06,4.70286610183515e-05,2.9628278080103536e-06,5.3064655960494546e-05,4.595513893952207e-06,21514.64436843577,20409.157626372977,1734.2090580744632,0.0008294403138773747,0.0008815530273234207,6.706697669249343e-05
superconducting,0.00013614475482901336,0.00012936095041052507,5.908534464670509e-06,5.3971431989304546e-05,4.02293096641952e-05,2.5160995759285906e-06,3.4577811746393605e-05,2.312177412269875e-06,5.368855105775684e-05,4.626843209476227e-06,44700.31998925378,43164.43342534595,2407.228196390696,0.0012229940168936848,0.001529704925797313,7.78791184487341e-05
superconducting,9.077517326452677e-05,9.889451197464251e-05,2.664176159644791e-06,5.406648923453784e-05,4.804056838219662e-05,3.0835194299184262e-06,4.1490534511470754e-05,2.5108832965545926e-06,5.19058612204577e-05,3.3910158012215773e-06,27642.942091911056,26813.092115491912,1813.9071030732512,0.001386075594226422,0.001389936196863393,7.545780352409315e-05
superconducting,0.00013034448170927857,0.00014413236375383854,6.175943436452319e-06,7.562737253956762e-05,6.867868137316752e-05,2.4911080151520205e-06,6.761194127102284e-05,3.588309310317789e-06,6.967110129027396e-05,3.4610533745256312e-06,61135.975967179205,61190.8096296388,1290.6569797274549,0.0009327893515044063,0.0007291249356353376,6.467979806256582e-05
superconducting,0.00019655945889388314,0.00019632838991964178,7.586167881715697e-06,5.607408957511166e-05,4.447014205347494e-05,3.3395230284476383e-06,3.662286079879701e-05,2.704771985851895e-06,5.051681775462966e-05,4.44362915861386e-06,32895.87928310902,37147.68020874485,2080.829872454386,0.00072005244137621,0.0008039360020756898,6.584395727743215e-05
superconducting,0.0001784577661278299,0.00020299670881602258,1.0018409888110474e-05,7.397391057697223e-05,5.749178749551551e-05,3.6211349046257023e-06,4.957883241237832e-05,3.0762850250623237e-06,6.70211447050973e-05,5.1369767921602635e-06,16481.02368890556,16458.95230320359,1481.812653402031,0.0001235332356652256,0.00014241768327777143,5.6049471012282764e-05
superconducting,0.00011200820425535856,0.00010928562089576588,3.571619299984754e-06,7.17015779188937e-05,6.67203788595664e-05,4.043433061010768e-06,6.32945840645016e-05,3.385242412056003e-06,7.851748778948057e-05,5.611582967461736e-06,48588.086440707106,46961.72176459442,1406.1673739086432,0.0016745620938088158,0.0018901399605795923,8.434652498016353e-05
superconducting,0.0001492685223550222,0.0001569854115179873,7.546285803255866e-06,7.770196711445135e-05,7.31445592890828e-05,3.2700665428291777e-06,6.766722191327503e-05,3.7469474112868814e-06,9.064787928522326e-05,6.698122224072566e-06,53228.75106516337,54768.432654875716,1279.7642217130278,0.0004387497899207105,0.00047586598655229625,0.00013859514307937537
superconducting,0.00020474536551842878,0.0002032198270923238,7.664849502746367e-06,9.198634138616769e-05,6.941252045578256e-05,3.653303645464972e-06,6.315919555835019e-05,3.526671534223716e-06,8.092025929717766e-05,6.156937711137157e-06,24430.91931594873,25257.81146348481,1285.3264527618367,0.0015700135629223384,0.0018614177084935234,0.00017697088612703002
superconducting,0.00017348398845958634,0.00018077578028225294,8.748537564570542e-06,7.647534331136484e-05,7.051664117473313e-05,2.656740689578073e-06,6.32564824121037e-05,3.5303913428521535e-06,7.999683599959237e-05,3.631801861718196e-06,50467.95908952837,51442.190057452935,1367.716019919855,0.0014947407612584023,0.00162166562796688,7.949878090050765e-05
superconducting,0.0001605957323518736,0.00016811001926854348,6.176405632442643e-06,5.834944293239915e-05,5.0480477296690985e-05,2.839484175165599e-06,4.280250481931034e-05,2.8906019117298097e-06,7.119765841530325e-05,5.460573891245567e-06,49192.29240042839,52857.37267876678,1853.6572000097228,0.00025830394978841023,0.00025199393821802405,5.759402618105295e-05
superconducting,0.00017454532737878293,0.00015312673826349326,6.6420868897107704e-06,7.926606737859795e-05,6.979571865484363e-05,3.91668685291493e-06,6.299558282168073e-05,3.420133244596392e-06,8.364839237302271e-05,4.05885137811544e-06,37997.56145412867,39085.52340281329,1287.9488313060656,0.0009741474837725929,0.0009567380948099841,6.826640622885837e-05
superconducting,0.0001494125019021889,0.00017024220746757578,7.94723219226116e-06,5.5745691939288766e-05,5.045020231610488e-05,2.239041936691585e-06,3.841469775567039e-05,2.762357679238706e-06,5.521712979783519e-05,2.6455510770599123e-06,45069.17233073156,48042.06224356193,1958.0480792888916,0.0012574947254864396,0.0010951128321978541,7.051168990209883e-05
superconducting,0.00014051699261514598,0.00014772609864928857,6.908101607561982e-06,4.715504753177749e-05,3.7363236270836915e-05,1.7543902754933402e-06,2.869871457602165e-05,2.2979634330480912e-06,4.9470100390594965e-05,2.5738934882198607e-06,22793.697645439504,20107.293676094057,3289.100543683398,0.0004243167833278003,0.0005470748546125973,6.190702372236084e-05
superconducting,0.00014756603164436783,0.00016101748355719343,7.4514628601799345e-06,8.620007374902729e-05,8.194983312462628e-05,5.714173687958625e-06,7.285890254054294e-05,4.0106357853835525e-06,9.622319479149293e-05,5.867725798868557e-06,28496.101687450886,29838.95999349224,1168.149790262815,0.0008473542704509117,0.0010004738495110093,6.897078125581976e-05
superconducting,0.00017194137868384153,0.00017132673316756954,5.980108156734562e-06,8.66729405979647e-05,6.263998064448706e-05,2.789873768301968e-06,5.6551090645672244e-05,3.1616193635527733e-06,8.40607698280491e-05,5.930048593692848e-06,48002.953340494816,46085.01718246142,1472.919464089535,0.0016999103371698827,0.0016729811039571546,8.041168400350615e-05
superconducting,0.0001781236121241889,0.00018748611034626384,8.233268093958175e-06,6.283009169543928e-05,5.522812937153724e-05,2.6658636077273235e-06,5.293320683331215e-05,3.152981543195915e-06,6.0982170513189614e-05,4.992566914138064e-06,20309.725559666775,20304.94507022593,1589.7387011898106,0.0004466653646213772,0.0003865973746328814,5.953361760144646e-05
superconducting,0.0001298069762243981,0.00013277657646214197,6.4312566414322505e-06,8.238266664865814e-05,6.848718876394436e-05,2.82064333460424e-06,6.449465772978659e-05,3.0481714891855685e-06,8.687184271340786e-05,6.677697622327441e-06,50278.914820444676,51449.130533998876,1566.205989003152,0.0004411711250629542,0.00042517049843710897,6.009804329033982e-05
superconducting,0.00012705926431862442,0.00012453782779931675,4.633386480784366e-06,5.9787143646424036e-05,4.9352109362136966e-05,3.2349658591068264e-06,4.729983445516829e-05,2.6225893291047587e-06,5.985878987939378e-05,4.0083059865170515e-06,39920.35107131695,38922.17843813737,1661.7489379690248,0.001617299455134483,0.0016569958094820104,8.012660791537956e-05
superconducting,0.00020010096449550195,0.00020374995060622043,9.444812267300619e-06,7.749479823863356e-05,6.855690451468781e-05,2.6702115148038075e-06,6.41828592760736e-05,3.244807975429221e-06,7.773294820443486e-05,4.699753737344862e-06,42885.438508351166,43766.92102148878,1377.8898822840188,0.0006738733832640918,0.0006951183002555086,0.000148733644400933
superconducting,0.00011651143477643104,0.0001217761528727121,5.959564497257172e-06,8.031572218142955e-05,6.678624520710151e-05,3.41475350288334e-06,5.9703703433851885e-05,3.3585160124295136e-06,8.050302488816726e-05,4.2442246622017275e-06,30398.370625202915,28564.839460540756,1393.1965891486614,0.00016453380021103916,0.00012561268504531574,5.581531912291177e-05
superconducting,0.0001295601517657445,0.00013036238783056085,3.7999926009101076e-06,7.04363302922826e-05,5.112991393823529e-05,2.563614661087229e-06,4.609121039084037e-05,2.9295795027188983e-06,6.76024317574974e-05,5.2969500513897965e-06,14017.533605219007,11440.632438683331,1747.5420922054134,0.00040932189228571757,0.00044194099400994086,6.0344634992209574e-05
superconducting,0.0002084820063273044,0.00021641113503916175,9.996612182483148e-06,5.3211391735591376e-05,5.022262663413047e-05,2.0720386783504156e-06,4.215339211497481e-05,2.7259424080696216e-06,6.126482914345423e-05,3.188807927839064e-06,58920.45592790073,60364.24477795295,2013.06333921454,0.0015363159895902282,0.0013379660349544065,7.456997893563004e-05
superconducting,0.0001522203597161157,0.00015728358328480173,5.155312583757607e-06,6.259194795485454e-05,5.0289971414765744e-05,2.229011443964974e-06,4.809297750594311e-05,2.544010301306835e-06,5.755021276179337e-05,4.624661689687343e-06,16775.371467373097,15407.826163829037,1903.0809870934297,0.000840749070124454,0.0009152898606004135,6.760339007425748e-05
superconducting,0.00012252527298092943,0.0001272446760285137,5.035917723783899e-06,4.798267996657136e-05,4.316307526780962e-05,2.212696613359309e-06,3.427245628347495e-05,2.652209943286237e-06,4.891250406746362e-05,2.8394035369353548e-06,52757.21609710287,50447.025569029676,2513.018916481789,0.00153948742447327,0.0015417798408506392,7.809059011982355e-05
superconducting,0.00013385317748776455,0.00013768869841273394,2.476990046944127e-06,7.758876364940466e-05,5.913945472253086e-05,2.6004552967476095e-06,5.807012086577895e-05,2.6287595913950005e-06,6.1011281021938686e-05,4.312728022090216e-06,54721.39432347334,54447.66857444984,1503.68799563523,0.00021183406277186474,0.00014574053120088178,5.609585559900006e-05
superconducting,0.0001229297954797223,0.00013158351223733532,4.402505146043579e-06,7.359417422823548e-05,6.140559342590577e-05,2.3423052854147522e-06,5.9772762702994094e-05,2.7464989315094555e-06,6.576094216717119e-05,4.4855977009189744e-06,40725.80550997056,41625.80133827943,1538.6477375812933,0.00159760521122667,0.001892982463838469,8.43987925216038e-05
superconducting,9.044397971094516e-05,8.097227969353077e-05,4.534568150806863e-06,7.31374541423741e-05,7.519392388613183e-05,3.2009493091897313e-06,7.170019136878652e-05,3.702500619881211e-06,8.553261824079724e-05,6.369174711248514e-06,60790.63370110848,61283.96582674024,1253.0768359058422,0.0010228640744690037,0.001027683844331422,0.0001273712347005246
superconducting,0.00015621267156478425,0.00015984692126156706,3.958196051162102e-06,8.051270279210342e-05,7.085852755201185e-05,3.574502735681341e-06,6.776148036204962e-05,3.661522545101881e-06,7.349002679135115e-05,4.861428929461302e-06,22977.719216363897,22191.198344311328,1251.6846383723635,0.0014064363163921966,0.0013898850700550804,7.545692677321994e-05
superconducting,0.0001303054177900901,0.0001307734892021431,5.775723589864987e-06,7.623595891001243e-05,6.176262608829133e-05,3.901705687020448e-06,5.7463347616056323e-05,3.332741894342501e-06,8.436997210993608e-05,6.433727624616784e-06,48169.51105803622,47534.347905778166,1390.3577843716364,0.0009398051288740528,0.0007868957987200336,0.00014832299598846504
superconducting,0.0001120145075988391,9.13655054386633e-05,3.167522750197655e-06,6.618875656269201e-05,5.965518731730785e-05,3.291457328122667e-06,5.830948310570731e-05,3.417999973592977e-06,6.232453100576491e-05,4.929317655898342e-06,32075.063771056586,29703.94967685695,1430.0375557553339,0.0011914013093120104,0.0012141267607295874,7.24818426432125e-05
superconducting,0.00011924312659163607,0.00011882042894240631,4.3835066336790835e-06,7.916803752171411e-05,5.804714289331502e-05,2.8221868432696166e-06,5.342064448826041e-05,2.9687452986494725e-06,7.05450372854468e-05,5.429591359236376e-06,15725.675819156482,15802.275544993665,1603.6692212665469,0.0009103892138697234,0.0008266824734872753,6.620077374080447e-05
superconducting,0.00018356244286408258,0.00017138891075177127,5.9218031952674325e-06,5.213472080903148e-05,4.8883028618907536e-05,3.692235946316272e-06,3.859192619730549e-05,2.7354842106938517e-06,5.547815302031408e-05,4.729604277590613e-06,28665.959874256652,27645.681810719907,1848.7498358773057,0.0006982913066303844,0.0007621706144685884,6.519225852150994e-05
superconducting,9.206896652270452e-05,8.386087512234894e-05,3.9987554495314134e-06,5.6976145962064895e-05,4.747201535851761e-05,2.4072075555205263e-06,4.2774807535337096e-05,2.8489798641897785e-06,5.138780658872132e-05,3.2596490916731777e-06,28974.83369957414,26973.45488546932,1779.5233533627709,0.0005303278834764551,0.0005093069483096319,6.134247902566074e-05
superconducting,0.00010727983360776645,0.00010092518072105043,3.271943025004206e-06,7.26300098787921e-05,6.01840681791437e-05,3.302614889331036e-06,5.196179867287635e-05,3.0873430115392495e-06,7.159973218298407e-05,5.103991861861271e-06,55583.96704527301,52838.501800251426,1528.5827541789947,0.0004760844680319388,0.00048122389770088674,0.00012442401419346844
superconducting,0.00015667110955888772,0.00014457612001170643,6.192697713172259e-06,7.675257163237956e-05,6.34815950206067e-05,3.0020012275601155e-06,5.971628767111648e-05,3.3828855465225123e-06,7.743486089901926e-05,5.94750150743886e-06,41221.67661323682,41154.27608533376,1455.041360334609,0.0007747921439748301,0.0007191875975861968,0.00011451007916821556
superconducting,9.987829035529881e-05,8.166986594450368e-05,4.400351217147256e-06,7.329813637591307e-05,6.522688353754115e-05,3.0453863042565256e-06,6.36921107995074e-05,3.252566911515918e-06,7.613576757082126e-05,5.993261589696102e-06,27137.68502276257,27342.575985272106,1380.02440995343,0.000276039853546756,0.0002990266387134786,5.8266452039289255e-05
superconducting,0.00017945914039419175,0.00017428978001517097,5.995993441490795e-06,6.749085059721876e-05,4.9858706106071667e-05,3.1092574862207984e-06,4.3335277590135385e-05,2.907389181150617e-06,5.96079971046446e-05,4.910761068430684e-06,41705.25543678157,38449.72432535612,1743.2567039477563,0.0007980297477749212,0.0008106578403937163,6.594926222764997e-05
superconducting,0.00016338721426067206,0.00013988690155126003,6.152636209704861e-06,9.009615919277128e-05,8.71571488582311e-05,3.549263025630718e-06,8.07782199888861e-05,4.258584578520718e-06,9.165109870027253e-05,4.633792442007479e-06,61475.00584829913,62495.79461558269,1195.9967200437625,0.0012182214417072758,0.001352880809778071,7.48240780997806e-05
superconducting,0.0001249080558164984,0.00010807021914048342,3.5049032012013852e-06,8.085547454811644e-05,6.895096133069567e-05,3.850823420114563e-06,6.709132049674076e-05,3.692299881097438e-06,7.946830865118778e-05,4.367063570199255e-06,17467.90709137075,16242.391482903116,1288.7456150478886,0.0017104187851907332,0.0017092526786010695,8.106087425062173e-05
superconducting,0.00019674650262578645,0.00020026633153755774,9.260913745143822e-06,8.808009976907993e-05,6.057927655808149e-05,2.8471456332422646e-06,5.488267331330755e-05,3.229383432664777e-06,7.707846453081672e-05,5.620009001815448e-06,30854.969634802073,28027.96453167846,1507.5029251658486,0.0003270267241433001,0.00030123029808650013,5.829809729222299e-05
superconducting,0.0001721914802766921,0.00017146766718635902,7.0344317519630574e-06,7.863052237608644e-05,7.176485725173879e-05,2.7367508007560735e-06,6.636986840689642e-05,3.686361979477911e-06,7.838961028387083e-05,4.0849575610742555e-06,37916.70423119991,38521.564139908696,1323.3814241562047,0.0009387991273266299,0.0008190053337248051,6.608019639571556e-05
superconducting,0.00018131560194069684,0.00016441754391402545,5.472272483444954e-06,7.036180919875878e-05,6.75695652377222e-05,4.4900082815639716e-06,5.833613715585887e-05,3.3275198595187065e-06,8.922020464902775e-05,5.371994701215546e-06,36262.81709024159,34651.211567726976,1346.1356829407275,0.001369969418867286,0.0013106782371370346,0.00012679761874153481
superconducting,9.173062749505887e-05,8.964021892502763e-05,4.546228586329509e-06,7.402480282178889e-05,6.968558994866838e-05,3.147074758719747e-06,6.53581017364785e-05,3.6174899733250417e-06,8.315438660568189e-05,6.381955731913041e-06,18772.013763279538,19197.540913268254,1391.5021343849457,0.0012228860303508736,0.0011500464108440869,7.141658593661842e-05
superconducting,0.00014945635130580645,0.0001467568446803992,6.256753088177612e-06,6.408939222505519e-05,5.1343122385823304e-05,2.6797927511176302e-06,4.900749202435413e-05,3.0763934661756066e-06,5.86902604330118e-05,3.763049468982443e-06,13820.820214460167,14017.742287995903,1594.0847128806465,0.0007907707897233994,0.0006625935239128798,6.365657487717738e-05
superconducting,0.00020918959404805045,0.00019978926747787657,9.766940109172956e-06,8.42252230844865e-05,6.353971431534528e-05,3.291896589667538e-06,5.7913699676805886e-05,3.3292689508747634e-06,7.400392554606831e-05,5.567071836393298e-06,38067.36004337972,38530.9728164359,1462.8768307159155,0.0017414445049789516,0.0016713317686441842,0.00011892486854321584
superconducting,0.00019501882378531067,0.00016256809394161244,7.309794126132005e-06,6.746441852349016e-05,5.8098227969862604e-05,2.977458331713704e-06,5.657429650656613e-05,3.1708562662138063e-06,6.946007420746017e-05,5.521177670281517e-06,44518.75901782264,44541.78455747985,1476.1655858369097,0.0003257185848240645,0.0004894422672438627,6.104702196100089e-05
superconducting,0.00019984935813132298,0.0002191089850169331,1.0284131360408257e-05,5.7255507882244114e-05,4.662288985393096e-05,3.42136449104483e-06,3.6547594849072764e-05,2.707166905570913e-06,5.619082456723189e-05,3.179399921225683e-06,24264.6058874437,23417.01523680463,1996.3254496690422,0.0012972121464884477,0.0011234135490321973,7.097691594767887e-05
superconducting,9.641258774547677e-05,9.451210517585382e-05,4.6346216995728235e-06,4.428463077949246e-05,3.157617531345329e-05,2.2737630729721253e-06,2.9264229451219123e-05,2.529267968718126e-06,3.808951050229316e-05,3.2270216347891705e-06,41269.35156185542,40958.64165482753,3048.7814479874573,0.0007505647742921375,0.0007456892395145881,6.493632027250234e-05
superconducting,9.329607821888032e-05,9.740811812991228e-05,3.691487865313992e-06,4.627970842893291e-05,4.120556354128088e-05,2.3019272405798445e-06,3.817965738486445e-05,2.511162441337183e-06,4.880877118471706e-05,4.314320387109421e-06,15160.666029476477,14951.85299772291,2146.7817066641346,0.0005904540300456814,0.0007227876225494289,0.00013872138923461618
superconducting,9.43260704612584e-05,0.00010487391065493766,5.127721331568813e-06,4.531848909898449e-05,3.8037811267167074e-05,2.2531547020217705e-06,3.338547541338138e-05,2.6252642605089766e-06,5.0180271666805626e-05,4.280976577964732e-06,41270.94893823975,42591.4364746367,2430.614361591435,0.0016868803979012852,0.0016001862696054907,0.00015907044808981222
superconducting,0.000161722660679233,0.0001690103933087229,7.833876465443626e-06,7.8603170999426e-05,6.734632455844173e-05,2.4916430361568763e-06,5.5785246051099995e-05,3.1779719154214215e-06,8.5791558119056e-05,4.014144103513651e-06,19125.42992941521,18649.763105721886,1485.5825861273838,0.0008222431245988727,0.0007141494081267236,0.0001421261050234916
superconducting,0.00012872680814768952,0.00012790144250818307,6.210710003772066e-06,5.6576569075161616e-05,4.059941872532825e-05,2.3134534148536023e-06,3.91254635371553e-05,2.7779675997465984e-06,4.393497142131078e-05,4.178966975697087e-06,43361.3763553538,43456.19949270343,1998.0353923489083,0.0008469753633632471,0.0007480772441910772,6.497336018583814e-05
superconducting,0.00013575532314034732,0.00012025137263129421,5.698544195489487e-06,8.445264674428646e-05,6.990487148280446e-05,2.991822103565107e-06,6.260762357572371e-05,3.4220371167723932e-06,9.357636436859316e-05,6.1633664449508995e-06,35649.396323863824,35715.98802454962,1421.5854456028442,0.0015998861233907193,0.0016690864197605082,8.034216949695685e-05
superconducting,0.00020298327264170598,0.0002251365014252768,9.952065420851933e-06,5.79251438585404e-05,5.040620597662903e-05,2.6647830125540316e-06,4.8371313346359224e-05,2.9367828748640747e-06,5.989010821130322e-05,4.943984176454922e-06,35357.526327393534,34375.09709560941,1680.689552083156,0.0007048920285210755,0.0006644243365768279,6.368457951499378e-05
superconducting,9.304529136419975e-05,0.00010496905637562173,4.998564013729683e-06,7.079799456221316e-05,7.453323676845488e-05,3.5338518564147823e-06,7.258407260760936e-05,3.980219976737232e-06,7.739312387865725e-05,4.295472580970818e-06,37401.65600565024,36279.45155565629,1205.1352652380165,0.0010750022610210403,0.0010337910239605092,6.951064336635963e-05
superconducting,0.00011442228953087945,0.000136862667900238,4.506272303156656e-06,6.699875999624685e-05,5.1958878790004036e-05,2.5339058416778355e-06,4.8262743718160746e-05,3.0428516569226976e-06,6.032021085545459e-05,4.576617314830446e-06,58920.29768689925,59363.12301297251,1730.5242873589493,0.00046231079381136767,0.000520953654231188,6.151617897634416e-05
superconducting,0.0001312464013617911,0.0001499415970552972,7.172649662167746e-06,7.521682981956505e-05,6.838150590039302e-05,5.714990333187653e-06,6.364330296652803e-05,3.612351977580106e-06,8.38436268672224e-05,6.468522832696186e-06,56414.199473164204,57080.66016040124,1360.6014466972101,0.0005634616952290617,0.0005403176762172079,6.180574924513011e-05
superconducting,0.00018975294229785398,0.00014925502925710864,6.859111452439663e-06,9.243459009963942e-05,7.99816078420279e-05,5.771681846353253e-06,7.383806528803502e-05,3.9563557827539794e-06,9.37960052428511e-05,6.836256999916137e-06,36797.83901200184,36517.29875314208,1156.5745977174156,0.0003369676322700088,0.0002982948006532447,5.82559453786702e-05
superconducting,0.00010506340824052548,0.00010855349923789067,5.388907251014578e-06,4.580499066290408e-05,3.052218901415127e-05,1.97060572512535e-06,2.9843405327601387e-05,2.113685730099771e-06,3.5032798243864e-05,3.816915270118664e-06,26413.478994085348,31396.29315641853,3070.7074812687733,0.0007368276724700254,0.0007283361369365872,0.0001238060359809044
superconducting,0.00014027511339816681,0.0001343378120941206,6.498597679139406e-06,6.989471653857533e-05,5.899501829666615e-05,3.373679616565145e-06,5.389926612778224e-05,3.2685280795029483e-06,6.214422521913004e-05,4.045493110153107e-06,55569.977432995256,53805.80762875484,1404.6833155656896,0.0011658131063053273,0.0010426417337066742,6.965453429662836e-05
superconducting,0.00010997839570773853,0.00010165934552227519,3.723708960736778e-06,5.250225459962255e-05,4.7550758992439215e-05,2.458591775556593e-06,4.497539423445765e-05,2.8982494768168802e-06,5.416055621187185e-05,4.643125901073717e-06,36474.121309362265,35680.22503007491,1747.0235849962335,0.0008601701966836272,0.0008771871400833941,6.6997772632607e-05
superconducting,0.0001861113223658696,0.00019692170167642448,8.50316133158458e-06,6.703399138600007e-05,5.523808288151319e-05,2.756338614509684e-06,4.9855927228822324e-05,2.9369607620271527e-06,6.044905167945665e-05,3.866931508278479e-06,15833.180218839585,17164.729815603234,1613.1906301345646,0.0002235304457375155,0.0001964366065746851,5.6807051435025435e-05
superconducting,0.00019481923172586616,0.0002265652196751407,1.0708220117318225e-05,7.015779737188534e-05,6.109008225081377e-05,2.9760900538484657e-06,5.767282381727375e-05,3.310400817411028e-06,7.549170107906332e-05,5.893693632186931e-06,18541.293565991247,15727.682389676143,1427.6864223055409,0.0003837648349771978,0.0004169888161944362,0.000135956369880737
superconducting,0.00015844352724264885,0.0001993464930973992,7.0655073617808766e-06,7.330058908238624e-05,5.697225409359229e-05,3.6890460973222202e-06,4.812525785703444e-05,3.0529997218408072e-06,6.572083807517637e-05,5.202570295878944e-06,18369.27158772723,17928.94725072473,1519.2379196118736,0.00013353009342656879,0.00010776778752580824,5.556747074072248e-05
superconducting,0.00019887326443723732,0.00017388520155011775,6.536901350389209e-06,7.039577919032994e-05,5.300552988660373e-05,2.814377139924522e-06,4.71836212720443e-05,3.0145513131391813e-06,6.836712633817774e-05,5.368445060008189e-06,47501.50588211252,47706.002153318725,1693.5447424655101,0.0008081337977787077,0.0007284251105823254,6.466897579098661e-05
superconducting,0.00012799490396393662,0.00014165614585414204,6.824937276859789e-06,6.854138370702773e-05,4.99680947505946e-05,2.634492162248567e-06,4.63150955893597e-05,2.936001927564374e-06,6.506362225426427e-05,5.282936234135892e-06,60440.17667114719,61502.11566731002,1758.4724499979282,0.0006690837002087305,0.000831192076733503,0.00012799675201257757
superconducting,0.00015023128817237387,0.00014743618698471962,6.3047728681576434e-06,7.084474007695278e-05,6.481834102405133e-05,2.7110474941343963e-06,5.938251135122632e-05,3.3313713719142514e-06,7.547720121364074e-05,4.664934090967449e-06,51986.25699514752,51383.054153730096,1455.7905064131091,0.0005841535544740767,0.0005838373226169315,0.0001395775135508664
superconducting,0.0001798368068704717,0.0001980153219813477,6.4213321544270674e-06,6.8112101193717e-05,6.114900851410195e-05,3.3682951702469796e-06,5.831877416844552e-05,3.122875766831991e-06,7.375219880132476e-05,5.749497965342649e-06,34605.83512042886,33193.67657253989,1424.0702370732986,0.0013333611569344176,0.001509960278613949,7.753410686143598e-05
superconducting,0.00015387543395587803,0.00015282585221794697,6.024545610330395e-06,6.823181166766243e-05,5.4072585794701226e-05,3.1370644818761504e-06,4.89775039118575e-05,3.0830600591970417e-06,6.495201532658971e-05,5.200894522061568e-06,54562.99785869454,53773.4631790789,1579.2984362477682,0.0009470431386785629,0.0009643007316928599,0.0001536056732147602
superconducting,0.000127163773591145,0.00012230055574137508,5.894984364304868e-06,7.824474373817636e-05,7.167479461993695e-05,3.1762120387890214e-06,7.063426396310485e-05,3.684355627428528e-06,7.468590969208813e-05,5.860470541810694e-06,52642.48916704104,52781.452456846855,1346.3827301785689,0.00014741140510240555,0.0001310682729466532,5.589125496124343e-05
superconducting,0.0001972856669299995,0.00020114933876514798,9.310045946484494e-06,6.598462869679427e-05,6.179492944555645e-05,2.278457659117418e-06,5.100810056116407e-05,3.1095540930698985e-06,7.430027684919383e-05,3.228140835570097e-06,25459.53295788206,24424.488213247754,1580.7841735240502,0.0005354938290956692,0.0006304254943498731,6.316593141291234e-05
superconducting,0.00013052107381011636,0.00012504375228825112,6.079943320316457e-06,5.484760195301206e-05,4.543830645431932e-05,2.613500354869124e-06,4.4409403225750784e-05,2.91452841061469e-06,4.960506337465386e-05,3.4848096236329614e-06,31522.78026940376,33272.1533232654,1844.2876067322725,0.00012926621712059383,0.00022224683096434668,0.00011550123419692346
superconducting,0.00010428405609677481,9.509472262644065e-05,4.40740646333453e-06,7.010703508593693e-05,6.908501028339818e-05,3.3256312081708094e-06,6.629471356646556e-05,3.7084439267682684e-06,7.238494780129996e-05,4.9132163800434955e-06,29705.967488016373,27070.627494597647,1318.9823601584728,0.00023291837301913832,0.00032263650619028707,5.8606147631991126e-05
superconducting,0.00019151543691554924,0.0001817013506009086,8.04280306608984e-06,8.060801651432323e-05,6.825818607621419e-05,2.82331083322373e-06,6.221000829220888e-05,3.4747075350688793e-06,8.000966319965039e-05,4.843420900028502e-06,22835.100353958827,22821.447744307727,1398.4834637295385,0.0013006070361447437,0.0014498436212696186,7.648963859285853e-05
superconducting,0.00011441107820468398,0.00011769936733318705,5.168984989633945e-06,5.47472125676398e-05,5.424192035079378e-05,3.107006315219723e-06,4.862859024613101e-05,3.0765356378195905e-06,6.308030440997318e-05,4.985302621011054e-06,32551.877110225425,33519.54208651769,1565.5373513045602,0.0012183717675152298,0.0009659219562988521,6.841390874013988e-05
superconducting,0.0001868843670751437,0.000169610202720936,4.154017432854847e-06,7.885727462567612e-05,6.624865811935425e-05,2.992697873323214e-06,6.051858637054204e-05,3.5109077667858362e-06,8.14760635463819e-05,5.723376894974011e-06,55980.62745179901,55099.741412460324,1421.1318910043371,0.0004877523424437854,0.0006132917649658679,6.290568653564861e-05
superconducting,0.00020731198957652522,0.00021750314944967816,1.0674057192565957e-05,9.006385212828961e-05,7.289842820876924e-05,3.7644408768977037e-06,6.994609822402169e-05,3.495098536051128e-06,7.758044989739753e-05,4.2540955459782255e-06,46857.412069481245,43774.66059448941,1300.2272827060974,0.00012195720551074439,0.00022725273647171065,5.724258495668419e-05
superconducting,0.00012542131868212292,0.00011459899367429475,3.1038124119008048e-06,7.01848537923401e-05,5.4639662776793066e-05,2.6968251110152956e-06,5.002324282363127e-05,3.0999843749126706e-06,6.90059718432486e-05,5.468641485722056e-06,29843.721362594253,27886.941543457873,1629.169184023847,0.0013480925937541656,0.0013063694375472646,7.403352727425929e-05
superconducting,0.00012508682762448587,0.0001178775809721493,5.641548715326673e-06,8.059258710722603e-05,7.115969992931068e-05,3.7511620357797144e-06,6.497224658355842e-05,3.6613794804635145e-06,8.774695968412223e-05,5.104015601213544e-06,22276.801929039713,22215.00424488222,1257.8775303261266,0.00033257603907939647,0.00040094075758288056,5.9743051193424744e-05
superconducting,0.00017950467533974616,0.00017268967505921817,8.284308128725814e-06,9.298248553628698e-05,8.110834010130386e-05,4.143128207327519e-06,7.457166641807971e-05,3.9120198739902395e-06,8.830715896962614e-05,6.00581691639804e-06,45964.620689223666,45967.953386557325,1165.0120513661295,0.0014831661209196738,0.001385481183452987,0.00015538562681398376
superconducting,0.00020843345099583353,0.00021931415754917338,1.1031529929942716e-05,5.764850693984799e-05,4.4719153875780726e-05,2.3310085876218947e-06,4.1917119795897905e-05,2.7650794924821343e-06,5.160192864080036e-05,3.0682048421816345e-06,14608.584700356974,11366.015505353036,1976.7681003024472,0.000933326657574909,0.000977101856043335,6.859376096423439e-05
superconducting,0.00018339697428416743,0.0002245890729568389,1.059477023116477e-05,8.213588819143527e-05,6.514889723890373e-05,3.0228027190328885e-06,5.369473987304482e-05,3.1504310531679546e-06,8.387717684898177e-05,4.906879383571711e-06,42240.17109480849,43414.29778948639,1474.7866115945792,0.00027014035413729147,0.00029570247532116725,5.8218739628235486e-05
superconducting,0.00010665779920529281,0.00010704676117735242,4.208278663595836e-06,5.6542622811348205e-05,5.345045059409574e-05,2.9353180080507663e-06,4.698497802745555e-05,2.963947022871699e-06,6.915456110204946e-05,5.43542847459097e-06,60545.4291301897,58864.68581863884,1629.3443390224747,0.0014500194464097242,0.0012111292308173078,7.243178015168114e-05
superconducting,0.00012745209623893955,0.00011736767251923539,5.623730730029293e-06,8.110008187356584e-05,6.704807039008693e-05,3.7507367191936705e-06,6.073520843366962e-05,3.0197514738800193e-06,8.107956228950462e-05,6.051086099963838e-06,16374.499863604706,17392.431515579327,1361.3773930769858,0.000756930709205397,0.0008183577613744618,6.607003253131972e-05
superconducting,0.00013396173522654353,0.0001418174149012045,4.422656571225072e-06,7.39456000893767e-05,5.183146422462894e-05,2.6626999348614913e-06,4.971014644711042e-05,2.9159139517366106e-06,5.867676533993813e-05,4.868363861445638e-06,41594.82217553777,39654.834111235345,1619.6906293131208,0.0010377295196531114,0.0008726542344561977,6.692597287486465e-05
superconducting,0.0001014438820411628,0.00010518636721700463,5.1691824982911695e-06,4.333436264525688e-05,3.1020449773171464e-05,2.2791263979799496e-06,2.8806213231476243e-05,2.5294712933114032e-06,3.7018668128134365e-05,3.7916983966826443e-06,13572.334285742145,17309.9468747001,3205.7694986181555,0.0007277978349538864,0.0008145848410956841,6.601083670491462e-05
superconducting,0.00012519500326888013,0.00013006111359299084,5.186003911378746e-06,6.484062400904475e-05,6.103368263114732e-05,3.119727769303831e-06,5.8558896231816934e-05,3.372070699782801e-06,6.559358298580204e-05,5.2598119832303345e-06,29529.544798244016,29098.38486376843,1396.8358924324564,0.00018024842181020234,0.000216175271534323,5.708574291513813e-05
superconducting,9.38856806513992e-05,0.00010159810050254739,5.0670303617767405e-06,6.701593517419525e-05,6.099814215848579e-05,3.5985272326521824e-06,5.382791967290401e-05,3.1685820634244883e-06,6.646634086674452e-05,3.772910240415661e-06,21297.128068110607,22999.697262610658,1573.554879172321,0.000662242530300859,0.000735746409775981,6.478225650285213e-05
superconducting,0.00019891488567562565,0.0002021443957463845,8.724564444582433e-06,5.8156020613811687e-05,4.225929994552824e-05,2.3338256075401015e-06,3.805159537554266e-05,2.724968890356394e-06,5.384171509262459e-05,4.521041486728934e-06,27694.143662340226,24663.88639708134,2140.7963554131425,0.00041340787415422445,0.00039667665050029897,5.9680733878850096e-05
superconducting,0.00018719684398692393,0.00019052499527702653,9.174463070989113e-06,6.10456687208834e-05,4.971887441007156e-05,2.4684671163663946e-06,4.438019115882408e-05,2.8802168975899065e-06,6.448982781212564e-05,4.79084787405169e-06,52159.30550370383,51350.53525334982,1880.2730160686772,0.0012998121320677426,0.0013476947718338624,7.473566139317766e-05
superconducting,0.00010530322813756513,0.0001036988741576426,5.211589981096069e-06,7.080069801457706e-05,6.351900844240045e-05,3.6851802073245087e-06,5.7950182933197235e-05,3.2502994232957515e-06,6.95570925630483e-05,5.320289030112461e-06,25552.956710073042,24680.76458608997,1368.763780226821,0.00028211818360982356,0.0002047028980524793,5.692364190335082e-05
superconducting,0.00010802513638027271,0.00011689125848487451,5.7633835946617734e-06,5.158375002872921e-05,3.9841434447815214e-05,2.8337787990559712e-06,3.58842523161508e-05,2.3963798329638284e-06,5.295080414356311e-05,3.7172915249622207e-06,41205.123815820596,45666.03265839528,2303.547484852174,0.00021346588960688767,0.00023687180717813178,0.00012955294686759457
superconducting,9.706396044861834e-05,9.201143764434088e-05,4.026003468319495e-06,6.995009499505728e-05,6.950879917149896e-05,4.120582922222323e-06,6.665228537608225e-05,3.5097656993459838e-06,7.180429846665072e-05,5.5338702761112305e-06,49962.82255811101,49434.85345437295,1387.6228224572324,0.00035183955933039326,0.0004501037812459305,6.0464921980949244e-05
superconducting,0.00016596777962761493,0.00016734191970454627,7.60689081386717e-06,8.602616060313682e-05,7.699228416156981e-05,3.2957399301130605e-06,7.19365231798712e-05,3.946251082426786e-06,8.864909297325194e-05,5.992130785938253e-06,48627.84187007828,49238.1026474599,1242.447914592172,0.0010269067541898822,0.0011501415746560648,7.141816018709746e-05
superconducting,9.594927799879583e-05,0.0001014031491344885,2.3071009190981757e-06,7.501389404130428e-05,6.386696144361083e-05,4.075714885233221e-06,5.4826539210687005e-05,3.2400392042073264e-06,7.023204240208683e-05,5.320437947138105e-06,40270.015462364514,39243.487812152984,1336.0257861433608,0.0007251118045010316,0.0006941141210038925,6.413992748784747e-05
superconducting,0.0001359117022386298,0.00013072993939498652,5.759537906860553e-06,5.763360616342993e-05,4.2583542505791926e-05,2.2541772318004835e-06,3.693512040392189e-05,2.7112619918007333e-06,5.522941648451984e-05,4.056788242171649e-06,31350.174307725465,33002.64172085111,2147.703906855214,0.00032251836326347723,0.0002843863035646419,5.805652939053833e-05
superconducting,0.00013125061320336137,0.0001317922200298486,6.343119038907228e-06,7.193435008608961e-05,6.33949639609292e-05,2.5164750586956676e-06,5.420961517450903e-05,2.9899865724089777e-06,8.570384315548727e-05,4.403436194838491e-06,33054.31952554795,36001.90550876568,1573.7127002327625,0.0008621375123525524,0.0008837980265151631,6.710258140002515e-05
superconducting,0.00016087864552545526,0.0001482137054158853,6.806342808865596e-06,5.869697286666765e-05,4.776219768814679e-05,2.6344036380520866e-06,4.595301285499939e-05,2.8443754426392645e-06,5.867667151079324e-05,4.068235825551539e-06,25323.29527518696,25455.56967411504,1882.72776966531,0.0011898154295176852,0.0012277732529867565,7.271004385648238e-05
superconducting,0.0001874184990381669,0.00020663764751918692,5.649638816558306e-06,6.477221766780638e-05,5.319687976476759e-05,2.1492508358176133e-06,5.085923283170309e-05,3.1024310591353443e-06,5.464513071925457e-05,2.73515594903425e-06,61909.27879045539,63260.29535326722,1571.0204784282548,0.001119449746703451,0.0010630704273024787,6.998741811332478e-05
superconducting,9.770913949419568e-05,9.54915056807179e-05,4.448167404610413e-06,5.996372783113168e-05,5.926049397309948e-05,2.531577492898785e-06,5.632595528943753e-05,2.8748158963255453e-06,6.939537778153043e-05,5.3425611933623264e-06,38815.50689858589,38759.02101230879,1594.9220500931042,0.0004411029301031275,0.00043902476149689076,0.00013867729807979379
superconducting,0.00019525844221847995,0.0002234861102276638,1.0531779200309074e-05,5.444981077915745e-05,4.542106457967513e-05,2.4208582344585653e-06,4.079863063413711e-05,2.788207761017283e-06,5.9578027202310294e-05,4.8794943283412994e-06,53214.65746692436,53451.96039818105,2034.0359366286445,0.0004611754754294011,0.0004738741845553553,0.00010939484369074395
superconducting,0.00012527438181075408,0.00015543905561382472,6.863824456937292e-06,7.31771095621425e-05,6.224478826488655e-05,2.9292233894526128e-06,5.8527341113928056e-05,3.259087071092003e-06,7.787062182638135e-05,5.261331340264894e-06,44829.61660809303,46010.756323109505,1489.8767645209373,0.0006702701104118814,0.0006022233352888174,6.273796971083829e-05
superconducting,0.00020156240467178858,0.0001748591700226288,7.993219491668233e-06,9.336452253441592e-05,7.392737487378299e-05,3.1324026074080243e-06,6.770890800217404e-05,3.4888188388659797e-06,9.978227661528504e-05,7.113907306624473e-06,42155.189013922354,42888.94414969135,1300.1560685926302,0.0012250662554895671,0.0013385277529787594,7.457953863355064e-05
superconducting,0.00010237468800894202,0.00010044240901787955,4.519901308030857e-06,5.894030073746764e-05,5.205370821689718e-05,2.692573608069276e-06,4.4383541881939986e-05,2.906179743500495e-06,6.50766222604932e-05,4.422601062353266e-06,45379.03081585633,47636.22996129262,1747.1963694477483,0.0010317641516509708,0.001039238870822669,6.959918839630337e-05
superconducting,0.00018845958145042002,0.00020350928306038155,9.642972963990265e-06,6.401829062756803e-05,5.9676454858212716e-05,2.91863404519215e-06,4.830806728204198e-05,2.9370196761175227e-06,7.04210475430261e-05,4.070557065798952e-06,24586.44548861069,23458.87156754828,1617.80097528664,0.0008747178650514026,0.0008910280121970781,6.721733365956145e-05
superconducting,0.00020200016234752315,0.00018373272054368473,8.421146438725457e-06,5.9066398350172394e-05,5.3633556122340845e-05,2.437959636365916e-06,5.0704827713700424e-05,2.8227252771646016e-06,6.223345903207748e-05,4.836997205622804e-06,25368.01109521777,22041.64058122247,1643.075161094181,0.0012460073161472858,0.0012531241833017527,7.313522234687375e-05
superconducting,0.00014477791779764164,0.00013934019554977305,6.444613771547446e-06,6.106207492103286e-05,5.71117400612402e-05,2.843239487509086e-06,5.124844949757866e-05,3.038026700317187e-06,7.043276859115546e-05,5.142992943050402e-06,44463.48111308535,42750.86908156612,1577.5147094789725,0.0008405025500980074,0.0008760102080254714,6.697912533680006e-05
superconducting,9.005191806552988e-05,8.396030914128965e-05,1.140838156649471e-06,4.6367585605825305e-05,3.953868996239638e-05,3.110648115293151e-06,3.852359274839195e-05,2.765143278528229e-06,4.5344433773243255e-05,3.648910653157548e-06,34546.649012354406,33006.50847735926,2000.4626482254887,0.0003174742609896026,0.00032424025447968103,5.8629274189255885e-05
superconducting,0.0001405649194752562,0.00013613439894927267,5.944302939359089e-06,6.316301871501095e-05,5.528400717382142e-05,2.2774751692005137e-06,4.4938766810162455e-05,2.958400026621847e-06,7.033480120026761e-05,3.568340680348803e-06,53332.65071176918,51112.81266241505,1858.1359838599806,0.0008877361281746021,0.000961146654133866,6.83371854079741e-05
superconducting,0.00015282949394163032,0.00013668311333590034,5.875538464991066e-06,5.3846797744443325e-05,3.790212359338709e-05,2.2266639339363387e-06,3.426526402846169e-05,2.6538817893093593e-06,4.655017175443328e-05,4.092393238596129e-06,42496.38024811007,43679.77539026845,2457.095256761571,0.0011571284478817862,0.001515790756280072,7.763588565641641e-05
superconducting,0.00014428049785690972,0.00013661833923083925,1.9025344858088293e-06,5.227610379333567e-05,4.3697119968245053e-05,2.303290648448962e-06,3.984385548253214e-05,2.7876597887261248e-06,5.198705206921267e-05,4.088846880844168e-06,50151.953350930744,51822.41250196908,2003.061496542129,0.0013495157282284566,0.0011584280951651403,7.155532845285876e-05
superconducting,0.00011920336027118696,0.0001160115700235624,2.5880381868648777e-06,6.505899295251177e-05,5.267973133125258e-05,2.681273494764257e-06,4.804448949009919e-05,3.062165050357768e-06,5.8256406536779635e-05,3.979775326098577e-06,19007.336748022368,17076.70199747456,1684.1805251289854,0.000738442756857712,0.0006996874425975255,6.42256576400109e-05
superconducting,0.00017687182146454327,0.00017179554680714641,6.717343615211281e-06,7.58575754055364e-05,6.80171858800642e-05,4.381094848787605e-06,6.473534858151334e-05,3.102799385930892e-06,7.497550332896991e-05,5.9007721139140666e-06,56902.67621284951,58586.17408832479,1360.4790500931633,0.001603061319108739,0.001653230018534029,8.005954191314741e-05
superconducting,0.00015487316193912938,0.00018378708715564024,8.672289831663878e-06,7.351869476100372e-05,6.323664513411387e-05,3.1593329628185293e-06,5.738987964528765e-05,3.3330593500699806e-06,7.855381130067248e-05,6.0108478707207525e-06,40242.34452048103,39064.1146908657,1420.7136103026535,0.0007779707319473499,0.0008199069813013217,6.609434984885535e-05
superconducting,0.00011608598432471746,9.915760434413498e-05,5.016581041624838e-06,7.36210842905463e-05,7.096884061924529e-05,3.535236443925721e-06,6.300919607965831e-05,3.2499104971414645e-06,9.111190520239818e-05,6.642716578024239e-06,62487.79891831145,59315.03691970248,1378.324479324406,0.0009308202792374526,0.0009093053084378997,6.750802325144713e-05
superconducting,9.920614196306099e-05,9.262874129383667e-05,3.874447441318677e-06,6.195686374794e-05,4.521562949235998e-05,2.4065350764717795e-06,4.0881253399831775e-05,2.7630627461285568e-06,5.883512391523679e-05,4.89787778760297e-06,61269.65825351862,61917.246502533584,2071.8031547801866,0.0007617787581165677,0.0006871396567604859,6.403275723555232e-05
superconducting,0.0001813697236386525,0.00017926092514473587,7.323781839131048e-06,9.195409273889932e-05,9.144971345110805e-05,4.557129248499125e-06,8.222030030033409e-05,4.478754949393681e-06,0.00012330787457996898,9.615227262353405e-06,57154.357105572024,56855.98450012845,1248.1259005605218,0.0012567104284447947,0.0011737099564852287,7.180874932976614e-05
superconducting,0.00018589359254301386,0.00020524213652151692,1.0073786436417824e-05,7.638880346845912e-05,6.32389247998139e-05,2.9049009408936667e-06,5.784537667689733e-05,3.274920647263453e-06,8.314274414223618e-05,6.2911742304314726e-06,42854.33052770608,44247.97711995482,1478.2282369651664,0.0014380641675814966,0.0013817476561356092,7.53174650729351e-05
superconducting,0.00019892939318115306,0.00019565021831501855,9.274441051481832e-06,5.844003461173438e-05,4.6575079986114005e-05,2.4502907374578148e-06,4.257557306813594e-05,2.773038039378114e-06,6.0819071481269534e-05,4.801572908175669e-06,58110.97781832742,59791.24321628132,1988.8917517876266,0.00046714296674986276,0.0005618441064544288,0.00014273149591544136
superconducting,0.00016568933107380716,0.00018313425097838442,5.360525196694562e-06,6.030228111027878e-05,4.304698250386639e-05,2.1536939890986763e-06,3.868738020861037e-05,2.341191122003786e-06,5.719475536390292e-05,4.437444904706848e-06,56545.70035181742,57254.364885054834,2412.44257889148,0.0007897845974847677,0.0007972630632004715,0.0001279897677341994
superconducting,0.00016675389257660506,0.00013340344954801493,5.425537283773709e-06,7.492424503235618e-05,5.279674259407687e-05,2.8145455766155935e-06,4.944161757536825e-05,3.0953005176275183e-06,6.881523721368165e-05,5.249424679268536e-06,14197.006263542684,14532.395896055095,1669.892658277549,0.00035117913067874904,0.0003449001527953399,5.892778839698897e-05
superconducting,0.00010789959557866464,9.828232129155661e-05,4.622277747523271e-06,6.361603559098031e-05,4.7083264484888177e-05,2.702855963716809e-06,4.304455849670288e-05,2.8967232390766995e-06,5.4791588588938227e-05,4.2670955878908055e-06,39044.369281973624,38903.377892811935,1848.6474801117597,0.0013706788865455182,0.0013063848001510152,7.403378748254471e-05
superconducting,0.00019156734359011067,0.0002034679934210388,4.408144592309016e-06,7.519070171595238e-05,5.3124764037207154e-05,2.6067037876902703e-06,4.86245875527929e-05,2.9852204463293485e-06,6.757139689115882e-05,5.348659514950825e-06,56266.08990997131,57539.83077671274,1739.087889601201,0.00016339543430268875,0.0001268623764142225,5.583270672087334e-05
superconducting,0.00017260541734960867,0.00016671207014085052,6.732218193236542e-06,8.322450782157239e-05,7.057548610625191e-05,4.2940148001862695e-06,6.041204696321776e-05,3.3695727757179764e-06,8.30603439430466e-05,6.410043356852438e-06,26221.830426850116,22733.127234931588,1375.9128961854494,0.0011190693277430966,0.0009630233054639054,6.836733004176141e-05
superconducting,0.00015307151756655327,0.00014754103849192124,5.4664653750541775e-06,7.095604537598864e-05,6.352203355640152e-05,2.67309896461266e-06,5.638065262460782e-05,3.3362238849425814e-06,7.056898191595152e-05,3.767814972066557e-06,51377.90477488924,52220.18198377397,1562.5622202263253,0.0016949562581526094,0.0018576419255989366,8.375034907476351e-05
superconducting,0.00013373389332261342,0.0001308347280976707,5.505828868216943e-06,5.2861966623130836e-05,4.3419365722869285e-05,2.8835320764893274e-06,3.7940274079139734e-05,2.4554597983886468e-06,5.2347942473850196e-05,4.409619112914891e-06,58645.72103191108,58947.49547790857,1988.413978208618,0.0014069929408223561,0.0014616367736952204,8.110959175495885e-05
superconducting,0.00019124985654355434,0.00020466095833843292,1.0138642959873372e-05,5.708072011583674e-05,4.350021216290767e-05,2.2812518535879355e-06,3.8866494322335794e-05,2.751588354726241e-06,5.172817053914669e-05,3.8006443196624636e-06,46828.438169571884,44267.36777459524,2082.1447268193997,0.0016055343459521396,0.0016384603290666583,7.97968425858322e-05
superconducting,0.00010758434906311797,0.00011963083372292676,1.7987089719393539e-06,4.5127379558181865e-05,3.463086252658786e-05,2.2975894938009422e-06,3.115722579239025e-05,2.5822266455925686e-06,4.230972657997011e-05,4.095155560891918e-06,45641.8379931544,48165.764887889876,2742.0252812052613,0.000599514439097941,0.0006064461615133081,0.00012210837044614818
superconducting,0.00012629510983861228,0.000133330121292926,6.455370202633962e-06,4.8544212954653106e-05,4.1515419989260124e-05,2.927385361829657e-06,3.462757414654002e-05,2.650606232281698e-06,4.9909296566084556e-05,4.360380019879557e-06,43385.55456773063,40041.98302981874,2235.4533014658005,0.0016374056171708257,0.0014628218615512969,7.671435841305723e-05
superconducting,0.00017104164018205264,0.00017991530212071088,8.071701183941087e-06,5.973643998831526e-05,4.957120897587411e-05,4.010598390259483e-06,4.259438284788532e-05,2.8842910320119653e-06,5.885108385203235e-05,3.5342755559479897e-06,43193.29374628582,42089.96638847014,1665.833950642422,0.001312104473948816,0.0013258852514541164,7.43645724605383e-05
superconducting,0.00013548503510767438,0.00011760692796007988,5.632083769667139e-06,7.552955946103379e-05,6.328140818623911e-05,2.589752360978009e-06,5.729880417201323e-05,3.359025066697247e-06,7.100197602291666e-05,3.919436753263167e-06,13719.425394717822,12845.508879827104,1401.3278548803964,0.0017411893544098044,0.0014824518992403103,7.705505520414818e-05
superconducting,0.00020665765948930056,0.00019630462883589526,8.687235968669096e-06,6.921788166332057e-05,5.799115085473923e-05,3.255485975616966e-06,4.989169617586022e-05,2.95930543635365e-06,7.81144212328211e-05,6.0769744643211594e-06,43397.86219284395,41739.21057777631,1587.1416176484736,0.00014569782442660077,9.968076089130654e-05,5.54554185915698e-05
superconducting,0.0001489271355831403,0.0001725978806867006,7.05977695947204e-06,7.116073706547426e-05,6.087471778965847e-05,3.1118810798589493e-06,5.850038289826734e-05,3.3457481218487016e-06,7.609931572138048e-05,4.503089190612762e-06,53494.63139396694,52098.51654576695,1461.3830266967188,0.0010771333135953806,0.0011916549620121608,7.21070903482584e-05
superconducting,0.00010725521010484779,0.00010371264272636372,5.215662139564754e-06,5.548999496923923e-05,4.572327605010156e-05,2.0063601296115083e-06,4.4245044465694704e-05,2.377893401968296e-06,4.937642081036868e-05,3.738131579552886e-06,17188.41884768357,17361.106263100723,2061.827119248656,0.0006690365560596112,0.0005334829176641712,6.170343170028052e-05
superconducting,0.0001066806931370829,0.00011900890989260056,3.0643659543221163e-06,5.694593223467842e-05,5.101087587505489e-05,2.4971877932978194e-06,4.831564885610452e-05,2.9243410411512943e-06,5.826846325934153e-05,4.798731825442704e-06,35522.18998927382,36169.09317143239,1662.5486470782046,0.0012150620748394327,0.0012456466882389316,7.300964282497522e-05
superconducting,0.00017504441407291147,0.0001637367665731387,7.108556820995432e-06,8.995806177821169e-05,8.347451573884794e-05,3.4517147113449245e-06,8.266403729470738e-05,4.349027818782107e-06,8.485404621774958e-05,5.673970864409136e-06,23642.227715176516,23804.3184558961,1129.7372199907534,0.0011461019527422927,0.0011735941965833989,7.180682744320144e-05
superconducting,0.00019153506801545603,0.00015641359942282585,5.041596599207161e-06,6.574100812407321e-05,4.425192295792363e-05,2.235935155671125e-06,4.0897930927808065e-05,2.6359277527705293e-06,5.2856577172078425e-05,4.222009447306253e-06,16556.156035327724,20527.784069566256,2076.610003334939,0.0011178367801382987,0.0010397991265242402,0.00015330944518104325
superconducting,0.0001082573035556401,0.0001140344325755502,5.065882247770395e-06,7.453328868533916e-05,6.179611217800505e-05,2.5688284338494364e-06,6.0132093282048426e-05,2.7443918630297103e-06,6.869849479431884e-05,5.404468179436782e-06,28539.365603140897,30165.097197522922,1430.8198974612212,0.0007101358028940585,0.0007593103690519258,6.514779186063493e-05
superconducting,9.921094798177678e-05,9.776627085555116e-05,4.915572819505198e-06,4.424240561159909e-05,3.6008214838359605e-05,1.997167131687291e-06,3.272417261678592e-05,2.383860847981055e-06,4.374026050521378e-05,3.657831875004684e-06,18312.43629545576,18022.990693480104,2547.3915172987145,0.0015605738833856329,0.0015797954794319288,7.875873748624973e-05
superconducting,0.00015271566385133243,0.0001448570141717799,6.937184120282639e-06,6.106618860876183e-05,4.781966047538714e-05,2.4495402488357487e-06,4.420672545478404e-05,2.893996081240729e-06,5.6947582770184956e-05,4.599957619930272e-06,14789.39542670344,15625.505554206135,1774.9989703535018,0.0011026604003104405,0.000856403700721671,6.666900286898403e-05
superconducting,0.00018242074865074744,0.00017960934183265735,8.220299589099853e-06,9.326213137773112e-05,8.35592057282966e-05,3.425576574390519e-06,7.718952162179435e-05,3.083320550079216e-06,9.371125384812923e-05,5.516994134494666e-06,16549.408314036333,15388.188417868489,1246.2481146116377,0.000751089764470574,0.0007676377582123863,6.527731171479726e-05
superconducting,0.000207709871944425,0.00020278209487616444,9.30288175658572e-06,6.085031579252163e-05,4.746845307780964e-05,3.127630804466937e-06,4.0934393006647555e-05,2.8227933215740106e-06,5.57259202878648e-05,4.705767109060845e-06,57297.094307957515,54328.18414045517,1911.030246721114,0.001566995832349248,0.0016176474637860853,7.942757253591737e-05
superconducting,0.00013309740795054955,0.00014802365525489917,5.682339324379616e-06,8.419804448468751e-05,7.732636562023504e-05,3.251278177493709e-06,7.329299928071471e-05,3.60290296520586e-06,9.50168965394784e-05,6.3195586184577595e-06,43210.36776855006,42832.985063152075,1251.8991318525036,0.001201011833689476,0.0012733543291592376,9.93276580342763e-05
superconducting,9.745394072689633e-05,8.275085173781986e-05,3.093062928398652e-06,7.448111309091027e-05,5.642415687193471e-05,2.7991462300135515e-06,5.777950778428973e-05,3.363710898687264e-06,5.450785596080908e-05,4.12295189944799e-06,34552.31954365591,34906.62847924647,1394.3040544321614,0.0009813226833427905,0.0010421644153362018,6.964676916342096e-05
superconducting,0.00012138955554535553,0.00011222289383668461,5.104529626252197e-06,5.188173911481908e-05,3.634623288241103e-05,2.32554716696076e-06,3.337790074944675e-05,2.6323318432025444e-06,4.690062465512324e-05,4.3176368193338926e-06,50174.623938462646,46256.660139338084,2642.4368608246023,0.0016197826610664559,0.0014799403474688969,7.701141125830959e-05
superconducting,0.0001229372014978167,0.00011897131439783273,3.868419819830974e-06,8.222790158345845e-05,5.894887068739642e-05,2.748143509539656e-06,5.500913083155113e-05,3.2463554950107357e-06,6.891162220280956e-05,5.1624035671496926e-06,51041.713543833815,50889.533694957216,1493.4253753384296,0.001296888818770407,0.0013589024444171354,7.492682578839073e-05
superconducting,0.00010059784724972696,0.00010847563534811286,3.6681552325612505e-06,7.30703081682594e-05,5.937746240137825e-05,2.748593470264749e-06,5.6531390719769816e-05,3.297237166612402e-06,6.585963341069418e-05,4.9760818077907335e-06,34585.345809428574,34810.42886426341,1521.0447161374411,0.0010223823094152847,0.0010819119356980126,0.00016364250191110353
superconducting,0.0002051783205430933,0.00023126487388718664,1.0981065130759676e-05,4.779188029848722e-05,3.957929174362174e-05,2.150621867621359e-06,3.6479826840437095e-05,2.469285408439315e-06,4.9316830544545804e-05,4.376757949099094e-06,38685.500068978086,40086.5165370895,2459.4416796328214,0.0005064251034745678,0.0005567559576029923,0.00012261530098812255
superconducting,0.00019199920351352907,0.00018034469137606928,6.50292204400821e-06,8.437442257573434e-05,7.239539839664335e-05,3.3870503445349657e-06,6.826426609625036e-05,3.0580811559678744e-06,8.278803393140999e-05,6.35077533188816e-06,60262.71726738338,61281.02657011078,1303.130287167452,0.0015127189465356913,0.0013439421724590474,7.467172558743873e-05
superconducting,0.00016538385583157652,0.00014410602094168642,5.884878477435502e-06,5.1554629136311097e-05,4.003963194439704e-05,2.5470562677705806e-06,3.742565272158612e-05,2.7322745382952514e-06,5.738232385448306e-05,3.7171383154220373e-06,41797.406570584135,43387.531554917434,2145.3006566729687,0.0001904851847019267,0.00022452497770218677,0.00012812347453641334
superconducting,0.00020313015879511298,0.00021772509977959978,1.068473590770228e-05,8.966474426881319e-05,6.879737533958694e-05,3.181955884763488e-06,6.235316976780938e-05,3.5599593584497236e-06,9.439965370584753e-05,7.095772035379887e-06,57479.76965972605,58103.39289311923,1380.4610305040485,0.0011246206546097783,0.0010427197950448935,6.965580426957077e-05
superconducting,0.00015362412615458612,0.00015650204495313837,7.481291333800648e-06,7.353806900410412e-05,6.137641758598234e-05,3.986581709980777e-06,5.72621410552508e-05,3.2301747849178843e-06,6.932616293604002e-05,5.406891852642973e-06,38303.36920517609,38818.2948596802,1367.332788679067,0.00013646328036135495,0.00013842169786128204,5.599372742208912e-05
superconducting,0.00014635845655412743,0.00016279412490411913,3.699294757601758e-06,5.353577694884007e-05,4.202765969096409e-05,2.3646495242063756e-06,3.692762931106852e-05,2.7185218825993e-06,5.788115141221215e-05,4.793016418903972e-06,55951.14843912168,54535.50782042766,2207.7019239490714,0.00012600430129608968,0.0002378199836896407,5.739249694644522e-05
superconducting,0.00016920816767715356,0.00014743725140222195,5.003639781454824e-06,6.062871484627424e-05,4.693501591089912e-05,2.8934641844401344e-06,4.001634811277085e-05,2.790713883091368e-06,5.549586877098089e-05,4.3279837938859896e-06,21697.576974413998,24224.89090568679,1911.3412430869346,0.00038484756265396293,0.0004587884396567934,6.059308776299764e-05
superconducting,0.00018621421051933008,0.00015558993596273275,6.797563606004136e-06,9.29990238127776e-05,7.365224148694657e-05,4.305057738309056e-06,6.841227285675577e-05,3.587496433269481e-06,8.483689493621763e-05,6.55020968453753e-06,52275.64408427732,53600.120066122356,1385.8407926695324,0.0002411029365782469,0.00026674179092108874,0.0001323906054208693
superconducting,0.00014873259517767076,0.0001518932314477095,7.270215857922053e-06,7.979716732701156e-05,6.347601286474325e-05,2.680226707828384e-06,6.246387873626407e-05,3.102711718846357e-06,6.645193289428471e-05,5.320261995907856e-06,44115.77979647575,44137.408424669775,1403.8646014935725,0.0015059604671396692,0.0014181142753545164,7.594201696199332e-05
superconducting,9.629268160843733e-05,9.537689363241407e-05,4.291692995667167e-06,4.6551396682332255e-05,3.5370924870266135e-05,3.1412912534150455e-06,3.204335223555068e-05,2.5929396606849414e-06,5.12889645188131e-05,3.830159873443429e-06,29577.637834118425,28354.371112647557,2490.382358168238,0.00014109986185754006,0.00019763011776445733,5.6823874261127856e-05
superconducting,0.00012846599997751558,0.00011518220168727233,5.27940540083478e-06,6.975515596824957e-05,5.847109848049359e-05,2.847545827503566e-06,5.611762452500411e-05,2.6187701467857325e-06,7.109681220519229e-05,5.570281225763047e-06,28106.19618408524,28439.19906373223,1551.1010651938964,0.0004940885360577948,0.00038297725518428245,5.9480842496341523e-05
superconducting,0.0001986788438857942,0.00022690231071973105,5.815078333724438e-06,5.139054937066887e-05,4.5821243052783616e-05,2.8506014071860237e-06,4.418871474515962e-05,2.9339114298408575e-06,4.755784623617265e-05,4.095105695042092e-06,14502.454099106211,17919.4469093444,1737.0465062628352,0.0016759889023921014,0.0017777870359534799,8.22963302816154e-05
superconducting,0.00020580463033359787,0.0002038075069260337,9.447870827284741e-06,8.286281708047069e-05,6.713923792731883e-05,2.427306863862895e-06,5.5750917168798496e-05,3.291448179499886e-06,8.071683118938767e-05,3.493050204378288e-06,19872.997799032415,22769.57863238916,1471.8077387934675,0.0009030690528494542,0.0008782259928508095,6.70142351430405e-05
superconducting,0.00019608102676774253,0.00018447468143692258,8.932470667147933e-06,9.16553606769917e-05,7.690476240762531e-05,4.732400774248816e-06,6.0851216203985776e-05,3.403992079719548e-06,8.982358849381954e-05,5.991227882844394e-06,57843.109954732274,54232.58120763516,1349.1589844297193,0.0014583666200836262,0.0015752637193961845,7.867890062196478e-05
superconducting,0.00016346763882925025,0.00015902462261051966,7.40978796694336e-06,6.594796627569672e-05,5.4986258569189475e-05,2.6960197435781485e-06,4.9701716670066944e-05,2.909370931459224e-06,6.770708716112003e-05,4.97645895673706e-06,23517.47673806621,24556.354026554098,1661.0431779912553,0.0013971360900358679,0.0014123193910607066,0.00016891600077142632
superconducting,0.00010149870391143329,0.00010805388713467964,2.905957618569146e-06,4.478360618663686e-05,3.3538833082498266e-05,2.30796774003048e-06,3.2093074724650464e-05,2.3709589165241866e-06,3.599129848584195e-05,3.789791003404952e-06,52111.29886527997,52239.82361915374,2685.931644045679,0.0016938010457516143,0.001799119946873372,8.268324255158255e-05
superconducting,0.00012601555960481723,0.00014172086739066783,2.3993746476846164e-06,8.058010959784369e-05,7.885526477334914e-05,4.452520276329677e-06,6.781515521640531e-05,3.78688354112826e-06,8.746508111410621e-05,5.485892167241722e-06,47457.0857561551,44901.2989852773,1212.344770298006,0.001379338106528818,0.0014607627588704704,7.667867667672807e-05
superconducting,0.00013619296809181354,0.00016212511982122054,4.762887373506404e-06,6.403365518796912e-05,4.977984395542827e-05,2.4173272328014226e-06,4.309915544830047e-05,2.8225044630468586e-06,6.816764276771992e-05,4.682619804123687e-06,16205.466776579713,14563.724502762865,1895.0371463619886,0.0015590427274779581,0.0019382504051984476,8.523380853775669e-05
superconducting,0.00010713961697330549,0.00011225818697296807,4.686509625107519e-06,7.240979873560007e-05,6.787718530522357e-05,3.820922924154306e-06,6.433041626563524e-05,3.3351598112474483e-06,7.541354899065242e-05,5.743930808845679e-06,43523.92277950362,42991.19304411162,1373.923387592705,0.001741454557646864,0.0018273206204269911,8.319641998024911e-05
superconducting,0.00016896565297099746,0.00017808930231408157,8.61721621024941e-06,8.85305783333449e-05,7.493802040416158e-05,3.776819716773255e-06,7.285058925944573e-05,3.476951525685535e-06,9.533886384369004e-05,6.700347782327856e-06,55449.05875520923,55657.408785446794,1266.608597237249,0.0007953543557431745,0.0008748013625551639,6.695997611388782e-05
superconducting,0.0001661799581590008,0.00018782182413305297,7.867672823860243e-06,6.490406547698308e-05,4.885495474291669e-05,2.5182440912779973e-06,4.631064394566021e-05,2.9151683632350946e-06,5.499824326920697e-05,3.842623146215894e-06,14746.085433567203,14472.471563670797,1703.9478395166907,0.0005574146885649591,0.0007061021694866586,6.432442942702044e-05
superconducting,0.00020297065222465264,0.00021036286565683668,9.16915857721118e-06,8.609819668722194e-05,8.667799717353116e-05,4.2346783869422755e-06,8.028305639266731e-05,4.150305778613204e-06,0.00010251636323676469,7.895946547685677e-06,19067.130834920757,19374.097857916226,1159.3666805178955,0.0009868619762893242,0.0010218123118899726,6.931621725568007e-05
superconducting,0.00020221063121149893,0.00019835170844332092,9.548925342095143e-06,8.065840255912742e-05,7.277516828228465e-05,2.8939639494579303e-06,6.976286290350347e-05,3.1345979001122882e-06,8.940517317932106e-05,6.8960747819983145e-06,33434.833070093846,34742.022231488365,1301.3147499281865,0.000600541864104559,0.0005614226527096064,6.212245412446236e-05
superconducting,0.000107655947430919,9.556088055563184e-05,4.96140365816708e-06,7.748434975883603e-05,8.263150187391215e-05,3.4368492687139724e-06,7.856578415294927e-05,4.246287801397286e-06,9.035360749857413e-05,5.20012920031056e-06,55157.16627043539,54531.654473860304,1212.0922683570516,0.0009455125285000528,0.0009866945399505643,6.874833431468054e-05
superconducting,0.0001300994825654109,0.000151391149608435,3.1018511436364383e-06,7.58735990804038e-05,5.9603909229856835e-05,2.7496857167726173e-06,5.4842545393637365e-05,3.2609074616529915e-06,7.131967909201068e-05,5.115148024447239e-06,48730.12003319514,47236.537754819066,1555.4874959979743,0.0007054213504337548,0.0005846296696070118,6.247202727048151e-05
superconducting,0.00013727192054420137,0.00014931652293237552,5.5618446846861455e-06,7.801014556973157e-05,5.266737239323452e-05,2.643596788699783e-06,4.8128544739596215e-05,3.056096741408369e-06,5.7430921252910536e-05,2.878660132041375e-06,61813.31265134265,60098.19565167072,1599.5925478233808,0.0006910401666130176,0.0010183347451379545,9.971033413833605e-05
trapped_ion,10.004596917313645,9.896836665537636,0.3702727281144061,0.6287360329441111,0.6058120901693673,0.036771291070264875,0.6123295756888555,0.020937198177668176,0.586245778615464,0.05042718524583889,5.238152540475368,5.979240746322979,0.14080317925903812,0.00038894964982273325,0.0003776042133475491,6.207283120010756e-05
trapped_ion,9.715788223153288,9.156311901374943,0.16101091374048065,0.6755988800905262,0.6454409976864296,0.03184231698399768,0.6342224313929873,0.03496803474513325,0.6999104693372951,0.05701847928025153,4.425836584412605,4.596390193968784,0.14401987380949619,0.0008240053969570896,0.0007071248318612821,6.703164965583609e-05
trapped_ion,13.182544777311234,12.922018961019598,0.5539494710499416,0.9552860193591937,0.970853037578916,0.02635808192165653,0.9380913897774008,0.026417139501769105,0.9928025760351556,0.02777999921984414,2.550603274130371,2.6380185164629997,0.11096257547197558,0.0014556257926547644,0.0015442792865961177,8.074428910281528e-05
trapped_ion,9.316197804739385,9.312740507349073,0.3767197941004099,0.9609122652259492,0.8713179472378281,0.0524032840807781,0.9444133809622018,0.04815606827858177,0.8482559046212256,0.057094594275546126,4.845049466614543,4.450977083547502,0.1040842540833421,0.0014152289257167822,0.0012957561325014,7.651033862470313e-05
trapped_ion,6.914463578946245,6.748272440563076,0.2885126409831238,0.7358164469463343,0.7043253635568006,0.036297764523574645,0.8128122131897069,0.041988555300228374,0.630104487514495,0.047105301273317954,1.2133953276207796,1.1230958334785355,0.12566444015685913,0.001864208650507045,0.0021460571091206477,9.153978261944973e-05
trapped_ion,7.656115809731993,7.104639507296321,0.18021702510911605,0.9843536790234747,0.9487487689586519,0.04237978851196668,0.9443884646254802,0.04744477150565352,0.95742613357569,0.07328251381407103,2.5894342015342584,2.5325708871855683,0.1077426078177799,0.0003633112940281883,0.00045371364154556966,6.319566213306763e-05
trapped_ion,11.831303403735266,11.86749691110207,0.35527272344115723,1.0560753394404359,1.0416077509147976,0.07029818891932055,1.001732732049522,0.04756117151938796,1.0533421543515957,0.07997572478913764,4.505099109313499,4.126273930637183,0.10676974685879151,0.002068536890204965,0.0020228585522217794,8.926887181871375e-05
trapped_ion,12.903896523536492,13.018239193273951,0.6297521552727912,0.9798955182953413,0.9392792171399316,0.019172995766362,0.9765112939629721,0.04977496719045335,0.938874963414681,0.01927680181584976,4.595003004811441,4.40709032359416,0.11333673348634099,0.0024828786060912336,0.0027674235726236037,0.00022325824978324202
trapped_ion,9.282730585230368,9.314943228291005,0.2554363803727231,1.2975541516373919,1.263400963576649,0.04060677708201141,1.246191483113887,0.06386824290978971,1.265195816485613,0.04267179988100874,3.4162978982422985,3.302802497393051,0.08779973034637024,0.0009824400166483045,0.0009918376460815736,7.151834733060357e-05
trapped_ion,9.531113300771356,9.596467970985366,0.2515306523663196,0.871666298935691,0.8941888808558204,0.06108026089927455,0.8762474070287309,0.04483502874678923,0.9198392104242148,0.07038288535854761,4.421133547724413,4.20802268153155,0.1328430142628083,0.00176674607295982,0.0017280751554422857,0.00018855357862789283
trapped_ion,6.704180775770034,6.316508019186182,0.2500496372074195,0.8255699896280922,0.7570562485496238,0.05474026110477197,0.8115524184531645,0.04332370196141991,0.7173423914293575,0.057946289260923,5.548634872615878,5.167578399196589,0.11871411990590568,0.00248746996612338,0.0027275324432758747,0.0001026588752809522
trapped_ion,10.130576950367672,9.614242870289456,0.4419368888878062,0.9192249837854571,0.8328869399655093,0.022202901894828188,0.8803743313742315,0.041966804396789986,0.8298266347834268,0.022907161001596548,4.269428031701136,3.8933400869369645,0.11270154618002348,0.0012123441370804743,0.0011564289003836116,7.419616184785759e-05
trapped_ion,9.037949621162182,8.816099018001928,0.3534847347193964,1.187339052237675,1.2961894401979237,0.058528823473463235,1.2895788572047875,0.07046344035021807,1.3059424656462932,0.09208511877586274,5.128527482265047,4.7248628311150895,0.09297399114222604,0.0023835215320422167,0.0026788662838042867,0.00010170369302637953
trapped_ion,6.5397852825978475,6.201967726055724,0.2690247878253554,0.8494285559314791,0.7909404947916745,0.047724858194433714,0.850089684765998,0.03955626132606915,0.7781895940673523,0.05261807613384935,5.0368873405220675,4.680133712697418,0.12020307432910313,0.0022811675720383257,0.0023737630990775236,9.581653097529911e-05
trapped_ion,13.013473364251048,11.712560233292729,0.4583220580350124,0.7579263592765186,0.6797235675156706,0.04357038604183748,0.6807044158946683,0.036420161989170446,0.6793221411163988,0.05172347089002038,4.472469133963041,4.226973659948591,0.13958396188666025,0.0023822648843611575,0.002861115528491933,0.00010530301490566677
trapped_ion,8.503923538839711,8.278971331268597,0.2410717589114601,0.6543925789410674,0.6652538054129767,0.03049939992521791,0.6467096042992376,0.0365200938139712,0.7080044855304213,0.05544971704517514,2.900767437756194,3.1152783826442816,0.1386843838963103,0.002434158468112009,0.0023515361508191428,9.539459391975679e-05
trapped_ion,8.544465586565597,8.2650048880778,0.39992372013086547,0.7811197897090237,0.826506232376913,0.03371415064911527,0.7869781111445783,0.040673492488697775,0.9132946261415744,0.06026833647861351,1.511011316698852,1.3280923256533694,0.1203048054085587,0.002088609645510954,0.0021117893434782647,9.090506028786934e-05
trapped_ion,7.800331434332392,7.445105568907023,0.25836494129590487,0.7615436510095508,0.7461387425794435,0.04213767063520459,0.6846647577068792,0.03654000971946304,0.7688692617425272,0.049316528987805225,4.483967739387254,4.19041110067803,0.13418286556634287,0.0002531360155408049,0.00026156822688642274,6.038714441014316e-05
trapped_ion,9.506999466464949,9.305192121690826,0.3601833490178215,1.0694921129084278,1.1385608674042376,0.04531600020845046,1.1919289339141457,0.060275310580726604,1.0691791804596238,0.06872601300084115,3.2944103983676802,3.2739293010561075,0.09504089063555264,0.0011058417962727233,0.0011703644183292286,7.442568021753812e-05
trapped_ion,13.578454050293207,12.394567724552477,0.4987966270470777,1.1437089485133443,1.1768438650382738,0.07227149364996477,1.0452433304983242,0.055784374069663696,1.231117067893139,0.08589091306414609,4.763245360372696,4.552547108096688,0.10201054904828054,0.0011201623548069718,0.0010432551525734815,7.234832374792743e-05
trapped_ion,6.000917601874391,5.890844706899808,0.31446236795956845,1.142385061696662,1.1415147708667308,0.04566921423324921,1.2783024442043134,0.07002044380526903,1.0402452841167638,0.060247729161527756,1.1311788979300905,1.158334984153025,0.09157678110850258,0.0015749696965112207,0.0015793286991586549,8.135218849776287e-05
trapped_ion,13.999757353414397,12.584765874722606,0.6046517613582683,1.262445632107292,1.218741294911622,0.062068432118534446,1.2827126717463586,0.0699380663380646,1.1997886109369242,0.035066706304671416,1.8328524459813673,1.6507537010414768,0.0893712506753953,0.002468943687803829,0.0024169428637428624,9.663894874815571e-05
trapped_ion,13.047094034013064,11.54590510297524,0.5246045587093194,1.1532873069497331,1.1205144962017741,0.07422362851961918,1.176944923180798,0.061949475307175164,1.0364820516947577,0.07958986571394916,3.391885731435681,3.380913040308326,0.09207228818252337,0.0020831876868069145,0.002108667686655901,9.084735662911627e-05
trapped_ion,9.941987073287915,10.163614139479623,0.457407185042926,0.61775099814749,0.6073964490293993,0.028895803550514222,0.5816810760213588,0.0319861826081654,0.6281107700192241,0.038827217866966315,3.5577226011804965,3.844482241596896,0.16494375552163404,0.0016712472311560152,0.0017954066817886683,8.515765749711232e-05
trapped_ion,9.08031045989123,8.970364395223717,0.362124099791552,0.8048019706709569,0.8334740170108634,0.03970860809952328,0.8066651936572017,0.04185274505773714,0.866507803810897,0.059326817442928614,4.812769938950996,4.842752346108334,0.11651799070344541,0.001410375899885466,0.0013811579644860932,7.795006518194437e-05
trapped_ion,7.891872503246759,7.477567419371131,0.3136933243482298,1.0194735174701839,0.9928190488694072,0.044158874044714885,1.0104127451538163,0.05151974976603029,0.9817899179927972,0.053873586985086035,4.7668514315378765,4.492153286583852,0.10921496108915589,0.0016517886890585834,0.001695381565148327,8.338376706206977e-05
trapped_ion,12.67807552166529,12.296209074008338,0.3784472025140046,0.7609064546220748,0.7065971967866616,0.045516791039243665,0.6945710536160691,0.039745483050325395,0.7118570535658374,0.054570220076173084,1.456309531200632,1.5707963267948966,0.12850965387929827,0.002136419197754044,0.001989574836207258,8.866062545059645e-05
trapped_ion,8.36394872220839,7.90201917960374,0.17899465562487848,0.6657495587865677,0.7281306391092605,0.03579003348260787,0.7285773127358102,0.04082464011102811,0.7274979210023149,0.05563607618996803,3.991794822730755,4.051939124785465,0.11984430354239597,0.0003851678922138902,0.0003515428997427412,6.169147532707522e-05
trapped_ion,13.212599368967338,13.563693229150804,0.6636831702871903,1.2372139779203024,1.2503878318471675,0.03541802168720935,1.2531102005162298,0.02333542724128841,1.2223403628588465,0.09444671808082991,3.291659448856339,3.08912655803941,0.09216296285241798,0.0005066569871493325,0.0004469846295728405,6.309584314958168e-05
trapped_ion,7.1233227003867094,6.541000747537623,0.3242126225717292,0.9541389471966073,0.9125817805373815,0.04155453434709511,0.9777397515104876,0.04282383806235086,0.8603744217841277,0.05577050226312168,2.8104936132060785,2.74028689895002,0.10504514628777804,0.0022554231882330735,0.0025438228807331265,9.907622260047081e-05
trapped_ion,7.258086118237376,6.5371004230862795,0.280410970163032,0.6336354208551953,0.6013244915193945,0.029157678171346336,0.5796245352174431,0.033195940566324376,0.6163505002181299,0.023518534891517163,1.847195879238746,1.6507537010414768,0.16249318304617325,0.0017245868663375255,0.0016842028073260178,8.318682897904074e-05
trapped_ion,10.834719467931455,10.667209288966502,0.4078925422040491,1.125704685703748,1.0654470262495195,0.0649089233502732,1.0083314347168721,0.05448099946934744,1.26839593906809,0.09752921414296106,4.233832656859203,4.143888769327187,0.10196387346210807,0.0011084095826451091,0.0011545237764600314,7.416481815513686e-05
trapped_ion,11.53890762693582,10.633361978729031,0.4074765971354063,0.6270443168375318,0.6109510836053107,0.02864997964683162,0.6242437093628346,0.03541393752607132,0.5857717037962206,0.04874065289228729,1.235000797216271,1.2761719985377187,0.1426999682264286,0.0022276778797598214,0.0019221544480736246,8.743548334005057e-05
trapped_ion,8.898447726420894,9.352750893442105,0.43270805782337485,0.9751731228388479,0.9658839466235976,0.03426731746296311,0.9436728163333993,0.04032994219515991,1.0235535965350808,0.03309143728543204,3.5548434566311,3.3409299585721173,0.10850289233233665,0.0020984998116846797,0.0017921646685595835,8.509983268267668e-05
trapped_ion,13.926469479490502,13.701360122472746,0.6711605658794139,0.8132695979671893,0.7590527055971288,0.04320220782463899,0.8351768164685963,0.04172749037208542,0.7053184560442824,0.05642606733849123,3.9998017013876366,4.34233886661561,0.11753486454259825,0.0015935116789459148,0.001645095153695344,8.24999491009437e-05
trapped_ion,13.092726451352279,13.508218285377067,0.32063909527368667,1.1703402495888136,1.1302699922356687,0.0734763359847616,1.1680109375868137,0.06154411301061269,1.1188038099931048,0.08389867678783534,3.861231094368393,3.5569020636683213,0.09730637870203811,0.0012990371549988179,0.0014382460336561382,7.89213883827799e-05
trapped_ion,12.20935034508506,12.262396411740443,0.4829586517502216,1.2892093458509915,1.2897713506611224,0.09109055218169926,1.2194043465068642,0.06579476510699486,1.3013212537074366,0.09828236024305485,2.508613185280773,2.282281315011813,0.08900482450376104,0.00033609499272681123,0.00028991406655927817,6.0796008930111234e-05
trapped_ion,12.11325849687177,11.608854722749278,0.5275553557200883,0.9730041197332004,0.9525486833921717,0.03264387127500142,0.8461199277278867,0.042844507150312974,0.9575310636818605,0.02797223836516593,4.4953315169933505,4.05362099255642,0.107952088540923,0.002429024066637717,0.0026557668628691047,0.00010125184742136649
trapped_ion,8.678168966523522,8.400293680229877,0.24538636286078908,1.12324643947783,1.0293386308349253,0.06938740004036095,0.6977409269518028,0.03373875162726114,1.0630235209376955,0.07282648456654732,5.554168657257644,6.183975979448677,0.11199956992247724,0.0011878010250039304,0.0012790678283349233,7.623088030632754e-05
trapped_ion,13.254963420731862,13.03986925095583,0.5641004601993596,0.9789047578058874,0.9388959851978953,0.06567857877247783,0.9300983646459883,0.04610917363331305,0.946391625782882,0.06344358385050904,4.51682355644137,4.491074538036899,0.11485227868018484,0.001836420473849566,0.0016025066318358175,8.175563619913259e-05
trapped_ion,11.446481293325954,11.020472643542744,0.3622374435606835,1.1211010836019588,1.1057486517748034,0.023662702336949264,1.0479934819367698,0.030982538787772896,1.1865960079144418,0.03665679413555529,2.286059506530929,2.254695980750317,0.10201479546257916,0.0008316199950613461,0.0007225450405451689,6.726988269538553e-05
trapped_ion,13.029375402852455,13.025927696639798,0.5703324414439863,1.0848520831532655,1.027445322419572,0.058870881489619296,0.9573819139687413,0.0364393881418642,1.0908065731877867,0.08124056951454191,5.20517795499533,4.7923463546312695,0.11171406334424414,0.0007062712132220634,0.0007161510845367907,0.00014790481905352634
trapped_ion,10.73701021300127,9.961094995417458,0.4727074063017156,0.6832873338409929,0.6391819370998713,0.053450181271770876,0.6758553175865675,0.03771844703901762,0.62382702174058,0.052309095059067515,4.121926668401165,3.3105444517843496,0.12705649520749732,0.0023715562408982227,0.002526681523489582,0.00019705890298942134
trapped_ion,10.241600240362189,10.062245519530158,0.4793820546401845,1.0090834447089332,1.0321236601901185,0.03321520380477226,1.032424601050108,0.05239123747936884,1.0319404566709793,0.032357384314124146,2.2435438754536237,2.2937842769649577,0.10405720223109509,0.002203762063206795,0.00226303308285365,9.372407374210185e-05
trapped_ion,11.56417135329458,11.231577593420633,0.36809723778009407,1.0623375174216991,1.0755589584206524,0.07310322643584384,1.1905087456400232,0.061150485014316476,1.0532344678823098,0.07988717118066474,2.299738836459569,2.2560123762687687,0.09217118370173634,0.0015974762355894984,0.0014685345552630825,7.943961588036145e-05
trapped_ion,6.240282191022519,6.312466149893992,0.2874171077368578,0.8447463567282356,0.8930807256525704,0.05273846138825662,0.8105546576274995,0.040272761980381856,0.9759094418909044,0.07465179608772153,2.386577145056462,2.578226807506553,0.11126919820077415,0.002102876345321749,0.0020923005286360005,9.054513109577448e-05
trapped_ion,8.080870371884084,8.667211295088661,0.1281717162030693,1.0131552264953296,0.9543712762551149,0.04944265334132062,0.9335999964473313,0.05042438351634769,0.9671326654135176,0.06282090692597879,4.853299956799787,4.513533487004706,0.10827369020549374,0.0007582985480014806,0.0008119969289048229,6.866267657955844e-05
trapped_ion,6.311220260764983,6.722421808918735,0.31856968918318224,0.601401692971883,0.5809098702154599,0.0278837704135953,0.5716428489808385,0.03508425225695004,0.5968012475260104,0.045943377135885755,1.6330211988614023,1.6610575769043947,0.1441155601409953,0.0010185001786655904,0.0010506295874568934,7.246785129840525e-05
trapped_ion,13.632330711183505,13.666050400256074,0.6305768336944055,0.9727378198114307,0.8844250952593455,0.019323632302161813,1.0447176057646403,0.05309860225658893,0.8736377260603914,0.01969296179671748,3.859066065111011,4.050050124123318,0.11100085021426834,0.0004347796511252069,0.00030141102170132874,0.00013274896282615257
trapped_ion,9.798985565642166,9.12055288981062,0.40500437902418557,0.8520471128941371,0.9209373609279621,0.04876695102388824,0.8879981127562051,0.04554895205121032,0.9575494443090199,0.07086331862465611,1.520865631315993,1.5032895076253845,0.1160932119746817,0.0011076445321672593,0.0010457220910784193,0.00012843519882051613
trapped_ion,12.4006180965005,13.399189911953698,0.31243210261557286,0.9195638629128757,0.9032012583917454,0.04211494227700669,0.8640777184992257,0.04399231379407998,0.988872075849386,0.07521675840715829,1.8872000003466867,2.012453866253593,0.11131468706288497,0.0018727676212441397,0.002072244485349485,9.01755243816062e-05
trapped_ion,10.1195428344011,9.706081505374286,0.4360193065451743,1.2629754217507687,1.2554232019804357,0.07120718150957764,1.2202507599561307,0.059343620931226804,1.28248014216566,0.09471533062003473,4.044696083121992,3.984058141768381,0.09369639610676829,0.002118881174806435,0.00193280081459644,8.762832569945288e-05
trapped_ion,9.85202473463606,9.468977565054207,0.20354332966678065,1.1874991512671418,1.1466911915970082,0.0638015563680994,1.1269862321137545,0.04928909674392453,1.157845859174398,0.0798433658288523,3.1313148970234232,3.063709967395715,0.10259351557248174,0.0016671592838587656,0.001609999463685615,8.188630647820198e-05
trapped_ion,9.437021148355736,8.836751493620907,0.40166772150328606,1.0205097095617268,1.0173867477707053,0.043103139999066536,1.055700396290347,0.05344456187375347,0.9549478585485802,0.06989725983873066,1.908523141404558,1.841273441529004,0.09570846125035275,0.0009308831571633399,0.0009016056344855317,7.007633563050445e-05
trapped_ion,8.056947896516853,7.790124149190713,0.37905606234354683,0.6152880358728875,0.5765673618311327,0.04252945715777021,0.6206085377172905,0.036951907937924064,0.5631510980048493,0.048577316676051266,4.0011342666465834,3.717158737026231,0.12128921838680161,0.0008913097031178076,0.0009073725171978943,7.016794242274834e-05
trapped_ion,10.698986122557741,10.173716132262129,0.32929407470040345,1.222201242874686,1.3042343722654572,0.11395613099203972,1.1903271546249725,0.06395833450487864,1.367803907900064,0.107741829069439,2.2195927899808607,1.9551006512151998,0.08540522483811436,0.0005991068290327054,0.0005360352655091003,0.00011650999819529144
trapped_ion,8.632844295453664,9.264707573210933,0.39973581397413377,1.0483273172323901,1.1008542755966102,0.03186678946670686,1.1185579035007556,0.030002984903842723,1.0055456744274556,0.07688921652398831,1.1737848231423884,1.1390346287765885,0.09579669145399568,0.002048688083695069,0.0022595186886950574,9.365805526538988e-05
trapped_ion,10.417681836878153,9.522058778463265,0.11956367856413372,0.822239276930543,0.7310029457071844,0.04409619617949984,0.7680474431357539,0.022852895248608878,0.6784554249097202,0.05577098330031646,5.52024753503872,5.886880183227012,0.1220629135238654,0.0003304053631812223,0.0003766225594967447,0.0001149490811269928
trapped_ion,8.394298234956072,7.883050312256762,0.36367259129635293,1.0582927625372738,1.034116944672458,0.03422805509318276,0.9624681054212881,0.05058006904850566,1.094646139571539,0.03847160488955419,1.6797471549093261,1.627384994491904,0.10543268742889618,0.0002919964363735367,0.0003607413130224727,6.18258938311245e-05
trapped_ion,9.638582358560193,9.21539072814282,0.3685837289773942,0.7837321000774371,0.7934131552685271,0.0539633367216199,0.6826597396669754,0.0347883054611025,0.8199885696486843,0.06008984604087392,5.287776158357565,4.417403940808695,0.1263880158296268,0.00031497556900736347,0.0002981037862705932,6.0914490819071204e-05
trapped_ion,10.444853993541441,9.884352944722018,0.2873517538054452,0.9012270719197227,0.9451489968458973,0.034427709980362056,0.9570400978721805,0.02480825026981432,0.9219633591231748,0.05912984021831661,3.2959152704710517,3.1017308230503104,0.10503819226524329,0.0020267535450229942,0.0017405723534835806,0.0001795402594385536
trapped_ion,7.139891132822283,6.550626393461506,0.25186376533067983,0.6125451689818449,0.6859071181016496,0.03346764016833178,0.6450785746647751,0.030599603467872764,0.7644951227563973,0.057236807773716564,2.4783980678773228,2.5265501672748654,0.1293530097100855,0.0017820046419182167,0.0019839737433474326,8.855848972629675e-05
trapped_ion,12.611590164063458,13.446358525506817,0.5553924660354987,0.8963400017496609,0.9111490494778691,0.03956362226159584,0.8511272516274356,0.03198127073509678,0.9760048638570221,0.057066841983760996,4.521254057838186,4.29996854255731,0.111668083309365,0.001715477397385004,0.0017607197977266753,8.454012173666862e-05
trapped_ion,13.137440870187032,12.292058992080083,0.5876197565796385,1.0019988044100934,1.1392600512141564,0.053635267108477554,0.8466627433562253,0.04297708002676039,1.1631186187654419,0.03411807359266418,4.684434605474617,5.11782773684365,0.10116763683382807,0.0023763338496907787,0.0021617807754440604,9.183180927428456e-05
trapped_ion,13.296422248288184,12.47928540532818,0.35048100209784994,0.7459382006683623,0.7531488945834074,0.03070849156003191,0.7452971728569268,0.0407068241815441,0.7556630318547519,0.021275455487337638,3.9786495079851516,3.803538562232003,0.131746702763008,0.0022540346648966684,0.0024557867091565882,9.738184816293037e-05
trapped_ion,9.227523838808484,8.53685491999424,0.1988703218636223,0.9858948502177232,0.9807244124327741,0.05012251488890352,0.9688152462976932,0.04895392733219113,0.9862916260838068,0.0565051410422126,2.595047001200178,2.404343634023433,0.10649270973200681,0.0003825226620019805,0.0004052921923734153,0.00010995554787401884
trapped_ion,7.2817949476273505,7.240791430898348,0.3322470028158582,1.2396970282695103,1.1117252142015357,0.06345273405833354,1.078291654126833,0.0360989064399907,1.126630402839134,0.07629687143767301,5.496688491277249,5.493121720015591,0.09894009239849365,0.00111952527838905,0.0011004108106635131,7.327793097671743e-05
trapped_ion,7.246712420448356,7.297936350377262,0.35962651056361794,1.1581595511070437,1.046737308164242,0.07332413307690279,1.063975722644491,0.05255181104189172,1.0442491557045586,0.07843755232767781,3.190965070429769,2.8659322546227792,0.10104154930022168,0.0015208571668606909,0.0016144566762700788,8.196409439158346e-05
trapped_ion,13.468309306795952,13.377875507898127,0.627700076826514,1.1354016002080873,1.3458993015222538,0.07611075240395104,1.2013654054259384,0.060320545286040264,1.4584874372062002,0.10151513720994011,3.348263295425884,3.4656497790589262,0.1000275113489517,0.0006339748252874205,0.0006073828144945508,8.484618358414351e-05
trapped_ion,7.834431927827189,7.398111125962321,0.3279361112906999,1.223950186855374,1.209200190579928,0.07472945104503731,1.1775788986030367,0.05728042594735635,1.2258855336150722,0.09236456301127034,4.78298982506068,4.41651042609496,0.09553534548069395,0.0024965328460439216,0.002764313084556396,0.00010338366677383242
trapped_ion,6.11428696069396,5.858539934086133,0.19076751461579575,0.8187185105752182,0.8191362060290202,0.06092859331466072,0.7035896095317553,0.03599019068149597,0.8775670369233107,0.06795337367626844,3.9621197223526217,4.131585095287807,0.12312880839446305,0.0024806520648983418,0.0023924187505809137,0.00022618377386377007
trapped_ion,7.01861644565734,7.27906129571553,0.21658602933795168,0.7786399115692548,0.7775178951463918,0.021668485827654592,0.8424947746789093,0.043180879577057164,0.7556492684790603,0.02505087006473264,4.367738276758074,4.091614166119987,0.11478265105024124,0.0021039118568442917,0.0021685232912126064,9.195718525586666e-05
trapped_ion,6.379883455426645,5.975188233464881,0.2631396485720075,0.6386513944019439,0.6567332439716161,0.04101518843832225,0.6307335494265686,0.02207575067172482,0.6758786861310787,0.05404631331199797,4.796817405242874,5.324850452933121,0.1567675442007084,0.0016821655795799875,0.0016122906725546022,8.192628768923298e-05
trapped_ion,13.402375585128691,13.407720682410401,0.3926822961262189,0.7392470922401764,0.7614645589052382,0.03737945389933616,0.7709700236765366,0.043035435797693276,0.7478577865515518,0.058286404535546024,2.6877205852914443,2.4774737185040223,0.1145414505871085,0.0015234159507227657,0.0015815862682633396,8.139143437513846e-05
trapped_ion,11.74964278668314,12.055041784159815,0.5318368294787765,0.5909247372076865,0.5621953771363101,0.038645330945376435,0.5324879077732863,0.031742816554182325,0.5829814282029568,0.050382768418993765,2.3694899400574188,2.210199080668959,0.14489862634652315,0.0015263914970172533,0.001676183569389126,8.304571583707979e-05
trapped_ion,10.626542344345003,10.143705331135772,0.38690614956971026,0.9854929457816112,1.0373000783692488,0.04469680195975021,0.9520565569530823,0.042858437237880576,1.0451395058714947,0.046706876638604726,3.683918023928462,3.3051614148257853,0.10333468243382733,0.0020121136859291163,0.0018303888830370956,8.578299944893457e-05
trapped_ion,10.680921394035888,10.36085554879912,0.481131704307228,1.1123173302130867,1.1029297930686457,0.06443891299460021,1.0274525593666575,0.04134938410032808,1.260994846166462,0.09295976215655437,5.427218644828967,5.368331608315561,0.10996782262437473,0.0017988455102701687,0.0019337060012472216,0.0001914124975016792
trapped_ion,7.6378107096756,7.3824291412000465,0.300261174101987,1.0677506364813618,1.1470939478822162,0.03017222833468622,1.064249170370565,0.055583407257160565,1.1525381038148106,0.031147841275021702,4.511448775907011,4.662960843920939,0.10046674758105496,0.0009154449220547088,0.0009623020262075684,7.104429545819202e-05
trapped_ion,9.268061448153873,8.774287400941635,0.41208341566143425,1.2796843129155384,1.2524525931321386,0.06375477853745286,1.154632610950942,0.037923576932531705,1.3229400649918828,0.0836277913624499,4.135526697495819,4.3424721999487454,0.09453459728447423,0.000571007926983076,0.0004950331093056212,0.00013839871091306604
trapped_ion,12.894624624997599,12.540250532259758,0.5177092316417936,0.6320444413676011,0.6335701242387983,0.02934593595865951,0.6318713903549663,0.03600294640685743,0.6354506979513466,0.04259756769369407,4.953858071732023,5.292918780242778,0.13912525910364576,0.00174626382765503,0.0018353028985954813,8.587104680608842e-05
trapped_ion,12.108110800942873,11.76501319800716,0.5481473361415136,1.249347789785587,1.2454753780944097,0.06511693317581176,1.1694827495952038,0.0633207488968437,1.3657154413084163,0.10463907348759893,1.5326374512118832,1.5666726212983164,0.09220879276182624,0.00022828958526793203,0.0002505263380995936,0.00012794420518997683
trapped_ion,6.749900710883772,5.984667377262367,0.24008644569958196,0.8016874193328417,0.8001719854189678,0.03400711233973934,0.793402591190597,0.041697890729564924,0.813618026698447,0.05876739007389219,2.8326378199886695,2.785685522770193,0.11195463979533675,0.0022260494968511534,0.0024449254519270103,9.717383219953313e-05
trapped_ion,10.317690564108437,9.321982636319225,0.4282974669460498,1.0112622243784808,1.0500804628520526,0.03366757791556046,0.9227366744421049,0.04348181216262484,1.054882886814968,0.03429654334186016,4.099327344956038,3.8963279645242532,0.10690083165642802,0.0014351958713174624,0.001551997921866497,8.087793486867445e-05
trapped_ion,10.28688886281493,9.313083288804236,0.42794374235549193,1.0093114236252219,1.0793435607798254,0.06868651773009542,1.0529573109089114,0.05172052452301514,1.1228598695082401,0.0854255869775731,3.4176944036753936,3.3211090019696945,0.10498492393508933,0.002002163193807801,0.0018772370768517254,8.9772294135454e-06
trapped_ion,11.328780297046972,10.614455971057698,0.5057018072531348,1.0432677593662276,0.970451082003567,0.06622976374882543,0.9637921602997452,0.04771163704022623,0.9775746165222309,0.07505397744017918,2.903247782580352,2.765149642980252,0.11378854590914371,0.0023552507283238484,0.002391221428872448,9.614861542853755e-05
trapped_ion,8.480526453363822,8.170409866231251,0.37946977850352337,1.2637111353055965,1.2858720257498844,0.0749718621898691,1.1625400205298888,0.053694623992014974,1.3047880110725218,0.04692433812929832,4.743027663304276,4.584124750381827,0.1023610623790429,0.0013489950796836884,0.001502626640737942,8.002530329356558e-05
trapped_ion,11.97606888269086,10.71641236740031,0.39155713345747206,0.7957834206898686,0.8122424942261176,0.036406668227072086,0.7625601227986252,0.04214870503425336,0.9582322294484265,0.07225106245801152,2.297435967925061,2.114860989984071,0.11336003402542741,0.002463960993014945,0.0029401191841081924,0.0001068819762893738
trapped_ion,7.229147182570199,6.680580959100901,0.33969065680400023,1.2150325150332528,1.1386678264844485,0.06084564148677619,1.2150774333032834,0.0625671429982217,1.114582683972908,0.06977939140163959,4.479690506647007,4.006408204730869,0.10039229643167867,0.000521551444283577,0.0005818120162405222,8.692840568960026e-05
trapped_ion,13.904712804292046,15.022051512690538,0.7057871495606572,1.1792559065951915,1.1723696820658707,0.03729068610346987,1.257094757121938,0.06499515518208566,1.1564495107811557,0.031039655612775024,2.2927449747604696,2.348573147748811,0.10093186562601014,0.0017738736616545547,0.001538198326342305,8.063908950650465e-05
trapped_ion,12.311433910111214,13.86528161965454,0.19867152551962605,1.134019801074082,1.0192903484357894,0.025966781192782458,1.1838808759438368,0.04346278759719307,1.002761914543704,0.027239407665713523,3.5182137720143105,3.379273342725324,0.09373055109777657,0.0016610182886045335,0.0019855022616530114,8.858635585607541e-05
trapped_ion,11.562049068193687,11.50375121907809,0.4895499182733822,1.168905382512249,1.1540150040228963,0.08634291104658039,1.1374959415807726,0.04201809767779547,1.1809076938667682,0.09098041805505347,2.7588061676333,2.5354519969627978,0.098311261519203,0.002059314176389296,0.00214476301138611,9.151577008089098e-05
trapped_ion,10.005285611102138,9.472071056438976,0.4195045095883157,0.8136211778049656,0.77017576469193,0.025331834812860596,0.7791482832874648,0.040210721745589054,0.7642716628416331,0.024259368892504633,3.646126995198668,3.6627974370844747,0.11982365348922215,0.00208151465859472,0.002132706740064541,9.961456370729414e-05
trapped_ion,9.620411344467945,9.813676496267492,0.4397679865890454,1.2042415033619105,1.3063728396960672,0.06016452663892918,0.790732903510178,0.041145581725962437,1.3406422064445498,0.044900925914343956,5.351895126249725,4.8971348756317745,0.10577362668576168,0.0011313865108757489,0.0011422242169372072,7.3962657441252e-05
trapped_ion,7.337479096078737,6.790149810898517,0.3443087748110993,1.162417768723032,1.2738790817395358,0.06534513255249583,0.840648005368166,0.04595902286739649,1.3379265242401162,0.07000890613963376,5.370568519229045,4.864519834865417,0.10298393570745878,0.0008111693280776693,0.0008529789091228008,0.00015355414516838973
trapped_ion,11.376826179978359,10.998667319578937,0.20090891337836622,0.8495565959402689,0.8412112568475515,0.054326379733607794,0.9018642294557762,0.0449624189769317,0.791254906219937,0.04409640901751207,3.5836414431284522,3.608042924935046,0.11787978501717387,0.0023725821879135196,0.0022353134472100507,0.00020068008154184742
trapped_ion,8.205429238214005,8.868677219628042,0.3157914426622335,0.7082844155467083,0.7372325526034018,0.03269985999174878,0.7153709394500537,0.026275143279415204,0.7711846179014769,0.052248654815113156,3.0648169033724377,3.039319688093592,0.12433637709056222,0.002036157845155414,0.0024077039053042896,9.646267776232495e-05
trapped_ion,13.236716414784098,13.015490614783891,0.5966281986170255,0.6439340219577626,0.6952316172716103,0.0388997727256178,0.6386277673460004,0.03413756752699043,0.7612748815758605,0.05726018483455812,5.485596425242333,5.7047499910798996,0.14785071775155292,0.00033805761800204657,0.000238864308303039,6.00610247203735e-05
trapped_ion,8.20455504694699,8.031546578805603,0.09085007485569535,0.894016361049204,0.868445212330658,0.02096199858969982,0.6735730961104734,0.020523367959678043,0.9048749974387769,0.022837440985103097,5.6013866900481135,4.945657852988764,0.12102866122574582,0.001898835533885317,0.001752495056962052,0.00019204200554710042
trapped_ion,7.961127756036241,7.094135739453872,0.2583692559260547,0.905016526276717,0.9361487628921981,0.030322725499644796,0.8900733035957987,0.043396098038959614,0.9502530509105621,0.03431359678391676,2.050721376631768,1.9421051596509462,0.11155546349065994,0.0008105074577265054,0.0007841214857894897,0.00014472197214101387
trapped_ion,12.794575438170712,12.015128785081583,0.24522663631322794,0.942711887925543,0.9709795150148808,0.047904935358665544,0.9824089347045313,0.05111825822549027,0.9264874212071427,0.07144141394761273,2.869663185002228,2.840441217397347,0.10781021063658255,0.0009077546459202232,0.0007976085157003181,6.843740158675979e-05
trapped_ion,10.802400477481353,10.723705556549392,0.29631867767535236,1.3060875563897698,1.2726496861682386,0.05560805228042642,1.2242195984632087,0.06003920221817436,1.2771840941966943,0.05815304725211019,3.485301300066986,3.2821233821641074,0.09250658178835634,0.0023160202194618964,0.002201899716023286,9.257914670700941e-05
trapped_ion,7.011891669648436,6.648456146691083,0.23273330958820707,1.0427247087981626,1.0167815944965821,0.04164078679494652,1.0922292686497237,0.05361984956770212,0.9938967147110731,0.047538410688375964,2.9623552684498735,3.0781219065328775,0.10033921826170089,0.0024860256938178163,0.0025557274766404687,9.930647008888184e-05
trapped_ion,9.239561598782672,9.352235815677622,0.44664453894595757,0.6474486387299102,0.6574657852803122,0.03977745164390124,0.7037742355844927,0.04022752801774437,0.6243105436349975,0.052106415953674184,1.2761512056193065,1.0750335016073689,0.13380995087937964,0.0017852090116985912,0.0018122404809908332,8.545825974448771e-05
trapped_ion,8.28254371471152,7.613386206378112,0.2977244416416245,0.8029804365619833,0.8131670187943536,0.0386660033247781,0.7396983985121546,0.037994422061642816,0.850013510346836,0.0473800862257366,3.6940656124943727,3.7380436204126437,0.1176145056799003,0.0011906382041926755,0.0011214729888888763,7.362234987303584e-05
trapped_ion,12.534227655642312,13.688927908639037,0.6372023692637576,1.0604735443878717,1.0510300317172652,0.05326690700165106,1.0353226456367282,0.05538652538163794,1.0570855002246529,0.06269940948307656,4.553661392913778,4.315735663830146,0.10616153918667517,0.0010930759752253239,0.0012865525563180592,7.635614161118582e-05
trapped_ion,9.231718124737888,9.016373793518037,0.3783824912330781,1.047546304439319,1.0599952973850884,0.047212651920829796,0.9423794819890415,0.05068610696934225,1.1717354402234685,0.06592961608558227,5.208932847278337,5.066839750284129,0.10950465905696173,0.0005858697033629343,0.0005926866046365012,6.528085295815629e-05
trapped_ion,10.604826413537761,9.628977813578524,0.2878636628038553,0.8503127070624795,0.8645908137706654,0.060816821150400706,0.7032616906849039,0.03585863264422174,0.9448257993869053,0.07251518794203432,3.278891418349378,3.507212422349,0.13065478400923494,0.0011865319464406043,0.0010448296175214304,7.237383294807822e-05
trapped_ion,10.586397010167738,9.95546388795768,0.17604864072158638,0.7301107750989755,0.7372772588064674,0.029125189492018217,0.7996203133480029,0.04426597837821307,0.7209676083653217,0.02247284698056178,2.6164060269411307,2.5419138268757826,0.11531256753782486,0.0011507696393520802,0.0012053508763258554,7.500381920767277e-05
trapped_ion,6.4192000740963095,5.850708891433713,0.10621194497887936,0.942679057029171,0.8996417403698673,0.050988058544772785,0.8286660369710569,0.04229385303675413,0.9640581539461099,0.07042231743658167,5.523102246658225,5.5151451749881675,0.1196716882891431,0.0009707328824929869,0.0011738772508009206,7.448360517250435e-05
trapped_ion,9.120457204071968,8.562826883325801,0.2899000632858532,1.0209616322667248,1.0020516966933113,0.04236968792426611,1.006551872264896,0.05180560560715219,0.9929605458832195,0.0736328240146935,1.889277123603006,1.8596794835441846,0.10058102490236981,0.001727193233427495,0.0017465199199535825,8.428804760178302e-05
trapped_ion,11.868161109769243,11.354519053367857,0.5417567407233066,0.6449010285271226,0.6508061057229267,0.04333901484849874,0.5640207325593969,0.034948315587084236,0.6809799024871622,0.05031215342844804,4.483905381777535,4.687999945488187,0.13633547078730296,0.0018826473119850388,0.002087302070200425,9.045294018662421e-05
trapped_ion,11.71027979889972,11.701187400286512,0.5237300655329363,0.7904722185563856,0.7813683777591931,0.024573378510699677,0.7960624429888757,0.04293920160623454,0.7753549842365007,0.02917140125288262,2.0425923085260806,1.9844153421665987,0.11925992708400197,0.0012793221870954351,0.001399263836189431,7.825735590793438e-05
trapped_ion,10.185807262292169,10.126844918680062,0.36044239208588574,0.678515165077569,0.6828532784720217,0.029828526585341505,0.6475954170062094,0.036380406450545556,0.7551697212139428,0.04475463501138198,1.6754049377311344,1.5361177216785897,0.12923305476431723,0.002289724454190187,0.002347356154238237,9.531535158096614e-05
trapped_ion,6.861372075418704,6.494670612255272,0.2627787731211825,1.014332983728093,1.021030156502239,0.06830736910961838,0.9899617851789322,0.035800053695556805,1.1367151175769687,0.07472348177366246,5.220397250331358,5.174282254862013,0.11249099229290352,0.0019532958066412823,0.001975273566886652,0.000187308681220572
trapped_ion,6.6825386126893935,6.367645326104052,0.2704777335921274,0.6090409661906174,0.6102347904361819,0.038832751627049036,0.6162130635412115,0.03675125804669985,0.602803150754061,0.04982694992466616,5.0394882725316235,5.2276614103065215,0.13728675977460011,0.0017151173672468835,0.0017695161034909969,8.469648493922542e-05
trapped_ion,8.480221623411774,8.026693245899278,0.24047206608916621,0.9878429676374658,1.0092484088072398,0.033956241033517506,0.8536934704195136,0.04655661211870839,1.0214149161066899,0.03525916349704034,5.2819700997921855,5.271035380586904,0.11108025976771169,0.0022884778147175323,0.0025849201281041233,9.987221675716817e-05
trapped_ion,10.532154507642588,10.285882549974886,0.4749417795967631,0.622560558610848,0.5621341603725445,0.02005601382868643,0.5997825063192169,0.0338752437772414,0.5455063179770602,0.017543701095543214,3.7522646680112475,3.7671301735990315,0.14969456047244292,0.001959489871163331,0.001865211487237331,8.640801952161068e-05
trapped_ion,8.72191338403135,8.485022239186355,0.4062197364066024,1.2187535909631921,1.213309175831414,0.06278369620699423,1.1417893922252749,0.06111751174059608,1.2312932673574228,0.07023518059494371,2.61995575821064,2.8447268350896033,0.09743007486576108,0.0011019632041031297,0.001145278405822811,7.401282575739163e-05
trapped_ion,8.107007533517237,7.665853941526551,0.3452183357512743,0.6207607163078339,0.57730750560134,0.031813284769968316,0.5325080624230237,0.029038619652411415,0.6605230410177513,0.05377774641234663,2.4485819386226364,2.833179947155382,0.1619043140068257,0.00034840306279046337,0.00033011892548269787,6.137917258591443e-05
trapped_ion,13.425650892896126,13.668690162403031,0.6114698592980945,0.7954147440186015,0.8219141112976719,0.0358524469704688,0.7843535812874237,0.042019234570028534,0.9224522342855674,0.05236610727853731,2.5278125402888953,2.596975219188279,0.11493417736807902,0.0014356035668344693,0.0013873754405212303,7.805550655440583e-05
trapped_ion,6.448425146143632,6.406730465451962,0.2908206745963852,0.5788089197566391,0.5583991266198254,0.023927818259874136,0.5729292078406663,0.026527643161650315,0.5175124940638302,0.04672932036681057,4.011883640361136,4.134798066820001,0.1553237018366212,0.0023585685733108703,0.0020757136247145083,9.023939807809092e-05
trapped_ion,13.717812654977749,13.610751390599491,0.6147524920063425,0.959049126807746,0.9889202225975084,0.04718665518913514,1.0088244413434224,0.054515774782623795,0.9638265076423268,0.07094844991378342,1.3447412644961871,1.3659086197806478,0.10394134374075795,0.0015215455567821798,0.001233459912692977,0.00016853720052256537
trapped_ion,7.63808249196745,7.48174008647674,0.34263201089293466,0.6357384575328238,0.6014045702046086,0.0314634132650777,0.6178162698129839,0.036874586882914236,0.5962162320707295,0.036095769948259596,4.0779318758742775,3.934300867311574,0.12850753162948797,0.0003106932432654276,0.00029179985778876653,6.082327696063059e-05
trapped_ion,9.118570987597936,8.927556662377567,0.40522943967485403,1.2938122078845817,1.2905773306036192,0.05900987907157467,1.23375789173456,0.06743914454622649,1.292348830486776,0.0491365405236047,2.956389536128284,2.7251807545418183,0.08715445034514256,0.0022852535356167325,0.0024899218498351024,9.803707548673021e-05
trapped_ion,8.89057740634603,8.029921589713306,0.34547900775876145,1.2107568322210815,1.2775678239283743,0.062269983489074504,1.2945954760156342,0.029228336146452514,1.263319239568882,0.08439342459093045,3.0854226753281138,3.2139844208438606,0.08802803258907525,0.00015540929441290323,0.00013086077886690332,0.00011980689569885489
trapped_ion,9.786682945112101,9.645227066674597,0.391232242032893,1.2730217683536664,1.260515893380726,0.08261816007699148,1.1544631533128844,0.05921773589860988,1.3083479050864828,0.09952045804216017,4.353835179194902,4.337317846091099,0.09368282678149645,0.0016477672828501158,0.001622282450814306,8.210077362087093e-05
trapped_ion,8.769873015843634,8.320252552966503,0.40244483759422645,0.9532066775404541,0.9126185835622722,0.06050324549140273,0.7676214859476183,0.03883717865840854,0.9640581762203991,0.07042231880799188,5.617277794547403,5.817480523449085,0.12161796825140755,0.0006510183821914264,0.0006170987675719289,6.565178656845574e-05
trapped_ion,13.442660117374782,12.463981395223058,0.5963464637278898,0.7342958069083793,0.7121057499376787,0.0492975077688135,0.6894685717223611,0.03934506929054852,0.7200877490814138,0.057333780358493014,4.465560210574128,4.390521501872332,0.1433229682725709,0.0024911043171622063,0.002868521324938855,0.00010545055119854614
trapped_ion,10.525894480295648,10.787693578694673,0.4505128371832737,1.0227686469548172,1.0250837758095521,0.038322387719704774,1.0828657631117315,0.054378982254385456,1.0057454444242002,0.044273181417947206,3.7658731229369335,3.6627974370844747,0.10721063733246189,0.0012214269771147368,0.0011058777946104555,7.336723398137866e-05
trapped_ion,10.497789835586083,11.153296229610952,0.3281719370060772,1.0531634603048798,1.0576960398103563,0.041048021796685104,1.0739602225996485,0.04779132454729592,1.0119515594825608,0.07738661156518002,1.3923685871823435,1.317769021147759,0.09728933823214567,0.0022737905711594343,0.0021516284690736077,9.164319983743775e-05
trapped_ion,12.359749262906789,12.142213870093096,0.584338427735911,1.004524680163685,1.0404575204561783,0.027855494279844236,0.9755221140121209,0.048684546263427254,1.0535194495997158,0.030528816692507236,1.7293999794946289,1.8132793334621853,0.10205303706996866,0.0007161012885462026,0.0007093902180481796,6.706661409729351e-05
trapped_ion,13.558421772069646,13.015156641862502,0.6326413243955092,1.135590881248492,1.1502021770636508,0.06752850468787489,1.1435509189964916,0.05843986118635412,1.1806747310681058,0.09107722889745178,2.1870450745201824,2.2722522232913036,0.09312383754166388,0.0007152609291610385,0.0006552556172856467,0.00014581530351605619
trapped_ion,12.593606746684367,12.807337560017219,0.5860315674204087,0.649829216872455,0.6413395833767066,0.033217816974838624,0.6408515122786852,0.033178582734729505,0.642096771050915,0.05305903502884863,1.3392339348492737,1.250970080478458,0.12947438452179205,0.0003268397554648375,0.00022772632886503723,0.00012956828802006574
trapped_ion,8.327047688262239,7.519495582895487,0.3551822826988487,0.870146754057915,0.837594001332314,0.04230738991015215,0.7690337816582343,0.04262221086866767,0.8578896389568728,0.04816406829040513,4.704363350491655,4.431959039576242,0.13298036949048597,0.001462662283088549,0.0012997022132054375,7.657650870914178e-05
trapped_ion,6.693592597632305,6.069281894408181,0.2395766120562848,1.0630089944586845,1.0571581975246445,0.05179343960661796,0.9709830359784827,0.04915388272105589,1.0716107070269552,0.04190734312029669,2.291310250808163,1.993291302163491,0.09870701651537249,0.0004289244493460418,0.0004391351788283385,8.4030107655616e-05
trapped_ion,12.87582365124323,14.038049406964541,0.3374795864374432,1.2138519393087965,1.294724810506505,0.08187589996693573,1.2657783966457874,0.06569720600552323,1.301461326312093,0.090905247825533,1.9337748548872966,1.7788776142208755,0.08931633658295074,0.0006784027334257081,0.0007704704637494354,6.801380498077872e-05
trapped_ion,7.319220129735963,7.662348806237258,0.2691231873565264,1.2275099687445348,1.2320145597434324,0.07023988907567207,1.1157820550767397,0.05177953871757373,1.3672909637409847,0.10332292808608354,4.711369698981079,4.708087911746409,0.09617474437938006,0.0007439609783138246,0.0007522864629265134,6.773092039295807e-05
trapped_ion,11.56040236459564,11.50334235228882,0.4532818713288252,1.0842478860976905,1.0193965571266486,0.06651495979877449,0.9985473390877517,0.0478636196892995,1.0265861873061914,0.07713554141603224,1.8347228870377652,1.517237704755365,0.09978867178677174,0.0004983608027378318,0.0004298542112928519,6.284220690236783e-05
trapped_ion,6.350107733694232,6.090851282303744,0.17739245013066943,1.0918656544326142,1.0342592834400353,0.04821547727389362,1.0706787473030863,0.05061781951119825,1.020206864140505,0.05676026972147861,3.242818545160649,3.047386293386706,0.1063558996928161,0.0018604412136622602,0.0017200135647856476,8.38186462610913e-05
trapped_ion,9.852619099386827,9.930918121927256,0.32946770555339033,0.6441045179707772,0.6527666060426542,0.0435788633881552,0.6208414736966146,0.033798545924168526,0.6652102640251776,0.05137458655981896,4.789151569346984,4.420191559282618,0.1328676364253184,0.001339971805934145,0.0012726691109571184,0.00010355062133406643
trapped_ion,12.566454439903953,12.356172382073137,0.5635090371940948,1.1900078232014302,1.2815326424414464,0.03681654248269426,1.1743642785123065,0.06388911628603773,1.293480382037945,0.038814584321885906,1.6356755747798584,1.481786314726627,0.0904394274507791,0.0001797372471619756,0.0002531290970563128,6.026578270951506e-05
trapped_ion,7.560137106761383,6.992661231553138,0.25728840332025904,0.6247067674291595,0.6232845916152342,0.02897436895098374,0.5834176114091474,0.029626807743395798,0.665168502814015,0.024368584747125565,1.8327988626107705,1.5707963267948966,0.1542115846551579,0.001379391494916541,0.0013064939087941655,7.669047617115539e-05
trapped_ion,8.350444323025004,7.655780495827512,0.33148995743592546,0.8764828450808007,0.8591325685079821,0.04003076903050659,0.877584266111854,0.04772715366904461,0.8368994177988859,0.05944182293502968,1.8264709463471989,1.8505797461922744,0.10569088575420689,0.0017525953993678459,0.0014639441849319489,7.936094781615775e-05
trapped_ion,9.841270567409161,9.686020903920284,0.41496767088504144,0.9141351504751085,0.8764543220103905,0.03910004849414416,0.9114076805781791,0.044900961153965704,0.8723715938468605,0.0413205389130001,2.5395762859053272,2.066530644492083,0.10652231075807377,0.0004589389458113611,0.00033011892548269787,6.137917258591443e-05
trapped_ion,9.627698056890242,8.93230490561927,0.3390549654549525,1.071356104332689,1.0009385989180808,0.047425329644601645,1.0289254273020318,0.05159964814161869,0.967912638177839,0.07002352271074859,3.5106381850875525,3.694443147499324,0.10788045184604989,0.0017871404244280832,0.0017818243509322691,8.491554889836657e-05
trapped_ion,12.37552371027611,13.300435898959787,0.6113433417332244,1.1501186427301167,1.3412297154677513,0.038704273061761656,1.194696546645283,0.05945085415264355,1.3483540492470016,0.039633993100388745,3.3268456978573475,3.0596196589623825,0.09967261476313401,0.0012988947069550115,0.0014804076205169742,7.964330416195712e-05
trapped_ion,13.543985809857276,12.466242761300707,0.5954024542321467,0.684584019762379,0.6699440646600927,0.041358465984530184,0.6390205993020079,0.037818839910320964,0.6931983358991826,0.05474327466832177,1.4516780312849558,1.5820321636448074,0.1256198141187399,0.0023900334362107313,0.0022989763069743824,0.0001896977040454455
trapped_ion,11.076368743119595,11.078118677419216,0.31120061485682354,0.631045839643312,0.6488285642046469,0.06351343916555507,0.559056296591259,0.034886636476420416,0.7059333035836657,0.05723974968279543,5.392478885210046,5.38286340549772,0.1362316906268484,0.0005655714616306831,0.0005317191439250935,0.00013617958371033205
trapped_ion,7.502297063775309,6.886369135470546,0.33125873562538294,0.9323589339582063,0.9040993876448714,0.04889293697057668,0.8995561797681596,0.044727632030139415,0.9278687632835936,0.07117528440908803,2.2111032129337334,2.4666805151342306,0.10469912784681021,0.0019019666641564839,0.001785447508059871,8.498009484553398e-05
trapped_ion,9.320335000820156,9.051334236999521,0.3290495074619697,1.2904948461458605,1.3106097381008515,0.042088368035473556,1.3118532219610008,0.05307120787627941,1.3099729006270366,0.04513869604980985,2.932459698849243,2.898479012254636,0.08917452870781405,0.00036832849687909176,0.00031744519352557905,0.00013113205360581562
trapped_ion,11.856046589853273,10.656765883071342,0.26015049724715644,1.254359613031799,1.2230453434381003,0.04134093832951335,1.299888176087506,0.060249733446447885,1.2061203018076705,0.045667336454916996,2.7386280576237496,2.6516353273360647,0.09023117515851418,0.001640350179162618,0.0020228585522217794,8.926887181871375e-05
trapped_ion,9.955935713202264,9.616915020485646,0.4188131931517021,0.6497226769797378,0.6127428558505792,0.02977327229480133,0.5913397953009402,0.03560325226445828,0.6625211633911089,0.05429649489648562,2.4329564787530344,2.4953021463262033,0.13946987829946714,0.002031671261644879,0.0020060317217942087,8.896108639958061e-05
trapped_ion,11.940524708287583,12.669587154057877,0.3903089754891713,0.8695068921360516,0.8675745426273729,0.07113467180392119,0.8927269596863355,0.04806047073224279,0.8543689430004988,0.06659170942056132,1.4474005961114613,1.2420362506790394,0.10454624512542134,0.0002211723628708859,0.00028357453622670804,6.0704402393659165e-05
trapped_ion,11.01730202956406,10.912497176787967,0.3852238695190802,0.7949378943042522,0.8731634841878834,0.05776721669346925,0.749121841494062,0.03933589434294102,0.9390756798429523,0.07148611993872933,3.87119785099911,4.10149367822873,0.12808203155820816,0.0003951902825326053,0.0004944667780051132,6.380246231099554e-05
trapped_ion,6.78463958655366,6.7314942745909345,0.301210093050559,1.1557937268223897,1.169745389288259,0.04119540368734927,1.2107765231387304,0.06241492069194951,1.163513128123979,0.044213455765768184,2.1417248008742904,2.0533108378589073,0.09802743877947427,0.00032462475206075956,0.00035189887012965313,6.169667351154546e-05
trapped_ion,13.366356949600366,13.459153612133532,0.636422832391117,1.1769084245526813,1.2551100871632546,0.05701194359853818,1.301139657237562,0.06794890545274178,1.209022942691759,0.0806522722639454,1.4906141242217967,1.5291356867224624,0.09314928656652448,0.0006526281420461971,0.0005878726054268136,6.418661268026224e-06
trapped_ion,10.69016250745533,10.223910972893918,0.4654714973131595,0.8037442605209584,0.802761544512017,0.04192608135430182,0.8200839650094716,0.04086632342170256,0.7885872448559359,0.056534382146571686,2.8523492495729617,2.7776632816714213,0.12440274548941413,0.002140240125793887,0.0024239666699594677,9.677306651312418e-05
trapped_ion,8.242021456392223,8.019699834861354,0.27382633037425175,0.6714969547429612,0.6536589700686436,0.015503085645696945,0.5688273684904027,0.034543446138400956,0.6723995148577742,0.017130135619653795,3.5821341431325386,3.2809018010469297,0.1467260211960279,0.002244856091326624,0.0019885701049356273,8.864229950271052e-05
trapped_ion,12.242999083098734,13.226648616021981,0.2670131981201429,0.7873709436414205,0.7612729537486631,0.020117384066966976,0.7484740275291383,0.01830158558382599,0.7873244207473153,0.03277026822885651,3.1766427355572198,2.872732212847991,0.1284322598135871,0.0018349399209331063,0.002015180210855159,8.912835315157426e-05
trapped_ion,12.765399721550718,13.089899682377641,0.6004475408965047,0.8972836124009004,0.861872780730187,0.04114037859050378,0.8818049307106172,0.044429240838438806,0.8507589866551053,0.051344466545350353,2.7349293016701446,2.5254870915422405,0.11414454189145702,0.0023007120935281344,0.0025875794678843623,9.992383371376741e-05
trapped_ion,9.11083267501439,8.481995992000874,0.39956387163135687,1.1545880397577535,1.2402489573221265,0.0954663587198018,1.1366656203402201,0.053542548292858386,1.2691744992200682,0.09837545781917624,3.361718944048441,2.9732414033772376,0.09847128305588894,0.0015191951208728264,0.0013188064489885458,7.689734513448882e-05
trapped_ion,9.672965758806933,9.238635829356648,0.25965058596281476,1.0052372661021562,0.9606218344061475,0.027378206340557182,0.7761573048929025,0.04044580480269092,0.9675709491234645,0.027889132388790563,5.48152775751042,5.070625031472917,0.12257903034307764,0.0006238033975916956,0.000727175711986342,6.734153104398795e-05
trapped_ion,10.371173852672992,10.541783730030225,0.42080264798403,0.7474622092840227,0.6974960055248354,0.020557526058555663,0.7459516260625626,0.0389527841984319,0.6895134428108226,0.021047137292600243,3.142853329015683,3.227813709205133,0.1238956682705892,0.0016875723818219025,0.001966752540852987,8.824486324349706e-05
trapped_ion,13.87968984797784,13.97626149180767,0.41842847336732447,0.6831707536956779,0.6331036890245401,0.035444262590434865,0.6025366370827465,0.032322631053884054,0.673801838108829,0.054120017104716305,4.055721116007683,4.253334271898109,0.13566510564510947,0.0022818477784952223,0.0021678090793959214,9.194390031722078e-05
trapped_ion,9.134364108868555,9.232190063693997,0.4352631926661809,0.7834750539152243,0.8337187783024953,0.03905403078403509,0.8248353983611318,0.032433621676902946,0.8448852544050808,0.05867220026914733,1.69754050001426,1.846326020232319,0.13067151496019574,0.0019685363797273974,0.001879734016663067,8.666942345458156e-05
trapped_ion,8.085188603036533,7.567078737763809,0.36066191148634424,1.1857549188305188,1.2050773365313976,0.0893298548958967,0.8497184239779677,0.044779899481977324,1.243051802937775,0.09398172756240247,4.387296184656176,3.8914572512571577,0.09492264109323012,0.0013144148229004722,0.0012226646568203635,7.529093242953733e-05
trapped_ion,10.537677332724883,10.725012634551332,0.444923522095826,1.2834038467805282,1.119747766805363,0.07854796360041497,1.1858385802933102,0.05682034395363497,1.0969207303299244,0.08250679789766092,3.966658278299289,3.69581855499264,0.09106690132896986,0.0011836433200802378,0.0012520442689829964,0.00014231248361268336
trapped_ion,13.055685880876107,13.953210002519814,0.4112984940971695,1.1685358004646753,1.168699852256581,0.053867137568204444,1.1918680173448202,0.026740566416171552,1.1453669042687538,0.07631497266179134,3.297129001370177,3.0759445987358673,0.09434550052578247,0.0004189526467753553,0.0003153368118304334,6.116431894878664e-05
trapped_ion,8.096836329286258,8.18643854514175,0.30023726294537567,0.7020763383114671,0.704326178724347,0.032368110020702376,0.7366894428096011,0.04095842194371106,0.6559803633865158,0.05111547253022591,1.8380928449409786,1.684786849103781,0.13408030463079817,0.00018124691875696076,0.0001745996287469739,0.00012822881771781504
trapped_ion,10.35289684088347,9.596954535333584,0.32640735090245193,1.073460454964633,1.0981078832664304,0.06878062533696995,1.1216586650438969,0.04370549310059834,1.0501072353396617,0.08071191808795801,3.418785923274207,3.443336210010897,0.10562011928740894,0.002243915859193534,0.0019786035815628706,8.846062517093076e-05
trapped_ion,13.569072289970006,13.519831149330958,0.6552023211102737,1.2414125518757142,1.2869123117253514,0.03681336286069887,1.3274718337906581,0.0721002276920194,1.2792914472278825,0.03680332934690211,2.2509137198243234,2.294049217730222,0.0909323906223233,0.0007770029291655771,0.0006977369913992856,0.000147443888025973
trapped_ion,10.990626454443046,10.4194435062192,0.42227153330601563,0.6539271437707401,0.6474127929401593,0.027459543585850583,0.6068682689102152,0.035984653906395866,0.7039360161243278,0.04248784327557821,4.083713686046819,3.8540319643820933,0.13784910335911552,0.0009154340020528462,0.0009665015206556823,7.11115772826862e-05
trapped_ion,13.408710685298635,14.026795241971646,0.6150862045288368,1.1105728179101613,1.0988728585543823,0.062184875910209755,1.1928974296802461,0.06292251205086072,1.0664732048973145,0.0721073011681739,2.6538960702752794,2.6231728295045666,0.09765606373601798,0.0014583954327073614,0.0014633668090171421,7.935105620983398e-05
trapped_ion,12.903457438020702,12.106274490596947,0.5135616693497437,1.0003198354129048,0.9819708440517865,0.054920048190842015,0.996934803597192,0.053498438527166,0.9711651242790907,0.0720712665130262,4.816896401006182,4.545291188483386,0.10976690500722122,0.0003247366460467181,0.0002635802401829778,0.00011782126188257137
trapped_ion,13.741035361569033,13.027407263347035,0.603951565140412,1.2264786030809445,1.2416108569037343,0.03508728772553064,1.1842471618095707,0.06412983674605917,1.2581845582901576,0.036632098449849236,1.4793936098694724,1.4376599992432488,0.09916068621812162,0.0015185186445559353,0.0015435867734233232,8.073230471592568e-05
trapped_ion,7.722303528892574,6.627675260569195,0.31283242550618456,0.6121684679805687,0.5920871026428528,0.027421433340004485,0.6004525175091913,0.03635238243085333,0.589632900067391,0.022558198951973498,4.343903476072778,4.616000653603977,0.14363161722400586,0.0002554545731427831,0.0002210152207624105,5.9805492901709656e-05
trapped_ion,7.578704073241899,7.379661483123854,0.30075402720229244,1.2088529794411484,1.2052401243525308,0.06452775672350082,1.2348018732122528,0.06588306518652681,1.1798698847425573,0.043255000738959694,1.876890179439617,1.7858496089172164,0.09055616059291212,0.0007395097411156807,0.0006771202154089864,6.656967176040402e-05
trapped_ion,7.1068428739156175,6.679994213346745,0.23793966800769875,0.7838115088114157,0.7756735122996544,0.032444545949746925,0.7904527230180317,0.04171252694570453,0.7530376559603741,0.027807908076491167,4.69993520596975,4.2668687847844,0.12048717476259307,0.001434399934408851,0.001169129356025419,7.440532118824659e-05
trapped_ion,12.252384794386963,13.780867219214176,0.6198514463962246,0.7240618986772386,0.67900462649935,0.04476673473674018,0.7239848342940792,0.03352792794969489,0.6590489194929909,0.0537882198341893,3.712451057875648,3.4846449375339943,0.12267214854404192,0.00024109683508515535,0.0002457973509730289,6.016048231287809e-05
trapped_ion,7.4623057864169295,7.553545952126699,0.12888760904455926,0.6810214460221525,0.6972879341050422,0.03089010357538407,0.6776119512954197,0.03791259757389237,0.7361457421050928,0.05327880468622811,2.2968219328805857,2.530697351433833,0.13585150959443754,0.000213618445306489,0.00022426631621743316,5.98519804197295e-05
trapped_ion,6.709732581132276,6.538870807301422,0.3253712500678294,0.9904637914132832,1.048242492849935,0.03709523230934253,1.04255149547472,0.05086072084756502,1.0547104585364708,0.05422158043237104,2.252500969147004,2.149440067412889,0.09968053739214426,0.0017103294797053451,0.0016758463972848417,8.303978566460393e-05
trapped_ion,6.528243593800905,6.338506841807659,0.3208223376542012,1.201266063609629,1.1994456255400006,0.06245442583501098,1.2155267879905174,0.0636991152396895,1.187138014861817,0.08298083728188649,3.5893405177803883,3.4981275701882613,0.09345835207684582,0.002099411440681747,0.0019361981454424741,8.768991211564036e-05
trapped_ion,12.055490428491773,11.847281198914471,0.564564210306941,0.6792800768520442,0.6628543386389276,0.03204328228535575,0.6614482690409512,0.038101980729333455,0.6662513979095234,0.055039499026734856,4.232774789994969,3.9895071985975847,0.12753608187321183,0.0014460718585097682,0.0013663636092508136,7.769951016948934e-05
trapped_ion,9.95045857450081,9.08931106416668,0.2806524813000936,0.6543163069798076,0.6642497691108561,0.046067943497183045,0.6301086689115185,0.03665836160241348,0.6754276175642048,0.053076219625569306,4.907606634318896,4.451029827554453,0.12668584554017792,0.0013946298007120337,0.0012027354588763585,7.496050594733939e-05
trapped_ion,8.908043506484422,9.057942822857203,0.29042646990126125,0.797577959532407,0.8020153203998462,0.05095073103298812,0.6882763712320745,0.0371940824016398,0.8808724105872539,0.06630091007188368,4.447212128356512,4.8247705527871645,0.13953367629574828,0.000300586463177446,0.0003231997137353483,0.0001239178175067435
trapped_ion,12.151461171896365,12.519888965688478,0.2435375688400895,1.106898108534786,1.08840937133786,0.05062947352525433,1.1407082605102044,0.057805258952003495,1.0370485561867826,0.0698150049044412,3.6320616249723034,3.5584118680164387,0.09346978249350349,0.0004472361124481654,0.00048594014408826527,8.497348621448183e-05
trapped_ion,11.20525813685509,11.483205577902787,0.5216775577346178,1.126180514358379,1.0839171742544436,0.05537941871391582,1.0897870151481646,0.05472275284428765,1.0768465578262192,0.08222616597027091,3.918774926996952,3.6527452499167334,0.0986954780203919,0.0005690018649899582,0.0006268602544964678,9.929300874141148e-05
trapped_ion,11.392757146681213,10.615258419876088,0.3451539762309692,1.2968193414496472,1.2889408302342833,0.08511948342518183,1.2616045995389251,0.06402662242170515,1.2968941760238177,0.09671256172313147,3.148520033996067,2.774935668614583,0.09450715207573256,0.0013279060241287775,0.0012781225106921704,7.621506867856208e-05
trapped_ion,7.630883833973567,7.971184073967794,0.3837567967235252,1.2093810653372121,1.1555845263618036,0.06284231108850892,1.2232978309216926,0.06697905914993355,1.1375696868544,0.07070935158692863,1.1928461957528969,1.325229341923878,0.09443548515704935,0.002202220803575069,0.0020027619477566887,0.00017799556799359
trapped_ion,10.153871068679216,9.552815455585288,0.36546777364697525,0.625750440758386,0.640547138559358,0.022346360879407445,0.6291075693216456,0.03734069929414942,0.6469300054874586,0.020780019205037196,1.2994863218375423,1.1712882347090647,0.13445427523728193,0.0014341438155956632,0.0015916960252286931,0.00011562005594895132
trapped_ion,11.091071107353986,10.426245691282904,0.4881488257019665,0.7139858338806866,0.7278447855540072,0.031002141284935527,0.7182562029607481,0.037724198423139725,0.7477933836907743,0.054412540642455924,1.8286715436239027,1.9677356733806446,0.1224677515980433,0.0011394262523574871,0.001081413822237981,0.00012034726592717699
trapped_ion,9.796331252163938,9.483796021186151,0.4358787142160733,1.2518286585734335,1.2807443424662297,0.055201045709068135,1.3515904176759703,0.07098249993290659,1.172336510465956,0.08780590478759442,1.9712492241436559,1.9926990233431074,0.09091472629405416,0.00027539361007785886,0.00023795079203256116,6.0047928372738456e-05
trapped_ion,7.88733137247437,7.5219924400634035,0.21786430842295554,1.1193012091374241,1.1229484560504153,0.06023028290226941,1.0872988893936082,0.054717307743899136,1.1331303863162763,0.06829199448655358,2.5696277971069934,2.5891102503081993,0.09477842771546863,0.0017718700763654587,0.0016783235318173699,8.30833590422477e-05
trapped_ion,11.632030846683072,10.737245495452115,0.48778537623083196,1.1690982188553711,1.2459662877710862,0.07327854292217469,1.0288027851395245,0.0487506596350514,1.2775067961763908,0.078419632200031,5.048038354900587,4.721479826866808,0.10163840354463345,0.0015407231178364352,0.0015176954144548466,8.02849800799346e-05
trapped_ion,11.369499873535318,12.104773031677581,0.5400377855713782,1.3106900451027106,1.3365850667947963,0.04537560457521667,1.4124549870761456,0.07387141364240907,1.2906138545241164,0.044949468532533204,4.096451481781438,4.088543258427246,0.08686395995294961,0.001406775360602858,0.0014347990370742135,7.886253780742211e-05
trapped_ion,7.241029732699058,7.603411344983387,0.35177658082520713,0.6772067495330377,0.7742918260246278,0.041564866945733275,0.6742443006404067,0.036077313666572006,0.8311157633599952,0.05204693892295563,5.651564432131483,5.528687187894868,0.13867504905630731,0.0008567708261377795,0.0006913589485753178,6.678864436646856e-05
trapped_ion,9.914599528901899,9.824835800800473,0.15697644233103203,1.2079995741275573,1.2810881256692044,0.050338550721972,1.2689991732687065,0.0695803526244737,1.2862719565466847,0.0425763815976297,1.1619992348332888,1.1382441557367942,0.08969096849302001,0.0003564558179299985,0.00037001727700839446,0.0001340573147630582
trapped_ion,10.64963777621031,10.119339287236363,0.4323314806532021,0.9984142447997565,0.9826561585682275,0.08669320471416024,0.9297832641583798,0.04122281632817766,1.013440055343536,0.07785517560645112,2.601263740078261,2.2445981473377206,0.10712509552549886,0.0023374991091759177,0.002219688912142084,9.291154719851474e-05
trapped_ion,11.110545494148806,9.762886826122298,0.2636154620601789,1.0307780995566813,1.0316668199889922,0.051612031928488254,0.9953521672503517,0.05007606592590305,1.0869790588570847,0.07891759901727749,3.850294592447117,3.7742830568619796,0.10810652876933374,0.0010541420484791487,0.0012649098645338755,7.59942775085936e-05
trapped_ion,8.216487922195586,7.74465099760434,0.3598624963334133,1.2173169176459164,1.21363800436617,0.06897657093480605,1.1438184434794674,0.05451676317398636,1.3504801912721618,0.10581861365306583,4.010484443963886,3.8503524918366687,0.0988593184478399,0.0002700232758926881,0.000359107106998504,6.180199829353688e-05
trapped_ion,7.953461734652287,7.762775265459898,0.377045157921675,0.6770901916495692,0.7061626827906254,0.035711354382976505,0.6346629755276667,0.0367864766878814,0.7743645977139081,0.049917739944545424,2.9303656504329156,2.6695452963379984,0.12973016942951518,0.000647979042744845,0.000584349278418189,6.515448784541052e-05
trapped_ion,9.645863075260744,8.832008658649437,0.4154585999058742,0.9959351006682466,1.0801096809657857,0.05117032144904247,1.0671826343500568,0.05160200071041719,1.100055674868628,0.08159967429314562,4.881020432766859,4.658590300732484,0.10023583163286834,0.0014354487988773033,0.0012958451741993933,7.651183136237766e-05
trapped_ion,7.5000342354900065,8.044843260071964,0.2525318484833406,1.2470087211576217,1.1560723968215822,0.07889256821304827,1.0513569385010348,0.05587548142915797,1.198197683074738,0.0885180426417546,5.224055165790333,4.992537893143279,0.09605930765009772,0.0011221923889775903,0.0009741435545721819,7.123411622907778e-05
trapped_ion,10.75880912231089,11.726625077721376,0.5618155196760433,0.913350195034919,0.961773910246688,0.041353959677762724,0.9653383225308828,0.030615857051297587,0.9560462516523893,0.06676969478809554,2.6582357294270347,2.7571373591876416,0.10416214583830413,0.0010145195963389727,0.0009799785505062934,7.132776885413138e-05
trapped_ion,9.671384342529377,9.533596729883948,0.411280095068244,0.9890220748941375,1.0097988276094132,0.07474758007428729,0.9742879961298055,0.04957792397446661,1.019206397482237,0.07790876158004122,4.5215986396235754,4.756826111038128,0.09935626961568517,0.002198185681199571,0.002194686959014474,9.244455127327728e-05
trapped_ion,8.679722699608238,8.472236649385527,0.08121894740687033,0.9717219092434586,0.8907021043643298,0.06391742204490243,0.8266887423120445,0.04072037987194229,0.8981540124538083,0.06753539613161656,3.293491176610182,2.969262929517106,0.1046693003422163,0.0016400712961618248,0.001515077349530758,0.0001756304854523445
trapped_ion,8.498422822419384,8.113260089462923,0.3643827333309428,0.730116012681948,0.7233494267382798,0.03625611318699684,0.7446016759838023,0.04044348934050157,0.6363668438048974,0.05122209263542416,1.287906828040718,1.4519562192539428,0.1264658157723913,0.001548299941701236,0.001548599313013637,8.08190732157315e-05
trapped_ion,10.50534635616821,10.033212598032616,0.3745756326018855,1.0518993127169347,1.1195222937061926,0.06176336665041649,1.0310828163329167,0.04493406367995981,1.192006744493737,0.08331403909126787,4.288535021756272,4.112676493836962,0.10320252675903509,0.00160451352462006,0.0016939826359764888,7.740869241651519e-05
trapped_ion,7.47978449436812,6.895916961577689,0.32402674795544945,0.6661905485896471,0.6904657262902077,0.03214989017170655,0.6609965409429007,0.03823284014676836,0.7616111159776419,0.05940539351829987,3.7534553812526017,3.8891927922021496,0.12689272297127274,0.0017618479801707553,0.0017142041445787255,8.371596511723992e-05
trapped_ion,7.9930458264370605,7.396336380896546,0.3578740147891732,0.758469379533211,0.755610648472283,0.029205308676412595,0.7500000066607216,0.02881371313726323,0.7576398465449758,0.034079848634829706,1.4100249537836957,1.1670165035722135,0.12810830447236823,0.0013313472759629815,0.0014516128600896275,7.914984483248367e-05
trapped_ion,11.39497527215001,11.188494130384187,0.37020976525030813,0.9413617807648371,0.9140068986039791,0.048687213921724905,0.876800204592508,0.040223948283681775,0.9485204639342214,0.06759667087135152,4.887051141470725,4.757494113685298,0.11205510521788686,0.0011032413229443963,0.0010332313412120678,7.218605107062244e-05
trapped_ion,12.840784336778515,11.768404829752939,0.34732716665557595,0.8866113331986716,0.832860247116057,0.030089166170740617,0.8403686691355395,0.04425682001660084,0.8264064766365904,0.041031049552743254,4.293443780303652,4.293109288636265,0.11633570991519544,0.001265780331401195,0.0013952583231993515,0.0001250272474597801
trapped_ion,11.613721736832044,11.479886197824472,0.49475227663667387,1.232927546953581,1.3300293286380789,0.09721799459675493,1.3393285282484413,0.07009384905113539,1.3066776345536946,0.10224877394701423,5.589084412377168,5.465178096745039,0.09902543408704945,0.0003919201179354795,0.0004240551739479633,6.27565009617372e-05
trapped_ion,12.108427707715986,10.909009620252872,0.28457852557174546,1.164592933787441,1.1567018662584516,0.03409537466171834,1.3161791753315322,0.06518482557476493,1.0966378820138638,0.03351132396126643,2.4568398233513067,2.5710778276267137,0.08898790732054597,0.0019318244436452939,0.002004835304683061,8.89392242467198e-05
trapped_ion,9.350828101839708,9.22246773622636,0.42784466174831626,0.682165971155675,0.7130180409952768,0.03929981005546173,0.7364033607779272,0.04140772248716712,0.6757761638709079,0.05516995759421012,2.8405312609227003,2.766602867066009,0.12280064900805705,0.0004264524264035289,0.00038280049141478954,6.214905912111397e-05
trapped_ion,13.75045214103454,14.056955707393326,0.6738645899652783,0.959976493566518,1.0495907784893561,0.031536443533454785,0.8781062999342766,0.04269733155981297,1.0576303584393594,0.028765152602627384,4.4052213245122855,4.71238898038469,0.1101511318965414,0.0017669674416149169,0.0016800496694684252,8.311372990930096e-05
trapped_ion,9.909143256973284,9.735858429320851,0.45611960867016144,1.292089637272763,1.2511800582969999,0.08165301519046557,1.1481677578706802,0.060160429903756064,1.3052734017861096,0.10083784995414777,3.09084056968347,2.928121308291522,0.09357981026016474,0.0015770120971324816,0.0015645688079287574,8.10958701707661e-05
trapped_ion,6.781959278819043,6.9931788539533475,0.1595260366443,1.1568514308114035,1.0239177536362254,0.04346030973209946,0.989405897961629,0.05274495914641634,1.0968953539461037,0.07669933415740798,5.207155753656936,5.425126487089496,0.10197447592376323,0.0020020898451225243,0.001668283182108205,8.290682747876075e-05
trapped_ion,8.044440991493488,7.801327066286548,0.33182912247467833,1.1887767901245916,1.2387968697699312,0.13202225288876138,1.191833597513243,0.061134290268043935,1.2603233926114614,0.09295115900391715,3.1388540449850577,2.8487189534356636,0.09228414920124899,0.00036196605898760925,0.0004788376754235642,6.356929129790195e-05
trapped_ion,8.601962701612639,8.338338330967563,0.27561955525319304,0.9973838700458473,1.0348761519958927,0.038271175208221694,1.023221712360107,0.04362000972331069,1.0738468941787,0.07976445424867445,2.939232935557314,2.905848447195361,0.10330049358746567,0.0011050140051799856,0.0011499428042926535,7.408948379759957e-05
trapped_ion,11.389167101843984,11.324125919384374,0.5097831150658307,0.6137950284216258,0.5626541926780192,0.03580097827726004,0.6046812928323189,0.035960898156304016,0.5487443420228398,0.029061224750831442,4.5330931385789865,4.106266696485217,0.1321464094681284,0.000965832923573128,0.0009243252738399821,7.043767584170614e-05
trapped_ion,7.197696108674676,6.447199833246228,0.33016732320775566,1.0934421280813096,1.1486186956468853,0.04167349918822736,1.017131698641552,0.04407728418083939,1.1611458241388042,0.04361351710435727,3.9602720901970327,3.9852425909564904,0.10194638662813857,0.0007900348930755379,0.0007351398422294417,7.862537327164952e-05
trapped_ion,9.290983340576272,9.225803928572862,0.40579081965385577,0.7832501087766766,0.7787223778003921,0.04321112833508058,0.8279833280175721,0.0437966045499043,0.747814130529125,0.05512492130526322,5.359039527335018,5.190975614243842,0.11648004365486486,0.0008053528028226185,0.0007675394004950019,6.796815557586604e-05
trapped_ion,8.232663401580798,8.24786846742047,0.15092358431508313,0.6582150911065002,0.5948396814220287,0.04960028081127406,0.5972259358791732,0.03590918346420782,0.5900151978428175,0.04878760923905202,2.6210651046517928,2.917312321176877,0.14155022560487568,0.0014198233828969296,0.0013435242315431785,7.731364887488152e-05
trapped_ion,7.034207293930617,6.918963698054658,0.2900558001327353,0.588641063345492,0.5442306583223357,0.018912237565571602,0.5341206748455191,0.031157394598810294,0.5490256379779487,0.02095771200549678,2.932934450202742,2.8723968252688596,0.16321229282941285,0.0024525843843422475,0.002248920291635895,9.34591097365425e-05
trapped_ion,8.567827573528739,8.9387832726931,0.29485484456588584,1.1758048356806727,1.1786666817024825,0.0504158228701425,1.251542079113262,0.06270871735560687,1.0454668503201001,0.07609005165200922,3.87994085461278,3.592398355233915,0.09816194767172902,0.00023105504053572628,0.00028365960311012734,0.0001247127616055296
trapped_ion,8.626312153752071,8.214316293066448,0.2007027973535554,0.5941350424064602,0.5151647273951772,0.026626944097167142,0.4962199354435598,0.03196324763183241,0.5581250020592121,0.04813262019214754,3.337066219629997,3.192086972678117,0.1596600942256358,0.001529189816519133,0.0013802525384514718,7.793471724698558e-05
trapped_ion,13.285849308708197,12.835447919300087,0.6065192467030032,0.7215689825252078,0.7558992601409792,0.03247284987885486,0.7447631834265557,0.03751997950913944,0.7712486402438741,0.04921252423465808,3.939737569837032,3.766575773058831,0.11573577960823496,0.001808262969841366,0.0017987680048804316,8.521763355362904e-05
trapped_ion,13.685061467231431,13.174797618844428,0.6048253872199439,1.2263238300351955,1.2351896477989255,0.061769002445054615,1.257351708347765,0.05840415063758492,1.2194855372183895,0.08074045932484973,4.551230272592795,4.5652863994076105,0.093895678820765,0.0008162607739970998,0.0005875620095537925,0.00013660329546500493
trapped_ion,7.16539346788859,6.350018442854473,0.3248785662986922,0.89736092275957,0.8623416838826157,0.0451332255229477,0.8145126137606512,0.04399032097325595,0.8790968439140504,0.05244615414085209,4.987228794191651,4.691113187233608,0.11893305619954879,0.002119059649425778,0.002085603811801342,9.042162918257653e-05
trapped_ion,9.034382034443421,9.227669817059903,0.440232420191514,0.7091863446657326,0.6570956755334598,0.034726138915300395,0.7079274611405664,0.037559571151548524,0.643133464579897,0.028848193795660147,2.1052177072531144,1.998409821917204,0.1336485215105498,0.002217709008847462,0.0020917318851518185,9.053464057215875e-05
trapped_ion,11.199396994795913,11.213587434930432,0.5047776819959969,1.099288510316214,1.0239160708941426,0.025437085130900823,0.9962012739467432,0.04433313805167227,1.0375181463339744,0.031058123481733115,1.5858966884611545,1.4468174444058566,0.10261025720207974,0.0002922372460037134,0.00035156272263032345,0.00012989036214856558
trapped_ion,12.779809532639362,12.1522494659955,0.5409818794631035,1.164950216080089,1.1563455060423797,0.024430536425678388,1.2778861330152236,0.0701541082290274,1.1503986997240683,0.02502107447389347,1.2566598093326165,1.1251013251205406,0.0906767017878814,0.0021221779412595562,0.0020452541290348863,8.967940928504491e-05
trapped_ion,12.271437807164753,11.895101654433905,0.5663779388409556,0.916158281486748,0.9746647009306774,0.02410649710862056,0.9028794851353672,0.03238337263148216,1.0091847811674122,0.02933553773998429,3.7296437640412856,3.7850937623830774,0.11235955056179775,0.0002835164629922037,0.00030000152096300254,6.094196815272126e-05
trapped_ion,11.532917882343947,11.177161432521617,0.513910046844193,1.077007049485525,1.1101362455094785,0.04783298330709518,1.1299921207715944,0.05777665411155215,1.0753863546620777,0.07932356106099994,4.242737954162568,4.133005837894371,0.10302382474774169,0.0005543435950551019,0.0006486954007060705,0.00012991830672464677
trapped_ion,7.029805908256824,6.768022713450561,0.24207928153422284,0.789243311524153,0.7653135719660423,0.03750863341946891,0.7512509528382393,0.042150333370702404,0.7761059729549049,0.049866075897755824,3.951322161652704,3.816006877074626,0.11889186085560555,0.0019613227938016305,0.001967554113315849,6.528998908477095e-05
trapped_ion,13.02638818401368,13.300690438000334,0.6328253628673495,1.3097464604990876,1.278348578149647,0.061705239810151746,1.3720393943625266,0.07184246527505352,1.2235854728022704,0.07767287320329588,2.480512782446813,2.475104051366448,0.09577911375674242,0.00019278818251993924,0.00020220645805221716,5.953703500818601e-05
trapped_ion,7.384151103667204,8.215909646727008,0.3675519007302798,0.7751346679068944,0.7866460709764286,0.04180409727421044,0.7594691058566876,0.04242999435661591,0.8163369040738847,0.06047161648466836,1.6821094693546677,1.6563863556322564,0.11254512381395673,0.0006857913767609663,0.0006421352193753083,6.603364378399096e-05
trapped_ion,12.120084753252227,11.709323920770778,0.5322900463955179,0.7353402612247972,0.7676255587615802,0.0461623843094567,0.5907348139211624,0.03554702746065468,0.8081609597082372,0.051178972280989374,3.456604106242801,3.2351413918348513,0.1344178301915071,0.0005447695364547095,0.0005037565071031791,6.394132648151595e-05
trapped_ion,11.068793860181643,10.733981032423031,0.337624724636119,1.2085503699907942,1.2882005263175025,0.08630204425852081,1.2138364250285385,0.06456579649391851,1.350258951407627,0.09655099349677503,3.8762158186142504,3.769469080262875,0.09765326990417848,0.0018946640431487941,0.0021703091423935453,9.19904080369302e-05
trapped_ion,11.329236672214638,10.771854156114843,0.5073756223178826,0.6476251219680114,0.6603524325981676,0.020376066993332345,0.5887753556209477,0.03583166358170503,0.6756857261176332,0.020476983799626872,1.8480712871034344,1.777415956429362,0.14877230112845205,0.0017816498677352664,0.002018496121157538,8.918902177295611e-05
trapped_ion,13.633548361259063,12.853993930047205,0.6218901276015599,0.9277018721910244,0.9205905362144808,0.052510741144703395,0.8060492827590504,0.037016177788555926,0.9688758493222664,0.06260799774962894,5.609821038003121,5.494796741168619,0.12267861014705789,0.0022811677189268956,0.0024263196226167105,0.00013463821154129305
trapped_ion,7.68895459492002,8.056714179750358,0.2896583085675084,0.7189427992718624,0.7307835325595817,0.026939388040267607,0.6471839806647823,0.03692627691694745,0.7481664232880382,0.025502437885170183,5.537891847187358,5.291511618018067,0.12642942389473696,0.0007667537756993224,0.0007292782109602885,8.999440589680822e-05
trapped_ion,11.510704368950675,11.46084858471521,0.5206367891880165,0.5965447555055675,0.5395632594396298,0.030116885136325867,0.5039404110839234,0.027401277429796974,0.6087592401067953,0.05166130628716718,2.8119239151077817,2.640446632871865,0.1823524584794252,0.0010774908004188356,0.0009470623924345828,0.00015126506653889154
trapped_ion,11.96305727893938,11.279383552284301,0.3028701374056329,1.2616864751176227,1.3176924044199254,0.05712580222028336,1.334530910314255,0.0700223515198087,1.284181619828504,0.0987818630405681,1.608622310350321,1.5580576455575703,0.09494788198264752,0.0003710117288335356,0.0002830725424548802,6.069715259602122e-05
trapped_ion,12.272000544466653,12.571912567689592,0.5742027166267054,1.0529383731049924,1.1000175407320463,0.030308810889148042,1.0445359654720676,0.053325874494796886,1.1056302546904757,0.031804957133140986,1.6333198767858743,1.5579485377864775,0.09576110665514448,0.00068831935852057,0.0008262178434853309,6.888579626576769e-05
trapped_ion,12.794767719409101,12.3602197085659,0.5452973574264558,1.3014163852647378,1.2755818665257561,0.052749277533789364,1.213297750724293,0.06548191131280226,1.3907043184096166,0.08902514933860649,4.5849185252805595,4.4166902498671785,0.09411373930302566,0.0006499778040160097,0.0005857063144965313,0.00014333598402643612
trapped_ion,6.725545969129483,6.646100748624793,0.32160561122201337,0.7606602142547636,0.675272729405966,0.02905715626643488,0.6883983723229565,0.03958342015238893,0.6733523949071487,0.02869332163203253,3.000898121924261,3.0708257413414906,0.13983620789034906,0.0009892574189644648,0.0009308485697602,7.054164182774992e-05
trapped_ion,7.478727150919261,7.13822204319772,0.2580986470230221,1.1202020691008616,1.055717133672862,0.06396831337320877,1.0709466217392691,0.057125613295342416,1.0479337086277876,0.07863357961725904,4.64748608791823,4.400722111364049,0.11017319066585213,0.0017291712843579964,0.001693591865082352,8.335221982317552e-05
trapped_ion,10.270497942875377,10.634198511238361,0.4655099991998605,0.8924414588615522,0.895636356656773,0.040910285933146315,0.881268684703466,0.030119590460682615,0.9214086539072149,0.06837980069515341,2.9757235126105988,2.952964750935432,0.10635890745287925,0.001560261366456669,0.0018625242065990223,8.635969668966466e-05
trapped_ion,11.752651537967278,10.209445314444466,0.4232650243948252,0.71994452233863,0.6979524548851536,0.061966590513468485,0.6763374502124359,0.03927580521460588,0.7083828600802536,0.0570400567098929,2.792966034882548,2.3791842261791953,0.11883727996843059,0.0024316495798567027,0.002232802584512729,0.00017396297655376683
trapped_ion,9.657240019851974,10.21507975653086,0.43398919235147326,0.5955992841591216,0.5688759559307897,0.025898617465869637,0.5495006801218417,0.03426721855329735,0.5946865638209791,0.039550686333361174,2.3604960510713755,2.564830187594343,0.14505708212708393,0.0018483660147605304,0.0016914650686405777,0.0001872129374398289
trapped_ion,11.935046916164069,11.421800072365086,0.5296212872086166,1.1273855778824298,1.1374558149292464,0.030073979342150305,1.176849569454393,0.0578659943735934,1.1309297902206765,0.03246961249545648,5.093164678007459,5.001272137133978,0.10058102490236981,0.0010155039341275135,0.0011077388120673596,7.339764895818204e-05
trapped_ion,12.596283943008098,11.429584211620817,0.5429830408348127,0.8935660665970294,0.8087094327669284,0.04654523224716766,0.7644704286943228,0.021283552563951046,0.8777561572859295,0.06793058274875999,5.5818451852518205,6.090731340219989,0.12153081813756327,0.001124356552988942,0.0011428162633877188,7.397238081027085e-05
trapped_ion,12.809733623008253,14.585440255313737,0.17732593813304856,1.2329299592951501,1.3195206296955193,0.0348698402451639,1.2288866091554504,0.0658330792998387,1.33397567860234,0.037547680004647296,5.2787705215143585,5.322835247972533,0.09738432621006725,0.0003683712818403666,0.0003736098357215902,0.00013423280863660903
trapped_ion,13.650576430024678,12.980586134178079,0.6244423151228824,0.8242938968560993,0.7714242428279995,0.03694648059019396,0.7688766507308906,0.03913061913395416,0.7767477457857925,0.06124126424838383,2.5187458984840383,2.4957302708050912,0.11806367214264735,0.0012978091724749831,0.0012545726065856656,7.58218054254049e-05
trapped_ion,6.756461765536329,6.109855088780558,0.21659385961050795,0.9852861039813186,0.9881030839721163,0.06268542830845059,0.9974578754129898,0.052392210224917315,0.9848537801724493,0.06886990259881047,4.397024941502786,4.452139489825806,0.10948956153012764,0.0016500771532604696,0.0016108733711023464,8.190155468604097e-05
trapped_ion,6.351565984600743,6.328439230755453,0.18503734578270348,1.1876181052413763,1.1745320928921426,0.043738920190455804,1.21646535616176,0.06654580863190925,1.1706772331992,0.04570515088241797,1.3794077325908485,1.5829173905115175,0.09034452170445231,0.0015758366188137376,0.0015978565730949503,8.167460248319118e-05
trapped_ion,10.787831269749217,10.4741138922134,0.3371403323873364,0.6804836890358243,0.6680477603700242,0.035786642551634364,0.6513632125830929,0.03798476073699513,0.6905058463398625,0.054813654435821216,3.2555671034407467,3.1501396101064922,0.135138836943605,0.0011504561306469683,0.0011929561966355989,7.479868915345496e-05
trapped_ion,7.4537295276684645,7.0760059498874535,0.3530778751176811,0.6589943407203767,0.6126701424065544,0.032519856215506564,0.6289194392733832,0.03627968176819356,0.6087965956120598,0.03618895201697742,4.4919467854503905,5.072658251532005,0.14056788873788817,0.0021691556266203757,0.00233220735084361,9.502845255797117e-05
trapped_ion,9.790057109812683,9.39787475026981,0.3191980033657579,0.8909022428145624,0.836750197463183,0.03597556960890962,0.8525868317806097,0.038530130826641404,0.8075881772788066,0.06064234666401457,3.7341942465912252,3.3587799866491803,0.11818234072472784,0.0014257676001316465,0.0013733997581946008,7.78186135157011e-05
trapped_ion,13.264931081092616,13.816216775288359,0.42134315895250035,0.7070076082712324,0.7183345881354317,0.03668186083081657,0.7309602671557283,0.03501380192697147,0.7087157435948677,0.048689525360031564,5.276875257525078,5.457914176356218,0.12432868907354541,0.0018031476176879288,0.0017654786138171677,8.462469432151525e-05
trapped_ion,10.45979059145742,9.728526714637,0.4170780399173816,0.7929499872719725,0.7556779049105833,0.0311766153328551,0.7710476826921475,0.038883839851276095,0.7280113838279682,0.052169013894700994,1.547344637510336,1.5253496051116147,0.12701651728573335,0.0012264293408296182,0.0012307418479990432,7.542510403780954e-05
trapped_ion,9.891248786998837,9.262500055904137,0.435995433882683,0.7168000059531089,0.6784845104681682,0.021048309599604645,0.6534754909224179,0.03593488468564465,0.6834361945199982,0.023038006381435695,3.8589185289578047,3.344285660121129,0.13330726690516237,0.00042261033827087525,0.00042369776897105795,6.275122132531088e-05
trapped_ion,8.7557878328847,8.203153026127218,0.23747556848641072,0.7646538198272406,0.686816051235205,0.030395466253435584,0.679691069830439,0.036409578007316826,0.7032000763348228,0.0552120763802178,3.533521317278084,3.268540533943407,0.13372497811419579,0.0024502715249479063,0.0025914070217494724,9.999814866096075e-05
trapped_ion,9.854582281273853,8.705118534484992,0.3997832092572907,1.304873037869736,1.3494189304141624,0.06885932717351585,1.3714042980999344,0.07584521907901397,1.3264421619084223,0.09847350057551686,5.058691577753272,5.041373137766415,0.08930707535646588,0.002086878143830429,0.0020181557243600778,8.918279277170234e-05
trapped_ion,11.324756908248998,11.23205910066329,0.5135400059881904,1.2891450430122045,1.2648283801018523,0.044630237399870355,1.258534645930826,0.046411163996801584,1.3421465980164669,0.09808867988339366,2.9543871188429973,2.994366539567781,0.09302989744987941,0.0021672070773725636,0.002083649989249988,9.038561350327037e-05
trapped_ion,6.277993823365549,5.98055337740082,0.26491526537218113,0.8640916392397441,0.8422184346212968,0.0489290190930895,0.8052160309762676,0.03898510884289674,0.8581969622786828,0.05854790172186491,2.7709361250034226,2.5093908596036774,0.11299254697492214,0.00017702378757608408,0.00024309419033435306,6.0121690803595055e-05
trapped_ion,9.784587626092705,9.132658680346413,0.37106030033500875,1.093036966951407,1.092832663708091,0.03543490821937643,0.8824322328881128,0.04465773807190152,1.106700386172238,0.0365840518004077,5.388818810762808,5.7716699435825,0.10810652876933373,0.0002475738198029524,0.00021596138932951088,5.973327748218267e-05
trapped_ion,9.530436323835998,10.054077441761242,0.3179537510738694,1.0328543536632888,0.9493679637927077,0.05225425341634468,0.8596826647841551,0.02391553759600725,0.984393112877489,0.061618686551304216,4.616425110185667,4.376826500448936,0.1023048016325311,0.0013394282298526297,0.0015953305544506413,8.163060252089199e-05
trapped_ion,9.680931718953524,9.91231367158255,0.37374948559477145,0.7261833085481338,0.7313458734743906,0.04403836668423685,0.6854633189301421,0.037770470542236194,0.7664917119124313,0.05852292461595101,4.205340129952884,4.50403077611009,0.11924635959463521,0.0005990105005039405,0.0006168729402923224,6.564834885957853e-05
trapped_ion,10.96867728094269,11.493461486928872,0.545758432938725,1.23060070316875,1.2193920437765615,0.05081399713102901,1.2073054193998105,0.060377103709300696,1.2487416796198858,0.09408515871602557,2.134867564750618,2.0832936823127244,0.09445654673596963,0.0023023895579782783,0.002391938728267734,9.616227217057016e-05
trapped_ion,9.024981041206095,8.97091512485623,0.2949849962911906,0.6992030784366317,0.6756662517071621,0.03660622702724133,0.6231849531446725,0.021691935797300867,0.7629122974129737,0.05973011968591968,4.886851094520341,5.4647969936026195,0.14802069000180135,0.0006300367686623311,0.0006419699245229182,6.603111793054343e-05
trapped_ion,6.131803366100445,6.011276585617616,0.12120528554857485,1.1614157898869963,1.1701328723857896,0.06541931446303288,1.1094422540974704,0.03360868046749496,1.2826664764127285,0.08136922405915761,3.6526790667677123,3.6527452499167334,0.09869547802039191,0.00015521675908146155,0.0001159052021202166,5.831595932035608e-05
trapped_ion,7.357052946271527,6.928525937626619,0.3439971230919808,0.8275740346872749,0.8330154515609376,0.037250052316556446,0.8141526193522592,0.042468789451212255,0.8959275647551748,0.0692038318342405,3.057373327944883,2.8910038487032454,0.11975146227532256,0.00206694130044177,0.002114432726036279,9.095393836993579e-05
trapped_ion,12.594652134161077,13.413769291606018,0.4407341017913234,1.0329857062044259,0.9622475669289994,0.05346448296145786,1.0078126377943786,0.0375361094431274,0.9326693363117221,0.06865852708008176,5.420585431549412,5.037694665046215,0.11315664014697659,0.00024346992435745357,0.00023162067971858633,5.9957232650453104e-05
trapped_ion,9.856191997319693,9.495521720478996,0.43524655786536576,1.0999529066335894,1.0575253262252873,0.041223565267563,1.1407945770604038,0.04519216695375177,1.0364222800302727,0.033344427826099934,2.839245433713205,2.782409488461166,0.09260172301369314,0.0005456734419744722,0.0005928479591197999,6.528330013286861e-05
trapped_ion,13.033282491466816,12.088181004977084,0.5792575335641705,0.6954968319136722,0.6675646070620189,0.03383376421739155,0.7060073673856825,0.0320896783223459,0.6325848093643838,0.04675820083791304,1.7560400077076366,1.4976582149678141,0.13625445133531802,0.0019398543441569909,0.0017045148445794275,8.354486595950647e-05
trapped_ion,13.985428184839746,15.207687523947786,0.6562103098747912,1.2076815131917056,1.2503592240352988,0.053442441721975396,1.0811211949042205,0.05336022568122834,1.2581486749010378,0.034235334348199795,5.21136564946373,4.73371013426698,0.09534929281396141,0.0005223858901478787,0.0005599097758798339,6.478500137167684e-05
trapped_ion,13.75655175007111,12.544317629153657,0.4472744543258051,0.6457217119743488,0.679643896953971,0.038694165233580456,0.6926468061502311,0.03774414872407522,0.6697388706706016,0.05135919318010653,1.1712155264399975,1.2451740452645683,0.12717562738669735,0.0011217370430602004,0.0012796951186078414,7.62413736174664e-05
trapped_ion,11.615256760512915,10.923907626230777,0.5213104896793557,1.0288923337221128,0.9448496800902386,0.032228190083719216,0.8197791015028705,0.043901743279497196,0.9504245291692499,0.028491746338336222,5.456359326262523,4.879090467830279,0.11282557487833728,0.001236137434268413,0.0012984004797444938,7.655467671775612e-05
trapped_ion,8.374717691836166,7.766107644382956,0.2522379402880022,0.8374932594737465,0.862654188061786,0.040792827867395874,0.8792382657808138,0.046010762895981806,0.8017253926513173,0.063205431993411,2.3954334269917945,2.4512773539044566,0.11145218132094789,0.000905282781309556,0.0007749061117069957,6.808292495120392e-05
trapped_ion,10.595547901633221,9.979728700858507,0.4535039645150408,1.2023081253194186,1.2977808320636468,0.04967599045300769,1.1779827585426659,0.06224126666986356,1.3150491178188173,0.04349178053485429,4.572726595835562,4.167399675560053,0.09947171594375324,0.0005538839513492471,0.0005378226628245472,0.00011967597398555038
trapped_ion,7.722562281249043,6.722693425406822,0.34131314618578285,1.156556519752249,1.0993549694542752,0.03692253370517789,0.9167633820478588,0.031473522618533305,1.1165754978306486,0.038624424606005514,5.427517944724011,4.947153814879685,0.10474908862797228,0.00193323869091669,0.0019029236600338847,0.0001794933559041093
trapped_ion,9.670391056620101,9.50146171921008,0.4505952630204163,1.125841283890095,1.1033882319868349,0.048864989684972604,1.0602253641034145,0.0532413884581697,1.1268920399061313,0.06072913079595653,2.8369564129000615,2.594051244663335,0.1042640070768338,0.00027765024617239654,0.0003130353499827492,6.113091411521357e-05
trapped_ion,7.848230605616838,7.132883668671267,0.19070836631314458,1.2624025696890042,1.2129658147714497,0.08809462929564625,1.1709710808118752,0.0605010245569738,1.2470217906809722,0.09661489501482864,1.7414668987660964,1.4020008505189605,0.09666416363425856,0.001432707675071879,0.0013014651777584498,7.660608219651877e-05
trapped_ion,8.204231865815707,7.985489353374469,0.3865753460207235,0.7557869456770842,0.703750299993779,0.029840247058955487,0.7348437731576715,0.040356763373621866,0.6662457854638522,0.02304402015372104,2.0777961406958703,2.1288793240581727,0.12076273083657675,0.0014347174380082057,0.0013227400349892472,7.696350565815276e-05
trapped_ion,10.103047624615996,9.238990934687383,0.4358991364789866,1.183497199563785,1.2041289625355225,0.051877124810277085,1.208982082432584,0.06208097291623522,1.1955130541533252,0.08642383225579935,2.392348832525774,2.3864312577430553,0.09964490043078728,0.0013068747270040617,0.0011990207456295061,7.555665637664125e-05
trapped_ion,11.611953860057564,11.716902639876674,0.4151245196220999,1.1158947218774633,1.0542232926322792,0.1079203934714597,1.0808659952441748,0.057127604150725736,1.048214394323606,0.08032680729936352,2.502992668762835,2.07486632203777,0.09293664243072552,0.0023513116874998357,0.0023000641054605917,9.442118168354766e-05
trapped_ion,9.055586176372097,8.550067811242315,0.4060881798235352,0.9707322636735063,0.9540453940354398,0.049934514215673007,0.9171423449160642,0.049977229746734575,0.9884009225486516,0.06938862445889996,4.344118308704434,4.281201474616678,0.11526659574827508,0.0016738187392103577,0.001603919834515972,6.812288854819831e-05
trapped_ion,6.735127833183718,6.18795164862015,0.296381535266647,1.209246438269069,1.2312404519541498,0.06342076064382979,1.2257308321565104,0.06664696724696079,1.2375784783818284,0.09300079691168738,4.386153804836791,4.3978825778858015,0.09338171344321841,0.0024520632714795042,0.002684824660351865,0.00010182040462311017
trapped_ion,12.748031872869038,11.92883628783509,0.4491424693872989,1.1612519516214763,1.100131734190973,0.070860963105425,1.1815059061882673,0.05974332141189424,1.085530059838477,0.07695639848194213,3.128930723733478,2.925188759073498,0.10044039219036507,0.0012228523167973245,0.0012235658520838959,7.530589514746895e-05
trapped_ion,6.08968423012617,5.589271095020036,0.282140906233698,0.7081746632997551,0.673697798806733,0.04077780669550233,0.7089816904183639,0.040368741039943194,0.6413628089897587,0.051543305860343086,1.326765127916496,1.2626317558963573,0.12041290540044598,0.0019053052735444555,0.001790582128947597,8.507161436957956e-05
trapped_ion,9.581415859325954,9.6175609472909,0.44598720834095645,0.7326539405746905,0.7246330364632609,0.03002178734805377,0.6879281181102289,0.03713601727358239,0.793875572134743,0.0510058131550421,4.1353062331934805,3.887568097189915,0.128036879932896,0.0023480370315162764,0.0022938510718240996,0.00018387215535702536
trapped_ion,11.947702105154052,12.018556633530054,0.5774520705572874,0.9536718624014866,1.0378322405741918,0.03893128489010199,1.0431612051990835,0.05320182519400008,1.0372372824653227,0.03012388491480568,2.0638892934943223,1.8386861986882224,0.10477725896282258,0.0013090037517480564,0.0011894786935892575,7.47411985333838e-05
trapped_ion,8.37696705998009,8.5519163493746,0.23947605570895225,0.7667624031103499,0.8242102642181757,0.04327246938411901,0.6472237638628417,0.03503719498751003,0.8528893536864721,0.04664686121122987,4.699403986068139,5.266455585523371,0.13743189145855592,0.0023712308352527734,0.0023085579020104365,9.45814558626087e-05
trapped_ion,9.095354910929581,10.083059988081288,0.4681469218192074,1.1073897503614103,1.1462991570771597,0.03295918115268956,1.166845452688618,0.03131296980525835,1.1426412572185631,0.035772967920268704,4.72344071223054,4.439398277240905,0.10676001097860223,0.0014022201924850546,0.001418739002767055,7.85886862421691e-05
trapped_ion,11.882438777058347,11.04681923360174,0.3976789047268957,0.7646028121711846,0.684818547046919,0.04322177335487727,0.6840284782084679,0.03677494273298452,0.6852367057654243,0.053449602976928086,4.893708907592705,4.7239495452720135,0.12925032498419442,0.002246701361271168,0.002149948882482743,9.161201631975553e-05
trapped_ion,6.745291172319233,7.223613074640829,0.3199629790285152,1.0974636869170327,1.0658722620040082,0.054996570961158106,1.0617238025109648,0.05698283790929695,1.069132714660161,0.0734969653593981,1.7913643666142638,1.8345202714854694,0.09333289363273684,0.002213493490373278,0.002357126765478713,9.550063109151248e-05
trapped_ion,12.277271552409964,12.71021660690042,0.5852421882816159,1.0819463101666618,0.9594793854232572,0.061859028656578274,0.9432248793270284,0.050968353446545406,0.9618751686229783,0.06626115376902061,5.587896518711376,5.257703151706642,0.10205994638923062,0.0014056872574890928,0.0015472740234038283,0.0001496373958180213
neutral_atom,4.260618658605134,4.504098588979932,0.18339228162225765,0.2979243388413998,0.2536837387075061,0.016102951213630326,0.2865754474574583,0.02516942696055267,0.24145248649085266,0.01886084101753038,4.854234863073605,4.147279075445516,0.346354749186537,0.0012735509970808248,0.0012206976097635094,0.00010425612225567653
neutral_atom,4.856267842005327,5.3198341279728325,0.23404494606293674,0.5414964236500481,0.5116601887521315,0.034890614415092704,0.49221118756275956,0.03005152269422934,0.5219125948537497,0.04311699440829946,2.9661460897447274,3.3606082463752687,0.1645725471849093,0.0004396533535972295,0.0003248912010728976,8.440444933099314e-05
neutral_atom,3.9858648332172812,4.254169537886133,0.18519265121230927,0.5800624515625016,0.6055880821686576,0.04279857058945526,0.5302355668041535,0.03378281692925847,0.6524847469333848,0.05451341194004601,2.75002862566339,3.141592653589793,0.1542574468374819,0.002750082268572542,0.002770224433884541,0.00014501048789859652
neutral_atom,3.399299463200385,3.342159185459461,0.10594481969936792,0.4477336630085451,0.4024280918592839,0.033900321531385676,0.45044545228922384,0.03135940525928281,0.39047954277212027,0.03788409251758384,4.046809745692057,4.366438724209477,0.16376946349404067,0.0036614122725882672,0.0030591031716907463,0.00015343094988317643
neutral_atom,2.9224329498157866,2.795202194027839,0.13374611127081673,0.4920110019603519,0.48223049188173933,0.036595098119423526,0.4347136457311667,0.030911518972253974,0.5143245218623455,0.04736802899997229,3.285047125735561,3.0542165920069895,0.17263717535187545,0.000982252890625438,0.0010700336446638505,0.0001007196090872964
neutral_atom,4.591742850568725,4.886503301120762,0.23255452452182915,0.6009772433365732,0.5884712884849015,0.028646903712438655,0.5835507627418548,0.03135250800616895,0.6133458602749583,0.04681649164252397,5.5758890270298105,5.233163007909294,0.14952879220456303,0.0014199665035239308,0.0012679200911904303,0.00010538078090100164
neutral_atom,2.9275610810906105,2.8926053332496995,0.14463613233887648,0.3411480542169412,0.346657333831814,0.015151193808496714,0.33208878755801463,0.02821903767824606,0.35255817938442807,0.01795937481663772,5.625379560216984,5.007013308641868,0.2853999364528574,0.0015794822380403835,0.0014974856527357025,0.0001109573506800018
neutral_atom,4.481663478427711,4.974619467322448,0.18613206927069811,0.567614272563129,0.5204322368362232,0.03329594859301035,0.5014420232138461,0.032931628402777385,0.5422968515573128,0.04883690828646224,1.2106447897941317,1.5148668548551656,0.15630725191031822,0.0032740466089081315,0.002989266968546014,0.00015137336723415287
neutral_atom,3.2655379021211917,3.283845440919429,0.15902879325526556,0.29121691685407025,0.27657754066835394,0.019196271316004543,0.2824388855756244,0.025099103319905936,0.26831692846515137,0.021317239915313434,2.7210468089619146,1.8678061026834514,0.34826086150057556,0.0031903618676195652,0.0033736189119938057,0.0001628660359569777
neutral_atom,2.4675424104604975,2.3743663718523274,0.08205040620882521,0.4822718058106299,0.4850890575792531,0.025814837293869564,0.49827593110152757,0.03199950333528113,0.46051206182174703,0.029173520941481134,4.468567081781375,4.883399567741099,0.18186929276828415,0.001029746560592938,0.0009259036311532623,9.741066483628805e-05
neutral_atom,5.3769082084686355,5.705027540377683,0.2568392073667189,0.6269272023047842,0.6657498856605785,0.03783622363083521,0.5835824615181361,0.033013312213637264,0.6846821179578558,0.027878824135487718,2.7522350131151807,2.33643335023586,0.13920881377833927,0.0037712024006746545,0.003852160348516539,0.00024374650513078982
neutral_atom,4.738370301163372,4.9346821581478855,0.22686961232999653,0.5250388676056125,0.5444428536337929,0.02602298935651543,0.587074873153769,0.03442226898954069,0.4875777289264042,0.03975525458528145,2.6830453561787344,2.6564896867354117,0.158232601996244,0.00280296135268364,0.002442640092582138,3.590942961865179e-05
neutral_atom,4.695462647354246,4.483394305355784,0.20527108437168687,0.6349828984915185,0.6480170286898882,0.03692813713813468,0.636297744630067,0.0374311787581777,0.6755436436422633,0.053203020104610844,1.9751888856603728,1.7666991760804514,0.128632924558844,0.003855501928875423,0.0037178979818322257,0.00017349937714603576
neutral_atom,2.904275830337466,2.826767360395176,0.13143832822710352,0.5542044600365029,0.47569573683054445,0.02704031505200001,0.45727209098045124,0.03150327063403842,0.4808312256629502,0.030577616284175803,4.471888096635002,4.232902762643776,0.19307681882689373,0.0038612925217511524,0.0037461057669035654,0.00029716749170298815
neutral_atom,5.336894526006434,5.214259785867337,0.2381001818141739,0.6852225044034014,0.6741103769116472,0.05021957986099527,0.6516270463226658,0.03778799577274084,0.6784858306777101,0.05488907702997346,4.342759692017775,4.8090877536884955,0.1200782204139984,0.004071047745575953,0.003993408467317112,0.0001822287484069926
neutral_atom,3.4905562711226947,3.6297695930429947,0.11729498211380648,0.636170809627073,0.6309208812827442,0.031921233428653016,0.6128736922072004,0.02741292805376361,0.6672022894044359,0.05538461301679367,2.952993281684507,2.4066158573172953,0.13855120764997533,0.0018699718633859845,0.0017591860046948333,0.00011753243331238182
neutral_atom,3.604936541739251,3.4714948726501005,0.08066270547649315,0.3659839831677049,0.3374249863193859,0.024472999445385446,0.36319634517187477,0.02897455144999491,0.297732033146438,0.03900505056938949,4.65076216997076,5.047673856047122,0.22612515737433134,0.0034158493062083537,0.003733663452253245,0.000278430591989571
neutral_atom,5.184543834229177,4.922278004502683,0.2269778020715369,0.5922290516842733,0.5760988753895557,0.027759143440788277,0.5375877670432675,0.0333715208521416,0.6129733953045925,0.038838042392933,5.547627011985897,5.764876554096383,0.14217115368672814,0.0011418428760824489,0.0010128954646303563,9.939911567466855e-05
neutral_atom,3.5694771198108968,3.609743738016947,0.14501453877401668,0.6689894488947209,0.6497884379477726,0.038814854116197416,0.6441729202092908,0.037521060134107956,0.6820645866938918,0.05555517006073446,5.116393457170588,4.942356026350785,0.12514380245717174,0.001957579250909483,0.0019266960114879268,0.00012186055932638773
neutral_atom,4.287220328136108,4.71275412953518,0.11583213556466986,0.5424873154017822,0.580393903821417,0.036498131282844855,0.5731567489708109,0.0340648985135685,0.5861346195906614,0.0488751852541132,1.2996261114970302,1.1020626936254012,0.15051469958825736,0.0018277165559302947,0.0020399071016290685,0.00016132166825843163
neutral_atom,5.174279167974222,5.117358869424721,0.23605488795569354,0.38542042062387044,0.37509039285968515,0.026047403480145025,0.38264049802627875,0.029520417033044657,0.3642214251172999,0.04068382901314211,4.810596900053675,4.5753489492672985,0.2187079284001555,0.0016748878587156267,0.0012646713333554099,0.00015689755799185696
neutral_atom,5.482411541582625,5.4329362867312545,0.26878476067272655,0.33867716493949424,0.2748843411383643,0.014274347058268052,0.29440713071870533,0.025114455938688003,0.26556794494077013,0.017349094490524988,4.14227189320099,4.379724762755051,0.3219280706328909,0.003092077767188734,0.003168068214969957,0.00015666881077372436
neutral_atom,2.8899439653354975,3.161889205983293,0.05089878638188284,0.6360542969145563,0.684013724722185,0.03952033013221086,0.6870966651076085,0.03686302433298924,0.682333240576526,0.049124443640690255,3.7612456480054197,3.5316331883996366,0.1276680127414552,0.0027862205049991257,0.0030518662891448507,0.00015321708851443898
neutral_atom,4.464274732756365,4.435794996803541,0.2030848259360735,0.35290495150150974,0.33768263175290575,0.02177443632232315,0.3366615418566683,0.025746224053523104,0.34024764329695406,0.04080620593084216,5.284087252722199,5.0124428939529055,0.2570872483645304,0.0025508666997359074,0.0024751114593610725,0.00013666149279571683
neutral_atom,4.719438744579389,4.579330838153665,0.2097311101942436,0.490863098478777,0.4862486219717227,0.02502350826799253,0.505519504616459,0.031440242887794186,0.4529432571066335,0.04133254878601078,3.1729311657780643,3.098356147116779,0.17089398624304522,0.003679903657995095,0.0037324591445114614,0.0001739559238631864
neutral_atom,3.496601526535433,3.3203950995261806,0.11323485837697204,0.4722341017917608,0.45843011401361006,0.027564646957210562,0.4764419384066269,0.032159123811992846,0.445677672632148,0.03389641731632613,1.7048537064996552,1.6191739861125694,0.180275310345904,0.003994287104503862,0.0031046985276607705,0.000270188131992532
neutral_atom,4.666332001096617,4.690546060584157,0.20811818387790393,0.6565207637681,0.5926705593393751,0.021660031663140834,0.6737468235197025,0.037171269499747854,0.5709888650097846,0.02438484258476385,2.5045085163080723,2.4307594814724705,0.12946027884443242,0.0036471465832437597,0.0033032210089436716,0.00016073058604031018
neutral_atom,3.344246377092771,3.1192746507697033,0.15348855145446527,0.2968465489270699,0.30181442402505193,0.02262520911686057,0.30755055818030275,0.022886985694568956,0.27617362577844945,0.021789944483974436,3.796757409423237,3.2996784419469787,0.3121192273473122,0.003006984484485678,0.003144862313221041,0.00015597647418858637
neutral_atom,5.518564839520644,5.913402131300913,0.2802955089073145,0.5261474160503093,0.524933448097133,0.03486019803595514,0.5460705058434704,0.0342836163646902,0.5098504304148802,0.045633340140688546,4.942371751333143,5.049981769245225,0.14175487253094843,0.0018267696389527258,0.0021432562495739714,0.0001275913696938011
neutral_atom,4.047654888400574,3.850657812057517,0.18394862564015194,0.3161516360829779,0.2941151022730239,0.022410475341589662,0.26619724430399033,0.0279756077505091,0.31349799716760673,0.020440414445601966,4.474164505175485,4.520670686164665,0.4280388950933259,0.0028779683846089114,0.0028055913499956905,0.00014602841810837898
neutral_atom,4.3377266983849525,4.263981112314288,0.18985147338447328,0.6130434984431928,0.6264997154189246,0.029578701490812508,0.6181297880030177,0.0356338328223573,0.6450446478547116,0.05304131956816701,3.067260267237523,3.0868118366400683,0.1443420780578275,0.004825022803194147,0.004112756687672733,0.00032610372867863984
neutral_atom,4.100319154419557,4.091070205351124,0.1957305044823464,0.48775620261014463,0.4548932719713062,0.016827963119213515,0.4803541740150374,0.030511108212987897,0.44376234783083995,0.02017375306918386,4.047239935440609,3.5297097157495534,0.17935957416356965,0.00464542847416993,0.004123327482064535,0.00019623261366350075
neutral_atom,5.307181910366314,5.384725425210934,0.256318426927678,0.6091246524541782,0.5425056445773666,0.04229607758452871,0.47941747179554567,0.031004321394622184,0.5656234066977959,0.04944184884359969,4.680291597486147,4.974227883735451,0.157788778571536,0.0037787923937111965,0.00329737215914797,0.00011780408205713175
neutral_atom,4.961963763826086,5.071297041439808,0.23371502205802536,0.5263318370010394,0.5440750756701025,0.03341194028576534,0.5957868232205462,0.03560817074138508,0.5039227833496635,0.04453278535273918,4.645729037414241,4.244305781899459,0.14404676632431684,0.0033024086759371853,0.00367098821737289,0.00028167201356468763
neutral_atom,4.924068896888634,4.549319253391708,0.21884882923498894,0.3037730295036081,0.3271630550245854,0.01656169378636692,0.3205397992402646,0.023948056733979664,0.3295967083167449,0.0193668500852088,4.185385429080301,3.760250319739168,0.31053504702226853,0.0034869371391118864,0.004059002073241616,0.00018433497532020023
neutral_atom,4.571162770900219,4.782009233571699,0.22237850026543046,0.6828972834941239,0.7642859014752457,0.04047904475004989,0.7073053644133763,0.04044226814985674,0.7981189541588549,0.05110253067714427,5.449378303033845,5.173898723129463,0.13113245862272216,0.004251115345973486,0.005112675180460097,0.00021956150367673122
neutral_atom,4.337704319405708,4.199172767769071,0.1617648359564075,0.5430849412258945,0.5182934365385037,0.021827827344915594,0.4967350779713668,0.031068798573939835,0.5393065846595703,0.03067341813575604,5.0888652462909505,4.635503800342314,0.17187814721168515,0.002497900969772704,0.002260255211790331,0.00013074983932757252
neutral_atom,3.3765405642714317,3.3347297861715037,0.14563369289833744,0.5754746363028229,0.5648151978236676,0.022040294275377535,0.5613747974756583,0.02454926610646575,0.579112673376678,0.0500453468296457,3.15138683549075,2.942255348607469,0.16560967777040864,0.0026127722123693033,0.00262014305192375,0.00014073193970179804
neutral_atom,4.989921234688913,5.150697954738292,0.23775844028686463,0.44107143316542413,0.4447957123463171,0.0251684436801862,0.4521039550221155,0.03125651893356232,0.431319296907771,0.04244449041877449,2.9597265706009774,3.130164206551399,0.18069863042341178,0.002247198781829653,0.002129866433110331,0.00012723266933327957
neutral_atom,3.1786552121385174,3.2992110903148757,0.16065255338396184,0.47151145067158085,0.45693534744403924,0.04053816697729785,0.4362742596175207,0.030362142272032825,0.520059568528109,0.047782836157005376,3.758218265856253,3.3040252664912684,0.1832473290751142,0.0027703869731669295,0.00270142663803206,0.0001753680535550577
neutral_atom,3.2118532008623415,3.276176140888541,0.14242259943356328,0.5077204835375856,0.5212364305177778,0.026962972366130843,0.5616531508355398,0.03376799327784405,0.45013850133352923,0.04478712593523975,3.105626598105546,2.9534701843338205,0.14850466133746626,0.0018946998114909362,0.0015382250739695697,0.00018560917294898948
neutral_atom,5.463476548224655,5.009079138485845,0.14598840859688514,0.6390955898277256,0.626410900889678,0.031759501344616116,0.6264882532864795,0.03713643920161359,0.6262738269738704,0.052878098082205886,4.573670585557791,4.554360900426946,0.13073850309598345,0.0040423273482302876,0.003416846625268747,0.00016418393545997813
neutral_atom,5.459868831240147,5.025265137267551,0.2448482839361562,0.5236990291054223,0.5466464062159547,0.025445278877318418,0.5479184042745088,0.03223437944219509,0.5445432769941697,0.04144852387762796,2.0300121422627235,2.1107863539556475,0.1590450341720758,0.0030062372608674996,0.0026978962431417706,0.00014294019840972388
neutral_atom,2.9426943482484913,3.085188009630945,0.13832141963337272,0.45234394460018784,0.45440897705166744,0.025790587676206546,0.43693284459880966,0.030974624446551087,0.4939108298019964,0.046568485982074914,4.969248388707478,4.794986617123902,0.18464143291288906,0.0013299804944162448,0.001131262136891512,0.00010214728979265302
neutral_atom,5.27136071390341,5.224752971635244,0.12696882043644503,0.6141289740195865,0.5942109544314585,0.028344636861819133,0.6131134611843106,0.03467324300492908,0.5561316207667333,0.04921295379862749,2.848696452889609,2.729349969839179,0.1406972220423795,0.0033313665233902505,0.00301469515802795,0.00015212095629379093
neutral_atom,3.9649734378906683,3.9380963927731507,0.11620280297228286,0.4543364005763557,0.436807656445737,0.02437965174607897,0.4064081086208877,0.028362460830245507,0.5228228376465415,0.04770873501522184,4.6656413931180705,4.205745509713193,0.21976695083223294,0.003390523298940472,0.0032060392250125467,0.00015780488012797196
neutral_atom,3.5569684401291166,3.512306465960458,0.1294424205547087,0.6678672175963297,0.706235667746633,0.03564987536558454,0.7039754603236292,0.04036714696893256,0.7093627771786107,0.055038948349742316,3.157993779509842,3.3370464683072307,0.12341917379408775,0.0022421870425204256,0.0019288113723921294,0.00012191580427209096
neutral_atom,2.690113834580939,2.544713649345655,0.08515772378193417,0.6040019080461663,0.650530100895431,0.03142365142555986,0.629820765171749,0.03430698986626907,0.6655031979402689,0.028478461143283975,1.7552140615896275,2.172636795515747,0.14728195398497143,0.002095550420681202,0.002365739878475929,0.0001336343224423858
neutral_atom,4.92928573836612,4.595029546490154,0.19311760416602097,0.7367305032517912,0.7256884998193727,0.03442184268074246,0.7654191510445374,0.04193897364369833,0.6629306032276175,0.055218892556188726,4.112507095273548,4.395908331482932,0.11745376461674825,0.004737715555957241,0.005491336022385539,0.00041130001364031666
neutral_atom,5.051939076589916,4.877414813930468,0.23692555685360295,0.5042004907652035,0.5180605378003761,0.026656248131786627,0.4733181380180746,0.030741957031815825,0.606508272416087,0.04599127123548044,3.7239511452085408,3.966413536784567,0.18107149208503706,0.0027782542388457973,0.002501833866753086,0.00013740668768438567
neutral_atom,2.538600447728657,2.2380266475350297,0.08510636675545633,0.33429692484128987,0.2802188317427508,0.01854220131703673,0.29333662159644824,0.02800077484939088,0.26997403236229195,0.024745227103452918,3.598758885898559,3.7136955370244302,0.3569153051241247,0.004177851706629333,0.003917731788305408,0.00017981198137252298
neutral_atom,3.0536689180188112,3.187967422300938,0.11838262499397945,0.6873294747915875,0.6715611382703733,0.032712302651132105,0.673629123209081,0.03887146746953631,0.6682538625626429,0.05273964400022371,1.5211426547641944,1.5645658173552672,0.13931820107158432,0.0024989616572728113,0.0022790418748128826,0.00013126101802960177
neutral_atom,4.102100500967955,3.8622876699121615,0.1842445175524257,0.4267938501588728,0.4198932927457232,0.025523474772617218,0.41738697625203564,0.029012783676647877,0.4243719677019727,0.0426093375639886,1.2207087457600727,1.2677190685725612,0.21777759495221927,0.002197545073713254,0.00208654315249721,0.00016470942224779955
neutral_atom,4.828954035169737,5.046154407740435,0.24007955984982146,0.4073664509390742,0.3817982050071886,0.021525510712060554,0.397032280052517,0.02985921671381226,0.3781415593499128,0.023970090982693846,3.4943242462619652,2.887928091642349,0.21052864852980502,0.0005936183459188656,0.0004363937057531731,8.672033265861568e-05
neutral_atom,5.044358634918287,5.079617644729305,0.23607949081459134,0.5364035757579876,0.5678090887734067,0.04773578233871408,0.588248529774655,0.03476559353235579,0.5056562988429606,0.04725860727502291,2.7871409049094256,3.141592653589793,0.13869638860387629,0.0015887538648956742,0.0015991447369324853,0.00011348415899869136
neutral_atom,5.583961323758656,5.640030562370182,0.2637188222742254,0.6914313454053722,0.7073589279556781,0.056984940147343593,0.7023293456108428,0.03992293653572978,0.7144144831366783,0.05812316821408718,4.607486529439336,4.594877334953245,0.11936948441792959,0.004455214988811099,0.004564128849586978,0.0003191214885383624
neutral_atom,4.369643725328867,4.2268577460756935,0.1558410503476963,0.3706090168852498,0.3651183614682532,0.02171862764014695,0.36380303375498024,0.02556235777974505,0.3685323284855262,0.020796087785832137,4.492936168373776,4.034992811978596,0.23966279201637064,0.0013474315621283858,0.001377095583092696,0.00010801035076988795
neutral_atom,5.225830098003352,5.496228106937468,0.11549337786638032,0.4077858335082059,0.39673556006442634,0.0218683009239953,0.38625843673725163,0.029336802433474543,0.4098371927294049,0.0328060889049313,4.420821651028854,3.824823634885408,0.22070699749275516,0.0024760951325035405,0.0022725079548873792,0.0001310831068012608
neutral_atom,3.779754245109279,3.7283538905650087,0.09202706583348338,0.6207563512435442,0.607631783639753,0.0288544054679909,0.5783065091795279,0.034217672021099564,0.6761216286268514,0.05269799384069224,2.621709689911717,2.755754025573698,0.14435410882012112,0.00421150765881763,0.00409958327883437,0.0001856433379236929
neutral_atom,2.7259445698917215,2.623130081016337,0.06184477574293814,0.3943640302227964,0.37520204976135446,0.02389524252422279,0.349544483338326,0.025763779046660874,0.42096661977035965,0.03183669286853841,4.468221177546741,4.269760095689108,0.272691216768267,0.0016756587757815963,0.0016092366929636003,0.0001477604827931022
neutral_atom,4.3161132628570655,5.107623450091131,0.10859086784071785,0.338826740742962,0.3235939886184212,0.024960436358430423,0.33513700420062187,0.02556855961401793,0.3057734377352019,0.03981043601581451,1.7900697883319285,1.9655874464946579,0.27408063103344665,0.0027940724343298077,0.002231091606884712,0.00012995850325643447
neutral_atom,5.51062679918859,6.062886811868453,0.29597957941195147,0.6120479329433827,0.5968457059426688,0.029101511332989893,0.570869455999525,0.034569256594053445,0.6600372811518883,0.053917705678544085,4.1168421745345904,4.0373589521562,0.15923849517059163,0.002410597440030281,0.002405989203894975,0.00013474405413040676
neutral_atom,3.2571784041787097,3.405883104853178,0.15300957400335052,0.5397296740645863,0.5152714113244455,0.024926716035826937,0.5046432968643192,0.032831816396013944,0.5297345589019252,0.038299950067486176,1.7871506801047494,1.878807214089858,0.15953813558822336,0.0024533303639914365,0.0023583031471050963,8.292238439670353e-05
neutral_atom,4.696202229215816,4.811036366758154,0.14726949342713655,0.6305989121622638,0.5998847335053568,0.030300216511832276,0.590495753971112,0.03061472431276535,0.6187682307007614,0.0525797435090824,5.24786954298257,4.634506294190611,0.14508914113413898,0.001626050597842043,0.0013444212816737112,0.00010721907108814404
neutral_atom,4.578744960108787,5.3230406996560315,0.1778016883554497,0.613239532124414,0.6429842341964344,0.03460229505750792,0.6103060345826714,0.033447054710425,0.69284879704531,0.05499400440236008,5.0554303739894735,5.505806306167118,0.13935201469213565,0.004340815114109902,0.004090003850855972,0.00024239065613477744
neutral_atom,3.875101833420365,3.9979338764054413,0.1403717905720742,0.32734417283310274,0.3291272928861283,0.022239798926056455,0.31201525513253475,0.028047626276443548,0.3581067566700411,0.021020508880847208,5.257227500405328,5.117706318679641,0.3000420088220585,0.0006901132270051833,0.0006160449615741421,9.054488846168352e-05
neutral_atom,4.2535429518462236,3.933408439489395,0.11331279883490307,0.4276319952364106,0.38413492433621743,0.024334358247206277,0.3767450835333375,0.02936670176201087,0.39784428086709117,0.041118316306180104,1.1503779543411459,1.6894687382016393,0.22100324501447002,0.0005364138570721912,0.0004029771566186981,0.0001370623283683312
neutral_atom,5.18724685568724,4.769028708900117,0.23057637325724833,0.3945890476378718,0.3667651326868085,0.0218721409867611,0.35793525367099716,0.0283848963264377,0.37967065837829506,0.020060593327784253,1.660001104641785,1.819506315888419,0.25213645282964964,0.004995515287043479,0.0054076180231111114,0.0004029836054921245
neutral_atom,5.494889588114049,5.2356658705259465,0.25261576080161313,0.5684215945144798,0.5592495113936251,0.02692344691239931,0.5012814134531969,0.0328891144305888,0.6770098172876238,0.028576541772980385,2.2291483757452166,1.6576981175779584,0.16188097705954402,0.0015197951935925387,0.0013631646014618914,0.00010767253385734298
neutral_atom,2.7729117891851707,2.603503400609161,0.13482582622679354,0.3660338519729151,0.3437154635657546,0.014612367029131778,0.34206069986461773,0.012636535419946419,0.3552338898396463,0.041228549601411285,2.681846325464484,3.068897411551752,0.2872899062981715,0.004578172294048599,0.00423564620816494,0.00019005929738539787
neutral_atom,2.725407980121832,2.9300364848410694,0.1003532762602764,0.5520588094503263,0.5356933516738708,0.03302442375842385,0.5298952054832103,0.03339672360550163,0.5426520866121051,0.04898497854131301,4.344097106727696,4.164704907930404,0.16125466927213836,0.0026383425997351952,0.002435861280253595,0.00013557090032364022
neutral_atom,5.09258071266446,4.753124468193603,0.19879411624920068,0.5849900330506012,0.49045386467999386,0.035172752419471785,0.5834017415710305,0.03545593147445115,0.4682158088462938,0.039154919886084716,3.992336148717121,4.6525266236770735,0.13383631335842813,0.0041695457338762915,0.0029122724418110986,0.00014912098729946132
neutral_atom,5.336363628159615,5.123624694032109,0.17025517977162408,0.5157289656549773,0.5143985398168296,0.03702402317182636,0.4676147835844934,0.03140863889481222,0.5333172482041589,0.043875986640757446,5.427481740153207,4.529799364883993,0.15681379741105808,0.0041955592549393315,0.004662414469627072,0.00017935372274879033
neutral_atom,2.984726880675991,3.138426924556127,0.14220948707841036,0.4466140106886557,0.390964415545807,0.018591471070118378,0.4446282023340744,0.031027772484584618,0.36090590565637726,0.023221681500449256,1.8153010050128566,1.852112122525744,0.19592783347677306,0.004488307005550636,0.004463892627595303,0.00019756650420495997
neutral_atom,4.329242007168296,4.274862257901603,0.18821808259325037,0.6812561731714525,0.6781930385882725,0.03752316703696999,0.7412954939001074,0.038001859903218825,0.6309704641173478,0.049615044403003475,1.7615680406621848,1.9421593381691504,0.12141610213959632,0.00039945038675480226,0.00034649153233755505,8.484961881805829e-05
neutral_atom,5.257990179717919,5.084816425769683,0.23656965544061653,0.583565898219006,0.5216532814954266,0.03224390359578655,0.5293093650483992,0.033573587153238986,0.5126998224242576,0.047492290821502935,3.615415896274887,3.961847334672775,0.15761033433146546,0.0018302586091195232,0.00179953292170508,0.00016684076824144715
neutral_atom,4.0247619893742215,4.028767397662149,0.17667858766430444,0.5924887051992558,0.6328845753207838,0.04240344469752708,0.5279417539759007,0.027191539156935948,0.6679070128229077,0.04897054037934578,5.128064215390332,5.575378881644888,0.1461232672234918,0.00382586257822957,0.0036966112895899014,0.00017283293997529342
neutral_atom,3.563641175659672,3.400966371098595,0.1480073312636879,0.35762271491112607,0.3643239038691696,0.023852899714064228,0.34707266850798413,0.02874862817191103,0.40243811050959977,0.0427317292253019,1.9226982328398075,1.838842729955023,0.24899052235614633,0.001969193309342665,0.00186853506375559,0.00012034734868343769
neutral_atom,4.152723464929678,4.056921730257451,0.1940223487182838,0.716597342050956,0.7589010652422676,0.02752121628845608,0.7045477377054579,0.03494275308044219,0.8477061760237524,0.044664557019128436,3.9921024106888208,3.9873005058556745,0.13107950016556194,0.0011422441387063272,0.0012447820423834254,0.00016743455800234805
neutral_atom,5.545740108120226,5.761063961290806,0.19158751313050879,0.6646274418664422,0.6728123043498357,0.029905846998922445,0.6633170858582448,0.0363315982155462,0.692764454128456,0.02805737579837918,2.085198914813734,2.0075239042498545,0.1258195127752225,0.0030590277067916037,0.0028467810414267544,0.00014721854689105811
neutral_atom,4.6415603564145,4.846315746659768,0.13024396595165222,0.3617614659104741,0.3988825123569034,0.020909292076316102,0.3928270344820837,0.026832453048388345,0.40824465501808477,0.030477416948387785,3.3902770718948956,3.2140247377346163,0.22900029438006764,0.004508321533145015,0.004384441049662609,0.00019493930316974035
neutral_atom,5.280608323393984,5.436425097153014,0.2650895593926514,0.7418444286108229,0.7436718813005161,0.029106681761182106,0.7444888360986149,0.04118404109708097,0.7432231568752736,0.030606148214957867,3.229594412490549,3.33589429988889,0.1333629728431656,0.0023867043658120234,0.0022486210414532537,0.00013043383283984885
neutral_atom,3.9163518492404465,4.03074152125939,0.1931397568002835,0.6986713179138232,0.6789590605932405,0.042767594509296965,0.6625245942021954,0.03680804617824389,0.689853259091988,0.05515009026705903,1.304360712275447,1.1378076049544894,0.12808623413823875,0.0004322175521975218,0.00043100539421405505,8.660739860568114e-05
neutral_atom,5.597954267957087,5.1485790846265305,0.22252871020937934,0.6583927935377127,0.6381380886371175,0.03058156284427674,0.6259915653244518,0.03679207931421186,0.6652870735651388,0.05500537590485649,1.8153284377976098,1.9299617612698834,0.13539127583785598,0.004304336070365359,0.0039003497243708155,0.00017925889345441346
neutral_atom,3.705853019814419,3.8422901540760073,0.16935110144390778,0.7170719116159817,0.6772295518658339,0.0279602854987017,0.6448634446853869,0.02516478757947335,0.7330896293497345,0.03463603832690999,2.5814368848941975,2.7635515610191206,0.13504145733897213,0.002764887456506615,0.0030503741237245937,0.00020538319900643536
neutral_atom,4.646786634789374,4.489918767048716,0.2015290153911423,0.4516885357276325,0.45700967585624186,0.023275611862500687,0.4626907494776362,0.02352134266367234,0.45143512065544356,0.03276202815272047,3.1700041802435477,3.1532884266975705,0.18492535607538726,0.0009597967938626218,0.0009605053735600548,9.819840504433168e-05
neutral_atom,3.8696322371380827,3.9433493498187637,0.18956999951871106,0.4436201721055388,0.37264754466952543,0.01916292601921243,0.4366928680872195,0.03083171804713004,0.35867110842461164,0.021150760223538942,4.812441574184284,4.672868433330337,0.1767297576878245,0.0012297633072699187,0.0012731201841299788,0.00010550509811641303
neutral_atom,2.5560821165781245,2.8141234715252947,0.055610789278075334,0.33860778854972007,0.3503891356944204,0.021956852419536845,0.35181239990025276,0.02622843407541947,0.3470554662484702,0.040141247588891024,2.103825522719899,1.4859986909430163,0.27079496167914086,0.0029496372839650877,0.0023970900306626844,0.0001344982602196249
neutral_atom,5.449608814034078,5.633267541069575,0.26334790091223603,0.39037136653502796,0.3937642473151042,0.02476373149145723,0.4033115292541882,0.028485393777215144,0.3642207108135669,0.038653360835614194,1.8961481739373034,1.7362713622749109,0.2174067165233614,0.00047921776862861056,0.0004983735862221986,0.00010761034370702738
neutral_atom,3.02305696866424,2.8087608161194364,0.10792748408797942,0.572758776393082,0.5584412130381816,0.030365033376760515,0.575438148784596,0.03130101110621205,0.5459348886687325,0.04000584524472695,4.514183227117125,4.2618354219565795,0.15135886972883328,0.004152632270003284,0.0040244627451575705,0.00018322458778469348
neutral_atom,3.7387797244980003,3.482223553839698,0.1589046598117894,0.35254522206357397,0.3302405237783287,0.021754736239191386,0.332273253829987,0.02624559903869836,0.32577766346152376,0.03888868722830335,4.867136140947529,4.375476434684865,0.29992053158729914,0.0009019310307029041,0.0009747129855370393,9.8523072656507e-05
neutral_atom,5.200349778115029,5.310901979453663,0.2326092602279609,0.4466752139830222,0.44581546774138237,0.02506658482119059,0.4497911067060235,0.031109426655222892,0.43845669914836144,0.042324429319964045,4.676372612432296,4.450073758981549,0.18866917065858949,0.0013075003616492356,0.0013762219096754812,0.00010798914523444898
neutral_atom,4.208497142822214,3.9831172838314557,0.14968283255329545,0.6932919031683571,0.6645446299474209,0.028240894964880484,0.6972811596839701,0.03861601138328395,0.6269045709431085,0.02984859846500574,3.615254696871312,3.617508084194637,0.13077315402270115,0.003964413861484861,0.004471863868298667,0.00019783090326074208
neutral_atom,3.806471947420455,3.7236053859744924,0.15212015378628252,0.5763378824029833,0.5938605273213287,0.028436754843326306,0.5959332115320874,0.0344339698561763,0.5894152882701114,0.05042757522250064,2.05225147906933,2.168280453025994,0.14789113422108513,0.0007886987802161421,0.0007291436795092353,0.00014750378660990224
neutral_atom,4.970824738306855,4.717753809359322,0.1551719968345521,0.3229928842998125,0.3198310972829275,0.02279588793114572,0.31428556022062293,0.027685265734985757,0.3315065511057992,0.040171104761252546,4.865129518271501,4.906224235973416,0.3091075655837129,0.0036462208260955313,0.0037606282465791874,0.00017484067152239176
neutral_atom,4.179241004492213,4.1547649754035945,0.18316230775004894,0.6859107935333468,0.6906236651358141,0.06800396520453128,0.6363074244736652,0.03626656589789862,0.7303477744069605,0.05821187393664479,4.128472295302976,4.363725781251951,0.13147314677198066,0.0034606699795839612,0.0036049920277775455,0.00016997791660810545
neutral_atom,3.7937936644155075,3.9590659637395897,0.11718163444942112,0.360146732789122,0.3445817259144409,0.016165231267970728,0.36918880733537984,0.024075837070759814,0.3296326700013864,0.02049551366026174,3.3635372990339754,3.0103943099277157,0.2303267198524393,0.002938713782810843,0.002614497691810041,0.00014057230999381848
neutral_atom,4.317443863240569,4.597264496505559,0.1372797154952209,0.5645851933686107,0.5462787114203351,0.026407792973108357,0.5361333814710636,0.032663979383955044,0.5654230650184026,0.044870029850550386,3.0853175384686384,2.846320908548288,0.16040395668828641,0.0010797119547860765,0.0009493607761244395,0.00015097833387800412
neutral_atom,2.581646733371391,2.2868703808239244,0.12370548701614563,0.630657309937766,0.5565061570302904,0.033994675726377294,0.5710223697746423,0.03529032844469116,0.5414982758392102,0.04848110722529777,5.4768421289834395,5.080585922909355,0.15160566860553967,0.0022535503373549547,0.002311592156025756,0.0002220945876909468
neutral_atom,4.792756196632649,5.032919696680374,0.21586760251764275,0.4241152708186409,0.42276449326291965,0.02417395572816787,0.421555481321272,0.027325937387087666,0.4245905576328318,0.03830162806981526,1.4052810093328532,1.610006988509306,0.2191802209471003,0.004488899227243245,0.0043575759235971396,0.0001940543229432811
neutral_atom,3.245858813181055,3.2499617328418107,0.137468827705234,0.5913487403204558,0.5743278388662729,0.035413762450953824,0.6070763080352334,0.03529239849766639,0.5491936001000043,0.04708157560429582,4.811824532081188,4.699568643164067,0.14333474598384668,0.00246863148103077,0.0022445207875905196,0.0001303225634004909
neutral_atom,5.3531904630555385,5.285396935750994,0.24472632171635117,0.6190826925354475,0.6323240061817762,0.03410959604380344,0.6731394301681903,0.03881089712227054,0.5823395859354378,0.050875298661267394,1.9695627601023435,1.8802300569490256,0.1351289661303096,0.0022997516193838104,0.002438656039903159,0.00013564839842911242
neutral_atom,3.349089088600003,3.355850213387653,0.16330229225729564,0.6938052663503924,0.6494173774338142,0.03690088288775524,0.6491598056966708,0.03411618732266151,0.649489573112188,0.0417533690327095,3.5671773845913917,3.9232723987183125,0.13536150370009606,0.0036746705610433946,0.003392597078578385,0.0001634440118541404
neutral_atom,2.5159884809520183,2.4364422944996607,0.12914934025353417,0.37075840577841135,0.40455699769783704,0.02284120575306716,0.4421220200522501,0.02505849746531934,0.34129313029003877,0.03742137083436143,3.603859600074321,3.20407232045033,0.19754591932991789,0.004228956499363797,0.004506343622290976,0.0001989762737595055
neutral_atom,3.2493825967552965,2.9695444641082,0.147071086243824,0.46626198616370773,0.4687260541793854,0.02617437231690136,0.44233365348620635,0.031109088133444755,0.5326907081427061,0.048430378211500334,1.2320485409110395,1.266196726249928,0.2055986056843279,0.0003192493823793921,0.00032125627899601836,8.432969953417323e-05
neutral_atom,2.594145755193317,2.7890603052893836,0.07158646339828774,0.2842303320715311,0.28875522389285996,0.029301135358916718,0.2976976510349398,0.024362272180021297,0.27508259785154404,0.022765403040459608,5.449331468761653,5.3909742092927795,0.31008683647302127,0.004110604971688076,0.0036700304091402637,0.0002800414747586867
neutral_atom,2.5286338281808995,2.5856377836071913,0.08825928405452296,0.32701605274976886,0.3195547455827525,0.02042656674475707,0.37529249161722394,0.028749436260480796,0.26273309505680065,0.029027628368965386,4.6853251073284685,4.755860394068275,0.24299345578837198,0.004765644322032814,0.004301023408672049,0.00024847233030205563
neutral_atom,3.8396662491500426,4.0953947191139575,0.19610069280404688,0.3695293652521383,0.32817753114231785,0.029370516037411563,0.32868262302634177,0.028259787314961062,0.32772873918564754,0.040362134738309706,2.7450164076620487,2.0068659878947575,0.2614524284503917,0.001840658146748236,0.0014023511091143283,0.00010862447478201636
neutral_atom,3.6753915868915867,3.7125163187114647,0.09335615553567136,0.38744448181576296,0.38477831955098696,0.023203866278762062,0.3812583346663481,0.026856753912127072,0.3930821904206301,0.042527466992969366,1.8703258977886552,1.4405460001261248,0.24253562503633308,0.0044538277918150185,0.004471679620664656,0.0002853282094243957
neutral_atom,2.6762784098328587,2.5853723619139894,0.11525374198787812,0.6629361973906431,0.6329473732503492,0.034411960169891745,0.6450571660689427,0.03721264614229041,0.5614600769406569,0.04766815010224727,3.460467943739766,3.461159058411007,0.12900809647968023,0.0019783431889825245,0.0020973695908439987,0.00012636448848854352
neutral_atom,2.915973527444996,2.806005074148504,0.12616856455390724,0.3362737596671281,0.33311835490299235,0.018452473889140324,0.3443335574558969,0.025491629878796326,0.32625715946222855,0.02342647722018889,1.5999901915849961,2.094441125345765,0.28233496609684877,0.0028776128307282803,0.002782199792484638,0.00014535475203511717
neutral_atom,3.905223814096737,3.7875125335443576,0.11390185111885222,0.5595039856692271,0.5496374081708307,0.035812864318831836,0.5249370072249286,0.033703843019013656,0.5708060355160591,0.04880303441277069,2.3899934794184703,1.9543040683234245,0.16081202821180854,0.0024002287540014094,0.002350761320169145,0.00013846070018725762
neutral_atom,5.448451794313499,5.140482756854548,0.22563628185941456,0.5097965338937172,0.5141905622175523,0.03026062728952309,0.5086994152681714,0.032395061014273675,0.5517895141815039,0.04922391220751013,4.636970499066248,4.705321871988967,0.1580250189212749,0.0020605252978848684,0.0017916246272494016,0.00011836336686631778
neutral_atom,4.241743137900473,4.2196339186448295,0.17252181626402635,0.37499116766124463,0.3558791122275025,0.02127602356903769,0.3678501778241607,0.028909911712016935,0.34248612258941885,0.020225244130597654,3.531329979339957,3.953261239739402,0.22698565938555643,0.00423252760154167,0.004652215188732552,0.00020385241327554183
neutral_atom,5.336300869451458,5.1297940758335026,0.24829318650866183,0.46499804939614203,0.4071855002020717,0.022027276905715196,0.4557332943144212,0.03152248768633283,0.36868417922476093,0.029127746826140596,1.749901550179899,1.5961114304630006,0.18868260384982466,0.0035824785551976756,0.003964211604677994,0.0001812946478172437
neutral_atom,4.6320540816805105,4.4542878856813894,0.20393211093127264,0.31303983999965834,0.33483409681085113,0.033931677128629385,0.34121613477177776,0.028622023387758024,0.3233466972179366,0.03995215316798738,4.395330765275918,4.36589764747996,0.2753243855585662,0.0041766090242349035,0.004266534468325033,0.00019106799761980993
neutral_atom,3.180344908637742,3.123776571838809,0.14426724649122596,0.5924665088132489,0.5763897139934229,0.027777434046654913,0.5869186393997352,0.03521040644837055,0.5590377331422887,0.04520157252037568,1.420067732215368,1.3858944666714188,0.14745157287542274,0.0032996602882551145,0.0033041426468048392,0.00016075845612436576
neutral_atom,5.143380885431823,5.412443028538126,0.22381000711631047,0.5884055237770237,0.5990819511459506,0.028668048799409027,0.578863389568574,0.03520817096215891,0.6388579833172632,0.049383181517538274,1.6585028143703129,1.91631077928236,0.1478377914779007,0.003858729758896166,0.003631453927885688,0.0001708002811609152
neutral_atom,3.1127981460173566,3.1214336617589145,0.1365707939395481,0.6348774956541868,0.5849801497954419,0.03477550512272704,0.6671979049503088,0.03817023040884302,0.5162534187882135,0.04711934733013729,5.349660968499972,4.803969125207906,0.12041639735025972,0.001898317460711224,0.0019404763005295526,0.0001222207083626744
neutral_atom,2.417729549488877,2.351235142852402,0.09774104658434118,0.3895025837223282,0.42291979457649037,0.02164449174630421,0.4040062221686339,0.02990842555924974,0.4437181154534151,0.02939282438702937,3.414972647043455,3.2909741112333917,0.21452116007007202,0.0015576802669489132,0.0013300405653895167,7.912792781332693e-05
neutral_atom,5.3824164755974815,5.793442848154999,0.2839178101375363,0.3038114808538592,0.2968316919631875,0.01669499921766662,0.300174385779233,0.028021574793347218,0.29499218153381573,0.017064697946842598,3.860937816785661,4.0862034562509,0.30609535927293136,0.0025053584460119406,0.0023082405285844744,0.00013205769657763107
neutral_atom,2.9419449978883225,2.994576632460609,0.13669720316647044,0.5754841290264899,0.5533804738580517,0.024923084837469626,0.5187470475775374,0.03236249824087498,0.603859970916341,0.03229715891949762,2.560082315285665,2.318511404633011,0.16012404811290012,0.001187811410144208,0.001077382650567034,0.0001008902770183398
neutral_atom,2.696836004085313,2.675976028512143,0.13114237625401748,0.6223460851209004,0.6114472492084027,0.027437532328444095,0.6388028779604332,0.03755482319177503,0.5801280761441473,0.040183477153583044,2.2912092909886423,2.2291670500785776,0.13142885467146959,0.0014347934381071592,0.0013414633754577632,0.00017498659613642462
neutral_atom,2.9705303773528486,3.0888933500323223,0.15261513059907714,0.503761577416814,0.4641972593629709,0.03508738074727046,0.42415063598025443,0.030523661332684124,0.4943774254560373,0.0464643006763713,4.371214139928349,4.047724640349253,0.187054813220765,0.004326683506555303,0.004405629040084816,0.00019563847002623637
neutral_atom,4.247216172491118,4.548724923667652,0.12795450591175678,0.3300419723939358,0.2956502458757918,0.023584986859326498,0.29971203225821347,0.02763337466538593,0.28741477668428905,0.01878146208805894,3.2442856620932305,3.4823428749150254,0.3351066437142454,0.0048297876030475384,0.004187530407400841,0.00018849257092020197
neutral_atom,2.9143255331113185,2.825108706935706,0.14243030750923527,0.3284691774037119,0.3080063310819601,0.023903207707371414,0.2956200339393831,0.027402228889187846,0.31571720818941856,0.02315862522750154,4.554229143560431,4.384239852441422,0.29219039017387854,0.004426889048876739,0.004185937979827741,0.00018844081428847406
neutral_atom,3.6114197539712163,3.7015272168835605,0.13829972687518638,0.31100509844560265,0.34837139475197576,0.016946443927858393,0.3552829713590993,0.027827551456220314,0.34429726053868703,0.021365059042864794,3.850983225284846,3.3727013369371686,0.2804632591603578,0.0029141767900047917,0.002687323520753375,0.00014263886605316473
neutral_atom,5.425239483743471,5.709319109806667,0.1213353880778278,0.5702453791490891,0.5651379394343484,0.02686568944682487,0.4957868312599191,0.03225808362147365,0.5815093134127132,0.02986886064019753,4.4813677240260645,4.630801614648959,0.1519869175291844,0.0026933791433051764,0.0026260827140667468,0.00014089999432006668
neutral_atom,2.403901125156305,2.2440480104936156,0.10297653392966537,0.6581007269268141,0.644952596928636,0.028217776414997963,0.5927797793824158,0.03489105312566677,0.7435943104906001,0.04797580123774174,4.392662070755505,4.650297135896644,0.13881928247130343,0.00303666369588044,0.003261117010536553,0.00015945984513139968
neutral_atom,3.4653016803204935,3.3340213341989577,0.16211705367611567,0.5052473289062543,0.49643386772471815,0.02499335124970075,0.5060809918489584,0.030229944848429245,0.4755949261733758,0.04442999352383141,3.348692216726259,3.738590516762152,0.16606805534831318,0.0010715812013539735,0.0009252364901754587,9.739551813562444e-05
neutral_atom,4.7935987248562295,4.744232540035935,0.21194495028164398,0.34028958698183237,0.37404024234436944,0.023166529314132822,0.3708819958996387,0.029184038118677442,0.37942083157562423,0.03809230868194578,1.7149463922129593,1.8456486177887828,0.23563681481313653,0.0025589967857276193,0.002481800726802315,0.00013684782875314405
neutral_atom,5.503833188952479,5.885444357489936,0.1570408866114169,0.6681099173992613,0.6345452342050755,0.02572406080300078,0.6251826948522968,0.03390770658552745,0.647240687333685,0.03948441351264179,3.919820284955402,3.9780413127482515,0.1459457497881672,0.001912704392861104,0.001766684506141356,0.00019387465396107843
neutral_atom,5.308969969008759,6.18659453590832,0.2948055375834184,0.6307845919107977,0.6498871508265568,0.028557194750673785,0.6016180149507725,0.03181897058433334,0.6772659926764044,0.03575027958855532,1.173512331479606,1.3299294347508939,0.14139308044851598,0.0009122453844211154,0.001032703401484654,9.985559378533049e-05
neutral_atom,3.384716349461445,3.238285286599203,0.13597128962433883,0.5029858910815485,0.497140375462592,0.026840552655748463,0.4993621987343014,0.032835053760230604,0.4926658958508357,0.04659660149990499,3.373404906748009,3.468438760766218,0.16596510286739136,0.0036158204512463563,0.003269942112631998,0.0002751775161505567
neutral_atom,4.084888374550473,3.85101548334327,0.1738354848262116,0.6798925632050081,0.7405999720095928,0.03143288824619377,0.7444868580528957,0.04011603399142789,0.7344185243233693,0.05058970951106649,2.365306793037686,2.433751413356333,0.11912784124685648,0.004498252119598491,0.0041982577493930645,0.0001888413872270039
neutral_atom,3.1258661514674593,3.221080075591826,0.045190398790265464,0.4899457432673512,0.5265154132916438,0.02575828886625182,0.5210077228567932,0.0304487372687815,0.5403765411725502,0.048304079540517936,2.905687088344671,3.0277262046080864,0.16358310640169044,0.0021621874580737927,0.0021945585479944017,0.0001289709830179652
neutral_atom,4.297227877135743,4.628187451857506,0.2236804906177871,0.5084275319816519,0.48919096512781524,0.024936756295928408,0.48100478912111433,0.030077802780588855,0.5071892794741415,0.04459862657226377,3.320495575792598,3.231926654781432,0.1784775476650942,0.000781665912052712,0.0005879662164320645,8.993954965060363e-05
neutral_atom,4.294165063589933,4.1204950201705195,0.19711802034501164,0.5212038827037904,0.5552512390611202,0.03424348335480881,0.52621361986105,0.028681997821313494,0.5853117435925345,0.027892524141447175,3.943810991601409,3.5602395007226977,0.16027205229701,0.0010494141142649166,0.0010138107722675817,9.942017885175313e-05
neutral_atom,4.339512306338685,4.375795475787276,0.18232355791798643,0.42051928335480965,0.46433141681368717,0.023366636475294,0.4456653343359455,0.0312301493577726,0.4880703886912485,0.03521911381169194,1.7915936454368024,1.5299856654218205,0.18249816076999142,0.0009008929010863101,0.0009047196055406786,9.693046967805161e-05
neutral_atom,2.5170415752994,2.485678262669807,0.09157290636752392,0.5808086614945782,0.5907973886503942,0.02897704756268088,0.6003589164752672,0.03576466267824532,0.5725275721813119,0.04943762272853528,2.720000558682303,2.593809399385031,0.14497169522752124,0.003629905970075351,0.0029549174264325634,0.00015036641627236378
neutral_atom,4.222057811219357,4.152853413187898,0.04489156386216284,0.3953611818597302,0.4430344449694971,0.026167234251761717,0.42992242992917423,0.030506992507091147,0.463534479379066,0.04189581081635671,3.942532215112136,4.25258012412088,0.1852964218448318,0.002102475383245215,0.0020264103145340275,0.00012448051236516822
neutral_atom,3.8625149631604936,3.9390909588698975,0.16387586862467396,0.5647100257751068,0.5410358992949079,0.0447218576189317,0.5097734188520124,0.0326608622253475,0.6021434376570166,0.05141675448349116,3.1701676466679256,3.4623435415416948,0.15302438293496284,0.0033864432281710648,0.0031121390156792147,0.00015500274160937203
neutral_atom,4.717912819876815,4.602892599444446,0.15852758898237426,0.7282312614077152,0.7164620181407894,0.030221794557211735,0.6821265985083773,0.03875189215707055,0.7193950461717682,0.026820644091350012,4.767114862649366,5.111499747795264,0.12312880839446305,0.003949130341300289,0.0036677785929173936,0.00017193211628247754
neutral_atom,5.043054607893163,4.918805811953714,0.21477805556531995,0.5448569067032205,0.48794827973214805,0.03534068167569639,0.5069209541050611,0.031542836101398485,0.48097880652233177,0.04132507101518601,3.1753218257988616,3.581079926562854,0.15666170143975766,0.003989701204515815,0.0035344757874200654,0.00016779540017870795
neutral_atom,2.960343650242301,3.0079338535356452,0.11799799059208593,0.38534400573300365,0.3747028376152748,0.02344906020713722,0.3753238238543766,0.029290026978757572,0.3735943891266738,0.023951745876559006,4.316868345159106,3.864000164577157,0.21912759285285416,0.0016545185955893734,0.001568094179518778,0.0001127086730490772
neutral_atom,2.7897769716469725,2.928318999147613,0.13959606297968075,0.3866929810153671,0.36826311108189086,0.02322383711390574,0.3686668476534983,0.02832925548446032,0.3676390581829241,0.03705416349779394,3.6143866365810142,3.769262958445611,0.2638439771423213,0.0014846823123923923,0.0013892592194032108,0.00017268627891438125
neutral_atom,4.870752711677618,4.683521954389399,0.18952752828860475,0.3629303762117736,0.3276436999467407,0.02058423043586486,0.3168945351961452,0.023714398677679074,0.3604899671867761,0.04145412648134959,3.266509619701263,3.4921254055959556,0.32435749625392946,0.0042154143127039094,0.004391612714168545,0.00019517583724106797
neutral_atom,4.048065849447191,3.976898040453239,0.17153628093702636,0.4736802445795785,0.46093445644002934,0.029333290674021146,0.46865069648852986,0.02877058387658264,0.45255281040088796,0.04236842753385159,5.1978087476552925,5.060820553270578,0.17617760890348594,0.0022421848617036003,0.002112683960750663,0.0001876871642058721
neutral_atom,3.4951488342992643,3.2949622963854055,0.09925676148610002,0.6801332044174309,0.706731916258399,0.032286754186328544,0.7102470197517481,0.040115988190979515,0.7002677487661689,0.054400731201875746,2.278877431559263,2.023573341783363,0.12241635317493973,0.0013493806520993713,0.0014954307863769144,0.00011090663615812035
neutral_atom,4.581792441123244,4.770708336866423,0.21884081001899153,0.36069085036870163,0.2954543979924836,0.01554728874554772,0.38034396190868536,0.02945304161969734,0.2626634915418173,0.018305420552105368,4.25553335469946,4.205040788107404,0.22904834564102358,0.0036320768672410495,0.002938206961364927,0.0002482331493524742
neutral_atom,3.993664046777309,3.8152199177567367,0.1534097241751408,0.39755013001001105,0.43232169559653966,0.028245913417292125,0.4298224586162995,0.029764742938408476,0.4549525982380453,0.04485671741350306,3.5639328801975134,3.1290142030843784,0.198881454053401,0.0033458079149608112,0.0030016807360441814,0.00015173810242517482
neutral_atom,5.248037922529257,4.875093740252343,0.20564922964299012,0.6761638272550987,0.6894783459393321,0.031234938984194487,0.6886434776715769,0.03766540997553225,0.6913167250364767,0.05589220694703875,2.13069310482157,1.5764943170764205,0.12741076368532686,0.0009757597385250212,0.0009090513768562484,9.702853289796133e-05
neutral_atom,4.228316628096388,4.488053091329559,0.18805776226446577,0.5813437360483956,0.5682972516628444,0.03124046545725877,0.5696926177635776,0.035086506405571545,0.5663195681046287,0.04857186501743474,4.415813365702471,4.263490523749482,0.140191660860157,0.0027730809451761524,0.0026018021805621415,0.0001402136777392302
neutral_atom,4.062470003686735,3.776265918890636,0.1784080749337899,0.5829497296386786,0.5955429493516057,0.02821914339436251,0.581222620031362,0.03505753532213556,0.6218967341167032,0.04755830578171564,3.7182649883495147,3.7676523440758314,0.1453433102989705,0.0015884936185579554,0.0016047108132459403,0.00011362351457693219
neutral_atom,3.5793543314554146,3.8458555609780745,0.11202782405681826,0.3318180021467692,0.3479967631509421,0.02034916465609157,0.33331638589816664,0.02372438749257615,0.3888616106806703,0.03958232881059354,2.2136896104416115,2.7157159544309986,0.278455403612848,0.002807926858225112,0.0025934028307453296,0.00013997667283456594
neutral_atom,3.563553036889527,3.66717637283231,0.17617470005320504,0.4869405526420205,0.4710062462124223,0.032426446483419843,0.4546760184870574,0.031430294294427646,0.48179368464708966,0.02544030506568108,5.501489462470864,5.589790520609856,0.19187885676630514,0.004647526227415878,0.004152860993590408,0.0003190646401640542
neutral_atom,3.22309960748909,2.931538421842227,0.14335062883889482,0.5626080341402894,0.5825318627816024,0.03416758846018233,0.5713947898706839,0.0347053773598309,0.5922241774810763,0.046726908320014894,4.298928036736938,5.142132845804316,0.1423222610842082,0.0018314075508209244,0.0014767861533093118,0.00011044713803759658
neutral_atom,2.6057472509859574,2.4014660314407372,0.11501565013472127,0.6402035923550823,0.6521467255604312,0.04143756429392903,0.6413783253598588,0.03683829569495136,0.6583897702472423,0.03747256349813148,5.447408361669867,5.878747960027934,0.12961678415824995,0.0019195436892585256,0.001675533164800443,0.00017232790025036967
neutral_atom,3.3231817035818354,3.456769733907183,0.0593937729937383,0.37119968331903064,0.3518219691387955,0.01876616543684891,0.3363694172382063,0.028505095085452972,0.36364266056208067,0.022420821434763462,5.320367469203537,5.825811655835137,0.2655127188617058,0.001942803516352175,0.002096799556498268,0.000126349289666413
neutral_atom,2.5559125184688045,2.721422234160981,0.13612861050536532,0.29391718234673064,0.2584216857069842,0.016783101871486673,0.23820501632500513,0.02455705936198574,0.2761407075126283,0.022990129995175114,1.7038513649505451,0.9126969371142186,0.5161225874793118,0.0048863200606042625,0.004065970016704998,0.0002879432587813668
neutral_atom,3.2639836773186444,3.411713706979035,0.14677797408551052,0.4108718317257159,0.4172757023330664,0.0257577602484852,0.41078243591859565,0.03013461936845475,0.4246536514414277,0.03764729223920444,3.95366770828438,4.190620975277185,0.19551173494206772,0.0035320835428871065,0.0032228182186891407,0.00015830816725425324
neutral_atom,2.5928464716560917,2.5486260017082563,0.10764281729190713,0.5872609127235916,0.5674207685437404,0.026614256616748523,0.5525815622004735,0.033451429822795455,0.5930146602108286,0.033775721736586536,5.1517008878157915,5.112853843729187,0.16172635987610331,0.004474304779621741,0.004588718224556301,0.00020172382439126262
neutral_atom,3.7812245131453204,3.8338142368012966,0.17698237571343076,0.4837918426032847,0.456434349100466,0.025009826491756707,0.4632424595989736,0.03131056874553985,0.4444340921464272,0.041569321049987756,5.217710616388393,4.751599642099099,0.1753441767576802,0.0008241282621425734,0.0007259730610092088,7.575659621729259e-05
neutral_atom,4.447915358560412,4.646560196911034,0.22121618691946954,0.6853619164931476,0.6927707408405629,0.03634873775496276,0.6802728405165228,0.03916808874210556,0.7116129222659615,0.057560011007376746,2.583540186714059,2.3422365152118574,0.1255623661809986,0.004839529786257805,0.005544321001547282,0.0003526644379052788
neutral_atom,4.8792572632458215,4.8507277703379446,0.16508739371335107,0.46271715965131216,0.4919051795138627,0.0352860532524435,0.4535809495160976,0.03123091482205972,0.5224213983367585,0.047292057924566554,5.49247272382679,4.874197178695151,0.17210454878247675,0.004309206778674534,0.004321564535829838,0.00019287072887200639
neutral_atom,4.5339295569657505,4.551148595922239,0.21595027768544167,0.48109841098869005,0.4986520001480381,0.025140632355130543,0.4781946319087533,0.02951995913078076,0.5061055540893236,0.029365568217780365,1.917300369186853,1.7283642487731843,0.19553789710814443,0.000645726254470899,0.0006995311537012285,9.236128556541721e-05
neutral_atom,3.664124493858278,3.6959370690389037,0.14194881742783613,0.30482447088913794,0.3012287165672371,0.02272744229150244,0.28941339354556184,0.02614176881674606,0.3378055703721421,0.021238437571829017,2.1551502017605646,1.5878899276601206,0.38221988172245797,0.002625163532796523,0.0025984395877181646,0.00014011876980393336
neutral_atom,5.374902978307764,5.488769530830578,0.20880459660798326,0.4158326086252334,0.4013176549946526,0.023388097347062344,0.4214988276238372,0.029113292327853563,0.3645915304978097,0.03927404862947674,2.0511582246370024,1.9691975508770718,0.2058075031827095,0.002747213679400534,0.002610630244876121,0.0001404630082112427
neutral_atom,4.730135941884797,4.5277831531940596,0.20732580015387578,0.42310356450912534,0.4374903731129923,0.02171216955947686,0.4293055541996338,0.024002626511976814,0.4653530836545291,0.022881216814574352,5.267693694070672,5.1071801000844514,0.23080474192290243,0.0007520921859840886,0.0008634286667769295,9.599903864150152e-05
neutral_atom,4.1628161367918715,4.391897826329655,0.20849045675186703,0.3018508612753293,0.3308800860016945,0.018143266678204126,0.3125277512616276,0.028180704035668986,0.3438726140746268,0.019926727033801696,1.6233165121370012,1.8897430656922152,0.3087684781753015,0.004704736785445805,0.00476754292677617,0.0003094906727674239
neutral_atom,5.214916600547164,5.223157252770266,0.23648117186924902,0.5894653888632949,0.6293939846656437,0.029873407460674815,0.6361121628899905,0.03757744667105722,0.624117348437499,0.039916804701229526,2.73466272955994,2.5837928555316667,0.13818562256431863,0.0036731418167592293,0.0035930407879461767,0.0001696071026583594
neutral_atom,2.7539897756371694,2.4990683048964466,0.09923304322571856,0.4534294979323302,0.3770912334674937,0.022409007915179694,0.38553778828728075,0.02769740496096618,0.368834825782377,0.025572430266328515,3.4953502779151684,3.7597786587149744,0.25314427702792286,0.002488782026609613,0.002334824428327101,0.00013278534624490244
neutral_atom,3.7922135332938147,3.6650917846205537,0.13957488887740788,0.3683450892746457,0.38236224994524676,0.026317321515699838,0.34597662919854677,0.022762509969996923,0.43613605909166764,0.04142689374485668,3.508416339802925,3.322912427991284,0.2602719701426674,0.0009657429836194894,0.0009365005715291434,0.00014438166333324184
neutral_atom,3.8836116732406163,3.595090707217799,0.15768448040594588,0.5079487606233422,0.5623389306592297,0.024954279400552015,0.5336925792612773,0.03338897862037787,0.598588187213144,0.0375593466036709,1.5998858881611835,1.738236197849982,0.15582071485516005,0.004168864560143429,0.0034972120138484783,0.00018209286951621138
neutral_atom,4.8112009074065,5.284735237288811,0.2359607555442991,0.5536183269148867,0.5083967681316852,0.021747696025961355,0.4552665905692705,0.026422244131531165,0.5380647887388338,0.023704721901607835,4.5109057950660265,4.113448741649498,0.196916790600527,0.00336511740544108,0.002771342950634413,0.00014504262488017485
neutral_atom,3.6727992732750416,3.4767799015527636,0.15468158192201484,0.37364769193011205,0.3768432148531102,0.02906097437139475,0.38334845296622244,0.026941783121346506,0.3701124642953445,0.04145307631521339,1.8344734065664423,1.5583741262891633,0.2777670616626656,0.0010862629225286409,0.0009450240780538679,9.784543892873519e-05
neutral_atom,4.932652723855064,4.419777342442252,0.12889072196649473,0.7002557319984556,0.720167572136315,0.033035661184007935,0.7377324168559386,0.041501860948561405,0.6897904338355004,0.054578154046595204,1.9206640260047976,1.8930472342026388,0.1216035800620963,0.0003388319707261551,0.00030133536357020315,8.392087635790147e-05
neutral_atom,5.310410123036878,6.3168013492307935,0.24705261755601254,0.5323934780668338,0.5303892371187585,0.02984009171402814,0.5340291566679038,0.03315037643831245,0.5280680734469755,0.038187115403605504,5.625460906709869,5.52037722130064,0.1528669614430303,0.0004636792560668637,0.00042225408388213073,9.191365260991034e-05
neutral_atom,2.4339095138682105,2.343713755048448,0.11404148364518807,0.2876964168922067,0.32807053248436835,0.0244926306698222,0.33245081945300053,0.02674451778681544,0.3243669066552306,0.03327322998921867,2.3308975306274387,2.184337130053441,0.26480428596619865,0.002647381160883733,0.00236479730700244,0.0001336083944438791
neutral_atom,5.345604640403308,5.8351330482423975,0.2511228801871271,0.5312883606800058,0.5127925952397772,0.027389291713394173,0.5116030241933996,0.03262361444454303,0.5130851593462896,0.030572398578610115,3.964274068404179,4.2270936503492145,0.14327147490079667,0.0024658485570333397,0.0023994225806841752,0.00013456266129491527
neutral_atom,3.0753265704251334,3.032185766283529,0.14956243820250917,0.3621610180408873,0.3478121090160454,0.024242970773254085,0.33645495762513355,0.02843754967265468,0.37801876615499247,0.024000344524924222,3.529891120904309,3.2964548275006793,0.2717933243106589,0.0043382825021722705,0.0035602589316542314,0.00016859189011410268
neutral_atom,4.242823951902765,4.478991465244282,0.08980127916993473,0.33341403587740065,0.3718243387454932,0.028174029676928534,0.3782774345250103,0.02427760628608509,0.36373648827803384,0.03895391928463477,5.422158892352244,6.185361294881197,0.22087382674550649,0.004389834060369336,0.004286861644437967,0.00019173305542641249
neutral_atom,4.102712840192027,4.157149057748393,0.18912821631656515,0.7099622528785984,0.6234594534770763,0.04497811418939723,0.6717921061389102,0.037500714853476634,0.6116393582823512,0.05017745875695115,5.6485419882740056,5.5438167295889835,0.12285995061519961,0.004842268768214665,0.004426333155140503,0.00019632268997288365
neutral_atom,5.296958310964577,5.503445877610763,0.235221101033097,0.6883164944647752,0.7115797430535373,0.020785059719513402,0.7117440581554265,0.039738356522737,0.7115588469847731,0.022067143786062945,4.730003185503939,5.03872986164114,0.13453455879926252,0.00036626992066738306,0.0002751383355297681,8.338540909078806e-05
neutral_atom,4.918959390653169,4.702719522494994,0.19645302427067027,0.5828357337767344,0.5760549196849825,0.030892195820128553,0.5895750136862301,0.03457143905492686,0.557760823008672,0.04738810732296152,4.488497640221209,4.8915489284119635,0.1333594150582961,0.001136222607037523,0.0010361191380589335,9.993444903096666e-05
neutral_atom,3.9940375679779496,3.91024574935462,0.15823968552151013,0.33964692459378304,0.3159587667053925,0.02271803197025455,0.31788531449417956,0.023864971748120578,0.31260806091511323,0.037599735926258836,2.314517371875773,2.537972298065027,0.2848436459479426,0.0014321576917766265,0.0015669594724142353,0.00011268039537011608
neutral_atom,3.6779807291473103,3.4863268265628657,0.1632505190529231,0.4198715025989211,0.41477509714703503,0.02593364893558067,0.4033402228055092,0.029745631170346773,0.42368999306830274,0.024043676170856343,5.373084338791553,5.541402729554262,0.20467066333247277,0.0045976939283505465,0.004215229683985252,0.00018939382275256431
neutral_atom,3.204936909083111,3.1717323289893065,0.03377037596982266,0.6961447561964218,0.6503264424320351,0.045358459564516444,0.6269639394242286,0.03715733189293232,0.6564977024476711,0.050998570705199926,4.520542426784555,4.375771104836328,0.12281176151854745,0.0037644326083435095,0.0034405143974532383,0.00016490762681039143
neutral_atom,2.7212889403111715,2.695265944614284,0.12246542440387309,0.4956687301949579,0.460560548324506,0.03559174750923661,0.47237182149514206,0.02848877144433328,0.456224786357316,0.04161475575522388,4.969610337748038,5.459570696456154,0.16654642654076451,0.0020653327427593952,0.0018349860765031834,0.00011947952444469177
neutral_atom,3.8340159287820024,3.746032232432379,0.10244492689036665,0.5207348108997119,0.47292553151960254,0.025457696160674042,0.4546450649032367,0.030391409770875132,0.5159222502154843,0.026404381330024797,3.5606436303704987,3.553394298701545,0.19591655261809635,0.00486460610802235,0.003858423745890138,0.000177927948597612
neutral_atom,3.1385925863159465,3.0433986263385786,0.1508951196734181,0.5371306549420639,0.5294133008425079,0.030984017129315745,0.5299828971322139,0.031127551458532774,0.5288124130364712,0.044415740464503584,1.7814638091816986,1.8108815490364998,0.17276079300081057,0.0010451784302058142,0.000994809246686073,0.0001382606706517225
neutral_atom,5.568718551050507,5.580786406633182,0.2604810462122538,0.40561907155434607,0.4359418527093914,0.02499478929321915,0.43275821945664067,0.03054707376335613,0.4423914090343943,0.04305588908867946,1.8936574917591935,1.8015268954267707,0.1906613212760568,0.0009261645968278256,0.0008187249359640951,9.499740354177694e-05
neutral_atom,2.987220024620465,2.8184607639072583,0.13561785430440357,0.5968905774879993,0.561722128846533,0.030529387207726705,0.5822490869702185,0.02124397374310687,0.5386090642171234,0.030337018922108352,2.25463377873504,2.5507109793023535,0.14614823382351566,0.0016577260709365776,0.0016559100149967693,0.00011491024856690261
neutral_atom,5.113915117241668,4.9136048938690156,0.14794173832373367,0.32689145436476985,0.35505170782681583,0.027728901359017583,0.36537486393340735,0.026358261090122265,0.34417879351278696,0.039733250225529856,4.782388775945178,4.431759425497457,0.2501798814579454,0.0032157038242771386,0.003357613545325548,0.00016237935070362736
neutral_atom,3.905403296013108,4.192276917240151,0.13186391989252558,0.525113286398146,0.572393279589597,0.017653366551320715,0.5758844512850091,0.03438530559842256,0.5711670560520369,0.02052074231737187,1.1607360729215506,1.2348904617092418,0.152567773738981,0.003971513247407031,0.00401060612461248,0.00018277994365172622
neutral_atom,2.824487250062096,2.542491983218093,0.0648268083189459,0.43967949841195764,0.4771911492013544,0.025061544221706127,0.4429104928727095,0.030590559065875843,0.5348411599477417,0.04104057805040927,4.096929821828888,4.095202142536916,0.1860646258858962,0.0011829933031374728,0.0008714592633231772,9.617972010935702e-05
neutral_atom,4.703185138337875,5.093854857523642,0.23485892390192906,0.4535549172789824,0.4592175319087471,0.025027691922716085,0.47327625234398085,0.0304523954968532,0.4299575369313311,0.043932476733198285,2.5662694184619985,2.3603785661944197,0.1720052290384453,0.0035321110917395445,0.0036056896019144905,0.00016999957192446918
neutral_atom,3.574694395596599,3.425943097146726,0.16096644322451445,0.522835331207772,0.5442291500816169,0.027758759790095743,0.5738104233571212,0.02417062900822835,0.4927531127893296,0.045950233431959406,2.4276271185616176,2.294077708976285,0.15666170143975758,0.003145318317142148,0.003026808538592689,0.00015247773563652274
neutral_atom,5.596650368214119,5.567971553054667,0.20006916498109356,0.4449622876816977,0.487095424661977,0.03053581241026793,0.4655789268066885,0.029056468637477864,0.5643090207513861,0.04684013049448776,2.5976343157979964,2.9655779065343117,0.18529642184483178,0.001121655197527685,0.0009954165592529938,9.899745232009668e-05
neutral_atom,5.563692524131181,5.816297205325411,0.2559590287636221,0.39925068243096273,0.3518495652505991,0.028301389334885005,0.34464489896096406,0.028701395591855725,0.39532766727353946,0.04004720895651162,5.0204602859633845,4.225284719242712,0.26303951715921337,0.0027282745998010844,0.002392016995958539,0.00019956983115216437
neutral_atom,3.430070821592547,3.3265147798564865,0.11493064972014859,0.31024254424430586,0.29389693621119933,0.0161577726199493,0.28766744320535464,0.02293350875171562,0.30003709066413176,0.022768467601899527,3.3985102141509005,3.497343179601947,0.34970593352315155,0.002035307752173539,0.0018133061164035513,0.00011892069020309755
neutral_atom,2.4935909878711198,2.444523095865712,0.06338683225641037,0.556697568207288,0.5531493619464141,0.026130584535665927,0.5511501987820066,0.03295201619947396,0.5565363319785205,0.032704772255659785,2.6101955232375813,2.63559901579554,0.14934691509472686,0.004084130570284527,0.0040186620644627686,0.00024416638473160777
neutral_atom,3.324430471569399,3.508115169740597,0.1621441915316884,0.5852483511306333,0.5692414888081163,0.039993775254208476,0.5070942435803364,0.032897844202829304,0.5872026824120413,0.029769081435339108,3.943901830780124,4.775659004840914,0.14145247920663825,0.004767947072142872,0.004134084673189486,0.00018675884518977172
neutral_atom,3.927167673985319,3.9127598696709724,0.18530811763941557,0.38088572521586356,0.35678154512287247,0.028223506532018543,0.3719076382021929,0.02923052220659812,0.3402495664598231,0.04083098109805312,3.355271920598148,2.665499923260229,0.22596345788469552,0.004321521516810822,0.004505628218438132,0.00019895248089310338
neutral_atom,3.9303298777925773,4.071870746450956,0.19187488212174844,0.39092092244235427,0.37485483840357603,0.020661448106491412,0.42153897990319983,0.028637515232117695,0.32417160621685137,0.020162651400450766,2.333551939823865,2.2588760389725144,0.22513730527022793,0.0005480079769374055,0.0004960275544198972,0.0001292041283628523
neutral_atom,3.0004083128490664,3.230284881339992,0.1561867404839809,0.28682832766796734,0.2843124193330487,0.02223254594933232,0.2718093376019707,0.023747237024299112,0.3730493665522982,0.039851806584011766,4.473475236084921,3.870644658403663,0.3887491323007568,0.0026122061623632016,0.002167939919216084,0.0001282541165025433
neutral_atom,2.5218283130792414,2.339316167817267,0.09965989594475258,0.2841447310154889,0.2572361338665952,0.021484135690218793,0.2742669729691911,0.02493010840773898,0.20808781099501417,0.04235069047362665,2.5164514235624234,1.9526426434400674,0.3689810819024548,0.0017855809931361715,0.0019204972219280594,0.00012169875523102343
neutral_atom,4.731911160664689,4.536536301614003,0.20704684917717903,0.3039040206997773,0.3054194307707069,0.023346282958009366,0.2910981314847145,0.026650256011710654,0.33427519120362226,0.040537136439728075,3.9900253356122084,4.047724640349254,0.3741096264415299,0.002234985048063307,0.0022278197761426647,0.00021803740377084597
neutral_atom,5.575201843550192,5.7110735317148285,0.1631966804483628,0.7341488722784929,0.7108221462729816,0.045719542663634434,0.6815608704126245,0.0369581535816839,0.730102015886285,0.058885756467489676,2.3224392721772715,2.595880544315237,0.1253205648765008,0.004773802540134772,0.004333557438237547,0.0001932645607690589
neutral_atom,4.481703476926416,4.13595907826953,0.14871055900872854,0.567544266330206,0.5764029279218529,0.02835372876723322,0.6120481501793582,0.03619222590277595,0.5197633699287317,0.04562202501171567,5.622924969643319,5.485686592391862,0.14792834666143106,0.003368442022588692,0.002872978580721056,0.00014797806195449362
neutral_atom,4.658024996394836,4.323084973145731,0.17270324344728782,0.651567099654043,0.60659213629437,0.05132347045988905,0.5300850036010227,0.033325243115921374,0.6269343906029123,0.053296163908057324,3.5043073365956,2.781885654004837,0.14142135623730953,0.0015482857724607338,0.0017140660576300628,0.00011638246416355687
neutral_atom,4.073451887670236,3.576364757081326,0.17281363480731596,0.5079348316216598,0.47433190407414705,0.025771192728264072,0.4631880392575824,0.031104147353740258,0.49873320482001254,0.04602638563881145,1.323960390888312,1.2567367748514326,0.18404630893261273,0.003146287010567373,0.0028819704678692154,0.00014823921186619225
neutral_atom,3.3258098754767857,3.119204150050337,0.101845676388802,0.6750610310916647,0.6270435376437735,0.0453335657651664,0.6017589286921566,0.03591652096801041,0.6371482042285577,0.048944351804924534,4.942159245057779,4.443746096478753,0.13308867505016292,0.0021221536526362383,0.0021958771628814754,0.00012900655296495744
neutral_atom,5.133010373465296,5.150034556819943,0.19187862824237925,0.7316095485649319,0.7036654723938045,0.0388762104899319,0.6923153244521455,0.03831580324611754,0.757204562965866,0.06090623049393969,2.3149060632908647,2.5729525418619943,0.13859910688963661,0.001673863728189291,0.001430636134038488,0.00017551616816532785
neutral_atom,3.0946528195196956,3.045548223218252,0.14922277747034454,0.3785907914493045,0.377883816759276,0.026528354043882,0.3704226517656171,0.02611946410141121,0.38942779627276725,0.04233919252170468,1.581358713129565,1.070839083873251,0.230485730378699,0.0023593124434639987,0.0019822535315021784,0.00012331633396927853
neutral_atom,4.182805101041555,3.56758075811321,0.1553904702929898,0.46001498365820165,0.4776933283054596,0.02208990162640871,0.4827304588836569,0.026659050463769277,0.466658383043414,0.03945828122078086,4.418398563148346,4.403395746515927,0.18110118323750113,0.001386634951479751,0.0012208550692319653,0.00014125333425144159
neutral_atom,5.071042469970369,5.234421026544789,0.24133368938055602,0.6980505206254104,0.6926009127480548,0.030642996058643932,0.7374830536764978,0.04078849007753856,0.6344477779398278,0.046428794932154016,1.2890987862134506,1.167145907344153,0.12626403532353048,0.0014274415266520802,0.00134757754623997,0.00010729534713012462
neutral_atom,3.0835243469112967,3.1310153443405375,0.15443624376517287,0.622736942585422,0.5622931321162586,0.03469979862726328,0.558972840795261,0.030695471998033286,0.5652124791987231,0.04756840292727267,5.564533943327906,4.822168705572998,0.16356778768479455,0.004549216549293401,0.0036552614440880224,0.00017154171004570625
neutral_atom,5.069385798957058,5.278471846828008,0.2595012548589071,0.504660049116181,0.5241506326055376,0.026822025450444,0.5258453813896625,0.0328550302041367,0.5207641611739764,0.03506673935756133,2.1736762366214384,1.9507729026323284,0.16891024383013617,0.003194363056577302,0.0026358920664379306,0.00014117776787541707
neutral_atom,3.3221421268134415,3.3244742770275937,0.13974671452799212,0.4483172404677974,0.4324680528609446,0.03042932606528953,0.4203779744028338,0.02638350462043698,0.44600343598952463,0.044301009507757234,3.5939459947082506,4.412764067238895,0.20858697867178477,0.0025586244143323993,0.002362570260045633,0.00018243881685921703
neutral_atom,5.180683845245738,4.935025619783284,0.22688664604544648,0.32364453641959284,0.3456846351484429,0.021890305254205406,0.34232786784120783,0.02427748660249231,0.36027950936225683,0.040568404887540564,3.9269638866963037,3.726129618812391,0.2679800094369162,0.002504620276196463,0.0024794807650273284,0.00013678318850338342
neutral_atom,4.26810668915918,4.132583148588089,0.19855671756888793,0.5239912821824091,0.5070148908441148,0.027320863190659524,0.5281569480233328,0.029964777549574585,0.47090511867474033,0.044958879522848806,2.1962469970496494,2.4807006787729518,0.1739064686887956,0.0036583891127030845,0.0031046778972593334,0.0002689950781965856
neutral_atom,4.602913619422079,4.694283987052078,0.22715526415755746,0.31980840098582186,0.3067575759260915,0.02175556276108327,0.3005521141347891,0.027269941094314482,0.31762173522005016,0.03608238276691723,5.501540767661926,5.1497268721325735,0.3464794643376187,0.004944861048812777,0.004894752695821718,0.00020705138265754463
neutral_atom,3.198775798333497,3.220983984216261,0.06254025720982016,0.5807852131980663,0.5823363390951501,0.03087841567329641,0.5824096597743194,0.03117336017257952,0.5822354154128087,0.047601554590458554,2.826226636354334,2.774348001251233,0.1480531321820887,0.0036151875779730403,0.003084448306696296,0.0001541811024676926
neutral_atom,3.933965995319248,3.9366378036618457,0.18305453311177317,0.6415373499618822,0.6242489313070271,0.03537396077034385,0.6710027121712685,0.036846364039021015,0.5876295562296039,0.04723766718474319,2.5320795753821237,2.7078454222569768,0.13085598064755344,0.0026656420389459586,0.0025827000911972774,0.00013967498065007273
neutral_atom,2.760234887114417,2.607102996085625,0.12886185429655592,0.49905005758503296,0.5314769570639446,0.02601249709817905,0.5728232308201526,0.032048348649807254,0.45164467251185453,0.04453246625798979,2.0086344683929527,2.2774818240545063,0.15953813558822327,0.0004678040107636003,0.00041438492936679734,8.625970133450293e-05
neutral_atom,3.756860660785007,3.9320094338043634,0.17126458106422213,0.5089515157239931,0.5544067520893609,0.0256533315435506,0.45049617158606353,0.03134746558614252,0.5742796765542634,0.02799917766701908,4.617330277366988,4.088304737259623,0.17161977129717385,0.004942450018652624,0.004291794038487453,0.00021465683346136516
neutral_atom,4.246212156358695,4.664964471635783,0.15559516367271323,0.7291666666535016,0.6887687264804461,0.02808746192639014,0.7352502898296222,0.03782764385846913,0.6693073232938438,0.03345464099071757,1.919853489727266,2.0568192318944196,0.12091182449653289,0.0007643880785689447,0.0005930839254000091,9.00496713837521e-05
neutral_atom,3.8938924319114987,3.9232877471315857,0.16533923758644442,0.6329904230496258,0.5940737995926202,0.03528985067880693,0.6132616236007472,0.035934319158578344,0.5889468291630717,0.03972576403928808,3.1167383905212778,2.7584196604642806,0.13381114883594022,0.0021349135553140703,0.0022214796766429376,0.00012969827614585586
neutral_atom,3.651205908615002,3.7404525239001662,0.10725990534886586,0.35235834143358274,0.3552863037217816,0.02334895104317197,0.35826179790575546,0.028909434023364676,0.34970384713453734,0.03959795097926958,2.43745577748101,2.8705372256187918,0.23736970495661874,0.004590378812546448,0.004186890546897122,0.00018847177357929516
neutral_atom,3.142989422916055,3.2169643254124916,0.1573481083338191,0.5748023814908313,0.5445393736635071,0.032375899018733785,0.5245810230035085,0.03056444658231331,0.5701837846452543,0.048938999257634654,4.918339555461414,4.533876221683939,0.1733203771565049,0.0020252577566708847,0.0017661735823943092,0.0001965039356530114
neutral_atom,4.5848435707869815,4.4938975123580756,0.20575588246774343,0.5498679036767374,0.5058820175762977,0.043910517551197105,0.5006008569742344,0.03185544069306924,0.5082745680574658,0.046898705733534135,5.635579996081766,5.944491696051146,0.1615047401933113,0.001138830884470144,0.0010132699716272242,9.940773351764706e-05
neutral_atom,4.33074289905345,4.3492606242410226,0.20018199246409396,0.3274842571833572,0.33245658168447145,0.027684787030421234,0.4014262682486658,0.028865173890693343,0.26463334526449306,0.03898915972922465,2.9645978667055,2.734410118718164,0.19980428765020963,0.004663665723115121,0.004164875430664732,0.00032516733246266944
neutral_atom,2.843254232898724,3.0052326839169115,0.1242627170978825,0.6870317282533486,0.7605329826375181,0.036342098701263335,0.7600511350092142,0.04036956630911081,0.7625928358232538,0.05148022322845347,2.0159608477931865,1.903773447773961,0.12149583116987966,0.0025713566872500155,0.0024246913853953967,3.575410318623908e-05
neutral_atom,3.9413973326982146,3.9266636122113057,0.18081906391932778,0.6640785652285099,0.659822040542121,0.02873859852704006,0.6387614388831636,0.034438472156536774,0.6756741690823471,0.03195740189781623,5.013953119239969,4.626552152227281,0.1370557598694668,0.004464956731401966,0.004770186237057906,0.00018897279367286268
neutral_atom,2.8866830854121464,3.0570358418765022,0.1465457300371963,0.6314482369888098,0.6230867337396442,0.031482411509533764,0.5440606483130873,0.030795391097060917,0.6309760661250802,0.03301651024607831,4.805021103504617,5.465948352965288,0.14958398708950002,0.002055802933741258,0.0019128966189047808,0.00012150053136694163
neutral_atom,4.267297386752206,4.262006018416146,0.19670759873026458,0.4353706357499359,0.45236713940479734,0.025525812204490052,0.48124269691759974,0.031923779056460336,0.40118003192122326,0.04250396074234209,3.421697725848368,3.708741986781982,0.17348461619643096,0.0006973444352817772,0.0006017621765687463,9.023662101010194e-05
neutral_atom,2.4056308430852176,2.472244847507704,0.1251669639105229,0.49085734461761743,0.49022258861220563,0.025830237518103642,0.4720137060963374,0.030726779477022105,0.5340922333633962,0.04769330902539481,4.592884141572018,4.241924214296153,0.1797096798948978,0.003717894897815222,0.0035941108969195987,0.00021957887789621853
neutral_atom,3.1112483432823987,3.206641707246362,0.10101723327581667,0.6741732448441045,0.7002568832148086,0.045974766579791236,0.7150390337768392,0.03775098242075809,0.6590279428203208,0.05435426427522435,4.546835577916809,4.690043541507212,0.12491220196364759,0.000316025675471892,0.0002232854220478557,8.233275852581636e-05
neutral_atom,4.959374994771889,4.87381433813689,0.2177982667115003,0.5145932455999668,0.5280490818418577,0.03971360444020338,0.5459631612483458,0.0330085813982562,0.48638882569272124,0.04601812933979008,2.6733096935468343,2.79760729955359,0.14627325906886482,0.0007855460459840702,0.0005995974007923189,9.018996165091774e-05
neutral_atom,5.113975662205201,4.9742587493764585,0.24079863063205803,0.483395316354214,0.47529095570631263,0.039252929712394066,0.47061635818061814,0.03159189037608216,0.48615449557753715,0.04240100600897158,4.746718402723886,4.756826111038128,0.19871253923137033,0.00460158596756892,0.0045262415280718175,0.0003041906991267441
neutral_atom,3.2348585498069564,3.1570654654072206,0.1235524881792355,0.417161270089211,0.42145477447497864,0.028767868133844028,0.42415398956791756,0.03038709593604717,0.4180175573436835,0.04337574064176565,5.046495738197012,4.629103822187513,0.18617745583356377,0.003832529499403397,0.004336541074779241,0.00031734457987296226
neutral_atom,5.535020091938837,5.6830789153239305,0.266087740766184,0.3271506418820503,0.2963116451315827,0.01521211101063581,0.3548807306303036,0.025695919007983764,0.2809899858701468,0.017086388878850948,1.5399717432460602,2.103300425096747,0.23072486486845178,0.0017544201236083922,0.0017563507361499737,0.00011745997196387222
neutral_atom,4.173659068266938,4.28382622458695,0.20485880722628397,0.4233476214155557,0.4328989195142015,0.02642424994787555,0.4430451376622712,0.030594235216680647,0.40310282540962095,0.03983754807998061,3.743554960927085,4.2409687134133485,0.18988977249611466,0.0024255607137383013,0.0024669788390016974,0.00013643513507807111
neutral_atom,4.049841681042118,4.118414106919854,0.17526848250229318,0.6398938535147752,0.6060251469038069,0.04263849857049019,0.5971465586698891,0.033516423786166816,0.610442788097626,0.05217881310625962,4.924972485853277,4.700624410193936,0.1315311348356789,0.0016304959438045686,0.001490070947186931,0.00011077442167182817
neutral_atom,4.314553744041016,4.3703311713255975,0.19825494643957897,0.4735407369829997,0.4286508384870172,0.02886416347741637,0.43111639657272666,0.029736767891333234,0.42789685643490283,0.03298361695168205,4.957179313031199,5.2464892475415885,0.2034723818719595,0.004915980085571966,0.004777588034906289,0.0002080823320719509
neutral_atom,4.289844400713029,4.038900052233472,0.18885824183728603,0.36010637927677835,0.36575961213544145,0.024215847843745808,0.3598194153918709,0.028947350312248245,0.3796077066055742,0.042000877251067874,2.358958262908786,2.2568442076363033,0.25069034899841125,0.004599386286717155,0.004434010741973496,0.00025340863581338593
neutral_atom,2.639610903658,2.529289761330675,0.08783605892801792,0.6763281104281477,0.6640670138788155,0.03201597741579792,0.7264336179080308,0.02512124132253157,0.5947878748930431,0.046515117961236696,3.282623361623881,3.6198655947657863,0.12695406331789658,0.0048526489646082685,0.005467731392967631,0.0002319952634647935
neutral_atom,3.370319308665666,3.3015023988058414,0.16108096937096786,0.3500586083996299,0.3265091248591892,0.02106776098049518,0.3468984156931807,0.026138487642309305,0.3097969011782752,0.02841928460482284,1.6596161233421258,1.6346044557649408,0.23775851718273702,0.0032241383506051253,0.0038169275624541084,0.0001766150071613129
neutral_atom,5.247494991680722,5.308696613969964,0.25488608768368454,0.3202267803166741,0.35580130420068096,0.02240377473716647,0.3637722452656217,0.02769173708947637,0.34069824864063475,0.03811779856422991,3.6546339153045944,3.933755536718409,0.26522306683788366,0.0011518693543642418,0.0009584898978012288,9.815240547974435e-05
neutral_atom,5.023597352600769,5.173133374734115,0.23890954968696226,0.6017031051678362,0.5997760734548173,0.0386668000632213,0.6024230044325155,0.033074780490621764,0.5978435669594309,0.050859605978347586,1.960763149931013,2.2915122678444826,0.15162658021307,0.0010768867140510518,0.0009761620505353064,9.855622603611518e-05
neutral_atom,5.304576060409021,5.410999181544678,0.25134600879563745,0.36282037857957106,0.3396590879898636,0.019843885911652464,0.39370903061267104,0.025480814732012965,0.29155257949713936,0.017520247927761964,2.714051134242757,2.5773451893043626,0.22009140092843907,0.0019423672854875667,0.0020580092823878206,0.00012531747020867775
neutral_atom,5.342241023245714,5.048804376523208,0.21828239008953992,0.6366514843186538,0.5977146624323311,0.01756856377895211,0.6329048393301133,0.02803943136364251,0.5749704805370851,0.019114692865587365,2.779463402314023,2.6083051632402667,0.14122800622294332,0.004940087186867266,0.004724984660576037,0.00032134624954220626
neutral_atom,3.531837409045714,3.580429823269269,0.16960732325955394,0.28867595771090715,0.31438505961748364,0.023758923420772536,0.27576103644250977,0.027881748398165016,0.3322520999180229,0.02873345688582965,5.617166500471922,5.9455215031573445,0.35424039754750125,0.003371173618005461,0.0031328798007521576,0.00015561956892332586
neutral_atom,3.235953663331599,3.4114922209804153,0.15409280547541532,0.47452445400104615,0.459684283358777,0.023554974560785577,0.42645823687582773,0.029782627994076192,0.5016596093756043,0.02686999181930001,4.5282496034778035,4.639693738346648,0.2031446409098849,0.0017392941313256062,0.0015499145241993952,0.00011225614632597136
neutral_atom,5.271671748661396,5.444632756214837,0.1853280420899233,0.5606298735001801,0.5552566171491573,0.037233183276966446,0.5561516867873258,0.03299170400007402,0.5530753642393741,0.04902941923321945,5.6256912130228995,6.0518986483043165,0.15864424469803037,0.00347172908530141,0.003554131893226204,0.00016840245601793734
neutral_atom,3.1767377392716725,3.1371666054419354,0.15046823853732183,0.5950671885654186,0.5619886494282851,0.03700157189736508,0.6041369800682823,0.03492515294599946,0.5391725766859584,0.04593753762587397,3.927942200165343,4.115391117212331,0.14945362482305205,0.0020206177966095133,0.002104129921789062,0.0001265448185660015
neutral_atom,5.116811267950188,5.305427835556578,0.24007762397581592,0.41486946225374954,0.39404130296375034,0.02466621017062175,0.3499554776393685,0.028268627503920108,0.5146136802869555,0.04766994217171013,3.7015546962370722,3.174647494795235,0.2613095680184699,0.0049295158346108385,0.005832239053147056,0.0002450443645590755
neutral_atom,4.675839650590509,4.665543227076885,0.19241350688584855,0.6140106177503035,0.7009795823656744,0.04367761377880715,0.6369655073200579,0.03456205066965872,0.7190583268269926,0.04946223680552997,5.08574397607531,5.326207667555441,0.13117419450876242,0.004698337236173905,0.004565969303148527,0.00020096347907455094
neutral_atom,4.107331988937618,4.240275338859978,0.15262993611473896,0.6470965361147812,0.6605147892004317,0.052668762479452506,0.6340373423258426,0.03594267114495389,0.6819285978669959,0.05551771682617893,3.9256043533828207,3.883811912430886,0.1333487434118725,0.0008669805165287375,0.0008078946692595355,9.475580200942711e-05
neutral_atom,2.879630019748454,2.6040245294266877,0.11632423531215923,0.4145032346707272,0.4255572183015333,0.0241622186903277,0.41333355586623977,0.028668176279573826,0.45553531197227964,0.04489535379884338,2.813154879354456,2.5485010354503927,0.21001730613906813,0.004579331237016304,0.004496707210954762,0.0001986558863807089
neutral_atom,3.3084252877933786,3.1585615659812327,0.13834562923824645,0.4212375266296109,0.4107767471900608,0.028766371761268388,0.4173601649329798,0.02963379419654078,0.4067972158817102,0.0364377854606383,3.279875023831897,2.9464104672830174,0.2200860704836295,0.000935381393115967,0.0007422553619060069,9.330039865257607e-05
neutral_atom,4.2137374958582745,3.9329120458440765,0.1846959527846021,0.6457168557713282,0.658495934191538,0.029572680978650515,0.7000517246460222,0.031234326129245198,0.6167939468378048,0.0296044770992308,1.58462644285796,1.468612605179853,0.12688352958589683,0.0009886712071632937,0.0009441045885614246,9.782450151339676e-05
neutral_atom,4.261269333254577,4.420157543450304,0.17628364812199265,0.6757591868755298,0.6490783349294293,0.034145418208654216,0.6709774777464406,0.03626838927586318,0.6331496594389739,0.04487707322438005,3.6680467832133186,3.973020402794087,0.130312656324378,0.0013028841140366623,0.0010853037556293494,0.0001610402984559091
neutral_atom,4.192833687835595,4.388329432663098,0.20092234268597867,0.3629618525768021,0.38994827174462693,0.02621422909537377,0.36187128836531984,0.02509008188369067,0.441407004287175,0.022446102614896043,2.423672438056261,2.4136347405705054,0.23453251491009727,0.004502213837236651,0.004575807192536777,0.0002890771049741925
neutral_atom,2.98112640541302,3.033906177231048,0.14789103830277608,0.6415638470631316,0.6475225567372922,0.03092441110776105,0.6689388755019766,0.038191882346607996,0.6067484986771491,0.04836225197318758,2.0771498142956233,1.8791793609595289,0.12959174868951762,0.00038286156488984304,0.0002629893966544161,8.313791622133551e-05
neutral_atom,4.4821863700611075,4.462389714175831,0.20430415290988313,0.41496508435632357,0.385965803430331,0.02398508708064681,0.3714475587268502,0.028949184898961727,0.41775059998706404,0.042834036465855124,4.8245655893896435,5.231483317951477,0.24420042623267998,0.0032865542865223875,0.0029726365062378267,0.0001508854273411713
neutral_atom,3.6772694810911957,3.4590304939803542,0.08720500018667986,0.4886938331396765,0.46080632458626647,0.024082423985231336,0.451036444423325,0.029266620026934618,0.4812934759140885,0.04238075979601848,2.926621186607494,2.7160347303288415,0.19080009004239978,0.0030818954156094473,0.0029914685156190706,0.00015143802000063626
neutral_atom,2.896260883229382,3.091333894774782,0.13567685643634642,0.5823066345300877,0.6002770010962031,0.029159573785667553,0.6139493547938725,0.035894488656117204,0.5737432228270954,0.05000410704823831,1.9537742747686595,2.1401127264873976,0.13801179747665862,0.002671464647360942,0.0028447500471382014,0.00014715974784036367
neutral_atom,5.336492720235995,5.4003961503986035,0.1886759601090585,0.5123475622907767,0.5156612050776539,0.026703758563568332,0.5257886860935894,0.033264967504459744,0.4973069174930124,0.04478217169833481,2.4918985793431867,2.488108266648429,0.16638727816897586,0.004847250161871543,0.004274352950062077,0.00019132368336311859
neutral_atom,5.135520390194433,5.282129833902658,0.24730525932195396,0.5124721113600567,0.5425586325871028,0.02505575180180717,0.5598762907113495,0.03215259973026384,0.5157805728810241,0.0399816824840575,3.272691203803153,3.6449725971061673,0.14584016975152272,0.0014236176231774025,0.001576106515573874,0.00011290846966560336
neutral_atom,4.760739828432188,4.884148822810239,0.1943054145283012,0.71582626029003,0.7003490068070822,0.05016041563623759,0.6754149863248843,0.03819663666028954,0.7199464611173857,0.03102573340197489,4.300449753162458,4.706723273161014,0.12668889547968332,0.0033643311976300242,0.0028918156884799985,0.00014852541320378333
neutral_atom,4.239883985432089,4.689767964005475,0.08488145644517019,0.6026030159682596,0.5556953855008187,0.03460218954213408,0.5484704400201789,0.03451794295870785,0.5796898890093999,0.05051229232792826,4.132301492396616,4.320426713112461,0.16126934718260072,0.0030927876631110128,0.0032658913493157494,0.000270835484423643
neutral_atom,3.606361645525952,3.463213091411056,0.16255758166604434,0.6238591186369788,0.6177291365363767,0.04595381392364691,0.6426629494310878,0.037947064393297945,0.6049747616912542,0.052173265972293874,2.4670814467148072,2.413634740570505,0.12792682631459854,0.003963883771461915,0.0038746443662657543,0.00017844235026730478
neutral_atom,4.7288454621187554,4.8910983103133985,0.10543586661479588,0.3657280609616547,0.3474186383109951,0.01957831894083922,0.3591949105980914,0.0288197163938965,0.3373262661742847,0.018941091385725008,1.147605047637128,0.9341211300646894,0.24133196686197625,0.0022529488163357345,0.00231317946686303,0.00013219271770838052
neutral_atom,5.52617967403399,5.903630543947834,0.2960683178423014,0.5497396063889635,0.5551695227610923,0.034121847871887975,0.5305603937350565,0.02975275710799825,0.5797677789468663,0.048250249652065355,5.4216899509434695,5.9764347450179764,0.15097371225478468,0.0031832115769862453,0.003722785024470865,0.00017365254347256618
neutral_atom,4.873989514274372,5.134046999406888,0.2514105944698871,0.42565596189458754,0.3736481169269799,0.02624666625539596,0.4135479459510995,0.0297208103773801,0.3250650050413323,0.03908574605352066,4.240709422725314,5.0397101469346035,0.20240261084859693,0.0006199619622782986,0.00043054183618446075,8.659768770746602e-05
neutral_atom,5.462247696425798,5.58020361654275,0.2618467641978426,0.3799381638585357,0.3609490617953814,0.019108634826653887,0.35434330595278873,0.026226489034187398,0.3643767435813283,0.018471974194800792,2.3577743952346952,1.746169637053897,0.24477768982403234,0.0019741383533407758,0.0020879622427995115,0.0001261137932754973
neutral_atom,5.3980818305927745,5.682919900930145,0.27599655305082516,0.7171123138354476,0.7569339823527828,0.03771524034370493,0.7641066460818565,0.03795520022362092,0.7365817394340404,0.05615475057565376,4.095662106458705,3.9483443942226195,0.12169359012627999,0.002301299505957664,0.0018817253301564247,0.00012068955795984934
neutral_atom,3.6006719993357548,3.8078499784796906,0.17377407842601866,0.6114243424293683,0.5875035945257719,0.03498611481274932,0.5606981646280595,0.0336588837396901,0.6238426333498678,0.05182564836171958,3.318914046869242,3.495344757968851,0.15038359142266813,0.002510459080955839,0.002101472746565962,0.0001264739216610794
neutral_atom,4.506124179517366,4.621426031454199,0.22157806189045715,0.5077124599808218,0.524059548028998,0.02842246815098978,0.5106481953587543,0.03253222565372976,0.5673082232722181,0.04962504356926497,4.164340155380495,4.540528594906487,0.16687771501169188,0.002014009544580689,0.0022151331046597104,0.0001295266128945335
neutral_atom,2.5333962757691015,2.5696048365042428,0.13347088086048978,0.5420095934212616,0.548416936834667,0.026399814694101905,0.5404392630468933,0.029514236735716935,0.5803455168890668,0.05069423336239218,4.0685652837536015,4.104920008699516,0.1592324388246205,0.00385965054579909,0.0033204317901522167,0.00016125141652299847
neutral_atom,4.341245094450483,4.46480997952619,0.14109543776970832,0.5543034673334507,0.5742153717852201,0.04341143437214321,0.5514988898375158,0.032262826789433,0.5825662633957177,0.05076751063673603,2.9975988636956554,3.493679029597671,0.14968282136671637,0.0025129561901203125,0.0023217506675834356,0.00013242721849256972
neutral_atom,4.326115894235086,4.280178105264014,0.20309169979480277,0.41477972238898775,0.41608482528543606,0.025991278178523817,0.39628105815201853,0.029872785658168286,0.4333482927899481,0.03555894157203083,2.3085322890664903,1.8672484948356285,0.2001401471717104,0.0039877753382446144,0.0030678363040803043,0.00015368922447756507
neutral_atom,3.0836722377393917,2.935708191159528,0.13145729863142452,0.49837123914506276,0.5147444665830851,0.025464706447275318,0.5294756297454949,0.033610164052717724,0.49489283887343716,0.02820649236568054,1.3034299138073993,1.079128136972171,0.15773380811000615,0.001996411857229433,0.0018088474583746314,0.00011880595352356219
neutral_atom,3.9529778722548023,3.8095591185753097,0.15490511038157245,0.5633848090905058,0.5404086171402417,0.035311946323291335,0.5794580489982637,0.032974568845680466,0.5117825348056629,0.046486845617174796,4.8032180643380125,4.933703422732481,0.14965599949236205,0.0034263606142668586,0.003934615559514049,0.00013137447122282022
neutral_atom,3.7050995640104536,3.900142738530897,0.1765474216774347,0.31142850075285894,0.3222247733811375,0.02248016560102978,0.31771596928454554,0.02812970446733326,0.3301939262034175,0.03739732719531271,5.60775778318195,5.661782746545039,0.27622623132381297,0.001053475514537372,0.0009613483003029182,0.00012032674374129687
neutral_atom,3.8301984114933694,4.013166108296167,0.16700529279526075,0.3500108428136765,0.3422304660829859,0.02254510317324096,0.3435831128305724,0.02765835080816693,0.33955217100504503,0.03891914546545737,5.456141112653932,5.5155500606024495,0.28194193721730054,0.004638400231104419,0.004640357358259962,0.0002034542034260314
neutral_atom,3.483137359154174,3.5029060961630365,0.13715793216963257,0.5051814743112838,0.5092009765870746,0.023478717782622935,0.5141005563867772,0.03076334500030272,0.5023655746463909,0.02662036149594178,1.836262854517217,1.818577379587361,0.16746636723409256,0.004265595300307125,0.003929515622431309,0.00018018736616929137
neutral_atom,2.569126705298339,2.514326934502227,0.1215082288454685,0.48406334168660436,0.4945043951097187,0.027963284610357332,0.4901401897544228,0.030223932080939674,0.5204474501513129,0.030890811714225575,2.618786522170221,2.6671790558225053,0.1688861533723612,0.0020945422707843693,0.002095564882796172,0.00012631637309280837
neutral_atom,5.571521088242459,5.129979193358733,0.1343418836935918,0.7072139899313838,0.7605653085348196,0.028430575401513603,0.714033313943004,0.04019043446606188,0.7830395212845764,0.0328995610648718,2.193821350367008,2.128115328113387,0.11715595208463406,0.0031893828087666783,0.003153939933989493,0.00015624712213969152
neutral_atom,4.764371767990523,4.527888021378604,0.21768939820653538,0.4903935118506316,0.47667855610678644,0.02460168529990782,0.5091939416659311,0.03202363172036202,0.42985222146908497,0.03843007311946859,4.7576317191589546,4.727540205687081,0.16939422832878553,0.003954761571709495,0.0036793457504777603,0.00017229325277047842
neutral_atom,5.082517959014911,4.959220603850753,0.23245173398276897,0.5277095462474461,0.49996135946722925,0.018296806181605837,0.4890937130079672,0.03125430296154052,0.5023254817633421,0.017450267145093522,5.632914900637931,5.586599322883507,0.17692880888118406,0.0045404373074316275,0.00472541332091986,0.00011524854371946171
neutral_atom,4.939465140030524,5.173707048383076,0.09730332640397743,0.35125117958793023,0.34727521117906474,0.025366246889922128,0.34653151369367363,0.02385569859026976,0.34843717976312066,0.0406051818021957,2.844031021158969,2.786400319022817,0.2660289614892074,0.002561468627553021,0.0024887823336391997,0.0001197609937492011
neutral_atom,4.315256742925632,4.079078244913172,0.19063561277664345,0.4131435731814534,0.3825991567692724,0.01718643634065676,0.39369079398164986,0.029095246998800693,0.376655006406685,0.02129948553715009,1.5233080290861987,1.6200474525278339,0.22023546950135675,0.004483914070084109,0.004298968745163476,0.0002202721650943508
neutral_atom,4.718401794023085,5.090874796107869,0.22928387543285297,0.72988204255469,0.7299338315010144,0.055180007859840334,0.7033349851272408,0.03799031285005359,0.7882829858988082,0.06283031064766229,4.905478580916922,4.344115643666021,0.12597516090293995,0.0007165055321288878,0.0006163279034649107,0.00013828232699852446
neutral_atom,4.239308118735774,3.998106890958756,0.18929592154455732,0.7137122802781418,0.6979529193490641,0.040545065346847584,0.703760907520556,0.03908419328420908,0.6948582198952208,0.050197918686206294,2.831130468102658,2.6328565364832612,0.12242093968898848,0.000382020974052453,0.0002917641235602772,8.372495619794626e-05
neutral_atom,4.506024773236603,4.207951388308594,0.1928660661599117,0.4032530423570316,0.39413484019284456,0.017217768261648926,0.3797518667865232,0.028259370901898496,0.4026261980369985,0.02171334448214517,2.281495748282191,2.853525046611803,0.23889560607891544,0.0023716044173974454,0.0021197080534750548,0.00012696091728679697
neutral_atom,3.670430589479299,3.911155224444762,0.18267594685985536,0.3895669007001647,0.38726644427304174,0.023371636816898182,0.41148750673663725,0.028565682470971413,0.33822241364556466,0.04064817831127679,4.6062504730312455,4.317597860684928,0.21391659007488523,0.002862408655747958,0.002561713876949574,0.00013908441693131696
neutral_atom,3.227109120754525,3.3664003969848424,0.13621752101872456,0.2962929571607872,0.24428074224984303,0.016319983643028196,0.26413202008305403,0.02516275882667,0.22986716228586138,0.021441242672088426,1.5897930305106431,1.8286178701628797,0.41065078117659093,0.00034621790424883516,0.00023005543527857068,8.246964984932265e-05
