architecture,instance_idx,seed,t1,ramsey,echo,gate,T1_rec,T2_rec,dw_rec,eps_rec
neutral_atom,0,73000000,0.9561278738997472,1.7465988548661415,1.305498950916073,1.6577824769135576,10.235207229772252,1.007688919068612,5.369520449282167,0.0016705700427653068
neutral_atom,1,73000001,0.18425117392320386,1.723549259765449,0.6652620896817741,0.5226122485711919,1.9809384786874338,1.1545946657140322,12.147834064842854,0.0015763122166513556
neutral_atom,2,73000002,0.24340839192478628,0.07856314095824808,0.7339065779722259,2.213201196052608,35.37218896150839,0.5129135242765452,11.482358917811544,0.0012978534385882068
neutral_atom,3,73000003,0.7310232616525733,0.2001594763177014,1.7097693517871202,1.1409385406794668,2.137566686729082,0.6141158074772857,-6.432260813182716,0.005932554812449625
neutral_atom,4,73000004,1.1422769561033628,4.916749812483124,0.5325237043465758,0.2903264127784072,37.61557600576782,0.4947867170072209,4.161035616127204,0.007242225886607746
neutral_atom,5,73000005,0.3908260839054158,1.2425835211004959,1.2759246758588876,1.6271423708243729,1.9167234593512956,1.1082762733795022,-3.780733062927151,0.007664048261118323
neutral_atom,6,73000006,0.07424603993174639,0.5310805654824511,0.7683645920059353,0.9957836903852382,6.370126970512036,2.069816386260173,-7.31405473848223,0.0010723217518073954
neutral_atom,7,73000007,1.4048482926124353,1.9446602268684596,1.3249648998040355,0.10001083083175985,6.7697062671078,2.0702955850213423,-14.081542724976448,0.006865701003604471
neutral_atom,8,73000008,0.5354253351026257,5.219258855319575,5.03698710469795,1.2878613522690394,0.6458118495183394,0.8675301543739322,-13.218363776190937,0.004893380633756037
neutral_atom,9,73000009,1.680858349177889,1.268621985664515,1.207479597387039,0.16148264803858897,12.081137695804266,0.6335383131739295,4.6737689519978325,0.0023901730328858696
neutral_atom,10,73000010,0.6024296970021447,3.754933845399313,0.2923268687920366,0.4695706951873265,2.1439510781668307,1.2174961218792228,10.166645545278847,0.003022340175484505
neutral_atom,11,73000011,3.706492591540185,0.3217499734911284,0.5084883452702138,0.6239055854901868,7.393576189020705,2.0542787357408065,-6.58915306532164,0.001661743025977924
neutral_atom,12,73000012,0.07921037801065291,7.290061619057132,0.557069447215957,0.23761734475779145,3.0171008641411228,1.58777610333422,9.3268384147409,0.0012483687913521873
neutral_atom,13,73000013,0.6918901112414377,3.11588010932835,0.21139222512555506,0.668243810614901,7.464977503532028,1.4046032075769728,8.616340018720855,0.0011250566034847114
neutral_atom,14,73000014,0.4693468936856455,14.536947557521454,1.1069908442247542,0.8922870462761068,6.7022687622222605,1.980301174205912,-13.059113845283758,0.002630418604002663
neutral_atom,15,73000015,5.034447460830595,0.3247342628760583,0.4268042538332222,0.18369949048558581,2.7436745548129737,1.5476460239068615,-12.416865982379498,0.0037374396070840974
neutral_atom,16,73000016,3.5513130448150254,1.7844427744402858,0.8048013156206022,0.44538466865446147,18.680414536775153,2.45036043025935,9.379348373918205,0.002577983590556976
neutral_atom,17,73000017,0.9577983750553163,0.29922489185733514,2.665907032243675,2.380610777735899,67.15018267317073,0.3872088794329463,-13.91980035419997,0.00367091543016663
neutral_atom,18,73000018,0.3001415848285787,3.2966223593286315,0.4011835213947734,2.0787243581130075,16.64959372820177,2.6251066176797924,13.66209424756907,0.0017039775227971376
neutral_atom,19,73000019,1.286797175442636,3.9907639129405355,0.8050473413344124,0.45709322327731855,10.424368694657476,1.9439047524121233,4.538540855099278,0.0042033518395462694
neutral_atom,20,73000020,48.809067259856825,2.4918790152143115,0.6308217709175045,0.0009590894443210873,0.6470860951895443,1.0059777854814185,8.535017711872856,0.0020517626435725194
neutral_atom,21,73000021,0.6191518285504122,3.133625348554447,0.8696654804861785,3.5333092635872125,0.6458074750544304,1.0014596169174563,-13.573793810585173,0.008219500972508224
neutral_atom,22,73000022,0.26965327523291094,0.9389109996244411,0.3673254928116498,0.4674250286819957,41.0550522610039,1.046058370330786,5.618608929533539,0.002029987198730611
neutral_atom,23,73000023,1.37281901575668,3.7675267092446143,1.402827221737436,0.03852758732462884,0.8972593954032805,1.1441096592416755,-6.578069680870391,0.005978856374435879
neutral_atom,24,73000024,3.015124541780351,0.24691792967033055,0.8834094625652948,1.2626051292291076,2.6430712140419654,0.6444182622230569,-4.532380080590013,0.008563321304683876
neutral_atom,25,73000025,5.076120909743157,3.684950357402832,0.008020454773580118,0.7133067873459282,49.38016419793798,2.882436876484049,4.797639334898514,0.0016849998243592705
neutral_atom,26,73000026,0.7706378611636919,0.6886784220358025,0.48053280290403944,2.2846174080830037,1.976011081772812,0.9789531823065837,-6.1928536624941275,0.002409511242801588
neutral_atom,27,73000027,1.585404369908628,4.123399080608997,0.9478710172566446,2.5905301929501383,3.3345706996203153,0.9258899508715818,-5.048164572532722,0.0014092524994443125
neutral_atom,28,73000028,1.6351972485121526,0.23891620741502165,0.22181485345139074,0.008369624816979188,29.965673920222073,0.5711577520791268,13.752607146022084,0.0045981018181137576
neutral_atom,29,73000029,1.0659764958214073,2.908850797602033,0.27396259608379336,0.8587626442072268,6.837461039832658,1.1851142630753098,-7.272856172140396,0.009409081628332752
neutral_atom,30,73000030,1.6230119286502505,0.39496273317261255,4.1396269530287295,2.2418504871709883,0.6458485050997009,0.6673554720394014,12.120256565243244,0.0046876798507152345
neutral_atom,31,73000031,6.976113055556808,3.2101623311918717,0.4971467668694657,1.7897583816230638,4.975404631328292,1.7670392853907215,12.09404230108525,0.008978203994027495
neutral_atom,32,73000032,1.6049489584739758,3.1808826892202884,2.8684922564420643,0.7519175923724334,23.12301415711893,1.3474027707103324,-5.309908585991356,0.009964190600844913
neutral_atom,33,73000033,2.2085936737574503,1.7339416891367612,1.8329799424447633,2.1226670970290553,2.3121978509425647,0.9245254437872441,10.558286640702736,0.0017581781191314282
neutral_atom,34,73000034,0.6197450951154593,1.1429699287616089,1.409163647523589,0.4444106084676067,79.1177245490209,2.135463159900459,11.417975182309252,0.0034460566034631088
neutral_atom,35,73000035,1.3583585879901237,1.23772606847844,1.8157710766463602,0.672999902055946,49.622846724463244,2.7381426873205883,12.45896916142296,0.0038755782059325355
neutral_atom,36,73000036,1.5751619819402787,2.802928442148989,0.29198298048898047,2.6788505497595074,4.349247947467984,1.1749908622659884,4.101873426930043,0.00837634142182829
neutral_atom,37,73000037,0.8499251017311094,1.2153392324932162,0.7735755577952149,1.0880060940940814,2.6452272665860392,1.1744986104494297,-5.2613556882354535,0.008698110075729222
neutral_atom,38,73000038,0.27337522484769344,14.744837194761832,3.8109061121226118,0.3087941361944549,84.33758107629471,2.332636302978362,6.976575332372579,0.004646656524592246
neutral_atom,39,73000039,0.35752563288138584,0.3906183754689973,4.089266828448093,0.6297595042449907,3.2581560322873906,1.1242045623007597,-9.919474997646597,0.00662240069466296
neutral_atom,40,73000040,0.8771728767075935,5.495503473423332,1.1304325028500195,1.011771464415593,15.47272514872933,0.7893477486438423,5.586133820196031,0.0034893753008774357
neutral_atom,41,73000041,1.7290209034407733,2.116099329792785,0.9844357708135044,0.7906345053088997,9.254179580154753,0.7220070206922847,11.250650693012018,0.0015435865533701245
neutral_atom,42,73000042,1.5975643680530638,0.46068618697750024,0.8898647867415328,6.69838206268399,26.602805996285408,1.2924464156870636,5.804755103270628,0.0017765735859071351
neutral_atom,43,73000043,1.5911812518390231,2.1647428918310414,0.5054584146125148,0.9969141861429768,20.820137079737005,0.8755973772526847,-8.813167905384125,0.007079436459864594
neutral_atom,44,73000044,0.31418948710893607,2.010952571750687,0.041712855419292226,0.34132365551898547,14.769694028217119,0.685574681553744,6.9485183513183895,0.0027598509663063087
neutral_atom,45,73000045,0.8354271319094827,1.9951874943838679,0.9245603896393099,0.28105363328945215,31.339818554481933,0.44480747834509604,12.540833853103242,0.005158130167670022
neutral_atom,46,73000046,0.3039985485709369,0.263107415067099,3.259597803073297,0.5711452688948291,32.20831396826832,0.7285761078164857,6.090373058590519,0.007108777335201173
neutral_atom,47,73000047,1.6290441349043854,0.8244993674527527,0.12118557168613713,0.7430314091377161,18.285556998130104,0.48342257564875457,-11.206175961544588,0.0020168121551207697
neutral_atom,48,73000048,0.5139992466009922,0.45767861729696346,1.4707803627744849,1.7435110631012458,2.158889024684879,0.9571853252527934,5.485296870285719,0.0017030774876767537
neutral_atom,49,73000049,3.734199319186785,1.2263503310441912,1.5496918492973415,1.5693563665092403,6.702296414819457,1.4342361971459379,-12.321803066581502,0.00146545308693158
neutral_atom,50,73000050,0.6068168542366406,0.5039136299008783,0.4617202424310709,1.066297788954592,1.9614752749620994,0.9737162431301215,-5.573417795252595,0.001339072350790419
neutral_atom,51,73000051,5.149000372350144,0.9935129343771878,1.5143193044663368,0.8206749333353536,8.205631774068067,2.0815747490089875,10.617559574931816,0.007728518546833845
neutral_atom,52,73000052,1.1933449994631427,2.145308024904941,0.6676589591649691,1.338825098371919,49.501300131493906,1.9056517119894336,-6.0172913119921,0.002436991089047637
neutral_atom,53,73000053,0.9735965870853616,0.6371368273011553,0.6441047822157837,0.8099120175852698,20.111900914447656,0.47012487580766815,-9.951368942751287,0.006112098638422826
neutral_atom,54,73000054,0.6031047640177052,2.670065883011307,1.4966931959892809,0.32422318516748866,31.768930465198977,1.9419603839593589,-7.764505727765645,0.00451973926618829
neutral_atom,55,73000055,0.25822497671294975,1.8475824600137076,0.29877833855192126,0.5934184496830959,4.538601945659422,1.1354312622274128,-6.92066486352748,0.005016354145096888
neutral_atom,56,73000056,4.587564861916072,1.21389385424682,0.19908537598984505,0.8248054197329736,11.116074870398824,1.2924036884713042,6.605819143689868,0.001761200895009924
neutral_atom,57,73000057,1.5967668645579454,3.0027469033942493,0.960126477134059,1.1093429464772977,27.285657084296044,2.339305317016235,-4.570834347240361,0.0010871773495498567
neutral_atom,58,73000058,1.3589364709923564,2.431763219888099,8.569855291616246,0.9594494418195278,55.206708036110534,2.667317304225722,12.215360135428467,0.0019085343137136286
neutral_atom,59,73000059,1.0209886971264495,1.516970323118715,0.21766078294891866,0.5856321500843749,1.4489028774858528,1.176148478402429,10.53560422930017,0.0013195947464016344
neutral_atom,60,73000060,0.01711731698995177,1.1294972773806142,1.1463811120538214,0.010611042990605415,29.168550266191122,1.3273447028431788,-4.591410896673789,0.006631200629408559
neutral_atom,61,73000061,2.385379463733043,0.8189401470446553,0.6853608773746156,3.2897839003205096,4.538541192447681,1.1160134064929463,13.88912400575661,0.01028888864886324
neutral_atom,62,73000062,2.1723630067189217,1.9014245707980002,0.42862393711644037,1.2791691932694733,3.100969032062413,1.3280274837898465,-5.62822488017589,0.0023845902498156046
neutral_atom,63,73000063,0.33276133398769603,0.8076809790354043,1.144587610562735,0.9151459193102525,5.2243683340803315,1.8836661512205997,-3.6691550872730603,0.0020095165837717916
neutral_atom,64,73000064,0.8429009793617901,6.965630372074907,5.647620900025753,0.5846665135324557,27.6510748121212,2.091757704569154,-5.446111757142639,0.004548646977868207
neutral_atom,65,73000065,3.494925467805766,1.6280350654435858,1.0014244860559596,0.39413592964556066,2.4185274294864634,0.7579159228385494,-6.207190711647974,0.005783429876884397
neutral_atom,66,73000066,1.0443529987609925,1.778099001304912,1.4744926630130526,0.22516683296644166,5.411660270183562,1.8544465695794565,6.729465238634398,0.0013544876997065491
neutral_atom,67,73000067,15.419776249084832,2.2881371435621234,1.152381904056143,2.106724719059366,0.7548378041893227,0.8014060686625664,2.961319706949328,0.009093717073110286
neutral_atom,68,73000068,2.927993602681843,0.48237636738954726,1.0771986002457612,0.4479361285296443,2.2490241897100733,0.931830221534634,-4.866057693881521,0.0017418365258743238
neutral_atom,69,73000069,1.2912681960692365,2.752493551214652,0.5586897804082702,0.7259434710055994,10.520316567458591,0.33432882367613453,5.9327372609270075,0.0024559184310008414
neutral_atom,70,73000070,0.2702486938219909,1.0049700372840482,0.027082354243617896,2.069125806769237,4.349289190023645,0.9800023074500609,-10.340695215708594,0.0008105904435485112
neutral_atom,71,73000071,1.8388495561974394,0.7689716571859108,1.6082910634609642,1.6389544356466101,76.66537942064825,1.4101482836678585,5.157834149646337,0.0018312818691546228
neutral_atom,72,73000072,0.021216610505300902,0.2304523297976337,1.709221765487478,0.7926944273138359,13.920240228707241,0.48748225373439324,4.922400311448169,0.0017453283191565438
neutral_atom,73,73000073,2.7095495824883575,1.8013010949138386,1.5792237703289185,1.100311935795269,0.7512702314705295,0.6870384507250162,9.462734405957693,0.006768849475087384
neutral_atom,74,73000074,148.12573850356083,2.4632356750899875,1.5227655513843183,0.45799868133095256,0.503705418459167,1.0064292169710896,-5.5301756625414855,0.008339007156092067
neutral_atom,75,73000075,0.33198003711817947,4.836658898530418,2.0080787024872,0.014320690244141801,7.322602696334091,1.2659394681741591,-12.096343040446285,0.007421438851681615
neutral_atom,76,73000076,0.605434494267759,1.232218326914532,0.30545563463849107,0.7615084352700995,15.048184181412436,0.5095269991896066,-6.378024953220017,0.002569372636817218
neutral_atom,77,73000077,2.6156676977121793,0.6675475984987718,1.3873050946400098,0.9828090439715004,1.1140320368541563,0.2782896235778678,-6.101289580364269,0.004133608721674277
neutral_atom,78,73000078,0.37250837239128776,1.2197354370166291,2.3217350226804334,1.5856932785528666,4.9132696923513395,1.4474714094735852,11.93292565280171,0.002890646599117554
neutral_atom,79,73000079,3.984571944998284,0.4250751488003841,0.1453383542835362,1.0028972650722956,16.74423719162142,0.3852150712429607,-3.0563793405031014,0.00784129474992317
neutral_atom,80,73000080,1.3856216130130221,2.866649003513952,0.8689878077024049,0.3406840910062502,3.2587615742684544,1.7799683909486785,-2.659758251613481,0.0011247754295383467
neutral_atom,81,73000081,0.8703951741000959,2.294539695475634,3.729321051481744,0.07436340620035566,0.7512575706793873,0.8735978775509505,-7.389005432650331,0.010615875531697986
neutral_atom,82,73000082,0.7278821838334496,5.328390193544008,0.8455592261314637,0.06737717806094248,10.424375477817877,1.64327127007809,10.626497014441703,0.006464265748499304
neutral_atom,83,73000083,1.9909744539337892,0.6809077011340857,0.4694065667119518,0.2842568160918273,10.8137856491142,2.530598122446851,-11.051810847505848,0.0038088391682839454
neutral_atom,84,73000084,0.31593100535896707,0.567245618673349,1.488698444994436,0.5769459687133829,6.837478387784051,1.2392269295151301,-4.9396258637729265,0.0014277039378732465
neutral_atom,85,73000085,0.33995653415068966,2.5093450001394624,0.2675806213529832,0.7016145627927728,7.681931799655756,0.829482891194959,-8.262903537064462,0.005598310887095015
neutral_atom,86,73000086,0.26820262558030666,0.13655123211143283,1.601176136443158,0.04975220898182564,4.0927258830045785,1.621003211476918,3.3861602013674643,0.003155154233552017
neutral_atom,87,73000087,0.9721694984852677,2.0286223220914343,2.456834713264497,1.1346141354450396,47.78092133897244,2.5407599201830147,9.93971883424282,0.00137961588899415
neutral_atom,88,73000088,0.8858176223118452,0.664640427221482,0.9288968357767741,0.22459832516922051,16.64959372820177,0.863753855422446,-7.942804776442096,0.0032239062314924232
neutral_atom,89,73000089,0.2690763350058113,5.519334292370791,3.7015702620038127,0.24533896525037427,17.155290781052773,2.3691826930117275,-10.266548109086868,0.009328438993363577
neutral_atom,90,73000090,0.24671992401530649,0.7512394568643276,0.14941829912316887,0.4966133343985927,3.334542229032876,0.3940271311078662,9.918066775372468,0.005660668539096183
neutral_atom,91,73000091,1.3686857324505075,1.4012597205136372,0.003863247001176633,0.3991826269007165,10.617205455522457,1.8129194211272517,12.982771242610763,0.0018650417186435585
neutral_atom,92,73000092,1.3569338868876668,1.201870058262593,1.0540142424075138,1.6670633903916632,3.6233631779179234,0.6519089837513842,10.307148355990687,0.003874211206407325
neutral_atom,93,73000093,0.7538139350772877,2.035583478727415,2.8968712913848536,0.1324454383594981,11.640902758743268,0.4342305459872264,-4.806688944249881,0.0012634388909870092
neutral_atom,94,73000094,4.9540023565328095,1.0167674011821672,0.28575580988126836,1.910905327644574,14.991709422529777,2.252540305075212,-13.336484253654493,0.004425026861316048
neutral_atom,95,73000095,5.417172510268105,0.9878700510036875,0.2664781001706717,0.5804643471832857,18.81470873925933,0.8926191472041948,13.435913285547391,0.001190454502167044
neutral_atom,96,73000096,3.286165865012738,2.479843271294352,1.0398681886114591,0.730518809793151,100.20501361628642,1.978499023036246,8.951134435722897,0.003935217891599126
neutral_atom,97,73000097,1.8834084273604552,0.5903156165798744,0.4966537717740169,0.24058518774538987,3.4083282716219787,0.34704461642188095,7.524787787461014,0.006186941053442847
neutral_atom,98,73000098,0.8787189720441113,2.3659046504588765,0.9245018592156018,0.27320176260064566,4.850988820544839,1.8320540575253075,-5.599403224379614,0.003761252353412432
neutral_atom,99,73000099,0.10384015777632527,1.8184965191454174,0.4939868701996488,0.15725052155987307,1.4579690594325896,0.9840598728735228,-10.261795760745004,0.0036657306758579953
neutral_atom,100,73000100,0.8193281988133282,4.2621567616350005,1.4094435170795354,0.46133389940749264,44.19289834900697,2.377584638172485,-7.692375114929808,0.0076513447262206895
neutral_atom,101,73000101,0.8212073794292876,1.7043112817484403,0.39712096735604674,0.7742413244642529,18.448189891354378,2.3652925139499126,9.16771858698753,0.0016076947040427017
neutral_atom,102,73000102,0.7699846810621923,0.39633142044236347,1.0538862211610605,2.0497881527371296,1.4489028774858528,0.9124512036707987,10.941943001270262,0.0022097365006625716
neutral_atom,103,73000103,1.3562737232068616,1.242617002411236,8.398139148261164,0.2004896127302485,3.6927010509568965,1.3789177326808506,-12.924340947882763,0.002094656764239873
neutral_atom,104,73000104,1.2571196393882864,0.6432129259601467,0.38806875528019946,1.697189143382459,28.433405202742566,0.2878170023423352,-3.3310268244178807,0.0029509410333091847
neutral_atom,105,73000105,0.8519369102812046,1.1801920245770492,6.486847997597311,1.0331836690353924,23.12301415711893,0.7460750117709287,4.001059472546748,0.0054782573280889625
neutral_atom,106,73000106,0.2373276668754537,2.997347337680652,1.040570616971181,0.09024204976308105,40.386303231172974,2.32849312836699,-3.1584531716948465,0.0014541964391810165
neutral_atom,107,73000107,0.6066634004527403,2.151488908178172,0.42845458655408997,0.4844989081849045,61.96172592942985,1.1155173252769244,3.6669024969464092,0.004420136965989907
neutral_atom,108,73000108,0.018607610500516247,3.28946087573562,2.0049931292871976,0.4444879123162475,4.285666943645614,1.4420231195452835,-9.237179803822094,0.00720088178411582
neutral_atom,109,73000109,4.6716935889418885,0.9216907221188448,0.19333821553229186,3.677047661810489,83.7450478239023,0.43857091654292746,13.647745585654794,0.0019594610262667123
neutral_atom,110,73000110,1.3556213623799698,1.5656650277086979,4.09017162093526,0.20964465435767934,20.604659603577343,1.9492997924516207,-3.9351741157361357,0.00867631758253046
neutral_atom,111,73000111,1.2330740320598492,0.7719130814273109,1.153474434232498,7.144091312374782,3.7609695061445096,0.37835370513848565,-2.9121063307740407,0.0014874072486385096
neutral_atom,112,73000112,1.1609360700436993,0.2768839802088824,2.234402965568284,0.22707177108989582,3.1797098643690043,1.0648215883850045,14.037294156376323,0.005764010544722975
neutral_atom,113,73000113,0.4125068288312792,0.7414362181451218,0.9855911065087415,0.09898027695968316,11.640911301301731,1.0094704933889316,10.69407457747789,0.0014509966172837252
neutral_atom,114,73000114,0.27337522484769344,1.5652853979040993,2.277101158733964,0.023722310854220434,84.33758107629471,1.4047413860591749,12.071070357769432,0.00344351124140618
neutral_atom,115,73000115,1.210064820633658,0.35147789279801056,0.1096670849219484,0.7068666007627618,2.287068290297049,0.8756355361043202,-11.337115874364027,0.005351006065423705
neutral_atom,116,73000116,1.447712784666797,5.269577375294359,1.1826537189276218,0.08478623480347103,50.53032269102495,2.4110982538216015,8.67428235266029,0.00561092440129319
neutral_atom,117,73000117,1.3160198993215229,6.575126529460124,0.6010137884192643,0.2668293640174379,2.307414783634965,0.9309953309738596,-6.7592510953276195,0.008784531957225068
neutral_atom,118,73000118,0.5339597292230707,0.38849161204057764,1.5986317645524422,0.6772886124060206,26.528579143538533,2.333784396940778,11.290246489133247,0.0010447029834872766
neutral_atom,119,73000119,0.3548441738405824,0.8923749782166605,1.4734965599429277,1.6093845683547716,1.4579690594325896,1.0481843470083183,14.09538494200681,0.0037248251885247156
neutral_atom,120,73000120,0.23807406543252146,5.944575746553428,2.5913883791232384,0.9834537055505004,39.69366261411056,1.0449128504074172,7.037916903027764,0.0020038550165882634
neutral_atom,121,73000121,0.9660771533732548,0.620495021252044,3.3217282709176823,0.8577084583354487,19.67113846515518,2.112969217109414,5.0658206456910415,0.002262592685325981
neutral_atom,122,73000122,0.020819462749646692,0.6431944193137049,1.1625751421612855,0.15542962299171975,14.191229737107511,0.649523267229492,-10.5330378237768,0.0008995047792305883
neutral_atom,123,73000123,0.018742941130116823,0.3822906491114416,0.4504351296443223,0.0063835893147560895,41.790403013231554,1.3368511829624663,-4.314725240268946,0.0015204820373592724
neutral_atom,124,73000124,0.27045559879732395,5.307929938267816,2.6970768145698383,0.07305498296668542,47.66651435590807,2.432622910765201,6.4624833389489265,0.005831540246996715
neutral_atom,125,73000125,0.2844798078427185,1.3911480400191043,4.405228552603637,0.13378636370190447,0.6458114922499556,0.9137777617725684,12.490457723982544,0.007245840829800725
neutral_atom,126,73000126,0.9761554716635965,1.121599086878665,1.2560614620866648,1.422484410646584,44.24365328164605,1.2290336307522742,2.9879239400929625,0.001631148705178815
neutral_atom,127,73000127,0.9703060192971201,5.019553704553836,0.6552766100509312,0.9780169244577703,117.34267259778831,1.8803418705466406,-10.614412958214396,0.0029213241635019987
neutral_atom,128,73000128,0.533141051505247,1.1593501733577383,0.07294648117106402,0.7353384089564189,19.94333996777098,1.0932871866359017,-12.988114361888975,0.0026231625435485582
neutral_atom,129,73000129,1.2034246175380612,2.0253170221794066,0.32965408500332405,0.29297806530137493,3.257757529756196,0.36070199122507407,-14.483069952314645,0.005581372929452781
neutral_atom,130,73000130,0.5324479522265732,1.46140280466869,1.8984368310023996,8.765307425793562,26.186679578431292,2.487519724134008,10.097598354028086,0.001453313888093569
neutral_atom,131,73000131,6.211849817316301,1.2897058255499165,0.23526314923836372,0.034666064140033946,14.262590177328804,0.6258771157509445,-2.981396572356821,0.00443780213082971
neutral_atom,132,73000132,7.145608037244368,2.901537819688311,1.3924611153294748,0.7710299926092667,34.18014224589176,1.4541833482903959,3.763650254977663,0.0071415348653536955
neutral_atom,133,73000133,5.291193072748036,2.0856505453706715,1.0191059440328083,0.37263160917719007,95.84373988126603,2.173138706441772,-3.691244811602996,0.002705884055281374
neutral_atom,134,73000134,6.0535300923314646,2.4786755554648305,0.3044627956086884,0.9621487561008577,4.475560819085254,1.5651877857657601,-6.832710819642578,0.00427536440171597
neutral_atom,135,73000135,0.284031575124492,3.4498663938834433,0.9415393364832056,1.6364066276744675,0.7514563397305775,0.876704208641619,13.947269753383994,0.007237707130812378
neutral_atom,136,73000136,0.20116069350875795,0.960622590405905,0.3676066871948594,3.1850080779705694,14.741819840464112,2.3907314383571276,-10.436396657458122,0.00404903221233893
neutral_atom,137,73000137,0.5037710199043117,0.2670264931829793,0.038556205633224774,0.9503328802173245,1.1133312529975783,1.4982275724225547,-6.056009667408167,0.0015042226897070408
neutral_atom,138,73000138,1.3898340151610897,6.8445612861960115,0.9633452261462119,0.19010742338842576,37.00259080509961,1.984146383415641,-8.770355123753838,0.002531697153899429
neutral_atom,139,73000139,1.2192539962712203,0.9406329516233507,1.4538242576261502,0.524567171834115,51.85887181570417,1.4520064139776978,-5.379376031962979,0.004684377720127316
neutral_atom,140,73000140,3.547473527873711,1.8266421770277201,0.846442868267956,0.4368252642178144,0.6458118495183394,0.6209908589951516,-6.473942447992283,0.008195987682588361
neutral_atom,141,73000141,3.282612360822806,11.434151874475752,4.791101511962868,0.0884590955521242,48.627032197705915,2.4486201750254186,3.8866039732092363,0.00588401795621366
neutral_atom,142,73000142,0.48350256805174113,2.6561793735407613,2.551193466423839,0.35442341885500317,6.4359450020534,1.5478925559793566,10.068479626834442,0.00444668931540778
neutral_atom,143,73000143,0.6782770385212511,2.5718466301494614,0.968049816244122,0.4382547923865756,1.9454763259521541,1.3507510939452805,10.511342365810965,0.0065995259098183155
neutral_atom,144,73000144,0.3422100920705583,1.8305683155533732,0.5660243006673725,1.3237211399973212,1.9331161350803416,1.00795084301936,2.8017993845242155,0.003283476896333813
neutral_atom,145,73000145,1.0004800590263712,3.5303761240143516,0.07191228278558184,2.2260126318561624,30.481423232571757,1.0873012130298556,-12.56486413690376,0.0013649028710211626
neutral_atom,146,73000146,1.9872775139944254,1.0513123051918627,0.35388768746284666,0.42782420732919385,1.9355573462742486,0.6967965482168357,-3.1553969373566453,0.0011059618168683613
neutral_atom,147,73000147,0.8148944499495052,2.587579064891579,0.0920038388304905,0.46614955343494685,7.978054971029743,0.3502166129354068,-10.164308293175774,0.0022708575818689144
neutral_atom,148,73000148,0.5639525635736143,1.3012741956301854,0.44917660411414456,0.31767302470439446,35.29953459326796,1.3969815376966235,9.026581679142383,0.005910694698748574
neutral_atom,149,73000149,2.477970606140504,7.5705490999439675,0.4632888978221303,1.3939687575584534,2.1835614478730485,1.1028177677146098,-9.807016852462917,0.0019328366097917816
neutral_atom,150,73000150,0.7453779795782816,0.8304419268116494,0.2406676095627092,1.4501578702940783,3.5532366379268523,1.5341733783264695,-11.651551524143159,0.0014578951410852302
neutral_atom,151,73000151,1.647166673505157,5.576897911699524,0.5091399312007965,2.9527443770990773,33.69363991802875,0.943624984413638,12.467533788834567,0.0082827890467855
neutral_atom,152,73000152,1.4180768045723366,0.4085287486964864,0.1322351615030371,0.24325097824052538,7.252078169741888,0.3539738442963262,-4.5440914377017005,0.0034289341702718797
neutral_atom,153,73000153,0.4837323154046974,0.9734701480104707,0.4664626995628068,1.3505126597483037,1.9902895386737227,0.3087767475383449,-5.847298148231573,0.0016976045432042799
neutral_atom,154,73000154,3.2839205582323365,3.2019721524648355,1.5404512628029354,0.5133930461249252,62.049446014453785,1.3434363097498994,6.221644131249243,0.011271168209639833
neutral_atom,155,73000155,1.4541223155984908,3.2726515584761637,4.52752938909201,0.08238212805878319,3.3341701226218428,1.2323676065899385,-14.163068781729585,0.008981903628935431
neutral_atom,156,73000156,0.028729833341311684,1.1286454300790192,3.4568288494226445,3.797042467946907,4.975452400478433,2.1011302134097365,-14.029770516310919,0.00170620917048799
neutral_atom,157,73000157,7.946760247875915,1.0214052242735856,2.8232991086063395,1.0770279887958356,1.4919006169034361,0.5558426514715975,-14.34236115571291,0.002161031961288455
neutral_atom,158,73000158,1.357624147802732,1.2588205436711484,2.00164043276042,1.780941688248827,43.33279311762843,2.3327112120836175,10.592681702553994,0.0020584185879495283
neutral_atom,159,73000159,0.32481991888075346,0.4903411347628911,2.6451959542505983,2.362415487439991,40.298020008214934,1.3328903988395393,3.653291916737838,0.003085490765291752
neutral_atom,160,73000160,0.27323105548385185,4.951190497667128,0.26251481815685884,0.3213657332650759,81.72010371419614,2.598980756825357,-12.201283266384108,0.001897705807981685
neutral_atom,161,73000161,1.665008844513744,1.256730285746975,0.5278390917336948,2.215677207797275,2.3034768434293067,0.7730885164849493,-10.053194548053163,0.001616737426605406
neutral_atom,162,73000162,6.366266653301818,2.504893908629861,1.0978903281020096,0.30538338260764863,12.081137364775715,1.3146401844771731,-13.685109472905003,0.005818377233272991
neutral_atom,163,73000163,0.27381642246288324,0.922435203435785,1.051781192029936,1.5279366811358113,93.22840639196711,2.1742033906101685,7.541191205169115,0.002162986312466432
neutral_atom,164,73000164,1.2034964960981713,2.6346704889454373,5.026764209715816,0.09356850402802856,8.838053851766585,2.270966032399299,12.934258470215225,0.0023654085123171703
neutral_atom,165,73000165,0.30510527053392456,2.9432620071677964,0.2235844187642514,1.9582083508106294,7.536825383334234,2.108430907721227,7.219594580365897,0.001375240504496775
neutral_atom,166,73000166,0.6927567155677185,2.8514699303294018,0.31663379850014206,0.4269194073629807,3.895779030823218,1.5148920237257983,12.411635425394532,0.003421454317557698
neutral_atom,167,73000167,0.7439711072871162,1.7838931237155715,1.1533290484413596,0.1315853972712251,11.42771911574082,0.8856045458527126,11.420382169263128,0.004042862995985463
neutral_atom,168,73000168,11.297896316982296,2.012558292796813,6.054772414265433,0.7744985716860022,52.440788759266454,1.8997151122188305,5.37102462553805,0.009540557664431614
neutral_atom,169,73000169,0.7977180127522827,2.2143985281328478,0.36464427309199093,1.08572925730668,1.507346422300161,1.126640690746384,-13.003840655325655,0.0015099831176461518
neutral_atom,170,73000170,0.13739204794220738,0.14780182904490063,0.7905928035089226,0.073352649194119,4.601383080140201,0.6118253354026337,4.298538817761616,0.0029427482669468564
neutral_atom,171,73000171,0.4789635650465828,1.8847406430149474,1.3652714895220348,0.6134878677785627,51.79361748474846,1.3840416001748532,6.210956740703524,0.007128718415222064
neutral_atom,172,73000172,0.8735003143112383,0.6765168972637909,1.012750178905797,0.9465785199044414,2.2836246659116695,0.34372110545619167,9.062521778156398,0.003987087799534503
neutral_atom,173,73000173,0.019782616795233337,2.5269714451790537,0.319815161194029,0.2264928006870991,50.65594805327666,2.2566759448661804,-11.062965669361567,0.002405020163526265
neutral_atom,174,73000174,0.3447679393203082,0.8612538730214357,1.9059382667881473,0.4047616449930524,7.903265246762104,0.9099583356996328,14.202076638980886,0.0019367946525411864
neutral_atom,175,73000175,7.709103771117903,2.916659107458274,1.2744056453978259,0.26746538290813865,4.1571655867025505,0.9244644824215695,-13.349310398738307,0.007112514353771428
neutral_atom,176,73000176,0.5350369099316066,1.1311153821225806,0.7570333111333666,0.6634145904637456,0.7512660101413751,0.35805017799583183,-9.382466072901417,0.003203841095983345
neutral_atom,177,73000177,0.23087949375164937,1.1871762452676076,0.611960103261087,2.7670790226411306,17.87040336710687,1.2626411040987797,3.4579879150285335,0.0018033067375017623
neutral_atom,178,73000178,1.00732393786444,0.14659646530931553,1.4251860983309947,3.0860188441703533,8.053399332926617,0.3563348136410555,12.301472141509722,0.0027268886359806625
neutral_atom,179,73000179,1.5443827871072626,0.45523646143644453,0.6590371161722468,1.3890456504653186,3.6928030798878755,0.5500311392518534,10.638973094253176,0.004068126252883601
neutral_atom,180,73000180,4.030216648405524,4.428882175889022,0.19009925510187362,3.184615367923819,7.60911566147577,1.456668136898646,3.048900349274074,0.009026257987013689
neutral_atom,181,73000181,2.5918616043902105,0.19848645415414873,0.5079969492029602,1.071973265916343,76.66537942064825,0.7241208243444937,4.649530890629837,0.007297310146315634
neutral_atom,182,73000182,1.3721562577611035,2.4052096040404676,1.1439693399640114,0.6129732492718981,0.5660791335554922,0.9522136534444996,-4.554390084311773,0.006581385225581996
neutral_atom,183,73000183,2.2754707861630963,2.7070400054966464,0.7181389730154858,0.6265397573914774,2.4902276623727464,0.6151340213967593,-11.770789165652738,0.005920678003858709
neutral_atom,184,73000184,0.7733734439324484,4.863742861661958,3.152381192953971,0.37468687273751966,5.7262776457921385,2.0208846994879868,10.497625056535869,0.0026385212162414774
neutral_atom,185,73000185,0.4999472790894258,0.408792036950279,3.7707866528057092,0.06412316558978273,31.800234331615677,1.8558080354419504,-5.892280912896904,0.0018609111539369886
neutral_atom,186,73000186,1.721461046790341,1.6023712225445963,0.16950894574529454,0.9510326689315016,5.726236105695741,1.673015169875771,-3.4635787105773312,0.001825894778329698
neutral_atom,187,73000187,0.02029488380088959,9.364642495220336,0.5124109481350684,0.17546405371324877,3.4814857780239077,1.4986467362135512,3.8618479233017866,0.0010171690049364558
neutral_atom,188,73000188,2.4036248453405817,0.6933818728827429,0.18689680415065738,2.7959747702848707,30.333985788310347,1.1258306411267727,10.385993070399753,0.004849866751099964
neutral_atom,189,73000189,1.2153989572522708,2.315495786503628,0.23449414501526444,2.383748255674463,56.61242896596042,1.079405292441225,7.3020179295552605,0.003235402539913448
neutral_atom,190,73000190,1.2811037704747394,0.5481261902293532,3.109798120758248,0.3481664521628602,22.113022551935966,1.3036376943709758,-13.74663618309846,0.0010745623393323646
neutral_atom,191,73000191,1.5881565482051827,5.814116725880391,0.41247550840684066,0.10207721712428458,7.112273049072391,1.7912203908584132,6.718210563644811,0.005226230114108901
neutral_atom,192,73000192,1.8709272185613646,1.0464822525082493,2.1918225979211337,0.4624711957703216,6.568485265039518,2.109944055016527,-5.054997036167361,0.0033653394295737973
neutral_atom,193,73000193,0.017822692548135684,1.5235167855822251,2.233205112025104,1.3219120473142518,34.785436369180445,2.1723353161497494,-13.660777220318252,0.0013002594903040686
neutral_atom,194,73000194,3.1388846604883014,3.940519791912435,0.4337971090947987,0.13882563795398056,45.68333042750921,1.5379320782377641,-8.521451089257068,0.00535754785492798
neutral_atom,195,73000195,0.05315247694662455,4.969816891221941,1.048626542138413,0.15598229644761474,7.609144965931167,1.5828731996778578,10.059879036049386,0.0031894442790633085
neutral_atom,196,73000196,5.54261377622184,1.6799032655809878,0.5054524019465828,0.5465804132553163,2.7283882452977637,1.1430233878474174,-9.223326018078733,0.0010135868051451315
neutral_atom,197,73000197,0.23807406543252146,8.275100373323662,2.021737713979655,0.1567004493720265,39.69366261411056,2.012009653207424,-13.706374388579196,0.003015579245276987
neutral_atom,198,73000198,4.046288018547147,0.5458176226227524,2.8072548845417975,0.9043995800340087,89.57520321214223,1.6348145668324463,11.934397623340432,0.010945932738779071
neutral_atom,199,73000199,3.2022198371043284,0.4124333492454075,3.9729538709855117,2.680755216626401,9.002436087085446,1.5326636843733856,4.129473249136061,0.0053683761166763025
neutral_atom,200,73000200,3.2929560200026606,1.1051169312032807,0.17190373836465445,0.44658467938609525,5.037650416158548,2.246910242600897,-10.201834337604353,0.002260316499619223
neutral_atom,201,73000201,0.15989940116356938,1.1773992005784486,1.986011921258,1.2074254036206657,11.533757137669356,1.775517654315529,-10.002357147670171,0.0018323725988453647
neutral_atom,202,73000202,0.38283914432345867,3.8368298640012406,2.3862777657318373,1.1643685455788135,9.599900336761571,1.111496204382874,6.192519971201539,0.0014925314399013684
neutral_atom,203,73000203,0.9193540756609336,9.442931959900847,0.03537634530768674,0.14618040408548422,44.92674772702133,1.3513925565314169,7.5784814040941715,0.003036980622283495
neutral_atom,204,73000204,0.46786130537500237,1.1330107670028273,0.5157728453042926,1.0495168117777482,16.284406328106392,1.9536001269817618,-6.744970530227988,0.0022467949243037038
neutral_atom,205,73000205,0.589096823746149,1.1745271883374488,0.06514353241781842,0.9258661239924291,47.60945251169809,1.556121328240899,3.9269908169872414,0.0011411608467151058
neutral_atom,206,73000206,0.6036475136711713,3.154452811479208,1.499775129289979,0.041390784821633164,35.90137091545022,2.001793065322098,-8.813335404895524,0.0024557123135454124
neutral_atom,207,73000207,1.4615088106145961,0.6911638305300758,1.2268256536582105,1.7317481624256537,9.339487721505382,1.5858522210886568,6.634773364213215,0.004961125363407165
neutral_atom,208,73000208,5.885953488905584,1.6137092806349689,1.9292323813740606,1.0171680479188099,16.901894461474534,1.0326138270424496,-8.362425892789869,0.010338945596784641
neutral_atom,209,73000209,2.113616795162893,1.3668130737494828,3.929153405177725,1.819769235782363,17.651608861352454,0.6045463368509266,4.8287916715849,0.010872923271234571
neutral_atom,210,73000210,3.8015342841495565,0.32843562756425776,5.140205080451276,1.1419472965536026,7.609130207462813,1.4130031172752475,-5.824975871428949,0.00378556842834027
neutral_atom,211,73000211,1.6620278993767736,0.7125163499526601,0.5819255508819845,1.0227267962029223,39.60764131392382,0.5387896534290699,-3.128074804934207,0.00563692359686618
neutral_atom,212,73000212,0.3023998055794577,0.5192210217469135,0.3775612919501216,0.9554720163336599,16.31432529397357,1.392930943179331,10.023485668854851,0.006485907046158837
neutral_atom,213,73000213,1.3710268444940708,1.5414938431838858,4.60581352373379,4.36729072859835,5.16209977465995,0.8445407504032475,-9.286433429106319,0.001650735681957951
neutral_atom,214,73000214,7.111051192057266,2.0641496949916904,2.2799786446244843,0.616369934912506,18.79776695739348,0.7645403726853426,-12.446734558664431,0.0055889515883428545
neutral_atom,215,73000215,0.46786130537500237,1.2015684264266653,0.6472789507671385,0.494497638244512,16.284406328106392,0.7990684814829105,11.684830455463189,0.004116634838734623
neutral_atom,216,73000216,1.2153989572522708,0.7375561364634865,0.3923127421318888,0.9868058573600055,56.61242896596042,0.5436321954460756,-14.103827299824486,0.0020764618994638137
neutral_atom,217,73000217,0.8887509847486784,0.5674351149257209,1.8603670843689557,0.2850530298304571,1.111955723806927,0.4142733462174257,-9.762476545928063,0.005061754831545407
neutral_atom,218,73000218,0.8337001824888728,3.7625316610776514,1.2414468330633002,0.6143295770386921,3.1008521630648076,1.4067547469107768,-8.477211363722812,0.004666059085309283
neutral_atom,219,73000219,0.4344567443894529,2.307521509676466,1.8467594701764711,3.467739578052843,1.9898502074561908,0.7616057881744115,6.471584166175589,0.005162449218834098
neutral_atom,220,73000220,3.015124541780351,0.5084294396241785,0.9495977992280529,0.5285202328069227,2.6430712140419654,1.327030308462507,-3.811499809403287,0.005794590146997222
neutral_atom,221,73000221,1.1905091599515216,0.5721274637982023,3.344619425972751,0.20794631970203706,18.236162993069325,1.9319039067105033,-12.508899318550185,0.0033272200683541423
neutral_atom,222,73000222,3.1880500679980086,1.9419676724299044,2.5738942919791095,0.37568923881669675,12.308473921378003,1.503272989233357,-11.447021754187405,0.00816535799301031
neutral_atom,223,73000223,0.04956820952105433,0.46002324682000106,0.6921891759974999,1.1001822610188179,7.903272226910159,0.4710799312258134,-5.819372493187418,0.0014943027165929962
neutral_atom,224,73000224,0.01686573986326271,0.7162588265228911,0.547089432698286,0.9945897530036558,26.55330103532144,1.7941451919879698,13.924862588191806,0.0011518931742423204
neutral_atom,225,73000225,1.359429168873367,1.222812002711954,2.143728200504262,0.089743958301431,60.5601336034399,0.808316412075838,-13.68856335671959,0.004751191545507408
neutral_atom,226,73000226,1.734830523356886,2.8713731311606967,0.08865599740611281,1.6152730319121142,38.895823096156846,1.9241634992267482,-12.496898252837811,0.001714804238227892
neutral_atom,227,73000227,3.533880541826793,4.624777796441102,2.167978933449522,2.5162308944092726,23.979659125708654,2.0523751667796017,-5.259668296264004,0.009186998637601291
neutral_atom,228,73000228,0.01757640502718299,2.5897101466433656,0.6848336218229164,0.5692028842589357,4.157429872745048,1.4729165030336369,-4.075462015021789,0.0021768078086866274
neutral_atom,229,73000229,0.2871841032410063,0.2751673593796515,0.6137826676113739,0.27963985373692,5.349166953277241,0.27753634589330906,-11.593740130088323,0.0015917301077941232
neutral_atom,230,73000230,0.26780100575040255,0.5842817771576745,0.1230041648050786,0.29993976492775004,25.547452325139616,0.30067178722406623,-12.162742479935371,0.0014958119061356454
neutral_atom,231,73000231,0.5654403281675804,19.718487441933597,2.6139183880861605,0.7868313183294848,35.86422776916363,1.968139960837853,-7.4926211604186275,0.0067781446371799
neutral_atom,232,73000232,0.4573416257653883,0.443365300182211,0.38977418162114597,0.11161353691235464,4.092671726630096,1.6699971508421574,-3.3022044011323257,0.0010477960400220446
neutral_atom,233,73000233,1.861731492058436,0.47135714339191137,1.6222946042271629,0.9105982262272354,96.21933242253196,1.6163562336481727,5.757020231667587,0.008026505504081627
neutral_atom,234,73000234,1.4795620709390325,2.626092427739466,0.6181168988742991,2.274477692987276,2.0321887617386545,0.9461177703725581,-13.143288197980683,0.002889251748640683
neutral_atom,235,73000235,0.5558573140421571,9.866459180327407,1.557604302476716,0.16577716547630605,2.6460588433296888,1.1017083558618943,14.372375892162552,0.007645791117912835
neutral_atom,236,73000236,6.840196604372917,1.4135833779805402,0.10711360925218935,1.2707587950273869,3.181141309044769,1.6133565421120124,-4.052592531469002,0.002807363428393148
neutral_atom,237,73000237,2.4081658470184495,1.5177582999870312,0.6309652207710402,1.1625294996152207,3.0162092256430797,0.8184946728529503,-8.313212265298171,0.005934800306920252
neutral_atom,238,73000238,1.70630620623586,0.1625401422263453,0.2738516046301985,0.21187478546936542,2.8406365923462116,1.1673016547392836,9.889402026072712,0.003885859525041832
neutral_atom,239,73000239,0.6494070027382817,0.6691202163076417,1.000778133388486,0.9156117047005483,6.568456894308105,1.8850647460870855,11.938153357743095,0.0010736051857617563
neutral_atom,240,73000240,0.8136355864655921,2.1739711441066514,2.069654709511303,0.876627970266533,51.79361748474846,0.42735108568560104,-4.362296628464543,0.001264082682701292
neutral_atom,241,73000241,7.358898354989494,10.194869571002915,3.701009850248632,0.9989747275726459,25.133007285741147,1.6324081085867599,13.22425498610976,0.00785212446424304
neutral_atom,242,73000242,2.3387132593685482,0.7283747198486006,1.6427093299204112,3.3388039210437928,3.099009442079491,0.4191661801116355,-12.280469648315117,0.008138313170539781
neutral_atom,243,73000243,0.31921190638248464,0.9004147601511956,0.21358116838256902,1.670550343067053,14.191284085490807,0.3705546027825983,-4.742770088115595,0.0012640660661981896
neutral_atom,244,73000244,0.22936165011801044,1.086118455598294,0.045210584360677125,3.056228207675379,49.68377697439019,0.6261020021862649,-4.772026712818893,0.0068068531490139755
neutral_atom,245,73000245,3.6001594134738824,0.8634163812895371,1.302252189082298,1.6723711372647407,2.745890098493872,1.0228076941009316,-12.679463913922277,0.0029675481160663336
neutral_atom,246,73000246,0.6025301874758782,1.5655082226153822,0.8757462372323068,1.9351578852422449,3.8287465373731058,1.4851362090605205,12.258067067227529,0.004074810344091169
neutral_atom,247,73000247,0.979878873664132,0.37359902407918705,0.2654970002868165,0.11364417377554428,9.085676375171477,0.49666044521854447,9.937492937671475,0.006337755492399517
neutral_atom,248,73000248,0.5184883089928396,1.4666801451680718,0.34284378534319715,0.3196809479375228,5.789668493164607,0.5259492245076336,11.351702404819685,0.00328830090945787
neutral_atom,249,73000249,0.2509573278318143,0.33224466533319885,0.3807094435051689,1.1889677229359374,20.586159132646333,0.6744823765279717,5.278177891814219,0.0023496244388783484
neutral_atom,250,73000250,1.076808227782168,0.40622333087870305,0.4628843507914447,2.381607112453331,6.974104993350294,1.5645229412199728,3.217505543966422,0.0010883645278458398
neutral_atom,251,73000251,2.589676077651806,0.4864222385879626,2.521170310215802,0.6230577671217123,7.252102131321002,1.0296526755060402,-6.444204922533923,0.002072542036317593
neutral_atom,252,73000252,0.7310232616525733,0.92283442734143,0.0716404299951977,0.7614935134134,2.137566686729082,1.0214265638489086,4.333891584886733,0.002158682170096551
neutral_atom,253,73000253,0.3129485475093572,0.588158073312381,3.327446080687763,1.2388482014441726,35.29953459326796,0.6751042312523458,-9.647834985327345,0.0031907455024615065
neutral_atom,254,73000254,2.345947070833109,0.8855791150377357,0.7479601318925749,0.29070404089248775,28.051066544241383,1.8737363016652047,-6.408523053425764,0.0010621904105721216
neutral_atom,255,73000255,1.2067708729512645,1.231009827310767,0.1971214716556538,2.1336249107589884,53.861962721518644,0.7986667602355129,12.326111924528977,0.0024169347379940083
neutral_atom,256,73000256,1.7310586816677254,5.557074608814885,0.4232664487176934,1.4892632695206593,2.5441092407293477,1.605100669800076,11.757125254996579,0.0016644140032306043
neutral_atom,257,73000257,4.473088562905489,5.116386721320698,2.321900221277596,0.3289267017101204,8.282649286996723,2.573599374372388,9.414856252407416,0.0017122971408016292
neutral_atom,258,73000258,4.405658336269781,0.04410498813181811,3.7641089298208366,0.6779732878349175,10.813820333910817,0.8196953859928008,12.574248761893731,0.008694609612188986
neutral_atom,259,73000259,0.08575468955920736,0.918094219180644,0.0825644723199597,0.5091401218716487,7.536817967920652,1.7819121296679783,-7.546851417280967,0.0018066157502334998
neutral_atom,260,73000260,1.2301938672796773,1.9000249390097181,0.031717240596276376,0.07679262649746904,41.8836593850039,1.0982118260557228,-3.4091371888509845,0.0037626959213387305
neutral_atom,261,73000261,2.288629658961974,0.7006513466176385,0.828631784644463,2.4603213457877176,15.770250980234275,1.7033889753312876,3.745552346337756,0.006223437801354289
neutral_atom,262,73000262,7.368274226441502,3.862550678076979,0.12566784553029997,0.7452187654211346,70.08903182878528,1.836931360817565,-6.1765419321826425,0.0053641894402568285
neutral_atom,263,73000263,0.2641942457121928,16.675258519008374,6.736975785545867,0.32840282762440637,24.933394998907957,2.248350383264919,10.012235501195141,0.0033359060998725456
neutral_atom,264,73000264,4.207325899435195,0.7547608261451121,0.10918658572784491,2.743106512214571,108.71292297877118,0.3884770720269227,13.584151664135314,0.0017207088866048879
neutral_atom,265,73000265,0.6026093141871985,2.244266010719099,2.133488152822868,1.6849529575439948,20.604659603577343,2.145361651971819,9.60168650676363,0.002712747904153424
neutral_atom,266,73000266,5.196914507245175,1.988641319926181,1.2332105867162932,0.17891393202124256,19.002253269497608,0.4552446597895103,5.2105324691541695,0.007612594172850451
neutral_atom,267,73000267,0.21276523339455583,0.6204163187176892,1.535341596337469,0.16194287195077256,96.7873802429494,1.533147376740002,-5.232617564733564,0.0029011614891840246
neutral_atom,268,73000268,1.5999133482563392,0.14399499414111666,2.5165683461404105,0.22763107777137265,25.92374140631615,1.1037411308720568,-12.374803189704082,0.0018509942828588248
neutral_atom,269,73000269,1.286797175442636,1.1237803419733303,0.1404512045037811,3.318415667636391,10.424368694657476,2.0289765101281367,-3.0177914355143733,0.007090637498186392
neutral_atom,270,73000270,0.1449999143140861,1.0428766173013018,4.060458422548807,0.6168205366146238,2.1360242932322633,1.2518827381871518,7.099946477523644,0.0037230934922485477
neutral_atom,271,73000271,2.347954413074905,2.97107264900637,1.9915629547675682,0.7914815905042927,26.827585700544788,1.9213781188369057,-8.518967128371466,0.0022391396069410966
neutral_atom,272,73000272,1.37281901575668,0.36992572725256706,0.5788702885926251,1.5629652905890319,0.8972593954032805,0.45435232610108656,-10.01377129920336,0.0024138930085958066
neutral_atom,273,73000273,1.4744498059782,1.7257833336371367,0.42520368918353657,0.5711385471504913,60.39186328286791,0.7041571382737104,3.282613095531314,0.006885387402183623
neutral_atom,274,73000274,0.9573138462630535,1.4378266151522738,0.7613225083898602,2.251595692580089,84.18881155403363,0.9372122303946175,-6.105007862724456,0.0024389422417665976
neutral_atom,275,73000275,0.6042335592021769,0.21929147389499012,1.554967000145906,1.7976248039407057,40.342131251713084,0.8960850872007119,3.4959629486083474,0.0011942025517591487
neutral_atom,276,73000276,0.017896019335196203,2.844124893777047,0.23168856940914268,1.069242553603286,35.33584078264821,0.8615953450542359,-7.09171346556688,0.002583660074259339
neutral_atom,277,73000277,2.296486460731354,2.390531232634797,1.0827875992290403,0.31703148001345605,67.15018267317073,1.5565379740461054,5.73006244698112,0.0017818413929372025
neutral_atom,278,73000278,1.4133555931020483,0.4982744613786469,0.2172020290159524,0.075820663934071,2.5420601361986583,1.4196426064471457,-9.977376321604414,0.010292885823816636
neutral_atom,279,73000279,0.27101608763164087,2.042812052637125,0.5290684258527988,1.943430273818786,52.84275383243866,1.141456384210782,12.127508454715677,0.001358870508207781
neutral_atom,280,73000280,6.023871246572936,0.5964234326278544,0.20804823717274556,1.1912558410805603,8.676253071856083,1.1675812067163471,-10.887592497114577,0.006822160003337522
neutral_atom,281,73000281,1.3710268444940708,5.6057503886994,1.3074155620990784,0.9520166330205044,5.16209977465995,2.009424617390288,4.125614411361152,0.002017790949301242
neutral_atom,282,73000282,0.6049158938935452,1.840148738927877,0.38523919119591055,0.3269164835833474,45.84408733455362,0.6785899524636508,8.545084636874755,0.0013034492832809464
neutral_atom,283,73000283,1.3922568387856296,0.6448626629053491,0.30060639944295786,2.0196741346527958,2.057149817805407,0.5489147620326982,6.822362163825895,0.006641501242642227
neutral_atom,284,73000284,0.4795593429820806,9.840091340961116,0.11291283729923948,0.02507246640445554,3.481627778215,1.6207840580018313,14.441634436795203,0.0031861968505660803
neutral_atom,285,73000285,2.9327034697080676,1.6497172647283507,0.20997303491113795,0.8310721619014236,3.553395644275887,1.5421064456837665,7.720841198034269,0.001687871053608111
neutral_atom,286,73000286,1.2163567755404596,1.8282008772102416,2.1356992573608555,0.9272699768436827,55.351671149043874,3.006142555670688,4.169367298731253,0.0019138989759318998
neutral_atom,287,73000287,2.59841988857568,13.003291830956204,0.09655896156522238,0.7257150991397667,81.43898970379317,1.854686198637615,14.04260914029846,0.009363352028633967
neutral_atom,288,73000288,0.033542755406831354,1.6639392080141762,0.2709781219638514,0.3198315645803298,0.7512617900462867,0.6629097342376229,-5.485682683579378,0.009445669409240076
neutral_atom,289,73000289,0.8337001824888728,2.6470365166083356,2.806234202256565,0.6574198428837621,3.1008521630648076,1.5189760662752125,13.762477112672574,0.003147387767572084
neutral_atom,290,73000290,1.215197694500885,0.9132355313743051,0.19093990770593863,0.06434549697584548,4.4127056855005105,2.0961527104918014,-4.210317646285517,0.00195629546144081
neutral_atom,291,73000291,0.2691841008214033,0.9521336213821151,1.4991141840381128,4.371540528527848,1.7923254579647674,1.0183757688239556,-7.056786060666651,0.0028454309518622725
neutral_atom,292,73000292,0.7699846810621923,0.3748704183283692,0.6926111541286711,0.07340586340022066,1.4489028774858528,0.38507106552206805,-12.67189619463203,0.002406106379886701
neutral_atom,293,73000293,2.850891238233436,3.744821233949166,1.7901625314729424,1.5107362451475415,2.4369256096574294,0.9430500348767846,6.625951555890947,0.002282017117516296
neutral_atom,294,73000294,0.879181437814602,2.6540834530076673,2.425388343628305,0.9945547269719959,29.140666487059622,2.6355802427514488,-11.750203608592104,0.0024701963885144142
neutral_atom,295,73000295,2.9417699176778047,1.6458060365550924,0.2788947527921648,0.6429761912751408,81.29903289632865,1.6195936054515594,8.092464108061925,0.008206180005193952
neutral_atom,296,73000296,0.2682663851600782,5.093718178154009,0.2182867449917712,0.2536233907616166,30.42236097186254,1.271132771787569,6.660935021433478,0.003950616170960279
neutral_atom,297,73000297,0.6053465397973525,2.2127683650117715,5.356777602506152,0.24045801111909323,49.622846724463244,1.3694334570784303,-7.6331950151076695,0.004030126026996969
neutral_atom,298,73000298,0.6491635426923581,1.4289837516524477,1.0017256336247975,0.8743122050359347,8.919937553352451,0.6979004910280241,-3.415701955097746,0.0011415160470754516
neutral_atom,299,73000299,1.3554650945912599,1.9674589994348253,1.1005586132770064,1.5478203333895966,22.073179198875476,0.6241028016180536,7.93594150551451,0.0018390366750856172
neutral_atom,300,73000300,0.9340859694904474,3.2544476219817184,2.514545350470419,0.9638785383320901,10.049516788107452,1.9881529492816366,-7.289498731693205,0.007486023653067526
neutral_atom,301,73000301,0.02194312151992183,1.75319398610135,0.9773532933662358,0.14936631608168857,76.91830910158258,0.7254076069036725,-5.195361297680455,0.0013738948616753757
neutral_atom,302,73000302,1.7030771548573347,4.125811400912682,0.5114920078706469,1.0384844186203863,72.5038532884434,1.1152241657060291,-11.949647333836346,0.0012890660420047271
neutral_atom,303,73000303,0.6361259037740052,1.6640097649934984,0.9596827815626244,0.8131662049347486,1.8936218016439526,1.490325335083071,7.471011382666903,0.006664911748273953
neutral_atom,304,73000304,0.44200975514180185,3.3289273609052095,2.686370665919893,1.572449805574194,2.2886066510147627,0.6617286517754419,-10.385613152842597,0.005558221505694122
neutral_atom,305,73000305,1.2208448284322273,0.4702894567965393,0.150420799335702,0.574790492959393,19.889692581204415,1.5667069621144647,12.790516183391691,0.001983608260341051
neutral_atom,306,73000306,0.4762001005125286,0.8158637027591198,1.4639673477082946,2.620161868178869,56.53714388235336,0.8639047642594276,-11.853169598975555,0.006537571410966884
neutral_atom,307,73000307,1.1003605869068478,0.21511422273889758,0.381196840415749,0.16406192625456711,5.85324930727574,0.7933302170413691,-8.410186595320914,0.0029292683739679895
neutral_atom,308,73000308,0.9550278838790929,0.7210690628801822,2.985270204526402,3.142222040870882,72.84858637734884,1.0040422425282483,-5.707516334414959,0.0026989900554269136
neutral_atom,309,73000309,1.655396445353429,0.29991750079976914,1.3505971619750006,0.034859276770742284,14.469189007911767,1.2717615218973868,4.666934944719912,0.0039586126194762735
neutral_atom,310,73000310,3.2965190118632615,1.6371630517077758,1.321122782146729,0.6562786919217398,0.4535130637348167,0.9070261274028443,-8.33874132895927,0.0072597801257248355
neutral_atom,311,73000311,0.3548441738405824,2.210762551962691,0.7952279166611645,0.5219363053650348,1.4579690594325896,0.45908286190191633,10.608269306633064,0.004903641855060394
neutral_atom,312,73000312,0.27078663285949045,2.3910273002625977,0.32238342033661815,0.523901759050291,50.65594805327666,2.291418242858066,-3.228691207632475,0.002359360599316689
neutral_atom,313,73000313,0.603220030639211,1.7807000675680285,0.18058046607616723,0.12187318032482147,18.269086959942456,2.2318105360353626,13.238256423351059,0.0018414294406410446
neutral_atom,314,73000314,0.7528505993011421,1.0763739011714053,2.016343389831779,1.4455709080745642,7.1122811415891185,1.0875588193418295,7.390763762666643,0.006597946102723059
neutral_atom,315,73000315,1.2724310357423119,0.39071780103137604,1.427279009963562,4.93836201359443,24.045351243529094,0.5068898838217533,-7.808390192388505,0.0011372391389681202
neutral_atom,316,73000316,5.082810386319652,4.333384539138386,0.8891361512382068,2.2136534615112167,16.917336727117874,0.684872344449887,6.541081158824144,0.005991861252632012
neutral_atom,317,73000317,0.38991013653791295,1.0109456962374677,0.5825389916137078,0.5472743997487184,2.1537875122869266,1.2638182359117094,-7.262925993846972,0.0008831293762139027
neutral_atom,318,73000318,0.5350369099316066,2.752085366443414,4.1851631677448635,0.39221800116404615,0.7512660101413751,1.2951097589922365,-9.53217438561253,0.008949640316804161
neutral_atom,319,73000319,0.2722637466599911,0.19958215779704008,0.508759086675225,0.2689734118438921,66.95002436015345,0.9980274753010265,5.930958059863414,0.0019024705847589714
neutral_atom,320,73000320,0.019136734388803815,2.299972576772201,0.17265113666679244,1.3987121778271911,44.97884619023758,1.2171375229131258,-5.561384389841624,0.003246345065247499
neutral_atom,321,73000321,0.30912945846813805,2.09220196653107,0.8736108152822075,1.4074063488332313,7.252086096737978,0.4105596613479685,-10.061126852344918,0.004657431366412704
neutral_atom,322,73000322,1.7891182863345296,1.4316581660517973,0.5584100069578919,0.6686697312655899,3.257790606102828,0.8675672297509146,12.556510791749426,0.0020429702398131254
neutral_atom,323,73000323,0.01888250019276706,4.352028541850467,0.8166691387242789,2.59881170469266,15.973624566213243,2.2844775078505135,-4.464813054636384,0.0018954885498511913
neutral_atom,324,73000324,0.26773781283769993,0.8751079887131334,2.303889137271945,1.6246586177839548,23.42440993358155,2.3191125563555848,-10.67106860486302,0.003737391827546722
neutral_atom,325,73000325,0.2329281317503267,1.292755478173461,2.3343507555359126,0.957452873032217,45.031026393197365,1.8522934592175502,8.872893305582473,0.0016673635791432588
neutral_atom,326,73000326,0.6435663512433856,0.7645363388785296,0.4254717127623387,2.404535003378671,4.285750946302643,0.7451040111605759,-7.205468948194922,0.0020591989636808083
neutral_atom,327,73000327,0.3023233236733361,5.228983870819272,1.0599232426908938,0.9055869873358325,7.755217952964413,1.5285203628184125,3.1805205504794665,0.0033441383647049125
neutral_atom,328,73000328,0.14998581610508976,1.783132305930104,0.397715979991184,0.7814390201959424,3.6232585246626146,1.2518137458309453,3.9781835673517434,0.005128765513716985
neutral_atom,329,73000329,1.3394977561955081,1.1398970158045123,1.147992753831891,0.14170459010297673,14.32939276836611,1.6135201726725388,2.799251264473535,0.0029871160499016364
neutral_atom,330,73000330,0.8148944499495052,0.8358399403972425,0.4508981240117753,0.5402632753827235,7.978054971029743,0.41827915802318966,13.411276813614005,0.004680999397898775
neutral_atom,331,73000331,1.3782383435759142,1.7151247406356305,1.7973607829705802,2.806315814855472,1.1126393128108667,0.8785352928862505,5.255201352842538,0.0022666500379410434
neutral_atom,332,73000332,1.527059470639427,0.5054874282091991,0.1783842168961611,0.44015238828486625,96.21933242253196,1.2887363599545616,-13.80973245659507,0.0027413219974987838
neutral_atom,333,73000333,1.6180058735217542,2.3585492428843047,0.5243006069109011,0.9874418058091923,4.726345981153402,1.920631436296945,-9.952235944650003,0.009611505020603192
neutral_atom,334,73000334,0.34144349102268723,0.3992433118160314,0.6073963957034638,1.1203916462320456,1.4679864215885898,1.611255029822938,-6.782717232119544,0.0012150107595103841
neutral_atom,335,73000335,0.4121845946405581,1.8509089045130753,1.3401199126948768,1.2446037812497033,4.221774351861261,1.9336540016097872,5.104076824607302,0.0021970252278762747
neutral_atom,336,73000336,1.2177784250006018,2.3378250247470533,0.3880907658208609,0.2824010577695584,9.085657373904525,1.8873577354229591,-5.729566780154333,0.001489434347277253
neutral_atom,337,73000337,4.119658079295336,0.7646841506621516,9.451566284262375,1.4614142232229261,6.769662101259366,1.4643111867763854,11.7063511260113,0.009403168790116581
neutral_atom,338,73000338,1.1095197865693087,0.831918527537289,0.8106131163818006,0.37186094582260526,2.130978749551719,0.9328631566226178,10.733152987654035,0.006761457645903515
neutral_atom,339,73000339,1.3606312071959594,10.852922203923933,0.16551569917357095,0.45019198507090596,76.91830910158258,2.812727110964812,7.530771859636861,0.0023185081148365694
neutral_atom,340,73000340,0.6180730843677873,4.387349196145971,0.3547060446278743,4.836806145432947,10.424388801312816,2.69521843890431,6.290086181592424,0.0017023305103610184
neutral_atom,341,73000341,3.8821986343639967,0.5443648352775179,1.8343944171297188,0.8379532930105418,0.5660791023464553,0.28740648405468006,-10.995003610937053,0.0012590531519719225
neutral_atom,342,73000342,0.22114953382621177,2.2918877877418646,5.873877465813637,3.114434140333728,65.33492836808342,1.9253687919497904,11.97135657891074,0.0016626386880515924
neutral_atom,343,73000343,0.4149303643335857,0.7983764057121031,0.2775550702205971,0.9085083830154419,8.28264245206205,1.6951427515229842,-12.147362549894455,0.0012315148083530596
neutral_atom,344,73000344,0.36540220251810757,1.1296741760937148,0.5033715175442106,1.5372182456996581,10.520336938133923,1.0180758643184884,4.355554307037147,0.0015950418384953712
neutral_atom,345,73000345,6.42426790034562,0.5858967863670881,0.27302769802639637,1.200541123410698,8.838073047970036,0.6634835214998185,13.644359228851087,0.0029208423701281715
neutral_atom,346,73000346,0.8662008961231007,0.11440916805520943,0.2892367096561557,1.364357714431845,0.9008887990937173,0.5327505910042496,8.657795337103657,0.0019255491882210535
neutral_atom,347,73000347,1.5704932954157824,0.6148429863134549,0.05018688874609297,0.8708542282489736,20.80142808298147,0.9497979002115243,-11.408000293682576,0.006373784445120584
neutral_atom,348,73000348,0.1665982152387756,0.42128700077306114,0.24112284457017866,1.8437922529771946,3.7610457019846444,1.2646031541587175,13.669559532270249,0.0046142543757754576
neutral_atom,349,73000349,4.441851777327751,1.57092673585448,0.9243549275295506,0.14043007512922243,28.66017692711259,1.317817694683886,-7.842380726717112,0.002773045161290795
neutral_atom,350,73000350,1.6111686530071263,0.8268173834693874,0.11311089932489775,2.4384120748016263,0.9030562542788901,1.2215302926880838,-13.229352434058432,0.005464625889696268
neutral_atom,351,73000351,0.4837323154046974,1.5812700962637494,6.946582898240023,1.642513887843655,1.9902895386737227,0.7199340209497977,-13.831217641650559,0.003317963293486425
neutral_atom,352,73000352,4.338593079425923,1.9463708252443994,4.449217508852858,0.7864615622796147,36.33087365525198,1.4580862191561594,-8.847958962015914,0.006176655824285408
neutral_atom,353,73000353,0.689371036806345,1.0399536197595454,4.655018588440172,1.197697011082893,7.536832851226488,1.9731761951701106,-6.443987738970512,0.0029063398067331737
neutral_atom,354,73000354,1.1248816594693847,0.9376732419313122,1.1527274874846125,1.143119936416249,2.932577347148729,0.5740049274206875,-13.005865766596045,0.0022182457050611212
neutral_atom,355,73000355,0.01719860998413961,0.1449925857163774,0.3075248532214777,4.209831452704792,4.092725976369812,0.913757235802349,-5.330231692584546,0.004115745563304498
neutral_atom,356,73000356,2.5320330851391804,1.7625820289337064,0.41326624464725203,1.48392414285084,49.501300131493906,1.4265075187098113,7.328959022490592,0.0013789461826578628
neutral_atom,357,73000357,1.357316711235893,0.5811068543263286,0.99165446173569,1.1618980532488556,16.299364666057077,0.4843026502697239,-3.2381057805529783,0.0038409614634129494
neutral_atom,358,73000358,0.033542755406831354,1.1712002290753816,0.6535444335774648,0.06754815083978928,0.7512617900462867,0.6391804227088327,-4.9543495297521645,0.0015478320660924343
neutral_atom,359,73000359,2.109627628347077,4.6259263310467205,2.0040472305176893,0.12144052596590474,12.081110478140845,1.8053808826432562,5.426417078610639,0.004424739850057332
neutral_atom,360,73000360,0.3364349906688447,2.678979896979821,0.8021711298406613,0.24380593896444738,5.9170203420145935,1.9063775334127415,-11.408754417116091,0.0021840290900935425
neutral_atom,361,73000361,2.1898628110503804,22.067051876920775,1.6820765488440235,2.596587076484535,13.787133567138609,1.8766474628569108,-2.9174470845572755,0.0021730782391693425
neutral_atom,362,73000362,0.39033281766778954,2.387867666132733,1.1806998832718347,1.1310656788823885,9.254179584461843,1.635823567571994,-8.16607568395427,0.0036104366661621483
neutral_atom,363,73000363,0.4714903064342552,1.6552490000074307,0.45150616561596546,0.0389882078607379,67.04998522871486,2.0935450346411564,-8.086115590863207,0.0011590321520799202
neutral_atom,364,73000364,5.185716071169088,0.6482021262489559,1.135706737344133,0.34073927624235123,1.4919006169034361,0.5032594275463379,11.845624020037608,0.006217111624745752
neutral_atom,365,73000365,4.611108337181623,2.536631161013934,0.22960977083805595,2.6868341161562004,0.906749893431667,1.0131458937173587,-7.312072072750311,0.006965124009298765
neutral_atom,366,73000366,0.9645401172593884,0.4528677568927212,2.8896808069332223,1.2800722916057548,100.00277341100818,1.6283580576771515,-5.3714601031277835,0.002700424485004723
neutral_atom,367,73000367,1.5751619819402787,4.787536629104239,4.757116912412876,0.6580539409978324,4.349247947467984,1.734956291518084,-9.070113276333913,0.00856241801824184
neutral_atom,368,73000368,0.30561540664285886,1.465623671118815,0.465924892903975,0.9980242440415606,6.174396207690236,1.197281086170047,11.582458515931046,0.0049261778416132525
neutral_atom,369,73000369,6.913136025819663,1.4531135607303647,0.12252150638585343,0.14562613912186237,15.944165025943873,1.657579988331397,-6.27455403893439,0.004782709443384155
neutral_atom,370,73000370,0.6148539775058974,1.721330983246477,0.5107157031802462,1.434247255585449,10.81380680937799,2.2289347791275613,3.9428135489790104,0.0011322857337044937
neutral_atom,371,73000371,0.6090965264215753,1.108498222816286,0.540232670035679,1.658329318754183,108.24535862961734,2.0096036402014326,-12.497187195020159,0.0027529903579815588
neutral_atom,372,73000372,6.568803488390484,2.7471748888878875,0.05010179132587393,0.07386268171896176,3.408283574174363,1.3576236267937198,-12.12728729965453,0.003953311972146201
neutral_atom,373,73000373,0.2691841008214033,1.0261832629548506,0.3099454587601556,1.3079458457902602,1.7923254579647674,0.9904704227598515,-12.709853070002259,0.0010314065557370754
neutral_atom,374,73000374,2.5320330851391804,2.721706939429556,0.4197754718706529,1.5047500652963917,49.501300131493906,1.4152507927440672,-12.9123392610999,0.006906292359773181
neutral_atom,375,73000375,6940.043456326349,24.05097308115518,36.914402760663194,0.32631905469098355,0.41230391197934596,0.8246078238540558,6.27413027420958,0.0072556668065538975
neutral_atom,376,73000376,0.23220772035451745,1.7459771282835868,4.350666542339461,0.42835101362331374,45.897842407337144,1.4045431482607327,5.111762716354438,0.00578425436759154
neutral_atom,377,73000377,1.4601924241091166,2.3635667392655764,1.5263676525241565,1.7456914035085715,4.913270078137076,1.050887831534025,-5.910855241198184,0.0011587755973797161
neutral_atom,378,73000378,1.7821284709922167,3.8550237442033493,0.8794366203102985,0.3733360672106987,7.393576116683657,0.4931242123721884,-11.843469196058534,0.0023518294127357507
neutral_atom,379,73000379,6.893309462704104,1.6807126605446363,1.3085391252633203,0.5167745357337941,15.168873210432132,0.5528664288584669,-12.112344841101859,0.0019639705508343376
neutral_atom,380,73000380,0.6068037250670107,4.4210800838155695,2.0944437744869853,1.8245240123158553,65.23926592186258,2.2641071067038347,14.031502589285628,0.0012929434578695404
neutral_atom,381,73000381,0.030421674319375876,1.9087929616074262,0.2588759796713341,1.2662139743349383,10.520330226752503,1.5533010750811758,8.763898744095659,0.005867170593121351
neutral_atom,382,73000382,4.446292166986552,0.9014000030346396,1.9733931912700733,0.3334526707579719,44.77092976839786,1.3809169116648765,-9.136376727271376,0.007334930005747429
neutral_atom,383,73000383,0.28056449750083945,0.4673164422620403,0.6089658253795871,0.11064345973904492,0.8997193143575656,0.8545931627482204,11.088995860752991,0.0024833438492914005
neutral_atom,384,73000384,0.4832117364187746,1.7748905797870917,1.1333563443760415,0.6230545073515528,45.897842407337144,0.4375546240031717,-5.619185077024747,0.004395084095999842
neutral_atom,385,73000385,0.03618008908348322,0.9410258330035258,0.45544343885181027,1.387776069916311,5.3491670440848855,1.6082271496299756,-8.681632689783742,0.0018299815982619615
neutral_atom,386,73000386,0.6068168542366406,1.5167084370371566,0.14215805685007968,0.2750310027540583,1.9614752749620994,0.4882185886574749,13.256423481071945,0.006734646822483886
neutral_atom,387,73000387,0.8821852003193815,0.492220467882537,2.1874249916693627,1.6197524827756726,29.965673920222073,1.0604990956609879,9.385221236332612,0.008759153395279357
neutral_atom,388,73000388,0.4344567443894529,1.5807663526118563,0.9342528534645234,2.464499200092517,1.9898502074561908,1.1433678855070535,5.1287068860712255,0.003608446436994505
neutral_atom,389,73000389,0.7135402004781881,1.4723710589174228,3.1523702028195317,0.8551160331322969,2.303007063082958,0.4728255462599461,-9.350994022774445,0.009609358264511866
neutral_atom,390,73000390,2.3122846727613995,8.195048988590276,8.566798189201698,0.5176461398994072,20.111900914447656,1.9226402104058187,-5.790624624347019,0.006577898438042447
neutral_atom,391,73000391,1.380899197970678,1.7297033980495313,0.524215466245044,0.8157525761103835,5.853198432358546,0.974753761474897,11.172483540846244,0.003223077036995922
neutral_atom,392,73000392,1.1935357721496058,1.7311500441051766,0.6726848366165602,0.2944835040169055,118.15721180910376,0.8199979568751856,3.1222053910056626,0.0013061194589267541
neutral_atom,393,73000393,0.7424489563587419,0.3280833980196952,0.9677471302168503,0.6304483211752723,4.285707758086883,1.1801448572688122,-11.764361216395459,0.001879841906020362
neutral_atom,394,73000394,2.5414940302346847,0.5221965415788642,0.20079788340520172,0.306584067114746,43.990630722881576,1.7115985523799337,10.830446010785813,0.0017720720291801236
neutral_atom,395,73000395,1.3556129245641708,1.057009758321159,5.326856879692263,0.7312767088819587,27.26008353060426,0.4192349963822327,9.961077668413504,0.0023486432118976935
neutral_atom,396,73000396,1.2034246175380612,3.9653634251084027,0.8027798741181209,0.21010225943465213,3.257757529756196,1.1673563360514427,-8.454935787138558,0.0053156833336401015
neutral_atom,397,73000397,0.7258431986965502,5.483827934343466,0.3455099806743948,0.21400395346826837,6.769688310748731,2.289050802465938,13.193277950054354,0.0027052742942319423
neutral_atom,398,73000398,3.9670709969447007,5.011903693128185,1.8549108602131872,1.2290119269687867,60.3079950879389,2.3829309918489017,8.243993310807948,0.0023944146446033326
neutral_atom,399,73000399,0.8708452131316753,0.2694067675006455,0.30955495033343267,0.43295700549347843,19.296568230088806,0.3377273088536819,-11.418201826613524,0.0009327681434744197
neutral_atom,400,73000400,0.46314502378541844,2.9641784487779312,1.1848247774807168,0.4151712769957641,100.40794036373079,2.549151484856087,6.8735170746362995,0.001451130148373902
neutral_atom,401,73000401,0.8700973322628647,1.9870790115610024,0.17407077829104375,0.6352320319248379,0.6458354271280993,0.8919336179979238,5.7977611772430775,0.003843064098777575
neutral_atom,402,73000402,0.9486125587455009,0.21479457771345095,0.4067047022191819,0.07406244241369417,70.5235059662837,2.2726932169267813,13.981828750355097,0.002329970209559216
neutral_atom,403,73000403,4.5400318208714845,0.4188392588686698,0.6654100182843664,2.100563139476017,1.1140320368541563,0.582781284941604,8.19436392526448,0.0011120324037521359
neutral_atom,404,73000404,0.9632181629207388,1.5056957685255647,0.8306061316508422,0.10199941743767939,3.7613039687560628,1.9565474285438809,-3.4622986351059435,0.0028404393464329485
neutral_atom,405,73000405,1.3063733567835751,0.8263673335991959,0.6315335450425819,0.5408170302110766,4.027455474052848,1.3032991353047805,-11.688855571322065,0.004137464834598461
neutral_atom,406,73000406,0.660394013521848,2.1450745900898047,0.6128612738565722,0.4657716319335148,2.5415824777782263,0.9323191028583596,-8.843431009888619,0.001394464708329334
neutral_atom,407,73000407,0.7640477001849879,0.5295331936065721,0.08050806043089835,1.1689090423916453,2.1632111018987232,1.1064735850783731,-3.978713109942639,0.0023871505558716623
neutral_atom,408,73000408,1.6111686530071263,0.9608802208536996,1.2379847077255168,0.49915598137949324,0.9030562542788901,0.6295929235409728,-5.593581626038544,0.000916910971061175
neutral_atom,409,73000409,0.3445550344063367,1.0230623184979126,3.441059530255302,1.9293257410473887,2.7486928048920034,0.8704669011184943,4.149659895788693,0.00281453544080016
neutral_atom,410,73000410,0.4681820895553603,1.7495020585147998,0.011560571769988147,0.42337498067154516,6.76971514037963,2.409344750118571,5.406803924984074,0.001174206614044561
neutral_atom,411,73000411,0.28281834701721825,0.4249436467102151,0.021582919098029917,2.5446485731944026,3.100266915504879,1.4059476857315103,2.9967929112515095,0.003999534511372575
neutral_atom,412,73000412,0.7699846810621923,1.762820482658975,0.4122929482579124,0.21111651168979503,1.4489028774858528,0.4765967137940148,4.9824574831009745,0.0024027474933047245
neutral_atom,413,73000413,1.4001585019378764,1.5507937512642598,0.12177692348261636,0.03388868347890291,38.895823096156846,1.8261561387644327,-12.864813130951752,0.0073518129537317655
neutral_atom,414,73000414,2468.0569661236095,1.0503209228628192,1.851368398573591,0.07497938743995812,0.5710783759686716,1.1421567519354514,-11.747074665227668,0.003246095878804373
neutral_atom,415,73000415,0.34077880638261543,0.7058161166235731,0.497364586891155,0.158031851103805,2.426181406587511,0.5845186040126551,-3.9557812857423573,0.0027580174105823613
neutral_atom,416,73000416,1.571368897363472,2.3285201377488423,0.7930987070472564,0.3384944709703554,1.9902567507559792,1.2849992602217197,13.548402090587226,0.0024661080756926334
neutral_atom,417,73000417,0.03233876298035218,0.8536029853423613,0.394079187726917,1.1600603533097689,5.16209998330649,1.3956902914824862,3.407500666579986,0.0020436446313570316
neutral_atom,418,73000418,3.4758174422298986,0.901836462243368,3.692016611382729,1.026150396705795,96.7873802429494,2.288510268297493,-7.864922535549484,0.001134460899929455
neutral_atom,419,73000419,0.2957182707290544,0.43263598133485415,2.2726653194954656,1.134616187135287,17.349776537316572,0.8413473626760273,6.216750732185978,0.0008680843953118839
neutral_atom,420,73000420,0.8811380999457292,0.6826031584633795,0.4182436300505058,0.46849837650120035,15.627738008688725,2.4061746306983647,-7.799398649495491,0.0013587353831501692
neutral_atom,421,73000421,3.530836770663551,4.29348442347658,1.1188098392852805,0.34330792550751915,23.403135317310262,0.6023625895759165,9.568126677220949,0.009291538820957814
neutral_atom,422,73000422,0.023563149882249883,0.7663907347978737,0.7085982030459121,2.3408543696880537,12.65919226141822,0.5044501892901171,12.742110686967102,0.0013305250788941158
neutral_atom,423,73000423,0.5178962370971814,2.8452748331010147,0.2261610848925553,0.2328938712899149,24.02343882643033,1.4990779603101285,7.571477206154229,0.0019543422833514794
neutral_atom,424,73000424,5.311070999573907,2.1235056773722443,1.7100728488321453,0.7022652379921772,6.370075646581732,0.808193088881083,4.993834027746281,0.010250691591259147
neutral_atom,425,73000425,0.01685414977640448,1.726415133297738,0.5962302406419355,0.6566724176716655,3.828746613632291,1.4362719652063618,13.725493013537125,0.002351363299275772
neutral_atom,426,73000426,0.6055979018568367,1.8409265996799982,2.620412908459974,0.3589826041501937,14.901016899730562,0.9153167728658271,6.510286414987735,0.004163698381138153
neutral_atom,427,73000427,0.8700973322628647,1.2266989989237596,0.4257822267987612,0.8375861565111506,0.6458354271280993,0.9394221272452795,-9.173146015927479,0.00581292954745276
neutral_atom,428,73000428,0.6820162682254076,1.7501624000339604,2.233169400861877,0.5864270635630671,7.755225133559751,1.3268690081082954,-6.949349330203876,0.0014824813015284265
neutral_atom,429,73000429,0.01762196929482471,2.1734910070824314,0.8688843533725471,0.5175514441410364,18.076358910788148,0.8823144673673715,-11.394420480064266,0.002882326409172312
neutral_atom,430,73000430,0.9207599001488245,1.2881654267209626,0.32098137482344347,0.11826623917426729,12.659203978231892,1.8376986318195898,-10.091581509760331,0.0008772277560767187
neutral_atom,431,73000431,0.6748015378473269,1.7079679322840235,1.4763946211343528,1.5490293134404285,3.0166927321934223,0.5654964947616953,3.1408505621043967,0.002372086043374526
neutral_atom,432,73000432,1.5144158042418054,1.143518239142786,0.5630893325966388,1.0659152024671663,4.02762660549871,1.1212553803421523,13.126809914890227,0.0010568360437277627
neutral_atom,433,73000433,0.2662608727979381,1.5696027368612673,0.7591146580569859,0.7292672085362578,23.12301415711893,0.8322080573527612,-9.66587459436456,0.0010681617932634191
neutral_atom,434,73000434,1.287931077590751,0.6342816197186969,2.0628381942984806,0.0622928415923414,3.828892337859393,1.1325227667648197,13.713052981637809,0.0010220496249005186
neutral_atom,435,73000435,0.6062914760722241,1.6692110817826074,1.3151178359979,1.5339765062311712,59.13512462778972,1.0158818066055413,9.97602817204411,0.0040789076515537395
neutral_atom,436,73000436,4.8957713538115595,0.7788839447958249,0.10263335506952344,0.1737518862634614,9.599875041553004,1.821588487165495,11.79689596400664,0.002148209688754753
neutral_atom,437,73000437,0.8048452128909465,0.2751338128256489,0.6240909734277118,1.3473674308180028,70.74234653059212,0.3045402961085161,-12.921017515223694,0.001393872790947207
neutral_atom,438,73000438,0.627360775963004,1.3188625361637434,1.8348936695205829,0.619481950820271,9.002448777176285,2.1228147972974996,13.22262914874124,0.0011387514104889895
neutral_atom,439,73000439,0.22181593116144036,0.17146956668033936,1.2465759937162821,2.0497671308587107,63.69918087821632,1.4367861014326753,-13.470771822157307,0.0025879891476901667
neutral_atom,440,73000440,0.02074108319732944,2.950654068217621,0.12055078394128042,0.15164956949787195,60.5601336034399,1.1506256364229623,6.812786252141203,0.0015988221718003584
neutral_atom,441,73000441,0.1228207248072354,0.8475076384308593,2.2192499738752045,0.23616491328188777,9.33948771454488,0.5660892043047765,-6.0735061771200565,0.0020783415500639146
neutral_atom,442,73000442,0.9500651066645633,2.447823139170641,1.939989580705006,0.2275425530785895,72.5038532884434,2.0474453796715553,-13.972655250251513,0.005220002470138382
neutral_atom,443,73000443,3.2864439677131587,4.8630208531126105,4.927485620565006,1.255323675562786,4.663923588886686,1.5399869546469889,12.319644056981485,0.00916508864452085
neutral_atom,444,73000444,1.3782383435759142,1.489406513957481,0.21562903954969262,0.5556398844652788,1.1126393128108667,0.9164402614047951,14.295188505601027,0.005431768745131766
neutral_atom,445,73000445,0.02329980171385461,4.730573707557055,0.17489175592188808,0.050132786824247016,12.778755836510493,0.8754356610617141,11.198213002257699,0.00357035524667735
neutral_atom,446,73000446,3.899472142795539,1.1163036847056123,1.8741128781074763,1.3544810454124756,4.349374469799719,0.6878932219802789,-11.996598528693447,0.0018500744803536654
neutral_atom,447,73000447,0.24975109442621624,2.8625864085601975,0.2567497174783786,0.011186644204028219,31.339818554481933,0.8678218650809454,-4.067141016786474,0.010519251764684755
neutral_atom,448,73000448,0.020997222414448694,8.717597063065286,1.186143382903617,0.2139237754345696,63.60752666264,1.3361834823130776,2.8776893758624116,0.007605009079785229
neutral_atom,449,73000449,0.01992186437357021,1.72876576277333,0.113444021840555,0.6172944062791456,14.901016899730562,2.213525537706664,-5.305138008897896,0.003798965037629182
neutral_atom,450,73000450,0.4837323154046974,0.37086365366279084,0.003237118598166194,3.575372335673537,1.9902895386737227,1.1346650927631126,4.571855466058215,0.0010849636091601177
neutral_atom,451,73000451,1.6823121548703308,1.6440413912743552,1.277592725678704,0.17295620265665457,11.969301938431736,0.4214079633770505,-9.467800260353986,0.0014453902332588829
neutral_atom,452,73000452,1.3595564350730316,0.393511172867662,0.9821882498120069,0.18173499464443066,62.049446014453785,2.709454512786948,-5.5213066704766565,0.0015173894825922542
neutral_atom,453,73000453,0.021216610505300902,1.5502608326647556,4.929908419163442,0.5061358817826167,13.920240228707241,1.162112179968814,-6.040881745842475,0.004371552605412306
neutral_atom,454,73000454,0.016741930553900462,2.96420594689227,2.0111526961986,0.09832357017742138,22.868815368313154,2.2433334122357174,-12.573002656000526,0.0012246556860983173
neutral_atom,455,73000455,2.9530007429074967,9.406697613729554,3.847651619636427,0.8337463963814666,86.64617099866662,2.6542911477019624,8.780721383952956,0.007127415869230946
neutral_atom,456,73000456,3.462536543250176,9.325234154246333,0.1544137502789347,0.23115785005347578,4.726265594006901,1.8342416928601748,-3.868757177310281,0.005127670558133095
neutral_atom,457,73000457,0.6026469868836737,9.9313297560126,2.3562858307287904,1.3296647859954387,20.374428242443763,1.832070647745585,-10.47186045458455,0.005306004338528335
neutral_atom,458,73000458,2.1873976934773705,2.3853008310484545,0.2185777254768104,0.30480466331357875,19.871825911035895,0.7769192324083852,5.482616898864038,0.0030431841588214495
neutral_atom,459,73000459,1.1659933203134925,0.27343451360550597,0.8470501355306878,0.6009814603039451,9.7773435305925,0.8616518608618837,12.576656079955193,0.0019346200259497833
neutral_atom,460,73000460,3.595256553632967,0.5060492869379216,3.398367823774466,0.06265307410432888,44.09161016359005,1.3671394403856536,-11.356287160406772,0.002637843032756121
neutral_atom,461,73000461,0.4588550058064465,2.797977972459946,1.6850116886116853,0.2963201581677363,135.32490380278995,1.6840010176531037,-11.836970109591276,0.0026897508820110097
neutral_atom,462,73000462,0.46293268677981736,2.8804165087141107,0.2194037332882613,0.2329176482607333,2.3013746418382275,1.2507027869605618,-4.267561311687395,0.008686353654244045
neutral_atom,463,73000463,2.4844065277075877,1.29944095768176,3.85418493266389,0.1101720451992501,38.24639027106208,1.8849514967863585,-10.472687345055371,0.006842412093421293
neutral_atom,464,73000464,0.3256934452095824,1.3138284781881235,0.12142806621167837,0.051513744578383105,2.5418494698720497,1.0832653580317197,-13.119717721065093,0.0013149230019700593
neutral_atom,465,73000465,0.21339234191673248,0.6502647090530275,0.9925340392441678,1.316627674616054,93.40668276846479,1.8343135878932686,-13.743425466531846,0.001185520476675336
neutral_atom,466,73000466,1.1733206545553108,2.807026075914405,0.7405737079384003,0.6538432762082103,1.989381514181447,1.0312694018466089,4.041609183619453,0.0016881947508297845
neutral_atom,467,73000467,1.580404603009195,1.433643512135021,0.5148697403244078,1.388947664166255,19.26193284250822,1.3616421902522364,8.13276215605299,0.000940095115465404
neutral_atom,468,73000468,0.2998100006935818,1.8882325915564628,1.9934408580878409,0.32382988481768465,4.9132234042677,1.2361051881470633,-6.957989958959197,0.00585030007121189
neutral_atom,469,73000469,0.09697955171177292,1.4034660433531623,0.40803989399007246,0.026937145283902873,8.05338569986655,1.3655002546198343,13.821084282950821,0.0018685420676204719
neutral_atom,470,73000470,3.395984322070696,2.401237598615875,0.12162416503421403,1.348601466060209,3.4813320368790364,0.372061954973304,-7.55030154323803,0.0036991124863958707
neutral_atom,471,73000471,0.6197450951154593,0.5709986050170544,0.4248698863746807,0.060236778059224644,79.1177245490209,1.723855397945664,-5.630922471700393,0.0024299866275151456
neutral_atom,472,73000472,3.3620115078331585,9.115122315404886,0.506513437195786,0.512258243749283,2.1952653823041097,1.5418213881380955,14.252950474145193,0.001218455765876548
neutral_atom,473,73000473,0.2950078573505848,2.600096280517658,0.3018042410834776,1.798887741766553,29.548387322047716,1.521072130063866,7.221677194254875,0.004490014954236357
neutral_atom,474,73000474,1.5591743760460357,1.5410918874253758,0.8624125004107066,0.626975398092409,67.04998522871486,0.8990023342274756,12.536633938089343,0.0025965523816298174
neutral_atom,475,73000475,3.4861018294244692,1.1867784417940006,2.8831144413848455,2.0516932093616016,18.613263216927603,1.5991765505127573,7.8073629382886285,0.0025824188432805664
neutral_atom,476,73000476,0.039287812407027035,4.988657212112054,1.0467138942161267,1.033173946478451,9.002461467839215,1.9029901568548526,-8.342173771193934,0.0036884542318413125
neutral_atom,477,73000477,1.5797865166288607,1.145164251536174,6.44509531492558,0.19493107964323184,37.119374251394504,0.7512110980649273,8.883152524495108,0.0014942747317972654
neutral_atom,478,73000478,0.3447679393203082,0.9494275901370799,0.34807076785398733,0.14308166498031633,7.903265246762104,0.913926372366312,3.405425142018768,0.0018852658519036333
neutral_atom,479,73000479,0.024394257939280968,1.8941765315120953,0.18586104653644556,1.5372452755536543,12.308504354310934,1.4687196119583505,8.285707339055056,0.00318868585868395
neutral_atom,480,73000480,1.2385523055016854,2.046511145925859,0.2970079580375126,1.979296916349503,7.53684024804123,1.9195670528043773,-13.22965596271668,0.005090913241644673
neutral_atom,481,73000481,0.26785816560397674,1.6335343628623118,0.4765686099270763,0.020388120274167507,3.828746697138721,1.6958419493478485,12.582047121032957,0.0013904880468542627
neutral_atom,482,73000482,0.1449999143140861,1.5793855394445975,0.4130299237154624,0.17405402924653868,2.1360242932322633,1.1166215024770778,11.763428663309032,0.00149794566250558
neutral_atom,483,73000483,0.40669440728923173,4.903608271725384,2.325814803620405,2.2634001916931257,5.980993666988923,1.197293448966369,7.323295746431698,0.004631286648845258
neutral_atom,484,73000484,1.5925452533778897,0.2635152062367595,0.40619055169327706,0.25122081954724185,29.196459641311176,1.106245261571845,3.2762399934878736,0.0034706521096227044
neutral_atom,485,73000485,3.586092083084953,6.0579903648955735,0.09798826977940776,2.6717053369348207,13.7872571600268,1.719069642739776,6.07642371650726,0.0024037773865589382
neutral_atom,486,73000486,1.4954607761705367,2.4605364095873243,0.6674575834913976,2.666352475380694,4.285711155927413,0.9111042655561342,10.41096580613158,0.005930787208462917
neutral_atom,487,73000487,0.15989940116356938,1.5645296891255012,0.0596519712466339,1.3447452805667581,11.533757137669356,0.8354140208900127,11.137272855304682,0.007484643961827137
neutral_atom,488,73000488,0.8252380572382727,2.923066345350603,0.6931638529697868,0.19364526856856515,13.655793805594175,2.1880584399021084,-5.19146114246523,0.0056433051768564405
neutral_atom,489,73000489,0.53546959879662,0.11150083313174519,1.772928688793499,2.034218401047533,0.5660791647691051,0.9896619660837184,-13.238256423351059,0.0019325952079674682
neutral_atom,490,73000490,1.6473026698053634,3.7631136375275447,1.5198216381620901,0.33753080284922704,2.932154343039365,1.1697664259139702,-12.77127692969364,0.0015430322393335232
neutral_atom,491,73000491,1.614728319557087,1.5343370196056718,0.4600047790368842,0.3520674945326584,2.4295910289472116,0.6882701014813243,6.6623767745653755,0.0022381125847750058
neutral_atom,492,73000492,10.534537027772052,11.473148083719583,1.6295447009380422,0.09272205665455624,107.09139641615093,1.2271310931914103,9.053204895628026,0.004448782283086147
neutral_atom,493,73000493,2.725740785155808,0.9451606295009967,0.20910414397430444,1.3101937799331216,1.8904134115212086,0.9577169781209895,11.944550429875209,0.003857045307003172
neutral_atom,494,73000494,0.32175399014341266,0.05562446064500086,1.6391284258848016,0.27571402995659305,13.920271542206859,0.9376150601295995,-6.932565885634636,0.0012087956275966018
neutral_atom,495,73000495,0.26782122912579387,2.2616367009362994,1.3279569215942262,2.2040479053327386,25.875797234731,2.9272625649668322,-11.788921569860664,0.0015076580023461955
neutral_atom,496,73000496,4.233253770207464,1.8861921668651056,1.0731211415964936,0.19288094117746157,49.74481477522056,2.1680935000851336,-5.104411195346792,0.0034331555074944907
neutral_atom,497,73000497,0.6356867952680018,2.8465109549176697,3.2505344307978397,0.4710835375299397,9.512347007943145,1.5251365549347802,8.63998323875476,0.003978402311850384
neutral_atom,498,73000498,0.491340471119904,6.759521709437538,2.3310794200194396,2.657136546805343,37.73520960256734,1.2767477736897443,5.936152593343361,0.002055699579745875
neutral_atom,499,73000499,0.9821473688499179,1.1548795711218873,1.9309602820416663,1.1970344939871738,2.930732679167573,0.35954517321798096,13.048443812801116,0.010373988140196425
superconducting,0,73000000,1.1486977826792657,1.1926716994300957,1.1909104116221403,0.39897641411498375,0.00023431085323102034,7.614685850248943e-05,56656.394901361375,0.00034548866593622855
superconducting,1,73000001,2.0738505619488437,1.4192092424834652,1.4368743230932604,1.252847632969586,9.640389693802782e-05,8.585955972416005e-05,136914.89710813868,0.000275991496592546
superconducting,2,73000002,0.11449807500838403,2.265747742673591,0.9788761319357411,0.20280564340853294,0.00029588998645706184,4.573642998136724e-05,123468.07695574057,0.00040071273459652
superconducting,3,73000003,2.945317598055451,0.18454694551092915,0.5910223380663628,0.3326853124545503,0.00011720673601361713,5.054312822979364e-05,-74666.61951518265,0.0012188405661405957
superconducting,4,73000004,1.4773603083568234,1.1461119097321215,3.602837822703796,0.7696023646368453,0.0003116182772429353,5.1327599736847944e-05,52237.075485446425,0.0020010747391082475
superconducting,5,73000005,0.4456310372773862,0.4023054761685395,1.2856854707103684,0.46405026715871067,9.137191557862504e-05,7.720185815330363e-05,-44037.31938254479,0.0015737520960830073
superconducting,6,73000006,2.0111920241242367,0.10159427362638392,0.7291351819315028,0.0937239098629055,0.00018852877471304074,0.00011250589101531793,-81386.64207649592,0.0002286648697949035
superconducting,7,73000007,1.68563471430067,5.357912125427396,0.35136088586122516,0.2639397392254407,0.00020820230397673205,9.872229193109264e-05,-150090.88773359204,0.001230285365215396
superconducting,8,73000008,1.5207389520434356,1.7831748646505055,1.22429374375089,3.20421649291463,0.00010300837237921624,6.518751276544483e-05,-150457.8985980384,0.0009277690788062845
superconducting,9,73000009,1.8930193735269203,0.1979950716199078,0.4867484136368696,0.017374852223489803,0.00024504541375737206,5.161252698731398e-05,51708.809261968905,0.0005204730249058165
superconducting,10,73000010,1.1432655112203558,0.9871512370833475,0.7225297758878209,0.9140168537646833,0.00011821199006870393,8.809359478171064e-05,113598.17860279101,0.0004674164317690273
superconducting,11,73000011,1.7075830311447011,1.3105067183255505,1.4944937386366635,1.1346531818472685,0.00019670689650049463,0.0001266658907543625,-74676.16679549622,0.0002869585284064496
superconducting,12,73000012,0.6633866512323691,2.536209886930665,1.158783213112796,0.2805965298447001,0.00016241741101455923,0.00010227543071051698,104679.72115085751,0.00023254913829070162
superconducting,13,73000013,0.6633818620865469,0.6192552140787843,2.7214932739297453,0.012947516265910784,0.0002460469320406408,7.509847945122238e-05,97979.07028120369,0.000270961930661831
superconducting,14,73000014,2.57211907681663,3.8852838751394807,0.2750123316583518,1.6143374731564188,0.00020740617925995918,0.00010992040140471152,-150852.94483680185,0.0004716529220059196
superconducting,15,73000015,0.9290198375472863,1.0535995001687342,1.4276354667485411,1.176563145712261,0.00014900517408087514,0.00010286283206586675,-137864.4234392876,0.0006928014632198655
superconducting,16,73000016,1.7784557287470928,1.3998637972677328,0.6994463575655002,0.3363600706207411,0.0002831913026236722,0.0001150578029373952,104578.85134691808,0.00038468620016968147
superconducting,17,73000017,2.345526464709466,0.6308300374689046,0.9029608286453161,0.12359987997189531,0.0003523428598726978,4.430683245776002e-05,-156658.08935190848,0.0009163525873225433
superconducting,18,73000018,0.007059821195427482,0.39561942690875324,0.3721845278036694,0.1314398110663161,0.00027921215414139744,0.00011656483840601618,150715.42679354732,0.0002781792113733908
superconducting,19,73000019,1.6706340797921955,2.701722253559929,1.333302677172748,0.769101169380331,0.0002323565923261089,0.0001142339603964105,47629.50825586966,0.0007310054467703829
superconducting,20,73000020,2.064192812871103,1.1144837210523408,0.8221329257771464,1.3221380887500496,0.00016283187909773642,6.972335686409808e-05,96682.216578414,0.00036346749135072044
superconducting,21,73000021,2.8568082673577218,0.2045150096240705,0.5183503898151366,2.221058427545132,9.066046172046456e-05,7.740903708290023e-05,-150371.915885199,0.001610579985855827
superconducting,22,73000022,1.6649732617022188,1.3619905745175829,0.2832437177850211,0.0990318457777928,0.0003376240723387169,7.136435113337164e-05,63813.822222975614,0.00036824696945371926
superconducting,23,73000023,1.0624556196494703,3.094815463756007,2.669639233258798,0.6550625991437202,8.684481647559136e-05,7.929420144970947e-05,-72135.38044025513,0.0010484315958666968
superconducting,24,73000024,1.309582684642503,2.45932376366254,1.1216617889033274,3.2959413799756923,0.00013766910205512895,5.1297270105556344e-05,-48783.99033742024,0.0013024638638320094
superconducting,25,73000025,1.5658821282833313,1.2411692517340325,2.3882173846404595,0.4357731980641245,0.00034998795336923914,0.00012270835616579552,53358.86698571097,0.0002894884542133748
superconducting,26,73000026,1.2638617806766463,5.650105151136066,0.25032759693712564,0.2883914334824295,0.00012106083487776768,6.604367830209577e-05,-64772.55507861372,0.000447059314038372
superconducting,27,73000027,2.23887679732181,0.5951101497622064,0.6672690779576264,0.042987888976852455,0.00017635071043787368,7.080795995935299e-05,-60760.15997635026,0.00023182464144733345
superconducting,28,73000028,1.103667742082412,1.0811730806743007,0.6220436399974647,1.1716858678987538,0.00031348441610606594,5.583525434602348e-05,153476.25885434385,0.0007940824149961575
superconducting,29,73000029,1.6908866123984962,1.6433418124113177,1.5464960965261227,2.972773030270665,0.00024080386845321602,8.751697190820391e-05,-83994.35308863598,0.0016843396611283467
superconducting,30,73000030,0.16290302329276785,0.9469690461216638,0.05007686023428005,0.39143666457779036,9.598199952524777e-05,5.492587633818138e-05,134817.3540374741,0.0008445204230120396
superconducting,31,73000031,0.981715250792677,1.0028160523186243,0.23501139605822624,0.7989729452511165,0.0002153361508451316,0.00011236373544902581,134610.74199710842,0.0022779374028272883
superconducting,32,73000032,3.1986142196445937,1.8214608133213335,1.7591560473636778,1.2167499685214374,0.0002940470211301593,9.802841259005653e-05,-62254.00694577429,0.0016733819837276868
superconducting,33,73000033,0.4519544967256522,1.7027192587583078,0.12226370422154875,2.6919957687703135,0.00013311574434711175,6.751727397626256e-05,116706.16372732047,0.0003471729274619425
superconducting,34,73000034,2.2940058778014163,0.9168104313095926,0.04284651136986456,0.7006259611526486,0.00035908574171259654,0.00012247226392732484,127758.55083550369,0.0006451811148931425
superconducting,35,73000035,1.4407751617499198,0.28068820344457646,0.054000697935859196,0.3931492313384408,0.00039481677057781085,0.0001195741487832772,138995.2821696731,0.0008495836932546657
superconducting,36,73000036,2.853193010772976,1.5454227497725848,0.05366051157550722,0.10077061888672653,0.0001916215432542035,7.271936950472134e-05,45340.60617258688,0.0015600225040834383
superconducting,37,73000037,1.9857578507020777,0.5824268635079226,1.313287686918092,1.3078108706916138,0.00014419521054525052,8.029699377481345e-05,-57169.903682084914,0.0016891851243263393
superconducting,38,73000038,1.9198905411283165,0.26917041670194575,0.8982674495762255,1.645428346433793,0.0004241963320461614,0.00014346999854962956,75467.24421172975,0.000760853250070721
superconducting,39,73000039,1.2016361192675202,3.3758353508970087,0.6974145927353337,1.1649904932446207,0.00015148874605890866,7.58873167352052e-05,-112372.63320873161,0.001214885954277265
superconducting,40,73000040,1.8474418351741209,0.5199931106484899,0.28703704688928594,4.268153211121786,0.0002732088295012812,5.822261289404603e-05,58547.338128693205,0.0005573064351769723
superconducting,41,73000041,2.1057123201909014,1.1761337147670954,1.6676601838622769,0.2007937944211098,0.00023585831429550662,5.597320256355952e-05,128495.40698058408,0.0003932870173352271
superconducting,42,73000042,0.20633413432294148,2.8119043469182143,1.51280973599971,1.3454628461796292,0.00032089773946704044,9.067093756063446e-05,61508.338643382,0.0003313446854494771
superconducting,43,73000043,0.6706333940451532,0.2380757876030442,0.24937664437647414,1.0279532649202048,0.00032004566517631765,6.267806160167221e-05,-103094.82747597535,0.001313542434908886
superconducting,44,73000044,1.5864875158677738,1.0708732814287392,0.039792719892858965,1.7889761070879104,0.0003123999379211293,5.562446134487509e-05,78038.64746067458,0.0005319479610749658
superconducting,45,73000045,1.5602250249155274,0.9947396153588295,0.9987158832434042,0.9714316968717307,0.00036358751322393694,4.130984668078282e-05,142802.2696820448,0.0011572789940685166
superconducting,46,73000046,0.8686466269456924,1.677609233955272,2.453767327995635,3.0515070444704806,0.00029347467995372196,5.634227849651874e-05,70593.83311188444,0.0015528600423948716
superconducting,47,73000047,0.6834493648079157,2.2609269012685016,0.37963827413066986,0.24402817513591885,0.000305309363744335,4.775893127018372e-05,-122611.85086413301,0.0005645093297550922
superconducting,48,73000048,0.029496668692948702,0.9161809245590262,0.5198979796005307,7.201973534667081,0.0001499909803805004,6.442235764222612e-05,63108.538212038104,0.0003342954722449957
superconducting,49,73000049,1.8170763229864138,0.3183871251373641,0.5821495707612976,0.4135150298222445,0.0002037244308264936,8.179210328346402e-05,-136282.9168736074,0.00027763334019261036
superconducting,50,73000050,2.3614322096990206,4.466885537473819,0.8530996726387401,2.2129822960063086,8.711036640161548e-05,6.586176132106572e-05,-65668.8433783126,0.00023011762725361676
superconducting,51,73000051,0.9829902917611348,0.46172623601213647,1.6689491525536861,0.22261715431483908,0.00023172849830853764,9.474166970120342e-05,121349.97095200015,0.001701756840194694
superconducting,52,73000052,1.5482743281040472,0.698040758163539,1.4451235016605382,0.07758214388077529,0.0003936339352028732,0.00011180160938309089,-70141.09878475466,0.000447198384360264
superconducting,53,73000053,0.7516477761243279,0.874095648881864,0.8074691711485237,0.6214123657221727,0.0002871413200168871,4.354567873169624e-05,-104723.92064972542,0.0013161645323626775
superconducting,54,73000054,0.45146168926597685,0.10096664460573834,0.9174058308565816,0.2190035043018425,0.00034110708216230604,0.00012258054552014927,-86098.51758763814,0.0009562396731910084
superconducting,55,73000055,0.17765972858794005,0.10249471821342244,0.18741875876005426,0.11783371558339405,0.00017480237142578387,7.722993638395337e-05,-79383.39168770592,0.0008175672347637968
superconducting,56,73000056,2.176666071498905,0.48045356013636403,0.24563919208271523,1.3834682235220528,0.0002553122943196222,8.719283237288352e-05,71273.29765789318,0.0003085229636499564
superconducting,57,73000057,1.5853424437181285,1.8713518213146993,0.4209318850271686,0.16286146157603118,0.00033647263349933463,0.00012686033599545665,-49464.47649770662,0.0001937404497615158
superconducting,58,73000058,0.812989532565354,0.14149363111044713,1.2092703739176502,3.7184185707755657,0.0003771359360162347,0.00011291756303684503,137520.02799152164,0.00028410997669186123
superconducting,59,73000059,0.2893757571236506,0.6841117984941533,0.28453333175369816,0.405858718781442,0.00010110119180456235,7.466008933942699e-05,118161.40107370837,0.00022305517971466437
superconducting,60,73000060,2.975897431783805,0.7691644225488183,0.8342968697856231,0.8911038949286719,0.00033674869600675315,8.169199702361242e-05,-48944.298800754535,0.0014235715214880533
superconducting,61,73000061,0.458182952455545,0.2481438615949887,0.3367774256713901,2.9911679093079084,0.00018539594863615984,8.427939070089939e-05,155345.99577436142,0.0017275477420529686
superconducting,62,73000062,4.658078759339387,0.3432694187858577,0.22696512035716682,0.01737268193436237,0.00017823681248583194,8.603205068051841e-05,-60923.56419167794,0.00038476516018681224
superconducting,63,73000063,0.15359066726411236,4.984260277277909,1.9927712442911063,2.1640819285373003,0.0002377631213272494,0.00011097967197848869,-38730.44733762382,0.00034779318407133407
superconducting,64,73000064,1.2348598741747048,0.6347475958024353,0.6846476232339941,1.3090844656505454,0.0003026724513094579,0.00013024047639425995,-63288.72617881057,0.0008613010053065415
superconducting,65,73000065,0.3273419754455118,0.1886634514949824,0.1707737520397289,0.4359523069891818,0.00015845531841795747,5.877719220633844e-05,-70865.28510999747,0.0014140242516214954
superconducting,66,73000066,0.8287704877503639,1.64925076746656,0.8325476349099227,2.1024221137362247,0.00022261167284118484,0.00010108184379770387,75845.18810954725,0.00026777442232181416
superconducting,67,73000067,1.1078892831256149,0.30923061443457767,1.0033666746436394,1.2999843845480665,0.0001468736882954403,5.5886726627412665e-05,36455.63379437984,0.0015302509066880837
superconducting,68,73000068,2.47076039510587,1.2470387902151816,1.412502011376262,0.036201754382924306,0.0001253824864319552,7.346187624333025e-05,-56542.5638443159,0.0002953737745461568
superconducting,69,73000069,1.1486977826792657,2.879890673323705,1.0983778988298223,2.499885101298693,0.00023431085323102034,3.46010088152679e-05,73166.30035766446,0.000700658388656751
superconducting,70,73000070,1.8848404509956447,1.304156906599544,0.29247417326658215,1.4605981775083923,0.00018566388883557513,6.947968598045499e-05,-113487.20612210111,0.0002586269620816124
superconducting,71,73000071,1.5747419523184012,1.5148830583798358,0.24592987590018434,0.25061514937309287,0.000468330387719087,8.460368351023743e-05,59066.4936313046,0.0003196539484351732
superconducting,72,73000072,1.6137415453006252,0.2619402755424636,0.8461981388812008,0.4698491992313279,0.00029573569950445,4.681317973748648e-05,57742.71592730295,0.0004489836732095768
superconducting,73,73000073,3.6973234824501464,0.10986235095528914,0.5713355358917325,1.8363290099919083,0.00010883453693758669,5.6143751987321006e-05,101676.86696672875,0.00104254343854999
superconducting,74,73000074,1.2121948284159698,1.3400025901732966,2.011599914072556,1.8758409478037903,0.000187318796414141,7.706051669844958e-05,-64306.02569677844,0.0017527198783280718
superconducting,75,73000075,1.491881187919906,0.6575384941456572,0.526805154450864,0.5086817013977082,0.0002286911418116215,8.164042811551127e-05,-136981.55952497147,0.0016787333847452228
superconducting,76,73000076,1.1212731803909137,0.6652685409184803,0.0829120063939643,1.0087071244343004,0.0002855286309135611,4.274448647544347e-05,-73578.38122504865,0.0005938510152118815
superconducting,77,73000077,0.5709455326376041,0.24347113617207788,0.6957130814793568,1.5058514496678908,0.0001430104993865374,3.270721381474853e-05,-64669.48353696427,0.0008703311857357712
superconducting,78,73000078,0.8963503558956317,4.0260069684496,1.3428159471814622,0.08157483117258574,0.00019425277044815938,9.66324765296478e-05,134868.27774126688,0.000361218519677493
superconducting,79,73000079,3.7261550163115387,1.2636423750163304,1.3963556884043176,0.02106264022579413,0.00031627213280427245,3.900366556089365e-05,-35750.106088647815,0.0018314353572914195
superconducting,80,73000080,2.3365057472171147,1.1400696639222516,0.35909200597964064,0.24125273139314263,0.0001834251824867187,0.0001231137328675071,-31956.46069777769,0.00020478142157064226
superconducting,81,73000081,0.4711722253787817,0.17697084860268125,1.3051860160375597,1.8917334735459799,0.00011055181324844812,7.053357209350034e-05,-82552.82361317115,0.001965020557221107
superconducting,82,73000082,1.7709123132488922,2.3311307714992067,0.5981409930366997,0.47318932829172267,0.00022325914402889714,9.789382004564565e-05,122189.6075045899,0.0011286484766341472
superconducting,83,73000083,1.2351234200653547,1.497761266818293,1.2173513367161335,1.245183982487514,0.0002476214808383768,0.00011422309144732726,-122917.77997299911,0.0005412852974867884
superconducting,84,73000084,2.0402318289383774,0.8292303405828628,0.44894007885468756,0.007966014754845823,0.00021407796577074004,7.242472412553399e-05,-57726.30847807783,0.0002895889074173517
superconducting,85,73000085,2.347397726117384,0.20702620180891268,2.0612047440266936,0.4872239137947625,0.0001958655258059999,6.50051654192086e-05,-95008.28525479171,0.0010209615165629462
superconducting,86,73000086,0.8282228469856602,2.3774234590958416,0.13122384136129783,0.552432103855916,0.00020091512756573794,7.48885333669558e-05,35469.52451119782,0.0005399256162200939
superconducting,87,73000087,0.4782581873659396,2.6283702445662485,0.11661501312219293,2.658934371172383,0.000383178728700184,0.00012900753752314312,111546.70201293733,0.00020578287215002316
superconducting,88,73000088,0.2782000205942919,0.6662114191803076,4.045887957320899,1.1881560553254724,0.0002798714244190661,6.315477071432955e-05,-92176.39876061543,0.0006760796018902513
superconducting,89,73000089,1.0099188490253497,0.7899055371662564,0.7644353855658907,1.843072020410192,0.0002993934630842712,0.00012209737404526565,-113370.94023775804,0.00224984835340873
superconducting,90,73000090,1.7612514698410846,1.4432712125557645,0.05693778468780416,0.8750562644364979,0.0001977862534374786,3.554864542867436e-05,110241.16031920859,0.001211933890990871
superconducting,91,73000091,1.0860932637988285,0.1865081601791095,0.6307749945543639,0.1431718265232895,0.0002793560526353754,0.00010994396761695629,142047.2527428163,0.0003197590983368066
superconducting,92,73000092,0.3028469221559534,0.3530161241482448,1.8487663036022375,2.373547416012716,0.00018542591765638303,5.798289735846238e-05,115332.4625533242,0.0006915789408407069
superconducting,93,73000093,0.9829902917611348,1.8610063175811742,3.5128361300480164,4.22126011517541,0.00023172849830853764,4.279018310568229e-05,-52131.20814220791,0.00037343987750976444
superconducting,94,73000094,0.9805564786449527,0.9911875398399465,1.9663303445045375,0.44210890288537424,0.00024801487605698646,0.0001641401724649609,-146241.3910653609,0.0006657630662129619
superconducting,95,73000095,2.2207995061859482,0.9736342070837425,0.5278726481584912,3.044904165742553,0.00028253915051651977,5.955277536988089e-05,152323.0537435222,0.00032299636712939886
superconducting,96,73000096,0.17834173455556768,3.9167401754595423,0.4729483412933368,2.7492411880705374,0.00041458384250783005,9.597142471207483e-05,97939.62692477513,0.00069063413911075
superconducting,97,73000097,1.0919149748228658,1.353827192155763,0.2008916572451008,0.7685074055925372,0.00018053254687879926,4.079518516435409e-05,88270.47922665864,0.0013733209929126312
superconducting,98,73000098,2.036178800111917,1.360399672530142,2.705118717115729,0.7225779115947663,0.0001757868433416325,0.00010362479949237173,-67027.99322347737,0.0005690978677437073
superconducting,99,73000099,1.4073936393479127,1.187800563716248,0.7829072417558552,0.2427269198239443,6.670487268484105e-05,7.625856984740586e-05,-117120.90579855257,0.0007072402776947195
superconducting,100,73000100,1.4649418345926655,1.244795462872686,1.1766549395656172,1.4418583243704208,0.00034607222475220887,0.00011925538899835163,-81518.41581219393,0.0014288203384406754
superconducting,101,73000101,0.2573122557720313,0.6405964645211011,0.9814671086716447,0.4442110381699731,0.00028389269892455836,0.00011060053256741484,104253.45591809798,0.0002881943526739702
superconducting,102,73000102,0.8839422311276166,0.6171289902398092,0.5434131636798389,3.7354667059112368,0.00011277245418038222,6.859180333287587e-05,121792.66958467124,0.00038603412621410286
superconducting,103,73000103,0.9969861746759114,0.6443485514219616,2.342224682491228,0.010909571448272717,0.0001793656471132877,9.393594229495752e-05,-142060.40433745526,0.0003498196129918014
superconducting,104,73000104,1.6062086159517752,0.8239156348119167,0.36958990588494645,1.630876761499492,0.00033921369390380447,3.433856853237948e-05,-44943.316901663005,0.0007735471092047437
superconducting,105,73000105,2.247045896426447,1.9236707453763948,0.3779195961112492,2.2405670997335094,0.0003204437824798834,6.27050605253873e-05,46109.96142008721,0.001105643353844372
superconducting,106,73000106,2.308522022195596,0.994355088649107,0.4182960036002882,0.28102025599094943,0.00031891619413715506,9.974539025810051e-05,-36736.35473209185,0.000258537678902627
superconducting,107,73000107,0.188008115711541,1.4523966506876125,0.0032032489121939915,1.0556358808169122,0.00039333197996230967,7.12344297149194e-05,37211.75886608918,0.000919216261340953
superconducting,108,73000108,2.075151996378748,1.0234650663477078,0.33188768889306897,2.4884671356979964,0.00019708654971876586,8.626994827363949e-05,-101421.15940194596,0.0012064894778040943
superconducting,109,73000109,2.4258621501814943,1.8966658028132657,0.1908423388392373,1.2134864984275144,0.00034253875140997887,4.0061870316985385e-05,152247.54573339332,0.000519496374392566
superconducting,110,73000110,0.06472114645621294,1.0236523958282935,2.478605726801082,0.7788460822816468,0.00030970222690712354,0.00011670242276505945,-44185.14451354944,0.0016157171606107801
superconducting,111,73000111,1.1872387506018616,3.7822524487994458,3.462661589662885,0.11046507149100246,0.00019872745524715784,4.243274801122027e-05,-38132.56126036606,0.00048476331388471074
superconducting,112,73000112,0.95547243774762,4.468265438575871,0.1489034730117107,3.699714360210133,0.00016974475809277648,7.196545747817239e-05,161858.27467840788,0.0009195631639865706
superconducting,113,73000113,2.4049629554388328,0.8274734344442237,1.2070299931625805,0.9641262755505211,0.00027182711589798726,6.609550429805248e-05,117707.6177238012,0.00030167909966761814
superconducting,114,73000114,1.63978085538182,0.5306181276198672,2.0148831166341368,0.25199653646981657,0.0003866060164184907,8.676810450311617e-05,134176.09045581613,0.0005322658224495119
superconducting,115,73000115,0.6221789426554996,1.0444670301963304,0.13541047944192985,1.2660098657309922,9.884209672301572e-05,7.579617483690552e-05,-126832.3983274823,0.0009531898251646021
superconducting,116,73000116,2.3423208754949605,4.570180622645716,1.286638672657999,0.2884154376091003,0.00035772367427984485,0.00014145638829173016,100486.97163928518,0.0009127400082550272
superconducting,117,73000117,0.6306919441349577,0.47607360859782305,0.005326900471667423,0.43239002559285417,9.046326856352041e-05,6.460477608687418e-05,-83262.81691346441,0.0016280522344867886
superconducting,118,73000118,2.5294203464156415,0.8858222579456788,2.1090273157959984,0.8810207917487085,0.00026233295406684457,0.0001368741356955197,125972.61299646148,0.0001617303529689786
superconducting,119,73000119,1.4103166830085203,1.932887767773916,1.7138901728629459,4.352598452953091,0.00010722005010237687,7.882354565902796e-05,153184.82169380924,0.0006000861763326018
superconducting,120,73000120,2.1574217858039093,4.2950676322083154,0.9090720428055793,0.4268163738613387,0.000294680687632124,8.057082286853047e-05,87840.76909434846,0.00039047319064495334
superconducting,121,73000121,0.9774708940945628,3.0558202677703905,1.1223295083095763,4.387606399154794,0.00027553958680057676,0.00011337105522300439,52106.6040626684,0.00043637242480831
superconducting,122,73000122,1.3306694859619002,2.875637131675986,3.7638174691833517,0.2771813653982813,0.0002472148038017871,4.9566084602935585e-05,-119102.3380182594,0.00033041391118715323
superconducting,123,73000123,1.600323374919778,0.7305533281201603,0.2666309213365801,0.22307599193184421,0.0004021518187891812,7.84031224237956e-05,-50655.20659740132,0.00024778297636831394
superconducting,124,73000124,0.0016238124983379454,1.7217406596096374,1.1278892934401374,1.1607776080800016,0.00035290253360966014,0.00012891638476894457,74356.3611710848,0.0010083101406252674
superconducting,125,73000125,1.4520935933284393,0.1757994944180127,0.2922308206519547,3.639853992084303,0.00011770851149765899,6.960173029341956e-05,137113.7569494993,0.001351857129610216
superconducting,126,73000126,0.9096959357485581,2.4450498300989136,1.0740585778871226,1.2261053001151498,0.0003162684613044283,8.452182730084926e-05,30071.235701012705,0.0003347401184828968
superconducting,127,73000127,1.8570280076791452,2.6858496958085056,0.3495070786463367,1.5104488816998338,0.0003797633260113819,0.00010700554754570318,-115196.88525166467,0.000569553848472518
superconducting,128,73000128,0.9743334110470564,1.9103326454306995,1.1137962670016814,0.5620301714355918,0.00030489283610715705,7.519496989957087e-05,-144320.19055888552,0.000406130577890598
superconducting,129,73000129,1.975402488585397,2.1763607064743944,0.05176939137284385,0.018302446757094037,0.0001603106243985705,4.203662411182501e-05,-152132.97014810063,0.0011597105726980906
superconducting,130,73000130,1.9731560856205377,0.3949125775004653,0.539784544135659,1.3991742039913833,0.0003169566125537899,0.00014923033086374063,115739.4332129166,0.00024580802017526513
superconducting,131,73000131,1.6734618969376698,2.992422629200835,0.004315508814603418,0.6146211096048367,0.000279322298851981,4.7114264315158814e-05,-29743.403995975263,0.0009884316689698536
superconducting,132,73000132,0.2201371911162148,1.3487657586470037,1.1162415853720262,2.292197728860705,0.00029493564237013535,8.915913718357165e-05,42518.6066135359,0.0011807213437637213
superconducting,133,73000133,1.9859450208040645,0.973062276455595,0.05861196881452192,1.2755220033688004,0.00034621020846600743,0.00010514499712208952,-42833.33989269142,0.0004413718247828608
superconducting,134,73000134,1.1174423598668275,0.6657240345959808,1.3694177729477492,2.0768945901560785,0.00017889219871506748,0.00011739696075905512,-77205.85553749122,0.0007770550526065247
superconducting,135,73000135,1.3946896530661936,0.46703846898603174,1.069093738500079,5.601032662501522,7.597668431949921e-05,8.054555181410195e-05,152622.31662701964,0.001562150227810001
superconducting,136,73000136,2.375382882282762,0.4378800513909937,1.405527211546853,1.6212770085454142,0.0002695041126093637,0.00011541911308567536,-115537.95175694389,0.0006210145158543485
superconducting,137,73000137,1.1196341829150451,1.038110359763216,2.0257537220092865,0.17881575853971454,0.00011723219495223089,0.00010010699967346252,-68447.07765817124,0.0002692134578073049
superconducting,138,73000138,1.6649732617022188,1.332089655838544,0.20270653452587734,0.048116017089352064,0.0003376240723387169,0.0001431342067521341,-99847.82358027776,0.0004327546764989371
superconducting,139,73000139,0.37359213508488265,0.35634518928101555,0.1924606916721989,0.1723682172214857,0.0003478018955580106,7.887009364673846e-05,-60993.949410913,0.0008529744578520038
superconducting,140,73000140,0.4986975483885731,1.7987154363682722,0.1044612518204358,2.405863306883391,9.903300914572702e-05,5.7357199215602375e-05,-78693.29519992167,0.0019357887813063683
superconducting,141,73000141,2.589994264460986,1.1334971231524125,0.17852288707228345,0.0915557925906682,0.0004433127811473891,0.00012960661554980863,44454.2449211126,0.001084651081131973
superconducting,142,73000142,1.1534906781572898,6.119294800463938,1.086086971279494,0.3354068733224685,0.00018536668889552498,0.00011163354763177775,115038.89174768381,0.0005824002522098914
superconducting,143,73000143,0.8589893281937772,0.37791254591591583,0.21414716648210833,1.0191667755197809,0.00013954633383602192,9.969880060099557e-05,120416.50337132878,0.0009549618347675012
superconducting,144,73000144,3.208908729946788,1.5019080720055673,0.38375515808642047,0.8517332094667835,0.00010856994690271868,7.475863188204137e-05,31462.01985370196,0.0004898684390946784
superconducting,145,73000145,1.0450579678932372,0.9776928347105978,3.7103160081348285,2.700695454709148,0.00032874535977316707,7.882081533905625e-05,-141418.87225939124,0.0002726180066130151
superconducting,146,73000146,1.156692689390417,1.6469071211219517,5.273390597244285,0.22418205450008824,9.702527451544479e-05,5.285923236635885e-05,-33161.76648182358,0.0002769002977939877
superconducting,147,73000147,2.2552415334596323,0.7488556373150259,0.1547812763751249,0.650321294136226,0.0002349519063035857,3.914169796348801e-05,-116313.143341013,0.0005147516922703744
superconducting,148,73000148,0.361719001027085,0.4541258206246546,1.5149294963999942,0.5993925273117345,0.0003610380713240662,9.263896884680297e-05,101500.33922165017,0.0010368818051400075
superconducting,149,73000149,2.016135056600523,2.3985533957798837,1.0918685119237126,0.8925863094677577,0.00013238687717074155,8.569562715212499e-05,-109813.92070093844,0.00033902946034156307
superconducting,150,73000150,2.469103741664902,0.49851864676674984,1.0825980813449751,2.7214425222331795,0.00020741819764518444,9.789985399677665e-05,-127151.79521503628,0.000289366872021717
superconducting,151,73000151,2.1852947820204744,0.7577322217179321,2.928914320203205,0.6957380953990628,0.000341109685222708,6.108434060287831e-05,136149.60187338263,0.0016499702900924108
superconducting,152,73000152,3.708360588822623,1.2124111973447602,0.10371131641640682,3.5966912237332265,0.00021330221871775792,3.779553399382242e-05,-56901.702087790705,0.0007778777094409844
superconducting,153,73000153,1.1777335001852167,0.2595962910817319,0.6504126675530049,2.393794944534095,9.360201132020172e-05,3.3477259301768864e-05,-64922.84044158235,0.0004248193177780303
superconducting,154,73000154,1.303764499068282,2.8575436197409405,0.31679061911096185,0.7578657905516208,0.0003802369037249833,7.735124433155583e-05,67620.51620338933,0.0016403494854864576
superconducting,155,73000155,0.03705149816795483,3.6667668340431234,2.8568508020569077,1.22021222542511,0.00015830242333727014,8.175561896657884e-05,-159392.3956940531,0.001798144530146294
superconducting,156,73000156,2.757184815943208,0.8805358963930683,0.16462773672768832,0.11321397447941448,0.0001790754058967661,0.00011234547499422273,-154947.97262346637,0.00023659642849528016
superconducting,157,73000157,0.39620532191403923,0.18417303928766637,0.07202363061002263,5.715519217306641,0.00013535529395637685,4.885403119886702e-05,-155008.40732080917,0.00046946594089892173
superconducting,158,73000158,1.5894542918963999,0.6775940764751033,1.1086492731425563,4.597928609895338,0.00030954440173383026,0.00011472164617143964,119240.31346084469,0.00034454569015730075
superconducting,159,73000159,0.7137455026671022,0.7462992153946472,0.5137188859732319,1.041779586191747,0.00036695302219222993,7.351575679572682e-05,42132.14766501618,0.0005298699002135768
superconducting,160,73000160,1.599842722512144,0.2594485713396003,4.662858480492584,1.9578655867515873,0.00034939907096433637,0.00015243666127693836,-132702.42045496462,0.00029662759159657716
superconducting,161,73000161,0.3868719074578609,0.48355637314431216,0.35553599482925313,0.667544186184651,0.0001318737185229733,6.491922326887368e-05,-114973.32454063321,0.00029848270275848723
superconducting,162,73000162,2.3570099394041057,0.20995761153330222,0.5329330509952697,2.290794622036681,0.00027558548852530345,7.441772681067987e-05,-152203.76215376498,0.0009272316059097897
superconducting,163,73000163,0.9787615778786316,1.0228862019590745,0.5019887363153792,1.5959362484996669,0.00035206372070014676,0.00011696288408366786,85466.7873269756,0.00035692085019326463
superconducting,164,73000164,0.9038968538322608,0.620388743580804,0.05742056820532733,0.39008079752846087,0.00021322826255420766,0.00010905024292713839,146883.6535519146,0.0005244182984820659
superconducting,165,73000165,0.2595684658021171,0.12405141314094185,0.36241266514502735,4.555791102717976,0.00022851677533693184,9.385833111338594e-05,81481.2858113512,0.00023703064351623425
superconducting,166,73000166,1.886406230137441,0.3148138175659011,1.050449853954896,1.5181871338407662,0.00017521950395372657,9.317335706194957e-05,137067.18842141528,0.000530412835293526
superconducting,167,73000167,4.431556848428179,0.7102525287975554,0.6215504533875559,0.22614429110540232,0.00024170590370117392,6.281661412268816e-05,129186.34297519411,0.0007069710458821337
superconducting,168,73000168,0.9857785849378462,1.2452095581711315,0.23000016110119498,0.16451807458814538,0.00037287636100324825,0.00012001664532779012,60535.78546087448,0.0017797341216108857
superconducting,169,73000169,2.0821709250078904,1.8398381779090585,0.2611057793363809,0.732133307997144,0.0001018718310141051,8.345077764800786e-05,-147410.46061506684,0.0002849021061814248
superconducting,170,73000170,1.809211407382793,1.3473941033018628,0.42372753406855,0.4010158630903045,0.00017045776778942129,4.532181556917201e-05,47611.47470809712,0.0005969121141064382
superconducting,171,73000171,0.9773581469660804,0.48274100113715923,1.3460512984493809,1.0094440291608242,0.0003870864853642304,7.291346240127837e-05,69129.46526388169,0.0013870983618187464
superconducting,172,73000172,7.796372467524096,0.8265093519899812,0.2814241861160142,3.4112352045433934,8.75569927653559e-05,3.5658224167656554e-05,107535.76348319063,0.0008227267840715539
superconducting,173,73000173,0.285687938062207,0.21195432993403002,2.360811478133865,0.21413350414219307,0.00032939962779228834,0.00012876349718456985,-122405.64097713318,0.0004405367938454766
superconducting,174,73000174,2.4133872382459414,1.2072871118093575,0.17679921276121202,1.274832342007979,0.00022481553326029037,6.196363923681013e-05,160923.1997301446,0.0004677955257980158
superconducting,175,73000175,0.7690418514442258,1.332985527019328,0.00676787590586019,2.3091848003459923,0.00017807274053527417,7.146046702796957e-05,-146218.66414931972,0.0015456457960474406
superconducting,176,73000176,1.2097785046792813,1.923110440377495,0.1316815427694844,2.2434871665058633,0.00010260107801777542,3.5436888125574694e-05,-105587.84456382436,0.0005856927374575652
superconducting,177,73000177,3.659667884194831,5.628959690251466,2.1122453241248937,0.029745992686928208,0.00028078894303998044,7.292278750559886e-05,42147.202029571774,0.0003855513990566572
superconducting,178,73000178,2.420527764087036,4.348160355367186,1.1955766002563997,0.25775841757496293,0.00019239929593866954,3.6954068545702675e-05,133693.51579589394,0.0006932915077781295
superconducting,179,73000179,1.809211407382793,1.6755060121517829,0.11130098921424889,0.024134628476714944,0.00017045776778942129,5.0303975560006194e-05,119789.12315902904,0.0008828673106423051
superconducting,180,73000180,0.8989605467532864,2.1867968946492757,0.361280198798281,0.01230952442573405,0.0002629789117212938,8.750778658513572e-05,32055.535509889225,0.0018279008731095412
superconducting,181,73000181,0.31693244411036736,2.052318702890431,0.03370390340771262,0.6956953556174492,0.00035732884619689675,5.223384084752125e-05,46996.17977188791,0.0012756444498669122
superconducting,182,73000182,1.3260017014754468,2.015492074103853,0.7999842974278633,5.25012575991285,0.0001004199549784406,6.915384376284022e-05,-54679.425961755944,0.0012876100479760136
superconducting,183,73000183,1.6105645611107793,0.7154259214501151,0.5852515068826487,3.613923239020088,0.00011674522429339571,4.6142360204987345e-05,-126071.10691564024,0.0011437438039104118
superconducting,184,73000184,1.5236880506644226,2.5448374444936133,0.06681413432472788,0.8762828772339522,0.0002254746581059132,0.00011920080683840327,113530.41550097728,0.0004610462287168807
superconducting,185,73000185,2.247045896426447,1.870182923152393,0.03177466639787289,0.2396749219536896,0.0003204437824798834,0.00010313888280650852,-69783.05483660613,0.0003026949830977062
superconducting,186,73000186,3.996520560797047,1.8662834546348814,1.6038682257782058,0.21161873469597367,0.00021291138471290133,9.750464726393559e-05,-39354.51512159112,0.0003030659236552821
superconducting,187,73000187,3.1178610362667647,1.8645212209017181,0.5489821370137016,1.5550558743433123,0.00016808639367604913,8.686874396167637e-05,47757.92693481072,0.00018270856259547814
superconducting,188,73000188,0.2551855384316595,1.3348190816957068,0.27887699884743855,1.8841447116342032,0.00035029751124267624,7.344882110827631e-05,115539.31144819137,0.000968664539442816
superconducting,189,73000189,1.727255748100724,1.4336841366894701,2.8171203149869553,0.525954428521392,0.00036132228315866787,7.805663174325643e-05,79724.46563278827,0.0005846955818276853
superconducting,190,73000190,0.04885175931439358,0.18763505435204567,0.5447418925422814,1.0042427233430273,0.00031544751066152327,8.460860924424312e-05,-153368.12888483482,0.00023860191469717826
superconducting,191,73000191,0.7801918944431377,0.7216487443678826,2.419299065801265,6.37605597529933,0.00025273282915626863,8.918412752611026e-05,72104.64572196855,0.001071168602567764
superconducting,192,73000192,0.29811241904812474,2.2176639070368545,1.5516239750071783,1.0984176835141874,0.0002018620062112169,0.00011316644476134165,-54151.69971881309,0.00046594028093345025
superconducting,193,73000193,0.7478410272156536,1.289072905552587,3.033910187070485,3.256656210377259,0.0004047120501427171,0.00011777290712622049,-149350.59519069982,0.00022635044457489307
superconducting,194,73000194,1.564770115004166,1.0146175069277186,0.4012249616844671,0.04493805571613517,0.00037852282033272846,0.00010616039973269673,-94033.02411779026,0.0008529216432304137
superconducting,195,73000195,1.7015585068813481,0.5686678315232788,1.5790310399184995,0.11698514126704435,0.00025113451120179435,9.574020071849348e-05,112727.7176826349,0.000535838576046153
superconducting,196,73000196,0.5620254881099037,2.4980770629063684,0.709400832682609,3.080393702931545,0.0001259967484166377,6.73310620787872e-05,-101344.76210506912,0.00022434833823717904
superconducting,197,73000197,0.732032015463944,1.8956204749959968,2.30974729276024,1.8819892215414082,0.00032402051021993906,0.0001243191088883816,-154190.5743230614,0.000561896944437049
superconducting,198,73000198,2.164696340276853,0.764649826074525,1.826493620067586,0.5918671597882736,0.00044261030581000077,0.00012630646746349624,131538.39907597305,0.0019172613330904933
superconducting,199,73000199,0.8576015040344772,2.768434520587438,1.230941631681897,0.254233092982851,0.00022355689794971656,8.84412453614762e-05,47452.399540077015,0.0008349621701435073
superconducting,200,73000200,0.2376673192799802,0.41721786475983863,1.4931933359804606,2.812670425321792,0.00019440134792172108,0.00013219527308591387,-111607.8757407569,0.0003431664999324145
superconducting,201,73000201,2.108276894941791,0.08107034899256038,0.9581527241109131,0.7186370880291919,0.00030006512520403325,0.00011787101638792218,-110957.50356761598,0.0002938468769472968
superconducting,202,73000202,2.2620283469686266,0.44997623815414806,0.5088204168521614,0.002342787392669977,0.00028425517710048496,7.8199634720341e-05,65566.152876613,0.00032259016892217056
superconducting,203,73000203,1.8060613422226446,0.4560261057998803,0.6740667514816108,0.010376017909602755,0.0003494874073551124,7.070447698079229e-05,89586.08410209308,0.0005780647510048155
superconducting,204,73000204,0.9117666122962127,0.8288910091426187,0.894920048359718,4.06586092489556,0.0002644262657861356,0.0001331267599419033,-74160.5206067826,0.0003288535992855345
superconducting,205,73000205,0.40041321133792657,1.7191224155361335,1.5184929018857987,1.2640336096352458,0.0004024940268461352,0.00010256209536870818,46014.143646165365,0.00023146880981260196
superconducting,206,73000206,1.540309891269423,1.472813005554119,0.006992170482070625,0.18841558240434408,0.0004095937579465092,0.00012110261661017571,-99941.11917685883,0.0004190974899436939
superconducting,207,73000207,2.797058295483939,0.9400279522796302,0.45924280650322413,0.2655556007503159,0.00022335849434422931,8.944077094491476e-05,78382.4977447015,0.0008390014720863424
superconducting,208,73000208,1.739386005573687,0.6503776783409199,1.1275945369085023,0.408895174513236,0.00028722560576495626,8.743876410304182e-05,-93249.34924517447,0.0023585523816386155
superconducting,209,73000209,0.9603501938682651,0.8199180819432123,0.7589192328519838,0.0247431364441871,0.0002764692613988753,4.9239146979779375e-05,50178.80151685736,0.002083317238843564
superconducting,210,73000210,0.27075804642609375,0.4070714262942695,1.9916022314006794,0.9389744817986684,0.00020794532910678755,8.049363434095024e-05,-64591.592771749194,0.0006755776994711834
superconducting,211,73000211,4.170344638599022,0.6357654277969451,0.2425411829897686,0.15070760348339535,0.00033171012125985777,5.498904274335691e-05,-36493.69525237632,0.0012341076743451291
superconducting,212,73000212,1.719176310111723,1.5517934812009113,0.40847764038393436,0.27139759906186106,0.00029360323155730466,8.525210277793539e-05,111167.64862905629,0.0011255347294623337
superconducting,213,73000213,0.8785161614632048,0.9936853881266396,1.8754563989182982,0.7834050936509498,0.0001900987981322786,6.568674883787327e-05,-105869.38555475291,0.0003107379701775878
superconducting,214,73000214,4.0038530503324266,0.8722025155068733,0.5472593755096951,0.9785417024151463,0.0002867797893186922,6.0669082163671135e-05,-134992.4834305432,0.0012061296579197087
superconducting,215,73000215,2.1901463684572637,1.4009016026539838,0.521996185220317,0.9369616856319245,0.000279986558618857,6.466673265078419e-05,130486.81143620682,0.0007358652147164594
superconducting,216,73000216,2.864204208276311,0.6659332601231172,1.5632853978745875,0.8915359181993092,0.00034311710866049254,4.294053008996392e-05,-155910.74934895727,0.00047881410150247536
superconducting,217,73000217,0.6348413503920467,0.5849989736440155,0.7182712793727196,3.20525763458824,0.0001111459403188068,4.109572744982882e-05,-109849.33424642919,0.0010934420151767533
superconducting,218,73000218,1.9762152200448566,0.6053806297589356,1.561487317363782,0.47604094494891563,0.00016059633629579966,9.406645366344805e-05,-92698.43180682819,0.0009040178587195698
superconducting,219,73000219,0.5692293257564122,0.4228321234903941,0.2658201834749605,5.591835266484777,8.177304592688773e-05,6.0379396113059724e-05,77121.99643165857,0.0008784213577283116
superconducting,220,73000220,1.3384038285766844,0.3892268013134365,2.885403170663711,1.070682308417671,0.00017821395393980053,9.237427487569208e-05,-42204.21088279249,0.0008945820257357341
superconducting,221,73000221,0.9601047520237306,0.13938309509857338,3.2075111447587945,3.616199939875247,0.00027802174533543984,0.00011036776040645252,-139380.38559490262,0.0005541903796153464
superconducting,222,73000222,1.7756901130130907,0.9010787430956538,3.5571057547479183,1.3140857059352506,0.0002553327888518895,8.691897780155646e-05,-128189.52832221497,0.0016125179420292345
superconducting,223,73000223,1.6643516159216392,0.34662003093011073,0.05913657902653007,0.24729244820821533,0.00022876777447112303,4.3732294426380114e-05,-64882.566072825604,0.00044312529025107274
superconducting,224,73000224,1.6684594190015818,1.0565290636567604,0.4095136326844847,0.7001042042023501,0.00033276501116012345,0.00010432666306650565,155741.96269874557,0.0002339777913778981
superconducting,225,73000225,1.7436456004818546,0.8139372857759509,1.3622736451862734,0.21575978064328044,0.0004068281897505449,6.816589484808144e-05,-148774.90984149819,0.0008688993959539551
superconducting,226,73000226,1.6123770956289618,0.5807541223458779,2.2788156244475912,0.5032661007303394,0.0003217263483899587,0.00011778429436556957,-139860.88524889134,0.0003014997317471772
superconducting,227,73000227,1.591685662848112,0.7320847795172818,0.595294847452129,0.1558351737798531,0.00033081032250942467,9.806542701812105e-05,-62746.634722826384,0.001728496323867672
superconducting,228,73000228,2.2999331544991133,1.3576296562677723,1.186568559678376,0.024735315866191758,0.00018508581278109257,0.00010968153644662271,-48327.12143846293,0.00033846372931370345
superconducting,229,73000229,1.6828371894615433,1.080424625343983,0.2964318806541361,1.7318174943491909,0.00021250343788101013,3.621951595597609e-05,-132367.945583008,0.00068285974083493
superconducting,230,73000230,2.171963218044581,0.8966135886977217,2.276714509236113,1.6173341936307821,0.0003294463279558731,3.851811237092576e-05,-135240.99261504406,0.00046598127413641997
superconducting,231,73000231,1.779619769455769,0.22395465961536193,0.0010937444259582856,0.013510922516624078,0.00032086911092734705,0.00013289990647438103,-80656.80419559238,0.00155148414687066
superconducting,232,73000232,2.23887679732181,3.0675768432302113,0.44261063447308685,1.0871614072527724,0.00017635071043787368,9.570516072167266e-05,-35039.58023328717,0.00017285721261317346
superconducting,233,73000233,0.20664794191672636,1.2703159831676354,0.799202968449275,0.1767176666022478,0.00045339989783564904,9.509123955394359e-05,63542.20822251919,0.0014932220574821547
superconducting,234,73000234,1.126967513818206,0.5295310653847585,0.5868837932122506,5.487462339236745,0.0001182499252568683,7.262653973525422e-05,-148082.8597149803,0.0005684967332742496
superconducting,235,73000235,0.998499552249349,0.4826268437198342,0.12219185675502539,1.2498052377179203,0.00014214614212675712,8.14799439298418e-05,153125.60815730467,0.0013732901225580066
superconducting,236,73000236,0.4987745933660912,0.827316021602682,1.8284224021455633,1.234534788981236,0.0001699798532745935,0.00010132337918130694,-49215.89526869835,0.00042019004539364585
superconducting,237,73000237,1.6244915921659069,1.6594744486351025,0.016287805626181893,2.746038579516976,0.0001693413063780322,5.9056509538311045e-05,-92669.53338022278,0.0013495849203757485
superconducting,238,73000238,3.8453903018769515,0.3354571056081809,0.8700393933410517,0.3081823663005953,0.00015199972209138096,8.259310299190721e-05,111211.13177149923,0.0005694468118247526
superconducting,239,73000239,2.590799981632415,0.3316545635629276,0.7052992106963432,0.560678118478724,0.0002151193795954405,0.00011762331753398653,133499.2250227994,0.0001910865423714234
superconducting,240,73000240,0.7012647479544974,2.791997067721785,1.5942953515913985,0.6681132726014641,0.00039524835779294843,4.140153692701653e-05,-42558.149682474796,0.00041347947009391645
superconducting,241,73000241,1.5618966589627974,0.8458527238821445,0.15357903395616374,1.0419278014854383,0.00035670189232307357,0.00011329489962843261,150672.03503990787,0.001662965597220236
superconducting,242,73000242,1.6281115368770365,1.4412992210881082,0.036707294675348424,1.2554790410765617,0.00016149852247849934,4.339677971095971e-05,-140130.74197447655,0.0016919759929945896
superconducting,243,73000243,1.0471570666013947,0.4385235451577243,0.07016803503324884,0.9759888682049176,0.00026916715623689306,3.578952420967368e-05,-56824.62545219412,0.0004115949324998035
superconducting,244,73000244,2.83275111971088,0.8956286133014982,0.5269183620218271,2.893604586244746,0.0003463481846730491,5.2550320910214e-05,-49274.204437749744,0.001223673942275977
superconducting,245,73000245,1.8041994018503793,1.174258101565058,1.4122414106587913,0.3025801362020678,0.00017304027378706985,7.226534515111814e-05,-138005.24854879655,0.0006373329372224245
superconducting,246,73000246,0.8925331270952901,0.07922460249487667,1.382606186252003,1.299212247058135,0.00017662095243705688,0.00010321694928869765,137609.68824459452,0.0006168154640275693
superconducting,247,73000247,0.7184039799130272,0.14853053562419932,0.9415561668913452,1.973465172358009,0.00024531480207041904,4.687726002254051e-05,112664.05801346537,0.0012155196156896305
superconducting,248,73000248,0.8838170727549242,0.41643489888775453,1.280564077580629,0.7641014624728756,0.0002094212074489964,4.700100705087716e-05,128036.43032882764,0.0006963518536477029
superconducting,249,73000249,0.5200964677686911,0.795424784584905,0.3985751224309597,6.820256770678402,0.000299677509865139,5.4735349488796413e-05,55160.86807978311,0.00043883166716382336
superconducting,250,73000250,1.636473838798587,1.1792117284768666,2.22279025282422,0.4972534454213847,0.00018885711832287812,9.206962283739669e-05,37144.17210661018,0.0002146120232877128
superconducting,251,73000251,2.134216849770046,0.6628087990744673,1.5575894719396697,0.22590358919179704,0.00022429812656712,7.371251591181849e-05,-69828.9549772748,0.0005006543077436305
superconducting,252,73000252,3.137863064462767,2.9758723843543216,2.7249681827726557,4.0747338427297155,0.00010356336418779015,7.609918603289377e-05,43250.14943402484,0.00032834995759430336
superconducting,253,73000253,2.6374289071136476,0.14548842163346748,0.9274290993396604,2.2531724542099765,0.00038661213328426296,6.23149503873768e-05,-106464.12734294785,0.0005520983263750043
superconducting,254,73000254,1.688887138184598,0.07930706453872907,0.508949866106689,1.3341768394039102,0.0003390662894329861,0.00011069096036966107,-73084.23822857771,0.00020911604961195278
superconducting,255,73000255,0.7872288453382902,0.13491461497307564,0.8823470923809731,0.12415808576476686,0.00042563726024428525,7.03944632883376e-05,141276.9671594292,0.00044646320929419696
superconducting,256,73000256,0.9450424330948661,1.3423136538093385,1.9216271805883025,0.7467899642785183,0.00014687733247360348,9.484012349326053e-05,128017.64747765189,0.00023180427707996193
superconducting,257,73000257,1.6643516159216392,0.6757785597366661,1.6647796986078927,2.4749258753968695,0.00022876777447112303,0.0001215400031334909,103172.97304309216,0.0002699165902582702
superconducting,258,73000258,1.5236283727331923,0.8338377827065608,0.11784380789569551,1.0855090003545955,0.00027413590373413836,6.807765516115569e-05,141664.56429023313,0.0022924366402926133
superconducting,259,73000259,1.7416826567745525,0.23626128935599286,0.6065363700911589,0.2499629451538503,0.0002272607811709761,0.00010347582294557005,-85324.85786339222,0.00026506720376934007
superconducting,260,73000260,1.5761961151057893,0.5160124897756018,0.8902194111122216,3.0520926901489553,0.0003712635747580989,7.380636052088462e-05,-39739.185781893655,0.0007222420229138876
superconducting,261,73000261,1.9922361735709169,0.6606994221373186,0.18880861134095736,1.1700186126335943,0.0002566878714284466,0.00010679203055356887,43350.32221562065,0.0011966403425121394
superconducting,262,73000262,0.6773069586598006,0.6218091682797816,0.893314635162492,0.9827023581652159,0.0004894829556181035,9.883641425387536e-05,-69096.68439950403,0.0009459753792012235
superconducting,263,73000263,1.673003414077306,0.865641499880519,2.2997676762385133,1.058166312608952,0.0003371907318115413,0.00012118023794009555,107931.22065971726,0.0005373691280691268
superconducting,264,73000264,1.558439938531111,0.670826723333876,1.056997131342844,1.6037640178123187,0.0004537396631228645,4.526800960091409e-05,149956.76609136714,0.00044106865061473757
superconducting,265,73000265,1.8184326066091443,1.7124404261841057,0.06909128890988495,2.3849342346839064,0.00029410936080249647,0.0001249874719354869,109642.84926414418,0.0003572310378477581
superconducting,266,73000266,0.8686466269456924,3.1751087462905736,3.741300282423679,0.7226221339232356,0.00029347467995372196,4.034985365716438e-05,53324.3193405697,0.0014618118734028049
superconducting,267,73000267,0.7471333528971804,0.21684937616737895,0.8126922927761323,0.2331189289360801,0.00040601954713105897,9.287257014647475e-05,-59133.07578281888,0.0005608046275446764
superconducting,268,73000268,0.9743334110470564,0.4644266379412295,0.8104463301226789,0.9743327017210481,0.00030489283610715705,7.367022153831659e-05,-136099.23065434446,0.00039840830991138784
superconducting,269,73000269,0.9041612236466882,1.1742648108275078,1.622896075187998,1.2725220997497115,0.00022566514049544267,0.00011154984793499593,-36962.13027115928,0.0014684783351965724
superconducting,270,73000270,2.298052406954545,4.336284924153509,0.3420726909969618,1.0684676255187693,0.00014746320558186693,8.913643175036407e-05,82154.9644344558,0.0006193000012557991
superconducting,271,73000271,1.5687409886494026,0.42333100395326806,0.02403275186541659,2.040715030735828,0.00034669323835467223,9.626173925019026e-05,-92303.23786600944,0.00036376878454412703
superconducting,272,73000272,0.23332047218083887,0.6787876853035043,1.2547566437183324,0.9622465608479467,0.00011199071170808938,4.051276223029857e-05,-106565.81537708225,0.0005601072115467677
superconducting,273,73000273,0.7872288453382902,0.3858868490694062,0.7169738374791874,0.33176068059658304,0.00042563726024428525,5.451295743808335e-05,34492.34742439099,0.0014604066825606922
superconducting,274,73000274,1.5827011711388501,0.9730779577732424,0.29773880349220444,1.269084405598464,0.00036770447454285754,6.691571658066576e-05,-69299.99331947477,0.0005401129404337702
superconducting,275,73000275,1.8743441088895252,0.4544293716462147,2.051328624341751,0.19741455966844693,0.00033194941870250453,6.368945869703521e-05,35806.68002498978,0.0002954867135171012
superconducting,276,73000276,1.5972932966217657,0.2401834219349666,0.4774074208929233,0.3379775782850011,0.00036072254819613595,6.740638824779317e-05,-81588.4131260054,0.0005543668864734841
superconducting,277,73000277,2.047344978612349,0.5340101784995313,0.11505921666340217,0.19416544305984296,0.00041173255910707167,9.606614056492818e-05,60140.54294915042,0.00034224506414835105
superconducting,278,73000278,1.2745230416543127,1.4224798808647612,0.6293868566465214,2.8795943130937403,0.00013293580169115691,8.484405213769512e-05,-108302.76913602237,0.002294198602799709
superconducting,279,73000279,2.0818954603971913,0.7445801679929475,1.442811503764643,0.14756927911328285,0.00039168156003677656,7.350112114932603e-05,136648.48937490472,0.0002736552383326909
superconducting,280,73000280,0.8035976051062372,1.465236363650778,0.8420135627722015,0.3082879866758049,0.00025676289020802774,7.99715134982533e-05,-118537.06749296216,0.0013031474275522
superconducting,281,73000281,2.1495682287483255,1.2110194855842011,1.6582568732127716,1.1189066464899298,0.0001968002508487391,0.0001240695500525534,45616.57210488819,0.0003246846106885374
superconducting,282,73000282,2.2807345101731364,1.2316320470740045,0.17659414934992368,3.4857190906283795,0.00042059907599722416,5.0033871393686036e-05,91778.59383811867,0.0003683197706585087
superconducting,283,73000283,0.4345738226989167,0.5996600133424703,1.4506208924326414,0.0899338144016709,0.00013952787635131874,4.7483126460474524e-05,75781.54702428883,0.0011690119568466468
superconducting,284,73000284,2.8434421370737275,0.9558750727580871,0.18891258249113002,1.5952001813727703,0.0001752713538549027,0.00010042936727783207,153995.1007935972,0.0004550082125346859
superconducting,285,73000285,1.1174423598668275,3.804143265866535,5.295432373331121,4.226172970936373,0.00017889219871506748,8.446979234537464e-05,82489.1046309222,0.0002920496350553354
superconducting,286,73000286,2.078223227971902,0.7428823663202364,0.17049502567432995,1.5545077250859196,0.0003419602928541606,0.00012982279495398494,50431.23657590632,0.0002767765407305029
superconducting,287,73000287,1.9509958106574083,2.1077178418655653,2.066778300449889,0.6239757380017202,0.00036192203193670565,0.00011693586150563037,150392.57749387567,0.0022600179162619973
superconducting,288,73000288,1.025402652777819,0.6027274819799112,2.099112900952791,0.530061952070243,0.00012162844705289779,5.435844295151364e-05,-63453.33238850495,0.00228151014080816
superconducting,289,73000289,1.1602438960659633,0.7293588780606145,0.2487853348363735,1.5277288948382293,0.00014317665835196334,9.229975596861173e-05,155519.48050470915,0.00045955584340122587
superconducting,290,73000290,1.012510032814751,1.5077953061804572,2.8035633258456794,0.13179166303184306,0.0001665815012394846,0.00010450077645436634,-48352.01692186764,0.0002636553398562143
superconducting,291,73000291,0.11515206830702315,1.3228228060719076,1.661912017268099,0.04275316986689194,0.00012159225586408656,7.902269347666259e-05,-78003.76361979275,0.000438601149355782
superconducting,292,73000292,0.06922680664434061,0.6528071970565138,2.8322337997724776,0.27269065457815017,0.00010626906575633577,3.7811601881640245e-05,-143074.88182557182,0.0005292693878813009
superconducting,293,73000293,1.4402412504969773,1.8410822352676361,0.2953701974305755,0.6255922679384318,0.00010780591577632266,6.348169450998485e-05,66599.51315623148,0.0003330981415047133
superconducting,294,73000294,1.6359231869126731,2.3610847703449775,4.552130044771492,1.366140159223397,0.0002878057748470133,0.0001311482880639412,-130134.20753829676,0.0003246168343581356
superconducting,295,73000295,2.905566007369669,1.2886881472626548,1.0911330368117664,0.796114772269336,0.0003851964123870928,0.00010109068015164522,87937.50022944414,0.0017393222556512816
superconducting,296,73000296,1.5517540353519972,1.2350798961901912,0.3547612368856492,0.33803790324375266,0.00034562850989301833,8.911582790323433e-05,73424.04055310544,0.0006440877473696963
superconducting,297,73000297,2.988815422306473,0.3868136226928809,1.033880300667537,1.0681926618820723,0.0002904805357884454,8.521386932864328e-05,-82889.67902969795,0.0007479746083030087
superconducting,298,73000298,1.666930035374694,0.5425200319458169,0.20120716308094166,2.901627461376651,0.00022023883507872217,5.441112709431641e-05,-36313.150574116364,0.00034360515427306023
superconducting,299,73000299,0.943350600185474,0.9292788140883351,2.991391916393858,0.4480641499105742,0.0002805297963013804,5.033774422933217e-05,85971.0480714025,0.0004407486233080539
superconducting,300,73000300,0.7032186101120838,0.8292827116604927,0.2646208484408756,0.10464552118926872,0.00025900018441110526,0.00011223926765987405,-77367.40617170742,0.0013394845346478277
superconducting,301,73000301,2.04889715006792,0.18021522431573644,1.2590267166185374,0.4840231793543182,0.0003397888651344473,5.5133484038255185e-05,-55805.38844153611,0.0002907753844959787
superconducting,302,73000302,1.5555632104041395,0.02743177292263274,1.025225080056208,3.1470396269994896,0.00042716198017983943,7.472855801099746e-05,-128843.18113364845,0.0002742475612495707
superconducting,303,73000303,1.003808023319538,0.6427902432758352,0.4513937265782354,1.094518881037752,0.00012644819035201497,9.654558247614844e-05,85219.99288538638,0.0012256155796602538
superconducting,304,73000304,2.0249302232028294,2.4908527260680127,1.1745016937489936,0.6470413492077021,0.00011842500109567931,6.101391657838848e-05,-117465.01007218518,0.0010619352181159174
superconducting,305,73000305,0.8554991370190931,1.6423231751904528,1.274371751008522,0.2878630445525197,0.0002961479846583523,9.535560518143648e-05,143632.1150284798,0.0002669862970284794
superconducting,306,73000306,1.5396623899786264,1.5753312119398915,0.8320191950099032,1.3186605695493219,0.0004137252163397116,5.6669894812823456e-05,-131403.9774855496,0.0014772103273225847
superconducting,307,73000307,2.2366121594200985,0.3109259510323734,0.4394042865678047,0.9247376674217493,0.00020174677808370103,5.916521284632845e-05,-93842.30469266897,0.000507880937199363
superconducting,308,73000308,1.0298344231023555,1.2458629551082387,0.14463537567285886,1.8627578068504203,0.0003383496058910398,7.101396722417089e-05,-62823.38961453251,0.0005133690449804291
superconducting,309,73000309,0.5638650666323873,0.6664384685922483,0.009354120867883235,3.4517333226656173,0.00030412584175992406,9.170558649266652e-05,52402.48742717592,0.0006189794282936845
superconducting,310,73000310,1.2245554660893017,0.6772849816557638,4.269163700234465,2.40594978560176,0.00010527436642049512,7.892761693208789e-05,-93290.67688153613,0.0010480952013747185
superconducting,311,73000311,1.9930623493819424,0.7104196247753747,0.21325991652257814,3.9949775545126034,0.0001042031758796091,4.3267148919700645e-05,116171.8904360746,0.0008609366650923482
superconducting,312,73000312,0.9116647872362273,0.4468462360815139,1.488842467533351,0.6320013678820249,0.0002856253995702505,0.00011190974678962728,-35131.98834446864,0.00034355476485242254
superconducting,313,73000313,0.3508696951154336,1.1807572098083523,0.033321288854117545,0.13252365298184263,0.0002907019572013862,0.0001389027939030964,143826.68261755654,0.00032588662495658133
superconducting,314,73000314,1.7669154252920387,0.3862346048577538,0.20839037867533947,1.5062790808938031,0.0001961637036830123,8.106586099278064e-05,80084.61759123264,0.0012908062468805035
superconducting,315,73000315,0.8536632591204409,0.8573635934328673,0.03020534283467102,1.9714741460905048,0.0003281787352219095,5.0639360522157085e-05,-82844.14842808971,0.0003473249311051181
superconducting,316,73000316,1.811722436654961,1.4131656895998677,0.26870230857781563,2.045259610655984,0.00027814824078172147,5.2284710277002534e-05,65980.0958503196,0.0011484897577014718
superconducting,317,73000317,2.3548302879724345,3.547614793243259,5.982430013791257,0.7731674934956447,0.00010171449011362079,9.145286051509468e-05,-84035.33524265008,0.00021444286286484416
superconducting,318,73000318,0.7798245869351464,1.3334797895292445,0.09046219304216226,2.7016243899093197,0.0001279210547842088,8.246442940909758e-05,-108981.65573487831,0.0016460878355728922
superconducting,319,73000319,1.3981660467385717,0.7208618792823882,1.2200765726516125,1.712471771985829,0.00036585899692608893,7.078540379119343e-05,63552.812324962266,0.0003809814406037314
superconducting,320,73000320,2.1478503507044615,0.7129007605625346,1.4375974545109453,1.3040548754911623,0.00033251871197186554,8.327256886274976e-05,-61808.63639267191,0.000671771126305258
superconducting,321,73000321,1.7024546824632354,0.6543885538003439,1.2197551214664786,0.1319731807656463,0.0002004627089253981,4.2556370597667406e-05,-111313.54721142363,0.0009465524657859219
superconducting,322,73000322,0.8417334969342618,0.1725418272322874,0.6185043125774128,0.5407263874116273,0.00015397472055154101,6.528043446642928e-05,142748.6882431673,0.0004604963881092212
superconducting,323,73000323,0.9185404352908739,0.4203653127447337,0.3190820640786596,1.1151272876739082,0.0002585471092055238,0.00012154408497635953,-49179.471816576246,0.00023962906810457435
superconducting,324,73000324,3.5634055316690514,1.2969376514878443,0.7721086528421008,0.68783719415924,0.00028159039958624904,0.00012473679719011703,-117735.70819993163,0.0005996086247270287
superconducting,325,73000325,0.9681113532494433,1.0586297163933402,1.4628506625097528,0.1304661089099914,0.00036928399600342604,9.548607017996695e-05,98445.45360891901,0.0003059961292611936
superconducting,326,73000326,1.6799989361530514,6.521837822345786,0.08332548993266263,0.6387977558120367,0.00017131637148847786,5.6085399069028775e-05,-73506.47856061906,0.00044895272060668063
superconducting,327,73000327,1.7268345147666135,2.1085309791031,1.5797717299466736,0.3668681807021926,0.0002467084824941628,9.22942781523951e-05,35535.29565721086,0.0005057068221059912
superconducting,328,73000328,1.841536827802345,0.6625551741808563,0.47034438527805145,1.855162172116842,0.00016150876458431726,7.490152809559188e-05,44032.95945700179,0.0008433400302458102
superconducting,329,73000329,0.6132971337960558,2.707911216066095,0.5801051895852508,0.2625977745260859,0.0002591248592211758,0.00010078337965371389,33537.795850770344,0.0005729057506938879
superconducting,330,73000330,2.587953124148974,0.5421678338916011,0.12757488025619218,1.4879888788550935,0.00023469683580812527,4.3138035806819145e-05,151315.38687616665,0.000998090933648036
superconducting,331,73000331,1.146830302610838,1.6049089309996543,0.0756158780783982,1.1078080368228944,9.30289699309574e-05,5.7754124085405237e-05,55872.389668674194,0.00042611360497039647
superconducting,332,73000332,1.549798147690912,1.011889513464769,0.02962634908254966,1.1345879809655208,0.00043154432962981304,8.671455982442888e-05,-154276.80187938694,0.0005367093293098339
superconducting,333,73000333,0.932393979253254,1.9552565328808946,3.7017018286467067,0.16001664296964913,0.0001977652412876681,9.395726904959915e-05,-110147.6056747399,0.0020761026901089897
superconducting,334,73000334,0.07851408242239394,0.585862954118308,0.21241371044731971,0.34004975713231334,0.00014147363701058797,0.00010055647668860617,-77026.31351581225,0.00020322351361951296
superconducting,335,73000335,1.7642928075400175,0.28884017400121154,0.5614324335021835,0.3117451003035343,0.00018680525831067858,0.00010410283194091854,55121.70303537842,0.00031219087050846415
superconducting,336,73000336,1.179443362742531,0.7073112952388548,0.10281296206830715,0.964970536430068,0.0002248345548147956,0.00010363158766291622,-62093.11309508607,0.0002876331798982853
superconducting,337,73000337,1.6541831845107355,1.1733909685416246,1.0316582407959822,0.19546999997635145,0.00023287808046737812,0.00010437127630468209,132213.4274072547,0.0016055428064154552
superconducting,338,73000338,1.1680366727633194,0.37755692278941605,3.9387563643550574,2.419266120986344,0.0001028324633260625,6.878893517824961e-05,122878.82242158348,0.000972765690598131
superconducting,339,73000339,2.0559110563741885,0.9824003424039706,0.04006510795369738,0.9963637024506925,0.00034518475581326176,0.00011866262810992607,81973.13666457485,0.000363793314761948
superconducting,340,73000340,1.8275611958714666,0.9177121976995479,1.5790149753472484,1.600440005267463,0.00025798094649486474,0.00012398289235742728,73029.97011725372,0.0002935868836360603
superconducting,341,73000341,2.0436751134419073,1.4373984062132412,1.5066957695996779,5.867129963831767,0.00011057131107910339,3.5882566637434375e-05,-115875.60892516581,0.0004647536896466989
superconducting,342,73000342,3.464875175843596,0.32014099416071173,1.23615286980248,0.2753834450163952,0.00033734405328505774,0.00010284352663037874,130809.52252769492,0.00031069462024964253
superconducting,343,73000343,2.5446689551760815,0.4441246489901617,2.2027222708681164,0.6726424813787701,0.00022650215233944676,8.438545406779014e-05,-134084.77284318878,0.00022627981556896145
superconducting,344,73000344,2.070475026004718,1.117440199560639,0.5834177314210536,2.1369292603635306,0.0002564368798111093,6.902786401788571e-05,47759.5843221817,0.00036283630849325796
superconducting,345,73000345,0.14947767060279815,3.7655204688591324,0.25675780166980905,0.6001586819830635,0.000284708058946461,5.380503648531906e-05,156809.74218184495,0.0005574225644149322
superconducting,346,73000346,0.05803009093085683,5.31189956666101,1.7777876168200661,2.879389559940047,9.303530050872032e-05,4.813928092548058e-05,92731.34031162715,0.0004942444738366662
superconducting,347,73000347,1.0883552272955632,0.8369125910297898,2.7207208497608284,0.639857060525358,0.00029764086496174904,7.479897053668471e-05,-125093.5770574021,0.0016562911191721295
superconducting,348,73000348,1.6154647224709953,1.3795373833349838,2.7663776306589805,1.6494150297180386,0.00019027075066380825,8.379883680887221e-05,153552.37640869216,0.0007531539128336262
superconducting,349,73000349,1.6204312374897571,0.8870773078011311,0.42415805585227984,5.715857463737008,0.0003187684674821735,7.758387859253115e-05,-88989.70129499126,0.000516418491110934
superconducting,350,73000350,1.0001679812517081,1.1887145811629825,0.1308536593448425,0.19694892611759995,0.0001154856088163192,8.612696635878434e-05,-147421.59774656332,0.0007561366391827984
superconducting,351,73000351,2.119686999283932,1.5515577491991,0.3450844053466228,4.050675520388749,9.136423083147468e-05,5.4103203488233256e-05,-157094.00073916378,0.0005724998248222641
superconducting,352,73000352,1.3145450090512192,1.636932351644072,0.6348253486294431,0.245205588237758,0.0003149041763069541,9.383530379790302e-05,-94765.28885507169,0.001346427959013647
superconducting,353,73000353,1.0011668523902206,0.5425789179341384,0.7854886273972671,0.8312904006344912,0.0002088877469577802,0.00011204647296086148,-70645.65639369938,0.00039614205586251165
superconducting,354,73000354,1.2320763143847098,1.5392013626382055,3.216605466292426,0.8783040603568623,0.00015300718824292194,4.7212807414583626e-05,-148019.09763549993,0.00044420611518001504
superconducting,355,73000355,1.7626829831504662,0.626736082576288,0.31095073765500325,0.7903620913974643,0.00017201876425509957,6.519808022713676e-05,-59008.70716490652,0.0009364791512289701
superconducting,356,73000356,1.6592905372575637,2.097511424070666,1.1770913261446139,1.304546036480412,0.0003772826627074847,8.077071422938238e-05,78003.76361979275,0.0002736848287464342
superconducting,357,73000357,1.7496922070695666,3.4841843633342906,0.843955617450475,2.326923418834007,0.00028001012479473425,4.161406038564239e-05,-37212.59514415828,0.000889340186123293
superconducting,358,73000358,0.19444200873876527,1.8841001905535049,0.05589715756305522,1.1659095732090936,9.404203499783885e-05,5.255227611111102e-05,-48029.849443159845,0.00036879525610575444
superconducting,359,73000359,0.7442049099834923,0.6894868869216818,0.057218377736572255,0.45938821345981407,0.0002431528603152382,9.739112895569426e-05,60743.32013627414,0.0008002751369014483
superconducting,360,73000360,0.40678845518020673,0.5870347553743354,0.3528602395338375,0.6417475860426276,0.00021180799616984217,0.00012006523326626191,-128757.29428079815,0.0003467384297494069
superconducting,361,73000361,1.5213330360217043,4.029148041324797,1.4481789400329486,0.014991371513527727,0.00026937697683642034,0.00011775522468928253,-41338.90394551615,0.00042920872720279217
superconducting,362,73000362,1.6356848189864426,0.2254010285986381,0.14934460078319736,1.5172732233697164,0.00025465871556639997,0.00010076134767192072,-89235.80366308962,0.0005833952543804611
superconducting,363,73000363,2.017229314946655,0.2807496255255687,2.2795915958203636,1.219786495546502,0.0003429798847794663,0.00012603943169015052,-89977.59890521076,0.00025543813468436254
superconducting,364,73000364,0.6911009291350407,2.6279322711660846,1.3744390242616218,5.4531118460074115,0.00010262637160525143,4.3578650919125914e-05,128768.46500681518,0.001107734707350857
superconducting,365,73000365,2.9841622279510918,0.3484837893445224,0.3343689749939101,0.7402144714527898,9.666800249233033e-05,8.316440748492313e-05,-81880.34566209346,0.0011622687164162568
superconducting,366,73000366,0.4302663134275006,1.3698640799931296,0.07865246149577801,0.2125967082800059,0.0003946093948542934,9.603700727849716e-05,-57287.53098676874,0.0004138511753401183
superconducting,367,73000367,1.1848370434159825,2.4500686207947333,0.06191942488369433,0.32989338992832784,0.0001860799409908755,0.00011699446151000637,-102382.8465019483,0.0013997816974829303
superconducting,368,73000368,2.6632513310560038,0.7234479748029402,1.682146833748362,2.6085399493099177,0.000253209345031847,7.881315686872438e-05,129893.52439976987,0.0008140380692875836
superconducting,369,73000369,2.148471253790363,0.6287020901913641,0.29190115900860114,0.5265953098930539,0.00026650965468489105,9.687333263153711e-05,-71694.34868943645,0.0007501098861220813
superconducting,370,73000370,1.7015585068813481,0.36238332462685063,0.5892852667672276,1.5623137670159528,0.00025113451120179435,0.00010665743118898135,43351.279774045375,0.0002107577000575838
superconducting,371,73000371,0.30788690457100115,0.9692377716786407,0.2854168948944461,1.3820842683948062,0.0004387736699162183,0.00012037057918589201,-140614.44384336154,0.00041968539520964034
superconducting,372,73000372,1.8239911682212933,0.6359882509616268,1.2750470993121472,1.6468694563160584,0.00014982069606917937,9.343503416073914e-05,-133680.1122451296,0.0006168967290201353
superconducting,373,73000373,1.8101893376888323,2.9722546434959924,1.9521876937108957,1.0169129736566882,0.00010310369140955136,7.176595227131772e-05,-140909.90358025697,0.00024923536423835985
superconducting,374,73000374,1.787791177904219,5.021073356211663,1.485138472494222,2.402363893417009,0.0003478639108242882,8.747374420887587e-05,-144877.06355796856,0.0010560246090173188
superconducting,375,73000375,0.8100558242117445,1.1308253458785682,0.26482616661123337,0.024573406077182905,0.00024172106923565115,0.0001146166063063189,68351.27223846689,0.0013229710925274326
superconducting,376,73000376,3.164955640386009,1.0009660125555857,2.5905916579840857,0.5298624937347509,0.0003157197847687591,8.698327356222524e-05,58009.46415406349,0.0008786186055137191
superconducting,377,73000377,0.8468970383817239,2.955832288246595,0.4848431654647848,0.07365673905980626,0.00019128571809295464,7.241595689753069e-05,-65250.70771759392,0.0002517852899301859
superconducting,378,73000378,0.4544834466383044,1.48740316877057,0.11716526903627963,0.7046123722223256,0.00022955793086681055,4.9264081947091936e-05,-132394.7818454569,0.000495040978275688
superconducting,379,73000379,0.8731745336865075,0.26378388103177286,0.2375420112418522,1.7305853616446378,0.00032017838782189836,4.9043784360409276e-05,-135528.18370585452,0.00044288790066489823
superconducting,380,73000380,0.23669461758910385,0.6290382039485309,0.10612740558359765,0.05636081821627321,0.00035245055179546417,0.00012459591592100437,157566.04991774357,0.0002066671789939999
superconducting,381,73000381,0.010742915331330835,0.6337760065945688,0.49230147906898325,1.056924054747308,0.00024094984843929347,0.00010207550147696784,97500.39013700395,0.0009774922542307245
superconducting,382,73000382,0.14536563927614524,1.7350066093181884,1.9855728260919367,0.4335675607972256,0.00036788037166538576,8.717975953270454e-05,-102899.50357738641,0.001304026247139396
superconducting,383,73000383,1.320977039436378,0.9279698035371015,1.1864514171988438,3.315062821946769,8.315866321400083e-05,6.320961475288033e-05,124575.22714458962,0.0004136622013983699
superconducting,384,73000384,0.9773581469660804,1.7757815147383584,0.3985718260600275,1.2037276269420845,0.0003870864853642304,4.054914224538658e-05,-62375.19610979558,0.0007303953305345793
superconducting,385,73000385,1.7152832381775134,0.6391717556002322,0.17221533758471813,2.8175361033415673,0.00022368333210691442,0.00011121560481545443,-100276.44802005315,0.0002630900012431439
superconducting,386,73000386,1.2993741293565164,0.846323999002033,0.1811234343391459,2.085248461190357,9.295057431738499e-05,4.6848475654312205e-05,145263.41481066772,0.0011989173685593413
superconducting,387,73000387,2.0016702035636698,1.7984583052685146,4.655318497426721,0.03926298630136649,0.00030101975971362456,7.948411859860045e-05,108114.97619035114,0.0017822034743571315
superconducting,388,73000388,0.6140519004288596,2.8920591948098897,0.7274698581524519,1.8938325228496964,9.58383237002363e-05,7.909381646164067e-05,55534.36357908819,0.0006567814287802555
superconducting,389,73000389,1.51628922636925,0.6266484858597398,1.1568859300237222,0.18782644014992986,0.00012192241559490562,4.1449991506435016e-05,-109983.701076707,0.0013270460534689226
superconducting,390,73000390,2.2994138335997194,2.178095754076661,2.1254702023654577,0.13309869773041005,0.0003146142925380779,0.00010692276550534046,-65066.152240949756,0.0011644603120571626
superconducting,391,73000391,0.577833580994737,0.7936466478733253,0.29774231267137524,0.43689350538522453,0.00020218353229256873,6.582785503494228e-05,127850.41619152855,0.000595372938821217
superconducting,392,73000392,2.597515886709786,0.8269510848653819,1.337387163315523,0.8119251186840636,0.0003828326285204614,5.648641318398588e-05,38743.9809852712,0.00028616336058663925
superconducting,393,73000393,1.8092126686889465,0.5469059199229649,2.208042961921051,1.2957439964034636,0.00018176389888872828,7.816673069914398e-05,-129280.34037192923,0.00031770685095504526
superconducting,394,73000394,1.284236348465127,1.5317974934869636,0.7012940959473382,2.476336527515394,0.0003178035082095799,9.922900987087794e-05,121195.8336650433,0.0002874685354812451
superconducting,395,73000395,1.8743441088895252,1.6827683860086555,0.1971937457906745,1.7425003711397755,0.00033194941870250453,4.241098888625495e-05,109912.79412772844,0.0005100887484814041
superconducting,396,73000396,1.1273608210712143,2.4807086019691424,4.682549391718671,0.2750490978143654,0.00016360398735847377,8.145771773282017e-05,-89974.45519625691,0.0010885030401923837
superconducting,397,73000397,1.964787364499271,0.512008492835274,0.9474365079496659,0.24698822142979188,0.00023761672417716985,0.0001024877922292643,146136.8543946839,0.00047191081436217034
superconducting,398,73000398,1.2633791336033027,0.3178736185736646,2.594860132159026,0.2564915413738629,0.0003722607420830108,0.00012561125960293396,93921.80296644659,0.0003785085956540264
superconducting,399,73000399,1.7727787551581264,1.4745272016704292,0.052889732450682736,0.6848708790945747,0.00025867300362878446,3.7670247836258274e-05,-131385.0464236562,0.00037133853733616653
superconducting,400,73000400,0.20198846264049933,2.3618155938156646,3.6739956012446475,0.6721118170021887,0.0003782292922046514,0.0001334763494907405,81601.52669231241,0.00029211867076326867
superconducting,401,73000401,0.6866505557642011,2.257338714309138,0.6507238547517394,0.7231005656046532,0.00010752169952741626,6.773797563636757e-05,64654.686179038625,0.0007145769389761513
superconducting,402,73000402,0.23130423533827804,1.016071887572986,0.34720635179003667,0.1606725421957094,0.00036043832089319416,9.868653334804399e-05,155835.1032659757,0.0003856927568766479
superconducting,403,73000403,1.0819951667079661,2.86679954926318,0.30212997105693284,4.274845171673502,0.00012072913966960761,4.266717879665684e-05,90800.37234863915,0.0003109810152490229
superconducting,404,73000404,1.8571716988653546,0.5260117872663035,0.5686500542950919,0.4258300663903324,0.00016890881089827038,0.00011393593308970739,-38596.61893116485,0.0004231766529613845
superconducting,405,73000405,0.31776446253882235,0.4815809429784602,0.3848052312707845,3.3677644000528444,0.0002011168418915671,8.091243052247013e-05,-127287.81082547217,0.0006762890637178547
superconducting,406,73000406,2.399256313033584,2.4762114202715164,0.21147121642418185,0.35415841464297476,0.00014644399189336755,5.6761505835145316e-05,-98891.96277618589,0.00027127542492798583
superconducting,407,73000407,1.6191326611109331,0.7131182727667258,0.04629611230984591,4.139962862972281,0.00012974952634075342,7.051748247976974e-05,-42999.59873229832,0.0004347731680932874
superconducting,408,73000408,1.1230099280030634,2.9123942270975958,0.6173847918012656,0.8135875164351178,0.0001115300611324329,5.002012519056267e-05,-67038.4498388521,0.0002979051030254301
superconducting,409,73000409,1.175058510179295,0.2606670756063069,1.0950198855977662,0.5195678862974054,0.00013087652583829916,6.442448501340035e-05,44357.43336114158,0.0004944542255113948
superconducting,410,73000410,0.2841034421191515,0.9118484638935321,0.2332347411196431,0.00012270199518193663,0.00019290264733201116,0.00010318878087788597,58040.62266156004,0.00018454120484005774
superconducting,411,73000411,2.3256460642451597,0.9889416659762146,1.9322067501360616,0.020477495295401306,0.00013383331443199734,8.216612086514335e-05,33951.58292562627,0.0007760770665170758
superconducting,412,73000412,3.0330014853790503,0.386676695914944,2.452736071654167,5.482198218962507,7.95235036282894e-05,4.0374284032679534e-05,58341.4794243412,0.00042803444357400006
superconducting,413,73000413,0.2625713912754669,1.8083334704263323,0.4484726527396736,1.3464279432614967,0.00032474669744737936,0.00011800896394618408,-142815.8667508532,0.0015717170407277732
superconducting,414,73000414,0.8138451429135207,1.1891748590416396,0.31679065972714454,0.9899651258620463,0.0002266143675278136,7.943328674514733e-05,-127872.54990537398,0.0005373598332854774
superconducting,415,73000415,0.48668150923527065,0.683868853803596,1.3327139498183551,0.7999952060788302,0.00014726182405783392,4.779234141905975e-05,-47256.26333916181,0.0005839090978552621
superconducting,416,73000416,0.15842486494835353,0.4557892634897692,0.43220967650605113,0.40685539754452604,0.00012796090631249582,7.840155576182355e-05,149738.9020133163,0.00038329649034272105
superconducting,417,73000417,1.5975269685190658,0.5526072593459221,0.6545384440315956,0.5007596312887989,0.0001905562279625144,8.649413459460208e-05,37703.518628173886,0.0003814699545341357
superconducting,418,73000418,1.5897336621607503,0.7488645096762302,3.108644877537741,0.5502271891672131,0.0003641911087877795,0.00012608759868970674,-89378.40715265859,0.00020592765939302663
superconducting,419,73000419,1.9681717570239368,4.875666267582645,1.1650393808188801,0.5465898886439641,0.00030143219218889476,6.984643257791047e-05,68516.69874013541,0.0002662509354861449
superconducting,420,73000420,0.7938086763339013,1.7537321448189551,0.34462267165917876,1.3788517234051412,0.00032345602169660953,0.0001344123555290822,-85989.65530676242,0.00022082225174535123
superconducting,421,73000421,1.4081037054653294,0.4551409620688528,0.6313856757144388,0.6919042754147309,0.0003064018231813879,4.757971382514891e-05,111873.55665949378,0.0017194471099969415
superconducting,422,73000422,0.2985824248040319,0.3760485254633073,1.3750383663293997,2.4223658834628496,0.00027488450091216334,4.334080218136094e-05,145528.0166438377,0.00039344238226123827
superconducting,423,73000423,0.828842492752704,0.45246480957138174,1.0410455826921896,0.09399801821477843,0.00033434733662833103,8.987102602423529e-05,87404.76898443402,0.0003135917896816904
superconducting,424,73000424,0.7019018579869267,0.5280437204496615,1.2804530438662822,1.1783488145733148,0.00022603995840006657,5.500670339163155e-05,52619.64441107989,0.0018670711205997874
superconducting,425,73000425,0.7669234800810419,1.281447042531643,0.43107235074246464,11.32202427977339,0.0002045273266271185,8.241391280970971e-05,153241.5965743386,0.00033180281419837215
superconducting,426,73000426,1.6278913743882388,2.098957489230639,1.278730463562535,2.109193393350561,0.000290420704165129,6.245044213583924e-05,79941.2018252086,0.0008597944513060077
superconducting,427,73000427,1.0234279665402053,0.5593387982134171,0.6445501895172839,5.115369680223957,0.00012031798064795893,7.010128305371771e-05,-100415.75502976702,0.0008347661875960587
superconducting,428,73000428,2.444978322362952,1.9647750261358987,0.026591419108758195,2.7499794862138858,0.0002198558530056842,7.964634430673299e-05,-77979.8964315948,0.00026835702437491793
superconducting,429,73000429,2.387369910649144,1.4252101611405852,0.3775979950995202,0.627235347389948,0.000309882291863621,6.128255217337284e-05,-125394.87140428818,0.0006088297047335589
superconducting,430,73000430,1.6139999931309932,0.4679982789375142,0.13509500713704753,0.3762738861866169,0.0003089923838827191,9.804841548245635e-05,-113320.3096078974,0.00020379093237471555
superconducting,431,73000431,2.6859955650355634,1.3096689229783458,2.3502264888000575,0.2632244618168522,0.000157540448025903,4.21430296939465e-05,37513.18458983761,0.0004782034021499192
superconducting,432,73000432,0.5939635626844308,0.35055963394999556,0.0806554476813603,5.063835772651888,0.0001876367945215661,8.368526295038593e-05,143144.54154228055,0.0002359967273192202
superconducting,433,73000433,1.7436413395407986,0.5271000892183502,0.10630907025462513,1.7714582957104734,0.0003193271541294366,6.71541640169156e-05,-110110.47815830397,0.00026764777921536875
superconducting,434,73000434,1.2732274001684452,0.2910457802379568,0.5443996643191991,0.39104700769747963,0.00019345849125303817,6.581904813669282e-05,154124.4825050543,0.00023632781237833888
superconducting,435,73000435,0.008247289895822086,3.264759061653095,0.13919210511475794,1.9978160457573204,0.00033981206252648366,7.046761287543401e-05,108636.959987894,0.000679538406805953
superconducting,436,73000436,0.8025308484639526,0.5649906405793459,0.1545024912617769,0.43668965337237176,0.00024388215304631315,0.00010750148605958653,132942.78787298166,0.00034105561412436035
superconducting,437,73000437,0.7178092342170627,0.12808377411174893,3.083381137485784,0.507017628618783,0.00037775594930918494,4.063834769228124e-05,-141249.03111793974,0.0004831939859688906
superconducting,438,73000438,0.7285798295580834,0.6736359161980487,0.2836293040330424,1.9057076526606296,0.00022404841999041681,0.00011072500148570852,147424.27934770158,0.00022343324746448322
superconducting,439,73000439,0.5482635433672933,4.163444836376641,0.15993413960365926,0.02867697123983015,0.00036863188662052446,8.84207687297383e-05,-144791.5669104329,0.0005400164087938937
superconducting,440,73000440,0.7840568575149272,0.4471509950356799,2.114369356747068,0.31708150310096433,0.00039026339735865587,7.795422499688651e-05,75315.01792128591,0.0003086459280282745
superconducting,441,73000441,2.004244273511306,0.633883734827069,0.8181571898426407,0.6622179860933348,0.0002344352270398579,5.1373010217878184e-05,-72422.26225555489,0.0005001512143925775
superconducting,442,73000442,1.5251431831436864,0.4582949066460465,2.444425468327461,1.1118190961622452,0.00034889550902961853,0.00010424240144132264,-157346.92758714632,0.0008196415088424101
superconducting,443,73000443,0.12875265961784246,0.89486331382633,1.6028790777771762,0.46422909836323567,0.00021684430950289857,0.00010139652492657767,134905.7458569362,0.0017502728703273956
superconducting,444,73000444,1.2920751434312967,0.9857093563451681,5.151903874853587,3.3707994063202182,0.0001223676769862881,7.410949501620636e-05,157843.8257264178,0.000980447550536932
superconducting,445,73000445,1.639022686100067,1.0871826658519201,0.35298105218352754,9.167858137429935,0.000250613565406143,6.982777786458772e-05,124411.81564152155,0.0006129195680079309
superconducting,446,73000446,2.6272239307452034,1.3494809770255245,1.3772740470102747,0.5749497124092816,0.00017215717931477064,4.9032642113688685e-05,-130031.8707936541,0.0003934460240601085
superconducting,447,73000447,0.2641942195928818,0.9293944046499194,0.285341827456179,1.149898202142451,0.00034700091867415187,6.044891290900232e-05,-46029.13388868845,0.0020908270540581026
superconducting,448,73000448,1.132358473825523,0.2952249017024905,0.5678642220551369,2.4476333287514183,0.00038041690275302236,8.842475068722219e-05,35476.43527427842,0.0016362607506332136
superconducting,449,73000449,1.7175945780842812,1.0351593583781715,1.4534658387872859,0.11775832984646421,0.00025929516606033117,0.00012014345670395709,-56743.52356882201,0.0007758452892294174
superconducting,450,73000450,0.08713097653497755,0.24900207397028695,0.527445944006651,3.081702506742192,0.00010961665249223331,7.552557924031638e-05,51998.613681256546,0.0002107748397590396
superconducting,451,73000451,2.894749345967518,2.5100056814502296,1.5881373596978128,1.0055569482200384,0.0002651915643273672,4.012216075204813e-05,-103741.35887061308,0.00043613768599751114
superconducting,452,73000452,2.484359383039729,0.7795101737356441,2.4124274316527137,0.32768699057082856,0.00038849442440090344,0.00014819660024198157,-62014.3981504342,0.00020955905272797938
superconducting,453,73000453,3.7426551919937543,0.16114340016825604,0.29166309467002993,3.422690792835732,0.0002758358959449291,8.209066620861358e-05,-68681.58076598759,0.0007831408354399978
superconducting,454,73000454,3.0272959002258064,1.7611712817891607,2.074638599880742,1.3661746708390958,0.00032753670666132436,0.00011607653587327245,-142869.76677002455,0.00019922214968433224
superconducting,455,73000455,1.535545074571258,1.077019792039236,0.11727468739907648,0.10205148572863305,0.0004039457418873794,0.00012452193534378465,93205.2951418678,0.001689629529240229
superconducting,456,73000456,1.7484554787121627,0.6710299796812957,0.24748589068067905,0.19416076893691053,0.0001980225345697898,8.677707384082964e-05,-47281.773942296,0.0007708675224431673
superconducting,457,73000457,3.0832651890168035,0.5153726636013987,0.3278041037846446,0.5891792205124735,0.0002537258901137106,0.00011348754669239196,-113850.41042831993,0.0008345099290133515
superconducting,458,73000458,3.3839804243807725,1.8057742364728628,1.523141358125212,1.224910239501249,0.0002989769945566875,6.038190720818887e-05,62690.194893250955,0.0005789257988499511
superconducting,459,73000459,0.756044324196496,0.7575484239286402,1.7632660023877116,0.5793379863945336,0.00022207437312410198,6.512899293219075e-05,139718.12947040066,0.00039232816228088166
superconducting,460,73000460,0.9743334110470564,0.42252402828772323,0.22387169209819213,0.5487810339447075,0.00030489283610715705,8.846674774319888e-05,-126353.1167958871,0.0003881000311440018
superconducting,461,73000461,1.6632601392675321,0.7578206891817587,0.41889277937311153,0.5806655624470869,0.0004322328755857788,0.00010210615107257947,-133821.14163315884,0.00042609937314772104
superconducting,462,73000462,0.12555107380419891,1.4491989067977635,3.538022146681918,0.34838512936801663,0.0001473392794412763,9.571110247310305e-05,-47792.171202936115,0.0013029548391434442
superconducting,463,73000463,0.7328153380222032,0.6795290652124243,2.576164669257927,0.9422919195608588,0.0003369117443088912,0.00011122743005062437,-114158.43464617648,0.0010291795540124076
superconducting,464,73000464,0.3301165734774519,0.3309051689065125,1.2319722371146213,2.8987022951003443,0.00015693586118579908,7.839903470746598e-05,-144140.97085922668,0.00026248422626043216
superconducting,465,73000465,0.795580847286712,0.9813616538813438,0.1882851293499661,0.533868911247679,0.00034388288666559923,0.00011114316004918257,-155646.56609568483,0.00022096858095990287
superconducting,466,73000466,1.0060584981268632,0.5497317419357417,0.7797143982486908,2.0929541098940914,0.00012378545219017266,7.134048037329338e-05,44232.7834583166,0.0003154481741183992
superconducting,467,73000467,1.3843710499476731,1.9315046921424148,0.35473219705143055,0.08107200635148434,0.0002866927014211897,8.759811868458207e-05,91706.9353315835,0.00023021824764790885
superconducting,468,73000468,2.0104529491282404,0.7638521333363999,0.40995949047113384,1.0172918197720144,0.00019720113846285317,9.226938407121244e-05,-76686.82939812893,0.0009346398002241513
superconducting,469,73000469,1.786796348244127,0.18803216219797786,0.9221889000334139,1.2376067304809808,0.00022128453067896443,7.667932989639586e-05,155382.68945464262,0.0003495995214909629
superconducting,470,73000470,0.35494411887039373,0.5886968725619781,1.2560067275483826,0.40597682670986124,0.00019575153272003535,3.927975814655804e-05,-89710.83795463161,0.0007813889155397744
superconducting,471,73000471,2.6995350058334298,3.3688871079779203,0.6855964878588532,2.582803260446346,0.00042555085170795987,9.789364658701752e-05,-60115.38610877634,0.0004697094226149104
superconducting,472,73000472,2.0001842252871582,0.37417045040176095,0.3228602349404867,1.8647041648518226,0.00014474538304904766,0.0001062886310006114,157636.9417865707,0.00021861931909484557
superconducting,473,73000473,3.0953110676329145,1.2037296321833049,0.04295811913418547,0.15049937297298377,0.00032155946017423695,9.162052425164575e-05,81633.89029744746,0.0007522317766515492
superconducting,474,73000474,1.5747419523184012,0.37659699268989566,0.38038660002318225,0.02785425127074631,0.000468330387719087,6.454949550013617e-05,139486.23450678962,0.000566883436968486
superconducting,475,73000475,1.0021325429014571,3.2077444585799526,1.4569123790952359,0.5963996832211733,0.00029939952459070524,9.925495373529337e-05,89961.33078717165,0.0005340920993289211
superconducting,476,73000476,1.035841776555871,0.7844380557536087,1.0413122549248919,0.879168687998186,0.00027536569333283805,9.859459836751676e-05,-94387.23394304147,0.0006066747901924221
superconducting,477,73000477,0.20055741248918046,0.7511804160091032,0.1393407700728213,0.32697844284030075,0.00037760920209593026,5.315905867296644e-05,99138.55313965776,0.00035572103490066236
superconducting,478,73000478,1.6931585159038385,0.23077196011138484,0.37607249100078427,0.10122485087547244,0.00023548132614777787,6.206741921813716e-05,37187.83343565471,0.00044140492177637946
superconducting,479,73000479,2.637836737285733,1.9704354092019443,0.3868065175250395,0.6587525291507275,0.0002586378476350198,8.351086230353168e-05,92204.031498795,0.0006602213563935308
superconducting,480,73000480,2.114415832809107,1.13496783709458,0.11708421821066667,7.75556708430605,0.00023078445747155507,9.362145521667127e-05,-146603.4499927677,0.0008487253332716072
superconducting,481,73000481,0.12102800978348101,1.429211499742341,0.05791954863748797,0.636231515350062,0.00016943179137050772,8.98579833765373e-05,144579.68071532637,0.0002536979599117587
superconducting,482,73000482,0.489766910697614,1.691472701275552,0.45000645654473365,3.2456062828681183,0.00012188412241560222,7.420199351418347e-05,132050.56202717108,0.00030932805867301175
superconducting,483,73000483,1.695056694776672,1.6335368682698033,0.20507482214590478,2.686294258642361,0.00022076243519527958,7.168273507661513e-05,78019.5767158262,0.000798960923375209
superconducting,484,73000484,2.3516870744346208,2.3230639522652625,1.291814855437128,1.832139559972767,0.000312719077267988,7.646287643116236e-05,39353.26896287769,0.0005779043524168857
superconducting,485,73000485,1.1976793019634027,0.38353566505610737,0.4121610457143398,2.9092736697113755,0.0002760676561701506,0.00010123668929637935,69815.59865473096,0.0003747375071626566
superconducting,486,73000486,0.06519370117720484,0.36256154374419564,0.4429943422382724,1.0636390196821037,0.00017965890189595844,6.269230394210804e-05,112091.18367350972,0.0011423070179607372
superconducting,487,73000487,1.5240317876434815,0.5219880884063339,0.04353533503805244,1.1914235080292168,0.0002266821809789327,5.8053772799464925e-05,124872.9986551413,0.0011880217478947026
superconducting,488,73000488,1.0531303918972341,1.1660878487853845,0.38234429504766804,0.5277973847629627,0.0002658612073717833,0.000124706344611452,-58342.289308515254,0.0010620678297995959
superconducting,489,73000489,1.495150991333761,0.9107273405645108,0.08793302551225943,1.5064084820404653,7.835903432774258e-05,6.675811518835632e-05,-147684.46604024348,0.0003655693589528371
superconducting,490,73000490,1.1937581121465104,1.4257936913986247,2.0781662500320115,0.1185087671708901,0.00017388090291516547,8.655917372275348e-05,-140303.29204292214,0.0003223682847007943
superconducting,491,73000491,1.9550462448805832,2.082122872320995,0.3083803825553269,0.8706330986534468,0.00013507336600350822,5.31727816403501e-05,70727.65007683096,0.0004279889443307651
superconducting,492,73000492,0.2006821302551815,1.072321706883128,0.06838626505919305,1.1166838558862802,0.00042684001720002813,7.043306904528427e-05,93512.53068365411,0.0008161998267515073
superconducting,493,73000493,1.4103166830085203,0.30351688590431397,0.9796632914466679,0.9915745142094046,0.00010722005010237687,6.839635329589158e-05,136045.99253460576,0.0006715204869276628
superconducting,494,73000494,0.8360657593781103,0.40552040034729836,0.19104889374434023,3.558292556594992,0.0002532545637830727,6.692583361610586e-05,-76627.57359905147,0.0002770079668354517
superconducting,495,73000495,2.4600059156699645,1.5984158331404774,0.1386873318895134,0.029498178547607,0.00030430387744272836,0.0001333062749070777,-129023.69115100625,0.00022886820799446184
superconducting,496,73000496,1.132358473825523,0.45733868709978703,0.9176466393163121,1.4913696158889,0.00038041690275302236,0.00013011872325498181,-55850.76053872824,0.0005416538160632487
superconducting,497,73000497,2.4472859425622615,1.5331898272850135,2.305736234712402,1.941993522884538,0.00022284212650758634,9.611561927237077e-05,93323.17727439442,0.0006111177428129555
superconducting,498,73000498,1.650842079648444,0.8484082991862794,0.12145117872792713,0.2881782670615675,0.000382849602924667,8.205372507014854e-05,63136.33499148965,0.00035789016886816975
superconducting,499,73000499,1.9328436990760791,1.4977423477973377,2.4098286887165528,0.3695091633568264,0.00017202095602120287,4.186072828624937e-05,152206.96753252274,0.0021475781313390046
trapped_ion,0,73000000,0.5255846910643024,1.2343933528535291,0.28371131332495997,0.6243685570928934,1148.8498823275258,1.057248225402464,5.235558328993266,0.0002534266932987861
trapped_ion,1,73000001,0.6636163821400999,2.083752804253446,0.6266886395755027,0.26658964490930165,122.73835371271542,2.4956682158224335,12.30989397418527,0.00016153207340011217
trapped_ion,2,73000002,10.618632982045613,1.0128473549933485,0.831525186326568,0.1612413903509803,2656.5527071197653,0.32281382387138835,10.941943001270262,0.0002357286766017286
trapped_ion,3,73000003,0.3898301012634996,0.6491679321163938,0.02076070939743978,5.352703297177281,141.97408890151064,0.6186288724735093,-6.466323583969536,0.0010131880128477068
trapped_ion,4,73000004,2.890958600802873,0.12848934311941002,0.23252862116293532,0.15781444760792068,4398.47686434593,0.4525273150951885,4.233623372689069,0.0018527576785093774
trapped_ion,5,73000005,0.44872710339065747,1.3938110773687642,0.020458205228954134,3.4243597507307135,163.02962188030094,2.25888240187818,-3.681035547262307,0.0014983014832849167
trapped_ion,6,73000006,2.0040795910332907,3.423977414559509,0.051477239805890425,0.20838373821449938,839.7652717302726,2.5591739386025036,-7.236229186519265,0.00014089617697963649
trapped_ion,7,73000007,0.3744577986562252,1.8621802196139732,1.8368357345764257,0.3556488682701249,582.6530954556855,2.7867675034231176,-13.910366468331238,0.0012363693108664315
trapped_ion,8,73000008,0.46182326844028015,0.880332489160638,0.9120672356035994,0.004284845351755287,144.67641722937333,1.1611075830675233,-13.487432653583303,0.0009191414068535625
trapped_ion,9,73000009,0.43439973103521046,0.608111271594037,0.18074569706886087,1.2092996179638233,1085.5548961769211,0.5631774102189966,4.421404807167436,0.00040442656729201734
trapped_ion,10,73000010,0.8363747690711206,0.7057441518067288,2.7752605562675177,1.9038669894775748,158.98145634662697,2.4138269860640578,10.205679982537035,0.00045307292922735056
trapped_ion,11,73000011,0.36966684892752255,5.864756432753412,0.3960236518142459,1.0487290039204016,853.3097403331979,2.720321730184089,-6.757060367303468,0.00016700643181195225
trapped_ion,12,73000012,1.2334556836288724,0.10780429377406398,0.26864783631711053,1.3787247427109732,270.7463442454184,2.0257486960241833,9.608122779144827,0.00016803376710149408
trapped_ion,13,73000013,0.3726453686318464,6.71624800796409,0.5288724496991509,1.8598370071071684,622.9988870573217,1.3703467938444438,9.051220364349822,0.0001319825037634493
trapped_ion,14,73000014,0.27939461028460266,1.6423052734692576,0.06484034672266442,0.6443689248551463,864.9234017966079,2.7975955704388618,-13.423738303718979,0.00039496771994219606
trapped_ion,15,73000015,0.39155842614256087,2.1563301698275565,0.042531286660366915,0.22681490143084582,365.56430125704765,2.295515908018364,-12.479516822407541,0.0005577636816851453
trapped_ion,16,73000016,0.43870078842784516,1.078044279479207,0.8839364933732986,0.0570283682387524,2002.7850397266109,3.0909169528068574,9.40786692390173,0.00036340066044861317
trapped_ion,17,73000017,5.102774636550463,1.5336676625762395,0.7047518386291999,0.10594783068568225,7942.96452032852,0.22467473831368526,-14.877533846633963,0.0007640870059192294
trapped_ion,18,73000018,0.37511564706558204,1.0246870553340202,0.7063456946857709,0.9137952777556604,930.9861615629698,2.5639522885263935,13.490721585850276,0.00019271898870687137
trapped_ion,19,73000019,23.341628389985047,11.404762363442511,0.5459192901477412,0.7516733707063343,1220.577501634253,2.601579253299497,4.20742476652555,0.0005655248125202903
trapped_ion,20,73000020,1.423711504733131,0.6690833231310254,1.2894269623473145,0.5605411611971803,348.0404851778063,1.1515731744275512,8.625575513605076,0.0002785309831039091
trapped_ion,21,73000021,0.46734612971546563,0.776688042842393,0.49252357947978,0.37819222304004596,86.14009212654231,2.4794834643615182,-13.437800664443449,0.001797686283571575
trapped_ion,22,73000022,0.3863069591278429,2.332733445951838,1.845741952359476,0.013372758200247602,3673.7996007066054,1.024175571217978,5.587288154701668,0.00023776808075945833
trapped_ion,23,73000023,0.5055654583167023,7.9713697017657354,0.24783874209540158,0.5747033819810916,105.15301140464791,2.524472946070545,-6.313717728855601,0.0011945259766268635
trapped_ion,24,73000024,0.8659198572670442,1.914005037171762,0.9257416312551698,0.03352067941925155,165.74471940045416,0.831527858638621,-4.7036028374482095,0.0014077532718138757
trapped_ion,25,73000025,2.278656857424949,13.98309297169701,0.8423192536296094,0.6479608472980816,3956.184201411117,2.7727000764935656,4.431407565675484,0.00023537201521009617
trapped_ion,26,73000026,0.37451945588291,2.94431823296412,0.5732118040445038,1.8313220091805458,163.02961904628899,0.9866220931255465,-6.237058934621743,0.00033292637161082267
trapped_ion,27,73000027,1.518076808366554,0.6980744570083524,0.03681244367437063,0.463732074466575,395.5555425119077,1.3735092990630127,-5.068359683177506,0.00017889566991567812
trapped_ion,28,73000028,0.08072055698495524,1.0741216762833168,0.7481664899380654,0.7163304699296742,3381.97883766649,0.6016108961297786,13.670679153951122,0.0008046258641539317
trapped_ion,29,73000029,35.120001060606775,2.900595622934323,2.235089314167639,0.852232761149782,592.3371525757625,1.5433777419685537,-7.316493263846212,0.0019245222049160105
trapped_ion,30,73000030,0.521269630430512,2.9292479409184056,0.449568366396843,0.11771627478296592,109.66607312076322,0.9368899890357325,12.452095305405017,0.0007375443737826554
trapped_ion,31,73000031,16.759261849863343,0.5015661029253227,1.170711901667292,0.8273283993935721,406.90286502582916,2.7560325496778546,11.923362731253983,0.0017797842144817845
trapped_ion,32,73000032,0.12812099065874694,1.702056927895908,0.9235615298221403,0.6999869450865444,2225.1469412653787,1.6716257697191979,-5.1518841326215625,0.001871789089649618
trapped_ion,33,73000033,3.98074815737939,2.054046735993185,0.29130108999806265,1.068319887102263,158.27959536302893,1.2069515766591181,10.562134844921944,0.00026989949661493205
trapped_ion,34,73000034,0.9968596663020288,2.8085513698378732,0.3186163516926448,0.3449407237812181,5629.923346430191,2.6870458591789705,11.27567938603176,0.0005526098976860865
trapped_ion,35,73000035,2.396677232991796,10.919636033410116,3.616882151329085,0.8560623308075146,4563.6093263157445,2.5420087425758116,12.75204699595194,0.0006396775729536481
trapped_ion,36,73000036,0.38962672915238994,3.1002867385621706,0.48678261632278547,0.6757036846613614,381.5902103462457,1.4138366416079127,3.9099840798510352,0.0017395165107830658
trapped_ion,37,73000037,5.797786213107623,3.057184837013718,0.48645724303895665,2.013920206539712,277.8935712508827,1.7072995675272233,-5.120876778185798,0.0017178815847405614
trapped_ion,38,73000038,3.0880206638475736,3.414150458509185,0.41616864456646785,0.6967483045567101,8543.724468682809,2.802726786155984,6.642435857376132,0.0007251548573422191
trapped_ion,39,73000039,26.686036174841853,1.1571158952813527,0.8759649856345253,1.9658864450301388,293.3458276718713,1.5751910694112665,-9.724895053992475,0.0012248173926492107
trapped_ion,40,73000040,0.14439250567191766,1.4136094484840478,0.7434392548420836,3.7966558994511965,1853.0463328744286,0.8754706193866748,5.167094863620682,0.0004596589792371678
trapped_ion,41,73000041,20.058268549720456,2.1811840054991114,2.4811472562791477,0.4452739588267362,691.6665967944556,0.6640100406309117,11.723059982918445,0.00022169156851492382
trapped_ion,42,73000042,2.2638694404326087,2.8569699099370665,0.5932966202233345,0.7503580240604826,3007.4619224652056,1.4997924994827097,5.718960929257782,0.0002443339437849512
trapped_ion,43,73000043,0.13450058985711377,0.7519555889117125,0.47822471024809854,0.26874741882685355,1416.3244739562115,0.829751810527078,-8.858752952414967,0.0010977039126983978
trapped_ion,44,73000044,2.0143011144614063,1.5810670329136378,1.9297795294971993,0.512974575048665,1409.866435432489,0.5866354174272134,6.556479314881037,0.0004176658795740953
trapped_ion,45,73000045,0.16036826135395718,0.4778395515978085,0.4363835915464793,0.6200104257201989,3007.512448764592,0.259871769056189,12.205814596060177,0.000991292671296558
trapped_ion,46,73000046,0.45812891617688745,1.658498688883379,0.399987539102167,0.41586954385002284,3843.999008195689,0.6727126810169031,6.020240124329431,0.0012866101461957518
trapped_ion,47,73000047,0.5616162061746635,0.5726524563115889,0.09815415128823936,0.26539362485578377,1992.9369582103714,0.3337806108071022,-10.773874035975128,0.00039680370312992054
trapped_ion,48,73000048,0.41937157817531634,1.7506126305862495,0.2765950886164512,0.46610087394606065,227.83291928640816,1.1816395023210895,5.519421557721028,0.0002555753704738627
trapped_ion,49,73000049,1.8621439636259818,1.1025041856084359,0.4243652768495996,0.1462623604282203,660.034563153989,1.588670866492679,-12.5417140831276,0.0001495037793708961
trapped_ion,50,73000050,0.5369596942318983,3.6650903540779702,0.5008989236439789,0.5283981233592003,98.80961727634127,1.6035906572032539,-5.623003722697053,0.00013834772490299373
trapped_ion,51,73000051,2.0040795910332907,1.367382427805266,5.558015739854724,0.3396175064757478,839.7652717302726,2.8269345862990143,10.629874514577503,0.0017345774694315188
trapped_ion,52,73000052,1.5367970020740103,6.724486308410749,0.7750162140647893,0.6446695203176176,4233.178793914204,1.84895032057234,-6.117582342122635,0.0003666265852191325
trapped_ion,53,73000053,2.3643339214658745,1.4911750684721754,0.4885643158081347,1.3130398531732652,1847.9367534675423,0.30106369255400245,-9.617964017177808,0.001340302462203177
trapped_ion,54,73000054,0.1044634493556069,13.213046885680512,1.7266065354009799,1.548459314397998,3787.70956429959,2.4471111382062545,-7.330736022203596,0.000956509770751638
trapped_ion,55,73000055,1.6216595422914597,0.6057267540923916,0.806351432680725,0.1502424752336534,457.3157588020339,1.2922469157396195,-7.101103043493367,0.0008972144743118486
trapped_ion,56,73000056,0.6062501533099257,0.6932010627684366,0.0867470677010933,1.4947264581874191,1470.8902259220022,1.6232409643575092,6.531539721228321,0.00022500317759746553
trapped_ion,57,73000057,0.5585778256151872,4.667104513254613,1.917959800837545,0.6958695420580827,4067.3758302761216,2.2906116909151297,-4.380290252990966,0.00011052269350074736
trapped_ion,58,73000058,2.273104237554805,6.606604681263059,0.36725557114021307,0.13915764867408342,5117.91792835217,2.4911777162532083,11.964938471694163,0.0002576487310370387
trapped_ion,59,73000059,3.2241153490945864,1.9085220871057718,0.5315080840072351,0.5576407213510471,126.48393244858724,2.1050563865573197,10.353409207631689,0.00013678680344548025
trapped_ion,60,73000060,25.098734408416725,1.3734783914373592,1.2365168867960759,0.7653892987018263,3136.3910633741943,1.3198364932754996,-4.588630660470008,0.0011529212023610243
trapped_ion,61,73000061,1.6216595422914597,0.3241247795232217,0.7566779433457071,0.1733326275244851,457.3157588020339,1.431558521018212,14.03520261293917,0.0019978041384377623
trapped_ion,62,73000062,0.3231887329173757,6.523379061805184,0.8139502496902139,0.18825656447613168,324.3941503463292,1.685451411116585,-5.328931870429502,0.00030144221740068623
trapped_ion,63,73000063,0.37093508660499586,9.695932777316953,0.1750059461965373,1.6822730461013204,669.093603556532,2.6573245060279866,-3.4257184394593643,0.00032196262222550367
trapped_ion,64,73000064,0.08412513913579756,20.00302205119722,1.0607240222628107,1.3599753451801744,3136.5202403304543,2.8261638478505953,-5.36307649920361,0.0008384969554706679
trapped_ion,65,73000065,0.40132454248428473,1.8116438435555966,0.34816935790384906,2.515632879042035,301.5455863626698,0.7839608470149048,-6.326626983119371,0.0011190394993683482
trapped_ion,66,73000066,0.37818801009426206,2.1767130933226158,0.7617104023552885,4.3422032163610496,515.4847348946574,2.2900511296680888,6.765517332532635,0.00016683030584035817
trapped_ion,67,73000067,0.4214153185504571,0.09245438747014588,1.165720938917704,0.6148107493050768,221.69664569176973,0.8483177266436899,3.4704540878133447,0.0015189542265373395
trapped_ion,68,73000068,0.4296700469071061,0.3554970260506517,0.37271274352684836,0.30687773264168705,199.9471157722605,1.5502724158726122,-4.878185232372158,0.00027184206845342257
trapped_ion,69,73000069,0.3726453686318464,0.1258534878519913,1.4018975060387016,3.9398466560975085,622.9988870573217,0.12198018829473997,8.000998074994508,0.0006546512847037351
trapped_ion,70,73000070,0.3857845432041212,1.0174816812899024,0.33173493061273973,0.5580935635144181,418.0454052769428,1.023309611263813,-10.205626754240875,0.0001434867255062711
trapped_ion,71,73000071,0.08035643949295068,0.8769402552776349,0.47887131885417794,2.88198839151331,10064.239871484117,1.6086503106172316,5.255425406077436,0.00021930371528824512
trapped_ion,72,73000072,0.9516101992693378,1.2941356237949193,0.4795489417764928,0.3000481455195073,1242.6082256710702,0.29492651095898526,5.1518841326215625,0.00030499522389323594
trapped_ion,73,73000073,0.46849463968612154,2.7072288161397196,1.8489751767459968,5.209939452310237,136.8305252793737,0.9044875757912882,8.921637027467495,0.0011465936302225968
trapped_ion,74,73000074,1.7357897504285116,0.4609233016948603,0.6554740026250543,0.35508498385543247,540.8570775468719,1.3773058538597673,-5.720844168340102,0.001551439195247504
trapped_ion,75,73000075,34.43052254862464,3.5123155889437028,0.3096202036600603,1.2604764101704995,555.5485716042533,1.4235438743698126,-12.427347471202438,0.0015512016197037038
trapped_ion,76,73000076,2.7981470306643885,1.4745893474657028,2.4973773108752257,0.5720604723898519,1843.4655584609382,0.3992274153056601,-6.5664872490036315,0.0004066888244515327
trapped_ion,77,73000077,1.423711504733131,0.1260768047218943,0.6117233997938204,0.2429280258026913,348.0404851778063,0.19056940261519803,-6.084856073104768,0.0007506711155318476
trapped_ion,78,73000078,0.3838740480654902,0.34835734005947055,0.2885111210851975,4.168183729976436,438.89757137803747,1.592199774603336,11.780972450961723,0.0003380500204959338
trapped_ion,79,73000079,9.851666327513305,0.5052346959157183,0.5130816227455213,1.7272712201283176,1668.7370830204402,0.2033289827434734,-3.5760059616278888,0.0018145521212905291
trapped_ion,80,73000080,1.551519715915255,14.827646672994968,3.210012008453134,0.2646697567249331,414.271793595331,3.007158663842722,-3.0413102411037327,0.0001000937888810988
trapped_ion,81,73000081,0.5218042783449852,0.2844804036712967,4.211448893804565,0.7915780132514362,96.03713800408336,1.8036652277400513,-7.330785435665798,0.0019895009735799696
trapped_ion,82,73000082,1.9693096427622638,0.1780089919727305,2.5300056114380562,0.3665689669539003,1288.1528078897031,2.0816065113157456,10.71607078661161,0.0010103949534410054
trapped_ion,83,73000083,0.25765303241265014,8.732734524423472,1.1328518552686904,0.7888534988237668,968.3228029274263,3.1458402309096343,-11.171760265862138,0.0005160464192109909
trapped_ion,84,73000084,0.39185189748205285,0.7847216375253878,1.6340479258049199,0.08559196248628738,1011.1066087931224,1.4210405293485826,-4.991682564884227,0.00017511729212968
trapped_ion,85,73000085,0.27939461028460266,4.024650461351081,2.1615268677416273,0.03226842825790872,864.9234017966079,0.743763313033028,-8.070063228007369,0.001087459874548751
trapped_ion,86,73000086,0.3838740480654902,1.1192187862186607,0.38858967429670976,0.6174324856949951,438.89757137803747,1.5663307936203017,3.4466415309877005,0.0005586541748144266
trapped_ion,87,73000087,0.09785190686805093,8.419407113799071,0.6644188161615024,0.026286229961946395,4398.6791878478825,2.5701801780304105,10.058817577621427,0.00011911306020083283
trapped_ion,88,73000088,1.859701654451564,0.7887155171042988,0.6165222293254055,0.4403337203447676,1987.7975789727939,0.759650014386788,-8.12785883183819,0.00048700326169316444
trapped_ion,89,73000089,2.318966808722644,3.130495245449409,1.0620136563457887,1.0849686650364643,1138.302849444126,3.144553803294735,-10.331211795193886,0.0019286059902805263
trapped_ion,90,73000090,0.39155842614256087,0.3365364764205471,0.08772326783670596,2.7441732492790902,365.56430125704765,0.24412574729198527,10.130812758090139,0.0011979227490756157
trapped_ion,91,73000091,0.43439973103521046,1.515076971791252,0.4766863356421502,0.3522189686075636,1085.5548961769211,2.40905764894027,12.78262156960711,0.00020748266864039906
trapped_ion,92,73000092,0.40132454248428473,0.985872890917895,2.754908154307527,1.165234739674854,301.5455863626698,0.5935322423677565,10.202339796559365,0.0005584709473737521
trapped_ion,93,73000093,9.67019413301978,0.7787642370570809,0.9047907444187051,1.641135914062267,1127.383854768599,0.2875297923132942,-4.6644534159272295,0.0002540270695527579
trapped_ion,94,73000094,1.32475604135757,1.5248568840594656,0.4974860599284271,1.3633838958945244,1277.5666474418583,3.028389791364239,-13.399258099859361,0.0006844683916949122
trapped_ion,95,73000095,2.0143011144614063,1.231583549223793,0.5414664316509078,0.027589434189644158,1409.866435432489,0.7668153874793833,13.533363856676083,0.00019231092729465437
trapped_ion,96,73000096,0.24763929162877002,1.6260784961412569,0.26544512321508384,0.6213248972613519,8016.043988721985,1.3795284804113557,8.84977776623235,0.0006097735181200304
trapped_ion,97,73000097,0.39349723745126297,1.1435792058860441,0.45377755202884584,2.2591247631970552,350.77883382912614,0.2096268728777,7.75143191327725,0.001375720354463546
trapped_ion,98,73000098,1.6216595422914597,0.27118234771820776,1.6381946452554108,0.5796630937958677,457.3157588020339,2.7731265697279905,-5.7164450844848576,0.0005009538930569575
trapped_ion,99,73000099,0.49370019983263,0.17319650791927363,0.48760064439903483,0.4282908149791781,113.5666744036538,2.658311647387857,-10.410597815643383,0.0005660073324991921
trapped_ion,100,73000100,0.21201061889624168,1.6543252522782825,2.87976430046261,0.04286486069749204,6222.372920982639,2.347960691281347,-7.489820040263494,0.0013956940354661013
trapped_ion,101,73000101,10.567935077949254,4.751351459256391,3.0820593736265893,0.21862326254545802,843.8496092812173,2.378727150790964,9.392410845110945,0.00021528210793964923
trapped_ion,102,73000102,0.8081848442871575,1.3429114899854997,1.045868832964781,1.1415244833692655,152.69958940638978,1.5300877978325103,10.806447926086067,0.0003810160159338575
trapped_ion,103,73000103,7.622475314437605,0.7912090347437506,0.022118471745866636,0.3736626226639492,504.46097939523156,2.121958096822553,-12.998555830283683,0.00028067808787062844
trapped_ion,104,73000104,11.432688601775288,1.9899502546967618,0.20979470890981927,0.5180669312256948,2872.3879909836232,0.118726816759668,-1.9439388064501975,0.0007024976537433547
trapped_ion,105,73000105,6.559398545586822,1.980282917466221,0.8078177472985427,5.207794987629262,2494.5997502654923,0.6850960286496686,4.288677469680216,0.001009937143683861
trapped_ion,106,73000106,1.5865834632642368,1.922278847153987,0.24672220940840295,0.26460391940500533,4288.301999747832,2.5821042522741555,-3.175577805570049,0.00014399109812696822
trapped_ion,107,73000107,2.4071549219385973,1.7349525960330634,0.08603539379916282,1.9579679368095413,6656.658629064553,1.0915900990669847,3.3911329906502554,0.0007729690968520416
trapped_ion,108,73000108,0.37818801009426206,15.913935776352883,3.4301287699897034,0.5911912547367995,515.4847348946574,2.0441546168874356,-8.758214374601646,0.00130417682620134
trapped_ion,109,73000109,2.360309897187587,0.6248669676082201,0.06486627955822712,0.03179803273578432,8089.608932597769,0.23787516190580993,13.662732942662386,0.0004404854647457023
trapped_ion,110,73000110,10.154891479013761,13.816457237392058,0.3561351115226064,0.8439798649234627,1999.4970796557768,2.669039451739868,-3.8693564821138353,0.0018495958591386221
trapped_ion,111,73000111,0.3838740480654902,0.4514992850023196,0.3099059912525231,0.4232699351678959,438.89757137803747,0.2707767552185542,-3.048567386956387,0.00028764099746774054
trapped_ion,112,73000112,1.5860310605084185,3.905066056037716,0.7090409842333985,0.16143906389924798,434.7695470422641,1.1115076613190762,14.257703407070924,0.0010955943622413713
trapped_ion,113,73000113,0.34430007133674895,0.6386237856886819,0.4339264081583773,5.50918807923884,1690.0665675449686,0.9726668841991369,10.640459309562011,0.00020188954484920982
trapped_ion,114,73000114,2.610191345437954,1.7400537297287808,1.2330358582857024,4.068026573478986,9104.734802875053,1.5150034432499762,11.805602793603839,0.000504365061423914
trapped_ion,115,73000115,0.544786691577025,0.557158056560756,0.7656150261733854,2.181198254232118,100.246678321294,1.6508276065307146,-11.34974467853688,0.0009595694782924665
trapped_ion,116,73000116,10.942941690682444,3.2441204719044707,0.2494450141273841,1.415515019474011,5863.302410824793,2.7664255290293016,8.736021023474697,0.0010167694634375774
trapped_ion,117,73000117,0.4509119749512991,11.693018208739694,1.089646558364319,0.2801158469274796,93.71383956394132,2.0650189439323494,-7.591665487091262,0.0015914012197121013
trapped_ion,118,73000118,2.2429870310885653,3.2440197473182844,0.03914188497133394,0.4522940818361707,2941.0849826129056,2.161808341867203,11.164152877992967,9.70271574869639e-05
trapped_ion,119,73000119,0.3810271160882034,10.176438592328168,0.38811701830946016,0.35664700598452864,153.36175411302708,2.0650436112625643,14.317972813649714,0.0004968121127157285
trapped_ion,120,73000120,0.5077276282414619,1.3966288770613422,1.80074224126474,0.5464616236101904,3956.0872001826124,1.3678435514966352,7.368576474845883,0.0003063969087854326
trapped_ion,121,73000121,3.771831110247291,1.290264959417941,2.1441800486330043,0.19117544378621532,1872.2984933200923,2.485308723226518,5.010831496977269,0.0002834103921198673
trapped_ion,122,73000122,2.118460353432326,0.8784842561421004,0.6444645451936191,0.6887688317449965,996.6159020453948,0.4772043077235348,-10.612256546617218,0.0001448555461128596
trapped_ion,123,73000123,2.2679991341530275,1.859222760389668,2.4972214992407964,0.18477804781909174,4563.695683689221,1.3421750654470648,-4.36505568709459,0.0001748080495280352
trapped_ion,124,73000124,9.775307242947651,1.6712658979970207,1.366639857926184,0.3733619975267972,5687.4629486923,3.040996204956323,6.592227480080323,0.0009874228282515242
trapped_ion,125,73000125,5.026666368901705,0.9531956708618372,0.7341606871808812,0.33567310645103665,219.27224855424816,1.2628254537894137,12.141172777895862,0.0014895433555543677
trapped_ion,126,73000126,0.0993154415490485,0.8862434206354338,0.5119957370577966,3.552090836993051,3730.994988696259,1.3092255903225511,2.8222004305539694,0.00022245093863781693
trapped_ion,127,73000127,2.3634176536622626,0.12093369063416164,0.7158969944385004,0.27500054080222824,7943.154870799787,2.1942066204151827,-10.544663630047921,0.0004876576311138488
trapped_ion,128,73000128,2.1190841149902995,2.1622484514933786,0.29950268909073463,0.9836210263091757,1852.2767923964961,0.98928545352473,-13.064934748397505,0.00034776415732235
trapped_ion,129,73000129,1.423711504733131,0.7438376208960962,0.26474736930300247,0.7581731358249546,348.0404851778063,0.2681273903577037,-14.157877946890354,0.001169182762458963
trapped_ion,130,73000130,1.2994965563618417,14.166428261188926,0.21897609214509023,2.0802795032078447,3071.983816112059,2.522535193231105,9.929691617776596,0.00019146007095089394
trapped_ion,131,73000131,2.782790878162786,0.8580740248930857,0.23559718006109664,1.6962154065179647,1235.5207064088802,0.4713236842155462,-3.0942593142685224,0.0008837180322154218
trapped_ion,132,73000132,2.5798528089212818,0.46415800548222486,0.0849180046206947,0.8361253363995322,2580.948342634132,1.6830931130981548,3.879221569799256,0.001146440434126893
trapped_ion,133,73000133,0.2615145022855368,2.319003733577438,1.5555862222552195,1.5982092356620794,8163.697541885171,2.184898976849373,-3.6379242373572316,0.00037497806169185344
trapped_ion,134,73000134,0.3687050352194511,4.2039788954027895,2.6065683963471833,0.314329125676542,783.271439437436,2.0504732663943113,-6.786048108858747,0.000684801262383495
trapped_ion,135,73000135,0.5301228633026247,2.307330584744726,3.6200463790122033,0.24374376613403245,91.17648726773209,2.1873090840769343,13.552658896649383,0.001685254050615463
trapped_ion,136,73000136,13.954101199472193,2.343892326553,2.1258242225803485,0.2653741126023308,1981.528839571978,2.821222839423528,-10.565260175321098,0.0005630719612399147
trapped_ion,137,73000137,0.4552347642704594,3.5346849708969983,1.2109019124163138,0.7703159414078098,153.36175161098234,2.8484557138443005,-5.892280912896904,0.0001763093017976136
trapped_ion,138,73000138,10.495141465635179,9.307995958821376,0.2535918070186284,2.6529259067954825,2941.337877542782,2.2403312571062854,-8.91470039899686,0.00040412555320983533
trapped_ion,139,73000139,0.6812272044013867,1.6914991800955246,0.5793342374484934,0.026094335242619372,6468.215466058091,1.2469773052240705,-5.343530638864512,0.000728302642004027
trapped_ion,140,73000140,14.675957676088892,0.992099485477343,0.15258269996351226,0.2719008214903311,115.51529885685773,0.9369986313942793,-6.784726653967645,0.00140328499890503
trapped_ion,141,73000141,0.3276016907361846,1.6590946328640441,3.429027922678582,3.062970542437761,5118.001833083742,2.1919813386807903,4.048917862850834,0.0009534877160825464
trapped_ion,142,73000142,0.37818801009426206,6.28653173837469,1.7661270890010068,0.13701340102462023,515.4847348946574,2.0515067897662425,9.69064660124444,0.000563442119119839
trapped_ion,143,73000143,0.43594658744133247,3.2633263910616703,0.8022656870050187,0.33066742298569446,186.06870206648136,2.040339588697521,10.483404417620118,0.0009031516116931331
trapped_ion,144,73000144,0.6331318496718097,2.0029825987495062,0.6713076095590431,0.2616072400228785,116.82253136910514,1.4536076945388403,2.9619564505234584,0.0004649552073242029
trapped_ion,145,73000145,0.14433011320760072,3.322449061280925,0.6445800940230703,0.8729405674620087,2941.1402316490166,0.9100321937973069,-12.92001974661041,0.00017169197045972573
trapped_ion,146,73000146,0.621980445798975,0.5348288715744959,1.1272207062628306,1.6436421073108114,129.19671034613748,0.8871047609328558,-2.89177192336829,0.0001864213078569591
trapped_ion,147,73000147,0.37631281365969627,0.2548624087125644,0.2565701657925848,1.2268211186778573,547.0776156033037,0.14893876906553327,-9.66163439831283,0.0005943867125542038
trapped_ion,148,73000148,2.7755321259273,1.4715919218389164,3.4588091159076497,1.997101947321098,4178.06479401481,1.4703073276076073,9.14001698242408,0.0011543879161695263
trapped_ion,149,73000149,0.4465755092276314,2.0525937182325142,1.281758064151404,2.1499040925162634,166.50009197517286,2.13332231584775,-9.488114898624186,0.0002693385998858732
trapped_ion,150,73000150,1.3374532920082542,1.5217789865880218,0.17844785231862792,2.1531313039792748,310.3496526500067,2.202285611161204,-11.78904998836112,0.00019533346023539914
trapped_ion,151,73000151,2.8164166169540636,0.7099955951914696,0.05770219307225944,1.4608852295658585,3500.622086233726,0.8224353171312562,12.262177047002815,0.0016964585234983997
trapped_ion,152,73000152,0.3744577986562252,0.7130968288775212,0.40395156736560434,1.00477133996116,582.6530954556855,0.22327939326026652,-4.715442870284645,0.0007902118059246397
trapped_ion,153,73000153,0.49339241682842105,0.9041583505004984,0.6821431886822831,0.7328372539314427,90.86634269281856,0.18289757691818836,-5.772954185016039,0.00047736792836265343
trapped_ion,154,73000154,2.404149664129218,8.480331589708198,0.18603010918728896,0.8732246791728492,6720.225384377711,1.6119501595477586,6.550221620186507,0.002168397284161586
trapped_ion,155,73000155,6.491236858239452,0.6790074971816205,0.3689751114686993,1.9245135903645605,345.338952187558,1.6961328069965844,-13.890097294378467,0.0016307354844655533
trapped_ion,156,73000156,0.3800750213103994,0.9664736954170348,0.47613026580917484,1.814548792213402,487.2450092288538,3.116439609255512,-14.062223948021657,0.0002172596062006077
trapped_ion,157,73000157,0.9462720771398391,0.4684994192115973,1.520305546011626,0.25185998641890206,185.1625242690584,0.41905873680386785,-14.249113860419797,0.00032093755846313813
trapped_ion,158,73000158,47.03059391256407,2.720390052689422,0.48442088838961356,1.2298355914565233,4728.963496119801,2.861925087990988,10.45234447661435,0.00025009432194289955
trapped_ion,159,73000159,10.864315468914956,9.991859326959421,1.7151592255758006,0.2468801687228714,4343.52613924122,1.050604093730284,4.074973908551047,0.0004750917320245004
trapped_ion,160,73000160,0.13920930412296798,0.777901070221602,1.1679016751347788,0.04290306983403167,7448.390918134415,2.887387388423286,-11.957009938410636,0.00020048336943896496
trapped_ion,161,73000161,0.43175397927298453,2.3370431157062024,0.09256286981733922,0.204048152743451,195.11505424181615,0.8968601048590649,-10.172219678978513,0.0002060756406044611
trapped_ion,162,73000162,10.675931699193631,1.1964935346550496,0.04863515527221089,0.08716990890171025,1265.5729703683073,1.1453454488966828,-14.01826151677719,0.0010064420814726517
trapped_ion,163,73000163,0.20311622824492218,6.59013601759995,0.11512117428394794,0.027983607167173546,7517.408882447342,2.3148404619691423,7.809929910370603,0.00026223102715773003
trapped_ion,164,73000164,1.8621439636259818,0.7890355894087063,0.41284302140111784,1.6299484473857047,660.034563153989,2.91673449259072,12.994510752051973,0.00043478940912399227
trapped_ion,165,73000165,0.3744577986562252,0.31748215449587,0.5281009619147498,0.10792065691850776,582.6530954556855,1.836017249507295,7.357878514737961,0.0001548705767121815
trapped_ion,166,73000166,18.475616251213243,4.17543656045323,1.5331799992715573,0.4410819961641953,528.7954004101284,2.1304871660115254,12.434280312692731,0.00048804154719698297
trapped_ion,167,73000167,9.45985042141142,0.463757234135464,0.19244871643825767,0.03420128850948511,1059.5598535134532,0.8734725327168189,11.667553862808914,0.0006287622949825174
trapped_ion,168,73000168,2.3530671728769743,0.751597972734581,0.0031616943430481078,1.48240734464205,6530.658026177219,2.137381631062231,5.262311700722984,0.0019329680398324281
trapped_ion,169,73000169,2.8787569540868057,2.0917043282370074,0.8098266683878141,2.54837142005739,109.26647824542289,1.943431856912146,-13.266597408612592,0.00016685500568884595
trapped_ion,170,73000170,0.39349723745126297,0.9401605537843842,0.02543972128135987,0.33362441463338494,350.77883382912614,0.5182997797601088,4.454437359612695,0.0005000895270515183
trapped_ion,171,73000171,2.3135774323483353,1.5236320836960338,0.30248991168353445,0.5385991832894009,5981.7458759486,1.3661053768247295,5.951449748412659,0.0011693997572239153
trapped_ion,172,73000172,0.59547727853948,0.23237650552290115,1.0833788818996315,0.12447996934240577,109.66607318845784,0.19002132926523135,9.315945062180552,0.0008602779358409952
trapped_ion,173,73000173,0.09473085383499853,18.456538960741238,0.37027570594833437,0.2546068724864151,4453.685011203064,2.554926035050921,-11.36780500671136,0.00032815675517767557
trapped_ion,174,73000174,1.7764498684778889,1.7313583369453478,0.3458177974218711,0.18131975048582605,575.6535725503797,0.7644784244091966,14.008610857658836,0.00031425637825305156
trapped_ion,175,73000175,1.3941074367432167,1.3706007824173545,1.3953711868472545,0.9273284517921122,334.5470084310147,1.1588319535545757,-13.140743792258522,0.0014209707852845222
trapped_ion,176,73000176,0.5177021134389111,1.3670760635355956,1.4004421569958123,0.684389183886428,97.74707454897292,0.20025887229871733,-9.544694277497717,0.0005136206885814265
trapped_ion,177,73000177,2.4347247704241073,0.4676895271923227,0.3437656483207299,0.3615799009859661,1649.3250822800064,1.140298726254106,3.432038534004756,0.00025902406894985614
trapped_ion,178,73000178,0.37818801009426206,0.27979993959775024,2.548608163703408,0.7729266769121127,515.4847348946574,0.1834109115380016,12.358744159330163,0.0005472617148218796
trapped_ion,179,73000179,1.310335901307948,2.1170000923155303,2.1093986354573264,0.6595436051145247,299.45976628156495,0.5457951645829496,10.504590440512022,0.0006314807780898192
trapped_ion,180,73000180,19.64337881372026,3.250535351944918,3.6742400635455903,1.4631566900854525,642.5673883852953,1.8998079455121724,3.4637538585773195,0.0016755638178987122
trapped_ion,181,73000181,12.674173899268375,1.5503665796796662,1.668297826522619,1.5580115988508245,6344.45228239843,0.6216301985261087,4.737311674316303,0.001136081637433543
trapped_ion,182,73000182,0.7812739430241528,0.7884459331761379,0.021758366916300266,0.6025286416236819,146.8493234136783,1.8441183487845358,-4.778430488512567,0.0011966802708564608
trapped_ion,183,73000183,3.056879052842623,1.0206410143159668,0.7296276956099236,0.15264219961717615,116.38484273060817,0.6183610540830542,-11.619085723068347,0.0011506167292647184
trapped_ion,184,73000184,0.6907475465974778,9.537750253373598,0.7598505232860817,0.28963507301001906,1200.4827927940632,2.797599063189089,10.47253696610045,0.0003848056877801123
trapped_ion,185,73000185,0.35591744838011147,3.7551786735414217,1.8849541328232435,0.22630796343391452,2941.756121319041,2.0368689002670677,-5.648084231899579,0.0002443036495577708
trapped_ion,186,73000186,1.7357897504285116,0.15864088364366563,1.2089284353760765,2.6898780008641885,540.8570775468719,2.0890118563850253,-3.3858070387972297,0.00022810570113099363
trapped_ion,187,73000187,1.6216595422914597,0.637389389177429,0.2618326647078018,0.7133473788111123,457.3157588020339,1.9869232044429936,4.226034933884895,0.0001250032620372296
trapped_ion,188,73000188,1.9485264509122504,1.0859478123865984,0.6506618804099772,1.44844835563309,2659.119962662311,1.1674660090147118,10.398619093155505,0.0008537053706469806
trapped_ion,189,73000189,0.3599097592403524,0.37688693921572086,0.3797973949197921,0.32988553801412945,5230.234690903691,1.0744246868256904,7.289884734140797,0.0005156756153315637
trapped_ion,190,73000190,25.073774820723393,0.4747578932686046,1.2220633507646088,0.18792910802463758,2415.2458553236243,1.5023596663351364,-13.678957505403432,0.0001206745251033712
trapped_ion,191,73000191,0.37818801009426206,1.762933871491812,1.003203277122408,0.8054208938690004,515.4847348946574,1.8040419259197888,6.318496471546583,0.000887037339887658
trapped_ion,192,73000192,0.36966684892752255,1.9504163622250608,1.1475801376823462,0.07360445115932518,853.3097403331979,3.027122441680747,-4.974275858167613,0.000448797288935532
trapped_ion,193,73000193,0.25400722879992765,4.081189250867611,1.8365708145506567,0.8951527580850147,3321.641027094273,2.2978178086526024,-13.414234830552182,0.00015683605751128766
trapped_ion,194,73000194,2.5146255032183498,3.8752673523893315,1.9543449727050655,2.277435096949073,5061.902081691313,2.217383886108865,-8.06413816396622,0.0008584090800869221
trapped_ion,195,73000195,1.7764498684778889,3.2286659673206195,0.5968991114187086,1.543828961084761,575.6535725503797,2.122120092317218,10.364238469407633,0.0004923855338896227
trapped_ion,196,73000196,0.4173356940801659,3.460728574800034,0.20231795481843579,0.17601040622164946,234.2930982965151,1.400219377877737,-9.293432422954146,0.00012572052905874707
trapped_ion,197,73000197,0.09473085383499853,6.996754713556089,0.6585715276973437,0.14544542694700774,4453.685011203064,2.587439244610302,-13.965014539669678,0.0004853993062568623
trapped_ion,198,73000198,0.23427781373984288,0.8846985171434867,0.6682431901290646,0.07195029221725499,7870.76707276911,1.6896455154624523,11.734098824180323,0.0021815320986601884
trapped_ion,199,73000199,1.6964808927877288,3.1358764689322998,1.2036589245576688,1.4329001778874653,509.9187769830719,1.65148990240025,3.9503187970197633,0.0009412878231159544
trapped_ion,200,73000200,0.39155842614256087,3.644589152336178,0.3807223698053006,0.0967895026341797,365.56430125704765,2.8917605588574347,-10.059050031967226,0.0002883402456151741
trapped_ion,201,73000201,1.0559846127324832,10.70119021277207,1.0070221296137445,0.1394512030843787,1491.213329307353,1.594403463655643,-9.656982910300478,0.00019749239508087187
trapped_ion,202,73000202,0.37093508660499586,3.7045375312456166,0.22631215850416794,0.09058333063875844,669.093603556532,1.3458786312774533,5.630369514169786,0.0002083304312742253
trapped_ion,203,73000203,0.09468563936298108,0.7837983122414871,0.005577866666206737,0.25319684962223216,3673.9434921705993,1.096512977957558,7.958133234155569,0.0004687311195266616
trapped_ion,204,73000204,0.2148189641765166,2.159708369376176,1.0054199051048753,0.5834940675207738,1662.2788689575918,2.607538983910058,-6.666085528939872,0.00027271319285599095
trapped_ion,205,73000205,11.12012700178911,1.1880134889716116,0.03934005121210253,0.36354745192851134,4784.305896147041,1.7173551153490616,4.043974146786156,0.0001726153699861243
trapped_ion,206,73000206,0.16116087981466104,0.9467987925039125,1.6049854863833966,0.44468911125811367,4233.380280908555,2.263105305826989,-9.015653872219744,0.0004023015494971625
trapped_ion,207,73000207,0.37511564706558204,0.630355926296292,0.4599610294056529,0.9692456258965882,930.9861615629698,2.133755303945267,6.643070384802077,0.0007910120597934027
trapped_ion,208,73000208,23.913060437388147,0.8674586521786228,0.19174360387599862,0.40292172298475826,1645.0498500207075,1.1262925829325512,-8.075282235883455,0.002071343656858384
trapped_ion,209,73000209,27.42715207463975,1.173399014540211,0.5784268149979042,1.0195994188164397,2108.6939109555306,0.5520608003232295,4.929753883445311,0.0018758697896317387
trapped_ion,210,73000210,1.7764498684778889,0.9617522423948343,1.8589604701377174,1.0364344874125715,575.6535725503797,1.7527414109370096,-5.717011282927609,0.0006390250852354062
trapped_ion,211,73000211,0.14966312508947377,0.9650703546092702,0.621000772788814,0.8844796912602269,3844.253251608728,0.42716398505576364,-3.1012474299141077,0.0010286972443989619
trapped_ion,212,73000212,2.782790878162786,0.7943040589711562,0.8399406902258543,0.6306185672020842,1235.5207064088802,1.3325702721982235,10.04698491388853,0.0010988415327966674
trapped_ion,213,73000213,7.313463579653873,1.6435182176514975,1.6912393078940504,2.094446716648645,452.85811759742444,0.8072758698631899,-9.225983395413067,0.00021193496321464926
trapped_ion,214,73000214,1.9772821846598492,2.8810328904123046,2.9961131635327574,0.47879554989800766,1099.1372989115387,0.7943149974299412,-12.024226043610339,0.0012512635578885737
trapped_ion,215,73000215,0.1320329418451103,1.1599431896671635,1.1834474639723134,0.9725248450946814,1307.0649259437012,0.6954243603651499,11.409110572066636,0.0006255702826433168
trapped_ion,216,73000216,2.293302260953703,1.0877814027629347,0.5134964853725871,0.10564876911087336,5629.786533824155,0.36638179026497686,-14.11553252721518,0.000351462050730166
trapped_ion,217,73000217,9.167358313205996,2.0936077715661923,0.2745449262995185,0.7526714162198055,142.8742368519049,0.4472698735735798,-9.146085240323432,0.0010744872989931927
trapped_ion,218,73000218,0.3838740480654902,2.5445908081374524,0.5097589953170376,4.109013481781,438.89757137803747,2.065784909255136,-8.496304436238763,0.0007954601817376847
trapped_ion,219,73000219,0.6138941847962776,1.0062497985006378,2.3618715569039312,0.24897064378712547,113.14699402611963,1.2138415206308535,6.751900018838961,0.0007482128192952898
trapped_ion,220,73000220,0.3993568098775131,2.7831241995537206,0.7200366653560762,0.0763599723928106,312.57386246752685,2.015340337905556,-3.9269908169872405,0.0011082371009533494
trapped_ion,221,73000221,2.198618270666102,6.572636596262777,1.0606821136507216,1.0000440465359743,1072.7573315811921,2.31212451102631,-12.73361870486139,0.0005040031373456646
trapped_ion,222,73000222,2.0573431091807635,0.5722141206378124,1.7687393523580526,0.7271725925390253,916.3270224867223,1.6676187780001321,-11.506705433455364,0.001576881637748067
trapped_ion,223,73000223,0.3687050352194511,0.3742705189269758,0.5148892411030794,1.0764785886534127,783.271439437436,0.31958754915552523,-5.947960565447988,0.0002865621096455963
trapped_ion,224,73000224,10.247792321542605,2.9080120575186945,0.02891129984280142,0.3026368113294996,2224.7025277651196,2.264468867097394,13.873693586967097,0.00012359072251078287
trapped_ion,225,73000225,0.15275736033473972,2.951138445438193,0.9922202973297705,1.1373590527060686,4178.187057220968,0.8808866325524695,-13.738137340202217,0.0008015819738598465
trapped_ion,226,73000226,2.889939194151494,3.141580064785093,0.23391261855625908,0.4375568019280181,3321.40920222034,2.1403636874328313,-12.558946590846872,0.00022422793864640905
trapped_ion,227,73000227,10.16593226036061,1.5651869175070177,1.1679247890873492,1.9754241582933358,2117.5836552065557,2.2880722771996194,-5.326739929606197,0.001644043047312598
trapped_ion,228,73000228,1.423711504733131,1.6118862043047801,1.362300993755071,0.4307486411516356,348.0404851778063,2.111747302053555,-4.351330252482618,0.0002606662214169498
trapped_ion,229,73000229,1.6964808927877288,1.5099396241912584,0.9058138696535833,0.23004945721656986,509.9187769830719,0.11324432021665738,-10.524894508501408,0.000493160724587908
trapped_ion,230,73000230,2.3078031694018786,0.272407939372518,0.2652698451471798,0.6843823688354949,3136.2366933525323,0.19213737182163482,-11.925440905112112,0.00040049348305449314
trapped_ion,231,73000231,2.3580569952282486,1.1393960768115168,0.6299155281545054,4.242230922756566,3382.130867496261,2.5712355338709862,-7.026456351039508,0.001136893062674018
trapped_ion,232,73000232,0.3058615459894187,5.715712966467271,0.9600682603102251,1.3331831898170567,487.2464243828734,2.0682051278006117,-3.1025573591479576,0.00011957541408858001
trapped_ion,233,73000233,0.6779025501661,0.3858234894007647,3.1783591090846164,1.9422134899956691,9022.516836224791,1.3769680447658323,5.699359925561609,0.0016184054654830185
trapped_ion,234,73000234,0.4173356940801659,0.35361577243649844,0.29956653165653496,0.007111869930352637,234.2930982965151,1.2874600918614432,-13.421072774597361,0.0004982070005724745
trapped_ion,235,73000235,31.01158507558847,3.640551576758476,0.5556281145406198,1.5255262644226304,166.24740415113826,1.9107278581455442,13.790872355314422,0.001204710732570885
trapped_ion,236,73000236,1.3941074367432167,5.801048762822635,1.6959332582577624,0.14516395101817137,334.5470084310147,2.41687213113195,-4.039415644921327,0.00039874750612222597
trapped_ion,237,73000237,1.310335901307948,0.35958122028042483,1.023454601402408,3.0502807791175366,299.45976628156495,0.7333953267469652,-8.328740165688265,0.0009695501626812709
trapped_ion,238,73000238,1.0974573803990548,2.8891455855085963,2.4273938099864467,0.6127335267931212,226.55711711237143,1.3912678169554331,10.09410103587613,0.0005289800127341417
trapped_ion,239,73000239,1.8621439636259818,0.9177545506482151,1.270111559935313,0.6593981327193995,660.034563153989,2.056757670457112,11.89795578076064,9.263951792103044e-05
trapped_ion,240,73000240,4.88823047722653,1.0379665401056337,0.061063752883131796,3.824324916734011,5457.080811364035,0.2651682213594512,-4.152643942260987,0.0002613221308432276
trapped_ion,241,73000241,0.1774502115048834,3.7967627418202134,0.4200912628912895,2.0314337380749845,3072.503474397995,2.3636686286323108,13.394593770578641,0.0017535158958699535
trapped_ion,242,73000242,1.3941074367432167,0.1936991502873906,0.07512554053520848,2.975169021791856,334.5470084310147,0.41864267430638885,-12.125254897466947,0.0015241945796503615
trapped_ion,243,73000243,0.20421969940939833,0.6569725501640048,3.201043247444201,0.7403399680241702,1139.529806534474,0.14806481894705728,-5.4901521473844745,0.0002950552558168719
trapped_ion,244,73000244,1.2081330884977342,1.7853017637380628,2.9757322215716027,0.9243773121472595,4508.86696346434,0.5518468896926149,-4.167768382286819,0.001382404537450213
trapped_ion,245,73000245,0.395443206777986,4.003874438146264,0.24328569200204164,3.34650756269071,337.09502517906225,1.1695568981320568,-12.647609146502615,0.0005374559367555642
trapped_ion,246,73000246,0.4072720822784397,0.06010235111996526,0.06535414807861954,0.21093031921161332,272.48889018854584,1.9999367338936775,12.299609076854443,0.0005465919408984013
trapped_ion,247,73000247,2.118460353432326,0.8965162655109312,0.7430127080895611,1.673412956667745,996.6159020453948,0.3383964109847677,9.569101336077999,0.0013005543133528324
trapped_ion,248,73000248,1.8768583808563202,0.5442931606657148,0.021223453823147657,2.063913330587512,774.3025834036575,0.4189866417861977,11.1663710744536,0.0005718032321714648
trapped_ion,249,73000249,2.200303340112847,0.730027361587779,1.297945457071336,0.3473160389707115,1860.599390912109,0.5343731822563387,5.303669949714378,0.0003804925513870685
trapped_ion,250,73000250,0.37631281365969627,0.7602711355465106,0.9623711016868838,0.5075346241124276,547.0776156033037,2.07191504106824,3.1077561479247455,0.0001264232760541552
trapped_ion,251,73000251,2.118460353432326,2.919943330619591,0.19454930692725633,1.2739646476174658,996.6159020453948,1.0588410332909735,-6.0518729241352105,0.0003659349790299624
trapped_ion,252,73000252,0.5865647403193144,11.369136338828312,2.337724629476892,0.15598238782488347,107.99378704834412,2.2096578565286062,3.810007487188326,0.00023885618562862452
trapped_ion,253,73000253,4.065771810219689,2.124204361970187,0.3268911715317736,1.5722638284915536,3558.152929844302,0.5717697325014571,-9.359478863114687,0.0004921194144707109
trapped_ion,254,73000254,1.8387264459618493,1.5610843192539319,1.1829242927661994,0.6365267521790829,2802.289023614719,2.2589473573305887,-6.22056380484127,0.00012778019786936092
trapped_ion,255,73000255,0.1585670341814736,1.4324166302720285,1.605458441895994,0.8916433579672223,7044.365355356656,0.676368246541327,12.515639380126848,0.0003426901734392606
trapped_ion,256,73000256,1.1841580666976443,11.271354241897658,3.7946922001708057,0.6730226634313561,279.71993168514433,2.7257037501893513,11.241095632421052,0.00021794608955649926
trapped_ion,257,73000257,2.0040795910332907,1.4869118899892064,1.0087714016210523,0.9981782918849401,839.7652717302726,2.9897173114692532,9.24547992900004,0.0002315267181611344
trapped_ion,258,73000258,39.627815289832284,1.2979360450237059,1.645261747624054,0.9582554163988442,952.4297880391982,0.7848373455648537,12.819419020468855,0.0017301077271949649
trapped_ion,259,73000259,0.3687050352194511,2.7967802552498755,1.4720916954176473,0.42838112081141694,783.271439437436,1.9331816243830462,-7.533906744802763,0.0002549107089401193
trapped_ion,260,73000260,2.4505295592720775,1.5379704322346686,2.9651700316928533,1.2048571386531841,5922.442369451556,0.9606200126217378,-3.203274083346798,0.0006488927652914981
trapped_ion,261,73000261,1.9693096427622638,3.413144658347476,0.8615518534777823,0.4962590209214902,1288.1528078897031,2.3516526749606204,3.5322434030115906,0.0010066200713138562
trapped_ion,262,73000262,1.2465791933388568,3.656519724788459,2.198715002735203,0.05413417343403747,8389.781092014871,1.729438656389881,-5.749331270502461,0.0009933549860168419
trapped_ion,263,73000263,10.289474092492338,6.558122079409031,1.2340873670232457,0.5499643772117428,2413.833992791385,2.8185176888366477,9.535293237470391,0.00047305387440898334
trapped_ion,264,73000264,5.534135813192303,1.0302802606163286,0.2268479367983862,0.293675687242869,8389.682459731197,0.2632824046088342,13.66980574066083,0.000333177363906043
trapped_ion,265,73000265,2.200303340112847,13.540750872476522,0.8775134693723823,1.772838930845822,1860.599390912109,2.813268083289057,9.73002639974263,0.000371685512351323
trapped_ion,266,73000266,2.218373618327757,0.43315687550078624,0.060219750244300776,1.1094856345954154,1995.0008551360443,0.43624100920530146,5.630484435563533,0.0014820843043890069
trapped_ion,267,73000267,2.462061322479683,9.425107181048965,0.08801292128557019,5.152651620068283,7727.771063395339,2.058331418054062,-5.504098441889443,0.0005679895149532413
trapped_ion,268,73000268,0.5813934622326995,4.036286656950255,0.20565871382237752,0.3117802344609677,3072.243720247839,1.0092686680663385,-12.652382987744144,0.0003012462664606633
trapped_ion,269,73000269,0.9516101992693378,19.817884712172695,0.2511111405121734,0.267966230383094,1242.6082256710702,2.4392193377014646,-2.8547074626295954,0.0011708853284041877
trapped_ion,270,73000270,1.1856532031555644,2.3824493300815237,1.277795729174262,0.7118666060172935,254.335638648155,2.019971892048866,7.28822672602206,0.0005795030689325862
trapped_ion,271,73000271,1.1235215420353988,1.3067954149337762,0.2103403409906614,0.49172423040838736,2581.597624424669,1.7709381241346813,-8.403633139078773,0.000320995682029482
trapped_ion,272,73000272,8.907617284685069,0.332281020684866,0.7584918055708665,0.5979072458511191,137.65945770171416,0.33134993522165773,-10.147261483608313,0.0004231952553802746
trapped_ion,273,73000273,0.13920930412296798,1.3686853456171904,0.8172599715700481,0.5110818048533942,7448.390918134415,0.522487507724275,3.3039093378812883,0.0014117518643839636
trapped_ion,274,73000274,12.56944751023346,1.7291311793321757,0.6637413215124871,3.6702741510605237,9356.311484655194,0.8678290427286438,-5.792628922345601,0.00034949164847241536
trapped_ion,275,73000275,0.18829427889926748,2.036761719841876,0.7122429852915302,1.3789353970210672,4398.586323985604,0.9162298796517374,3.4084121977536834,0.00019050038991823368
trapped_ion,276,73000276,0.40525091597382956,0.4379167870986217,0.289676161675966,0.2587337866714168,4618.847824596456,0.869477319394574,-7.132219991374923,0.0003749561646802976
trapped_ion,277,73000277,6.79212968505075,0.6874632783909291,1.5666537946120596,3.1327255442008934,7379.619983036874,1.8909246293530553,5.505225148025406,0.00022755228550315278
trapped_ion,278,73000278,11.669812057274516,3.6364804577903285,0.35582550438280663,0.5569259129423223,201.83250991639238,2.8012130499932435,-10.080264897537884,0.0017648674407396237
trapped_ion,279,73000279,0.24853365304404898,0.3456977453895257,0.34581779396880197,0.22697602445726867,5804.599098096084,0.8724005545860005,12.357723382611772,0.00014259240916949837
trapped_ion,280,73000280,2.0573431091807635,0.7676082795647016,0.5554875993126894,0.016882340121378497,916.3270224867223,1.6569959002166843,-10.869930489763991,0.0014181254088054015
trapped_ion,281,73000281,1.6222636660113148,0.5735261753873949,0.9796341708968286,0.24816403305006518,509.9223032416848,2.810214799536995,4.27457795567484,0.0003072411981044444
trapped_ion,282,73000282,2.276442818515916,3.0347432037602537,0.3448494746326963,1.1898280033750417,5230.291396026299,0.5727691549740409,8.439525356808804,0.00020484936770993455
trapped_ion,283,73000283,3.855437941313689,1.247467922413109,0.28227003840475345,1.4862889357362672,152.04135791398005,0.4962659188354815,6.705049324620469,0.0014241985886081867
trapped_ion,284,73000284,0.395443206777986,4.140261228275113,0.6267733922565757,0.515776315202003,337.09502517906225,1.9764596257434761,13.912808511107535,0.0005174038521272116
trapped_ion,285,73000285,1.2839832306523555,0.7064345675776106,0.016095343008084847,3.3325446842245094,289.27182603587966,1.7316369909506941,7.941691934261495,0.00018507013403343644
trapped_ion,286,73000286,2.62888975206576,6.408446685804108,0.7168293450700257,0.34405371298248766,4343.73379497678,2.8839517121373093,4.353170907168278,0.00022032502114515356
trapped_ion,287,73000287,2.648648619079298,8.102004358327768,0.03494279411290013,0.27365221147322416,9441.84880663842,1.9663514183564503,13.929783846445167,0.0017318287803796322
trapped_ion,288,73000288,10.314496745966549,0.4151547852960561,2.3408694032063884,0.2718630524789024,167.77586629484975,0.8055712513215123,-5.661575140956936,0.0018377671075572148
trapped_ion,289,73000289,1.0567255307242243,0.4146575051253844,0.10434535897938049,0.09184318632102652,214.69727744410827,2.0996486563243906,13.795053647185455,0.0004320685464380375
trapped_ion,290,73000290,0.3877021090995232,4.2281614471528925,1.0062959568145151,0.7726443623743854,399.0196157401158,3.3169833265797597,-4.24863230619386,0.0002210848270304896
trapped_ion,291,73000291,3.7812304818553057,0.7869247576542217,1.9379235813708962,1.3488592440852547,152.04136848373744,1.7606307268150567,-7.0245698689828835,0.0004176571440604091
trapped_ion,292,73000292,0.4707372060418179,0.8921737628258422,0.3970471282762973,3.6670610159423918,134.38097499349087,0.23861489018045112,-13.278181864685239,0.00042792225539440545
trapped_ion,293,73000293,16.9864048191093,1.759660597719834,0.482043884640418,0.7820703082375234,139.64679176155545,1.484647942002595,6.089594858169726,0.00028290562455111554
trapped_ion,294,73000294,10.681041267615896,15.235195848625404,0.17475976982512445,0.33190738491255445,3198.902822362953,3.1559279376162084,-11.33908852023748,0.00033898553653531393
trapped_ion,295,73000295,2.3764246375257128,4.463866093661389,0.6143175319454466,0.39179773861962935,7448.381865808278,1.7867994165068204,7.8203498541987075,0.0016941139021647029
trapped_ion,296,73000296,2.331684391982103,1.3888512389074592,1.4310852310132889,0.6922284565557606,3071.723762139081,1.2983091595642506,6.787138423215443,0.0005844191588900754
trapped_ion,297,73000297,2.273104237554805,0.8249829298674081,0.18263342643749414,1.14529402751206,5117.91792835217,1.5390093299704535,-7.421275162256684,0.0008210871841970097
trapped_ion,298,73000298,0.37511564706558204,0.21441024497702227,2.2716739495563303,0.32246884046195096,930.9861615629698,0.6339159984032513,-3.4129366871486635,0.0002140062903130209
trapped_ion,299,73000299,0.22051545680970658,0.6042608157836279,0.029910889793514583,1.3991582310376391,1995.4509427848452,0.5123302601288104,7.780457522085225,0.0003581058935989609
trapped_ion,300,73000300,22.924019611152143,7.269308638883618,0.730122665724762,0.5716186868399673,1173.541789274914,2.505610746126084,-7.38763263916441,0.0013911835628033654
trapped_ion,301,73000301,0.7956378301457417,1.7858144142246317,0.6666743801664672,0.09908995845841122,7379.8841043895645,0.5869338294666008,-4.380290252990967,0.00020848358953946843
trapped_ion,302,73000302,0.16209658647667305,0.05167261929699858,0.10287500652392212,0.05368338192911262,6978.669413265245,1.115168985353047,-11.84830844719857,0.0001574405195102073
trapped_ion,303,73000303,0.44229833742891583,16.76360082225876,0.0007219817975453916,0.8228139778697607,173.85757911613865,2.8254667214451796,7.312628679672202,0.0011820922833708366
trapped_ion,304,73000304,0.9294135823978867,2.5798335657124682,2.6109249748826273,0.43882935613642915,180.95628065265166,0.8930854343638861,-10.061126852344918,0.0008953932637686882
trapped_ion,305,73000305,2.063927871342346,7.806729870312391,2.657804427599326,1.119913958680662,1856.4949486992618,1.833584366725353,12.99594120638656,0.00022118544913971686
trapped_ion,306,73000306,2.3574625502007884,1.0190666491623035,0.20143886078103174,0.6341500528247158,8238.484030639765,0.7566278940200336,-11.852396163898709,0.001304179474653184
trapped_ion,307,73000307,0.3819707430841919,0.598136758032548,0.15259820131317686,0.9481331812738399,461.85247389023493,0.6766108381971997,-8.27433679254186,0.0004538397625999845
trapped_ion,308,73000308,2.3794206734583128,0.4252820576726302,3.956513357459383,0.32423281329921594,6848.538174731963,0.9205319966231513,-5.87524317869841,0.0003344053805118759
trapped_ion,309,73000309,0.25765303241265014,0.18236884760001415,0.403504927977417,0.013395067182938801,968.3228029274263,1.2744222797327553,4.730157996263287,0.00047283472434515676
trapped_ion,310,73000310,2.936951357983501,2.517137452929103,0.056394247471077526,0.6319864355930864,114.53184129000178,2.6171493531241214,-8.53746530596412,0.001035449898567276
trapped_ion,311,73000311,0.36173893990472694,1.152412172073837,0.06910134129196985,0.7074357793857279,186.06869832787552,0.4287549494630538,10.223238316448287,0.0007278265636465242
trapped_ion,312,73000312,12.089950920871793,3.6544681047012504,0.2620461934008725,1.0777288430217538,4122.644562700001,1.956010957976892,-3.026960774184491,0.00026593726451865963
trapped_ion,313,73000313,1.2907991228138562,0.5122940244320735,1.0119663287082064,1.1118219331592836,1705.7506139210384,2.4966728954120607,13.178718139654093,0.00025397321361452
trapped_ion,314,73000314,20.48539268815058,0.5062968436790274,2.050410400767438,2.0817004587747374,748.267443810026,1.4745066773773166,7.121560742006677,0.0012323443670347483
trapped_ion,315,73000315,2.5798528089212818,0.30345535845650135,0.07098838207132051,0.43374760014607666,2580.948342634132,0.41013241595746797,-7.379223102260701,0.0001852652383103298
trapped_ion,316,73000316,2.289558911962234,1.1525068413905948,1.718203301592862,1.9195948303594332,1688.5545897599961,0.5873637428328856,5.854720473391344,0.0011419281566565458
trapped_ion,317,73000317,0.4798034907421878,17.987631883886344,0.3905628881979372,1.4066273371122087,125.31222345477902,2.880079563684941,-7.514591553813991,0.00012713029712637094
trapped_ion,318,73000318,0.9635497648300415,1.2435282482245058,0.48686980328567064,0.029099835083479804,189.55113635631963,2.00076950314355,-9.860751959948727,0.001709152362122226
trapped_ion,319,73000319,0.20787555017920376,0.6006417757265355,1.7812895135124693,0.02040100859311078,4508.601791203764,0.9730560281204497,5.568819181474086,0.0002424639677635977
trapped_ion,320,73000320,25.58526062943132,3.288425584944007,1.670656698988698,0.8474699679645707,4067.4270592682237,1.5089141031772069,-5.551271489360546,0.0005084320081641221
trapped_ion,321,73000321,0.3726453686318464,0.6697932709205863,0.25140214957796436,0.48515658784866317,622.9988870573217,0.26448686405688593,-9.511411588490702,0.0010037805977053764
trapped_ion,322,73000322,5.905703790708173,3.1776036826092406,1.5888166370556847,0.11770164479085812,287.3333544184405,1.033848288156411,12.392243237468353,0.0003328382839827715
trapped_ion,323,73000323,2.0499922276721696,6.286266284636824,0.5750648195369357,2.1246059937669073,791.1349577485422,2.7149612293435665,-4.5363588672945445,0.00019837570297849216
trapped_ion,324,73000324,3.053003588777944,6.672857268870341,0.07108814414771408,2.7019824118031393,1868.495039939269,2.590227716406142,-10.556079135327403,0.0006258037850025576
trapped_ion,325,73000325,0.10920567032095872,0.803754178156016,0.3555185871837225,2.8075345878485627,4233.481009214456,1.8001641168644809,8.735155122657861,0.00024843095059873195
trapped_ion,326,73000326,1.551519715915255,5.469703680694261,0.3829664630260503,1.5791926462930042,414.271793595331,0.7627116986501401,-6.4768511154943065,0.00034866587591968033
trapped_ion,327,73000327,1.8621439636259818,0.528445405060363,1.3223026526068908,0.18404609220864143,660.034563153989,1.785879697167073,3.008544551450878,0.000480967090093846
trapped_ion,328,73000328,6.367582776625454,0.5607848133153884,2.496843795836751,0.23280545319325036,332.0319325288543,1.4603021180160616,3.9107571077953582,0.0008603673829892158
trapped_ion,329,73000329,0.3726453686318464,1.0017335933686602,2.0818129168723556,0.20908519744387855,622.9988870573217,1.6511123865201927,2.810289567483833,0.000557001966638798
trapped_ion,330,73000330,0.37511564706558204,0.7254038430095433,1.566909481156459,0.2520104641507251,930.9861615629698,0.29349707641729766,13.289373736035577,0.0009077854797864464
trapped_ion,331,73000331,2.9662453266663746,0.757460232239891,0.6902138826120066,0.35400688226626276,112.72912590104906,1.8385788665916178,5.0632671200831485,0.00029511901878929915
trapped_ion,332,73000332,11.560126373889153,0.8144760862294612,1.4496540758921408,2.020927607384842,10440.07532715513,1.4262485596118468,-13.876380057005797,0.00045090625581400165
trapped_ion,333,73000333,0.3819707430841919,0.1813386989042185,3.7127929640270394,1.3906176417817449,461.85247389023493,3.1019196773896303,-10.109782962935764,0.0017845101854500195
trapped_ion,334,73000334,1.1186350350572645,13.410614444621137,0.19583521656297265,1.314074257153115,232.95434830851522,3.4678950951142284,-6.621368303888143,0.00015879136179351895
trapped_ion,335,73000335,0.4153076072227314,1.129402464499688,0.9930843617296738,1.119384188104168,241.1035779026747,2.672170912334141,5.014012438757136,0.00029076756901498296
trapped_ion,336,73000336,1.8185368244055637,4.56678168781291,0.14973128696654864,0.025793227906489843,615.0650898920854,2.2534403924077435,-5.770805495848781,0.00023662608932008131
trapped_ion,337,73000337,1.9074043066916395,4.9685532515554645,0.07461975233248867,0.048685907855407454,711.7031152514878,2.380758114028869,11.464938291474423,0.001620974283534282
trapped_ion,338,73000338,2.892037360882032,1.2605837092737875,0.307925317526016,0.7950014850081519,112.72911100281867,1.5040796572183985,10.725505784847993,0.0009832072301930283
trapped_ion,339,73000339,0.6468980659496746,3.1666064220551497,0.7320608944980926,0.35250681994420174,6344.528076609858,2.9473558028796134,7.404552166238216,0.00030328278712251874
trapped_ion,340,73000340,0.5255846910643024,2.4169393508242676,1.1529917883782426,2.14933092640115,1148.8498823275258,3.1200123669332855,6.5027329167474,0.00020675282319667333
trapped_ion,341,73000341,0.46182326844028015,0.2632464387289474,2.1311871401190357,0.20206397269196655,144.67641722937333,0.13924627922883553,-10.748018936020886,0.0004070852962905495
trapped_ion,342,73000342,2.276442818515916,7.830666698525599,0.09439944529206971,1.7529048104621852,5230.291396026299,2.1608052417529326,11.593560267503417,0.00020412640409226215
trapped_ion,343,73000343,1.551519715915255,1.4249403456925172,0.43481963573859495,2.29773425322627,414.271793595331,1.8973997292732956,-12.33249675281673,0.0001295586239357845
trapped_ion,344,73000344,1.9074043066916395,0.2700391909688876,2.401631574828782,0.2020239005712959,711.7031152514878,0.9803229680765378,4.208383498431051,0.00020205225834256426
trapped_ion,345,73000345,0.3694842659035883,2.1514946697797734,3.1836162885462036,0.492080134447673,722.1080376250518,0.5944289482859363,13.410244943585315,0.0004528642266158093
trapped_ion,346,73000346,3.4543069121883674,0.30958303054099057,0.46367469072644885,2.840984607620377,133.30580086308626,0.5212410373846236,8.60059493744297,0.00031370446697405355
trapped_ion,347,73000347,2.8356506275014666,1.9786504490047367,0.5834629658113518,0.573201523067968,2122.8513877681535,0.9558379569807712,-11.461124751902533,0.001447378110282927
trapped_ion,348,73000348,0.40132454248428473,0.6937245791881093,0.0024763085973757504,0.13824105047925572,301.5455863626698,1.5964209236712503,13.527586089291006,0.0006892549352346205
trapped_ion,349,73000349,0.9142732513741676,1.234981934103398,1.6419647334931367,0.4369442550478473,2942.0637248819266,1.1575659263687452,-7.734672541213909,0.0003539313204936807
trapped_ion,350,73000350,0.762167104513919,3.445939152972977,0.9053970805816802,2.3586806581590283,158.98145153477762,2.2812756944572903,-13.088582344439965,0.0008180405692111031
trapped_ion,351,73000351,0.6234079647530691,1.5122954392280783,2.054908477878515,4.349519380636169,114.95942065302314,1.0772287600148767,-14.042209708107533,0.0004498703019176189
trapped_ion,352,73000352,0.259427245983189,10.829261758338058,0.9105704505570573,2.143843802559737,3261.1534946151055,1.4934738880888978,-8.277279360936708,0.0012002550071232318
trapped_ion,353,73000353,0.37511564706558204,2.197545035421579,0.7706832141463349,0.14043194025335456,930.9861615629698,2.415995178883691,-6.443987738970512,0.0003905585581309662
trapped_ion,354,73000354,0.42552660715601465,0.7411538890594748,1.211637751638045,0.18808779116010715,210.30288029520287,0.4389662581526989,-13.42622092516342,0.0003069749318248548
trapped_ion,355,73000355,6.367582776625454,2.4820591451277054,0.02467413485721505,2.0550672945811863,332.0319325288543,1.034743271644792,-5.055701043371743,0.0008523387937912466
trapped_ion,356,73000356,0.18049653221843429,1.1374223619670791,1.924134931722187,10.147671155523076,7244.159170325106,1.0045790286047958,7.208552195491678,0.00015625391688197485
trapped_ion,357,73000357,0.14439250567191766,0.6755125402459445,0.7289643232808476,1.0415300604223698,1853.0463328744286,0.25563367747478566,-3.2995361799034604,0.0007337420246792467
trapped_ion,358,73000358,0.5007874693901746,2.5488981259150703,5.390772094523789,0.9315351052084357,108.38636922706891,0.8610994673159242,-4.72776562259757,0.00020067636224634807
trapped_ion,359,73000359,9.011546787286653,0.5293708447705161,1.2534651525160367,0.4438680488445537,926.0489190164434,2.7249862578695914,5.638468859137453,0.0009704671434126524
trapped_ion,360,73000360,0.30776096259723684,14.484751143277729,0.46661779150839655,0.7977549568145611,461.85296287670764,3.350123286735755,-11.719813421778573,0.00030426092725362066
trapped_ion,361,73000361,9.45985042141142,4.2608367997310665,0.3758809101243712,0.5057718193152135,1059.5598535134532,2.4582985190067355,-3.5737336150481425,0.0003157314251043543
trapped_ion,362,73000362,2.118460353432326,1.167574986992728,1.2217694668556278,1.4451371283704628,996.6159020453948,2.341152490873193,-8.020957395715799,0.0005663295204784468
trapped_ion,363,73000363,0.07846185255429036,1.8152262282649272,1.3543283390315706,0.01896862432566872,5174.032500282434,2.1967655954867413,-8.073620469358932,0.0001543706052075454
trapped_ion,364,73000364,0.7075372547349466,1.0638292796329336,1.6627206177812917,0.18502329181191096,131.4832483989319,0.3986053581837451,11.454560429568563,0.0009558615941550802
trapped_ion,365,73000365,3.298323136345472,4.360193855525219,0.5872797930499309,1.1061246363610515,126.48393939672206,2.6852295341238004,-7.427388175462536,0.001444690112653852
trapped_ion,366,73000366,0.33037531203669696,5.347690421506687,2.095293147514924,0.7595257094077944,8860.015037491205,1.943584652923672,-5.079755499345248,0.0003607305387286131
trapped_ion,367,73000367,0.39155842614256087,2.733626201171942,1.0159362859591916,0.3316850645879563,365.56430125704765,2.51480461456263,-9.03332965065277,0.0014808511631034917
trapped_ion,368,73000368,20.872443369801164,1.2154023302669752,2.4027471660273796,1.1843423896802021,819.6567405536836,1.1669532023351985,11.899594258503258,0.0007978080464066398
trapped_ion,369,73000369,0.2148189641765166,0.15361162545970725,0.22053200015239768,0.6211400835111098,1662.2788689575918,1.6156577432883699,-6.184036812870682,0.0007457606052955393
trapped_ion,370,73000370,37.32397391945131,1.0167471675511286,0.04332421619952981,0.11665236839619875,737.1705363649213,2.502792905131429,3.934624398842551,0.00016479500304128852
trapped_ion,371,73000371,8.083483457052703,1.0477380612772902,0.2729666071204605,0.0618507374208116,8700.361486876824,2.222081257047091,-12.389692623073755,0.0003689102249649691
trapped_ion,372,73000372,1.3653662141607432,2.475206393102652,1.4400185671312014,1.0428905038934737,322.0166070027547,1.9036064447643302,-11.805126852431606,0.0005880261706601066
trapped_ion,373,73000373,4.315552716526522,1.7251204020315953,0.26086551503806116,0.6039489127049668,180.09013692561507,1.3025458548982785,-13.021539696445107,0.00012798629929751726
trapped_ion,374,73000374,11.111472643930874,3.778582391179641,0.9761254241356001,2.550980903857219,5006.239104270616,1.5422689788332808,-12.977910786317976,0.0009381794166242988
trapped_ion,375,73000375,9.264766283055675,5.1233243973073925,3.4455761496304063,3.558180171649252,981.9538227051565,2.433371747086041,6.141795343092051,0.0015825634117353766
trapped_ion,376,73000376,2.2675388821066798,2.853633188110399,1.1285973696905447,1.4402084344213562,4618.748309319542,2.1860025572670043,4.8739694695372116,0.0009177607724051771
trapped_ion,377,73000377,0.39185189748205285,0.7515993385189706,2.2021206247560343,0.002109834575014669,1011.1066087931224,0.9934271354355906,-6.1711890676267345,0.00014985192595363015
trapped_ion,378,73000378,8.124640409209253,0.1943955413535837,1.9890243863676411,0.8883222839119344,607.3139156281089,0.40099867124477045,-11.883932724026922,0.0003394738116546414
trapped_ion,379,73000379,0.14439250567191766,0.6156475970726852,0.36769544266452026,0.2557968945937998,1853.0463328744286,0.3127575843274944,-12.012414641082524,0.00034654950035514743
trapped_ion,380,73000380,0.38629920717366206,7.5519245799332255,0.051299895633628086,1.0579878202078248,4729.102156867197,2.32338959818355,13.748225640606401,0.00013542103159131395
trapped_ion,381,73000381,0.09034664305401054,1.3375081055064704,0.1480256709605623,1.1302664755527607,1672.2446393495904,1.7302849763209949,8.720768875243593,0.0010741235603160082
trapped_ion,382,73000382,26.767226179465364,4.1955201304226355,2.212367512996932,2.513785067586786,4011.641760175055,1.6536968343127567,-9.302221980684378,0.0014036115887440894
trapped_ion,383,73000383,0.49841451252522184,2.201526288418983,0.3243709449587291,0.6774210496262654,110.06733382508688,1.3173630358271058,11.241336857199475,0.00037243979308489844
trapped_ion,384,73000384,0.48119640425293114,0.6074774242260335,0.6081497555278648,0.524347094532306,4233.581727445807,0.24417164866032418,-5.651329930891917,0.0006814159791093457
trapped_ion,385,73000385,0.3819707430841919,3.8782849079681774,0.6262787175556532,1.0137061183257354,461.85247389023493,1.9150730760040968,-8.96790237887975,0.000177530493608149
trapped_ion,386,73000386,2.7200546425219994,1.1572237383192836,0.335427196247701,2.7675738657533584,105.98188851157924,0.6809737814170767,13.236399068310192,0.001161794940319815
trapped_ion,387,73000387,0.12949300008965672,1.2028850198526153,1.84577648568401,0.0740100288375276,2873.189110583485,1.0250156001628343,9.237179803822094,0.0018058063540510323
trapped_ion,388,73000388,0.49135865777872145,4.757260985637865,0.766344707478888,0.5279128569642374,115.38888317593255,2.5142053026591342,5.06098505725667,0.0004915430945411561
trapped_ion,389,73000389,4.045366519000721,0.11205221569726549,0.5556090239119791,0.45476989137721296,161.5740039174228,0.48225302358118594,-9.876468178914438,0.0019271031889813131
trapped_ion,390,73000390,2.6155717726622965,0.9592124504863522,0.12088284274752324,0.16733059520508586,2500.3503578348605,2.530658471013597,-6.060128282621622,0.0011648515317482168
trapped_ion,391,73000391,1.8621439636259818,0.6755278819016742,1.3684531288200055,0.8164165725872904,660.034563153989,0.9527467711793172,11.24884006503367,0.000596193882849455
trapped_ion,392,73000392,0.46941484198557965,3.0700252120531815,0.49247776890168893,1.1366137598566073,10156.713961318712,0.7506567709108757,2.908267412567956,0.00017062695570519587
trapped_ion,393,73000393,0.3877021090995232,0.5450561939671987,0.2154656978300711,2.4237740229796847,399.0196157401158,1.2414134974039897,-11.661132390534993,0.0002467308287174705
trapped_ion,394,73000394,0.08520989952361882,14.889995919564319,0.4693157411000957,0.209019438052124,4673.861996998578,2.0048729409910178,10.462413278650393,0.0002178506076567355
trapped_ion,395,73000395,2.234352982002194,0.8310952006261012,0.17654309355618367,1.1906043586929482,2580.396782419824,0.24215552302065327,9.8999524179169,0.0004539197087249315
trapped_ion,396,73000396,1.4856564713035758,0.6477896793822311,0.21851092400320904,0.589912112987656,378.3982463929633,1.726818682194809,-8.207273785551154,0.000875378338408915
trapped_ion,397,73000397,7.784473374809298,7.264922643863936,0.47058489461389996,0.275927287003529,534.7643805775197,2.9500947215302027,12.855711862547233,0.0003520158396899924
trapped_ion,398,73000398,2.9792338542438532,5.027442006139642,0.5336587338224503,1.1335012888662546,6720.118204456487,2.000732819490473,8.266983141679045,0.00033507587655525216
trapped_ion,399,73000399,1.9772821846598492,0.8385562040692213,0.5292986319943105,0.26024252034211137,1099.1372989115387,0.1494706798180989,-11.705601275986927,0.00032586859914318964
trapped_ion,400,73000400,12.345677070970394,26.194696848345338,0.13128564155824368,0.18940144491968525,8700.451072409165,2.555613102209711,6.49924738228238,0.00017916976955366045
trapped_ion,401,73000401,0.36173893990472694,0.34522700658068106,0.8114578004196387,0.6735157684660384,186.06869832787552,1.3350576167776704,6.183142936981729,0.00062206329985595
trapped_ion,402,73000402,0.11442973638632795,6.202171476480068,0.18398990535172463,0.5523126550835931,6283.277081342679,2.479528614628844,14.255953555206759,0.00036137283114042487
trapped_ion,403,73000403,0.46849463968612154,1.1140496566476927,0.18219654281171163,1.089715732502783,136.8305252793737,0.4252941153040362,7.922470500838812,0.0001874121604981587
trapped_ion,404,73000404,15.27978895053038,0.9742755730485232,1.3389545106982381,0.5720604723898519,329.5490570872922,2.78060421215245,-3.3835504483099443,0.0004066888244515327
trapped_ion,405,73000405,0.38962672915238994,1.4493064606981982,0.33325393699760586,0.6860741989571348,381.5902103462457,1.7468368768606686,-11.501658099344642,0.0005844840034346832
trapped_ion,406,73000406,0.4214153185504571,4.657793181500938,0.0453117865403818,0.0772882292342412,221.69664569176973,1.2127885766260424,-9.055079769346724,0.00021621638189799162
trapped_ion,407,73000407,0.43175397927298453,1.3687064174516053,0.764251257256769,0.9253983538673831,195.11505424181615,1.3578339636907775,-3.9915033658774304,0.00032985036044051285
trapped_ion,408,73000408,0.49135865777872145,0.096413878505942,0.29663476636386155,0.21209343542094866,115.38888317593255,0.7559798344634039,-5.6992366969726005,0.00012183974817624086
trapped_ion,409,73000409,4.615124186750551,5.729028603790246,1.994476535432885,0.28865329701196596,193.1609913822128,0.9034625988214573,3.8042084854665785,0.0004385469599531568
trapped_ion,410,73000410,0.2884892306983438,13.942710955462399,0.5760561271155407,0.8130999798222129,786.9601621339071,2.5728739373138496,5.615577123499731,0.00011713164618829433
trapped_ion,411,73000411,0.3973963813602186,7.3014260157291515,0.7104002308262852,3.425403228182624,324.39414453540934,1.8472622070239189,2.7715374810077558,0.0005619781233856513
trapped_ion,412,73000412,0.5527847256709102,1.3130724980654018,0.03092608778146361,0.43769450230089235,101.7193182552149,0.49996632273493524,5.522773449450278,0.00038066960698331705
trapped_ion,413,73000413,2.269661719830102,14.820841215707322,0.9870482060208731,0.5422757603486332,4453.668842966184,2.2530657333175492,-13.332316472334616,0.0014413078878248136
trapped_ion,414,73000414,0.3726453686318464,0.901341918248147,1.5428037418906184,0.4376998241875077,622.9988870573217,1.4101182520303766,-11.741603185841223,0.0005302718948286884
trapped_ion,415,73000415,5.392985860077258,0.9117565513595665,1.8174470469044366,0.5159457277772413,245.34686210336685,0.47785923453947166,-4.191015756626041,0.00042369859645851644
trapped_ion,416,73000416,0.46182326844028015,2.7360283696361054,2.459089518485592,0.48982957226388696,144.67641722937333,2.1416177364189597,13.318639965297491,0.00032878451342376475
trapped_ion,417,73000417,0.36966684892752255,1.322176851262729,0.16693590592867552,1.9585216016232976,853.3097403331979,1.7803723328407186,3.1543066626246894,0.0002770964920971264
trapped_ion,418,73000418,0.08361956508658208,6.798939386809191,0.3102330839228745,3.880601274805684,9703.356938651836,2.549814022930408,-7.646676921197917,0.00013464491142613157
trapped_ion,419,73000419,2.31872841110153,2.0158005601088527,2.0717835465939127,0.8030933056692107,2116.2025651061836,0.7698203758689923,6.335502800610757,0.00011490854445370012
trapped_ion,420,73000420,9.461814358411115,0.797108827988996,0.2831188119514092,2.5939118194852573,1265.2184887338199,2.6604901414429314,-7.787318917503755,0.0001891146925230745
trapped_ion,421,73000421,2.1431168019543394,0.4174677220014469,2.161853752654295,1.2169480192768578,2499.056480089291,0.6678288815381677,10.153837408857965,0.0014987437762397215
trapped_ion,422,73000422,0.37511564706558204,0.4089353346202483,0.7360956545690591,0.08088806429572455,930.9861615629698,0.34126593089951635,12.717242049629137,0.00023846900121776251
trapped_ion,423,73000423,0.9764835530631114,1.9275723721875373,0.8444513568231896,0.8315083089901616,2802.6668210759444,1.6270966279259593,7.6522973674890515,0.00027767784067058034
trapped_ion,424,73000424,1.8621439636259818,1.5119536296069742,1.2330041728504544,0.20492183717417112,660.034563153989,0.6680219567172823,4.538293382414278,0.0018772930115611257
trapped_ion,425,73000425,0.395443206777986,1.7488153887287665,0.7166975174751918,0.18206333974520938,337.09502517906225,1.5713409304895536,13.700895570736819,0.000296198526342283
trapped_ion,426,73000426,2.7981470306643885,1.6697829361408398,0.2483295245007037,0.18178244198478988,1843.4655584609382,0.7428239521216523,6.997323554288264,0.0007172036942808115
trapped_ion,427,73000427,1.1627117990681535,3.8058605725038133,0.15044886599869636,2.172924291988378,246.8131802643155,1.4912251992836318,-9.041040980202174,0.0010139745323394231
trapped_ion,428,73000428,0.37818801009426206,1.1466219427918427,2.3530103809116962,2.441891928190335,515.4847348946574,1.231880080322288,-6.780727203316834,0.00018029522870520917
trapped_ion,429,73000429,2.1918896693500667,2.9870783531700327,1.119424610361872,0.18641287944815502,1441.6999342221923,0.831684554444299,-10.897760330313437,0.00037106810506857846
trapped_ion,430,73000430,2.782790878162786,4.79227106650273,0.8933069151370088,0.9045083459068942,1235.5207064088802,1.871880706652573,-10.242075412949307,0.0001400707227476834
trapped_ion,431,73000431,1.423711504733131,0.7711623353559529,0.6626958636616056,2.9769220664187412,348.0404851778063,0.4891228417945067,3.385408809590614,0.00042645181366222494
trapped_ion,432,73000432,0.39349723745126297,0.6566891523168396,0.5700204637126239,2.672715866833127,350.77883382912614,1.2908109599111754,12.904991642120812,0.00016097225299957992
trapped_ion,433,73000433,10.247792321542605,0.2813696461074092,1.82530671349944,0.6971136330428024,2224.7025277651196,0.8167848914312784,-9.963524251157404,0.00014069877297830766
trapped_ion,434,73000434,1.423711504733131,0.5796272208689075,0.5439959000664748,1.5058190458556824,348.0404851778063,1.2069691158334452,13.773999376149472,0.00014857454230461832
trapped_ion,435,73000435,0.13627417149171506,1.0718789459015694,2.1204036754488276,0.5686190577643766,7517.459524074445,0.8585828948536076,9.986106338836812,0.0005490852150732064
trapped_ion,436,73000436,2.0573431091807635,3.533211316308294,0.7488119071015757,3.640404986668007,916.3270224867223,2.0442668031259226,11.719437096408367,0.0002906312856727267
trapped_ion,437,73000437,0.08912824757174467,0.44220215000494034,0.09257559461094247,1.19292333786639,9271.758439983272,0.12866405082710597,-14.283176516698193,0.000476627087806081
trapped_ion,438,73000438,1.9205685615920705,4.738753302669052,0.13923806740519684,0.3453319824102833,849.1646465276311,2.833573423351632,13.423089837345596,0.0001484861142254717
trapped_ion,439,73000439,11.307750365928815,3.142508480989155,1.8406606704988877,1.8220727884364833,8621.808859962553,1.3651147047143652,-13.410934003485645,0.0004082351873535045
trapped_ion,440,73000440,12.245854431569512,1.6060252497356227,0.07997466063655115,2.5513919245165506,5687.638128617091,1.0862215577220322,6.585178440171142,0.0002335055572366052
trapped_ion,441,73000441,2.5058040532116412,1.5498033631578512,0.2893234503481965,0.022804814006630127,1191.876456675509,0.5322147791851926,-6.112597582001553,0.0003402748287363135
trapped_ion,442,73000442,10.332899073010193,2.1908066125150567,1.7888095585610253,0.662624102937604,9441.660321048239,2.2224436335985898,-14.228461921682628,0.0008685214224845828
trapped_ion,443,73000443,1.518076808366554,1.9568390532563522,1.6898306793285516,0.19845373304198136,395.5555425119077,1.9782425678132656,12.044727530590666,0.0018415370827905646
trapped_ion,444,73000444,3.794670357135022,5.481252302479115,0.024006473270331802,0.0568105231106379,149.08528326692635,1.3531279010924253,14.24393621131321,0.0009932825767228538
trapped_ion,445,73000445,0.5255846910643024,1.2298863678986915,2.808586741298263,1.4697639112756908,1148.8498823275258,0.6737206028126228,11.18382782087003,0.0005674133290407919
trapped_ion,446,73000446,0.3857845432041212,1.2111402962280997,0.3005308124261062,0.20443053262738392,418.0454052769428,0.5811537301543487,-12.09568224749859,0.00026703023645114395
trapped_ion,447,73000447,1.4584069514458315,2.8943588597173724,2.4744840624642075,0.8515261042985327,3198.5349964849556,0.8626029880821867,-3.7771238968772183,0.0022941571613038026
trapped_ion,448,73000448,12.245854431569512,0.6388260041950302,0.2588376124324225,1.604383776628183,5687.638128617091,1.355117924913553,3.224577675035253,0.0015185893849447712
trapped_ion,449,73000449,0.43439973103521046,7.465862668332119,0.45556151690615515,0.14546462511433372,1085.5548961769211,2.951562101613977,-4.962866812781798,0.0006860691320964116
trapped_ion,450,73000450,2.92211760392983,0.7907190850234618,3.3968372864997938,0.1484747877719846,110.97464064095772,2.0812501549102156,4.559389687196555,0.00011114981580093894
trapped_ion,451,73000451,1.7441448849853298,0.1364720053227559,0.4652357660441633,0.20603648564175214,615.166087245099,0.202051239938796,-9.878440565399899,0.0003218560702251649
trapped_ion,452,73000452,11.390375455561031,1.9339673993529647,1.6286665031591578,0.12510264820582637,7586.7460035339855,3.0210010269875234,-5.59610282979673,0.00018055088653808773
trapped_ion,453,73000453,2.5058040532116412,1.046339158132929,2.402913247675071,2.6968143411879515,1191.876456675509,1.2287580477503404,-6.513037733445575,0.0007122239583109828
trapped_ion,454,73000454,3.516929849229854,19.727167635900237,0.40051064037814904,1.7906952730535957,2124.4799171519653,2.589306105319323,-12.379364897348948,0.00016064636133158056
trapped_ion,455,73000455,0.6636868241229783,10.98476075167533,5.250779215710935,1.963870191572154,9271.807665676173,3.2956028535540867,8.78859435999455,0.0012740684801691366
trapped_ion,456,73000456,0.3726453686318464,1.5252320409439168,1.640719613174112,0.04603986788077319,622.9988870573217,2.169555806418184,-4.077978291977289,0.0008124408732928667
trapped_ion,457,73000457,0.5255846910643024,3.0439531200859666,0.5329194614915435,0.5819154274773931,1148.8498823275258,2.4465603236150755,-10.29474416778346,0.0008890023568446123
trapped_ion,458,73000458,11.335305107311225,0.48275265386873656,1.3275251262751464,0.39496604754275993,1838.0055556366633,0.6916850082418659,5.931258035864975,0.000507498444136878
trapped_ion,459,73000459,0.3687050352194511,1.086285501768303,0.07674942627264625,0.8946938148642363,783.271439437436,0.7164863959046482,12.424871173117086,0.00031490245131025044
trapped_ion,460,73000460,0.7960825223629462,0.7495505667979796,0.8515615033862773,0.25263187968062684,3199.654268253228,1.4133926223868618,-11.407293688102742,0.00035594001388244626
trapped_ion,461,73000461,11.680892606283651,1.0278839531636295,5.309062160236147,0.3493918729794139,9615.38808100012,1.968671084331185,-11.867035937892245,0.00031177325888786774
trapped_ion,462,73000462,4.774047428086158,3.693602840162515,0.06326862446847278,1.2252143498937518,202.881359641892,2.097456234405433,-3.9885261715405984,0.0015364643099266102
trapped_ion,463,73000463,2.3078031694018786,17.664423037794897,0.4786856088373912,1.0071553913114268,3136.2366933525323,2.2887774633275026,-10.072233009112761,0.0010011081110595258
trapped_ion,464,73000464,0.4032996304897839,1.368306408302051,0.18993832410339412,0.2367078290163525,291.2322236161005,1.3170442125461683,-12.891891800397625,0.00018649789125016402
trapped_ion,465,73000465,5.624521251534229,1.4934309665309429,0.09098962165322552,2.2664237691687,9022.311476067985,1.8090055013230766,-13.684924387607209,0.0001494062233118457
trapped_ion,466,73000466,0.35963849011116855,0.9975389499739163,1.0702298261684449,0.7841556276456532,190.49341116082468,1.3916945507862957,4.289132263202702,0.0002025229646889453
trapped_ion,467,73000467,0.1322813265704013,0.042863796211241194,1.9499912020583592,0.4618601791745169,1681.4667525455297,1.2896967346021855,8.121790505428786,0.00011770789689943762
trapped_ion,468,73000468,1.9545484795589716,1.907792492216981,1.324522482999131,1.1095877051694933,771.3132187563408,1.513164889145929,-6.7889896579044455,0.0010153733220301473
trapped_ion,469,73000469,0.2930272820563814,0.9108327851746459,0.3321480238735434,0.4613634437428592,723.2905662576824,1.5354176330390166,13.933219842655712,0.00023325174664310874
trapped_ion,470,73000470,1.4856564713035758,0.574411685299807,0.550324164184717,2.403750120106504,378.3982463929633,0.21200870740151515,-7.6109300125650545,0.0006571069503291882
trapped_ion,471,73000471,4.471858202738577,8.352046117920043,0.2064439539937973,1.2409860500802659,7110.349740182681,1.7233986703686852,-5.841280470411867,0.0003462668607645816
trapped_ion,472,73000472,1.0371346832477093,1.439122397971221,2.2483188575848123,0.11711372082197538,209.1901269991599,2.9272599948616485,13.97777688738468,0.00011965040174859456
trapped_ion,473,73000473,10.927784918160462,2.347008949545746,2.2684911433367727,1.7837684888874623,2004.3111304864053,1.5405665114575169,7.213824391120127,0.0005565029487637945
trapped_ion,474,73000474,6.836923098674704,1.1794287769260872,1.807163060200108,0.0106159183441791,6978.407441122216,0.6275946133874939,12.379599440926974,0.00036126352718879106
trapped_ion,475,73000475,9.23714808723694,5.572457488756268,1.551619103117852,0.05751047756086873,1063.3078669652668,1.6871199483558221,8.022457170704564,0.0003766952539143817
trapped_ion,476,73000476,23.0089776216657,0.1904057104675483,2.1644014823315194,0.5141645125224801,1395.7255319150206,2.342689874243345,-8.127232251149268,0.0005138919460212681
trapped_ion,477,73000477,11.952985132272358,0.12060436959808016,0.017660396310830127,0.9108284079161572,4178.461132320509,0.5180371668913396,8.896872346729115,0.00020662911825388957
trapped_ion,478,73000478,0.43439973103521046,1.4992587857795576,1.0936569267806755,0.4914154368275668,1085.5548961769211,0.9305245549709139,3.540309690508999,0.0002721297531712104
trapped_ion,479,73000479,3.1681471644217605,15.328960146021549,0.1302462932413243,1.5207036750931286,1271.6641389107406,1.5920015351655163,8.509294393276651,0.0004748531180733098
trapped_ion,480,73000480,1.8621439636259818,0.9857580066989625,0.9833270927543281,0.22991514418596798,660.034563153989,1.9467798419308748,-13.438504163172508,0.0007207360092239849
trapped_ion,481,73000481,1.4542149611931825,0.3737899698206844,0.013895755713971997,1.4404938964711311,362.61261730428345,1.9979170203824852,12.660670578224364,0.00017312095390058149
trapped_ion,482,73000482,0.7945740433737813,0.5783051548384861,0.34692262819725833,0.2330099787631752,149.72334652982866,1.4627573472795776,11.715186773597948,0.00023178685050115382
trapped_ion,483,73000483,7.951780348863883,3.950319109269769,0.15498234302325042,1.4406651200546357,568.8060874361968,1.0228356209888123,7.484286445684781,0.000814712145533773
trapped_ion,484,73000484,2.342726768161608,0.2575409836160557,0.7745575787154476,0.10664190409594346,2579.290749770703,1.253986865206842,3.3052158442534343,0.00044847407915031914
trapped_ion,485,73000485,0.1320329418451103,0.9481060503898412,1.0101174865727829,0.2284604868948879,1307.0649259437012,2.0947664473565974,6.218311221636228,0.00028523916113647326
trapped_ion,486,73000486,1.518076808366554,3.729961341654196,0.5169969043651995,1.773795909784467,395.5555425119077,1.0946047153008494,10.522994423819858,0.000994778443880389
trapped_ion,487,73000487,0.39185189748205285,0.8172062006382002,0.48959964316231974,2.0476761139867308,1011.1066087931224,0.8751751311830196,10.991307812328465,0.001455811711026324
trapped_ion,488,73000488,0.13450058985711377,2.171889084139156,0.8276241101288804,0.14368663043068317,1416.3244739562115,2.6474982961337776,-5.115472357755553,0.0008591702123674967
trapped_ion,489,73000489,0.577843463131807,3.152085924702881,1.0985835719829136,0.03622171971959632,106.36458558726004,1.8785194470664524,-13.2614217037221,0.0003202855331324785
trapped_ion,490,73000490,0.3973963813602186,1.2786618815416684,0.9003217656150309,0.9653504763070826,324.39414453540934,1.5329510970769862,-12.82799793207305,0.00022062688341690278
trapped_ion,491,73000491,0.35338662905262574,1.1469076463145522,0.6394109929172467,4.725610600307549,205.00434429922194,0.7058560047417737,6.392865265810352,0.0002780236654483674
trapped_ion,492,73000492,0.08912824757174467,2.481571120160131,0.7981237343178037,3.343985563692183,9271.758439983272,1.052327212605038,8.725250287109638,0.0006801562791746099
trapped_ion,493,73000493,0.4820944792593418,0.27737901648975377,0.34653797136947895,0.4377519597075889,123.21125429738726,1.7318965785543723,12.125530334033627,0.0006668427144084966
trapped_ion,494,73000494,10.65489923652482,1.2912150674644358,0.16183056525032824,0.6105451119819016,1484.201317199559,0.8652343968720868,-6.7360402186243205,0.00014899034929639543
trapped_ion,495,73000495,10.813159056540265,1.5548099155788329,1.018324773970963,0.015035086635456434,2415.38477728459,3.0450139390448916,-11.780972450961723,0.00018465976936359244
trapped_ion,496,73000496,0.14966312508947377,1.165198602436056,3.2703602721768963,2.0586502618912927,3844.253251608728,2.69956899351591,-5.106742708376501,0.0003949175456789764
trapped_ion,497,73000497,1.8185368244055637,3.957317191746155,1.0364740243416624,0.3716966892841227,615.0650898920854,1.7827389670417266,8.718284667910208,0.0006774956588570938
trapped_ion,498,73000498,11.109561806186498,0.03461888836507424,0.7157008213646125,0.021723166542568534,5062.033935856957,1.2220058038870167,5.603731030355452,0.00025792732336767885
trapped_ion,499,73000499,1.1856532031555644,0.32068421609896236,1.9018593869212732,0.3816598521408714,254.335638648155,0.22872711175414104,13.290180854816276,0.0017078310140038108
