arch,T1_true,T1_rec,T1_sig,T2_true,T2_rec,T2_sig,T2_ramsey_rec,T2_ramsey_sig,T2_echo_rec,T2_echo_sig,dw_true,dw_rec,dw_sig,eps_true,eps_rec,eps_sig,t1_resid,ram_resid,gate_resid,echo_resid,t1_chi2,ramsey_chi2,gate_chi2,echo_chi2
neutral_atom,20.165013885763244,20.083792144244367,0.9500565313471389,0.413901512904846,0.3893160542546264,0.010555719221227512,0.3880673782631945,0.01750877509022122,0.390019038876517,0.006890614829231508,9.149872149493412,8.671487948546883,0.25688535024254466,0.0010471998874698291,0.0009721841553174415,7.216132898452097e-05,0.0003745828279407082,0.0012237917651260252,0.0012081346063575308,0.003418194939278735,0.2786388472406334,1.0090730425704282,1.769177171364698,3.667872633715116
neutral_atom,2.814559670417474,2.8863788989260186,0.11220434888122041,1.6478214544458027,1.6680129603225329,0.07643519592904732,1.472732857308933,0.07182009501161137,1.825398880800888,0.10271791511844619,1.839342878997497,1.9346248986695986,0.07407532727198152,0.001835237173562945,0.0016230702883888537,0.00012265252477712053,0.0004241737452046129,0.0027834019777139844,8.384389286952536e-05,0.00043282973537108805,0.27161417594582055,2.5380054959756313,0.11895822912788981,0.5021160573931406
neutral_atom,7.981100397369503,7.162442247766399,0.2779564790781932,2.4393296898486083,2.5441518143324333,0.11087466900224807,2.6347876003835875,0.1402253957133158,2.3929702987006496,0.18110321867817375,0.9802007668487194,0.9338942965397943,0.04018448204840441,0.0077965356521863,0.008121514765893203,0.0005726660340886995,0.0064734747797696775,0.00044992780867550566,0.0018931166365305152,0.0006815943604904897,4.862971453256767,0.4101108493713596,3.41452877578296,0.7975343557888046
neutral_atom,6.982310370087901,6.311971738675704,0.3022532951714765,0.30423417559109023,0.2946858839598629,0.010121800824105567,0.28277221757608,0.01525474372474402,0.2990564191696202,0.007740557294673196,17.869810577266215,17.52979849909268,0.33012339745798897,0.002036684544536065,0.0019566719084233228,0.00014813406651241443,0.00017467307556171108,0.0018625472872516322,0.000605110263281302,0.0018393129565211419,0.11203335618350349,1.6403540261264056,1.0077509639062163,2.337179942881962
neutral_atom,47.46894247851543,45.55147433729618,2.1025321563291155,1.7133568176990501,1.6715387763885048,0.0594932593358514,1.7271055340355161,0.06904920717825017,1.5114244541740476,0.11073894651401996,2.2262905894240324,2.2588107693878126,0.062034242058680925,0.0030583595845539505,0.0031530474495877897,0.00022498742773234431,0.002818700817846153,0.0009710450954281161,0.0004049630596613038,0.0009179333573197204,2.1438290062530734,0.8384482544302774,0.8286808382105935,1.120293310055539
neutral_atom,76.86627532027876,85.66272373141493,2.7998471391393815,2.9370746977150253,2.91572125272064,0.0960766908314423,2.733428568968396,0.14168657981290594,3.0346204483785146,0.06451331976739386,0.5676835132606288,0.5598928850981904,0.0400425628891143,0.001080848077251159,0.0009937190653320838,7.408373514718548e-05,0.002291093721112513,0.001325553365249648,0.0006236221009837992,0.0029586821863420054,1.5192047675324782,1.164777520418369,1.3271399772866348,3.6644711834426746
neutral_atom,33.296430340544845,32.62868109993118,1.3070599983970022,0.6344680802457516,0.6471214908194778,0.03325631024282814,0.6034679963206302,0.03205608054816266,0.6812900499003282,0.04440336659146174,5.7116232135353044,5.634606519415196,0.1816261243156649,0.0021970647442152744,0.002188467400607258,0.00015813973598082575,0.001007121014309211,0.0028093261149973368,0.0001091070403929581,2.977460532325156e-05,0.6467383951875127,2.451338616632308,0.20819616895360984,0.04146273845552703
neutral_atom,1.262523656935515,1.3276107285128254,0.05207169835459858,0.9479044514671586,0.9602050490045768,0.042024145317319433,1.0035500294346034,0.053372209501581454,0.8894946925393075,0.06816905754323903,1.7618738931801934,1.7044248091850451,0.10575634635185643,0.0035926636689161896,0.0033917277415550923,0.00025793842568240917,0.0009217702758354343,0.0004575088869538676,0.0020670041145464295,0.0006764994704792224,0.5864134945267798,0.3900229177909068,3.0290180030747935,0.8680195156458854
neutral_atom,4.817815583528325,5.264907834886697,0.21014047138905553,1.4177131188234053,1.3454975076216407,0.0721840390112733,1.321447976887081,0.06344048986599228,1.3709621708681596,0.10357447309561259,2.120600496246814,2.225998508987002,0.07937693438544535,0.002013562482058877,0.0019699944045969693,0.00014301311407116286,0.0003067898341728894,0.003069117901450628,7.516518292779284e-05,0.00028222971606222053,0.1976685524926589,2.517335376253175,0.15681122067121261,0.35955801445354035
neutral_atom,1.5368365630101064,1.5641304385579966,0.06359023106183397,1.1694270279144476,1.0961994959130597,0.037832283160953994,1.0811331993945335,0.04793161887426828,1.1210957651907232,0.06161493270273408,3.2128395397114247,3.2199231563838877,0.09324737636143388,0.001185921278695942,0.0011704352174535702,8.487164773747994e-05,0.0001751265198905941,0.0006822399633820175,0.0008242647878780916,0.00018530997852606826,0.119149480155358,0.5619611383818353,1.544769747243962,0.20108929671677267
neutral_atom,1.4646809461515595,1.424838060825618,0.028389975234357625,1.0977358397295545,0.9731869654074112,0.04678135464274006,0.9491755543758058,0.04174113636974279,1.0122008337733541,0.07579164657363213,1.3712791489722855,1.3734264285210709,0.10715615450716204,0.007092004180468726,0.006593320367208715,0.0005819126131505995,0.003222585900557449,0.0025033549024203873,0.0022081738311537378,0.0003429976231050571,2.1658415913478386,2.0291437552042737,4.352957944435085,0.3941970043299212
neutral_atom,4.3748199556570215,4.5353901148483455,0.21789426665941006,1.2410294363828962,1.227451089747092,0.03452890412976473,1.1336864214158233,0.04600482551676543,1.34841043708348,0.05225206933086215,1.463693892088096,1.4332421152712773,0.09119892836748411,0.0040941675023153596,0.004038174899576067,0.0003236230103480158,0.00018310960109713554,0.0009195959350184836,0.0009819628405895284,0.0007107179701259623,0.136902643693327,0.7596313247095787,1.5666505065061547,0.9644654271452566
neutral_atom,1.0184101696453094,0.9891818820494915,0.043258713283175265,1.137512109029266,1.0882118494864361,0.05022109520830901,1.0479068672946554,0.049522274420360585,1.1656776104321365,0.08584707856242789,4.181139279826976,4.2609211226404415,0.0978210618517728,0.002851604674468213,0.0028251420908999634,0.00020495868727216194,0.0014322232203676675,0.001903750951827782,0.0011965582286326834,0.00010795409863536496,0.9547428619763975,1.563503357783291,1.8073214231730983,0.14729978271941913
neutral_atom,33.61197840533054,32.742267746405005,1.2976619512896284,2.528407676266826,2.3116658915705894,0.10032079881553807,2.4388934549554593,0.12733974880755047,2.187665395504322,0.14097251526371032,0.7940488709555524,0.8083631793837387,0.04103830912669135,0.002098703257794922,0.0022014445298126598,0.00015633466159378035,0.00026008943157307407,0.0015355997237448365,0.00032020579227480024,0.0004755572210343506,0.169887099785028,1.2574731098767669,0.4344576648744226,0.591425166646088
neutral_atom,1.0602472737800364,1.0829647407233187,0.03739307647924494,0.832044055894511,0.8052272001569081,0.03290544368295338,0.8029574688411818,0.042124265241067514,0.8087802498482415,0.05270426419691776,6.137468601236472,6.068391762322618,0.13247139220286713,0.004041151559587619,0.0039540707196602425,0.0002876946857983287,0.00064599845455939,0.0007489154289023959,0.0005200784416328224,0.000602449865554614,0.4391859261968232,0.6399953938651656,0.9171082338893968,0.7159573602465752
neutral_atom,45.24354707875784,45.10067985515306,1.5949236115439447,1.611428056115156,1.6709018912434817,0.0732569023416456,1.6808297062431479,0.08007604180051142,1.6546769725497708,0.11889956303284048,2.1071549165036236,2.0818973598478765,0.06525966206306097,0.0013264504405922082,0.001318732347519431,9.525568843931713e-05,0.0009841708008382164,0.0016244528033319515,0.0006530168292264292,5.1451699249952814e-05,0.6560847954749283,1.3490450987373603,0.8839366600786086,0.06020710016195769
neutral_atom,69.01955870704884,69.70214862336317,3.2391255976974485,2.6273337196237048,2.61041337688613,0.12849998534898666,2.5547112162562526,0.1371654657834624,2.68691040877103,0.1979618294706063,1.8579391977939608,1.9216449309005053,0.039578638440287715,0.00472145215717638,0.004250985059548785,0.0003187949981539046,0.00027286006244355346,0.0018705639320654238,0.0003186069010229836,0.00011122946117669982,0.18775670722926846,1.5167039187550884,0.5030222034331051,0.1238899443455656
neutral_atom,23.663382365820645,24.975659500339344,1.1126099390921367,1.9053910366599893,1.9977621603204625,0.05467405727160908,1.7000530809805785,0.09221352527836557,2.062810218708943,0.060352219574333954,1.5420978232999367,1.504254498676081,0.06157071012049322,0.002522095864817449,0.002684686509769726,0.00018972936513399075,3.3934609410842973e-05,0.0022881540173779395,0.0009886411485554901,0.0008041561612451218,0.023891528585567354,1.9604464544513924,1.5151628971993745,0.9632113836490203
neutral_atom,9.390464513821218,9.362436501160744,0.33798645462192833,2.3458403496662723,2.230600056911829,0.14402280731059708,2.3950199464098243,0.11847873326010103,2.064971659372257,0.16086059969212801,1.451525958897181,1.4940321304777786,0.043471243397922986,0.004380531814352856,0.0044703365723077065,0.0003426785273473991,0.0020701620130455464,0.0036083557478830902,0.0008842964365405215,0.001320872433586511,1.6939647619196956,2.9445872185176953,1.2368875039030713,1.6091121282121015
neutral_atom,11.828532455001731,12.764492947825119,0.6140624788471125,2.0017126549425788,1.9280420917867698,0.07528600852707792,1.975696226824706,0.10173319428944598,1.8703482724872547,0.11193786785720372,1.0610153653467416,1.0306762626729937,0.05444237486827526,0.004949670377129984,0.005572397102372406,0.00038685461186597554,8.30834158796756e-05,0.0003577339803077388,0.0005554209646873544,0.00012398186182128201,0.05491662360389846,0.32015040018502694,0.7054663016901205,0.1342801389545753
neutral_atom,71.42816148937501,73.11416978283441,1.7853578762320577,0.9009014908293711,0.8093396273527731,0.04805903027831446,0.8060204357511901,0.042082511026378625,0.8116490297272513,0.06258334944823361,2.668943660054326,2.757947298542971,0.12443656534932317,0.004551706904508662,0.004594767488319812,0.0003305235143446124,0.0012891314358454999,0.003894890461633373,0.000364314333654201,0.0006793811897508306,0.9265641494329173,3.178681605463202,0.48131614028529146,0.8363851310911571
neutral_atom,96.92861062302886,95.86413673943382,3.3663364724991895,2.1114819091143753,2.0662886843840256,0.09085128912276784,2.1591630873992393,0.11336628429880263,1.9163752211165277,0.14689146615826504,2.09364758041544,2.0816018383941537,0.0499149993940179,0.0019202567472495025,0.0020078772766348027,0.00014255875278889422,0.0010035198055582143,0.0012512501245748476,0.0005988293228103349,0.0004813863593641784,0.6947052751997436,1.0401134309009272,0.9978934887703482,0.5193490094887941
neutral_atom,32.01120979190071,33.32679079115771,1.3524084131754808,1.2546654443473664,1.1168855380300866,0.05061797034690168,1.161090524207446,0.06239570876672303,1.0635944982165664,0.07517311632875626,1.858436805762568,1.7955019355453758,0.09030092196796255,0.008573628555219513,0.00808476610137041,0.0005951644865336639,0.0006593981223976289,0.0014336290005921668,0.0011981440250033088,0.0001872375526046751,0.46132019765528953,1.2040173053726129,2.2778783855410176,0.23073758089376734
neutral_atom,28.931932027311056,29.6436271217367,1.4095583335597366,0.8329652150463998,0.7755652884027373,0.034777291273168545,0.7848476602161247,0.03885324791143794,0.7593462275603564,0.05764326371913047,5.554057497228699,5.5067119095458885,0.14027146086873343,0.0016535571765751464,0.0016196995614514698,0.00011785901699697342,0.001160144640251487,0.00143740828467635,0.0009058017670282929,0.0003339590986855268,0.8426513369327424,1.2597249284658751,1.402447981628893,0.36418231569111004
neutral_atom,77.70187971260957,83.61258359494484,3.990013694028039,1.6220128574723023,1.4971567314814778,0.024425718315724043,1.5405525331936738,0.07513596449442406,1.4920286554282067,0.0258286219935778,1.9629202733021152,1.963360994884491,0.06986201392071163,0.002060778410156303,0.0020605926999237583,0.0001486234253279172,0.0007314805989249398,0.0008369005809688103,0.00031744542750240725,0.0009038464949109749,0.49849826960023735,0.8308388235201598,0.45509132617507336,0.9841347435154935
neutral_atom,19.07925122727569,19.410097270650546,0.8912461437459624,2.5923242157155593,2.4057188809646335,0.10944711662343164,2.345253948459411,0.12719946997207243,2.503296161420777,0.16877964223906222,1.9712085690842454,1.9651525838033321,0.04042448312194957,0.005591381033811499,0.005633025823614195,0.00040359374615482515,0.0018555303574280847,0.0014235482602953321,0.000564709674656017,0.0008958672950034273,1.2737010154874713,1.1991194246453252,0.7478835281517909,1.0991021439187045
neutral_atom,32.93597950887456,30.97484547998688,1.1730731340876628,1.430312935477199,1.414125213201212,0.061150723846871334,1.4163092037368914,0.0744817184396157,1.409608444804413,0.10711202333422205,2.2241395444598284,2.2743104216989165,0.07691538131165292,0.00898365409087467,0.008829650925148185,0.0006461958218650873,0.0007280784000085151,0.0007225111526330777,0.00038314365757367744,0.00033739737954047833,0.5304842423197347,0.6927806374936809,0.5317872775510294,0.39965868134962884
neutral_atom,22.76120858473341,22.590022524626953,0.7171687661182166,2.2204544009276495,2.119676102689325,0.0750254830143356,2.1762421492997532,0.10369401378972336,2.1043735861020223,0.06721692340908257,1.4941065784785694,1.5635943737320523,0.050897851152414096,0.003726880143531495,0.0034482636122540296,0.00025671944658837395,0.0013793471694907903,0.0027687077231559783,0.0006034271343951489,0.0013285109311736707,0.9555204779813018,2.45859125642485,0.9751006499849716,1.582863536820446
neutral_atom,67.26165890526234,64.4154497117367,2.973914827536908,1.6508432544994498,1.711362226161405,0.031584814477614034,1.7574116888292959,0.09419311149383403,1.7062688692209476,0.032674531088124376,3.318975561800142,3.3345792549365094,0.06375267107078557,0.0034518397880275303,0.0038501077697068076,0.0002668142409102397,0.001823648506867278,0.00128690269454042,4.0449029627224887e-05,0.0007933994679311693,1.2303174413589437,1.1290129659979573,0.07374951232585768,1.0377626452857855
neutral_atom,20.119501487168908,19.104080333584804,0.8164098471179695,1.4053150607213034,1.430777052884033,0.04200270416959073,1.3182812267221369,0.06737361776825723,1.4816546427795185,0.042547049774931775,1.1250710127746275,1.1362355227415488,0.08265020711312401,0.0013954446820744685,0.001236974491022583,9.360857571175274e-05,6.160046086687757e-05,0.001405778697966442,0.001581113048295973,0.0010609679537373867,0.0408222878759743,1.2480432223261204,2.2169385222734572,1.4153393486913024
neutral_atom,4.0622766706977425,4.068716857723931,0.17689759554938997,0.31425504304136676,0.3023059594405191,0.01254265962459055,0.2828113335688816,0.015032699527954689,0.31811354149056176,0.016789813039873175,5.893921531318638,5.4328256746984955,0.35943753407466733,0.0070491665234697605,0.007296283414536786,0.0005220579893959564,0.00017150728062324447,0.0019068288339880507,0.0006153143968823271,0.0008965878001709199,0.10915370979127056,1.554682620009666,1.3081330676667018,1.010588884013892
neutral_atom,9.6389133229914,10.195478125495496,0.4506985556243887,1.8332701968384304,1.905809943134003,0.08143124460179445,1.8835068014259757,0.08870317164626175,2.0253480849466534,0.1478715713974925,0.9312794578552649,0.9382421321070074,0.05683740952933061,0.0010973388847329824,0.0011491528371378181,8.165052334956768e-05,0.0028410186126546118,0.0011706669041773958,4.8463032237329756e-05,0.0014322945154209956,2.2009463082492777,0.960242165993526,0.09084816004353456,1.9286320426460235
neutral_atom,83.1042237342945,87.91555853186372,4.225973473856419,1.9245787126604643,1.8295993537214807,0.08336863535123816,1.796011877558402,0.09173847280313023,1.8856470745467129,0.1361925325025047,2.4688918130380513,2.4226850084588185,0.057785508388303174,0.008569440198455423,0.008361052954140233,0.000623262942221125,0.0001245588168451701,0.001608799001342562,0.0007925629174217187,0.00016295447353450326,0.07904293033627809,1.320757220876254,1.1824968147216384,0.22258297084452294
neutral_atom,1.9617624790290846,1.9429057272648107,0.09309764819876287,1.3143292561114397,1.210076263638652,0.055886201378252745,1.3037914531475105,0.06045940363930005,1.1727041650839078,0.06609671671504604,1.438817499180995,1.5669728975280477,0.0866539475247674,0.006372308487143858,0.006348368411604256,0.0004601395577929703,0.0004757713665972026,0.0034608665136069295,0.0008172550545431761,0.00019460815412459384,0.3161111349248048,2.9970539306822337,1.2579747316879395,0.23826043014051923
neutral_atom,1.5219456504125388,1.4775380669307574,0.062303965112874976,1.223381596418033,1.2162154876419589,0.04940809277140234,1.2046435993944637,0.05326656197183795,1.253012113873126,0.09222055596351617,3.49062546476297,3.5645658101579136,0.08757228089322011,0.003013304394450868,0.0030963519366047697,0.00022130688191058118,0.00011849983145136294,0.0013881477883256593,5.496350337379396e-05,0.0008499213731221367,0.07606613593084705,1.130945284559159,0.07782646428046067,1.1997733909496673
neutral_atom,49.45653943081278,50.25460282471064,2.1616755016871294,1.9795089479023535,1.9250781760515225,0.0762484614615304,2.0068686668975504,0.10342369369371951,1.8276889435994526,0.11285585841046225,2.796702271130685,2.7890714620907424,0.05078413365525545,0.0067765925498032885,0.006683875535106562,0.0004825675677920664,0.000834691644533138,0.00015481665626260237,1.4275631643627672e-05,0.000487867261674106,0.5849829853233806,0.15513323348348804,0.024922845394999785,0.6230911746964005
neutral_atom,95.03896400214687,91.37347116195996,2.9715560529822267,1.3506056755138969,1.2925342903472292,0.0217252038222884,1.2836268697712316,0.06589948018185413,1.2929990950924608,0.020622342489611444,1.9439605757122964,1.857974466639843,0.0836606487174202,0.0017449329098141572,0.0019454778857262323,0.00013541374809782856,0.0009390667053980588,0.0025362675201076276,0.001050201763614224,0.0009327450032668103,0.6209486789617881,2.1914719157105793,1.6555116140802475,1.1677301439679786
neutral_atom,40.97172454740518,41.12115515575707,1.7740440928504857,0.835857259156194,0.7523870173618948,0.037008230453131646,0.8028725504857914,0.04062013410967776,0.7025431725069897,0.05217096937517186,3.7012480506184606,3.8686424630515095,0.12431806734004139,0.0014958647535110098,0.0013615355665151934,0.0001019258576763571,9.913543491190942e-05,0.002058282545589508,0.0002239131979147567,0.00011147559457878109,0.06293599475039156,1.6708232807650039,0.31170020187018155,0.14226642128743566
neutral_atom,6.075430355553197,5.845894100285276,0.19080580890698928,0.4988887949719951,0.4608924737976142,0.02368150649667443,0.47157407082688624,0.02561330540175227,0.4492219345020271,0.03425711222049035,3.316390235446312,3.2155585026971205,0.21391272815894982,0.009090042768874653,0.011091296232238873,0.0007525663944861438,0.0020685557251862788,0.0019539769134773012,8.697776698091391e-05,0.0005436938234428268,1.4337987542117259,1.6372519245097912,0.166057398848032,0.7125444302935028
neutral_atom,3.1179446739922456,2.9065030980904702,0.13825041353110734,0.46066279563280316,0.44255822645288634,0.023480685633901335,0.4512724688757927,0.024084093282560705,0.4218293513047479,0.03274864977537689,10.251836107303195,10.138089506395335,0.22730424021301882,0.003639513771001938,0.0040128820040954225,0.0001859342601400572,0.0005700727413500752,0.0016440461911985484,0.00028892787646355345,0.0014206908066246864,0.3669859772518982,1.3501095347781362,0.5187722060262272,1.7369563568652984
neutral_atom,21.884446756052874,21.399910231848324,0.9891971685219114,1.3360058822799652,1.2708815375176779,0.07907146013988178,1.235343184192526,0.06163492481149293,1.2899082567430717,0.0979779789273178,0.8699816691087019,0.7139068382718403,0.08761966779840584,0.006091905208952486,0.005741059257036839,0.0004227891294731899,0.0008745317288014138,0.0056753384156267616,5.360291129103752e-05,0.0003961743774951158,0.5650670872572555,4.719941367271775,0.11695779684380142,0.4332523925070591
neutral_atom,6.532024281655648,6.156253510540769,0.15606468963043388,0.5852981599405421,0.5709344577605393,0.024421786457358364,0.5750938943667064,0.029068468456621734,0.5670126554276681,0.03404075223331133,3.02839968051109,3.0905606504384417,0.1814999759413606,0.001404506316123962,0.0014777257121047392,0.00010474536855503647,0.0021897491238687516,0.00179335968132959,0.0002855197190398441,0.000316444886448686,1.4500692621879827,1.454463426952526,0.5261336869648704,0.3488654178950693
neutral_atom,3.9673132458258498,4.071641413324798,0.19563879461282985,1.0358757738627569,1.0174187210336778,0.04557440711324512,1.020690428389645,0.05175442855116561,1.0061211522039593,0.06777131659405262,3.658444986546046,3.7307078118230566,0.1009001040346748,0.0038074365914169774,0.003205684540282507,0.00024808146220372363,0.00013355646906811454,0.0001717828473758735,0.0002614460853919394,0.001571436177630568,0.09468210578322184,0.140307274382365,0.4649397689427754,2.0137879382075763
neutral_atom,48.642917419914134,51.061188351524244,2.340536367960996,2.8557654262027747,2.7550231355253754,0.08405495477406517,2.7781900441157763,0.1034773902684632,2.710085020600902,0.14411820684708734,0.5582277745390023,0.5500438909940643,0.03857149151182421,0.0033638816661402,0.0029779765346640997,9.385743186273315e-05,0.002005033944547797,0.0008228874386243002,0.00020523205848329315,0.0006107285397679767,1.2759827705242628,0.6994563910446038,0.39796823671078224,0.6633193127596223
neutral_atom,1.252583803154512,1.2586211331345325,0.0582546919048032,1.2700722376841613,1.2002216658082407,0.0515013759178765,1.187479796454201,0.06335445040720324,1.2225486392158675,0.08544034146551098,3.4900011630006116,3.4522807226917758,0.09118094017735602,0.004296353146158114,0.004573600627266457,0.0002045757884526785,0.0008525156805718943,0.0011847028424451771,0.00036602438631826064,0.0007428833461277509,0.5975664188047201,1.0379465454793941,0.4509512720110478,0.9398694944415725
neutral_atom,1.0146127266599192,1.0338213238620013,0.044945316472965825,1.1409294004840254,1.0108401408657672,0.046475136547639566,0.982354247656457,0.052340836457724985,1.1169911674824582,0.07654871078306451,3.1317831460043704,3.111805187252423,0.09869026051331313,0.005258029137174027,0.004839969476390702,0.00024552969397759195,0.0006637102281640457,0.0002197938042838036,0.0006675661838147302,0.001383381267755361,0.489370929263312,0.1840120041261042,1.4890661910816014,1.742207635989324
neutral_atom,23.07395201880837,23.960208844777316,0.9841285987486937,1.8272174909068448,1.5210768180352374,0.050620080034417425,1.749178541308884,0.09167081732371286,1.483113861320693,0.05467038814447653,0.6348827061192686,0.6885200608905011,0.056885963899574475,0.0027915298373158773,0.0027707042933961187,0.0002004113156864711,0.0007541119786125463,0.002634437374674809,0.00041866381598240225,0.0006556158865937008,0.5269863214116307,2.137030124265613,0.559179976702131,0.7787670550664566
neutral_atom,20.441271528080247,20.54804524206976,0.9443054782935323,2.7552722248317294,2.718149358137084,0.09901708466123478,2.8248018007450715,0.14648423917747813,2.6284180414373726,0.09534787578491119,0.6187231002136186,0.6435887186987368,0.03645168423538647,0.002723873553667818,0.0022976141698339276,0.000177994165241228,0.004220440139872791,0.00030314737687886354,0.0003496655676258578,0.001553969853845236,2.855874540930881,0.2575625199947714,0.516555273649387,1.9857884923499942
neutral_atom,18.788977301667213,19.021909924130057,0.8551446365802943,1.4385383791700983,1.4828628399598947,0.06106278951429437,1.5363373945135028,0.07494682247354481,1.3772746808269751,0.10531427591346744,1.2441028529825051,1.2485471257246024,0.06988921340112522,0.0014627444363973035,0.0013081621712299858,9.860239382497131e-05,1.1647926668047969e-05,0.0010847405450898882,0.00012862951267861826,0.0004288570225024905,0.007642394516211108,0.8883874729199984,0.18322918395422763,0.47565182672012174
neutral_atom,43.526513345163124,43.570423780321185,2.07693095815165,1.5762711857386602,1.4435203967288797,0.06716739903046935,1.4494497929068675,0.07521929069321397,1.428472593153399,0.11070176932228037,1.0594655341384485,1.100193592637429,0.07016618091029077,0.005659097950544995,0.005879976667246958,0.0004160868069701638,0.002130704468659762,0.0013674989523386354,0.00028098082303223596,0.0010644082800242418,1.4805717611263483,1.1115602170778955,0.561195867313337,1.3024017845070612
neutral_atom,1.4730266802197354,1.474736105610064,0.06779426537386218,1.3793029601603317,1.2406794724901269,0.05273341560119397,1.2860987596518643,0.06573607099076688,1.1586870800354654,0.08832229908370944,1.144194572840799,1.1908626537786,0.08308279171959754,0.0027227029233418444,0.0027353178356793995,0.0001974443505512249,0.005580170718340771,0.0005174845307328278,0.0024847543581740994,0.0001431040461635997,3.802415743736251,0.464627173925728,4.106901836242335,0.16835747840645637
neutral_atom,2.9755790702949163,3.0915657603592597,0.1484633841311939,1.8847337064212717,1.9045621684502745,0.0932943544772129,1.890372951621243,0.101776699643962,1.9792002351603433,0.15333000461497645,1.8905598861968667,1.897824543582699,0.052508123453780475,0.0013069938544527095,0.0014873576004609296,0.00010286253179972763,0.003899761665148953,0.0010309426918887273,0.0008862013063319334,0.002086462178595225,2.7191242134967055,0.9723172659964263,1.196692128058568,2.3176315073896405
neutral_atom,3.5920670877556873,3.587556863619776,0.1631806659455695,0.963353229300636,0.9141032630120688,0.03527270080958685,0.9696980330980345,0.051142628060353044,0.8636666813315104,0.04871232901856336,1.4003029716822608,1.3241873752714735,0.10341904819031947,0.0011214252498697994,0.0011366121764975288,7.471047797777076e-05,8.667594205069874e-05,0.00047956966630062026,0.0006241768946698892,0.00021811820913626516,0.06151884264933459,0.4255733662834448,1.2445370542499332,0.23249784130381604
neutral_atom,4.6953205161326075,4.2516479015255,0.19778398180442344,1.4709853318352826,1.2977317647655129,0.05569848043956018,1.322982487136922,0.06990727982915154,1.281719430991834,0.06675797590846258,3.3899838408660976,3.310501560704607,0.07465103359282353,0.009387483102721505,0.009764374693581358,0.0006940557284491519,0.005573613487459288,0.002017748635994745,0.00023228043588535637,0.0010769008688358114,3.563093253907946,1.6358694548458268,0.36515951841203287,1.1375433525197687
neutral_atom,9.40677085549956,9.154129568697138,0.4389095873321494,2.2048832092640107,2.045126672500142,0.07559850428264404,2.152309744006555,0.11451854858396093,1.962340423553037,0.10064491525402486,0.937578991242652,0.9478226656787191,0.048644312292048075,0.0022288179683858226,0.0022856366195652287,0.0001630884425150431,0.0001623286017873872,0.0002683483386979267,0.000367605660502011,0.0006057553877052892,0.10334201155755467,0.23072502180903515,0.48324210452345195,0.6425565105098461
neutral_atom,1.2976914920746923,1.2570727203855745,0.0497469967003719,0.806091319836492,0.7804538018777943,0.027943034156076463,0.8053702479428599,0.034953746500049995,0.7363330753163503,0.04651274936872471,3.3360991520269225,3.3201016595317165,0.13300672541942538,0.003405585210890205,0.0037190235233420317,0.00026006889902015256,0.000748776653311605,0.0005228355356778479,0.000295444189522156,0.0006861787439350708,0.5364010080220363,0.47151838206282265,0.5814406169859211,0.7581046451570368
neutral_atom,11.336384526407066,11.430521827630397,0.504109964981818,1.5551714369721887,1.6026055192185968,0.05963293032339403,1.635340508675168,0.07665163159638048,1.5524161856176917,0.09491197608374775,1.91724722225967,1.9342134962913615,0.06461345893454319,0.001824774570092923,0.0017884989888336063,0.0001299246190750215,0.00020766515149445034,0.00010009892555698974,7.866140090991959e-05,7.816634219083073e-05,0.14912199269439452,0.09083019915903816,0.16133089484089908,0.1002962640171535
neutral_atom,2.554983849221525,2.6733722601215306,0.10951151003296379,1.3330812029434096,1.3139378597582256,0.058313500217467756,1.3337979856217343,0.06910550010628534,1.2648262588106056,0.093605250114837,2.886215817556124,2.8954747247170487,0.07792278051406486,0.0038762047138648174,0.004618688722148063,0.00016653329904524618,0.0001768850336406325,0.0011212304007968052,0.0004043246843635973,0.0010833152665135843,0.12030067752007818,0.9632083572493662,0.4750476454604857,1.3478045167276955
neutral_atom,27.664202443404996,27.792322942683285,1.176306536418019,1.3936170962075085,1.363392898149271,0.029941665155118244,1.3531737017246213,0.06774651899665879,1.3658736255579902,0.03337860129622056,2.9156712430915683,2.9976007868228938,0.07248089636242519,0.0015092457905547592,0.0013657705964261863,0.00010242413244413635,0.0007089082489428112,0.0006891413079064182,0.0010039426941976619,0.0007020263664263542,0.5131626405035955,0.6164135229403234,1.4504046208953183,0.7574341092428909
neutral_atom,1.8304014790577325,1.7573818536448225,0.08455927952079917,0.6897924828586088,0.6959075985667705,0.04348618339127849,0.6784011695036835,0.03496371623860251,0.7048677988162219,0.05346897099861949,5.604502571211994,5.907689491460868,0.1586835638116826,0.0025490727339258726,0.0024100877992755134,0.00017746900039998756,0.0002340181761075075,0.0054705314402545505,0.00021794455727081635,0.0003654105283746234,0.18597358406929662,4.569285885785293,0.476532153165114,0.4585239583640297
neutral_atom,94.44418139986625,94.84738380557768,4.023703164691824,0.9418051275278793,0.7703671412265739,0.011685567651269484,0.9701226798477602,0.050796460788594996,0.7642921959479485,0.010986741416148015,3.050691108599233,3.195746748641627,0.11057381488374107,0.005121755362923963,0.005247690475166539,0.00037389910151397785,0.003020356358424371,0.0022017121360614566,0.0013300444987369411,0.0009507692471836378,1.9859245425237677,1.7930815608843411,2.3075221843114213,1.165662129290924
neutral_atom,25.90012494193006,25.645847469487837,1.1951132774275086,0.7185539775641346,0.7283082600614371,0.029175640499999097,0.6863659984689257,0.03529535801533015,0.8187974854118376,0.05184299754681603,3.4343583455421904,3.365756998890193,0.14968583730541174,0.002624590668618048,0.002583394803986845,0.00018774194527296142,3.0436707555342768e-05,0.00023790382532854756,0.00045763851561593516,0.0003446718679111096,0.019839398040334657,0.20029380378020573,0.6640092236426924,0.4309435510303885
neutral_atom,5.678425322518383,5.974522707693495,0.24993770027071321,0.9816286595719255,0.9262804621335754,0.04305681613133327,0.8843813466325605,0.045312010384355166,1.0163963952177668,0.07642777297318852,4.826404734080417,4.761512891700645,0.12479438697747632,0.006025010547460094,0.006004946050427304,0.0004334166544926124,0.00017383737540662715,0.0014257699733475134,0.00019081116588956206,0.0003657362159761959,0.12200322178999773,1.3227538019867344,0.30360965872683693,0.5070742362922908
neutral_atom,5.466009504529877,5.414840814882165,0.25977091880892633,1.0763924681113368,1.0395740354807637,0.029293886794085334,1.0350145189879492,0.03609000864078734,1.0483792682414868,0.044602551250717964,2.077038637002378,2.0716626916026795,0.10264105913032824,0.0021130146283230814,0.0020894899886111013,0.000151333649666462,0.001463656021941961,0.0004404856056335743,8.434829564333464e-05,0.001178135726328971,1.1135712071962094,0.39953684815574747,0.17196590574733153,1.264377095840327
neutral_atom,25.76613111171251,25.716128538388357,1.2061622258798907,2.557053642066859,2.2791182323012364,0.09696636911342142,2.3379197386541266,0.12381352870167518,2.2593203716844297,0.07222160327743468,0.5443049723089111,0.49383134775393467,0.03945747108863521,0.0015148668116652067,0.0013946337119580719,0.00010380300488412934,3.214873940189765e-05,0.002876460114568713,0.00019720223769248473,0.0019778435158600495,0.024533042596993966,2.4350442135062624,0.27851916569915613,2.4095648189908108
neutral_atom,1.217797273897454,1.2027033978029862,0.028255426416557483,0.9732105099121657,0.8917952170418625,0.044533491492880974,0.864274875731202,0.043830218443860355,0.9353579824281428,0.07157198102928827,2.7500058018074136,2.863270944979178,0.10625464545775862,0.005859699882792882,0.006362949634918178,0.0004458234795031314,0.002193962907217299,0.0018553590820630298,0.00025167867260531766,0.0005178686343818675,1.4777778222350813,1.6845239135781793,0.4150538316138806,0.6289888739133785
neutral_atom,6.423374947224969,6.685896188589183,0.22894441460025966,2.2380117968689968,2.013794366089665,0.09708343921240996,2.0029667251943963,0.10106221854432644,2.0373830054500477,0.15787200529397832,1.015882696669298,1.1101310171656444,0.05065927786592371,0.008262833413926071,0.008037417390712048,0.000650114426558153,0.002041490806008921,0.0016148007350077478,0.0009357621468636871,0.0011025707598535024,1.3389366434630094,1.3463987176491998,1.2833398752574436,1.202015701994724
neutral_atom,93.06527066015752,93.7512127319618,4.118673280517953,2.4178412838639467,2.2955378617928854,0.09797927345797357,2.343685443823001,0.12068430987666255,2.2024390265510934,0.16781689995565846,1.9713608964070697,1.947003885760888,0.04478534090014799,0.008102207701509764,0.007819341963746692,0.00038079469105591497,0.003976178099847868,0.0008123187433954152,0.0004572822377851291,0.0005304398013290198,2.668105196757267,0.6599844235384023,0.5989363278808162,0.5924267751712089
neutral_atom,6.84753214619105,7.248312473839283,0.345708718888414,1.5272022142960464,1.4206137528210563,0.06369839027576625,1.402172948433234,0.06710802648925632,1.5883781041035236,0.10886474553567943,2.4017855921341846,2.3721766734340632,0.0747579956941956,0.005049515958161784,0.004943932006119728,0.00035931634782783445,0.0012461265716253208,0.000657498535473012,0.0002818874901587421,0.0026196688473874405,0.8380637748565873,0.595253116293951,0.38939188588803386,3.4569590241129875
neutral_atom,1.0349958462644344,1.0730539360843772,0.050812248795720605,1.2106805962733913,1.2171429546146242,0.04535495883640412,1.2150254330439225,0.057064439517146126,1.2207750524860104,0.07473609565130572,1.132803780510315,1.1163459984015414,0.08598892332041856,0.002215405900332332,0.002235521428770571,0.00016053698073713102,0.0013535764629113308,0.000557880114672768,0.00018619296296674124,0.0002246368023615058,0.9671501887638094,0.4763230906511932,0.2793628699618154,0.30333584434421834
neutral_atom,18.894939297821207,19.290039270069084,0.8433413929199952,1.7117126838699996,1.582391333185964,0.08270425559325317,1.4758467191353632,0.07662318170781286,1.6376109989930883,0.10190686022283307,0.9291590374808143,0.8671803995900496,0.07054670328230811,0.0040428236750423225,0.004074546696816933,0.00029316116320685467,0.00036157407598476896,0.004152067061370124,0.00043480075388005143,0.000583219513895091,0.2565761517367276,3.412905044762735,0.5840633307188526,0.7535609471778254
neutral_atom,66.15476223825529,68.50726944454448,1.815688431681019,2.267194361082557,2.2331593651711823,0.08643286266229132,2.2234935098019584,0.09300902285507277,2.2588321641852964,0.16361379647495922,1.6500421413203201,1.593112022069006,0.04709763187309821,0.0017442927092963263,0.0015856432984858748,0.00011880584738476367,0.00254204162909958,0.0014402766736574663,0.00018124827960344907,0.000799159038245284,1.6941979887580527,1.188733271648291,0.38754080061630586,1.0202994818506563
neutral_atom,66.9697407036954,67.02336603935615,1.9311060131352105,1.439286377361969,1.3323457920936663,0.057529935253820816,1.3263435178841108,0.06939039569764319,1.3455426596207665,0.09376963828799839,3.3832766117685242,3.4427429172283834,0.07522778410934182,0.004973032889411445,0.005220048487408437,0.00036980777620102104,0.0013790885426575514,0.0009774233604026754,0.0013138404306696412,0.000952964554011696,0.9134245516666627,0.7885682953300982,1.7039481535799221,1.2040077206806608
neutral_atom,9.326067879335566,9.778431437486978,0.36005911070438573,1.8023633716586156,1.7949290504095694,0.09288880924656326,1.7429959999854858,0.0787293749841543,1.8594658048035555,0.13910673364230428,1.7728256893946444,1.7394611499341852,0.05659703678182426,0.0035406523672868962,0.003617587344863906,0.00025895243367098097,0.0004609822414720448,0.0030417295773882214,0.0013409310942077452,0.00019333665222013067,0.3079222126234364,2.512230078214853,2.2803124209466983,0.25274822164988386
neutral_atom,2.543032793423113,2.4330714761588963,0.10499034933067063,1.1524724710221033,1.1695529475602953,0.04995616860867524,1.1573450763769444,0.06176152418410592,1.1926532227155462,0.08495845630806811,1.1064219561144881,1.0561796844527582,0.0886308080698287,0.002549843164146319,0.002809663912307116,0.0001959898767353924,8.782133153364849e-05,0.0010824021133026926,0.00017208854297484871,5.3347042841627845e-05,0.06660726271319103,0.8883982845816691,0.2974098295610619,0.07509868913092875
neutral_atom,10.066456785269667,10.392889378125512,0.4934699511400593,1.7327785339047466,1.408168187960934,0.03878529194284345,1.4952927619427876,0.044179073325674084,1.3489235620082944,0.050271469512580505,2.122203465468411,2.059036766319192,0.0665553044575801,0.008362902236974392,0.009070697301327832,0.0006353713699025436,0.00030064396604089866,0.002326405174761403,0.0008103527841497844,0.0007694896489339154,0.19197345124343976,1.9041522157188147,1.251763818337123,0.8998268096227271
neutral_atom,5.956622442205597,5.92875836582348,0.15257449432018452,0.2983325784614106,0.2921911830709716,0.01069929359594203,0.2961153783519277,0.014481865057214705,0.28888497609049946,0.007061783161185908,10.339198697210627,10.784962073401607,0.3351963788726314,0.0012236826554274688,0.0011018058839745292,8.999874086635403e-05,0.00187279516859028,0.0013689299196001368,0.000985082486455425,0.0035516512060297808,1.2704031897039778,1.1936957252263798,1.410884919390088,4.22954161772753
neutral_atom,2.1975424735061897,2.0473261052867886,0.09846401962002556,1.6488162317206099,1.6109486529666124,0.07290224872268401,1.5640325938299398,0.08222318123602229,1.7833977848901454,0.13294622227488934,2.3059822791158964,2.302344737201541,0.06701507970846647,0.0010568916018982805,0.0011582427331996814,8.093539156284626e-05,0.0005650943802589971,0.0004139809559940161,0.0002290685379909932,0.0010838402822719246,0.37519070445180036,0.36683954269170355,0.30048975550215096,1.4059699438343287
neutral_atom,24.488513880287577,24.919723936641233,1.164466692257245,1.1124463116699197,1.1146011810222105,0.04077192352438903,1.130174504610205,0.04431868383241341,1.0288203505790794,0.0759287312747062,4.205425908162388,4.085514740466947,0.09606728192188091,0.0036704603431870577,0.003877535896543713,0.00027339718593616993,0.0010024157728005083,0.0009676473932044399,2.0299571794210735e-06,0.0014225617933965725,0.7942963517912012,0.8167959117606636,0.003929447005720062,1.8765941627264369
neutral_atom,2.279259304529389,2.3359227132025677,0.09284971456254286,1.5134523219661338,1.3248052365822967,0.05638303499741032,1.2883819953534341,0.06781828702057559,1.3753308808987987,0.08711464362472324,1.0273384699997392,1.0341879145009072,0.08277064393735015,0.008172147705001138,0.008639468831722381,0.0006827960807949425,0.0007565821698644159,0.0013555292783751856,0.0022521457401489934,0.0007108089902503154,0.5012191337501036,1.1894752949504734,4.867444190488301,0.7922958959051569
neutral_atom,4.909106100617679,4.980361928812324,0.2378773808196814,2.1009513834232325,1.933611496173911,0.07345327884687762,1.8875345526806875,0.09776659245888886,1.9933298349130344,0.11130188160086414,2.5038029102410952,2.467382046569067,0.05072928947007679,0.001683298772980198,0.0018807887561300076,0.00013053122042471968,0.003386122725066033,0.00025054958901163756,0.0009306505293172702,0.0006921484777896066,2.6015134806919247,0.22468389149114393,1.2176002634978307,0.7867413692184287
neutral_atom,24.8195555250058,24.66051617570775,0.9210585036570691,1.2709957487328791,1.1424083324907799,0.05301727770617425,1.1276869415137085,0.055943357200533145,1.2721943628951145,0.09796237419194224,3.866693378784652,3.775660996384982,0.08944836575096186,0.008747977706072115,0.00799313023158756,0.000593463322360476,0.0009267769405972965,8.267024819027842e-05,0.0018644894817809697,0.0023505286377543382,0.6544960050213172,0.07567225369501598,2.6824443986590008,2.8751304128687485
neutral_atom,13.494218259935916,13.721566853821683,0.5238746589850453,2.289723109731257,2.1339566186126886,0.07249517988601363,2.3254401914183416,0.11218662934218515,2.050658370894583,0.08095379366023334,1.0785767309898129,1.1308345957777028,0.04328174396300302,0.0039059978691666306,0.003765037541875636,0.0002742509349060499,0.0013749452983142247,0.0015705002951517427,0.0016437341584561883,0.00092697850347356,0.9520251232745751,1.3774891762973405,2.20774524263541,1.1508012555531206
neutral_atom,16.327860816266917,16.277547859338792,0.7461536270105248,0.34278562828092746,0.32014303001289385,0.013283567473073715,0.32812667068000057,0.01699039894158673,0.3075897196051906,0.021305033403826844,13.918493171054148,13.732564354199871,0.3302888441373413,0.00547834470656061,0.005655161975006399,0.0004031029243001435,5.6956183279904926e-05,0.000594140032131293,1.6672532443366312e-05,0.00044992064538659695,0.03926132145170818,0.5316933860629373,0.02279521665942946,0.5634927261307605
neutral_atom,2.32001332265797,2.2489609564068873,0.09361669110397988,0.8997600193622285,0.8948170953274193,0.036405702731596865,0.9069745845803001,0.043891101146520464,0.8680087782481299,0.0651762404073089,2.9697626836623323,2.924366292929123,0.1137380379936012,0.0016623093834991032,0.0017954853210567121,0.00012612485610840986,0.004158682903204351,0.0011440535603943838,0.00010603380666149603,0.00036203628724756887,2.865522697233433,0.9468076528950112,0.14397921262330662,0.4933125391510721
neutral_atom,7.182382481058339,7.732795937972177,0.2747471324266867,2.0870841214521647,1.8824322273578757,0.07132367757067115,1.8138431752742885,0.08598247370299543,2.0337459257892787,0.12770904531898244,1.7863591410472313,1.799567858312851,0.05389045568072324,0.006347698320349305,0.006527234042377873,0.0004177946312447997,0.002494712116559397,0.0006999669077528092,0.0006443042733646246,6.0179712938607396e-05,1.6788927171335495,0.584930113225538,1.3317007271817336,0.06702764576538218
neutral_atom,2.9106038485804673,3.047512890680614,0.14350697461422887,1.6569648412746247,1.5689773945932164,0.060193193248421394,1.6428584888710598,0.08304511983716094,1.4871975901169967,0.08737164055585621,1.5207184556574602,1.4701256377214977,0.06465399616368443,0.001180890071985549,0.0010707515248283546,8.030382595100944e-05,0.00025050872066862903,0.00031107529541719793,0.0006420326634425446,0.00031272572093467646,0.17892812214934573,0.272769403628942,1.0352160368398748,0.33294011159662373
neutral_atom,92.9135178587212,92.85027560437084,4.268996241042822,1.0527680934357726,1.1205074429772273,0.016087940574711343,1.1034238502230609,0.05850767713800095,1.1219047725004405,0.016732955986248303,4.831973350346659,4.886493042245655,0.09582648007239097,0.002014902738567914,0.0019278099501510884,0.0001411219625898548,0.0022269563888794473,0.0006555479231700664,0.00017536660007132297,0.0005800632200209009,1.5658051914293587,0.5408824063633789,0.24642338492668944,0.8076907822925079
neutral_atom,3.3529838668527217,3.2157447675784656,0.15466370082980174,1.9361395117652342,1.7431105150572883,0.1156032913761692,1.7103848035912579,0.09108130929176259,1.7555915930601125,0.1358712225742493,2.551200506566102,2.4639433826201036,0.05165201156533069,0.0010500401967285806,0.0011598379468314639,8.089748670005113e-05,0.002279089955581264,0.007020527261142394,0.0005806677475187314,0.0007558106851580088,1.8176445621656463,5.834900251543688,0.8011172504361863,0.8662559072576761
neutral_atom,6.576079738502022,6.22687407555496,0.2997896943445477,2.1240758405200633,2.0015406028779292,0.07486362894131261,2.0509929345392686,0.11061578613258569,1.9597450037514599,0.10169251801774379,2.3693231434054747,2.3232438698127336,0.04970192930004474,0.00800487529411969,0.007781333197878295,0.0005623102961695163,0.00021182132964455075,0.0005181811889501072,0.0005287091625074635,0.0006501219528599852,0.14093647506526183,0.45026565094957743,0.8518011658073861,0.7938148291281438
neutral_atom,2.468226363887883,2.4890286966431137,0.11696743125165285,0.3573028842541749,0.3356169517904863,0.019337467015916935,0.32044211464070593,0.015815906646772723,0.3435042088445489,0.023838939819810036,9.159132214835966,9.664990708358907,0.3122542628522897,0.002794851496063298,0.002729488720492355,0.00019859942777163752,0.0003627534698409836,0.005255527758673086,0.00046875542000834056,0.00026461193337440445,0.2356227671924802,4.371029451256378,0.8971971150478533,0.3404612203971301
neutral_atom,6.775777050288935,7.361114414195147,0.3285808639395409,1.2025528472956248,1.1492473850172198,0.04854524198761524,1.0776506148543008,0.05452639173718278,1.422939909779354,0.10660842119720508,4.238296714140885,4.09996661592262,0.0919599719626071,0.0040519106895972904,0.003877981850599249,0.0003122417727363631,0.0020185171564633237,0.00043923350724418993,0.0010599711570888717,0.0001454601698116454,1.5315500998439027,0.35382659069980693,2.03895026550278,0.18430581441471927
neutral_atom,48.0441205954619,49.07903363327871,2.33387308833737,0.33681489863242575,0.3248160224371924,0.012873661731236052,0.32967134952509963,0.012783512055088493,0.29401913667460927,0.023045408654901442,8.066776158001316,8.02675181439169,0.3138512615592448,0.002456989497140566,0.00286584840281625,0.00019643909423173236,0.00039944363414093294,0.0014108644774064004,0.0007560183780000484,0.0021238124142376807,0.2540706071380715,1.1740416518108097,0.9300385252303333,2.291412921721217
neutral_atom,1.7734916807853691,1.8814917852149309,0.04756097739128436,0.5537509189077858,0.5033627442844807,0.025056210172593133,0.46711938152455207,0.023865565469404253,0.5657583706077589,0.041335714282464416,4.453893574441059,4.149912994060133,0.22265646228608982,0.0050406545417543075,0.004352554065613478,0.00033315127028364037,0.0023410940657665764,0.00199522206490609,0.00037965608767506726,0.0001709684246526745,1.5398735136030468,1.7425360545525845,0.9027811161127958,0.20357269727869715
neutral_atom,3.9871491031916615,3.7558632365050952,0.1658297098235073,1.5584769578120907,1.5223394506594814,0.06631812631105245,1.6231231035564442,0.08685723175057859,1.3814481553812339,0.10269587911994804,1.148606481567167,1.1932161132170844,0.0635277304570457,0.002871291060599875,0.0031756670156838987,0.00022163651259022896,0.0002277851390132539,0.0009585823374809491,0.0004507486838094924,0.0001287054194879597,0.15008524535813592,0.8049780810417033,0.6803541752252664,0.14324083632852525
neutral_atom,1.2757420314503665,1.215677466398827,0.05539870681281551,1.3571129165861404,1.308989846533284,0.05344256526030118,1.3454705033655734,0.057810716871530804,1.0945888962607926,0.07863718972137228,2.515885523422505,2.4529734966275973,0.07785008576249058,0.0031179424932691203,0.0033182963172227143,0.00023354544545005533,0.0005541384697379723,0.00024020357163135198,0.00047035438686884325,0.0030360440037479532,0.3819618439117774,0.20348183096028577,0.6131110696957418,3.176324007604073
neutral_atom,10.836585605839236,10.830058871132175,0.5153064740480299,2.040888144095313,2.040708032282282,0.0786797274313731,2.0370590140133045,0.08948561787053505,2.053138992249453,0.15781138587342008,0.569836868522738,0.5247385288944182,0.04972330653150459,0.009287978411736156,0.009195032369783975,0.0007025261417714176,4.886726893752215e-05,0.0009686913091490204,0.000548822587398606,0.0009814030651638362,0.031596291102569396,0.8269999441938992,1.031752169090919,1.0953639533056851
neutral_atom,11.650654304376278,11.492494361500347,0.5524750177909625,2.0193876156688844,1.889828023720207,0.08330098304265666,1.8569783876182222,0.09418431828650141,2.0052523960412056,0.15256317425343224,1.1316981271489142,1.1542271644343047,0.058260795973211904,0.0027014899782345993,0.002798703176632874,0.00018034898773584067,0.0014975514640437181,0.0010624501033664635,0.00041898284946323964,0.0009656795236452227,1.1661465658537704,1.0048715779324704,0.6753958009965539,1.3456598241247593
neutral_atom,11.323732582279497,11.12058840350033,0.37955024502812035,2.0952945293837693,1.9100472462031455,0.0783340693211546,1.9983158412399613,0.10041447129471617,1.776363138431132,0.12421607435557731,1.8324317386651638,1.7928232996527034,0.05249846785653876,0.0028322821039634422,0.0030005233704693745,0.00021159054207635182,0.0007320687957301398,0.001190321090672472,0.00033175980781046137,1.19949485788937e-05,0.48410975288730884,1.0103908862279158,0.43077509117081986,0.013801772437394555
neutral_atom,10.767252539477477,11.050317253872665,0.10440166542483578,0.522305106857766,0.446658171143331,0.017548519153992817,0.4867993160138271,0.026430730634555824,0.438331738185902,0.019282851415004222,2.9710585025451794,2.870406253962389,0.20422014663497418,0.003531749469571708,0.0033691014573476977,0.00024751008912119506,0.007917531963857385,0.003131381915095105,0.0018375652334263882,0.0003768184250179495,5.31824946839832,2.565989870272272,2.5089305819999055,0.4460840485598156
neutral_atom,1.372143458120602,1.5381140950637422,0.07230010170202214,1.3071161238004043,1.332130959406513,0.05028349249532733,1.3813599324685004,0.06532726640935692,1.2809163175657738,0.07182509572488131,1.7701643599024246,1.698318627864576,0.07576539900639727,0.007328639429712226,0.00690024317576205,0.0005083380775886909,0.0003006088802400434,0.001396138189273448,0.00017308578369150526,0.00022975896835100346,0.20659300994737867,1.161957094403719,0.3300816999256936,0.2903013655805886
neutral_atom,3.0497815608682863,2.862160126702736,0.11789338349321511,1.6407284051018134,1.5908109465438671,0.06291873899396434,1.6313207249586847,0.08469808361289262,1.5409294783755612,0.09398602108541237,2.424780501276362,2.4348012915615063,0.06380384723792641,0.0010204523489077872,0.001029858543318476,7.402409883343244e-05,0.0002936679943917376,9.27781656446588e-05,0.0011560888250942512,0.00012513564068372313,0.18494486719288064,0.07955016791320536,2.2128985800283676,0.13416737486960062
neutral_atom,7.882014202853353,8.377620235211879,0.10522460207925254,2.377488877588317,2.1881620060717135,0.09666422906437182,2.3063860601282533,0.12212854656079768,1.9898849725584196,0.15518710389715928,1.717049475588488,1.7827114509544602,0.04416544909294662,0.005679376790461513,0.005413575507949354,0.00040006017191403795,0.006322812703772793,0.0009343302757390886,0.0005961024839924981,0.0009515512829251211,4.06998708698009,0.7646505816166593,0.9812383165756294,1.038698932651925
neutral_atom,1.764361623812545,1.666730356751312,0.07567597187372489,0.4166904413537583,0.4314227704650763,0.01841616770390944,0.4244555579639703,0.02281957157123678,0.4444363051682979,0.031187143266344194,9.339293670556481,9.792924284779367,0.2488167538344605,0.005728440428239274,0.005697722267701567,0.0004135850075340839,0.0005876242099050084,0.0011043749411873967,0.0003255270021211505,0.0001722094488547445,0.42947392695437836,0.9494552133975483,0.6405653171664653,0.2266605967769601
neutral_atom,4.642690821943268,4.627826790301908,0.2202887024927193,1.7570773590661506,1.8188387213146702,0.06642701333206848,1.7960538773180057,0.0885086263794348,1.848225595065172,0.1005169412854329,1.9172879571684094,1.9127078501595178,0.057894512021812346,0.0076013983608399305,0.007423618118474844,0.0005377416351024319,0.002039195768596613,0.000979089850741324,8.14533809734639e-05,0.0005006599275746615,1.4985431262994222,0.8055935809356484,0.10959130151569688,0.5915910136930029
neutral_atom,1.6265668558573039,1.5832314610254576,0.051685114177935636,0.8201611500544487,0.850545764574174,0.030222234792442907,0.8866695984213396,0.03408626112187833,0.7177639628486348,0.04268539237642625,4.419728945856653,4.443331925280221,0.12616705578010648,0.001872171397757381,0.001966258936350618,0.0001394069412214009,0.0023807198756260442,0.0005036841243454659,0.00048809780811277635,0.0019530388837555885,1.4973405277415999,0.46324735165379594,0.6346356968971512,2.3439314089826904
neutral_atom,44.275396281733045,47.76569866712973,1.6869152936964293,0.4743178736161864,0.4929723116771876,0.015881311679925576,0.4736809582052451,0.02506184665447484,0.505916836316483,0.01666440817655086,3.1579501406519217,3.112006844693017,0.22317516383977748,0.0020618172695741886,0.002158724087087554,0.00016067780029055786,0.0019552918174636116,0.0005033160669487482,0.0007227836710529514,0.0013540396959200568,1.2487275414598233,0.4206218670048319,1.217893929684887,1.517643462022607
neutral_atom,6.590006055460573,6.678046325613131,0.27753888461934384,0.9174616592732027,0.8735218728201972,0.03259643333344496,0.8703589024054172,0.042568715596255975,0.876941329324778,0.047023563874144886,3.6182993974096966,3.5951511408989267,0.12272064060914525,0.0072745447578287745,0.006537981016573231,0.000491418307118003,0.00015134383308426422,0.001238271438563602,0.0002654504524812461,0.0003607213082931885,0.1082514874157176,1.1287247139186884,0.376612391421165,0.46757864079878986
neutral_atom,3.9327901192641157,3.5659351167420947,0.14499986873000487,1.3794047039217645,1.496302145443702,0.07069145257597743,1.5112756870601711,0.07636723370017186,1.4747915429098395,0.11034603186317725,0.9371005602488098,0.7827705181891222,0.07229541935075877,0.0020342784304673615,0.001998647603260629,0.00013935590545662444,0.00013158812050562807,0.0017470448311155981,0.0005081962953401844,0.00033726540066238966,0.1016602450601988,1.4533535655931815,0.7244802652710756,0.39361627802769694
neutral_atom,17.173998232291506,17.331655327037726,0.8327887723274965,0.3537417086811428,0.3509165713996711,0.016419157743825324,0.35156730553948673,0.01877549980041766,0.3488011822906862,0.026904355327569674,9.83478759360591,9.650743724917335,0.3033149513486881,0.0026149262174122462,0.0026962039983700692,0.00019274639890877902,0.00013499241338785515,0.0006744093601124206,0.0013287491725519328,0.0013986285051896565,0.09993209855314897,0.5916165435961126,2.7421339647330396,1.5831588946205395
neutral_atom,1.690984131877865,1.786990939700521,0.08262857491782795,1.4191423667290923,1.2900687149253052,0.060257835244809634,1.2654408360600355,0.06614453631323251,1.3527925259252866,0.07406205893773883,1.6903800566636782,1.629738455435293,0.07668087579108014,0.0027851418378665995,0.002873836701154375,0.0002050146565977184,0.003523937195136098,0.0013946646583254043,0.00019364931673406265,0.001843578077003982,2.438483830930492,1.155787444111024,0.25368736443275036,2.347901054410622
neutral_atom,9.029336592522567,9.654118333675942,0.45862666758651005,0.6600333261819008,0.6447269058655655,0.02631897843609541,0.6574463923724476,0.03297635904237721,0.6224074448010424,0.0436827293101878,2.771978008689178,2.9994644564817676,0.15286796522827287,0.004629014510526291,0.004454845870841899,0.0003255566818221864,0.0006112240679058342,0.0003851356095134046,0.00030161916010123515,3.795517949733014e-05,0.41697658819187716,0.34125387417128467,0.4695248135648945,0.04860070309971226
neutral_atom,13.723603375742371,13.645200601612917,0.10672651436202589,1.9197957045150396,1.9575031930051188,0.08760534813876673,1.958532694201079,0.10170922752637242,1.954544053380904,0.1364418104206465,2.9241017324694036,2.9094988007709732,0.05212198376759587,0.0026330962234643717,0.0026339141950082463,0.0001757911293521259,0.004679620282661456,0.0004714296159089933,0.0007892153513754832,0.0012177424462781342,3.7094107034987895,0.42063406039118345,1.0310042763329264,1.5972186295243143
neutral_atom,33.719296680458136,32.314006811630975,1.5249736343668798,0.7238584899744908,0.6755635102100122,0.02526566370820342,0.6894768356113117,0.03582306588349431,0.6617922334787446,0.035639728199596994,3.0647906800167535,2.999822314396886,0.13951907943367894,0.0014054963036018097,0.0013700068209910753,9.980574554321206e-05,9.990408860600995e-05,0.0009760336739479203,0.001139890678001165,0.00018004772651420293,0.07885126906255789,0.8716204915428358,1.6030741586069064,0.21154362336010196
neutral_atom,5.307861492226114,5.61028627983123,0.269693870511242,1.7712393048491537,1.7936826044529925,0.08627823954984766,1.8294529003880013,0.09685371498917494,1.714778318233312,0.1326334549631985,3.181322361425919,3.1829226097497734,0.055513881782671685,0.00831492302780405,0.008891066899855455,0.0006248981770890535,0.002435375528240328,0.00126456321136149,0.00018860704386706808,0.001245188834182183,1.7920121865565986,1.153284762249774,0.24647799488888422,1.3565662806102379
neutral_atom,35.03834645807558,36.68913284644724,1.568217852602059,1.4161524360556572,1.3375555710040514,0.05715144716768311,1.320792962644153,0.06998132341912291,1.3711228457344238,0.0990305961734793,3.6722461277702534,3.6307947194738204,0.07732964735785768,0.0010529726829263649,0.0009662525023011676,8.216784554065068e-05,0.00022851840142454143,0.00035494311772518066,0.0013020308820086406,0.0001581802430073948,0.16251806389599277,0.3016176827237376,2.433203215393984,0.21436880711502174
neutral_atom,28.508004846849087,28.450792004184617,1.254497477320486,0.7946849043365024,0.8039981506831719,0.04093525147909542,0.8251586650723685,0.041692188761572685,0.7552786177129555,0.05677459474761258,3.145472152305537,3.0754965057031804,0.13075894415938402,0.0015293512135047065,0.0016790822573360393,0.0001360845217675057,0.00045349775894805325,0.0016090159501617606,0.0021248121631502427,0.0013889117762792094,0.29815124799410636,1.3827243437635053,2.8393051710286215,1.7167766964274802
neutral_atom,8.42005267456153,8.804877118149497,0.4023914038094407,2.0550509275860254,2.030495056889505,0.0942807446239669,2.1312511650231887,0.09067203556108706,1.999821877715911,0.09053621040110749,1.1712361061833663,1.068107002658351,0.04739206213848855,0.0023611933102658253,0.0022959129150805506,6.91597746024151e-05,0.0008457610528672752,0.0055062150885812605,0.00024148584400101819,0.0010935634677241483,0.5454224225298382,4.632683577328393,0.3795131541345236,1.414562538342612
neutral_atom,1.7979380349914682,1.6358562440782851,0.07893114180815061,1.1699327058496172,1.1494420872801985,0.047205008604950305,1.1646400690894636,0.05320742750617062,1.0932534786549517,0.07101637067249883,2.0002786215039716,1.957887206569451,0.0922075986966803,0.0019071414846088118,0.0017973327153057827,0.0001327255867367206,0.0003179097775589403,0.00021274489408637027,0.00014709524300766645,0.0019272061990401736,0.2718563627919364,0.20249812178788332,0.19967561671733064,2.075343237471552
neutral_atom,2.3540378078669195,2.2994799760085667,0.017984155249377902,1.4788806128954468,1.3474827018568294,0.08250708610018083,1.3285527500709085,0.07090083542632951,1.356245258813152,0.09979244107318411,1.4519565185004897,1.5873044400412235,0.07067814671453836,0.0029390490386065507,0.0027235220153073764,0.00020211204940449715,0.012831220934288718,0.005126510436765833,0.0007416600823843235,5.814417300310892e-05,8.965309670512474,4.27967945046002,1.4836855772778084,0.06317320965760785
neutral_atom,86.05259891986566,91.25354031446649,3.991094116143015,2.512157994345147,2.594934079630414,0.06561008712166784,2.5799447314988178,0.13142705436772117,2.5999095942894863,0.05106043712966559,1.9670673645697745,2.0005082266566436,0.042067287098651665,0.003473991704526902,0.0036054900861772847,0.0002574111551480182,6.645470235940826e-05,0.0005329382523305973,0.0003136164707223429,0.0019921071165381376,0.04284647735036645,0.45138838911939966,0.4292816318978173,2.199154570607538
neutral_atom,2.7878358689346077,2.9167094303651493,0.06453633708164877,1.6935559103181723,1.6522562958664042,0.067644281270884,1.703925236443803,0.08811354730255355,1.5781014432946188,0.10555959007721417,0.8859931703696982,0.8672257740796697,0.06416637014396488,0.003853915159972913,0.0038851048062517805,0.00028220696515910505,0.0026090891139125337,0.0009158875101014941,0.0010578838588185388,0.00045642259843852416,1.7056511689087803,0.7700516221530458,1.400033751346038,0.5378366887514359
neutral_atom,1.4231421870375398,1.497660251663104,0.032418754093226566,1.2835546780712817,1.2657839340613815,0.05211372584536638,1.3896339815824892,0.06682148329278949,1.073499766795674,0.08326064787195339,3.316757771001779,3.3061500719806167,0.08011621302828865,0.0020300621571807723,0.001896899504330056,0.0001405662961503981,0.0028433429646497563,0.0008931161972657413,0.0001816138769196351,0.0003772641176084981,1.858157290218379,0.7513790877751343,0.25735343798046906,0.3998547282130301
neutral_atom,69.14748223920496,69.99698268438426,3.36016691938253,1.7527319175797642,1.47281494748149,0.09112367705244247,1.437538463765796,0.07946946578423857,1.5279840480217566,0.07814188777431598,0.682545526207974,0.6514101241024667,0.06963788785506009,0.00892382626992326,0.008979327198702768,0.0006401230867443343,0.0001378196306890782,0.0026105999423093286,0.0006991189043808576,0.002913563338525822,0.10507779656965524,2.1555264204604905,1.4160817732525812,3.486556876236481
neutral_atom,23.78078598664347,23.595954000224374,1.1340658141580853,1.2330345695882956,1.2044094802620502,0.05595395549072221,1.2522825696163338,0.06408240236846811,1.1822124129689893,0.06769422336348731,3.3019495042411755,3.3264856650182524,0.09399863889572502,0.003040753196140961,0.002807673416013168,0.00020870612330417792,0.00038552006359328015,0.0025940702371199517,0.00023178622537697147,0.00012435104530864657,0.24860457439343045,2.4066974995749377,0.4154151202777256,0.1409314039022968
neutral_atom,2.0563591575989917,2.041545308880808,0.09580818819756272,1.1746044054150682,1.1366803180377303,0.05429197202452259,1.1729896981123566,0.06214770438160745,1.0196758628290172,0.07977814288224366,1.6175980074248641,1.6609414110551906,0.08880721608980037,0.005071245080167117,0.004120335415048515,0.00032370725207248394,0.002274331409380025,0.00019750442026404826,0.00022041765343895107,0.0016445372192716548,1.6292306706247657,0.170033771588241,0.5322987534042616,1.9555363922829285
neutral_atom,1.3230467841570335,1.4312523083540503,0.029090662606848724,1.2927522367204058,1.1888771138573277,0.045255155330426254,1.2011807003706525,0.053151207356110515,1.1564480310025447,0.08629082152249788,1.8411917620633562,1.9222042471143004,0.08481652309144115,0.002104109631853729,0.002145372438246727,9.71871169816587e-05,0.004663241889960806,0.0008865442669406194,0.00030728324850834557,9.914761162985365e-05,3.018616041422287,0.7421434968518579,0.4027043436864355,0.10653679666933663
neutral_atom,73.00633283087797,70.45997093980083,3.2619778082434445,1.99311720116733,1.8529294535335243,0.08717657476205337,1.761436635853226,0.09593401506985529,2.0457816981310035,0.15368417334338186,2.3770388838160637,2.4190107285423896,0.058193748439313964,0.008534223864593538,0.008262266599420738,0.0006023217437739985,2.1183510242255596e-05,0.0014718805819592031,3.8805028683992836e-05,0.00037484248773258995,0.01610001923672834,1.2175178953455394,0.08351396273002182,0.42994358277697386
neutral_atom,55.089494816235124,57.1538236692473,2.6226310373569808,0.5361355302190838,0.49484743064118675,0.02097988657234487,0.5240251643947033,0.026725316169837997,0.447990959752675,0.03386740030176844,8.15630586753164,7.999704828690443,0.19054092220246416,0.0012946653519586963,0.0012690832277609133,9.221257439822052e-05,0.002730671567490165,0.0007946712245938998,0.0004440276068027345,0.00015419523416257552,1.8750389945981523,0.6744463847206436,0.6806870577225159,0.19523066406181874
neutral_atom,35.69983488878093,36.58885696519503,0.7940971543244709,1.687862539976071,1.6294557425545206,0.09560747578354183,1.5220155475996768,0.07452601250215046,1.7114339796995215,0.12694616251654955,1.8579473256351386,1.9573752484511588,0.06598525744086757,0.0018822024781952472,0.0018118721040810105,0.00013244354984490406,0.004680568616019855,0.004587493471829338,0.0003872320030601161,0.0005447123312584396,2.9912640941081716,3.8026959019519233,0.7895643564120276,0.7730421508452897
neutral_atom,82.6095193977311,82.88997273817678,3.7155945214458392,2.5383899723744676,2.454346997653817,0.10550971677072266,2.339794309043707,0.12465916447302686,2.7436729168775633,0.1981140330680152,1.5607405079068464,1.5742151167895955,0.04230698456702323,0.002275107331270825,0.0021659544108427703,0.00015924029199272557,0.0001388180756220288,0.0005839368490014991,3.906531529125607e-05,8.775580266017421e-05,0.09955846234433689,0.483192163857664,0.05342360947215197,0.12770601291914505
neutral_atom,10.687948409931868,11.012314651396533,0.5052503750088267,1.231297504597599,1.1995453495703938,0.06542913679733138,1.1581287333536248,0.05881735845178713,1.2395196826271586,0.0917216673204497,3.0653200542996255,3.2011712555709377,0.08696737214610946,0.0036955734877282985,0.0035952868044344553,0.00026277950328652084,0.0025518011346176432,0.0029972780219087577,0.0007962405926299526,9.534230933718477e-05,1.6890535298122773,2.519568885787211,1.1802683390825917,0.1045980152147302
neutral_atom,7.16439767236292,7.206914253872081,0.34628438553854934,0.5541572548751165,0.5366687796771805,0.03198146011223271,0.5371421466543737,0.02870396609769153,0.5359442378223862,0.04033349243136289,3.451875484490106,3.5613208644752152,0.20431758945641457,0.004600359017309387,0.004744934174481795,0.00033829293368993225,0.0001485500139515071,0.0024051580350112865,0.00010546228353607513,0.001287017222897582,0.1054101226354233,2.052452176970214,0.2113083114714158,1.59107527530125
neutral_atom,18.3318229279724,19.08126888231116,0.7228970303394517,1.3066833954359052,1.446868705130797,0.04364883620938213,1.212999788115445,0.0658561181817952,1.5335341758720822,0.043568812971043626,3.073188249157891,3.118367290112877,0.07888395349181421,0.003103387584224604,0.002944001860593456,0.00021615545349953523,0.00047091720221495307,0.0018623842326594064,0.0004046622963190817,0.0012064122321728014,0.3037261697939584,1.6247315338391288,0.7390039173550133,1.375612159513559
neutral_atom,2.7615252863884283,2.780484563483366,0.12735314193737343,0.9834902897505327,0.9199581110606307,0.04074119925466385,0.978011435010754,0.05240214510599115,0.8312406504384505,0.06477986983730315,2.4464838404787153,2.4511009592642883,0.10841140431122887,0.0036050750386570607,0.003436242651858769,0.00025228839343332957,6.167362055059757e-05,0.0006854235766436487,9.072944600415939e-05,0.0006671191220762896,0.04209474197365484,0.5845710756035825,0.12495407231382637,0.7060882697817042
neutral_atom,7.263006857634925,7.526869906162817,0.3592894469060744,0.9045242484031021,0.9180145449330984,0.04101333322513032,0.9170400396991346,0.04883146317727114,0.920348209839635,0.06978846516492261,3.0771865651648413,3.0265869326652197,0.11689395188513994,0.0020690792654122344,0.002041649812608905,0.00014783658306918073,0.0002303822353131474,0.0007104191474092412,0.00016014441832474383,0.0008305572680691874,0.14870109483809676,0.6122923638848183,0.25128923247684026,1.1724288599937311
neutral_atom,8.580603792951969,9.100096427519318,0.2989203244477399,0.40113645260980163,0.41206220602989585,0.014769653205297247,0.4075794544196295,0.021253052715622348,0.4162492368233503,0.015201267162409491,6.29584648615198,6.502746081362265,0.26967718946199287,0.002273740292373586,0.002253746188211428,0.0001631821819811216,0.0008573903068835719,0.0005242180464443043,7.433934791324835e-05,0.0016301687701845689,0.5671061628833413,0.4979446573836045,0.11932445591045272,1.8257635604298403
neutral_atom,48.112851568578485,47.62271248056805,2.2883621457118166,1.1555742231881037,1.0345375059992252,0.01975105243488857,1.2242163363316194,0.06251925718974548,1.0135077034829578,0.018869474113946773,4.23886319790818,4.15992736897808,0.09160464731065232,0.0053080390640458455,0.0055305113459514525,0.0003940846549180617,0.0004833454677592207,0.00047439378911172457,0.0008606465323689837,0.0011567072151683747,0.38485267209327595,0.44476045680557313,1.1966569847683919,1.217094659912831
neutral_atom,35.963657773704355,37.018860499914275,1.1995804747212009,2.7959037504035336,2.46639735047307,0.06342680635763075,2.884685061546854,0.12772426338770476,2.329482591909797,0.0665155679406356,0.7264729531131557,0.6969448387731163,0.038506834314389206,0.005173045372698134,0.005562018573582767,0.0003893094168120622,0.0010083624391880248,0.0008157792098311025,2.5297217362090206e-05,0.0011514995183271855,0.6566358771991152,0.7098925575866281,0.047736810821223837,1.2069113332053671
neutral_atom,99.01114472257612,101.07445874479686,3.846360159136329,2.6499834349839047,2.4795629980184812,0.09906211707378762,2.411825797030805,0.1103944597249512,2.759608600945697,0.20478989332066333,1.2763863353012994,1.3350129235221848,0.04193493741834383,0.0013775108068002288,0.0015216998216893958,9.790038651406943e-05,0.0021429275706183965,0.0007010072956647231,0.00044998887602089814,0.0009419019603399179,1.7237082682551714,0.5900277693178058,0.7433787634867389,1.201376211890792
neutral_atom,20.475923697140757,20.755469453857565,0.8958948359700786,2.0720886824191087,2.0911079895504296,0.0921771697090967,2.0480256078722734,0.0906496323535746,2.215001408723845,0.1701864466128889,1.4512652899878196,1.470375561598902,0.05167507677531385,0.0011545030457504211,0.0010662680355464009,3.074279664558659e-05,5.949047813856371e-05,0.0017145274212903073,0.0009361493505598797,0.0008909683700403948,0.04131952194566335,1.3935416082547925,1.993822270205257,1.1369742476181204
neutral_atom,1.254551852338656,1.2333557653580167,0.04239106541858239,0.9130053517693056,0.894674358327167,0.03337291108122528,0.874646353575406,0.037871670640483114,0.9556539861953559,0.0671178782004443,5.36987578164973,5.299862300700138,0.12375890979823374,0.0061110650169431905,0.006003109784607826,0.00043430772574979743,0.0006148071529796953,0.0011974630567229741,0.0003352066031165572,0.0004250316481139263,0.42497319580615356,1.0315740914505829,0.4948260540934806,0.5595294787704546
neutral_atom,93.82520060623034,92.80624461550687,1.9873233186333386,1.125381952115743,1.0917228215080705,0.050549146411807654,1.1170804319098595,0.058209999853427875,1.0429785148642488,0.0780679681984635,3.451431036593859,3.376922306758365,0.09668785918914363,0.0010875141922502573,0.0011329130938583843,8.057799511344833e-05,0.0027380028579816525,0.0013386109641825965,0.0007026695158676463,0.001005625907519315,1.820925194887199,1.1464048180396242,1.2667332615664946,1.2251888002158493
neutral_atom,1.9843827829654686,2.056139044548936,0.07755551909502001,1.359041939751069,1.2927610883876668,0.06517430029869453,1.360731303899748,0.06845566380123831,1.24447764288027,0.07923912762724826,2.3146360418435963,2.213348605701903,0.07393811981798186,0.0035700033997256896,0.00426316328716023,0.0002901253260876837,0.0005619528531347867,0.002649508702806905,0.0012621261655476413,0.0010756582498761302,0.3911747715727868,2.1824402729396084,2.087372818684093,1.1570746397471157
neutral_atom,4.235637054092714,4.235807694367128,0.19798842317213242,1.6062827044795887,1.486916591496851,0.06408297494143501,1.4587185870140145,0.06908268044907152,1.6608436090662702,0.1284821153516398,3.013083452284322,2.9842583995405123,0.07060557429253389,0.002178081157226939,0.002201791816955252,0.00015826361416917002,0.00038267222523650536,0.00043140821418886064,0.0006380859550088224,0.0016110515478419325,0.27530920630671696,0.3671095906394347,1.1431724897702304,1.7832066632939272
neutral_atom,1.356651896731861,1.4209617298711659,0.04222288952297109,1.3616025302922108,1.2299415453136626,0.06255639831051996,1.2439132939909257,0.06510856297295299,1.2019901956206491,0.06978424050307885,3.3091907700635144,3.266465706837809,0.08500594290463587,0.001835356023101194,0.001750718590339577,0.00010488977781838478,0.0011448441160161094,0.00166492919938728,0.001189623537279711,0.00197508500613544,0.7285493791501343,1.3845793207037045,1.617852906248113,2.4111896302003766
neutral_atom,18.59283462486418,20.002386318816637,0.9602555988102939,0.45523866622425085,0.401969263642533,0.00906309117707956,0.4438074844180162,0.016830609191597196,0.3848829049900027,0.007015553221664125,10.734701420066383,10.695337682561453,0.24004021509743567,0.002480928882950587,0.0025099355081969793,0.00018002330736302614,0.00025436550343175765,0.0004902346919063472,7.662238691559399e-05,0.0020419509906167894,0.1885454715908938,0.4244993756622832,0.15203036540758924,2.350456050925598
neutral_atom,2.5005536194494655,2.568032494723481,0.09971936039043615,1.7789613082787483,1.709358898171288,0.07242867362248193,1.731287597264397,0.08820981025205794,1.6639808244922056,0.1268917777106802,2.5638035031775908,2.603582616066666,0.05966403473399119,0.002303577678487904,0.0024105687250574417,0.0001708357994171257,0.0003084698257760318,0.0011152976918220741,0.0036305640218430918,0.00035874111335376955,0.204180894704046,0.8954019008346188,4.6688749215470935,0.4317839466137489
neutral_atom,1.6222510895471498,1.6802970533701964,0.07707053838737739,0.9625578305573839,0.888348398758617,0.045282199436640816,0.8767422713198855,0.03887873899193298,0.9260016185789103,0.0678387081400436,4.765933656642794,4.8541439943746205,0.11612917307675388,0.007040763234650995,0.007267233618023102,0.0005205733266996135,0.0015452668665821288,0.0022085131204299135,0.00011859733722665845,0.0014103911259543333,1.036113723834554,1.7746684087717415,0.1643380904279504,1.8910421365826693
neutral_atom,1.092514780299373,1.111228431491512,0.0529409514271594,0.4915484281370398,0.47318575083446734,0.023389554716811062,0.4517740015504159,0.023805665914260213,0.4811716545304778,0.027406413673893435,9.053293868542799,9.39702043282296,0.22329631772527486,0.0013186050046254056,0.00134194495146021,9.62133262695449e-05,0.00013032942211677992,0.004397923381571437,0.0004065737048306359,0.0005654515072526635,0.08412877767491964,3.5536269049463036,0.8353121314909502,0.7379369607604804
neutral_atom,53.65534522178992,52.45605883981872,2.326600534149247,2.0189573833669043,1.9403108411559307,0.08822768531308806,1.945690456043992,0.06035077519331868,1.933908374534871,0.13056906781639854,1.0583725929351473,1.164434134656125,0.054341603019812584,0.0018204168239617847,0.0021005673328288923,0.0001444800956200747,0.0004795407641245085,0.0046554686673326105,0.0001236555393118702,1.3724758322881478e-05,0.3400063092483001,3.932953078134672,0.18797890249556154,0.01529753061717774
neutral_atom,39.303127295145664,40.78634509810384,1.2852938041057362,1.5610181311827194,1.414201620423346,0.0787272235502659,1.4364494681663347,0.06998331505681384,1.3985546150283676,0.10274744895214243,1.921536610410738,2.00407122933545,0.06685593446840324,0.009482705934050753,0.008457383950034295,0.0006377128451482357,0.0009861472672216536,0.0037393046976485532,1.1081385586896811e-05,2.7622363809828916e-05,0.657995009011796,3.0648543849112895,0.021014451765353742,0.029476356703230643
neutral_atom,6.2619036050271415,5.7778354075683245,0.23649946289972865,2.3375823806809874,2.4151483596954333,0.14295948222789773,2.249623166430837,0.11757529203000167,2.5983487643318504,0.19921927359792627,1.5753311840147817,1.6554887565861076,0.04419942177204383,0.005415928024164379,0.005382367215464907,0.00038868412142526625,0.00011247084809450954,0.0033257634850768496,0.0004614481772508405,0.0009248039563757708,0.08020191889570748,2.8141756434127667,0.9641961039302611,1.0848831216964614
neutral_atom,2.277258049023913,2.2459210879189118,0.10381025924921504,1.009551754990039,1.021734739198202,0.043656751452982104,1.0475908698203906,0.05460055535817378,0.9759064962396669,0.0726912098081674,1.4992413895467176,1.477516899503008,0.1095632034214419,0.0020506978409807444,0.002142184454121807,0.0001521983812775946,0.00043876220565018214,0.0011052038681104294,0.00013477522634677356,0.00011391297648497245,0.3073792356180775,0.9961108433308047,0.22667279262722695,0.1238847523005188
neutral_atom,2.1790216829520523,2.3798620210726646,0.07563717576268429,1.3830895054856303,1.3344308810706724,0.07862080247198747,1.3015294777552597,0.07050191908829119,1.365264641066974,0.10533682227118159,1.332314628522812,1.4249130169744715,0.07137365559952807,0.004490435495543806,0.004672597729093519,0.0003333540633773625,0.003676609578174476,0.0029898004968629847,0.0001336948964249659,0.0009674980715164514,2.439140343979138,2.57054778940132,0.17355534547829285,1.0791435024207339
neutral_atom,27.0328725738467,25.250708459665272,0.6358912237206928,0.7303946832229354,0.6953164955413499,0.028036314773330996,0.7148551461843636,0.02611866709465801,0.6569762766219768,0.04825403819433997,6.124410949401476,6.010565642038435,0.1488563900340487,0.0012050181205370183,0.0013064073689988964,5.598242293959293e-05,0.0019515971268335977,0.0020785922322394254,0.00022878394546674424,0.0003972948289332985,1.3746035346442518,1.7394233135928399,0.3512799078496264,0.5180935821722504
neutral_atom,28.25690693478289,26.506715535500806,1.1947516523122939,1.0100380395861406,0.9907072296003522,0.02506055443059667,0.9587596360187142,0.051671609786031185,0.998354193100005,0.021975061470793956,3.2678745250225534,3.211502970365072,0.09989672508241537,0.00489583114378675,0.0048132864285103235,0.00035019108121885724,0.0007713217287744793,0.001277113316407199,0.00011176448948792389,0.0014376091868275424,0.6235642680435578,1.2179342346291948,0.14864367670640377,1.6118272391456627
neutral_atom,1.3675318257351616,1.4103276016054962,0.05796912138845328,1.129596310932383,1.021169486038278,0.041994980707558034,1.038956996417402,0.054611494216005474,0.9954321053576906,0.06569141991592348,2.9034563029034794,2.8359056963205984,0.0961559442185315,0.001854091219989312,0.0017787520968890662,0.00013037426552275113,0.000702782538218718,0.0004774106066192681,0.0009378722941236078,0.00010558800722934155,0.4928943744370097,0.3906110770424248,1.7550396541025486,0.11275839410822278
neutral_atom,81.05727273778761,85.69723579475439,4.080401070971421,1.208523479792144,1.0251636465937122,0.015447682919752273,1.0881950980940638,0.056986216610238,1.0201645563927837,0.016048581679262822,2.255416373208309,2.258892229260674,0.09382455683677997,0.008838427885555646,0.009157112079361929,0.0006714134309485642,0.00042879268840193837,0.0007385751811828293,0.0011104591182158085,0.0008348632934777525,0.2899172149380671,0.6267254364215481,2.2249043544594036,0.9657100794793967
neutral_atom,70.67649350526133,67.81717200196027,2.9997307242951194,1.6553078589920631,1.5761636580038285,0.046300108631414524,1.6058281307536995,0.08303855872660897,1.5627807207666997,0.05577469530551483,2.653890218182355,2.67706973868624,0.06637889430653679,0.0047172917352079425,0.005275778728533033,0.00036955902707432666,0.0011757280426662956,0.0009639036675274182,0.0005747609424397982,0.0003245212785452102,0.8273691873889987,0.8089269812655269,0.7937254757090961,0.39456429374663504
neutral_atom,1.385419070287302,1.4157603477829699,0.06717185843413058,1.2812203952100694,1.2893015508758656,0.04456074878713354,1.3523389602993974,0.05857528445363499,1.2027022910305778,0.06865502313161637,2.136781117760438,2.077020809345117,0.08044613930916597,0.0021061392281381203,0.002208333770240932,0.0001389196016555257,5.073138438754044e-05,0.0005650704159418905,0.0003951003499232657,0.0006964671563100786,0.0383897218350448,0.49811028505815685,0.5520340391406485,0.8969096761253039
neutral_atom,1.1984515571500018,1.154949807943883,0.054714192208435514,0.9536236547602807,0.8645671739934684,0.03876561676153711,0.8205267019889988,0.043723534220675334,0.9174166560023364,0.0574989733569926,5.703224856657224,5.60009863125303,0.11495694762110553,0.0023808626899976264,0.002465838205979742,0.00017556507454597302,7.152089950974886e-05,0.0017654579281136216,0.00010890107457980963,0.00020867444300942344,0.04548065535525517,1.4411224785988455,0.14346737220565345,0.23032183500116593
neutral_atom,25.424069522765073,25.62022652703517,1.2185022452761534,2.4713394458957874,2.3266187963200533,0.09039103907578755,2.2724499356519106,0.11901413576078275,2.4004596028075955,0.13895427492188547,2.2672172150577627,2.3481649147100874,0.04345783319924625,0.00966044506342216,0.009415059145877607,0.0006866527980319525,0.00024722454453989705,0.0007695727141945819,5.393916383423897e-05,0.0006153307219008573,0.16366146009514954,0.6492750936610259,0.11324592609528909,0.6881122114377258
neutral_atom,1.299996106830254,1.4452159829810427,0.067790679969701,1.2583565308040119,1.2198365315991107,0.044759823142212274,1.2378190743068849,0.054998979136113894,1.1845659648466267,0.07702563677595267,2.9492390492670904,3.084996124245811,0.08191477728954749,0.0015782322625478708,0.0017365384103815032,0.00012125839803055793,2.2897998964402006e-06,0.0008034364437638895,0.0010062256404334772,0.00031044288644283295,0.0015733569402446319,0.6848443471198197,1.6752094099499675,0.35432492887506056
neutral_atom,15.553959264214575,15.020736246323683,0.7159822161561834,2.460126217135836,2.3352896229052966,0.08302850045257194,2.5756934040181334,0.13566950182251525,2.2930198752623667,0.09003246017048927,1.8266821807926186,1.895140800808408,0.04139584909783688,0.0020898009549567675,0.0020164009851173026,0.00014766236872873373,0.0008074985223460664,0.003068645777430436,0.0002794222372327396,0.0005342084377577115,0.5516962324878583,2.5046405850781017,0.5083011373798808,0.6427020472875111
neutral_atom,21.722852502079846,20.38034279425921,0.9594398254999132,1.2481800940255132,1.2375036495643492,0.055323169467190104,1.2499546725194164,0.059759258160208203,1.1628570713823796,0.09051935206639576,2.5563415494429127,2.6281800289942043,0.08368899644400621,0.002132787581029468,0.002103418333743738,0.00015246514524593167,0.0029019667989658203,0.0011926242418871897,0.0010709524758403478,0.0024008118028929605,2.148691081308674,0.9584514265199446,1.4863243278817306,2.612957779925111
neutral_atom,17.709408755834765,18.22004061086978,0.6409101556798664,1.0419084782634052,0.982227525000813,0.02327752697929506,0.9819584983914504,0.024464504515120698,0.9847998481181908,0.07564871679878805,2.6717392042688104,2.6938345883573636,0.10537462844698003,0.002540799186030725,0.0028134606742073968,0.00019599286854209984,0.0019769944860324852,0.0006220318670298626,6.634796952697024e-05,0.0005804583128024804,1.2520404342437126,0.5473277022482015,0.0832009715824277,0.680192476950775
neutral_atom,3.791201327915645,4.094587509926147,0.1864132481527115,1.9180454974038998,1.7754566551378046,0.07736359668723855,1.8205416127865977,0.09655958982359346,1.6946332951844911,0.1292849672088693,1.6047893227586616,1.576006018735237,0.05754521195211092,0.0026260957111927997,0.002932662571827136,0.0002040566514607858,0.00045708121217103164,0.0010912761645480626,7.608135716982698e-05,0.00022372101501865545,0.31743783341297466,0.9333093991875472,0.11918015622428743,0.24212492905675226
neutral_atom,3.8622561528891186,3.8245650083599707,0.1652544892284175,2.084473225332926,2.0501763810420166,0.08987839464896093,2.0450637700008496,0.09703550749492071,2.059239123282464,0.14965832339876584,2.438596694370125,2.483241546639998,0.052462453505087485,0.00712174234062501,0.007410771392367186,0.0005286787533628528,0.0008211855152189863,0.0016178210031383966,0.00013429898536980589,0.00026148024863047805,0.6357520903201367,1.341910383821514,0.2803989604021604,0.36015906500845785
neutral_atom,7.821410476079389,7.730880286576268,0.13110236885251147,0.7086509774850919,0.6521583667351077,0.026988721021975578,0.6325056029096041,0.03158243201569107,0.6843004780003348,0.0438140986330848,6.45932478700091,6.320629266153583,0.1707874046194933,0.008129380919932606,0.006627143365589612,0.0005214227074814833,0.004801378440192031,0.0013256757934228154,0.00016749491531903098,4.523724156184217e-05,3.1369023761352652,1.176754474188743,0.4046408073644109,0.05186505965878613
neutral_atom,10.505723596762314,10.67513920922851,0.5129490771367554,1.6618296128545174,1.634339281283794,0.055985330464660046,1.675403629908067,0.0762490072314542,1.5863050398307998,0.08246642972306507,1.6949613643283548,1.671829032350377,0.06365922797901795,0.0012542432987300717,0.0011986592503831367,8.802857510004683e-05,0.00017220742187778646,0.0003061034583498398,6.315074968019763e-05,0.0001819836647349138,0.10943209955666286,0.27142206763138993,0.12002953629307639,0.22075006148017132
neutral_atom,31.46194266409287,32.45148348686481,1.4145289642942005,2.291080774975843,2.1768839160640385,0.08129145450021905,2.286988353488833,0.11809336077229801,2.0777248984613252,0.11206995015915505,1.8645893545354486,1.8029984019227443,0.04549950646526615,0.0031315845414457842,0.003183941875589417,0.00022889962575597193,0.00015262772646356277,0.0006902739133428185,0.00012016638165346042,0.00048625269544537886,0.10991186297736971,0.5541710109352721,0.25370832937301835,0.6136634468897957
neutral_atom,14.301207474102224,13.887733462584098,0.6589453767688044,0.4279499357357963,0.44183498918691044,0.022286819203335712,0.38696053375156886,0.019797912378881084,0.4770148064448405,0.02855059344489075,6.491440341440885,6.955034063325287,0.24384682599805285,0.005659962699792771,0.005989371494080898,0.0004621742843032488,0.00020667721690732928,0.0038905863204352956,0.0009644589016089193,0.0004584598023715195,0.13571729443231859,3.243905007939138,1.2804834587487028,0.6385804279565395
neutral_atom,2.9594996376372373,3.0281241011303752,0.14390698119514095,1.964807377888045,1.8957812534911858,0.09187731001488686,1.9095086659435658,0.08065081830414364,1.8315371146480146,0.11607364631328008,2.096382896571602,2.043984965787625,0.052828253863940626,0.0022228642612618426,0.0021779973105365987,0.00015804535754614587,0.0037172758522836186,0.0018766072272738063,0.0004007435325727566,0.0033252028429575165,2.853543401602911,1.5750764905148378,0.5538793561382842,3.5587442636461524
neutral_atom,3.408670369020117,3.385858461592495,0.14109719520141556,1.5645496657333555,1.5354741538314087,0.07097641715605532,1.5312770556624549,0.07936382582626389,1.5522418818410466,0.12002976510366968,3.1301237867020397,3.1096494236990995,0.06818368168860826,0.001039513929374392,0.0011247381021048729,8.360629785042671e-05,0.000142199323077347,0.00016641713857388842,0.0007114449431668718,0.001453265083587152,0.10362065423924677,0.13635961689752407,1.175466069518157,1.746595639402044
neutral_atom,80.04790839676981,84.09539762323344,3.854622173099916,1.7243068738140916,1.7637481458248638,0.04135165340198011,1.7785419735744281,0.04387300164591844,1.646023272995734,0.12376310158586866,1.8744297480699341,1.8562739259603582,0.060300597697499486,0.001630678252765919,0.0016866687075563695,0.00012020934007251259,0.0017918714373145732,0.0007314356338848631,0.0003135678899989331,0.00017785669143264465,1.1377377400944295,0.6197663603608221,0.4464237561363344,0.1929012112733896
neutral_atom,1.723392219672185,1.974153829798228,0.03267356245714157,0.3161690206002612,0.31449853255981575,0.013071980708819517,0.3221397280967183,0.016122001908961885,0.299834686029113,0.02233378160168725,13.401169607106022,13.50074336404174,0.3277395776783351,0.007985418990060897,0.008405643431014182,0.0005978255077289458,0.0059777597263484155,0.00010894668736845334,0.0011303799676770682,0.0004329603770633318,3.7908949773941325,0.09078644921187326,1.7268806985018947,0.5129698978894756
neutral_atom,41.12858490414982,42.47828796834536,2.0413307655277255,2.036478682951227,1.928612923549859,0.03926400980117951,2.062209203530741,0.10021464361941851,1.9043860321709771,0.04267591582304335,1.2391823299437863,1.3020687864472829,0.05230740493846924,0.0021321803773085377,0.00202863676726433,0.00010442194678009872,0.0007978740737553734,0.0006350368914506485,0.00032485263003825506,0.00041021087438851433,0.6049531787354698,0.5478474583105881,0.5144211870376548,0.4598010656047723
neutral_atom,1.4642483159234985,1.485124875357781,0.060344027781986984,1.282058592765867,1.110403756282902,0.04364083410107489,1.1178413886564915,0.05185414166956942,1.0923435717186036,0.08080294466159282,2.3617458454435973,2.364169943078461,0.09087796257068757,0.0069322327172796705,0.006979044463754571,0.0003148644427114508,0.0011194607673155395,0.0005065993988581845,0.0003585107339582655,3.0541835086629985e-05,0.7147258534970494,0.45461147702103694,0.4640419240551118,0.038421879758530876
neutral_atom,55.751296726569116,53.72143173180129,1.2150725503511717,2.6005287113095212,2.453297719146271,0.09815289408299231,2.3568417699153623,0.11556391753661674,2.703028601326889,0.18594901051790613,2.0289451764429924,2.070738238937487,0.043993531492544403,0.008427462166907918,0.008481559684827108,0.0006101329525626871,0.0032709606828319245,0.00033282157880901603,0.0006634290416873214,2.4461947544817567e-05,2.227451732427784,0.306291302545175,1.3933722851691286,0.030887123845043836
neutral_atom,10.430036093029818,11.331052939892905,0.544918157550688,1.6824436675802976,1.821006064382733,0.07194543138121291,1.8400414264340326,0.08923696942662139,1.7856538730930196,0.12161087445433605,3.2578066248554842,3.240847339134004,0.05971477649860748,0.003613534402413668,0.0037861506535020123,0.0002683946553456476,0.00011254911658598991,0.0004125279965805766,0.003909702807020835,4.5449952714407655e-05,0.07701253995125326,0.35255373257288464,7.864531655010167,0.05713081003627861
neutral_atom,1.2692323864220576,1.2172409827453465,0.052133442131340725,0.7612023616682358,0.7246627578191918,0.04190769636766785,0.659372425689549,0.035195665542120544,0.7651760696909558,0.05334818671824787,1.6753349265475748,1.9083681767486442,0.15765718954815824,0.009643446934853106,0.00944930144229111,0.0006878360653893014,0.00041556252638507134,0.004518872252895149,0.00015159984641997503,0.00013709276840346294,0.3006728685823006,3.702645141615102,0.25475934665431665,0.17806416640504194
neutral_atom,2.457460574708666,2.5920802014482893,0.09875968344958228,1.5611916259035243,1.5797607306351147,0.06914648236280656,1.5346577656776492,0.06655627778496287,1.6093020241247886,0.0889540547868877,2.650816799825103,2.566250124748267,0.07073540764794672,0.001948112762430676,0.002047027215295222,0.0001376817590683823,0.0006080163616585944,0.0031382531880554164,0.0005016274760996315,0.00016499547537479368,0.42013770191275784,2.7272756321805582,0.8757989371286987,0.18040220645047278
neutral_atom,4.466935760912783,4.690939245934129,0.20450323466786743,0.6735711737482822,0.6236343708602657,0.03372742181283891,0.6545551490598819,0.033291308648878686,0.5975563110680783,0.04579213974494269,7.768509663829517,7.926142047682171,0.1493242586086492,0.003645393566062282,0.003437339466312557,0.0002528840735248623,0.00037066024904965913,0.002650499466915359,3.552543920463133e-05,0.00030075093009201466,0.23957007468926478,2.2433409252194325,0.06821656584730978,0.3378529304793342
neutral_atom,76.76647372362515,79.91440022578249,2.850633434662818,2.1289614654507405,2.1226269752105993,0.04692390129680683,2.237586858625033,0.09777376439959441,2.0882250120224124,0.04033548105068995,1.4731958030939472,1.4488970668400893,0.046986061755885176,0.0015540887386800307,0.0016660188763347016,0.00011721600936168302,0.0008155050099013996,0.00021327231257812704,0.0005761484534274555,0.0015665731202884924,0.5223021999094297,0.19443041668363406,1.019023933298727,1.7583571962036455
neutral_atom,4.338991206841876,4.172169773944134,0.15684556046800852,0.4011499655241887,0.3943373035518991,0.016792531135928653,0.39765050152559517,0.021090163909123,0.3885986561583601,0.02535201846437294,4.377745943461747,4.1904438818795295,0.26693934315808493,0.00226188717437472,0.0021629601867693836,0.00015867902836750182,0.0011303016248531503,0.0006732525409143019,0.00016173526805985386,0.0009984706315128162,0.8017755384054068,0.5533332404726319,0.2400631263107935,1.1986626655483117
neutral_atom,1.1105528371208375,1.2051897220179095,0.05396088568561645,1.2634235229612714,1.2040184663872884,0.07631224966438266,1.199234124741264,0.06397586235565154,1.205606450328044,0.08807084090151089,2.684793024080876,2.4653242333252723,0.08398382627552481,0.009932347333475285,0.009530506506132309,0.0008057343803036455,4.527322602979597e-05,0.0071013982993588754,0.0018601262412190143,9.11053022231063e-05,0.028838964401115094,5.709631337358333,3.6419472780795075,0.10404228743310212
neutral_atom,28.3526738550984,26.936892011941435,1.2958349183975943,1.1251687072583942,1.0590245264143736,0.03883378472588655,1.0351156796487169,0.038565652878523815,1.1152796757124515,0.07110826520802194,4.047282019507267,4.024740141995682,0.09356618223560967,0.0025283471742343585,0.002296490650071259,0.00019481253132154518,0.0009825630493213529,0.0017293721231492532,0.0025266344360358305,5.6205782001693145e-05,0.7897367849467878,1.444891173618112,3.9912361469401505,0.06111841229911722
neutral_atom,58.73056238711589,59.443534017987716,2.806001175849508,1.9593984716476,1.952519575708423,0.04160246441165553,2.0020939438551175,0.10710544240492231,1.9470481264020136,0.04383819122517188,1.787854420075103,1.7769279435265863,0.05355627922984637,0.0047150341344874514,0.005309495743689825,0.00036724300558036056,0.00029413881833067644,0.0018209678325790482,0.00014353016395846806,0.000369616257952655,0.19860040822251945,1.5178784056057002,0.2625277340040748,0.41798062486979237
neutral_atom,4.92035726951029,4.735396249560625,0.22590659283529343,1.3553860892117924,1.3015227710976283,0.04705817861765498,1.2011913960137937,0.06346010900865526,1.4240909914639799,0.07014090606946334,2.410895742113632,2.481143286554786,0.07807574013677504,0.0017210113405458274,0.0015849735303396079,0.00011797562709547893,0.00217026398635699,0.000846702417412526,0.0008074593408661717,0.0005677749532182953,1.7703632004679457,0.7620836247445911,1.7438508353343884,0.7342784471577448
neutral_atom,2.879632484296911,2.720490476866278,0.13097434295968072,0.8600853134376347,0.8079925140438223,0.03153436940561344,0.8101302327616832,0.035661643943370715,0.8054297658805648,0.04070827002708709,2.892329179588689,2.901818000006406,0.13257407098027604,0.005092061071887472,0.00517023105184669,0.00037033440285990586,0.002190812251365082,0.001620561222471045,2.3510361912308035e-05,0.0012377533751075011,1.5326972577612001,1.4341700492849714,0.04627139676784946,1.3194515433968765
neutral_atom,5.035993554866047,4.801154997935512,0.21258831190465863,0.6499075453340305,0.6390300059424145,0.012960784021538012,0.6376483872217336,0.015217751353632498,0.6426792849358112,0.02473203843585782,5.115325629152361,5.171061224424452,0.16121871443879082,0.0014745129374419842,0.001331504582737441,9.993127970181886e-05,0.0007502985992404008,0.000792207712714137,0.0018986994126390915,0.0004296261642095456,0.5858023712574029,0.6572823877090122,2.637546713544764,0.4634297814853795
neutral_atom,9.138316672991701,9.531369347598883,0.4574904973718423,0.35608213290804364,0.3229309240999668,0.011805596106447247,0.3273763720125046,0.013702101302146977,0.31012337366441,0.023257468874989407,14.246990425720645,14.61687874388385,0.3188621143916922,0.001997849633714902,0.002061624182135076,0.00014701356615156615,0.00013186706047455375,0.0003279517363751391,7.510158028531005e-05,0.0006836227489968609,0.09905863261874936,0.30617298958355454,0.09787142314525767,0.8901664692382713
neutral_atom,12.831614304618334,13.029695985551202,0.5072515713723059,2.596231604224502,2.6408570029169773,0.07635355341354422,2.58924332665923,0.08035855560892842,3.050216427261742,0.22818371606800084,1.2663908397920363,1.3292210356519234,0.04079602195015768,0.001059047358599436,0.001126380267742326,6.813186815445352e-05,0.00040512966201153614,0.0012179989588643743,0.0005218906720375901,0.0004351202159492024,0.25970208519188365,1.0166349906680479,0.6604522413456049,0.5470070563128143
neutral_atom,5.870866910261958,5.5187647509283595,0.18069326059304197,2.124272932093413,1.8534088874255599,0.07720853781736696,1.9291006732297475,0.0946862818116789,1.7732502774795857,0.11078855722185195,1.3828824062873144,1.3747189295323494,0.053029931325141506,0.007943839696605788,0.008509576105126508,0.0006018080029606136,0.0013409513390454516,0.0015003435010267278,0.0005802389091622677,0.0001410422081866432,0.8788982705803033,1.2927491536409033,1.013198434454519,0.1495059426696176
neutral_atom,17.813512631939968,17.116872963702576,0.7872862155223924,0.5540356988078156,0.4775941150179674,0.02288333927471358,0.47131549351647994,0.023579744807663443,0.4980140171912826,0.03750192548268099,9.283601138155987,9.604324169296527,0.20159417490296597,0.0011170672290909637,0.0010375581163075101,7.706639569410819e-05,0.002048683016050648,0.0014949447168128782,0.0003232801104700533,0.0011909800076133417,1.4480273193095048,1.2313859330423456,0.472230414919703,1.5832686425197369
neutral_atom,26.980310945997577,27.54268203050615,0.6176857836697638,0.9511114599910391,0.8602325062176017,0.03739944636283235,0.9192260279007161,0.04745289913783831,0.8091268354201387,0.05109225590470519,3.0665299071815104,3.174492638664702,0.1128778720997466,0.003924850486766269,0.004107476478814469,0.0002215548265590502,0.002568925654448684,0.0016550983533466786,0.0014293595188055285,9.859285520726015e-05,1.6856845156303304,1.3381964868833323,1.906513880677594,0.11315050754017882
neutral_atom,16.092537908714007,16.678522488542786,0.7649726637838865,2.0388612311112775,2.0251438316782715,0.06896329505237672,2.0484816935263854,0.11013546240305133,2.013639954054543,0.07056966868001985,0.8802197868806771,0.904881924901626,0.053519110080544406,0.0038990864669139658,0.0036549366946515612,0.0002691881860324078,0.003214670002910904,0.0014039631506915931,0.000611781643012723,0.001313846581943774,2.2620368918272926,1.1875098605110126,0.929100099338297,1.4257343564389378
neutral_atom,72.48213638601514,74.41822206315977,3.550995838107153,2.421739780096412,2.476846131920542,0.1176661378758961,2.4476527610745444,0.1269635198088861,2.6545584216333866,0.20085906258368966,2.1706446871137004,2.089907110085979,0.04161662620951695,0.0014899701704986603,0.0015252062747189356,0.00010925742417060213,6.27863636197869e-05,0.0006082377572489639,0.0007646822257641405,0.0016217424361854354,0.03989084989047037,0.5075292577577731,1.084354842818353,2.432250285596956
neutral_atom,1.8295038806304498,1.8268291285832359,0.06974452305428358,1.473556285320072,1.3548627019168857,0.06270153076648714,1.4427053779080046,0.06219467953749533,1.2408432835855905,0.09319886753749546,2.551597284832101,2.5502978202248245,0.07658782194859695,0.008044156611888321,0.008668328426935896,0.0004885360491001534,0.0018215265928491094,0.0020299840736894394,0.0003080787647716499,0.0008177571378783284,1.4832442510641508,1.7993919450067437,0.4990156117254162,1.0401218842673225
neutral_atom,83.69178554742527,88.98185137907593,4.24402528839833,0.6630834133028798,0.6732042909396309,0.01733671940214185,0.6691688058737492,0.03346334140027824,0.6746848370791114,0.00904327658189219,5.812348655165695,5.617894131970865,0.15588709053774127,0.004046206837649016,0.003944567042891455,0.00024223586839371042,0.0010795152156172954,0.0008082043746534867,0.00043957975528593677,0.004435987202277709,0.7733205011369897,0.6737717843078495,0.7923544345013335,5.0235783827932465
neutral_atom,49.417236799272075,48.34304803349213,2.3188521308026897,0.3625165236984737,0.3373798559045729,0.012497232599131934,0.3388490903450576,0.01457941095046547,0.3333097467956529,0.02426595865927063,9.874960211784165,9.580307999119961,0.2997779736254312,0.0065483295322190105,0.006284838129075267,0.0004597565097385958,0.0005017265050109249,0.000898361296540267,0.0003463884545563501,0.0005639756923522502,0.39428075037124033,0.7285255892334832,0.6220620336146334,0.7344145329627079
neutral_atom,8.605262532782815,8.785345151454479,0.28690109940868197,0.41724096474625366,0.41547753189602704,0.024186452778809975,0.37633275019772183,0.02007084807964489,0.44786806244722177,0.03269606436291324,3.938809993025316,4.381339200582488,0.2644226797806617,0.002127738489459661,0.0023102310722285854,0.0001619561669831236,0.0008319948353697761,0.00397045264170607,1.2122931884498572e-05,0.0001037194942496854,0.5587496360836808,3.2071208526679333,0.02366081959819757,0.12001173494207315
neutral_atom,1.190113805609377,1.086862730324842,0.052455068966109804,0.43703731751140423,0.4240831951132499,0.01850122445916565,0.42219580613215746,0.021332921914692764,0.4298106278032045,0.03291065464142179,9.024196241996982,8.680961844814773,0.25199470514434963,0.0029963470465259358,0.003012708070420266,0.0002173282239532598,0.0002811294510825622,0.0006595537970465557,0.00016926325690701948,0.0009505955855327763,0.23115466811466,0.580965903253453,0.34731198576804,1.275047088401918
neutral_atom,1.329577084048248,1.4067634058674936,0.06040151049644373,1.2442038485601021,1.1753451445119554,0.05485769315937613,1.2132630419024517,0.06490230385147835,1.0804870397368267,0.07724880599143649,4.076772697756916,4.1091496401251195,0.08308124902216689,0.005764667043111108,0.005422931002471222,0.00040189866841143783,0.001230774854793771,0.0002668722273626591,0.0002772940975056833,0.001443054943233529,0.8509145201675681,0.23869629715254356,0.6299569055203575,1.7659031132807774
neutral_atom,10.768332325092988,11.114919549959842,0.33268367128301524,0.3456722336686108,0.29966799986926146,0.01143562188679216,0.32119514270836586,0.015957421603197613,0.28179679462087964,0.01547054442983997,11.924977225777692,11.72574130833137,0.3196150925815253,0.002535348186857577,0.002380199120980244,0.0001758905026335929,0.0016056842745265205,0.0013691358503699024,0.0006914591039225385,0.0007625674907571345,1.0844102807076301,1.1321873695540994,1.4464899932638953,0.9149498510329632
neutral_atom,11.118162968759888,11.538408927376338,0.5273577994434693,1.9054154352777861,1.8780634733023847,0.06749431456239552,1.902916555480858,0.08955795897810186,1.8652395812056108,0.07376285138814284,2.3328896024399723,2.2707718323508472,0.05484697576261087,0.001123502947067011,0.001019206956108649,7.634457927866955e-05,0.0007982977969962518,0.002011201336692969,0.00032767316527359885,0.0011817852027942652,0.5440277297723239,1.6687150047436,0.5093181357627445,1.2692721535077394
neutral_atom,32.30481512596145,33.47409639591094,1.6086551830023303,2.5031407685687213,2.3603390277275276,0.05524839660175456,2.464084256326967,0.1007561720672743,2.3157339227806317,0.06606628342795727,1.3194123739211006,1.3360357923591204,0.042604800682108354,0.002413487187277427,0.0023962712800451066,0.0001736350739106063,0.0019494967362256258,0.0001559936350960448,0.00031729301423447803,0.0005812593522389589,1.4549908546519013,0.14213282191753804,0.461205784987171,0.6617681540856738
neutral_atom,1.0312561451570594,0.9836528026228595,0.04543407147928487,0.5611914185511224,0.525052863306921,0.03186490416334007,0.593983932076452,0.03150340633256669,0.4942406542651055,0.03833071571952114,4.803779661295211,5.084146907155727,0.18404114303311678,0.004348837367734992,0.004484590265110789,0.0003197630658556135,0.004687071070509654,0.003970502954691782,0.00046601776984272906,0.0008721899080251975,3.2201473995429626,3.3118526359020195,0.7127196192656854,0.9425166786322896
neutral_atom,7.236674828949521,7.14362321017235,0.2363915171529713,2.0408667702760277,1.790623343616101,0.08018427956837634,1.7664948934062064,0.08649635677029041,1.9380752660089928,0.15057210122588463,1.726870528195544,1.709473682800047,0.056947238801131804,0.005512723935344936,0.005944436789093756,0.00031497986610217214,0.0013141833024270127,0.0006007827999282792,0.0007850987624280114,0.001849429980358102,0.842366750976704,0.510929978572775,1.521474654256352,2.0166364841030697
neutral_atom,16.057362152221668,15.638141536156585,0.5759193014165364,2.5183880196117174,2.603214564394979,0.1234918968553817,2.622986254050701,0.13065272795940824,2.437532175161036,0.18886280924017174,1.9291750875105727,1.9372199224938185,0.04096432954796797,0.0010595620501564643,0.0010284733490115339,7.510364991676406e-05,0.0015991047928645358,0.0006040556256945825,0.0002723800206584756,0.0030177432915767448,1.005428978383337,0.49691901047093373,0.4557540959578712,4.010297920695494
neutral_atom,71.46594646469393,70.01836419828294,2.4430393893946194,1.2594950353636984,1.146995615680169,0.06347012515653684,1.1670073784059665,0.060185607241153245,1.1291222461931811,0.08732952256146669,3.1285009304145577,3.2782950576138146,0.08879229771980351,0.0026709578654284796,0.002870632722409998,0.00020189998829176064,0.003000419130370519,0.0028431653578162132,0.0013698252251610468,0.0007387879048125994,1.886535495160694,2.357305067583508,2.1462300099762293,0.8849421621060631
neutral_atom,8.419745310878032,8.397638798983056,0.27815592636502456,2.4477059394771183,2.3427084134191,0.14533536773209643,2.2582892067402045,0.11792455892815766,2.4789443196941634,0.19160296966961768,1.6887128127982014,1.6301747258359731,0.04545856444853159,0.0018208998842736647,0.0019240428069736896,0.0001449244949509131,0.0012800302419871798,0.002964445494382728,0.0007508314623803155,0.0013668100988617074,0.8186964796037861,2.4601212746675016,1.2190797545385832,1.5038720378517256
neutral_atom,74.84841112801789,74.62843025005752,1.8085432390963174,2.9085665871882664,2.92688682259797,0.1267903175287306,2.9052879172751167,0.15577659657577858,2.969279431274605,0.21823852201823907,0.4053870576244396,0.452544375717476,0.03614071161669549,0.0010815609463786598,0.001189432137105268,8.313417939089875e-05,0.002332489613317774,0.0006086441424367555,0.0002216682779841562,0.00034297802391844564,1.5311998886990574,0.5225600829313699,0.42953050442533325,0.4196755594656531
neutral_atom,5.669323774900593,5.295663580436636,0.2452422860542502,1.518297919626974,1.2918596422703454,0.05659182396669785,1.268818763972929,0.06813791130249262,1.3430987518767352,0.10161085102661321,2.748971083916686,2.7810297304288993,0.0776507603816566,0.0023575308074889234,0.002555010911159842,0.00017919703062732443,0.004489582445437557,0.00037122831921274595,0.0003707775698189808,0.0004264719077788357,2.852748791770489,0.3140558468081224,0.5858897966697137,0.5616487569207907
neutral_atom,6.719736112842563,6.6893595901377525,0.1081463416804105,1.8207851490070248,1.7766188033745616,0.08774341617851064,1.7985799469417147,0.09446275417900028,1.6385185544657932,0.1261403087387301,2.238576803283344,2.228061699204573,0.05857399791805283,0.0011102065603142287,0.0011686886320454635,8.280236401214546e-05,0.004403414057425115,0.00023587659702296374,0.003127070933542654,0.002617543695593067,2.9313569592062727,0.20208208458625024,4.9644721292688505,3.5265734911452724
neutral_atom,24.328514688604223,24.09967441784942,1.1383254267273764,2.5114890728621355,2.519464146657712,0.06566457834304842,2.435924069284227,0.103530778261797,2.5756875368328442,0.08493380031104458,1.0444046306887218,1.028513450840709,0.04338173831159553,0.007608015465794591,0.008387324029474928,0.0005812644457067851,0.0008719683402076165,0.0006628246063760857,0.00021155291257054333,0.00046935319108056494,0.6002604614962339,0.5708169426598305,0.2686423730166563,0.5967401490978818
neutral_atom,59.38414390752166,62.08959305436121,2.5296474333826673,1.9317798059930507,1.7477305977831457,0.08386585349497264,1.7830556323474704,0.09461599388594952,1.6182380578962177,0.1275762409848605,1.5995907556431312,1.6370526411140613,0.0568363695938141,0.001279939711505803,0.001322534004624416,9.439304957196932e-05,0.0008947640482142447,0.0007680259183108253,0.0008775171617996208,0.001898862985401479,0.668434768616656,0.6306787757737575,1.2054834290257253,2.0162838063511312
neutral_atom,24.756160621485503,24.75684771806522,1.0099080888369485,1.5056536461672219,1.5253045514805648,0.07683538518665552,1.4520273762243754,0.07751802011250564,1.6506340719857362,0.12649514467441855,2.8660340597747203,2.958327910492684,0.0708056856469183,0.006498222828393215,0.005590410923402363,0.00042833890602838465,0.0006781227079271938,0.0018796783302792678,0.0009390170292600214,0.0007132804432641738,0.4808541487588067,1.5568892136483334,1.920655488784599,0.8058091173654744
neutral_atom,33.30241089736551,33.646266630730324,1.5465012939915805,1.3277723344375887,1.272234251130693,0.05418492961735086,1.3002982529407277,0.06750013742809105,1.221380687478683,0.0908637284274789,2.014957403782627,2.085258485134193,0.08328741550990423,0.0018040763840248906,0.0018031217263481205,0.00013012147425306878,0.0005306766110546044,0.0006702790890989518,0.00016290640567558518,0.00011976005326948052,0.3386962977036306,0.6320196001561269,0.34154169323269584,0.15624002758308142
neutral_atom,7.498552459722178,7.578448561588603,0.3424090000845844,2.4961623333382774,2.4622527860452217,0.08175135319629274,2.3927660790901175,0.09795034486752267,2.621786129695868,0.13578051853770498,0.6415898738429888,0.6333311058735538,0.0452419637673975,0.005283568556526727,0.0043996856756261015,0.00034317655355882486,0.0001926458765028587,0.0004551841882552858,9.805259604484341e-05,0.0010910235619443227,0.13635298288625308,0.4235299429594768,0.14425339886485805,1.1947767153743465
neutral_atom,87.94920105338092,95.00721479202602,3.704570576936611,0.6721215784403528,0.6703508916897413,0.008580871145526369,0.6675612283583686,0.03175945991928959,0.6705473661342446,0.00887790317691564,5.12647908963473,5.245883333650247,0.1576224899134449,0.0013625232156849207,0.001530758123797915,0.00010629093676326022,0.0004705866023800887,0.001352462794203239,0.0008009346463259835,0.0007606677312529143,0.3220739622218285,1.1094821409593287,1.037778802575224,0.8505824394244261
neutral_atom,11.11247234172234,11.492236318551587,0.5439359394802407,0.5773435945201394,0.5639686852408142,0.02671281787956395,0.5701243359246932,0.028067879919604587,0.5558925975901536,0.040617360253517136,4.6094841353187395,4.9532662272765196,0.18764662323102477,0.00538368087289749,0.005177584630158613,0.0003924642062046843,0.0001764116779746776,0.001865718823883818,0.0006953407760093542,0.00012134043460994042,0.12947802391494945,1.596162536417331,1.409959579697734,0.16611085746437246
neutral_atom,54.44644316995399,54.034333486107656,2.561031422265086,2.337169751388041,1.8910894359460568,0.07407877588918473,1.9706796948641376,0.10401498977233366,1.809167176433271,0.04158179535231933,0.8514535755508787,0.8358360870663071,0.04917697417563755,0.008427250434295356,0.00872717764893294,0.0006211098472981888,3.1298267312238375e-05,0.0005687825275483224,0.000568109894721945,0.005567419489659835,0.021402712275518467,0.4667354455497003,1.0533508133628597,6.440615793978637
neutral_atom,66.88618122965363,71.79533939582754,2.4430118821965836,1.4436596392060053,1.281369057020331,0.025014179093767283,1.4571220555666626,0.07710685265827753,1.2606970134416673,0.022062401608893646,0.9340565310114122,0.8958561352001415,0.06909931815301505,0.0018300481621069057,0.001806344752095873,0.00013078009116431006,0.00201964552245696,0.0005900953644616668,0.00023148970292894693,0.0011650159179046845,1.3574038293601647,0.5141115086190742,0.4873943755633785,1.4366833202038587
neutral_atom,40.98149700448238,40.88089872493304,1.8798612623173443,2.6188740735898164,2.486214752116098,0.12192065684311,2.622744822622564,0.14217216736768892,2.393723033912129,0.06412508977766304,1.9652021063581997,1.9704569270588217,0.03992794035075648,0.0025606939665401606,0.0028584538178029746,0.0002043637318751399,0.0032106181449946237,0.0021969777633494203,0.0006583953851062557,0.005286031990113561,2.037121311418552,1.8209556735323016,1.086977707318172,6.063831196060457
neutral_atom,18.692313757530744,19.25557918297703,0.8888952878153857,1.9941178555823262,2.012546823143851,0.08084668408274114,2.0401491475427194,0.09245634577579626,1.99612992275507,0.10209643537243923,1.08282485907409,1.0121496322770738,0.050270044334636624,0.002685065701723269,0.0023540513711894596,0.0001787398573090507,0.0005922358298620189,0.002476234929680671,0.0002596541114027543,0.00031050815668333203,0.3767855541084483,2.0502281970642025,0.5977901149726614,0.41057302640957505
neutral_atom,17.812673225629183,16.283163603246713,0.7734914505456043,0.31356406122445774,0.3090046261367166,0.012791138607203306,0.30679630483958786,0.014932957962131834,0.31202915258928915,0.019690063838002335,6.064454892336199,5.813716373634872,0.33213732200820506,0.002307020840993974,0.0021973701007841715,0.00010855256474327168,0.0005072240159401353,0.0015660158246515398,0.00043697141445327034,0.00013982827130489697,0.33230208414261586,1.2694261397177733,0.9025031467381953,0.1548027790339535
neutral_atom,66.05270106244694,68.70045913055968,2.1559256613551256,2.575537057300084,2.199611920828881,0.08920535670387725,2.235539125237935,0.07311828426582292,2.1269912745210235,0.15505644979777572,2.191093182801369,2.2596264372524644,0.04475647359218077,0.00331157435232231,0.003519749254742413,0.00024903743622055834,0.0018958611566680145,0.0027074163442819617,0.00016927076698760115,0.00029386755423098956,1.4817926055280137,2.2248001401887803,0.3273742959453301,0.3514973729291746
neutral_atom,1.026281582438665,0.9804945120195054,0.035720704152308734,0.8588824300938392,0.7405891223677419,0.03833918985429181,0.8022646870684409,0.040912744942434104,0.6516528267399447,0.04498148037586567,6.053600262756555,6.003142270962462,0.11570314806161835,0.007825468912886512,0.008268041189062705,0.0005884608010602861,0.0018527877852983923,0.001663586800570615,0.0019576822130803334,0.0015323746736540388,1.2159689361135948,1.4871294114096596,3.2758173162433715,1.7740441052455118
neutral_atom,3.4823081354874184,3.414834814529874,0.10061126521772988,1.6896070076148995,1.6338178671281547,0.072040269925677,1.7016764664646706,0.08830054038391806,1.4987401491659993,0.11676049983164644,1.8562184439322535,1.875466806697565,0.06365415766768785,0.00438552475906924,0.004369022829324294,0.0003388101681427254,0.0025105553593390015,0.0003936151450706889,0.0008985432070175902,0.0010454028783127968,1.5932652387145185,0.37861229576607636,1.6066588494828435,1.1384491984021199
neutral_atom,2.826651518396106,2.900707940107402,0.0703764775866029,1.6014394384441144,1.5837377017579872,0.06366133522487442,1.5777791014637936,0.07505190104625928,1.5990215437051067,0.12020037965490755,0.7591107796402194,0.7918160430461356,0.06684354597037326,0.0034381529494028028,0.0035501723061703615,0.00025256071995879504,0.001412871716165057,0.0004025547571776756,2.5597684094966915e-05,0.00018837770397571967,1.0456527321642735,0.33181306854233356,0.052174513187434546,0.22304784800714944
neutral_atom,21.698695327838912,21.111374728399394,0.9644339556523013,0.7670863142001177,0.6733866804492276,0.04994197639483223,0.7009184516092062,0.03753734286503674,0.657784221563878,0.051531416156872054,6.200892564439469,6.032212241171265,0.1459835882626645,0.002418635313601772,0.0023081484817858502,0.00016972444270735396,0.0029460518888948795,0.006067087964828053,0.0025398109479652905,0.0013785948134994014,2.0525484322460477,4.8936555687070795,3.8920506978010785,1.4715505788234475
neutral_atom,3.4829567901386818,3.5991644705061905,0.16510442605564257,0.92449084146321,0.9033632955317886,0.030793175084635166,0.8983144130622266,0.04627234030438253,0.9073765489176232,0.041254575729021255,3.5702292642557802,3.6344216393526843,0.11296304757607621,0.0014302848724227143,0.0015127799073644307,0.00010703929456962244,0.002699906300623608,0.00028727624548083666,0.0009068227762208062,0.00031275654366466957,1.7460308415027015,0.24448623658597457,1.1654338606184442,0.3387698205705178
neutral_atom,2.5143509391410235,2.730661438112209,0.1300484341305278,1.4525275400514612,1.42703180421473,0.07099500500193791,1.4480404791874955,0.07777479767654175,1.4115735796711526,0.09353580391664774,3.7877508729642133,3.7064123967309923,0.06760615649759492,0.0029036741546080293,0.002763057869770745,0.00020294209713578974,0.0016626101807079752,0.002273284182800098,0.0004949209830192357,2.5885129889295473e-05,1.1716063980609221,1.9656990921620743,0.8144543925600447,0.03296496170837541
neutral_atom,24.584549454062408,23.928815892397154,1.102818462558629,1.7353969105038365,1.6716829060790532,0.06967092526729629,1.6730765435343715,0.08943318064775334,1.669531437183456,0.11111976324887203,0.8622313942618491,0.8445504280329148,0.06449745792568662,0.00673034168567604,0.006928585298494115,0.0004935620318085901,0.0018300221044161439,0.000789058951244668,0.0014193989712689902,0.00017066614500444233,1.3110606153858388,0.6836138306122379,1.8571329602374564,0.2249109623122252
neutral_atom,3.7353740866825373,3.809925263513148,0.1486902267607945,2.096681781984316,2.014874558797044,0.06838141681518922,2.0694781721215265,0.0837099272690409,1.9053546382930127,0.11855307778101327,0.8483829340237619,0.8505780389083822,0.05262828415603332,0.001852735002432233,0.0020029879878428174,0.0001676364233710723,0.0020578188261138083,0.0008564366136693094,0.002454604547243483,0.0007130820322193735,1.31333844737971,0.750540494371641,3.288943576686253,0.8001136503526446
neutral_atom,2.1117892332547696,2.0448433986738994,0.034772574416259486,0.5237275236512338,0.5145305487507887,0.022253112650790618,0.5099253204413892,0.023530808625136315,0.5535150682734239,0.04274957540396946,7.488476155518024,7.583396290915463,0.2117027505672921,0.007477779797585242,0.006765587051754811,0.0005073711250318915,0.003942042628399296,0.0008076733064689026,0.0001650569916288498,0.002142298023209058,2.663231272184121,0.7128380455795543,0.23349727711504564,2.5647858712324343
neutral_atom,85.87235722183311,85.96137798867098,4.040213363231487,1.3459977295736425,1.2049322517463141,0.04899571881135579,1.188633475583707,0.05905527764519223,1.2409290232446843,0.08776330984287835,1.5994472180593606,1.604755814039328,0.08388923988595387,0.008230406579322233,0.008350567238373198,0.0007009800664715956,0.001656186267504768,0.000563107476702444,0.0016309927868299596,0.0007743086886610051,1.1872110034445251,0.4667520254244416,2.229531507222511,0.9707655850619122
neutral_atom,33.627072920543945,34.26105192582859,1.304041584696696,1.7342209134687536,1.5864239097850608,0.02567879145664225,1.5730543793496243,0.026837369093802972,1.731316843531534,0.08834977847906071,1.884533167518764,1.9046050935727108,0.06682065612734166,0.009044566698049986,0.009112261654643957,0.0005097684981898983,0.0006281288733214504,0.0010392816370764792,0.00032143924138773946,0.00021050289780462112,0.3992408529440095,0.9804400792712318,0.5116610556092716,0.2306126831148761
neutral_atom,1.8313721276662605,1.9026933875906598,0.09076747255045792,0.4543025401926895,0.45697066940546754,0.019900271231643812,0.46626208910414235,0.02169114064555764,0.40757003949911574,0.031272388779832,9.55588359336265,9.442767373399544,0.23193031668590255,0.00130471511152468,0.0013417031516046712,9.593696826603259e-05,9.708173736198004e-05,0.0008561434511840908,0.0014555862499654223,0.0021200952141627294,0.07299836678077745,0.702272697474784,1.9638300571810914,2.5579560376298023
neutral_atom,61.98568204286292,64.00629988375039,2.9362802308672724,2.0644698412373597,1.9234766184846641,0.0932061768486224,1.9094719448446331,0.10186848745730293,1.9954758333746516,0.15424390765219453,2.3649032213144925,2.3395355695393873,0.05530693864053096,0.0034428690703327105,0.0038049672926518435,0.00026450628250796187,0.003057776651389657,0.0010803788876132077,0.0007204714466720879,0.0019314255909555437,1.9398204732703075,0.9126354976073887,0.9029264074978334,2.242427678193451
neutral_atom,3.860055583413857,3.7405011299643647,0.15512336434561466,1.6887458879461965,1.670160449574072,0.05999982375825829,1.6420785967113092,0.06908626258969669,1.7563495935944793,0.12103336366020741,2.796240508887495,2.72458029260926,0.06402185107034108,0.0011857150331457487,0.00123806236025664,8.79916459762414e-05,0.0026053402664204927,0.0008265124113812879,7.134202344868426e-05,0.00026891916300347135,1.7804474174059677,0.6854555661131881,0.14430102862562208,0.35067322491549013
neutral_atom,1.1478127086815073,1.1155756407421977,0.05142164846324681,1.1787305322577046,1.192078587017394,0.05028580853581461,1.181374889479071,0.06121690965531824,1.2142848427467152,0.08817432750362557,4.570278186718621,4.623029917163181,0.08487735842299533,0.005583610292561987,0.005369704128602456,0.0004552780854249025,0.0026392635002650076,0.0005841203676038342,0.001482143274268976,0.00013034304434975637,1.827323334936568,0.5246436429740307,2.6230093301788933,0.1557791096697519
neutral_atom,65.0056187425965,66.71090913639884,3.1721971845903054,0.4927945077130774,0.5042290475946637,0.02277163032679984,0.5195931346594944,0.02804425459462448,0.4794212255363051,0.03682154277225973,10.088471511207828,10.259384031513017,0.21239017911003383,0.003208665013113591,0.0030850629059874916,0.00022598617613507228,0.002106348887456265,0.0012542343411993725,0.0011975710627962152,0.0007125929844314051,1.5189101072367737,1.067663217596189,1.6184523495541492,0.7766582954850862
neutral_atom,88.53571196994456,94.97412378903262,4.420760617477792,1.1825370427273014,1.194564629324966,0.042240312079493636,1.2112426224987551,0.059491348709375946,1.1776085009366284,0.05998535964971204,3.7932982815141134,3.807605969399262,0.08997692170401618,0.0021952403824509765,0.0022561775248234107,0.00016121010848194062,0.00047122386280967245,0.00041399385343415405,1.1493889143736038e-05,0.0008363051368537951,0.3246285370466927,0.3524833087558487,0.01580541638448528,0.9281292470885383
neutral_atom,4.724763792543502,4.659036017281872,0.21445467616527486,0.3966361325969749,0.3761321013534029,0.017706336966533044,0.3716458672544438,0.019573637496452263,0.39633666871104634,0.030694469322069838,6.772332315490296,6.972303911026555,0.27100931903971176,0.0013401990304178436,0.0012498216326277728,9.259284662293907e-05,0.0038453753432388473,0.0009513538908368112,7.722964289286315e-05,0.0016692418288719309,2.4604098652705186,0.785257926803318,0.16278518653354043,1.8314305174016257
neutral_atom,7.092117094964236,7.03861053141382,0.31662068025776396,2.262865564596632,2.235180210520161,0.09438799470577788,2.3022015403023763,0.12219223363177947,2.136024726135967,0.14862622720462096,0.9046550425128472,0.8888260111620013,0.047974472125869985,0.0011437211249561274,0.0010656527682047483,7.897868966064759e-05,0.0003650030203689183,0.0010177643955951803,3.313965654877578e-05,0.0001463552678184845,0.2575055144655869,0.883494249392565,0.06034334002260465,0.18779881643716337
neutral_atom,31.117300036213283,30.170209161681203,1.3153355726379399,2.2361341559725583,2.461279833537934,0.07795129890778202,2.4732009764463854,0.08143716504347996,2.330904024575655,0.1800665009752322,0.8262937660342569,0.8906696086047734,0.04747146611027645,0.004562814426824875,0.004352964476346628,0.00031982495571525045,0.0015428760065966322,0.0009815101324800364,0.00013445405685296314,0.001918496088355656,1.2910225120135652,0.9232748365780801,0.2677293382044646,2.2369617826728314
neutral_atom,80.51926748314007,79.18691229003304,3.0482603977932987,2.193280968580606,2.1702359276777696,0.11147794693485054,2.157246751626367,0.11700958690290265,2.1863446315762647,0.16685100777342038,2.5420186926743953,2.533538745321702,0.04973210832075759,0.0011055553297205484,0.0011424958409289704,8.14662631420114e-05,0.002466062678930955,0.0019178394453901468,6.565107802154579e-05,0.00044814461145726604,1.5663539133050455,1.6395919620982482,0.12346930021375838,0.5262155865007493
neutral_atom,7.846587126712462,8.160340921455848,0.23466149879817325,1.6939694840235466,1.5655745370737013,0.0746476327580344,1.4582921082679041,0.07989118169489451,1.6525383624972396,0.10044494092508767,1.1695450269008139,1.1945919193893406,0.06971978522798003,0.0021419966721480817,0.001854152279371313,0.00014146260716918724,0.0018901537656966366,0.0023731704671478776,0.0008019409547020634,0.00045930323694456715,1.2669835399497766,1.9500619437203988,1.1402885829160958,0.5188091462737549
neutral_atom,13.267996911200596,11.690290777878634,0.4722549090194206,1.9767967155340171,1.8438587198795449,0.09406837395174288,1.7294657780571552,0.08453377438042611,2.1154904249022852,0.16105759682742232,1.5531342255298606,1.573963697076967,0.06035908481861574,0.005931563729863767,0.0055793675088675705,0.00041138028687752985,0.0012216559098436404,0.0020010074602172397,0.00037431716075983387,0.0008102488111915675,1.02202189035487,1.7597919542396359,0.8376667096024774,1.1511731464597654
neutral_atom,33.937300169699945,34.71593735618666,1.55737595326208,1.3308680726075848,1.315984007145832,0.07410382592712778,1.355763421114715,0.06843287202760195,1.2990645707810717,0.067135314583183,3.708592533848355,3.833501263025795,0.07561452657337955,0.0014790766995698495,0.0015667732180594909,6.640105734377826e-05,0.00034037744027416554,0.004801732463965939,0.0002905990381412776,0.0013631687271624011,0.2397155158227645,3.929525298656155,0.5353326418791363,1.7365811288317416
neutral_atom,3.5311701822939314,3.579379174351434,0.15450131283700022,0.3742506218419013,0.3526702857318419,0.011617571776940262,0.34566799101149825,0.012702991948017812,0.3884716510603803,0.02872338533707646,14.92781373807923,15.045199451098823,0.30089855185607944,0.004859279327010249,0.004403536733820286,0.00033121060359838153,5.949047817467087e-05,0.0005439378468040246,3.855278814771744e-05,0.0003975255784425547,0.041319521952273355,0.4923947917000128,0.07489773794047697,0.4858297450807787
neutral_atom,88.04519495863217,87.37254897774173,3.6357900549529587,2.7497626831755415,2.550260925199558,0.11355985711994714,2.5529245540237544,0.13642630397006747,2.5442518349409897,0.19703426206903535,1.580226250250002,1.6063630735733574,0.0412481870517114,0.0010497839911054864,0.0011253294684523565,7.925577922696747e-05,0.00020222438736629917,0.0007234797666826685,0.00012745515305960466,0.001003778942895253,0.1284320281852098,0.6268945816188649,0.21331246363648754,1.0815528471957854
neutral_atom,81.45934170301601,82.17391848267694,3.3088947773906816,1.1497891508187594,1.0582401538834325,0.04349158397323546,1.057338712311301,0.055542368914195686,1.059668878681438,0.06992458519255818,2.7919924230368367,2.7926939541513316,0.0954393919378946,0.0016913410887238374,0.0017120698715271136,5.027243218718467e-05,0.00030126179455104035,0.0003799443288278509,0.00020221122427581075,0.00025809427310666396,0.1923019240777636,0.31330315453828333,0.33434465636654626,0.2930180540326537
neutral_atom,69.51659328338519,73.01204385806287,3.460598761415442,2.6211644928592177,2.597480400766317,0.12185262302750495,2.5771583764629225,0.1326301878901857,2.7074968521858107,0.20962476296923457,1.397946445867236,1.3842981121860605,0.03826364320100425,0.0030980507076186466,0.0029092444162822817,0.00019487509278140138,0.0003362481936207321,0.00041937788534512704,0.00049095372534565,0.0018636373089372684,0.2275376847253182,0.4274839241071079,0.9490599068731278,2.1671564607374627
neutral_atom,9.547594256375353,9.95274804197995,0.47381405880052185,2.0344115832893785,1.9114953413001583,0.09768000644127343,1.8203564648129391,0.09271938959052232,1.9918943922967174,0.13400898679842732,2.041636263157028,1.9917007738591455,0.05890858296659093,0.002611132847173476,0.0024724976676889004,0.0001824874319162082,0.0006873490337028394,0.002701799326221049,0.000354515972699428,0.0001236203169761078,0.5296167246914758,2.3679878385767297,0.7521816708032882,0.16439731260527685
neutral_atom,1.3935941290989327,1.5393005307350995,0.011923275280672375,0.43267386530178203,0.42852288897616336,0.016210335431822362,0.40509828352317845,0.02163822975452646,0.45848521213655785,0.02245708189034932,5.344599544295101,5.370242532319944,0.2549740056560438,0.004683644103972093,0.00433878476286999,0.0002452089045838291,0.0015753081486104524,0.000691198803501893,0.00038593951102373165,0.0010219437029338149,1.0029951188962256,0.5895009344778492,0.6712407616659419,1.187517475565464
neutral_atom,67.76128106285589,65.97602751078648,2.9710813841562027,2.2738255585300364,2.188935825960053,0.09246928287417429,2.2097921199450092,0.11274866459890574,2.1467058867697104,0.16082228116566738,0.7825900414828268,0.7623276392109355,0.04840228948209304,0.005718124217955182,0.005124257763240846,0.0003879346305416105,5.912964019179016e-05,0.0011695015149121826,0.0006362854596168639,0.0001221743288390019,0.03896837410717385,1.0048154551252952,0.9705722119760666,0.14025501741703011
neutral_atom,19.310951079759832,17.894100580357126,0.7546717706110927,1.6735793667674757,1.6842078334164932,0.09420685197101515,1.70269228810877,0.086664128044592,1.669393262467763,0.1264430412256898,3.116537976536209,3.100903206894117,0.06379578689790998,0.0012579561435868583,0.0012985184146823289,9.26503135839703e-05,0.0008668667473805851,0.0031159052851626665,0.00013358141664430464,0.0006321274678378177,0.6520501376031492,2.6560037705186863,0.1773459574710196,0.733326211150592
neutral_atom,2.5517171102798533,2.620048348129832,0.10081507525539381,1.261059891905345,1.1376095827537607,0.04552550958372744,1.1537057589791317,0.056959991400166214,1.1091418137630062,0.07575045964938787,1.5013974948246651,1.5380830784521535,0.09031611835443117,0.008891818642678885,0.009721926059135466,0.0006735492306312566,0.0015101885072012057,0.0006835072855841199,4.116356113591159e-05,0.0001760476120909228,1.190223695303899,0.5928135497951789,0.07961568489778961,0.22273368457281353
neutral_atom,19.18548663594881,18.618545607223343,0.8731044761731146,2.6371261086190994,2.5772280877431184,0.07810674610595804,2.5711891231744404,0.12151342343894901,2.580296374837131,0.09591818973569886,2.013216570562201,1.982269759245236,0.03822614639607376,0.002610146985359443,0.002694688017760161,0.00019258754929974567,0.00014051706159970548,0.001427133006229426,0.0015526142678814092,0.0005020779618525135,0.10635315291552802,1.2263654945795353,2.387641035985662,0.6332161700389322
neutral_atom,11.758898286111563,12.132716584576308,0.5719823446388788,0.5743890184071415,0.5247701991196353,0.014731566565987054,0.6238170316102589,0.03181154017957591,0.4977308712472455,0.011815878072209808,8.661567926104652,8.531973660912865,0.16633958351192457,0.001406104687641687,0.001289108296418066,9.617723521426015e-05,0.0007944967262709629,0.001011932518983837,6.618653534612666e-05,0.0016211487136762626,0.545893165745133,0.869123869262123,0.14592925245443783,1.9787580354841452
neutral_atom,5.037319245083528,4.908115265439541,0.23581655970960105,0.48126080013784683,0.46976262832109716,0.01911555681977545,0.4793710360539084,0.023404482869680276,0.45051030657544267,0.03312950089377693,3.429403048130611,3.758667777155639,0.22073603733631175,0.0062635205135221465,0.006248529089981882,0.0004536463662448978,0.005712306524516414,0.0004000445173345861,0.00011063384095128621,0.0003597727300190099,4.064720988920117,0.33394979659198903,0.2446006149968186,0.4337153158426584
neutral_atom,13.731701422173451,13.752397642722443,0.6203225704124568,1.7158614256733735,1.713278331711252,0.08066863020570815,1.7280309785857082,0.0908027688147682,1.6954043167466766,0.11996540645194753,2.516189727384127,2.5552327718205374,0.06166394088028938,0.005582381055169921,0.005523780345594624,0.00039851831457845714,4.969478509406057e-05,0.001739755810105736,0.0003792141120001346,0.00012912076668192477,0.03616560195438,1.4406606909605906,0.6530721873198813,0.1638036575753587
neutral_atom,5.485711722305567,5.729168581773946,0.24794916057454378,0.6572972740420097,0.6062050234263815,0.021898485899154305,0.6388989720185081,0.02844432743458509,0.558628513308353,0.018915400812965808,8.131878035313655,8.035535418401574,0.16615763582518017,0.005939282219081428,0.006359336082769258,0.000447187914201103,0.0005483927184844207,0.0007970799087183873,7.089330120707893e-06,0.00274583578845534,0.3846111121573896,0.6820736468088133,0.009306935388268232,3.2906784619118707
neutral_atom,1.265695196538359,1.3162711286939839,0.05798904055249753,1.1882694714512096,1.142681495117468,0.05401826748142566,1.1329704856415066,0.0574332716902433,1.1582138220584743,0.08709271707180122,3.431685428527394,3.3423675822089667,0.09330758718336325,0.002330013114496389,0.0022884758064851784,0.00016642781687143022,0.002231198019624956,0.0016755607271337518,0.0004277424103402746,0.0001762051614706484,1.53880805426637,1.4376872476246318,0.722570090510406,0.20607723962442354
neutral_atom,72.00904205403691,70.38205357438743,3.239010335621844,1.6912896597305818,1.5009780348526918,0.05398760315608485,1.5430917968208282,0.0827959727131987,1.4698279309796516,0.07120769753056079,2.5519418496340656,2.60895501480255,0.06269895491816646,0.007951394197665228,0.007965142217368996,0.0005771188739701308,0.00036322840690836676,0.0006412304816913678,0.0007012906180008749,0.00028825056934854193,0.25612114666408103,0.5483383829285075,1.2333557932105537,0.3145758625922268
neutral_atom,20.529611693960984,20.513947270803794,0.1613186619007581,2.59773772605948,2.6264907054503515,0.11014411148297498,2.6278974258225105,0.13257626836475064,2.6234479980456777,0.19588874156975608,1.2555170230112211,1.3127055942295576,0.038789988769021545,0.0010133886985540476,0.00095823874562433,7.061449776043741e-05,0.004116994285420894,0.0012048238045750809,0.0011123026037162457,0.0002364791152399442,2.6787802496386686,1.0093341246985044,1.5393953712936754,0.26582086005289735
neutral_atom,22.47057928370789,21.211350828099192,0.9611832140609785,0.7732967256933899,0.764309946544347,0.028908505320488203,0.7949028625340301,0.03585116156053133,0.7074453606143883,0.04887803462079084,6.773114204713331,6.797616024301815,0.13754191463314144,0.001151610961065918,0.0010251798764263553,7.736466653872214e-05,6.960983423170024e-07,0.0005207260087864029,0.0003841283098639446,3.260082321084665e-05,0.0005464722189721398,0.45353093926856747,0.7681904795499825,0.036645664647669295
neutral_atom,2.5156141392780818,2.505475605868974,0.07735502437296136,1.6632206230286193,1.6221266593402746,0.06947173507377123,1.6143585657190982,0.08383595197864915,1.639151570576525,0.12411249403738957,1.962213758127596,1.9725227539308126,0.06608703757094514,0.007056187210916902,0.006772769252161608,0.0004985333096102878,0.0012723740749996362,0.0004686575770426726,0.00033447149661111814,0.00034204061851888525,0.8788983033965514,0.441157367381409,0.5776921933838811,0.37468609956402643
neutral_atom,13.273367704134255,12.723529464160684,0.6115332636554892,0.49165693588225134,0.5192882944197976,0.029624229081152344,0.5025743491545215,0.027202029319791987,0.526487806268301,0.03543469936005078,5.1605320238598225,5.355569802954975,0.2047735584171129,0.0018192267518905734,0.0018872679663097746,0.00013436898709480788,0.004318621295412002,0.0046197306662149155,0.0001563099995602425,7.061869847847948e-05,3.3189915782685517,3.939406715223863,0.21067689003790746,0.0875936063555571
neutral_atom,1.9957284807919122,2.152208223270846,0.09845616331748834,0.6448737420912043,0.6641698529012907,0.027868947366760106,0.6513083370723972,0.03257151402850615,0.6993154200190953,0.05384273918029085,6.762444422121502,6.7813110541709065,0.1582255528006565,0.0011690357144917703,0.0011386619282193204,8.297324919880274e-05,0.0005114589924285571,0.0004328456985928322,0.00016431446359420118,0.0008567148075687373,0.344798877204706,0.3612105218335193,0.34970123694559196,0.9842590665511388
neutral_atom,1.3052929585043855,1.4563741220359183,0.059879838254596605,1.0470366647877076,0.9894556613575982,0.04050892279997611,0.9576070748648644,0.05024149298300639,1.0482094005977938,0.06832431505636712,4.469878959068046,4.529485556588589,0.10730518089890466,0.003749618900437871,0.0035530521972562926,0.00026165189689591903,0.0006884877528629281,0.0012371768690640618,0.00015172153197269057,0.0006396479468591326,0.44337391650708885,1.002490235234982,0.25077387888935676,0.8103165052515848
neutral_atom,2.6981551683778244,2.884953873687828,0.1321532673843739,0.9682252415595356,0.8984818587057423,0.027874790450933894,0.930282671061975,0.046412258686152175,0.8805387408614059,0.03486282306488458,3.949026597005472,3.9070487117873998,0.11312342912737888,0.004827662369805981,0.004565075854915576,0.0003378238555083355,0.0034407879793129713,0.00039981072208312616,0.00011692953349469253,0.0004933220195344247,2.2484182545039264,0.3565266419770578,0.16092900518705747,0.6125635768104732
neutral_atom,4.165500645736466,3.989541146840517,0.09790228226186287,0.5589042836130814,0.5626926970090601,0.014063922575610985,0.5217561662976501,0.027401892330382066,0.575812495439199,0.016161223072810434,3.638698315075345,3.5749215347580763,0.20687125590242275,0.009732235615530056,0.010364556509321578,0.0007300417471284298,0.0021735812808128863,0.001234258815559823,0.00012848388215278922,0.0006398401065003701,1.4495659019220475,1.0853534979877797,0.18078145699461504,0.6937096680300094
neutral_atom,15.514275598569208,15.482051792616955,0.7119023286677794,1.331062372446496,1.1845640744811912,0.03319999594559818,1.1435850817377733,0.04088412338935434,1.263908726327148,0.056889599989014265,4.1476150424397,4.2299747729049155,0.08756077282064269,0.004596561225827874,0.004934793841874245,0.0003470340538931221,0.0027167932845073867,0.0006118320981736834,0.00011254584249823605,0.0003955696727931233,2.0071337166200474,0.535771769789873,0.1983212563725725,0.42319093585170275
neutral_atom,1.5705889428705584,1.44391189559124,0.06925018718372851,1.1686196488985532,1.1109366054935084,0.04885251375524248,1.0916022719766658,0.05441767157944379,1.1912245973692395,0.0917181456982464,2.242374588092527,2.2718491067087876,0.09182784874669428,0.005151069948255547,0.005352862801937649,0.00037924033537601004,0.00023216789447030593,6.567800312236077e-05,0.0002927364985249475,0.0012835768475733364,0.14920140436727053,0.055853332539668475,0.473976336060427,1.4618094619706592
neutral_atom,1.3326015812205962,1.4075423071744781,0.06471493264385143,0.5836363754943003,0.560195576991868,0.0301428704059607,0.5657232394422027,0.02995429399188944,0.5559417697300042,0.040097371681815305,7.157778446126192,7.24686190512314,0.18694233594734389,0.005286214228548384,0.005230615698933205,0.00040032726651453566,0.0006918914370615834,0.002809516501871111,0.0007645152275313836,1.1355609941288695e-05,0.47206534080654783,2.328505901935805,1.0658112275793856,0.012348968767750448
neutral_atom,44.08136698156201,43.084504960522764,1.3759751860866292,0.7553000824183163,0.6856695216340263,0.029724675917739647,0.7042860222635219,0.03679447738344459,0.6506928584233057,0.050433928878734956,5.176809662954611,5.290638867478202,0.1482681260915275,0.003869826727248941,0.0038955278433291593,0.00027952556625437263,0.0008698659507663343,0.0006462555185677536,0.0003190512684306054,0.0005295713065364764,0.6030656857134437,0.5471909933823046,0.4402850820572183,0.6124570603461026
neutral_atom,25.7848735166028,26.022046212617866,1.14660021814732,0.3422108362807433,0.3256706489784982,0.008807358272629103,0.31362413981917125,0.016007620111588093,0.3309005124385481,0.005105322802573526,14.560586121334621,15.0452137201184,0.3288328325025493,0.0014951636495455763,0.0013913978083798283,0.00010325016240525925,0.001657857784429367,0.0010785307328362965,0.0009666727864039359,0.0033863898710210375,1.1517093320722298,0.9285295320774012,1.3207859221658165,4.268116444457935
neutral_atom,47.34265397369284,49.1264525095132,2.253077613039791,1.7643294708768222,1.8478066056114149,0.07772534619957037,1.86732851117615,0.0950521065797473,1.8084114244947946,0.13502748954046856,2.314377629455895,2.3369169603751705,0.0603361671931913,0.0018756541371644693,0.001735133006089092,0.00012892263628758987,0.001884891286306198,0.0010311474825853452,0.0013804300997530307,0.0006865901438176084,1.2067419816366927,0.9206209172304665,2.0516399302389323,0.9833339413124983
neutral_atom,4.016985360673475,4.307433309888753,0.1981916800655406,1.950842517012061,2.047349457551709,0.1205085655200441,1.879082859683849,0.09958013216019215,2.210967069170724,0.1285549687482741,0.8557869284552764,1.0236199337995646,0.05386000933665404,0.001973184894314,0.002191386785918798,0.0001525680952616867,0.0006678435589708499,0.0036523821214310176,2.9481605947099857e-05,0.0013293906865735339,0.5027136353999208,2.970619161455609,0.05659471713116585,1.7331923974486418
neutral_atom,21.126239524364735,20.854497890807334,0.7926667535239045,1.9717168008762287,1.8468123549482898,0.0869341373232483,1.775416519445536,0.08981130865127539,1.915912522319101,0.12195114802916682,1.9513337952605116,1.9567880501376091,0.06180892008168948,0.005830268850900119,0.005994149369372565,0.00042828809479398465,0.001015621073095117,0.0020390457080128694,4.615369332532425e-05,0.00023757086550278342,0.6551237798459469,1.905037451020722,0.08690255105044839,0.31427318285073214
neutral_atom,1.743772523275398,1.7055065941054668,0.05922870227474628,1.5668261532822612,1.5804273736059382,0.06702474633398058,1.513965915151156,0.08033716685691965,1.7326215189144512,0.12157115739521797,3.5609840777099735,3.5928182491881806,0.06613723661242715,0.00247249796186203,0.0022541962271577605,0.00016841549364564456,0.0007950341346514862,0.000910324526218404,0.0002261202186966238,0.0001847405781742671,0.5154426442350967,0.7857716060096487,0.4806968061752586,0.25924873880355614
neutral_atom,6.628949590959424,6.464670561291771,0.2893585241278488,0.8558681768913937,0.8091628576546614,0.036713908974714674,0.808763708328332,0.04054274914533585,0.8098341014768657,0.029207072415277167,2.888827485336294,3.003578123903666,0.12845269978731594,0.0010102764172396188,0.0009417549206477407,7.073257211956578e-05,1.5448147761250242e-05,0.0015630001610464719,0.0009274222972339352,0.003962745230263429,0.00979357303292662,1.307669167741564,1.2686158926744442,4.237338106733318
neutral_atom,97.4336772040738,87.65557138091746,2.9937226387048588,0.3679691394865074,0.3509540042160047,0.010964637919384585,0.3591227659873842,0.018271618605542782,0.3463568920855614,0.013706969754764538,11.320703297794608,11.402579710853178,0.29013305606981993,0.002114540676128464,0.0020325604376099995,0.0001487679293424478,0.0007519818464679848,0.0010183914888338543,0.00029458500867479644,0.0002872229832226479,0.4985603086893265,0.8468822551644379,0.4457696423249662,0.3344137950781779
neutral_atom,12.343047093637647,12.09120629542118,0.5383991486168533,0.6992447342558681,0.679004449937016,0.029067544707234383,0.7281370264990291,0.03713250886678611,0.6012499638745489,0.04671240753680073,1.895803593736426,1.8562758565129793,0.15530050548944266,0.0026778633000853146,0.0028977256789497626,0.000203302197632803,0.0010055125170602367,0.0007558602199182561,0.0003231873075027669,0.0005894279598307456,0.6480534619647558,0.7146016113253844,0.4121454257251529,0.6267946823527203
neutral_atom,10.88196727636821,10.487735681383716,0.4838537906373782,0.3716327490384664,0.37105079205621305,0.015570286645153439,0.3779561937513362,0.020250110452695178,0.36106408606696194,0.020985684658243412,7.632424318103174,7.550223411192318,0.2787233839841418,0.0013178302642899518,0.0014425136682522449,9.471369361759722e-05,0.00401667945459824,0.0006866214214744726,0.00047365442134912676,0.0011763237002212243,3.1294769947074874,0.5823226472470262,0.6708172221908532,1.346609967537072
neutral_atom,2.8124379795266736,2.881824419478933,0.1171831205235869,1.7404898876641977,1.7676025662143968,0.06632801082024187,1.7705823950945878,0.07659120483803751,1.7586651474402653,0.13264451398160895,2.9030912615088225,2.966099136777015,0.06035378144526456,0.001793154252931433,0.0016056158006604094,0.00012106667674782393,0.0009168551352817316,0.001084334418528391,0.0003545440402646119,0.0002769330508667149,0.6918540353355264,0.9153628665888325,0.5069166123786629,0.3541013409297262
neutral_atom,5.313766258887178,5.633842667631724,0.25542827505089727,2.314676446335854,2.2232707727122323,0.09367601464232495,2.1583457614704815,0.09233599324476914,2.2681452031916947,0.12182108269934022,0.507253061860163,0.46358394231506506,0.051727935902159926,0.00501131677076049,0.005346403763520001,0.0003768921517744339,0.001016753648169017,0.0028971748852587562,0.00026991312134412246,0.0003415559924974515,0.6853126591750835,2.518349160337452,0.3614472882165462,0.44843218766218934
neutral_atom,44.34330574528177,41.7858722960442,1.776590395358806,2.452770252370153,2.3325853113533674,0.07695453817669559,2.4375768303067553,0.10008144584027283,2.180725248385779,0.12036445374422096,0.9267562324246821,0.8906047778005876,0.04302342308510538,0.0074985145868130265,0.007072105268546683,0.0005211340850965962,0.0003373912671063744,0.0007488846851532393,8.357856626792023e-05,0.0001886378439033412,0.24784491067238246,0.6255314884747463,0.16027779477165005,0.2080288425660145
neutral_atom,2.1800365309836134,2.1142677127577683,0.08358977582127224,0.9352544890701049,0.9238532065395694,0.036886048317343136,0.8715725213159534,0.0463846784769039,1.013784781500362,0.06083591082644099,5.384801153444595,5.396803648305985,0.11388432894382158,0.0032532201619518905,0.0029578523388966663,0.00013436739526792121,0.0011654174672849212,0.000723759948885791,0.0004738584321196057,5.7746569741388005e-05,0.8226807908934708,0.5871587125069341,1.0264987427370222,0.07173134919185362
neutral_atom,1.630590107399117,1.7944143874745617,0.0840845995348469,1.5170773727269542,1.5639146469302212,0.0763636546617716,1.5415042241599728,0.08272179748203211,1.596433624540359,0.11955399948353619,3.720403194351768,3.606766179869457,0.06581559519441019,0.0015213322655150594,0.0014084308968776162,0.00010450870622297283,0.00012049848919369358,0.001659971149019207,3.297503792891815e-05,0.00017093208113902177,0.08280718551678382,1.4394661600713532,0.04657247382663322,0.2086058513870074
neutral_atom,60.989682089709326,59.221224902427856,2.7379594130041984,2.8876430249789506,2.728744854008484,0.12949174416622772,2.7499246126880577,0.14369422902362922,2.6954676437665728,0.20763870386116873,1.1305159018003765,1.0856036897295014,0.03699664194861872,0.003488006206967993,0.003524190380028968,0.0002643488121740399,0.002133438130043054,0.0016450381456731718,0.0006784456643937342,0.0006208641373069715,1.491689111776083,1.3289604676742726,1.2194745024731133,0.6909171118065865
neutral_atom,77.98411736926985,80.44215974761828,2.898685280245357,2.405864299278419,2.3744700326125483,0.12240364893337168,2.3122180060587962,0.1256071073133329,2.459481902857892,0.18826334106601833,1.9775871467274297,2.0018308199438786,0.04190401138213562,0.0019986848918801033,0.002095051934707217,0.00014858338725500707,0.0005380949890075381,0.0018544977758891271,9.060953785176176e-05,0.0006848222570797224,0.35519446923038733,1.6450421066796324,0.1745515028715171,0.7584894200994239
neutral_atom,28.01781042558441,25.016223837349944,0.976187570518566,0.3935735917447397,0.3268531234522094,0.014308641179371192,0.3232822805167772,0.014669657981683707,0.39673542938763284,0.030714313337426503,8.95172977126602,9.189089603530645,0.30989077234127316,0.006882720151515396,0.006949307491671045,0.0004963788901691176,0.001125351033901848,0.0005464355594988795,3.516051925802092e-05,0.0036273856843815756,0.8631933474376833,0.5023520615641877,0.04714378445640749,4.464315046756944
neutral_atom,1.7009682953757372,1.6278834945142981,0.0667985609582682,0.7498039799333148,0.7087982180947082,0.03504660155118304,0.692192312813668,0.036163525219794594,0.73515315934449,0.05637039111056706,7.2705085824969125,7.15074060084323,0.13588639807346883,0.0018561029813320693,0.0018565401702924688,0.000133951517664617,0.0020362758435335626,0.0017307979543913505,0.0015881013015524778,0.0005702678865090442,1.7381166430783255,1.5309502652073934,2.1897518784128294,0.6356312542554313
neutral_atom,5.628112574932363,6.251627607235012,0.12133740932412096,0.9919061197703495,0.9591492085164409,0.04143972221861131,0.9439301317450918,0.03968915522706967,1.0296851101394011,0.07957023729950327,4.238831851101503,4.284889024554988,0.11734695578076358,0.0012411284212340882,0.0013644086209497932,9.529880946118017e-05,0.014333272580334176,0.0014780144362278556,0.0010868271744182202,0.0013802530328506032,9.27940105466467,1.325375934299915,1.7592056849628668,1.52828165028191
superconducting,0.0002887357640642914,0.0003029899658298422,1.3681485271860505e-05,4.346607374911452e-05,4.0564851027489364e-05,1.5044466533109175e-06,4.0994419982971226e-05,2.0736155944079365e-06,4.008743456764319e-05,2.186052060531796e-06,87129.1768113584,85526.08809822031,2430.5922457454744,0.000106184002918917,0.00031700518400099964,2.680510944838747e-05,0.0033949531287207247,0.0006273791402812869,0.0023253392692605505,0.00026157542572271294,2.3028305191128133,0.5311382743825719,2.4567897867206723,0.33401790496692885
superconducting,0.00015190567366515982,0.00015168256961731264,7.2920626726201045e-06,0.00010492810989735164,9.851548423517981e-05,4.390176117210107e-06,9.836709631102575e-05,4.950296892779457e-06,9.872871407010432e-05,6.853423011050452e-06,28885.556445086455,27545.43336877873,1049.1211653028624,0.00022032889610150698,0.0002657742673564483,2.219600050745202e-05,0.0001415732031607171,0.00162451243671247,0.006022501957404473,0.00012431255765741413,0.10576991081892068,1.3338382664357396,8.210773596750249,0.15357291498146092
superconducting,0.00022433004384035486,0.00022193346721883416,9.275397656163562e-06,0.00013487582496223176,0.0001419262856387937,6.399958690520561e-06,0.0001440548514362589,7.523598640539769e-06,0.00013635360645236885,8.469285404175485e-06,17727.657930321395,17895.233585432925,745.2330356752171,0.001446741118056417,0.001634040026827026,0.00011378529511756496,0.00029649485913131515,0.0007060553481615544,0.0005675329563833165,0.0016720755447725544,0.18723423525684046,0.5831957842084947,0.7661419758131498,2.0660206805671617
superconducting,0.00021503986395112411,0.00020618010087904094,9.4975992266123e-06,3.714169107890689e-05,3.514554410612102e-05,1.8694627741833713e-06,3.8401236858631315e-05,1.885771282009628e-06,3.268855949414019e-05,2.4752768003790235e-06,146375.07100103915,147828.3289713599,2785.1857608817695,0.00025230106759534064,0.0005079528916499542,3.204026491197651e-05,0.002156673861782951,0.002739768777078777,0.001317191714118719,0.0007517458700603256,1.3731405731479718,2.285035062753963,1.6702694350740963,1.000880861258767
superconducting,0.00034822552904591344,0.00032817666420709895,1.5426103635268476e-05,0.00010642448549938418,9.78382703415541e-05,5.838597179638025e-06,0.00010371997007409054,5.189740822953077e-06,9.646161816015812e-05,6.48598737156663e-06,35841.66541387427,38179.24731337864,943.7763805098494,0.00042818865944366545,0.0006107379495199262,4.017642617286416e-05,0.0005396330109365488,0.00794197552095998,0.00015036588883054542,2.2258966040234538e-05,0.4110664205909113,6.6732820436965286,0.23066025773884308,0.025030462266948085
superconducting,0.0003817177339419873,0.00038405393266221935,1.696464252663408e-05,0.00015826902277710718,0.00013938627817150707,5.618664344616749e-06,0.00014434932331297597,7.309591855661334e-06,0.0001322190791861059,8.784028706371665e-06,10534.774635635385,10209.837955767032,708.0038570690019,0.00011064424459366735,0.00019023735386943473,1.1959511704375282e-05,2.3872235522772774e-05,0.00042519884881617024,0.001454202958004386,0.00044418977118504724,0.01719825271523711,0.35484972589946884,1.9809943968717874,0.5479086010098568
superconducting,0.0003235836281525911,0.00031811848719822793,1.3692568861605201e-05,5.506164958018512e-05,5.014447791841482e-05,2.1128862177888304e-06,5.3090358558439756e-05,2.8153611466015506e-06,4.634569882235963e-05,1.809395900518344e-06,65814.33023732985,65339.21938767195,1909.3768050623103,0.0002784503757726887,0.0005271150259793761,3.336852084312313e-05,0.0012014147802090697,0.0004787323761375396,0.0018363658749253704,0.0029540570712050943,0.985786058124729,0.3968594390798959,2.4013105424868257,3.121978549871158
superconducting,9.619832393549978e-05,9.566269314310477e-05,3.1964538428211496e-06,7.08526053903371e-05,6.982288578589671e-05,5.517946609039469e-06,7.296944803047332e-05,3.7206301144635017e-06,6.573467122041939e-05,4.284779690503567e-06,23571.346428682256,26036.62321063801,1567.1110591626966,0.0005279753022239225,0.0006553447631298236,4.49100992558113e-05,0.0006813916334684193,0.004537962048396138,0.0006303940724981776,0.0029447432599236972,0.4637071391850414,3.8923640330108156,0.7633390423816455,3.8131755959320834
superconducting,0.00018925602752718025,0.00019201210592574718,8.535428679665972e-06,9.153328791456297e-05,8.369731999292067e-05,3.879067264801841e-06,8.945949320088401e-05,4.373597094889662e-06,7.654684041932855e-05,5.806867181474964e-06,32844.99480900751,32836.241254564746,1235.4155135919598,0.0002485808830688034,0.00037978441263536374,2.4671535797040963e-05,0.00055297718229559,0.0014522550553939006,0.0009417121130121607,0.00019034378392056704,0.3885155574259591,1.4205527950768055,1.0481444555524826,0.2414037137297318
superconducting,0.0001098604294901935,0.00011298649030718378,3.403131153742882e-06,8.32674467571722e-05,7.65645031444749e-05,3.003925889948578e-06,7.976075111718673e-05,3.484828358679355e-06,7.196610394491783e-05,4.691019215273857e-06,45121.970363787696,43386.60841491588,1230.959933034076,0.00012483860219229413,0.00017086554975599862,6.34881025866239e-06,0.0011146724139397446,0.00146858185620516,0.0012216613847011134,0.0006555396499537989,0.7230821102670382,1.2595210611516012,1.4614939725715184,0.8164453248663474
superconducting,0.00010651888510630312,0.00011040441266725717,3.8051558978495347e-06,7.927586304431137e-05,7.818509265322668e-05,3.720901809494544e-06,7.798990709626277e-05,3.5536246022483876e-06,7.843924187252772e-05,5.6455906678583365e-06,18988.103695349113,19940.39577842569,1410.2868507766336,0.0012790159670190576,0.0014532938715775734,9.64510700143977e-05,0.0016372501996820906,0.002289139675722413,0.0005971123331462361,0.0006509125218920389,1.1169599914956743,1.9383606090957,0.7390277276779381,0.8335916217400616
superconducting,0.00018255362951566931,0.0001829965992925301,8.431500465236464e-06,8.32982418606189e-05,8.76177541680241e-05,4.400894186916576e-06,9.292649058829573e-05,3.6012744665595005e-06,7.882546320480636e-05,6.022615463350845e-06,21807.00471537844,20131.15107506876,1186.1207110056253,0.0006258147813161902,0.0007269599988248708,5.028441663902181e-05,0.000200334187955875,0.0029849194159272114,0.0003931157502811657,0.0011972497162790483,0.1386907533444832,2.395069465235351,0.6156716422964013,1.4183100378392206
superconducting,8.126763639155806e-05,9.145876517711953e-05,9.496303192968065e-07,8.424396257471037e-05,7.867436635725585e-05,3.513896130160838e-06,7.999311069050631e-05,3.919060893036544e-06,7.326750596116358e-05,5.316078384073176e-06,56456.19244554145,55050.28687875237,1239.4496767087246,0.0003909172665659238,0.00048091202549542094,3.2737683136804634e-05,0.009016155625872331,0.00025187709186815047,0.0014904214989150942,0.0017824147910101644,5.690362124714769,0.21594110494129154,2.1147723672248366,2.2282597784794627
superconducting,0.00032423905213605495,0.00031761328773418675,1.329391937749184e-05,0.00013960808398846947,0.00014373386454517197,7.514218590713381e-06,0.0001438792495266619,7.712525117691138e-06,0.0001435936278585241,1.0532212854306814e-05,14380.805696274885,13386.042366750773,731.6055126371015,0.0002623420789634416,0.00033176178572245533,2.6448426465640544e-05,0.0002823883714676734,0.002297469924427338,0.0015402754483864736,7.410763087236486e-05,0.17824065773853218,1.9333210320580734,1.9138192754995282,0.08193837306954602
superconducting,8.406514630868209e-05,9.177038633525805e-05,2.2567025683358506e-06,6.401296075994013e-05,6.326879613546841e-05,2.6808084734813425e-06,6.32411558960727e-05,2.7139561836169815e-06,6.33392732865396e-05,3.850189607621031e-06,79774.92094527905,80792.71369394244,1692.2324231937598,0.0006152921549039016,0.0008115054335518773,5.4276102291837246e-05,0.004057872156937468,0.0015871144655348437,0.00023500827598946884,0.0014487624770654647,2.644818675012006,1.3583871376445233,0.392216944404655,1.7209629838493126
superconducting,0.0003448890633805412,0.0003653866588219292,1.5799101505545596e-05,0.00010181484641050628,0.00010207113908594683,4.100977034960259e-06,0.00010481440299821168,4.737691760101521e-06,9.387309006392203e-05,7.284718569937107e-06,33350.0794835561,32761.59906415226,1037.3527222845096,0.00014441912455685017,0.00022644274967906602,1.7118550550243115e-05,0.0011612055076567224,0.0007703639040875075,0.0009228140480127442,0.0011704224952124686,0.7609454972677638,0.6543586577209208,1.2113819804349961,1.264011330748941
superconducting,0.00037423554851189833,0.0003547232960191553,1.580295850058907e-05,0.0001457121720648877,0.00015507852520672,6.821763393998594e-06,0.00015990520041090823,7.762967472201102e-06,0.0001387156672588761,7.605318698459251e-06,33500.48832168103,34058.45612902497,672.2179654375252,0.0007533426687527585,0.000721023888459838,5.3237304390339125e-05,0.0010374475584213816,0.00019965624719146601,0.00018922188909823711,0.0030912012704455453,0.8410104917424254,0.1739956307318869,0.39740318253827595,3.532090170734892
superconducting,0.00029985229141592826,0.0003056227974543033,1.2919637156073275e-05,0.00011341803556589739,0.00010140346578600675,4.352231115095542e-06,0.0001044136942810259,5.3817767501475544e-06,9.571380903258028e-05,7.3989310537584734e-06,25906.819189846792,25406.757248355385,976.9024091323274,0.0003331991461296626,0.0004546701332681582,3.0183958369069378e-05,0.0015977200390548077,0.0005008071940029919,0.003907064933526831,0.0003966986415158341,1.233434445962972,0.41656390814116095,6.423490554449617,0.4206421735797
superconducting,0.00023562993213509584,0.00023133671614118136,1.0582666418362766e-05,0.00013081316344747154,0.00013386426699745982,4.358611699038158e-06,0.00013367463217644747,5.901956649864849e-06,0.00013409176627581486,6.46438157731006e-06,26029.863463112182,25637.310679002352,775.4254916344345,0.0006833538732235805,0.0007254641309508896,5.159020963437007e-05,0.0004993568729490661,0.0007443286027218309,0.00023381078442595275,0.0002574765965837499,0.3424848316245796,0.6212216158109622,0.45755571381204946,0.312475026684871
superconducting,0.0002516689385321133,0.00024150937429436093,1.12513927152292e-05,0.00011663094167449522,0.00011919681543446502,5.039273377111314e-06,0.0001228017153395551,5.634852849793276e-06,0.000112401374212332,7.806032955399976e-06,18209.977108994615,17926.404213442755,912.7012277352243,0.0008010591253123942,0.0007975656171221616,5.79485572237025e-05,0.00032066621908684756,0.001432412526061548,0.00022346068941254542,0.0009340773236962232,0.2195488088260536,1.2240540741514594,0.3736625283285722,1.2023459676796118
superconducting,0.0003766191154934363,0.00039144023732747625,1.7536784470806226e-05,6.89914893021312e-05,6.609863039496773e-05,3.19696680364722e-06,6.807707367649578e-05,3.5011236098124463e-06,6.425421437621597e-05,4.443963483433399e-06,34851.561597006585,37532.23629757414,1469.9973595897109,0.0007182977273831455,0.0008067593489387569,5.6310620959756936e-05,0.0018491245349135038,0.0020283608575792774,7.819356976952036e-05,0.00019569704216443052,1.1795336014352051,1.7281872388394106,0.14440214026546053,0.23940283647626903
superconducting,0.00039783231801514615,0.0004012946556003172,1.8853319881096028e-05,0.00012530334506314142,0.00011792903772045929,6.5087262247588385e-06,0.00011672874635246223,6.118715247423658e-06,0.00011988448161575672,9.041900534435215e-06,35279.94114254131,34457.12968536574,795.3944554352207,0.00023370012708465857,0.0003282102087723358,2.1656774160392737e-05,0.00034454730598161267,0.0020987818464618642,0.0029118126954012584,0.0011136796321373466,0.23503620975268774,1.8261091245686907,3.8629150322084103,1.3623429166497552
superconducting,0.00032084833402247807,0.0003369679955059365,1.541020761699231e-05,8.506066883925234e-05,8.557905696649393e-05,3.597220392077997e-06,8.998588254669665e-05,4.450357572676496e-06,7.727336361274258e-05,5.343234442407109e-06,27412.34172506926,26487.406965660983,1238.657944142499,0.0016371000394539586,0.0016737687981194399,0.0001204111676697923,0.005600861216756239,0.0010078280919674544,0.0013369964062298033,0.001068702752447899,4.0012234006010035,0.8926926782440304,1.7311512845270267,1.30746895195084
superconducting,0.0003138203897751526,0.00031149788143113147,1.4942469173167997e-05,6.483507950759057e-05,6.339478982381128e-05,2.6449013520577538e-06,6.371389065946174e-05,3.289061555623313e-06,6.281079609832324e-05,4.449509324676609e-06,71355.22090948274,70069.61342186894,1620.9807847602603,0.00019238444390051515,0.00037638070360551413,2.3782550893879332e-05,0.0002814143693823547,0.0009971512614370239,0.00011009391336515978,0.0003042116929087483,0.21899691318010117,0.8109849794588119,0.12788341271420345,0.40043215563655454
superconducting,0.0003824690440149716,0.0004200452440694959,1.980761096178347e-05,0.00010324563082089077,0.00010077435637755984,3.7186883772783356e-06,0.0001005670971310547,4.1059784484857775e-06,0.00010172013886918644,7.854833412481918e-06,30837.920716696644,32011.513118539926,1041.8577831816528,0.0002561911572172938,0.0003464995298175624,2.3051120962847913e-05,0.0005031659876984552,0.000256580161672906,0.0010489052507702324,0.0011368028672685984,0.35066084382428037,0.22999770938132275,1.724413967509612,1.2469146528551414
superconducting,0.0002848898122631409,0.00028703871410449384,9.312896353166738e-06,0.0001408140878674847,0.00013505020948718273,7.814425413944765e-06,0.00013916543999486697,6.8002216217032086e-06,0.0001327623991268388,9.45773492316287e-06,36289.109837100004,35115.474276309506,721.855704442508,0.0009387387752934724,0.0011123540526943585,7.646408364748093e-05,0.0029252556339262855,0.004530294964483277,0.00014826934340435823,0.0008375377104205294,1.842154490862834,3.6958489954908145,0.26424626719781513,1.0622137835285907
superconducting,0.0003228272934069001,0.00033536185202663767,9.926070519639688e-06,9.31559116582363e-05,8.536709230066129e-05,2.3294591649214956e-06,8.660795826459572e-05,2.456724824298506e-06,7.43127106563485e-05,5.120077963363056e-06,34149.33001673015,34243.9082262489,1174.258975409854,0.0017396864476180033,0.0016454489488878486,0.00012213795604750947,0.0013164836393801233,0.0006266578405321869,0.0006170873886897224,0.0017233656948686853,0.8864327313337099,0.5234494455691451,0.8734067395432314,2.0510179550718712
superconducting,0.00029715125099136333,0.0003291308123219242,1.5499371788058722e-05,0.00012640379631493533,0.00012633669115303664,5.5322464135084526e-06,0.00012148986892146745,5.411766192173757e-06,0.00013563514062269605,9.451018584569688e-06,26246.010437572782,25406.62682223591,874.1953964951042,0.0005537803445852383,0.0006443126327164375,4.4546149931923156e-05,0.000174153614334004,0.0019107394286282885,1.8916623121645466e-06,0.00010324731984414628,0.11897039276215624,1.589738674770333,0.0028991719172926293,0.1371532441999976
superconducting,0.00037244281189047565,0.00035666460208147476,1.5816840363327783e-05,0.0001042876545657626,0.0001011039017667817,4.369786652390811e-06,0.00010097072563482992,5.429270731490686e-06,0.00010134884651285136,7.363128236076106e-06,52538.34885133004,52077.03742620567,979.1271843766953,0.0005012103254333948,0.0006621167621850822,4.427003915269952e-05,3.4482777565214364e-05,0.0011255444470682607,0.00047228946840434556,5.065471380245133e-05,0.021889387982143196,0.9620917574320943,0.7631012788185364,0.05625531849454671
superconducting,0.0002885787545192047,0.0003167231620824785,1.5228809009894265e-05,9.134050359946878e-05,9.443800157259102e-05,5.461669241917226e-06,9.1334561220096e-05,4.919305905979762e-06,9.671338359365113e-05,7.190304717977639e-06,17309.701247615412,18668.19094211438,1133.4249986587529,0.0001542678638277471,0.0002867623927308252,2.211377440975857e-05,0.0007441091495174234,0.003589887156312731,0.0010533374281305446,0.0002383776775036057,0.5376255004224676,2.91390918382344,1.3431472313723831,0.3396260498701585
superconducting,0.00017740311979213741,0.0001741131831628227,6.327000962671988e-06,3.722960171641459e-05,3.6305559534330624e-05,1.5856462630885619e-06,3.591054438037273e-05,1.904372859629061e-06,3.719841315010414e-05,1.6019550749488782e-06,49750.576611116165,52393.57633634324,2870.163012259961,0.0012689738697211725,0.001562283225439944,0.00010622654104068221,0.00046075680874722966,0.001118789989844865,0.00013171726783486437,0.002952881073005161,0.32915544711327405,0.9007409138553755,0.20631977156309023,3.1942566427607915
superconducting,0.0002374444919899262,0.00024502961801502855,1.1435539791195603e-05,0.00010947771248932804,0.00011270370445778367,5.5466154830346325e-06,0.0001137208169448686,6.139042482028368e-06,0.00011127126527923742,7.023685834108695e-06,15594.866010196785,15690.890859014748,967.6846608170243,0.00011284557930961723,0.0002081367350502693,9.232716306668857e-06,0.0005477545571711267,0.001624182864659022,0.0008110348562763465,0.0012287234356247586,0.4224851070833451,1.3959351883518998,0.9091118791721455,1.50190886917487
superconducting,0.00038713969554626446,0.00039006266912752465,1.447453566188638e-05,0.00011684189596465917,0.00010978576377053634,4.38436815175269e-06,0.0001144823524251549,5.842807659912256e-06,0.00010373301830537413,6.632947091714643e-06,40666.65128666194,40691.99043526987,896.1719582806741,0.001636059617293204,0.0018573650759060227,0.0001291082510035303,0.001809656307143343,0.0008436848738611752,0.0001341992607178511,0.0002886221142404734,1.142567384752502,0.7148623951349744,0.25055308942556737,0.3168093298225419
superconducting,0.00012682342782309756,0.00013165448655209653,3.396662608617178e-06,8.993551872292483e-05,9.513837266974562e-05,3.546019939116677e-06,9.708962343162085e-05,4.4665205270706815e-06,9.18117685110377e-05,5.831944125809276e-06,21027.0803490579,21933.770023656263,1115.0070462996787,0.0011127926588213439,0.0012449519665761412,8.697301221116706e-05,0.002503729479164275,0.00023347427742977358,0.00010384312795414084,5.270253265817416e-05,1.6059662977212052,0.19928195497673026,0.18522643083468743,0.05775077376427766
superconducting,0.00010918386300741305,0.0001156578325773958,3.406343876881242e-06,8.657146426884599e-05,8.074002997245462e-05,3.224184780390567e-06,8.253284569691922e-05,4.36283520138642e-06,7.858271349345216e-05,4.785837107163435e-06,49327.72040866781,50894.665220706986,1212.6716224261252,0.00042000002731275944,0.000511886431837472,2.9516001721631396e-05,0.0030173028872848787,0.00038126979219233484,0.0014098844686034457,0.00014471089116716363,2.005125748166972,0.32692524033707493,1.7387146066959365,0.18418761625459867
superconducting,0.0003510757959469103,0.0003583122198063188,1.6412208464990016e-05,0.00011805929728973096,0.00011451267630306747,4.6959449066413025e-06,0.00011144255596158023,5.766339962189252e-06,0.00012055815576492096,8.091665452446859e-06,46892.51065144365,47751.451881921006,923.6983918408025,0.0012055097418074477,0.001330457378916163,9.348414738361248e-05,0.003323575643097775,0.0006992261734553504,0.0004663900945143601,0.00010668083837946091,2.260473343663852,0.5914827653123516,0.6637401877091055,0.1454193652010633
superconducting,0.0003964642709630111,0.00044158363922850406,8.422489888862698e-06,9.10261606763109e-05,9.069007309246122e-05,3.881723661491461e-06,9.4654829478369e-05,4.513102961557487e-06,7.941904151379692e-05,6.213810220873576e-06,28843.670680029798,29199.509147242796,1124.3134267187145,0.00020632952802699157,0.00032897234875926113,2.1232669868920986e-05,0.0063038724327764105,0.0007443328121422986,0.0003034806202215158,0.0013940232018181233,4.0494616120682805,0.6193230917511919,0.3955268321747323,1.4996215482913668
superconducting,0.0003379974790874085,0.0003626999380256821,1.226824786614946e-05,6.528580247693727e-05,6.0264560576389633e-05,3.3344476473437094e-06,6.0259934499239723e-05,3.075031583298415e-06,6.0268919812613235e-05,4.647122080697057e-06,47387.174424525074,46242.78788946285,1745.3574538714772,0.0001688652029405536,0.000317060620792974,2.4420866573460664e-05,0.0007238035873405893,0.002916543986631486,0.0011882362912559294,0.0006564957114389452,0.4784912176454652,2.42365873893659,1.2695128567680851,0.7494455884642118
superconducting,0.00020537232748548805,0.00020686154299142488,8.480371670785843e-06,4.698341949728292e-05,4.677673596425314e-05,2.4392679064248174e-06,4.7150060167922207e-05,2.4056886361540443e-06,4.6380065012315064e-05,3.5031636394295157e-06,35214.850509880765,35844.162714425176,2449.3042368267743,0.0017665381600142722,0.001757955744446191,0.0001278255771452313,0.0007775409713537207,0.0021477103995980545,0.0006607216154129283,0.0002451304453170409,0.5486356096961287,1.995711521526872,0.9976456203051678,0.2795001904427918
superconducting,0.0001590189447412983,0.00016327153608433905,6.851362975184617e-06,4.446954567529547e-05,4.289785101535777e-05,1.2277529346092738e-06,4.4058554890090586e-05,1.471327224764131e-06,4.185143250722835e-05,1.6930253903203802e-06,106199.92338718919,105056.34738917167,2551.929544425187,0.0005369504977576499,0.000762220368297442,3.876972065349568e-05,0.000513066784712828,0.0016715095940238625,0.0002092524368155277,0.0004825225745844908,0.3271989261300379,1.4686706711836488,0.2501159743689698,0.6152150995632413
superconducting,0.00029442169152344615,0.0003117101817366594,1.4561730087926513e-05,8.830635253905775e-05,7.50803115440792e-05,3.614725985046907e-06,7.828067851802973e-05,4.192938339777874e-06,7.256624948936378e-05,4.830164400178888e-06,13162.151464990127,11197.553272786172,1231.3303142579116,0.0010495119077783758,0.0010919717453939924,7.816542362452613e-05,4.541903400477089e-05,0.002084496560800093,0.0001902061230868097,8.31302421971215e-05,0.03223228533035916,1.689315086815435,0.2565328679575724,0.10132329608058652
superconducting,0.00021040764647700248,0.00021439656259369748,8.138341664224305e-06,5.1385853085798756e-05,5.05772469241927e-05,2.4349627279927925e-06,5.0870984173485464e-05,2.698736277722798e-06,5.0070946476046246e-05,2.251948504522213e-06,34494.17597019799,34831.779397566606,2212.4993875516834,0.00015557247262672634,0.00034706820585946816,2.1834312295899998e-05,0.001117367966816356,0.001439221240986737,0.0004535012110234945,0.002937917663804227,0.8126830486433366,1.286369934308241,0.5578587370352394,3.184337951367001
superconducting,0.00017575943876355093,0.0001967395704099792,9.469027067998749e-06,7.34333417749594e-05,7.49958666820202e-05,2.8345471748977185e-06,7.815802331831662e-05,3.971142177210731e-06,7.233650232433457e-05,3.846008448310514e-06,51607.1305272561,49214.08208791188,1419.2400872720443,0.0005694040244459658,0.0007303165783083623,4.918902927376942e-05,0.0007858488732850285,0.001290244124850279,0.0004623189610278521,0.0008355102624448357,0.5613537931790707,1.115308803682018,0.7700631432369416,0.9171846794478975
superconducting,0.0003499231383042361,0.0003734252587895663,1.7556828610012845e-05,0.00015346568861920523,0.00014725015459998703,6.595869011045156e-06,0.00014388718061996046,7.5520722794305e-06,0.00015806509371744872,8.767626191604814e-06,10387.788490917046,10389.536826885684,688.8638880744392,0.00048465820163995295,0.0005663389907325781,1.6983877280768273e-05,0.00027268387985058515,0.0005742470671539065,0.0004140881790354749,0.002013089862252861,0.19250491624325802,0.4711994335238822,0.4953195305865816,2.385990976108707
superconducting,9.564908666385603e-05,9.14709285777171e-05,4.345362680815081e-06,9.136070150193387e-05,8.531840047485674e-05,3.2025749951309747e-06,8.695355672235828e-05,4.261461703533807e-06,8.319645308534777e-05,4.854519689869555e-06,48517.102636308475,48007.14016014216,1152.7403704881133,0.0006663187793675237,0.000629624025975618,3.809937001947916e-05,0.0005575432434572422,0.000730605014194341,0.0003585538368147079,0.0001880217646629303,0.432543025705616,0.594383868503412,0.5696099367787616,0.2133950021021327
superconducting,8.100804888490835e-05,7.867295566263913e-05,3.6191271678509236e-06,8.451349689465315e-05,8.233645025678617e-05,3.4759995160510424e-06,8.47029994239007e-05,4.507980990385631e-06,7.886601795202505e-05,5.459037766226253e-06,42279.05412370545,42825.29804581666,1180.362887829,0.0008665873187564992,0.0009969166464342029,6.907594542940605e-05,0.002659588707181226,0.0007399781766522888,0.0013924756781016842,2.699517141064376e-05,1.6865842712990469,0.6807751332486571,1.941331547131565,0.03566047533272501
superconducting,0.0002980995176320416,0.0002912779363336251,1.3390219081429305e-05,0.00011005247379901234,9.707455634844234e-05,4.239895839665293e-06,0.00010588474266989768,5.2989526550536285e-06,8.604155923175285e-05,6.363093642103123e-06,10541.044198687197,11249.038453643327,1035.530729312177,0.0003802368224786033,0.00044979290075519945,3.094048169774754e-05,0.0021383151515540887,0.0013176389661018345,0.0001273650479949602,0.00016933374832397708,1.4268089315034136,1.1514580998809607,0.17450427361171997,0.20248866822596617
superconducting,0.0002896812651424697,0.00027191118655458716,1.1334492136770536e-05,0.0001471769396554436,0.00012839509684562834,7.82145519378627e-06,0.00014128141702497902,7.673244929458301e-06,0.00012361808455331659,9.157130946670796e-06,11583.008675680176,10800.44357882189,713.2582294206022,0.0003682911362364435,0.00040804355786757887,3.163744625981078e-05,0.00315459849641608,0.0046464795275270926,0.0010110091412197774,0.0005337021682609204,2.7903610704932795,3.8417870308352904,1.299277495683718,0.6740479369872306
superconducting,0.00028382450268235224,0.00029330902088035843,1.3424559100527474e-05,9.274838897715722e-05,8.486117142585025e-05,5.13329872026898e-06,9.387914318360114e-05,4.708388410465683e-06,8.160185906177669e-05,5.9895370475100615e-06,19296.157491043334,17333.52536069094,1110.8223112947962,0.00016401709447521817,0.00028784748927825467,1.83532788258254e-05,0.0024217048748673546,0.005553769302674313,2.4731491741795294e-05,0.0004100444028141507,1.7623318327847395,4.477389059601472,0.026479537381346417,0.4946566783451608
superconducting,0.0003422006207608875,0.0003696472964074734,1.2928177196710991e-05,0.0001001763193895728,9.931079861074653e-05,4.9776276775076945e-06,0.00010161698754006445,5.185467842570891e-06,9.709425463705125e-05,6.970684673447351e-06,16670.675606892888,15889.382034879687,1168.5929387924673,0.0009535570922722998,0.001059843953703104,7.424973927893622e-05,0.0032896696501625933,0.00198840486805297,0.00024782784810240026,0.00012050360151615487,2.2036020968232837,1.8801544003654922,0.3429973319271751,0.16439022354834532
superconducting,0.00010691369809275942,0.00011083931814104893,5.2626670509964234e-06,9.651395512171615e-05,9.818279769405067e-05,4.205882621723355e-06,9.815168749601784e-05,4.39596425651839e-06,9.851937529157399e-05,7.59729825220938e-06,16351.954578485023,15144.35879426265,1098.9954186024677,0.00036808522345404795,0.0004446060359738628,3.0415269227754375e-05,0.0006766527473867438,0.0011199589984364116,0.0004186496632604944,0.0028938223333249257,0.4614972172302647,0.9471004550416291,0.6664129178960068,3.622199641850449
superconducting,0.00015577143924725114,0.00016164277586152561,7.486197033970891e-06,0.00011633918343132529,0.00011237459557103244,4.816998324544901e-06,0.0001111814644302049,5.759934030769671e-06,0.00011515046710398118,8.785633867262579e-06,30627.742835046927,30294.14860342587,923.3635582664277,0.00014166917682145594,0.00019731547816576227,1.606744969169904e-05,0.00042441707257516757,0.00037390212689838325,0.0045646143223034424,0.0005617444164552473,0.3103774971964298,0.30532362788536027,5.5957288470518565,0.7183231053259012
superconducting,0.0001688551102774617,0.00017059031434003995,5.17490195189732e-06,6.99038580699171e-05,7.317063693255531e-05,2.452070889301758e-06,7.367169129210823e-05,2.7750019048459448e-06,7.138586560040797e-05,5.237356704560597e-06,19297.789110382386,19244.35751585409,1531.7906559249748,0.00011607874198219135,0.00022411746195385204,1.8327916008581882e-05,0.0010412174747243266,0.0006269362328577685,0.007308454234272564,0.0005071267529081454,0.6980198332901592,0.5711448173389794,8.097005685975098,0.6374036264691
superconducting,0.00018746643900945182,0.00018476027255601995,7.915690020259531e-06,9.407302734945917e-05,8.850255226808436e-05,4.394216372791288e-06,9.039286443665588e-05,4.797091299902018e-06,8.760412038439037e-05,5.337267887769909e-06,53008.050817664094,54635.624649908495,1095.708184025321,0.0018421103395511154,0.001894657085570357,8.784907217501068e-05,0.00024051514146375234,0.003210198773324117,0.0003441403901388559,0.0006477199698446481,0.17545650356907522,2.6045362641146674,0.44310398318100885,0.7304656566113747
superconducting,0.00023575049039121316,0.000252276567409905,1.1529199482448647e-05,0.00012507237532012572,0.000128741891729854,5.571341014977727e-06,0.0001289284083835641,6.363980680782552e-06,0.0001281299259073283,9.73772883406985e-06,16528.44671651913,15619.601413416558,781.8147939310682,0.0002836974915139144,0.00035838939765846115,2.42252791763234e-05,0.002636890616829525,0.001154057131728215,0.0008736660890952309,0.0011469195022235559,1.8802299340863247,0.9998589193274487,1.21685460025172,1.4013670596904726
superconducting,9.81074331715355e-05,0.00011013013641080614,3.754953281945116e-06,6.24058362703162e-05,6.350356705100205e-05,3.4827415761652444e-06,6.556411020709674e-05,3.380979501880265e-06,6.196506221186609e-05,4.60282233853142e-06,43092.18604618238,44508.20550636782,1528.705793433921,0.0004924900172133214,0.0006668245754429907,5.29327126969302e-05,0.001559825321720556,0.002744957627235082,0.00300132692912238,0.00013169659529593803,1.03732952286679,2.4822538734504187,3.706625268207603,0.17096536579150126
superconducting,0.00024871593097826864,0.00026336780870931086,9.692121175504684e-06,9.74338654040628e-05,8.63096108666385e-05,4.1692984452585486e-06,9.578630029989553e-05,5.114066939750567e-06,8.394926618820008e-05,4.6596801749562256e-06,30601.780644217557,32524.522661138853,1111.390585284346,0.0002186960959917951,0.0003220880047136231,2.1063115831097238e-05,0.000546018057338075,0.004098519139567476,9.822377632602439e-05,0.0003011483332186884,0.374129617635797,3.3331942412446294,0.12063649696583378,0.3178073403646445
superconducting,0.0001451821054689052,0.00014752695431190756,5.2909146284572866e-06,8.936756692920162e-05,8.26887456738961e-05,3.54342696696439e-06,8.390733099844149e-05,3.602670337977467e-06,8.121955544078795e-05,5.020025583037485e-06,43053.23256508274,44175.159108580956,1196.644870439265,0.0005828204385138415,0.0006687756302746283,4.6391626127976144e-05,0.0009591298921182863,0.0021601471606988738,0.0012953344283053024,0.0009416893840473558,0.6685575153557033,1.7697539564666562,2.2640898788147132,1.0989354108279243
superconducting,0.00031070690464924983,0.0003350950358211842,1.4799165150148545e-05,9.12392261060875e-05,8.370972546219102e-05,4.008377382454712e-06,8.464491632836525e-05,4.305988325868673e-06,8.073417934456724e-05,6.28064084554955e-06,44534.84867167957,44741.419932429926,1287.3507376649202,0.00017083312571646714,0.00031851206175893376,2.0074256892060333e-05,0.003064231052967093,0.0012381867188954333,0.0003581392490911391,0.0015235193770197785,2.096695698564839,1.138894334472132,0.3769765020015311,1.7032862453085402
superconducting,0.00012200741728722548,0.00011980188622003506,1.2005050523935803e-06,5.5946420473387536e-05,5.078395832294288e-05,2.182399171848191e-06,5.2501238211746706e-05,2.7266817195752247e-06,4.772280654848333e-05,3.6404606071595286e-06,69100.84316595402,70611.9610678182,1917.456079751807,0.0003378434223110646,0.0005092970762268523,3.969555137653694e-05,0.007658422268691805,0.0008802180029585664,0.0017949642724081837,0.000465580547502143,5.0483088071336235,0.7327174748677103,2.7000764592098507,0.5218490086594345
superconducting,0.0003960280330697434,0.0003903417969731068,1.7625878761791292e-05,7.12662888878423e-05,6.465552380738665e-05,2.157264230389901e-06,6.363480117596222e-05,3.1755810084916877e-06,6.553025084192212e-05,2.6249188286034197e-06,40315.83396739919,38238.025457161995,1638.2634410718981,0.0008374814155339887,0.0009617700514438146,6.671983442238135e-05,0.0008464766635732056,0.0009112455292568136,0.004046103513375015,0.001123595881878666,0.5915672872396268,0.8251218408610839,5.23115580451751,1.2542365165167584
superconducting,0.00030612829745893023,0.00033435169096149325,5.4406073300356865e-06,5.909008306059826e-05,5.4892286863966747e-05,2.4993721030020336e-06,5.875307662857417e-05,3.1547427270711518e-06,4.990338701135833e-05,3.7840499544362023e-06,41762.871453822,42172.47492841186,1725.1001283182952,0.00035092288099353115,0.0005948737285343967,3.8063897797044646e-05,0.004144793048515415,0.0012673183517455224,0.00029167216965632266,0.0003477762134823794,2.6393470227296847,1.1134153225396886,0.4048087928313655,0.4509861611197583
superconducting,0.00020067646699392097,0.00020530217815727532,7.674515207620139e-06,7.075392364687981e-05,6.678952799870785e-05,3.2660289570319463e-06,6.664723069641514e-05,3.5515270478175297e-06,6.699798206826926e-05,5.127685574378574e-06,66960.87492923003,68903.68677777745,1468.4774678901783,0.0010345429086503178,0.0012265635494458746,8.147060502410921e-05,0.0010156102652907357,0.001742087545177693,0.0009579437106244536,0.0004529700621573933,0.6667939179241473,1.422980042249774,1.1578721574723438,0.5168993955061201
superconducting,0.0001980272612043233,0.00019011788851081422,8.322794774769605e-06,7.52984065483396e-05,7.403122942924148e-05,2.7945571357350297e-06,7.37750517584394e-05,3.4181807786553474e-06,7.454760020394663e-05,4.04754288323502e-06,29691.37832527922,30876.83428601301,1366.818141770151,0.00026467194136827187,0.00037297731893295825,1.9341865120727897e-05,0.003248375960688773,0.00040049637598624666,0.0016543526321289577,0.001320507867495724,2.1953946493308885,0.3434266601874333,1.9661470695099872,1.4375650957971604
superconducting,0.0003057678739811043,0.0003025628783486863,1.3937336148617287e-05,0.00014005738647473824,0.00013135248898253765,4.419803090541695e-06,0.00013667744549055905,7.095679679793661e-06,0.00012797671254434983,5.6496664488854405e-06,9937.46519011325,10493.384852531633,768.4313305447009,0.00017166136879665726,0.00022034199738882155,1.4835334984685557e-05,0.0005741142717898488,0.0005737265654126418,0.0006154370320636745,0.0004633256838898161,0.36812198977355376,0.4714349846781383,1.0372603355357575,0.5034050048709388
superconducting,9.369199960460845e-05,9.434808903439167e-05,1.3897579866652555e-06,7.250811221753225e-05,7.08364035189765e-05,3.3314033466352447e-06,7.377805803760777e-05,3.6569422891416435e-06,6.765331826875433e-05,4.054363751253643e-06,36910.73161273234,38174.83848202427,1472.6434184137602,0.0009977664428461007,0.0010546666666837916,7.272163920553143e-05,0.004427527496496424,0.0019088547995684633,0.0007388903446914009,0.0011084272891061123,2.9110377899292423,1.596825990295686,0.9340183652304919,1.405739957875215
superconducting,0.00020924212376408996,0.0002126410253690599,9.7101752913367e-06,0.00012723711272209402,0.00014321432902864235,5.657073488883959e-06,0.00014889949320970392,6.323932664930765e-06,0.00012044243104805975,7.423704902347382e-06,17868.674331483555,18746.960656924224,791.0133727850643,0.001560315185085511,0.0014855478867963694,0.00010966996826754291,6.732813510798328e-05,0.0007700047997530395,0.0003568610219912986,0.0023148379061872296,0.045586132495608306,0.6960998656733693,0.737811700957429,2.9066269261304822
superconducting,0.0003950060231575998,0.0004231863418352254,1.9339004746585187e-05,0.00013812214606449813,0.00013510353937100524,6.4606626331509685e-06,0.0001407234968733893,7.475897561658561e-06,0.00011852428433313816,5.969306614941353e-06,34508.84962770942,34409.04115781862,724.1958294757469,0.0015209685760141705,0.0015766882400743288,0.0001128693005107409,0.002270670115046873,0.00026157272076570375,0.0005077331923956798,0.004379804078516438,1.4618433112223528,0.2424631700813785,0.8153631201552318,4.6271213598190695
superconducting,0.0002136854527607774,0.0002268047506749038,1.0194361738464928e-05,9.61623802278645e-05,8.720144984372831e-05,3.589554096943054e-06,0.00010340153179216499,5.291190517420186e-06,7.620452293051378e-05,4.225537297835193e-06,38143.941193724946,38085.65352216905,996.1148788495047,0.0008221461321541185,0.0009151504692879124,6.40454388708161e-05,7.485911712549012e-05,0.0012075734979012879,3.250934428456314e-05,0.0010656236218942465,0.04815602048020652,1.1382142309052863,0.050177074374086986,1.2114934153732126
superconducting,8.23901770956729e-05,8.166276875191008e-05,3.683692328654165e-06,8.932020479040869e-05,8.801977630650523e-05,3.531629948467856e-06,8.436377207851803e-05,4.512670973816973e-06,9.379783027281604e-05,5.673108919763623e-06,15354.426875688077,14691.45136857907,1241.2670345849676,0.0002814784273185792,0.0003484112595266377,2.3670781163953203e-05,0.0010296269043549838,0.0010678970992344604,0.0002802084041099406,0.00045083988617238506,0.7037877814598527,0.8793802927048798,0.3408540263957728,0.4998838105000338
superconducting,0.00028421528016544,0.0002886652419034284,9.296015697910969e-06,0.0001047869421206833,0.00010101091156647833,4.724200875713421e-06,0.00010419428767341455,5.6267147384921445e-06,9.340568749014823e-05,6.743291756798016e-06,15177.98516844054,15353.900832832427,1015.9682546144919,0.000615623405641157,0.0007284539023956827,5.010121652553909e-05,0.0011978209438601056,0.0009440455671666022,0.0004377956771756718,0.0013147772592062238,0.770290394003706,0.8032944763847741,0.6177368443176184,1.6633741857879873
superconducting,0.00037128977806605176,0.00039495948743185547,8.921499475756185e-06,0.00013090277680287107,0.00012752563042356426,8.233889943347325e-06,0.00013451707042785096,6.739111354689246e-06,0.00012022872960667072,6.098715624848596e-06,28578.175107605304,28090.668340213648,841.0282227957172,0.00020623104486225781,0.00028991399562546726,2.211331157006381e-05,0.002657482143830417,0.003327809444257344,0.0013175582488059064,0.0030918497476340257,1.7360002797241647,2.9231305259341225,2.051031713838093,3.7251907409665272
superconducting,0.00037214057878711944,0.00038835896659121267,1.2538391576916294e-05,9.464955908522375e-05,9.691802713035516e-05,3.072520478685671e-06,0.00010083179880660876,4.466373253647143e-06,9.34019326798653e-05,4.233382766443786e-06,51447.67239091347,50288.33935159367,1119.3390509577323,0.0008059818237885067,0.0009599529750964782,6.589631009415467e-05,0.0031609474251809637,0.0009583788674489606,0.00017942541600377522,0.0004572089753914678,2.117745235240674,0.8295847599226398,0.32282457561875283,0.5717122754714515
superconducting,0.00023515177153942904,0.00024594706091087644,1.1673962629962565e-05,0.00010815405267601976,0.00010148805479197,4.985129844581895e-06,0.00011734025254886315,5.755702874649984e-06,8.735342954783482e-05,6.856412877643703e-06,29543.742699607676,28677.588525492192,974.4263666795226,0.0005180525650055615,0.0006173785032773596,4.23803533498911e-05,0.001401361808125951,0.001764754798165691,0.00030678049454442596,0.0006268023469018799,0.9650914253419689,1.591484357309518,0.4914132627305331,0.7200771797328613
superconducting,0.0001448563136980071,0.00015467445267581064,7.044791902947566e-06,8.00042183487429e-05,8.050358939487711e-05,3.3257553941858413e-06,8.207407111162213e-05,3.750700056920302e-06,7.64906803682166e-05,5.907113411667562e-06,15938.213900332854,14093.85887804555,1380.5523851624537,0.0003379762759989244,0.00048225946744206993,3.800545122337493e-05,0.00010698767364570696,0.00119552624088071,0.002001182983095124,0.0009692930611960376,0.07073456339498196,1.0939428802774933,2.3218077166637348,1.1269252962815082
superconducting,0.00024046026135588757,0.00026585555404716774,6.1037665943043276e-06,0.00010515102412066229,0.000105188005969749,4.02838823316923e-06,0.00010366961806609922,4.485925708546827e-06,0.00010937550425248234,7.809109335483764e-06,34971.75492747313,35514.16276288482,965.1865921302976,0.0015849448300542042,0.0018151169933997991,0.00014777040562416487,0.0023776239110245797,0.0012863041198946368,0.0017540428667707875,6.623207499076192e-05,1.5202640990211187,1.0988209885712172,2.88888868545243,0.08055670968933877
superconducting,0.00020400001174619703,0.00021113134873031818,7.945182098170684e-06,3.672300714497469e-05,3.497184207643527e-05,1.0463531420773016e-06,3.376957877201382e-05,1.2678549169468887e-06,3.753973283973188e-05,1.4882383621842824e-06,83994.23550715127,80891.60884413138,3064.1805493936126,0.00013003484494571193,0.00042022204245969563,2.717699342347597e-05,0.0012209284074806643,0.0008177717937502999,0.0008494893270859143,0.0012748993983153468,0.7857104437294696,0.7120804026937592,0.9168040462637548,1.5501405662977528
superconducting,0.0001347099644405021,0.00013524040335454246,6.43064158822461e-06,0.00010739945715909536,0.00010654552031088467,4.417606394754317e-06,0.00010723294771354138,5.524376455939779e-06,0.00010532633291613501,6.987130621862196e-06,35401.85640921304,35677.03915696346,986.0703850789907,0.00010746432925242751,0.00017276025507890607,1.3950392498740285e-05,0.001129813947417367,0.00044884793978550646,0.0025989906100613454,0.0010173956183127913,0.8352566129252919,0.37898300170621174,3.0598598067475806,1.1086958715441144
superconducting,0.00030223398882502366,0.00031550767165914597,1.4054465280012736e-05,7.809166054875738e-05,7.962111310223444e-05,3.375998903796302e-06,8.056927119220404e-05,4.144030904645783e-06,7.775005845926711e-05,5.821378580445752e-06,59907.875084513034,61112.95247970327,1321.9843847564084,0.0005428981437433803,0.0006232699810553924,1.767485607394806e-05,0.0001225379441961485,0.0010546508012978682,0.0003535096070416303,0.00016052234102662214,0.08781860025109377,0.8616419504067394,0.6570294109491805,0.18144594352261995
superconducting,0.0001372469978205297,0.0001420827569335137,6.274550767658412e-06,9.966609554883973e-05,9.466051183322583e-05,5.167512317885598e-06,9.585990216206947e-05,4.929505232334802e-06,9.353677444360952e-05,7.191803165203156e-06,15600.378137117863,17398.79645347492,1016.4039990303206,0.0015380723757179484,0.0017751483915934708,0.00012293154965067643,0.00040165278999582175,0.0027793708844554227,0.00044034562901965383,0.0007003896246242042,0.26299028987342266,2.2717714255716515,0.8176415449701372,0.8586622791417693
superconducting,0.00019056038697879286,0.00019564347596389485,8.958045395695013e-06,0.00012254284910148826,0.0001229877792861379,5.170658593789675e-06,0.00011361311166082078,5.948379881222071e-06,0.00013376825883751458,7.581600752411184e-06,42926.76355821878,43321.18083640108,850.8370934097425,0.00019689854820817898,0.00027437579209369233,1.8134530173157657e-05,0.0025864344107388738,0.001699930849578246,0.0011630249624126584,9.046921192364797e-05,1.770538885436665,1.412674897712964,1.4902923644348123,0.12092002555273132
superconducting,0.0003031670399639822,0.00030005845112679404,1.4414847135689936e-05,8.548820039131657e-05,8.553471707692727e-05,3.157187468591573e-06,8.58135855517329e-05,4.015896881107318e-06,8.508343508779167e-05,5.1086581487700666e-06,57487.967272253,56460.108196969646,1195.1355517090851,0.001680544932644331,0.0017616972426164755,0.00012564270212541946,0.0023183855594594302,0.0006167945823397664,0.00025575253804963505,0.00023099854467653494,1.61169559753829,0.5090890342856244,0.4451067170980528,0.2559387216924896
superconducting,0.00026082363684771923,0.00024239659644840488,1.1210150914635431e-05,0.00012849341263048607,0.0001231031832969121,5.652019707109802e-06,0.0001372406507447011,7.177502517890849e-06,0.00011823392349747756,6.322349998311878e-06,19219.99583179875,19869.690487345088,793.0231004371059,0.000588655334514951,0.0006369150197863561,4.49934585042224e-05,0.0037442098284935334,0.002820309457715218,0.0009817753490850589,0.0009794469575295144,2.9762129837173017,2.4204996456509704,1.5758020260693693,1.0744494576077832
superconducting,0.0002740686863461399,0.00027834085430546754,1.0333755052072822e-05,3.9657891634262046e-05,3.761884057032257e-05,1.7399664644348307e-06,3.873161243175538e-05,2.068872156269444e-06,3.4929635448915117e-05,2.724717746957578e-06,120305.66574085985,120931.49721510359,2768.301110149158,0.0009141236973138063,0.001309682754149867,8.600547789234862e-05,0.0024917866748534446,0.0007343314318078182,0.0015216398802721817,0.0012953152217428153,1.5791116735660455,0.6263467125971692,2.42521732040126,1.3932917420293522
superconducting,0.00013847847661290448,0.0001573953267887828,1.4891419536504066e-06,6.699265979531433e-05,6.029995210234625e-05,2.7349690456232997e-06,6.134236661490783e-05,1.990491668527065e-06,5.850692993561951e-05,4.510681550089429e-06,39885.95061102671,43452.99772007165,1645.2604448576071,0.00019371031421830972,0.00033343711686588894,2.0154242631307675e-05,0.009856283705058365,0.003698967919165202,0.0033383892818257513,0.00041018530310946535,6.206216545167202,2.985509083549421,3.8736046044334094,0.46401629507036024
superconducting,0.00021700296459959404,0.00020854181943659626,7.869071922127701e-06,0.00012055727494002556,0.0001081099444253801,4.215554384451956e-06,0.00010568742621758303,5.008381704727584e-06,0.0001094773809063675,5.272762141173306e-06,30925.398365175774,29276.63143615593,919.2374057909402,0.0011072045279104847,0.0012665233889432208,8.7946696011204e-05,0.0006259898315286689,0.0024097572391978137,0.00025031008447335296,0.0004375242538262541,0.39598742587613434,1.96354748240914,0.46322546178571283,0.5079555264955459
superconducting,0.00015423729588177882,0.000154607164175746,6.608041662044171e-06,0.00010513016721229827,0.00010325360355805844,5.03833580235901e-06,9.750294754596296e-05,4.7566521302728525e-06,0.00011283048888313439,8.225544620521141e-06,23968.115963587865,23875.758593455856,1139.1411115561532,0.0001241499898170357,0.00017159410768264076,1.1331201877117369e-05,0.0006632796085131569,0.0019000077876463527,0.0008062000932822456,0.00014165618904816554,0.4620825378007327,1.7956415484698667,0.9208964105734013,0.2074569300137957
superconducting,0.00039489262455866714,0.00043749439916337745,1.949113068948083e-05,7.671142871805784e-05,7.682369839390951e-05,3.198191977373316e-06,7.825710163303056e-05,3.170294637377494e-06,7.560433616514692e-05,4.350806478259492e-06,66312.76149459746,68831.56892523398,1395.6277487977925,0.0002487961718263118,0.00039227545080408035,2.5353241191692174e-05,0.0002617150431445185,0.00260845856683035,0.0006773887724285634,0.00019309840608411891,0.18264373248886964,2.2139913731513006,1.0044337572849587,0.20932976975632747
superconducting,0.00016406903420665143,0.00016229362062914767,4.878140084578389e-06,0.00011769913455899189,0.000117161427226539,5.864558816294467e-06,0.0001235528265641078,6.136201970397183e-06,0.00010639494838399553,6.899283465087324e-06,41966.93119263125,42174.64449593129,866.5782728526372,0.00010655885471308737,0.0001637406852256082,1.0510646223304028e-05,0.004125264935790985,0.0017897614907612556,0.0012433292673167209,0.0017927011386121264,2.7667131284818556,1.4556644961204113,1.8062739809860129,1.9396811333049153
superconducting,0.0002108747312988774,0.0002077175868902747,9.84582186486339e-06,0.00012234417303719049,0.00011801746759253784,4.156954187551951e-06,0.0001120130998678297,5.6649877949530226e-06,0.00012502248750018976,6.1188530669905565e-06,41134.9429339938,41488.478744176,858.0354491435023,0.001497239903018374,0.00152341458698257,0.00010993769299382503,0.0005710329002454478,0.0008515366441944503,0.0010896455597122247,0.0006877691128513872,0.42972822513682035,0.7224943527438162,1.4370764625530343,0.7578273733904697
superconducting,0.0001427815978937262,0.00015211829058385228,5.263670835603572e-06,3.8909800348063685e-05,3.7934469483599844e-05,1.9862260234243616e-06,4.215990080904891e-05,1.2819554632404473e-06,3.536883154044825e-05,2.518037676446544e-06,84106.7569301929,91081.45512187494,2619.4921932317534,0.00038082557390635245,0.0006089559430629036,4.8884055645752784e-05,0.0007852396659691322,0.00766490607272976,0.00248819008506293,0.00031058782954362864,0.5061799908513102,6.354103006684251,3.112960148033425,0.38766936747388836
superconducting,0.00021295345720982446,0.00020786669115111268,3.965593181418161e-06,8.126321072695898e-05,7.620124180459804e-05,3.4577042044827715e-06,8.081856654407778e-05,4.115161986776741e-06,6.988801493919041e-05,5.320024931849061e-06,62719.18231392035,63241.35585772138,1404.2853117399925,0.0006174242893977359,0.000801286439486148,6.083069459107482e-05,0.0034849585936636866,0.0012985110178281231,0.0009644570270642249,0.0003382906945262971,2.2911136288480933,1.2223413081238736,1.1953771736157575,0.43621336392960336
superconducting,0.00034906243974740323,0.0003805167451570508,1.682840711438471e-05,3.984060432611553e-05,3.977049285851409e-05,2.2134063237227775e-06,4.0022077554333693e-05,2.0738863031969383e-06,3.962228098575135e-05,2.790220775438013e-06,68197.26463870352,71797.37760986388,2471.4005833352717,0.0003220522989754014,0.0007065244237382027,4.444129628060153e-05,0.0016279459601814868,0.0035724652969468243,0.00025338851509206845,0.0005445630393179785,1.2221262295080915,3.07261731399914,0.3013618941803261,0.7206739523211156
superconducting,0.00011981266489517344,0.0001240826085027322,5.810434659393658e-06,4.8690980343585434e-05,4.542215575187944e-05,2.1633166331869e-06,4.697970204404051e-05,2.3903032767464967e-06,4.3018975663421975e-05,2.3162970901645713e-06,50652.91438713895,54684.85743649674,2110.1162122079922,0.0008202695181754829,0.0009310546471141937,6.477852996336527e-05,0.0001848056756158204,0.0015823281604423786,0.0013885794751621948,0.0020957583065362934,0.12553279890353744,1.3499655608926373,1.9987330479761147,2.218122532101666
superconducting,0.00017610599629068647,0.0001704234182767943,7.274547501358061e-06,9.863956329293616e-05,9.024627105847523e-05,3.7040759328067194e-06,8.963033443551573e-05,3.940223655207869e-06,9.492765573515297e-05,5.799651627843268e-06,18147.67216563839,18746.83389236886,1084.5342125980083,0.0003944320547783996,0.0004512511581079106,2.628006415958289e-05,0.0016610324075875804,0.00068180134518326,0.0003531905643950883,0.00317252235289198,1.0996429193188182,0.571117430982616,0.46898287833353774,3.508134496084505
superconducting,9.692205829107629e-05,0.00010227421961512053,4.908713230520321e-06,9.696682113362787e-05,9.513093180902183e-05,3.5013732619333265e-06,9.656679422367761e-05,4.092290486626787e-06,9.120799206450547e-05,6.764190950222318e-06,35211.46014654957,36083.03652626709,1114.342159059047,0.0004390734866753078,0.000550209256002792,3.64066692119764e-05,0.00046371206931834384,0.0010961269185395179,0.0013756667423715507,0.0002099404242870037,0.3454117592719776,0.975519199300001,1.6717436830697752,0.2861576171340635
superconducting,0.0002455827945822341,0.0002756599300021453,6.685101076244243e-06,0.00011824407163093111,0.00011627305006622337,4.778437637386835e-06,0.00011404404016948988,5.807852586859088e-06,0.00011788586713663393,6.273339979095134e-06,9835.353960883636,9454.930037408538,998.8076724131097,0.0018167472484848773,0.0018800186180390817,0.00013481758769241784,0.002157511311827952,0.0016948800942012594,0.0006645191919791251,0.0003282986502190522,1.3789822981608288,1.6124763914545632,0.8926514867512545,0.43741151586704446
superconducting,0.00025061605058566066,0.0002690019404281538,9.39695370245767e-06,0.0001173626241182642,0.00011413064889915296,5.480214039719314e-06,0.00011814981617122338,6.254986085019273e-06,0.00011155376559777453,6.287384118403295e-06,19472.467599290194,20381.43288367148,921.8449389358799,0.00036435851098734007,0.0004802013698943913,3.2128397084195774e-05,0.0012523513379011863,0.002319976908603711,0.00024108108524670247,0.0011051114118479039,0.8481925808285169,1.9648598202395664,0.296981175132076,1.246817674311901
superconducting,0.0002486383367442821,0.00025287704418419177,8.544429774714047e-06,0.00012050483964902126,0.00011704614900527549,7.674063818877845e-06,0.00011932718460085758,5.965465848999107e-06,0.00011634337282916977,8.77697955654469e-06,31861.660383989183,30391.450405649866,979.0532482253192,0.0003874745292823357,0.0004656915494699996,3.189202915412809e-05,0.0010263429799957959,0.008012958692444916,0.0004314672763803066,0.000797328773600266,0.7107535418426201,7.026134802412853,0.542662807952645,0.9549168100238902
superconducting,0.0002451367838864073,0.000263120674659588,9.19150557735775e-06,4.859614663127307e-05,4.457425174950176e-05,1.7638761273394051e-06,4.3461110471428144e-05,2.168648155041843e-06,4.6749979481398206e-05,3.0319094513970677e-06,31932.63044268617,29929.85256353885,2325.8523044752064,0.0005163584427819044,0.0007391438605955267,4.85629574087161e-05,0.0012523534302489071,0.0004884377040871911,0.00035154524363352154,3.4388747668328836e-05,0.8481939063886341,0.40258463221915086,0.40938482537287013,0.04147065155093155
superconducting,0.00010198392310364885,0.0001043639135445815,4.983723046311375e-06,9.275933923553822e-05,9.060309387216526e-05,4.577386319811754e-06,9.054482768405803e-05,4.151869040539404e-06,9.067842087735166e-05,6.931088265723833e-06,24944.277061465145,23589.02216958474,1109.5175047949265,0.0013348157782772292,0.0015344229567700845,0.00010647631210911855,0.002320937188649847,0.002536927176447226,0.0011863536986696478,0.0007220170815089191,1.6965293445355583,2.155665997854064,1.7853259935413224,0.9507171287921037
superconducting,0.00015748299749250333,0.00016188565032442873,4.240832818667646e-06,0.00010398160495935753,9.72582820456516e-05,4.085640412403979e-06,9.719603491800892e-05,5.054214956819114e-06,9.728818406958493e-05,4.971027356283181e-06,38260.67509994653,39676.34865458956,964.1946085671261,0.00010266906455535895,0.00017422672562451402,1.2594884343173957e-05,0.001731866469286309,0.0022555345938701267,0.001335684922216066,0.0004668686127808876,1.1585701658393646,2.0137410361875414,1.5529308557365609,0.5006390347192599
superconducting,0.0002234619540959039,0.0002239892231667279,8.867592399977515e-06,0.0001323991819273171,0.00013452199111791598,7.813885423825753e-06,0.00013212249178608086,7.11884891533171e-06,0.0001394925480072647,1.0628999655505735e-05,30833.010560598923,31034.042805611884,711.9533301869899,0.0009580050831419949,0.001000931542124817,7.151689312891956e-05,0.00021561317001013048,0.0018222638061970338,4.54401484383754e-05,0.0011457026274692675,0.15156442161143907,1.7864064486869762,0.08653174371378843,1.6599670181697423
superconducting,0.00011945401647658824,0.00012054868971019188,5.541699408407614e-06,4.14979172882166e-05,4.3299268722143184e-05,1.8251227581785694e-06,4.4079775117477306e-05,2.2450437033339185e-06,4.177808763083631e-05,3.134202306408454e-06,93777.7157819896,91351.55335859969,2337.284485439702,0.0009687865386534489,0.0010920316598940173,7.617118906266045e-05,0.000691412716373377,0.0010987392064252758,0.0001771767470477387,0.00037531791773894626,0.5452356583278055,0.9680267988559713,0.33081239022520975,0.4316605377584467
superconducting,0.00018668316207511387,0.00018582951421403202,7.14842740893708e-06,0.0001073380822114681,0.00010088817818425739,4.342521080611479e-06,0.00010544940590516144,5.444085875698711e-06,9.29096381011858e-05,7.2002206453955165e-06,31385.142512799346,31506.13270956401,1008.5739098868188,0.0013998092441820714,0.001401872116454757,0.00010171634419084996,0.0021513383031666767,0.0004464931945439815,5.365185598513697e-05,0.0005435111724547863,1.483319789586652,0.3924480887750007,0.07043476322367584,0.6163761049021317
superconducting,0.0001138035069672218,0.0001198958215661575,5.032825750365977e-06,6.305034946231685e-05,5.973286652762361e-05,2.6309892211113286e-06,5.8659540017081306e-05,2.9287391593355304e-06,6.335951065663674e-05,4.688732146735544e-06,57492.18073351376,57761.03833421491,1773.5119269734112,0.00022611522340251997,0.0003586405343746908,2.3161435166355926e-05,0.002220318550832278,0.0011919366388461535,0.0019907916575021946,0.0009724528891427509,1.490108888493337,1.0458441047342433,2.5219047933793197,1.378766044424549
superconducting,0.00034338599311699975,0.00032742520272649613,1.5092267757871267e-05,4.7024752364699535e-05,4.652917279061653e-05,1.492869429838802e-06,4.5423291943821774e-05,1.968375061307503e-06,4.7271347759095346e-05,1.723560743463e-06,31852.928623973967,34564.29816660436,2358.9722896312724,0.0002563591961358258,0.00046712608004313976,3.228314883188433e-05,0.002655582547375943,0.0017427865024742485,0.000940080332940496,0.0009568860100725295,1.687386591055947,1.4323090062294785,1.0143399339698767,1.253710344724918
superconducting,0.00021102173018577066,0.00021780802145230212,1.00841708985772e-05,6.771652595194667e-05,6.892818568314368e-05,2.575440315966266e-06,7.011173394708131e-05,2.806513097884219e-06,6.261570262777798e-05,4.809279575751897e-06,49022.8950312761,49097.24979516295,1524.699569206328,0.0013220114683428915,0.001806310486196602,0.00011975302448896088,0.001659276692520939,0.00011735547295448276,0.0016304469951596875,0.0013423048693126344,1.1156051895629666,0.10639476100420611,1.979292103321965,1.8163032100351786
superconducting,0.00017515212321391014,0.00017167711759422599,7.512005192947416e-06,9.012767522203775e-05,9.042341092634463e-05,4.4468462247887676e-06,8.83466805281037e-05,4.67252526722925e-06,9.33856426916861e-05,5.830695665761201e-06,14342.298850233288,14121.797276145584,1248.6006239524725,0.0002519133445729446,0.0002770262644511576,1.947490268836129e-05,0.0003846296212282658,0.0018236260280890134,0.000503290378097107,0.0011512438096873251,0.27516893686782884,1.5407173332117075,0.6730560488348434,1.4113166089018914
superconducting,0.0002775794262177689,0.00029066594083680924,8.8240108973046e-06,4.025560750089147e-05,3.9953538712446785e-05,1.6276251295171518e-06,3.86779760856002e-05,1.9949711336779107e-06,4.2492846264123176e-05,2.8147729903832496e-06,86422.27794410283,86476.2986878322,2765.202399992396,0.0003492426320257929,0.0005677987694497599,3.653787097375415e-05,0.0012388290404799333,0.00045612022188680577,0.0016230102590597936,7.465996340767291e-05,0.8039065239297635,0.44059487235317063,2.1675622473717637,0.10457812064296533
superconducting,0.00011650232515458928,0.00011803339002940672,3.667350309265248e-06,9.731994440143651e-05,9.207988630707593e-05,4.642983903238187e-06,8.851990707301217e-05,3.947422879631727e-06,9.759164878781469e-05,7.41171624335544e-06,24649.494964940146,23969.866576997225,1162.3475037326177,0.00037910516659110167,0.0003998126891424195,2.850345654499132e-05,0.0014169556417141294,0.002677336600281151,0.0005667445570571944,0.0003863721431562269,0.9716403511612889,2.2770220205611875,1.117301900165951,0.42552434999362226
superconducting,0.00023290493484899735,0.00024147531783039498,1.1050222650189644e-05,5.535405364503077e-05,5.404825321758973e-05,2.572714725376728e-06,5.1973728703704114e-05,2.73779114943589e-06,5.773392137654084e-05,4.286974023273434e-06,33052.664980777656,34228.191820822285,1973.6271375530837,0.0007342104391979551,0.001007373900469587,6.673903940427803e-05,0.0027470529946981978,0.0016932764718627087,2.2865100359883855e-06,0.0004758258869644411,1.745974561315548,1.3800773042540941,0.0037255975369570224,0.6930290119903034
superconducting,0.0002619949052914289,0.0002680565342956437,7.89478174564379e-06,0.00011329187376050543,0.0001127334875219381,4.319165720023838e-06,0.00012281943187102956,4.8035829584708515e-06,9.79001917530692e-05,6.7890495953145865e-06,49550.6197000281,50433.706574185664,933.4092968622549,0.00035240318764964007,0.0004035934168664903,2.8024624704588923e-05,0.0012470574250478877,0.0015032541641774129,0.0008725799651875013,0.00028769196768039097,0.8201196309427542,1.3582079957937827,1.0900999036722279,0.3592048598352378
superconducting,0.0003244605612002072,0.0003384122258576922,9.638447180029137e-06,5.95632230803745e-05,5.637799887534503e-05,1.8902187091406904e-06,5.1201412353856545e-05,2.645323887540428e-06,6.041739378948277e-05,2.1673898972356436e-06,37245.61782439217,38778.66045440521,2023.5450566326867,0.00015571515559451807,0.0002900209930941697,2.223501346135283e-05,0.0020589369488041845,0.0013477440351672724,0.0009232245873054022,0.001228137631259025,1.317341329064135,1.1649081519923425,1.025712381407968,1.3540918980274692
superconducting,0.00019598713303953317,0.0001919737311308117,4.336856097801337e-06,0.0001075429916021619,9.88171516891207e-05,3.8479855025531595e-06,9.939533067268344e-05,4.563755912129209e-06,9.739525022433643e-05,7.1569174625529e-06,52396.548676068385,52650.13979095893,1044.721044801422,0.0015731247114430073,0.0016280747420390216,0.00011678782733710467,0.00220398895508344,0.0008456144964392696,0.0012655155704352963,0.00011924019398721119,1.4918726173969132,0.7306886571244031,2.0445197323897926,0.13656874724490586
superconducting,0.00032712697641636195,0.0003600586577183942,1.0700763382212997e-05,9.260462376923152e-05,8.750034900894018e-05,4.139152097537834e-06,8.940845460436016e-05,4.721878900915787e-06,8.116929635764579e-05,6.3472059157706496e-06,56157.73940414205,56862.51452146754,1147.0694354344575,0.0001069461919978516,0.00021926513340662506,1.3369144759388564e-05,0.0013918824347962362,0.00016814996935630926,0.0006458013406136905,0.00169769914555769,0.9117946478379784,0.13967949618119802,0.9028855007427635,1.8362763211081226
superconducting,0.00031279469183398764,0.00034041755892112014,1.555106810915729e-05,6.293968701438339e-05,5.823158356839819e-05,2.5790088813201824e-06,5.611370150683048e-05,2.7493988095859576e-06,6.319035134317773e-05,4.714284685105305e-06,39715.280605419044,42129.91897169033,1740.8218404023337,0.0001737998684055918,0.0003114993480409927,2.4627398045378823e-05,0.003253602829115427,0.0015191464831005323,0.002213571556753655,0.00013510832891899317,2.0679873066388073,1.2556949023889241,2.4023799922713502,0.15621625616009388
superconducting,0.00022805036934207893,0.00023326043720166335,1.0115887667227092e-05,0.00011895724682086941,0.00012042367393590044,5.331721807398206e-06,0.0001295152961543117,6.311480160452212e-06,0.00010806555334006126,8.1895084469391e-06,20233.706435475702,20918.656786122167,812.200001977127,0.000305812569083887,0.0004131745513532504,2.7794466136049375e-05,0.0014570111337649672,0.0014263786422426834,0.00047327110795744126,0.0002798378309343193,1.0115365693492795,1.2386316697137716,0.5920009626826812,0.3557853498334896
superconducting,0.00012076395518711232,0.00011829607777149402,2.5170266083962837e-06,8.236426468484193e-05,8.346166824018377e-05,3.639485722678015e-06,8.566329221519658e-05,4.570653735839771e-06,7.964710690130921e-05,6.0162939827805865e-06,28412.72270643897,27942.182594715712,1168.5252068366397,0.00023162561223379036,0.0003302013460249917,2.5896312632017307e-05,0.0030895484719136905,0.000722620034768546,0.002306463997772403,0.0002710920407620349,2.019310921264713,0.7182013846871256,2.715635456420785,0.2956314408739476
superconducting,0.00013949014939286828,0.00013376139879779897,6.161672727568706e-06,9.754794349993043e-05,8.961737508596643e-05,4.4478099359350966e-06,9.443305258974213e-05,5.119609177847232e-06,8.594439477956707e-05,5.905232978103287e-06,22012.443737480837,23418.11374706813,1104.3225136549577,0.00040658479481722694,0.000501438758178266,4.01089886238718e-05,0.00230564510769939,0.0020915360081424092,0.0014524968475461177,0.0003443716528695237,1.5202876744629934,1.7443725770261858,1.8658094536473224,0.43295273675859836
superconducting,0.000389562238594888,0.0004225438102884277,1.913825225074429e-05,0.00014176423930554072,0.00013349119220079666,8.106812512360573e-06,0.00013541308514308014,7.267786942290669e-06,0.00012606209909017094,9.664207676565609e-06,34857.80915911424,34537.24738614477,705.916521757644,0.0005053990968347314,0.0006204517429389509,4.2248501923693654e-05,0.0023790557858211115,0.0018322282661394444,1.285418387666269e-05,0.002790950988659325,1.8110584358422102,1.5660927942927836,0.015288869177339442,3.4237020863809815
superconducting,0.00015124275224363481,0.0001511714307112771,7.240888641518695e-06,0.00010733155878083204,0.00010330769377645837,5.39320743468972e-06,0.00011730232834082928,5.997781361378825e-06,9.44710885908765e-05,5.4980402326354746e-06,13979.858083968218,12906.59164641982,964.8247363876995,0.0005784639136436552,0.0006476786095936544,4.525888906907097e-05,0.0012291443758317936,0.0024458817694318286,0.00017744833230751622,0.0012733855529918818,0.8291318783509916,2.089089430037647,0.24140013389974474,1.5698073356254671
superconducting,0.00010451972686221703,0.00010860855783211332,4.729804880655259e-06,9.087374678514797e-05,8.113947218994651e-05,4.234075163724841e-06,8.559038649575727e-05,3.796965981244896e-06,7.692767265297629e-05,5.906917853348303e-06,46847.940049850724,47289.83499030214,1152.0836464528463,0.0002512342640521496,0.0003022866459304727,2.454451361042218e-05,0.00014691518498265133,0.003133228647803062,0.0026299065365484745,0.00023645052706355933,0.09336720384969178,2.557584495700058,3.3469152354628395,0.2684044596177468
superconducting,0.000374364219429918,0.0004151665895804139,1.6624983015243887e-05,0.00010888985621461468,0.00010515677327603693,3.865809774716494e-06,9.736152488936075e-05,5.126541478735609e-06,0.0001154325576083065,5.885955670615311e-06,10986.494096517443,11845.73422196441,1045.3923444441818,0.0017246282763776861,0.0016445647734489918,0.00012140481751552417,0.0006353257189799049,0.0004707886932750553,8.18298551560281e-05,0.0007026441720616437,0.4061778596324779,0.3949226808805418,0.14716751644826,0.7991489949743524
superconducting,0.00030019619272493174,0.00028947681195019755,1.3349823448445541e-05,8.368291865969555e-05,8.147323098239785e-05,5.059002616131252e-06,8.050054780507615e-05,3.6528187157133053e-06,8.196363580828065e-05,6.2046091110664705e-06,48653.01719874695,46773.78464409613,1306.1359933215297,0.00042498440331739326,0.000548763052637427,2.426619175932413e-05,6.286153434055831e-05,0.006859761005084552,0.00022419522080873702,0.0003484152767927717,0.04253994250324271,5.722545881098844,0.3657508138217602,0.44791032323511343
superconducting,0.00013009583512573104,0.00013563407741890544,4.978188320952401e-06,8.196296167851326e-05,7.677941285943809e-05,3.259989260073226e-06,7.416162757314036e-05,3.938611461625763e-06,8.247436674264997e-05,5.809265628204214e-06,23181.676358064593,23931.878976018077,1412.2681344909893,0.0008267519809428639,0.0009002223403415731,6.290268786753314e-05,0.0011339968825791202,0.0006510430672149174,0.00135184546332926,0.0005521784361755938,0.7810068448441196,0.5743866101897628,1.7450444611337934,0.7367343559008427
superconducting,9.945203224212443e-05,0.00010146279482761351,4.42920723767331e-06,9.22403153034039e-05,8.371308971502561e-05,4.101050499022607e-06,8.551754931701789e-05,4.626118085507735e-06,8.156740986802018e-05,6.067750979581496e-06,25804.44461661744,26861.49488206504,1227.7132247530922,0.000263221665507267,0.00029920931233622995,2.1773928699349238e-05,0.0006791891599648033,0.0016942858285025279,0.0019314272755632546,0.00010905229575685748,0.4768486697236466,1.4467860442093987,2.522793357306075,0.11936461514869377
superconducting,0.0003781376854422114,0.0003846122424381611,1.840007203806689e-05,0.00011952945285921764,0.00010875439530091873,3.910154098047976e-06,0.00011246278465674825,5.8815012442934785e-06,0.00010581705783103622,5.2344668408065545e-06,39636.42343737184,38773.940093821635,855.5207134133566,0.0016273176504904264,0.00186111712677959,0.00012920454583667678,0.00033377846669494535,0.0004922080523393171,0.00011798555967230762,0.0005795345633866936,0.2549099519904734,0.4382122988509843,0.14900685540398984,0.7157870301487869
superconducting,0.00035857100636926885,0.00036988620948261744,1.6573625982733228e-05,5.034706293029378e-05,5.172618430180988e-05,2.3497733027612063e-06,5.030938229166991e-05,2.5642135129327716e-06,5.357504138256108e-05,3.567441054755896e-06,86854.99489967467,87595.00416498592,2228.780159780616,0.0001399330515258339,0.0003858106282759577,3.240015089514955e-05,0.0004649109098182259,0.0016816892619750344,0.001842056046986952,0.0006370119698599953,0.30972916491955205,1.483238761420211,1.8859052469804802,0.8631626691245202
superconducting,0.00032842659320178434,0.00035190129272043335,1.1220390541999942e-05,0.00010477918419799347,0.00010414174412348004,5.158574891961525e-06,0.00010336267576036026,5.500356163884521e-06,0.00010506847904130858,7.633196252071734e-06,29929.191434790104,30873.067097008716,1004.9185737130884,0.00022769272163885757,0.00029017493072681396,1.9572213598492645e-05,0.0025806866558776495,0.0019873105158775073,0.00173900047360206,0.00011037308728055573,1.6422687372844318,1.619016497326561,2.9584187734983707,0.12949397122079193
superconducting,0.00038672481528786306,0.00038501980519535945,1.1459195407209882e-05,0.00014270544875182557,0.0001403368301675666,6.824058769712852e-06,0.00014417364487596187,7.735231395477243e-06,0.00012686844655513546,9.916972347961196e-06,27761.88768072616,29246.34481670293,700.8815874397263,0.0002913869967228506,0.00036591915071577117,2.477143236466584e-05,0.0010880629887807143,0.0009186190432295013,0.0002940760945449374,0.0019096785040998005,0.7433023504907746,0.8266636997030595,0.4289567358591975,2.135664686945088
superconducting,0.00024462309581181396,0.0002322913004994049,9.209076307286537e-06,8.278627679426762e-05,8.105357584578758e-05,3.7133774399413347e-06,8.19455296971916e-05,4.1439316949101515e-06,7.830231302838846e-05,6.066581501274945e-06,45591.081593328716,46387.83717358246,1281.81339462595,0.0005477357724213682,0.0007057546075091623,5.1954803210443405e-05,0.0010442407894359442,0.0012852443842427362,0.000748708501517657,0.001396361028615804,0.6985465810677309,1.0633247781742694,1.1073052060764788,1.530356919114289
superconducting,0.00021682874945874974,0.00023358189153927596,9.735006288276272e-06,4.989513798236644e-05,5.334955529824789e-05,2.7911595902307337e-06,5.34706030719761e-05,2.7282953984277637e-06,5.323988794389307e-05,3.85340185227943e-06,38338.13927797088,39022.70450134506,1926.6871204293204,0.0007283026936392072,0.0009734440822569255,6.492565809251155e-05,0.0020074761425469103,0.0025896543018351674,0.0008506899427670207,3.6542888262421845e-05,1.5518174677607368,2.201837491980955,1.1634092688759092,0.040939878428257595
superconducting,0.0002821129045800545,0.0002832809235589341,9.902430592943687e-06,8.675419636806474e-05,8.335945141261019e-05,3.3783456325920505e-06,8.770345680218368e-05,4.26019213701578e-06,7.599915531209893e-05,5.545384342121621e-06,46288.176920831946,46624.541237589954,1223.7423315891863,0.00043640871297745306,0.0005639145600992027,3.789136794037466e-05,0.0006425117691225819,0.0007245510021515562,0.0003523927863983862,1.1303915422562364e-05,0.4214437233079388,0.6248089528664094,0.600145865975341,0.012119465445280902
superconducting,0.00015058384388338418,0.0001552441151290719,7.429705979295354e-06,7.113320582903532e-05,6.552977223563743e-05,2.7470269740248057e-06,7.291508499525223e-05,3.7597441673445086e-06,5.707229135435626e-05,4.02341064534803e-06,33825.11528157562,33583.25054480408,1420.7648490200502,0.0005303495697409361,0.0006420197340260893,4.389445145744962e-05,0.0004069732203604376,0.0003775716340211052,0.001464568790387592,0.00011830614723528976,0.27082193158037,0.33306719885194996,1.7526846605414397,0.1453983883045311
superconducting,0.00021777863267467032,0.00020350744778407427,9.659110732203085e-06,6.71453606958298e-05,6.421797188681168e-05,2.88883058539958e-06,6.469816004691554e-05,3.352200946965515e-06,6.283226630591101e-05,4.626698709318275e-06,41453.24386280436,41722.593310166136,1562.8512408974561,0.00025753455914356637,0.0004601432330919696,2.7711866534251918e-05,9.239014570404298e-05,0.0006815675688308285,0.0003456760506319145,0.0011283177455432437,0.05898176996498479,0.5623781464751302,0.3662013751025547,1.5148762926727954
superconducting,0.0002293628558408009,0.00024480178261950696,1.1753591094824174e-05,4.2271508029275036e-05,4.038376469251824e-05,1.5987153167994974e-06,4.261716246267367e-05,2.133173328099951e-06,3.752178806956183e-05,2.4147720855360287e-06,59744.83521385677,57657.28200466608,2481.1911448954343,0.0002911592263807203,0.0005455314218612688,3.444370923229598e-05,0.00046194248714125015,0.00042909217604070714,0.0009063704866798588,9.058586272925838e-05,0.3005754896822249,0.35672089557151787,0.9860939561298318,0.11443680693098898
superconducting,0.0003491617756121571,0.00034826731813238635,1.5979680946104036e-05,8.092568112329094e-05,7.83735126578972e-05,4.3285045465809955e-06,8.601431214085064e-05,4.24579840483771e-06,7.342466733696457e-05,4.281530556295438e-06,60528.63294812475,57674.53910589606,1244.3298621006925,0.0008773260451845439,0.0010105858767100937,7.652911229651304e-05,0.0015604957087952845,0.003247361440429842,0.001191746543924083,0.0014954103974490858,1.075841795196988,2.644031436623894,1.4809541243875326,1.6840397374195701
superconducting,0.0003289382170101436,0.0003422256916021672,1.5849634262373688e-05,0.00015018115367570578,0.0001433412901094706,4.547959194829061e-06,0.00014776238053663046,5.68491887182801e-06,0.00013548134242879275,7.5800033925629956e-06,13524.671691221709,13438.1809991115,688.0677044363424,0.0008484091222472264,0.0010458552406513414,7.11249619749195e-05,0.0002402819983901811,0.0008961783967529708,0.00041063722817249424,0.0005941137518858423,0.16589246024595056,0.750829873375735,0.5248661639464858,0.7047798720292558
superconducting,0.0003993094530654761,0.00040331530657585174,1.876097085227589e-05,0.00014781535283065692,0.0001463132701385492,5.5062162353607145e-06,0.00014403716381197065,6.918446451748318e-06,0.00015024613446479898,9.09424799980535e-06,22882.6072803649,23315.415338241517,721.6888639761355,0.00015169343518936596,0.00023567711180101812,1.5270817520189238e-05,6.0180780937687465e-05,0.0008003165051801003,0.0018184081827091662,0.000465182898505089,0.043812727242336175,0.6538432918767286,2.3049082986604956,0.5394005748633863
superconducting,0.00028979896039952897,0.0003116416575752503,1.4240192328639467e-05,0.00012014144531623961,0.0001226003932387276,4.987987545854711e-06,0.0001270168180488546,6.201728460402714e-06,0.00011450987194038846,8.393934562804952e-06,25030.1098126079,24696.226719361195,819.4103178033139,0.00012055295895766709,0.00018203546451407913,1.4269378709432529e-05,0.00517038552048578,0.00022964951486841706,0.0022580007197722015,0.00019824113298774437,3.287013638402958,0.23445700259040675,2.628279129405004,0.2726941372409998
superconducting,9.57581785607507e-05,8.76305010920762e-05,3.676092055395367e-06,6.876007879156164e-05,6.666954739355611e-05,3.6493106661540434e-06,7.234660488178937e-05,3.8742420651510155e-06,6.310572901171066e-05,4.655922671755299e-06,71301.75412814747,70044.0548810481,1350.3512817229866,0.0010538084401318492,0.0013436383278760912,9.055448903299171e-05,0.0005883179320622211,0.0025745243547119455,0.000898919412300308,9.065091144288629e-05,0.37766404485936733,2.300624505562049,1.2721121331166374,0.12019746054203169
superconducting,0.00039557112026312324,0.0004004266201506843,1.109591442681916e-05,8.025384395569026e-05,7.691293123325042e-05,3.6556720171215035e-06,8.604488932214473e-05,3.6341669553973673e-06,7.186192089754154e-05,4.555843925742232e-06,48398.71183735242,48801.60183368462,1341.2714431012564,0.00011153288626655575,0.00023973851989088336,1.8198844279704604e-05,0.0015336011587883398,0.0031539361476806333,0.0017364645177349125,0.0006700377409050477,1.0070874793424316,2.841277010429075,1.8788041797842427,0.8443896611328197
superconducting,0.00012762007205210937,0.00013174368768422142,6.030365622527117e-06,9.234610336586903e-05,9.351481777164967e-05,3.789949518019166e-06,9.29700836870784e-05,4.112257042232632e-06,9.658689818142492e-05,6.244170694989733e-06,34064.02611522427,33509.33022475692,1152.6656884095387,0.0005236468132430367,0.0006025174643423604,4.177553066320181e-05,0.0023932550590612684,0.00040955281375787395,1.3942482315856809e-05,0.002214054706258048,1.519546242553479,0.3588975444076822,0.02316248838401752,2.44601435277474
superconducting,0.00018030699822937235,0.00018138222598766668,8.316862123588176e-06,0.00010068265065180162,9.60187337036665e-05,4.028170489046086e-06,9.849535779042408e-05,4.6801841129235e-06,9.224401099893543e-05,6.1915873047974305e-06,48070.404223740625,47727.55930135567,1031.8627119763692,0.0002753242660094829,0.0003664907360098316,2.4460830664534674e-05,0.0015858972320656889,0.0015117294279923482,0.00011581155259331507,0.0008934426258961898,1.1128396445125461,1.2268129433536052,0.144477151579137,1.0683786094182388
superconducting,0.00010119494821540304,0.00010236464492158518,4.9175356222744325e-06,9.643031971277097e-05,9.487781693381653e-05,3.984489469789654e-06,9.470251215947861e-05,5.006750527682557e-06,9.518061821169976e-05,6.580182397163551e-06,46725.97626558706,48411.55246962627,1021.2687627682569,0.00022034745996227242,0.00024127566231084063,1.6971046332769707e-05,0.0002329877143691283,0.0010149126882590214,0.0010067136192215172,8.545720318162998e-06,0.1818581973019472,0.9067804102402988,1.2631832241825554,0.010363173838208499
superconducting,0.00028309529703237474,0.00027654297899670907,1.2724578027762474e-05,4.554880635018538e-05,4.5821541278382515e-05,1.9738769506510015e-06,4.556732778697998e-05,2.43327632044994e-06,4.631074550109302e-05,3.375493147489603e-06,107288.30434894632,108763.2221677273,2151.6045150931354,0.0003261407463923837,0.000610708412303067,3.869918482211892e-05,0.0009665936252495832,0.0006819195635387996,0.00029285007899952425,0.00044352997178574195,0.6828826305205451,0.638610154498519,0.31937284905179003,0.559425428928162
superconducting,0.00014368578745179055,0.00014941108040319325,6.836305459297588e-06,0.0001128586106044539,0.00010971311842945403,5.582100802253976e-06,0.00011567599301371735,6.240711266446825e-06,9.496394399110419e-05,6.236397627048108e-06,40412.619394893096,40024.566104661295,898.3443071670156,0.00029613994640256765,0.000343260408557047,2.374727492221559e-05,0.004677713306880336,0.0013515305572429613,0.00035453770916044617,0.0026412202312251507,3.4370001201126668,1.1235244372292164,0.574067507098067,2.7828842611448366
superconducting,0.00011361889192234564,0.00011991728764901852,3.960687354072199e-06,7.102754282632661e-05,6.798920752123148e-05,3.0049941879295194e-06,7.011220034033808e-05,3.5779945792959527e-06,6.519481647806322e-05,4.5733709581406736e-06,64587.41584870402,65592.47657332044,1531.4075060170012,0.0012670061032530081,0.0013909994783465637,9.780615536729849e-05,0.0008006539676800412,0.0014498017234881142,1.940090538451857e-05,0.00018236109912530868,0.526823648648681,1.2412373836536061,0.03320540497633662,0.2311205900081967
superconducting,8.614837137917438e-05,8.082798949420633e-05,2.781608316872415e-06,4.439572058688902e-05,4.355828537800599e-05,2.229443037511275e-06,4.245123670796163e-05,2.1589037806335624e-06,4.518342787963696e-05,2.728725340556343e-06,100238.23036684103,101465.3030351864,2374.1878637675827,0.00014330879796955798,0.0003393887026210058,2.3003144793852702e-05,0.00114034694648311,0.002207817175885842,0.006084003247959192,0.0015034275137127387,0.7219957584993884,1.7928577081449935,6.658410007290007,1.6474698759528277
superconducting,0.000356738078958566,0.00039195278734741626,9.101604708422743e-06,0.00011992695305720561,0.00011652089782706205,7.34885959120034e-06,0.0001124798508755774,5.69542575248078e-06,0.00011765372015610674,8.315353709819232e-06,17817.564623821294,19695.701581860278,1012.057740974721,0.00021801685353239656,0.00031599000131013076,2.4805262910649374e-05,0.002385150937803824,0.008807347135675603,0.0017475540307418178,7.976626782056989e-05,1.5363655382284187,7.603983422160641,2.597869197651513,0.1068583214143608
superconducting,0.00033510833727325867,0.0003499800683684669,1.600941412729655e-05,9.932170689187612e-05,8.65527736315972e-05,4.405341743243007e-06,0.00010023231839710244,4.8935072262239254e-06,8.101340837282182e-05,5.221654813436644e-06,30200.40768668059,31490.17828529246,1109.337651363719,0.0018664579235681668,0.0019112548995180718,0.00013759953412865225,0.004765841792272911,0.003257337829452509,0.00012899231330443505,0.0002446140854205148,3.042772518184646,2.811819842722524,0.17827524328224495,0.30090332872694553
superconducting,0.00020747302045705414,0.0002244637569256096,1.0791996051207445e-05,0.00013151279213994562,0.00012113282268330431,4.977073279992385e-06,0.00012210538026435005,6.131341039469009e-06,0.00011925391795703613,7.300763826925528e-06,28000.858578331165,28232.197315219128,857.6611827754522,0.0009005968616128839,0.0008743797975461744,6.416961484913843e-05,6.598970240311519e-05,0.00028302478651015767,0.0011158720301313089,0.0010608258383648659,0.04586405857980987,0.2736244455266352,1.8626890375289684,1.362585561344109
superconducting,0.0001371859593238812,0.00014828810235163533,6.669633905699642e-06,7.27958383916503e-05,7.308342520673274e-05,3.538107931971238e-06,7.474839701833846e-05,3.8134733807753206e-06,7.081931338981932e-05,5.435171733354702e-06,20791.874470516977,19315.954201391323,1486.0638155209556,0.00025456191758996597,0.00032556467146688023,2.6169258540909465e-05,0.0022705464938894784,0.0017215493918398498,0.002447649207002796,0.0007397574509702035,1.5269943942517938,1.4938057167612728,2.9982340277508763,0.9203458731917838
superconducting,0.00013412184829343123,0.00014396562007998342,6.4453627579885955e-06,9.297160380199944e-05,8.83842589816725e-05,2.8502027589312406e-06,8.858307930692251e-05,3.7209843644984756e-06,8.810199256415233e-05,4.43360563905053e-06,19820.14467923773,19229.13154998784,1183.648677163643,0.0007057434483497726,0.0008136948351128898,5.6382483104839224e-05,4.122427326690707e-05,0.0006502122335802516,0.0008802009495843834,0.0004564575524144197,0.02943401648390739,0.5472442019605552,1.2974387330400228,0.5803626193279445
superconducting,0.0003091027515615025,0.0003407911476109012,1.5565730751013155e-05,5.9713158476624865e-05,5.6110963966275167e-05,2.392031079975185e-06,5.688934681065556e-05,2.90090646803234e-06,5.56617170512823e-05,3.004027432856879e-06,74912.10904743672,72956.83844344076,1767.6485956060162,0.00012746034041317243,0.0002934586058400741,1.0179230414761818e-05,0.0036008841196843518,0.0021846189509491087,0.0017177924292185785,0.00024658214868875355,2.361494987712754,1.8580118862034276,1.8901045918090076,0.26436545315378607
superconducting,0.0003121799394005985,0.00032971285112809185,8.836862134711786e-06,7.338990335985788e-05,7.097252917244749e-05,2.590722645205572e-06,7.64425977837811e-05,3.552207322750182e-06,6.475644789445528e-05,2.809960077543243e-06,44974.49062139269,45301.62544226581,1406.8276549977759,0.0007897413505544002,0.0009934060349917543,6.716594947699727e-05,0.0017957371402944188,0.0007560408847151153,0.0008125177259126506,0.0014687201977470862,1.18940657863944,0.6139279418232917,1.3094581163092192,1.816018304567094
superconducting,0.00010174999075104147,0.00010644989696359609,4.86924421170746e-06,8.161291321620718e-05,7.738037630961011e-05,3.4504979938119794e-06,7.962569869930283e-05,3.035845069795126e-06,7.527837238933894e-05,4.801241435524487e-06,40186.54512978661,40463.29176321596,1296.050536955873,0.000223278342942619,0.0003313150756092075,2.163617450451118e-05,0.003925961654855422,0.003277244073998633,0.0015411860678606632,0.00011408996811717144,2.672345025307065,2.671733081896066,1.9265210032136353,0.12272263702749132
superconducting,0.0003854067179727981,0.0004036786463651432,1.9227196044853034e-05,8.408159534328012e-05,8.336296308280271e-05,3.856461171162363e-06,8.329096742362753e-05,4.1248127757417825e-06,8.386289150050603e-05,6.489225195687173e-06,32417.517415405622,32913.74950786954,1319.762700696795,0.0017031868360761647,0.001856276444570127,0.00013085639487215317,0.0020786300019373116,0.001061776575411524,0.0005462610863487045,0.0023850791158838815,1.588587323653928,0.9862206601598069,0.8243160454806981,2.805590627548755
superconducting,0.0003758839991332347,0.0004116928872472143,1.9655887629776617e-05,0.00010457824391711735,9.06681721295089e-05,5.344647405855122e-06,0.00010050951760628774,5.1530129859170026e-06,8.361291190927715e-05,3.826442315909417e-06,42006.80135530255,43240.38233218299,1069.5947850613006,0.0007524791255953531,0.0007713567717446254,5.547358665753554e-05,0.0009781544244596078,0.0031285086338457627,8.494526374971657e-05,0.0028253546123552828,0.7291374213317989,2.576333483823039,0.15966828412479184,3.349598621403601
superconducting,0.00010265298582457026,0.00010900290406596579,3.2131148836412883e-06,9.100089079120633e-05,8.998737874997506e-05,4.524868892469626e-06,8.723274649007629e-05,4.340741183747485e-06,9.348766556105171e-05,6.285234406397491e-06,30084.254803854838,29538.18643997185,1132.446100138993,0.000263552045143887,0.0003320399652123641,2.664651683137897e-05,0.0012763713351349394,0.002303646051382846,0.0027877016867315797,0.0010644718335564548,0.8136293523787004,1.9417900879513617,3.511070664896179,1.1768662473289848
superconducting,9.257927744325962e-05,0.00010345091364654984,4.603397455113334e-06,7.134642973368801e-05,6.56029824942363e-05,3.560399543893054e-06,6.834102010002798e-05,3.6633414045889327e-06,6.35950807786601e-05,4.687487504498238e-06,76229.6577494604,75109.66820768005,1453.2041210620305,0.0003091310926050713,0.0003939517276369451,2.6565925686310984e-05,0.00020552897814965718,0.002735186570625517,0.0015435462628806313,0.00022137631018946828,0.1331813005291629,2.232659090800421,2.5826470880216004,0.2929941841318622
superconducting,0.00030483921079267845,0.0003013891471266329,1.4312351727599573e-05,0.00013666654445602553,0.00013051073713414888,5.577460448591195e-06,0.00012731951900195099,6.896113751329755e-06,0.00013468612094201881,8.47406625666218e-06,40998.124805063475,41402.28137447962,756.6467627629139,0.0019121009551744444,0.0018935373355509237,0.00013796677421183654,0.0024402405915343846,0.0013139044935154146,0.0014086391676606646,0.0003292169730503223,1.9622585124056944,1.154077477943617,2.865201105417973,0.37942563765840115
superconducting,9.823072827251918e-05,9.534377537903021e-05,3.590175884428155e-06,9.018999632137372e-05,8.600710007378741e-05,3.424524255811114e-06,8.754347927816097e-05,4.11148479349908e-06,8.252672770273463e-05,6.188171402236748e-06,41148.580394688164,42535.21929826421,1181.6700386954844,0.00018106158064231577,0.0002432594361196369,1.6203989198703944e-05,0.0006466766049472419,0.00040295195799393133,0.006268299474528895,0.0004476888188298125,0.40918400799868154,0.34580135601213047,9.092592819497447,0.5219346020693508
superconducting,0.00027069455315268694,0.0002650064915131316,1.1417521067046352e-05,0.000135383126075576,0.0001258232500605594,6.691907744670207e-06,0.0001237212408676316,6.670669891910573e-06,0.00012823034202255005,9.801163379054668e-06,33193.767927948786,31984.57757008827,755.9865752308561,0.00026089521083075187,0.0003452084430539101,1.8474971185787677e-05,0.0007585984994586645,0.002239012755681562,0.0005134542641787688,0.0004355109405007988,0.4940711716263604,1.8852037144404428,0.5841552641259599,0.5121946638088882
superconducting,0.00029390669653690755,0.0002993045996851279,8.13069286696793e-06,8.42725022308261e-05,8.206178763245692e-05,3.712994020599145e-06,8.354500615782136e-05,4.4469570717724735e-06,8.009377743222127e-05,5.663808364385371e-06,37862.60191354208,38457.28290833303,1163.919563567973,0.0002678987571469158,0.0003709066189482408,2.4546326465789723e-05,0.005241041304191958,0.001242723796946439,0.001637041190957219,0.00035684629980042295,3.4641534914476253,1.2225567365464403,2.3452381919605143,0.45359409827979474
superconducting,0.0002797126499407028,0.0002834999500504747,1.2991786884702347e-05,7.441785285786227e-05,7.031700203249483e-05,2.3549705524373136e-06,7.513198631044268e-05,3.7763143882713926e-06,6.725281560106962e-05,3.0125086262826076e-06,37406.43142006918,38209.61531474547,1434.2091419526207,0.0003364174865609389,0.00048827684136691266,2.5185595214863007e-05,0.002508614006490917,0.0003477837005098463,0.0017542036786779146,0.00030654736564734975,1.660625805184257,0.313854946497637,2.0748688614928548,0.3352746577278476
superconducting,0.0001726042956493506,0.00017390009692545553,8.33341529096891e-06,0.0001158525062105639,0.0001162722625738831,4.020675311713833e-06,0.0001156933868041414,4.163179999175254e-06,0.00011754558994482411,7.192015680547597e-06,26568.79420248094,27867.30413334138,912.0394559325978,0.0003511847135695417,0.0004335691342578531,2.9487358448857138e-05,0.0011109300176905326,0.0016460697460833151,0.0009070633690066911,0.0003210927838384746,0.8770411963050013,1.3567385691198928,1.201562872059274,0.43406319806310184
superconducting,0.00017389457179440613,0.00016967267519295647,7.1316958464078474e-06,0.00012345701652033262,0.00012282587496346327,5.4861498745144736e-06,0.00012496968522933115,6.597894867519648e-06,0.00011945849531456526,8.796242285864003e-06,41173.76962637333,41207.26825637348,833.47934728365,0.0012859980038471893,0.001258261268722712,9.206527921999762e-05,0.003237868565287724,0.001401551027080746,0.0009669339842621801,0.00019097904872335342,2.127079089155422,1.1315606787755634,1.6114747152130822,0.26476657401416387
superconducting,0.00022292561259681975,0.0002241807865347311,9.925669827774666e-06,5.764826046402852e-05,5.8748793074100424e-05,2.305589543366555e-06,6.166903269405213e-05,3.2689614227333213e-06,5.585825548833197e-05,3.2522944757844903e-06,79402.07038121231,78248.80158256188,1659.8436922346084,0.0015276085176657195,0.0018734663992042567,0.0001276490077718594,9.466341578268867e-05,0.0006913581220914689,0.00025781213833533755,0.00011373866536213553,0.0691879137159292,0.6264642762303101,0.3713320728467466,0.1263456791856994
superconducting,0.00024342815526827693,0.00025669969485935033,1.231263447407455e-05,0.00010207830417589783,0.00010235167463258651,3.740365870870944e-06,0.00010320769288585468,4.3297209342854045e-06,9.983367320878043e-05,7.425853523153546e-06,27593.9035518082,27056.283790168236,990.9526328131693,0.00013427577229859205,0.0002471998611062781,1.568959786463227e-05,0.004154881144613716,0.0006158251817326898,0.005831008234816625,0.0002256447564271611,2.896444834402981,0.5292685793488168,7.470915561960538,0.31038244415610006
superconducting,0.0003196456856430528,0.000328971367744359,1.4156806274775644e-05,0.0001299598560881898,0.00011349593941540225,4.377625290719677e-06,0.00011159011647800183,4.982339966704569e-06,0.00011979245926541579,9.081681513663694e-06,32871.101774609226,34087.763496770145,880.3441997461285,0.0004415745323440724,0.0005114461183825347,3.539580423060021e-05,0.0015827056980160402,0.001246933379044612,9.05694051265631e-05,0.00022148900033404196,1.2129509702283747,1.0056521623315682,0.15932520194077404,0.2508048934196141
superconducting,0.00026485963315190443,0.00028262921740487243,1.2902582069812625e-05,4.398451001897249e-05,4.1821323701472844e-05,1.332424194738807e-06,4.311785726839526e-05,1.5644380831007037e-06,4.019851681867638e-05,1.9993692115571297e-06,63158.887984204935,63289.543942276134,2508.780977422929,0.0009537466698545367,0.0012387783771686783,3.1560170831705006e-05,0.0004910253419998996,0.0014597564400572602,0.003223338327486476,0.00030006883414521656,0.3314890562610649,1.3049268443540236,4.971363529686655,0.3218372362472016
superconducting,0.0001553949265812193,0.00015451509748766787,7.428674157419502e-06,0.00012038895582855945,0.00011021501712874753,4.592131350631707e-06,0.00011728525091929431,6.147683452454826e-06,0.00010129057610136122,6.906931072271769e-06,34214.03745545404,34637.69424352511,872.9197252814872,0.00028271193640240147,0.0003600600016207634,2.4285188046281287e-05,0.0016754051570035174,0.00011764444662135451,0.0007911393091917053,0.00018091189525243988,1.1521192291769617,0.10181450339576273,1.126981665814643,0.2263842350667547
superconducting,0.00016521360086134282,0.0001764140653015353,7.174783928083536e-06,9.958765127981128e-05,9.427296999453339e-05,3.2962008343014003e-06,0.000104635404294786,5.338079998202969e-06,8.788691120295218e-05,4.190546259190831e-06,49175.03187175665,49986.99466859218,1025.5930536951373,0.00010517117895182212,0.0001717286505642464,1.4029294918329067e-05,0.0002565259575831104,0.0009155480623941898,0.005285945247094529,0.0004562953150441819,0.17841557797156415,0.7689863723603481,6.646032526453442,0.4827147429411905
superconducting,0.00038453599816840387,0.0004172381428174518,1.9769280570686106e-05,0.00010790528078270829,9.649692267865195e-05,6.6845211898936585e-06,9.332139819500847e-05,4.7683828868628885e-06,9.837567508050393e-05,4.538654407670619e-06,29953.068503397688,32988.57017176496,965.259204582553,0.00018892851090464608,0.00027554128389933457,1.8051873406525466e-05,0.000380139257907601,0.006294622454488518,0.0002906730330376271,0.0027728199260793522,0.26918497232470784,5.286738733546587,0.42558637374122743,3.452470235322215
superconducting,0.00011782146047567751,0.0001240897583976574,4.405756521072901e-06,3.6257187725263504e-05,3.3117845537546746e-05,1.000659423800946e-06,3.392526622377874e-05,1.1893830673213513e-06,3.127129637181612e-05,1.814196590235778e-06,116860.30169869021,117833.77100050736,3094.3661449706,0.0014925070231931292,0.0017542794617484026,0.00012095133809527259,0.0009284963250471881,0.0012163929494911224,0.0009527597824536865,0.0005677244055629766,0.65867840012499,1.0173354691592469,1.6249927449594535,0.7050886540893746
superconducting,0.0003382630027453276,0.00037578177546519526,1.8039918122400224e-05,0.00012006172333210748,0.00011079755323345794,3.920422412384476e-06,0.00010843045583258457,5.388656631485448e-06,0.00011342026917276736,5.692026966368863e-06,21018.917102528038,22674.269692772814,913.5494071218054,0.00026779953097943305,0.0003519582883601149,2.3563084955107762e-05,0.0008972264855184871,0.0012253084343223093,0.0009232821247397319,0.00023308234301630922,0.6388288029187825,1.0070191950342333,1.0735441147828642,0.25501968285415916
superconducting,0.0001064983573127998,0.00010673423294491569,4.736195467686338e-06,9.04983036251466e-05,9.028058987255957e-05,3.518850885101253e-06,9.3642960282743e-05,4.8954563070812414e-06,8.668624749636085e-05,5.061510274416354e-06,33457.97327559882,31966.08243295828,1203.9249560076955,0.0012416556511552724,0.0013689251642288092,7.955420065423664e-05,0.0006729912327120608,0.0009861729255548576,0.002005706453845702,0.00029026524342995534,0.43169833292014803,0.9649143575842141,2.6396102816725344,0.31614568520184516
superconducting,0.00035940079570380683,0.0003480686833080567,1.5357696529694635e-05,0.00014395685405244938,0.00014313122254076837,4.587284262838349e-06,0.00014829153465091815,7.11209514196892e-06,0.000139455052443922,6.002848349926784e-06,36652.19938969267,37089.57235442756,679.3597706142887,0.0016008819895704655,0.0015451166319353255,0.00011346802568385147,0.0017203019267965065,0.0010572730613326751,0.00028251020520508034,0.00025194580581018003,1.2047111862139557,0.9421232052730943,0.5928896313411122,0.3118972300749917
superconducting,0.00024292572980809634,0.0002448366064934774,1.061536408511605e-05,0.00010297439326241303,9.825848545632543e-05,4.593060830277352e-06,9.819322018258393e-05,5.061442780516897e-06,9.856296383509146e-05,7.647586235431621e-06,53227.46227878418,53836.01427755102,990.8030465734802,0.0005319692384704921,0.000692120166916223,4.643510782439702e-05,0.0007772424057183982,0.00046468811694887083,0.0017962194208129916,0.0017550744356214915,0.4963537228940171,0.44239188614873015,2.288511030897928,2.043497881963081
superconducting,9.656658324213446e-05,9.83802413991179e-05,4.292055261512413e-06,5.981433423166621e-05,6.083897768260826e-05,3.108322673504903e-06,6.104354108490783e-05,3.0804989473282207e-06,5.9903475223621867e-05,4.644790118593785e-06,21320.41067501585,23140.69060660544,1833.5332337176533,0.0019077248573521012,0.002225738767376542,0.00015377930441816515,0.00012455003570676306,0.0014491403927053273,0.0004592354713953256,0.002216856174341025,0.07904699827453754,1.2407808186193334,0.6176926966923703,2.4958702618867026
superconducting,0.00014247784946068355,0.00014741042677676706,4.273915302529294e-06,0.00010156102267711874,0.0001026679694585749,3.828384505713836e-06,9.531170213142647e-05,5.0204245780884356e-06,0.0001128894292030998,5.917907283954763e-06,40748.26817490636,40443.28646881215,1032.8031782379082,0.00023812040920429412,0.00031999647890371705,2.4606294064713038e-05,0.0013964292526297988,0.0010272498656210833,0.0024283197596573916,0.0007263786333130451,0.9098189785149069,0.8424711398564853,2.985486072053173,0.8480785673635954
superconducting,0.00018400155310714119,0.00018271343647755487,7.83526144294407e-06,5.552572151574484e-05,5.662965229700412e-05,2.085025318261493e-06,5.75089150689233e-05,2.420723032993461e-06,5.410253131205976e-05,4.103918965794858e-06,94238.47973829495,94814.99098744174,1814.7718068625404,0.0005380793729594534,0.0007273868408089852,5.85519878451165e-05,0.0005045173145106362,0.0003621901215253216,0.0020505002573661915,0.0005488825277558079,0.32535150487818854,0.3125583828379065,2.77401232540668,0.6225752317423063
superconducting,0.0003816274546720719,0.00038072515282182046,1.666608858383509e-05,0.00012547242472001158,0.00012045996223295489,4.540129937716103e-06,0.0001252158146969146,6.726775742885668e-06,0.00011834065177987811,5.458780012069664e-06,24996.56167926848,25817.43503846367,769.8125642515578,0.00017746625176508665,0.00026920499772712633,1.751007016400821e-05,0.001294786605308409,0.0013999185404600296,0.00032012002774194217,0.0006225963173201125,0.8605277146403248,1.477784407020821,0.4356493037177625,0.668225504636688
superconducting,0.0001819822032020919,0.00018698445259653036,8.778726653857913e-06,4.1739479786982416e-05,4.4236531613237495e-05,1.339936188367709e-06,3.965988282832217e-05,2.07416471481219e-06,4.6199874787646166e-05,1.601765483712235e-06,42073.75825431108,40049.18598487844,2454.315161890317,0.0002891860391256201,0.0005000995871940086,3.192856721964675e-05,0.000501805107549361,0.0016743941692096021,0.0016322529309712507,0.0002341900118987379,0.3592584142303988,1.3901534655058818,2.302522669132794,0.2741629005185028
superconducting,8.728627615054333e-05,8.661391215320154e-05,3.5879283400129696e-06,9.230308968295316e-05,8.406773807965826e-05,3.1598089719363283e-06,8.44841082036774e-05,3.6340989993247096e-06,8.27775959338688e-05,6.396991233683552e-06,36748.78201213157,37300.90909991088,1254.4954175037597,0.0019824143239691207,0.0018558985492717033,0.0001380352580669355,0.00011534830535456686,0.0008070728333002975,3.3840870288562496e-05,0.0007648275183565206,0.07826569810743708,0.7804286821620618,0.04873695816902683,0.8267097760097627
superconducting,0.00031241504354594097,0.0003431439751599376,1.047052712752234e-05,7.885858214203618e-05,8.076096282624976e-05,3.324772494370905e-06,8.01223888433231e-05,4.201699205631752e-06,8.18304617562785e-05,5.4376284055802945e-06,57747.21695921665,57091.39233468336,1293.5246077352842,0.00033427403234347134,0.0004814631790854381,1.8508515819995525e-05,0.0012668002803788146,9.413916178028112e-05,0.0001524436215173795,0.0006650327539154402,0.8138504358412529,0.08491139525050684,0.2364865286772343,0.8908021226327312
superconducting,0.0003630182655268751,0.00037734621715857934,1.8043792367428706e-05,0.00011758208271503041,0.00011367676389915774,6.1870352984347635e-06,0.00011500851626888517,5.720910368100637e-06,0.00011293657421662991,7.717198249796388e-06,29792.98421554875,30511.93234434993,901.3092532906012,0.0007520106306847432,0.0008287473050991999,5.818947222868803e-05,0.0008960242161443315,0.0038522612225720776,0.0018052623762993634,2.0157850769774664e-05,0.6593494869272317,3.273930668842843,2.538909197285161,0.022820668673250652
superconducting,0.00019071946211899254,0.0001887927990151687,9.017673108169551e-06,8.857913584798246e-05,8.671748688049353e-05,2.987548212466929e-06,8.974735163211846e-05,2.8166689589128706e-06,7.757542928090432e-05,5.988015113400866e-06,36890.113260668615,34938.004825652344,1193.6537374160125,0.0002026570460120986,0.00029283220637448833,1.9214930196201704e-05,0.0003739140352590825,0.0018050690528157514,0.0016959921618411409,0.00047516382812673333,0.2950143297991068,1.497867679325164,2.1425303324419223,0.5086664569720154
superconducting,0.0001534939302511092,0.00016455683944908612,4.335511476010965e-06,6.480005461327377e-05,6.328142349443965e-05,3.186720015293015e-06,6.1970642296922e-05,3.2957763325129275e-06,6.677074709884001e-05,5.1562816275570525e-06,38389.547971225795,37857.22602130892,1733.501062178218,0.0008311698520182071,0.0010452048829994907,7.932160501668463e-05,0.0021894629253976826,0.0014943971965824835,0.0009133258793807479,0.001259329241565877,1.4409021100053232,1.2861209897091261,1.3586971992180585,1.398733811512161
superconducting,0.00019233362649921887,0.0002011080695518617,8.950141039545994e-06,5.4423055337087266e-05,5.594369648787031e-05,1.4669406746161108e-06,5.692643200392737e-05,1.5845044580435133e-06,5.0600739179397314e-05,3.7217592305513585e-06,61086.09642042723,62716.92030352412,1919.0126533986318,0.00016573600684136318,0.00032382591761036993,2.0066473349082814e-05,0.0032110653229372923,0.001184188658560661,0.0021494592855897067,0.00013338072539882857,2.210098373979631,1.0147628631026147,2.394717637398759,0.18070948129207653
superconducting,0.00023373859259602373,0.0002636941984812312,1.0484032278029521e-05,3.9999813430073056e-05,3.865419787957297e-05,2.0702242399050344e-06,3.9051014834570356e-05,2.0595132491303423e-06,3.832051157769812e-05,2.808881110550563e-06,126827.46972605176,125321.98084185296,2357.0121519390996,0.00024606011136878923,0.0005936046407270395,3.7370611686748124e-05,0.0038796780849204592,0.0023760518199562276,0.0033226931690644498,0.0003285207946482479,2.903351819857534,2.2120216641530352,3.6963410907467162,0.4518524529309726
superconducting,0.0002573250075233146,0.0002676327824031209,1.0846619022762949e-05,0.00014056811837680894,0.00011729592158553902,5.066909938580983e-06,0.0001360623809852586,6.852848232966209e-06,0.00011522076243609852,5.339710782446467e-06,23389.676780358976,25301.49790147503,724.1397201081129,0.00010774959799482673,0.00016365271819964542,1.0539087677145829e-05,0.0010795694629949946,0.006632281462585146,0.0023865418992946082,0.0005646881113587267,0.6999307436732236,5.490655251196187,3.9587733222623087,0.6021256845646267
superconducting,0.00020299235763865202,0.00020386316745210726,8.340421295359943e-06,0.0001227312598566474,0.0001138627826916262,6.4829512254586955e-06,0.00011498582280687306,4.355021975025992e-06,0.00011305933138823176,8.490996440004856e-06,23935.378456265542,26537.553147410727,928.6277876630802,0.0014824042133569993,0.0013451611829051557,0.00010124876590419662,0.000166092616469647,0.006438489437776502,0.0006000603911311458,0.00017125073210663618,0.10885330125816017,5.3133977325547335,0.9471584119149993,0.18489402170953212
superconducting,0.0002801199305728582,0.00027000999418180804,6.869361830645788e-06,5.055757572820435e-05,5.093614893539873e-05,2.1657481816286044e-06,5.143167843373328e-05,2.6946456646554443e-06,5.019917158435107e-05,3.4156068261106788e-06,101734.36606947078,101089.2924650338,2059.5402965233616,0.00011549219252836436,0.00034720156482462316,1.5769702094553293e-05,0.0050065261863070035,0.0012892159644782332,0.0016262252529635059,0.00020709962375323545,3.146485838310743,1.080308483574056,1.7391397034420017,0.2585373237008719
superconducting,0.0003089675120920085,0.00032422540661396085,1.5230367650425447e-05,7.051294070005684e-05,6.386018841872869e-05,1.8048580170407939e-06,6.293879112339497e-05,1.463317656877917e-06,6.643480600287616e-05,2.8654296567390194e-06,41362.78257896112,43920.875125048144,1666.7514549104337,0.0005923544942470094,0.0007734108819122234,5.185244954962703e-05,0.0022045166902640674,0.0023981275962032364,0.00020455575424366637,0.0011914032976792397,1.5482787196306043,2.0657102341850044,0.27108836428617433,1.5053341778006324
superconducting,0.00027305992653709366,0.0002747832719455004,1.0622213771212896e-05,0.00011842451858335488,0.0001203596012688322,7.2725750163434e-06,0.00012266627145270733,6.601723587960005e-06,0.00011878518825683624,9.020022738680728e-06,15154.33437144458,15972.035479974998,849.1836927800058,0.0005873005605735754,0.0007083379213629917,4.8456740407876846e-05,0.00028061834385866106,0.003685505799235651,0.0004503716674631639,0.00091685569659846,0.18845244244478615,2.991548362630991,0.6816819452280329,1.0937765426200992
superconducting,0.0003776369576860383,0.0003739244951065587,1.716780730423869e-05,0.00013754487542673904,0.0001450409329917733,5.008062250166128e-06,0.00013203198251299122,7.010102063982555e-06,0.00015540884769568193,6.713387635915936e-06,38218.3285202158,38831.502483446624,761.5962357681585,0.00016799997540201483,0.00020520919863901516,1.3992856777948919e-05,0.003188435489236971,0.0014112585619231034,0.00025593229268352916,0.00018418918810951627,2.1297688917518007,1.1507622622089881,0.3069179119222108,0.2136276627224386
superconducting,0.00012197333360355054,0.00011797730616748068,5.429404438716341e-06,9.963392228975656e-05,9.592755239800183e-05,4.433390881388494e-06,0.00010086062476573201,4.73896869022964e-06,9.217928113217125e-05,5.881265075698609e-06,37737.32735031334,38810.98355846802,1052.2913980212786,0.0015068059050281038,0.0015802230516838418,0.00011282747388846837,0.0034653923116275322,0.002355482955103709,0.0004109410178135312,0.00015033998254783485,2.2529606293316657,2.027030587694426,0.6483773677550159,0.19663857073336113
superconducting,0.000387629253366862,0.0003872912027995214,1.7795935667704376e-05,5.712778089729138e-05,5.370534212225611e-05,2.6483487594339046e-06,5.5793292766877005e-05,2.8081095054804705e-06,5.1826676891538644e-05,3.650271226627797e-06,67464.24908955899,66256.8082196156,1804.6049092392545,0.0006162937457291468,0.0008832947814243722,4.8980661461365894e-05,0.0006996419531931384,0.00223361829235951,0.0006782761667290109,2.3363875409918498e-05,0.5555649403799271,1.8779889031803543,0.7624630316469598,0.02981150481914114
superconducting,0.00035102055325651537,0.0003398453568073143,8.421216678333056e-06,4.1213435657571745e-05,4.003257193258588e-05,1.94741032776606e-06,4.015269247901742e-05,1.9993332439581214e-06,3.9825208718744686e-05,2.849474312832643e-06,86860.43887095914,87396.61587163502,2465.5229283368285,0.0011529495260938307,0.0014101629530282151,8.502912145222266e-05,0.0018392218855389048,0.0017546277138378163,0.00034144228371476583,0.0009947432436922365,1.2662035184844878,1.4983132373002,0.523863917618359,1.2733796775898254
superconducting,0.00022956225991920502,0.00024688886451186044,1.0310082002742925e-05,4.309736189561329e-05,4.2712568100340696e-05,1.930101978961185e-06,4.190721105202115e-05,2.114473550963012e-06,4.443301681489201e-05,3.4181097174706826e-06,38132.9338580921,34643.15696736429,2372.7579707499935,0.0002670739189021283,0.0005207992368275203,3.676881095794073e-05,0.001413254998617817,0.0014860401085014321,0.0009042827559461649,0.0008904598758452834,0.9715160205394666,1.223247160997364,0.9628557163210364,0.9887798567715887
superconducting,9.209415890313118e-05,9.081028621922918e-05,4.367695520983577e-06,4.172498199658264e-05,3.9802123869589576e-05,2.0415244924433444e-06,3.9952091555811645e-05,2.031203304079404e-06,3.9338885721516755e-05,3.0562985033787983e-06,94521.15894799188,97302.10775599473,2525.5741661508514,0.00041692758981118946,0.0006390770239697353,4.6987731853739594e-05,0.001877600889266875,0.0016107374868667974,0.0024668824446871605,0.001644856518217914,1.467850796138885,1.3372246143108073,2.921533409803361,1.8244259416650577
superconducting,9.979416339416514e-05,0.0001061166251721656,5.06253885729492e-06,8.90491340049618e-05,8.490746572438936e-05,3.378971855332173e-06,9.152813061873635e-05,4.4976889066879554e-06,7.632902496619443e-05,5.1196796620370615e-06,56960.97943604096,56767.95103576679,1189.547589292431,0.000976765003581471,0.0010746725999549853,7.559193252233134e-05,0.00032276029198459227,0.0006575988783386533,0.0006063117280232357,5.1659755426846966e-05,0.2048512156761252,0.5542574308467292,0.7628710450092977,0.06398583682008595
superconducting,0.0002451437519989566,0.0002502689559380917,1.0834831162184673e-05,3.956718075971477e-05,3.664983170275045e-05,1.7613538883673868e-06,3.936476697003921e-05,1.858631874639829e-06,3.6157855090126696e-05,1.9143017491627476e-06,104180.69275545789,108202.61868178376,2492.3405331792906,0.0003354787768435733,0.0005291595104284117,3.419855500366311e-05,7.118012300670533e-05,0.006973363574720329,0.0002456594037146734,0.0003929497514188748,0.04561378029327101,5.853950581491232,0.3252730583497129,0.5005634601447001
superconducting,0.00024736528569407846,0.0002650446175621748,1.2748885108215333e-05,0.00011256352436513513,0.0001145951530801123,4.717562195598504e-06,0.00011576561347702663,5.668242810447038e-06,0.00011195689552804363,8.509982734702959e-06,39489.95405238829,39713.92277950195,888.2726922102754,0.00011635862269126534,0.00019233814291466918,1.5328119361632475e-05,0.0003461703253880993,0.00045043003893519137,0.001964264311887364,0.0003803704505041905,0.22435984192782407,0.3828995838010671,2.3457530293551683,0.41957661974720684
superconducting,0.00032148276160036263,0.00035088491774898524,1.6428743040277547e-05,0.0001385061917148608,0.00012255413220043756,4.611537253362995e-06,0.00013731841694428787,6.967909571070206e-06,0.00011794096929868367,5.283087470542698e-06,23844.969710051744,22981.71761067167,789.840737140696,0.00031465353812492485,0.0003759731405047361,2.5792430288340995e-05,0.0019302965838240873,0.002182906000147515,0.0008844993485367748,0.0006690047470655003,1.3330022531144075,1.839857605630386,1.1509594799882792,0.8166979144347832
superconducting,8.213864791761736e-05,8.093372460370925e-05,3.591552274351919e-06,4.8047209622337835e-05,4.449026215245495e-05,1.730875634414624e-06,4.789407147674435e-05,2.041970800503831e-06,4.293965467242632e-05,2.088235731261821e-06,56108.16476905513,60749.31492507521,2151.587473401106,0.0006769282494969943,0.0008530808604151265,6.657073599110134e-05,0.0020035903146344925,0.002831453069816246,0.0017990472553087453,0.00046132415674631443,1.3555884111177803,2.295743371841577,2.1928136377224416,0.5781553333324422
superconducting,0.00021752624937248312,0.00020544620840927752,9.348058160860318e-06,0.0001185823599443221,0.00011277750414606407,4.462088958835908e-06,0.00011847063961674712,5.79133349888666e-06,0.00010446074297039389,6.9997081235110675e-06,29720.378261541082,28755.272538481862,914.4567453681536,0.0009215941767554011,0.0010145447480800333,7.133534081301466e-05,0.0009375767319914339,0.0006793038062334973,0.00013847139420376765,0.00015464578198275608,0.6063309804879893,0.6064190925987509,0.17844617821260605,0.19792535202770792
superconducting,0.00027290787238567625,0.00029322208481285535,1.1763996750061146e-05,0.0001376990420577296,0.00013588602411260042,7.071263716478018e-06,0.00013129393217432185,7.012518417504462e-06,0.0001422555575120819,1.0925195670884504e-05,35282.80727428578,34835.70460157178,761.7051661817774,0.00010781773238833782,0.00017723049889294666,1.390447262247583e-05,0.0013303574338936724,0.002136202127061809,0.0020449800295858135,0.0008029904352800565,0.8541640684954434,1.7499005731022286,2.384779155420415,0.9722621935087066
superconducting,0.0003766558639514877,0.0004099631720890151,1.389365569226076e-05,8.634448482815585e-05,8.992857899456708e-05,3.0764040084086896e-06,8.600424661419452e-05,3.788486681709749e-06,9.752638982151962e-05,5.27141382198829e-06,45634.89688721648,45540.191536457045,1165.5088203755454,0.00035901005588844534,0.0004878972427002289,3.2409109303813e-05,0.0011000236539081187,0.0009508294913060733,0.0013475064322914826,0.00021634465075810868,0.7376650262310436,0.8368489954122585,1.5423955518475387,0.3094717283436581
superconducting,0.0002280478327538978,0.0002599259792984977,1.1993622460367172e-05,0.0001350902587803832,0.00013163679247094574,6.392261163436941e-06,0.00012687341169232273,6.471646042674488e-06,0.00013992391993462126,1.0580606744163946e-05,30597.905092397355,32101.74943508736,803.0192486421854,0.00021809212410819637,0.00025832115949477437,1.6399210261684674e-05,2.650844661874707e-05,0.001859823308919035,0.0006196985911195011,0.00035327857398440645,0.01856071958526351,1.536395104982777,0.7415727631752863,0.45995011603311037
superconducting,0.0003798692137011521,0.0003894190525765893,1.5355198768633668e-05,0.0001570641654122988,0.00014013932884201317,5.917984811549394e-06,0.00014806681009881122,7.700097228721167e-06,0.00013708629695592393,6.964942771379769e-06,7507.086656494841,8387.763422624685,765.4495399769615,0.00011073919665437865,0.00017057611905870043,1.0962118286867793e-05,0.0005204127099236342,0.0023823938120686268,0.00010191163233630259,0.0002305320833371151,0.36818406645547974,2.1244502746830336,0.15329440162632196,0.26338488726048226
superconducting,0.0002005650016389266,0.00019449670176041416,9.108179749103077e-06,9.594353251677553e-05,9.588702358952761e-05,3.6358332868763465e-06,9.925654934130892e-05,4.973056245309678e-06,9.201778292625777e-05,5.218346690449555e-06,43502.13119511158,43092.31896301098,1097.7729968511567,0.0003051955655987913,0.0003888046383441245,2.623153485426833e-05,0.0004248768764838276,0.00018510690186820594,0.0007947490346034791,0.0009246161586852367,0.31085236246256254,0.17327882579572057,1.2467197387701345,1.0428884266999392
superconducting,0.00021237635495083632,0.00021305781020144036,1.0085797581292184e-05,0.00010922199541130986,0.00010702832672631661,5.202375707868749e-06,0.00010742774089604117,5.643807360558882e-06,0.00010477052140205692,6.173582298494593e-06,37318.20221270521,37010.32787696924,954.7882386177249,0.00011457020542424712,0.0001876249685541043,1.1940856337990679e-05,0.0001643854899682253,0.0001969296314263814,0.0017451518706391627,0.004382976724363606,0.1249023579042031,0.16838376155867918,2.5804106815449956,4.72425035222869
superconducting,0.0003017784952111984,0.00027233074813228067,1.2650372303167303e-05,0.00013814598798368442,0.00011977043366365005,7.041661951997233e-06,0.00013772648227853087,6.856378096606414e-06,0.00011054750461436516,8.663359653545547e-06,18987.211529645574,19469.1916396912,814.1865151547757,0.0014013948220863476,0.0013628078887552545,6.328490468792051e-05,0.002542565442359632,0.003504164859010563,0.0002462368877577003,0.0007002808822823887,1.7135171423292577,3.108315367720697,0.4084424188260217,0.8541589184064615
superconducting,0.00036378727999772885,0.00036801649137033633,1.1488134101524641e-05,0.00011641558495822956,0.00011667512521337345,5.1364718424736905e-06,0.00011438211168121482,5.70453699453484e-06,0.00012649867825373332,6.408175978335761e-06,26543.355123455098,26354.291818354606,907.8715818299793,0.00013786587216052786,0.00023905122771754968,1.526273754165025e-05,0.0012121108499550933,0.0006822251425407491,0.0004176063456714128,0.00244058484884402,0.7854998190717059,0.5473734510940638,0.5405037563165668,3.3949541959860228
superconducting,0.0003029893266870698,0.0002925208496173822,1.4026479584864081e-05,9.612261562704157e-05,9.417564853556473e-05,3.556320254453844e-06,9.262263849796656e-05,4.410278389252702e-06,9.706277941122416e-05,6.013289440761593e-06,44893.128700720714,45756.185727125994,1086.3442425915327,0.0011414848564427961,0.0012590996407568762,7.546289368586548e-05,0.0001079057786855415,0.0008563507133572297,0.0004435029550183162,0.00019374665749137622,0.08263120533932841,0.6984958467859473,0.5595258426497633,0.26370010935437693
superconducting,0.000323596107998953,0.00035023613793482456,1.682636278537644e-05,8.848999970383101e-05,8.975953820918893e-05,3.4207394561140357e-06,9.196738417100986e-05,2.511363497594895e-06,8.881129720267114e-05,4.0898755484531095e-06,30234.040396530254,32344.681100203907,1105.8709812381078,0.00021547423097301565,0.0003395722029045865,2.1951412521591556e-05,6.211869582104425e-05,0.00745213745723573,0.0003709786904050501,0.0008312371675965815,0.03983918230512339,6.175200577549051,0.5554435023282556,0.9093869196472488
superconducting,0.00021999638946149747,0.00021716695795576606,9.973587703048808e-06,0.00013734771443726438,0.00013061691326980127,4.927826597946493e-06,0.0001324646879537567,5.5417136600810075e-06,0.0001236354934360292,9.542932732960292e-06,11660.28754187864,12158.972479831675,768.810007083357,0.000872067623406434,0.0008943850104599474,6.435486743656656e-05,0.0025450907936001906,0.0009032126422209939,0.0005946029326127482,0.0011270618188826385,1.612724238787706,0.7379072297921985,0.8594684724186898,1.2741459610560395
superconducting,0.00039107710377615025,0.00039818621296435364,1.853858501718111e-05,5.762178569753632e-05,5.632295426498944e-05,3.370299927597887e-06,5.516142794975754e-05,2.7157045436575967e-06,5.708051360209839e-05,4.332127236512013e-06,59797.11928655501,62745.983967372966,2013.0634388506783,0.00014954966955232975,0.00030368216209589855,1.9152042707889453e-05,0.00013429249883771828,0.00446330577736462,0.00041744918185907995,0.0005185077648431444,0.09139328435986564,3.901663110423719,0.46958224239859536,0.5831874989079374
superconducting,0.00024732971088746854,0.00026063814717138315,1.1633661024543556e-05,5.138983147464432e-05,5.0150942631519125e-05,1.7753890623057854e-06,5.2991661661272296e-05,2.42258213027843e-06,4.685528529768786e-05,1.937205186530727e-06,51785.51489155674,52115.88646411075,2108.8323124399735,0.0008936266448465147,0.0010987585948932814,7.480981678794385e-05,0.0003125649484397408,0.0005857024504726741,4.274581555894635e-05,0.0014700336588479165,0.21978767789289066,0.5902512092055693,0.07528516022127883,1.8143436185765724
superconducting,0.00035775512220879757,0.0003910118612378105,1.764215448725014e-05,0.00013325978238774798,0.00011920968367909353,4.955044741058803e-06,0.00011565861488249279,6.12560954457327e-06,0.00012593160430465593,8.42784340699228e-06,14933.198920929859,14323.54975333324,868.2837401816212,0.0016008296613542472,0.0016120877891972224,0.00011655741348564483,0.0006659224183501556,0.0008876862335102264,0.00059372133318401,3.092373626381783e-05,0.4610309419131044,0.7320096828629957,0.8199414832998632,0.04081624824343724
superconducting,0.0003720538241986293,0.00043066516311910633,7.637087829367666e-06,9.484932735800812e-05,8.839220698683994e-05,4.532261353572917e-06,8.645509695916598e-05,4.648853257696205e-06,9.514900701908027e-05,7.294486013571761e-06,14216.8830893893,12860.773238793588,1097.5382945876793,0.000219518744647946,0.00031312962070209865,2.059913008445674e-05,0.004398299718822356,0.0014619026081384259,5.820116931421637e-05,0.0012574358010509056,2.7691636913708595,1.2229601123390146,0.08701856535073428,1.7326121398913568
superconducting,0.0003380140509770715,0.0003435172266880259,1.498026956113079e-05,0.00014372842432350185,0.0001357118515802483,5.538657510313738e-06,0.00014419884748337255,7.4920024615785e-06,0.00013510195578240344,5.734215717528087e-06,35807.959308264806,34300.43019981588,662.3406419222285,0.0003398486806831203,0.0004455292052912802,2.9850619382485883e-05,0.0018030699715225226,0.009867271344325163,1.780035800883617e-05,0.00026628598541290064,1.1656276888113317,8.151744933847649,0.022637879534600294,0.30619622120297413
superconducting,0.00028346608995360046,0.0002901450540971733,7.912724115397882e-06,0.00011676431664850234,0.00011658255532993535,4.454912196949367e-06,0.00011660637454477023,4.8595385380918764e-06,0.00011650398661234981,8.974582629480735e-06,18492.638346763175,19252.769337298592,928.6786125372685,0.0003614791179447755,0.00047224306257105447,2.563107477108723e-05,0.0017075099120829667,0.0012716222974810095,0.0021792969647273087,0.0009626689051014609,1.1117652726829346,1.095184642123916,2.696373872497317,1.059183260032484
superconducting,0.0002801166561317008,0.00031323617410578084,1.4081952267186726e-05,3.817698759355333e-05,3.47189033495873e-05,1.2447073193129148e-06,3.663075634492483e-05,1.908090705884078e-06,3.33026914420741e-05,1.6422372131941007e-06,49809.8744954909,50106.4773670849,2808.56965007398,0.0002967159651550567,0.000611312804445853,4.5532377889254844e-05,0.0020775567817655966,0.0005819973165126083,0.000693436535841723,0.0002967062463032006,1.5511719126715517,0.4682513640969345,0.7241125116392397,0.3610848808909001
superconducting,0.0003711824930746152,0.0003885483456679524,1.8669541736309282e-05,0.00014349734493249945,0.00013394221307307545,4.928262240343952e-06,0.00013334053397447314,7.167237399003145e-06,0.0001343817504966779,6.483087336302938e-06,39326.49219124796,38626.20852786173,718.3275479313673,0.00047487630144425974,0.0006127758734261707,4.1201307597605e-05,0.0004324540578713211,0.001291920382000209,1.1117513141768984e-05,0.00021843942642900958,0.3312931238132689,1.1200289073729333,0.014252261635613394,0.25022000764504526
superconducting,8.180264562609612e-05,8.450381594745653e-05,3.669929292352648e-06,6.568280022921362e-05,6.292895428423883e-05,2.391734449312162e-06,6.458354024848626e-05,2.822225683013075e-06,5.883516249590923e-05,4.458009000092011e-06,79158.22289131688,79801.10179943686,1618.6593962237835,0.0014537301359273023,0.0015119896383709256,0.00010838773140431732,0.002042646875875774,0.0011694880633854403,0.00017032316307828913,0.0004869800786369334,1.410371894775773,1.0084676881961911,0.21851123661580749,0.6487053139627266
superconducting,0.00016669875159350047,0.00016966374293589362,7.876906101147249e-06,0.00010553673999406998,9.528994259896727e-05,2.9953544306841415e-06,9.671215402344137e-05,3.3560427547284047e-06,8.971989067439229e-05,6.6416353157324255e-06,29717.47229125964,29975.29668161494,1093.504282398746,0.0006843674049985985,0.0008215169366860298,5.6267533194118755e-05,0.0012597469076931086,0.000726258365775886,0.001063337095283591,4.868648948386461e-05,0.8731444530863739,0.7138337687877939,1.3886578974555897,0.062429496062211126
superconducting,0.00015220356321944087,0.00015363453469394473,5.68829740400422e-06,0.0001025418506057911,9.764423443012085e-05,6.035862024339193e-06,0.00010106998919501841,5.152936725944931e-06,9.51828724827608e-05,6.8561621283729845e-06,11855.366251422582,12759.230127333261,1097.4082684739237,0.0004986262789084101,0.0005771590115860962,3.9947593287546236e-05,0.0012916578494561143,0.003971218344961925,9.382712106578608e-05,0.0010259143552375208,0.8146680912663589,3.2816794037422232,0.15272057644840817,1.331873030160691
superconducting,0.00029382937950642515,0.0002980343713328018,1.3657090125291216e-05,6.134661491124053e-05,6.262532640682913e-05,3.1190192177274656e-06,6.314829444703308e-05,3.2965947814636387e-06,6.21944499337242e-05,4.212299758249589e-06,77536.61836812808,77413.74778486943,1671.721115891438,0.00031552703925015035,0.00046139647011630015,3.159049181300816e-05,0.002153477171567308,0.0024113651410208013,0.0007601451695698409,7.802974529267537e-05,1.4122801037942483,1.9816628710660857,0.8531152291863031,0.10599818892895707
superconducting,0.00016671169385551758,0.00016628417977304714,7.788453784215393e-06,6.798040505469348e-05,6.494327052093777e-05,3.7441506700667137e-06,5.896538290286654e-05,3.1561852006766303e-06,6.833446556479719e-05,4.687356434811053e-06,48552.94334788028,50785.28528278455,1531.8991948001974,0.00015929765895339804,0.00027896581056284633,1.779110924793131e-05,3.242849594674913e-05,0.004599017810323796,0.004115495837576031,0.0001017237025102006,0.024890103526286286,3.887997506707361,5.14674396813186,0.13561653695862644
superconducting,0.0001440681430388128,0.00014064466076844673,6.596925305835664e-06,9.568519070332565e-05,9.051732022324969e-05,3.6250309569989518e-06,9.176646493763333e-05,4.103056191095305e-06,8.607394120117333e-05,5.491146566188681e-06,57499.15732786112,58592.43911415515,1086.2269300877283,0.00040022948215805154,0.00041878856691263263,1.9091463447259787e-05,0.0007921822636560434,0.0008863608864314509,0.0003299090396057552,0.0016064963410897424,0.6525359227744812,0.7550056236328547,0.4215602998407369,1.9860467325259985
superconducting,0.0003025059605841426,0.000321468282331061,9.936970724717384e-06,0.0001062084066069995,9.218591119075493e-05,3.3605744299790536e-06,0.00010087951394305217,5.153269822407431e-06,8.91964623546793e-05,3.8957561955986436e-06,14088.456666808781,14692.175145133497,1090.8439630897078,0.0011948162527816667,0.0012866806516847323,8.472958345745025e-05,0.0013787475389872381,0.0018769429824593833,0.0006219873264275794,0.0005761999459508451,0.885175160852537,1.661982481458951,0.784142395713173,0.6042583679544429
superconducting,0.00017157345626225945,0.00015906156835388704,6.080484434565655e-06,0.00012431852324697686,0.00012726941540072356,5.4236586767738636e-06,0.00013597669237719554,6.919989252531231e-06,0.00011340198534053923,8.73297530995711e-06,14308.30081634253,13601.48743538366,799.7393656385258,0.0002230658794339466,0.0002818016534248518,2.265081703210042e-05,0.0004969886302312828,0.00108684359203599,0.0022303352963511857,0.0005744252453388946,0.3714167698763641,0.8865202023153265,2.7254049739608606,0.6195637174332044
superconducting,0.00013194409141469615,0.00013013366750358772,6.204018371281764e-06,4.731444870873514e-05,4.567701071069887e-05,2.0971239303345263e-06,4.952345171885176e-05,2.6101260636173638e-06,4.1559917443277625e-05,3.017501431196331e-06,82890.68015185467,80182.98809638977,2302.290120500605,0.0013702646557167528,0.001432724903283303,0.00010238791071418728,0.0024686223774898156,0.0013259949862086937,0.0006850228825858058,0.00048464714703281295,1.8364928851827904,1.2486489993592516,1.0123161200582773,0.6151290171103778
superconducting,0.00038941654153207777,0.00043265287218823836,1.022384068677658e-05,9.066901516227379e-05,9.19999396866963e-05,4.445786368113344e-06,9.830644375166321e-05,5.220587231832349e-06,8.466267379711132e-05,6.539152172955007e-06,23744.043256245233,24549.0468469006,1125.3431397559727,0.0015523532549550265,0.0017989630960561914,0.0001243833992255901,0.004776349477173051,0.0016441199750123789,0.00010653150492282031,0.0008136053804539648,3.097150741229305,1.3485237412532907,0.13358485012367288,0.9256387608294335
superconducting,0.00032427025050495536,0.00031546391393867613,1.2300490500713035e-05,0.00010669964831232444,9.971186276234851e-05,4.273396964530908e-06,9.919937926022156e-05,5.170633669820361e-06,0.00010081635315977102,7.082662123317656e-06,30629.90232368057,30045.854457632373,952.4728945204896,0.0017550486949267368,0.0015305292510732179,0.00013828210976138145,0.0008743439773613255,0.0007703419742966737,0.0021414919391509364,0.0009012817768970974,0.5500247476891916,0.7836288440091929,3.4846439489368843,1.1486204554982198
superconducting,0.00012204425603388314,0.00011493889422558799,5.3063034615420165e-06,4.351509826743055e-05,4.340286007247459e-05,1.8077923101947978e-06,4.6105078405646904e-05,2.1379638126750418e-06,3.6624140307371346e-05,1.9475376144195183e-06,99764.26239794261,98185.46338823615,2359.921486655379,0.0001413479066255179,0.00032606585280234914,2.051422888769711e-05,0.002777432780580631,0.0006172841038631423,0.003427893872574655,0.0027684124085378776,1.7637607599953915,0.5018370272739793,3.9376021180099543,3.0231259116220475
superconducting,0.0003667666214735585,0.00042478766683793354,1.8460102286079847e-05,0.00012220436528382302,0.00011672234329327,6.630137221667004e-06,0.00012349892184681784,6.292430610621382e-06,0.00011363693150618407,7.37005344748124e-06,39951.74034075072,41361.18271333248,877.4079972104331,0.0004995163236524146,0.0005484729603262588,3.8565884069001695e-05,0.00016369406228088272,0.004168941586911777,0.0001674536659626816,0.0009988186923538427,0.10461873163798581,3.548620868690912,0.3062591589068651,1.1777628599346577
superconducting,0.00017385496934421124,0.00017050292299632277,7.876604882628248e-06,0.00010494713736696794,0.00011174515390435753,4.115137160484704e-06,0.0001125825921876672,5.753650244599371e-06,0.00011086813746568663,5.888042279583554e-06,44995.34977087197,45121.47797991329,979.5483070127096,0.00012481035641285026,0.00017171711846717235,1.1379721016315448e-05,0.0011546281539331978,0.0009097800193974945,0.001149823684230533,0.0001567728472083737,0.8047141435751656,0.8009917331509587,1.8026410558766874,0.17420696191137663
superconducting,8.957936463737543e-05,9.06085071438987e-05,3.449960810870845e-06,8.610787628078586e-05,8.67020972442204e-05,5.149392432047456e-06,8.185974308690594e-05,4.422263039445163e-06,8.870749187146468e-05,6.123526835708062e-06,62562.55980926996,63955.55361566383,1148.4466294501522,0.0009370417647509245,0.001046980926130046,7.32399724319187e-05,0.00039792069143734343,0.005354910219484065,0.0007697647618872943,0.0007543055429286153,0.2823322402466821,4.62989147152418,1.2678731531646605,0.9466386681933131
superconducting,0.00037007214342210204,0.00041403247425943245,1.8612047098941145e-05,4.8181136005724584e-05,4.9357751098466106e-05,2.2713192926642024e-06,5.0434168409710065e-05,2.5826663783439564e-06,4.7772219849599425e-05,3.5718045194954086e-06,103184.8148000978,100544.19490667689,2109.74276198606,0.0004557673438620745,0.0006926514250435777,4.280933994369822e-05,0.000645905207857533,0.0015861307847655774,0.0004983890412209697,0.00015400499989463151,0.4200780793469185,1.2985079561751853,0.7583504508111939,0.17061026656912226
superconducting,0.0003915389574505681,0.0004188397454881077,9.591738368086186e-06,8.294348466236865e-05,8.747145159064837e-05,3.85541828577653e-06,8.553888529948508e-05,4.568636082153586e-06,9.171789307582067e-05,6.893879273086004e-06,54081.448891396205,52677.42763851969,1315.0039091252154,0.00027814959578911834,0.00044846722433375066,1.9204864443119995e-05,0.0026402693478091376,0.0011799241285837202,0.00015489774208916565,0.0002189221289372728,1.6967193865038892,1.0362474447434373,0.16609281947048987,0.24973652081948322
superconducting,0.0001879008162382155,0.00019350620866254357,9.22670866840767e-06,4.158275490513916e-05,3.915294794460028e-05,1.6809959754170231e-06,3.925934571296692e-05,1.9522556194021276e-06,3.884788798667798e-05,2.303354187027322e-06,64597.42618654434,64922.122820837605,2688.3474986248557,0.00014636966304556773,0.000383373648598131,2.5880231974389506e-05,0.00041656102465183686,0.00031905058089497354,0.0010020284344932733,0.0016361999950637398,0.31009034506047817,0.3115131942181933,1.0659316691439216,2.059702997351059
superconducting,0.00021612414359067412,0.00021067701672379896,6.5136936308511436e-06,0.0001279607116790641,0.0001263874147751388,7.147454999099322e-06,0.00011657245526626233,6.305471175645142e-06,0.00014169095132602447,8.879626901604544e-06,15998.00069250276,15974.773789779507,920.733793159405,0.00011909026319914556,0.00018332448609551313,1.184221428291733e-05,0.0013081211408226866,0.0024562447927131996,0.00031531083751773324,0.0011973523810189267,0.9161977648521185,2.1089660947149893,0.371739943164019,1.6581298726187292
superconducting,0.0003188803051835584,0.0003221832355254063,1.536722225064879e-05,0.00012770082336469968,0.00012786363326113546,7.081696537365875e-06,0.00013318955438124997,7.165430146483539e-06,0.00012334352478527978,6.6863283500048285e-06,14468.983175502985,14945.194104254835,878.4292854451114,0.0007205790888636165,0.0007040858268780518,5.155751146753807e-05,0.0005479188862993951,0.0023666760304346572,0.001016457145815503,0.0015856803087649373,0.35267339398370157,2.127660698697645,1.940848257481758,2.0737940880920163
superconducting,0.0003849439704446791,0.0003966544077042148,1.8157538420421074e-05,0.00012832260906020938,0.00013092177932379166,6.913573650985991e-06,0.00013615590000161444,6.907449931051711e-06,0.0001271409355804795,6.424133069713677e-06,43447.96567219719,42849.03665578848,785.1964391152462,0.0001139461130601571,0.00018598400732779236,1.1300355909827374e-05,0.002512472571636931,0.0028498179700112776,0.000463121817054815,0.0018428391749147313,1.7702214006879085,2.3886085605994944,0.7116753676325525,1.9947864816545282
superconducting,0.00022314892822667028,0.00023481042149239793,1.088849010962931e-05,0.00010350176557744642,9.77978362189905e-05,4.8234465205145645e-06,0.00011246901308110849,4.7507856026229465e-06,8.516167097107485e-05,6.580588088747567e-06,19141.468843552146,20290.844591604724,974.38770837858,0.00026940470193494804,0.00039092826786259817,2.563318875752952e-05,0.000798056451624494,0.0026364216407726592,0.0008867480096409718,0.0006264988427983147,0.5522347397531979,2.227656408978894,1.2445210381702365,0.798640968007293
superconducting,0.0002596488578789413,0.0002993694750810683,1.3336387074764577e-05,0.00011565580223341174,0.0001044526465791711,5.079529344923106e-06,0.00010944171340014812,5.350561255153185e-06,9.483538513837044e-05,5.082121268884763e-06,26546.231350977803,25921.738098802576,933.9611138023503,0.0010137160486942817,0.0011361381909697978,7.939616037836677e-05,0.0002209917080564757,0.0016505888230349919,6.529925480013948e-05,0.002782016702112886,0.15254039513160128,1.368793395091145,0.08074478406376343,2.9246818869511957
superconducting,0.0003249083663550181,0.00031661839165746526,1.4640217354703792e-05,8.865847300057738e-05,8.369125088507065e-05,2.939900994965186e-06,9.922072911844723e-05,5.0801100869578674e-06,7.58715327015021e-05,3.604875267895879e-06,55670.20519267638,55821.269323754714,1167.5863361270779,0.00016640370583272994,0.0002863723448417196,2.1355490317926022e-05,0.00027323639009494674,0.0006357790076497634,0.0007296120360808711,0.0006829471019623577,0.1967969637456113,0.6080420534073127,0.9234808522236425,0.8274804406072955
superconducting,0.00016766698377413482,0.00018411401707023193,4.059969314359951e-06,4.0173229319238115e-05,4.341556522587656e-05,1.732398818797041e-06,4.1788388108600325e-05,2.2577262691802786e-06,4.4555707176770745e-05,2.259228107960482e-06,139066.03153801497,137662.0389168974,2473.129643202928,0.0007820789373543599,0.0012186132363977262,8.087273847761671e-05,0.002721004584981204,0.001670363259052974,0.00038978112727533113,0.00025471409524815763,1.7388978694425108,1.429069977986253,0.4543432955287876,0.2838678544622661
superconducting,0.0003911529055124344,0.0003825389991403915,1.837229810487449e-05,0.00015141574646723315,0.00015406712118153792,5.4539818166828245e-06,0.00015788666876357844,6.321514238711821e-06,0.00014294533938556436,1.0787041343703875e-05,28697.41699839656,28644.419889363693,671.6971080295242,0.00010652502925900311,0.0001467766740018327,9.702340444377346e-06,0.0003877739643622397,0.0006088838776589111,0.00029843514922885876,0.0002120826823236546,0.24793998899894878,0.5197132558476992,0.5225299929978608,0.23099847378223368
superconducting,0.0003857505433763624,0.00038917903921254935,1.8496358588833618e-05,8.127253645739739e-05,8.172479102000642e-05,2.823583916023939e-06,8.06732164892283e-05,4.29918984139576e-06,8.21802035250282e-05,3.3801457561669815e-06,39499.33678986336,40142.382178518696,1236.8986103795287,0.0001981233380787071,0.0003304866148511618,2.1194866873209507e-05,4.302398436980781e-05,0.0016620192661440495,0.0002811392756667648,0.0005016122187329831,0.027876091615913288,1.4273573560295227,0.35735600886388164,0.6634914765017551
superconducting,0.00037473415696182304,0.0004012907667485914,1.8338661004100115e-05,0.00014548909484681286,0.00013815491158663434,6.943680275201041e-06,0.00013853079311697603,7.212442502845704e-06,0.0001333915026811364,1.0099598664341691e-05,25185.735387968263,24905.740697999565,720.3945159547411,0.00043543255660617383,0.0005179525603026732,3.8635580681502494e-05,0.005221360254998358,0.0006666638837263618,0.0009423142412583813,0.0047785215846878806,3.323162879536241,0.5600873663089612,1.6139719049839463,6.462839542027227
superconducting,0.00023678303272583892,0.000251262510904227,1.148604006801539e-05,0.00011799760609463253,0.00011374223614945409,4.580857839059328e-06,0.00011372260825483302,5.148397431791682e-06,0.00011376801074862172,5.598338660859271e-06,35200.12985144678,35079.3888666472,843.4991873425938,0.00034858363191697287,0.0004797388098049828,3.178624915180367e-05,0.003692358376674489,0.001565298210754688,0.0019139284673269042,0.0013901298130397156,2.3575162167820785,1.394560262689668,2.486668863745104,1.5487498773006947
superconducting,0.00010306180929307328,0.0001105009037820187,5.290653694917248e-06,4.188951104027461e-05,4.2537708645275235e-05,1.8217544182971405e-06,4.3200074176940685e-05,2.2586897602181895e-06,4.130473790055045e-05,3.0816556397759595e-06,55203.89747539997,58683.38264251235,2504.4635222525344,0.0007455036111830392,0.0009879967278255874,6.602442830962837e-05,0.00223845975276988,0.0006225856765816522,0.00020006127196142855,0.00034747443858397834,1.6034853835804643,0.5313297808137882,0.31608079323759475,0.404673361906009
superconducting,0.00037295705727474125,0.00038962250827326154,1.825627977787109e-05,0.0001312437700721438,0.00013585524261585237,4.7238079867302385e-06,0.0001483659208862537,7.250722330341819e-06,0.00012662918166355959,6.2265718773172835e-06,13558.535619426166,14169.6598619338,766.3680349449916,0.0009665172935583565,0.0011296171895974548,7.795935519207956e-05,0.0004502180875901038,0.0007758028037586657,0.00013971003581238792,0.0004282313771960406,0.28576438530866516,0.6513176232463478,0.22938927178036406,0.46102531619126647
superconducting,0.0002857285861849819,0.0002865305850024662,8.595302537479443e-06,0.00010316308161012673,0.00010765163025182367,4.020740991949326e-06,0.0001109481726475125,5.161019216835836e-06,0.00010256143919982142,6.3280576251768575e-06,50558.561154108356,51402.95004566096,1009.1103237521666,0.00013479314476035713,0.0002635203804679149,1.7852203356683643e-05,0.0023925450127849023,0.00047043045296026617,0.00025318016300843616,0.0008681500396376938,1.5155865081943405,0.42783576314429383,0.27450188799125197,1.0270829490373803
superconducting,0.00014509320411981377,0.0001634131780204288,5.9608028624514814e-06,8.563095643236967e-05,8.174426046597623e-05,4.334699554268173e-06,8.41661465533052e-05,4.2848619044621566e-06,8.117994872611497e-05,4.8132833930223485e-06,22110.594857698088,23667.274779835978,1311.2098375537457,0.0017165846763431832,0.0018965017996269695,0.00014456011728179914,0.0007607255810795314,0.006294872080130721,0.0008397555064427847,0.0005462349056386564,0.506853566656609,5.415565745174809,1.1463613797860628,0.6598355192950941
superconducting,0.00028527565111437583,0.00028891104714399784,7.180435227418337e-06,0.00014255089432386762,0.00013373226419900435,4.381489609003073e-06,0.00013107393482716666,5.319759857180522e-06,0.00013933882768182935,7.725667360648188e-06,37243.534736555455,38115.25529286589,768.473342440526,0.0003484124110491681,0.0003862863116633788,2.7089741859733398e-05,0.0018384092814045696,0.0004298440713993386,0.0006489023692250366,0.0008583958722335915,1.2243586857750937,0.3639847947654037,1.0514258086637744,0.9677724182494062
superconducting,0.0002512586614011948,0.0002699138816847923,1.089914158298991e-05,5.128371869332641e-05,4.837905930074807e-05,2.5724865867018225e-06,5.261715959724619e-05,2.76651896257831e-06,4.502564142217529e-05,3.4429587692887384e-06,97011.402809428,97145.92044764565,1986.4952014634205,0.00015580285458407202,0.0003053200931067362,2.4630990712141237e-05,0.0012328599324127791,0.0024133879467206363,0.0022126463326807458,0.00025968522917326755,0.7858347192962322,1.9574014060092613,2.3742392517432878,0.29698981774264316
superconducting,0.00019235191609148062,0.0001814851468948163,6.864286134413446e-06,4.594164049742103e-05,4.11290752055216e-05,1.6932228664907172e-06,4.021087297359653e-05,1.9910051209488662e-06,4.352857812617996e-05,3.2185765773174036e-06,35924.65790085566,36283.53745250722,2461.5557993258158,0.0010881399992468314,0.0013636389188505318,0.0001120449176513999,0.0003789476918731543,0.00024899916757314527,0.004672846138126032,0.00014118135090317228,0.2477264895085573,0.20424839596599206,6.16893398634455,0.15813403679666455
superconducting,0.0002620358962708505,0.00026454632550722024,1.1972240379786456e-05,0.00010459736961893415,9.964353689926721e-05,4.6358122947826335e-06,9.839442061065215e-05,5.268474882875361e-06,0.00010392763275559722,7.561928064115568e-06,41276.62013767552,40837.29509675679,1005.3226307271232,0.0009367733832796897,0.0010540766346603704,7.357758448068655e-05,0.0013941985604721367,0.00043489365948701307,0.0004762796422018486,0.001211920663499956,0.9524079009336972,0.36552891357483663,0.8399476120127436,1.6647961102309499
superconducting,0.00019827727702601697,0.0002172516470558647,8.155485860585736e-06,5.485072571427322e-05,5.314326688551274e-05,2.2132955724545912e-06,5.6632035986958906e-05,2.9570955330588123e-06,5.250579031482145e-05,2.4070263384854304e-06,97447.7873894608,99756.63053534077,1865.2054539786197,0.0010154325801198954,0.001057052251727257,7.565331659593906e-05,0.003347217976943139,0.004280391844844195,0.0006470665417507552,0.0007891043580760775,2.568280251439421,3.6260932981701934,1.125367890908308,0.9508678955712542
superconducting,9.637266110499237e-05,0.00010292044869678715,4.52534240666547e-06,8.589233846154062e-05,8.083701886751218e-05,3.827859235840202e-06,8.117067686050623e-05,4.398665065346244e-06,8.041539280169489e-05,5.759176010187791e-06,47475.35096060399,47334.53984908561,1323.5484079037565,0.0003005690458196145,0.00038092762940680953,2.5733333513866175e-05,4.6512980768543736e-05,0.001553769478307824,3.0470141186717724e-05,5.622531649319604e-05,0.03079875322690639,1.356603696158104,0.03581294942519547,0.06774023548554003
superconducting,0.00037718192535703626,0.0003871825095670127,1.7737517423577088e-05,0.00010622744535468637,0.0001004934894160997,3.5333668452772905e-06,0.00010183895177451349,3.879664687383692e-06,9.395009078905422e-05,7.325100149030649e-06,40630.42869770677,40663.02834324924,1040.0504636359703,0.0014842386022441965,0.001692410132095121,0.00011749157604166419,0.002695511986993974,0.0004630377179437652,0.00035081553381472027,0.001270924706567794,1.8573945626959252,0.4024403874861758,0.43669472529183484,1.3642472175417972
superconducting,0.00028998091760205257,0.0003058701596232844,1.3985501379600388e-05,0.00014115381093415474,0.00012977947215265812,4.377483631102808e-06,0.00012880802146384297,6.739766845972855e-06,0.00013048829950427568,5.757112635416661e-06,23106.01637338545,22005.312964316985,794.3095926986903,0.00010174540925046015,0.0001582688105532885,1.1111363656788308e-05,0.0016228265378844646,0.0005824212921599536,0.000550542628834085,0.0003948929817102409,1.0610506147317258,0.4939482095140796,0.7797308958791008,0.4544914832391619
superconducting,0.0002962582829638293,0.0003109771365236156,1.494800298985421e-05,6.168215122600639e-05,6.254302206811363e-05,2.315185939696991e-06,6.396506445299536e-05,3.018442363590354e-06,6.05109091394496e-05,2.388053564334683e-06,84912.99950114368,87331.18963540507,1609.8773769796899,0.00012016020802003071,0.0003047269132909427,1.8966642522530323e-05,0.00011849877690607629,0.0004149218266880389,0.0026167785064219167,0.0018062329366190645,0.08761920812535094,0.3727470122860613,2.896744140575901,2.283036975423147
superconducting,0.00014410304432990612,0.00014290130799929308,5.862126692658414e-06,0.0001067124110752136,0.00011096263184896644,7.371421202664731e-06,0.00011438358745782268,5.8057309209575094e-06,0.00010263592872174448,7.533461422504173e-06,30583.07378228815,30967.610546097443,965.2036003803851,0.0012706184191895182,0.001284204586330618,9.279408785388543e-05,0.0008455380511233701,0.0027857244310789714,0.00013616892185754537,0.002434604429779269,0.6305974716220921,2.2744002197250213,0.25481880391447814,3.2878894062969533
superconducting,0.00025967698008953804,0.00032221649811548967,3.7294908941813682e-06,4.719071512269862e-05,4.5000962241086354e-05,1.2669361781412415e-06,4.474620087904145e-05,2.064691285553741e-06,4.514144493590915e-05,1.5780495327490834e-06,53764.91661163098,53302.87281742589,2293.264143822568,0.00021783144186574046,0.00044486756695850076,2.804447881858554e-05,0.014141645642096396,0.001262982304445891,0.0013135628510898968,0.00034536274288233946,9.036658405990861,1.0593555470872913,1.5877586865904507,0.4326941968731868
superconducting,0.00012801623282084084,0.00012829382847526994,4.651671294996429e-06,5.360537994167867e-05,4.9807622883399644e-05,2.7239286067102457e-06,5.7474329224500945e-05,2.9302999329193775e-06,4.628344450800133e-05,3.2909669225650946e-06,81352.44807143277,78708.11501724923,1868.4320880580128,0.0001225309992735536,0.000234734576393434,1.9039988950819238e-05,0.001704948574916889,0.003204832665365014,0.009097408584925915,1.9812580151078292e-06,1.0740029177680186,2.7439350731404994,10.8428718397516,0.0021610811033722296
superconducting,9.851327922980105e-05,0.00011582013994696587,4.951007908550927e-06,7.678481160573993e-05,7.7277864951167e-05,3.458662211066511e-06,7.922696131145914e-05,4.043251847039955e-06,7.672975742257041e-05,3.914880364581077e-06,60951.24658019214,62728.62770217236,1318.8988698064047,0.0005581802589017421,0.0006552785087716886,4.989753663481094e-05,0.00014986971124361412,0.0040542115676198255,0.0009919969218432096,0.0003021049904628994,0.09718890527517124,3.3338261261683355,1.2389260334883776,0.33643543614229965
superconducting,0.00014897070750770672,0.00014125024609307335,5.155677384529604e-06,7.037831612500216e-05,6.945076935503719e-05,3.631493622990992e-06,7.401182719592473e-05,3.9527291844928235e-06,6.556403140344146e-05,4.942244190369163e-06,54328.500593490564,57187.76491590097,1477.1741975649907,0.0007754650021773886,0.0008624222711423442,6.0414489992492884e-05,0.0007158179544393318,0.00217615100501268,0.000306223717144336,0.0003073742333219606,0.45503304410214296,1.834571309207042,0.4844338451816743,0.34071315375297034
superconducting,0.00017914675298085322,0.00018385815841692255,8.760132605089922e-06,4.971473130453244e-05,4.716029929328078e-05,2.2149072175459517e-06,4.7050905329872584e-05,2.5222485819536e-06,4.737904876508348e-05,3.662624954448901e-06,40907.19317764359,43604.79426739591,2066.7852293114306,0.0019306086764774202,0.0018893987854334915,0.000138225875373096,0.00026211747582786016,0.0013467809024644427,0.00016518191801968116,0.0010041356695444533,0.19014971749660836,1.1567833014825517,0.27949944985076797,1.0969745184303492
superconducting,0.0002705170403307548,0.0002682839746592762,8.413842599658883e-06,8.767844280149359e-05,8.516628002890259e-05,4.423975060438316e-06,8.98060321366474e-05,4.791302214311767e-06,8.077676651990376e-05,5.216090585992316e-06,62965.7697359087,62090.35014785698,1224.4622341737752,0.0007275205533849541,0.0009693797666831066,6.469846859489048e-05,0.0011512733052782996,0.0020622816311690233,0.00015320824106143934,0.0011917705329066773,0.7496776526022964,1.7536957475792527,0.20013778033579488,1.399886228859199
superconducting,0.00011137000570291724,0.00011557090053946115,4.57887068287527e-06,8.307959618984041e-05,7.49903915603702e-05,4.014544585176012e-06,7.235518251287574e-05,3.0496254467028846e-06,7.714703614725515e-05,5.413529667515674e-06,31541.799999320727,30333.796876428703,1473.1830744196443,0.0008437230867695437,0.0008048482188059783,5.9416758140642294e-05,0.0031141486471248873,0.004447817350602379,0.000725532920522705,0.0006549856348903968,2.497414678021814,3.8503883083483172,1.515520039785805,0.8238543131348046
superconducting,9.995205188028362e-05,0.000107025805019286,4.891246570172389e-06,4.990324501651122e-05,4.407976460087414e-05,1.6255453844213515e-06,5.021607142205673e-05,2.6347800963409858e-06,4.215859001716413e-05,1.862709896397534e-06,83712.44007225013,84680.21020278582,2095.829336680764,0.0008726357941369861,0.0010364170867003387,7.120127759952332e-05,0.0016416915381617621,0.0019217558990162263,0.0028866064004185463,0.0005514591072893877,1.118938198508577,1.5964007749904863,4.951091527571909,0.5805334654279075
superconducting,0.00034308080859287,0.0003363269403739128,1.5456110963458984e-05,6.134467559232355e-05,5.6312392754782384e-05,2.4017728014377546e-06,5.609688214963965e-05,2.9945343620011264e-06,5.634386041411289e-05,1.8206007829146038e-06,63739.09235446103,67635.88628934803,1777.3986219055141,0.0005815730797898818,0.000723308926935939,4.980179944360293e-05,0.0034793643653264323,0.006179359940883575,0.0007139723584231451,0.0016208773651778243,2.677650196686413,5.04893218621986,0.8522026649743195,1.9944561051574459
superconducting,0.000305818400862208,0.00032186472549327797,1.5469455316548113e-05,3.9858349243547104e-05,3.738609454103605e-05,1.2777929928644705e-06,3.995620939650519e-05,2.0361733889643653e-06,3.5716394953857e-05,1.2087910660820986e-06,125012.81675686059,126554.4698285896,2647.370601941491,0.00016876223857967894,0.0004017949858886505,2.5286857260907316e-05,0.0003873126194110238,0.0008942236560723084,0.0007086938367877329,0.0014904230036756208,0.2920331646395402,0.7810421873547201,0.7341435081221761,1.843371375612001
superconducting,0.0003480404160504202,0.0003612177558681335,1.590758989845982e-05,0.0001086603890366314,0.00010670417769021478,4.548689434949335e-06,0.0001064560563898566,4.932567327292589e-06,0.00010811469237247352,8.36554069199199e-06,37578.82835590792,37188.35676763874,1011.9541028588254,0.0002266626350300842,0.00036731010314143054,2.9230168587279397e-05,0.0007771445920859202,0.0004640568427826192,0.0033324334799336073,0.001761497419441592,0.5422805107993292,0.4312617080804239,3.819714834128008,1.9763851143860447
superconducting,0.0001766240398417052,0.00018813474984504162,7.021826892468639e-06,0.00011698154276789752,0.00011597103768419091,5.942943388016722e-06,0.00010745244399429665,5.49776885229911e-06,0.00013857142515101431,1.0702858718985383e-05,14271.518258444841,14159.370996922955,962.0751562929674,0.00024211524621895212,0.00033151776546125144,2.1989266218803725e-05,0.0004320906311619969,0.0019282509087963937,0.0012095321739174375,0.0008555715437617112,0.29253446864281685,1.6089395164077456,1.8847205235307114,1.1263181083887592
superconducting,0.0002919715519057673,0.00028849768500552184,1.1712382189430635e-05,0.0001160182553304714,0.00011047298699079047,5.467448433738575e-06,0.00011363883957018273,6.047778558099325e-06,9.631138251110956e-05,5.571661542660196e-06,33162.71467694841,33203.02685079015,902.9868267124264,0.0009912513967628438,0.001135550535519105,7.112664571092598e-05,0.00021188776223996598,0.0003014931816421417,0.0005599921050702023,0.004741790414010373,0.15530368723952415,0.2541503724631779,1.0039415690630786,5.2704061138510445
superconducting,0.00011863837282850079,0.00011755428468668864,4.9332010744651345e-06,0.00010576158157168916,9.557382335952719e-05,6.5522136672825976e-06,9.935509369524498e-05,5.197464232213479e-06,9.30371767001882e-05,6.54395760428025e-06,52754.99172253664,54325.14230341489,980.4788860711205,0.00032469952497475043,0.00036609283611343114,2.554200722085212e-05,0.0003381293316139261,0.004611866248211016,0.003682093303870871,0.0013530774393674114,0.24499297051188273,3.9582846592486485,5.616984361603496,1.6750637365560541
superconducting,0.0002114311546384869,0.00022460123279696855,9.651213023679112e-06,6.473781737969456e-05,6.885635328936316e-05,2.0662550717594038e-06,6.79772853155729e-05,3.5175814783798913e-06,6.93194722148265e-05,2.5531668751959308e-06,38191.73683123711,36623.83942900123,1582.7192017996113,0.00010133905577779226,0.00026967556296198756,1.3843307211886472e-05,0.0013204078941104428,0.0001430535015511987,0.0015540427233455526,0.00029927934670372617,0.8608735443867095,0.12178396133701633,1.704568040875357,0.3523925403317416
superconducting,0.00039819345494197794,0.00045189707386513936,2.087952367758116e-05,4.1758306816454935e-05,3.825189637182885e-05,1.543241226664111e-06,4.1917836610479704e-05,2.133508676953093e-06,3.422898847718794e-05,1.0142783953725095e-06,99756.22708026697,101229.42298060456,2625.230545463511,0.0002649206598434064,0.0005582655854793432,3.5147955789344264e-05,0.0005973675794361765,0.0008665266403399873,0.0004417466205403963,0.004137306782991142,0.38385223006968294,0.7842680229803787,0.5350763113395868,4.855446639311545
superconducting,0.0002546275817602442,0.00025341153632118017,1.0630130797727343e-05,5.753792639991952e-05,6.124136918363888e-05,3.570028765393493e-06,6.020725252601693e-05,3.2045847065338844e-06,6.277772970726801e-05,4.849199304271632e-06,23039.30029400475,24179.43819015642,1883.5066753550632,0.00036021811106841606,0.0005404746869599397,3.522127818384255e-05,0.0025187996824128037,0.0024365934298334556,4.165351387926018e-05,0.0011898608304360741,1.645788193071734,2.076445480657624,0.048214613068625,1.3472481055274845
superconducting,0.0002458731864937977,0.0002592931269829835,1.2158526367910922e-05,4.091438218452213e-05,4.021643763807556e-05,2.1806949798912928e-06,4.216969455222638e-05,1.7401955346909317e-06,3.88737729331381e-05,2.832720178531112e-06,69326.3670716364,72214.83067380218,2404.7603193336263,0.00014319926037570287,0.0003309325940228508,2.081849896254049e-05,0.0026146477880366285,0.004652215449993161,0.0013210967556396694,0.0006669113071525862,2.007251260484468,3.8548106504937203,1.5676902769490173,0.8346812897565912
superconducting,0.00015185327265149426,0.00016372074072806077,5.76055362621541e-06,0.00010963771557263673,9.909883544882276e-05,4.246829192307328e-06,9.876362658208193e-05,5.188748637982215e-06,9.977907647560167e-05,5.207102004658369e-06,46086.25190333232,46421.286663620005,1019.5154124209491,0.00021377857155787394,0.0003082927433460582,2.0236984660776415e-05,0.0006808091895923828,0.0006429042311079225,0.00182286712149502,0.0018186372227075873,0.4576757966487637,0.5235999319622024,2.6424568868765044,2.0150249030349223
superconducting,0.00019606439149074878,0.000203204059566977,9.299118628326385e-06,0.00013138212012641043,0.00011944923367699257,5.767618240147832e-06,0.00011844909045035237,6.44151067945182e-06,0.00012196688070669046,8.121880202112003e-06,8936.74147465346,8892.093777296785,840.1025904675905,0.0008140636446250727,0.0008132304672019313,5.908505602746033e-05,0.0015057464680350767,0.0013556123254247854,0.00014312449091591795,0.0014014821850493317,0.9665097609997978,1.1201924725556138,0.1925804555387413,1.7737303535947886
superconducting,0.0003434924905867632,0.0003920375351710024,1.855902483470976e-05,0.0001373710956897092,0.00013088934758423461,4.841765235048788e-06,0.00013261704992793903,6.080899197624262e-06,0.0001278968795075109,8.002913191513253e-06,16547.288942918392,15873.856751883477,788.1605180314932,0.0013752100374338314,0.0014012122935645166,0.0001010493762345534,0.000845080389426961,0.0011742420935167697,3.177613621927239e-05,0.00014974079888724882,0.5829007673006363,0.9602280678270321,0.06407276243097212,0.16162919367283568
superconducting,0.000134154203385667,0.00014007714388629395,6.6271991159877075e-06,6.894036692620197e-05,6.558100925809698e-05,2.870192946706469e-06,6.510780429120602e-05,3.4715008134893885e-06,6.660328799654542e-05,5.102432736823094e-06,73051.11173844436,73619.21171999218,1463.4082482067538,0.00046401836810886914,0.0006363007177106764,4.21912648589011e-05,0.00032449047184907823,0.0006006405249219514,0.0003333412777424314,0.0005467934522812186,0.23893844301030098,0.5635572458426001,0.537174554898613,0.5996121415122408
superconducting,0.00011397516850908813,0.00011144488341372676,5.123019570410129e-06,0.00010372175513299219,9.72277788560803e-05,4.461373807179188e-06,9.869514437265462e-05,4.655916589883101e-06,9.645997628293932e-05,5.506232596552998e-06,54416.226178706136,55318.1326282381,1026.611762337001,0.00017261518142787716,0.00025811241845887173,1.6830758518983135e-05,0.0016212006563175018,0.003217975068612692,0.002978220192412397,0.0004537287838350931,1.127310157171823,2.672929283766722,4.065097967653722,0.49947036345163154
superconducting,0.00036564101913478636,0.00040712250630990426,1.85947791210065e-05,0.0001554972046495373,0.00015133655222251572,1.0224699607860263e-05,0.0001537583959776167,7.910995868645795e-06,0.00014769489074470572,1.1439476157414525e-05,20994.098090986514,20552.22746041921,689.1208507860673,0.0005080532993223374,0.00047412895013429057,3.530731796365412e-05,0.0021699119479768074,0.0034224463135066057,0.00032905297886769337,0.0016047555282354992,1.513958634958927,2.7813970171756983,0.6634833064735935,2.000168004789698
superconducting,0.0003827209857817583,0.00038065275425559807,1.0683059266199068e-05,0.00013710761541105632,0.0001384144390951635,5.98394014347136e-06,0.00015122554628841194,8.128399851165022e-06,0.00012447859298969597,8.646315284681605e-06,34701.253463388035,35144.10620159082,752.2352617807245,0.00024619395995324636,0.00034932317226464663,2.3006467190410862e-05,0.0024212806414161724,0.0012196676355444487,0.000329441771068841,0.00012360622592749474,1.644367954821287,1.0401724349785724,0.4720839145803593,0.1482505419028155
superconducting,0.0003115894707892638,0.000293913851249322,1.2527126130829014e-05,4.25863686871787e-05,3.998898723799877e-05,1.9313642650379802e-06,3.9517034927164345e-05,2.0269217681200604e-06,4.2088912980314566e-05,2.7046091693550445e-06,82729.78720105719,83740.14304273814,2564.962813835794,0.001230130069151698,0.001346059626921848,5.0816624120448176e-05,0.0007881383401324308,0.0013582663971887818,0.000200339705470531,0.0022620438779158273,0.5616818709511696,1.1119899050898163,0.3100131959836062,2.778891604463274
superconducting,0.00011691139500842234,0.00011865599456195269,5.444652750808466e-06,5.917055165912625e-05,5.476667551432326e-05,2.387950563796349e-06,5.7301936611561474e-05,3.0569997446285815e-06,5.079822113886954e-05,3.824676893558633e-06,92131.27829200785,92084.89303024036,1732.5766216941438,0.00022359358937045355,0.0003438201584884456,2.2315740597716707e-05,0.00016463125180795891,0.0006396991135226905,0.003176466775906512,0.0001766370204377899,0.11362651344820526,0.567067573558063,4.394599531178581,0.193266206523742
superconducting,0.00020005804411483958,0.00021837170285401457,6.4048366255680926e-06,7.124697805498488e-05,7.414269377240816e-05,3.0792324265110126e-06,7.212205000953172e-05,3.843770251841053e-06,7.776246581318734e-05,5.144618256832902e-06,59013.25727822583,58424.40582678374,1408.2136964927163,0.0001324519534863981,0.0002636197846735361,1.9967037643770405e-05,0.0013752518614393388,0.0006015741115552438,0.0026847574438980002,1.5497719590451822e-05,0.901775862447303,0.5202671510889546,2.9727458800929343,0.017424104983557835
trapped_ion,2016.5013885763235,1968.9218934287114,84.7334257827011,0.22693566824312372,0.21760350754720642,0.01063472440435821,0.22393550346501537,0.01169386230744373,0.18732186977096285,0.014692549291202108,16.688191657487454,16.69802037035418,0.471790690820695,0.000106184002918917,0.00026247102193574035,2.0199488720099862e-05,0.0014239263883942933,0.00037258672209206296,0.0008829796705108219,0.002651412952516391,1.182218009101273,0.3222483962072052,0.9520270069106844,3.0294261704555345
trapped_ion,281.4559670417473,306.00900708005594,14.544716854794018,2.2709984137805406,2.1773467722394004,0.08480699033974369,2.160516333199422,0.11154718135405352,2.200401187392314,0.13055332371942682,1.3346150484749213,1.2713506198431423,0.0452857525625205,0.00022032889610150698,0.00024050294147527632,5.7280012576809525e-06,0.0005017011695579491,0.00100568023791076,0.00022640194596165448,0.00010439374370850449,0.3624372944792029,0.8687537699662851,0.41818543704928396,0.1145077109491888
trapped_ion,798.1100397369503,793.313736024022,37.76640470808881,2.8652598091977515,2.683866047053046,0.09015375927748713,2.703958770854841,0.09098656139789722,2.5837362322920967,0.19352934855128817,0.8344907588872101,0.7990223458871567,0.03563761031711241,0.001446741118056417,0.001617828393799286,0.00011048323761249086,0.000694480629741126,0.0013415694672121918,0.00042228310461413693,0.0010812141438991112,0.46639681553943146,1.1787878707751398,0.5448991738931097,1.2984376261671746
trapped_ion,698.2310370087897,674.3253703986561,28.83788560485482,0.11181644846084236,0.10346032769101726,0.0011698058099859222,0.11398926416672807,0.0057865412085932955,0.10311156333725575,0.0006911779959916275,48.620817096041165,48.5284912608473,0.89012684679112,0.00025230106759534064,0.0005376751234335345,4.1220705475898973e-05,0.0007279420320638421,0.0015003924119873712,0.0008370260344145818,0.0027191711803470457,0.5384026893407992,1.2746603219821186,1.044879749069085,2.9593773486397446
trapped_ion,4746.894247851543,4606.170428043013,193.32266300725826,1.6515845780867635,1.6162040785203022,0.061855180118996725,1.6070066073014122,0.07220386086279054,1.6415693486538872,0.11990738942707521,2.3095578695628367,2.2866532507819177,0.06427533708665009,0.00042818865944366545,0.00044789985080136656,3.5401980636492964e-05,0.0007476405926788214,0.0003391513334656078,0.0010997392349363093,0.000143841182814884,0.5326697849756679,0.28913756510505334,1.5113911811527654,0.19919968744346914
trapped_ion,7686.627532027876,7374.791080247058,195.00175330478893,2.9932741346837055,3.0508255292194044,0.046720096764643844,2.9695886972544754,0.15899604098382042,3.05850277364537,0.02105428535688222,0.5570251196801755,0.5647286008290043,0.03306854504317967,0.00011064424459366735,0.0001398094972881448,9.242317438252819e-06,0.0016389006271502094,0.0009111399508306306,2.4907069337782542e-05,0.003717481981170368,1.1372093740089508,0.8208127041003698,0.04717247575661636,5.389444456858667
trapped_ion,3329.6430340544844,3298.1150769541887,101.12189177545827,0.4657660810301854,0.4586668160396194,0.01759868354492902,0.45436322945278834,0.02416268883999481,0.463529177318429,0.025683464169727204,7.780391838245433,7.828564193330498,0.229072849487717,0.0002784503757726887,0.0003422123076062209,1.6040932175848738e-05,0.001403656561501349,0.0005258852142597245,0.0012914851814501416,0.0008015356599260118,1.0820154469633263,0.43604338147272,1.5769669717044503,0.9044751041494632
trapped_ion,126.2523656935515,116.69321851378622,4.552400584851685,1.4000084969966633,1.3934648847090148,0.06091417888298671,1.5334178127439262,0.08162176443380713,1.2175247504067992,0.09151608728195765,1.192912835780638,1.1852189262551598,0.0743877654061234,0.0005279753022239225,0.0005361420432623008,3.786892419067402e-05,0.0024854852389637147,0.000716161432902007,5.1865630944766925e-05,0.000537947138360971,1.5852376085483906,0.6316540789459962,0.06902184973253836,0.7056619663655861
trapped_ion,481.78155835283223,486.30017142639457,21.892504523402973,1.5606681817187285,1.5020840421186095,0.017904310146798923,1.6466252737300608,0.07652380068669021,1.4967647041659156,0.013254765741364033,1.92635640203906,1.8436454398503608,0.06356233288919938,0.0002485808830688034,0.00025256617428176824,1.7837642914413698e-05,0.0010138856785158674,0.0018721807497100232,0.001375060911881528,0.0017391623220019935,0.8106955492867238,1.5422398352828224,1.8463031196022213,1.891762878912182
trapped_ion,153.68365630101064,144.59000473045822,4.3450428357762,1.7946494608562713,1.766274973743081,0.07757403238788482,1.7141972595450607,0.08874547532090486,1.8347849955742406,0.1180434736709724,2.0935461080505995,2.0475847189268657,0.06027770519539293,0.00012483860219229413,0.00014508906494845224,9.806644348846054e-06,0.00391450391827459,0.0015956296923340589,0.00018532703892226135,5.591840557123116e-05,2.7482188787891952,1.3448979460845167,0.28273279115021366,0.07659530125336905
trapped_ion,146.46809461515602,146.13124848433054,6.426995520353315,1.6540663373749838,1.6753292518439313,0.0694394454316658,1.6939845764462413,0.08878597197098635,1.6459435515983503,0.11143226814341045,0.9100616064103253,0.9054719047239268,0.05810574620724889,0.0012790159670190576,0.0013164702746250975,9.260176921451506e-05,0.0005740866319887021,0.0010635417183909226,4.2063832695560555e-05,0.00016704932167838343,0.4104029300597866,0.9571714097884746,0.07063077537392964,0.22081885942799406
trapped_ion,437.48199556570216,416.8936487187159,16.59932551062427,1.3290258673137212,1.2824894067423553,0.04729116636923183,1.2652919627981205,0.06467542244504697,1.2921748551318197,0.059127030805076745,1.3667809262484352,1.1992120389999446,0.07735058807882399,0.0006258147813161902,0.0005783583515136693,4.235436251624238e-05,0.00019534122465253556,0.0018189072979887875,0.00010741418726265966,0.000218829633095355,0.14504447352708139,1.4840132003327686,0.1538960816586757,0.2597919354299787
trapped_ion,101.84101696453094,103.08095340415724,4.732372136302315,2.5135329575493452,2.4836489596800617,0.12697125538372356,2.3993678059397885,0.12790583051969892,2.5542758425845427,0.17213815835052065,1.8921958218436123,1.8313799381303546,0.04219890458554281,0.0003909172665659238,0.0004066612409533407,2.8489210120086594e-05,0.00041818042367208357,0.002660499937452739,0.0003310220567107284,1.06597170953142e-05,0.2725100070444232,2.161394556837714,0.5904634367626207,0.01466993729196784
trapped_ion,3361.1978405330537,3053.2544829348535,140.71016626001753,2.598603886244938,2.637060550413007,0.10634958315460917,2.570025029593452,0.12304089910487714,2.8350812540850368,0.21147172203148937,0.7725991911588277,0.7508990576192444,0.039209419047046536,0.0002623420789634416,0.00024947575802077894,1.8056079907719667e-05,2.407327441915887e-05,0.0007450762731966293,2.9018963653683718e-05,0.0001998745473525595,0.015363933646384833,0.6291352829210299,0.0576409450706249,0.23348312802215615
trapped_ion,106.02472737800363,105.93818086113586,2.8431071362085922,1.2412568214509645,1.318665775828722,0.04739009168373715,1.3607588913978104,0.071811696040362,1.2861922675929947,0.06307456338384274,4.114091604289114,4.097352322145285,0.08157310172040187,0.0006152921549039016,0.0006576062193707985,4.563089352502006e-05,0.0015730630822695657,0.00026991833447751937,1.924797325249007e-06,0.00016169597040475414,1.0452925281326522,0.23117961044435625,0.0037478527844471395,0.19851085166198312
trapped_ion,4524.3547078757865,4485.749034145489,204.69624057277423,1.5396903077294437,1.410002861567815,0.06549343219394778,1.3405737397028308,0.0712732832558355,1.5115848284502043,0.1027872034021049,2.2053321593238184,2.2353356911997566,0.06978547761851844,0.00014441912455685017,0.0001805753916208984,1.0284105493331527e-05,0.0019448758000829589,0.001680903381113077,0.0011197058300824504,0.0002522086864403344,1.2444260852112774,1.4215090345316095,1.350744977157253,0.32937225604490483
trapped_ion,6901.955870704888,7324.495806967166,331.6678514453626,2.653971495405536,2.562786312117847,0.10233131751116918,2.635403762232022,0.140385299859979,2.4866927466459794,0.1464399722572939,1.8392911573561532,1.802437503786181,0.040000107956105715,0.0007533426687527585,0.000772035077247635,5.438381614441576e-05,0.00038280218543093147,0.0012621467414480505,0.00039935646864228103,0.0001495276654576297,0.2531007810655693,1.0384104952341984,0.5227667469460519,0.16029446794679886
trapped_ion,2366.3382365820644,2502.4788062826983,41.143448617293906,1.9093886180408768,1.9136977447943015,0.07803660697497722,1.9176086287726386,0.09518440039860028,1.9056798032552218,0.13628867051571994,1.5388692183487582,1.5676310154586186,0.055797882294773504,0.0003331991461296626,0.0003778740996429171,2.5728716404729137e-05,0.0019204017722858943,0.00015388222501233102,0.00022228573413549913,0.00035585267975090783,1.4587785662839532,0.148964136114243,0.30534177988887257,0.486076049911904
trapped_ion,939.0464513821223,997.4018402091175,30.846052389043763,2.6532630245933704,2.5851731185460176,0.1037354390171829,2.5829235307212963,0.12717484271533022,2.5896457943621196,0.17932194608152055,1.2833436155433096,1.2927911234519749,0.039846768993594295,0.0006833538732235805,0.0007629113284856915,5.2190373962747786e-05,0.0013085701971717507,0.0007269713476248899,0.0010931728359190303,0.0002144214161081667,0.8421662285349479,0.6225511035915561,1.539373145173618,0.27342885497904224
trapped_ion,1182.8532455001725,1337.8069087206106,23.66193882868395,2.1245898076971605,2.1118534173112646,0.017579788550413235,2.0216560128617957,0.09720119242191871,2.1149035699384577,0.016504705148637257,0.9996507919828213,1.03941767647484,0.04960043201145856,0.0008010591253123942,0.000800707551238401,5.6837822865534925e-05,0.01434393957741174,0.0011195544564226714,0.00029282237820444756,0.001064209353144795,9.279102056216399,0.9216689443637825,0.5869576184484622,1.172884309082366
trapped_ion,7142.8161489375025,7000.1590095191395,319.7736713599062,0.7515141443029056,0.7475653346433352,0.03804077978229743,0.7699228242607052,0.041181095939333584,0.7280174294166761,0.05208022603216508,3.1994811282133364,3.4152558917554594,0.1340590789901068,0.0007182977273831455,0.0007317386545164213,4.04900261959705e-05,0.004471318383058219,0.002112191617679024,0.002852728547297719,0.0005155250087084048,2.8599168423604384,1.8292486090579465,4.041171537556036,0.687282931187212
trapped_ion,9692.86106230289,9368.291568695211,445.4807148830102,2.070418327609694,2.1246998672371578,0.024324045566994322,2.037217321392115,0.09270697340489288,2.1263395431678327,0.014293128437070592,2.1351718786280256,2.2001859806716753,0.04984621966623664,0.00023370012708465857,0.0002495772591913532,1.732525116505398e-05,0.00026783040478895874,0.0046293041844196305,1.2521900177323166e-05,0.002013363096474821,0.21526837894359102,3.741750229034655,0.017717875435154247,2.950404867048546
trapped_ion,3201.120979190071,2969.49681221415,132.6907997915337,1.1521113046193863,1.1338441796157355,0.04682985801357663,1.277477615318903,0.06566151036361205,0.9851501253018372,0.06680821916622304,2.0238638674445633,1.994236654543019,0.08516897152918203,0.0016371000394539586,0.0016512621927678073,0.00011677150737749028,0.0006984864912856199,0.00027442896926337264,4.327183551669012e-06,0.00042612448454349403,0.4869141625292439,0.2378403210890477,0.00662876845858694,0.4861237577646661
trapped_ion,2893.1932027311054,3156.480839714682,31.044306913088107,0.6854299730953587,0.6473629190289721,0.006038959747653241,0.6827129700123928,0.03635844104239695,0.6469505800149571,0.004358423528215649,6.7495395286945605,7.025089029166206,0.14577069996213082,0.00019238444390051515,0.00027202199880251764,1.771946016103782e-05,0.007449626388349612,0.0028961711506150034,0.0004832970667505886,0.0015397954513651066,4.71502426658185,2.392686887424003,0.5774338776213943,1.9422355517832108
trapped_ion,7770.187971260961,8122.398521493461,386.1707524210857,1.5381629276465405,1.5977749860124095,0.09418398525575124,1.5700045467409942,0.08360630849065107,1.630816687149899,0.12480814102189135,2.0699250152651656,1.9825938894678983,0.06755601579179424,0.0002561911572172938,0.0002598781860332988,1.9153573952076327e-05,0.0006707151497085831,0.0028741782751489264,0.0020979028437038876,0.0011204684291651684,0.49726429712503606,2.3356293306287985,2.989808029394701,1.2470269435627932
trapped_ion,1907.9251227275693,1943.0316729112337,77.36593476342492,2.763067558212951,2.803227614345737,0.07963098111351635,2.8352230326431207,0.11369409167358714,2.772418484039122,0.11156647709297224,1.8493980332381272,1.8543007552116952,0.03754636672596425,0.0009387387752934724,0.0008805753072392411,6.407088529167105e-05,0.00020423722011268423,0.0006613534198164989,0.0007525140624418182,0.0007397202607347027,0.1382498219163075,0.5606012566272712,1.6694717616447825,0.8020276421096845
trapped_ion,3293.597950887458,2884.986429578257,135.3831265710029,1.3478620311834537,1.2970224530213426,0.0479481876602393,1.3011029849582063,0.06144804939950028,1.2906701754081196,0.07666805495814179,2.3601937640116457,2.42721166310209,0.08017782450387231,0.0017396864476180033,0.0018514294082535969,6.372481977304291e-05,0.00012123084246318763,0.0006974233615841086,0.0002225087465279168,0.0002883574842616635,0.07805355145329872,0.5711776269029928,0.33104503121661955,0.3146152489625563
trapped_ion,2276.120858473341,2088.505528099804,90.05499330021487,2.283859364950939,2.254078510565242,0.08471280923783504,2.2348631606597102,0.09179037299031385,2.3644635292258647,0.1768270254602737,1.4526268904954924,1.4836976096984111,0.0487261464465882,0.0005537803445852383,0.0006034104203143344,4.1619532849300323e-05,0.001063967630449889,0.0007569736202323109,0.00021040063800761185,0.0012297286664769884,0.7129037151548666,0.7347315510437918,0.27759532206364324,1.5479567581837088
trapped_ion,6726.165890526234,6715.944023320073,264.5825241019718,1.5727516382827853,1.54534374531792,0.07277432497801874,1.5783207138784245,0.07764412470138032,1.5057902970776305,0.10792769631990284,3.4837721892495823,3.4166964146205028,0.06640780595171512,0.0005012103254333948,0.0005165140893514529,3.629575901662519e-05,0.0027652104956837355,0.0019204184473041509,0.0012780899372693375,0.00013015340103728418,1.9013245417894282,1.6109237966532706,2.642688214076464,0.17567975858023294
trapped_ion,2011.950148716891,1971.2899514993712,92.95046898082167,1.3413656368653224,1.2865024999012902,0.009960102530113884,1.3685411844233093,0.07416066314712405,1.2859472753696202,0.009156061558067813,1.1787086199166585,1.2530342443683378,0.07635269317417046,0.0001542678638277471,0.00019138398583520613,1.1668627819909932e-05,4.740059924314591e-05,0.0031821049816888685,0.0010315732727640891,0.0010941821488892993,0.035070318685395604,2.6832416321392003,1.8303583383810746,1.1913504789064455
trapped_ion,406.22766706977444,420.3277614445719,18.46815560438781,0.1288715077926192,0.1305458303719759,0.00545656964287559,0.13095179198077636,0.006555056149087396,0.1296297620828368,0.009846862159408476,14.37241323728081,14.008385837904251,0.7959365581071458,0.0012689738697211725,0.0015189813452402537,0.00010170957806154585,0.00012857523253588093,0.0001382837009094406,0.0010635061727616896,0.0005919455379747496,0.09253438818888726,0.1142368799315489,1.6622339613689778,0.6497945549055014
trapped_ion,963.8913322991393,883.4854635978394,40.82983809198153,1.9517994598665285,1.9338989488474385,0.06528179769814665,1.9421958121206162,0.06701520509830497,1.8622226972082725,0.14329105814101503,0.8747245350353049,0.7805165751804357,0.05428070158339885,0.00011284557930961723,0.00012540171075584809,8.654491310538796e-06,1.6743899085794942e-05,0.0012827934991420148,8.63950811406949e-05,0.0018032748956046344,0.013250815973910406,1.0587812331241975,0.11355179409896574,2.000672993246657
trapped_ion,8310.42237342945,7860.5853587513375,360.4763926819981,1.8689241630780764,1.7949428408302448,0.07330523068021795,1.7850634722953425,0.0924912839262945,1.8116321390070962,0.12021405642884342,2.542412753339864,2.482191357208958,0.0548459542062036,0.001636059617293204,0.0017137786126244755,0.000119582468822256,0.0022604650980388,0.0004477569069880045,3.410119339923321e-05,0.0001796367492265287,1.5380404994739252,0.38961417093580647,0.06008977504661482,0.2113735452949829
trapped_ion,196.17624790290856,207.18100398736516,6.767628103327401,1.8914112719258158,2.068472593561672,0.1027305012203064,2.082516342890261,0.10638835761892722,2.048825964156416,0.1376954807190666,0.9998248194075745,1.0441724010200075,0.05649584589171596,0.0011127926588213439,0.001264369216871898,8.594428244495893e-05,0.0019562207706363727,0.001820284414771096,0.0007546117858151257,0.0009886257635773707,1.3173039541602711,1.5989262966291848,1.391599387769439,1.3353105032520196
trapped_ion,152.19456504125387,153.3722824563824,5.656192243062653,1.962059934528317,1.866349682735311,0.07148947813501391,1.8049626840264241,0.08478870476342953,2.017300654978307,0.13295900547555556,2.176471206831796,2.133486258138284,0.05701616925372966,0.00042000002731275944,0.000445328908732284,3.099398302883857e-05,0.0008905791509064506,0.00015685894934437013,0.0017165099364981676,3.617082313802461e-05,0.5927702015574289,0.14221595233804343,2.4313398616617983,0.040637417175641566
trapped_ion,4945.653943081278,4964.703205090041,131.348957819714,1.946952229900425,2.041006029906791,0.08359735873276859,1.983709033328218,0.09588240670382771,2.222609699426982,0.17005232875638568,2.8434684145307267,2.83693152444969,0.052375376036860696,0.0012055097418074477,0.0011438578426888615,9.725867906905116e-05,0.0015942675185883204,0.0001504068046673378,0.00154391596803461,0.0008854668328522805,1.0692036966840541,0.1279866042618582,2.687907163016852,1.0076401129329207
trapped_ion,9503.896400214691,9335.888673672476,358.829405874511,1.2387290015408277,1.232884390893163,0.05325628094995278,1.2697707698369685,0.06810682631173258,1.1748375480147861,0.08543718551284844,2.119530731311254,2.0963863017303783,0.0847839101464143,0.00020632952802699157,0.0002106582004490448,1.6636281524852937e-05,0.00141318278678427,0.0008818879932153162,0.0013064160903659319,0.0005575064907191196,0.8946194306613715,0.7435855626236763,2.6054869794668467,0.7497622382771401
trapped_ion,4097.17245474052,4136.365734620052,140.10910888306128,0.6847451937644213,0.734899323988065,0.029787749261490623,0.7420914442404909,0.037484577029690436,0.7225744041064597,0.04907001570808248,4.518052962211093,4.3322579648136035,0.14421610524845774,0.0001688652029405536,0.00019309548614280064,1.3113983963958585e-05,0.0006845099371604466,0.0005076626688924515,0.00025245822601327987,0.00045318781037259457,0.4555273819087194,0.42153184042692143,0.4414344890838063,0.5929074174750617
trapped_ion,607.5430355553198,598.5236628184599,28.45186923190088,0.3364706826763741,0.323969688423345,0.014289027904489793,0.328360322790349,0.01775460493902757,0.3158970530389662,0.024074376354076395,4.917248406483161,4.982505770938765,0.3190567756564273,0.0017665381600142722,0.0018316113470462495,0.00012837148962468653,0.0012409812091699756,0.0009416792223967078,0.00043263321084914243,0.0005202222394840035,0.8534121282886694,0.8038640026658761,0.8681902389670137,0.5851798683025693
trapped_ion,311.79446739922474,272.8523842881891,12.662876060749205,0.3118744492060903,0.262031203405143,0.003357636088393371,0.301807879042498,0.01540459861478822,0.2600472402236905,0.0019645232843059092,15.142758547811745,15.417963409059913,0.34430278712278783,0.0005369504977576499,0.000668520038076535,4.430616782156808e-05,0.0028199226070809635,0.0011003987850437928,7.217535409614691e-05,0.0028414353703792323,2.0541641863236544,0.9401368538811656,0.10725724303034613,3.0668429491086266
trapped_ion,2188.4446756052876,2161.848305675104,98.68251147523,1.2575658564089505,1.2599739393632203,0.05122828425921865,1.1549280172654435,0.06201980394672067,1.4855460132857166,0.09088316783336478,0.9242463299091009,0.9708433450085643,0.08479179117654126,0.0010495119077783758,0.000992490197810604,6.927150081331737e-05,0.008468198519032268,0.0006655708921287782,0.0008181906246830674,0.000656109766466051,5.3742455373365186,0.5653113625731729,1.7791778798219597,0.8391121207337866
trapped_ion,653.2024281655645,698.4124825649086,29.175685342950803,0.43577205787325063,0.40855477877443763,0.017340903394102644,0.40881165898170846,0.021989197165018126,0.40813225081118026,0.028201472175670924,4.0675319322177,4.032944870233355,0.25167241149558583,0.00015557247262672634,0.00020059916149854165,1.5589755310165235e-05,0.0023655612453744768,0.001025083517032961,0.0014807653244202673,0.00010113425539940484,1.8309614037469895,0.8568866547223497,1.8127283480035201,0.12341215988760426
trapped_ion,396.731324582585,394.135134149357,18.76794569678642,1.0560402663786859,1.0102837718272628,0.04792712850374084,0.9892564111000636,0.04994692744722573,1.0738647596177033,0.07716213880692083,3.588589045537172,3.644063842419288,0.10682404935101104,0.0005694040244459658,0.0005656361866418499,4.0283917280873126e-05,0.00018663961395476206,0.0013838963004350108,0.0013321871184029798,0.0011309845435022873,0.1380851290898343,1.2252683405403186,2.251963866565036,1.5523253791763851
trapped_ion,4864.291741991416,4930.940139666307,115.7800846724902,2.9369562416195336,3.0301539992799724,0.12917043884958104,2.941163687463829,0.15694953188097976,3.2169651366143652,0.22739978131500346,0.5427958223836268,0.5257991901762207,0.033685331636126796,0.00048465820163995295,0.0005297569824169564,3.650299804108747e-05,0.0028042492430030946,0.0009596641622509263,4.7705910496637203e-05,4.7665070537541606e-05,1.8122593767872202,0.8408590558760146,0.06604295753079636,0.05795850745596454
trapped_ion,125.25838031545128,134.59254655798296,5.489774670465814,2.519123845835621,2.393032016479345,0.07679819038800631,2.4643172197761354,0.12589289491981956,2.350781495615553,0.09692092664517708,1.7595616007287587,1.6976525742071982,0.042172676963379674,0.0006663187793675237,0.000704125646345671,4.906430298283365e-05,0.0018636875713347917,0.0004872470302863921,0.0001503045166139715,0.00037599696300607427,1.435305379255212,0.403080097131852,0.2961771516245732,0.4047703751525485
trapped_ion,101.46127266599191,94.12281440245911,4.483952602892913,2.5448611902988576,2.67314153795144,0.11068432401775175,2.6308999942243623,0.13706942478113737,2.727291397840201,0.16719965562910138,1.4040622258053794,1.427012991391113,0.041284647470316946,0.0008665873187564992,0.0008783093741837355,6.203818324007373e-05,0.00054169460384711,0.001380366348406176,7.338715483616216e-05,8.253153673677137e-05,0.3500794717204733,1.160732168729123,0.1324798651660903,0.11481155341152723
trapped_ion,2307.395201880836,2445.9716398916585,106.1736351089207,1.820537351496589,1.6665096500163896,0.07277102925790681,1.7142946776258274,0.09066487718742869,1.5799814522687707,0.12200341467090081,0.6372122957772618,0.6136642182972637,0.061373960331261655,0.0003802368224786033,0.0004281892095337292,2.921639489367192e-05,0.001179907880034108,0.0005819849698195809,0.00046049668136515697,0.0007772935984215058,0.8178382747373962,0.5027461231916635,0.8779548159818786,0.8256133257955878
trapped_ion,2044.1271528080238,1928.367243980606,91.50323118853943,2.948874676135544,2.7072828801614475,0.14032706290312105,2.8510759228558378,0.15143862935895622,2.5955458533482565,0.18706541644886843,0.5781020762518169,0.6097247139245915,0.03370875398357887,0.0003682911362364435,0.00037039611486658575,2.6255874559281248e-05,0.0007160439992897527,0.0023262416444520253,0.003957507719924707,5.890494116141907e-06,0.4863693379262373,1.9636063694290846,5.390362914001934,0.00627017478026253
trapped_ion,1878.8977301667212,2009.3598678488797,59.21465783283573,1.3838676949013118,1.3741442473838532,0.05632690932113832,1.3238947086307629,0.06862329414270772,1.4779089175231095,0.09861211576017773,1.2932520270862864,1.3710342757842122,0.0739824935994556,0.00016401709447521817,0.00016687113144408792,1.1778418285673957e-05,0.001427496683922496,0.0006783715191301619,0.0007318160485554245,5.9531714765454394e-05,0.9441230109477634,0.5809065305451705,0.9946653091905918,0.08298271681903188
trapped_ion,4352.651334516315,4313.481103161963,198.06823150884,1.501771764509732,1.5385606664623404,0.07401411270489436,1.5799474171795505,0.08402856211868323,1.5051163488494308,0.09952331748702452,1.1120231670428595,1.048901948942368,0.06573729098218373,0.0009535570922722998,0.0010163544758630292,7.057754504511076e-05,2.2635159486568113e-05,0.0021053538553865324,2.5944511175177986e-05,1.6672301174714056e-05,0.015126629490847308,1.7359404238839324,0.04595983579556416,0.01833836893695984
trapped_ion,147.30266802197355,147.76908464380472,4.506584123140847,2.5413665798481437,2.4736082643571686,0.14945736451774824,2.5096753841169126,0.1346754456426972,2.424749160390853,0.17490225123225894,0.6210009110189068,0.6615818379082504,0.03738404789172564,0.00036808522345404795,0.00037994496133656803,2.6688450371817188e-05,0.001579228527794942,0.002381328867348953,0.0002008430984670408,0.001359372730034112,1.2387552074156547,2.140691636346924,0.4129064961435662,1.7193891907910053
trapped_ion,297.5579070294916,308.63344641778934,14.281542806439818,2.7278167625640193,2.7959015082978653,0.1227111762555199,2.7471934835667335,0.1422576840338211,2.875789982415753,0.19938773160026557,1.3062468089586619,1.2595235176783488,0.035393655854104616,0.00014166917682145594,0.000143395247988804,1.0140540563800264e-05,2.6912161720966727e-06,0.0011492271642454311,0.00031491055501943585,0.00013132978983227477,0.001710426007152217,1.1977378901815028,0.6528661326446161,0.1778318646065936
trapped_ion,359.20670877556876,349.38179921344374,16.508907521020426,0.9714113488360671,1.0375452443920388,0.0088448457707235,0.953845603791028,0.050187424381018586,1.0401965883740099,0.008983842194918362,1.3886870802834677,1.2980546929199823,0.10602824943634567,0.00011607874198219135,0.00014126874979530964,9.435856458663793e-06,0.00035871042108738836,0.001241647662814719,1.8469015328066536e-05,0.0005340777450989173,0.2308640631204518,1.0115606573108977,0.03527086204231755,0.7489056585616225
trapped_ion,469.5320516132607,477.5204520893361,20.818173364740584,1.648283860142098,1.6672407883224394,0.09227862869567068,1.6523593444714575,0.08429653788972068,1.6768145652712787,0.11829445594065487,3.025338429657843,2.9207062182559427,0.06272444300436499,0.0018421103395511154,0.0020294440207186937,0.0001395375657957546,9.735831323845405e-05,0.0037435435999676804,0.00037003463234969256,6.5205707193275714e-06,0.0710594667043957,3.061054563123929,0.6023073351642227,0.008506491266208229
trapped_ion,940.6770855499557,921.8951558127261,42.54365423399814,2.4571638113778995,2.2861126987384353,0.1624876989849934,2.2537586567516366,0.11374031582916025,2.2964265928059766,0.1753983665002699,0.8413163850033926,0.6857328289653406,0.04326370412490043,0.0002836974915139144,0.00029480934271226134,2.5096692474523146e-05,5.364492345991182e-06,0.010449672064774467,0.0028899031547137822,0.000887708234374982,0.0037251822216872966,8.44288913558437,4.431745203301682,1.1317825122685898
trapped_ion,129.7691492074693,125.57678339033343,4.615358017259762,1.0295305524806082,1.129734323554556,0.04754987852268217,1.1245303237909372,0.05782698736910119,1.1405990765618523,0.08355488813895959,2.612064850414855,2.6861234067296578,0.09733578126410099,0.0004924900172133214,0.0005470432237762732,3.53861796341787e-05,0.0009937578444328065,0.000991700821453516,0.00046478001842373577,0.0005006981126447569,0.6689435260595273,0.8418652583033344,0.7758399545930893,0.6394860711753017
trapped_ion,1133.638452640706,1053.6551843517186,35.73206803897694,1.5700707405551093,1.5697858784000323,0.0665299590143928,1.659479867276973,0.08453439331684458,1.4238183088745469,0.10784001990141592,1.8990533615181735,1.82074901340449,0.06453025839849529,0.0002186960959917951,0.00023526181143238077,1.6293945083985952e-05,0.001199533634762193,0.0005632263451317568,0.0013136886775902345,0.0002804001954158819,0.8725517748456215,0.45710741015869605,2.6464719418312628,0.31747178903380663
trapped_ion,255.49838492215238,252.21326033567496,8.927583649644593,1.7092439772216772,1.618530258146741,0.06683554754110411,1.656911337660499,0.08244637485422864,1.544960544184313,0.1141464752914062,2.2510303416578963,2.258264580580455,0.06252882505959972,0.0005828204385138415,0.0006741807694160034,4.6136925029292355e-05,0.0014363064212836265,0.0010356856365074114,0.0005440854871946315,0.00016988381369691466,0.906439048840224,0.8848373238958734,0.8335398322442402,0.22486171734459437
trapped_ion,2766.4202443404997,2939.5796789491715,134.20258613169023,1.3129910593062784,1.4264993612873316,0.08927682566962715,1.4968187783816216,0.07664338335796338,1.3759291793580053,0.10269472742788599,3.0947120793342466,3.223016585077909,0.07302871334468636,0.00017083312571646714,0.00019933466877152076,1.5005030001094883e-05,0.00020762248941093932,0.003911823937628444,0.0008633961605131861,0.0010346438057773734,0.14479060191138748,3.243564698284789,1.2240982397943077,1.2992563919927402
trapped_ion,183.04014790577324,184.9911777279409,8.039353342921107,0.689380605946913,0.679840771694501,0.026227686475004827,0.6574417085019262,0.033165107908081845,0.7172361546665915,0.042852432531421604,5.607851033861957,5.564003146563932,0.15296549314922359,0.0003378434223110646,0.00038667609167681314,2.6260078821659865e-05,0.0006275813703717391,0.001043351237197574,0.00022590641273946658,0.0002879350784057293,0.4051708869707239,0.8681941450553273,0.2836789214961442,0.3272542084474428
trapped_ion,9444.418139986625,9724.265524175893,437.3395153634219,0.7943818345781355,0.7523615311187716,0.025522701417142187,0.762255681456527,0.030644367961197946,0.7305225918262908,0.045309385347683785,3.616845707591346,3.644963123953654,0.13960084043450469,0.0008374814155339887,0.0008451459283218643,5.9826633973177117e-05,0.0029623705266566477,0.0011557754940496165,0.00022144320779325573,0.0008059679395597334,2.336140934898723,1.007935542879387,0.30518966358365684,1.017678950104829
trapped_ion,2590.012494193007,2603.6111978463737,74.79858110946294,0.5603537997096087,0.511068091563425,0.024514901046054326,0.5240010307294427,0.026982203784927956,0.4815584891475864,0.03721295373580489,4.403953093293542,4.180504650463736,0.19255340762692943,0.00035092288099353115,0.0004078257636196962,3.308216592139251e-05,0.0015971450415767769,0.0014033763336528768,0.003380617821244806,0.001141792634477977,1.0881192029429316,1.1872535522675418,6.507862038445644,1.424216953402669
trapped_ion,567.8425322518386,601.6912136298926,20.53430041141934,0.9311098835831271,0.9811419588298805,0.04561545532814151,0.9772072697148769,0.05146169836921584,0.9872387400094845,0.07283482785156876,5.088268627796155,5.0251632842745355,0.11461446716655208,0.0010345429086503178,0.0010824193396260888,2.9700764185213478e-05,0.002397524782779903,0.0015323066092799587,0.0010276863598910892,0.0003442409948597668,1.6157785582580204,1.292765585076957,1.3075306423100472,0.41143484032344163
trapped_ion,546.6009504529874,538.3363073964921,18.714209606411544,1.0591432971837806,1.0898775787164625,0.04081881408085261,1.1303807377973576,0.048757817551394966,0.9949813520192047,0.07463186270869583,2.110865216057408,2.115714233300485,0.09846056565799575,0.00026467194136827187,0.0002823327243838828,1.9602814161031104e-05,0.0018061841383984253,0.0010634937224350157,0.001202833878329688,0.0006440595474687802,1.249628175911842,0.8974633668045616,1.7405328665341102,0.8776469577681035
trapped_ion,2576.61311117125,2540.68721998498,86.25501134410904,2.666258766452406,2.5970784142782146,0.019056569136067243,2.6191272104159524,0.1372016501958176,2.5966694483349237,0.019232489857786878,0.5220112276234484,0.5102898906676603,0.03825801671970009,0.00017166136879665726,0.00017337604734911534,1.2269620772902062e-05,0.0011736602547148475,0.0012962099709462771,1.0779225932956883e-05,0.0004218181184641098,0.7474072505552927,1.0593759097563014,0.014660808812539054,0.5159813989415405
trapped_ion,121.77972738974546,116.7245083145018,5.125328389972769,1.5093095499398252,1.4711536350483196,0.05927893434786891,1.6006965148006902,0.05864007969488024,1.3969189872470227,0.07434842253673583,1.773217792695415,1.695673972748654,0.06757595762703396,0.0009977664428461007,0.0009263055339120595,6.768362696776587e-05,0.0006446512065887582,0.00329271586129194,0.00048351136924477023,0.00018002911498901251,0.46794703153377304,2.805183708574483,0.6736227766364504,0.21529930292485563
trapped_ion,642.3374947224964,635.7438767237178,14.990163411760584,2.683054828152393,2.5702083209979745,0.11410069574916348,2.516579768598387,0.12940664779285826,2.7575352649883142,0.19041414405711338,0.8473764440164633,0.8654831807174093,0.03945462969645829,0.001560315185085511,0.001678861984273934,0.00011605947642557437,0.0013520715022139992,7.977878147898861e-05,0.0008882939852205033,0.001226874807950096,0.8821867694461885,0.07267292632074272,1.3437899907267714,1.6133141343447925
trapped_ion,9306.527066015751,9118.862624911126,422.8585501705432,2.4085850112118274,2.303411803712274,0.09551104302944487,2.241888089545328,0.11695275437338784,2.426610280105415,0.1654976570902818,1.978936902181385,2.045640544556833,0.04626713993883625,0.0015209685760141705,0.001796704303028934,0.00012064865155645107,0.00028310798203040556,0.0005406517566329634,1.949539073081975e-05,1.676574907728351e-05,0.20797190340606253,0.4482702568375709,0.026416387247811448,0.022865435570400373
trapped_ion,684.753214619105,696.2234683393549,31.5634843374853,1.6220620832634483,1.5343796685015454,0.08153475499538057,1.5476846840188345,0.08254785463265482,1.5056481170775922,0.11477410493606868,2.2613266855926657,2.29577426471464,0.06287862791762582,0.0008221461321541185,0.0008716597618305566,6.060418176830874e-05,0.000628512039093879,0.0016454685627263596,7.335402614754241e-05,0.0011921322151879018,0.48493915748668204,1.4273882683753578,0.14817779587330415,1.5944450886476245
trapped_ion,103.49958462644348,93.87032368635711,4.465050936067325,2.869864696787489,2.842839098870824,0.15714282845251304,3.0742879754976693,0.13609152467681232,2.690960217517722,0.20223306396903126,0.47788439572924435,0.45998173340592935,0.031424418296595646,0.0002814784273185792,0.00032087642371859477,2.180929017789034e-05,0.00040407096288101415,0.003742825355326981,0.00035116322716329884,0.0002853846282711809,0.3408066141656882,3.365114544825502,0.6468201401799989,0.3601518002406652
trapped_ion,1889.4939297821215,1894.3106320696713,50.8163608365087,1.7027435397909907,1.7061101579343485,0.07564910572254877,1.7045297775045292,0.0917276217699605,1.707401962039862,0.10198332014176457,0.9340533513247544,0.8587937915977779,0.059334078892999804,0.000615623405641157,0.000628870289167386,4.4320772090290874e-05,0.0015497747682098697,0.0018271774132141557,0.000637056568196337,0.00015223740028627225,1.0443059502869578,1.5122479643798141,1.2752532276132944,0.20424771323681334
trapped_ion,6615.476223825532,6064.128420731546,250.88967356167657,2.2549828935436436,2.257184175472091,0.08536482329037752,2.334113524630158,0.12433782005103072,2.1885907892136043,0.1083646172688846,1.6589776574629318,1.6890422129118752,0.04373089681633425,0.00020623104486225781,0.0002305788401511849,1.5767877254647512e-05,0.0006270001536597533,0.0009271179078053283,0.0005278607319887559,0.0009165104147054969,0.401009693775242,0.847975774829535,0.7861067338353501,1.1738745304360036
trapped_ion,6696.97407036954,7117.766850629071,323.4516849415566,1.3403361954663988,1.2941825693721865,0.07403486038508844,1.364468725175028,0.07081877313131117,1.2478046167963504,0.0953827851181908,3.6330466599623144,3.5025627799094337,0.07414324362331634,0.0008059818237885067,0.0008135992529774605,5.7581523981372034e-05,0.005318391509791355,0.0033488787850634704,0.0007859992686069185,0.0006999868533029421,3.4759212488790587,2.7491688858326127,1.4130521222860315,0.7546952053462002
trapped_ion,932.6067879335562,852.3745399877085,30.652789593466004,1.9187473767816279,1.838094836482677,0.014987323835436004,1.8332276340396,0.0956194788252115,1.8382174215268265,0.015174885084529733,1.6652927454472266,1.6997802854603687,0.054837875329249476,0.0005180525650055615,0.0005164297242908415,3.3779845679829465e-05,0.0008405371203227691,0.0001970542230294485,0.0005245138713963779,0.0005818412185147287,0.5324592740496418,0.17257336663716458,1.0187724997983536,0.7055470206791498
trapped_ion,254.3032793423113,250.0014089768927,11.661100886430217,1.3745588624562064,1.4687697008677247,0.014924802790107307,1.356964852134489,0.06479941293849288,1.4746816565451293,0.015041424669708809,0.927658233186066,0.9593954974133849,0.07302497214730748,0.0003379762759989244,0.0003574360076658055,2.489927035871807e-05,0.0003070841573817671,0.0012625515861721974,0.00015060535620610717,0.0009376125502393658,0.20840184538844914,1.0562880206258687,0.20949184451721004,1.0366140292557078
trapped_ion,1006.6456785269671,991.067364645408,46.89166212292644,1.8125436665843746,1.6809512652140939,0.058006891119543276,1.5911695103731802,0.05905148155258702,1.825926648969651,0.0937982960246711,2.028811044575596,2.1112088424607003,0.06369419263635658,0.0015849448300542042,0.0016355055483145222,0.0001148408613128753,0.00021312427048062987,0.0018821177735636704,0.0003097223100595515,0.0005180741775175933,0.1387295666939867,1.562507548587666,0.4355953908608595,0.6844242619246051
trapped_ion,595.66224422056,538.4788432813783,25.70281929337585,0.10642993245405942,0.11482436565282755,0.001502364066252472,0.10994233030572369,0.005939084248385695,0.11489276320137441,0.0007704893126458884,28.98169467405365,30.431105661962533,0.9020432240510938,0.00013003484494571193,0.00044344026586018816,2.8045533397123016e-05,0.0013947860800605015,0.005394734546167244,0.001210646828840181,0.0030789314371400646,0.9570658305668908,4.631418698472082,1.2650843748618976,3.855310804171769
trapped_ion,219.75424735061895,225.653353910415,8.238199466793914,2.596548161840879,2.9288432473160055,0.04758680912849526,2.5775245572927648,0.12928800786745617,2.9480187527816746,0.03840487551187074,1.4643059842844455,1.5410327727412325,0.03996630099139002,0.00010746432925242751,0.00012488563610372328,8.513581011301218e-06,0.00044768382900212014,0.0031943945787310806,0.0004498420434057545,0.0014172821175480394,0.30558393208423557,2.61752759947817,0.9323432633483151,1.6191258243348217
trapped_ion,2448.8513880287587,2637.270264658211,72.42612595404599,1.000193363167038,0.9669381235687323,0.042131003597101126,0.9507940623133241,0.05079000714029797,1.0025532559774406,0.07543782477289125,4.677406102478872,4.6189693170003885,0.1033909102243406,0.0005428981437433803,0.0005529408359023237,3.32703396160661e-05,0.0015453760192136812,0.00044338569434701795,0.00044066612019622665,0.0006308428425570924,1.0028435653425936,0.3892271436054394,0.8342786883620664,0.727839150577972
trapped_ion,227.9259304529388,233.66916538634987,11.120763897192193,2.2005952165387503,2.149094615453888,0.12587014852883024,2.018092821259312,0.10770695492678953,2.2172885576532444,0.1552115879105718,0.7065487469848191,0.7817203829932314,0.05418630369072493,0.0015380723757179484,0.0015767976345193466,0.00011097608036487012,0.003124787360329378,0.004830441854650226,7.209536840731506e-06,0.00032771232834089524,2.356946213764183,3.9892590153382157,0.009492075205413406,0.4353082399743346
trapped_ion,490.9106100617682,466.9278247705677,20.234600132373437,2.6415608670544852,2.6679621894586245,0.1547106050160748,2.748887906610525,0.1428269282703341,2.477037868987758,0.19116016482296586,1.9913863252963022,2.0161862502598544,0.036515017092660654,0.00019689854820817898,0.00023843376434459844,1.660578470846856e-05,0.0007670394226076784,0.0019121412842511435,0.0009128987996553901,0.0019713874545684747,0.5022206797631973,1.6706601775348406,1.1102603055391407,2.2003320111810423
trapped_ion,2481.9555525005812,2501.6897855445013,85.83003228278139,1.1785141284974656,1.1196306419808426,0.04737813696664817,1.0905314801419168,0.05573847284742352,1.1953983388640843,0.0899408253583822,4.170124674156109,4.171156344284263,0.09630410936780882,0.001680544932644331,0.001700257866383977,0.00012010315600996662,0.0006186579456199204,0.0007598286912755583,0.0005084028842150774,0.0004066355279170646,0.4162617176344994,0.6805811701188179,0.8186333146413799,0.5298129571224223
trapped_ion,1349.4218259935917,1304.9176709483727,59.69027857155318,2.4628557214946936,2.2904589886597084,0.0820479055357587,2.5207757774707833,0.13504699370204154,2.1557047056210497,0.1032983563507948,1.002755478127219,0.9745316065418678,0.0397593884190261,0.000588655334514951,0.0005598618350963653,4.05073591085479e-05,0.0032685271290767695,0.0007283310251908668,8.596948895222157e-05,0.0006115166593259534,2.3473788743876947,0.6971697032343562,0.13027010766549144,0.7538256206883683
trapped_ion,1632.7860816266916,1683.8597621480524,80.19845906913494,0.14985379437632576,0.14222806356053674,0.005989594628408119,0.13735180104126252,0.006955679636907502,0.15621605444647343,0.011780770681780099,31.838095566550017,31.351020743644053,0.7122330118793003,0.0009141236973138063,0.001074426024618,7.70908011734554e-05,0.004548212210521013,0.00028300151965458484,0.0009514561025761984,0.00045275484700936795,3.3492325576044513,0.2358062062829967,1.7348934640176574,0.5874102634128908
trapped_ion,232.0013322657969,225.03385911003122,6.692493385942157,0.974614957019964,1.0450888942938914,0.03452378133226064,1.0007079901531464,0.04710189060921355,1.0966106586604898,0.0477888504008498,2.7416711702470917,2.866914285097137,0.10582127070235597,0.00019371031421830972,0.00020366434897911955,1.4213312785538224e-05,0.004480747694985056,0.0002087803931378274,0.0003697951267129569,0.0009803994000579718,2.8125126471700046,0.17049084507539153,0.7525508266429581,1.1277636538321971
trapped_ion,718.2382481058343,752.4680769916355,26.19298077780978,2.396519745748787,2.33826393586873,0.10021521042731707,2.260106724993155,0.11861107695458156,2.5332558471347815,0.18734798261076238,1.5557066888784226,1.5386298692921037,0.04336874146029983,0.0011072045279104847,0.001023521320387335,4.491174803487068e-05,0.0007016346271469199,0.0009162039452892359,0.00029474289010915773,0.00013173884599671548,0.47710332147944745,0.7851523029763784,0.5597987373419896,0.1572976881624219
trapped_ion,291.0603848580466,302.27698896013436,13.32962088327134,2.256846251676462,2.3080868773422147,0.09596054409916317,2.3205063511282997,0.10437030641642482,2.240204500212031,0.16073267757347925,1.1165036220921474,1.082707559265694,0.04478576054904272,0.0001241499898170357,0.00012940328748065454,9.06216250706118e-06,0.0005144957056993809,0.0007070013501260277,0.00013073072892521215,0.0017842149767874423,0.36380778569575734,0.605763430717674,0.18052503239091264,2.304620417143994
trapped_ion,9291.351785872117,9189.648291143341,433.93791505245093,0.9149261995652328,0.928021340868052,0.03883775305853227,0.9131111094709445,0.048826733019420795,0.953704458596094,0.06408248525720614,5.559953768942457,5.71357049226023,0.11018065581779704,0.0002487961718263118,0.0002489008543583352,1.767459978839893e-05,9.156717748501663e-05,0.0007235581413208838,0.0004714409025505963,5.071656612610501e-06,0.07144583832580229,0.6203556454219952,1.0014610829114567,0.005634634520516763
trapped_ion,335.29838668527236,351.17356787194086,13.053564210382588,2.690617218860081,2.525894834407489,0.12795699825618553,2.4298905902015058,0.1284274871577314,2.628048984201503,0.18383367271475173,1.8358167295498071,1.8529425087261677,0.03901997509523737,0.00010655885471308737,0.00011845206122505698,8.220822250220034e-06,0.0009469140585236983,0.002341852041529296,0.002537827603552939,0.0004499232190876973,0.6530242645496243,1.9256110824124228,4.038262720776262,0.5764101645446273
trapped_ion,657.6079738502023,607.2343778412834,24.12781379408581,2.4938691287312853,2.3922466889488057,0.10471777422752875,2.3841288682230704,0.12771178541323414,2.4089028213286934,0.18293564259423395,2.0179976524481402,2.007541467786841,0.04106229508401525,0.001497239903018374,0.001504556772644854,0.00010668606014367848,0.0008823674718090815,0.0005064412802877587,2.1923806881837993e-05,0.0004723393304828301,0.5572809095043137,0.45086598711950404,0.03317208909382251,0.534674782105816
trapped_ion,246.82263638878842,230.89327120027482,8.711881590813595,0.19141815771406437,0.17905932086441723,0.008606313690816264,0.1780416165544968,0.008055342825996755,0.18133010298534197,0.01376796048318952,17.096519978604768,16.412197730387863,0.5638313861252365,0.00038082557390635245,0.0005519181727343319,3.6016572782260656e-05,0.0002749797345838271,0.0020589623353273433,0.0016128037125057336,0.0009393545104969627,0.19684493857262433,1.6530533681533128,1.9042717903398985,1.2626109808261
trapped_ion,677.5777050288932,686.3282454023498,25.183731714619213,1.194135192225547,1.1259038698557633,0.060459905778605605,1.1014547527070468,0.0592819427535577,1.1533221588697555,0.08806090416094482,4.268173163689107,4.103080992321507,0.08752775567643585,0.0006174242893977359,0.000702407295147442,4.775471351354316e-05,0.0018104465561805763,0.0023753224200294323,8.97368740058343e-05,0.0008264713177379813,1.2458245693993546,1.9676337203706642,0.1456305523376955,0.9012614786767901
trapped_ion,4804.412059546187,4665.76846226714,214.2489594188886,0.14081240496877703,0.1411529578508202,0.007677226242055284,0.14004410166000042,0.006422876289018633,0.14401460531115737,0.010804869662445721,19.29524884224609,19.79894508138359,0.7596973976759989,0.0003220522989754014,0.0005850741131212305,3.620675503040187e-05,0.000293423657427331,0.0024126232829761543,0.0007535571760942404,0.0012555206568856596,0.20293767615759228,1.9823440595922954,0.8254640624861349,1.8077567324827728
trapped_ion,177.34916807853682,173.6890068154465,7.269981463878045,0.481924545222153,0.44647582760440097,0.011130106134059261,0.46696468983278283,0.021734834856279008,0.43919326824304744,0.012958043701849758,5.117705010080584,5.326930426269672,0.2239498645159689,0.0008202695181754829,0.0008736506225707131,6.065919559075308e-05,0.0007201441268652774,0.0007657483910807725,0.00021358081865652465,0.00046296332585315066,0.4924843218006055,0.646351454970931,0.4021326643239447,0.5696241253512503
trapped_ion,398.71491031916617,401.4430948734675,18.603311556854752,1.8539913697943156,1.8474038979729768,0.060144343081414156,1.8403479653427595,0.06426641652791655,1.8760826714943601,0.1353513776684688,0.9655259265390439,0.9139460337294798,0.05732280557350411,0.0003944320547783996,0.0003662295184470043,2.676051675332072e-05,9.412574263333188e-06,0.0013441787270081537,0.0002402709605718746,0.00024486265036482774,0.00597983704480925,1.091317308834787,0.49100058879117364,0.3434746283332678
trapped_ion,127.57420314503665,126.98918691639145,5.5671796683244645,2.859266516020651,2.683434269087789,0.12655095738306454,2.624541453380201,0.13999392950495348,2.946659511864412,0.22402866982381026,1.1941316842476897,1.179446284384528,0.03637820235481792,0.0004390734866753078,0.0005319426026645852,4.30851710510143e-05,0.0014647982047797084,0.0006194042906164422,0.002029286607829876,0.0012535200347550826,0.9827251789804335,0.6001670936422898,2.715363039267273,1.7453254583127797
trapped_ion,1083.6585605839236,1103.1982248320646,43.46719400909492,2.195494230949312,2.15956112074696,0.09703676047888227,2.273032675469942,0.07860182519519017,1.9967245313287036,0.15142222717543674,0.5297091163539958,0.5710978300572583,0.04592317953121267,0.0018167472484848773,0.0018438521771518878,0.00013022527716089027,0.0005872061057845837,0.0031841426321868546,0.00020520879239489432,0.00035172016711041483,0.3722244866345709,2.5861219801149216,0.4305124576768021,0.37688730070119236
trapped_ion,1165.0654304376271,1154.0536560100586,39.66733045368783,2.150571231307705,2.0912194390608825,0.11200846117915426,2.0336395783211434,0.10789989247619775,2.1375339188876077,0.15045667886476602,1.0626651883790594,1.0243706913741808,0.04650555223578886,0.00036435851098734007,0.0003922909035553067,2.7156416038450983e-05,0.003229229766714468,0.002765179282911922,0.0009168470661227576,0.00038004069473030654,2.1951474872200927,2.4173232985738538,1.590715528794216,0.48722419788146265
trapped_ion,1132.3732582279492,1139.46683855866,52.946682170332274,2.2554695509138782,2.1297445413536336,0.06479594084640182,2.1303198119336533,0.07277123850633434,2.12754310552173,0.14235630262699003,1.7022992821776786,1.6697573865775972,0.04681590688401418,0.0003874745292823357,0.00039487143023504283,2.7855126646346625e-05,0.003016837123346471,0.0008785231501036898,0.0009758937332330697,6.248206559656151e-05,2.3906108559363055,0.7318652945364674,1.316226628678999,0.06990247345611032
trapped_ion,1076.7252539477472,1200.0396024237755,39.72418510856317,0.35265915593372077,0.3888867303443637,0.0031971774100243307,0.3502999986863062,0.017874513022881858,0.3901620670637967,0.0026532175748917378,4.400279994273511,4.454148716587168,0.30483617493042675,0.0005163584427819044,0.0006343781530252151,4.518677809504067e-05,0.0015119658627432992,0.0006340367533212305,0.0006588807710345587,0.0009798000533490687,1.0022693038716155,0.5557287486885555,0.9733602200604785,1.500063264523608
trapped_ion,137.21434581206012,136.50676090675466,3.7044513403891224,2.436778282344172,2.2776199610180217,0.10480812886327454,2.211739327841512,0.11390374065604394,2.641403824319826,0.1839616338174698,0.9495366867679909,0.9565534142752419,0.04449891058953378,0.0013348157782772292,0.0015326263520129015,0.00010398959436004113,0.003916520210330859,0.0001872896493182146,0.0002948114176108021,0.0015455430540275415,2.4792460274778767,0.16087391571289036,0.5642772358373667,2.1169330522967034
trapped_ion,304.9781560868288,291.0617671203772,8.626085404509913,2.1806819658327155,2.164688132233034,0.11402102702216876,2.2570183470601464,0.118807847738614,1.867104777848039,0.14560547740639956,1.824386273154667,1.8547697506393737,0.04363871940701672,0.00010266906455535895,0.00011263324284340615,7.894258712821866e-06,0.0035463287673665844,0.0012471236097372786,8.188168557651415e-05,0.0023319864872537676,2.226617633873293,1.206811261788953,0.1869503378264088,2.589637496913168
trapped_ion,788.2014202853353,801.0587265269135,34.82603228126029,2.779992492719857,2.8391857271535965,0.0805751128691647,2.689453233241721,0.13599971264941516,2.920171245138434,0.10001926155747304,1.468444983636097,1.4724325673483603,0.03888939088720736,0.0009580050831419949,0.0008816834612583188,6.461895136059617e-05,0.0011899759293885369,0.0005089579767829602,0.0003751929056908358,0.0002776237709516894,0.7892239977367095,0.4340659689086288,0.7858617691240003,0.3167884956789826
trapped_ion,176.43616238125458,174.11127806899455,7.148192910912296,0.28503001648505283,0.2550035175132126,0.009892165683006876,0.24669707107297814,0.0071547256025325055,0.2815532473056625,0.020263927292467003,13.65327922128026,13.162973906576154,0.41661728692417915,0.0009687865386534489,0.0009920258245161959,6.984454558794703e-05,0.0010865566050905393,0.0029857390189874018,6.764372923960101e-05,0.0006856129619813754,0.8648964503141752,2.509668940605674,0.1395877235534876,0.9312126872015081
trapped_ion,464.2690821943266,453.140566749035,13.755417830129176,2.1007181246597217,2.079131950149537,0.08047469566851663,2.198276856922221,0.09984188449301849,1.8581830119326253,0.13596307811737726,1.6036531607002207,1.6332259966486835,0.04932466004832383,0.0013998092441820714,0.00148328680178073,0.00010320632857990114,0.001491186100470602,0.0007600959354585704,0.0001418059142357488,3.096553635969632e-05,0.9628878946312452,0.6387356658018443,0.2825523550002546,0.03805142503407146
trapped_ion,162.65668558573032,151.16057472938314,4.423733989961846,0.9528507438456122,1.0393643694823183,0.017932480256849057,0.8849510533999188,0.047915785668342384,1.0568827058869985,0.011260617469714799,3.8042579056327623,3.6821638546758133,0.11213224215973437,0.00022611522340251997,0.00028969428470373656,2.215896360593722e-05,0.002673976196867751,0.001622919717608058,0.0021251986654823593,0.002536951188351655,1.806449283206189,1.3746320676807677,3.8371156093012018,2.8237575129505452
trapped_ion,4427.539628173305,4383.734257775515,183.4319898088666,0.28996436594819786,0.29118164997987167,0.009248282173828993,0.26291490493223696,0.011534509938278798,0.30814234126643786,0.011698337766115337,5.165711279045755,4.50634103874616,0.3831770209117267,0.0002563591961358258,0.0003777434611080386,2.4103377071614956e-05,0.0007385072304611202,0.0020827451191517926,0.003577554593341692,0.00038821861162281984,0.5236214089718383,1.7142820215529766,4.064058267342558,0.4244154573161042
trapped_ion,659.0006055460569,638.6317854885488,24.26883504807778,0.8363959113791255,0.8486405203294527,0.052908060644638176,0.7859473148345345,0.04035765717594252,0.8835378116294761,0.06601085670646514,3.9689947353054222,4.232613724152806,0.1207171824504232,0.0013220114683428915,0.00122466851963324,8.95310260945893e-05,0.0011078211130418898,0.005725627482810747,0.00017004855685497701,0.0002816194830379202,0.8607342206877877,4.806263774747249,0.3704405113570011,0.37313174742781186
trapped_ion,393.27901192641156,409.6845012714223,14.447401892149104,1.5713012274943159,1.5088458552219735,0.06374415490061665,1.4914953801920192,0.07611420252969896,1.5495962959353236,0.11664769776222544,0.8226563425500828,0.8381998015953456,0.07202198483269918,0.0002519133445729446,0.0002952001266232709,2.372094899781407e-05,0.0029015186706908254,0.0006220092763241808,0.002749187511262999,0.0004518178157059146,1.8497175427281587,0.5747806466375684,3.6416019779879987,0.5020038152682121
trapped_ion,1717.3998232291513,1774.9949295014162,72.07697582404228,0.1616686437946256,0.16790576600022072,0.003358499432402226,0.17072109846811756,0.004275268019917053,0.1633682141847282,0.005427618329519454,21.519167144729344,21.204350273192112,0.6205099433259325,0.0003492426320257929,0.0005738605726700672,3.688140020347698e-05,0.00018196039604986163,0.0008350230136504807,0.002389748674440394,0.00046490622048854106,0.11963337610223318,0.7092729762347951,3.446627894904676,0.5029887234243924
trapped_ion,169.0984131877864,162.30618330333812,7.357305294817684,2.387130522528895,2.2259956343403147,0.10748785753155694,2.180757015247619,0.11338281843335841,2.6274250224050038,0.18568640188634805,1.0049261787931045,1.018872376945393,0.04600939990969548,0.00037910516659110167,0.00038554094524901396,2.722547473292538e-05,0.0006975802499248564,0.0002845425344928939,0.0003774438858894388,0.002362210139267974,0.49037743116885574,0.23860069600198264,0.7056026196390569,3.308522700603017
trapped_ion,902.9336592522562,990.7025242469209,40.034551233507706,0.5134501407804963,0.5236812064835588,0.02907061125497916,0.5196844317970171,0.02689459440754292,0.5266579582781068,0.038399498964263847,3.5633408579789774,3.788074366282847,0.1906006755885935,0.0007342104391979551,0.0008632257294443347,5.8102136115510485e-05,0.00022305854498518398,0.003273074371776408,0.00025120648100640595,0.00012581379326653583,0.1478922963963813,2.7370842094728838,0.380335869772625,0.1759229339310771
trapped_ion,1372.360337574238,1342.4817027761883,48.000887004959935,1.993405236974216,2.2599541228935216,0.023280493951858966,2.095864170759099,0.09357284070181508,2.2707813492556115,0.0176883071856207,2.816124810668568,2.819985276342047,0.051030836279991845,0.00035240318764964007,0.00041269139990163245,2.782792040319196e-05,0.0008452224757875529,0.0007176759325782489,0.0006803659942120654,0.001565479764122617,0.5382077884585633,0.5940711607855654,1.0100657297944349,1.8465552761294255
trapped_ion,3371.9296680458137,3360.8646711178844,109.4355976819749,0.5636439770201925,0.547955391508014,0.003634477973893189,0.5784078823170297,0.02821881339036913,0.5475399551873347,0.0036591849750125254,3.935950430009373,3.8264568519921016,0.1804328373801807,0.00015571515559451807,0.00020921259026150126,1.3610661840728867e-05,0.0018366685489274702,0.0014723012115171249,0.0026246367791314127,0.000898170391125908,1.2615580612932666,1.2325643161705377,3.2723572517815347,0.9821710931848195
trapped_ion,530.7861492226117,556.2846682204007,25.292840940841728,2.0572179048565444,2.262636177703454,0.08523347881552283,2.304124282662258,0.11961024938506132,2.2198349447057315,0.12148837886244225,2.7390794113985946,2.7061284363056965,0.047671565811281166,0.0015731247114430073,0.0014105890534973548,0.00010457452223214928,0.002410979376593434,0.00012610551562914387,4.138284266370354e-05,0.0001364567229734605,1.6319011092085982,0.10646246044863199,0.058282374152836755,0.18546810010744297
trapped_ion,3503.83464580756,3494.605844136172,78.50891563552183,1.3299502897746136,1.5388020197744023,0.012195232326297214,1.3342847523815724,0.058246619264961864,1.5437747361928564,0.01065464262246848,3.9102666765982055,3.8188933942464565,0.0756594286830126,0.0001069461919978516,0.0001323909630706218,8.825409031879396e-06,0.003717251137001489,0.0022517724771871617,0.0003188902792496312,0.0009874294857729901,2.3866416008186286,1.846750733231929,0.604508590858592,1.3419479276539434
trapped_ion,2850.8004846849085,2800.4047810914262,107.63491387088662,0.6433205177228167,0.6790735730094679,0.004515733750048458,0.6270432072492734,0.026747973894062926,0.680600048476045,0.0045814965681238,3.8855580812130563,3.612160550876714,0.16704798261774537,0.0001737998684055918,0.00021989911321175325,1.4517776025510716e-05,0.0014131824602633275,0.0005453604045534718,0.0001796420662103665,0.00042579961302285723,0.8946192698955797,0.45900897963179227,0.30182901652365873,0.4799646656001852
trapped_ion,842.005267456153,878.5130207781629,23.02164265788857,2.288740634007422,2.1982513969656226,0.1031560972339991,2.174343623454478,0.11553490467266402,2.2922278863071845,0.1759554924951264,1.0516481468762904,1.0869887078869298,0.044811872706921975,0.000305812569083887,0.00032673448835365474,2.2676850351702723e-05,0.0028756304946946218,0.0003764196893540897,0.0002206850694999726,0.0015399542918592395,1.8390175732337248,0.36520195512127807,0.4003722754802421,1.6947312938235428
trapped_ion,179.79380349914683,173.18261435085626,7.702102847845311,1.632926827804936,1.8633721884126193,0.04893136316074831,1.6131437020029755,0.08688161567895746,1.8839026498895628,0.02295969896339874,1.433126910686555,1.5147354383679943,0.06286969601848945,0.00023162561223379036,0.00028058421405791127,1.874274428052782e-05,0.0007085032418361957,0.004880175184245025,0.0011064600695028799,0.00425365629477861,0.5002499539556143,4.183145385650226,1.3394106021977148,4.914601619793803
trapped_ion,235.40378078669195,251.61154226857312,9.956340565898564,2.084391009665603,1.9655941880978058,0.08165864793674764,2.0392976771823736,0.10102142185805686,1.8266521472545043,0.1387031390455221,1.0301667662258953,1.0623234437877462,0.05259519822103023,0.00040658479481722694,0.00043108483017993194,2.9997708848030912e-05,0.0014573344556422629,0.0007833050947921627,0.0006464533945838725,0.00038430116066780277,1.1182767534142397,0.6957286559068337,1.2091809557181321,0.48340025305619133
trapped_ion,8605.25989198657,8859.439387590613,382.9082018234064,2.5156225007559763,2.5643451577717453,0.11160328418734002,2.4945934789682513,0.12415650342335784,2.8578962964922576,0.20677652011524733,1.96435832635238,1.93512233469559,0.040650560162816714,0.0005053990968347314,0.0004537474091094712,3.360883910197303e-05,0.0002027469494914546,0.0006766902163216501,0.00036188287586718445,0.0010243873463217017,0.14550461134288067,0.5582302846739865,0.5142975008958002,1.5172795575224187
trapped_ion,278.7835868934607,278.92350179256505,6.29043527575665,2.3801113222707073,2.2956226242889373,0.035349208778981775,2.4100809406904653,0.12297396577968525,2.2878559930681375,0.0264193396229679,0.6304238613299943,0.6477902248676984,0.045380761754945875,0.0005784639136436552,0.0005647487857484161,4.04498684536717e-05,0.007037222658107781,0.0015478400549569448,0.00021088779395761313,0.0015465498107386315,4.617614630082674,1.3003498528042865,0.2827816599380352,1.9117362956734496
trapped_ion,142.314218703754,137.5521160991259,6.523811198969534,2.270498937733449,2.0852032447013062,0.11502158324323532,2.019737779128506,0.1103571488878892,2.1296718418140737,0.14905252921406253,1.875023979200117,1.8983985620006445,0.04573462802467926,0.0002512342640521496,0.0002413319071005883,1.7403443261508803e-05,0.0026974583317560348,0.0031976275689742195,0.00025794456526107034,3.385267699376567e-05,2.0424702687621474,2.6855706883840016,0.4985361006039717,0.042708969806494856
trapped_ion,6914.7482239204965,6918.112490956092,300.45782269201914,1.6843021678908148,1.7142855271078292,0.07262987774178406,1.688425753143393,0.0859870685278559,1.7786714072803294,0.1356800826579173,0.7102759539187052,0.6992975388267795,0.06170848163002516,0.0017246282763776861,0.0019620291832605943,0.00013323422216618343,0.0006505211357580588,0.0009234001961880582,0.00015778999662351877,0.0008494884276284516,0.42072244846081935,0.7991593253704915,0.22794652372579438,0.944180080741043
trapped_ion,2378.078598664348,2327.3756462812116,105.21938285999482,1.137124442846456,1.1420269806098493,0.04409601304280169,1.1240175825698815,0.05689931440912988,1.1691085978606472,0.06977417867249518,3.5804505930526904,3.539147158655689,0.09210135671016506,0.00042498440331739326,0.00047989568111004183,3.545466104152468e-05,0.001396012482777805,0.0009483278201910635,0.0007723963723571057,0.00028607584646288427,0.9270878867108018,0.7935336231420991,1.2504446595616554,0.3229250435267894
trapped_ion,205.63591575989918,196.78111182274165,7.999465072775337,1.5379864406900035,1.4801715504997257,0.06971328294701112,1.4700061454907771,0.07990967634459895,1.4897180170148119,0.09707717324977919,1.2354060448409723,1.268276729820955,0.0694772377413965,0.0008267519809428639,0.0008516737274922088,5.984559630949418e-05,0.0001419115283879362,0.0018692537346026565,8.408988151523505e-05,0.00031745676878744937,0.09467642909605647,1.571511390324818,0.12948064087617092,0.3722312493362944
trapped_ion,132.30467841570334,132.31854437459378,6.178340672287572,2.4693757495572823,2.6539248896575716,0.1357144455166633,2.5994059759667016,0.12269454440750227,2.7060912162941575,0.18984739822579771,0.963889261917843,0.9503997707524505,0.03871562698139304,0.000263221665507267,0.0003196107127784454,2.133171550426253e-05,0.00376503001094748,0.002791983556023955,0.0009773263853672157,0.0001257083246481968,2.9769795453497534,2.5021637741849316,1.4667597743337208,0.17928951418326147
trapped_ion,7300.633283087794,7520.575480454913,304.89796843118495,1.9478997649535004,2.0779660575037884,0.09873283841321304,2.0804826463692536,0.10629771068795274,2.0621493770318935,0.1585990431762106,2.4322181112283694,2.4239036432751786,0.05241670953838553,0.0016273176504904264,0.0017060860134436883,0.00011912336113293924,0.0013206641586397437,0.0007013010450964286,0.0004276233384259675,0.002537117784988687,0.849687130226351,0.596076329261529,0.7166854520752914,2.823252797675347
trapped_ion,5508.949481623515,5377.712233105561,174.7204827199033,0.35643132824602686,0.34749568488048765,0.014275719635883102,0.35804446233125803,0.019185672784526982,0.3344105924992335,0.021368024096174366,12.26852137952283,12.25428624354525,0.28680323521154816,0.0001399330515258339,0.00022616034348823272,1.42069390221382e-05,0.0010078859889610973,0.0006257749775928028,0.001018144211308739,6.163993261776414e-05,0.6564293722389234,0.5288253160651,1.3168853920235009,0.06634496965214841
trapped_ion,3569.9834888780924,3749.2098000825385,174.34396354514175,1.634186741185193,1.5652251967750903,0.07586301156470174,1.5975010406724564,0.07640626019083412,1.5400510933825564,0.10121295232980815,1.9189726688847815,1.914150486528599,0.06537274073168596,0.00022769272163885757,0.00023512920601906513,1.6511516999523282e-05,0.0016132290118567474,0.002801055082013389,0.002261047753303255,0.00014994840838157108,1.2428433006079236,2.24976882784445,2.943879141999661,0.16960086091127424
trapped_ion,8260.95193977311,8146.2607274453485,188.24849599331088,2.5463458532563266,2.713445491359747,0.16329020131739644,2.656831808837943,0.14329801476453524,2.7468775620340744,0.20593541509275876,1.5558640825176875,1.600205471785259,0.04018719970289073,0.0002913869967228506,0.00032915029585938425,2.5692630158749808e-05,0.003299039593181499,0.004193735101086544,0.002712049107555406,0.0006201317993311177,2.2163920614410273,3.497356148147955,3.7420958164077796,0.7419136258298069
trapped_ion,1068.7948409931869,1101.9488650785206,42.859751233562164,1.1804656439971963,1.3145222753725447,0.00964704607586996,1.1481722615952012,0.045726203811158515,1.3219882822953133,0.009861156102174671,3.19731535843077,3.069652916807597,0.08758961313256586,0.0005477357724213682,0.0005900670855773251,4.082213595720269e-05,0.0004795651393334499,0.001240138644408655,0.00018873109688956222,0.00037316326293440014,0.30535913824255595,1.0362387409926204,0.3359381139744246,0.439069391503321
trapped_ion,716.439767236292,758.2360998363652,36.10829281386218,0.3968190824005714,0.38361076494333934,0.01593975180383523,0.3684386384117257,0.019175825247645863,0.40128137374688366,0.02345189748306479,4.820538949598144,5.1217805235197655,0.2742773356745318,0.0007283026936392072,0.0008818597241294679,5.891253516636249e-05,0.0008676772858790106,0.0015628784003102296,0.000560063026289073,0.00025627775396820657,0.6516456887994275,1.2842299412967315,0.8980514155083766,0.28291670847923495
trapped_ion,1833.1822927972403,1921.0709085046042,91.01266429585918,1.232705998895101,1.2932157254161183,0.052596800643786176,1.3229303232994145,0.06389843716119158,1.2307791599492053,0.09262427254068659,3.257617031005523,3.198255622684172,0.0787450847031026,0.00043640871297745306,0.0004406697300753613,3.575510438541626e-05,0.00021899647901302402,0.0009447071954049776,0.0024904788963744616,0.0005437582760086663,0.15837916938522256,0.8238565850206179,5.4008383161974125,0.7386275600561233
trapped_ion,276.15252863884285,268.5261304120926,9.69655383371052,1.0609324162085416,1.0936724396913466,0.040321823881045674,1.1069588436356836,0.048416779682617594,1.0636005501955363,0.07284043529089763,2.267904217444003,2.2707210147632058,0.09530706411479446,0.0005303495697409361,0.0006019918973843386,3.587507564389887e-05,0.0022767874135502307,0.0007762539485414175,0.0004808297269466771,0.00014350209410139367,1.4345670281709801,0.6624259461590736,0.6066087929774198,0.1822347625504978
trapped_ion,726.3006857634921,724.1947651344567,34.2196537059249,0.8133615576247407,0.7950107760151532,0.032336002354098545,0.7783855626207788,0.04115006363647159,0.8214889857242085,0.05206652513788656,3.4220819006742627,3.35677652696538,0.1260258044097942,0.00025753455914356637,0.0002975001831870241,2.014428497136389e-05,0.000856351512469069,0.001164996801713951,0.0011604585286859386,0.0006358270288932585,0.5651813386726192,1.0052053173128634,1.4322613745394017,0.8394320132734246
trapped_ion,858.0603792951969,831.6743752302852,37.656857615828486,0.21891210683615434,0.21987770101773502,0.010934142744967512,0.22375178560118192,0.011915173480865487,0.21714080115874446,0.014283454563733434,11.536563975975554,12.30650677605629,0.4856982861530817,0.0002911592263807203,0.0004712574205094705,2.959053900483374e-05,0.0007087035030145044,0.002375198995457771,0.0004120614592840787,3.67536085237589e-05,0.49505212532088416,2.0341171747066213,0.5079404803564092,0.040187312902443074
trapped_ion,4811.285156857846,4608.943539353013,202.5476017351475,1.0339253942552944,1.0173836459077552,0.009093437403546801,0.962809007328126,0.05065038960855159,1.01920129608811,0.006858640343868669,4.7375962272901715,4.766808899157839,0.10141892351312878,0.0008773260451845439,0.001044579733602206,7.485398967596914e-05,0.00031950458692650503,0.0005288705454143099,0.0006811541292632416,0.0013446685591700983,0.21241181477005333,0.4474475609633418,0.9368939988600105,1.816389391680827
trapped_ion,3596.3657773704354,3597.5214253172326,161.70227609099723,2.901066541575786,2.7288823530297583,0.10459763525817112,2.6981583963511526,0.13841200418553629,2.7697892077683193,0.15971041179724582,0.7001385266649327,0.7103434628318713,0.03815107424230281,0.0008484091222472264,0.0007667353749491408,5.66400661806891e-05,0.0004885338983685781,0.000917503184245194,0.0010258916563126988,0.00014024219388217635,0.34118562512061895,0.7667128545913666,2.2802242678961644,0.15227544604083204
trapped_ion,9901.114472257617,9789.490503944618,392.6097179220393,2.662304545031259,2.7110630895892243,0.0238772571557194,2.734590872426072,0.1443585673421142,2.710708118712339,0.018344327890533554,1.2704792363071078,1.1973225056085106,0.039061919386858844,0.00015169343518936596,0.0001512891572820992,1.0755632392919208e-05,0.000829979071205255,0.002282801145453663,2.4666105883177088e-05,0.0013364155637113119,0.6037599571377883,1.8406678361459605,0.03458952869744826,1.7197632402536114
trapped_ion,2047.5923697140745,1896.099652399372,85.84767489376424,2.120867210196309,2.1537409784422374,0.10628417261425693,2.109010877541039,0.10935101018369797,2.215192319478019,0.16375439562674754,1.4178871586652062,1.5024311311828296,0.047777415214379136,0.00012055295895766709,0.00013857545222499518,9.410449090156977e-06,0.002280987873887324,0.001981048487706716,0.0015782620064647486,0.00012707352113890802,1.6249507545806425,1.632333325560283,3.0580859692106426,0.15038746618891363
trapped_ion,125.4551852338656,128.02419700759054,3.113138208161975,1.3124580973295326,1.2890935606935088,0.05463062393738332,1.277137266935094,0.06695289607700615,1.3129114564077373,0.09449803408222433,3.7355290328568933,3.794415185876588,0.08117764694749365,0.0010538084401318492,0.0011593272002500016,5.547192835370588e-05,0.003953045487209379,0.0009598993858145707,0.00043133385682476343,0.00027672784370527594,2.6176236755890865,0.7757028134729157,0.8154455741129741,0.3430334154354667
trapped_ion,9382.520060623034,8865.759185601035,406.6227792625401,0.9937615712504427,0.9576486981161987,0.06057492537598873,0.9152553324211505,0.047494357105025885,0.9796187254100222,0.07463858616658868,3.9085614798602326,3.603593920243855,0.10672158480031224,0.00011153288626655575,0.0001294466918370438,4.817776631780039e-06,0.002996191975712796,0.005711851867230414,0.001781886233333957,0.0007496369486385019,1.9758852197588148,4.765517654720531,3.229939367561998,0.8200841007663333
trapped_ion,198.43827829654686,207.89756793410552,9.346863493632245,1.987645554899803,1.9947846676154657,0.08164468908267214,2.0068430606311876,0.09729333674373863,1.9660791184495554,0.15011403911775661,1.58261992354237,1.567823570072472,0.050343010733950345,0.0005236468132430367,0.0004909704735442161,3.573345011784267e-05,0.00010592406261327649,0.0003608681355442752,0.00027735513783658797,0.000803603545857163,0.07533954649501884,0.3563060063587927,0.423792541059659,0.879486388784094
trapped_ion,423.5637054092716,395.2562899375111,17.792244368887395,1.902443243343774,1.85485011809418,0.07896461161873862,1.9092282815887185,0.09951994502635982,1.7624304566520754,0.12974183796767866,2.544025349240543,2.581545857385248,0.05691296735622434,0.0002753242660094829,0.0002857130376499658,1.6334141435691592e-05,7.916842122044749e-06,0.0005131765973794726,0.00037347306007935407,0.00023638882023831846,0.005688209116675544,0.44143382368169315,0.6708472385235306,0.3186320644733336
trapped_ion,135.66518967318603,142.3357694903967,6.627182142246196,2.6865477536664786,2.5783937352637563,0.11062935281580606,2.64919005003961,0.13802324543161024,2.4511885999058713,0.1850117160829253,1.6771719466325494,1.7152934935428732,0.039392960084660256,0.00022034745996227242,0.00023050754832452196,1.3851791669606476e-05,0.0027064560465238415,0.00019507014410844083,0.0019915474732197435,0.0004587436209169439,1.8974407557779418,0.1597711169357119,3.877334859284872,0.5091363562729422
trapped_ion,1859.283462486419,1686.8726509385717,47.12301256344008,0.27277800900495996,0.276355283956748,0.013174284857253174,0.2717106505573056,0.013965373200178323,0.27967252609978366,0.017248805357634935,17.91512143743865,17.227832979888113,0.3556276513223846,0.0003261407463923837,0.0004748396407230921,2.553846669880175e-05,0.004698682043164834,0.0025137641155684814,0.0003457404216665108,0.0003598742435207849,2.9300427775026168,2.135930994073358,0.5449397178052932,0.4181640520831073
trapped_ion,250.0553619449464,239.52457163280098,10.836892963397885,2.7284725993770387,2.749275937647612,0.10446291676827511,2.76924669846511,0.11139318535810287,2.633567200185083,0.20245016185956158,1.6715972281428755,1.6636144558532333,0.040518991526289766,0.00029613994640256765,0.00030818758013462764,2.157754255089297e-05,0.0006960521892913519,0.0011718707630873578,0.0016708864806115463,0.0015307763629188204,0.5578964614750945,1.0312290143643035,2.8319557613835804,1.8088712563272438
trapped_ion,162.22510895471498,173.3258508008552,7.875132324168176,1.2429529321539237,1.164932913171773,0.0491947602399149,1.1263464968499965,0.05802990166412233,1.2635072697869336,0.0927505700154237,3.690796845515954,3.674326164857123,0.0870993277991816,0.0012670061032530081,0.0014002719053619933,9.606393675348918e-05,0.0019391102476005828,0.000520209991672174,0.0006418695869480536,0.0001002417410962733,1.246483805762739,0.42049746793228443,0.8753020645001441,0.1290941647972599
trapped_ion,109.25147802993726,93.58954826680501,4.130993657687043,0.45802015795060624,0.4854694852443676,0.020955837202590324,0.44405427762024613,0.024049548705810563,0.4922322218071024,0.022602122612071042,9.716018592842858,9.981008864615381,0.23697916456405443,0.00014330879796955798,0.00021972492303645768,1.3918931206270313e-05,0.0008677584420976463,0.006573394747679177,7.879727237156199e-05,0.0001843709311897472,0.6400845151594422,5.409062050884951,0.08746973734392967,0.2117482328048163
trapped_ion,5365.534522178992,5461.436827298117,153.1928906403834,1.9875003231763713,2.0268978323945217,0.12107032790035534,2.0782359889631876,0.10588095917776541,1.9749008036582911,0.14705049613631047,1.0751239312729255,1.008402620621274,0.05828924427765734,0.00021801685353239656,0.0002392694924167137,1.646182739656327e-05,0.0017121788375850956,0.0027749527168704725,4.0328346577941724e-05,0.0009658980158776802,1.109869653066839,2.5984202884072225,0.07400896840104172,1.3644273035867702
trapped_ion,3930.3127295145646,3861.2662674481912,124.29007342790455,1.4881157966555356,1.4092419527501365,0.054000624202865104,1.4139363772787614,0.03027584801830808,1.3960873949701613,0.10529659530492193,2.015672097106886,2.0537617239954673,0.07555466872603765,0.0018664579235681668,0.0021036638236784275,0.00014340471491759016,0.001427851329926956,0.005224071556150799,0.0007252231664827924,0.0006948939810485394,0.9166189582822566,4.3166032479061585,1.29998736398951,0.9392104875308864
trapped_ion,626.1903605027138,635.2861994876665,17.24062120820208,2.858152236222064,2.812745318185518,0.18888651093925382,2.960001943825604,0.15852547715125218,2.571264977694884,0.19314971393073388,1.2884080745670128,1.2729777712385262,0.038856930066950714,0.0009005968616128839,0.0009528551093609015,6.633685881128304e-05,0.0018338782141350176,0.002477921168199291,0.00045997321782502204,0.0020604389726519828,1.2367885501565172,2.2854820371340043,0.6817312525474284,2.5246126090718866
trapped_ion,227.72580490239133,220.6480110568569,10.090918865981386,1.1679101817213886,1.1877157408840848,0.038171628120653195,1.1569372032791472,0.041027132536740105,1.3860182127252907,0.10413848077030692,1.2959573430036782,1.3045825633139256,0.09028569438930883,0.00025456191758996597,0.0002945876677180157,1.9936145508571074e-05,0.0037923241772771237,0.000792983151302383,0.000659734528394577,0.0002350688427754904,2.411114753220332,0.6535854915609897,0.8129436477584234,0.2942954476138131
trapped_ion,217.90216829520514,210.45703896888094,8.538679787115813,1.945241238022106,1.9293349296655777,0.02239504121658261,1.9127825567474288,0.08367223032560032,1.930612202753984,0.022935591474221553,0.947291443702134,0.9932934463789753,0.05436494002347811,0.0007057434483497726,0.0007509772794024853,6.219275440463198e-05,0.00027569085280793493,0.0008707620911549519,0.001739466572640092,0.0007904070046239619,0.17459034039161736,0.7175096010837849,2.6191075758633753,1.0269902056352038
trapped_ion,2703.287257384671,2712.576177877212,127.96729470292101,0.5729582610378264,0.5565886825757533,0.02516635403698847,0.5445059302019066,0.028446816352100026,0.5810715840288351,0.043779826495885646,7.807265379527965,8.009267649293339,0.17827203470879474,0.00012746034041317243,0.00019702595334811644,8.89984351420083e-06,0.0008587326825740222,0.001398496706601059,0.0002535693175668515,0.00038666077883433084,0.5888491238450952,1.1689171342239788,0.3793580281399536,0.48557635073109073
trapped_ion,2825.6906934782874,2855.6114675135277,130.11145767929963,0.8822375212658035,0.9123504386555576,0.033887558963760896,0.8779180383698334,0.046224678654932225,0.9296238297123063,0.041526586331373315,3.741257313712495,3.731247975815278,0.12811014400857432,0.0007897413505544002,0.00078618620007009,5.589974481134694e-05,0.0017718212858071816,0.0016771048009242603,0.0007519143190441725,0.00034101057735741013,1.1773152863070573,1.6087714672312763,1.1089669756885274,0.45975756587297556
trapped_ion,136.75318257351617,134.95262390167562,3.206767415997952,1.8323383697059437,1.8366199533377952,0.07292105488390563,1.7544994851883418,0.08998917700322494,1.993664622262528,0.12444463289372064,1.7899169623564029,1.8077496092688068,0.05888782998775144,0.000223278342942619,0.0002548679616095305,1.732234836532324e-05,0.0014636303883922884,0.00016227048570899706,6.294252851497256e-05,6.528975254771435e-05,0.9426865273557137,0.1391786104419899,0.12121941854390005,0.07274085646587317
trapped_ion,8105.727273778762,8262.960826656323,362.40188472125374,1.0854980974188881,1.1743198330704006,0.010190315925880659,1.0813746570432936,0.04782880195191958,1.1787395950706494,0.007834817926188425,2.5110349342952736,2.5195073966839483,0.0980476776415967,0.0017031868360761647,0.0016749499856159075,0.00011887465320706,0.000619146337723496,0.0007820320725888934,0.0011254936584417033,0.0013513281965341832,0.4589308555284133,0.6537574576415547,1.5286942404894206,1.7721203702832546
trapped_ion,7067.649350526137,7225.02304452926,343.882031788528,1.5765921628289152,1.613360544612087,0.06731697977102061,1.5892767095831712,0.07983201246398972,1.6726238142792806,0.10723752344938103,2.786392980145825,2.8064363245507606,0.06668097489830105,0.0007524791255953531,0.0008698279372487561,5.8838479602472755e-05,0.0014158348195735095,0.0003736549870375728,5.87947376278633e-06,0.0010855349257753067,0.9661290590154734,0.3062693741828051,0.010050380047391888,1.36370542510101
trapped_ion,138.54190702873012,134.91700624653362,6.366113787309332,2.3179546660093115,2.4408089073175216,0.1014696713274066,2.5176635454837824,0.12796979307294143,2.3106641732900375,0.1665274096733758,1.1810789867119187,1.149102102528274,0.04194527218672618,0.000263552045143887,0.00026653277384616183,1.8851923494328175e-05,0.0006943087393862209,0.00039984881570336283,7.855644323508753e-05,2.8426728036412344e-05,0.5283491133855005,0.37031867925972006,0.15847794842443866,0.035163376310040254
trapped_ion,119.84515571500017,126.40764253163101,5.90359926771738,1.4697373690354831,1.36942509154555,0.04536353172267179,1.3671386001621373,0.04765100487203948,1.3915395574365532,0.10694028291129136,3.7004775453823515,3.7045533674120974,0.07120540862494099,0.0003091310926050713,0.00030147928862722857,2.1609630463653383e-05,0.00019554008600869107,0.0009319015764715048,0.00035393149227583873,0.0017040550518150083,0.13963617486193602,0.8023729334089194,0.7498543685310096,1.920296787370457
trapped_ion,2542.406952276507,2590.2312268671085,121.18076620668403,2.5664840469493964,2.3049660379080383,0.11354121418875189,2.35584406668608,0.1187523074933748,2.236198156580951,0.16993390359340654,2.1831670228561206,2.1911587885001182,0.04483607272695525,0.0019121009551744444,0.0017122428781312059,0.00012699377834364718,0.000944503735509497,0.001817323622053041,0.00022105294281144798,0.0008002548940121088,0.6516648829718042,1.5905054703439554,0.41878469711317623,1.049819370234429
trapped_ion,129.99961068302545,120.23073303420482,3.845175108200222,2.3751213173752834,2.5321779964104203,0.06394975617806507,2.4507389368163213,0.1266497590988081,2.550200238046738,0.040391342463897646,1.5625282765129032,1.5425300950638916,0.04643709950571572,0.00018106158064231577,0.0001981703847702263,6.61702990341676e-06,0.0009084386039940665,0.0014964907278235498,0.00020238144859714805,0.002756060011459684,0.6085665285159937,1.4070657061824188,0.3191562422658809,3.0614177576999135
trapped_ion,1555.3959264214575,1508.7594250535974,70.13373988255601,2.6447972480615975,2.6341461845690173,0.09857419519865689,2.589241371826781,0.10158705377538056,2.866934799354182,0.21530776830087003,1.6991354352914547,1.7307172491492362,0.03932559463290764,0.00026089521083075187,0.00028119803921349543,1.9460151363780193e-05,0.0012654750274727717,0.0013785632146514535,9.161410664232872e-06,0.001034410834289719,1.0503533581359372,1.1231909995604639,0.016945760207645905,1.2962232063418488
trapped_ion,2172.2852502079836,2033.439050469733,56.76752069887477,1.1577623956118919,1.152915501244417,0.01224488210235452,1.1684596704763361,0.05037239935825191,1.1523419856039698,0.008092785285618397,2.755983997786192,2.6635266445430257,0.08778865502097802,0.0002678987571469158,0.00030346344856152334,2.0669482225698813e-05,0.0013926962924840473,0.0020337654120763794,0.00015813406253208684,0.0019249148059552288,0.9357287796475355,1.660662330328314,0.2881950754791499,2.373822950427323
trapped_ion,1770.9408755834777,1885.1854118398624,78.25165697632424,0.930537835200034,0.8958741399016643,0.009233781370252922,0.9638367972867976,0.05026581072173331,0.8954499929384466,0.006237710399200254,2.991504077894904,3.1974091512069687,0.10854469805832247,0.0003364174865609389,0.00042522183907776873,2.8081912828695022e-05,0.0019119767905432876,0.006734205724577625,9.957487058677665e-05,0.0015784488490040577,1.2490809586770972,5.440887422087981,0.15198582266748223,2.205010784059967
trapped_ion,379.1201327915645,396.70273633838434,8.03952693880053,2.5270423744788664,2.508430497652288,0.06874199330782053,2.420759140770581,0.08678356119730124,2.6389643130401477,0.09543330780967763,1.218048009754435,1.2040413517062913,0.04124899071762993,0.0003511847135695417,0.00028097955414797257,2.4310901404091834e-05,0.003005326945937681,0.0012575379416783937,0.0011744438923991685,0.001165764803617024,1.9575597411429715,1.0488450084748788,2.7382475661772805,1.291372698983057
trapped_ion,386.22561528891185,391.25161267901103,17.3036082765875,2.8336787378066703,2.690312254103038,0.15239331760487546,2.7387692561957517,0.13944277923283252,2.6521889995033434,0.1960436319180206,1.793848204801934,1.8211964531167948,0.03986341171580238,0.0012859980038471893,0.0013463449449767398,8.407170513125861e-05,0.0006596281168568646,0.0032497504141856433,0.0013205814935300822,0.0007967417853482538,0.4629924880053705,2.712493379771879,1.7506623930389602,1.079664185486949
trapped_ion,782.141047607939,747.0301665043014,35.58434665041776,0.5748276306104452,0.5390926844269359,0.027011286324743013,0.5024628600881088,0.027204324246937504,0.597292844148272,0.04346109732027793,7.963094639937272,7.75470448253787,0.19007198348841567,0.0015276085176657195,0.0016250888339171415,0.00011302995246879857,0.00028772656056847166,0.001979658655617836,0.0005038700926116746,0.0001656701239773474,0.22869634330707006,1.606335099406471,0.9794339693791225,0.19464009930326986
trapped_ion,1050.5723596762314,1053.147100729384,16.85115796901042,1.714602981632614,1.7620475477084772,0.015898430813447703,1.6937786252609728,0.08958964922903805,1.7637923314569446,0.01382635254695231,1.6427925403483834,1.6429861518698434,0.06477204218861231,0.00013427577229859205,0.00016658036833934597,1.1054597781226764e-05,0.004363677138446729,0.0013959813587334658,0.00013690337623797517,0.0011113219719173582,2.8787295544935456,1.2636718481600016,0.20891635358205324,1.3559800170856697
trapped_ion,3146.194266409289,3296.5843913065796,156.38844913649632,2.3306884563605883,2.4211274494933037,0.01717615579872334,2.2818915761718666,0.1234432402502948,2.423068682840129,0.017295476745252576,1.8329025536392236,1.779291076069992,0.047368509036918006,0.0004415745323440724,0.0004748192569559169,3.595962022874762e-05,0.0007885806527526708,0.001634481270851721,0.0010594597074379938,0.000696094916564708,0.5776953254450261,1.4080038736093239,2.0243814358619767,0.7740903598874569
trapped_ion,1430.1207474102223,1372.977206598513,59.834156858821274,0.24438857869248357,0.22745550192761188,0.009192559760954865,0.23319098935393687,0.01169301502992001,0.2181748660404043,0.01487408328574015,11.367190282848611,11.86180085811606,0.44753967374395404,0.0009537466698545367,0.0010635809031469578,3.317683247981818e-05,0.00022108572980528195,0.00022046760526940224,0.0006411756159390383,3.6456629692719725e-05,0.16094913270785347,0.20028669033606356,1.1526033627559316,0.047088121529343926
trapped_ion,295.94996376372376,284.45117402557736,11.433391958234301,2.922243512608547,2.7122082766467615,0.05466241129629899,2.8600560918064764,0.1542043332593344,2.6909603204388652,0.05845850486726316,1.4095295495704154,1.3874612478792239,0.034815493517208855,0.00028271193640240147,0.00027809817062941745,1.9869024616945705e-05,0.00039654151999931686,0.0011435373731415522,0.0016289717690817496,0.00045962812129177736,0.2908730854651962,0.9795688564593013,2.6529498235038576,0.5648703843517258
trapped_ion,340.8670369020117,351.061756417591,16.685342866081236,1.9531299155468733,1.7931346507266515,0.08662438399102934,1.8146378132050607,0.09165796025094533,1.7862168603851027,0.09958829746438563,2.5073775611170666,2.614869630243951,0.05684209819337201,0.00010517117895182212,0.0001382152457276368,9.292035752713702e-06,0.0023625997478940843,0.004529330174072319,0.0005098278103612918,0.00019809148593934238,1.7360099379745269,3.6695362305681853,0.7479557786511444,0.24726180994197808
trapped_ion,8004.790839676976,7893.511445160791,367.53445727401106,1.6498055008781678,1.6655887895547645,0.059725600171198955,1.6205232477896314,0.05777548527149754,1.8025362698723437,0.12002990287751047,1.9590746287112069,2.0238562503939534,0.0629515321060836,0.00018892851090464608,0.00019765184848672505,6.96720952234868e-06,1.8810480600422412e-05,0.001737101287401975,0.0003091593816067308,0.0003108308223390079,0.014350323540126025,1.4203070926573997,0.39792420174971044,0.40328048823593887
trapped_ion,172.3392219672185,178.0091237873375,8.457076487857158,0.15159599578552957,0.15720703813924797,0.006315017260987054,0.1578809002883356,0.0073330017026742795,0.15580944455999496,0.011072019412513307,27.949515735039885,28.203360566875016,0.6329528579073528,0.0014925070231931292,0.0018875418971939107,0.000124611609132484,0.00012140690801629293,0.0012038480885478002,0.0003212855908665827,3.0154274507258778e-05,0.09197319701416976,1.099208989271253,0.5703171364528462,0.034488712477777024
trapped_ion,4112.858490414982,4524.792358449283,188.7461691712574,2.0201379196558706,1.9005187021362544,0.07838840804323031,1.8572657798282057,0.09464185765177473,1.9472245452473977,0.11304877491994704,1.2492059946333978,1.18089180422289,0.052522040797616555,0.00026779953097943305,0.0003177313444909793,2.134508873549266e-05,0.00015251320964453452,0.001599123646126128,0.0017683450677312563,0.00011066187357974396,0.10161955541169296,1.321324377393994,3.1615440827889616,0.12431094267878876
trapped_ion,146.42483159234985,148.6653159846105,6.954517758468965,2.2102660275906403,2.209898588704473,0.12690918525455472,2.1621222880352065,0.11617654900677891,2.229225428690078,0.1504035960058993,1.369924035063187,1.3219188002811555,0.04903762633060038,0.0012416556511552724,0.0012076890377466939,8.664586314840448e-05,0.0006084651987349044,0.005058902216361236,0.0004933134910528426,0.0005519119462145492,0.4409581901334546,4.143154843553072,0.7465067697037757,0.6974310227774155
trapped_ion,5575.129672656912,6325.681488612377,97.02740240962687,2.63701377253269,2.5563428442345484,0.10313416741846948,2.4670527882889615,0.12668429720554153,2.7318238056834536,0.17759725199033308,2.00087319981851,2.035725284146573,0.041379889277563905,0.0016008819895704655,0.0014972716688328707,0.00010891838915884324,0.00533355338509663,0.00036946709589792627,0.0006786092360635716,0.0003486776254306547,3.358525355311446,0.2999716730246461,1.137320230871846,0.4694518288952051
trapped_ion,1043.0036093029823,1036.0931958497058,47.27177631505144,1.7419243511864295,1.6535621531652622,0.07976072177927065,1.5611951851794343,0.08347171726722258,1.797193802904239,0.12749274184288967,3.1465638117155175,3.0431046600827623,0.062045963648236876,0.0005319692384704921,0.0006138705545334338,4.157148627232781e-05,0.011811915619959982,0.00178080837575608,6.678493162754387e-06,0.000539659814176235,7.598181484490049,1.500233173861199,0.009063370038921591,0.7402004154284242
trapped_ion,126.92323864220576,132.17926223546075,6.1787367328987415,0.9420298066865201,0.9719792810403705,0.05549126895524129,0.8759814934040279,0.04124725439016634,1.0588683448819631,0.07659233076878391,1.353745808913312,1.0916846517753585,0.1115567682418581,0.0019077248573521012,0.0019215716520591937,0.00013621340922452435,0.0003041236051801472,0.004554841607062086,0.00046548882766548857,8.775460805263831e-05,0.2180860246925467,3.8095755198103296,0.881733252746924,0.12858154454360457
trapped_ion,245.74605747086648,253.09889562525248,11.974973692043717,2.225076250471439,2.1539916962272083,0.11105963626854615,1.9820036333555744,0.09620790821686857,2.3652575997877197,0.16578698112428544,1.859906144256628,1.7903088944705885,0.04839951599071562,0.00023812040920429412,0.0002265705312794646,1.6397514336465314e-05,0.0008903538979439401,0.002924680747916704,0.00040014675275593445,0.00021830840941861648,0.653608480037736,2.417398208820786,0.6288878770237503,0.30241243847323995
trapped_ion,446.69357609127803,426.6208806923099,19.675406320229587,0.5598856775714179,0.5419562292227651,0.027994206176979522,0.5505628064240691,0.028007375449906353,0.527239494155737,0.03977461284257529,9.345915393367166,9.351738372510408,0.20465526357095684,0.0005380793729594534,0.0006399688030082077,2.9546141552376653e-05,0.0006740448569251165,0.0017268711285384536,0.00036498249433371786,0.0011242739891547389,0.49114935804811044,1.5833256313033992,0.6507978292022581,1.3424068199850199
trapped_ion,7676.647372362511,7667.159090369243,246.2002638753162,2.0963076441537805,2.2122604034435054,0.09185364122261098,2.1612097743163137,0.11042205492925047,2.3269371450470824,0.1654980755238276,1.4961435191049146,1.5078048486843791,0.04834708702982337,0.00017746625176508665,0.00017004511771277002,1.2271830184466343e-05,0.0008949374530579054,0.0007809733128261995,0.0001489597001356034,0.0004168664826672848,0.5930262359310069,0.6375937662811869,0.20359458618980586,0.5529281380568275
trapped_ion,433.8991206841876,442.48183405330855,21.07224610996894,0.2294644170316267,0.2269955525509984,0.009442413487270856,0.23263569826856495,0.01156428282963925,0.215713711978494,0.016154742056829867,7.653180641298698,7.840677700507476,0.44409513656409005,0.0002891860391256201,0.00042290723484324997,1.2135967201489824e-05,0.00028348906625726123,0.000281166583439495,0.00013468357523906512,0.0007490724565670012,0.18119230447193643,0.2334558054892045,0.20685265998584204,1.025007368090933
trapped_ion,111.05528371208382,121.3772599082422,3.8582410789000607,2.8870065049957168,2.7377855672252744,0.0998025007812342,2.6823179401563575,0.13865376691445946,2.7680770949072513,0.08538855802370042,1.1749300374060425,1.1737434066595211,0.03748292494411195,0.0019824143239691207,0.0019170151676895719,0.000137793270476583,0.0009774290018401887,0.0018188341623383997,0.00024194473560734306,0.0019433344351566316,0.634911154197907,1.4668267349708302,0.4856939551416255,2.112148227757138
trapped_ion,2835.2673855098415,2889.7259597443813,113.80875095535968,1.0105774282763365,1.0283044756192214,0.041431909176819035,0.9786238961978262,0.04313910956528023,1.1400867271251809,0.07469265571681821,4.50621095462851,4.5420494527718205,0.11268001489286347,0.00033427403234347134,0.00035198266385407114,2.4556289119609394e-05,0.0003582888198502822,0.001555810135788672,0.0012424366074321237,7.429557089754838e-05,0.22898367469681252,1.332377372771849,2.0933639855960404,0.09188154777390523
trapped_ion,5873.056238711592,5712.950330402575,154.81577228093724,1.9177056320864503,1.9532565356290026,0.08740360619362242,1.9696446586958538,0.1000649756158677,1.9472860787519235,0.10209085751497557,1.8267241643401726,1.7536096466895004,0.0569064051792267,0.0007520106306847432,0.0008637604449607473,5.8541521002920935e-05,0.0029698090669828155,0.0033729266842914885,0.0006189572730390031,0.0001953200124346736,2.0164978048946343,2.857137664641475,1.143311201878353,0.21324305112602912
trapped_ion,492.035726951029,504.6344931956639,23.791373624304278,1.4639186098711172,1.4044485385378547,0.0692896217395121,1.3541227139389629,0.07106491899418255,1.484832656776468,0.11166756677962911,2.2321558926615763,2.2773968411400287,0.06913714511213996,0.0002026570460120986,0.00022366119382252663,1.5359995683536447e-05,0.0002888257878966031,0.0016860750280846299,0.0035032404892225352,0.0007040210930908592,0.19338705125550648,1.5458388679412987,6.3231025037484265,0.9861751131924251
trapped_ion,287.9632484296911,296.8545329259611,13.365581835418565,0.8624583770647332,0.916415620819687,0.009761400790351068,0.8933629759437323,0.04300491290185484,0.9176678430072397,0.007994333808312855,2.884370904318598,2.85619117574847,0.11190166759099285,0.0008311698520182071,0.0007631850779750078,5.99217433335111e-05,0.00044280634771375223,0.0010292063362727039,0.0007558793155783891,0.001238115142650927,0.30724767398439645,0.9752758260205876,1.2464494173775003,1.5719264523204388
trapped_ion,503.59935548660496,505.18696479406594,14.60330888415498,0.5237035476699937,0.5072811266701253,0.0037742577162078457,0.5013241482224121,0.022252400487146114,0.5074575729088351,0.003753890147262991,6.348035521274639,6.387416333902336,0.21151621825097605,0.00016573600684136318,0.00021920474276880723,1.4312202569691138e-05,0.0041669576867862075,0.0010639064396326828,0.0008146235184150847,0.0008870006058509178,2.632689002551043,0.9258771988868855,1.2458527273585756,1.0408232678699751
trapped_ion,913.8316672991697,895.9707261070913,37.64181025743302,0.16782042266805342,0.1694433396224492,0.0073206286592890695,0.16683651068784439,0.008833169173134913,0.17516112209145004,0.013081998533369422,30.229328812653545,30.495857747698835,0.6028326899994545,0.00024606011136878923,0.0003995902717733918,2.9251156910897238e-05,0.0017326396773942928,0.0007633794828494387,0.0007786296602336939,0.000739655099589815,1.2103209029050397,0.6399423984813584,1.0380956666057077,0.9020470117839094
trapped_ion,1283.161430461834,1360.5821603250038,50.756538001899806,2.8769497533176795,2.9017892179544846,0.10679722441563713,2.916708499246579,0.11497300323255848,2.8079389627480738,0.20869706185629702,1.1428228517988446,1.1060294657848917,0.03700178449331734,0.00010774959799482673,0.00010632635597025406,7.744977554710795e-06,0.003778918730383136,0.000855264612060308,0.0018801591149036597,0.0013700633642341586,2.4358644100347346,0.7316426063988344,2.837648723831784,1.9091789504245342
trapped_ion,587.0866910261955,569.661471963825,22.03293043813026,2.5577784274848017,2.5451654974277655,0.06145009811077021,2.613234148924943,0.13276527532304547,2.5266076868204386,0.06932251271194227,1.1485043553334933,1.118802303009054,0.0420703121305104,0.0014824042133569993,0.0015459014194706276,0.00010804226904901402,0.000766009977245427,0.0006102095787943136,0.0002940270634695391,0.0006449141232567562,0.5485218427771607,0.572571210139102,0.4164297118609449,0.6918220284132538
trapped_ion,1781.3512631939977,1816.9140582261346,83.72579441234616,0.38221234603133597,0.3776824956518247,0.020605317288078632,0.37783553489525096,0.020411122650011285,0.37755419367074683,0.027937953359789842,13.45703899269019,13.760784363981463,0.28738571535251756,0.00011549219252836436,0.00017724644974952684,1.0909982416609521e-05,0.0001690065598734209,0.002680992165965377,0.0004402570110401902,0.00011876040777858688,0.11947955293529061,2.234728866894673,0.6974502068534634,0.1400872137291257
trapped_ion,2698.031094599756,2617.0812889302556,113.30659366624754,0.8175472445390949,0.753144377010393,0.030944685458689992,0.7251361308300126,0.035763995648664976,0.8365683417251245,0.06172320782449361,3.567514607391134,3.475099980320282,0.13466260347132508,0.0005923544942470094,0.0007397447847550044,4.899171173788065e-05,0.0018528502074505303,0.0008034090900525966,0.00010680113227318523,0.00014199007077731325,1.2395845277228992,0.6556447928012423,0.19164552821504544,0.1562707376351745
trapped_ion,1609.2537908714016,1514.6081216809664,66.19599376448515,2.1143832282280384,2.4026431001157427,0.04705040317580417,1.9879890700902874,0.10729610349542472,2.5013595952189185,0.05169376076881139,0.8487799062954395,0.8520922903075716,0.050749455080194315,0.0005873005605735754,0.0006078584387040048,4.2646429487686265e-05,0.00040857420988428994,0.0006861165510906012,0.0004275421319262409,0.0009001219023647233,0.2720683301450574,0.5673037193781039,0.8891385101173219,1.0256412536903303
trapped_ion,7248.21363860151,6882.39572404559,315.62358732097636,2.422692840759427,2.3039802424333815,0.10559256782670107,2.192072069018665,0.11253679501517884,2.4574165704317634,0.1625951151437688,2.169790779416503,2.104036261959139,0.04586916163539063,0.00016799997540201483,0.000178456938084917,1.2409139830648397e-05,0.002264356688848334,0.0018556906306910377,0.00017420162309356188,1.5622580226656253e-05,1.6237969382921387,1.522507754982402,0.26503157378435427,0.01713845040356654
trapped_ion,182.95038806304498,177.62708537558987,7.520614677792685,2.4116384947547176,2.366878798295374,0.12158838589579077,2.441364011185282,0.1303787522162054,2.346803725728073,0.12491793075633867,1.5590737271974033,1.6321414709709188,0.042277498779112174,0.0015068059050281038,0.001405015292158306,0.00010484239041187145,0.0025048357084757845,0.004944086185180205,0.000718017933511007,0.0010751596853508438,1.7155802510267943,4.096587131537474,1.4158115384916221,1.202744374632333
trapped_ion,8369.178554742522,9315.312188532944,440.6724093889503,0.4927965481553416,0.472181509831772,0.02856578583282787,0.46637563602964865,0.023693971198616746,0.47844413499841015,0.03666341735269141,7.820817739086056,8.23108405353728,0.22667569932645837,0.0006162937457291468,0.0006548151660922939,4.308626346696425e-05,0.0037645665429092414,0.0033891821779505884,0.0005581890422643239,0.001069488020763953,2.7364575868735606,2.801002380906291,0.7491685567295367,1.2618627855888924
trapped_ion,4941.723679927207,4368.61244378609,202.33177880897813,0.16857793449359304,0.15539441067495277,0.006305635007056226,0.15923912113120303,0.007963952554275847,0.14893426696726192,0.010323285401430118,21.23549715086107,20.993857669173547,0.6497970491368948,0.0011529495260938307,0.0013288780717036616,8.993329369425016e-05,0.0005857799801704377,0.0003022810043014128,0.00031410563069861764,8.649880345077057e-05,0.4358705500600348,0.2611560850800755,0.39650339683804786,0.10962042876397984
trapped_ion,860.526253278282,841.8331870252722,38.4623424269382,0.23702737733368726,0.2173550321097694,0.0014719062656743636,0.23665148581673498,0.01245676578407705,0.2171841293473239,0.0014784100078138024,6.9335150223108695,7.092259848699552,0.4158703230621431,0.0002670739189021283,0.00038503761559944866,2.4667144692668735e-05,0.0024672267935578604,0.0018982885978844793,0.0003754259776209631,0.0008690605477435251,1.5879986654193368,1.5904045488135874,0.5908934258741831,0.9345052677925053
trapped_ion,119.01138056093768,127.9317714575483,6.091567500812932,0.3522399414538671,0.37544540741762444,0.01806887831672829,0.3450692862507386,0.018490017552109165,0.38709144383517186,0.02125221537295663,11.196659021746376,10.668007154803288,0.2991261924479699,0.00041692758981118946,0.0005390555732640152,3.539417781705231e-05,0.0011842102875880924,0.0041962729918394205,9.07502937177132e-05,0.00063551050526869,0.8098534487461917,3.4457831482465777,0.1350820793837644,0.7422973203766648
trapped_ion,132.95770840482484,140.65236823280566,6.68666375972679,2.269708610204288,2.268457580946669,0.1025481321170168,2.244061866980786,0.11920062538296429,2.3091244311284314,0.16746982843251404,2.234796245407627,2.1706796510334714,0.04392475222205879,0.000976765003581471,0.000854987363354165,6.406577982348177e-05,0.001423363961859542,0.0013703181382516076,0.00023522608410949308,6.664733788007315e-05,1.0353705386806402,1.1841019051919752,0.4735994240593353,0.09025532369859256
trapped_ion,1076.8332325092988,1128.1529960030887,39.270356803277075,0.15510055485759228,0.1477811772492429,0.006186616654825869,0.15161499652690308,0.008152523663413317,0.14496661421774695,0.008146956183834443,26.577168069235352,26.215631677766606,0.6448397522992366,0.0003354787768435733,0.0005567278806228202,3.482694288471953e-05,0.0007016346238996908,0.0015812513527552986,0.0005995988646093015,0.00022939354957345862,0.47710332005290135,1.3602767742181847,0.6511185721332944,0.29383061328993676
trapped_ion,1111.8162968759889,1097.4107447963984,50.923769699176276,2.014312350316856,2.2978179613595207,0.028540957175023994,1.9379727467503012,0.09886257275082201,2.3283392237303606,0.01876652498958871,2.2067698967287543,2.2204626625358403,0.05770303337947224,0.00011635862269126534,0.00012435586366687823,8.681964606570003e-06,1.5731313475261718e-05,0.001128362634304289,0.00010846631824180304,0.002208117504049855,0.010004691809141618,1.065965808204782,0.15088266075568016,2.5091471331141273
trapped_ion,3230.481512596145,3265.3157694181236,117.73492122462682,2.573670473738039,2.4300311698414214,0.05167417147379629,2.415543883819122,0.05338409150555962,2.645372832761223,0.20121089683310156,1.2832547668463121,1.2711597990978647,0.04199008633560583,0.00031465353812492485,0.00033299895549223995,2.318642341132268e-05,0.0005338729467218558,0.0010413642832612854,0.0007483299161706826,0.0008106072951515951,0.3726578909216723,0.8670636765811608,1.1785515364384107,1.046313302714529
trapped_ion,103.12561451570595,109.11297042066208,4.071190924306594,0.6040756827136933,0.5882295877896808,0.025597161873848827,0.5813845570970354,0.030134071076621846,0.6059674097180078,0.04625496032140021,4.462751936013629,4.266906012714697,0.17767088449793994,0.0006769282494969943,0.0006611971903879213,4.736836373249269e-05,0.0008027708626201287,0.000695736972784245,0.0005070282350833874,0.0008990030547243006,0.5165727150046331,0.5786544710403283,0.7350132092288462,1.0998257460256327
trapped_ion,723.6674828949525,763.6961009207039,34.71338977034149,2.3259129125986564,2.313914337435266,0.13035340628305275,2.4146458759238953,0.11505725292370853,2.132119214057843,0.15789262559220754,1.5152384504481358,1.460560833429456,0.04682300464033087,0.0009215941767554011,0.0009124603244156538,7.346601192356831e-05,0.0015177997951886033,0.0022725414684622598,0.0010622496056427854,0.0014355999197248894,0.9698942141025363,1.9947752730125892,1.5430155095107523,1.91167933859113
trapped_ion,1605.7362152221667,1501.5974483276977,59.399137047720714,2.7105895095280834,2.35666504829284,0.02982494016930986,2.9349796750220367,0.1560546152854341,2.3509744987487804,0.01878189361936827,1.792381845735789,1.7218953785487772,0.037149942975831796,0.00010781773238833782,0.0001123572993550493,7.993879806914859e-06,0.0001863048891507194,0.004592034769824261,0.00027605879313499874,0.0020618258946594704,0.12629237455472167,3.7485940813248595,0.4591537167381211,2.54643696090049
trapped_ion,7146.59464646939,7349.510094982232,347.1880270085425,1.1425039835742448,1.1729123619906974,0.01547759116476775,1.0109223536763496,0.05400772331569604,1.175342432798104,0.007831317535323606,3.4488557122232457,3.2683906778859573,0.09288604399311089,0.00035901005588844534,0.00034990151812671374,1.1759050065837139e-05,0.0001918101230796591,0.006655401018221048,0.0006842520754300524,0.003478821972622958,0.1440446832894582,5.556878817294672,1.3773043215338827,3.9646394622166
trapped_ion,841.9745310878036,841.6094822779526,20.520895275917464,2.8491010383339317,2.85804610347941,0.1384187772064333,2.8610128151656147,0.13503554085050673,2.847464795083749,0.21587358890505243,1.4507988050765652,1.4816206156850016,0.03704577045416005,0.00021809212410819637,0.0002275871134029743,1.5923298595671927e-05,0.004865270776249629,0.0016101860096746484,0.0002933626446623398,0.001541658812543496,3.0860887232688925,1.3453345628504318,0.5732100830489527,1.8775498759567524
trapped_ion,7484.841112801789,6964.181617166238,172.89223334306993,2.9631085736391736,2.8562090514299148,0.11899334435047008,2.6356370591322733,0.14090783648017674,3.404556774367689,0.2221713151972022,0.39792509163337575,0.37941935649283864,0.03555097219950495,0.00011073919665437865,0.0001266780234611258,8.6642769603755e-06,0.002604839938946329,0.000778647500510326,0.00023661371973884268,2.7038122380999846e-05,1.697782218497928,0.6767173757378615,0.4955668847951963,0.03162675663519333
trapped_ion,566.9323774900596,536.7836110099097,24.613171879810846,1.658241647093446,1.5839851261793783,0.07495938798675339,1.5718187376564905,0.08253432021761385,1.6019712066519776,0.11800669064168393,2.5169775980124145,2.5358431899705147,0.060430668469576065,0.0003051955655987913,0.00031116079513605855,2.1951900304598278e-05,0.007850418638918853,0.0015827772955008153,0.0005910938056194978,0.00023518549760848293,5.334387765930084,1.382831469118597,1.0213013049912385,0.26998898149480227
trapped_ion,671.9736112842563,694.4968306440674,33.08630245335927,2.036818982885993,1.9946020538788123,0.08154956333760145,1.9261160391223446,0.09884501065047797,2.140580893054077,0.14431077463376407,2.0011436620423906,1.9948381436573683,0.050023179747629376,0.00011457020542424712,0.0001368322483838001,9.199736625937422e-06,0.0017710217544465792,0.0007966293095945734,0.0003625539873065068,0.00039078550762322025,1.3295567069790684,0.7079980403564224,0.4569347308923416,0.5044648398805804
trapped_ion,2432.8514688604237,2453.2914028606824,97.82007222339895,2.6207046552499995,2.716150846901408,0.11802296224443465,2.822316161520295,0.13700160834116298,2.5690554612871788,0.18228842259138014,1.0008799779733744,0.9754351764475072,0.03703058383741471,0.0014013948220863476,0.001507179990624485,0.00010433674576883411,0.00019411092695387986,0.0014488052091229389,0.0001144243369220492,0.0006408387502466659,0.13240514446943052,1.2777634009288659,0.21611959992879495,0.8174418821233824
trapped_ion,5938.414390752163,5458.807727262202,256.65696298790687,1.8866587022077228,2.008122371965548,0.03835915468673948,1.961388453433868,0.04396731642509878,2.082202837516137,0.06167543931516684,1.6378463767657894,1.6049551348194535,0.05596733723017358,0.00013786587216052786,0.00017030577588625234,1.131472209114282e-05,8.265640276592966e-05,0.0014491402167465057,0.00015365973330785644,0.0002426550933554635,0.06845207631930203,1.2413466586111483,0.25897086115150114,0.3055521146246879
trapped_ion,2475.6160621485515,2503.9715498560918,99.79707191520706,1.4452597497406525,1.360075303859576,0.059654219718282886,1.3909424728993207,0.0724856930215637,1.3144774872305707,0.09389102387953101,2.9857986655434168,2.9536746201542803,0.07398427539043564,0.0011414848564427961,0.0012119212335289999,8.431827213621992e-05,0.0006877414229058379,0.001417442729727684,3.4183304433378694e-05,3.39470832822127e-06,0.4859576713543804,1.1357854784963426,0.0632453496754056,0.003977967799771903
trapped_ion,3330.2410897365494,3267.657494410172,152.15978064267435,1.2326836494467464,1.2644507594818701,0.008936564596197042,1.2417528165543812,0.06434714134017808,1.2648971629948136,0.008676193750783141,2.170390348743198,2.2108427831006163,0.08283764422105712,0.00021547423097301565,0.0002479614039744236,1.6806776076086555e-05,0.0016924347361019752,0.00042599027534866244,0.0002915110166791673,0.0009808685155132872,1.18101781880224,0.3756913499260063,0.555860987552507,1.0817854504000466
trapped_ion,749.8552459722174,780.1634648970665,37.147916665622375,2.988224157137497,2.861796416465435,0.12887963372010997,2.9132081338372546,0.15634426070273966,2.775786890757124,0.21070758708097934,0.5359412120114374,0.5363333541093303,0.03408647579872417,0.000872067623406434,0.0009490421185294586,6.545935581743693e-05,0.00017796965336112574,0.0012949595422240357,0.00048124170792068343,0.00051085368635067,0.11326993002811503,1.085705454814551,0.7765431791875487,0.6431482163607248
trapped_ion,8794.920105338091,9022.797704041233,393.3810880313377,0.5024408367200912,0.5366372287816077,0.004426686433674794,0.5083729551365771,0.02085525249699316,0.53797070511415,0.0035365132253840567,6.857757104417656,6.978141006970522,0.21124877106018358,0.00014954966955232975,0.00022875381440191984,1.1430815846049247e-05,0.00041413347176021034,0.00031336832871478647,0.00017377174769298362,0.0013740821784591884,0.2706686399691478,0.2846693907774039,0.20699122113091667,1.6406948476353709
trapped_ion,1111.247234172234,1006.9204417525714,48.2094570965875,0.41434868877539266,0.44581244536779685,0.005107026261801118,0.3879558386555688,0.018784449652587597,0.44816351121894304,0.0030910000744527313,6.422745411440348,5.977612138620865,0.2567329455970878,0.0008936266448465147,0.0009904518389771552,6.79492941304666e-05,0.0005236901989063042,0.0022398305280513097,8.046713332456845e-06,0.002465629101416675,0.45593445403418403,1.8928939216423708,0.015767788095668703,2.8407762706686235
trapped_ion,5444.644316995402,5777.562065447623,262.5630548185362,2.3426273598972056,2.2767379370779355,0.09209605517987624,2.243729474808214,0.11728300084173385,2.3298262111403965,0.14873792765332203,0.8494699479545167,0.857682850261443,0.04827302559873771,0.0016008296613542472,0.0016460650672382305,0.00011556897684134008,0.007756927486568495,0.0008323506077761782,0.00043606281665979787,0.00024127600467900725,5.5734683115796795,0.7432313412081821,0.8363222029868795,0.2787178505604261
trapped_ion,6688.618122965363,6814.3167599795015,238.91691005178637,1.3451563639441633,1.3918651145160652,0.009255350745497118,1.2939800026664723,0.06888532055735869,1.3936325928063131,0.009338537273608038,1.002455737267673,1.1494779191526616,0.0816798719558621,0.000219518744647946,0.00025373928493619736,1.7178408972883144e-05,0.0011220310366050422,0.0012297282398239997,0.0008606620985670422,0.0006622451659899154,0.7133843795733714,1.0178104345995855,1.45918824703709,0.7364082037729148
trapped_ion,4098.149700448238,3608.3136369493473,170.54473761183422,2.6826071369095374,2.918402307421317,0.12392083678172502,3.056067746970204,0.15660271853819874,2.6878140370877106,0.20267745387224465,1.9185130669691275,1.880332964582001,0.038237117091435534,0.0003398486806831203,0.0003672183891223308,2.5397283765133604e-05,0.0014161027726630408,0.0004352633556549704,0.00010251172358872101,0.0005550125192761129,1.1459438103508108,0.42399014737178414,0.16352977446452593,0.7449877262139891
trapped_ion,1869.2313757530735,2021.6717758480834,61.47010027123349,2.039178994637574,2.011250605566548,0.0919856234262008,2.0027355654231163,0.106387659365081,2.036469122416965,0.11982903506579157,1.0588969343183288,0.9930980851863328,0.05198948721922729,0.0003614791179447755,0.00035675052119109546,2.5469318043796634e-05,0.002093513267431919,0.0006375748486638663,0.0011166543083632081,0.0019743053743026926,1.601098449643833,0.54637227798635,2.189687951807891,2.334485740071638
trapped_ion,1781.2673225629192,1844.3090438912782,63.231888507007625,0.11755558808612683,0.12120916129259325,0.0011318729775610038,0.12030023286002556,0.006354239895513352,0.12122182316341962,0.0007975323000093409,16.176135359556632,16.616027624728325,0.850776252857419,0.0002967159651550567,0.0005292831211840448,3.282120047646644e-05,0.0007732238826644522,0.002805758151021091,0.00044246669031537927,0.001653138108521083,0.5015005470526553,2.30944799634388,0.4878541600017376,2.042241179447968
trapped_ion,6605.270106244698,6477.989123031006,279.0177066545239,2.598588815976784,2.469818194746281,0.01996994552743961,2.391807964953091,0.126361167774455,2.471745230093385,0.017035297678461507,2.171656267281084,2.176201016857335,0.04224071275149096,0.00047487630144425974,0.00048288352904166923,3.409155962248374e-05,0.0005863770420121232,0.0012653193926751905,6.024042836162545e-06,0.0012938027393142677,0.3835011104299848,1.0360628554578724,0.012678471086101614,1.4081601025305055
trapped_ion,102.62815824386645,101.09876696895022,4.045896850327563,1.355039801535828,1.3545621490847461,0.048972879565846054,1.3177602398758577,0.06219617171861633,1.4105960513289912,0.07599702203666692,3.8370318706506126,3.8232841014207732,0.07363088279444045,0.0014537301359273023,0.0014973218014331818,0.00010533401599090079,0.0010952357636265346,0.0011627572447138442,0.000621455241767772,0.0009122451630710327,0.6973629758843506,1.0271849406800428,1.2844938364208263,1.0475224052221737
trapped_ion,348.23081354874165,366.9447728444523,17.48781071633529,2.167053015119584,2.089001810836414,0.07960232435469368,2.1631973190732547,0.10339374156038664,2.0350737530895815,0.10460476084744051,1.4472556364103957,1.4128105117789485,0.04860288523537233,0.0006843674049985985,0.0006464696609785946,4.6910268789809105e-05,0.001812126879934597,0.0017501772680623532,3.8135039668498114e-05,0.00034497267352986575,1.341321250227173,1.4082418076364247,0.08119172370960932,0.367713518895794
trapped_ion,282.6651518396106,286.21612097060057,7.151136996551667,2.1693162802717354,2.0404172882388747,0.11524170144138755,2.0040382511891663,0.09812828755655173,2.2768199817495196,0.17350525030479927,0.5603931301855294,0.6251917379830867,0.05255615841017141,0.0004986262789084101,0.00048740395792779933,3.4910160739880386e-05,0.0018592645168217618,0.0019321130676694647,0.0003645427861203143,0.0025993897592796983,1.2370871326169257,1.591452728113108,0.5679723814207941,3.3079441010011026
trapped_ion,2169.869532783891,2106.052336103171,100.13469037007779,0.6164230569386034,0.6510325454130537,0.026753321234402733,0.6635734551632493,0.03476160942345004,0.6328118806044263,0.041900331962750316,7.716485891410376,7.775022154798129,0.16181092739411324,0.00031552703925015035,0.00034959340554219795,2.3972093952312232e-05,0.00022896395817808895,0.0001234165833221876,9.204628378236438e-06,1.480494540126135e-05,0.1635313670883354,0.10492343971133464,0.011800750394386265,0.016224294807217654
trapped_ion,348.29567901386815,348.2934497597276,13.397305267110626,0.92147867461685,0.9328496406477426,0.032318616416923684,0.9437478041976289,0.03695075068170926,0.8973734906510631,0.0666676039118432,3.5818997744042296,3.6041083678367367,0.11393093169382565,0.00015929765895339804,0.00022273655646325494,1.4362713543733953e-05,0.0007698247301929633,0.0003547303793004041,0.001042570451242238,0.00034580831063574946,0.5443844465942442,0.31417134878239017,1.2089734095203497,0.3969295916280252
trapped_ion,251.4350939141022,231.835511960694,9.571137149771474,1.9638720063027155,2.079261461140103,0.08810645814318964,2.1308898999498034,0.11085898126752988,1.9907300739963971,0.14516937983306247,2.801512746338532,2.7899760850267503,0.05040306084110594,0.00040022948215805154,0.00041321708774701285,2.9009675865728637e-05,0.003958251537412806,0.0004545090690269664,0.000592605200824762,0.00024545883472242415,2.8406916075689406,0.38887313770508236,0.9700757840855948,0.29363406031849254
trapped_ion,2458.454945406242,2497.0540302439827,35.490468896471036,1.7093219635857961,1.6569673313715376,0.07437365723974157,1.7775222574761855,0.08496952077085096,1.5724251470441428,0.09700774923140336,0.8753843509987309,0.9449556560192536,0.05812612938480982,0.0011948162527816667,0.0011989154234510351,8.502216093741062e-05,0.006709007662621038,0.0022394244677277743,0.0004596952923913107,0.0002703246196136969,4.371097505492635,1.858651709171026,0.8318195607494054,0.2940541356854127
trapped_ion,373.53740866825393,358.5488979630448,15.622562709361388,2.897101057793756,2.9439213307517273,0.05253868122718464,3.0407750996331413,0.16066071425675807,2.9393571001331735,0.033481425138954385,0.6139892970349587,0.6148203980818143,0.03178312441478533,0.0002230658794339466,0.00023746152933231985,1.1411773759725403e-05,0.00042930569204830353,0.0026470671122504567,0.0005813474976669158,0.0019460768878128733,0.28352679364683964,2.3762186906584004,1.1282034567978276,2.5783921978121125
trapped_ion,211.17892332547697,212.78876919024998,9.2482707524993,0.41950991955863465,0.41741057548018917,0.0179273923531905,0.4307753039451123,0.02270517068522853,0.39528502055143794,0.029214051282580335,9.348816058931359,9.12815633562498,0.23975354386258538,0.0013702646557167528,0.0013398411005115778,9.594298329301217e-05,7.994467539577624e-05,0.0004951520110056354,7.047248071936175e-05,0.0003214150117226875,0.05069104158519714,0.44241865973371314,0.12007400672489706,0.3735062989456768
trapped_ion,8587.235722183315,8640.322432837844,409.954777799817,1.2348100054002786,1.0786207251758777,0.03281232660336706,1.07761882886347,0.055761046304320716,1.0791514081874543,0.04058234305373775,1.7434684807100385,1.7142829453200996,0.0871896485512099,0.0015523532549550265,0.0013732025230331687,0.00010255907693748738,0.0002370540348710915,0.0006792462523448459,0.0006122380757332762,0.00042327326165473846,0.1534723700417663,0.5781771860759155,1.067302870911961,0.4555617905010966
trapped_ion,3362.7072920543947,3149.5238845238596,148.79935722979366,1.6893376370715116,1.5022668310816907,0.010766493722341897,1.655772589029902,0.034580657713936806,1.4857894607698159,0.010468204008439485,1.9346025090058465,1.9292202029376067,0.06465998831246669,0.0017550486949267368,0.001787943791636755,0.00012610633603000646,0.0004655014840135093,0.0010712624595173468,0.0012938723914115385,0.001100622885237402,0.3707983077331335,0.9472550377269764,2.71179744278971,1.1713464741266635
trapped_ion,183.13721276662616,181.13265045776672,8.167460352499612,0.33451898287124937,0.33619723662969664,0.018797437787373972,0.328567485483206,0.015375523767892835,0.36316762213482734,0.02791105858827884,12.977625822571554,12.828221444733552,0.34495017726811644,0.0001413479066255179,0.0002184655539800519,1.654777588972412e-05,0.0005040807491602531,0.0021527271481566364,0.0027698125826105856,0.0017608238149485925,0.3365220943122217,1.9174680413264773,3.295523847769087,2.0568950660132814
trapped_ion,6198.568204286295,6153.689921873285,259.39330751150123,2.032389199629001,1.9966685619126603,0.08650452958982131,2.1682567704120315,0.11270100215462772,1.7506199455615645,0.13495672214470567,2.402232495006407,2.387705891585387,0.04977361341609597,0.0004995163236524146,0.0005703243266396516,3.264078733211034e-05,0.0020481715745130835,9.078252331401357e-05,0.0005616442815619753,0.0006124044245105961,1.3772651233662456,0.07564529376665222,0.6852141168081125,0.6500316208521801
trapped_ion,386.0055583413859,376.95656758517146,17.225655091852186,2.093785661408522,2.138608406546956,0.11990596446053957,2.2087616487303143,0.11232109983973942,2.031238258158425,0.15572503214808833,2.2553118727136954,2.3128629621982144,0.04633437500439763,0.00012481035641285026,0.00012969505132121633,9.088144810723339e-06,0.008067729021080028,0.0022786627158343986,1.7560377677519644e-05,0.0012308205290687386,5.170658478311882,1.8842169629126873,0.022796069219044833,1.5002808017723182
trapped_ion,114.78127086815067,111.45174121043135,5.02410342914851,2.3555379826150524,2.281716579385964,0.08719328034905795,2.3793080922515615,0.11210169900585122,2.1322529343487515,0.138731139742594,2.2870047009880863,2.242741674587363,0.045660424959542256,0.0009370417647509245,0.0009369946243263517,6.65557671236948e-05,0.0017077485120539563,0.000888102889642847,2.8106588931151254e-05,0.00013358278616896666,1.1865261491488832,0.7540711109724667,0.05924612153689194,0.1450806990791896
trapped_ion,6500.5618742596525,6364.595089483868,153.4166653523428,0.3090821176898467,0.36169201433543735,0.0024123113644739353,0.2770078742529292,0.014120335298131207,0.36367917146911516,0.0024008799048140356,16.08486246018232,15.677145427088911,0.35647012213407225,0.0004557673438620745,0.0005952314465215434,3.896518629852231e-05,0.003070166228975677,0.0015780655726501487,0.00045773592638408806,0.000652587714651703,1.9772122334107949,1.2729747614976736,0.5868813912488816,1.0332349003716041
trapped_ion,8853.571196994457,9817.129436129424,464.6615610188592,1.0563864908700504,1.1450987149321263,0.03816075049473032,1.1604528634203295,0.03323906257486146,1.0877748881062892,0.08302434330043171,4.246282748570341,4.319014808261429,0.10221676103120311,0.00027814959578911834,0.0002756790543825503,1.657465388013483e-05,0.00019475641533527602,0.0019168438361216815,0.0010176546715799757,0.0008293599934541143,0.13608292285028373,1.6711057173292552,1.3460239083234753,0.9222483692887347
trapped_ion,472.4763792543502,468.01447590059297,15.1520838388108,0.22240715524330715,0.21835235804100525,0.012601941704203899,0.21119050359795943,0.010948733288316463,0.22345842320012274,0.016493399623321955,12.077631654157049,11.670376542413331,0.4563941305090928,0.00014636966304556773,0.0002751404261125598,7.422062559003789e-06,0.0007953270229990157,0.0037468904008689445,4.759489444412871e-05,0.0001828087882079202,0.5469964858604317,3.182964157578248,0.05858411248150761,0.24836470278413839
trapped_ion,709.211709496424,682.2535848015906,30.593049682310344,2.6645927901506328,2.662027267199944,0.0944537151801407,2.7648801696534058,0.14693443345072688,2.589593857865948,0.12330615924805367,0.7682647611702419,0.761786582469409,0.03818550797327651,0.00011909026319914556,0.0001313551590419627,1.0609152366687868e-05,0.002940746906505253,0.0002644992027672203,0.0013030045477082498,0.0002522793381684043,2.480007918991767,0.22131388917410547,1.8064604477966149,0.2758499918516889
trapped_ion,3111.7300036213264,3181.0150997181054,142.3472784248395,2.2682382638429925,2.329726907075434,0.12041045817886929,2.2856379001839318,0.1164085814429894,2.3698939415314597,0.16645604670348166,0.8145985995165705,0.86324278349372,0.047421364510576644,0.0007205790888636165,0.0006333107959750579,4.733508315333703e-05,0.0015780172693550232,0.0025946510703409474,0.0003772906562006806,0.00025362584994826075,1.2583551848562042,2.244345456864172,0.733131551723368,0.3297116453023634
trapped_ion,8051.9267483140065,8161.636027410508,317.84231321818027,2.1657600360057834,2.08819887756851,0.08616778909875898,2.040436711414535,0.1067362112451637,2.177577098094329,0.14601101742744202,2.574320851677224,2.5828764881358244,0.05033921940992023,0.0001139461130601571,0.00011439270381495121,8.203110161742171e-06,0.0002553454287783878,0.0004289835806719152,0.00029638380863581087,7.563953212717577e-06,0.1760136139704448,0.35450130599759955,0.5791730453574141,0.008722293252036783
trapped_ion,784.6587126712462,794.0248564637498,33.97976598945744,1.8152860773253015,1.7990669164867144,0.07446165005400712,1.8084728000332604,0.055157204950189685,1.785524664693849,0.11630718870142329,1.0913836725286843,1.0326533459215614,0.06212340653131939,0.00026940470193494804,0.0002604820427069043,1.8740060812726894e-05,6.72258208093277e-05,0.0036841096090201894,0.001918000876511545,0.00012400250424802095,0.048233448216933095,3.088284692352442,2.630489023337814,0.1412928739405499
trapped_ion,1326.7996911200596,1274.4189413093115,45.238469637900245,2.0702882167031786,2.223742463122588,0.023868778029839263,2.211147732824958,0.11610028790624,2.224298287846214,0.017469395146215996,1.482996720475989,1.505503481402892,0.04728608602853346,0.0010137160486942817,0.0009563868458004102,6.944076373753394e-05,0.0009510727407054384,0.0004066865732748867,0.0003245573075581845,0.0016925558960754978,0.6033772767564761,0.3977680893635541,0.7235016636864204,1.9492154512972113
trapped_ion,3393.7300169699947,3202.1252104317546,143.59113429275817,1.2355925784063448,1.2443078569603192,0.0671356614115205,1.1615191161828409,0.05937445218610478,1.2673377959592582,0.05566564044029671,3.9945589540328807,4.188175932862784,0.09759233840418587,0.00016640370583272994,0.00018878115101903385,1.2853531767940371e-05,2.254199071256045e-05,0.006967992071955485,3.8607453862346724e-05,0.0014372931129447255,0.015165609062453473,5.874580558248132,0.05811238428133424,1.8591874774556527
trapped_ion,353.11701822939295,357.2709978889921,15.344117213635888,0.20218627643088993,0.20955451925744528,0.009088205697315676,0.21123539260059687,0.011079299670833369,0.20881855741165903,0.009984821500199201,27.631665575115605,28.148597246293345,0.4905049235139887,0.0007820789373543599,0.0009008871020184555,6.1064923303406e-05,0.0003681869139023577,0.0025268925453998557,0.001110460342829583,0.001058860440308951,0.2627015815536834,2.209649616934385,1.718077536953032,1.1912083560503366
trapped_ion,8804.519495863216,9799.868318887378,463.5949412761318,2.777639959219201,2.6206959181004743,0.11518467112418565,2.48793813959038,0.13465623664583717,2.9827595722990377,0.2223765302149923,1.5643665981581452,1.5443096133493532,0.038395052819459055,0.00010652502925900311,0.00011797623803956074,8.683325155490875e-06,0.0037645665428852207,0.0011806572184551573,0.0006070276982700132,0.0004326354519890392,2.736457586848028,0.9845267661608931,1.0244841838545988,0.5094644479444407
trapped_ion,8145.934170301596,8258.012929703842,264.1957033021157,1.0214500463722318,0.9987134303516454,0.022874732244371344,0.9625175990851921,0.02531938454270563,1.147301479643224,0.04625093989720351,3.1427896142128997,3.2727979688345923,0.1073235689986699,0.0001981233380787071,0.0002498466594241688,1.6507893542786894e-05,0.000963703734502113,0.0012112028109880397,0.0004186921029753208,0.0010901173400791127,0.6602691634457628,1.0150465303453686,0.6268133325896244,1.248752702723003
trapped_ion,6951.65932833852,6711.344969177026,276.54408633395155,2.646695292338148,2.824396975988615,0.030750047414373233,2.7175333293593233,0.13872063864667658,2.829919295142885,0.019467427946677208,1.3844614442144048,1.391203645973083,0.03889986724045263,0.00043543255660617383,0.0004564617724914135,1.8810969819630522e-05,0.000957210903203342,0.00025068360926479034,0.00024267289672715947,0.00178123478949762,0.7511815077317062,0.212580580778917,0.36907900005545996,2.6239558269645005
trapped_ion,954.7594256375348,959.4217142317715,30.414165631443613,2.220863728592504,2.121906926874315,0.1327575944448014,2.1275756149348783,0.10751797923520623,2.119216402919686,0.16121326181036177,1.8702311218629528,1.747000653268223,0.04846659378620607,0.00034858363191697287,0.00031129856514748247,2.310594421092106e-05,0.0018092558483272627,0.0057506632288276995,0.00017241179025121307,0.0005024185717442614,1.1503869229084598,4.736799906195415,0.2752766139305916,0.5547144751142521
trapped_ion,139.35941290989334,152.29074328094134,6.181726328154671,0.3275155312924545,0.3214116780183052,0.017970368906311377,0.30366482576402365,0.016241676978724164,0.3592892686038809,0.026988876427013413,7.060637809128474,6.520600456361233,0.33973716532366977,0.0007455036111830392,0.0008933287265673376,6.954628300100935e-05,0.002446010149325375,0.0021819033413292294,0.0014754503418304787,0.0009333943643833943,1.6678223830998353,1.7977759906114685,1.8482870087661087,1.3895965135662096
trapped_ion,6776.128106285592,7038.019472468088,240.96394640565,2.2613334111055385,2.1558867904383523,0.09184765692365708,2.140783703788129,0.10739164670890239,2.197026797336266,0.16790945462075274,0.7869132563272793,0.8051423852178873,0.04739701735216503,0.0009665172935583565,0.0010144683735954024,7.08253723995261e-05,0.002422932102669513,0.00013612903798915804,6.949352840166336e-05,0.0009122602655678129,1.6401135564715055,0.11228444629485809,0.11640609959071398,1.114267202464784
trapped_ion,1931.0951079759832,2086.7691293930184,40.28974792397056,1.6560357979244533,1.5483635027047464,0.06510186991827477,1.4849440702745456,0.07902744458830423,1.6822830058900657,0.11483880858323926,3.149553687073253,3.114705917692061,0.06487031337752973,0.00013479314476035713,0.0001503548491859547,1.0291492283721596e-05,0.0032621045292165083,0.0011536893981779377,0.0013651754833041072,0.00022496376784023753,2.088677985726995,0.9466197101385878,2.6736940360957586,0.28784825952884135
trapped_ion,255.1717110279853,276.21761549917153,13.066354987751478,1.5719278288229248,1.7356363837577902,0.03541444270938547,1.5051679036645467,0.07057911109892352,1.8131872015343737,0.0188554551189711,1.2044777933273878,1.183276465451714,0.0683326067159918,0.0017165846763431832,0.0017223333478763939,0.00012215736105832402,0.0026929864801786716,0.0001042031644689184,0.00010937237323454315,0.003917052387547804,1.8551932740574602,0.08866755080684544,0.2094060266320139,4.714690341680664
trapped_ion,1918.5486635948819,1900.3959966613484,73.68740653594006,2.81721031028274,2.780675638828525,0.10899980503999301,2.8111809474228306,0.15004937049041836,2.746592774440425,0.08202396395095111,1.8845259656888569,1.8462410119186727,0.035903224557587994,0.0003484124110491681,0.0003872279487251833,2.6531442547344603e-05,0.0012289566713566766,0.0008360033445777644,2.0649863248542546e-05,0.003376779539279777,0.7787175817940244,0.7110059836550067,0.037195481080874206,3.7389315319987357
trapped_ion,1175.8898286111564,1121.3108969454645,50.024872522769634,0.4100876334555491,0.415543172642172,0.018849035602795692,0.4139606738393993,0.020993148598840716,0.4172942047435169,0.02735707635254885,12.131820355127342,11.993905195298288,0.23378082093839356,0.00015580285458407202,0.00022899706123461855,1.4617535055626052e-05,5.5736658488970914e-05,0.0017209052554404106,0.0009146127010474333,7.315920007663421e-05,0.040743601760086984,1.5347353178381038,1.0444527773184986,0.08394116773222512
trapped_ion,503.73192450835273,473.049558558403,19.311947356956697,0.3205167866091829,0.31115906418484945,0.012924016687953017,0.31990497320087413,0.015425879056495888,0.29527426867816453,0.02168869641250631,5.1493005168273545,5.259362412159577,0.308182854494719,0.0010881399992468314,0.001232926985222966,8.393549566077733e-05,0.00023254984692423498,0.0012756963155071003,0.0004184725915763733,0.0004627380322115252,0.17550109369128675,1.0884046340679399,0.572021281185541,0.6193907009073207
trapped_ion,1373.170142217346,1275.8400728569736,22.202060568708184,1.7424520719097907,1.87183011136324,0.08756187194196512,1.800772348893685,0.0868964661697501,1.941245861961448,0.12311373171617367,2.477791477020061,2.4131013243179864,0.05859274282405664,0.0009367733832796897,0.000978231485094716,6.84212199601953e-05,0.002052375518750867,0.002468563406403043,0.001730307128569735,0.00011323865224044225,1.3416962368949843,2.0547654951065177,3.5798483018334792,0.161929508867672
trapped_ion,548.5711722305564,517.9210584231955,23.250202817225915,0.5285000148142474,0.551410400685748,0.0052980138048011275,0.5403533863597137,0.027448204976586503,0.5516376141170048,0.004076115561963452,10.113644495038272,10.156965292939526,0.20179879382717453,0.0010154325801198954,0.0011528888924238667,7.844424779121182e-05,0.0005781730805939155,0.0021694543038238414,0.0016496087424444032,0.0015401844584097017,0.4026835523448122,1.85027430448738,2.6580851961746146,1.7241187136622198
trapped_ion,126.56951965383595,121.89353950057334,5.587880720208795,2.1645421435052503,2.108829660710725,0.08009740390528418,2.08319961335248,0.06275115463514863,2.194874775722582,0.16719451739327704,1.883893571940136,1.8365957005447135,0.04770765852498274,0.0003005690458196145,0.00031653428669374664,2.5881876847708806e-05,0.00010174195197682924,0.0024865991000105883,0.0017340143914686907,0.0007489567156722401,0.06951744927978096,2.1145784924295574,3.2249166624948287,0.8234840350920647
trapped_ion,7200.904205403688,7299.117085765904,347.36266049154466,1.6157534253446821,1.5812715536366941,0.04416860240627894,1.5731105588604284,0.04711484834264916,1.6404698718709452,0.124300465278402,2.6712447548109637,2.5884941717656313,0.06531069845403166,0.0014842386022441965,0.00155710598940738,0.00011565883323222165,0.00024715354175350486,0.001013620112456655,0.0016262165883858682,0.0008996698296746889,0.18987280192191633,0.8773605706002174,3.3807483691484728,1.042164692470887
trapped_ion,2052.9611693960983,2132.216479707332,98.52668675257401,2.7545424837120933,2.720657584758021,0.14044483620200227,2.578717877145158,0.12783913055091278,2.8400201416819684,0.1368486498132529,1.1840456103588024,1.2425141128185688,0.03827316910488353,0.00010174540925046015,0.00010020920797377059,7.378456466659785e-06,0.00038855460581096026,0.003243449186477572,1.942036923480342e-06,0.0014933783935568803,0.28393621684133824,2.6421592813434884,0.004901890774951537,1.9389641764079815
trapped_ion,2247.0579283707893,2204.924178708188,91.05396884631227,0.6228112870289496,0.6616188866505154,0.006493080976467923,0.6157039323658116,0.03103764349773604,0.6635192713590984,0.004498533871816449,8.409653367455352,8.375341573587791,0.1584029178424678,0.00012016020802003071,0.00018074960355833177,1.3446272892112795e-05,0.000154430035142752,0.0012465109027378419,0.0009458098455173943,0.001601944478877931,0.09925707750765994,1.1011585852102357,1.1604503391927647,2.169565325782099
trapped_ion,251.5614139278083,266.9388462669681,12.131123626974395,2.434549632887153,2.5610039395627457,0.030018345302859854,2.4572007373679696,0.12601960274308538,2.5672481437629693,0.030542849421057578,1.3405331093775998,1.3223076261275546,0.04200448293662814,0.0012706184191895182,0.0013406302655405403,9.334103181009258e-05,0.0015832614264094118,0.00012039270503264354,0.0026372737751314585,0.0009313964803713835,1.0798710325235596,0.11088202379188934,3.4132470640335435,1.024055410072159
trapped_ion,1327.3367704134255,1310.7863885881802,55.166033190758476,0.3157809234256404,0.3092489053416121,0.01395646398465642,0.3066646115783049,0.014923789207806425,0.31296705804247915,0.02179510883771556,8.034720194143114,8.119558687112624,0.3478058194783098,0.00021783144186574046,0.0003152951886561821,2.018817691988977e-05,0.0007235207807752277,0.0017063919286171166,0.0017258268664792726,2.335967243063569e-05,0.4757998923907748,1.4824311408007342,2.4187624367154834,0.030781177720400774
trapped_ion,199.57284807919112,211.88562672351213,8.127767123532566,0.6029771552528024,0.5138621651875982,0.004381133113173571,0.5816128235980342,0.027464369657853066,0.5120931090868354,0.004437963015075065,7.232318508565946,7.111194587524711,0.1755525711508949,0.0001225309992735536,0.00015323154647567668,1.0145326272968143e-05,0.0010169452256941715,0.0004513426211844345,0.0007172239130848195,0.0008040961192984422,0.6490527879725208,0.37534311096926715,1.1516797619005303,0.8617264629140993
trapped_ion,130.52929585043856,129.3120722507328,4.776543871837129,1.6450302620551873,1.8275525183891543,0.06158185534251447,1.8803335456383299,0.07072778649129814,1.6621416828511841,0.12520830173810008,2.8450097638084353,2.795375461644311,0.059521170452300286,0.0005581802589017421,0.0006476663829570916,4.3804534381813034e-05,0.0012811162034375883,0.0003432296754159131,0.000231517408834866,0.00034844777818188427,0.8955116362909552,0.2911430014474058,0.4120105978338649,0.38423461189837715
trapped_ion,269.8155168377823,289.5216588899466,10.561722609867982,1.043093080910808,1.049094066631322,0.045770312210507466,1.0360972106104873,0.05489105557234986,1.0787500954136402,0.07473548031005528,3.665585843472386,3.7966252836424346,0.1022498631944789,0.0007754650021773886,0.0008444445726331557,5.136990295750771e-05,0.0012417201861755994,0.0006875863815572014,0.0005019687352840313,0.0009341588978230236,0.8449591162227064,0.5782631902627491,0.6425299543322317,1.2309040245558869
trapped_ion,416.5500645736466,410.763061419496,17.233264553681387,0.42103837513740117,0.39206571315147415,0.01192043816958586,0.3960909075941789,0.013298434507365628,0.3756069357781404,0.0268909330856957,4.830163223026029,4.933299554943871,0.2557993852711279,0.0019306086764774202,0.0020461466750565007,0.00014230780112984513,0.0006657550632429383,0.0004790245069896608,0.0006830856767865602,0.0002469087483477355,0.42838351046848366,0.40927955861965726,1.3992748684600498,0.3015691484714529
trapped_ion,1551.4275598569216,1442.3112239525049,65.27679035026755,1.2709948732294785,1.1822448072232004,0.07268628731374041,1.1452390414705687,0.05756341712307673,1.2267020263914934,0.09084821352600798,4.343632247986095,4.476285085856871,0.0887745818850177,0.0007275205533849541,0.0007203290603280042,5.137518236082849e-05,0.0017451230087423527,0.0035431699816615,0.00012305574803657607,0.0010197859222591725,1.5283102062382847,2.9216612760572325,0.1888131099378444,1.4091691065058807
trapped_ion,157.05889428705575,163.24227758117712,7.194157380649935,1.7665898970738276,1.7442991881234124,0.07544901911885527,1.7224846374768163,0.0909157897093966,1.7925597482737294,0.1352266716679755,1.4833567248269017,1.533175327292401,0.05827462623714035,0.0008437230867695437,0.000857302193352725,6.049715464213492e-05,0.0014815301134723283,0.0003636320577601152,0.0002355690500016683,0.0005277694860343516,1.1657616677249583,0.33040736328913833,0.41769204791660064,0.5902850494810506
trapped_ion,133.2601581220597,135.8086151857403,6.311286421271638,0.5791487040937184,0.5895782915650354,0.02500795456780263,0.5865540650155551,0.029615586974300615,0.5970930147362229,0.04557746336400927,7.213242193860285,7.243126276215375,0.18296112123008845,0.0008726357941369861,0.0008925800257713232,6.287885506510575e-05,0.0009056440211258282,0.00022888487597194385,7.061016028056787e-06,0.0009472907597432137,0.5928433443374423,0.196837376946512,0.009723497654616097,1.0491535462937382
trapped_ion,4408.136698156201,4189.746691782618,167.76850399035501,0.5959958328718977,0.6076878991523174,0.00451057733962109,0.5760485730328161,0.025780191692566158,0.6086870281815041,0.004048582370374014,6.560523663818925,6.3764328676770505,0.18256968542187466,0.0005815730797898818,0.0006494431649796138,4.442678441175396e-05,0.0018263997852633294,0.0005741990167784108,0.0010605424259901698,0.0009728729944769467,1.2120485620865729,0.49014277325824784,1.7615715463121515,1.2804442603108879
trapped_ion,2578.487351660279,2562.526942356389,120.25054057141425,0.14778870698671812,0.15659171502922126,0.0059473563043115915,0.15977448553746765,0.00628245164378044,0.14876718268047093,0.011060168745641518,33.71563670130433,33.17970173562084,0.687720703911584,0.00016876223857967894,0.0003782947452693432,2.3137960589561377e-05,0.0002991689774189659,0.001535115622080593,0.0009259675286858045,0.0002235099542915356,0.22456484961887774,1.260701100605722,1.0891613382693959,0.24654198204962158
trapped_ion,4734.265397369284,4311.980535433391,180.96843751678975,1.708471541174812,1.672488361380731,0.07179957035897387,1.7260056685276004,0.0909599151197378,1.5840199321992807,0.11694915227926586,2.390045464602366,2.3732337955506564,0.059124588967169274,0.0002266626350300842,0.00023146843328067759,1.1316784914001892e-05,0.0009149982753434528,0.000967706255338377,0.0006792301405560966,7.677965883898351e-05,0.6191628631004747,0.8118651806531234,1.3587538879281489,0.09075613074965466
trapped_ion,401.6985360673475,378.3225546972262,17.35872393077423,2.537062720237238,2.5988847683393375,0.11097289626503967,2.581073733723978,0.13305925186050346,2.6395807834826996,0.20112981147223952,0.6580466112314315,0.6450050561055669,0.038550834176793246,0.00024211524621895212,0.0002652590172959181,1.9967203147080003e-05,0.0019779660705503813,0.000689199304655026,0.001051820787580912,0.0007979176144555834,1.2916871709853832,0.6161156562984914,1.357851142441762,0.9802031706226706
trapped_ion,2112.6239524364732,1997.72957071237,42.39733143895455,1.998265621689729,1.8868402755372409,0.07894556556112985,1.884550597049458,0.09520268416984981,1.8918807021543207,0.14125231992708137,1.9254085074932665,1.934114260797347,0.05543634952124258,0.0009912513967628438,0.0011118185161884961,7.588351740326405e-05,0.002676245210818723,0.0007581770945403975,0.0001256054468485692,0.00037679797456914636,1.8436222146512697,0.65739535633007,0.19189221165108697,0.5093787927220969
trapped_ion,174.3772523275398,155.24212561577093,5.587767854371099,2.8106449540150913,2.807709573207043,0.14080219541014724,2.7528229814251333,0.14816509147079637,2.8842667289707813,0.21789449635518632,1.9851112736268222,2.0135896294825617,0.03522502842441844,0.00032469952497475043,0.00034650570274249125,2.4059341182187186e-05,0.00039214051279031127,0.001713707897010432,8.492153270792474e-05,0.00040303698270745855,0.27447581628450646,1.550533694625463,0.15994338938171743,0.47266890845360926
trapped_ion,662.8949590959425,640.7636783620952,24.32255543901187,0.7600464613801251,0.7594743767191003,0.04159323950887277,0.7451054808910993,0.04042342145664966,0.768444833255332,0.05300971254466952,3.2530320695644472,3.0426809700829884,0.13848341341903014,0.00010133905577779226,0.00015367475438068186,8.48935104944907e-06,0.0017270948379677087,0.0032460243840513256,0.0015112482542277226,2.6295007890578807e-05,1.1325535525759387,2.7545687048810343,1.8722809968917369,0.03461158139321747
trapped_ion,9743.367720407376,9591.900157921498,285.9754617729125,0.173750060985576,0.16806642680706385,0.007890254888857227,0.1637140313584931,0.008394043916318768,0.201095215487319,0.015470506675645495,23.975067561083417,24.335551906451187,0.6231577105143127,0.0002649206598434064,0.0004920182831677351,3.038786470989199e-05,0.002408737278244494,0.00041070956535317225,5.018302358970532e-05,0.001846750221422797,1.5281835958613632,0.33696690639192084,0.0680333413876405,2.234074738718446
trapped_ion,1234.3047093637647,1189.170201484409,56.27885720638648,0.5505893031661261,0.5673474638332071,0.005228517821063762,0.5925781663775186,0.029032811053286506,0.566501742990962,0.003927530428658544,2.407657890337859,2.5323140911159254,0.17900074412301412,0.00036021811106841606,0.0004348546799363107,3.188871188446046e-05,0.0006810167385563096,0.000829251032404252,0.0012072683997622297,0.0016633509853234067,0.5625685171791328,0.6954699656467367,1.4868755718704605,1.8316257845103339
trapped_ion,1088.196727636821,990.0574785261108,42.50821787430681,0.18385767799578598,0.1948914604420262,0.0094440079903779,0.19257484015183768,0.010264112445198623,0.20767506032075245,0.01592970964314413,15.427470106686197,15.29060591543517,0.543768472039753,0.00014319926037570287,0.00034159490998750746,2.089169876727596e-05,0.0004272059982960272,0.0009566148802952791,0.0011396244911909665,0.0018724214600904707,0.28061520036435983,0.8136461347201038,1.2185072409158515,2.291001617604473
trapped_ion,281.24379795266736,283.7369013639799,10.196383861127888,2.473899295146706,2.584584162248885,0.11051717152402608,2.5078335967940792,0.13541559969241965,2.6503175533208876,0.15058161568724196,2.0424440855514963,2.0200819311827165,0.041421132633042874,0.00021377857155787394,0.00025654514646728855,6.04882988590802e-06,0.0031789300372301304,0.001694704665384472,0.0001993269796472759,0.00011195630134247433,2.0185625411299988,1.44378344270782,0.2468806759902957,0.12403750885225581
trapped_ion,531.3766258887175,595.3554577920268,27.766384736567698,2.9479641931695295,3.3987611271874045,0.09141720520779516,2.9826783228465352,0.15685474391903786,3.5081245025851318,0.09769713985421066,0.3982839131289076,0.4238568064708149,0.03466420081416347,0.0008140636446250727,0.000779445077528257,5.629029419732223e-05,0.0012808397273818956,0.0020096395051749523,3.142076105340803e-05,0.0009624249524065563,0.8830821883713693,1.6319877586670013,0.04366137392072557,1.1057085087133425
trapped_ion,4434.330574528179,4522.784256468388,205.94363049505614,2.4864699021789147,2.362827779837683,0.11331909362155804,2.251150605018319,0.12125257433511198,2.57442196378918,0.19279887575520008,0.9141957101905578,0.8712763423540052,0.04255991880917441,0.0013752100374338314,0.0014994456493129722,0.00011131126140644947,0.0014050703988355631,0.001535251012224497,0.0009117892688354731,0.0002591885798011118,0.9387450049549699,1.3344052775581312,1.6747850378053633,0.28836702901004047
trapped_ion,218.00365309836133,219.36174450483665,8.63863524301538,1.054075146965631,1.068743900761689,0.04790038876057725,1.0516345877351496,0.05620788639896798,1.1141333769334547,0.08446423364945865,4.777799254641893,4.737407968599583,0.097467414135923,0.00046401836810886914,0.0005667680523041718,3.77634152584034e-05,0.0014457444498423362,0.000774365949274895,0.0003412193144706281,0.0008507150048245536,1.0053744441978014,0.6681034430087475,0.417528507685183,1.1748202290079965
trapped_ion,163.0590107399118,161.74597228220577,7.654570117862328,2.800328589081708,3.0186650468007663,0.13276054891149752,2.907829478785746,0.14459228722912373,3.304155367151982,0.2510473749627899,2.015527579719847,2.0597128440634376,0.036891066476249505,0.00017261518142787716,0.00018043577299383076,1.2615666676426826e-05,0.00041216677946435525,0.0014116263327514523,0.0021668116791625676,0.0004708347862446634,0.2630418620881266,1.1703314538226803,3.132183291562859,0.6176418013568908
trapped_ion,6098.968208970936,6088.885502904092,253.10661287490723,2.9538086090627176,2.8604189778827447,0.07432775182068878,2.87186444264343,0.060180701992966254,2.7946928868395062,0.1930024884753715,1.1051922417876365,1.077436957788539,0.03653078359709239,0.0005080532993223374,0.0004935046864555221,3.5416024136008636e-05,0.0002519642863747341,0.002185174807383193,0.00023527151117875433,3.9024372955655296e-06,0.159523886395172,1.7910468531599222,0.4858578605172562,0.005204792158076657
trapped_ion,7798.411736926989,7488.047661537609,264.13583392692175,2.401969048695654,2.621748259308205,0.021280581871779378,2.293657925639156,0.12432381777466651,2.6316512517125417,0.017950487625123086,1.9807941811769127,1.975663628536774,0.044009634888984024,0.00024619395995324636,0.00028043178585759025,1.9997679776799356e-05,0.0008807378670415697,0.0009369132793908117,0.001396395922906381,0.0012458115322585674,0.6307906979795219,0.8051580369187332,1.7848670296380216,1.447868719789988
trapped_ion,2801.781042558441,2722.760325100288,129.51761719675812,0.2034876607456252,0.2085949310616487,0.005508604849124562,0.2068919381072121,0.007752439951365432,0.21033164148699232,0.007828808880157214,17.313897194040205,17.00728595953464,0.5254421522560997,0.001230130069151698,0.0013695804641739515,9.381983246738802e-05,0.0018329036044036602,0.0004409936520554263,0.00047646587610226785,0.0007147533986493018,1.4090862744410946,0.4108390162270464,0.875807939050458,0.943393225639944
trapped_ion,170.0968295375737,164.98743972498147,7.769992509337534,0.8088799637187316,0.8151915175003605,0.03427769735213782,0.8286910450359809,0.04051527501504271,0.7922362608302046,0.056328686115810586,6.739512060891053,6.617969387630955,0.12007957309201261,0.00022359358937045355,0.00024286172116130288,1.6764675003194748e-05,0.0006253008598705406,0.0012477391221733542,0.0003852198064768917,0.00028029400995768295,0.5120358711356786,1.1367319743026805,0.7700965610594274,0.35255598832445345
trapped_ion,562.8112574932363,564.2006409255556,16.172774541457994,0.9453183377173288,0.9923342601097691,0.04340417307497425,0.9514588379098019,0.05121105858209826,1.0965867310952286,0.08178540453292966,4.447732669544708,4.388954859356912,0.10692557457477533,0.0001324519534863981,0.00015587879912265363,1.0498581251307267e-05,0.0013125947995299338,0.0009444308245926974,0.00012510575301662,0.0003689580007725314,0.8919122301105451,0.8021165959957589,0.23498484272170503,0.4433726625497595
