arch,T1_true,T1_rec,T1_sig,T2_true,T2_rec,T2_sig,dw_true,dw_rec,dw_sig,eps_true,eps_rec,eps_sig,t1_resid,ram_resid,gate_resid
superconducting,0.00016827591152410927,0.00017072200676929072,3.022221911105517e-06,5.715182330200776e-05,6.306933631091251e-05,6.921489307862438e-06,54749.86409179169,53396.229215583255,1654.5480720368648,0.0010708503132823561,0.001049109733434286,8.883139793862811e-05,0.00021170514416552058,0.007294253697797274,0.00030108161365591116
superconducting,0.00012600231477557662,0.00012171728144784139,6.843141415936951e-06,9.367524652246005e-05,8.814547883820074e-05,4.069087514129758e-06,15110.816192742124,14456.534565945163,1237.1686949624072,0.0008468462739937994,0.0009882764645822639,3.9687627785891734e-05,0.0020517358085809503,0.0014437725860914075,6.20551310535254e-05
superconducting,0.00015883567305854544,0.00015579498375274615,3.0818922006655474e-06,0.00011169562774006454,0.00011351577156020613,8.263197566682583e-06,55891.97180007243,56418.322619880906,1100.5430078549248,0.0006346094553232717,0.0005838462723123363,6.338205317851771e-05,0.00026585910719075927,0.0035068300284431526,0.00019634274660024583
superconducting,0.00017154370238830807,0.00018986318147683155,1.1887758550487343e-05,7.440186958387087e-05,8.006960123126483e-05,5.431508208587319e-06,49118.93879366034,48454.64237704336,1143.1101703236154,0.001343110967084301,0.0013820944760288664,0.00012836698263785673,0.0025921260047511974,0.0030699013776375275,0.0005285519683807227
superconducting,0.00010736551499460959,0.00011048995256387385,1.1417136528715946e-06,6.116365762484367e-05,6.504060031627485e-05,5.312436073462208e-06,13067.168922979468,11386.446621149966,1276.0033704144805,0.001500186631797663,0.0017554164966668518,2.2350753050014735e-05,6.644225437022397e-05,0.004110135607575571,1.324191574628057e-05
superconducting,0.00018674905465777816,0.00019735437050129803,1.7357695719564915e-05,6.851923244702045e-05,6.702695437156899e-05,3.957826072080594e-06,21357.444497057586,20639.24178791759,1290.831162159586,0.0008187016257739685,0.0007838414740990786,0.00011918802799014162,0.00505543228943609,0.002181422087427533,0.0006237627603795991
superconducting,9.5868407498946e-05,9.14597986926621e-05,5.168129173447123e-06,0.00011469631627040609,0.00011141847376870462,4.721876712914776e-06,37388.3302511988,36650.07479506351,1101.5214438852809,0.0013055365677067424,0.0013993602236552635,9.887259646908942e-05,0.0017611126753859585,0.0011943559589796709,0.0003107869487593764
superconducting,0.00010009263678478476,9.738949119880996e-05,4.482208216060106e-06,0.00011516226298918634,0.00010699660485049536,5.237020229546071e-06,34431.91128277278,36412.02571418634,1034.0964861218088,0.0013806820653202484,0.0014027507408346587,0.00010669614992639129,0.0012227042732320592,0.0016071775283830244,0.0003612841019300457
superconducting,0.0001213451064022657,0.00011573973410930856,2.9025279246676625e-06,0.00011537107332945814,0.00011686257759740237,8.272143010811302e-06,22805.180178470328,22651.87482940357,1028.4464200840846,0.0010210837390699913,0.0010726774718993754,4.3734187246832384e-05,0.0004000317723318671,0.0032881531738229905,7.207986826733693e-05
superconducting,0.00012898830044010643,0.0001294150291047546,2.7969168272261286e-06,7.158240980559538e-05,6.688590121417553e-05,5.02133612893862e-06,48029.96510076358,49802.250649638736,1426.638656682946,0.001561471083543273,0.001546666481548228,0.00011446092429230419,0.00030921286577940987,0.0035224486998010284,0.0003861559876616986
superconducting,0.00015923221146221645,0.00016114967001446353,7.817038356452661e-06,0.00011973163022710187,0.00011878081842906367,7.877027109849958e-06,47582.437144582815,46435.6722693673,962.5524907857885,0.0013151088340155415,0.0014296383653937504,2.1897170988939452e-05,0.0015975236233227714,0.0028709745225212508,1.5007531271661101e-05
superconducting,0.00017736289566502427,0.00017345893796377632,1.4508359424010425e-05,0.00011968820694396217,0.0001228919412688846,6.258162569126337e-06,17275.885864060634,16893.208090892436,1043.5856830807172,0.000673349489312857,0.0006545795980713711,6.126938002663512e-05,0.004715661036105925,0.0016726484408040845,0.000176629034591446
superconducting,0.00018631395340394638,0.00017623412589794392,8.594179681416968e-07,9.533744774693213e-05,9.240592719255328e-05,8.2155301089677e-06,50103.13459061591,51970.11867692418,1089.5354399673479,0.00022378458046143777,0.00027969884424788806,1.0427518276930472e-05,1.5988848246116105e-05,0.0053691518311609595,6.2667411937583515e-06
superconducting,9.168887455997885e-05,9.183257812840578e-05,1.3356134149323232e-06,8.210903760081798e-05,8.303832270941858e-05,3.9774230214270535e-06,14634.02446020415,14943.98532240053,1272.5257734525626,0.0006817224568950387,0.0006928873731924613,1.842368290830779e-05,0.00011703055923514954,0.0015420295592755407,1.564629036491755e-05
superconducting,0.0001792848836176371,0.00018888225337767528,4.545910767970275e-06,8.655382859265674e-05,9.146751026674953e-05,4.47913084766065e-06,42660.988616944785,43076.11703047174,1107.7280164503602,0.0009539062796660626,0.0007305824171741225,0.00010787469427488294,0.0003835383854024689,0.0016284086973397925,0.0005257021580739767
superconducting,0.00014936081238129756,0.00014782856447857577,1.8755642011173979e-06,6.160578906762491e-05,6.484588905272656e-05,2.6524447726418676e-06,27397.319640332338,28403.10403864128,1469.1036041446876,0.0005530085218537215,0.0006226685844400456,3.8600583752058685e-05,0.0001091215952716858,0.001029125691989054,7.131864895999209e-05
superconducting,0.00014733935056837397,0.0001525744586041549,3.3138752583276853e-06,6.426859451918254e-05,6.0170861196610574e-05,1.1153959595003616e-06,20328.89046682147,18471.969415752275,1517.9897358802339,0.0010405675600137516,0.0009358479921236627,9.420339833864227e-05,0.00032037540280423714,0.00020223056818489496,0.00035944253149100737
superconducting,0.0001054477618916728,0.00010991419166823089,8.934968252805556e-06,7.324530259254371e-05,7.03060034353006e-05,3.030686063385736e-06,21911.088696171482,21636.019562651432,1291.3454114993021,0.0012358865636593165,0.0010949476231567853,5.918282179216148e-05,0.004101070350407453,0.0011881754417842917,0.00013046264442535525
superconducting,0.00012876820372940303,0.00013902978613343457,1.0217371389265528e-05,7.13033573284207e-05,6.772776134626848e-05,4.302755161307573e-07,59397.802648800476,58158.97212481415,1363.8673166659921,0.0011533526356135295,0.0012629146874730075,0.00011027054529808562,0.003633140446924257,2.5378529177770708e-05,0.000414875262844206
superconducting,0.0001657923392175204,0.00016860050151569915,1.9685565752604e-06,8.213264935460444e-05,8.71121771992209e-05,3.3392190263148908e-06,37288.79176848835,37237.23001800026,1226.084323723259,0.0011539524533946697,0.001085047473314399,7.839297520205472e-05,9.223164853625595e-05,0.0009943373453672692,0.00023009404181417462
superconducting,0.00013976714133448828,0.00014161394818061726,9.786063249166713e-06,5.754559017616891e-05,5.901441870915939e-05,2.866869789660416e-06,52080.98088870107,49588.13129506765,1507.7804988977473,0.0014765026893420448,0.0014371906624269025,8.312107993063686e-05,0.0032216585095708535,0.0013713054215208,0.00021541050134770383
superconducting,0.00010260708447087961,0.00010412408520047736,7.771999501171072e-07,8.249543841271514e-05,7.921268191886462e-05,7.036945775459803e-06,55172.454454893596,56936.648432095986,1354.884267874095,0.0009664506484484774,0.0008619856713477576,3.717301623047589e-05,3.355904634344168e-05,0.0052514793398210835,5.82040881980358e-05
superconducting,0.00010957319943545379,0.0001167112571606787,4.055141981385031e-06,5.9831537593753785e-05,6.024098048707559e-05,3.90089362857154e-06,49037.17123498666,47424.783201660524,1421.4109501402768,0.0005487956266846043,0.0005497598944875844,0.00010962536065767157,0.00077066593539852,0.002469618005743296,0.0005982446813728283
superconducting,0.00011378051004885177,0.00011615252895007037,2.0477575489718e-06,9.506549046558916e-05,9.447031303148829e-05,4.1730659816359964e-06,42520.65389215416,41858.04500586251,1103.3447069297056,0.0015497908901049566,0.0015221350652119704,5.894843635901886e-05,0.00019800750852690365,0.001325556403738247,0.00010371606388844443
superconducting,0.0001823400851876598,0.00019074727168605853,1.6452923772462602e-05,8.969501812135563e-05,9.47086446848631e-05,7.828273711728044e-06,41604.10566112368,39265.35451841108,1122.564947241983,0.00018691502232671226,0.00021869017329748274,1.4693447425692775e-05,0.00491298079116473,0.004641054755706997,1.2864890692469586e-05
superconducting,0.00012945887306071172,0.00012211634162196856,7.22350522372526e-06,7.61638384966421e-05,7.368295678149927e-05,4.43544319652092e-06,16728.743665655747,17182.983902764823,1208.9242018557966,0.0013115648130655787,0.0011733119615334531,7.314161725944833e-05,0.00227394680009716,0.002359471635170873,0.00019125243757259956
superconducting,0.00010658286491212936,0.00010784907423399743,1.209335531118969e-06,5.563941213387225e-05,5.772308013410398e-05,2.156561986802238e-06,62683.74332872446,62317.51434471407,1571.3975007271679,0.00034177610800310273,0.00024712027450980517,3.3233503938651535e-05,7.7257007698325e-05,0.0007988872346883107,6.479761872813676e-05
superconducting,0.00012606753580221217,0.00012593907330943032,4.885922851441673e-06,9.603717963906585e-05,0.00010337429057005316,7.449015604932093e-06,56367.833905649786,56135.37862826847,1024.5826191694657,0.001016561366799539,0.0009743362096807373,5.970174202339512e-05,0.0009884132328728474,0.0035032507778880186,0.00014146096457227523
superconducting,0.00011423267740025544,0.00011195182468103856,4.313067277707891e-06,9.733946075360458e-05,9.899465616945293e-05,4.38236600989988e-06,13755.093765373394,13536.982749595698,1116.9131668909786,0.0014475347158177103,0.0015287317324769421,0.00015535251765611417,0.0009296532057449366,0.0013284781826072248,0.0007179114340255454
superconducting,0.00014760617272532368,0.00014961346942364806,1.0867608709655858e-05,5.4481195781463906e-05,5.7609076139168074e-05,5.651386484354962e-06,21334.259301393286,20735.658647738575,1700.671321082137,0.001155123859350982,0.0011215559123518865,6.667910504003222e-05,0.003579840623365675,0.005500311434396134,0.00016331131010137987
superconducting,9.544845471480829e-05,8.902379005196723e-05,3.919671932581182e-06,0.00010087103593256213,0.00010546776742915092,1.0004123813978763e-06,56282.104507905424,56117.75241750794,1086.0686860379412,0.0015546914312476372,0.0016070205993227488,0.00013622900360146838,0.0010468031734235952,6.051615233485421e-05,0.0005304014913845943
superconducting,0.00015274864158280066,0.00015322667350571882,7.815848698768638e-06,6.180643742628966e-05,6.419805034626815e-05,1.5441045139924204e-06,49314.486135559906,48500.57795295859,1431.0809635031546,0.0010090996869146422,0.0009335209754454304,0.00012867053198398133,0.0017672248729576278,0.0003538956270840678,0.0006714121097567017
superconducting,0.0002096916349592663,0.00020929582831037195,1.2061451044815e-05,5.4405595265871634e-05,5.696502633698529e-05,8.918685522176755e-07,57479.17199902352,56265.24306069606,1524.146893764821,0.0015843558436010596,0.001620007795555951,0.0001896407114936152,0.002124159292882292,0.00013898882123435964,0.001021069437280857
superconducting,0.00012213759676976392,0.0001214627635608984,7.655005277744547e-06,7.637795342816314e-05,7.377086760036391e-05,2.3274095463652186e-06,19764.347283565774,19073.723940521857,1248.3228124337295,0.0003720250949286723,0.00029145728882402466,5.5211480188646614e-05,0.002576234453635,0.0006483851131727594,0.00017456310540127395
superconducting,0.00018434311883213148,0.00018263694782705997,8.52467434392884e-06,0.00010777788713804031,0.00011389512454398753,5.156376688892362e-06,58130.86869429179,59018.265496712476,1086.4216630419774,0.00022360419699436868,0.0002879513352557261,6.940145159801489e-05,0.0014544853092670305,0.001355234667620431,0.0002763512110767942
superconducting,0.00014368084808500132,0.00014861921976895546,3.5864328282195536e-06,9.663860646498246e-05,9.110830282892561e-05,3.7940424003565463e-06,29195.173120292246,28533.61195861123,1142.421152810586,0.00028223846257444156,0.0002622151284648554,2.580355432940501e-05,0.00039492654289041327,0.0011774228622998435,3.8742202717276616e-05
superconducting,0.00015719718602598282,0.00015015555714867725,2.1008193424073046e-06,8.927618236331376e-05,9.213991028534688e-05,5.481862865941732e-06,33518.52150906419,32335.993664724043,1228.9308087555573,0.0012040761029657094,0.0010979129096589603,9.64483470356549e-05,0.00013283921904032052,0.0024041769448823113,0.00034594643837325547
superconducting,0.0001321319685343052,0.0001353941082734117,7.3904418469449525e-06,5.947743200233253e-05,6.317131562525012e-05,1.6436022441028352e-06,52618.9026357754,53614.10379764135,1401.45046403184,0.00016672578576543292,0.00016820726814306325,1.4383019458627707e-05,0.0019942203600033033,0.0004103701983017178,1.2672677442994034e-05
superconducting,9.893042031426503e-05,0.00010182835808327476,8.015147421572636e-07,7.27118520285205e-05,6.802591510928086e-05,5.244404930383938e-06,28191.27244217407,29020.371196561293,1372.9161430151805,0.0003518334468446349,0.00026751129990301064,2.8683818519670804e-05,3.681862129739834e-05,0.003744994617774713,4.773568038191642e-05
superconducting,0.00010987903179336785,0.00011106734582046441,2.9578862601616438e-06,0.00010606642267130805,0.00010654232814117847,6.262201257290885e-06,46417.16741790073,45567.353138972976,1053.0476554891927,0.0014573997816727227,0.001723098625331938,0.00015138040904840024,0.0004424893967209598,0.002319468454991544,0.0006174502563241325
superconducting,0.0002079993217771845,0.0002046096114262557,6.752800441900431e-06,8.357200979365954e-05,8.634560182832294e-05,4.412123047031645e-06,12789.576100773844,11546.16497836661,1219.9792770090496,0.0017180931665103558,0.0018523942355439364,0.00021703425219303803,0.0007028566303688616,0.001765148433533353,0.0011890889751042
superconducting,0.0001514776146231016,0.0001647070189572326,7.952098139052421e-06,0.00011615296709066155,0.00012776655284776268,4.078146318546018e-06,17903.19988352813,18118.45236410198,991.381332670311,0.0016504961488340768,0.0016335684027905756,5.968308599632125e-05,0.001580466968239771,0.0006469163616613542,0.00010043769362714898
superconducting,0.0001608785945539328,0.00017202994406051767,1.7279392590359754e-06,9.850322934686518e-05,9.611990972850289e-05,2.3767568624505007e-06,15889.758166812957,16740.000845804,1139.102391186531,0.0010124307478830538,0.0009654487034871136,0.0001265246256830763,6.808729235418275e-05,0.0004151846376417732,0.0006383384554413091
superconducting,0.00011500471037323541,0.00011712528370017114,5.0613944502735115e-06,6.369483177174813e-05,6.395201010994417e-05,1.4482214155881183e-06,24518.512398997296,24173.02877446052,1382.9716318651424,0.0011877848292369045,0.0010498602377285316,1.8348561135597658e-05,0.0011939101858889135,0.00031304178324428027,1.2840556935298237e-05
superconducting,0.00019259410139111342,0.00018809962866072727,1.1140194292398148e-05,0.00011798037214119432,0.00011835837142469182,3.054652720181132e-06,16128.108080827731,16152.891106899811,1002.1293712378554,0.0009715787162728788,0.0010999966156262247,5.676800890729728e-05,0.0023250793787635633,0.0004353443263657279,0.00011971593488050934
superconducting,0.00013607226076559588,0.0001263132914482749,5.112878222372853e-06,9.134572247042944e-05,9.280086032591861e-05,5.035395780176843e-06,58969.95164377036,59540.95729150552,1095.7802160466656,0.00017002842874163282,0.00022608112896069802,1.0649019540500995e-05,0.0010769701596174454,0.001999999576211783,6.730105248347049e-06
superconducting,0.00019766052244304475,0.00020685594239483725,8.885331704822987e-06,8.700997168302468e-05,8.221394185060538e-05,1.2571929555703253e-06,44335.27380798359,44200.51403562026,1230.195590427186,0.0011979633892160212,0.0011383521068315042,0.0001047974106225447,0.0011856220313998511,0.00015687691862624925,0.0003998694076472767
superconducting,9.408524639505276e-05,9.301016392375118e-05,3.0839445385746253e-06,5.551159401168614e-05,5.4820232782700254e-05,2.716035890627611e-06,29919.536655356933,30195.247332383075,1540.3471094210076,0.0011588236215379958,0.0012658663968071432,2.390556197530348e-05,0.0006141178372319757,0.0013527028414153154,1.946839125446487e-05
superconducting,0.00013406671270963977,0.00013609302013811185,6.121882016178206e-06,8.745263178654528e-05,9.3129628820965e-05,4.97416893904217e-06,13650.657890430844,12646.313188536858,1198.3315404560226,0.000370565596093577,0.00043750087869453815,6.207958191009296e-05,0.001355783395748479,0.0019379843471650326,0.00020384816045614156
superconducting,0.0001006004290306206,9.21341047107924e-05,1.3100005969349018e-06,8.280464556298156e-05,8.802686588296892e-05,2.416282881652177e-06,12893.331830536745,14645.662003417012,1138.4385175544196,0.0008139029578173253,0.0008278053600356369,0.00010543151683155547,0.00011212817468720862,0.0005104073407907157,0.0004767908815922499
superconducting,0.00013157371273226655,0.00013563135576617516,1.3688251685910814e-06,0.00010763750250130418,0.00011346116091064927,6.71851593799561e-06,25236.44117875251,25723.559912135584,1015.1062387861507,0.001053957233185181,0.0011230454796349724,2.770349588080273e-05,6.819711844778271e-05,0.0023208100199470488,2.8168712973308138e-05
superconducting,0.00020177408180704345,0.00020770406727528294,2.1390856899262356e-05,6.930590934719629e-05,7.662328449696628e-05,3.94369453669547e-06,29270.826787626553,29281.33154835585,1313.3864227282022,0.0004052261815507115,0.0005479106056336616,2.54014195127911e-05,0.006804610991369343,0.0017469183157064758,3.2151834402332965e-05
superconducting,0.0001554157086448535,0.0001599136986051193,1.0527081630862978e-05,7.699590270592023e-05,8.010692678780035e-05,1.983982493481101e-06,51813.87638445668,51016.409601959225,1200.9605983547922,0.001590657511565587,0.00164555556374725,0.00021536189028402411,0.002943053423517559,0.0004092616752905645,0.001299821894790085
superconducting,0.00020492452563922027,0.0002017294690114874,1.0278439561650452e-05,9.571325049311954e-05,9.499007396461077e-05,3.4143651273655143e-06,44554.996548298586,43859.195973968825,1084.680883858257,0.0007009107462483202,0.0008007512425681186,6.513185296406677e-05,0.0016839242629849292,0.0008776174042232945,0.0001845983583644487
superconducting,0.000205202965911447,0.0002251370768941248,1.4913086778396617e-05,0.00012356815552773306,0.00013493770101364764,2.7834146073281766e-06,55132.625654701296,55979.94825592359,970.9428595613067,0.0012191138460832516,0.0014589708498071261,1.9421395133173698e-05,0.002715279189490366,0.00026343296986905244,1.1628919273614825e-05
superconducting,0.00011161168927439663,0.0001135255421766819,3.639261692727084e-06,9.482726498571804e-05,9.254905431253004e-05,4.223957199525237e-06,14001.801540046905,14120.500507248003,1091.8370226324441,0.00137424470217315,0.0012491549448151382,8.326262855836614e-05,0.0006479530479472702,0.001414954056995885,0.00023823546740078355
superconducting,0.00012691226384235993,0.00012878929429770055,2.465814318651865e-06,0.00010367113041203777,0.00010826693377271618,4.255088254172071e-06,48215.36246047154,45422.71355950483,1074.7457715213577,0.000528700193495641,0.0005180581522232215,6.995518828938574e-05,0.00024234851941305237,0.0010338335378264657,0.00024781334191271336
superconducting,0.00018456857455079653,0.0001809631104092824,1.154985071497687e-05,0.00011073727254173178,0.00012089198548266272,3.274719039356291e-06,16157.251305883627,16142.321493263538,1010.2650915547806,0.001613261801275912,0.0015918602097102998,0.00012366738107773438,0.0027249979959230192,0.00047612486023893865,0.00044048690347851544
superconducting,0.0001413337679214774,0.00014869821522889976,7.670590307535288e-06,8.3770888263561e-05,9.088675277043637e-05,9.093264025463626e-06,13789.216137325848,13173.68052585865,1219.2959489556697,0.001433720531969258,0.0013349128434748713,5.3820942028200945e-05,0.0018046941552332324,0.006795742860404512,9.520917501961797e-05
superconducting,0.00020179764723427692,0.00019084262130019783,5.7075512420649e-06,9.710529373790452e-05,9.513045714371255e-05,7.407506823172887e-06,51322.990427190176,52310.45003928456,1106.689044495594,0.00035180313195768765,0.0003623975045729614,1.0733585648282376e-05,0.0005905589138995825,0.004118448199571763,6.347527350288308e-06
superconducting,0.00019123832143600982,0.00017422943086206893,2.3966740244187808e-06,0.00010135035765151856,0.0001050592538512429,4.468310278650239e-06,22706.128609888503,22780.945511130078,1072.6503283364848,0.0007925088915687582,0.0008595276589912758,5.736306493523339e-05,0.0001274616425953043,0.0012174480025662388,0.0001387808244689532
superconducting,9.064455629146021e-05,9.259364478638704e-05,2.0255779120225405e-06,0.0001090326021857908,0.00010487176934098338,6.682642848692379e-06,24016.130216750156,23552.179316007285,1160.941387861985,0.0013360678765491968,0.0013596536632310711,0.00014772733049419742,0.00026642652524022355,0.002733615025214895,0.0007081716618526654
superconducting,0.00019925295238577536,0.00020507838905920906,7.972009484858788e-06,6.927796941779073e-05,6.943326744542907e-05,5.0504573248035284e-06,16952.49848617576,17453.314239623232,1280.6819932220071,0.0005618410913114918,0.0004946883279294801,4.183738276785432e-05,0.0009742531561579692,0.0033649165070412735,8.976285052992107e-05
superconducting,0.00011110703310837993,0.0001112650377242284,3.7478706843807753e-06,0.00011049658417192543,0.00010142500673282797,3.961615854208118e-06,32443.688823643322,31433.498792980386,1051.7636347747039,0.0008829942905968328,0.0007535464548773865,3.091485449196866e-05,0.000708514272359393,0.0010318168903548314,4.264887338256733e-05
superconducting,0.00011374211792718117,0.000116558603023291,3.196819932678224e-06,9.167068565930487e-05,9.281405509307376e-05,2.467858898357945e-06,20087.841155665796,20860.70488878322,1116.0789343814502,0.0005062318024345488,0.0003810973206938976,8.361982008622944e-06,0.0004799365600079694,0.0004802647660470173,3.813460911472571e-06
superconducting,0.00020579629927968107,0.00020574184051075259,8.694319854162836e-06,0.0001190880066461127,0.00012495437719276445,3.965487554175877e-06,60606.390771363425,62870.91427270755,1038.3775444609394,0.0015221424336941838,0.0013123367434931409,9.892813569264475e-05,0.0011499200924012234,0.0006454212227639574,0.0003254584662224246
superconducting,0.0001951062667017321,0.00018349047671419174,8.733185580869696e-06,8.742469551147356e-05,9.367267537017135e-05,1.755225484879143e-06,46028.59512724683,46043.265846366245,1132.9333372293538,0.0007959373679451451,0.0008945449963424759,3.7828246419224345e-05,0.00151075172865194,0.00023852714232300488,5.924175954172526e-05
superconducting,0.0001197929748809555,0.00012250486773289962,3.0568405192353704e-06,7.228161130889666e-05,7.13315048400911e-05,1.1774075775785388e-06,31310.781686476672,31138.57339181062,1347.5704531737933,0.0010498517516859317,0.0010338890530107374,0.00012734774691033492,0.00040510348490989194,0.00017525028299643372,0.00062375132289059
superconducting,0.0001552229385400493,0.0001649333827825272,1.1504046922021195e-05,9.462939622168441e-05,9.705749664256941e-05,5.68321646361973e-06,58247.6666756928,58426.81033734298,1196.2531597635752,0.0016093890541214971,0.0015059772929071305,7.668082331217823e-05,0.003298254767459899,0.0023272635653348093,0.00017695834148029162
superconducting,0.00017442786222030164,0.00017516129208336077,4.014409993657386e-06,5.452523583680683e-05,5.817424818538879e-05,2.586085140105194e-06,53788.92678110425,53294.3083690361,1606.684269466611,0.001652150968012523,0.0015123455930269455,5.8473007858321525e-05,0.000353509532073308,0.0011371848693186451,0.00010256298340006296
superconducting,0.00020765767707203785,0.00023965865168917576,1.0098096680541496e-05,0.00011736384707426802,0.00011941873207861698,6.018367912037349e-06,15803.841523850238,15992.809817875306,1052.7214845263202,0.00030983251049740494,0.00040590135097345593,4.248737114644431e-05,0.0010623691541733074,0.0016551198206340785,9.713400127568981e-05
superconducting,0.00019808706533726205,0.00020801597361713896,6.449325168325183e-06,0.00011528334566439828,0.0001036156658111919,5.375404099649277e-06,16114.45442267814,16855.3442203102,1028.4155827048858,0.0012606993396520796,0.0013186316221952322,0.00013700923618326433,0.0006163306117185866,0.0018152064829144595,0.0006222123027186968
superconducting,0.0001802710776808395,0.0001859667868609572,1.6365335947633312e-05,0.00011291581281932262,0.00010816891963082775,5.456339341730231e-06,13935.802868259769,14488.81914331705,1065.99497527322,0.0016654564841303242,0.001593936410004451,6.524075535909547e-05,0.005148366234272893,0.0017033481152093912,0.0001224618184216577
superconducting,9.97478953383572e-05,0.00010229349568929281,8.158055529254476e-06,0.00011671859470689474,0.00012589209340111728,1.1326091155236903e-06,23158.77373633587,24205.537162631546,1004.5387476284908,0.00032694436557756634,0.0003482335819676187,5.3021028818581066e-05,0.003790378132373238,5.1713626060121704e-05,0.0001560835268615778
superconducting,0.00011773430562524448,0.00011911975261283614,3.3914149415137015e-06,0.00010315203996503113,0.00010295962873885696,5.51529380065995e-06,34531.43762871769,36590.237252119536,1156.2927408467356,0.001640988744581137,0.0018916965430475663,0.00014954132166429524,0.0005218337212768435,0.0019370555217989441,0.0005535049661247821
superconducting,0.00017913589174184361,0.00017524140204227786,8.072438449077088e-06,8.809504560732989e-05,9.449436772960387e-05,1.033124628154784e-06,33543.14034680491,34618.04405522647,1140.6980339147499,0.0008816043954315056,0.0008016694267742185,8.90253428749282e-05,0.0014280303050053615,8.120274635629835e-05,0.0003447115915730153
superconducting,0.0001807276772864003,0.0001759408468514426,5.292147474549195e-06,5.476893397623901e-05,5.569418132021956e-05,3.211973703175979e-06,30496.574043453198,29436.9014244792,1678.6934830272269,0.0005873020200405248,0.000617446400692281,6.647355276036042e-05,0.0006084748938304447,0.0018549994204019973,0.00021209567156619462
superconducting,0.00011558885877884894,0.00012133572566893114,8.224687386372656e-06,0.00012061852714214283,0.00012046106518546937,1.297607275557755e-06,16922.890931802565,16499.57051765984,1015.2291142811704,0.0015718602254976863,0.0014077464773631645,3.711416117757174e-05,0.0029790241282765693,7.538907535177844e-05,4.3602539290827503e-05
superconducting,9.966632946053037e-05,9.409936842138581e-05,1.0848292051076485e-06,0.00010595607240180661,9.940834769440593e-05,5.406539067486198e-06,36948.31919950654,35120.98436972663,1129.7372199907534,0.00041738298219693825,0.00037477365758719386,2.8953531425745137e-05,7.488156106042469e-05,0.002004497329300296,4.58771268372794e-05
superconducting,0.00015301836684777573,0.00016332621065855946,6.24748868873399e-06,0.00011788087873224517,0.00012522128025602746,9.017007821510494e-06,54876.774652017644,53705.100388001636,1073.5812357073044,0.0006167184111527096,0.0005315592840505364,1.5141414705145922e-05,0.0009926644701336673,0.0033200959918210588,1.1525318545026303e-05
superconducting,0.00012023619294044509,0.00011772320135988134,4.857939639513464e-06,5.7699688114676565e-05,5.997658897884502e-05,1.3067921494391785e-06,28023.868711471994,26944.667198013638,1449.5703978525455,0.0016490049677061374,0.0016922313775082965,4.900389665427021e-05,0.0010910330923207536,0.0002788080493459613,6.572257680493862e-05
superconducting,0.00018019867145487874,0.0001823552927450776,3.73530439169844e-06,0.00010173115159388089,0.00010368781632719228,1.495239347741024e-06,59955.17905091446,60788.8444321659,1075.9595052567845,0.0007987242036292439,0.0007448304525354279,4.181506078059803e-05,0.0002802169627246192,0.0001402416533713655,7.838986992548498e-05
superconducting,0.00015038254319699637,0.00015449103451958222,9.920079025639961e-06,6.279577020701887e-05,5.821558903848115e-05,4.804675937695794e-06,54300.357561438934,55585.954852033115,1437.654416364044,0.0007602146876519906,0.0007916936275618293,2.5425490578337256e-05,0.002800985074428006,0.00392165074199083,2.8266714142981818e-05
superconducting,9.83798023523555e-05,9.409936842138581e-05,1.0848292051076485e-06,0.00012011484072170243,0.00011719137637749671,1.4875936979716398e-06,13308.950200257423,14352.237876471818,1031.6020332033177,0.0008927908878964431,0.0009853949115390087,9.734106797795111e-05,7.488156106042469e-05,0.00010564857416187545,0.00037386938959307377
superconducting,0.00017501343870264318,0.0001712508958153863,7.204942166842373e-06,6.704218976193034e-05,7.59747129354631e-05,4.540057313186082e-06,55713.085574929806,55222.53306685277,1276.651752570772,0.0001997379549175118,0.00021350097369479305,9.006799204758686e-06,0.001195305188739282,0.0023488619555181375,4.847668776654561e-06
superconducting,0.0001539280946641683,0.00015193170241786027,8.636642371296006e-06,0.00011816010910638542,0.00011892122485390649,4.120465923299237e-06,33678.10228578127,32374.138620872855,1051.4621942541216,0.0013138809059394254,0.001173066579986866,6.518423169024183e-05,0.002194194393599002,0.0007834305385064386,0.00015192128872593168
superconducting,0.00018838527038315419,0.00018789606170233555,7.332401476650359e-06,6.231823187216168e-05,6.60131550331718e-05,6.622495589819128e-06,31737.85881517038,34326.32852018658,1310.6150315569791,0.0016883932942306167,0.0016634467007691264,8.061540954112234e-05,0.0010097373679391287,0.006248700918942625,0.00018048185349787984
superconducting,0.0001850445332851144,0.00018027964322429274,6.76343095159939e-06,8.91177809221806e-05,9.647444914142499e-05,1.7070020090300617e-06,35871.214586467235,35837.983580671964,1132.4389560221668,0.0016511584729641182,0.0015407793002815509,9.120476952741941e-05,0.0009422669268381229,0.00021255895568191084,0.000245918578638519
superconducting,0.00018303253963162508,0.00017028472788326512,9.407735345413374e-06,6.091153593283414e-05,6.1648412156144e-05,1.9508667427651144e-06,32850.66114083466,31146.62442395728,1443.1127724533665,0.00025326547004606454,0.0001962030782531436,3.494027241219744e-05,0.0020626070025480062,0.0005983610599692415,7.36474317363127e-05
superconducting,0.00019748896129209384,0.00019302408125689965,1.8235301676948234e-05,7.65142963018117e-05,7.897981028322838e-05,1.2680078537593686e-06,48131.322126487314,47973.369263358734,1265.5975624218859,0.0013275938814740938,0.0012586047405391484,0.0001534901092848031,0.005873337467465442,0.00017139418527193615,0.0008056240992302354
superconducting,0.00020437581837409085,0.00019942045417443408,4.836123506639029e-06,9.014799746461343e-05,9.710239494042554e-05,5.21370847176269e-06,29219.435006090927,30593.78484568413,1188.8554754063277,0.0016264513838034015,0.0014796548983244838,8.5726659158476e-05,0.0003830090008085168,0.0019567653703765468,0.00022417896706323435
superconducting,0.00019434846504888788,0.00018666638456512203,8.70740121057227e-07,0.00012467434380361009,0.0001241733078311714,2.4256274713593304e-06,22966.481923076328,21376.991118280323,1014.8944892190276,0.0010623850197831876,0.0010003201827706134,9.298001923065898e-05,1.445200771543705e-05,0.00024514326309776533,0.0003384449580606543
superconducting,9.805190790295151e-05,9.393033779125798e-05,2.242029033383544e-06,8.235322512324469e-05,7.439081006975681e-05,7.080231616348514e-06,28978.57317913632,29374.117021171834,1154.3441840936905,0.0009656394871650777,0.0009350737736335925,1.4086264109732597e-05,0.00032057230939029396,0.005917907342735904,8.040181532955776e-06
superconducting,0.00010546002342966887,0.0001025323583843677,4.423945410189196e-06,5.630091801777062e-05,5.1715616108634456e-05,7.769435093236395e-07,24446.291490914613,24976.78348908906,1650.345040578498,0.0008421491548201035,0.000867366550317795,2.5856090732843582e-05,0.001111025611834327,0.00011866445562078226,2.807908114907254e-05
superconducting,0.00018960534044273645,0.00019019918843204948,1.171927525642391e-05,8.631283416882333e-05,9.28953466981172e-05,5.195876249126646e-06,36429.200653817585,37358.17591772232,1074.5497440432487,0.0015525723018453722,0.0014765119044522338,0.00017120073552562488,0.0025090506136369655,0.002125212819411338,0.0008955199986352238
superconducting,0.0001624793091130755,0.00015576246583740282,4.732076404644549e-06,0.0001258395576290376,0.00012344414252036905,6.0867110853479204e-06,17646.15938222651,16913.608640962608,1005.5831422255023,0.0010915274400990086,0.0012113275008787964,4.866689983416144e-05,0.0006270484473863384,0.001565460789795965,8.300976309521281e-05
superconducting,0.00016558878923701273,0.000164250941146558,1.2075736143243672e-05,0.00012413386272141824,0.00011578934221422553,4.673884509846307e-06,41068.7359388805,41310.13386693001,1008.6154468173299,0.00042104253830446486,0.0003507194730547555,4.0726358312200266e-05,0.003665618248547333,0.0010722670185616063,9.19654178026625e-05
superconducting,0.0001383012397849434,0.00013672442444165726,3.475610275282017e-06,9.523301323145917e-05,9.166210127155351e-05,4.096828833261355e-06,21727.52403668467,20423.8163483506,1204.087518322198,0.0008865252042223532,0.0009514221791180684,8.983531332567274e-05,0.00043337246725084897,0.0013566162363396782,0.00032420061717010535
superconducting,0.0001914832750414118,0.0001983330466219692,6.006235275906906e-06,0.0001220381274130799,0.00011912901911498976,1.287804167829325e-07,32630.314965279424,32891.961812089176,1026.1631664544284,0.00028624349075873,0.00029708750994552436,3.676547300897003e-05,0.0005983714710734687,7.6214459891952e-07,7.716856436012165e-05
superconducting,0.00014864812541268157,0.00014303008537538348,9.791235174685368e-06,6.128129200085196e-05,5.925978628976629e-05,6.279226953861515e-07,43756.62017567966,43591.9697890992,1504.0185794464105,0.0009207997119415969,0.0011052414534828976,0.0001772015065125634,0.0031658049135412972,6.542251198600518e-05,0.001163281889178551
superconducting,0.00016055810234782598,0.00014960124499041545,9.372217330498185e-06,0.0001062134779529774,0.0001138105492542852,1.0348481618828897e-05,20757.677587814636,21257.866119704904,1144.0186745894623,0.0013071012006036665,0.001282940038843574,0.00010885061997095741,0.002662864979362098,0.005467796268024856,0.0004000753070371313
superconducting,0.0001585733705458965,0.00016770348369654704,1.5557374824890137e-06,5.439607660758963e-05,5.38561755347051e-05,2.364068918192867e-06,24281.94584127682,23531.06178372735,1578.995413555759,0.00024204373457899981,0.00034440100050333764,8.453895944945511e-06,5.8255344124109746e-05,0.0010472505974550943,3.976310312682279e-06
superconducting,9.829456900224244e-05,9.902422885475708e-05,2.375091901851621e-06,6.202776749808172e-05,6.943453506914718e-05,6.754299662722349e-06,41135.09156585897,40744.26563969958,1425.6753386122514,0.0006444825778341614,0.0005372496411683441,5.488109381402962e-05,0.00033580862619084694,0.006018124362898316,0.00015094970408995775
superconducting,9.014929792922374e-05,8.77374474742203e-05,3.048832699659253e-06,0.00010570447081119618,0.00011424942582194888,5.7199684542458085e-06,33281.72784346564,32399.221846544497,989.0377498497196,0.0011827455829212072,0.0012420717434566428,0.00013508861716668945,0.0006443776467398,0.0016559252381218121,0.0006294255724823864
superconducting,9.023296554976795e-05,8.4531978460989e-05,2.55411857094615e-06,0.00010489791308862799,0.00011165220658017199,7.959349438262161e-06,21106.037621299867,21600.303987687494,1138.17568149901,0.00022655485452421556,0.0002418634323192412,2.6571661841203167e-05,0.0004720736309686465,0.003377653735993573,4.154244435184573e-05
superconducting,9.56126583280776e-05,9.97945984870561e-05,5.178532423483734e-06,6.39983246828636e-05,6.499894316274524e-05,4.389528241637902e-06,61633.72475818482,62249.20446451858,1380.02440995343,0.0016814952153739614,0.0018813740068577341,9.359562265082017e-05,0.0015798502743307014,0.002808745487915103,0.00021794956636440432
superconducting,0.00010224447229636659,9.830369431785452e-05,8.633049049116951e-07,0.00011958401927366566,0.00012230468865419362,5.058013786775815e-06,29655.025210089458,30799.725324614672,1024.87024088619,0.00016368244573628743,0.00012633705718486808,3.561103086038626e-05,4.480166609524184e-05,0.001105120225798926,7.949091432829667e-05
superconducting,0.00012368746118573935,0.00011267829886757978,3.290630034350802e-06,9.401747621583425e-05,9.253172434009058e-05,6.2999686497396265e-06,56920.73591437543,56401.00854806931,1231.0107294422573,0.0016024275343355155,0.0013973947171750031,0.00010160644541313593,0.0005358511599664235,0.0031487722479345446,0.00032854418798936486
superconducting,0.00020957264597955592,0.00022064749735549268,8.276603303404736e-06,5.692739896360932e-05,5.3625662185037275e-05,3.6881033971259574e-06,55683.50949779716,54388.19266665598,1677.4113143235313,0.000673905423591628,0.0007079518038347026,2.7325840218947474e-05,0.0008792899725719298,0.0025620154276978844,3.414315199888568e-05
superconducting,0.00018584056864889313,0.00017019070328582183,4.973943723348201e-06,0.00012105449143851253,0.00012205982389245993,1.271153027088798e-05,42319.85424805319,43940.575450460536,1093.994136696053,0.0016276999279824416,0.0014767826219616014,3.517385373089142e-05,0.0005772412890083495,0.007013058898515983,3.779580162030207e-05
superconducting,0.00020028314925319907,0.0002120384248113423,4.656051656378778e-06,0.00010381809674732867,9.677540174456557e-05,5.92816860872142e-06,47489.06987721616,47658.46031960148,1121.99819326681,0.0009055588692811538,0.0009482180237618831,4.6405295814414055e-05,0.00030674336720705936,0.002547343873266267,8.665434910301207e-05
superconducting,9.106637284249708e-05,8.872361527231323e-05,1.1977439525728888e-06,7.214361881069483e-05,7.424496200495834e-05,1.912311644247129e-06,17530.768994567086,17845.10172474059,1251.454379244522,0.0005560311673561559,0.0006157459196921817,4.833099043753542e-05,9.814010140067558e-05,0.0004331167175552788,0.00011222311206456946
superconducting,0.00018999765022753923,0.00017330559663813973,1.3076107844263115e-05,0.00012563421373970097,0.00012958253067816528,4.406999599662914e-06,57652.59043561008,59810.98585425432,967.4914988777972,0.0007603233424327097,0.000672839182419815,4.72533783547558e-05,0.003837854603384414,0.0007299140719322238,0.00010403719593317529
superconducting,0.00015327542486961537,0.00014697244753346476,7.25535241054591e-06,8.243141006451201e-05,8.222017920482665e-05,2.0251866282485723e-06,47633.23806722495,47512.75681126568,1250.336651610755,0.0002376730318133381,0.00019097363022087114,1.9552761575682243e-05,0.0016511824950450563,0.00040702932929085554,2.3129449031242973e-05
superconducting,0.00018191193472552006,0.00017454276035243954,3.812746913295239e-06,9.263549014012671e-05,9.584513091014157e-05,5.4017675346391955e-06,27624.726295489927,26285.938425488766,1080.5849509095788,0.0013162716155335342,0.0014586012371947848,7.921999246648415e-05,0.00032133200202807955,0.002157112922345517,0.00019352212605357126
superconducting,0.00010595740130167225,0.00010435713529843156,8.320820561283267e-06,0.00011561873055243231,0.0001160924946821995,3.482764010489376e-06,56467.55595089639,55874.411337140766,1057.5503001844288,0.001480096783616258,0.0015192511265740615,9.538537922033197e-05,0.003834475256170696,0.0005918124177301312,0.0002719610225905458
superconducting,0.0001876052559271336,0.00017506138932339187,1.01131536799101e-05,6.502421334191155e-05,6.223488886413727e-05,4.130014395036018e-06,55006.3391192139,55205.77795283516,1350.2344242727686,0.00032476057146416023,0.00031828035983640915,2.3491844703639978e-05,0.00224629558409261,0.0026464461318379384,3.1144227646057114e-05
superconducting,0.000140873323828324,0.0001328194349391149,6.123980626605359e-06,0.00011865125834869905,0.00012097764202099548,6.000552548429661e-06,55825.665313152356,56015.32679425573,992.3020721588662,0.0010538559893226913,0.0008526478340535233,0.00010066191811618822,0.0014168064768121653,0.0015959915107927696,0.00042892583630567166
superconducting,0.0002002823015030609,0.0002069645182631491,9.852091502536339e-06,0.0001106849674957659,0.00011380513671845776,2.256415192470669e-06,43242.697109324756,42800.65745951991,1062.6696763424331,0.0004753812460804241,0.0005412523422255482,6.63720466016558e-05,0.0014558313396794103,0.00025998246635324006,0.00022030255107473925
superconducting,0.00013546668897328646,0.00013129304244796,9.282127385264677e-07,0.00010547792136451552,9.667903405510409e-05,4.522071169189524e-06,15638.730410700075,16018.527893586535,1068.6837398587286,0.0006759831635218738,0.00062877524123918,6.204934365192555e-05,3.3215505015448744e-05,0.0014852731286810956,0.00018368135154627515
superconducting,0.000132084223742131,0.00012721105298103385,8.565528137986178e-07,6.848314162197173e-05,6.770774136335074e-05,5.636249550311805e-06,42145.60559951545,43148.667376287376,1516.080874326368,0.0017348408903316802,0.001600907627542078,3.8107642286675634e-05,2.9865682220682656e-05,0.004356616450520746,4.163350929808278e-05
superconducting,0.00016638181861104395,0.0001716726843602878,1.150795237971914e-06,9.628321954474828e-05,9.603206670310446e-05,1.1357527900250299e-06,41624.689463893774,40743.12366534993,1112.509570556375,0.0011161241803466153,0.001172332275640871,8.393562903800108e-05,3.033433459271906e-05,9.498340909385698e-05,0.00025199553021629825
superconducting,0.000117027244922127,0.00011209165119297065,7.151262534454301e-06,0.0001240497656496678,0.00012854393610732144,8.491902955633884e-06,62490.4488401143,61840.565475353054,934.6390547700222,0.0009485574303731509,0.000991133166395685,7.320879307505674e-05,0.0025508999849137397,0.002763924975642979,0.0002108334043604041
superconducting,0.00020041350590108,0.00019933142884332207,2.1115510439397862e-06,0.00010157731057892261,0.00010040495899347317,2.660471772069081e-06,51918.094994571235,53108.72381393099,1116.0057464778745,0.00020261701916003306,0.00026607132655576257,3.190647477592148e-05,7.309226672488165e-05,0.00047535856500134464,5.911100078413667e-05
superconducting,0.00013173847964734084,0.00012190152557237429,5.670362188784377e-06,0.00010116533671488063,0.00010140839172610537,4.4615455001322065e-06,16289.349391869953,15508.970913276176,1085.534684326958,0.0017301675427864372,0.0013957907283556408,9.043191434445445e-05,0.001405264135292798,0.0013091183958404743,0.00026046785683460453
superconducting,0.00017533224889558922,0.000178623246503313,1.0835711432027838e-06,0.00010429810821840795,0.00010252263672007843,1.763999035219567e-06,27092.3498710711,29150.377037465714,1071.4278206744857,0.0017085752345455875,0.0014380632829743242,0.0002530530255311017,2.468108852501733e-05,0.0001999581793500083,0.0019955954817424946
superconducting,0.00016347792053141185,0.00016619065885032622,3.2239511173309413e-06,8.1246454267712e-05,8.113895350953726e-05,3.6791497551026475e-06,62207.27056006374,62893.908250016735,1281.4909266534387,0.000448642756076926,0.00040800744047647783,2.6334018209254904e-05,0.00025496905242840235,0.001375717636276114,3.727258072044182e-05
superconducting,0.000169130975483994,0.00016611274346360738,4.743097863514605e-06,9.513021309733986e-05,9.917308560160192e-05,6.722418758176718e-06,48347.03546085957,49377.50684452331,1038.8948523520355,0.0005806238045717969,0.000551803868770344,4.394486913019564e-05,0.0005524082528773583,0.003114307331022999,9.602726927094745e-05
superconducting,0.0001376562681374296,0.0001495539360530041,1.0601462832408652e-05,6.215401328556556e-05,6.371974382100412e-05,5.747810376498044e-06,19385.36429291768,16340.20192144237,1309.4495383778317,0.00045544710403881645,0.000561031278759544,3.558767388207663e-05,0.0034092752748416445,0.004956932861077573,6.266392937608455e-05
superconducting,0.00018811316674611944,0.0001958879275852783,7.521571837958432e-06,8.862946593092555e-05,8.742262748218792e-05,4.9010240800528585e-06,38972.88083541026,37175.899217297556,1235.1032395251318,0.0016497945300867004,0.001431824153897582,0.0001808364345583971,0.0009658618129703061,0.0021275939975462232,0.0010223892717010543
superconducting,0.00012465351097943762,0.00012440140252665941,6.853948346816132e-06,9.138351160563781e-05,9.310623989608643e-05,2.8265738864697914e-07,13843.711480598222,11010.56423693362,1136.43600659712,0.0016067438657003722,0.001393902059038505,0.0001316917940304548,0.001985467185766229,6.26104778998072e-06,0.0005529060772898303
superconducting,0.00020801312477372304,0.00019634129284171425,5.9008978976780355e-06,6.321137162174403e-05,5.8913133371849585e-05,2.5506062301431927e-06,26412.95000270999,26264.653047522443,1585.9932319462705,0.0005314259765522767,0.0006549794181411841,4.0813573158235015e-05,0.0005912966943205319,0.001087920364102462,7.835941979788841e-05
superconducting,0.0001167754921228494,0.00010721728825394097,3.6245076006414934e-06,6.004418628068656e-05,6.218342493460853e-05,2.1970295042168415e-06,26389.432911014912,26265.879734360024,1432.3170312723287,0.0012577629477142044,0.0011409504175243306,6.462194013377243e-05,0.0006999316075038752,0.0007497839012180452,0.00015184009983943477
superconducting,0.00011165825937908733,0.0001127764602450645,3.186827534900682e-06,0.00010938767645363774,0.00010936693121602391,5.3997500445269e-06,55679.60079096245,57722.689990883446,1069.857190266078,0.0011092002724724956,0.001220595105547647,8.223253657405288e-05,0.0005019117406077265,0.001628051914860858,0.00023585844818922096
superconducting,0.00010901623926348737,0.00010614080121198753,6.454758327145775e-07,7.915612876682679e-05,8.152490287838757e-05,5.6951082703871665e-06,47048.658933666935,45409.51718045972,1176.1130060162309,0.0016901886868848715,0.001613851826634771,0.00014077450187590038,2.2524013715385876e-05,0.0032684739338794603,0.0005644193179705106
superconducting,0.00017454171775687863,0.00017720403399070536,2.0947165174077194e-06,0.00011808363233817961,0.00011245389823102586,7.2026768442960236e-06,46939.83440921054,48545.98089747545,1088.009113171512,0.0015720532552105215,0.001663654596907285,7.951903399564607e-05,9.385809014789433e-05,0.0027217478792210775,0.00017558756043080484
superconducting,0.00016579649684302848,0.00016424430323147058,9.345222994544142e-06,0.00010284190931607376,0.00011259240529236089,3.6646665180454947e-06,50373.420350371285,50249.90217431356,1070.7062617338127,0.0007959546702272542,0.0007057318845832461,3.1703853201202226e-05,0.002195511492662155,0.0007026217098645179,4.601469495682208e-05
superconducting,0.00012499813878280312,0.00013356966335753616,1.7808710214036275e-06,6.144515014982254e-05,6.404186816417478e-05,3.961784391585754e-06,20665.55274703354,23113.334150902272,1422.7037404001387,0.0007589708680954006,0.0007029872081795142,7.042350797132058e-05,0.0001186280078259384,0.0023379415441643586,0.00022737655037094874
superconducting,0.000177057543864437,0.00018254446729499494,6.65681470631099e-06,9.51138263186403e-05,9.800456217679064e-05,3.3167237367592444e-07,26299.653030324367,27198.376724688864,1116.343656986166,0.0001571135794114414,0.00012548805242009828,3.546449700787122e-05,0.000887923171173083,7.769610173420423e-06,7.887485249999539e-05
superconducting,0.00014133190256891578,0.00013561866077751295,4.4841446968484995e-06,0.00011456253206434429,0.00011531794050461601,5.520434457211702e-06,32155.42798555518,31258.764987074406,1063.316665385933,0.0009386575886556218,0.0008633483013395125,4.848026780729901e-05,0.000731984999356806,0.0015099383479775046,9.892673623218743e-05
superconducting,0.00019904988276727974,0.00019326201694669457,7.946493520702197e-06,0.00010293663186615503,0.00010621471475112136,4.27586488268577e-06,18485.26604483531,19356.139323648837,1062.412182526222,0.000924233985358519,0.0009723931220408542,2.275517291177418e-05,0.0011121933044030616,0.0010886771305122914,2.057161743835938e-05
superconducting,0.0001546487500531958,0.00015976748368868953,9.533921134744547e-06,9.074320335065863e-05,9.169987405058797e-05,3.0932819402517147e-06,25179.55884380026,24217.459631034555,1136.8404237691216,0.0017092907413300026,0.0013151883576868128,0.00022829251715199788,0.002418427194263772,0.0007727664735602735,0.001730602382336006
superconducting,0.00015811826949332014,0.0001563028334707143,1.0890206126841096e-05,6.714055047439095e-05,6.648820692856753e-05,3.2747596405860664e-06,15136.076017610118,14965.401771499792,1460.928200119082,0.0011447257391519387,0.0010943231475290958,0.0001050342407287429,0.0032981033545467203,0.001511666460407113,0.00041105404296030805
superconducting,9.566949702505239e-05,9.936175583667316e-05,4.370526222208649e-06,0.00010613347129502415,0.00010792488835562542,5.582697415931738e-06,21810.911920854625,21765.19133821512,1064.5848765810115,0.0011631291545048472,0.0011658516717073944,0.00014338854114849018,0.0011319167249593143,0.0017920462611585894,0.0007379037010241237
superconducting,0.00013723729331797417,0.00012779005011981267,2.437852093021767e-06,8.759518324918387e-05,8.359732919322713e-05,6.313512752115697e-06,61698.12659610868,62396.67846177179,1211.5949405735182,0.0008730648942921062,0.0008410710349266895,9.222377412763086e-05,0.00024006135692720602,0.003838007879612931,0.00036225080514549644
superconducting,0.00014847296357715128,0.00014737693623936596,5.021200196622901e-06,0.00011368524218249467,0.00011240951120807422,3.6463780319730032e-06,30919.584759365694,30507.261559474413,1031.4420066881896,0.0017097645862416484,0.0018770512267976582,0.00012359932992681857,0.0007867010042588762,0.0006981849263781501,0.0003809062468439023
superconducting,0.00015287952930371698,0.00014835647887710278,3.0486666077003914e-06,7.72590917416543e-05,7.770267551415885e-05,1.1204379668414478e-06,52280.02319249877,53540.26757422241,1256.2122924146263,0.0004942601696213618,0.0005393505517524414,3.3517677935659715e-05,0.0002863458504688844,0.00013766550982767756,5.623962697195224e-05
superconducting,0.0001766505206397699,0.00017236489017967107,1.92011579435131e-05,0.00012265367217241099,0.00012290945794673065,5.6186007596846506e-06,15670.055831864698,16014.592529811542,974.1916893634096,0.0009580999755719524,0.000886884490568228,4.277716554306281e-05,0.008372524862775652,0.0013477836701712275,7.606477189796759e-05
superconducting,0.00017645358578508705,0.00016456800669287713,3.0771004736412917e-06,0.0001036173244234354,0.0001089963439670414,5.9611535230539965e-06,13819.732039701157,13630.820868758594,1037.2277195966817,0.0001666356788850023,0.00018820891667550315,3.0978571628748595e-05,0.00023706448174713661,0.0019991694380827765,5.814731596859208e-05
superconducting,0.00016935907837417266,0.00017011962699665223,1.0407313119167709e-06,8.445656080530955e-05,8.265088170356323e-05,4.637346915312074e-06,17556.279823147317,16971.46146043752,1197.079045123285,0.0015726190006484701,0.0015761556265651545,0.000161462822985736,2.5294027761139113e-05,0.0021140892919390124,0.0007569175150732407
superconducting,0.00011040201169591441,0.00012168272320092566,5.2206599986937765e-06,9.366940375734654e-05,8.687115271275152e-05,3.8112973342806526e-06,57088.47807179165,56509.69832041107,1125.0366106829179,0.0005393016096024201,0.0005692775872649975,1.791837486593634e-05,0.0011947105648854263,0.001302162239418568,1.5815622085375983e-05
superconducting,0.00016410662825046035,0.00016548611252703623,6.220510261669839e-06,7.379372936863046e-05,7.169234593543347e-05,2.3765537919045673e-06,49152.70395008614,48261.95368737874,1265.4908464924902,0.0013015205662146162,0.0014009081270993688,4.159762937559306e-05,0.0009576607060161957,0.0007082506306042831,5.496690431729517e-05
superconducting,0.00014582036947183557,0.00015040661813506463,6.325154216819078e-06,0.0001237002970293831,0.00012877060451701737,7.029460156842504e-06,26218.77874259276,26911.603084152273,1005.7149506762152,0.0005406866616820838,0.0004544175719942444,8.569986367557131e-05,0.0012002755766165715,0.0018858000359335682,0.0003849369944659902
superconducting,0.00012159527913642006,0.0001221714983081788,8.534334895467816e-06,6.12353268905599e-05,6.195638476154627e-05,3.1299832718592663e-06,38447.42409884691,36838.12843186009,1452.4408370950364,0.00023181346165212217,0.0002687662732762752,3.4439376628554116e-05,0.0031717740362665232,0.0015295850599531054,6.876732909729049e-05
superconducting,0.00013360150870362765,0.00013138770702923925,2.632788783004566e-06,0.00012356233663304693,0.00012041063089687308,5.684366935860507e-06,47536.16648243301,47851.652366989736,991.2708582867807,0.00017752386724665845,0.00022779565908852145,3.2107424197907015e-05,0.0002668894675494684,0.0014481499669603253,6.112322330287053e-05
superconducting,9.618766513299114e-05,9.413747992358697e-05,7.084852622796893e-07,8.257436604964055e-05,8.160291701142416e-05,2.596616401639385e-06,42507.67683380312,43548.95284558525,1222.280152742498,0.0007208346672356059,0.0007513074882801845,2.22337138764513e-05,3.1922011532211896e-05,0.0006782822887384205,2.2085962540015692e-05
superconducting,0.00020739106946255636,0.00019650655391724388,1.0066201789679001e-05,0.00011119276484876248,0.00011116646774130569,4.933868878095674e-06,57499.04182782736,57913.17283758147,1007.2593148367487,0.0004788225764341281,0.00042138165510255296,1.9039660563674914e-05,0.0017173241607480083,0.0013106475276859683,1.9342949901784803e-05
superconducting,0.00014792881710523414,0.00014548166363317439,4.7990738834497725e-06,0.0001196826487118313,0.00011889177580336099,4.1630986428249245e-06,44201.028465559546,43878.18306339436,1045.6863609165405,0.0009338556182353135,0.0008617716940208139,7.924308513817728e-05,0.0007365823494745491,0.0008001883379565616,0.00026452698625269253
superconducting,0.00014829865028352098,0.0001479826406314938,5.6190763092018425e-06,5.581387676729691e-05,5.6264672450338335e-05,2.746964585256631e-06,16613.44799220757,16845.56231700698,1509.7835662960856,0.0011725489555404387,0.0009711400598509888,6.346087887671325e-05,0.0009774800917380759,0.0013394664249941274,0.0001601060252717521
superconducting,0.00020172056846647245,0.00018683131756071274,3.058100244669362e-06,9.041380505467543e-05,9.674145912182308e-05,5.162052899199145e-06,47447.868380478976,48331.44077554865,1134.0185339655507,0.0005113785924621904,0.0005424967374885631,6.583912552078404e-05,0.00017790592924050416,0.0019328719667990471,0.0002166335659140676
superconducting,0.00017014688113727415,0.00016643448866759502,9.216959519337328e-06,0.00011364833915144259,0.00011631748806811903,3.1661051477871183e-06,51502.13971125901,48413.356312373566,1045.0617597492644,0.0012524485911047899,0.001536402549656246,5.086587313250659e-05,0.0020775670213175634,0.0004869121585253526,7.666231506070164e-05
superconducting,0.00017204292710233746,0.00017308636592224504,9.771584396075604e-06,8.759720630114847e-05,9.01762761571245e-05,4.7812136106284604e-06,30368.181172671502,28976.898229410966,1172.7670909475905,0.0003371764410750442,0.00039096974268079416,5.167800994120799e-05,0.0021490288146043565,0.0019077345514413647,0.0001448716845241178
superconducting,0.00013987510258661645,0.00014063324245726488,6.839504148263973e-06,0.00010109713208480974,0.0001095933465643062,3.165208053064134e-06,13584.251536214117,13622.660374890216,1092.7236996599433,0.0010559811420586737,0.0012363741084500585,0.00012338941276239927,0.0015940440120878405,0.0005568405342085757,0.000526684688532437
superconducting,0.0001453399684041633,0.00013673448437423504,7.573061359578697e-06,9.876225768412165e-05,9.079893258750716e-05,8.048936314673734e-07,31760.32031890026,29129.43033792673,1143.2916980229822,0.0009648969288157319,0.0008673256423435218,4.459539946978009e-05,0.0020572375933979323,5.334514429329404e-05,8.353081410365428e-05
superconducting,0.0001414664650521675,0.0001471347426330028,6.827092248602133e-06,9.281123914496094e-05,9.728947242205542e-05,4.727013077953711e-06,24826.751623050808,24153.813690726587,1135.136472792359,0.0017340746459757945,0.0014959282516783562,6.40125293650379e-05,0.001458925880514524,0.001602150062295245,0.00012395547112007159
superconducting,0.00018185143475765283,0.00017872195877892524,8.070403409562234e-06,0.00011575130024457522,0.00010820043671148649,1.8329919134910937e-06,55516.516385750234,56247.016011414446,1054.5738054434585,0.001222349576954301,0.0013162960823814914,9.598995815654272e-05,0.0013674583208055982,0.00019210686436179004,0.00030578501279399626
superconducting,0.00019894861534988745,0.00018019769337494377,1.1763061812521738e-05,7.052960550271088e-05,7.761943293357089e-05,3.4452163661693692e-06,16394.37200332411,16718.49503149811,1263.6971417145867,0.0012044008529253317,0.0014559042430220108,0.00014738575863232852,0.0028530917615054423,0.0013040225369503906,0.0006707710398095307
superconducting,9.609861758313345e-05,9.462032368589486e-05,3.4831349817975665e-06,0.0001141922257533267,0.00010210795620053965,2.3279345331823687e-06,13998.381930107678,14579.552850233926,1104.8327933350952,0.0012263953845338624,0.0012488159985825588,9.91067031709323e-05,0.000766543226222477,0.00035125771802907793,0.00033758941739198047
superconducting,0.00019221062886462783,0.0001931340006837186,1.9056985487300436e-05,5.6163324340992016e-05,5.5378698661039325e-05,2.2516461008766877e-06,12821.65573904212,15172.68480975022,1642.1597138166396,0.0005436400591502978,0.0005073555333824176,1.688043531266356e-05,0.006406181339317038,0.000918080927866569,1.4513171080354744e-05
superconducting,0.0001459331405551844,0.00014545076399330296,4.631354386231083e-06,6.311015586106364e-05,6.339504075999932e-05,1.960824058343045e-06,46683.150846053875,46886.09705499563,1376.8738952591855,0.0015390833178162144,0.0015275849345248976,0.00013208693315215058,0.0006862737189259335,0.0005811218275583974,0.000519288866070014
superconducting,0.0002063728083026485,0.00020868185219605136,4.6607497240452354e-06,9.480675219268702e-05,9.104562970836134e-05,9.786789566884457e-07,49766.48121135805,47933.25694252547,1143.3764405501786,0.000495788559113614,0.00045885252069062434,2.922271438980696e-06,0.00031942300671500187,7.845015908197406e-05,4.4650634243621044e-07
superconducting,0.00012013474823711654,0.00012153265870214422,1.0995734098541303e-06,5.7608972471183334e-05,5.675254773073241e-05,1.4624152928612165e-06,20417.203040108903,21100.332554376764,1561.2350983958977,0.0008404349817530442,0.0009481967446255435,6.487457064081127e-05,5.3104985139241496e-05,0.00037548929708429175,0.00016935933990591662
superconducting,0.00010411555346896998,9.87567206112179e-05,4.852027652378356e-06,6.06147159759294e-05,6.028337538481881e-05,1.1253687425966826e-06,40914.14860170578,40740.42958762712,1494.8302913361679,0.0010125461002302915,0.001128667499315308,0.00011249116833626308,0.0014065327434480478,0.00020534107362026198,0.00046307987666578665
superconducting,0.00014167316442737662,0.00014667027574139904,2.861564090383912e-06,9.304085545096745e-05,9.403669675508531e-05,5.638236503180096e-06,30001.582779945675,29499.75029299784,1209.2749829903069,0.001654825400136835,0.0015401687207495967,5.869999561287873e-05,0.0002578646350273705,0.00244222915226747,0.0001018985622748345
superconducting,0.0001899222179815053,0.00018946987996344963,8.191841222162216e-06,0.00010719590591591542,0.00011778066218067135,5.735895648149741e-06,53323.23794431148,51680.87142319211,1084.438048514331,0.00025443806841189074,0.00019753058557417627,3.104902778245367e-05,0.0012367078966749006,0.001552565182744013,5.8114604374441294e-05
superconducting,0.00016156835791586148,0.00015402425066547395,2.094229642265045e-06,8.803707377774559e-05,9.463413775774262e-05,8.577997912384228e-06,37777.6108100283,39498.414767638984,1181.7537408294631,0.0009449074769119844,0.0009531410619923718,3.602482614592832e-05,0.0001255837449511096,0.0055814250669666745,5.2086944253791655e-05
superconducting,0.00011920098845065611,0.00011827058403420378,3.882893774180503e-06,8.225715026009985e-05,8.101660939627674e-05,2.889989102378311e-06,27869.6114284748,28645.02363650818,1268.8281932360871,0.0011057745273761032,0.001046948471060429,8.439329561474986e-05,0.0006919011225384063,0.0008511345047435327,0.00027205754988806133
superconducting,0.000184134645948412,0.00016625327437192578,5.02228838378903e-06,7.071633827786012e-05,7.429938504742831e-05,3.0266582374001563e-06,29937.486352450338,29895.74212026448,1227.4901097825655,0.0010188796855783386,0.0010372755745520189,7.887322083594796e-05,0.0006182612603812964,0.001083643836983679,0.0002388438634270392
superconducting,0.0001456350886994888,0.0001301630157673546,5.888068091177617e-06,5.835382731289914e-05,5.7922175986137615e-05,2.379919553433354e-06,34785.76226409715,35987.38950208258,1552.872411757062,0.000289059010499078,0.00023740166831356108,5.510942554353384e-05,0.001356809294618858,0.0009685844971838921,0.0001791289194438231
superconducting,0.00013825518019925178,0.00014475609842102836,2.6604707360700982e-06,0.00011297465819767364,0.00012620581820811696,3.4297879526305602e-06,22074.63970331872,22237.639760245565,1030.6429896927161,0.0005891699079328904,0.0005728777849695027,4.210723579974896e-05,0.00022852441480300615,0.0004713831595982356,8.716866776312355e-05
superconducting,0.00020771462847775295,0.00021973605938667591,4.013045920477497e-06,8.90296082916868e-05,9.260655150537082e-05,6.67344747190999e-06,48637.03024785043,49112.45237016471,1064.086806873811,0.0006985949971004566,0.0006033455221746574,3.0387460611035894e-05,0.00020884193390548002,0.0035275177202355344,4.4659614291585495e-05
superconducting,0.00017570089939920958,0.00018734064593344343,4.905147023331707e-06,5.9041834209908236e-05,6.013988083913314e-05,3.7021282931772604e-06,53869.62140919218,52545.63964888001,1384.087087442816,0.0012598065451037868,0.0014802685434077351,0.00010410707155663926,0.0004549090227983169,0.0022294368267258896,0.00033051158105825703
superconducting,0.0001913739091310682,0.000199553553138567,3.4277664092437677e-06,0.00011414929751409102,0.00010819682760439962,3.3023992469938893e-06,14496.075864591028,13516.370813592162,1067.962773919314,0.0017078430764785632,0.0017000606433147617,0.00011361786586783965,0.00019211354204215882,0.000623609715730403,0.0003519030056250644
superconducting,9.150817763311479e-05,8.694710983816049e-05,2.647692909224787e-06,7.44178287928412e-05,7.553755970163217e-05,2.4872351847546973e-06,32865.78430863003,32863.544628248324,1240.711612006543,0.0004724292588604593,0.0004787663624447534,3.6187313308982997e-05,0.0004911515775652657,0.0007118653098767861,6.773593627900179e-05
superconducting,0.00018797345512753247,0.00018826708306556166,1.2909251855126006e-05,0.00010217128171555817,9.872776783439867e-05,2.2983677204892285e-06,37478.21985357054,37156.40883405176,1109.7317368034223,0.0013061852841216208,0.001175187356163251,4.851722955157786e-05,0.0031158729380106635,0.0003674609194309827,8.40706451746429e-05
superconducting,0.00016811530554023546,0.00017013750447693316,1.3892431416674007e-05,5.69784600074962e-05,5.675078211306612e-05,4.7122004934928135e-06,44106.74006091744,42916.01049020752,1652.2050369052945,0.0005736585109433265,0.0006143035849185531,2.8269899155201165e-05,0.004506095641403746,0.0038987097902350026,3.84251970697647e-05
superconducting,0.00017475712408235642,0.00017358889579025073,3.3634915842869528e-06,7.675168255819142e-05,7.609221661800979e-05,5.8580425303482216e-06,31979.260038271197,30423.015248076965,1303.9286612570702,0.00011814051218981918,0.00012118121536725439,1.339761482127696e-05,0.00025303883875389975,0.0039003501935421583,1.1283232412114597e-05
superconducting,0.00014814087469617,0.00015249815555418402,1.0864150474402418e-05,0.00010026773739470282,9.681402841802623e-05,4.940567287499549e-06,56926.61813522323,57236.1834615178,1163.0446421204392,0.0006563488656658654,0.0006246594328271674,1.580414764495427e-05,0.003446714913717173,0.0017678500995962447,1.194243839167e-05
superconducting,0.00018685418560845165,0.00018282722795459703,4.005423509919652e-06,0.00011246951381371522,0.00011890815111787534,4.978309086820731e-06,37257.187568400186,37365.6808988205,1048.6954428353774,0.0009813783743771373,0.001032326013531785,5.1173227519877565e-05,0.0003203652475657487,0.0011438865965370968,0.00010080262837705867
superconducting,0.00013429794381492318,0.0001314495443257056,6.7639064683495255e-06,0.0001052175076559691,0.00011561352338069362,6.817188649443097e-06,16997.190753590912,16885.875225335592,975.9187146789757,0.0010835825461587238,0.0010465205803364026,6.774835027111432e-05,0.0017601013909618558,0.0022891445209422562,0.00017536385242084964
superconducting,0.00018734952177453223,0.00018734401185544145,6.251156955362947e-06,7.786186314387052e-05,7.496738099842509e-05,7.444226539349402e-06,48375.71979174464,48615.70800319568,1262.5463188162264,0.0016459495109409365,0.0017182990427518318,0.00011789404251317284,0.000738794556978622,0.006458389953926332,0.000375406167403906
superconducting,0.00019666875342161657,0.0002091867197796504,2.869620534703632e-06,7.181615846617134e-05,7.103568284141018e-05,1.0942494108155705e-06,50266.80519028456,51514.93854150508,1349.3081974199195,0.0001388697855682877,0.00014581300857955648,1.2677120741455561e-05,0.00012038755041895271,0.00015237693995250162,9.966557826839202e-06
superconducting,0.0001036962131043676,0.00011055767102536516,3.825090853476433e-06,0.00011703145475743722,0.00012364960318546407,2.739188726113655e-06,39452.479221587266,41558.476443441876,996.2630557888065,0.0015930751712367234,0.0018304020659840263,4.0748017212165636e-05,0.0007451021991170867,0.0003157903378409,4.238079879732417e-05
superconducting,0.00011153762918652361,0.00011058785891433908,1.0627678763702478e-05,5.601156024197742e-05,5.321036769236198e-05,4.320959221064433e-06,45830.384451552665,47128.70480042858,1783.0255218862894,0.0007370629830787178,0.0008912502878827012,6.408149261455906e-05,0.005749524332647151,0.003549593399882857,0.00017030185369716435
superconducting,0.00019923009124081346,0.0002110806158804433,6.734277000721924e-06,7.023966685110301e-05,7.179109454857905e-05,1.7271397859120691e-06,44638.972944651934,45756.26016702516,1287.6028642509204,0.001421964419304642,0.0013502086120708954,0.0001270377170534802,0.0006487519979755923,0.0003732376529935915,0.0005262639629740127
superconducting,0.00019631660247739106,0.0002041526726574989,2.6336849320673953e-06,5.8907551011137613e-05,5.9181732736770756e-05,2.576870907747738e-06,13516.856304070308,9799.283055316453,1484.8262976912395,0.001051713864750312,0.001035385819391874,7.525768370520287e-05,0.0001074810524138987,0.0011037348430599958,0.0002176649643523475
superconducting,0.00020853627186828689,0.00021218483720570488,2.253928149680622e-06,6.416703766282244e-05,6.231170249686888e-05,1.203294200053508e-06,55026.43934608188,56772.17695959946,1462.8895096537663,0.0004364950781928266,0.0004518700012108626,7.894508186902666e-05,7.1761817471555e-05,0.00022425943101992552,0.0003270986081949285
superconducting,0.0001010758394358045,0.00010161449187583419,2.754896671750978e-06,6.013705500932457e-05,6.215342137015567e-05,1.8433241533942143e-06,39550.354527925236,39328.363693193154,1417.4152055193588,0.0017291424524098773,0.0019277437345204473,0.0001812117966825717,0.0004362272025706905,0.0005281555288717911,0.0007982535774180756
superconducting,0.00015688658535189422,0.00015136479356856215,7.229743653370833e-06,5.576564245813074e-05,5.9462204436933705e-05,2.935214835280196e-06,31159.13667969864,31286.035999167554,1583.1572431612599,0.0005184581861710578,0.0005051627829546339,5.836820558963206e-05,0.001548845202143052,0.0014230223923590495,0.00017372493533369815
superconducting,0.00012528570182045791,0.00013179929634942212,4.466426331036369e-06,6.377620264483828e-05,6.469707286101542e-05,3.438950661166316e-06,19756.34707979363,17512.89117430273,1332.1791624943567,0.0013708144978676398,0.0013769424890281254,7.558722772423679e-05,0.0007639144575533011,0.0017357422351110601,0.00018375257077696367
superconducting,0.00015512502551257864,0.00016375191397234232,9.399123604616611e-06,0.00010171199776077683,9.372171601866395e-05,7.611483277505829e-06,23101.569597839876,24428.360727959793,1237.245392442098,0.0014596961978220128,0.0015832610418982105,0.000101136588231373,0.0022347577948861564,0.004480805230415837,0.0002958998924458901
superconducting,0.00010118181533808339,0.00010785351756092265,3.241680584344418e-06,0.00010726422143287697,0.00010575440512261208,1.9064818814433596e-06,13950.438027674016,15315.67985592558,1084.66537885564,0.00047451943000200656,0.0003899813598196327,2.78319070738806e-05,0.0005550838392410868,0.00021848421103934796,4.20427379819346e-05
superconducting,0.00011372521030971894,0.00011828897695471209,6.174300163683508e-06,9.354057684928775e-05,8.998636024523837e-05,3.7255631785211273e-06,38645.36925794585,36641.57020836999,1191.477321336341,0.00026080535085075505,0.00021797759860898728,2.373470963601409e-05,0.0017490449390715227,0.0011630645120668014,3.3581174120182366e-05
superconducting,0.00020017780234927944,0.00019202953450919924,9.954247981964617e-06,0.00010391970804660249,0.00010470291753914221,1.8112875113268273e-06,58480.98702254488,58073.33818524285,1079.9365503571482,0.0015373129543364188,0.0014060382721566215,4.9090440962110325e-05,0.0017710193717068892,0.0002015240739060232,7.634997377108618e-05
superconducting,0.00015915932469842575,0.00015770029329486478,1.1503588153539904e-05,7.951370335107071e-05,7.689930115345293e-05,3.1488693965258465e-06,13175.40536014034,11904.885534060673,1203.741230830933,0.0006357368048908312,0.0007361252977614745,0.00011508172853608653,0.0036149248245252027,0.0011069034002812602,0.0005965226087675619
superconducting,0.00014667863279014507,0.00013499501797381718,8.139734055178524e-06,0.00010690250577507425,0.00010664829612700302,6.645304237133107e-06,30955.645212057374,30961.87604566657,1148.9807374702696,0.001133645773006753,0.0011344550265373246,0.000162229654860489,0.0024318977026120897,0.002606282130477938,0.0009602039777131499
superconducting,0.00019616695402439722,0.00020207508391634175,1.2150894184378948e-05,7.735815451466862e-05,8.119378948661667e-05,5.166775111396191e-06,25743.60708105027,25480.07435056208,1147.7540716594224,0.001341181958681152,0.00118638410040454,0.0001540102312417839,0.0023438593546563176,0.0027098705936819986,0.0008421942092740576
superconducting,0.00013503114997119164,0.00013303307153514295,3.8377098935375905e-06,0.00011652193513782211,0.00010510901186665311,6.717174333813934e-06,40227.3196073864,40447.92864553466,1057.4449307106318,0.00019754656130157854,0.00022007111875599664,3.339780864776977e-05,0.0005548255375781232,0.0027484769490507908,6.641504695879125e-05
superconducting,0.00011104825005760965,0.00011353886742616952,3.0200287695684175e-06,7.07151830587674e-05,6.948622520201276e-05,8.384941209085462e-07,54050.675852299275,54429.6420864917,1359.2060464626193,0.0008117326952298189,0.000751702200100911,8.55192715887237e-06,0.00044612954977927156,9.263946780632419e-05,3.266846775335233e-06
superconducting,0.00018189611836754002,0.00017328121999773589,8.356965766672344e-06,8.44395457742137e-05,8.626996654730813e-05,1.0958455345578866e-06,38570.45419376895,38626.289989460434,1194.668649062566,0.0016480882411996339,0.0016683223210268755,9.627057374554025e-05,0.0015680504767161983,0.00010906866578679408,0.00025674924904289917
superconducting,0.00011543618027240213,0.00011243489229019872,5.065237346872485e-06,0.0001242968971684319,0.00012333213513730012,5.840248283956137e-08,37172.707006489625,37924.1244788269,1012.0067992776004,0.0009363247278166427,0.00075174421775146,0.00018971298546488927,0.0012738363466587288,1.4443707151686094e-07,0.0016076264866167732
superconducting,0.00012081410637296148,0.000129557297415286,5.560260947649124e-06,9.816723869226231e-05,0.00010666989067003578,7.575760962247146e-06,20429.221830409726,19942.849836067267,1028.7284905201843,0.0011674987932895932,0.0011095444021044126,0.00017617306066106667,0.0012197359888351605,0.003385728592744149,0.0011472271520604096
superconducting,9.432890083786689e-05,9.117503854273719e-05,1.5103017814099933e-06,7.947100961880301e-05,7.890340552329988e-05,2.611170284690909e-06,40059.29915914643,39782.86922189458,1233.5951298990658,0.0004126694630344305,0.0003483869570693824,4.279219327167584e-05,0.0001509783774340119,0.0007280436330476335,0.00010166082261912637
superconducting,9.07951444997315e-05,9.723792197308813e-05,8.062115835197925e-07,9.32036058542896e-05,8.757443983036382e-05,3.92768461575446e-06,40150.91004253069,39251.5612904087,1119.058036938502,0.001058645130182222,0.0009979127830592582,0.00016014498966516634,3.963928943254083e-05,0.0013619367162274539,0.00100527938465468
superconducting,0.00016636078748226592,0.00017381185194782726,2.3252198233183055e-06,9.506772227559199e-05,0.0001024306866920422,3.616468228289737e-06,16385.15941445995,16936.610867493197,1050.254327003438,0.0009083340576319707,0.0009663675290108978,6.70524472300573e-05,0.00012059656281937826,0.0008420561835642159,0.00017919231633626857
superconducting,0.00016479371202449367,0.00016445456155122172,7.871480181304496e-06,7.19529294240487e-05,7.906192287204664e-05,1.8115170434425728e-06,21647.73771860772,21641.283004020694,1258.006520254461,0.0017286357588915755,0.0016129610774216862,3.850142823974191e-06,0.0015535215298330927,0.00034917846744040513,4.223812522487877e-07
superconducting,0.00017453330506154362,0.00016544607997238283,1.0783009306290449e-05,0.0001191218523253298,0.00011500394242956384,1.989214057063923e-06,43508.13044604726,42077.67357895005,1051.1939418878642,0.0012794655055318076,0.0012829403758517954,1.814633500798346e-05,0.0028791113817085686,0.00019728208462491397,1.1118794561562537e-05
superconducting,0.00017853703352854443,0.000178247924569198,9.800540691295521e-06,8.365046754607611e-05,8.658331745090087e-05,3.081640921600099e-06,61890.85136948767,64459.83460629684,1180.685754130354,0.0008954105609136788,0.0009709605887551288,1.655909377950579e-05,0.0020283823090922197,0.0008566487367289024,1.0902090941737095e-05
superconducting,9.937418080368897e-05,9.874341684321527e-05,2.0837720955520287e-06,9.578524247708274e-05,8.779049015585293e-05,5.937511862923038e-07,29590.113069047256,30006.76101792982,1182.2687434604397,0.0002335417378123759,0.00022016303542759177,3.4240507638713865e-05,0.00025946688572313603,3.097823207996183e-05,6.98054109065959e-05
superconducting,0.0002002388191835355,0.0002007628610533859,7.67056420557268e-06,6.105452556938817e-05,6.464618286042128e-05,5.572404842254991e-06,43319.958644417675,42056.649696976034,1522.0719093546322,0.0008464306091799723,0.0008687194895570851,4.269137685305522e-05,0.0009484901664456594,0.004562649845500946,7.649368475088317e-05
superconducting,0.00012308005858706954,0.00012582254959761613,1.818320164458959e-06,9.398156518721728e-05,8.717782480787865e-05,2.1744737002719022e-06,21598.157627067354,22493.294912796653,1163.8929816536115,0.001719073414483641,0.001652140091419988,6.791954235032383e-05,0.00013710797371975768,0.00042104908433179627,0.0001288492468255862
superconducting,9.972437763576574e-05,0.00010379082380436496,8.817881314696144e-06,6.699906782266189e-05,6.726490221188635e-05,3.4929390165615847e-06,32971.152571858656,33367.14398124695,1430.7012783007033,0.0011913664907830049,0.0012385323968456396,0.00010488583611955233,0.004339426769282673,0.001689977844828858,0.0003801374262303207
superconducting,0.00013419306208060667,0.00014525542033207641,8.68008901201837e-06,0.00011431395152438592,0.00011578997115036164,2.1974082969689806e-06,18185.170798487823,20323.842772767737,1016.009779195251,0.0007151301609683006,0.000526299831224694,8.389936025069638e-05,0.0024167716288246706,0.00023700804840737252,0.00035487054859991313
superconducting,0.00012874050892955759,0.00012140670483599153,3.802447674192251e-06,0.0001037287794774788,0.00010047720215517476,2.408501068957277e-06,23693.311881594513,25845.24371162976,1097.1308797279412,0.0014566189448160522,0.0013628852410175378,0.00013379373591034248,0.0006361327962426382,0.0003889930710340002,0.000579912980851594
superconducting,0.00013465813497359384,0.00012637229085860787,5.780218731902197e-06,0.00012178022538853226,0.00011906258863776788,2.3694373206377434e-06,23010.85973588325,23038.971214894264,1004.7810530582732,0.0015980628718207273,0.0018477347185952792,9.351780646777583e-05,0.0013753678447757274,0.00025834135026298614,0.00022129036528942427
superconducting,0.0001367976608336419,0.00014456170687834197,6.658038902604593e-06,0.0001133779465376252,0.00011748717374715496,9.649182578119604e-06,17107.319211516005,17366.50901755525,970.5094186175465,0.0007410840060309187,0.000664546983088618,8.707858376372313e-05,0.0014348615465992823,0.004419172987684069,0.0003548756604245499
superconducting,0.00017633175358462125,0.0001748964100135887,1.4917233547657611e-05,6.310096531795383e-05,6.096730630918882e-05,5.607598923696317e-07,15107.5939704319,15627.367025962263,1456.5533257095472,0.0003100073761533094,0.0003071034309544556,5.850191010135274e-05,0.004897288291321881,5.02039053107552e-05,0.0001943249843673857
superconducting,0.0001997455665421035,0.00020392954754496636,1.0914358158982018e-05,0.00012250283150876917,0.00011170990049492607,7.372579578088948e-06,20147.94863739352,18190.711516528703,1030.3549117919063,0.0009513226307262646,0.0011183917671941518,0.00013449635339767002,0.0018506624907942625,0.0028946396968250795,0.0006655454354722817
superconducting,0.000153328658280869,0.00016220606268271175,7.34955740787661e-06,0.00011892461020496856,0.0001246554715824175,4.098152537628999e-06,62541.16770278554,62173.83800700233,978.7163490262989,0.0006300464096330267,0.0006642422701545849,3.925227844665517e-05,0.0013933776880964985,0.0006932978941293383,7.21197477950378e-05
superconducting,0.00015380235064209934,0.00014922017548927208,6.021090712405708e-06,8.256497378427386e-05,8.495400350216278e-05,2.467267954714853e-06,58677.59921018028,57922.89559609009,1218.7750406226012,0.000766967157394246,0.0006482527303451407,8.813882066926634e-05,0.0011044810103295146,0.0005689856219021357,0.00036676158220315337
superconducting,0.00019088478779561907,0.00019736637489344456,9.228548543484546e-06,7.444105003903166e-05,7.406431571204195e-05,3.222805842384212e-06,45679.68017142486,43770.30551088653,1240.549206593867,0.0014213487220663338,0.0013723183202077206,5.1199779820087874e-05,0.0014288264033956394,0.0012351172239825857,8.451041575385038e-05
superconducting,0.00013361540820376662,0.00012052816000357107,4.7982206649289254e-06,7.492473258343523e-05,7.446112669167206e-05,3.973508580584033e-06,45554.100350385736,46288.83744791604,1230.0146682240488,0.0016378866153476238,0.0015038937060167551,3.409613226158364e-05,0.0010249598757235527,0.0018609716413282038,3.502448091875295e-05
superconducting,0.00016963775864783942,0.00017053139535008405,5.935449947409831e-06,0.0001201699702664524,0.00012339424856007373,7.817924855398654e-06,33464.890150397296,34163.911994767135,1067.3811404451965,0.00012673903733119356,8.203180134022667e-05,3.425810740760973e-05,0.000818498333226196,0.002585104712779002,7.537976376867215e-05
superconducting,0.00013699902986662814,0.00014289266548766697,2.9919092746912772e-06,0.00010476266924843377,0.00010683807776301284,5.845241972562407e-06,26688.83523712825,26183.356858267147,1139.084433382926,0.00038552210884559265,0.0003859640737317941,1.9088537196443027e-05,0.00029613303463267343,0.0020086725044834255,1.981973977362669e-05
superconducting,0.0001333833670242848,0.0001352412712479086,4.240257329725297e-06,0.00010480500495899269,0.00010203018164184135,3.192154451542862e-06,15478.852378108462,17212.301456939855,1077.820800767075,0.0017476374046807225,0.001547032260520225,4.485166414080997e-05,0.0006578010776218346,0.0006615375519742131,5.9282177619376136e-05
superconducting,0.00013659233547920894,0.00014011016658979828,4.599895110936109e-06,0.00011681868778734005,0.00012531796820388174,7.091240024396474e-06,47036.450531833274,47788.6080267257,957.5354294917748,0.0012689401613872752,0.0012666858989608927,1.1947639248452326e-05,0.0007259896357936855,0.002049580008759213,4.860840488565558e-06
superconducting,0.00013675596709617765,0.0001331540565767771,3.1057468420248253e-06,6.772598479523904e-05,6.608474367105689e-05,2.064147923227401e-06,48773.54535842902,50548.6259921834,1395.0841523475494,0.0005649319398177619,0.0005531476727289486,8.349759171937696e-05,0.0003627834068979977,0.0006060762961145753,0.0003464268400847519
superconducting,0.00013277817354717713,0.0001347755110957841,5.428005437486807e-06,8.965405586642635e-05,9.382839537539246e-05,3.702955962261517e-06,42881.86496402606,42409.35420238142,1175.632324247914,0.00035289804148096974,0.0003498552569088569,1.4638955718602398e-05,0.001084593159003535,0.001058098508985499,1.1887698441856054e-05
superconducting,0.00010999825932040747,9.975052127291388e-05,4.3678966735189985e-06,6.938320147838111e-05,7.210022649887862e-05,2.759910441233186e-06,55586.184333014025,55256.87693993691,1266.550993634139,0.00046422361181670254,0.0003932053776242563,3.9498166329128544e-05,0.0011246214523498515,0.0009464817264266468,8.45276072865434e-05
superconducting,0.0001826024653061387,0.0001975119362587968,1.1908984574898888e-05,7.854813735625157e-05,8.169593541432205e-05,4.381342432031404e-06,39394.5479192911,40843.136330582805,1189.1277770797315,0.0016276602324571102,0.0017394259016326906,0.00014642509458873782,0.0023752899666990785,0.001927168852821817,0.0005729369961925271
superconducting,0.0001608106920550986,0.00014872065605927404,6.356730406200941e-06,6.912904637266852e-05,6.84123663917937e-05,7.694933254675506e-06,21104.850337063122,20806.453711282087,1436.428497162447,0.0016841287432318877,0.001519277071496816,0.00010827085173082765,0.0012390454924289876,0.007992674050423542,0.00035039699912375584
superconducting,0.00015155751356231694,0.0001599671900389268,6.501196284526761e-06,0.00011677860717549444,0.00011197758572253611,4.46190653569673e-06,37501.913561528025,38450.0426136181,1014.3487867113547,0.0008855460087859026,0.0009573128708464736,4.260166361366503e-05,0.0011216910877474531,0.001054526559472835,7.268096979843932e-05
superconducting,0.00014343638048115847,0.0001337360827474136,1.2293345852802832e-06,8.039440552017098e-05,8.394445939758593e-05,3.624455702337123e-06,43451.01702773369,42904.765275551974,1145.8239221006754,0.0008350071350588039,0.0008213249630117298,6.174658356988088e-05,5.640331540176574e-05,0.0012552952911228446,0.0001641005975417622
superconducting,0.00011748395721394304,0.00012798260517756015,5.303753520363166e-06,5.6528041141682134e-05,5.944909653295059e-05,5.185927966226358e-06,54553.80728689834,52420.49365859826,1353.9584979385734,0.0014616221533323246,0.0014493612496057843,3.123332927836387e-05,0.001133335228096327,0.0044433785898670706,3.022464695210389e-05
superconducting,0.0001365329246163252,0.00013615712952039994,5.259885870117868e-06,6.325253633168221e-05,6.400808960146878e-05,5.893050297346429e-06,55915.207541161726,57121.935574475196,1337.5737924978123,0.0017469143749647145,0.0019394864874466443,0.0001554829417155405,0.001000012025521036,0.005176821853123432,0.0005842332045879049
superconducting,0.00016150786415120675,0.00015614812447399892,9.625878843709394e-06,9.712877178319516e-05,8.960738312017745e-05,8.84425392867206e-06,30323.614452510476,30054.464840849138,1042.6204000171213,0.00163173844052553,0.0016466949491291904,0.00011512880612056571,0.0025818621320189586,0.006608359899919534,0.0003712466490736058
superconducting,0.00012075063049838085,0.00011271873323352575,6.228691280776516e-06,7.35989902675333e-05,6.534054028081115e-05,6.599563782764858e-06,35687.59296487058,36822.310278223355,1440.5755734281468,0.0010330604362978355,0.0009710281844301531,3.8959803283992855e-05,0.0019188564037947733,0.006300309969825784,6.0346860078400015e-05
superconducting,0.00020767155000577894,0.00019894616670668595,7.941492637622892e-06,5.4812098037458044e-05,5.8643966393456165e-05,3.5995337729814093e-06,17994.73316885211,16010.554568037105,1535.1632200933097,0.0015396533505484917,0.0015224666799192033,0.00014693012317068584,0.0010385764297428045,0.0021799112864855632,0.0006442424895525442
superconducting,9.956707899490355e-05,9.465263924049093e-05,1.3898424223993476e-06,0.00012268517026899783,0.00012760164838454018,5.860925025950771e-06,53331.737994029834,54137.671298540816,1044.96932139963,0.00033994200176326584,0.00030948643976659443,4.6200027007274263e-05,0.00012199374457377767,0.001340343660376964,0.00012103442629814535
superconducting,0.00019435880355704805,0.00021020724876962983,1.8783314783483547e-05,9.903615138584999e-05,9.129730878325461e-05,4.142714243361452e-06,37772.03495064652,36575.37807213926,1098.352366914941,0.0009134871992167037,0.0009124437584809785,7.308174654872375e-05,0.005097857664295536,0.0013980857162528958,0.00021902535714393224
superconducting,9.154352601526994e-05,9.231165783091515e-05,3.235864860999527e-06,0.00011864278233658671,0.00012834689028863087,6.505728156949082e-06,40173.744716836656,42017.86745035185,969.5556734388583,0.0008355373849501213,0.0007562250530783202,1.6781980892187974e-05,0.0006825153696782998,0.0016282839230376386,1.254985113351991e-05
superconducting,0.00019423761479741918,0.0001843174106534017,4.9533830954001876e-06,9.75732295614588e-05,9.888047401892753e-05,5.6114969309191104e-06,51930.72937523052,50874.27729191551,1070.8305644452307,0.00044087059309203664,0.0004785918396620152,4.265944518549344e-05,0.0004811644318394144,0.002183414055831093,9.414079465946093e-05
superconducting,0.00020035720936908947,0.00017558903895384268,7.158768207790143e-06,6.930748155254389e-05,6.683603230858915e-05,7.767794551623192e-07,41587.81794897135,41539.946324845994,1359.623197751199,0.0010016494732330192,0.0009980420338673514,6.553339437013527e-05,0.0011182540690270351,8.43896926865399e-05,0.00016832777860913695
superconducting,0.00013952127459373545,0.0001408492343302688,1.5438328514079e-05,5.4868276587437934e-05,5.948453787823805e-05,1.942037348113198e-06,57311.57979511323,54962.362503366865,1451.4738737040545,0.0012666143471611044,0.001124122791753565,7.336203597042577e-05,0.008098793473432604,0.000622627517880627,0.00019742199034856255
superconducting,0.00016428927149406483,0.000166532028177762,1.104584185016086e-05,6.714917311119877e-05,6.686967958229476e-05,4.264510055391599e-06,57584.24846870651,57733.013038463345,1307.4535910764703,0.0009988280858623491,0.000974695651662238,2.51065076749149e-05,0.002980197867372054,0.002541575788539325,2.501225256991916e-05
superconducting,0.00016678514323761428,0.00018202196636464896,2.0857586844857053e-06,9.476770458625189e-05,9.615906978809087e-05,2.1654421590147407e-06,29546.126633462256,30176.51019527483,1107.854652007691,0.0016090276586591397,0.0016457410151032564,0.00012962692852878222,8.772703450143044e-05,0.00034435361103085486,0.0004708641738887479
superconducting,0.00010476089685539631,0.00010854703364235389,9.521402436018569e-06,0.00011130100332056169,0.00011953770188175578,9.386661769605275e-06,28415.48483973441,27412.88740627816,1010.9004416631618,0.0012402827627059376,0.0011783553374107385,6.21791817702316e-05,0.004743998684901779,0.004016821201338962,0.0001378553995553835
superconducting,0.00017979954152324342,0.0001691462204719661,2.0126394295448685e-06,8.875102397096851e-05,9.103734489619695e-05,4.686015025732079e-06,50016.73276312489,50653.898567575256,1088.8812607189582,0.0005424401922590313,0.0005770222649628906,6.668488667159497e-06,9.575292017356831e-05,0.001798862840172454,2.1813861263989926e-06
superconducting,0.00010312023165524798,0.00010580515580391349,4.267880432935118e-06,0.00012079494816262197,0.00011475610643242847,3.799211599590802e-06,34885.32695617288,36058.335390769746,1011.2185665615829,0.001054718078521359,0.0010804642231821945,9.22135064060186e-05,0.0009891990214450288,0.0007231929566921126,0.00031914281651020864
superconducting,0.00013236246204740887,0.00011648670864740631,4.871210003737658e-06,0.00012006254058845355,0.00012255173323097004,6.754154626070742e-06,62641.367205156865,62830.31717784926,1044.2491431235576,0.0017228985296733582,0.0016762359055921931,6.222427698505325e-05,0.0011154291887721364,0.001961158510614595,0.00010683094255839238
superconducting,9.608676130808191e-05,0.00010206212087425628,3.502923175193413e-06,7.251864100432412e-05,6.85788983892073e-05,2.8728891197356147e-06,30673.212397883166,30453.321741223015,1345.0502884074674,0.0011480331580211757,0.0011864267621951776,0.00011131082028656987,0.0007010210706676983,0.0011099238654850218,0.0004399245509062301
superconducting,0.00017759965269815352,0.00017374264421246625,1.0061172898346084e-05,0.00012317694263824783,0.0001230388387447602,4.91971519328997e-06,41823.592982390604,42617.803307441754,1039.0629167889626,0.0016265564014200944,0.0016036593678401953,5.0184006969435025e-05,0.002259833441233447,0.0010307591912179156,7.210083439612499e-05
superconducting,0.00019340491978809667,0.00020645373989618647,1.1719724415581565e-05,8.538661423412687e-05,8.407604216871313e-05,2.1062542793213824e-06,34299.55003986719,33437.61267072221,1221.5929533108285,0.0005718469270298301,0.0004925158305011895,7.648795908794777e-05,0.0020723015159044636,0.000422698225562838,0.00030037497994983017
superconducting,0.00011795717643499553,0.0001181120157731342,4.984703547757356e-06,0.00012110642539498224,0.00012025588079671556,7.707728312939842e-06,40564.15548200664,41360.013011201474,967.3924858122479,0.0010493550934559343,0.0011260658484737297,5.054917147376651e-05,0.0011427171415193645,0.002670632912977584,9.363514073933446e-05
superconducting,0.00020756413776132248,0.00022280584947111074,1.1544371923071178e-05,0.00011214488294528433,0.00010568549755838467,4.507801783040431e-06,31655.233361943843,30040.139428531365,1045.6493162933864,0.0013778591988730978,0.0015647273340808697,0.00010594534636790104,0.0016698828743644902,0.0012232047335632452,0.00032779496304392804
superconducting,0.00010664473511101041,0.00010356988602626166,6.05920121018325e-06,9.937493439257198e-05,9.71596677201212e-05,5.235842742472402e-06,48434.112549018,47264.16741791041,1188.9371462657375,0.0010667058840295237,0.0013554610245764332,4.797083229701894e-05,0.0020551043592394913,0.0019710294018949665,7.483640353280378e-05
superconducting,0.00010908535484203164,0.000107847280997639,1.585451424581849e-06,9.75874917233126e-05,9.905670558261075e-05,4.083258899968445e-06,30463.68628656229,30205.932279708908,1101.0670386814556,0.001560491612981395,0.0012788482298600246,0.0001414832327988548,0.00013278856488605693,0.001151821399791814,0.0006773494121352225
superconducting,0.00011267058004284832,0.00011310287344263215,8.557301227790101e-07,9.309092634889309e-05,9.250934893165171e-05,2.819580823884651e-06,42089.42244447976,42529.39219692362,1181.7671090088386,0.0010513917363737374,0.000999310147252029,3.0803198186465147e-05,3.603041743280769e-05,0.0006310178578969736,3.716479048945397e-05
superconducting,0.000136754116383918,0.00014609153945176117,3.3411482047941692e-06,7.146030417873284e-05,7.387643845454788e-05,4.993994489190933e-06,50813.51612842565,51921.81428730935,1399.459268608955,0.0006327632791913655,0.0004946565630228747,6.157608188962038e-05,0.0003541991393923608,0.0029782349716848413,0.00019444607333969546
superconducting,0.00015096015582340166,0.00015204983975290173,1.0985160702708438e-05,8.350627731313781e-05,8.616059814002619e-05,2.446715416229853e-06,28582.679311452055,30134.241222864668,1151.9903861075036,0.00012727825384132858,0.00011805109177361782,4.44957811220917e-05,0.003544348273687803,0.000545007927495566,0.00012467035311193486
superconducting,0.00010665178747875438,0.00010863500236009314,8.38567732053465e-06,0.00010086490049490429,0.00010250633893762886,4.692753576746787e-06,24432.469349293868,23804.539293741567,1085.9856826131106,0.0012503233613164154,0.0011989935120635606,4.247070870648306e-05,0.0036753789388821083,0.0014156143404683058,6.362595459205237e-05
superconducting,9.98541327715474e-05,9.786095319275914e-05,2.0155960124735907e-06,5.439544217423158e-05,4.911655621749266e-05,1.3552040774259678e-06,47564.26995929838,47674.299166209305,1704.9104086919294,0.001213593110429758,0.001126760105598759,5.3983526056155486e-05,0.0002456825823666016,0.0003825399774251522,0.00010675183957879336
superconducting,0.00016576217549119733,0.0001721535715909566,9.488478249207507e-06,8.06461288887494e-05,8.034904274654258e-05,1.1923140480163763e-06,17260.947658321595,16729.53707198659,1244.714482064813,0.00011451378460937799,8.921007215862372e-05,1.057869247549322e-05,0.0020499108128161276,0.00014702267434885707,7.159399604347868e-06
superconducting,0.00017119447767692308,0.00017960841779145182,2.728536152928241e-06,7.680945703419876e-05,7.725452832291794e-05,2.7091376757219465e-06,31031.111097347697,30275.52844357893,1232.1228324068022,0.001127764502992691,0.001156538367510957,9.230819122892397e-05,0.0001546199800281814,0.0008128940408178071,0.00030730220167606237
superconducting,0.00018601369532470565,0.00019792355315476022,5.405428916801036e-06,6.222283012300358e-05,6.0732935346888776e-05,4.051602011222805e-06,39254.18382432595,38754.11966800067,1552.0692553963584,0.0017311893200925293,0.0018187333943673473,0.00011720166600583402,0.00048699067531346116,0.0026347178068730523,0.00035267312786706927
superconducting,0.00017015492511523068,0.0001893264050087703,1.185787392988462e-05,9.333669319103749e-05,9.915788077156077e-05,1.3171914403317116e-06,41637.73963394237,42663.17320738259,1123.0522400604168,0.0014479543023857681,0.0013111669908996394,1.6004082872738655e-05,0.0025957641928375393,0.00011960428356707706,8.522772213927642e-06
superconducting,9.732819161249757e-05,9.718310043723791e-05,4.191990830244497e-06,9.313839838034472e-05,8.582882528170336e-05,9.715042743430384e-07,25524.966355063214,27662.843050543594,1172.049159454321,0.0006094633472345503,0.0005653931455182358,4.10814371380422e-05,0.001072483172858055,8.654969313395433e-05,8.330844783534201e-05
superconducting,0.00018338501457177672,0.00018057228283588253,4.457908426882933e-06,5.5293951649151254e-05,5.36172560496741e-05,1.1556210135771988e-06,56072.68602052788,56350.23780503125,1613.5818282940816,0.0017177623710088988,0.0014579521115848208,4.258966984878904e-05,0.0004078953806948379,0.0002515870510402035,5.595185876838143e-05
superconducting,0.00018284671437502421,0.00019399222567807931,1.0069000639929466e-05,9.20778200066266e-05,9.698960307349335e-05,8.280050474895573e-06,60247.11761605692,58884.150558078356,1229.051096111871,0.000516674998077845,0.00045994095208797605,0.00010112551881769775,0.0017702374907046336,0.004947047990077636,0.0005343823949339533
superconducting,0.00010751555871053155,0.00011368482835074687,7.32775496210801e-06,8.118698573741446e-05,8.551758435294512e-05,4.982943110927648e-06,40728.20595894047,40422.17454099496,1166.4298995389738,0.0014718145199747112,0.00155613537466445,9.599272332447048e-05,0.002621349152583023,0.0022924305920308547,0.0002702851198291925
superconducting,0.00014164627536353757,0.00014436990080201744,5.691877771802021e-06,0.00012558556413410675,0.00011108427736991954,4.271283987104247e-06,49520.23157999727,50043.862360717285,1033.9084384571343,0.0004661324500413539,0.0004821818279645417,2.555305831906031e-05,0.0010512738153698664,0.0009838922997749337,3.3712423197938185e-05
superconducting,0.0001409852905441963,0.00013184586809743813,2.0690484494423607e-06,6.454969764501345e-05,6.354356252352552e-05,6.0304419539004756e-06,29572.563179111487,28398.690078999476,1283.9869624677608,0.0002205102352476065,0.00029150427417531173,2.8756323336894098e-05,0.00016383136061573586,0.005478136132864358,4.735319253519459e-05
superconducting,0.00015871126911856374,0.00015308842288230993,1.9525293603098257e-06,0.00011488585394918102,0.00010971071678841761,2.089307458630575e-06,56469.22354149921,55621.351138477155,1068.6145428373395,0.0016960181882081098,0.0018817670261956092,8.008034165119996e-05,0.00011048605400783106,0.0002420458594419303,0.00015951856477643744
superconducting,0.000137064849420865,0.000138036329778076,4.1589662991213385e-06,9.536973901120653e-05,9.32638493943704e-05,2.9098774030591637e-06,31053.778171806814,31875.45572043266,1137.5849653537925,0.0008083928901633504,0.0008792411911160629,5.8913815194028515e-05,0.0006098960283994919,0.0006613217900193734,0.0001448620426614267
superconducting,0.00017249129433963823,0.00016788861572435886,1.11656902131516e-05,8.141976944344303e-05,8.43393027409656e-05,1.4174824228153573e-06,48075.14345546131,47529.82812620457,1204.0026855902413,0.00135248084653484,0.0013885123002096579,0.00014563641260889544,0.0029938266415868355,0.0001903450107041461,0.0006780816119100389
superconducting,0.0001459585356223224,0.00014897801038187849,5.885817106696306e-06,0.00011588762808109283,0.0001220682813081152,4.591735363138118e-06,55871.92922882697,57132.79121235445,1048.5693508404497,0.0008712188814692456,0.0008722679063906978,3.7158034215717356e-05,0.0010587277109953808,0.0009149434536727534,5.784059697453697e-05
superconducting,0.00014450446650745392,0.00015256782205030195,5.501293708687049e-06,6.188613351087027e-05,6.484315946659531e-05,2.346535766108706e-06,52940.88120253199,54763.23051302035,1411.4330249523084,0.000660984583077487,0.0006707177447059082,2.9281286128151523e-05,0.0008829856591377423,0.0008054838020802916,3.999420306560271e-05
superconducting,0.00012959173267526318,0.00013455623088600018,4.733779006164514e-06,0.00012018821882143766,0.00011997300453116749,5.632749664042715e-06,33694.340768236674,32320.078893712813,1073.8068195854705,0.00048007339823926835,0.0004250280519473841,3.470936853683993e-05,0.0008272995107035984,0.001434176495257888,6.415625237064036e-05
superconducting,0.0001430697117570585,0.000148546022078979,1.3334078931359209e-05,6.31391604839815e-05,6.314265610974894e-05,1.5013889076822347e-06,54493.43406695159,56926.97131347496,1469.630383336202,0.0015103856685576608,0.001640140882957284,0.00013370618570580727,0.005464233475663357,0.0003426491271923194,0.0005023946942834784
superconducting,0.0001602961603465971,0.00015985489878792526,1.4191081171263443e-05,6.663050271467999e-05,6.68291311635435e-05,2.243516319781914e-06,61355.33365190716,61091.89498111834,1330.5352985804823,0.0017275668213633424,0.0016858342375087726,4.7488383673929456e-05,0.005352269067845916,0.0007040766215158134,6.192087468411475e-05
superconducting,0.00012583181526526417,0.0001185545549521434,6.6246398901630265e-06,0.00011434190316497645,0.00011880227501593868,2.531694387083246e-06,22452.545886801396,23074.181101283695,1019.2663180637494,0.0004620630223783023,0.0004303145706791384,3.248942211445221e-05,0.002006308091366212,0.00029644510405432033,5.605118375522013e-05
superconducting,0.0001730680012233426,0.00016320707830146393,7.066755145375225e-06,0.00011814309176558921,0.00012441921896831265,4.7259344667150265e-06,17159.133717064404,16999.86188229279,1013.8799326616463,0.0013669559522037802,0.0013870805783778805,0.00018559948486892013,0.0012719955881792303,0.0009261724582393553,0.0011020886523970142
superconducting,0.00011669873932515656,0.00011591431568256614,3.5911187288050146e-06,6.198351065680919e-05,6.314769831237252e-05,3.5391008087333913e-06,42153.7979927678,41546.19203853105,1343.1914984089192,0.001627976343207692,0.001547576585128752,8.614537476771373e-05,0.0006109123089935505,0.0019037051178292705,0.0002186301470919851
superconducting,0.00020670656639482736,0.000207743202668096,6.947071065260163e-06,9.050631090459556e-05,8.448857900477234e-05,4.744403415738182e-06,60451.899776093735,59978.87038447438,1275.16278839281,0.0013469456074936945,0.0014344359856936979,3.6245984292039824e-05,0.000717388494674178,0.002125450323325851,4.101853862062133e-05
superconducting,0.00011348738772785345,0.00011377715682997832,5.772504361805971e-06,0.00011002814805460042,0.00010429117249372107,4.185611769036778e-06,22620.623704508318,22968.213139339277,1089.776474882063,0.00036803857353834713,0.0003458750934624202,3.01480815546023e-05,0.001624688868679107,0.0010853226997225027,5.052862319409107e-05
superconducting,0.0002024771458439932,0.00021466427031643435,2.0092520596118995e-05,0.0001066561011344073,0.00010430053855640709,4.818711795343626e-06,57386.48207460252,56895.2821519958,1060.1127802050821,0.0006062238292678052,0.0006212921408035809,8.524887699170313e-05,0.005543931434887621,0.0014381988486286059,0.0003481078977118692
superconducting,0.00018621148761572667,0.00019458789999204308,1.2108153939272714e-05,9.744286358365089e-05,9.493403701845789e-05,5.6698778403898315e-06,24681.688389785977,24603.335457352798,1146.9710643029161,0.0006825274788884083,0.0006655669989250271,9.772882430587015e-05,0.002541811043494418,0.0024229815719919697,0.0004467466724257357
superconducting,0.00017993206609914932,0.00017850769138310631,4.892601699231184e-06,0.00011097476997061869,0.00010872635064224174,8.390845675565773e-06,47096.179920714305,47633.3613712706,1140.1574044678514,0.00016787413038327477,0.00015592836137178382,2.626790577935949e-05,0.0005039005882638626,0.003982759016266302,4.2554364796082915e-05
superconducting,0.00017907403115582736,0.0001924150202808244,5.4364028645714825e-06,0.00010421880742858162,0.00010612842035539948,4.150454264319104e-06,41535.27212784351,42078.500476439884,1092.5387971395864,0.0009015524831086193,0.0008241193480583169,5.692877026834644e-05,0.0005258153550236312,0.001027569554443019,0.0001392843150302486
superconducting,0.0001546189804735546,0.0001508387164338509,1.0421812216788744e-05,6.03367695159818e-05,6.243351599247304e-05,3.974739501596893e-06,53187.62626636264,54526.963266440755,1343.86921080074,0.0011545411793640414,0.0013194944264620055,0.00011585485426207157,0.0032404070459915568,0.0024402286021364414,0.0004447062057281286
trapped_ion,6.021772670836937,5.565926236709477,0.18484523585927798,0.6356292709433152,0.6318587022505521,0.05386335853840577,2.24060706424234,2.139951533660827,0.14599551391877144,0.00034134198650388303,0.00035632025767823143,3.717321900639053e-05,0.0005641837697556043,0.004116036898134006,7.638544181268662e-05
trapped_ion,11.976895391182229,11.62996353598697,0.4901440420338327,1.2873593346647467,1.22679445553086,0.030383052877123964,4.63110942916659,4.733178252392757,0.09297077657960076,0.0003368802148232726,0.00034661426524043527,1.4210743158750958e-05,0.001196324836891362,0.0004088321415720761,1.1222174118020158e-05
trapped_ion,9.432881519666264,9.719525415366212,0.12278616181763385,1.2665909573682745,1.2388739719548687,0.04504501602683711,5.113256463816287,5.118846634423573,0.09501300223135012,0.0016804957341921573,0.0017062033649190875,0.00016731028232822864,0.00010806092563885423,0.0008791170485502799,0.0007607171831837771
trapped_ion,9.885416374499929,10.65329380589845,0.7614933005662519,0.6959756010648287,0.76235520932021,0.04942892199951357,5.496211136396919,5.53558516856723,0.12689272297127274,0.0017344358799239866,0.0016739138143993207,0.0002398631140695074,0.003470317767856669,0.002659823575750122,0.001589337555346458
trapped_ion,10.642503073318487,10.810188682877378,0.7766799809589386,0.7170106950264132,0.7955424762670581,0.06596111244207294,2.0083817160153083,1.8347399712282688,0.130774272253294,0.0012078346276513427,0.001250776308699095,6.695578079179123e-05,0.0035038611721991153,0.0044293085876435006,0.00015392743311546888
trapped_ion,6.487322224620023,6.923298503344316,0.5862652008408776,1.1914666189829213,1.1472131829755239,0.04455263911308993,2.1171068904329973,2.128000056995846,0.0983911746916856,0.00027270461851358797,0.00034498628721419024,2.4802117986282972e-05,0.004312940724986006,0.001017882640979011,3.4214144765898563e-05
trapped_ion,10.465584151045974,10.260260436866314,0.024021655149969554,1.0594540402796315,1.093532568238153,0.08691058659127097,5.293259027759197,5.256265823693682,0.10355274321374117,0.0016633932663689596,0.0016543308059093927,3.891785809867201e-05,3.7238007211835044e-06,0.004284499818826654,4.225778182589434e-05
trapped_ion,11.431776037222185,10.845840030970802,0.4687113346913595,1.0083265418540126,1.027812061784429,0.006818001774781119,1.503264045424305,1.7081944439386296,0.10232997354298785,0.002443710039096185,0.0023140975419718287,0.00011016062967709196,0.0012674569083080366,2.9895065632644133e-05,0.0002437992164288396
trapped_ion,10.19457778035009,10.3177154496959,0.5187279533405772,1.3072360405714367,1.318744738272703,0.06666552288478238,2.9314997632115243,2.797451495866551,0.08876291303059232,0.002164515971903942,0.0020559314226171075,9.802582180561249e-05,0.0017173235740285731,0.0016689973866924382,0.00021915265199694422
trapped_ion,10.84130112890557,12.148974143627896,0.7442821072766356,1.2193066609759917,1.230953599155263,0.05447844408040108,2.621630946506702,2.71347128646215,0.09596593123222484,0.0002172280845221785,0.00022097460531634295,1.4423855523939193e-05,0.002507133529769232,0.001304507527337437,1.2381651676113274e-05
trapped_ion,12.150286433718334,12.06797553621311,1.349877786471129,1.232072529413979,1.2822901382081235,0.08354694024213681,2.9219970999282934,3.0113423269210213,0.09799919151000504,0.0021762677993174377,0.002171671612141327,0.0001395251203901892,0.00836998213699003,0.00279680502356052,0.00041933081958744136
trapped_ion,7.179759978760675,7.076051084374436,0.04302951811889763,0.8131064871180883,0.7374365417874092,0.03277121148899485,4.796200759588143,4.752269733653208,0.12738595105969638,0.0011896011222204774,0.0011822468948506511,9.034796542133495e-05,2.2523987282474806e-05,0.001229713931254634,0.0002904610798800857
trapped_ion,8.181929254790369,8.009363411188255,0.39893783929826143,1.3688438277590582,1.4321438554519792,0.07035514820576089,3.8871132628923775,3.9098218713418653,0.08777977067211995,0.002250487987623493,0.0020954829505215214,0.00024888735209342374,0.0016026761823968564,0.001526806535803296,0.0013853851913963634
trapped_ion,9.100564714437404,8.534485207629015,0.3306065850807701,1.2070164266984085,1.2099462669177297,0.03448539645836737,3.338389816376024,3.425386762798121,0.0951518288297783,0.0009026413118655059,0.000938796563631464,4.16617479024858e-05,0.0009904656250499949,0.0005431293903041197,7.019302013917834e-05
trapped_ion,12.078196614012136,12.908449131219594,0.3578442659567756,0.8270620901205732,0.8473003689363003,0.03836443634266523,1.540926926197177,1.570796326794897,0.12021870846773058,0.0019922454366579022,0.0019866464584224557,0.00011532484054121073,0.0005053057178473747,0.0013502685070039021,0.00031394671439268136
trapped_ion,13.232996531345547,13.247789403343239,1.062134731973177,0.9061317478979409,0.9050843880546172,0.014451542589175739,3.299383891147861,3.3606438000346253,0.10801819611756015,0.0006827374673796923,0.0006944400488924697,6.988741854458471e-05,0.004191647990325975,0.00017075360779924217,0.0002249548832581416
trapped_ion,6.63093407630063,5.940842895717771,0.2274263613270553,1.3198404932341998,1.261679942818546,0.06400762620581629,3.7224269180055867,3.716897583600077,0.08971442697250856,0.0009768393640069424,0.0009271319522495166,0.0001321155687859424,0.000792053112885432,0.0017034288573931971,0.0007102434508918028
trapped_ion,11.125325493604542,11.261199854437553,0.04686940398620909,0.6958367407493153,0.7304505050780544,0.05352955644660809,3.101198677951628,3.0255405068046457,0.1309940008086278,0.0005894056962460554,0.0005692737459573311,6.550706899033872e-05,1.1718202444154331e-05,0.003327825924790584,0.0002113811602651091
trapped_ion,7.660380072884862,7.770056321143338,0.20053872928293212,1.327331484503118,1.1495761585829607,0.05730865053318543,3.7056143900946115,3.8371266293038238,0.09290535238693512,0.0016158776810490862,0.0013999300360270756,5.530731328834316e-05,0.00042502597877550313,0.0016767899022166312,9.721837530599688e-05
trapped_ion,10.732615024001422,10.737741787443769,0.6393055543908396,1.1104139127989667,1.1318102693341905,0.04774003461593055,4.929411541423354,4.994938534682099,0.09839069844135735,0.00019833687926807016,0.00018345861242073915,2.520614648200543e-05,0.002406931082599564,0.0012028616917212878,3.85967058099869e-05
trapped_ion,10.831833174419163,10.287808766102657,0.5895225061173837,1.365486389395068,1.2762248449535467,0.038473232246150985,4.4135216081216235,4.400952400690167,0.09501128682364016,0.00028551581657904556,0.0002690965158974908,6.053773024290013e-06,0.0022308751312294633,0.0005995613328499786,2.124445297445932e-06
trapped_ion,13.282894173634428,12.008322926250182,0.40849639715089126,1.1067699710532257,1.092399626691229,0.04628876591325488,3.522001027825194,3.4697417815330605,0.10330490314474627,0.0015092711386728605,0.0017221234406015228,0.0001342768066440518,0.000774926080650628,0.0012179731860207281,0.0004860477956088173
trapped_ion,12.887452425988002,13.172570159507385,0.38180939036035055,0.9202239340320193,0.9982904126835392,0.003828508789769465,5.631160574170742,5.54174379367101,0.10415028146378202,0.001217087275968772,0.0012517362288578316,6.914418845426592e-05,0.0005488941294766719,9.980397657848776e-06,0.00016407196448568528
trapped_ion,7.162763283788287,7.302537352863094,0.5820550928241447,0.6124416400632894,0.5920990018444746,0.0485073450393564,1.8200699411324175,1.766532627386162,0.16184493070914843,0.0019079385915706927,0.0019450271628913057,7.674843753310182e-05,0.003936179392062593,0.0036176528420768226,0.0001419575910124503
trapped_ion,11.756932946383248,12.154700173129791,0.23148664270392438,0.9318157703026277,0.8949262280654451,0.06691957568738048,1.3431419204297883,1.3615178474714225,0.10154508561856201,0.0009556747789907045,0.000913942857148815,3.500481702801081e-05,0.0002422701978876142,0.0037359666670805708,5.020967088297531e-05
trapped_ion,6.761715603086711,7.430738114651532,0.5992463472156202,1.363413849522348,1.3079296258886937,0.06450977509372378,5.5244127197686534,5.5379468737414115,0.09593722080341908,0.00139315402155767,0.0013977163032738665,3.8582255712171345e-05,0.004065048275910951,0.0015930176315349324,4.73646624480329e-05
trapped_ion,7.117572132789713,7.722889929837522,0.41331950618984614,1.2195160930854665,1.3146393005460895,0.027195701608462033,3.5247017599409194,3.546830573229345,0.0935826786256799,0.002394717384628686,0.002616552531690099,0.0002807801836531265,0.0018227739041111902,0.00027977386895455575,0.0013690100454639927
trapped_ion,13.201536850874458,12.915239688516563,0.023441137037906516,1.253061843202318,1.2227324610731716,0.0658176207406645,5.5560807813739554,5.556318352732035,0.09690896146923905,0.002305895081326308,0.00248256478958307,0.00014851167200515436,2.165696217887109e-06,0.001932764577242967,0.000408388104231859
trapped_ion,7.428895712342336,6.868327460466683,0.07287644985754581,0.9872359178733459,0.9732780358259685,0.0193243588951025,2.3402696433903483,2.3283756079978066,0.10336117454418645,0.0006764620033184492,0.0006502781454537234,6.592465681986514e-05,6.739205681384675e-05,0.0002669656238451209,0.00020496189393547597
trapped_ion,9.993654637707966,9.750510118745183,0.23092848814981473,1.1612977393076087,1.1803148794718135,0.09137899647123757,1.2172282728646602,1.2389473818967827,0.10551952223164598,0.00041793651915306916,0.00041577545465535157,1.2933833958221925e-05,0.00037992365393078463,0.004026929779731362,8.953223522519177e-06
trapped_ion,7.512156471230851,7.162731142646009,0.3830901843292193,0.8478337524017483,0.829959979092139,0.05541420026152489,1.9436042762148547,1.9453041662618622,0.1156305061305875,0.001585731217041618,0.0018460149591829648,0.00013200683335990303,0.0017541678944140084,0.0029168257754201704,0.0004413080071290678
trapped_ion,13.139743323195452,12.846439696024754,0.07733648549075069,0.9120168354396141,0.9184090668968982,0.07386457919266659,3.816750547158435,3.787162013972587,0.1034125610436368,0.0020448973872706873,0.0020202802922422896,4.6864960886850404e-05,2.386396185333465e-05,0.004344665408730368,5.098514572897648e-05
trapped_ion,10.705841102728456,11.320811594577895,1.114633386285835,1.0063627610129298,0.9490135339359681,0.061346820609680684,4.0636509146404185,4.181485521997199,0.10202116607845521,0.00204719155929986,0.002316931761391814,5.549019844317526e-05,0.006553812636411418,0.00282145029364367,6.177497813357492e-05
trapped_ion,7.567998935168285,7.400473637010714,0.34765372993344695,1.2694423139242914,1.2116613660773687,0.031222828597250507,2.8736058602470123,2.749119029955928,0.0934212321635515,0.0014252630399984284,0.0013453596784874843,8.946143253831695e-05,0.0013766184337775228,0.0004438284187594003,0.00026163721197119554
trapped_ion,8.984200978766113,8.951935413896907,0.08960609317336943,0.8741693035145822,0.8941309212546077,0.050472620145885355,5.316802601385242,5.350016390940261,0.10383314710154037,0.0008328806533443294,0.0008914820977631819,9.378726992770202e-05,6.694853924079606e-05,0.0021286022824574444,0.00036474432791148807
trapped_ion,11.04118668690528,11.471758220968814,0.4705083245677534,1.3227931797367734,1.3682454380576323,0.0857269527644225,1.7529461478431307,1.6918603663591107,0.09662219097255899,0.0007555728326915958,0.0008424985772820224,2.6439867512950455e-05,0.0011353132415839822,0.0025304217223618866,2.9751754669479608e-05
trapped_ion,8.843406716800029,8.985464220259972,0.3790535299703681,0.638806241681241,0.6186299646995951,0.016704155608905383,4.117993852178857,4.23036182668733,0.14622477371875428,0.0015105111323810469,0.0015439067909275622,8.435414989192949e-05,0.0011900783542208664,0.0004066098131565101,0.0002100265749140382
trapped_ion,7.116583971422516,7.368574349073328,0.43387272796300813,1.132399389504658,1.1841610736134036,0.0512069550863744,4.309188658510084,4.235840426922397,0.09509373134969733,0.0008317648296378128,0.0008787956436899079,9.758543972649592e-05,0.002158012090297241,0.0012556179578077273,0.00039755115097741845
trapped_ion,8.192206515082162,7.9828470878025195,0.405539490271073,1.0977134482605098,1.1417278323149402,0.04124653014445721,4.447071120866442,4.427339378560361,0.09925539978330986,0.001717652159814005,0.0016012667566551741,0.0002214936278015196,0.0016650370367454364,0.0008813949134783238,0.001406247667350272
trapped_ion,7.476461763785988,7.541098156715035,0.15551207588264543,1.3753758605242676,1.2851639229834733,0.034164403752875924,2.926463997037609,3.0108269294321084,0.09391431035357076,0.0015598526859119733,0.0016552929994213441,6.706369326510551e-05,0.00026771351467284437,0.0004652837493479385,0.000125421332165112
trapped_ion,6.417563791915633,6.773773868648905,0.17789533952100253,1.0478465146993698,1.186583125013324,0.022153705887573517,4.5465631594100016,4.580999377279761,0.09786160060450844,0.0013421125582709988,0.0013374026666790229,6.359229884234294e-05,0.00040935861481160567,0.0002339664703916172,0.00013274722055660814
trapped_ion,11.660608788655873,11.742939559727759,0.220053798417611,0.9331663300080272,0.8506925812466242,0.04234212076750437,4.421618030898509,4.317597860684929,0.11852135396040936,0.001369951958447323,0.001436193285917449,5.8581976414581215e-05,0.0002361404200592346,0.0016336438701017343,0.00010705218390674533
trapped_ion,11.523049184565226,11.047320496990949,0.4410763830822263,1.2887964365001738,1.3273420820372859,0.025254664508247905,2.1676955711998,2.152935622332095,0.09038030704736956,0.0005189404755992566,0.0005597180321711564,4.302963910930029e-05,0.0010804077617044805,0.00023590975474478587,9.167716069551767e-05
trapped_ion,11.052263395941825,11.348675030579466,0.4710005727346948,0.8238846099759898,0.7592849478183964,0.07057662753362672,4.6702529129313755,4.781327182383706,0.11855383298014499,0.001153143074921979,0.0011923004191661624,6.786705034797983e-05,0.00116414662973752,0.0054564724089501675,0.0001630384088017095
trapped_ion,8.336319499716778,8.674181842303856,0.1388605506516196,1.2593021473390733,1.273646185746805,0.05151954703667975,1.7022047740408799,1.6835798486468152,0.09002070714423868,0.0013106231977351721,0.0016282369766271248,7.188349647368736e-05,0.0001699210138553122,0.0010801094127646325,0.00014609351559215998
trapped_ion,8.551493038412767,8.01463601867095,0.21546717378921207,0.9101779169771316,0.8874488409184956,0.0550169743649509,3.268222925633112,3.3235451391375284,0.1104982494315378,0.0008617246539130741,0.0008703369309632251,5.112913742166014e-05,0.00046702041163245887,0.002562982176661681,0.00010962493092928293
trapped_ion,12.561009649972167,12.841899395734629,0.43894461876315854,1.0958920725858317,1.1105015327621788,0.06041950649649825,1.2910850916639474,1.3605648944246889,0.1020057724659831,0.0017009704782133422,0.0017933539790678835,0.00013604539722220782,0.0007693882004964577,0.002005345123250235,0.0004813069993787121
trapped_ion,10.784666059950139,11.0008340900337,0.5505694284705676,1.2798527183139543,1.248427297332491,0.07621567257631189,5.027915643599362,5.16330571295081,0.09997600863654545,0.001977318324605906,0.0019260765683695093,0.00010053269138439409,0.0016982328344017522,0.002473608738762507,0.00024589197250499817
trapped_ion,10.580332037034603,9.674244864417952,0.09180467576310249,1.2631727839038764,1.249086757663994,0.08981846665979322,4.702060817573312,4.563007522741091,0.10112624466236854,0.002255756695170895,0.002400970487297479,0.0001734518009833312,6.0945851305675564e-05,0.0034312794038480377,0.0005794506373313348
trapped_ion,8.787399506940956,9.547494650359665,0.5300554097150847,0.9604495358450222,0.9775799999308199,0.06872931140231701,1.5786678778254677,1.503514027712752,0.10744244171344675,0.0004218496354727871,0.0004031263588228972,3.528140735342004e-05,0.002082766850176252,0.0033487390864116433,6.708067647911028e-05
trapped_ion,8.059458601689014,8.6274075853366,0.2136083976053152,1.066660239034144,1.1141349663278235,0.03388772701739738,3.2154180278295446,3.153713717306414,0.09582483591041017,0.002383640196173703,0.002254610598867205,8.056629805416275e-05,0.00040586655627589325,0.0006265385558837871,0.00013424394235520573
trapped_ion,6.625301440590476,6.342291985192994,0.40840700516407297,1.0772843298824026,1.0829588569730908,0.02695365179969203,3.8368941686044087,3.9014282449133764,0.10023180350910711,0.0007484142594564025,0.0007396805111173183,8.511474934468163e-05,0.0023550066555773244,0.00042043368734438215,0.00032568582592184213
trapped_ion,9.831290169894405,9.373354099549266,0.36386270603963694,1.3109038453598485,1.3291747621627605,0.03753797848200182,5.321115684041972,5.368876919634425,0.09183011348801742,0.0012249834022292833,0.0012596415187941129,3.764953010557285e-05,0.0010156377063227063,0.0005195196217845071,4.844585878761271e-05
trapped_ion,9.11972033302722,8.465586835852633,0.2644077336618021,1.3008919688641765,1.2733889386225064,0.022544328126321716,3.2264438063646264,3.218705753859103,0.09376639223773837,0.000739292412800659,0.0008137433352655492,7.750141082842105e-05,0.00064232688255156,0.00020691816407813102,0.0002595707950144135
trapped_ion,13.472308953574084,13.764466163371194,0.23332970312941503,0.9478566572387284,0.8866826875759168,0.0545240356950849,3.3674872551592037,3.529385901217158,0.11283706643860676,0.002443146807583974,0.0024927174032933802,8.549242470016523e-05,0.00018480402007388868,0.002521100365303935,0.00013467452545248195
trapped_ion,8.088062672582463,8.100983820564588,0.39155207372894496,0.642385349515461,0.6236129625554371,0.02587672492250932,4.769887671054478,4.791817394051168,0.14796720699835214,0.0012673492746283343,0.0011211167541394583,7.299173037361644e-05,0.0015156403323176683,0.0009659751781276311,0.00019574197837632669
trapped_ion,13.93905011835901,13.976933756140443,0.7370085734226667,0.7772744412318479,0.7660537239126645,0.020479059315649722,3.922667270759633,3.878662889650685,0.11991666289387203,0.0004077119917683797,0.00044261352535553404,5.5440488263065156e-05,0.001777319247337124,0.00045316826001505256,0.00016212880902468494
trapped_ion,12.119000383879701,12.509435208027497,0.5695992533092614,1.1491348850915175,1.1233279467108543,0.08702511734821643,4.797456644976985,4.81148136956694,0.09228611407756,0.0019508137325803445,0.0020032549354863805,0.00011904539440890778,0.0013753295043845623,0.00406112992012994,0.00033177748796141585
trapped_ion,8.662243620980083,8.873735754526693,0.3497385081684741,1.0305844040380046,1.102396940482541,0.08206803458486747,3.6364633444279884,3.7030502616392904,0.09320510503560431,0.0012234095247596717,0.0010784519811769012,0.00011155095860123587,0.0010358672760756827,0.0037568413415441475,0.00046752136271426155
trapped_ion,7.732191850786261,7.544554406692712,0.2843864515452086,1.342633229001168,1.3582152320840355,0.0931243386514164,3.9300598241285236,3.902605407814523,0.09471293863140379,0.0004349586461450198,0.0004511682995284778,4.488717736290191e-05,0.0008946554303635263,0.003038600835647803,0.00010578842998128072
trapped_ion,8.912540074655181,9.259823913347057,0.6093271529778407,0.7934445965048218,0.8035889534942926,0.03687387460809156,3.27276462406655,3.258646318722397,0.1233149683065019,0.0016556972411299001,0.00160887277787999,0.00013980985454912056,0.0029126394685343206,0.001361916479726375,0.0005581246556519308
trapped_ion,13.954030533733878,14.735044578564729,0.9201938167797843,1.0214037690482374,1.0164404268329088,0.03487855824250121,1.3066022320663184,1.3598177097447155,0.10464178987545251,0.0017805839079868327,0.0018367155876524847,6.732508177279445e-05,0.0024353689681721304,0.0007997137115012894,0.00011532720234921687
trapped_ion,8.993734651976824,8.753079549600246,0.22667222211043142,1.279868571891275,1.2825031766434156,0.02762126282741899,3.7605326839547217,3.7850937623830774,0.09523809523809523,0.00033486520901667083,0.0003627202788145225,4.2409683514768283e-05,0.0004457072051866037,0.00030557843774912957,9.907606962433197e-05
trapped_ion,9.417649797127998,9.062823768133882,0.2760718809598147,0.7234883595582265,0.7473388906245836,0.025271860422265948,3.7413090818992423,3.899742131316874,0.12189956273669125,0.0007270899217754633,0.0005900528446955233,3.667517878523188e-05,0.0006216621947745512,0.0007167615825932681,6.55203305519276e-05
trapped_ion,8.158422636463538,7.703119518090564,0.12833077121649097,0.6278243087326091,0.6784310016708113,0.02002931545019629,5.483530799494482,5.486976186796843,0.1362139957372365,0.0010879399867092855,0.001137290479807508,0.00013619188960373155,0.0001764246835578161,0.0005178186107470193,0.0006757108482270836
trapped_ion,6.876812155968994,7.007531458288141,0.09190882874221819,0.7984496106115971,0.9046508275964383,0.031111664744176006,3.5354277327898727,3.4507018664662255,0.11320956230989479,0.0022113505432955556,0.0023998944261620207,0.0002028889423736754,0.00010420051442138616,0.0007920658722849923,0.0007932349332123757
trapped_ion,7.787894338454448,7.85658412734071,0.646738774014041,0.8380085862950335,0.8356156301300502,0.0341596317651072,5.284225648494414,5.4368427357982325,0.11005103149004143,0.0017323313203855817,0.002017310405534507,8.659884512536651e-05,0.004343934076271524,0.001095881278143118,0.00017434602270091398
trapped_ion,9.793616406043864,10.356424791940464,0.5745918285689733,0.926856494675936,0.8859076223027397,0.03661429830784309,2.277071162972869,2.0760564738938165,0.10852589268662358,0.0018317576416566968,0.001888970769162602,4.721507047301796e-05,0.002091494001731511,0.0011386371392385058,5.525267037378324e-05
trapped_ion,8.682919816055337,8.124452805715809,0.35157546284211133,0.6994539777567876,0.6547560401722758,0.054056866738971324,4.939928296526898,4.982837243832753,0.15072484535930827,0.0024388821756848246,0.0022198621981196504,9.203401934928877e-05,0.0012161910672614466,0.003957531447858023,0.00017818587021547534
trapped_ion,11.023300454320175,11.407305793574642,0.5156855355146699,0.7847538448981619,0.8120637288427214,0.0035294830097046064,3.5175288854118927,3.5232548590323174,0.11760881165753889,0.0004683312361491201,0.00047774458872676374,7.356989791925922e-05,0.0013803030898637569,1.2266495869428393e-05,0.00028012172564762406
trapped_ion,10.244199846326424,11.60665747294518,0.35456783979019396,0.9722006948433096,1.0209850739942588,0.03771203092889059,2.25157204417079,2.2386864704846845,0.10778265338980672,0.0009011738636347294,0.0010404764499623248,0.00013072211335186235,0.0006287517018198334,0.0009267540290864718,0.0006549702913246573
trapped_ion,10.716636284741707,11.215645764058168,0.21460223155226293,1.0426771267538026,1.0290476418956622,0.06391231658929318,1.7297156520054568,1.703932654346544,0.0959619544046338,0.0016731434466594841,0.00190455273001624,0.00010568359513118389,0.0002477788396006066,0.002620718515967823,0.0002746750561240177
trapped_ion,8.660100896744986,8.666740639050664,0.28113934726928036,1.3274769857784081,1.3919257561267648,0.034653519528610545,4.873962042643484,4.949653461184225,0.08971117777746138,0.0007910591885318391,0.0006586785864642547,7.921135533719596e-05,0.0006975540059738036,0.0003968570704970778,0.00029457448879024887
trapped_ion,12.803182397561695,12.264559643057874,0.6860205363211339,0.6647062403622949,0.6573163355897955,0.03600751961571455,2.209356112255514,2.1632279878554623,0.13887549490757722,0.0015325673749397443,0.0016295839860042181,0.0001468621116940739,0.002085566196991893,0.0017468358572060205,0.0006093886143755974
trapped_ion,10.572752935399821,10.631972045130997,0.22558278301003074,0.7870774008398875,0.7250837127219867,0.039765166332740604,5.5640468152282745,5.589515512017571,0.11943672692472616,0.0014464118376962514,0.0016245941686770092,7.198418547099216e-05,0.00030578521139078794,0.0018565567455586965,0.00014677500408597082
trapped_ion,13.114520741962066,12.266318988847322,0.33616702146536004,0.855745720792738,0.8795826704314349,0.023941849847555617,4.564549810464717,4.861980198900124,0.11523597841703617,0.001495225084312067,0.0013405469409474547,3.2447577615040294e-05,0.0005006346445806025,0.0004930245282557487,3.450436850246698e-05
trapped_ion,11.700253638484712,11.16600669138787,0.4262792811728539,0.9747883583323613,1.0088299604734723,0.07043189735396632,4.833307286419398,4.979841529947185,0.09937687307761416,0.0023165291204983148,0.0024458150486750046,8.576189799929906e-05,0.0009868164720014845,0.003309414087736139,0.00013862241126219355
trapped_ion,8.720524657449298,8.551988125935738,0.3224706132123474,0.704833676990823,0.7027433163087975,0.06441632081218354,3.4909293139899367,3.3285462159069725,0.14055677994492505,0.0013781349202031912,0.0013445034335141893,9.800753547129729e-06,0.0009390219237691722,0.0050979069573559455,3.1415153095378476e-06
trapped_ion,13.048254626597453,12.865003136353636,0.5926153530381653,0.9480506923079035,0.9451576850694883,0.01717190088585178,1.743317555799755,1.764958390446337,0.10572632237030194,0.0008411778142825376,0.0009261745009900033,5.643175405212529e-05,0.0013966232193255669,0.00022274904840581357,0.0001296481765036781
trapped_ion,12.30130749888951,12.1691679239107,0.40227768626742844,1.1751094734132208,1.180491396084549,0.0319526920500275,4.636127649020064,4.583811049498194,0.09577032853582958,0.0012193675181842642,0.001219029993347874,7.69590899050431e-05,0.0007297142123400546,0.0004922148184760212,0.00020674646950515966
trapped_ion,12.898759688587397,12.068534660276722,0.26470541620484206,0.7822026816595304,0.8095510429634523,0.05331174013556938,5.086166659864826,5.091002495387499,0.1152819135683757,0.00018415800231091407,0.00016847863632234625,1.9487241936063165e-05,0.00032182281295249605,0.0028128175682845076,2.3259714156142584e-05
trapped_ion,7.298253816366422,7.081205866060868,0.42213285011904544,0.6696332672870832,0.674363419421222,0.02367575833095605,3.15469237430601,3.293200328312072,0.13304626310675005,0.0002445375098990771,0.0001982533701594897,1.270978724599528e-05,0.0021654891801473797,0.000729526402053842,9.734057828867898e-06
trapped_ion,12.731182831461354,12.445253342699779,0.21631370730476188,1.304895388110375,1.2540896022054824,0.13090239339444587,5.4426214669227635,5.474124539059338,0.08703717956202768,0.001726357382069651,0.0016044521844053568,9.34780873526699e-05,0.00020066678684685558,0.007222649834371419,0.00025006548021540363
trapped_ion,10.046578859529877,9.855231065849788,0.1250346610156658,1.235988650463769,1.2282996361580363,0.05357993471216002,4.16332087528778,4.145145173881282,0.0962660558095666,0.000673531557020841,0.0006485075554198361,2.3333941686827517e-05,0.00010912710637236875,0.001267935736188373,2.5701957277146048e-05
trapped_ion,7.912750920618037,7.905489700387316,0.10718445468431248,0.861629787977548,0.8574681224024131,0.05892046154405639,4.605223582760196,4.664652689297303,0.1185905080516894,0.0006916593530525964,0.0007573571227272569,4.614858422534422e-05,0.00011814089132446613,0.0031207311956674075,9.484325564845791e-05
trapped_ion,9.561737513949778,9.780332266997362,0.14617505088346044,0.9173697644035507,0.887216589096551,0.04518945381865281,4.8191850939773255,4.956598816352727,0.11589656535824652,0.0009652920436811612,0.0009565376966372684,5.205770953968374e-05,0.0001513420932610367,0.001729923989296105,0.00010857144223487252
trapped_ion,8.054273272610017,8.544172709178135,0.41508219223422643,0.7623366758808563,0.6947542261650236,0.02529102464187575,2.647765494111325,2.693123151371601,0.13522406259083233,0.0013696440731431128,0.0014574653148127815,0.00010683065685352215,0.0015582700984253413,0.0007986924607844769,0.00035213278868617627
trapped_ion,11.903245286062173,11.46810420995678,0.3840955338150387,1.3535794779906263,1.2525363752569356,0.07569105023953768,5.600866856425077,5.462253578052054,0.08949392427354648,0.0023871233095186625,0.002465496167162684,5.3468163173572056e-05,0.0007571038725982073,0.0024216304961474254,5.337193093181041e-05
trapped_ion,8.166431279061614,7.666618729725802,0.2252508960645308,1.2528556215198825,1.2313484083556232,0.030191810289170062,4.700935424133654,4.703768344117062,0.09638134507563181,0.00038881114653698586,0.00043500647324173247,1.3391537910766007e-05,0.0005475680043421493,0.00040037217530355316,9.498548310288423e-06
trapped_ion,11.53048877465972,11.429780310157746,0.7772120987164022,0.6502803251286645,0.6402139892869334,0.011631103686248246,4.287457945797457,4.240807859817277,0.14118155126142942,0.0002766730763364517,0.00028288994767757463,2.8237333590194338e-05,0.0031222028198450626,0.00018870256576967363,4.5874456935537444e-05
trapped_ion,6.793041206002371,6.259541646973743,0.04548534645903938,1.0800771191647343,1.1757886299464892,0.01630690546349729,1.1851187255280191,1.200100426803507,0.09811468853477787,0.0024424404295071223,0.002717117454151996,0.0002864692272627476,2.970510188726521e-05,0.00012931697259987017,0.0013585688976896111
trapped_ion,8.262787634934774,8.049133353715868,0.3243199142305172,0.6683508347442904,0.6543468261705926,0.033674785474066174,3.0281426601122643,3.0041575685526793,0.1277252753465338,0.0008732537151593448,0.0008573961622788031,5.765807645658023e-05,0.0010507537093163116,0.0015370677681028682,0.00014037077608713102
trapped_ion,11.800116194958864,11.057533631952557,0.36860004349338144,1.1311251308307106,1.1010686728423722,0.031417100191377785,4.668071246439123,4.671762514995621,0.10093032333542629,0.0009483532894589367,0.0008688283768930677,7.773055268316523e-05,0.0007530673467823913,0.0005519461144777888,0.0002535733847753203
trapped_ion,6.829368196882376,7.625016986957759,0.19240110921451553,0.8821512058928817,0.8828893236377853,0.05259618631060677,3.145821423022843,3.3199264642498636,0.10429519099860073,0.0017493583732350801,0.0019302321925376514,0.00014911100415867975,0.0004028811058647686,0.0023637501331481036,0.0005398180256733502
trapped_ion,11.634958746056425,10.94026315128657,0.09956774663587419,0.7086347452059902,0.6971716701084563,0.04917073976339385,4.167654835439499,4.061254320873309,0.1349430592952021,0.002437919225251032,0.002341565303505831,0.00015528231519159577,5.6180570930743465e-05,0.0030041932496255447,0.0004779901183518343
trapped_ion,9.255133524726293,9.140659190081516,0.5256004884852203,0.7132029541460219,0.7387189727011554,0.047540780258474205,3.530567615452724,3.453098615092378,0.12909083910448968,0.0015920834116350954,0.0017173278145479873,6.504988673518844e-05,0.002218843092681288,0.002581203577882961,0.00011434687734525978
trapped_ion,11.977425034251581,11.50532511549434,0.7440005961447942,0.9796918634159437,1.0098024391589544,0.07366129604716556,5.070951564430973,4.940749191269617,0.10190403161825957,0.0018366381447678618,0.001732545142828668,2.8276824449926147e-05,0.002821052631592692,0.003613043742954142,2.144115830180446e-05
trapped_ion,10.643603057725473,10.451681668475604,0.39912558459460107,0.6892870550295727,0.6894308827237082,0.03820267130483763,2.829417871797684,2.7972110245439152,0.1354570922957193,0.0003252593502902167,0.00028396033161681304,6.143231096594728e-05,0.000990854401935136,0.0018421708586099058,0.00021700194264539797
trapped_ion,12.10784937474266,12.964336253117251,0.6727522442878654,1.105610047242957,1.160267300036274,0.06886445941253085,5.341382726619735,5.260723882624007,0.09609611342804464,0.001992977629462923,0.002282130523642118,0.0002406945112113715,0.0017682823553872378,0.002373515740509659,0.0011821728671137831
trapped_ion,7.11139450036259,7.735351394198103,0.13301610752898352,0.9922274964927833,0.9921661264963295,0.07753450998683108,4.98254829717863,4.870474768741874,0.11035081109799505,0.0003442628280846792,0.0003184195501092844,5.770042122753553e-06,0.00018831067518913783,0.0041423522088601394,1.878747242873322e-06
trapped_ion,6.157288021927691,6.095159565463268,0.3258848715232325,0.9125579976032563,0.9002330702675652,0.05042739020015978,1.5266788737560304,1.4971454273372324,0.11760799829328027,0.00029791127113700384,0.00020629273706929683,4.973125226598474e-05,0.0015763937492959325,0.002099198854432119,0.0001483762383040871
trapped_ion,11.970537008602076,12.221263145701046,0.48399238640922376,0.7940008117292354,0.8616722866806763,0.026030497133294674,3.7791060734995687,3.629874938359122,0.109199331972946,0.001978721196123691,0.0020220365718444295,2.1011031703445925e-05,0.0010462883099696594,0.0006040026114927226,1.0239130482071738e-05
trapped_ion,7.584942187990407,7.594750472756045,0.22174557606021814,1.0381778925947556,1.0246985420266521,0.026639403680810823,1.820117715569716,1.8706866679417873,0.10604209412900883,0.001944424623643797,0.0020619478955231536,0.00020393272224989554,0.0005384345527987956,0.0004591360689998049,0.000945681797952905
trapped_ion,11.610541943392384,11.686325448867443,0.9399204840404386,0.8952808750062097,0.8310660861644464,0.036991408997241515,5.639471324574415,5.651805262102923,0.12120989515551632,0.0019695425191840685,0.001986785033670442,8.114886647918005e-05,0.004353571153831749,0.0012968966035954606,0.00015543369641750986
trapped_ion,10.380121664408435,10.3375243063237,0.20255868843490196,1.3177947026984358,1.3812874018998338,0.030394145370862005,1.2488378594575238,1.2357612481710714,0.09205707171832096,0.0019159168225541836,0.0019455035916863706,4.679198073038377e-05,0.00026086671666203257,0.00031096194519299614,5.275445317714665e-05
trapped_ion,13.288816642036785,13.413387691398508,0.20870961615940162,1.1119043705924807,1.0749700772618602,0.09955759345141363,3.2579189688388572,3.2704463324409003,0.09254301791987048,0.0014230522489168621,0.0015618196384557588,5.5382636005531585e-05,0.0001572017605305002,0.005823805605053426,8.970796651541653e-05
trapped_ion,11.415861919408187,11.24452246659745,0.6299142506246177,0.8744421282635065,0.8952514043334839,0.018701763100257632,4.459338410482634,4.472756084790608,0.10909271229113882,0.0010148572924747758,0.000857836865669435,7.905011842570377e-05,0.0021232639500564747,0.00029159575461690083,0.00026379089294623444
trapped_ion,7.346001152698661,7.595103920867739,0.29146225566327627,1.2722837131763443,1.278083185208352,0.0307034218193646,2.5489367069028717,2.5754010829908025,0.09201224654085569,0.00171217342068285,0.0017840892420223323,0.0001251960871882368,0.0009301576271359671,0.00038057843678184167,0.00040950958247648904
trapped_ion,8.40072318043364,8.232722682585216,0.5011241946112766,0.8235329214216307,0.876666009127518,0.03133120280543075,4.3005984032106035,4.378881355439288,0.10916093889989312,0.001927064005228649,0.0018367666655951036,0.00024029799049028928,0.0024176608044966337,0.0008492419404765775,0.0014691532763881565
trapped_ion,11.126352204284258,11.449824300008622,0.7483451591836335,0.808970692202112,0.7946625958050727,0.0348438560137996,2.8149479968130624,2.7452875296372192,0.1220629135238654,0.0009746034804487739,0.000959603237011924,5.443123006995351e-05,0.0028837758161217478,0.001238178958441981,0.00011850544509805182
trapped_ion,6.568375961347034,6.633375128247014,0.13815160474727708,1.0373835176188764,1.0142630147557847,0.10662431321917874,2.3119234811807767,2.201331652889091,0.11460160812626045,0.0021128026635107242,0.002289832736482435,0.00013741524484593842,0.0002540205543027214,0.007505132188236593,0.00038387172433758767
trapped_ion,9.510206671761107,10.376082217546967,0.3745762545304141,1.3630772683808887,1.4280834087926362,0.09739836472879847,2.547186341779848,2.6486767496124908,0.09643779988510633,0.001789715869965258,0.0019978812260497496,0.00011990794021820836,0.0008854756426416749,0.0029464636512403627,0.00033750347505473373
trapped_ion,11.990323747140568,12.22379909839353,0.46709708644348696,1.3429747119660327,1.4082546835101202,0.08165581220036856,3.3653932151786847,3.3654371388637667,0.0905617305946966,0.0017224802055138756,0.00154346674983704,3.5755756375187986e-05,0.0009740649653278114,0.002142431636382022,3.774427152516845e-05
trapped_ion,10.86504640634062,11.348615541747936,0.8158039433793839,1.3698339287574637,1.445583727742115,0.11009173302976877,5.58443329828482,5.667851350032023,0.09388740169814484,0.000801677641474462,0.0009081666700652771,0.00014949419931203507,0.0034925388802346056,0.003654115447014248,0.0009185634725448024
trapped_ion,7.03690919741426,6.952269675417165,0.48997308897099257,1.057443607395707,1.0327040495553146,0.048810868583830117,5.54455539497305,5.5068155009682105,0.1005840776380052,0.00019097687159200878,0.0002053659280560291,1.9221531333039782e-05,0.0029948439518268834,0.0015178409920058753,2.2176954191087305e-05
trapped_ion,7.0521783004751235,7.391953169540632,0.300936105124894,1.1000057170970918,1.0893000829941284,0.05550450782621705,3.255259233491122,3.466464085757016,0.10436957826354008,0.0007264685929299292,0.0007747440642834718,4.523808692142533e-05,0.0010332816889201371,0.0017615446659611823,9.029616144685373e-05
trapped_ion,9.535904265206081,9.009790257618219,0.5746818102977966,0.7998398401703146,0.7928391199816164,0.02881818773172798,1.1370587804339787,0.9637754172335091,0.11724529963489469,0.0017703932584252518,0.002148334822062332,9.878510984335083e-05,0.002722279061099904,0.0008500851293302405,0.00021262918414509296
trapped_ion,13.105286821064972,14.072351770419807,0.7491761480984243,0.8779270934866418,0.847925950419266,0.02823069771094678,3.0053932892839823,2.8928826644962706,0.11206636293610515,0.0020276160719702703,0.002202607361978569,6.446441914729359e-05,0.001806595268771683,0.000730233081421536,8.816414354661411e-05
trapped_ion,10.135011230777963,10.229160654278084,0.06916264376160648,0.761649644341065,0.7183160789914222,0.0436594614778263,2.3460773418083996,2.402686589288203,0.12548523273147486,0.0023791041937239075,0.002150772856374323,0.00012129161046355352,3.1054825665728846e-05,0.0022689491084053677,0.00032016950424230495
trapped_ion,11.637492730937929,10.888376033104757,0.6410432571295371,1.1983280795782836,1.1938462486798682,0.05490712029344731,1.8644234676257336,1.8418517547658981,0.09155221528531372,0.0001812854375462789,0.00014819146875913558,2.2512037550390386e-05,0.0023517578331378746,0.0014181196369852864,3.1388214474779596e-05
trapped_ion,7.733965128434549,7.313733282444408,0.17523885075981332,0.8020984530445051,0.7501134808708095,0.0283570997390452,4.780254798843129,4.94316520903208,0.11974115989261229,0.0007586830928855152,0.0007330695309789015,3.678757650241698e-05,0.0003559762597651234,0.0008973915665237504,6.10556251874562e-05
trapped_ion,7.562615842686711,7.533796320210323,0.02092988993681142,1.2615730428710477,1.2857888478252206,0.10387339494265407,5.599982496766962,5.414027943242141,0.0893562640603873,0.0023928137282209242,0.002297835660931486,1.4080609859477965e-05,4.856443502556032e-06,0.004296294010210754,4.0148015118005335e-06
trapped_ion,11.153546135484655,11.68471719256312,0.4368864418985926,0.9437122712933361,1.0508051698696828,0.061739295340757276,5.420746210571179,5.514714539046854,0.10583758834716168,0.0003440404171973439,0.0003513140214314619,2.4765455318681075e-05,0.0009408707083136223,0.0023454202410677794,3.3995822552927574e-05
trapped_ion,7.196021776034768,7.596382687247735,0.42797386793116604,0.8725765939097307,0.8067508502502234,0.04306280006517441,3.7398467336790935,3.7132535480813487,0.12383580449974847,0.0007916517789363563,0.0009097331349806376,8.977365158069121e-05,0.002004998066183623,0.0018456534983404128,0.00033097705388387966
trapped_ion,12.830943297258044,12.08282070065263,0.7294756231702738,0.6126974100569976,0.6419036552285924,0.018929713913985406,3.4339083113855757,3.5760679518726115,0.13909699241822898,0.0002505985507225724,0.0002775644211320623,2.1059191368463515e-05,0.002437681287804673,0.0004981221229103077,2.558993169758694e-05
trapped_ion,10.39692582339617,10.678810808338742,0.27464386235696975,1.0256828948894516,1.0035254792705186,0.025945984338566954,2.1549905002928442,2.2406502295608273,0.10352055622854037,0.002283860927282741,0.0022328659696647882,0.00010544238718489737,0.0004492239906354574,0.0004537504538931164,0.00023240202106538163
trapped_ion,10.127431621939458,10.500972427513682,0.2593299879306149,1.115943660528072,1.0781977657646007,0.04396613261289473,3.8182647819468123,3.9252504472223837,0.10147970678536475,0.00027735058939981817,0.00024215983848145724,5.0729278042539996e-05,0.000414373383845462,0.0011288285161092358,0.00015139154111634549
trapped_ion,8.313143121318806,8.454958059238214,0.33584714327574766,0.9297093391980745,0.9274733627871886,0.024203114701501927,2.5104731810988117,2.594508011658545,0.10952173334917806,0.0007981113864652789,0.0007983244456837737,8.760019041030127e-05,0.0010385226259152253,0.00045819471203590266,0.0003343585762891711
trapped_ion,7.560525213796363,7.360566987332119,0.1161368881215642,0.9625633498692592,0.9907087680901147,0.04242700145667389,1.2809410117703302,1.2525228751975093,0.1090278533601435,0.0024550931105577385,0.003041745864755696,0.0001390673943683287,0.00015487268719758344,0.001243863249651607,0.00027507262116065233
trapped_ion,9.55724517617659,10.213468764216593,0.14462679381568247,1.0571408699427955,1.0455315106618333,0.008211540655815983,4.871321743736365,4.919497674825778,0.102729304707546,0.001610375243691495,0.0015667569431613753,9.949327996454827e-05,0.00013620680431571493,4.191189267655649e-05,0.0002887856887661851
trapped_ion,6.320757916467539,6.270774185976853,0.17302553015512415,0.8280855783800627,0.8588627154988118,0.03437995413516814,5.3800032197299625,5.490141865582176,0.11857383334575045,0.0019046337406246328,0.0022330122410171593,0.0001367842275282477,0.00042886462172199414,0.0010595551104370785,0.00039106628393903334
trapped_ion,12.19240319042056,11.297403886777964,0.6118286535881896,0.7263255857749487,0.765632211790442,0.04206797168169359,1.9391616489156083,1.8332096715881212,0.13002043431700558,0.002169094425078268,0.0020941988662744044,0.0001929215355965832,0.0019833249039366684,0.0019138728655786847,0.0008329174290941195
trapped_ion,12.697563929880841,12.309970293344508,0.8473885073887681,1.0489219378668253,1.0246380684244298,0.07117005536326576,4.134394070495653,4.1260151872689255,0.10097404896525242,0.00225336798629208,0.002179394121524635,9.48414727489055e-05,0.0031559350433329027,0.0032774621505045117,0.00019301882877661162
trapped_ion,10.531411427349548,10.784168584470626,0.7004218941616857,0.8762384401629926,0.9294732077163192,0.059618936896327836,2.380015888298092,2.2696578851237823,0.11511985467389235,0.0005230973366372418,0.0006151333364844635,2.9373957466974982e-05,0.002863715990071994,0.0027692510093473544,4.146663809387798e-05
trapped_ion,6.134234717888074,6.657530620724099,0.29519258770096385,1.3827089751685795,1.4009603974816203,0.06340337202960009,5.445353694104194,5.426765051129035,0.08638909901929592,0.0021459840102058397,0.002098709321718857,0.00015581317774372328,0.0011540851593978684,0.0013079833431465433,0.0005421017162724646
trapped_ion,11.725400759312334,11.870184900812479,0.3409051250531132,0.6972453107932142,0.736268234629664,0.0419801143702249,1.706804470159905,1.593394235138008,0.1263234600950633,0.0018361067056482236,0.0018994225916223071,3.419209623335992e-05,0.0005535789550769528,0.002022718144824841,2.8825083560132893e-05
trapped_ion,8.317637156737714,8.056632040976478,0.11656082670667747,0.942278765341358,0.9462980341242208,0.057544154685503134,5.391126047769104,5.343429191228212,0.11013910542377278,0.0010730918252956538,0.0009402346719199827,0.0001315342160097535,0.00013551977176501684,0.0024957897563276992,0.0006991431398496776
trapped_ion,7.547082510898219,7.238092273044107,0.37368743182108893,1.0109658670780404,1.0160785205678766,0.02835948994248739,3.979697555736575,4.0478043152755125,0.1064860679947281,0.0018142931680258045,0.0020295648145383306,8.255005205022519e-05,0.0016437769154551791,0.0005290760945890429,0.00015746342283805485
trapped_ion,9.643619417138229,10.250524064153678,0.9407002236719476,1.2321122719543074,1.2848934791453066,0.025610698870093252,4.5432330578322055,4.564510905068809,0.09176783912484651,0.0015465063264191135,0.0012868737865088732,0.00011102086409195141,0.005721349714226082,0.0002615910659870022,0.00041533842496086263
trapped_ion,6.2579568106099,6.381233639288031,0.11198542950377957,0.8886265451941024,0.9051683843220546,0.03688496620543929,5.1196572900015855,5.183478941826416,0.10871620538430264,0.0006231512892627711,0.0005194137520112097,4.724809169113997e-05,0.00017567101984398574,0.001112161707987873,0.0001129628170478735
trapped_ion,6.82011016565771,6.796997162038902,0.26091334399900207,0.6052664021780317,0.6014033989257251,0.031757603516071396,5.449333050142913,5.256960951974792,0.13984988179718175,0.001192616589717209,0.001303350892480361,1.388135674044401e-05,0.000876433416674534,0.0015217792856024588,6.437887704240843e-06
trapped_ion,7.306957373433958,7.667769868038362,0.3993719736022015,1.0619136506882212,1.1098513892249904,0.08444285160480794,4.39833596203172,4.440898201963447,0.10807306306700962,0.0007727912166495553,0.000687897654293446,0.000132936039546184,0.001720913366702922,0.003921865102240437,0.0008167787797244493
trapped_ion,7.775881481848307,7.579337026315956,0.4171396620822005,1.147568427229403,1.131357345448791,0.09788421540104342,3.7441993873129267,3.7449531676193346,0.09122249984875026,0.0018961050257180643,0.0024022670247526995,2.9829611286403466e-05,0.001911355486416064,0.005061088898146065,1.7127004519739367e-05
trapped_ion,7.425872632698209,7.971206065780849,0.2287636110083354,0.9890961456810282,0.9764097660607175,0.08732975316573308,1.4903355341448181,1.4713758132564576,0.11110973939440075,0.0017812024024673088,0.0018650261903468137,5.251284530319535e-05,0.0005310693461018614,0.005418932110379528,6.917286652562337e-05
trapped_ion,11.763932984011877,12.343988918387035,0.25872802412483054,0.9336024676133091,0.9044103737202972,0.04931981572379376,4.9860433226462035,4.902073406976695,0.10329553351041161,0.002181632220741677,0.0022899311237969647,0.00017941255006958084,0.0002923924499157256,0.0019914286962685406,0.0006543364055711251
trapped_ion,13.533755444576126,12.928395810521035,0.6570683122805466,0.9666121755858306,0.9754786254691247,0.030331581303449602,1.6913722415843984,1.6211289475894897,0.1023048016325311,0.0007252998789786417,0.0006124714315744778,8.155352341679843e-05,0.0016976286171164617,0.0006548906834513138,0.00032009635896312953
trapped_ion,6.541419736021857,6.680988041382494,0.08962886886141269,0.7118766694346994,0.6689788914669553,0.08862923152854836,1.1610943605796389,1.2517635737913173,0.1392857631423362,0.0022335658177064384,0.0021908090195489043,0.00032827627064287574,0.00010588981008917075,0.010335610970147435,0.0022995686746269256
trapped_ion,8.288023560658827,8.127522142798922,0.18069023360458067,0.9710097617405333,0.8741976311228691,0.013326895805445188,1.4214848284181933,1.3066783220463738,0.11110768191458818,0.0009526373749503746,0.0007875715970506301,2.8660043243531257e-05,0.0003210448345829966,0.0001544089762748591,3.5995180952554885e-05
trapped_ion,6.112305784862394,5.602209874411751,0.20153626058862298,1.0958862573773323,1.0129688489977111,0.05266752488297798,4.658695767056019,4.545711493899138,0.10636311874570188,0.002328666251893567,0.0022093567701852264,0.00010111049743925194,0.0006658168212675568,0.0018357724579252796,0.0002161753524494123
trapped_ion,9.613825797617304,9.874335501805685,0.13905917031761203,0.8258290904027882,0.7853635028069785,0.051679336519004984,2.340764694633768,2.3035239056807866,0.12614342967442993,0.001186477522379188,0.0011907381032918555,6.156110049617943e-05,0.00013447928098571287,0.0027753513175410283,0.0001342575868701115
trapped_ion,12.872031344070987,13.091950852699165,0.4335356049299751,1.3359927254908341,1.3780743328377627,0.059011355015028404,1.4495842532492218,1.3520647499935547,0.08716504453786035,0.000854333757586195,0.0007792584828569338,5.695529975301954e-05,0.0007178678147357891,0.0011787361271102072,0.00014278533527051112
trapped_ion,8.318923729080712,8.969584264282627,0.476629661449235,1.2848229244948666,1.2142710891599648,0.01702252407333365,4.329124576166614,4.285369946417515,0.09669443592421757,0.0021479108534452175,0.0022177187814045466,9.397709392068202e-05,0.0018875821295982736,0.00013129467227448194,0.00018598453445494676
trapped_ion,9.744907126442587,9.507990346206977,0.20439483143344786,0.6669821157257354,0.6766694715123548,0.029593195139031518,2.254962615548612,2.2910421957754203,0.12917481884172807,0.001912961704450159,0.0017116039463766712,0.00014988043822615203,0.000312108215547288,0.001134443636958944,0.000608807290008013
trapped_ion,7.662652453210486,7.623144891112683,0.5275049281731926,1.0366465450598656,1.0479295607739572,0.026769501304259324,3.2409822676476567,3.3435181162991614,0.10281614543415582,0.0013131875137055772,0.0013519584183855683,0.00010949740207230332,0.0030295589078262325,0.00044337505133017316,0.00039061848962111147
trapped_ion,10.488439688925329,10.906989333955396,0.1523368660356491,0.6823366082227416,0.649200263066931,0.057667108892044065,2.025124854231652,2.0958891302750944,0.13496518010102726,0.001773108428393199,0.001803031831125358,3.9712313402970515e-05,0.00013234141841667233,0.004554865451711675,4.0811971349369915e-05
trapped_ion,6.317221625213703,6.422190274587217,0.271707807908121,0.833652026302908,0.9014330014841146,0.0782146037635723,5.206511764551378,5.1996867337380035,0.12260021683093524,0.0012500997305257846,0.001071451765371662,0.0001259432672129776,0.0010255909442250554,0.005038047430395938,0.0005981379796500313
trapped_ion,9.555198365395814,9.730485524907609,0.31330476436857757,0.666709206148105,0.7095062709557165,0.035797424226866055,2.0951960144194715,2.00553512968752,0.13395393580361775,0.00031319692415940386,0.00023988932892116815,5.689663067236749e-05,0.0007020593707160503,0.0015528850201183674,0.00019067615385212047
trapped_ion,9.38183183441199,9.858750434053484,0.8157743226707941,1.338985973973074,1.2460242414089862,0.021322889300328912,2.541868411153602,2.5441486606010555,0.09594384399983916,0.000736120197728715,0.0007033107230282945,2.592881871267194e-05,0.004642096470187317,0.00019445615331383122,3.08177289756217e-05
trapped_ion,6.369049144725104,5.982070508243092,0.24311697064512408,0.6633043794425899,0.6664360291868251,0.021358356725724635,2.2759817871160326,2.312258237435635,0.13848210745004128,0.0009973944008842143,0.000919055004254441,0.00011230259890326818,0.0008976143919792812,0.0006033375572635748,0.0005153896678682778
trapped_ion,9.88675205705304,11.196246860199354,0.14569538940265775,0.7234781179351125,0.7896229732983048,0.04302444501364364,4.540548590427824,4.522011296899436,0.11185654335789827,0.0009108951618579563,0.0010189047833614698,4.4696867796443246e-05,0.00011462260186458623,0.0019071246105460556,7.744788095507516e-05
trapped_ion,7.304021753299301,6.982581137591487,0.33610508098824043,0.8557174715497955,0.899009550412316,0.03982039133912816,1.476645636630647,1.411927338125306,0.11089637173301142,0.0021296159507321164,0.001961996170185801,3.568476623951174e-05,0.0014005745623330533,0.0013121583374634384,3.0430498247977014e-05
trapped_ion,9.86608427093965,10.017392538069934,0.5155821616760604,1.1937076751565687,1.220975792588329,0.03778480707183837,2.3724200582753996,2.2461249872853957,0.09376886555630115,0.0021209496328735765,0.002118218870243011,0.00012845488523511014,0.0017979483571066942,0.0006390274567914875,0.00036491312043818234
trapped_ion,7.487918943814346,7.537607390967815,0.7061065341115018,1.011074734227266,1.0170096043939925,0.04024938545718851,5.127291477323702,5.116013964898005,0.10072122818989708,0.000991158116963593,0.0008926790561689501,7.606507712302811e-05,0.005523185398544698,0.001063795695843347,0.00023977051022645797
trapped_ion,8.420419674512832,7.68222184874547,0.3212251830634189,1.219220816479889,1.2323605552108672,0.05440970521018747,2.7316514577060422,2.7739939249514887,0.09964786871780446,0.0019216698030738667,0.0018925585409123326,9.116627467923094e-05,0.0011100767696215108,0.001297895263422841,0.0002056269500416144
trapped_ion,11.252738380107694,10.982560413284258,0.6516338077313449,0.6864536893647686,0.6605144635782999,0.04019009889839039,5.392803567696458,5.489266023772923,0.12735289009761622,0.001234593481978915,0.0010696777836967008,9.827698890127672e-06,0.002387154359403695,0.0021621424114224175,3.6455231367047053e-06
trapped_ion,10.378695163293724,10.449801690991539,0.397270586378531,0.9107219151673492,0.8680617623139901,0.011158585058833678,4.815595169271199,4.691981525396781,0.11407916189906886,0.0018316905752052508,0.0017373037762235554,0.00017940801713455434,0.0009820196795518711,0.00010958461426683508,0.0008610443467554824
trapped_ion,6.048207347049353,6.190581694027645,0.0799766628537491,0.7503994301597732,0.7355315657730399,0.0278597216505391,2.8066703829620376,2.838588889653244,0.11931509266962846,0.00145371291556449,0.0013552861806269269,0.00014651400018103058,9.312771276586635e-05,0.0008921760536944388,0.0006981615430971405
trapped_ion,9.892425687842437,9.912059603996452,0.3312128117316384,1.037036480233174,1.0291620542162536,0.04624770165582603,3.2365223448138494,3.421627368729527,0.10507819676668843,0.00036119220292053,0.0003969166377479158,7.362146283065358e-05,0.0007573248243148874,0.001371942267145614,0.0002930747911842276
trapped_ion,12.714693376932564,11.709407414108776,0.5130083001093801,1.007955754054916,1.0730104637725852,0.014739634009724492,2.29652962159399,2.2622431147381876,0.09970431661934186,0.0014897322102180443,0.0015599321571874117,0.00012043836829696312,0.0012913853788931503,0.00012813023501086993,0.0004246512559811799
trapped_ion,13.748574927369965,14.53912306643895,0.620103045573159,1.241287037738363,1.3524190332007064,0.061675676355603504,2.6492173303420374,2.5960168459960804,0.0906353510773604,0.0012919460926859902,0.001561288424167804,0.00017094828246442363,0.00114307752176525,0.0013463934005605645,0.0008549311612138654
trapped_ion,11.771435376664435,11.040219187630335,0.47419687022056917,0.8005117774098887,0.7762771352485327,0.04391595339957923,5.304283654079353,5.533989254446969,0.12576875281166858,0.0006268018734925523,0.0006992890297990587,0.00010289459427930522,0.0012504306155662018,0.0020412829360631772,0.0004863569676499017
trapped_ion,12.087149357825307,11.552544068719442,0.35645380338523935,0.7677777828883621,0.8129229150464973,0.0201164305333706,4.144641071080619,4.091431200243633,0.11385859300427285,0.0005795541728854254,0.0005940558243769695,7.222813105456278e-05,0.0006418808317633593,0.000397785468996494,0.0002535764801833867
trapped_ion,10.111008681731061,10.311695944289461,0.4222909862560515,0.9452153791330087,0.9407791153061551,0.05544889640090424,3.2102882613563626,3.1752595069050997,0.1064589101860127,0.0009141012770981457,0.0009269128285107981,3.329753089057653e-05,0.0011394619344595159,0.0023426384561762753,4.512047536829665e-05
trapped_ion,10.302523650159607,9.866695800851593,0.2535153909606113,1.1271540598609515,1.1534585661400718,0.013699296247239411,3.3008576364920463,3.349430210972376,0.09647908357593422,0.00246241882970133,0.00248363110222867,0.00030189330887622664,0.0004476213473173717,9.512515380919778e-05,0.0016866927193900688
trapped_ion,10.896562134366432,10.434908436474586,0.4552886991867504,1.327875523375273,1.2595761136756012,0.054945155649905965,2.085799416688223,2.039806788066213,0.09196048681443035,0.001004618015984847,0.0009597081952723878,7.615968790794168e-05,0.0012934878459905628,0.0012599826488107046,0.00023198945004503704
trapped_ion,9.847401891502772,10.06215663554477,0.3277462520417744,1.0818530536351079,1.1467687937126623,0.09249274587833833,1.8839038368519732,1.791139423905802,0.09834120613518692,0.0017147401052877782,0.0016686747034547226,8.843454524921557e-05,0.0007202567593770863,0.004390621476764741,0.00021661486063557616
trapped_ion,12.743834545274169,12.047817389815247,0.20063181734998026,0.8618833609450129,0.8927552662764102,0.04735929100628858,5.443664942666878,5.480116337678845,0.11550625146856952,0.0007954890553678079,0.0008298620374848268,9.033576910107377e-05,0.00018558326226669937,0.001879231806640944,0.0003496483158256497
trapped_ion,8.828744506710386,7.965110343826532,0.2266183027963488,1.1590248250828634,1.1692935364010542,0.04242064455915694,2.8810114170460963,2.9799517492981806,0.098191756015024,0.0017915860664024868,0.0020089694532653968,1.806457526341246e-05,0.0005217967193661523,0.000885699134647804,7.618042924117623e-06
trapped_ion,12.088748751932163,12.287491995688061,0.7278590090736411,0.7181756493072252,0.7030738747393263,0.022799869004678855,2.0883760204431514,1.989499350547077,0.12392325380458287,0.0021435395325627433,0.0024108612332267073,1.508100402853868e-05,0.002337934216873769,0.0006382241426276736,4.359537818369915e-06
trapped_ion,10.332813943810521,9.284497238171243,0.20167410650202583,1.1537770366555666,1.1799530920557952,0.030441033534398827,2.201806485174341,2.3586913723986016,0.09808966885095026,0.002077600476072765,0.0020261558233613886,3.4501260605268445e-05,0.00031752000886462123,0.0004471879859612596,2.755179536476894e-05
trapped_ion,9.245928212871155,9.234785571223407,0.20983894733742525,0.8799504922146604,0.9050686893965322,0.016616856169431603,2.3493751009143855,2.4440506464219793,0.10806864539165983,0.0018051598229747304,0.002096019706269385,3.774673559693861e-05,0.00034714036931069044,0.0002257629745289956,3.1857263733734175e-05
trapped_ion,9.850652461582602,10.308106862143436,0.7471048219708986,1.11731373214643,1.073080220695096,0.03255202483336632,1.5450688111585316,1.5530190172162306,0.09937687307761416,0.0019065178295060044,0.0014041173586457254,2.84588854918885e-05,0.00356894157586314,0.0006248511195800616,2.5685085998211924e-05
trapped_ion,13.099477309004135,13.250424627627934,0.8596250195286995,1.193687256151717,1.1275580711348943,0.06427884358134175,1.8897330465311724,1.7816744312308295,0.09605398983121322,0.0019437191365253884,0.001877726542656302,8.713358624097029e-05,0.002744364486366924,0.0021980973334000445,0.00018923873202673084
trapped_ion,9.83668500290354,9.996823871270806,0.4987914840938791,1.0855712450574397,0.9725937788806491,0.06271970214125482,3.5383152273832357,3.549404422662614,0.10497508974238966,0.0014502105653239595,0.0013024930406048715,1.3489931521857277e-05,0.0016894796896091513,0.002816006672875803,6.082642619832871e-06
trapped_ion,13.253721849323934,13.096655404223153,0.6758077760087493,1.2865768300218627,1.205383989744033,0.06615631514696782,5.3043766851696,5.478186414476577,0.09602520031927955,0.00048206504813529615,0.0005310520315659907,4.0494919027677794e-05,0.001742926589896562,0.0020155919964389988,8.245936147408977e-05
trapped_ion,8.944716216249319,8.961231807170149,0.08907126883195382,1.2976674256004244,1.1821031420610713,0.04920234446427828,2.346934655704658,2.301435716851399,0.09624465225431586,0.001186829975427579,0.00101055453643155,7.550843091926758e-05,6.602970900454983e-05,0.0011636426605570321,0.00022200197893525452
trapped_ion,11.558516182005842,13.54158596845605,0.4700133525520458,1.1426461638860002,1.1465281269638905,0.04955328492702962,3.9269525884998693,3.948860504216324,0.10097765243272483,0.00038853918147989044,0.0004719712911629667,3.2785334566367366e-05,0.0007795501258700925,0.0012608123347465983,5.580359350712588e-05
trapped_ion,8.829022774490946,8.929124042073502,0.05413437324399782,0.7195765812831884,0.7593343685954222,0.018101203827938072,1.8226739240863044,1.6558513960344652,0.11883224552152967,0.0005838272897983059,0.0006221769166109619,0.00011542995890489565,2.454599128944444e-05,0.00035889021091519476,0.0006379213956041276
trapped_ion,13.94201176981361,14.547499123484867,0.45625531236527517,1.038793593985015,1.1391390615210726,0.028032439654145758,1.965608825260488,2.057476758110898,0.10070488347695807,0.00035655717400235687,0.000319096521099359,2.2144674989143585e-05,0.0006179435215391714,0.0004090888992899567,2.766233493405004e-05
trapped_ion,6.784862463225508,6.8772818005357355,0.5285950318357946,1.0999555277184536,1.0751213081134614,0.029439468785328323,2.636025919490679,2.48186472033537,0.10141654020806695,0.002480187090105224,0.002782066039358208,6.104975851517022e-05,0.0035390816337760394,0.000509088187389708,5.983767603769156e-05
trapped_ion,8.89752067234912,8.375365965169614,0.33308014801890606,1.0488710822572296,0.9213163417016812,0.030606857771558582,5.565646458359482,5.657783251813869,0.11311753996748526,0.001695021213681532,0.0016056643238950034,3.505557884593774e-05,0.0010379123583232818,0.0007416954366810163,3.514633707193069e-05
trapped_ion,11.723246976236496,12.825600897673574,1.0663401059618647,0.7339368002528672,0.8032581464206008,0.025999804135653573,3.6655419192890735,3.495515607603671,0.11360922624361311,0.0015117808841252321,0.0014499679735106455,0.0001062075232191375,0.0045538942234088975,0.0006775520456595299,0.00034938133567850036
trapped_ion,9.989431656819523,10.150689740749332,0.28648544048868063,1.1679792492306922,1.0847919191258448,0.04749979038002348,1.5146229997919112,1.500029414546594,0.09887913085467762,0.00018948192403688734,0.00020494831305781043,3.4820412113200406e-05,0.0005409711289469726,0.0013011707535456715,7.279357413951636e-05
trapped_ion,6.486526662779485,7.1417369184535975,0.1566945193222074,1.050809526942265,1.0632714665673912,0.059664084988234924,3.1936844734177363,3.246414601974255,0.10353886583217774,0.0004232659920872001,0.0003492613236899706,1.023167935781101e-05,0.00029473230815350767,0.002138794043602928,5.809138960099162e-06
trapped_ion,8.216060644199885,8.103647779598207,0.3885519235326605,0.780182385718458,0.72689240782386,0.02301845656674844,5.5445797206177385,5.686187444007229,0.12236593551980977,0.002109742028028333,0.001932168123571736,9.567193336670523e-05,0.001491702558857811,0.0006198135083024828,0.00022201232883745412
trapped_ion,11.339879321131344,11.207210438931659,0.8447857398388641,0.6749006286172499,0.6561059810102032,0.05427615560811028,5.4092898983199875,5.419698218148019,0.15037168948034582,0.0014626259031178374,0.0014495578017988695,3.0542499234243883e-05,0.00384571496456986,0.0039787882074695914,2.8899472213111826e-05
trapped_ion,6.45467509824719,6.259757728334074,0.09636445220087501,0.7893208025821048,0.7937418319051414,0.01818689919438083,3.3203761479255904,3.42021881564381,0.11555868281555869,0.0002578496108191786,0.00029534124929543306,1.1413377057110318e-05,0.00013332228017013173,0.0003379521638515096,7.443925517604329e-06
trapped_ion,6.326631381397477,6.0746565164010695,0.24582421389940792,1.1462427050470985,1.1979821231662284,0.09204045886075522,2.9414880054106805,3.0768903163975887,0.10228553357864796,0.0005373777044143176,0.0004991060850337841,5.786467542824801e-05,0.0009007116452343979,0.003954695805605457,0.00017130015579194625
trapped_ion,7.014938349398961,7.184228946228252,0.45606327085750403,0.9395442581394773,0.9296350850440768,0.008724979377377593,2.9730405101388206,2.8010623010752846,0.10935265653717342,0.002029353138782117,0.002089006724931433,0.00010740847487183536,0.0024752782887834035,5.929034735377035e-05,0.00025884061250838986
trapped_ion,11.647362561660039,10.852773027386617,0.5476652777806272,1.3552786279545794,1.350230602024594,0.0371791279612983,1.3094984622743688,1.1983506459726136,0.09098996504264027,0.0010034041174278802,0.0010614473188557366,6.984439693209325e-05,0.001728149236420584,0.00049113940428428,0.000184925785891101
trapped_ion,11.09243350477636,10.678810808338742,0.27464386235696975,1.027127240506485,1.0315553180204908,0.04903638239406861,4.146536894891033,4.227770669745349,0.09844646670391827,0.0004049218792339242,0.0003151516940791002,7.299398777266855e-05,0.0004492239906354574,0.001535290200246579,0.00030120198462355344
trapped_ion,6.650169209816344,6.738703968195137,0.3476141158544573,1.2758960824548833,1.2873063172346328,0.021421134611171674,3.2066761073469765,3.1836285047140445,0.09494231870122835,0.00020910509942605922,0.00022426025659649963,3.9522374217680036e-05,0.0015742107860520975,0.0001822188643997629,9.279428850768513e-05
trapped_ion,9.420788370003905,9.968548888037503,0.25297852533693316,1.299077451406362,1.2569771131935923,0.02569827404874484,5.574907717225988,5.7740968499510315,0.09593677930575896,0.00184029421958577,0.0020232602128150523,9.084905884329795e-05,0.00043698510422868035,0.00027691572055907294,0.0001913133494355032
trapped_ion,6.29193439072883,5.51065213415265,0.3473072248739614,0.7524973162215917,0.7450812580671354,0.04418588684859842,4.152906835317518,4.046748554531192,0.13045451257138732,0.0005383072693577853,0.00047371280106421913,4.330463082082606e-05,0.002013878052766667,0.002201175834367892,9.72663011688002e-05
trapped_ion,13.266420472644182,14.046401112747255,1.0256340847702916,1.1395789071391986,1.1113106003657724,0.036663232956306475,4.684026129686442,4.5720302948207046,0.10115935433338263,0.00022775850908758415,0.0001954045843164254,1.5457690422702436e-05,0.0034010583137700566,0.000737283099623493,1.4420628252085945e-05
trapped_ion,10.80750002275764,10.512536047669986,0.5306621814200201,1.2699325437472109,1.2567688736858318,0.015637430664602582,5.428719012368821,5.347825616755787,0.09504046139716524,0.0012165530153967852,0.0012533479778471363,2.134416771153954e-05,0.0017312530245886706,0.00010257311205962611,1.56213071084496e-05
trapped_ion,8.593466752036363,8.12279585187346,0.29992406325192666,1.1540220510751418,1.1954250682884229,0.03818588839760192,3.3856242557285263,3.2946852743955177,0.09300937335240209,0.00047166301692068126,0.0003882924411808548,4.123912560478604e-05,0.000885385077356661,0.0006839133955557954,9.238943582802627e-05
trapped_ion,11.139253529067293,10.522556135668953,0.17718991796786915,0.8906594129639639,0.9369967976442939,0.051420181265130004,1.8532593461217257,1.8327034848722705,0.10814255490470147,0.0023577042912305817,0.0020466059354066193,0.00011970646691044593,0.00019264992419806823,0.0020296471814388126,0.0003283284533293446
trapped_ion,7.289909905584988,7.5312917878407815,0.16701144439016333,1.156600888670544,1.2349189272384162,0.08256345876427872,4.382121069442919,4.415826617482823,0.09176474804969323,0.0021484004319275037,0.002478485053385635,6.848879100270045e-05,0.0003093835893148922,0.002974712307979686,8.70249798865709e-05
trapped_ion,9.545844176284325,10.157689795553782,0.43939744598767405,1.179904696069531,1.228623398080545,0.12299178893598293,3.5787665475769117,3.679332342026279,0.09438583563660174,0.0015028513020582893,0.0013879957081161427,4.320124735884009e-05,0.0012708557264001757,0.006677122919934017,5.968296716220176e-05
trapped_ion,9.382429567722754,9.050561430642425,0.5538544996866198,0.8475463045497732,0.8272394362296592,0.03218696024950831,3.0394275824753256,2.8263988505312843,0.12104994067873456,0.0007364108341413732,0.0006872767046455934,4.3302939013078326e-05,0.002508171191458829,0.0009894680606230845,8.669581991468356e-05
trapped_ion,12.19244609071758,12.696690580605612,0.919286969961396,0.8542015453004972,0.8804309771341842,0.007300720596616496,4.399600100564136,4.469205535407207,0.11070118237852156,0.0013013114904497664,0.0011596367810507349,3.062789267093027e-05,0.003463579669800724,4.576681400011133e-05,3.377659554585706e-05
trapped_ion,6.842541684584052,6.755804594688831,0.08730016961588484,1.3918998788881518,1.4108919871133203,0.0470027178086684,1.4149837755646772,1.3859203683744539,0.08783121987001812,0.0005471670550864929,0.0005712662347659832,8.963749543167475e-05,9.894410802247242e-05,0.0007066646027404108,0.0003953696244835646
trapped_ion,11.971278358607318,11.764651278303292,0.3079114349170886,1.2333194989741096,1.231016701063192,0.020916844408706003,1.3266044256187863,1.4382285040602285,0.09555278928336466,0.0010017532368385232,0.0010099594732257107,7.948560784905805e-05,0.000460490869982153,0.0001922824819342308,0.00024608159926892224
trapped_ion,12.944193085340043,13.553013522664864,0.6007924078591587,1.283964452581386,1.2772080436540847,0.07024908235785363,4.37161657337349,4.3827416092829585,0.08840734345429806,0.0013551418008530016,0.0015416289143715413,0.0001137780287510779,0.0012711754280920378,0.0019954121997363067,0.00038254652557121013
trapped_ion,12.60059078992468,12.934735104772276,0.5808870177531407,1.0037724975988345,0.9436425666739436,0.007398103138277477,4.505245230073697,4.534545951720483,0.10733655259564266,0.0010967480966464173,0.001358851594161098,0.0001517224945367361,0.00132530042922062,4.1468062091968045e-05,0.0007473032991395141
trapped_ion,10.031770474302899,10.357733080948451,0.7458200717046495,1.395559173536515,1.2926767804142016,0.029808898331537013,2.5592436938866507,2.64138651514333,0.09544826954273546,0.00028495340239978256,0.0002844232981221145,2.317782436734567e-05,0.0035228697604093293,0.0003494938264603418,3.088200895620935e-05
trapped_ion,8.796966938213245,8.018816429320612,0.43315051122414494,0.9434426588734222,0.9563275505764259,0.11522579180450095,1.3349149158606264,1.236648379880886,0.10474736465165059,0.0017056984230124546,0.0017769293654267592,4.467698033926152e-05,0.0018857550296768112,0.009811902318157926,5.233814215571773e-05
trapped_ion,12.016343609268647,11.139719365958335,0.23637081383694064,0.9466461887340955,0.9616959937239441,0.01725287602713374,5.2607065317990305,5.203513848829199,0.10764206522282177,0.0013261505220694956,0.0014044734624861202,2.807007246825303e-05,0.000304918592620061,0.00021767437934935537,2.498345837949278e-05
trapped_ion,10.16295076372896,10.487063130828371,0.17081233988113653,1.3456393268606168,1.3223874709582568,0.05023152517832906,4.317405605570832,4.164054078145372,0.09609611342804462,0.0022689635373516204,0.0025113016464971905,3.773143478459638e-05,0.00018025300151958072,0.0009414802286182373,2.5999020098416197e-05
trapped_ion,9.913276712490322,9.90366621724389,0.2316326082558991,0.6113767215484545,0.6346373003132109,0.022742910918163533,3.4617411463376877,3.391368172683729,0.135828950184967,0.0009366211584084746,0.0009240860604181162,3.226677667890484e-05,0.0003710021436242684,0.0007296903433550359,4.24336659732915e-05
trapped_ion,9.744869121979217,9.193188250440002,0.69149106938041,1.398208957109529,1.4703565114639172,0.032403611089747264,2.7336827109003847,2.8601322656093426,0.08697263536466264,0.0021254155479972776,0.0020156321288453717,9.270054465895226e-05,0.003800807571705076,0.000303592518524392,0.00019994683144398782
trapped_ion,9.88376210947264,8.782664761233386,0.1232331318084477,1.387943096138869,1.2915627611078464,0.027270096452622912,5.079183857740226,4.986939943385333,0.09134153347147085,0.000390170488159526,0.0003641399158962936,6.149616140346006e-05,0.00013096251553729882,0.00029307818653061745,0.00020816106110224837
trapped_ion,9.033146288661511,8.310971400088212,0.9003373842175194,1.050562890621461,1.10043696131154,0.05213455556002736,1.1836132618941726,1.2700534707806272,0.09570714622747006,0.0023993047985978212,0.002116415756440237,7.836930054939423e-05,0.007682226226174956,0.0015217181661383152,0.00013594606902781617
trapped_ion,6.3844545461664515,6.719965730007243,0.5103022890744395,1.1448066733740418,1.113583735442527,0.04661561032434682,1.8770882066471644,1.9474555769970652,0.10336614408362053,0.0022310367676221738,0.0020790706100825194,1.4965371224857667e-05,0.00340546010055396,0.0011867967187380176,5.049690056118805e-06
trapped_ion,8.53968487110759,7.86280329919512,0.2838003057961532,0.6578415770300737,0.6166416855365506,0.01231882015680723,4.067443752659226,4.084984103529968,0.1422703985693371,0.001944175546496785,0.0018478950643061234,9.631662935649294e-05,0.0008354214467348952,0.0002220315215429625,0.00023471533400766853
trapped_ion,9.568933402852188,9.474281884001652,0.3155649599310069,0.9309077832575373,0.9930540440926251,0.0719811203992152,2.3447552177692517,2.227138350634139,0.11349794654279098,0.0015692769901276256,0.0016383920229575636,0.00013632690295270274,0.0007488908567993904,0.0035640543654424767,0.0005227469708051482
trapped_ion,11.628344453004559,12.05915867333033,0.4146362157146948,1.3166517406661113,1.2725277695950568,0.016123817827378966,1.3508337628505969,1.4121341933052562,0.09326507997918189,0.002007618523749156,0.002067862217119084,5.349241991193896e-05,0.0007909906496930977,0.00010600603728971328,6.48759325498961e-05
trapped_ion,6.08193074037464,5.852663425497222,0.12696232428425655,0.7500103379106934,0.7528715972094392,0.028667248816087322,1.2313384318381075,1.2201481479983047,0.12581652519354272,0.001851071077810799,0.0019122492236653857,7.878401728311118e-05,0.0002512712628313209,0.0009120181199614381,0.00015205759820640697
trapped_ion,7.421285591166691,7.776775605305981,0.254487800837018,0.8517138201082938,0.8589746324674289,0.06375539303606893,4.518733683595596,4.568117599312789,0.10397448695927243,0.0016023441814064765,0.0016565751381853009,0.00013574714876996596,0.0006835384943141799,0.003642920062296675,0.0005135408010191044
trapped_ion,12.689484907971579,12.685175014751232,0.16029557845432604,1.2786756246341846,1.3094523073205784,0.03978938581427761,2.5424670537538727,2.637047693978177,0.09509889126132842,0.001685623012752701,0.0015753107051068257,8.424369709662622e-05,0.00010552714207877199,0.0006044096042408272,0.00020614161324293272
trapped_ion,8.27088230992823,7.900148602424706,0.2711218027888777,1.2999291552900127,1.215629424121947,0.012461336872526416,3.8381061448231497,3.862632940876147,0.0945362870014795,0.000449976354989982,0.0004047926392348802,1.782803975667132e-05,0.0007567175537314847,7.018607720360472e-05,1.711276013412137e-05
trapped_ion,11.251924371298806,11.591903041976721,0.4139416486065055,1.060229468385734,1.109682065296391,0.09217477406492404,5.145499221213184,5.389629219582961,0.10843652892028631,0.0004935500350655775,0.00046099734083600313,1.8687693024122297e-05,0.0008593079820986637,0.0046744403734384245,1.823868978407457e-05
trapped_ion,13.125924679917325,14.52659526852626,0.671332149797767,0.7047302363913164,0.6415805138163183,0.03290256522528986,4.437863795713608,4.595598835643447,0.1373696358279666,0.0008168802417508857,0.0007936575524465989,2.357923132782166e-05,0.0013425889621444863,0.001505885244570288,2.428518709858598e-05
trapped_ion,9.326587257301126,9.621219460459685,0.27619022256718284,0.8984461404269586,0.892708695759816,0.050805737410482756,4.025758949277146,3.8442481043935643,0.11829143519098852,0.0008854314237545941,0.000831013125828934,2.7300018031289447e-05,0.0005573635906982691,0.002162896250554716,3.191331658036013e-05
trapped_ion,7.579137739229422,7.129158274740444,0.1908136327113221,1.384780084122588,1.3827183212812957,0.06218342211117116,3.954067261330265,3.949857623566459,0.09143197500054116,0.0024526534712964883,0.002505182395253368,0.00011430404850776231,0.0004381754356874146,0.0012983762235977865,0.00023930431069311574
trapped_ion,10.631909959883213,10.613024596120884,0.4598638551704149,1.1943013890962026,1.2796586786918884,0.013773254477138027,2.676138435589205,2.7995134026519457,0.09442832742897928,0.0014882507073921806,0.0014515568062160973,0.00017961908631339908,0.001275365498767105,7.636930299603585e-05,0.000998479587987186
trapped_ion,8.636096223129591,9.359701606141964,0.2222129913790413,1.37185934206781,1.4310526812118392,0.0412884697877094,2.6254185223318487,2.5351570270692165,0.08824609652852608,0.00030019848627280387,0.00028774944842161463,1.70009386040393e-05,0.0003798135622923215,0.0005268137550751365,1.6585092344613945e-05
trapped_ion,6.411597644677447,6.383351002681456,0.12039548756867527,1.1942510413465413,1.1848903058590283,0.013464329172601262,1.736207941702818,1.7544327024769577,0.09535969691959609,0.0016010883030174081,0.0017880438169813086,7.75189096181678e-05,0.00020296027802335528,8.669323078329283e-05,0.00015668667107271092
trapped_ion,9.58425800678131,9.470285033435834,0.29014102077802983,0.7223315879943609,0.6661663884680268,0.03173956726102958,3.0373428571563323,3.0546908628067313,0.13736056394868904,0.0019724323987905935,0.001946451586048364,2.7589808107187174e-05,0.0006335783914793501,0.001333105376518682,1.833192842279519e-05
trapped_ion,9.991915377812967,9.415957909025694,0.4865756552765713,1.3348397485472838,1.4494124954856256,0.014188288225569008,2.9858710435603486,3.0217363433473774,0.09018859665966462,0.002315260337728313,0.002547255316543225,0.00013273731089442065,0.0018010356548252456,6.029968486761449e-05,0.00031626039660820473
trapped_ion,11.961778218280427,12.083507182623094,0.7512406687437679,0.9903692076982044,0.9395746708028496,0.045404152142792455,2.1002778003980493,2.16706212557828,0.11132434338973787,0.0020741409687479524,0.0020197877455971776,7.92606864569163e-05,0.0025849906027984844,0.0015744907433165247,0.0001458710317928878
trapped_ion,13.584779096345494,14.79519357971579,0.4175913404543888,1.3176218886700242,1.3295672964909642,0.014220596593301498,2.256402057778369,2.170206006705903,0.0916906558256936,0.0019695871467071617,0.0020339171992905364,0.00020050703574487814,0.0004965063016338689,7.450673591116584e-05,0.0009269708194697749
trapped_ion,7.762865550966836,7.58380898606911,0.27586793306037855,1.2112244918805188,1.187882496486334,0.06491346064976261,4.742194192520238,4.684993433638958,0.10209398197194815,0.00031253893577644175,0.0002978242113572935,2.605337870316632e-05,0.0008351945314766396,0.0020039684010057816,3.8735907863736446e-05
trapped_ion,10.83731542510125,11.483473751391168,0.5505655746938333,0.6357895847351228,0.7053713926832208,0.036949911029409345,2.5531096022950126,2.508321634604761,0.12787556498546507,0.00038826067187438954,0.0004223096336234777,2.7595241948422664e-05,0.0015511392166529501,0.0016684339786444031,4.061197965285876e-05
trapped_ion,6.526575801088149,6.8399354028000525,0.5413118920179989,1.0614090579090347,1.0601935942846195,0.12764974513049504,2.538390098110331,2.6139891716712595,0.09816336650111694,0.0011103709424735483,0.0010222107209693983,3.3463093686759395e-05,0.003739675580500132,0.009847729431316146,4.333425618558959e-05
trapped_ion,10.048843063443709,10.270357179754708,0.3031629221822097,0.9717655121602471,0.9394016180327562,0.04647955170759617,2.260779848880385,2.183292167738148,0.10961578493263785,0.00033559004370007435,0.00038027456667297314,2.2895990390938497e-05,0.0005919531634787849,0.0016505199271326036,2.860314865202695e-05
trapped_ion,7.073344233330557,7.163515360627164,0.21538390145015024,1.3942698322932796,1.3743513272858072,0.04761243378807822,2.435430867538021,2.446455647667764,0.08901751872471104,0.00023701069601215013,0.0002832400762067064,5.577640431376502e-05,0.0005544041251985273,0.000772309150364076,0.0001789540873287248
trapped_ion,7.957095283590001,8.341703352981588,0.5415643324852384,0.6085551674290995,0.5897538238216017,0.041493839385378845,4.5266553004389865,4.624944743181515,0.13962069110799127,0.0011287349179101049,0.0011183887192596667,4.124962112613247e-05,0.002762466545256411,0.0026597012168453975,6.260331226619562e-05
trapped_ion,8.594235220093708,8.431281725658657,0.2898269884762788,1.2611808618493243,1.3121651607054516,0.04900813105613973,4.662748696801945,4.606331392991846,0.09481633729907923,0.002210165225119482,0.0019931999297175163,0.00015620165519668398,0.0007770895041068513,0.0009125262743974341,0.0005740702605963956
trapped_ion,11.14027501426634,11.379591804174202,0.1574577730580521,1.299928704474591,1.1330365705865049,0.018431282355379646,3.168719784774205,3.2461127820021005,0.09716801144616233,0.0004217296720244934,0.0004276816575669015,3.5504567935477575e-05,0.00012935459433792716,0.00017888096850517826,6.7033080718055e-05
trapped_ion,9.894681378618742,9.671593485866238,0.9264775553333534,0.9604083885096096,0.9101157210302715,0.02400814866581306,3.968960130753735,3.887001043051438,0.11072085854810101,0.0007728467924544377,0.0009390623867469285,0.00012441695437731117,0.006210257269062277,0.0004665829601922349,0.0006259174012373282
trapped_ion,10.816671859395706,11.692230325236467,0.3758697471904724,1.143278867920337,1.1599578962869905,0.07487791126866844,3.061566866715357,2.82773891589824,0.09884241483699074,0.0018824948098768168,0.0019018523056520019,8.012140325892482e-05,0.0006954455750806625,0.0028077525184504364,0.0001580840528154253
trapped_ion,6.677197350193252,6.343175877579105,0.13850816478734088,0.6200151041098054,0.5724287051358039,0.08169158765357512,1.5077897666436153,1.275441652699245,0.18278756253377787,0.0008786056962790358,0.0007922358936184337,7.251937494274344e-05,0.00027081874362748086,0.01067492948976205,0.00022988956426609074
trapped_ion,11.62827142357201,10.869759043510378,0.19621445708749588,0.9464888547616797,0.8912589159679819,0.06168984627537762,2.706233356199462,2.8136805093172423,0.11470107562527669,0.0013998623608078595,0.001335247963644138,2.3678851520220064e-05,0.00022111245150251778,0.003198077686168944,1.842562066119117e-05
trapped_ion,7.263484609787767,7.049945972877485,0.15278277479047642,0.8278496317735122,0.7839247370036332,0.030969151138973697,4.884720592180191,5.004859824744264,0.11432566525365698,0.00015581973083023386,0.00013850899761541608,1.405664101220031e-05,0.0002854718763833116,0.0009995508980780016,1.2302925658458069e-05
trapped_ion,7.001311868401521,7.3884902213108985,0.34973386134458895,0.6046409504263129,0.587687291552403,0.03662475849693976,2.4691806767771287,2.494901754837647,0.15948943032779456,0.000304923429269084,0.0003128963392724504,1.956011864435811e-05,0.0013965306619609262,0.002080770502350335,2.1655108183299804e-05
trapped_ion,8.755607234066307,9.196899337099742,0.34407263836201385,1.2163027045717385,1.1655866510345705,0.05042905006811846,1.9213978373931995,1.9133970124112347,0.09296796411080281,0.00020026407537944573,0.0001509269804174401,1.3192148992188773e-05,0.000940338906764257,0.0012603076871825882,1.0762573372551882e-05
trapped_ion,10.265565575376998,11.203500409186919,0.20822560627251477,1.1941668104029577,1.2068060306047272,0.07867231110858768,1.4069626889176294,1.2766396160180913,0.09102576894656006,0.0024726346355152737,0.0026468537414891385,8.921188113615447e-05,0.0002338056182767252,0.0028429728245772294,0.00013622335431734105
trapped_ion,9.525657035938428,9.783971169396903,1.0484507768782412,0.8001979677153761,0.7927054606540811,0.01257498436361086,4.126818907369494,4.138511474523151,0.117193758989105,0.001700637449905372,0.0015514051977094673,0.00012818776513710066,0.007780382738811589,0.0001619053291204618,0.00048315775038938936
trapped_ion,12.251342924792219,12.332755245753134,0.3458703797017568,0.7871240631632297,0.8086523479215374,0.039166129622859286,1.874819922779845,1.9010936816241504,0.11139615486269815,0.0002624934785878444,0.00025597732997851717,2.8498388462525714e-05,0.0005235906144238392,0.0015209092661436303,4.741825837091863e-05
trapped_ion,6.367363899686031,6.2088195560465955,0.04260403603327044,1.1557872444691206,1.1795426999441143,0.05794412129958947,3.2397384611755937,3.269325675105812,0.09173925859236191,0.0021117858065957257,0.0019939956722943197,0.00010648138006143135,2.6329974672233125e-05,0.001621508276990677,0.00026666694264384225
trapped_ion,10.680224899075327,10.028371371332515,0.39090765793574483,0.9487231068867923,0.8999844628346871,0.09318679518572462,2.320006790345804,2.487162691827533,0.1092879857987703,0.0007365621258104539,0.0008185519420947816,2.931843120977939e-05,0.0010313471806521015,0.00717205486848445,3.705156816133716e-05
trapped_ion,9.567092062200004,9.682994789820373,0.33576055688049566,1.1623939761734345,1.1571830820485445,0.047320502552871284,1.579424002922339,1.6255195085179872,0.09411498973192226,0.0004505779584883791,0.0004108961084704434,2.1495710939257172e-05,0.0008138242607327608,0.001127169394852659,2.4795799214605258e-05
trapped_ion,9.704588766645745,10.29556645828123,0.9449649369331358,1.0695450359391743,1.0857612679051434,0.0746178300656714,4.598066198132424,4.5252936444801675,0.10188974871306142,0.0020198528007169246,0.0020241361595899373,5.233508593380456e-05,0.0057234350781436485,0.0032050676927679305,6.346019241007696e-05
trapped_ion,10.364185704664282,10.808610392121881,0.75881054084915,1.3957208463165678,1.443381397332666,0.08997450996152741,1.6507006429483457,1.6411606551922493,0.0925335086914899,0.0006202864120274502,0.0006133899305141225,4.450537243851699e-05,0.003345489044077819,0.002449820431380437,9.528087570988199e-05
trapped_ion,6.0450279333732295,6.576563800563843,0.23423486548575762,1.3412380109444593,1.3248293366973525,0.04545854524550887,1.9271160974192614,1.7977738026160408,0.09555627919066167,0.002349828235592307,0.002360693155614881,0.00021515825044767582,0.0007387015214446098,0.0007677468434043233,0.00090919127403756
trapped_ion,8.465393376306187,8.416935108122928,0.3786916511359463,0.7943209830471571,0.7700072079083772,0.014860633094406476,2.7710256220167766,2.781885654004837,0.12297509238026916,0.0017991071781586034,0.0017761813104739872,7.484484337450488e-05,0.001330497071531873,0.00023672280011265154,0.00014693942014645795
trapped_ion,9.765293539622332,9.989631941590634,0.20565617001494327,0.7934871758312305,0.7554019446125297,0.00584006278834412,2.4314903144179763,2.505508074459696,0.12360854442445594,0.0012604095882160138,0.0013083841418303945,4.794744705146987e-05,0.0002876105036141777,3.765653812725183e-05,7.66084919631476e-05
trapped_ion,12.80465962027571,13.446079641257606,0.7564452680039582,0.8798040991660195,0.8597665404888497,0.05808776992042756,3.916306879594134,3.9899814693973266,0.11620995513850352,0.001879669486637359,0.0017003745883412667,5.192050111104406e-05,0.002053229990577197,0.0030192397955765256,7.347479337413261e-05
trapped_ion,8.86228620914517,9.020051797767051,0.24602821213450904,0.6338167338144075,0.6000431464384639,0.014257995934835854,2.2873885789110737,2.2913384152719023,0.14332296827257096,0.0015212932050358706,0.0015756797813254657,8.762124535784691e-05,0.0004979243814741297,0.0003075857586443222,0.00022296045060199711
trapped_ion,8.910866059673722,9.274426616292423,0.6329339202686999,0.998264508321071,1.0112153065951075,0.024128320292333902,5.647133345995795,5.529366766529945,0.10209398197194812,0.0007976129562271162,0.0008173459638253393,5.451871856944592e-05,0.0031336509285444882,0.00038659911804192986,0.00012820210143350673
trapped_ion,13.864618802042429,12.930243905694935,0.20810578193973397,1.2708349368498646,1.1965335731935316,0.01748348475286423,2.1277685760876386,2.1115462554358437,0.09555802428771225,0.00239888854745669,0.0025928757676115977,0.00013121255183202933,0.00017023422854540378,0.00014307601972219315,0.00030236490490093555
trapped_ion,10.851019667130679,11.06213030665155,0.18800739275946712,1.0145730368350239,1.018111991561237,0.08247531758292749,3.6589059379821673,3.7807269570952298,0.10917004545604737,0.0006484606237184751,0.0005718347256961061,2.3210582232620128e-05,0.00019574751352332946,0.004457204614883189,2.650104343849322e-05
trapped_ion,10.53512638112247,11.265463216763825,1.1118475186675163,0.9013146405643842,0.957764753955473,0.05090936939060281,2.52617615562351,2.43697520424151,0.1091193379308138,0.002253123611821914,0.0023297434421021674,8.528100005910215e-05,0.00658908775336164,0.0019099648950429658,0.00014500279640397896
trapped_ion,13.569563900301524,13.509542479414671,0.5782475638462581,0.8622397390014503,0.9247771269264008,0.041860879773445256,4.987505910089233,4.984597411802267,0.1144903910958998,0.0004384114648638732,0.0004963211764543711,4.966016509079413e-05,0.001186545003828475,0.0013779575521501216,0.00012635739441777742
trapped_ion,9.507093777668674,9.7731103845472,0.1334532082337248,0.6626864886345556,0.7183248466521216,0.01498751561895025,4.518264450722187,4.7513812538055795,0.12454835804856229,0.0020629441794234107,0.0020592124370515524,7.013248262356721e-05,0.00012632325698609561,0.0002673742464309487,0.00011199487289416588
trapped_ion,11.097310444273399,12.343861422387373,0.12104537178479824,1.1179239465349755,1.3857542692459222,0.057251356607183536,5.573132522044888,5.484267256105444,0.08722504075381098,0.0010481331451452354,0.0010114099847916994,3.9363216060616205e-05,6.400083527177378e-05,0.001094817000909228,6.030472363209391e-05
trapped_ion,8.767377345623872,9.108968845216467,0.7024169603617547,0.6873158891320214,0.7419347998812906,0.024504492187062556,2.380624279157617,2.525150164321708,0.1229899729747459,0.002324326312276865,0.002405467936946485,7.754761291639472e-05,0.003987765698034954,0.0006813169608131437,0.0001155713574347007
trapped_ion,7.54779922771434,7.638479316835719,0.2551301899080739,1.36435570808493,1.3970295498256624,0.035963189311935005,4.967316187078107,4.971794054696514,0.0918130818190118,0.0021462810856121015,0.0020445433195633465,7.475437489773362e-05,0.0007064834592433651,0.00042367560190305456,0.00012817127924288763
trapped_ion,6.12078749943209,6.0437171755138435,0.22263321007365336,1.0241765774273568,1.0792915970301298,0.05283116639120898,1.3963723514666895,1.3871599511128354,0.09535969691959609,0.00045211435650244295,0.0004913222495908782,2.9915154129583195e-05,0.0007434160049995583,0.0016265547267152718,4.5976966266243466e-05
trapped_ion,13.363157047158086,13.371857602525209,0.6591803793777818,0.6324521277335929,0.6222810029568163,0.018741415397251247,5.335438503223304,5.397121360429182,0.14576423190727011,0.0013586541503592343,0.001232463032225726,4.006089217955028e-05,0.0015796028342910935,0.0005080699478623037,5.563146768703181e-05
trapped_ion,8.086159941208134,8.452475059828611,0.6081754793020522,1.1498037069947702,1.1719798553005676,0.015388433236598671,3.904514506003135,3.8947047717103853,0.09610188202146629,0.0005216604585972468,0.0005807383272786939,7.198376128033645e-05,0.003407269889682784,0.00011597399287155468,0.00025367513602701883
trapped_ion,6.6938332252016375,6.673743466797478,0.21967511445702312,1.3839236104656523,1.3899793543032317,0.054465518383438986,1.7203584326420434,1.8890697783922838,0.09085654446678623,0.0018068937340088387,0.0016758966516935865,0.00020061790092085834,0.0006370286237300251,0.0009836534041725692,0.001110686478573836
trapped_ion,7.955965621506079,8.968644842840582,0.3237143059137098,1.301149254116888,1.3001044918948919,0.04567070188727987,3.4081175489321573,3.3522388569874826,0.08985012470970108,0.001252138831698806,0.0010418361052977596,0.00012755472994703434,0.0008708603652603146,0.0008096181073339287,0.0006231691544064707
trapped_ion,9.340166198156245,9.665994803764196,0.30392443182447254,0.6621101175074546,0.6800211378855638,0.02159871506853369,5.273185264710149,5.517698287488435,0.12698988629324323,0.0005899418755773802,0.0005306079297172185,3.4771293170483844e-05,0.0006690317217566523,0.0006002036720964256,6.081135154328804e-05
trapped_ion,11.607738346234054,10.898884186641986,0.7906541265228071,1.225866441323952,1.1977777968416472,0.03215669064874678,3.872043336572556,4.012299203894398,0.09525926631654684,0.0009305409930340795,0.0008710216279471158,6.22993611259274e-05,0.0035704744104777426,0.00048290439863235763,0.00016269782884187448
trapped_ion,8.059787057009608,8.258947147954594,0.4703971103483381,1.3044851655549465,1.2433257099373527,0.038559339758736225,4.068506744578811,4.125022858813277,0.09449575878297714,0.00096971310801022,0.0009557259953931891,9.881710262084098e-05,0.0021190669573205056,0.0006390129420637664,0.0003913776459936901
trapped_ion,13.219748114006283,13.061410841049362,0.3881884831928838,0.8431027075129278,0.8872795623575204,0.023523903737268762,1.9649104802316606,1.9855269652931882,0.11367086351662914,0.0012202201654801035,0.0011128745849035766,7.348961673100807e-05,0.0005786726279394569,0.0004687240313736316,0.0001992802668394835
trapped_ion,11.266180323604875,11.084046111020163,0.4600933570691789,0.6695879141286769,0.6487855745062705,0.009989999663392746,2.542092255482472,2.643088370819366,0.1392979247104014,0.0018425242059635593,0.0017897563467727474,6.770294075689839e-05,0.0011674632562134713,0.0001368092840694433,0.00011941446424242
trapped_ion,11.317384109233718,12.220936242569941,0.3242607327685511,1.1527029338038774,1.0995093980709278,0.06189999769154422,1.9253641124331957,1.8777319123408784,0.09628702729994172,0.0007789154071044766,0.0006649123513914505,4.4673276370286144e-05,0.0004696657666831252,0.0021489458934780617,9.338218434631967e-05
trapped_ion,10.07349641994252,9.62737148239493,0.41537881835502394,1.3811036604640268,1.2775577710160453,0.08420613275247016,2.291884511912691,2.161311230501449,0.09858558466698174,0.0009916394680731836,0.0012298515002208033,1.0963428799231894e-05,0.0012591789273403214,0.0028652776526740384,4.17217694419841e-06
trapped_ion,13.925572385112797,14.265306949619891,0.4187945685455504,1.0378180891011426,1.0505740350147414,0.045079304718848176,4.5594441422526595,4.371239018895891,0.10543620359035795,0.0020800102633387824,0.0021535014476391913,0.00014165191499239328,0.0005461981271276569,0.0012509618283347871,0.00043609372052423904
trapped_ion,11.631240979465593,11.21079928729255,0.2715699994763545,0.7316349958535757,0.7290823062838934,0.06809246796714687,3.3582199790222207,3.41366606586379,0.11912784124685648,0.0006471519355272154,0.000618603863175002,1.0613459114935526e-05,0.00039715012681423476,0.005399791936926774,5.403532801129592e-06
trapped_ion,6.62956526488117,6.579489284395822,0.07101102343578863,1.1605459114231071,1.158678969023042,0.011277656720873106,3.1467246908784583,3.1110139967825163,0.09669443592421759,0.00020855386789994226,0.00017372059849584236,5.729992612451062e-05,6.785151649352702e-05,6.384412104264248e-05,0.00020052269310830048
trapped_ion,12.593232475746532,13.335782785685787,0.5088595477359832,0.7715112623629944,0.8020471971657456,0.05758344066547194,2.2613459828665357,2.263153334973257,0.12336750743931346,0.0005504908868827841,0.0004987576868338966,0.0001178138692707657,0.0009473044067403201,0.0033316385677600105,0.0007102403140113394
trapped_ion,13.252277898013576,12.853322540788357,0.3613414932465762,0.748051988669546,0.7823774021599179,0.045919835807095896,4.67014418283325,4.763659797428045,0.1146324756245172,0.001386287813784562,0.0013073711816629235,0.00011998172601701941,0.0005203256682069917,0.0022044722120460394,0.0004799591426316832
trapped_ion,8.352584299452156,8.812202577479598,0.07282773137545076,0.8503823046515561,0.7822878677070514,0.06864275628521954,3.3381480988971513,3.3721449055316977,0.11022069540673744,0.0021447110674613413,0.0023076410057311925,0.00014100858221541445,4.547053309768372e-05,0.004926879845248186,0.0004007159044091748
trapped_ion,10.471485685839212,10.032603690063599,0.2981481522856521,1.0335007746554719,0.9687968692374739,0.04500230849917084,4.649962911583935,4.5904744802055415,0.1047847365406916,0.0021416962287245786,0.0021237415565118108,7.639801080746504e-05,0.000599465635964313,0.001460556721324873,0.00012872676819703258
trapped_ion,8.184244961440111,8.706112320651616,0.11515052351537892,0.8054234210148381,0.7146050504307997,0.03458140263620537,4.05186541970632,3.893096763135014,0.13493814503750115,0.0018777171410375754,0.0019036741401889038,7.95172875386944e-05,0.00011610564114518398,0.001434250486722773,0.00015556722978508935
neutral_atom,5.453907760415925,4.915988090979505,0.4446392189105434,0.6303285479952948,0.6238097358281031,0.05803037175946338,3.647933193781781,3.6266956204441754,0.158232601996244,0.004910781230301829,0.004845161506919044,5.787867232261581e-05,0.005450515461494164,0.004856070640509587,2.1974935939367742e-05
neutral_atom,5.481879134882336,5.620886111578329,0.48538407241490483,0.7318052838309694,0.7455901901300118,0.03219943729520312,2.8164211750765267,2.7285926288309357,0.12233571481150199,0.0003430094128486121,0.0003757505996885176,3.1876749644748815e-05,0.004756048777981314,0.001167713055078064,5.557898617121217e-05
neutral_atom,4.278814550481027,4.561812269134152,0.23631963924808871,1.2312400453267145,1.2659438020233624,0.04243544176371579,2.0869776022225306,2.16132969039272,0.09362368409545313,0.004306560427050121,0.004486975265955136,0.0004447261747470505,0.0018126307143232576,0.0007429968832922795,0.001498723350740706
neutral_atom,5.3340710473022295,5.484138485015013,0.2994624197272785,1.2508044703037755,1.2644312207346367,0.03672445776580497,5.556515093932357,5.448593083131532,0.09636389105134778,0.0023627345339516034,0.002123130842648813,0.00019085847524105202,0.0019205112456317465,0.0005579836364819486,0.0008036343904426551
neutral_atom,4.597720568321661,4.650112421575968,0.1575476074375448,1.117599898798575,1.1350395425034856,0.06974951746948863,3.2864459802306962,3.311911438829207,0.09606152366865611,0.0010996473595284513,0.0010694342749520353,4.573694306111627e-05,0.0007731836683722621,0.0025521573104325046,7.896706549914133e-05
neutral_atom,2.552371540921604,2.420803256798673,0.09169456944640743,0.6703659142041319,0.6335322223098125,0.04427867844457686,2.0964100034031263,1.810116713513429,0.13020987866644856,0.0009267480746781611,0.000851703060642493,3.021501462153346e-05,0.0007868494984256273,0.002772098298641253,3.86647675840692e-05
neutral_atom,4.444303803560176,4.501803012765867,0.18472227058915433,1.1274556181044857,1.0757828728808139,0.04958958480247832,1.882977958339777,1.857194601198173,0.10293863865481122,0.0013983145924152366,0.001554109516858395,0.00017578935715759748,0.0011390582214149776,0.0014426709669168197,0.0009073617179991859
neutral_atom,3.291881189308854,3.6720787724406074,0.24890016021251815,0.8941159140727367,0.9004488491957567,0.037941607292914854,2.6554321187269405,2.7704846373874634,0.10607490132300708,0.002344850840577391,0.0022699696529976487,9.992653265534148e-05,0.0030856639427733704,0.0011878622245839053,0.00020496949716374864
neutral_atom,5.201866517640493,5.1974534914229,0.10189068058953234,1.1626944731177993,1.1428947109513596,0.03314595568433124,4.397829863831896,4.68254045040452,0.095344092038,0.00477825216022088,0.00450036400380701,0.0005310376061913744,0.00025218902204066963,0.0005679507065852848,0.0021252426421521243
neutral_atom,3.821143934185123,3.910177511468737,0.07391799076933284,0.8629790619118034,0.8904306346681947,0.03969807165763092,3.412793415040224,3.347504076604043,0.11607131290731117,0.0023002583712063737,0.002230567312427013,0.00017277506841326522,0.00024210727308037665,0.0013265254868857373,0.0006246842232578134
neutral_atom,2.8139603389545993,3.0128393143654817,0.07775204520924688,0.9470335627792741,0.9616107252503839,0.06560552606723856,2.8445109153849577,2.790804212502948,0.09853675456081652,0.0018821079235644292,0.0017159592019530085,0.00011293753164539864,0.0004190226666440308,0.0031480215452901602,0.0003449123377709765
neutral_atom,5.293226575272014,5.138859389825032,0.6101040958377157,0.6879173871371275,0.6836873675879868,0.048265875334586775,4.804104262641687,4.813996388501133,0.12616852735074405,0.0014259158189753793,0.0014091326817785926,0.0001245702862604054,0.009281252101745508,0.002975015534684753,0.0004908524953981465
neutral_atom,4.016342552049404,4.072355850449777,0.11610506367568976,1.0180785965113563,1.105632568999543,0.009917763097097812,2.0027752574612907,1.9954884726688422,0.10026807411588243,0.003227057365091698,0.003217249314696386,0.0004572167041894203,0.00055209808126648,5.4531757012283395e-05,0.0027432993416544923
neutral_atom,2.976629029344335,2.9859073558780334,0.12043704212371226,1.3159801847408614,1.3210824510081314,0.011596441725389508,1.8505872366440492,1.8779811823346024,0.09245793542958614,0.0019743670247907874,0.001907431257175619,0.0001321622478369072,0.001019199642064762,5.029314248821209e-05,0.00042893688891448416
neutral_atom,4.252960514373523,4.293843153468553,0.195998726762238,1.2558527686450054,1.2392555812759307,0.060980097995501054,1.4905378350579679,1.4885382140397925,0.09194143944861395,0.004893832074988672,0.005024644662430503,0.0003291448497075233,0.001414791218873201,0.0016100115257454855,0.0006622635165249409
neutral_atom,3.4203546479140865,3.357243855438588,0.17842875775347977,1.2872503390520673,1.263236433878417,0.0870322337416337,2.6249946521901237,2.554007540282973,0.09639432985899433,0.004599056502129786,0.004359106135457187,0.0001990984730353258,0.00185492831594342,0.003140540055398912,0.0003166122156987029
neutral_atom,5.300527426686402,5.191755179300504,0.1422436853289049,1.297109609817213,1.3548961170946268,0.057708199107981924,3.0996621058138856,3.0886638370769806,0.09297559854858399,0.0006519729233423349,0.0005284203276478092,7.631995480004153e-05,0.0004927468676158987,0.0011736513065547637,0.0002933133717532629
neutral_atom,3.5390097211777123,3.4754083662412802,0.21822776286023673,0.9983491872564515,0.9942343066737686,0.052445829007670246,5.082442658595466,5.036152783138081,0.09873973090772299,0.0008806491345505996,0.0008084163091475089,1.7279358175863973e-05,0.0026154487016713363,0.0018876983340408258,1.2939677053081286e-05
neutral_atom,3.309580268262314,3.085370055644226,0.09356242294880135,1.2582054625749048,1.24343272446269,0.0261621744841117,3.2661442917297316,3.2698568835926567,0.09650693511690724,0.004339351825262027,0.004122247576128748,0.00029999723297359965,0.0005848915154156795,0.0002941128589237203,0.0007936897933710506
neutral_atom,2.878316272112883,2.7208710298745933,0.08649081592310903,0.8205579186659153,0.8496067223435652,0.019651869442015718,2.2430085690268617,2.3805798993650638,0.11292696529128912,0.0026608769170504776,0.0026022424043539313,9.722681942562172e-05,0.0006012974963049975,0.0003526664508284598,0.0001652763020555746
neutral_atom,3.143749672383263,3.289266678078088,0.1570386361217246,0.7497628314825951,0.6753750849020937,0.009284072619015498,2.550391700971992,2.5538539835248577,0.1327505104889212,0.003055600762512222,0.0028540280996592307,7.645508165964756e-05,0.001486729863450145,0.0001119484186496947,9.072710794820169e-05
neutral_atom,4.460302235839446,4.52141418171657,0.11579995782865238,1.0483524892530032,0.9574910659076128,0.0581951808116174,5.406357151096524,5.506270747377927,0.10415197612621678,0.00233234190467121,0.0021419763202935823,0.00018947821306234796,0.00044353929015237983,0.0024971063398113386,0.0007847274559032872
neutral_atom,4.416584839164042,4.765926330582195,0.09250256808458503,1.1046192139332738,1.141563064615257,0.04036932545446986,3.5793376489070265,3.469899959324569,0.09569838079326747,0.0022915121183695254,0.0021323152221867465,9.166542901304033e-05,0.00025265725758962166,0.0008445634935849553,0.0001845353235096395
neutral_atom,2.4954704961331586,2.5233482336011015,0.20690541552795672,1.0310614404864071,1.1192193226266152,0.012097626942620773,4.469614909524661,4.530265993174977,0.09918946216345682,0.004532162011437133,0.004527923692958818,0.0002483789013303254,0.0038037793027835285,7.908787535926052e-05,0.0004597281850747529
neutral_atom,3.075922193565475,3.099244295946249,0.16473420363018573,0.657556609464845,0.6739642695067466,0.023194384402275,1.170181352782501,1.1309677763096488,0.12836557996477937,0.0005666724676605355,0.0005836336028989312,8.51023256842929e-05,0.001800501597401351,0.0007007304121281101,0.00035400942684488373
neutral_atom,4.930572990341732,5.3660007729486505,0.0908096154211781,1.3325540618133185,1.3545239656926173,0.02276059849964101,2.8342163755733587,3.0597669940389145,0.09238688376739372,0.0034416741681872554,0.003613057050963818,0.0001210629925883992,0.0001859487126073548,0.00018268957054711635,0.0001610498760194821
neutral_atom,3.7628053110598234,3.648046747461226,0.21235911443571145,0.9262830110566709,0.9042016348139486,0.09648761527127613,5.180582862480834,5.20617039375644,0.11752106570277883,0.004301729845877574,0.004906074744054584,0.000147398204338091,0.0022730177761618522,0.007625086419230971,0.00013913040158853332
neutral_atom,4.9468825963929035,5.009525669643745,0.11037399504000245,0.6049405275639198,0.5835870888082522,0.020170966298872536,3.462298374329767,3.7547930506335376,0.15149776296267387,0.003806267541705932,0.003695935785860895,0.00015710966492315492,0.0003219243672620879,0.0006363783345754027,0.00026152580273531217
neutral_atom,5.134381885330484,5.1259635464470295,0.402678089443085,1.2809798673134989,1.2806364126419572,0.018751749190803146,4.477770760689302,4.476204923546502,0.09408874118687267,0.002618939254434154,0.002432469855838348,7.092599965005235e-05,0.0040664733650265725,0.0001413088568151821,9.542321851968841e-05
neutral_atom,4.7372566285075415,4.618075299626703,0.330374506737915,1.268821804259307,1.1591729754598195,0.0266761796819162,2.1916222107662393,2.3318090810196264,0.09656451145783716,0.0008969086335656093,0.000994871391180622,7.10074623124208e-05,0.0034509224657876952,0.0003568879200980679,0.00019795414861026545
neutral_atom,3.3821838107782742,3.3595208688077616,0.1403215842763961,1.2727136053055723,1.2657373366288418,0.02178584919454084,4.341393749844662,4.276417519761022,0.09389899028282513,0.002587165599574802,0.0026403564531411335,0.0001687804065764582,0.0011459101289296536,0.00019590238033273993,0.0004890947325771817
neutral_atom,5.498636628055885,5.1526577987377,0.037813224400783024,1.2121046884762108,1.192457288202688,0.013988625631692377,3.507237458130291,3.2396734602372956,0.09688576210806371,0.0026069301574593033,0.0021500969226649807,4.800157978872351e-05,3.543321215972748e-05,9.228153658328188e-05,5.016190992107248e-05
neutral_atom,3.854178334577827,4.127423427283971,0.1371063627902256,0.7828814384774557,0.8133527604595862,0.052310823184953364,5.592493250929798,5.494131050872339,0.10852589268662358,0.0011400489285568905,0.0012042816736030782,4.945274146276509e-05,0.0007497173719650085,0.002687536475629415,8.602766006028687e-05
neutral_atom,5.484920216412883,5.552161902063832,0.18349500048297157,1.3535380961249361,1.2774200932579776,0.021775075852223612,2.470356571825913,2.440540118432455,0.09281207128444938,0.00410022822459188,0.0037448487362292285,0.0002473154227127869,0.0007001353363222597,0.00019164862729778654,0.0006343377528501443
neutral_atom,4.025677348882674,4.086031644958685,0.23754526530334805,1.2887238756610124,1.476853476109594,0.0759137848793669,1.94904573824975,1.8844218437218865,0.090703554151894,0.002955975855607736,0.0030552714474421784,2.9908818617872025e-05,0.002295826424346001,0.0016481821823298307,1.2643968244857769e-05
neutral_atom,3.921392629435551,3.600339634544681,0.2561505801161706,1.2869272126312463,1.3468612199470695,0.006706516579145768,1.5630067491083035,1.6442326938268073,0.0912065626723303,0.0017179934416757896,0.0017077541258739683,8.10846778619102e-05,0.0033862498284118504,1.6075406605103175e-05,0.00017853130318931532
neutral_atom,2.656117760229056,2.56570206158848,0.07042061543258685,0.9177466949488671,0.9070853921502591,0.023859115434806327,1.8051865420817874,1.9223610958114596,0.10713431680111604,0.003329324949734166,0.003150332822171168,0.0001817377926982414,0.0004312692866666011,0.00046358308215816406,0.00044688489739697735
neutral_atom,5.436530701943659,5.334367835955324,0.190792668175382,0.9049011371162563,0.9283048114207129,0.026098985616327314,1.907040522259833,1.9068384339825566,0.11162424619616212,0.0016433529153098258,0.0018938431854284348,4.5364115897631195e-05,0.0008323129344798676,0.0005319150116892079,5.088117608844159e-05
neutral_atom,5.4916359766300715,5.57942477955264,0.13295453319654907,0.9163544288767873,0.8776749686445638,0.023501939515674607,3.7073640857814922,3.7258855526716768,0.11384531098978803,0.00033434083761849824,0.0003483869570693824,4.279219327167584e-05,0.00036327061412789124,0.0004768824768903409,0.00010166082261912637
neutral_atom,4.829929078592417,4.798432200615136,0.10103621136305595,0.7207275043204264,0.6947031173051531,0.03219238794888498,4.0822416089598335,4.150713531142284,0.1377222348888428,0.0015167627062325543,0.001338827851274567,8.83247446602131e-05,0.0002969569319874645,0.0012941904798000948,0.00025589438545147597
neutral_atom,5.021265057173997,4.955393759202856,0.05114672080798168,1.1198399115571318,1.0681525443494568,0.0750098281378606,1.7281588913091546,1.5564080858143126,0.10724269129434098,0.0014092920402525206,0.0014905882858303866,3.459953620980976e-05,7.084168999802648e-05,0.003349150647954644,3.631333880890356e-05
neutral_atom,3.8652407848534307,3.8798381361549272,0.03623966868201002,0.8265477119370929,0.8457715122130588,0.03688138419387144,3.2279397262129033,3.059853807130274,0.1174586258788838,0.002969811478247932,0.003004198391756019,0.00015495807830826373,5.906225498475067e-05,0.0012517198643184947,0.0003475106899341947
neutral_atom,4.356075571848834,4.512652970078269,0.4210501022392887,1.0482290479908651,1.0414587801558486,0.04952070516463464,5.2645211354374215,5.285582673637537,0.10805350318796467,0.002003980159417432,0.0020585035194052464,0.00013666966303384524,0.005887970305741853,0.0015362313437505472,0.0004254578095809891
neutral_atom,3.759819508547825,3.9104536439702877,0.34031228722653,1.2060662372167998,1.1499467428713857,0.037795928639614514,4.665689839081963,4.583258369937457,0.09618141689470672,0.004793910115226968,0.004710339346388191,0.00019966575391577507,0.0051310267799783765,0.0007288338094719989,0.0002759562538124959
neutral_atom,2.928753143100076,2.919977144457124,0.06926650334632424,1.1040612555477547,1.0611618190983045,0.0218225990391842,3.215791858655944,3.2418221404657777,0.0990065040994031,0.0025219771275962325,0.0026018950063834423,0.00012665714513635448,0.0003485794973765686,0.0002872802362341907,0.00028052387481075213
neutral_atom,2.8487811566453356,2.9005305531500647,0.12818181054375433,1.3941940058918376,1.4778900846143417,0.045542319452253864,4.997419097781468,4.880370679096804,0.09150659071358437,0.0023928084862569017,0.0023989654222548564,0.00013176964400637083,0.0012055697062434102,0.0005921596567585688,0.0003347427431800478
neutral_atom,3.297275334519144,3.290498325171053,0.07361633442308622,0.6808223476575026,0.7267407196434986,0.024533731273569715,5.360792722907331,5.369730698678455,0.12233388397297702,0.003715061626272945,0.003913849774917841,0.00035189257602236373,0.00032651154384215537,0.0007043191812767691,0.0011935242876393007
neutral_atom,3.304111656989647,3.3219654657374043,0.24058229797137332,1.0861877498966244,1.130970680978696,0.08947195300220673,4.54945129667942,4.647371243820642,0.09084904526785746,0.00430642249804263,0.004173759264237261,0.00029120972748226075,0.003432513178684775,0.00423162347178011,0.0007318044253184406
neutral_atom,4.172400594871457,4.157390922476364,0.059363149269879505,1.1125575898562095,1.1381964276518588,0.039497398974537606,1.568014674862793,1.4990782038062191,0.10020764496049847,0.0035990436175214542,0.0034497398470958096,0.0004169103383257837,0.00013853453786631567,0.0008135758379999786,0.0020536814850547935
neutral_atom,3.731955973457581,3.73342437637148,0.2818495506234527,1.2263999664457501,1.2458996872038652,0.09946205193299819,4.499506629082186,4.69274324685052,0.08785697841682465,0.0043344986111779815,0.0035112413500335894,0.00024113109186193367,0.003838692771760584,0.004231966910989666,0.0006684034195008988
neutral_atom,3.456580426327514,3.6337291676103236,0.04273444108275971,1.1192087252218432,1.0821172019655012,0.012680849441364635,2.281745601141181,2.320064249586416,0.10101834690092966,0.002848656860094615,0.0027809672985260898,0.00013423371434566068,9.270344603000524e-05,9.320799890019744e-05,0.0002894375136072014
neutral_atom,3.5687214524919657,3.6363709470182144,0.08752574615844498,0.7250840485755607,0.7238063018507012,0.01276560003300182,4.8065791671342515,4.865066211851954,0.12632043647161492,0.004632118885298933,0.004763840018880135,0.00015634270180471792,0.00038836779894297534,0.00019182752961531516,0.00016561178439344408
neutral_atom,3.5770565002475814,3.640814657955652,0.27146871436210174,1.3323934575818899,1.3303884839521671,0.04008761714478892,3.165777681959865,3.1176417027984327,0.09467218289158952,0.0031196607904680233,0.003255708778705086,0.00021270553018358794,0.0037278246281950474,0.0005912243566598854,0.0005834288138972047
neutral_atom,4.12716613263469,3.870599493017852,0.10319129182434487,0.6047889554271926,0.6235012659726344,0.04096697935372669,5.362546533640198,5.236628662915636,0.1316884292462185,0.0017421978763943191,0.0016699522204605198,8.873939654920361e-05,0.0004810488548458666,0.002421661707427882,0.0002179694304119055
neutral_atom,5.5362772639380555,5.855609906421747,0.17315124934940598,1.1466704440542843,1.0596012353728408,0.06089522511764375,4.74998727950933,4.71238898038469,0.0951518288297783,0.0004209078590924502,0.0003398371767477268,2.8702893430441944e-05,0.0005477149895978256,0.0022436458881692034,4.595116655709861e-05
neutral_atom,4.989420409831688,4.783280109075962,0.2520384533831323,0.8109400035174028,0.7729263352501996,0.03538505392885466,3.2709698162726655,3.209236022155838,0.1188146299948085,0.0023397484872274593,0.0022482999554909607,0.0001830507183550072,0.0018607746116435305,0.001334261352365562,0.0006951384425160455
neutral_atom,3.303907455386983,3.3759190100338814,0.04444968922168204,0.9266673017394071,1.0052339572693936,0.017524985113438137,4.059080284340327,4.144433317548137,0.10270383702745903,0.003938595857755736,0.00387243184745064,0.0004142556912351136,0.0001140432491305685,0.00020632579384286383,0.0016838408678892438
neutral_atom,4.702093088457626,4.653428549934204,0.01937820515881678,0.7542482429128289,0.8007744320120519,0.06777960066851334,2.08074264907032,2.0881849830907098,0.12042687502276782,0.0039365013515985136,0.004081408810935619,0.00011076483769547802,1.1679333063440503e-05,0.004627805548519532,0.0001100851581662319
neutral_atom,2.683535972138822,2.9001409039561534,0.05436403944311089,1.3741781909073756,1.422065381506846,0.05711589974284292,2.6654640586351768,2.766176600527993,0.08678018769276664,0.0006493774635601794,0.0007735189602563756,5.2988175583729334e-05,0.0002168946345065204,0.0010237023880967215,0.00012396598218457092
neutral_atom,4.8840836211179095,4.815434189753912,0.09100339760980698,1.1893552774206948,1.2302713878148992,0.029997724935573643,3.974317659983557,3.886131315827887,0.09351350168258768,0.0017417935308390606,0.0017222255504652723,0.00014770099597239935,0.00023903921332989382,0.0003960156749109263,0.0005880596387204029
neutral_atom,4.607627647462866,4.60770492825684,0.14614814351556263,1.0046594174232268,0.9428583284194355,0.07366437517273419,3.7880944524950886,3.7967895354908547,0.11695706446317605,0.004858046912434988,0.004852131787704569,0.00012141371408190943,0.0006785848184492227,0.004117730167410055,9.643327822894629e-05
neutral_atom,3.771490183304703,3.70856359375864,0.0915443745857476,1.1291086325673785,1.0577792867531188,0.09923509335265897,2.652801935277086,2.63466260891252,0.09220604887833252,0.0018865276442953567,0.002080744534572536,0.0002432230706160787,0.0004099546954360819,0.005979033849765078,0.0013327220654578526
neutral_atom,4.65632186152638,4.774244696570845,0.11437648567089158,1.0464323136970481,1.057839118833217,0.06223143830670524,3.529072230329384,3.5754462283052924,0.10158437362437249,0.0022910773157659428,0.0027050333702360835,0.00020660332287227525,0.0003848014204076309,0.0023510964337910643,0.0007106985163327767
neutral_atom,3.0656303752360587,2.854162748191263,0.032182041322623124,1.149042640206948,1.0799408713774066,0.05988478429488683,4.59171101518726,4.691248118755655,0.09454304677567686,0.00034927795710337306,0.0003894894181741087,6.882916652573389e-05,7.780104872136604e-05,0.002087302062011726,0.00025719712526978795
neutral_atom,5.134083807996182,5.056553620701259,0.27937998827276617,0.9203279548770501,0.9218266688489601,0.041145775294087764,2.1494802009816616,2.2727223690278247,0.11474108626901107,0.002731352921590685,0.002972150014040801,0.00027147723388137835,0.0020193426426219144,0.0013390619579926797,0.0010825850073354238
neutral_atom,3.2920864658948736,3.2842965165301514,0.07237998573896225,0.6103252925960279,0.5767003416472655,0.02760146624759096,4.699556620089425,4.6093873584822385,0.15347788548748714,0.004405509928397807,0.004673191649711218,0.00017146962586099884,0.000316622029358239,0.0012082182406242567,0.00020658049701965595
neutral_atom,2.831255352392627,2.8682305018138776,0.25955888959832135,0.8670193182354932,0.7695668625893352,0.024351895770537133,1.5390380366960041,1.4585547613925436,0.12542402282712606,0.0014035027808794412,0.0014352724496967191,9.606201051183296e-05,0.005024921623927696,0.0006362355047424752,0.00028798953775262644
neutral_atom,3.5872608817242564,3.406461396078738,0.047383577540624916,1.2326959292353354,1.1583663695070463,0.08967155000432747,3.2745881689710226,3.2204990557838724,0.10394134374075793,0.0009311264336805106,0.0009400963307424505,9.067288776007636e-05,0.00012762789384677899,0.0040387296015256865,0.0003322578806085764
neutral_atom,3.569547569194251,3.601344250802031,0.11394095563898479,0.8336591643762278,0.850109411052855,0.06489359662761535,1.3609330417076897,1.471660887049767,0.11662253662548647,0.0043839128129744215,0.004624140731769662,0.0004148136024912513,0.000669686519073287,0.003841695638969883,0.0012331419120070284
neutral_atom,3.153772704126636,2.970547779046534,0.055093749085219086,0.734251962115876,0.7824894812867123,0.03250627474360356,4.49338028170094,4.615168331820919,0.12072576346112594,0.001592637375257688,0.0015869454769498435,0.0001134508697770799,0.00021494345831724244,0.0011044346837015097,0.00037164414539332636
neutral_atom,4.0428712445105655,4.0912988899128395,0.06609390632489187,0.6239503485082748,0.6289049496298974,0.006003266900342881,2.314446876881898,2.222313424729029,0.14170362759624136,0.003431039612618174,0.0035296897255652384,0.00023409046389997538,0.00017728228508930412,5.143599743428067e-05,0.0006247943304608595
neutral_atom,3.4562582739676615,3.55714810689564,0.12611314350383798,0.7605472273722618,0.7973055704408422,0.03619306326744937,2.3846193376063267,2.4094796218949566,0.12303185362555141,0.004636717788362985,0.004380410090532199,0.0003254960835194914,0.0008386197212127248,0.00132881950932244,0.000838797958777175
neutral_atom,3.916049651601745,4.086545385323461,0.15336619727411369,0.6544130775047434,0.6372010244350873,0.038159223173242926,2.222417529025483,2.129077730194885,0.13691181529575494,0.0038461310795012272,0.0033419471434620826,0.0001526261518667396,0.0009567487871175269,0.0020435643486201704,0.0002888907462051921
neutral_atom,3.187682921250633,3.05549158822846,0.28143617003539523,1.1760399026675594,1.1154493635910052,0.0762345963777139,1.6337759404062009,1.6319537283665604,0.10517753569486987,0.0010219427064917309,0.0010199463230354418,7.441159615643355e-05,0.005372744509005158,0.0031629536177964794,0.0002145350948830803
neutral_atom,5.367597035870637,5.4521916040005065,0.23560016139376103,1.0391357167965711,1.0506783255514403,0.049342423170148295,3.452945143198056,3.472953272540035,0.10226146381391624,0.00036127520033519303,0.00042552143098166474,2.007346129723651e-05,0.0012053656465209565,0.0014984553769148668,2.1452302370299803e-05
neutral_atom,4.078562784199906,4.088813175632875,0.362220368663158,0.8299448280576684,0.8014244204728808,0.01935634878283425,3.5314967522951353,3.2374601223871116,0.1165551831479508,0.0025703094262966067,0.002560197357151406,0.00016271534830357442,0.005331004998080618,0.0003769248946382421,0.00047230638996922507
neutral_atom,4.730717384746368,4.689568631465303,0.19272716811580373,1.3061363833927602,1.3470824023183225,0.03607495246623229,4.019723295770867,4.030917750593725,0.08949105732579425,0.0009200393220044645,0.0010755907306110744,7.886203625690781e-05,0.0011360732922564476,0.00046495535789012115,0.0002340148121310578
neutral_atom,5.264385918219689,5.519051948134132,0.2627127868186813,0.604604281858943,0.6059436338077131,0.011843523726976786,1.1598714299004582,1.06961217379609,0.14786526386307625,0.0029943035534784833,0.0028908647643985973,0.00017658857789845265,0.0014558502757760347,0.0002097173448463524,0.00047573409906111056
neutral_atom,4.181317172931266,4.001045692852598,0.05927770120926919,0.7018978915723947,0.7231774869716394,0.034375728051376404,2.204258063148034,1.9813528857118645,0.12839414432312424,0.004973907258201846,0.004914984899910633,0.00021630681606899096,0.00014896682439344196,0.0013927928036626637,0.0002985753292627195
neutral_atom,2.6968484111442432,2.5321559749599305,0.05798993456435878,0.6057164258951159,0.5843828194611748,0.02660674763345354,3.1385952674891824,3.2082346453462876,0.15050106199567825,0.0030630285972519313,0.003164810399165347,0.00014025650406394513,0.0002974669742196453,0.0011054766374347638,0.00026440700291322525
neutral_atom,3.6327148912575,3.541200413427161,0.06670840211494393,0.8482356324425215,0.8444821677994129,0.06525176114354005,2.8484508367850188,2.8506227678944236,0.11461063993482748,0.0049462305450353235,0.004894925057439241,0.0005936333697729734,0.00023651029572916668,0.0039282514833319255,0.0022666436078239557
neutral_atom,4.0104478458591934,3.851183133623965,0.023961825855814946,0.7831643467951449,0.7749916032600188,0.030467898229908853,5.091693371274843,5.08086582913894,0.11539238244098748,0.0013824447762204471,0.0013894148127791444,0.0001194796998410585,2.6185973174532652e-05,0.00098508201614951,0.0004561712898698847
neutral_atom,4.633283365872778,4.531779987396892,0.18867321024965905,0.7330528970106149,0.7386546583631514,0.028400069999396562,4.327660177007329,4.44954495097522,0.12740145725168253,0.002383590411913408,0.0024214260810683226,0.00011131469401507166,0.001171731173636561,0.0009212661327642636,0.00023630121139059016
neutral_atom,2.9635068589843443,3.0259057425173554,0.04954351216707788,1.3539873480016935,1.3884057671233487,0.05856370139113088,4.904730752160094,4.9554910310781315,0.09190764979894575,0.0003890784884721809,0.00025155802791690867,8.943580219516266e-06,0.0001690105482219102,0.0011403453556022248,4.681407114267592e-06
neutral_atom,4.081767285067162,4.102814475121658,0.13557705284254426,1.0397322005636198,1.0718235821454858,0.09822498971281993,3.2529436064137514,3.1591875075773532,0.09273182666152145,0.002755727646475419,0.0029089953657795062,0.00025041025896682624,0.0007418275828581071,0.0057030069646346136,0.0009485642058602833
neutral_atom,2.671815868303979,2.673825044207238,0.1693689959962808,1.1159875202531455,1.1386173061051608,0.0841523333833201,2.2079612035922302,2.1857279504133875,0.10100494835363272,0.0011436417874824034,0.0012067667738922122,0.00012903734689973136,0.0023615162790797837,0.0036902154451611286,0.0005849589432939536
neutral_atom,4.439332488275314,4.648871161095364,0.15997107378442518,0.8253668000222008,0.8720202222639067,0.031436240193334665,1.597892242089733,1.4838945360118352,0.11426892498320754,0.0029539924915782463,0.002645677765041433,0.00018236609375832285,0.0007976127559077994,0.0008629026947652905,0.0005695572072034953
neutral_atom,4.942334237369144,4.4097560532391045,0.07583312587835438,0.820364954883604,0.7789420205148564,0.0117461658838139,1.6347576693477142,1.369840462683861,0.12124196220850098,0.0012944318441928842,0.0014423146891145238,9.204287542845108e-05,0.0002004648410855645,0.0001452483746934446,0.0002634386792180684
neutral_atom,5.047566624707455,4.85698941922539,0.19813897466909458,0.8824054590897021,0.9117495320504677,0.055532284098226435,2.7601133156931663,2.8682151168596093,0.11646029424499152,0.0028799403029731462,0.0028517688571873872,0.0002390681826491949,0.0011118286579323987,0.0024882699147912007,0.0008880300689787366
neutral_atom,4.342400485486091,4.464532889403982,0.18510452314802056,1.3205084030321226,1.2866006782983708,0.10475030116360987,1.406873450354015,1.3776010370528156,0.08626525560713252,0.0028286254074958456,0.0027879762062949297,0.00013894824426296149,0.001163975684889229,0.004362808813202258,0.0003091036438625528
neutral_atom,4.643543633421114,4.80874558162403,0.15415889474000227,1.1045622578431091,1.1263594706951543,0.06602847525727515,1.9025543983853148,2.01228454691773,0.09506794438420023,0.0028388820429691166,0.0029669855601921814,0.00013856160663204163,0.0006880538312114724,0.0023246071695220832,0.0002826980051022729
neutral_atom,3.580060783129133,3.612802564102879,0.08200695349245263,0.86394545757506,0.8866950364308991,0.04801722321607233,1.381667676056962,1.2654976700043665,0.11333673348634099,0.003424064936370291,0.0036021064205666365,7.730965703859688e-05,0.0003449412319020805,0.0019552287090151103,6.59940329713265e-05
neutral_atom,4.413583960921107,4.395436787320763,0.09076825984135344,0.7414495535978256,0.713197766030813,0.03914053160583849,3.1275238741814153,3.283645785422341,0.12467606823392122,0.004041505846395511,0.0035016765224313955,0.00018825803502546965,0.00028915190648018125,0.0018426127345299939,0.00040915558253906085
neutral_atom,3.82399763332017,3.730728725956027,0.09254717659804901,0.906485380087653,0.9317934832024783,0.05312126566526127,5.584305789428345,5.5493632637097585,0.11575671371873146,0.0011828643313848263,0.0012494435426664155,3.8569330639123634e-05,0.0004144307258631059,0.0021884837878799962,5.1112271473287814e-05
neutral_atom,5.410451593608577,5.417206076855667,0.13727638133845724,0.8841891934764495,0.9257517604293498,0.03915731717889964,2.022264108753496,2.0009326035773416,0.10604626789956616,0.0017926272128730137,0.0017711709574744323,7.553167236512761e-05,0.00041551514772913273,0.0012033979264248604,0.00015002739290360462
neutral_atom,3.795148003001975,3.58545790847186,0.09402506338628097,0.9941496649146428,1.0180568369355,0.06134338613627791,4.080378060157589,4.09434618531261,0.10000700073508575,0.0020869274382858093,0.001997181468568557,0.00014175057355903537,0.0004596457681906392,0.00246601859391477,0.00047182742473727115
neutral_atom,3.3073817504206744,3.3046831189683203,0.013543391652325112,0.935666517991333,0.9802532302506756,0.023404508456529548,2.436241408142838,2.30183273917869,0.1031284116530572,0.004787440577586181,0.004982021076648489,0.00017622833220023944,1.097259478613027e-05,0.00038630603461772107,0.00019303570725803028
neutral_atom,3.521719788907356,3.6654820501174026,0.1260913524404456,1.028900364668156,1.0019645617414725,0.04500150213337066,4.083171960739225,4.065843733911744,0.10762647825142237,0.002624828025880441,0.00262540528856611,0.00017596849056272646,0.0007944844552020764,0.0013691329873360444,0.00053544023904829
neutral_atom,2.896290386870756,2.7515760011337704,0.15734588485345258,1.2960940466842188,1.3674689222576843,0.024313683853681916,5.12620799642085,4.983626176963752,0.09024587138812562,0.002121718343788306,0.001933587270680245,8.468449264131433e-05,0.0019592458919382404,0.00020381977255158149,0.00017382327167446068
neutral_atom,2.609370593070055,2.5430857798379547,0.07478776419102458,0.9201007576845885,0.9523263296376424,0.06300274343268374,2.8419859824120066,3.1196957183335985,0.11540467637301678,0.0016616244825374015,0.0017251813313865756,3.4095011224972616e-05,0.0004920272059384485,0.0029565287749242055,3.128863176737661e-05
neutral_atom,4.69670163764135,4.336129205407181,0.16109390752693062,0.8114594738735251,0.8691335030622543,0.016331761576080326,3.906410045711655,4.002977676362809,0.11094550131187231,0.0035218288833430283,0.0034369620274769907,5.139419362112904e-05,0.0009367320423896247,0.0002342439107508077,3.1387662995952744e-05
neutral_atom,4.719211208503008,4.665540140527044,0.194240195085485,0.8451578488145421,0.8378259737070632,0.03667262221081254,4.5479260783662,4.631215307889517,0.11341251282594586,0.0028715614832902046,0.003154903403661446,0.00014679220454113089,0.0011668913362365846,0.001257462382512314,0.00029093913881520297
neutral_atom,4.457661390356071,4.968990197851034,0.15993221110701666,1.225091994229635,1.2912060678003912,0.0435375748166558,5.300439458621899,5.279494145916447,0.09001158973831623,0.004799312462064578,0.0054979286167540125,0.0003873738844878127,0.0006884148799121518,0.0007475062675829083,0.0007658046696020378
neutral_atom,3.6341277139774983,3.5139545314532676,0.03568468242790363,1.1093034955570196,1.0267954622571112,0.03589811476429296,1.5210519185953837,1.4995675498811536,0.10615914632864873,0.0008250383866253936,0.0008470411353950049,0.00014567279476359295,6.860305740713672e-05,0.0008303852093513359,0.0009009536861839871
neutral_atom,3.538111010978296,3.4618449852976343,0.10110147934112475,0.6004259763286449,0.6549128136470626,0.07253017579022987,4.137061478708151,4.2988064673582596,0.15303692599062885,0.00494239529427393,0.004789523023316604,6.225251386558856e-05,0.000565173070037838,0.007122326915729553,2.5989787318702368e-05
neutral_atom,4.185161475535255,3.873165723384111,0.22534328887271074,0.7340522330536373,0.7704094939101108,0.07626132748016157,5.013386488623738,5.018141666679338,0.1335340820969368,0.004868551089874188,0.005010719785197195,0.0003529753466838601,0.002291117656596479,0.006229034908714551,0.0007657802813641853
neutral_atom,3.7056809393022934,3.8920401381986083,0.12207317720226402,1.184056808538808,1.1360900817033657,0.04638081513513444,5.654508487722778,5.717879035034366,0.10022425208579268,0.000954610498535021,0.0010820959122133144,2.95933660852995e-05,0.0006661822023610671,0.0011262849476333372,3.284072231591426e-05
neutral_atom,4.268029962305451,4.279331225946799,0.380554558100149,1.0851491462245142,1.2156433669839362,0.0356001473122001,1.836756082111974,1.900410854747301,0.0928744944760698,0.0011127518454071485,0.001140469291186046,7.97932095773111e-05,0.005370579271924015,0.0005728147991614068,0.00023156222553026028
neutral_atom,3.683497888390188,3.833099935446072,0.25839107594730487,1.3922607326828813,1.2990541518696799,0.08098321835354595,3.687478666561284,3.527747182927176,0.09947171594375326,0.0031547940522986605,0.0031268544853445177,0.00011501312516636567,0.0030720663608899542,0.002550387420812027,0.00018091499976695286
neutral_atom,3.404955673440816,3.2994235040574,0.057613628354030985,1.0424806986530326,1.047223977101648,0.04677920315928829,5.632574337573783,5.513834304660759,0.10142488604635196,0.0015649898545634783,0.001404596850761225,0.00016390445339729625,0.00019909144897786667,0.001355763268679362,0.0008517641562470087
neutral_atom,4.5922993721514,4.950907161419266,0.0848941980759857,0.6581717871654238,0.6741972887810906,0.03884908965546038,3.9683937243390552,3.9086476855037766,0.12862015596674783,0.002731628271996521,0.0025427841295926844,0.00021337776274464793,0.00019556568826143805,0.0019649044612611954,0.0008190071623245631
neutral_atom,3.751078074839378,3.945406829495839,0.2020421169746461,0.6548633822716069,0.6687076202728987,0.013680102664409895,1.960744998330332,1.9343399892537045,0.1370235900250498,0.0006703827606361044,0.0005964438013564845,3.176891754863493e-05,0.0017780124422458812,0.0002463769836629968,4.8994026112560396e-05
neutral_atom,4.5894508020942215,4.946354251655773,0.17954426052386235,1.1288842418038014,1.1592032909539796,0.03837983179143486,2.1234504817635713,2.044208011903489,0.09533845882428284,0.0032602266571401042,0.0031537476566501537,0.00023237838339097575,0.0008765493822305789,0.0007386968748595029,0.0007294868113481335
neutral_atom,2.840458681328624,2.737267916515541,0.20770805282094745,1.1716876664803797,1.251972894407025,0.04597643277175646,3.9712894350191617,3.977412184112192,0.097970498470883,0.004200464157590936,0.00413725725948158,0.0006212614532790623,0.003439063288903643,0.0008943987454923539,0.0033822998904043003
neutral_atom,3.2983674377686523,3.396249851634293,0.25998397194076656,1.1711469929998102,1.184969822237368,0.020152647957322543,3.035960001574553,2.9255692041897006,0.09469425238482128,0.0035310795114979637,0.0030289467163697827,0.0002787416118180045,0.003861916719724449,0.0001941852863862457,0.0011116527593360724
neutral_atom,3.5904807081177235,3.2483601941719966,0.1595573837936243,0.8263268016678071,0.8507610605462614,0.013062847180755875,3.509467416481245,3.3947769081497374,0.11407173946099214,0.0025844387150294828,0.002729089518862466,0.00010425785634602235,0.0015667119089539912,0.00015546345820962215,0.00017893010417395066
neutral_atom,5.406245865826745,5.382237519960063,0.3143439776068379,0.9309112385007232,0.9972760527481676,0.03247248259409695,5.51367454185277,5.667669454682982,0.10763208878105905,0.0022177365245904792,0.0021493227856409355,0.00025126175656119,0.0022123240895686987,0.0007194076020732175,0.0013749324455851434
neutral_atom,2.812344217295971,2.8922489927790953,0.09598465159577187,1.187234288631283,1.1671563572878292,0.03808533841782182,3.4253753071755577,3.373385061632441,0.09376309478407867,0.002172329353482792,0.0021635222310218017,0.00014933219934658295,0.0006788407106033071,0.000716748741481335,0.0004822806457080622
neutral_atom,5.54390028965272,5.061896073044096,0.23240780931103536,1.3595494288633847,1.3985505753481215,0.07049628266914106,2.884053596338073,2.8330874031199116,0.09526618238014244,0.003764347721933391,0.004099084201990601,0.0002880033809575548,0.0013940481550380236,0.0016237216808258298,0.0007386981923782248
neutral_atom,5.315709723612473,5.529499514862788,0.11020953576324567,1.2419909754277576,1.241101957895667,0.030661172718564927,3.7054329464067646,3.6948572518891245,0.09596372182252522,0.0041481222632642895,0.0041054967800504185,0.00031649039626372393,0.000255051516076229,0.000405673914858994,0.0008896393062541964
neutral_atom,4.89496155682831,4.786598590819945,0.21541003308902346,1.216231492837832,1.1862391457615025,0.02095815551362553,2.752520021963871,2.7797397320815502,0.09483722829398253,0.0020550203806405003,0.0019749735721411492,0.0001456858985377316,0.001357157115549311,0.00020952807711292981,0.0005039293415189124
neutral_atom,3.4713792567722126,3.3181028870935103,0.03880375550214363,1.3300698812273177,1.2886623179284191,0.03931520480445891,2.9579068944678033,3.1295807860075207,0.09496158038139618,0.004209372887730894,0.0040513073864615915,0.00015435922748244617,8.946943615117866e-05,0.0006123197259005169,0.00021654174804008197
neutral_atom,2.793010018122555,2.65942461129329,0.020368513553425883,1.124629910288836,1.147938750957974,0.07312211149288157,3.4316783881525916,3.531402463540056,0.10040140400698618,0.0038326229028734457,0.004019535035174445,8.230226085947546e-05,3.4404604471813605e-05,0.0027381729566780246,6.239866976822816e-05
neutral_atom,5.09194139636323,5.520860502895012,0.22986739642975207,1.1242653592691247,1.2050635272896975,0.0244153279074746,2.3850267313689195,2.2996927662586684,0.09432073688023976,0.0038456628015637764,0.004161257661969848,0.0005811861842689644,0.00111370151103283,0.00027468826199400937,0.002930213679687308
neutral_atom,4.302441460874495,4.433266688181882,0.18649820557322166,0.7242436557797479,0.7291642676611184,0.034825197758279046,2.4234016125330684,2.4126329039536807,0.11865644198060055,0.002645293824853915,0.0024725327208858657,5.1888536793211865e-05,0.0011990923541282616,0.0014121922855416039,5.0094815510456824e-05
neutral_atom,2.7322656134354766,2.8418548269843322,0.11675706433430125,1.0081920294801423,0.9451624329802086,0.05061110841261674,1.6808972179848132,1.7909821010909472,0.11426892498320754,0.0023304982383520628,0.002346023342725247,0.00014968422842886927,0.0010304758199241309,0.0019349366960111328,0.0004431859237857575
neutral_atom,4.579087232078594,4.758637948887469,0.38349001563639334,1.1597601213485025,1.1432764964238038,0.06619148241264769,4.172340582201089,4.202208820207792,0.09812744177461151,0.003879994176472798,0.003780793153490824,0.00017058345128904178,0.004357009807005454,0.002263311224833732,0.0002970905860923131
neutral_atom,4.385219649821856,4.152315191600941,0.29810905474052085,1.1976310304568245,1.2876055816555851,0.036348671369211445,1.5969998757891233,1.7256585007057825,0.09609345135065067,0.0018221462324107757,0.0018862220047140474,0.00011232765298895914,0.0035021411262560706,0.0005243888295555959,0.00031315788916866193
neutral_atom,5.596299295243101,5.262398789977021,0.05842671541160843,1.3623545602941316,1.4183409768032367,0.13999662647582514,3.034133533451403,2.9701389020483036,0.08204856332736293,0.002156208468124607,0.0023133658947606973,7.049440991849236e-05,8.056965112192185e-05,0.006189571904986303,9.987196821396924e-05
neutral_atom,3.066516310775132,3.150066011551897,0.09743422124540964,1.2092933783868838,1.2592716804260695,0.07176183466286125,1.6948977248867956,1.7657322304319816,0.09890911371867955,0.004826375105398174,0.00430125946045281,0.00034517526008635385,0.0006139015679378711,0.0021504580647757694,0.0009747567572079431
neutral_atom,5.005139910573469,4.960423412547939,0.2180718792097371,0.8912644797908795,0.9391479920597232,0.040846280357134356,3.7903636607225835,3.8462101029380764,0.1091193379308138,0.003254722121102274,0.003428602505972997,0.00022722201960483112,0.0012848806726631656,0.001275318838455464,0.0006158253973443525
neutral_atom,3.435029911136276,3.349558058360356,0.23741184075069577,0.7146991508867133,0.6695192264195692,0.043732389102886945,1.8493188341239855,1.8201919517888825,0.12360476734982252,0.0018209423677266526,0.001805943234556256,8.259700631708844e-05,0.003296674869287877,0.0025136919539726363,0.0001762905850722085
neutral_atom,5.187025012407494,5.335927116817121,0.24320448764910305,1.1459128246054897,1.221311457404819,0.023910385356839006,5.645974691583318,5.690257074384157,0.09724516683474631,0.004521841379096393,0.004232237778507137,0.00016377692146526726,0.001351476996830635,0.0002557363713248916,0.00022585575769046545
neutral_atom,2.9425811334008163,2.8920223955052866,0.13058834157853183,1.1368439271158048,1.2070613771794283,0.004511926977036092,3.2910320517454927,3.3481719305418194,0.09589706945910398,0.0024340561474306857,0.0025499365950911713,0.00010017793761294934,0.0012566751906455396,9.346520544989422e-06,0.00017990574507861998
neutral_atom,5.18755156672432,5.294972742514141,0.16132705081050402,0.8755064779699777,0.8250514147691573,0.04075051409040632,4.594025545203503,4.628899427706875,0.10978476387836617,0.003772626461565388,0.0037817593660294316,0.00019288052841524308,0.000605499310869193,0.0015930068070060866,0.00037967262363762836
neutral_atom,2.6279596859482988,2.704996989200236,0.1619877857284946,0.9991656722495112,1.077657353236613,0.056129812252756865,1.8803881915116782,1.8822329064894192,0.09501128682364016,0.002213171872403468,0.0022069449545391207,5.4086096401352745e-05,0.0021262504632205896,0.0018417256123842542,6.192967376089837e-05
neutral_atom,4.7899569079715745,4.42400578784859,0.19128890933019413,1.0549333034742263,1.0537838096653291,0.059055030555912436,5.230415158192257,5.21625726475328,0.09865512513060833,0.002862394211117949,0.002936733650539572,0.0001902967948563729,0.001267008007888221,0.0021337029447188157,0.0005407672097887884
neutral_atom,4.2722843959344745,3.9059662832982607,0.014748488880051997,1.004644628515618,1.0112751237531783,0.030815963941032254,4.870193673982091,4.802015034904169,0.1001714398688051,0.003065542885580527,0.00295598292551746,0.00016081740836081682,9.658172701511649e-06,0.000630533131699426,0.00038275757957011906
neutral_atom,5.245028834127941,5.347116075457656,0.22693158890304987,1.0835837101441508,1.0650075535714196,0.015730775646082114,3.213661645936625,3.225145298745386,0.10159223669916652,0.0030703832727131657,0.003069646044993033,0.00010059496616064187,0.00117089965372795,0.0001481849382745307,0.0001420883261079185
neutral_atom,4.3497138131783,4.035753549909011,0.15466129375697532,1.1315260071195032,1.1319999566298788,0.05343736130842189,1.1765509991981955,1.294094386440646,0.09344733385991205,0.0029080589522808464,0.0032490915603687587,0.00017284446115472922,0.0009971590502551718,0.0015065584257686275,0.00038640880160466674
neutral_atom,3.9121466792468276,4.000915510838103,0.128684525662919,1.2055694357898359,1.220593742704302,0.04237573209446409,1.3502362852256553,1.4185854330949947,0.09715012662349314,0.004704336121629947,0.004947884407715138,0.0005191049327465421,0.0007020805496069185,0.0008043073611584664,0.0016974885854920752
neutral_atom,4.687648742149708,4.862397911559192,0.020535841154151607,1.3405613081652854,1.3467345223240024,0.07349506071680913,2.8803574960486644,2.8122409251676155,0.09094743220621263,0.0026117068428416646,0.0027054675493931673,4.511430750048977e-05,1.1913804298612137e-05,0.0019309927532152695,3.388052007880686e-05
neutral_atom,3.7919993000866805,3.7945327597687095,0.18100949511191447,0.7665431724409962,0.8443212813945339,0.00691043096387626,3.1898802111015883,3.0540573499992845,0.11530106943390865,0.0034154416532163737,0.003512479387711873,0.000235531054362105,0.0015363688958622362,4.4072236954890036e-05,0.0006373666592405747
neutral_atom,3.742274626648472,3.753974323819569,0.0874892370724096,0.8721556483629647,0.9382523263739817,0.06182807031857243,5.222579957900893,5.192078285046107,0.10518451743154802,0.004480786538035914,0.0046661402642561856,0.00014310307046827559,0.0003661529623334714,0.0029271903211076887,0.00014429313311623313
neutral_atom,3.854882432643344,3.6108947654747703,0.05556996043436202,1.122632910802655,1.1164307409204104,0.05454202379023666,4.662580825532261,4.620017741066935,0.09385224833144803,0.001020843119910947,0.000876052912820046,9.257929053883577e-05,0.00015853851153629504,0.0016160294111883186,0.00035832959226891816
neutral_atom,4.30320580826168,4.460059311563362,0.13700226752653705,0.8361576062440941,0.8058408756315024,0.11695021677235029,4.811585284413746,4.763333373406135,0.14237850952891037,0.0018431986103715314,0.0018244123126608973,0.00011255422903215463,0.0006389682299932393,0.013637790101950046,0.00032433053341820653
neutral_atom,2.478399786005832,2.542172243926985,0.14237995395063877,0.8763736693590497,0.8917195406372271,0.03866168732642342,2.1791106731907988,2.2328440445855886,0.10928537525066659,0.002196532366983294,0.0021923204551163623,0.00013156830967472552,0.0017841311780416819,0.001254947601674175,0.0003691030412828124
neutral_atom,2.989488152619474,2.951048438728744,0.1249333107998545,1.350764138922142,1.3023157893513764,0.020433363632789244,1.267104322448357,1.4415402604500571,0.09316909468361755,0.0022527501076083692,0.002228302743349886,0.0001566571291660416,0.0011162690424018583,0.0001614274967253592,0.0005141389312032012
neutral_atom,2.8450351072256694,2.720949370245366,0.0938713973410121,1.3263185963810131,1.160530644464221,0.05156432682389812,5.236295107517934,5.3097222451973725,0.10200842603997545,0.0030449334441693615,0.0031178925683336385,0.00024135008661945947,0.0007082697552249884,0.0013301117943751257,0.0007999471210880861
neutral_atom,4.981692790986838,4.95950006588905,0.19645858365004312,0.7185268428544026,0.6485006236107342,0.01048592204521229,4.44624029464049,4.392944997060538,0.13420098899783264,0.003385725367897541,0.002971444651091623,0.00039640729897870197,0.0010432470574733912,0.00015081653987336795,0.002308982918733959
neutral_atom,3.3105940447478375,3.4637868269053627,0.13400804696492538,0.8991180314758757,0.9214105015004016,0.022746678236695222,3.5829231004946127,3.6041778651974217,0.11152424062981382,0.003844269275767802,0.003804039303270283,0.00022316714606331915,0.0009919896489098642,0.00040958426796869156,0.0005033694531888863
neutral_atom,5.336791334557921,5.416427528688295,0.33543214469139626,0.868335897668866,0.9246726898254815,0.03711728966459425,2.72371911007198,2.595828444022185,0.10393404525788259,0.0027201835582484233,0.0028026544670221565,8.433517385965055e-05,0.002481717110147807,0.0010835805921764136,0.00011308776001851241
neutral_atom,4.051153015254348,3.8090623444632943,0.2993385184996946,1.1957339961807247,1.184220773572703,0.04589396053048541,3.777595517448601,3.6176398486523005,0.1007580329111778,0.001478703929625496,0.0015688458618254547,2.4049336472616065e-05,0.004171768416905596,0.0010084697892053936,1.6855084323100884e-05
neutral_atom,4.9177293845776155,5.184272287938046,0.2663472958268447,0.992085957639053,0.8854847261933415,0.03221466192183951,2.4950720095875134,2.4746134344254735,0.10671623245282134,0.0013154594561815291,0.0013694146039361249,0.00017120441526133164,0.00173340702340769,0.000882178677474144,0.0009463582659286049
neutral_atom,5.434129376616029,5.651700860359801,0.015503964977664986,1.127216528210818,1.145057630735295,0.04508449355438357,5.565104518514176,5.788776949698739,0.09672383176062542,0.004302580007306753,0.0044571052438737956,0.00015609261735416473,4.788714378680219e-06,0.001046528467067839,0.00018690315091780024
neutral_atom,3.1936448627807614,2.921304075460345,0.20965601178113372,0.9510742895456473,1.0105390875858504,0.03176150191784011,3.026214985035229,3.0147787496561294,0.10018802899712485,0.0014681943779890627,0.0016993593432551404,0.0001524162187186141,0.0031913737436336763,0.0006707755143086894,0.000633499748201054
neutral_atom,5.329921641171828,5.196286682054986,0.19169809557255246,1.0327499854929967,1.0612515541378857,0.08122899292442712,4.485649583241056,4.404726657634016,0.09931069323042008,0.0016269532338435671,0.0018455772352922138,9.733054560433887e-05,0.0008931371831172149,0.003979609745090379,0.00023996216735327873
neutral_atom,2.9103821959667027,3.000297500914284,0.03316993918078772,0.7727815927812313,0.8046674934402483,0.017000182760558803,2.3242794092816776,2.1577401369957396,0.11760799829328027,0.004050970373314025,0.004419363544558052,0.00019091299642039984,7.674713153218868e-05,0.0002888524445532821,0.00028396174178913674
neutral_atom,2.73308669265381,2.723550219852932,0.14634362932585415,1.035612895244479,0.9784710826572142,0.0693172066127435,4.042994192141317,3.890500646407939,0.11451966686277365,0.0008958235758947171,0.0009071614960158353,7.488249424336682e-05,0.0017191201402574222,0.003400355303062731,0.00023059631314365517
neutral_atom,3.627967475925314,3.8436141408638846,0.13252042905259578,0.6211112264362294,0.5969747782406262,0.012742311564423828,5.498656451833117,5.440050904061755,0.1487328031828116,0.0029133341386701744,0.002998572500723347,0.0001753503703514008,0.0008039039561571064,0.0002471928887582908,0.000446154389050304
neutral_atom,2.57543912517177,2.6728734439948045,0.10447908823169702,0.7772522578336435,0.8321018788966119,0.06695697480210556,3.520367479218673,3.5987391419173576,0.10694544943519453,0.0009493127149509293,0.000858814131351048,4.2973543937475495e-05,0.0008990661812926041,0.004240255031836831,7.791690249362068e-05
neutral_atom,4.249031496307016,4.105698054732902,0.1899899894501139,1.117468693275657,1.1204440161121278,0.05948834120767315,2.824027790523929,2.880884308251699,0.09559294631907832,0.0004978216665907445,0.0005059020237762467,3.7811865350050576e-05,0.0014547499861726526,0.0019079795294021044,7.287729423893164e-05
neutral_atom,3.2674329041293126,3.2569358465125613,0.08946590462273486,0.9264417151205486,0.9863368674160152,0.051667080726861984,3.9829464845037634,3.986655760552413,0.11178942606997647,0.0031658935418298747,0.003107587063754052,0.00021873943435625622,0.0004904514428001358,0.0018604214974365385,0.0006602015140054312
neutral_atom,4.213031968300697,4.124221639674537,0.13815651756471795,1.202942149659961,1.2417803438084445,0.058251241165122154,2.4787297850509566,2.397595938010882,0.09658973353215555,0.004838292324234922,0.004629038341022665,0.00034055401517498623,0.0007624203315404613,0.0014624338279778026,0.0008295058964727192
neutral_atom,3.659099368364238,3.607857429469995,0.17033413700641462,1.3750964289622016,1.463353100991548,0.08377776929894455,5.341034751526099,5.377497891877667,0.08488181432430461,0.0035049312383812993,0.003973627648972313,0.00011450554552391542,0.0014918052860817088,0.0020534450567805352,0.0001231749807137861
neutral_atom,5.120389415607163,4.987271049114646,0.22807356739009957,1.3036955675911504,1.3081880443925706,0.037340130225055584,5.508399315756004,5.66811830144528,0.09477715065641296,0.004052696863701232,0.004601691089908707,0.00020567229450715117,0.001388469046356438,0.0005334848995906381,0.00030591713800575575
neutral_atom,3.8634596289017358,3.6602300906346485,0.18596304045020154,1.368849964160191,1.301988388392645,0.030341264802248663,4.233206811248345,4.279205248367807,0.0951557057822395,0.000741405099330783,0.0007465402308183565,9.172582208646217e-05,0.0017325915334482052,0.0003561375933132648,0.00037686093518625165
neutral_atom,3.1275880798457045,3.453865176832244,0.1297815168311938,1.2114208343750474,1.266572766152291,0.06966922784242079,2.4752367412182457,2.473587587185657,0.09424363293558517,0.0014672723348807704,0.0014661157685146153,0.00013105592928577549,0.000935024048079633,0.0020004170714428616,0.0005275904327791794
neutral_atom,3.9391450127758283,4.179385811576543,0.20531398820111446,1.1343878421911495,1.132418003562284,0.04930119214745171,4.778964374931021,4.675526795596492,0.10302710536077005,0.004731935425319828,0.0046059026868109365,0.0006558174665571771,0.0016397433649142192,0.001281359032446417,0.003105113334853019
neutral_atom,4.523007106176184,4.74780953102048,0.12315925286167294,0.9781538263859184,1.1090044968726653,0.06844222907151878,3.983040299250807,3.8194685368989685,0.10109730035345027,0.0030817181051117025,0.0030504842197146133,0.0001582809809858848,0.0004516265956728045,0.0025805270942215316,0.0003548966102965773
neutral_atom,5.478169631285863,5.467971240617831,0.36124079103139967,0.6037576986022825,0.5935261723363446,0.03036152793480506,1.634076095891211,1.801739305483588,0.13925874883580938,0.0005414555477294228,0.0004594467756080289,3.526618324549101e-05,0.002814350208308343,0.001413217248291684,6.500753879488438e-05
neutral_atom,5.322749120699625,5.355322346377483,0.08219008941393408,0.8584359361248062,0.853695872616235,0.05553883147041818,3.5251643932322585,3.700085014101418,0.10895276173133685,0.0027819082164028943,0.0029340487224065476,0.00026014554468802064,0.00015303949541250502,0.00279379745986943,0.0010118664238331504
neutral_atom,4.815851813133952,4.671080432698673,0.1799454665647793,1.3105693356722525,1.2853370721572088,0.1079850878440899,4.716308434026476,4.817555103606574,0.09793760306713926,0.0010703330854144235,0.0009610072148534372,3.494903311345368e-05,0.0009988935048814412,0.004646901087409912,4.8819147091437115e-05
neutral_atom,5.051380533544392,4.704870674202143,0.27730494453879273,1.0677912122699185,1.0781674654397817,0.1252326841810714,2.3366075468996144,2.4141373162603914,0.08928678197523705,0.002031984120062386,0.0021411987171654633,0.000154109677939743,0.0023354106178065507,0.009159079687502604,0.0005193098009616282
neutral_atom,4.745782568996201,4.671971873933138,0.28692280235821926,1.2027725460671963,1.2021484451258007,0.02530452927643447,5.563996354046022,5.583551797506218,0.09676729622937881,0.0010533687556357777,0.0010200948671244116,5.4921860278458514e-05,0.0025385642692248613,0.0002966415405542769,0.00011686207818693468
neutral_atom,4.0059730968922285,4.01268540652696,0.1550734017097421,0.8813540781133673,0.9467430012169087,0.06243584617641314,4.173178810275681,4.252787549965397,0.11194271431665548,0.004962158763193938,0.005667305341851221,0.00045855155936762413,0.0010137471984952033,0.0029355789655580587,0.0010078562073916248
neutral_atom,4.1053644545708,4.024376472896162,0.2283581950355897,1.3975201322860555,1.4723081176517687,0.08918735402713449,1.9866560524031647,1.8689627701343197,0.08740176918004505,0.0007136225679146395,0.0008291763655264186,4.938495964176384e-05,0.0021858854293414325,0.0022923757006517386,0.00010453452163707944
neutral_atom,2.828702631579226,2.913854002521124,0.07960729865998455,1.2243163000540211,1.1635424805078514,0.06907891904451731,5.447933332627598,5.487822737053783,0.09139492638256233,0.0016992893450994426,0.0017283416683834864,0.0001411790528814623,0.0004618595707532512,0.00237384658498702,0.0005356128261890028
neutral_atom,4.315152608324087,4.118611771033321,0.14207217026486632,1.0881141787935162,1.0311151219264882,0.022368786161456974,4.571241583900553,4.65397862664864,0.10045458097686896,0.0013828491536336696,0.001488776629888899,5.45713634133699e-05,0.0008084308143777937,0.0003197470804179769,9.041885655754169e-05
neutral_atom,4.957419127750739,4.65574019409763,0.2205802177283504,1.0688923166353805,1.1729551336643997,0.02687389693856725,3.959847057877398,4.044824861632922,0.09452615005830783,0.0037840907843439218,0.0040095462444762735,0.0002224446574392463,0.0015116750064070328,0.0003530607006083398,0.00045776883079194836
neutral_atom,4.236502019959203,4.259359403878086,0.24711916876415255,0.7175506138302324,0.7187253817742685,0.047158076774294,3.510820634492343,3.3722251140738644,0.1212847578960515,0.004281075012516609,0.004548649155679406,0.00016934867126259072,0.002286312958054749,0.002644961457843419,0.00021191841161047727
neutral_atom,2.482144463726069,2.585946099792746,0.08898163436147588,1.1361895427469744,1.1096052547972244,0.026487222628986312,1.5401596350517301,1.4704240582466106,0.10197500613366932,0.0013597868162990871,0.0014324588525554403,6.198987411609885e-05,0.0006815397443319319,0.0003860478891019524,0.0001201002716611488
neutral_atom,4.543046614466397,4.731725186836326,0.07880700353369265,0.7218253669662793,0.723443938322751,0.016148497274459484,3.871833333609878,3.9921431114041663,0.12917481884172807,0.004287555243792604,0.0041036681219194255,3.675158979611636e-05,0.00018629200135265712,0.0003071935437605039,1.20055286789035e-05
neutral_atom,5.499002078684105,5.379116570512585,0.32517682420953253,1.2441594433422623,1.225345813309342,0.045932501958556964,3.8800701313614745,3.7979494163656207,0.09182546754740256,0.004359021003186612,0.004403303962647004,0.00015643357186542547,0.002370671942179099,0.0009368446756998997,0.00019192090792083104
neutral_atom,2.9891783895636825,2.9853605013338913,0.11972647946683772,1.2165846842455355,1.3331376971278628,0.04714470559414325,2.7748786636346496,2.810309591595402,0.0948022756307996,0.002531160594672642,0.002813661372802247,0.00013869449698597302,0.0010074879827218224,0.0008137596962843863,0.0003042770310265655
neutral_atom,3.911042181631652,3.9668197184196465,0.09555124235241758,0.8292681811150343,0.8640117839346502,0.04966226696901954,3.3551824431380597,3.429247761862691,0.1079181375859176,0.0013584723834977035,0.0015550120596238102,0.00012505192865222914,0.0003935493025625999,0.0021882496755177287,0.00045896090530308424
neutral_atom,2.793998472440351,2.737720498078615,0.11807890525415785,0.7515710078320037,0.7303284677365783,0.027966803443848394,5.560752263358353,5.616094204597904,0.13105248228448024,0.0012851038681163285,0.0014961772021856437,0.0001052997992620674,0.0011111644070405245,0.0009085869516603744,0.0003353785990241468
neutral_atom,3.1499975350319325,2.9298319702063127,0.13391736150646266,1.286253582563064,1.3685571841854491,0.012303971980636227,1.2162274273584095,1.1392093592543813,0.09119859721585385,0.0018901003463065776,0.0016960553845389822,9.719456770126815e-05,0.001296457849592395,5.209707270086092e-05,0.0002580449536656915
neutral_atom,3.228557936181041,3.295253655552986,0.15740428283117802,0.9834413307052341,0.9996138674121934,0.04845194907685223,5.359901873257157,5.256989705371285,0.10280093240868543,0.004063541802309778,0.00393474459696537,0.0004824371921989432,0.0014891734431417235,0.0015943922677565735,0.0022232673573868785
neutral_atom,2.627758250145929,2.386532112631949,0.1372636633634799,1.1763650061043198,1.2000985467683687,0.039114235111651505,5.024399089550612,4.972914084446891,0.0968176251384413,0.0017214406570489225,0.0015687470213715858,4.357723758408953e-05,0.0017940324371743808,0.000711439765286393,5.534342749664715e-05
neutral_atom,3.4822506366015302,3.270655885636935,0.09236328454924492,1.0721785156731,1.0780629231771122,0.062435759014580136,4.944991334857093,4.846117900511588,0.09960139600701338,0.004255853148181118,0.004287301665338971,0.0005403885639267119,0.0005191368994715785,0.002277034390057875,0.0024029939942713198
neutral_atom,5.593759788903975,5.983296030652819,0.18493791386366817,1.238194980780552,1.210946061193071,0.02319428382648914,2.9767623927939577,2.909800245547146,0.0937630947840787,0.002493484881133434,0.0024901512523535048,0.0002142490290660588,0.0005922606286757629,0.00024524525061114165,0.0008468452343902511
neutral_atom,4.679267528160452,5.072214488423324,0.1049608721311959,1.0643799803196896,1.0610847177383678,0.017449960111796215,4.209014853448876,4.382091625555437,0.1021131419574733,0.0019168543940666527,0.0018334144804354178,0.00015101984690078676,0.00028302047052244467,0.00018371543563366086,0.0005812548239146045
neutral_atom,4.250007190295002,4.048738021932825,0.06435066885539176,1.3295369220762283,1.2545722654449007,0.04501166292520863,5.51074436278472,5.576035282901303,0.0935855472549707,0.0030170331002730933,0.0026914518012149786,0.00029545507498813546,0.0001715450733169707,0.0008532441206382277,0.001462814931893337
neutral_atom,5.280872837182689,5.5977455148868875,0.13676812824035475,1.111290341445603,1.0818431002950428,0.03884482942803023,1.7983508903325407,1.4886507696139886,0.10201744974082373,0.002072029998492616,0.0022790727643399265,0.00014869303902098082,0.0003813875939066305,0.0008750826023339203,0.00045183321646668714
neutral_atom,3.975186698920374,4.008349206274861,0.13200798522661322,0.6490215193582257,0.6190405208595635,0.0267213784004587,1.4205147098853388,1.4427663711262089,0.14304409813799826,0.003127095185583696,0.003267474683586461,0.00015896076867718767,0.0007361539097540244,0.001039646294431111,0.00032410830810159695
neutral_atom,4.211726370592459,4.1070003831200275,0.11340458933994743,0.8467815329232958,0.8658036857402975,0.03716885213226889,5.393775164487731,5.325741619188055,0.11842989009473255,0.0018514904746671623,0.002039696425454972,0.00011494993930495113,0.0005179830856733637,0.0012213712618628306,0.0003037938818841131
neutral_atom,3.437948915370326,3.2050748485303715,0.10363971930999634,0.8208916961663486,0.9102085209256396,0.04248617243164242,4.019969700528479,3.9815798794734647,0.11020797684889311,0.003277252439973567,0.0035290640323172697,0.00017317494870684033,0.0006755799654644873,0.001460921661614624,0.0003420270947541633
neutral_atom,4.580132873541896,4.472833832388653,0.1563946050514245,1.2322433681298908,1.2124936787995506,0.048882162859492165,4.197847956306343,4.141677562402723,0.09189057495970655,0.0008449561315018062,0.0007961843197248853,0.00011908387090126975,0.0008276721981323367,0.0010862020747593529,0.0006185907094519243
neutral_atom,5.253671846801438,5.178795938082243,0.13282338848560765,0.6559407358373363,0.6389694511777989,0.011654704079172141,1.9692899295266786,2.113019571050894,0.13766088838802132,0.0048920513608170105,0.004848368939517075,0.0001920624357840605,0.0004321275323303559,0.00018994790233939864,0.00024167042855003282
neutral_atom,5.500798510087145,4.857436493360677,0.2041608052248016,1.1738168910691709,1.2650507175498407,0.025501626259027788,5.296375709882795,5.285423179235131,0.09225429852485516,0.00286832708704785,0.0034308072885027062,0.00023442796937252523,0.001180195906754368,0.0002687587534407144,0.0006548573207042325
neutral_atom,3.072243038521301,2.958514103456501,0.09001268552675507,0.9495326436362689,0.968240388298131,0.043556382360930894,3.3958848095043885,3.2324392124329475,0.11045510132580587,0.001310127390540408,0.001293019235830732,5.5781198766888535e-05,0.0005772661516179949,0.0013696988009059712,0.00010451610874942848
neutral_atom,4.724422496570872,5.235379913919702,0.44609500653022527,0.7591802883789679,0.7790228225059059,0.03778171236720119,3.289603670916602,3.350969314909883,0.1139479984786821,0.0011707989209998365,0.0012045593253037518,9.786167907052185e-05,0.0047533443734166835,0.0015024892530358285,0.00033683701099920685
neutral_atom,5.531445019519738,5.551699438636643,0.17530030078641873,0.6261276851691499,0.5558532227250255,0.014889845439130783,2.1169757877514224,2.083263525042563,0.159635680122701,0.004474216783945668,0.003994323584995736,0.0005412184508856797,0.0006391247171184531,0.00036662928248790524,0.002727536437035799
neutral_atom,5.220207185171475,5.212028972576558,0.055356497532590726,1.0218874741476949,1.0315180023588422,0.01621430451133331,2.5350704256149283,2.63768206535252,0.10107044573702646,0.0011756210632922176,0.001082091523050232,5.9598703478788406e-05,7.395737394586108e-05,0.00016787324411416337,0.0001331982725090197
neutral_atom,2.8083746475949685,2.720059458943374,0.08026861008969459,1.3223910395093692,1.2865143568080775,0.06907242323598801,4.190728945191366,4.437706425450822,0.09004114019140627,0.0007868953592201902,0.0009556361179449296,4.029453557806912e-05,0.0005181074758600212,0.0018972822857403508,6.507957705175037e-05
neutral_atom,4.50860602667249,4.5668191561614195,0.1785899146600826,1.2502681533567337,1.3041474563668518,0.08990956674403539,3.579620254823329,3.496316274783583,0.09788269464924387,0.0026289590725035567,0.0026108237107155536,0.0001625855436006438,0.0010327810486348336,0.0031152760185567336,0.00046028209814094037
neutral_atom,5.322429170853626,5.358553197162536,0.39306835322839595,0.7981872942462154,0.8299850799669228,0.04115010932083948,3.4432211343548635,3.7032681028321988,0.11686119145208072,0.002189140285459083,0.002177928525578608,8.868272861977017e-05,0.00349530314215305,0.0016083791908073038,0.0001688861569689693
neutral_atom,4.504976547047363,4.6184273968210245,0.2177656630879352,0.8290508213155143,0.795209544426583,0.08659737696860385,2.474161448786492,2.3884291526285115,0.1336676233664007,0.003053454603278263,0.003023449706915173,0.00013299894548991951,0.001499097332562805,0.007639434233724032,0.00025372657932932325
neutral_atom,5.198472733370828,4.761541559048267,0.08310906700371004,0.9679321699179267,1.109537905536186,0.0728661022643966,5.310851370562154,5.220064558483245,0.102095046132655,0.0024412299876299566,0.0025430385248887922,0.0002622826260483396,0.000204360514878056,0.0029219618400382367,0.001237301318248328
neutral_atom,3.0285469542887515,3.3946331716435765,0.11042329507041737,1.0371578577687162,1.0100027607800803,0.04711785620146803,4.135068013918536,4.289578678162714,0.09983043227539289,0.0022622096876047837,0.0024089177531133434,7.859379671883478e-05,0.0006972406551601321,0.0014777368983564004,0.00011851268898251631
neutral_atom,3.2646915215300947,3.085254116360859,0.05616801810245578,0.9086477451024271,0.9229185983288125,0.10056397974900273,4.887233616718916,4.84427295994723,0.10524566699352861,0.0027536737823679013,0.0028242689858230664,4.254751989465488e-05,0.0002108026524013975,0.007981751349539656,2.849279661748254e-05
neutral_atom,4.600554141421286,5.012505550684947,0.20941063341783445,1.0662476562132712,1.0441760210872877,0.04980641428906502,2.6521457958378982,2.568350169138888,0.10643056753629368,0.0030307310263029117,0.0031038147014916463,5.6284543892660156e-05,0.0011572675309243648,0.001545923696702986,4.378785387396095e-05
neutral_atom,5.389768598113351,5.419008606966063,0.3036743478006565,1.0109707682524625,1.029306575699346,0.011695641943192458,2.4589635516996013,2.5268961373849192,0.10286998855179506,0.00367681248324478,0.0035788451899644346,0.0002429556588560306,0.0020317463854191147,8.771679038597452e-05,0.0006585025412677014
neutral_atom,5.2776408762854485,5.612704263573323,0.44074959799362895,1.3264376826616415,1.473932710283305,0.07629820305812399,3.6383632486039126,3.57122345439311,0.09362409442240055,0.00039659547053482055,0.00041288402796283975,2.0343930505368414e-05,0.003935374997383117,0.001673101634159868,2.2185836518823447e-05
neutral_atom,3.608149297130666,3.980200018854986,0.13488050773596777,0.8105977671346141,0.7692431250542437,0.05446455911717583,3.8088925291344884,4.000842825723703,0.11453769388568875,0.003606344636928901,0.0038815851667081177,0.00031093370100027763,0.0007791132892140098,0.0031846724320863887,0.000944895772343987
neutral_atom,4.672119592420563,4.928703081789707,0.2499366568074946,1.1108728893811954,1.1138802928146656,0.09266060848629575,4.906462909928259,4.94802726018635,0.09063535107736037,0.0017568441413596861,0.001783055002531598,3.141099891724861e-05,0.0017122714660897085,0.004686638101975942,2.579125787450304e-05
neutral_atom,3.0017428770640024,3.035514455200809,0.07002784025325633,1.1078260800672437,1.1682149413295255,0.04588201491085327,1.5237303709367946,1.5136690111173765,0.09824860901525104,0.0015689672490691647,0.0016291409278908705,9.348227261636801e-05,0.00033602297277487926,0.0010382080162738496,0.0002469626388909861
neutral_atom,2.911996124632505,3.151647186410167,0.08131631773701163,0.9368352654556562,0.9000170695467311,0.02315248755715663,2.4759283941182657,2.3994591372068843,0.1071656869594579,0.003308500274638017,0.0033682713084613593,3.635699008163538e-05,0.0004272523409193782,0.0004426924096302428,1.6199418889892406e-05
neutral_atom,5.255901046618169,5.125700047920514,0.23402651101708127,0.7604908583659813,0.7426985168955912,0.024588472733877754,1.2674441654396493,1.2008066414634213,0.12853300556887445,0.004754197617197896,0.004456156969808429,9.373466989069186e-05,0.001373672563252043,0.0006849335696467251,6.742506857519869e-05
neutral_atom,4.15564383034676,4.25055561862868,0.17420012344668956,0.9926302491589587,1.0414497634133946,0.005188926450751405,3.6397382347335494,3.5859603933641537,0.10247655316482364,0.002495416961344615,0.0023148018456511732,4.564324550707281e-05,0.0011408918777459575,1.6867298604944197e-05,4.183921711245921e-05
neutral_atom,3.591555139655478,3.7026942579087936,0.1448618807117978,0.6867163006574736,0.6708774293029578,0.05181324252698411,1.5297408584728704,1.5066783604919314,0.13031597578595433,0.0017799781285685295,0.001772561714732845,7.579734101609658e-05,0.001029529293546241,0.003518757590758729,0.00015097865179714047
neutral_atom,4.128168340763915,4.312192799202561,0.5572871957990516,1.0384697351033365,0.9851792036779408,0.026960926633179092,1.8501693403942174,1.7221654092129086,0.10567141079721841,0.0029180975530355394,0.0031463280166935444,0.00025039309179867306,0.011338434545085383,0.0005077294503298783,0.0008498585044393844
neutral_atom,2.511340863480332,2.4917158600972975,0.1708673483376217,1.2359819487473622,1.1858188845852633,0.04566829471587552,2.2284971574667995,2.370010414674119,0.09999500037496874,0.0032221013430418052,0.003233760873799564,4.102769144491085e-05,0.0026360101897145677,0.000995639322537768,2.1923911806944388e-05
neutral_atom,5.07724497680377,5.143100594350332,0.2421994029585736,0.7344921554851265,0.6770846993413795,0.037778932957320786,2.502639313888956,2.6668441596434516,0.12393562571633979,0.0023974044827351436,0.002060838434141129,9.227339993412667e-05,0.0014598967055288133,0.0018472783339294598,0.00019371485454377406
neutral_atom,2.4637413527676264,2.398525203071149,0.04317053869597548,0.6515284359156579,0.7165365507569562,0.0185329807367499,4.4657968589042545,4.750951693957622,0.12317643735958436,0.004346918115298375,0.004649236720848354,0.0002817124194235132,0.00017638651422479328,0.00041032445522154064,0.0005630128434068303
neutral_atom,2.9313898866876067,3.1446930113138314,0.14949757879422795,0.7135182820297791,0.7036646707380696,0.02435705415556585,5.136670096854085,4.9337034227324805,0.12663199957046023,0.001792524830316796,0.0019452133042254533,8.128924348005414e-05,0.0014491794306434973,0.0007275066864550772,0.00015923750029766414
neutral_atom,4.789309215035669,4.621168270184189,0.08945454864907544,1.3859920423267489,1.368359288912131,0.04510692151725541,3.7474796924089375,3.707585248912119,0.09010362017803754,0.003173163868402599,0.0034961764244807085,0.00013086590832023424,0.0002526401474183673,0.0007004199637185525,0.00019819764672121933
neutral_atom,4.641992025876832,4.628314173549351,0.16895303816361584,1.0364163133380335,1.0498886338761626,0.05552460920063348,4.932917653229548,4.900511449640662,0.10500865306953411,0.004568849960024852,0.004657369545916881,0.0003493169463092244,0.00089822866639943,0.0019003386110710524,0.0008628227907528567
neutral_atom,2.8404428436655875,2.920527611456198,0.2925082703089457,1.3382496967468316,1.262104680164433,0.0680938724264725,4.1465958845443565,4.097055023237126,0.09958262761311537,0.004742484669415612,0.004832113025746622,0.0004230556102309261,0.006214559605810687,0.0019263917061516534,0.001180136141712743
neutral_atom,3.46619405063245,3.5372643034007947,0.19063843376879472,1.013151681752679,1.0922281284263293,0.03773828760956998,3.4476585170183434,3.5338775089372914,0.10103071952450439,0.002709444221209621,0.0023319288823968145,0.0002052535779903443,0.0019353542466394207,0.0008098264644137597,0.0008390571521902767
neutral_atom,4.868407623636061,4.88856788293242,0.3193857814189066,0.9278920692836092,0.8695659720806977,0.02984713730756832,1.1823204630803295,1.1955167831861644,0.11123133338567572,0.00033375335970535133,0.000259516917188331,1.855326565094833e-05,0.0028475613623626488,0.0007816867492078392,2.0058848558873114e-05
neutral_atom,4.028308216110614,3.732604747692931,0.0653177967886549,1.03308538594092,1.0648462961096385,0.04714869977159113,3.6145983025891413,3.570536051086272,0.10197447592376323,0.002470565639081511,0.0029127248509657065,0.0001833116909599985,0.0002062467592404768,0.00133160950006466,0.0005074428935379273
neutral_atom,4.384810883616833,4.46014842314542,0.019901545408558503,0.9672174142393757,0.9327739422802993,0.03934977626944264,4.918837204633763,5.004010838272919,0.10313938159369593,0.0010522488296830213,0.0009783968222965061,8.60342345590502e-05,1.3482770842668675e-05,0.001198537252432283,0.00029313943745936646
neutral_atom,5.2026417062114305,5.604152867345187,0.3337195656377685,1.2873464979207618,1.301657031868817,0.003887000364441924,2.285825390922293,2.143367923602719,0.09285967758191603,0.0016115510284472995,0.001377918173091449,0.00011774819518262878,0.0022644498164829797,5.8483770679869676e-06,0.00044568317697893964
neutral_atom,5.420678872246116,5.466079453991591,0.684961341531691,0.7993235711226936,0.8476058335471818,0.03866222668409184,4.342727054808183,4.425543767517383,0.1206054149645857,0.003438902532088313,0.0036017122241260935,0.00018780922516042578,0.010126844000352467,0.0013704730167316184,0.0003895351330738588
neutral_atom,2.4308764561526703,2.5407588246346786,0.03983131015222815,1.1526468327951314,1.0756187417996415,0.038176558549681806,3.331280353676723,3.3723512683856516,0.10401497590615451,0.0047732409745279165,0.004185721276472931,0.00012795921899720467,0.0001397299083136128,0.0008552942001929873,0.00014058596385199234
neutral_atom,2.7793113445345434,2.6576910176408224,0.05493767461611272,1.1961090863706978,1.1273837102335482,0.03388315468629084,1.6761178831990857,1.6415632390431991,0.0988791308546776,0.002033888992417729,0.00205402388471847,1.3906588769198406e-05,0.0002505074262185428,0.0006109708296367924,4.414865913501992e-06
neutral_atom,3.5848338878512123,3.606011608905938,0.15995800180927527,1.069842875163474,1.1014091161988235,0.06535506700272713,5.006951053413196,5.060633570978346,0.106132835564898,0.001113684444770789,0.0011956334252475973,4.7077028756110764e-05,0.0013167953516120031,0.002386951966711609,7.831315592752329e-05
neutral_atom,3.5799753005756827,3.6960261086974087,0.12031323271061434,0.7440975526238276,0.7395418875157019,0.06002385818261264,3.9835213197373633,4.170165736128692,0.13766088838802132,0.0012009393568296043,0.0011369595927724532,6.834735494011781e-05,0.0007125032612237391,0.004107832571743166,0.00017020685331514774
neutral_atom,2.538756105617552,2.3719500917271588,0.04888863640027442,0.727156873784671,0.7544356889585045,0.050270438410417284,5.309467922629195,5.3818626550183195,0.11478038271553107,0.002951257391493411,0.002945974044510783,0.0002918725737439483,0.00022926060716473658,0.0027956365654975114,0.0012666774887544596
neutral_atom,2.46323181390414,2.507648363973101,0.13427884063046397,1.0478004577398823,1.051970548983216,0.04877991895694775,2.9033261882305657,2.95108809875226,0.10025295657847574,0.0042135303984296695,0.004546728038799094,0.00029544297175588375,0.0016148808560140177,0.001460864930501845,0.0006454937112933352
neutral_atom,3.300629398785292,3.6747330126683044,0.15503590455314076,0.6615585922298078,0.6556236169953342,0.03789389305132407,1.1599869508601073,1.295622853854197,0.13630380536571982,0.0005504767139059924,0.0006071741044819923,4.881612181629035e-05,0.0011956196036800233,0.0019413164021607216,0.00011501609618410305
neutral_atom,5.423123388672265,5.332550219363032,0.1227346886755372,1.356581299667074,1.414455413518929,0.1219700493482334,1.320204167989528,1.2757663807366577,0.08882662241475459,0.004240837768543837,0.0043598744321497835,0.0002160742009407038,0.0003447030207410118,0.004729562434609242,0.00037278594990684637
neutral_atom,2.8518360390325928,2.8893750758511954,0.13893686684726755,1.3125775969494233,1.3004989226585184,0.0516184420290302,5.384730487416624,5.363475387827272,0.0893933875618062,0.0012331145722540007,0.0012643858618265381,0.00010998992919410232,0.0014244019975705323,0.00103349896889032,0.000412450857789329
neutral_atom,5.289331616483382,5.778214073702385,0.28198772561929675,1.0432430712618053,1.0965591167494773,0.05405881497306273,2.535401989460625,2.503979653398156,0.09813500159718028,0.0003587150289511737,0.0003076606387425774,9.704829310304525e-06,0.0015009702390728745,0.0016481630609276833,5.346043000273878e-06
neutral_atom,5.1155048438265736,4.73465532088254,0.20889119878845655,0.7921481491595288,0.7870175215060065,0.0660387878619325,2.1371591956817015,2.078973191077796,0.12921039810316687,0.004275902877284452,0.004141389358124358,0.00035764730146127977,0.0013071280151892922,0.004516806677661617,0.001118963555106498
neutral_atom,4.005696017538795,3.914949622606418,0.06505781401182263,1.0437297982742588,1.0379972562837199,0.04680317065082353,1.5397877754501592,1.4554509410091447,0.10311086702633719,0.0007578060869700331,0.0006777396172117094,6.56433989537755e-05,0.00018710935280239778,0.0013814078117717094,0.00020024628883781137
neutral_atom,4.067261411495546,4.013062018689735,0.029390455721046538,0.8775432523558123,0.8646574241060372,0.05131105763642209,2.0028363106285876,1.948590688550142,0.10766140247576826,0.0011218536731905226,0.0011130229888209886,2.9762320702879825e-05,3.6407292071206764e-05,0.002332950961414998,3.2682264144440556e-05
neutral_atom,3.519644641885098,3.281297277678381,0.11945083075107987,0.6606811881204095,0.6379319276040921,0.02993751440362884,5.003515482300354,5.094955313456273,0.13938314497771856,0.002496357015985155,0.002406007909786872,7.0593573474176e-05,0.000863649219888867,0.0012559638511444877,9.574810436726928e-05
neutral_atom,4.207081523673673,4.135170306958085,0.31615150584353746,0.9537691821411904,0.955939375338687,0.03261634315580906,2.5494408286245704,2.493984774387737,0.10266918807036365,0.0025225150854606003,0.002335426935769505,0.00022496570267885462,0.003971493832885018,0.0007867830113811658,0.0010062450898739262
neutral_atom,4.857390251295088,4.91950474515514,0.24380416402098845,1.2307110971721533,1.2451970858131105,0.034688496888907,3.915652545557605,3.972411049235529,0.09741851609018497,0.0049336658823135385,0.005269230870804242,0.00024593588531186795,0.001636100650694171,0.0005154071579821015,0.00033647905133547026
neutral_atom,3.4975291802025796,3.4235292662870855,0.17680719514351292,1.3464922068506988,1.2848867456536974,0.04160587883978797,2.3671028930284987,2.5488053105127033,0.09055059161875058,0.004279155570951164,0.004456839793136531,0.0002577009396563409,0.0017619009125312652,0.000690390293622256,0.0005094847694925232
neutral_atom,3.878176739125556,3.7007895647076143,0.10780171602830531,1.0883891269681707,1.1504561044622899,0.035304896487046086,2.123207830468578,2.126161077060691,0.10048652774483925,0.0019343566566123085,0.0023240777518502074,0.00018963158675123853,0.0005706766608026079,0.0006353255283330724,0.0007189364983416451
neutral_atom,4.80318372192828,4.494178901283818,0.26894739705519694,0.6920087335479401,0.7251979484594191,0.03655572508905738,1.8592104313092706,1.9958881582441979,0.13287232791348855,0.002858361506006213,0.0026680289123922397,9.902629081449496e-05,0.0024232354722169896,0.0015686019342387703,0.00016616343344215404
neutral_atom,5.049612263833383,5.04153713228606,0.09837016347830782,1.3940832639046787,1.3115962852688097,0.08726752771370551,1.9722651984211366,1.824460888742341,0.0992441566729763,0.0036119993094013464,0.003945243976388074,0.00031181818677834946,0.00025204636477781176,0.0028963570336783357,0.0009246033827878582
neutral_atom,5.478573837181378,5.498412178052716,0.03777647942749831,0.8811945731211037,0.9140035892265411,0.030922880590691936,3.443796754814663,3.30727756733964,0.11377013394005338,0.0035156786677854337,0.003511877838888759,0.0001093616195713314,3.0372717282574932e-05,0.0007681190392387661,0.00013744821398219972
neutral_atom,5.579969636011155,6.393163793007322,0.5270351965906048,0.9119121672945247,0.8960580912960869,0.049100020360662154,2.5349998257327835,2.468912919329889,0.11222150144384403,0.0011475533812897614,0.0013668053210660117,6.727874169546586e-05,0.004066081819653768,0.002006705265594439,0.00014634133260697031
neutral_atom,4.773017618030305,4.775396734323144,0.0627599989127572,0.8649864989919224,0.8606305708722638,0.06920174418172445,3.525867584248214,3.404474977368072,0.1062711857782003,0.001337046407219698,0.0013410743726753268,9.488115616318635e-05,0.0001157974687143109,0.0042777184188479995,0.0002949516976433878
neutral_atom,3.4252298650278004,3.1788561219316245,0.1355942545804297,0.7640490167119096,0.7178209460195735,0.07841148381445813,3.251047973183974,3.356588001641102,0.11309438860826458,0.0004911433614778616,0.0004074873310770759,7.708799105394917e-06,0.0011717865950494066,0.007325948444058849,3.1948555734076564e-06
neutral_atom,4.965854002439627,4.997551092404474,0.30403027318454606,0.752997273088083,0.7163372415023099,0.024709063622859597,5.582216851343557,5.575666661778879,0.12308962599912794,0.0006482220505164765,0.0006258165628912804,3.3553228145735724e-05,0.0024558522482013754,0.0007296677566620232,5.3795940992493855e-05
neutral_atom,5.37365867086116,5.348135884772828,0.35683097064947944,0.6885167558532833,0.7652897337461138,0.029818126062345733,5.188553320721388,5.335129589180494,0.12233022254251145,0.0035285351547336276,0.0034745282920673197,0.00030958499729307636,0.0028937452514317327,0.0009622139521161146,0.0011199478093688576
neutral_atom,3.33289214571106,3.3384507401289167,0.11578779665064778,0.751355392736506,0.7488012342343946,0.043901640506503366,4.319285476810097,4.1396218658220345,0.1315948964698845,0.004935636125468307,0.005311556923609171,0.0003937850482035899,0.0007885276487334398,0.0021566253778933855,0.0008488688382538838
neutral_atom,4.549838045233994,4.338768086808131,0.11276770691760668,1.102063888506849,1.1550753119217336,0.08110008750321465,2.9858970439362835,2.927688079661885,0.09644811583923805,0.0013332512061734684,0.001281888602095428,9.572646518767798e-05,0.0004584402703620526,0.0033238025246511375,0.00030958584916806076
neutral_atom,4.400475160983046,4.265619201666207,0.1887944742554414,0.9113410287779871,0.8682826830430362,0.04829107415416958,3.297967792264793,3.3350171893978673,0.11744404390294069,0.0027445232581777695,0.002649402053015788,0.00016194376783999344,0.001330468349796744,0.0020515095185797243,0.0004483407196515457
neutral_atom,4.172329729604923,4.3427392983775,0.11265265454574681,0.9229904575674518,0.9405177055261204,0.019735786896168884,1.6159172062238536,1.5378581286033783,0.10521245828825791,0.004615412094071157,0.004485665912197664,0.00016293473667862248,0.0004566441031895741,0.00029692841885946134,0.00020127794035939902
neutral_atom,3.332972194300642,3.3792279930145335,0.053429506365518825,1.3760982571653,1.4484146406688376,0.02534935795764673,1.3328400147761252,1.3762899302917648,0.09046755031458927,0.0039950172685022725,0.0041766667515746115,0.00032860279733308584,0.00016450322816070212,0.0001928070966215233,0.000930667652942781
neutral_atom,5.2794616477098,5.354694191241641,0.11109618753954419,0.9813312083789683,0.9966618272940874,0.03794736861794142,2.5822698382412574,2.473947848465998,0.10059629136074566,0.004349061688529022,0.0037998264808290325,9.304985973371995e-05,0.0002796937039255666,0.0009836158378736496,8.767030253698314e-05
neutral_atom,4.230242400378881,3.9892333327467,0.19752934561842928,0.6102394952685625,0.5980664842692223,0.0298825006259195,2.337689031377672,2.2362745729536484,0.15539870121416244,0.003120106029528406,0.00312118142901859,0.00015577603948576112,0.00166364278085605,0.001356489274777045,0.0003327452658033193
neutral_atom,3.8281599923578975,3.6530902317339318,0.027517746284110984,0.8093892823919095,0.8600585543094613,0.06920743285661014,4.166015673805778,4.2546436336488975,0.12373622409166801,0.0023041166030024797,0.002088561658710946,6.794406141585038e-05,3.8071741288143325e-05,0.004283316530558858,0.00010359860388503042
neutral_atom,5.121822630650355,5.58414635940314,0.3210957955378995,1.125249801977589,1.031608435563763,0.0269149843794983,2.739270136418305,2.7326720322927587,0.10355885102962059,0.002969147583082573,0.0026563795213452516,6.212115194806844e-05,0.0021145086347030932,0.0004624848161036573,6.575332054066273e-05
neutral_atom,3.5380570117080126,3.454330248878521,0.1200077457138091,0.8527622662296865,0.8867870039918843,0.021662351386258168,3.97019060131218,3.867361014778171,0.11114061531409308,0.00497788128510143,0.005418400205619356,0.00015460849371380975,0.0007993091034318829,0.0003978645172136746,0.0001256781620749683
neutral_atom,5.1198482744576275,5.1403977587777305,0.17758262672514838,0.8219443953428884,0.7255196670032905,0.01011517006896078,5.444726721709206,5.660091653374211,0.12754438041126098,0.0009060877497605884,0.0010394802860362357,5.862052895724302e-05,0.000785780389398755,0.00012002308395351178,0.00013178032488282205
neutral_atom,3.4123348983685404,3.4437406608600165,0.08369851222298277,1.2952959143745986,1.2793565670431093,0.07768427600398442,4.067179667524259,4.0059811280771,0.09668358884989214,0.0010146153946593616,0.0007554012311674164,5.39756132129135e-05,0.00039086716974055325,0.002430786239626401,0.00012987880684191565
neutral_atom,3.255609477216577,3.2365399622596294,0.07264918221982815,1.367654224417072,1.4296224701293891,0.045849931917807785,4.294068574725771,4.23869145849085,0.08818019870539547,0.001776386236183559,0.0016372532925185113,0.00013670092714832625,0.00032673921485109215,0.0006512316041023684,0.0005259238765301635
neutral_atom,5.033540681964022,5.075324667873819,0.2473742528159484,1.3995525140894398,1.3905464612425527,0.04410833673289923,3.484545064834583,3.6115363519750012,0.09319336673968001,0.004046106933970582,0.004286922155520127,0.0002696315106677624,0.0015698763042203726,0.0006444880794875922,0.000598343161228632
neutral_atom,2.4507469559847697,2.3002111301430554,0.09058524092514571,0.7424387204912375,0.797751814916466,0.06893834176540872,4.9494312009451695,4.913261204482391,0.1149767123880565,0.002261178740797927,0.0024407274668603925,0.00014107032843479607,0.0008160462084177595,0.004816660737753988,0.00037599544076001335
neutral_atom,4.020166551845014,4.132444791026715,0.17804116436009368,0.7293631757496534,0.7310185759499808,0.026135870681470108,2.730930480549967,2.6910390951616825,0.1284322598135871,0.0044739016045537506,0.0043177589237321625,0.0001305503120337318,0.0012611702810493039,0.0007924041470466756,0.0001384821501210842
neutral_atom,5.455406374125056,5.579203184893265,0.25457431020786386,1.1264928628448785,1.0952904887613828,0.025410682156189093,3.4703249288780587,3.593790116554117,0.09845982702323006,0.004895843929459002,0.004869720767717836,0.00019557207850803214,0.0013319705048743012,0.0003650415132377469,0.0002484750566667389
neutral_atom,3.2044670167600495,3.0858247129859357,0.13379833215537268,0.81527186688617,0.7452898520353712,0.009662994078402626,5.019935851682933,5.057244767790579,0.12375896414774554,0.0008997891223807688,0.0010292437265290169,2.5123115403588188e-05,0.0011958424493757735,0.000105227047887337,2.4335365886238265e-05
neutral_atom,4.848754827895696,5.182435203791937,0.10746418636046971,1.0239955875171194,1.1064601359150021,0.04700869192292352,3.6689307285457398,3.579594335555587,0.09676321894611528,0.0042341581997211416,0.004424680559252072,0.000408570046324851,0.0002824142655371808,0.0012232078971556955,0.001297691401508544
neutral_atom,5.240207949338118,5.270925906978328,0.18875009245815072,0.6467079405313619,0.6609582779679536,0.030366514063284163,4.977880262244843,4.897164972543829,0.14227039856933704,0.0015868615254122018,0.001818087836484141,0.0001803842132211669,0.0008376939433802152,0.0012332318040652835,0.0008356855765182113
neutral_atom,4.292227413420341,4.343781302089689,0.24375134089874062,0.8498397361817784,0.8910087425271621,0.051567549221757186,3.556342818293202,3.6981919716000156,0.11430848493764983,0.0017726701732981344,0.0018988455251974276,0.00013385864164141255,0.0021368515316774104,0.002235787943456374,0.0004419136314988537
neutral_atom,4.4138808293009095,4.468492102188415,0.08331004013763302,1.1670319148702446,1.1321141204429792,0.04837358216207672,1.9574062493123536,1.9081707929207143,0.09625891970460426,0.0014224781202636229,0.001739636842874018,0.000125632180378441,0.00023534011377407868,0.0012342968464090962,0.0004217269145314217
neutral_atom,3.3659861915877216,3.5640081317490875,0.14268380661690191,0.7168383390017006,0.7298250791291927,0.02680944093490015,4.383658453531314,4.362414264078333,0.12165306087057617,0.004673215275200345,0.005168755779200486,0.0001247813047324767,0.001069825153856652,0.0008357952640728531,9.001625384620656e-05
neutral_atom,4.140774935622501,4.395379240237095,0.2983365955980085,0.6898465606727606,0.7176170296232768,0.043096771286587864,4.658365871034006,4.8642093682624745,0.125612876562679,0.004860788409501073,0.005237835201451413,0.00023974995788299938,0.0031237977608281117,0.0022139803091665473,0.00032362002428327965
neutral_atom,3.6063251288164704,3.8235572137947673,0.18283477349416036,0.9797636666596077,0.9197171945735823,0.07538115387559154,2.0739123569008355,2.0618555813117796,0.10159276096907624,0.0003354049707633507,0.0002954689539655819,2.7224944866603828e-05,0.001545342321085537,0.0045132177783139184,4.235234484770451e-05
neutral_atom,3.894427137423815,4.017215123241639,0.2156676677768214,0.7006028853782194,0.7189729322888454,0.03466180677887389,5.621666353101308,5.795149209921836,0.12524878765239936,0.0040407280357931345,0.003900006559398468,0.0004904958084424392,0.00195646214573227,0.0014282075769610834,0.002332759264216836
neutral_atom,4.537095237317622,4.6523361160961,0.39256031242682743,1.2806532028077118,1.354079074541754,0.08335174913534198,4.190516237335737,4.140779436851246,0.0977385898047835,0.0003181422189996003,0.0003361736171040206,1.4481355261333417e-05,0.00479538857598777,0.0024519602992601453,1.1720055844729346e-05
neutral_atom,3.6543422446951004,3.8020152203238045,0.1365073713487254,0.8640733726252074,0.8799168880979797,0.06467182135727682,4.274865952293258,4.310397171726012,0.10262538572064239,0.004082416453067008,0.004089739403952515,0.00010098221592486733,0.000870581366088319,0.0035949606600504725,9.117607735438899e-05
neutral_atom,5.530141415003226,5.722326943361438,0.2804810081199457,0.7241744495126479,0.7020381072923786,0.07239788308105809,3.598526930114817,3.537813365612198,0.1152574079865567,0.0012855680124068153,0.0011244707301452496,0.0001614873142499126,0.001520669958598325,0.00644872402100975,0.0009564239630724161
neutral_atom,3.077978548781235,3.1869554283956276,0.07147190211792533,1.3249726124488876,1.480426120941696,0.09734466773056269,5.475805841401673,5.4704144328727935,0.08992965755368701,0.00030991593600990946,0.00026668998674794265,8.970880414881876e-05,0.0003242369269789633,0.002693927630330106,0.00046712604924635287
neutral_atom,4.145139413912075,4.257687126647148,0.23191077774606322,1.269494709123633,1.28888226980505,0.12063991564274039,2.7360324080402725,2.6272297591414993,0.08838938346747524,0.000305178360695214,0.00023405371101618635,2.226206819918786e-05,0.002015167722671484,0.005763267056713068,2.9284645532425555e-05
neutral_atom,2.5562746552571927,2.574930940967715,0.04983282820077677,1.044075077325367,1.028420220231105,0.011635351718655308,5.575611987639197,5.45393556981052,0.10191302764070788,0.0008282386654520222,0.0008886932932736356,5.5072774734557375e-05,0.00021495503189270513,8.696316293210684e-05,0.00012595542841503218
neutral_atom,5.284276184352778,5.199228546244424,0.41817895187641246,0.8202997863199761,0.8821359714785126,0.06472462586392666,4.743521926311494,4.561089026372664,0.10903044549664467,0.00499277727733511,0.005077307610739131,6.909916112408986e-05,0.004244620284398957,0.0035849541915313485,2.8596235502780328e-05
neutral_atom,4.932012521507943,5.064756038149807,0.10385080957551798,0.7602407742232207,0.784710542604852,0.026826852352320355,1.6753791051871922,1.642787378931954,0.1238016355665915,0.0014959644346780768,0.0016328768957072847,4.163032789847973e-05,0.00027799558959475514,0.0007488526247796921,4.888399263553582e-05
neutral_atom,5.3733787482854165,5.349410896493071,0.36319279689289524,0.6587684855004251,0.642495153640873,0.025022625532998877,1.520161339654137,1.4172525442553408,0.14291548761875736,0.0023146116348852623,0.0023508494664389685,4.259625197821218e-05,0.002996169869990531,0.0008693456027860651,3.580619910291489e-05
neutral_atom,3.7217461775585443,3.6152818967572107,0.028167732602596272,0.64521582725751,0.6390124323110012,0.019226124817365763,4.475558263142722,4.506666001060553,0.14349993940716338,0.0030925839983303744,0.0033913343212809526,0.00034778972502776297,4.0645612683373675e-05,0.0005168656381857096,0.0014670745312514804
neutral_atom,3.778050210213599,3.91921613614093,0.26726491046219997,1.2993675110997203,1.3802269208209463,0.03647157445935553,2.118783135697846,1.9733513826497013,0.08852226972614276,0.0033625219132944256,0.0034917840010661224,0.0002169287645655484,0.003151206267653178,0.0004485740895750716,0.0005456696511369633
neutral_atom,5.095170077443404,4.838279511765255,0.24923293990662412,0.6980211217488592,0.752321032868805,0.003076541184675906,3.7558641431531807,3.71413212291577,0.12232198552583776,0.003531208891503421,0.0032266635412106083,0.00020715140906332259,0.001774282643974681,1.051577559519556e-05,0.0005607155936773417
