architecture,budget_nominal,budget_actual,n_success,fit_failures,T1_r2,T2_r2,dw_r2,eps_r2
superconducting,1000,1002,100,0,0.4965807558106895,0.6607058934237795,0.9272071643023545,0.6352339641174852
superconducting,1050,1050,100,0,0.6357304053048689,0.7230916677141113,0.9161367244258297,0.6483292837493999
superconducting,1100,1101,100,0,0.370051581565365,0.6505801167354741,0.9208626800232886,0.6203973614415208
superconducting,1150,1149,100,0,0.5935624572113711,0.7876990086928187,0.9308453528769355,0.6125405548569594
superconducting,1200,1200,100,0,0.5749959459980731,0.6655841425483591,0.9384822760037099,0.7039402300455397
superconducting,1250,1248,100,0,0.5613659236879266,0.7143146374106655,0.9432458872824957,0.6751915341069177
superconducting,1300,1299,100,0,0.5101690784557733,0.7186545161460123,0.9389777827635752,0.6987592402791045
superconducting,1350,1347,100,0,0.4793036383014029,0.8150406543234352,0.9641340461340844,0.7529094872834395
superconducting,1400,1398,100,0,0.5811636231785484,0.7649828541282349,0.9438447763130062,0.7870917242126196
superconducting,1450,1446,100,0,0.6366683377643363,0.8514598845382014,0.9535965755086129,0.6981316553856349
superconducting,1500,1503,100,0,0.6345991754513409,0.7483772857385116,0.9488609940182157,0.8265510608330664
superconducting,1550,1551,100,0,0.5814867195736098,0.7824207250252967,0.9529704980560464,0.756275487590792
superconducting,1600,1602,100,0,0.669856971003002,0.8051839807211756,0.944575827881917,0.7181875572296949
superconducting,1650,1650,100,0,0.5779116958091322,0.8070829882944649,0.9687014478292979,0.7882195287761313
superconducting,1700,1704,100,0,0.7455517690397642,0.8072769998738127,0.9598725858278178,0.7010347523888494
superconducting,1750,1749,100,0,0.6692808451108752,0.8157656703667268,0.9553081706085831,0.763033782378527
superconducting,1800,1803,100,0,0.6767889942988563,0.841956994986177,0.9669394550691829,0.7740576814102045
superconducting,1850,1848,100,0,0.6074230392853852,0.8407532102916314,0.9638507261580306,0.8143868913154753
superconducting,1900,1902,100,0,0.6888869151245993,0.8281943089366596,0.9614754244257404,0.7978254748787599
superconducting,1950,1947,100,0,0.7375413456673718,0.844820275462582,0.9637509492726059,0.7532183346723114
superconducting,2000,2001,100,0,0.6526128755866709,0.8664237114714727,0.9678671364854009,0.8025680771222272
superconducting,2050,2052,100,0,0.7208142528673568,0.8829566869679155,0.9716009842224894,0.7552819386673235
superconducting,2100,2100,100,0,0.6956619401211951,0.8641581402537263,0.966813101936459,0.8353511055946676
superconducting,2150,2151,100,0,0.7680209820507038,0.8729914494977792,0.9699182990974731,0.8521062765384073
superconducting,2200,2199,100,0,0.7354594882206651,0.8669805480896825,0.9650548523849795,0.7865862761718582
superconducting,2250,2250,100,0,0.6314476144244856,0.8759745904606169,0.9693822235426124,0.8603235128167689
superconducting,2300,2298,100,0,0.7856706730360554,0.8838773438771922,0.9676078545019018,0.8545883299668176
superconducting,2350,2349,100,0,0.6989966123486465,0.8852367009933544,0.9728535844356596,0.8771089792140687
superconducting,2400,2397,100,0,0.7266451509669684,0.8444854406322224,0.9661669733721534,0.8295995920814682
superconducting,2450,2448,100,0,0.754884370808613,0.9128932229810944,0.9685417644626745,0.8312046877856631
superconducting,2500,2502,100,0,0.7713135792843091,0.8684309228730337,0.9689165709980169,0.8400005810003358
superconducting,2550,2553,100,0,0.7386178802993464,0.8529885719398618,0.9675768689621375,0.8494690075963556
superconducting,2600,2601,100,0,0.7593469306297209,0.9029042416329406,0.9729693267871441,0.8661760782103589
superconducting,2650,2652,100,0,0.8233043014855652,0.9148692458113475,0.9734749609940233,0.8417796224154159
superconducting,2700,2700,100,0,0.7820676871076594,0.9104265299855603,0.9745565286940594,0.8516091622184039
superconducting,2750,2751,100,0,0.8139330963464536,0.8630274818058873,0.974542784488111,0.8275737979824669
superconducting,2800,2799,100,0,0.8245645026436405,0.8954997195681629,0.9823305688251097,0.879945514560652
superconducting,2850,2850,100,0,0.7997329600834256,0.891794946027992,0.9766785185721052,0.8768821391745486
superconducting,2900,2898,100,0,0.7323788340875089,0.8879429699797513,0.9703279063756574,0.8716829588702922
superconducting,2950,2949,100,0,0.7845176046663079,0.8929906809458248,0.976080949992559,0.8574046764181
superconducting,3000,3003,100,0,0.8165316025010628,0.8975668255662873,0.9762016770078519,0.9019511974602178
superconducting,3050,3048,100,0,0.7762538473068066,0.8954943999742064,0.9784177196125771,0.926163620735898
superconducting,3100,3102,100,0,0.8196912658043634,0.8966768245896108,0.9742408674981625,0.894049694006614
superconducting,3150,3147,100,0,0.8788185866351306,0.9108753337745368,0.974447092984188,0.884163932933526
superconducting,3200,3201,100,0,0.7896053112066274,0.9036704595884482,0.9723730835955088,0.84192481260146
superconducting,3250,3246,100,0,0.7535585330340907,0.928560520224041,0.9812687087481098,0.8594979879940315
superconducting,3300,3300,100,0,0.830902041327382,0.8856563191871908,0.9711052167351457,0.8895108265712691
superconducting,3350,3348,100,0,0.8177832801748012,0.8747064990049992,0.9807386499616783,0.904043880615281
superconducting,3400,3399,100,0,0.8362840491944626,0.9039152742533403,0.9806360088282149,0.8737407903210483
superconducting,3450,3447,100,0,0.8256859199590747,0.8902053350434449,0.9772423410923787,0.9160877689229172
superconducting,3500,3504,100,0,0.8354668624131347,0.8802508973408408,0.9819689025709388,0.8714844361147684
superconducting,3550,3552,100,0,0.7838095650008678,0.9223692373614989,0.9764884589064234,0.8838827851155271
superconducting,3600,3603,100,0,0.846445593893701,0.9276504870878783,0.9786793401653474,0.8979104640879905
superconducting,3650,3651,100,0,0.856969269951896,0.9376702946890699,0.9797295438130311,0.8874420813061501
superconducting,3700,3702,100,0,0.8037948537840482,0.9057064307926445,0.9853889082223701,0.888147828083983
superconducting,3750,3750,100,0,0.7594352611353892,0.9229066734120541,0.9772765548233351,0.8829356623975103
superconducting,3800,3801,100,0,0.865861355367367,0.925144159822317,0.9812389715211353,0.8579595865276665
superconducting,3850,3849,100,0,0.8445332208383111,0.9177774124065602,0.9804954300638834,0.9205984512899967
superconducting,3900,3900,100,0,0.8421242340521103,0.9292589279542324,0.9863681357035823,0.9030458608485106
superconducting,3950,3948,100,0,0.8623762927471612,0.9450861079256336,0.9764841227655374,0.8790498508988804
superconducting,4000,3999,100,0,0.8746116736814966,0.9317472196639065,0.9815646012104178,0.906114433323049
superconducting,4050,4053,100,0,0.8225734678481854,0.9073988529653831,0.9813608801303921,0.9186341721497047
superconducting,4100,4098,100,0,0.8967513148527481,0.9260658960217923,0.9849500102719427,0.8822578096706915
superconducting,4150,4152,100,0,0.8422048478327722,0.924109668962421,0.9856844898851003,0.9062310539704856
superconducting,4200,4197,100,0,0.8684725722609652,0.9226974709343754,0.9823939111802256,0.922255380535863
superconducting,4250,4251,100,0,0.8550019019189523,0.9449292337720337,0.982328541951472,0.9013282808486415
superconducting,4300,4296,100,0,0.8562206409057828,0.922913982322427,0.978990383020499,0.9256541020401134
superconducting,4350,4350,100,0,0.8751656851882297,0.9129196003290487,0.9834962552858487,0.8765006240382576
superconducting,4400,4395,100,0,0.8749857179751747,0.9555718971256147,0.9860234129536286,0.9159520787079714
superconducting,4450,4449,100,0,0.8835426657140684,0.9474451894465267,0.9835788201352647,0.9111175400080782
superconducting,4500,4500,100,0,0.8771169574947483,0.9311469299496755,0.9854264259447061,0.9094453850826132
superconducting,4550,4554,100,0,0.8917956537123275,0.9372337817027815,0.9837583979687194,0.9252051168013793
superconducting,4600,4599,100,0,0.8812374290325427,0.9379448468406582,0.9804087756177635,0.9330837896833357
superconducting,4650,4653,100,0,0.8502538440684935,0.9317684638908181,0.9858166115173217,0.9310058214521834
superconducting,4700,4698,100,0,0.8644103897660356,0.93869567872894,0.9877468604326312,0.9271977678631992
superconducting,4750,4752,100,0,0.866874707627185,0.9383258259338594,0.9888419278516418,0.9114879941295175
superconducting,4800,4797,100,0,0.8781045535532114,0.9223720970396166,0.9843738442992227,0.9096057980565765
superconducting,4850,4851,100,0,0.8821466018714471,0.9300213038395609,0.9832391093194458,0.9263552318188629
superconducting,4900,4896,100,0,0.8622872724028922,0.9478829837417899,0.9858797259165918,0.9231690639425705
superconducting,4950,4950,100,0,0.8764838400508811,0.9409923180592653,0.9891774041510422,0.9511456955472312
superconducting,5000,5004,100,0,0.9118275339852644,0.9323788854842932,0.985182980951686,0.9175672571081388
superconducting,5050,5049,100,0,0.906198541816583,0.9349518382262637,0.9879370963667221,0.922057368184169
superconducting,5100,5103,100,0,0.8861628250515977,0.9468920178276287,0.9881715971730604,0.9333239914701603
superconducting,5150,5148,100,0,0.861085576829879,0.9290348385683287,0.987029686894646,0.9142313322295746
superconducting,5200,5202,100,0,0.8657082566391996,0.9346312672497511,0.9898171029196414,0.932305234976657
superconducting,5250,5247,100,0,0.9012124988664567,0.9374977697961921,0.9842383012780754,0.9246320450621596
superconducting,5300,5301,100,0,0.9132661851159752,0.945132143501606,0.9871754074504512,0.9311980914741442
superconducting,5350,5346,100,0,0.8855545063542842,0.9448247795738078,0.9861997936452039,0.9289322921911045
superconducting,5400,5400,100,0,0.8936565660650053,0.952250603127571,0.9884402750553896,0.9300900268047767
superconducting,5450,5451,100,0,0.8739472186954165,0.9448066612429796,0.9879773071420216,0.9271279445687933
superconducting,5500,5505,100,0,0.9161864957460202,0.9488407607362013,0.9864917643938129,0.9377785335742019
superconducting,5550,5550,100,0,0.9002979589712645,0.9496576775835185,0.9880028291442906,0.9493593690599376
superconducting,5600,5604,100,0,0.9015779977310632,0.9596568947146948,0.987026133291328,0.9018428506613158
superconducting,5650,5649,100,0,0.8790347327968944,0.9436431108301142,0.9870757699544317,0.935938819343843
superconducting,5700,5703,100,0,0.9200550922092706,0.9399764870358802,0.9868621454302292,0.9438209676169954
superconducting,5750,5748,100,0,0.9071043992137411,0.945934859568996,0.9865813015295475,0.9190450757038042
superconducting,5800,5802,100,0,0.9187874821793759,0.9561076386380769,0.9897192985095427,0.9281588531998032
superconducting,5850,5847,100,0,0.9187234762318061,0.9460691054034633,0.9856431957698409,0.9297286355566808
superconducting,5900,5901,100,0,0.8850643270990711,0.9578830120799349,0.9889500214262187,0.9380543502359945
superconducting,5950,5952,100,0,0.8913261077574626,0.9552075848772337,0.9869033414042612,0.9369934555580203
superconducting,6000,6000,100,0,0.9033916356045663,0.9425777744917694,0.988410354974286,0.9542456326800706
superconducting,6050,6051,100,0,0.8987619135055708,0.9364789839177314,0.99026705273666,0.9254405310220333
superconducting,6100,6099,100,0,0.9177900565854007,0.9283367530796377,0.9909374325848861,0.9288256249127209
superconducting,6150,6150,100,0,0.9143334425433908,0.9550870378068808,0.9899377716924945,0.9515524992352169
superconducting,6200,6198,100,0,0.9307280648566001,0.9474699561311735,0.9873589665525646,0.90859646991802
superconducting,6250,6249,100,0,0.8838568489670181,0.9603990416867415,0.9889516763108657,0.9201084470595685
superconducting,6300,6297,100,0,0.8991835660211306,0.9417915078519402,0.9881851204122752,0.9366130790706189
superconducting,6350,6348,100,0,0.9269883362888444,0.947090115821426,0.988729053863056,0.9546681401509619
superconducting,6400,6396,100,0,0.9200214088937986,0.9556087387581355,0.9850381205640764,0.9346571869543399
superconducting,6450,6453,100,0,0.918975897807561,0.9579688788371553,0.9891339954425712,0.9428178898693036
superconducting,6500,6501,100,0,0.9137671326558789,0.9600490887407145,0.9892214214072532,0.9279255521407002
superconducting,6550,6552,100,0,0.9004983859971889,0.9595738963613215,0.9893105841487797,0.9261283726787635
superconducting,6600,6600,100,0,0.9272673742945312,0.9545278662682795,0.9906292822601517,0.9420354201643834
superconducting,6650,6654,100,0,0.9341067255111861,0.957158543537101,0.9898643523102408,0.9465729697944519
superconducting,6700,6699,100,0,0.9169202453961991,0.9527374028503715,0.9906363036929076,0.9538962749613801
superconducting,6750,6753,100,0,0.9285731329896377,0.9500505298857441,0.9903496298071671,0.9364482734911628
superconducting,6800,6798,100,0,0.9176939882059637,0.9672123538204349,0.9898693463436354,0.9407122321572055
superconducting,6850,6852,100,0,0.9201579834801881,0.9454487070105666,0.986524931395086,0.9558378446292713
superconducting,6900,6897,100,0,0.9221406341635983,0.9607314889011495,0.9919117058509171,0.9350417192673831
superconducting,6950,6951,100,0,0.9369235339386172,0.9534435519783047,0.9876625208401636,0.9412241394117333
superconducting,7000,7002,100,0,0.9375772433341516,0.94532196240673,0.9920905526648497,0.9475935688216813
superconducting,7050,7050,100,0,0.9388990813555756,0.957525539276339,0.9907164112396342,0.9445638896791052
superconducting,7100,7101,100,0,0.9241349143851098,0.9579346298971831,0.9906339970459908,0.9341666121633633
superconducting,7150,7149,100,0,0.9184466657232698,0.9610891759929163,0.9900567308931254,0.9402019191204068
superconducting,7200,7200,100,0,0.9182694820372873,0.9546451478409401,0.9898979319174056,0.9536074033794607
superconducting,7250,7248,100,0,0.9322274533697662,0.9553520297872543,0.9858810813942079,0.9497940645056107
superconducting,7300,7299,100,0,0.9147507586920879,0.9531277637540968,0.992501285802795,0.9616910483644993
superconducting,7350,7347,100,0,0.9420742742903847,0.9512736967123012,0.9916475600179573,0.9310179327720729
superconducting,7400,7398,100,0,0.9020946968984282,0.9641625847249802,0.9916230454703087,0.9619279082814355
superconducting,7450,7452,100,0,0.900641437691906,0.9622641443530305,0.9926355375801551,0.9652501402468469
superconducting,7500,7503,100,0,0.9279407160498863,0.9566618009886795,0.9899685777060194,0.9521740036770892
superconducting,7550,7551,100,0,0.9344722743820806,0.9483054663920105,0.9893500767578339,0.9485879542613627
superconducting,7600,7602,100,0,0.9083734197932398,0.9593632112510195,0.9903223370652445,0.9502272347792328
superconducting,7650,7650,100,0,0.9320557473090906,0.9666056933146484,0.991234855023158,0.9478395302399564
superconducting,7700,7701,100,0,0.9525064008609799,0.946645179937411,0.9902017289839714,0.941180022409536
superconducting,7750,7749,100,0,0.9156572584033111,0.9647469984758925,0.9892837832026268,0.9599922952005352
superconducting,7800,7800,100,0,0.9469028621660349,0.9668883110536197,0.9924693251102815,0.9524614146307203
superconducting,7850,7848,100,0,0.9315355585117407,0.9545007454373622,0.9904569782984503,0.9638069058301995
superconducting,7900,7899,100,0,0.931087939965969,0.9550511645255404,0.9893347623462045,0.9578123462822987
superconducting,7950,7953,100,0,0.9393629577646939,0.9688670840253083,0.9910249641804254,0.953354579258802
superconducting,8000,7998,100,0,0.9367119201294986,0.9630267355555362,0.9912066426806181,0.9544243434843817
superconducting,8050,8052,100,0,0.9189894353706162,0.9598598359138357,0.9930451174908121,0.9605768453482425
superconducting,8100,8097,100,0,0.9432436280834328,0.9601298546641074,0.9930130217143742,0.9588501486427312
superconducting,8150,8151,100,0,0.9223128059497264,0.9651744183323461,0.9938532326747488,0.9555205576007106
superconducting,8200,8196,100,0,0.9253013707227968,0.9659581226047166,0.991626550012984,0.9614953782308537
superconducting,8250,8250,100,0,0.9534263585397978,0.965191610127041,0.9904626283464075,0.9554538580738392
superconducting,8300,8298,100,0,0.934255032744022,0.9674168874243925,0.9898519102710444,0.9587647028016258
superconducting,8350,8349,100,0,0.9349191499451931,0.9591112282289167,0.9918278822878523,0.9478440727620083
superconducting,8400,8397,100,0,0.9429895179402478,0.9637047561420516,0.9913452880342155,0.9599895046073708
superconducting,8450,8454,100,0,0.9361567258034243,0.9626316408684379,0.98938673262878,0.9577351730612305
superconducting,8500,8502,100,0,0.940101368367948,0.9694751480118806,0.9924251902948814,0.9559690340477615
superconducting,8550,8553,100,0,0.9467996293966545,0.9715452781043042,0.9925420047800962,0.9599247207350349
superconducting,8600,8601,100,0,0.9507246721935377,0.9703456293374032,0.9895278109288157,0.9375132919304845
superconducting,8650,8652,100,0,0.9380506743924153,0.9694905467869295,0.98859244739895,0.9568934764769688
superconducting,8700,8700,100,0,0.940822870309788,0.9687328173552752,0.9916530842468331,0.9618025647893004
superconducting,8750,8751,100,0,0.9305078828635988,0.971061573953171,0.9899189936508762,0.9394378028504563
superconducting,8800,8799,100,0,0.9380708294283016,0.961175783847699,0.9926098693536928,0.943600973676029
superconducting,8850,8850,100,0,0.9462402171009138,0.9677325463645721,0.993376781321344,0.9544980229608856
superconducting,8900,8898,100,0,0.9446650226575889,0.9713289168875296,0.9917114303621213,0.9642153481948331
superconducting,8950,8949,100,0,0.9429031008348703,0.9722474929278418,0.9914949879485225,0.9603028121410025
superconducting,9000,9003,100,0,0.9535423166930361,0.974857742768487,0.989710368438991,0.9548569130874442
superconducting,9050,9048,100,0,0.9122152033412407,0.9663195412582606,0.9919475562573317,0.9659795180368409
superconducting,9100,9102,100,0,0.9426775104275528,0.9682746794976008,0.9927537087215031,0.9588606928609843
superconducting,9150,9147,100,0,0.9593873267439925,0.9621536769943648,0.9917295254611332,0.9547576827746144
superconducting,9200,9201,100,0,0.9406825435381239,0.9627062632232999,0.9926469844258491,0.9600739867031202
superconducting,9250,9246,100,0,0.9548829299893332,0.9723558012618967,0.9927928331424893,0.9678879631834476
superconducting,9300,9300,100,0,0.948144231959286,0.9653365515312482,0.9914204758772572,0.9553874940951662
superconducting,9350,9345,100,0,0.9603465498182235,0.9640997589186532,0.9916257380713012,0.9421898631947091
superconducting,9400,9399,100,0,0.9517574934160916,0.9639128253915196,0.9908582825662742,0.9539239775586598
superconducting,9450,9450,100,0,0.9355173378711432,0.9759883239577827,0.9921231011908026,0.961309874003883
superconducting,9500,9504,100,0,0.9397739242654851,0.9711779651320855,0.992753485304928,0.9564733712416178
superconducting,9550,9549,100,0,0.9384102475632189,0.9639946496448815,0.9931458788566437,0.9676011760529194
superconducting,9600,9603,100,0,0.9594616224606538,0.9711206238049548,0.9939508744360205,0.9655610190868366
superconducting,9650,9648,100,0,0.9470783170836948,0.9721220964968638,0.9939485894116614,0.961799157837439
superconducting,9700,9702,100,0,0.9343706812731661,0.9642120716839115,0.9933015096951592,0.9545990552762517
superconducting,9750,9747,100,0,0.9497496646036943,0.974849116927176,0.9909378909065354,0.9565420123031733
superconducting,9800,9801,100,0,0.9591316719229761,0.9734586035080409,0.9933580783956716,0.965823923068851
superconducting,9850,9846,100,0,0.9504899279845912,0.9667317947358537,0.9941173383526937,0.9600652329524015
superconducting,9900,9900,100,0,0.9534111639675127,0.9796016027514575,0.9920182680832411,0.9631242111084596
superconducting,9950,9954,100,0,0.9437159730762621,0.9729002386258537,0.9935644384676602,0.9607343063465739
superconducting,10000,9999,100,0,0.937103860479923,0.9780472030665313,0.9933816350162842,0.9695394279612495
superconducting,10050,10053,100,0,0.9469355502890018,0.9664075538137533,0.9923566441082105,0.9591107933334239
superconducting,10100,10098,100,0,0.9444278650082106,0.9657381051910804,0.9929585956056496,0.9657771869872032
superconducting,10150,10152,100,0,0.957425256621169,0.9693048487762543,0.9946788125069385,0.9586966737628142
superconducting,10200,10197,100,0,0.960924629826392,0.976036754081379,0.9937684376777619,0.9614090442207891
superconducting,10250,10251,100,0,0.9407525677460696,0.9661787880429631,0.9928342582601603,0.9722784302727246
superconducting,10300,10296,100,0,0.959644691037182,0.9717522694603393,0.9940135075667541,0.9697030980905224
superconducting,10350,10350,100,0,0.9354452471505581,0.9674449736373013,0.9913704134476659,0.9703682400114964
superconducting,10400,10401,100,0,0.9493471081595514,0.9777810012055437,0.9927049440401018,0.9709198425403974
superconducting,10450,10455,100,0,0.9365725842641199,0.9738688990449279,0.9933292007995217,0.9639692679142426
superconducting,10500,10500,100,0,0.9472997856583585,0.9728468001896967,0.9947372592370882,0.9581689896457067
superconducting,10550,10554,100,0,0.9513052758014572,0.9703212401052755,0.9938116951941689,0.9736126315483242
superconducting,10600,10599,100,0,0.9505206312072148,0.9690663168386763,0.994343801508008,0.9564430047255944
superconducting,10650,10653,100,0,0.9449443261483422,0.9757635608043381,0.9932989275622045,0.9754620356198592
superconducting,10700,10698,100,0,0.9480361270896843,0.9719289721316829,0.9945337486198984,0.9612261790421686
superconducting,10750,10752,100,0,0.9444703243545219,0.9708895144076272,0.993781360190887,0.9645970947062389
superconducting,10800,10797,100,0,0.9606082438905968,0.9706680415264515,0.9920493253937173,0.9619647006871104
superconducting,10850,10851,100,0,0.9547509138990479,0.976967320153242,0.9941369844197867,0.9693502995274937
superconducting,10900,10902,100,0,0.9487551662569247,0.9726540761512854,0.992563002546436,0.9709707222570721
superconducting,10950,10950,100,0,0.9590497255027405,0.9724721119044378,0.9942429422516672,0.9720411313336257
superconducting,11000,11001,100,0,0.95436274891878,0.9697850813480102,0.9949242741953027,0.9688961974029906
superconducting,11050,11049,100,0,0.9581317794854887,0.9701765755943649,0.9959236906954635,0.9603723351422362
superconducting,11100,11100,100,0,0.9456843301668038,0.9685641460577583,0.9925609060237609,0.9743323407895494
superconducting,11150,11148,100,0,0.9550384867092983,0.9712966758980962,0.99408428605866,0.9646545530307581
superconducting,11200,11199,100,0,0.9585875618068491,0.970631871624997,0.9936251192950076,0.9721667377184905
superconducting,11250,11247,100,0,0.9435514881106508,0.9775555353598925,0.9937927063941039,0.9696617065983253
superconducting,11300,11298,100,0,0.9480408797435421,0.9621651669486281,0.9946315522503231,0.9725117011800868
superconducting,11350,11346,100,0,0.9502661188402662,0.9767596376943106,0.9937187750862982,0.9663741529833852
superconducting,11400,11403,100,0,0.9506509704061181,0.9743549259525556,0.994261804019103,0.9689036800693809
superconducting,11450,11451,100,0,0.9596402046887429,0.9721269265652017,0.9958045860328352,0.9667249346134142
superconducting,11500,11502,100,0,0.9512970253765665,0.9778184032241093,0.9934455999686415,0.963826134771361
superconducting,11550,11550,100,0,0.9505718076421319,0.9713842510927468,0.9950162473707996,0.9756134680482602
superconducting,11600,11604,100,0,0.9582822867255445,0.9751386989186587,0.9940587478890496,0.9696583531663628
superconducting,11650,11649,100,0,0.9579360620612526,0.9727962222037643,0.9934243088767137,0.9608170873471475
superconducting,11700,11703,100,0,0.9576493985958432,0.9814923934312395,0.9946354955761978,0.9707008737182211
superconducting,11750,11748,100,0,0.9545563125115359,0.9769508518431081,0.9961224213104085,0.9583673820946887
superconducting,11800,11802,100,0,0.959231591026049,0.9773877418180826,0.9929828489873092,0.9649453568000588
superconducting,11850,11847,100,0,0.9579407664182524,0.9708966900617796,0.9931557195862617,0.9609331607313011
superconducting,11900,11901,100,0,0.9417822181226272,0.9816077525604693,0.9952445710513205,0.9680304644820001
superconducting,11950,11952,100,0,0.9337549846066615,0.9756155149706525,0.9937355233093054,0.9708733382145225
superconducting,12000,12000,100,0,0.9528933093379579,0.9751024854311945,0.993324320600115,0.9679681353376371
superconducting,12050,12051,100,0,0.9653329651676229,0.9775167314064862,0.9947664000970786,0.9493653809259737
superconducting,12100,12099,100,0,0.9593634889237483,0.9746777107794817,0.9930349319484283,0.9660569459604522
superconducting,12150,12150,100,0,0.9322461227603899,0.9745248138810146,0.994335875211584,0.9656349513708344
superconducting,12200,12198,100,0,0.9578934786568922,0.9766195989130692,0.9940268224222542,0.974444056139789
superconducting,12250,12249,100,0,0.9587386166514643,0.9809643964900383,0.9945864463352849,0.9670679437844295
superconducting,12300,12297,100,0,0.9639725557766764,0.9810848029069075,0.9953219426439338,0.9646269973151094
superconducting,12350,12348,100,0,0.9574076850251092,0.9827656977876532,0.9938103196956759,0.9666847544910726
superconducting,12400,12402,100,0,0.9576057385986776,0.9763972243577684,0.9937799682537137,0.976169379315559
superconducting,12450,12453,100,0,0.9502979955432173,0.9795861106500229,0.9946584242096853,0.9648471647533755
superconducting,12500,12501,100,0,0.9455419561444578,0.9795304235331391,0.9933957189280236,0.9634514388724643
superconducting,12550,12552,100,0,0.9456627053602543,0.9770677620841702,0.992077640350996,0.9754903135534922
superconducting,12600,12600,100,0,0.954184117005761,0.9807981947921847,0.9952421510253101,0.9662609614502963
superconducting,12650,12651,100,0,0.9675305455167383,0.972841948132997,0.9954647233392049,0.9719265405593647
superconducting,12700,12699,100,0,0.9674092799965452,0.9744489170465779,0.9944334229764678,0.9706290740285067
superconducting,12750,12750,100,0,0.961693522770242,0.974456266531719,0.9949157616538913,0.9648514117438984
superconducting,12800,12798,100,0,0.9637837684162771,0.9795799637256695,0.9930842634985189,0.9677085240339769
superconducting,12850,12849,100,0,0.9653791321129173,0.9733596805538184,0.9950883974772419,0.9641836092496208
superconducting,12900,12903,100,0,0.9554198105875076,0.9832807692484655,0.9946054864863304,0.9645803080161129
superconducting,12950,12948,100,0,0.9603505699005424,0.9742525646141417,0.9938311383318298,0.973565162210029
superconducting,13000,13002,100,0,0.9571742757003229,0.9792946017257318,0.9943800095057729,0.9693288428651416
superconducting,13050,13047,100,0,0.9586831057741568,0.9794718012561582,0.9948296994670168,0.9753827992537557
superconducting,13100,13101,100,0,0.959760945721921,0.974487112055545,0.9950024197073556,0.9710733899724089
superconducting,13150,13146,100,0,0.9691236663307538,0.9790920859445966,0.9947250013105626,0.9645674006566453
superconducting,13200,13200,100,0,0.952342171489567,0.979864213622559,0.9932073830004949,0.9715831363350578
superconducting,13250,13248,100,0,0.9645103048375808,0.9755520608549666,0.994801115536131,0.9718155468144563
superconducting,13300,13299,100,0,0.9579844322362191,0.9785735502594866,0.9943590923140577,0.9670233228143508
superconducting,13350,13347,100,0,0.9597096214417402,0.975528629652454,0.995825424397369,0.9778966767791265
superconducting,13400,13404,100,0,0.9652132544534333,0.9816518881184942,0.9935478750012456,0.9717950503931683
superconducting,13450,13452,100,0,0.9569124751056978,0.976282593791224,0.9936373272509029,0.9677135013943592
superconducting,13500,13503,100,0,0.9657944716082515,0.975968807169472,0.9954704799633285,0.9744550575008173
superconducting,13550,13551,100,0,0.9664349140646533,0.9864053427782394,0.9953953116381206,0.9572237469325455
superconducting,13600,13602,100,0,0.9535467204940247,0.9821559370659076,0.9944022970681947,0.9698416236075059
superconducting,13650,13650,100,0,0.9570046649263547,0.9781982065757199,0.9946654661126855,0.9696630793180754
superconducting,13700,13701,100,0,0.9587825116622902,0.9767251735541534,0.9931043431707566,0.9708127447876872
superconducting,13750,13749,100,0,0.949659680776221,0.9722081850324157,0.995875941232884,0.9760808597409056
superconducting,13800,13800,100,0,0.9618940800284586,0.9844083742208404,0.9963530078563778,0.9724731406820436
superconducting,13850,13848,100,0,0.965046247075951,0.9820982815589447,0.9957101757558355,0.9706269278627281
superconducting,13900,13899,100,0,0.960900980577854,0.9752857495210188,0.9944371051589911,0.9727162602232272
superconducting,13950,13953,100,0,0.9617488928885944,0.9791314708535905,0.9938278633682708,0.969556424024639
superconducting,14000,13998,100,0,0.958643832277026,0.9818851560596863,0.995696294651489,0.9681671407618437
superconducting,14050,14052,100,0,0.9666051317481033,0.9803323421374771,0.9951472446840801,0.9781331211420378
superconducting,14100,14097,100,0,0.9588918229979766,0.9791822450748295,0.9951723895428316,0.9688829625539039
superconducting,14150,14151,100,0,0.9657282139708049,0.9830719491240038,0.9942966030606684,0.9676744762772976
superconducting,14200,14196,100,0,0.9662207761720953,0.9811702543338717,0.9956951953277391,0.980787196797102
superconducting,14250,14250,100,0,0.9611123214577583,0.9780686380201321,0.9950578055252663,0.9785923897013432
superconducting,14300,14295,100,0,0.9655461527001422,0.9782079103603849,0.9950427736258327,0.9645318636028519
superconducting,14350,14349,100,0,0.964732706698318,0.9788199670721038,0.9956563530683817,0.9685927657903778
superconducting,14400,14400,100,0,0.9713393855399417,0.9791595712634535,0.9944980853269308,0.9724943750144014
superconducting,14450,14454,100,0,0.9633943150293373,0.9766027624572716,0.9959524400298997,0.9738983993680805
superconducting,14500,14499,100,0,0.961050160139986,0.9805417110823849,0.9962537603967727,0.9773862649880678
superconducting,14550,14553,100,0,0.9586228946449677,0.9799645554903016,0.9959148913761048,0.9760217379861144
superconducting,14600,14598,100,0,0.9598491396714148,0.9764728382095704,0.9958565430895117,0.9772000944023045
superconducting,14650,14652,100,0,0.967415082625341,0.9789849246525396,0.9957157753065936,0.9702107318722005
superconducting,14700,14697,100,0,0.9631861165055597,0.978791440297072,0.9963253948003378,0.9650793814949465
superconducting,14750,14751,100,0,0.966856018175199,0.976779323039404,0.9949001052281815,0.9736817646493786
superconducting,14800,14796,100,0,0.9652934389708738,0.9807608342229438,0.9960584613032399,0.9792176729737244
superconducting,14850,14850,100,0,0.9594290313501518,0.9803959617502387,0.9954451394768591,0.9756079369967431
superconducting,14900,14904,100,0,0.9723214310630792,0.9803914562851114,0.9959892568087563,0.9748185386004873
superconducting,14950,14949,100,0,0.9752046658545952,0.9825998477160641,0.9951915944663551,0.9757348988812279
superconducting,15000,15003,100,0,0.9697337211341912,0.9792739571351748,0.9950511016301155,0.9766555348406191
superconducting,15050,15048,100,0,0.967309483225185,0.9822597743584957,0.9949937629248053,0.9771194547963873
superconducting,15100,15102,100,0,0.962507879692821,0.9777986310931295,0.9966667193213834,0.9771803284671366
superconducting,15150,15147,100,0,0.9661676820488335,0.9790264101775052,0.9951003524797551,0.979083364816787
superconducting,15200,15201,100,0,0.9690622165643521,0.9859861598648864,0.994811540854081,0.9726218081743933
superconducting,15250,15246,100,0,0.9601211304932553,0.9865101408170084,0.9954500348186697,0.9725655957644943
superconducting,15300,15300,100,0,0.9709803047524113,0.986506574325432,0.9940581881490551,0.9692000432209256
superconducting,15350,15351,100,0,0.9653700318035598,0.9735707559178935,0.9963912402037637,0.977210230002857
superconducting,15400,15405,100,0,0.9707040952898013,0.9793161132424688,0.9954768502815634,0.9821937320695847
superconducting,15450,15450,100,0,0.966811937434204,0.9804885739937061,0.9951789334227622,0.9823156453014772
superconducting,15500,15504,100,0,0.9607446742001434,0.9804285586626564,0.9946906929665364,0.975317214959288
superconducting,15550,15549,100,0,0.9651504702794145,0.982164603533403,0.9952529458360987,0.9808538833575197
superconducting,15600,15603,100,0,0.9628046498367302,0.9798400545567023,0.9952734496382494,0.9774943944999913
superconducting,15650,15648,100,0,0.9611413915275258,0.982002948876039,0.9955405277484857,0.9776899425463818
superconducting,15700,15702,100,0,0.9662278563071671,0.9859666825086383,0.9950064648672615,0.97647117884189
superconducting,15750,15747,100,0,0.9652161921011333,0.9795823021075061,0.996422422451115,0.9722882217589147
superconducting,15800,15801,100,0,0.9627891758056555,0.9804682666020027,0.9956713135010522,0.9749133481573611
superconducting,15850,15852,100,0,0.9694162927696703,0.9776504453239968,0.9966814864548356,0.9771813481649992
superconducting,15900,15900,100,0,0.9726826694274563,0.9838706176566506,0.9961449326252411,0.9709918746374362
superconducting,15950,15951,100,0,0.9712738109699178,0.977894013822708,0.9949072987137748,0.9745038765128676
superconducting,16000,15999,100,0,0.9596717030100036,0.9790965594782731,0.9960162249471821,0.9793553263758623
superconducting,16050,16050,100,0,0.9644839738486427,0.9852746701322819,0.9954863916576014,0.9665260969383559
superconducting,16100,16098,100,0,0.9691496152881585,0.9811917882958143,0.9957076856055508,0.970341974169393
superconducting,16150,16149,100,0,0.9714780872613437,0.9770617670656843,0.996402868569996,0.9783380642454851
superconducting,16200,16197,100,0,0.9654738337625637,0.986422574571705,0.9951694833844673,0.9730822157462432
superconducting,16250,16248,100,0,0.9727883096228461,0.9828278833695108,0.9952783540898152,0.9749948754510791
superconducting,16300,16296,100,0,0.9673336673955408,0.9809667448841598,0.9949912207081005,0.9736620501669092
superconducting,16350,16353,100,0,0.9756766376061473,0.9819854421414762,0.9968950706169727,0.9773824776124624
superconducting,16400,16401,100,0,0.9690736124723934,0.979734363270164,0.9963864628400242,0.9712713192574789
superconducting,16450,16452,100,0,0.973874830224822,0.9849736538870345,0.9958075472348294,0.9755116686968528
superconducting,16500,16500,100,0,0.9722605639321152,0.9823810657060864,0.9956786830177559,0.9800101960424961
superconducting,16550,16554,100,0,0.97720440222607,0.9810619251547217,0.9946565662355006,0.9699760192252109
superconducting,16600,16599,100,0,0.9711052753848322,0.9826983542376093,0.9960275592168404,0.9779037125614327
superconducting,16650,16653,100,0,0.9731156044110463,0.9861552855903337,0.9949604172773702,0.9831648598924645
superconducting,16700,16698,100,0,0.9638668451776828,0.9807233169917201,0.9958435094338954,0.9823050585629188
superconducting,16750,16752,100,0,0.9798115614799098,0.9830346885162663,0.9954527071759391,0.976486548132503
superconducting,16800,16797,100,0,0.9685307477652662,0.9820566326866245,0.996249809431855,0.9829754358746379
superconducting,16850,16851,100,0,0.9795462747413873,0.9810171672382063,0.9947893111220898,0.9774812839021684
superconducting,16900,16902,100,0,0.9728449450246096,0.9842452795171043,0.9956999405996462,0.9784359512851797
superconducting,16950,16950,100,0,0.9710329028372039,0.9813155269925583,0.9966084741600858,0.9792970366251567
superconducting,17000,17001,100,0,0.9758532729592572,0.9842982672331421,0.9961570414499116,0.9750917537247952
superconducting,17050,17049,100,0,0.9666747577404569,0.9858887711322613,0.9964566631548453,0.9756744693145039
superconducting,17100,17100,100,0,0.9780201561071514,0.9866788712296264,0.9955790501168553,0.9774662241139903
superconducting,17150,17148,100,0,0.9722067830015177,0.9882713048861366,0.9955254050049732,0.9802567805073017
superconducting,17200,17199,100,0,0.9775281017027635,0.9822444705867733,0.9953993742969566,0.975152288355525
superconducting,17250,17247,100,0,0.9683364364450292,0.9824523862769861,0.9966635383818283,0.986673991867826
superconducting,17300,17298,100,0,0.9718372803405556,0.9824812341555682,0.9953691650258949,0.9776883011896608
superconducting,17350,17352,100,0,0.9727718147009935,0.9830631766759035,0.9968576541765859,0.9839936345424323
superconducting,17400,17403,100,0,0.9708047494811339,0.9817472222427677,0.9956582492933145,0.9738929495083745
superconducting,17450,17451,100,0,0.9699163258339215,0.984760424698814,0.9957223391865937,0.9790436410269129
superconducting,17500,17502,100,0,0.9770497961894604,0.9848597756854044,0.9957583909140791,0.9798736740877588
superconducting,17550,17550,100,0,0.9751717806564156,0.9807237696643961,0.9956729634359249,0.9762326314610296
superconducting,17600,17601,100,0,0.9754448000574673,0.9853143193982211,0.9957708789140584,0.9732357383794077
superconducting,17650,17649,100,0,0.9744525153504592,0.9846258455617442,0.9962039070368045,0.981734569934849
superconducting,17700,17700,100,0,0.972517890986585,0.9844148380460189,0.9958894774027091,0.9714925256991063
superconducting,17750,17748,100,0,0.974760357819341,0.9801291574648451,0.9968894622214342,0.9776033182377327
superconducting,17800,17799,100,0,0.9699926335601294,0.9830236546556653,0.9955765891757032,0.979510371012835
superconducting,17850,17853,100,0,0.9632024853599644,0.9853088088862918,0.9961610381098472,0.9742483624786717
superconducting,17900,17898,100,0,0.9678906078408558,0.9818439231461431,0.9970314583200859,0.982662528772556
superconducting,17950,17952,100,0,0.9728127419519667,0.9797420337067203,0.9966140660890832,0.9723430267383208
superconducting,18000,17997,100,0,0.9704469659271666,0.984842247593903,0.9961090738369294,0.9800107837051268
superconducting,18050,18051,100,0,0.9759581916508641,0.9839096930370829,0.9958771289092179,0.981966014784674
superconducting,18100,18096,100,0,0.9730333590395414,0.9830357840012184,0.9964511920702042,0.976894281099456
superconducting,18150,18150,100,0,0.9749330162626577,0.9822391102625868,0.9962247794534304,0.9751379015363538
superconducting,18200,18198,100,0,0.9740386534492845,0.9838034341677003,0.9963319619945266,0.980095120646261
superconducting,18250,18249,100,0,0.9785786615745798,0.9858504504042847,0.9952042516187891,0.9805754473992265
superconducting,18300,18297,100,0,0.9729086319086657,0.9826545313530078,0.9965237048771957,0.9754970558560498
superconducting,18350,18354,100,0,0.9706872010288139,0.9866231390778322,0.995410149010059,0.9788665995987857
superconducting,18400,18402,100,0,0.9690237307311611,0.9848130828553389,0.9966075680522269,0.9789613243286833
superconducting,18450,18453,100,0,0.9689201076082137,0.9845078979827953,0.9960557269549986,0.9801165906970633
superconducting,18500,18501,100,0,0.9693942834052119,0.983158078576336,0.9963803148459012,0.9788532181560514
superconducting,18550,18552,100,0,0.9774953375020927,0.9847462396317954,0.9963046519204932,0.9775553256699152
superconducting,18600,18600,100,0,0.9775751386581947,0.9804367112531953,0.9965129065195971,0.9823314976319251
superconducting,18650,18651,100,0,0.9694411536989761,0.9833718881813696,0.9948427429481309,0.9780013891283659
superconducting,18700,18699,100,0,0.9645225180078509,0.9847570986090749,0.9971334949705426,0.9813087384053089
superconducting,18750,18750,100,0,0.9749057567613988,0.984543586829039,0.9964325194371109,0.9762682616285967
superconducting,18800,18798,100,0,0.9643359855471288,0.9859466425119751,0.9960608839748643,0.9794445253507366
superconducting,18850,18849,100,0,0.9739087954111147,0.983954681600013,0.9971760703346634,0.9767588702156229
superconducting,18900,18903,100,0,0.9710963130520004,0.9855751809260644,0.9957734909155509,0.9778686525747404
superconducting,18950,18948,100,0,0.9668781489608249,0.9833929476036817,0.9968832780398726,0.9817496565422204
superconducting,19000,19002,100,0,0.9767409065259977,0.9851199642211109,0.9949308743634494,0.9791036684315096
superconducting,19050,19047,100,0,0.974886022569226,0.981751862425265,0.9964334386403125,0.9775403995829021
superconducting,19100,19101,100,0,0.9731607029176422,0.984418096644415,0.9963183492633279,0.98478868330516
superconducting,19150,19146,100,0,0.9727577356979902,0.9869916236385471,0.9963847021134817,0.9727507338187762
superconducting,19200,19200,100,0,0.9702488333638354,0.9857981142527665,0.9953060591198758,0.9815334511740047
superconducting,19250,19245,100,0,0.9744519309343618,0.984660388387648,0.99672159366941,0.983555523255615
superconducting,19300,19299,100,0,0.968813003279721,0.9856677689678248,0.9960702642790966,0.9801749304757712
superconducting,19350,19350,100,0,0.9760366152899173,0.9827882993885925,0.9970800443710309,0.9815702020178756
superconducting,19400,19404,100,0,0.9742936252555915,0.9860261924231024,0.996179442296672,0.9841812953475564
superconducting,19450,19449,100,0,0.977727554340723,0.9863501722648809,0.9962822094628992,0.9831767110464401
superconducting,19500,19503,100,0,0.9741626690947149,0.9842165672889122,0.9959170465103466,0.9846295595275929
superconducting,19550,19548,100,0,0.9757541552644396,0.9861413484513615,0.9964785366916865,0.9832396928142331
superconducting,19600,19602,100,0,0.9648831767246415,0.9864176629571684,0.9976393866790487,0.9787605081417137
superconducting,19650,19647,100,0,0.9706944098586294,0.9841244666685208,0.997012517294901,0.9827159186576729
superconducting,19700,19701,100,0,0.9688181108123292,0.9892141557990877,0.9969392934566293,0.9794959097231946
superconducting,19750,19746,100,0,0.9784834504342268,0.9826869151147337,0.9967948204478387,0.976061977930418
superconducting,19800,19800,100,0,0.978793658497724,0.9831800495217792,0.9954394450590288,0.9828915707085648
superconducting,19850,19854,100,0,0.9738184703994723,0.9842621784628129,0.9953076621572351,0.9790602133843156
superconducting,19900,19899,100,0,0.9800210252599004,0.9813420735335618,0.9958536488996226,0.9785331139601385
superconducting,19950,19953,100,0,0.969885004710423,0.9872490783231507,0.9963909116716694,0.9785315704527467
superconducting,20000,19998,100,0,0.9795049438187987,0.9809299439517782,0.9977768849189977,0.9835676010534073
trapped_ion,1000,1002,100,0,0.3762716183859609,0.6338562394787841,0.9638032870111021,0.6290335395877589
trapped_ion,1050,1050,100,0,0.3497904976777426,0.49491600173874406,0.933453126096576,0.5026115276419587
trapped_ion,1100,1101,100,0,0.5580564119815743,0.4947344804097996,0.950224974082227,0.5473580658695434
trapped_ion,1150,1149,100,0,0.5304172270923234,0.7037207640738704,0.9521591885337457,0.703008622611579
trapped_ion,1200,1200,100,0,0.5941633213863713,0.6066168446074924,0.9423899692515078,0.6377998425495901
trapped_ion,1250,1248,100,0,0.7041097918598351,0.5586598514991709,0.9482462681710231,0.7113231090746935
trapped_ion,1300,1299,100,0,0.5525289273896208,0.6152608954226761,0.9423127793867219,0.7161706275611638
trapped_ion,1350,1347,100,0,0.5713123836575822,0.6506895384710696,0.9492280150461387,0.7741463244901909
trapped_ion,1400,1398,100,0,0.6289142502549054,0.6027689082115261,0.9422341940889296,0.8107850942515776
trapped_ion,1450,1446,100,0,0.6776434131916066,0.7195816271112356,0.9644487668890909,0.764104287029468
trapped_ion,1500,1503,100,0,0.5783206829522656,0.6459019789071079,0.9570778216438685,0.7701409178281664
trapped_ion,1550,1551,100,0,0.7343278559383125,0.704823157550682,0.9674527147317711,0.8109798535489007
trapped_ion,1600,1602,100,0,0.6647880196963096,0.7122493818244017,0.9571106540464474,0.7553767429093378
trapped_ion,1650,1650,100,0,0.6400319108164345,0.8040176171280583,0.9497280879056081,0.7248648838258579
trapped_ion,1700,1704,100,0,0.6748457984998559,0.6474763950138209,0.9574067048755193,0.8293578681211266
trapped_ion,1750,1749,100,0,0.6485976632354493,0.7755348808565623,0.9673794233125849,0.8366363521293272
trapped_ion,1800,1803,100,0,0.7277757292691787,0.7207984579410542,0.9666561814246575,0.852746234166911
trapped_ion,1850,1848,100,0,0.6772012032770858,0.7383154896886257,0.9721358832651078,0.8509442600963447
trapped_ion,1900,1902,100,0,0.7663786709394598,0.7897361871476387,0.970844648402118,0.7988519516594033
trapped_ion,1950,1947,100,0,0.7506719313451322,0.7582493157338139,0.9682629692841243,0.8548156471229115
trapped_ion,2000,2001,100,0,0.7579952044474016,0.7874415673830117,0.9740894651806572,0.7862911184968127
trapped_ion,2050,2052,100,0,0.7698919725988114,0.7792941780222639,0.9658225689953769,0.7807639780981546
trapped_ion,2100,2100,100,0,0.7657760176243712,0.7719814955467327,0.9769190090867426,0.8370607660858786
trapped_ion,2150,2151,100,0,0.7295391455509446,0.8257874987721326,0.9758421889769844,0.8273017657663005
trapped_ion,2200,2199,100,0,0.7531638479720459,0.7860225066717987,0.9724193652941933,0.8395635544366589
trapped_ion,2250,2250,100,0,0.8348820858620819,0.773468481451766,0.9761259776755946,0.8371878893152788
trapped_ion,2300,2298,100,0,0.6772705981091729,0.7809157318817299,0.9630869629732421,0.8825025114524988
trapped_ion,2350,2349,100,0,0.7975083365433469,0.804208890253138,0.975555590987518,0.819594839669453
trapped_ion,2400,2397,100,0,0.7334741050573643,0.825878723616177,0.969723823457417,0.8284996749877374
trapped_ion,2450,2448,100,0,0.7412465139334357,0.802975174960004,0.9735665108212439,0.8888118723906526
trapped_ion,2500,2502,100,0,0.759886338016826,0.8381719478049343,0.9813107834712488,0.8800497549421061
trapped_ion,2550,2553,100,0,0.8176956653441898,0.8542381886018827,0.977989035475559,0.8549721382137458
trapped_ion,2600,2601,100,0,0.7573563943120534,0.8444671185667912,0.9744238739749222,0.9138854770147604
trapped_ion,2650,2652,100,0,0.7844473382926952,0.8176887362544922,0.977311690423483,0.8891931251671258
trapped_ion,2700,2700,100,0,0.8072165511079865,0.8108007534552196,0.9838287812406854,0.8561221769725795
trapped_ion,2750,2751,100,0,0.8040754104048602,0.8255845479737837,0.9768994276697395,0.8361841629271436
trapped_ion,2800,2799,100,0,0.8004711943042483,0.8676322373043795,0.9804139861593059,0.9020427123503459
trapped_ion,2850,2850,100,0,0.7263574240052367,0.878019661477669,0.9846653107276382,0.8757396574711117
trapped_ion,2900,2898,100,0,0.7943478321144194,0.8665575376732837,0.9785775082444781,0.8547554607743759
trapped_ion,2950,2949,100,0,0.8661588417763368,0.8233087020081716,0.9802135570004636,0.8860183533978576
trapped_ion,3000,3003,100,0,0.8378008715654892,0.8562218228277645,0.9809773607260339,0.9084414298020856
trapped_ion,3050,3048,100,0,0.8312865134597799,0.8746633187182438,0.9880348571999871,0.9095200811051525
trapped_ion,3100,3102,100,0,0.7853612101571097,0.8127044158525305,0.9813441806160343,0.8993066215705922
trapped_ion,3150,3147,100,0,0.8570762401974399,0.8483887988705351,0.9784341911313951,0.8932818160741662
trapped_ion,3200,3201,100,0,0.8329260375788012,0.8625880227169862,0.9779655877400456,0.8868587667897987
trapped_ion,3250,3246,100,0,0.8142360004619151,0.8220644830605015,0.9843068252846484,0.9138323991979895
trapped_ion,3300,3300,100,0,0.8638306380775873,0.8570114439872752,0.9804466268140093,0.8657164751405662
trapped_ion,3350,3348,100,0,0.8829772063354763,0.8254657846392093,0.9844059682385516,0.8948629925970809
trapped_ion,3400,3399,100,0,0.8565651329331418,0.8622378793610739,0.9812170714779241,0.9262919499657173
trapped_ion,3450,3447,100,0,0.8568365201885292,0.8813104062335178,0.984486182862725,0.8811341465078967
trapped_ion,3500,3504,100,0,0.8590368202715178,0.8860991233949018,0.9782481530011885,0.8956727582564894
trapped_ion,3550,3552,100,0,0.8338391400466174,0.8903353345294513,0.9791516274088784,0.9002813130255444
trapped_ion,3600,3603,100,0,0.8514441838418211,0.9081664640997709,0.9798241336376423,0.896363723278745
trapped_ion,3650,3651,100,0,0.8499520120543275,0.8899492703694477,0.9844704229358348,0.9250598727808488
trapped_ion,3700,3702,100,0,0.8131987624128949,0.8997663073694606,0.9835379834124999,0.9369481258017572
trapped_ion,3750,3750,100,0,0.8744029614799688,0.868171004402611,0.9839920336152065,0.8592738136611501
trapped_ion,3800,3801,100,0,0.8682423319878804,0.8737721461430512,0.9847979584329728,0.9087925028979367
trapped_ion,3850,3849,100,0,0.8750517201895105,0.8879607248002191,0.9867548657713763,0.9049404246535058
trapped_ion,3900,3900,100,0,0.8583693853380119,0.8852871697772556,0.9836987524088674,0.9191313660240689
trapped_ion,3950,3948,100,0,0.8950585000322534,0.8951722623930144,0.9848059496330437,0.917674749223321
trapped_ion,4000,3999,100,0,0.8704249522685409,0.9067922953990035,0.9860024466148292,0.9037210351909533
trapped_ion,4050,4053,100,0,0.8713043412052898,0.9082420288292289,0.9883234135014936,0.896855933138511
trapped_ion,4100,4098,100,0,0.8563117489876755,0.8959442767739431,0.9868405006993033,0.9422631143048809
trapped_ion,4150,4152,100,0,0.9097138124538753,0.9110691410713014,0.9838315618412921,0.9232632667086913
trapped_ion,4200,4197,100,0,0.8784793644029776,0.9041877614227516,0.9880351277832233,0.9289090996778636
trapped_ion,4250,4251,100,0,0.8590692981669884,0.912700502155055,0.9880995088303296,0.9094028431892064
trapped_ion,4300,4296,100,0,0.892235371289088,0.91866563729924,0.9860945892465359,0.912516470241691
trapped_ion,4350,4350,100,0,0.8537732299115979,0.9134144516940779,0.987180152309081,0.9284882094893719
trapped_ion,4400,4395,100,0,0.8708756976038894,0.9225391393959089,0.9914150128265437,0.8997662459438824
trapped_ion,4450,4449,100,0,0.8803289553483049,0.8967810644749489,0.9903538638443945,0.909111727550178
trapped_ion,4500,4500,100,0,0.8900742892661475,0.9124041055422814,0.9860906734934083,0.9248575381118135
trapped_ion,4550,4554,100,0,0.8385618864812913,0.9078443338031837,0.988122671777395,0.9251776414460063
trapped_ion,4600,4599,100,0,0.8839266408043932,0.8941582305522225,0.9875434978988693,0.9325907361077369
trapped_ion,4650,4653,100,0,0.8916713543729344,0.9237382531376735,0.9898785955074716,0.9158875619310672
trapped_ion,4700,4698,100,0,0.8898954835736821,0.9209713040610953,0.9857350957308126,0.9212171471222415
trapped_ion,4750,4752,100,0,0.9056178959964826,0.9029961474284811,0.985091011244027,0.9112007576199341
trapped_ion,4800,4797,100,0,0.8985737312401282,0.9261060575961022,0.989255076100681,0.9216204976157447
trapped_ion,4850,4851,100,0,0.9033110639901633,0.9082823822477545,0.9855015433189753,0.9002829889113413
trapped_ion,4900,4896,100,0,0.8977946463558869,0.9160736912267023,0.9845499050893253,0.9223184866504704
trapped_ion,4950,4950,100,0,0.872190050820906,0.9019156155157817,0.9889291249057091,0.9222870864345908
trapped_ion,5000,5004,100,0,0.8937803098607301,0.9127381163508459,0.9871598481486504,0.914647988668928
trapped_ion,5050,5049,100,0,0.8877912939964849,0.9077108226815527,0.9877355669385177,0.9255422361869482
trapped_ion,5100,5103,100,0,0.9192219400793504,0.9117460264721252,0.9890266539422393,0.9182147423939648
trapped_ion,5150,5148,100,0,0.9147627455114681,0.9053786937133728,0.9874996152435832,0.9361541360768234
trapped_ion,5200,5202,100,0,0.9131387733222609,0.9326628481526184,0.9896757305568281,0.9355263936443255
trapped_ion,5250,5247,100,0,0.8950904891373933,0.9316975472314237,0.9890219745363934,0.9218390549721616
trapped_ion,5300,5301,100,0,0.8925621560599214,0.928054804166977,0.9895264318856313,0.9545486620027724
trapped_ion,5350,5346,100,0,0.9024960265318843,0.9234044349667442,0.9902085945508349,0.9324213876897686
trapped_ion,5400,5400,100,0,0.9166431885576781,0.9294020808261614,0.9862201129341728,0.9371182619075173
trapped_ion,5450,5451,100,0,0.8881888386383875,0.9393075687807995,0.9882513969626407,0.939877178853346
trapped_ion,5500,5505,100,0,0.8970232461992157,0.9093282536914781,0.990102376809306,0.919710978301299
trapped_ion,5550,5550,100,0,0.9072047790674613,0.9356109380085021,0.9901613593312649,0.9347630457157641
trapped_ion,5600,5604,100,0,0.9089364935905431,0.9343659630652625,0.9894612437411376,0.9376137020881542
trapped_ion,5650,5649,100,0,0.9113850065468192,0.9383072680910001,0.9904099880425907,0.9261382228477497
trapped_ion,5700,5703,100,0,0.9192995415227682,0.9198203395498828,0.9888601166296545,0.9498791546925629
trapped_ion,5750,5748,100,0,0.9025678626036666,0.9205814515902904,0.987779810746162,0.9549963741640433
trapped_ion,5800,5802,100,0,0.9135150833882446,0.9105812911119368,0.9897408774295001,0.9576550026725458
trapped_ion,5850,5847,100,0,0.9083922578244766,0.9439523274615732,0.9917597404457432,0.9360522900627966
trapped_ion,5900,5901,100,0,0.933540180392258,0.9201705427875618,0.9914410695742734,0.9460774108770742
trapped_ion,5950,5952,100,0,0.9056437837978993,0.9113004054419579,0.9919412124874212,0.9342563009375712
trapped_ion,6000,6000,100,0,0.9147665727108522,0.9321192401635334,0.9895933483674372,0.9350321062261887
trapped_ion,6050,6051,100,0,0.9412799196028095,0.9321408968933411,0.9917035792870317,0.9162811983960893
trapped_ion,6100,6099,100,0,0.9275117269062747,0.9166944299200322,0.9907010006677479,0.9354303347888799
trapped_ion,6150,6150,100,0,0.9198259415934057,0.9421694815665717,0.99067128330729,0.9339607787540477
trapped_ion,6200,6198,100,0,0.9326435754372249,0.9218124772735481,0.9896457401565829,0.9555252984930261
trapped_ion,6250,6249,100,0,0.9276423363445285,0.9330012549931397,0.9922965700797013,0.9400127933394082
trapped_ion,6300,6297,100,0,0.9138182885263643,0.9448383805637524,0.9898203365777856,0.9481193906225667
trapped_ion,6350,6348,100,0,0.9328534205258711,0.9403509607179971,0.9904162997367542,0.9563452887153809
trapped_ion,6400,6396,100,0,0.9128476064033475,0.9380669551226297,0.9908052336507819,0.9500281992664258
trapped_ion,6450,6453,100,0,0.9115238172277762,0.9389011732287017,0.9894220525164945,0.9277064697417845
trapped_ion,6500,6501,100,0,0.9118819811283528,0.9349194579436858,0.9892591962345523,0.9427742890323931
trapped_ion,6550,6552,100,0,0.8780064648537109,0.9420080232619196,0.9924333928866527,0.9384356880972322
trapped_ion,6600,6600,100,0,0.9281023116451218,0.9122074007056451,0.9917680207790401,0.9436746189927463
trapped_ion,6650,6654,100,0,0.9116562434943232,0.9357656376139937,0.9949894073400887,0.9410370876620159
trapped_ion,6700,6699,100,0,0.9147753176451328,0.9313862669765687,0.9914681515959716,0.941817326117009
trapped_ion,6750,6753,100,0,0.9405373404032977,0.9496847611735885,0.9901564189010035,0.9475041683646622
trapped_ion,6800,6798,100,0,0.9190634057080171,0.9345114578802028,0.9924148509235134,0.9567401121362574
trapped_ion,6850,6852,100,0,0.9283332230837493,0.9352997090634283,0.9933765799681055,0.9600070237597508
trapped_ion,6900,6897,100,0,0.9008203207206603,0.9476144500414234,0.991974342548235,0.9296687066743113
trapped_ion,6950,6951,100,0,0.9240218161127919,0.9452096412408473,0.9912059618235303,0.9473954538003544
trapped_ion,7000,7002,100,0,0.9261137576747123,0.9472530631588546,0.9892914140892258,0.950545773359269
trapped_ion,7050,7050,100,0,0.9289009790639217,0.9419464836827904,0.9916507959939123,0.9626296018117152
trapped_ion,7100,7101,100,0,0.9328112394250901,0.956929670782515,0.9929029988910909,0.9500736277619394
trapped_ion,7150,7149,100,0,0.9495150465320019,0.9497579424448614,0.9931312971825864,0.9487984614093392
trapped_ion,7200,7200,100,0,0.9101874723989724,0.9156567475179005,0.9904947972727464,0.9242335249865199
trapped_ion,7250,7248,100,0,0.9335678630192853,0.9558323935896016,0.9929502840298158,0.956065824000938
trapped_ion,7300,7299,100,0,0.9144851345740173,0.9369912697014021,0.9910374902391014,0.9549772069995597
trapped_ion,7350,7347,100,0,0.9278057545203102,0.9519720910246365,0.9924539832581595,0.9548041798835413
trapped_ion,7400,7398,100,0,0.9199433084827185,0.9470880160857778,0.9918000115324636,0.9443611339354346
trapped_ion,7450,7452,100,0,0.925519357506188,0.9465936943633334,0.9931106144207316,0.9593680383383558
trapped_ion,7500,7503,100,0,0.9155113117060066,0.9540405275202485,0.9926325845556602,0.958624831633907
trapped_ion,7550,7551,100,0,0.9343193109902622,0.9478724716712692,0.9910543532368185,0.9715906129082041
trapped_ion,7600,7602,100,0,0.9238672402234448,0.9598620588272183,0.993031273519982,0.9416650190926895
trapped_ion,7650,7650,100,0,0.9077464526574386,0.950683165758867,0.9933641248673499,0.9560548665022435
trapped_ion,7700,7701,100,0,0.9391421654277955,0.9479462015770184,0.9928793522290067,0.9474855289502213
trapped_ion,7750,7749,100,0,0.9106805346241434,0.9452779453779354,0.9915850950616037,0.9594139551369952
trapped_ion,7800,7800,100,0,0.9348792222484812,0.9609938162321424,0.9918839248925517,0.9591833715598546
trapped_ion,7850,7848,100,0,0.9127222538265344,0.9466026163600116,0.9929996913971136,0.9433808994650538
trapped_ion,7900,7899,100,0,0.9216437652548981,0.9476299670843376,0.9927337146626919,0.9631902855765754
trapped_ion,7950,7953,100,0,0.922819271026249,0.9591683588215159,0.9924193413055731,0.9468765456288338
trapped_ion,8000,7998,100,0,0.9390656643255636,0.9516872737243504,0.9914804882286667,0.9703044165760277
trapped_ion,8050,8052,100,0,0.924420358167952,0.9548505926320506,0.9913809792897883,0.9694840296952089
trapped_ion,8100,8097,100,0,0.934975708530048,0.9563006033633004,0.99253679069701,0.965484294646346
trapped_ion,8150,8151,100,0,0.9422926564949374,0.9567554022044118,0.9931224742373516,0.965369457368048
trapped_ion,8200,8196,100,0,0.9419688303539424,0.9370667872014056,0.9944119581667539,0.9610221133466625
trapped_ion,8250,8250,100,0,0.9401273142820359,0.9497303255187441,0.9938411653759137,0.9635980687106278
trapped_ion,8300,8298,100,0,0.9477449922373907,0.9464483377043367,0.9936141096194252,0.9559747060874886
trapped_ion,8350,8349,100,0,0.9304196201741981,0.950332172204396,0.9937264732036366,0.9636224461186575
trapped_ion,8400,8397,100,0,0.9333290217385115,0.9523376022091329,0.9940106956347311,0.9646367111776454
trapped_ion,8450,8454,100,0,0.9451872618484722,0.9470328753039389,0.9934975759700401,0.9671022298121056
trapped_ion,8500,8502,100,0,0.9056051058887655,0.9637276322070836,0.9939617894299705,0.9654594501681358
trapped_ion,8550,8553,100,0,0.9448893576676478,0.9545105671463807,0.9925299896182948,0.9547965783031427
trapped_ion,8600,8601,100,0,0.9239888896160053,0.9489931934990635,0.9948807679915607,0.9631719371932373
trapped_ion,8650,8652,100,0,0.9352049580697956,0.9496926278435462,0.9937318429572557,0.9497812966010459
trapped_ion,8700,8700,100,0,0.9004443266744928,0.9586846046403578,0.994148917868726,0.9610017852892806
trapped_ion,8750,8751,100,0,0.9475881440742542,0.9443302317138906,0.9940587221189412,0.9640619576540864
trapped_ion,8800,8799,100,0,0.9458765486699989,0.9590758111730332,0.9933846875337712,0.9571900217703185
trapped_ion,8850,8850,100,0,0.936212360852253,0.9602984200050386,0.9932468722673122,0.9671677054029215
trapped_ion,8900,8898,100,0,0.9328024541442879,0.9655601714850841,0.9937635209772313,0.9634961962583682
trapped_ion,8950,8949,100,0,0.937145086705085,0.9632341610361158,0.9937875805066337,0.9643317562682826
trapped_ion,9000,9003,100,0,0.9230076051120575,0.9588224471517572,0.9935987599630575,0.9621289889064768
trapped_ion,9050,9048,100,0,0.943920464734139,0.9568862971357917,0.9931419329296516,0.9579818970547128
trapped_ion,9100,9102,100,0,0.9564049999970411,0.9552219298536675,0.9930560001534758,0.9625678580802834
trapped_ion,9150,9147,100,0,0.9486483119171201,0.9633601266886792,0.9938003492472227,0.9650688352767889
trapped_ion,9200,9201,100,0,0.9390544454515958,0.9622272071944209,0.9942941632780105,0.9666783559050444
trapped_ion,9250,9246,100,0,0.9374698124367398,0.9623220318787575,0.9952546602721982,0.96547862160265
trapped_ion,9300,9300,100,0,0.9558014206191948,0.9599718060628001,0.9938840010489932,0.9611070308226075
trapped_ion,9350,9345,100,0,0.9294277629333165,0.963122241838492,0.9935739191432872,0.9648799098117518
trapped_ion,9400,9399,100,0,0.9256702336214432,0.9450513752831706,0.9947956427366992,0.9707283890834152
trapped_ion,9450,9450,100,0,0.9542062738927815,0.962296001395865,0.9945206301620242,0.9647630404308113
trapped_ion,9500,9504,100,0,0.923453182293375,0.9552176392399996,0.9935055797003519,0.9619341252900919
trapped_ion,9550,9549,100,0,0.9547277529760986,0.9540332580484843,0.9935589567654664,0.9638737261561457
trapped_ion,9600,9603,100,0,0.9536986675623352,0.9622956947642216,0.9938187827534809,0.9724873110443427
trapped_ion,9650,9648,100,0,0.952350491871527,0.952844238635095,0.9953786681860093,0.9572269739869322
trapped_ion,9700,9702,100,0,0.943513216738834,0.9580006116123064,0.9926070275799552,0.9622176729807173
trapped_ion,9750,9747,100,0,0.9486896679635659,0.943872717284572,0.9939716704597805,0.9714104383258949
trapped_ion,9800,9801,100,0,0.932141318758474,0.9707210681251337,0.9941544790975291,0.9606788428679695
trapped_ion,9850,9846,100,0,0.9424807018378275,0.9625207361920182,0.994112694323722,0.9683110444012956
trapped_ion,9900,9900,100,0,0.9434175695729367,0.9583695805887602,0.9928115914689931,0.9659561641937826
trapped_ion,9950,9954,100,0,0.9397731532173912,0.9621450887683265,0.9944096166563249,0.9596969610248337
trapped_ion,10000,9999,100,0,0.9572993514852156,0.9617181120186352,0.9933340870225172,0.9717429118067122
trapped_ion,10050,10053,100,0,0.9521506499883816,0.9625230928242009,0.9939313428030019,0.9613733563042218
trapped_ion,10100,10098,100,0,0.9524377933802646,0.9572294891882487,0.9943044258676746,0.9693848861654091
trapped_ion,10150,10152,100,0,0.9416142066468645,0.9587891867966352,0.9950570833680833,0.9672235872505306
trapped_ion,10200,10197,100,0,0.9441447118518473,0.9642662735558138,0.9937170613646,0.9617548719215278
trapped_ion,10250,10251,100,0,0.9524477345676126,0.9554152322982866,0.9942522873324555,0.967499430790717
trapped_ion,10300,10296,100,0,0.9617734833118186,0.9592042794907576,0.9936334194153763,0.9632531192751665
trapped_ion,10350,10350,100,0,0.9511257062819581,0.9649975202077719,0.9940868483949914,0.9615890026528752
trapped_ion,10400,10401,100,0,0.943464212145805,0.9608708232778992,0.9959214806438057,0.9688282096777516
trapped_ion,10450,10455,100,0,0.942127942043814,0.9714027989730798,0.9943818257781623,0.9689767238706519
trapped_ion,10500,10500,100,0,0.9521975553675793,0.961199920283306,0.9930819905983314,0.9708970244294959
trapped_ion,10550,10554,100,0,0.9536403647270727,0.9583637358005882,0.9943933282203964,0.9664353416626067
trapped_ion,10600,10599,100,0,0.9562901250082156,0.973097159392131,0.992893517749425,0.9689655689541042
trapped_ion,10650,10653,100,0,0.9531492749309426,0.9665839452334797,0.9949377554686977,0.9634993619366494
trapped_ion,10700,10698,100,0,0.9580453511360042,0.9625936165493822,0.9939721130342661,0.9643249085582606
trapped_ion,10750,10752,100,0,0.9588553426641294,0.9720181395958803,0.9947457190511824,0.9610032853382551
trapped_ion,10800,10797,100,0,0.9573502970974661,0.955962689648461,0.9947161837545665,0.9601892736494774
trapped_ion,10850,10851,100,0,0.9577801351002156,0.959055524393994,0.9929436644051607,0.9506487334070592
trapped_ion,10900,10902,100,0,0.94053447867229,0.967162518818553,0.9953649716598301,0.9716041494962445
trapped_ion,10950,10950,100,0,0.9428368091681479,0.9651899572420882,0.9957048786421099,0.9668183515438568
trapped_ion,11000,11001,100,0,0.962620578996153,0.9666018144065177,0.9942781869783378,0.9708689260374308
trapped_ion,11050,11049,100,0,0.9577770837415733,0.9714302918142472,0.9957685663922582,0.9717677861414975
trapped_ion,11100,11100,100,0,0.9560051553239359,0.9584253784950316,0.9957168854955142,0.9681914290429491
trapped_ion,11150,11148,100,0,0.9553187147445111,0.9588964265473656,0.9957536910154245,0.9737000527826553
trapped_ion,11200,11199,100,0,0.961908874949716,0.9652435697775231,0.9950276473006586,0.9708352583010208
trapped_ion,11250,11247,100,0,0.9593230024846795,0.9632496411270165,0.9950337906819613,0.9666927240333132
trapped_ion,11300,11298,100,0,0.9630632096071962,0.9717915981053491,0.9925554069740569,0.9710525332065808
trapped_ion,11350,11346,100,0,0.9464870448364758,0.9717142780937674,0.9951213514893558,0.967936234451322
trapped_ion,11400,11403,100,0,0.9488874787416739,0.9633315618115768,0.9951926689454035,0.9617779407548762
trapped_ion,11450,11451,100,0,0.951844250182331,0.9681906983858319,0.9949363825973659,0.9734702102699649
trapped_ion,11500,11502,100,0,0.9263964118805614,0.9602531853097173,0.9948317339290891,0.9712682284607814
trapped_ion,11550,11550,100,0,0.9596150017358783,0.9667819841205845,0.9947419389607784,0.9737567813924827
trapped_ion,11600,11604,100,0,0.9477729244377119,0.9588140357380487,0.9964559703832108,0.9612084899955572
trapped_ion,11650,11649,100,0,0.9601189324509228,0.960667193896914,0.9952357446706145,0.9782641449432158
trapped_ion,11700,11703,100,0,0.9444349572687049,0.9668702995801812,0.9953921141745515,0.9688890974753911
trapped_ion,11750,11748,100,0,0.9712227728133884,0.9646334231727246,0.9947050028927809,0.9713632165779337
trapped_ion,11800,11802,100,0,0.957114850493689,0.9756629305276093,0.9958860221102223,0.9696018920353531
trapped_ion,11850,11847,100,0,0.9527683663724699,0.9633024958635734,0.9943905078364963,0.9728987629441552
trapped_ion,11900,11901,100,0,0.9548363907052217,0.9677164911097756,0.9938305182620335,0.9757236949334901
trapped_ion,11950,11952,100,0,0.9596462114918778,0.9699817078660533,0.9937718140488616,0.9737939125546928
trapped_ion,12000,12000,100,0,0.9410004110911172,0.9668209691583118,0.9944873660805686,0.9733074309411379
trapped_ion,12050,12051,100,0,0.9609774051681768,0.9744575020141858,0.9954216734546293,0.9677110987258821
trapped_ion,12100,12099,100,0,0.9568559008810609,0.9690051704699472,0.995641839733433,0.9747703285189441
trapped_ion,12150,12150,100,0,0.9535151507460802,0.9675935154001353,0.9956522053436931,0.9694740802048456
trapped_ion,12200,12198,100,0,0.9656643642584167,0.968321247786418,0.995877204445142,0.9671283104146511
trapped_ion,12250,12249,100,0,0.9494286034482937,0.968679401709733,0.9946838721578729,0.9774734893813469
trapped_ion,12300,12297,100,0,0.9493091525401312,0.9701354908772324,0.994862851628773,0.9721944667316976
trapped_ion,12350,12348,100,0,0.962779046693901,0.9736209104807744,0.9956048988187461,0.9716876906067184
trapped_ion,12400,12402,100,0,0.9657935354100686,0.9622361712682626,0.9942595195487267,0.9760084105303087
trapped_ion,12450,12453,100,0,0.9556661180439354,0.9683673834611022,0.9953585588758319,0.9724947175433504
trapped_ion,12500,12501,100,0,0.9544341001200373,0.9674366793166833,0.9951880663037411,0.9724720689570878
trapped_ion,12550,12552,100,0,0.9629580517426458,0.9707438568828508,0.9954317267528007,0.9792456928974332
trapped_ion,12600,12600,100,0,0.9552017807009802,0.964922548428825,0.9960146160836744,0.9739273713892057
trapped_ion,12650,12651,100,0,0.9694389807748827,0.967716053750232,0.9957491042465398,0.9726249949627483
trapped_ion,12700,12699,100,0,0.956259371102298,0.9662926880295878,0.9953006189979606,0.9724428418400561
trapped_ion,12750,12750,100,0,0.9641463438703929,0.9718169871207254,0.9953151351698423,0.9779049964369743
trapped_ion,12800,12798,100,0,0.9633708781245278,0.969647450823581,0.9950333084403602,0.9699408782034463
trapped_ion,12850,12849,100,0,0.9688080855042833,0.9702496724141675,0.9947726092761857,0.9768558378769977
trapped_ion,12900,12903,100,0,0.9687543017984054,0.9660526374854973,0.9944388099360034,0.9757674535424237
trapped_ion,12950,12948,100,0,0.9652064066201861,0.9723101001252236,0.9964582480695786,0.9623957541942042
trapped_ion,13000,13002,100,0,0.9521401763369621,0.9693260382024703,0.9956088116260982,0.9665124777906392
trapped_ion,13050,13047,100,0,0.9508173767727669,0.9745798914932304,0.9964770697498138,0.9771693633473931
trapped_ion,13100,13101,100,0,0.9564663536822408,0.9652298842402286,0.9947861848858283,0.9796388087686945
trapped_ion,13150,13146,100,0,0.9591894182549876,0.97704875248297,0.9960678223693666,0.9672511035889702
trapped_ion,13200,13200,100,0,0.9489636612445725,0.9751163968634594,0.9950793164183369,0.9729039911805795
trapped_ion,13250,13248,100,0,0.970612953071864,0.9710727801112938,0.9944872273051996,0.9696361423521654
trapped_ion,13300,13299,100,0,0.9646934969130573,0.9696647920940061,0.9956243618391514,0.9742200307065085
trapped_ion,13350,13347,100,0,0.9666365519904501,0.9706872460335408,0.9942288928990077,0.9683926306099602
trapped_ion,13400,13404,100,0,0.9571594117174752,0.9737435394778297,0.9949434952903001,0.9719358037118964
trapped_ion,13450,13452,100,0,0.9584338979776782,0.9730090816496347,0.9958955120217018,0.981588610752457
trapped_ion,13500,13503,100,0,0.973227188062147,0.9689204993156013,0.9960822433789771,0.9746857540977795
trapped_ion,13550,13551,100,0,0.9647666308074573,0.971636752737232,0.9945627335441228,0.9747771823586346
trapped_ion,13600,13602,100,0,0.9636882599735787,0.962580214785316,0.9956954609612002,0.9690263997318294
trapped_ion,13650,13650,100,0,0.9595655002931137,0.9710236664106259,0.9939056437143093,0.978573595754367
trapped_ion,13700,13701,100,0,0.9616520494805417,0.9725476332864422,0.9951833972309223,0.9647996515542363
trapped_ion,13750,13749,100,0,0.9526397645758412,0.9690311125480251,0.9951287420032474,0.9749749278731242
trapped_ion,13800,13800,100,0,0.9699391371658521,0.9732573814097581,0.9959486548439292,0.9826423463237429
trapped_ion,13850,13848,100,0,0.9745498122091885,0.9637503680980088,0.9947462870186993,0.976094328140861
trapped_ion,13900,13899,100,0,0.962187156065244,0.9669257364292686,0.995853394708356,0.9727166130890835
trapped_ion,13950,13953,100,0,0.9695331833979464,0.9735369869662708,0.9947316707466719,0.970755230827474
trapped_ion,14000,13998,100,0,0.9654199802738547,0.9721754174032863,0.9946654427326695,0.9736453408926877
trapped_ion,14050,14052,100,0,0.9645645640858634,0.9749233639156223,0.9962887571652351,0.9719963517895833
trapped_ion,14100,14097,100,0,0.9647484508946698,0.9697452104505171,0.9961190906339921,0.9798745604139862
trapped_ion,14150,14151,100,0,0.9618913746925413,0.975877510285796,0.995807635445148,0.9733272012503108
trapped_ion,14200,14196,100,0,0.9641757269434083,0.9745974227314337,0.9954048410729919,0.9705423811882778
trapped_ion,14250,14250,100,0,0.9646010317810328,0.9779260726802763,0.9955572723496717,0.9808772479526873
trapped_ion,14300,14295,100,0,0.9630679556311799,0.9690484558650069,0.996508430257357,0.9763174993027914
trapped_ion,14350,14349,100,0,0.9755322095229548,0.9754146420880708,0.9961342233466826,0.9702866709422105
trapped_ion,14400,14400,100,0,0.9698234899837574,0.9738121800485882,0.996635685288322,0.9768098724188026
trapped_ion,14450,14454,100,0,0.9575120787565605,0.9760073410424341,0.9962524523222791,0.974765110962862
trapped_ion,14500,14499,100,0,0.9682026213838026,0.9719741247163844,0.9956935069753413,0.9799884421871915
trapped_ion,14550,14553,100,0,0.9686534064573203,0.9803522155744075,0.9953288133807547,0.973023818104053
trapped_ion,14600,14598,100,0,0.9642566114493285,0.968776079880164,0.9956710220533896,0.9769334063894449
trapped_ion,14650,14652,100,0,0.9683864583352102,0.9634988948768941,0.9956178792014951,0.9763307637638358
trapped_ion,14700,14697,100,0,0.9779145617853426,0.9798456230925502,0.9970815684749332,0.9712465986300536
trapped_ion,14750,14751,100,0,0.9689089717011962,0.9726321217285773,0.995632264365096,0.9751042867891273
trapped_ion,14800,14796,100,0,0.9638063086298349,0.9655463586301738,0.995116915982428,0.9769050083464931
trapped_ion,14850,14850,100,0,0.9721652959672268,0.9777060913416897,0.9967957095332896,0.968254361665985
trapped_ion,14900,14904,100,0,0.9624936193001339,0.975693777763976,0.9956979733545971,0.9772635635845377
trapped_ion,14950,14949,100,0,0.9612448323317961,0.9719721476208008,0.995775625594344,0.9666779807248079
trapped_ion,15000,15003,100,0,0.9572828335765033,0.979740345768233,0.9955378540274725,0.9840898243546566
trapped_ion,15050,15048,100,0,0.9464881507559392,0.9718940025391596,0.9959186895050129,0.9724786650944682
trapped_ion,15100,15102,100,0,0.966327364838727,0.9755846016575479,0.9963993916714986,0.9769856867084714
trapped_ion,15150,15147,100,0,0.9685802727313639,0.9665647605676747,0.9959919581991408,0.9807406022337412
trapped_ion,15200,15201,100,0,0.9677465125115835,0.9707520235910928,0.9963444452283481,0.965995250460663
trapped_ion,15250,15246,100,0,0.9712820849300827,0.9751081354466117,0.9957210584990106,0.9762897336262948
trapped_ion,15300,15300,100,0,0.9784829126432477,0.9825272852109314,0.9967994046914792,0.9735394047073135
trapped_ion,15350,15351,100,0,0.9667880713112861,0.9743670648116316,0.9964896889352026,0.9764693953093536
trapped_ion,15400,15405,100,0,0.960019306905229,0.9797212434384087,0.997189470593431,0.9749958531147441
trapped_ion,15450,15450,100,0,0.9783767220952014,0.974346002798917,0.9962539349336766,0.9797042245702466
trapped_ion,15500,15504,100,0,0.9611802481398996,0.9786207249750825,0.9968103885961681,0.9814281236479349
trapped_ion,15550,15549,100,0,0.9608687767733263,0.9770782789926333,0.9965013725604553,0.9782352185299139
trapped_ion,15600,15603,100,0,0.9690889784028753,0.9844095331555155,0.9959593518259255,0.9647730668184457
trapped_ion,15650,15648,100,0,0.9635945847053535,0.9757140272089881,0.9962352598117001,0.9807392320606878
trapped_ion,15700,15702,100,0,0.9709502578761771,0.9763431109533696,0.9957038205932778,0.9799105929758911
trapped_ion,15750,15747,100,0,0.9603199563092135,0.9746259779649759,0.9964432807400128,0.9758001723167019
trapped_ion,15800,15801,100,0,0.9723284746084419,0.9698516613035416,0.9948595412132817,0.9827132488387604
trapped_ion,15850,15852,100,0,0.9677437091530731,0.9796038216933911,0.9968370487856569,0.9756617917465582
trapped_ion,15900,15900,100,0,0.9598187543897081,0.9757047938406126,0.9959800456757092,0.9822327414048811
trapped_ion,15950,15951,100,0,0.9662873411979387,0.9764058763515548,0.9965875657508548,0.9779686642224128
trapped_ion,16000,15999,100,0,0.9686086894857785,0.9776342095413256,0.9961842119569059,0.9740639693794693
trapped_ion,16050,16050,100,0,0.9562598838243358,0.9755952607870993,0.9956454556083824,0.9773579383506985
trapped_ion,16100,16098,100,0,0.9757932117831417,0.9839332770410951,0.9966886969159902,0.9836900940132519
trapped_ion,16150,16149,100,0,0.9610579573345582,0.9814223261944539,0.9954461306861432,0.9722299824797351
trapped_ion,16200,16197,100,0,0.973387947344043,0.9763171842698148,0.9961176496108124,0.9753743966459213
trapped_ion,16250,16248,100,0,0.968531235268538,0.979493977219236,0.9962794410718002,0.9815081340951732
trapped_ion,16300,16296,100,0,0.9686118080962423,0.978193227646513,0.9956181337945482,0.9802382393143663
trapped_ion,16350,16353,100,0,0.9679148385399259,0.9757980806627294,0.9965789412349343,0.982960306028485
trapped_ion,16400,16401,100,0,0.972576459366756,0.9737575390452323,0.9970875557462033,0.977184014999682
trapped_ion,16450,16452,100,0,0.9702800590005829,0.9732188318344822,0.9960883513091198,0.9763499841379681
trapped_ion,16500,16500,100,0,0.97314873490858,0.9710697891636298,0.9972210007585759,0.9827463644410529
trapped_ion,16550,16554,100,0,0.959024305589607,0.9783762821078595,0.9973317249380192,0.9811038839885686
trapped_ion,16600,16599,100,0,0.9674404675500117,0.9779827915956333,0.9964831016113265,0.9841387092071985
trapped_ion,16650,16653,100,0,0.9712147191192047,0.9766657987283484,0.997109921838432,0.9776907950301327
trapped_ion,16700,16698,100,0,0.9746705689895545,0.9767197472510106,0.9966676018128243,0.9847065519285839
trapped_ion,16750,16752,100,0,0.9686874273413013,0.9792813989468916,0.9963256617760934,0.9843411665350343
trapped_ion,16800,16797,100,0,0.9695487007118893,0.9855410397001931,0.9974313598376526,0.9733752001154764
trapped_ion,16850,16851,100,0,0.9693471183661895,0.9789537766799539,0.9963192332157546,0.9752336366554233
trapped_ion,16900,16902,100,0,0.962614344089971,0.9762589489375305,0.9969860270567248,0.983040627920469
trapped_ion,16950,16950,100,0,0.9743263675521047,0.9767207776145337,0.9963468191903699,0.9775052108288144
trapped_ion,17000,17001,100,0,0.9725994787739817,0.9805661607901048,0.9964790445617893,0.979665039861094
trapped_ion,17050,17049,100,0,0.9675314668453694,0.9780299759480816,0.9966159851420255,0.9809704702980397
trapped_ion,17100,17100,100,0,0.9735217529728143,0.9807208025758221,0.9956435825546696,0.9774968641438538
trapped_ion,17150,17148,100,0,0.9663594313331041,0.983793876743972,0.9975838544567788,0.9856846922855389
trapped_ion,17200,17199,100,0,0.9707747441883167,0.9759644341216226,0.9963948338162577,0.9831980935481524
trapped_ion,17250,17247,100,0,0.9729018209022361,0.9756835664921395,0.9960894828166192,0.9803487090280499
trapped_ion,17300,17298,100,0,0.9734371161618204,0.978176847553803,0.9968694933575826,0.976435529592729
trapped_ion,17350,17352,100,0,0.963227330038437,0.9785843700599636,0.9973558002407841,0.9790546109389543
trapped_ion,17400,17403,100,0,0.9803594729864183,0.9808462073250486,0.9963117654344732,0.9820742868495838
trapped_ion,17450,17451,100,0,0.9718237717131577,0.9815986878391477,0.9960544380785729,0.9807478480987128
trapped_ion,17500,17502,100,0,0.9732601454040223,0.9687455973694693,0.9954069429174242,0.9750822489597007
trapped_ion,17550,17550,100,0,0.9645579446647039,0.9816007772461931,0.9973049902926348,0.9768490667693054
trapped_ion,17600,17601,100,0,0.9759743064516115,0.9776212553544051,0.9972775642379722,0.9760744044846835
trapped_ion,17650,17649,100,0,0.9759775986996339,0.9754550783765598,0.9965650016879719,0.9743759980529271
trapped_ion,17700,17700,100,0,0.9691266796598965,0.977966810321743,0.9965355938933589,0.980017710225492
trapped_ion,17750,17748,100,0,0.9780054476093073,0.9749780172956394,0.9959851032302242,0.9799707321813382
trapped_ion,17800,17799,100,0,0.9794122605231175,0.979586367875341,0.9964769584656287,0.9729090106286253
trapped_ion,17850,17853,100,0,0.9792016127076127,0.981373162368975,0.9972133026466133,0.9796404712346206
trapped_ion,17900,17898,100,0,0.9695676126378026,0.9821924627210175,0.9975414039745666,0.9844840417619453
trapped_ion,17950,17952,100,0,0.9744998451517564,0.9762200344567281,0.9971094604194227,0.9761047710040329
trapped_ion,18000,17997,100,0,0.9694892159608699,0.9818626651397165,0.996545412346874,0.9810471160176626
trapped_ion,18050,18051,100,0,0.9751307007408793,0.9859843470968791,0.996282384429608,0.9845501526013108
trapped_ion,18100,18096,100,0,0.97746662130326,0.9785916838804831,0.9965614680124676,0.9813628566365143
trapped_ion,18150,18150,100,0,0.977266112013359,0.9760757938945275,0.9965621121322681,0.9798888422868839
trapped_ion,18200,18198,100,0,0.9641195615090029,0.9821922303433746,0.9958205811513482,0.9720109052486411
trapped_ion,18250,18249,100,0,0.9754919592785932,0.9801527079337,0.9967850838145141,0.9809607646414416
trapped_ion,18300,18297,100,0,0.975228420645754,0.9777009173096894,0.9964192081131227,0.9834770255964799
trapped_ion,18350,18354,100,0,0.9756900309391745,0.9745578662101165,0.996155320532385,0.9835334924253247
trapped_ion,18400,18402,100,0,0.9682943643661546,0.9786900643636386,0.9966866513247246,0.9806913203774814
trapped_ion,18450,18453,100,0,0.9800366017524562,0.9797999138124829,0.9977569273142873,0.9856889175775794
trapped_ion,18500,18501,100,0,0.977241771915453,0.9823258439830022,0.9969209764140009,0.9788276293719053
trapped_ion,18550,18552,100,0,0.9794463874552026,0.9823329610714236,0.9960207472198103,0.9781582080316885
trapped_ion,18600,18600,100,0,0.977046024808072,0.9850318910725282,0.997050429098667,0.9843720580659838
trapped_ion,18650,18651,100,0,0.9734344217967529,0.9821064134259347,0.9970656170457766,0.9784159456655717
trapped_ion,18700,18699,100,0,0.9756855880278392,0.9774187964181339,0.9967371782655763,0.987455045100476
trapped_ion,18750,18750,100,0,0.9801795786749895,0.9776107359205,0.9972166610023049,0.9816122924066546
trapped_ion,18800,18798,100,0,0.9654630950852884,0.9820354724769721,0.9971558227048857,0.9816485428287696
trapped_ion,18850,18849,100,0,0.9794314978185571,0.9786136131104248,0.9957880201468785,0.9832215581868945
trapped_ion,18900,18903,100,0,0.9719800985801454,0.9827773212892417,0.9967991655612124,0.9866944878313763
trapped_ion,18950,18948,100,0,0.9755159440111241,0.9881308777913723,0.9971425743757281,0.9846673758584785
trapped_ion,19000,19002,100,0,0.9675294701338013,0.9801253345171146,0.9970691880590288,0.9790266310943596
trapped_ion,19050,19047,100,0,0.9723592103331838,0.9840489106035986,0.9962957256492264,0.9833412983492219
trapped_ion,19100,19101,100,0,0.974372983340154,0.9783168322953998,0.9977018777280632,0.9841494830901358
trapped_ion,19150,19146,100,0,0.9773321733602511,0.9848610608385657,0.9968524456285573,0.9831091934499654
trapped_ion,19200,19200,100,0,0.9772914562204323,0.9790264667239125,0.9970472212743484,0.9777870245084457
trapped_ion,19250,19245,100,0,0.9820599637407248,0.9775125596568025,0.9964363862258954,0.9841971885824099
trapped_ion,19300,19299,100,0,0.9804050582957591,0.9741859623403333,0.9968111355051874,0.9869900798147623
trapped_ion,19350,19350,100,0,0.9804871711735876,0.9768952003881193,0.9971788614013879,0.9825508410882144
trapped_ion,19400,19404,100,0,0.9656736242315646,0.9813296487408794,0.9977041645055366,0.983240988916039
trapped_ion,19450,19449,100,0,0.9719777100394442,0.9818019337228099,0.9972236539748146,0.9819594950838537
trapped_ion,19500,19503,100,0,0.9761672654931631,0.9830143032862589,0.9972196344705176,0.9808251912940121
trapped_ion,19550,19548,100,0,0.9757835097529324,0.9864668745453792,0.9971791409935811,0.9865265494056386
trapped_ion,19600,19602,100,0,0.9757914860397038,0.9784896557951028,0.9968164488361543,0.9790115754411911
trapped_ion,19650,19647,100,0,0.9793362561763488,0.9799844246901543,0.9964227004843882,0.9839188156226106
trapped_ion,19700,19701,100,0,0.9735807712827023,0.9791888852142708,0.9975717353816307,0.9848323908515207
trapped_ion,19750,19746,100,0,0.9774218658213344,0.9809571939693994,0.99699621028989,0.9825177916958325
trapped_ion,19800,19800,100,0,0.9781085512967355,0.9791156133709126,0.9968153958432712,0.9769447275559615
trapped_ion,19850,19854,100,0,0.9760428835756951,0.9812372927567397,0.9977003151429293,0.9850915855857018
trapped_ion,19900,19899,100,0,0.9713935088550966,0.9860933465887743,0.9970772631427791,0.9847477647598178
trapped_ion,19950,19953,100,0,0.9787696012751833,0.9796160231960777,0.9969603876085742,0.9860576545407278
trapped_ion,20000,19998,100,0,0.9780835038259914,0.9798803606843184,0.996743175837918,0.9811320554158585
neutral_atom,1000,1002,100,0,0.5699403221061468,0.6092115605925066,0.9531677923943195,0.8460235311414914
neutral_atom,1050,1050,100,0,0.6427993923598452,0.5553377837201503,0.9519530699612277,0.7530264621166449
neutral_atom,1100,1101,100,0,0.5466407546846408,0.6295790030969157,0.9595665061731258,0.7690923234127214
neutral_atom,1150,1149,100,0,0.6322794699757214,0.6285841015300248,0.9651562890385786,0.7456933786160396
neutral_atom,1200,1200,100,0,0.5875007900970297,0.5187833543172389,0.957730505612348,0.6896630755125048
neutral_atom,1250,1248,100,0,0.6909992732607297,0.6220324016962369,0.96697506591036,0.8293480670957332
neutral_atom,1300,1299,100,0,0.6521895724315355,0.5742373305420807,0.9694451006522146,0.7735948331957421
neutral_atom,1350,1347,100,0,0.6210389505834193,0.570123579522215,0.969061069186279,0.8214739174491921
neutral_atom,1400,1398,100,0,0.7121739763403006,0.6860612104314908,0.9682078619202515,0.8178525453296861
neutral_atom,1450,1446,100,0,0.6999605265772284,0.6724890830941335,0.9628954399536181,0.8490956860038787
neutral_atom,1500,1503,100,0,0.5734391575372444,0.6986664100971545,0.9711359306933728,0.8694902051766966
neutral_atom,1550,1551,100,0,0.7712853589605972,0.6928395833969614,0.9666341679117125,0.864737040082403
neutral_atom,1600,1602,100,0,0.6086058941136082,0.7535493930841286,0.9658912447498577,0.8274234145421285
neutral_atom,1650,1650,100,0,0.7249233444784785,0.7802277505740085,0.9663961347537633,0.8812878551514811
neutral_atom,1700,1704,100,0,0.7266112023317541,0.765072996141686,0.9712766933320862,0.870300854404225
neutral_atom,1750,1749,100,0,0.6817621228021062,0.7351476279572775,0.9696940537471794,0.8601450838114336
neutral_atom,1800,1803,100,0,0.74979674641709,0.693691914332651,0.9718864407685837,0.8552890699490968
neutral_atom,1850,1848,100,0,0.8332252310937058,0.6592156384234444,0.9702489530463495,0.9056462856169237
neutral_atom,1900,1902,100,0,0.8247305285757083,0.7969123968897247,0.976073587489233,0.8966474597518712
neutral_atom,1950,1947,100,0,0.8154085474003541,0.693892555571199,0.9741038932282527,0.9027406835014967
neutral_atom,2000,2001,100,0,0.8576610297335638,0.7717184530552927,0.9737719352781015,0.8200369627136282
neutral_atom,2050,2052,100,0,0.7563696298409355,0.7640744316015358,0.9720261828055594,0.9070563109783448
neutral_atom,2100,2100,100,0,0.7581158326932225,0.7641005749143697,0.9720173008328279,0.8964371997716674
neutral_atom,2150,2151,100,0,0.7414690010517175,0.8543109647827276,0.9791712085448957,0.9142329382525868
neutral_atom,2200,2199,100,0,0.7313301460646766,0.7870063385529983,0.9754151615155032,0.8684528300390151
neutral_atom,2250,2250,100,0,0.7858967563397906,0.7729445584792545,0.9735349146680462,0.897198534413941
neutral_atom,2300,2298,100,0,0.83174475042006,0.7924917039909906,0.97529593623547,0.8754969405777135
neutral_atom,2350,2349,100,0,0.8663893678157499,0.7971347383860286,0.9755680305720664,0.926380357124438
neutral_atom,2400,2397,100,0,0.8529210806511311,0.7987401540026584,0.9747976790577412,0.9379923733057557
neutral_atom,2450,2448,100,0,0.8201537727034507,0.8353603393992041,0.9810695957534082,0.8426046118230601
neutral_atom,2500,2502,100,0,0.8143361699071539,0.8372931031774695,0.9771150658691429,0.8810624618476091
neutral_atom,2550,2553,100,0,0.7634614599027572,0.8172064536811814,0.9779271346743116,0.9214206761994472
neutral_atom,2600,2601,100,0,0.8460895355191679,0.8243331948792568,0.981658061766117,0.8993874973300299
neutral_atom,2650,2652,100,0,0.7738083785366584,0.8268495046506059,0.9786972454935177,0.891064710648665
neutral_atom,2700,2700,100,0,0.8303684382557877,0.8524663570143001,0.9778930179975895,0.8936552869329332
neutral_atom,2750,2751,100,0,0.8335894497746165,0.7985793910928239,0.977282594524879,0.916892856114923
neutral_atom,2800,2799,100,0,0.8752224922210194,0.8070397469740134,0.9794571310145382,0.9379035893745887
neutral_atom,2850,2850,100,0,0.8268901712868179,0.8374795658591121,0.9861158199576537,0.8941849022256764
neutral_atom,2900,2898,100,0,0.7937988896427843,0.8674824110295611,0.9805307128162333,0.9251531295255985
neutral_atom,2950,2949,100,0,0.8719174665082752,0.8431905858467834,0.9792503163256298,0.9015388390969141
neutral_atom,3000,3003,100,0,0.8440835784794773,0.888967766370553,0.9867767415648447,0.8835220803475126
neutral_atom,3050,3048,100,0,0.8502390359727178,0.7789735754061863,0.9806741326041335,0.8823716024923276
neutral_atom,3100,3102,100,0,0.8516587343068582,0.8625166665000146,0.9817208199814375,0.9336103285913513
neutral_atom,3150,3147,100,0,0.8563123556024806,0.9028939346883716,0.9820988519535513,0.9204053120129653
neutral_atom,3200,3201,100,0,0.8295056102720035,0.8333177270294481,0.9826171783068024,0.9243558892009163
neutral_atom,3250,3246,100,0,0.8039919605852182,0.8261350216640969,0.9844077944428995,0.9412862725861545
neutral_atom,3300,3300,100,0,0.8763381482488712,0.8737917885287739,0.9805363350677203,0.9252347995335329
neutral_atom,3350,3348,100,0,0.9033149184392905,0.8669446959860804,0.98308533132496,0.9285962416952198
neutral_atom,3400,3399,100,0,0.8402652082643148,0.8767235482894488,0.9833116912164476,0.9200348371523318
neutral_atom,3450,3447,100,0,0.9013918583655176,0.8567000367481576,0.9872080269200285,0.9258831329738078
neutral_atom,3500,3504,100,0,0.8833880829527948,0.8751268416884346,0.9848414205999557,0.9240613809383575
neutral_atom,3550,3552,100,0,0.870825515474736,0.874624285612774,0.9831476267522434,0.921453826348182
neutral_atom,3600,3603,100,0,0.8531239293255811,0.8925096470654346,0.9851182160975653,0.9193650039936644
neutral_atom,3650,3651,100,0,0.8878465605173206,0.898526712972768,0.9875976333117106,0.9416320073763552
neutral_atom,3700,3702,100,0,0.8711600446492866,0.8976523579485923,0.9877249550349915,0.9399853931811822
neutral_atom,3750,3750,100,0,0.8897108913762322,0.8696308245854427,0.9850179787981201,0.9482025966414828
neutral_atom,3800,3801,100,0,0.8133391441026081,0.8840380353891097,0.9869923298559797,0.9629607493473051
neutral_atom,3850,3849,100,0,0.8736021109983463,0.9045189705650716,0.987306231641678,0.9386779787280122
neutral_atom,3900,3900,100,0,0.8936063876061995,0.8853818474782156,0.9855466819786786,0.9523591534973366
neutral_atom,3950,3948,100,0,0.8874940902482191,0.9120734894123318,0.9862904078748688,0.9340562702680434
neutral_atom,4000,3999,100,0,0.8622883268790561,0.9150619290695694,0.9861342473007927,0.9510223681521265
neutral_atom,4050,4053,100,0,0.8910215980643074,0.8880534195392433,0.9872572406196918,0.9419372762775131
neutral_atom,4100,4098,100,0,0.8719545836465797,0.8980058308918316,0.9848599937941542,0.9352604133933273
neutral_atom,4150,4152,100,0,0.9156643523274578,0.8864192525662502,0.9869710221163251,0.9495297010459719
neutral_atom,4200,4197,100,0,0.8848709195224178,0.9030260416827545,0.9901088429281576,0.949156440873727
neutral_atom,4250,4251,100,0,0.9090942800171427,0.8935094840307437,0.9897042359042738,0.9464088198874009
neutral_atom,4300,4296,100,0,0.8893737502596226,0.8876241098427561,0.9886577891103957,0.9421097023728013
neutral_atom,4350,4350,100,0,0.8993220372911999,0.9184302961280219,0.9875752835780026,0.9503504602181162
neutral_atom,4400,4395,100,0,0.9085084163026718,0.8931940721721525,0.9891544223782917,0.952257042133063
neutral_atom,4450,4449,100,0,0.9098874713599612,0.8938956521376153,0.9867077928676578,0.9615379234418034
neutral_atom,4500,4500,100,0,0.8980591664098648,0.9054574674058249,0.9873897811373229,0.9513995883119052
neutral_atom,4550,4554,100,0,0.9126238073458415,0.9128389112822319,0.9902651704535802,0.9447851036265897
neutral_atom,4600,4599,100,0,0.9139249680788766,0.8994535299363148,0.9907119145095877,0.95262020338219
neutral_atom,4650,4653,100,0,0.8889896388174426,0.8850665945717938,0.9884054445393136,0.9319428383691444
neutral_atom,4700,4698,100,0,0.8926983419242642,0.8893461813599907,0.9914759010468565,0.9515949479128576
neutral_atom,4750,4752,100,0,0.9131594271962511,0.8883211556110141,0.9904448260985067,0.9464687775076422
neutral_atom,4800,4797,100,0,0.90841924261927,0.9083702591584858,0.9896255956981885,0.9501936402876744
neutral_atom,4850,4851,100,0,0.9291369443073777,0.8970278096292442,0.9910148469101903,0.9667212392227051
neutral_atom,4900,4896,100,0,0.8998794659774001,0.9257487950057628,0.9897543390624277,0.9626030558885883
neutral_atom,4950,4950,100,0,0.899058197428678,0.9035999155220905,0.9910214882419894,0.9483172264719917
neutral_atom,5000,5004,100,0,0.8725876461133117,0.8929292783910914,0.9910294207031907,0.959538971437169
neutral_atom,5050,5049,100,0,0.898176464556989,0.9175908217268279,0.9876554236382964,0.949741925877397
neutral_atom,5100,5103,100,0,0.9176720334803734,0.9266189682560244,0.9898467399989638,0.9455865802094643
neutral_atom,5150,5148,100,0,0.918871770036169,0.9186081030816298,0.9870195725356989,0.9640425092953135
neutral_atom,5200,5202,100,0,0.9267119434732015,0.9310731726177316,0.991095894843814,0.9469701032879713
neutral_atom,5250,5247,100,0,0.9284162898448197,0.9046734757275028,0.988724939624865,0.9522635025857943
neutral_atom,5300,5301,100,0,0.8993754408725483,0.8832603010225866,0.9833599292582125,0.9471388260827807
neutral_atom,5350,5346,100,0,0.9238679629992461,0.9173298190487561,0.9920149685193073,0.9616728690037716
neutral_atom,5400,5400,100,0,0.9049140367922323,0.9267626619922393,0.991165826010211,0.9409531256756128
neutral_atom,5450,5451,100,0,0.9130601077482912,0.9082957017398131,0.9910924835741183,0.9623527607424669
neutral_atom,5500,5505,100,0,0.9164442645882158,0.9243819882583062,0.9907914651397404,0.9507666158303696
neutral_atom,5550,5550,100,0,0.9204836457612915,0.9191126983010859,0.9907756156630283,0.9538328801226378
neutral_atom,5600,5604,100,0,0.9117895232928706,0.909292986452866,0.9885011369961246,0.9508184153859419
neutral_atom,5650,5649,100,0,0.9281285463208755,0.9155112501595856,0.9923108516886594,0.9543789821658827
neutral_atom,5700,5703,100,0,0.9352028673091837,0.928063242385479,0.9911607751136775,0.9577694715759646
neutral_atom,5750,5748,100,0,0.906802620247572,0.9141390049727728,0.9917321338631858,0.9720150579618113
neutral_atom,5800,5802,100,0,0.9187776318371556,0.9181434665938237,0.992427772217498,0.9423540320846234
neutral_atom,5850,5847,100,0,0.9077286972747369,0.9203818417382271,0.993819696106715,0.9601055852912176
neutral_atom,5900,5901,100,0,0.925673765096732,0.9116682591470507,0.9927566453931916,0.956945803150587
neutral_atom,5950,5952,100,0,0.9161042081249244,0.9302441988796788,0.9933331377028055,0.9648494831107683
neutral_atom,6000,6000,100,0,0.9053479459295748,0.9338295891946266,0.9923856025193492,0.9747186351680608
neutral_atom,6050,6051,100,0,0.8972230479115523,0.9376587787219804,0.9926704173770464,0.96903207864657
neutral_atom,6100,6099,100,0,0.9303475351086121,0.9203945482408016,0.9928748866139273,0.9666134269384523
neutral_atom,6150,6150,100,0,0.9454669966672684,0.9310535605137055,0.9899264509834513,0.9630624311283161
neutral_atom,6200,6198,100,0,0.93247876044834,0.9103093839971252,0.9909475576887141,0.9607213042924202
neutral_atom,6250,6249,100,0,0.9270331727310137,0.9247338319340505,0.9888883059179567,0.9700753051768969
neutral_atom,6300,6297,100,0,0.9302721640314742,0.918415206185698,0.9921651536581647,0.9690227976324137
neutral_atom,6350,6348,100,0,0.9176301625420078,0.9544581474318068,0.9896449816234019,0.9675766702895207
neutral_atom,6400,6396,100,0,0.9069666655957438,0.9393134515496238,0.9924507043178766,0.9645164933365524
neutral_atom,6450,6453,100,0,0.9313115197001567,0.913744063766309,0.9931226600842569,0.9643087895788331
neutral_atom,6500,6501,100,0,0.9325892905147176,0.936631315311189,0.9910109520248263,0.9620574977514913
neutral_atom,6550,6552,100,0,0.9263606178260384,0.9166210378811899,0.9927855233978469,0.9533817878335598
neutral_atom,6600,6600,100,0,0.9238034478863519,0.9280355474280007,0.9920829705881145,0.9695737143388009
neutral_atom,6650,6654,100,0,0.9212977352416635,0.9233693082640787,0.9913028099111513,0.9680603801621307
neutral_atom,6700,6699,100,0,0.9142526516068935,0.9259531565322673,0.9903996043035694,0.9686897243488863
neutral_atom,6750,6753,100,0,0.9410421493037495,0.9294804138595485,0.9935454572993241,0.9693012689681255
neutral_atom,6800,6798,100,0,0.9509325753091089,0.9219728410027054,0.9929167601910595,0.9631762364870449
neutral_atom,6850,6852,100,0,0.9096994401825043,0.9347069958501415,0.9931701160580704,0.9563043560566828
neutral_atom,6900,6897,100,0,0.9433595418902936,0.9271823448765917,0.9941563355157823,0.9687629044320291
neutral_atom,6950,6951,100,0,0.9278642086250001,0.9229065324720814,0.9942400699453668,0.9619595290777454
neutral_atom,7000,7002,100,0,0.9028122155857563,0.9314030799572599,0.9943286109050478,0.950010164774168
neutral_atom,7050,7050,100,0,0.9459363696461942,0.9392432706359611,0.9919877453351049,0.9661186559791937
neutral_atom,7100,7101,100,0,0.9309988389084397,0.9237845633505793,0.9927699571017363,0.9640861846565408
neutral_atom,7150,7149,100,0,0.9407639083070888,0.9335444489431856,0.9912658257762367,0.9732511695286045
neutral_atom,7200,7200,100,0,0.9084908905173806,0.9226267772047815,0.9914063036075325,0.9620374039524094
neutral_atom,7250,7248,100,0,0.9189261315954647,0.9492691364238817,0.9928050737610215,0.9798841110576122
neutral_atom,7300,7299,100,0,0.9220890728570947,0.9278930184513401,0.9925498694295377,0.9605739288001224
neutral_atom,7350,7347,100,0,0.9458753598919489,0.9440817075993171,0.9934005379171349,0.9726935313221697
neutral_atom,7400,7398,100,0,0.9332873176329874,0.9444113670310269,0.992672634092799,0.9784446282266539
neutral_atom,7450,7452,100,0,0.9510334372558605,0.9537091339087236,0.9937208146376378,0.9589662228467507
neutral_atom,7500,7503,100,0,0.9506942414782455,0.9361952980372247,0.9950351603087897,0.9695459895847268
neutral_atom,7550,7551,100,0,0.9219450209458601,0.9346387863535467,0.9933770021156157,0.9646804722396228
neutral_atom,7600,7602,100,0,0.9280363292379026,0.9485330007415895,0.9927789392307329,0.96742715661488
neutral_atom,7650,7650,100,0,0.9448739912852268,0.9604951499820529,0.9930167479283409,0.9724478994518503
neutral_atom,7700,7701,100,0,0.9609851820928748,0.938706441866079,0.9924085964797232,0.9598089250765661
neutral_atom,7750,7749,100,0,0.9266020205267821,0.9379860483592313,0.9935221371649118,0.9694466628564435
neutral_atom,7800,7800,100,0,0.955751202476087,0.9447491912508554,0.9925627341948466,0.9647828059259833
neutral_atom,7850,7848,100,0,0.9054155240468736,0.928340906417958,0.9940182726449827,0.9748730037014954
neutral_atom,7900,7899,100,0,0.9529334107237669,0.9307875431826252,0.993259626365508,0.9543854349354025
neutral_atom,7950,7953,100,0,0.9481889238115571,0.9304344295019165,0.9943375826059029,0.9709386251591828
neutral_atom,8000,7998,100,0,0.9503224522217179,0.9327585878763859,0.9933907921713419,0.967939396539853
neutral_atom,8050,8052,100,0,0.9542671275084301,0.9473872098735261,0.992701799745948,0.9786036358340024
neutral_atom,8100,8097,100,0,0.9500136083599193,0.9320923611048288,0.9921451515115606,0.9683971148732033
neutral_atom,8150,8151,100,0,0.938812296082818,0.9545709222099023,0.993545787929444,0.9727178657504673
neutral_atom,8200,8196,100,0,0.9446993344664036,0.939682553658241,0.9940990675193792,0.9737376665328569
neutral_atom,8250,8250,100,0,0.9520477660911691,0.9448249719979992,0.9946774869332571,0.9665242831296362
neutral_atom,8300,8298,100,0,0.9545624306525892,0.9482227228673253,0.9928417717566027,0.9723568402551882
neutral_atom,8350,8349,100,0,0.9392275697705724,0.9263859651074192,0.9944652699105454,0.9712141624173737
neutral_atom,8400,8397,100,0,0.9534863600070128,0.9399900668314917,0.9924785708662165,0.9636657173982414
neutral_atom,8450,8454,100,0,0.9412846081906038,0.9518058098428707,0.9945422468204628,0.9753224894866316
neutral_atom,8500,8502,100,0,0.9547435636138568,0.9504739847209689,0.9931350199480063,0.9787384480842121
neutral_atom,8550,8553,100,0,0.9543976613056829,0.9435372689067928,0.9945667465277145,0.9727999901601675
neutral_atom,8600,8601,100,0,0.9466342736532699,0.945820783737502,0.9931584798951899,0.9714063484149638
neutral_atom,8650,8652,100,0,0.951642748986213,0.9523613753256912,0.9942922671407564,0.975326813792185
neutral_atom,8700,8700,100,0,0.9549506946034075,0.9546438591759637,0.9942631637724504,0.9767789564185034
neutral_atom,8750,8751,100,0,0.955124327366955,0.9564537467952412,0.9920570821225548,0.9669094809495739
neutral_atom,8800,8799,100,0,0.9493635219612843,0.9508395951906646,0.9951972048720529,0.964033130640405
neutral_atom,8850,8850,100,0,0.9295595554727387,0.9547517936228356,0.9948439858098989,0.9785818165836992
neutral_atom,8900,8898,100,0,0.9450832768687374,0.9437650519054389,0.9937170283374611,0.9712440720383414
neutral_atom,8950,8949,100,0,0.9496410937654147,0.9526533487005159,0.9946407344145672,0.9745884513053256
neutral_atom,9000,9003,100,0,0.9552973197667773,0.9513523492889898,0.994665811703017,0.9711625118140161
neutral_atom,9050,9048,100,0,0.9486161971767345,0.9240832314556444,0.9935577582636025,0.9704134089309462
neutral_atom,9100,9102,100,0,0.9542917498924313,0.9605810317069261,0.9951124795126106,0.974132002450775
neutral_atom,9150,9147,100,0,0.9362425949529561,0.9448279824464777,0.9952012882148813,0.9648017869016514
neutral_atom,9200,9201,100,0,0.9593154076475479,0.9383086660527964,0.99391090010728,0.9803050617822467
neutral_atom,9250,9246,100,0,0.9610540212395107,0.9618699984672329,0.995004918283084,0.9751889751151597
neutral_atom,9300,9300,100,0,0.9598158211861191,0.9598444111922436,0.9940481637039673,0.9783766208449198
neutral_atom,9350,9345,100,0,0.9439747771507772,0.946069635710137,0.9955117866143208,0.9764909727901502
neutral_atom,9400,9399,100,0,0.9606648720891874,0.9617365329081634,0.9945006991999837,0.9799310238460348
neutral_atom,9450,9450,100,0,0.9419365025353706,0.9565951519190816,0.9950889421917638,0.9775220244055958
neutral_atom,9500,9504,100,0,0.9547393683478831,0.9448789545951173,0.9958041528155855,0.9811498209976435
neutral_atom,9550,9549,100,0,0.95917957519813,0.9584836140970302,0.9949703492042751,0.9679110887861441
neutral_atom,9600,9603,100,0,0.9467825047915819,0.943824839396643,0.994857720298348,0.9739050295954894
neutral_atom,9650,9648,100,0,0.9493076986475217,0.9547930869417003,0.9939164044970996,0.969917055183795
neutral_atom,9700,9702,100,0,0.9531309547993291,0.9511048311159787,0.9935646817616899,0.9746218788417342
neutral_atom,9750,9747,100,0,0.9608196470403265,0.9491929100234637,0.9955076301143959,0.974700960535573
neutral_atom,9800,9801,100,0,0.9543807711955462,0.9609973903614598,0.9946467851328799,0.9767134987112368
neutral_atom,9850,9846,100,0,0.9483652826794221,0.9568930701243356,0.9949680897876635,0.9743248798803038
neutral_atom,9900,9900,100,0,0.9503546003734465,0.9548204120320902,0.9945258279914712,0.9823695070841756
neutral_atom,9950,9954,100,0,0.9559512261166447,0.9712114840370826,0.9936560090086054,0.983102830595042
neutral_atom,10000,9999,100,0,0.9557580997759131,0.9611243612990984,0.9937768750107939,0.9756426983751462
neutral_atom,10050,10053,100,0,0.964758116087143,0.9514419734441636,0.995166774322189,0.9703762256702324
neutral_atom,10100,10098,100,0,0.9440868290702288,0.9523488022813746,0.9938684772480673,0.9777057637985198
neutral_atom,10150,10152,100,0,0.9549303527100107,0.961581830591254,0.9955678552451248,0.9774437124401306
neutral_atom,10200,10197,100,0,0.9587847289503454,0.9564251429120455,0.9957718743731039,0.9721972224989127
neutral_atom,10250,10251,100,0,0.9608738679727992,0.9564576874615773,0.9945592007027777,0.9803442876520512
neutral_atom,10300,10296,100,0,0.9599057980975841,0.9608757431556839,0.9930406449577789,0.9799308380043652
neutral_atom,10350,10350,100,0,0.956667549001945,0.965590166199146,0.9940319862497914,0.975663582776526
neutral_atom,10400,10401,100,0,0.9573388305294598,0.9573307250528433,0.9952124892888944,0.9801048138952804
neutral_atom,10450,10455,100,0,0.9656857100943409,0.9622244092144396,0.994116566407955,0.972712115772299
neutral_atom,10500,10500,100,0,0.9635926432886973,0.9515783802557329,0.9952598057351579,0.982244389778731
neutral_atom,10550,10554,100,0,0.9584629620252978,0.955752420006318,0.9950727188912051,0.9837802487121858
neutral_atom,10600,10599,100,0,0.9580046612059782,0.9644734791371768,0.994318256831224,0.9703117705581622
neutral_atom,10650,10653,100,0,0.9584093055004677,0.956695415103666,0.9966923990279786,0.9762175200633367
neutral_atom,10700,10698,100,0,0.9519618227410691,0.9597539671239745,0.995173182354596,0.9783633692543223
neutral_atom,10750,10752,100,0,0.9572945854876034,0.9552793576218329,0.9951538570533803,0.9759384171605296
neutral_atom,10800,10797,100,0,0.9685033430757427,0.9697185935021116,0.9952414740388069,0.9751069459118661
neutral_atom,10850,10851,100,0,0.9556829290032774,0.9533035557041585,0.9953722145469726,0.9839205877843931
neutral_atom,10900,10902,100,0,0.9490267547217441,0.9445717877882598,0.9956647215665789,0.9666772283219746
neutral_atom,10950,10950,100,0,0.9567826150842544,0.9665874335991421,0.9964408120685657,0.9846739648605558
neutral_atom,11000,11001,100,0,0.9647150799735106,0.9554517591922254,0.9953793686449082,0.9791398651098451
neutral_atom,11050,11049,100,0,0.952464483161563,0.9613355283374275,0.9961222585435773,0.972231780430288
neutral_atom,11100,11100,100,0,0.9591006375105241,0.9637829736587759,0.996157245104601,0.9731959792848714
neutral_atom,11150,11148,100,0,0.9572920173765682,0.9607864281363059,0.9954804199098943,0.979995144791134
neutral_atom,11200,11199,100,0,0.9639419108582092,0.9530784253274011,0.9961182996343076,0.9785392969352282
neutral_atom,11250,11247,100,0,0.9573800482693234,0.9631642895118246,0.9956070258814352,0.9741577824299794
neutral_atom,11300,11298,100,0,0.9620118425737776,0.9735361522365076,0.9951934274265023,0.9738871552929556
neutral_atom,11350,11346,100,0,0.9650450744640114,0.9672385498136152,0.9945568492570411,0.9858308177711688
neutral_atom,11400,11403,100,0,0.9539532026213575,0.9549525701256347,0.995775136638961,0.9781187883858584
neutral_atom,11450,11451,100,0,0.9638891707854877,0.958627193185795,0.9956509006655946,0.9760117585992901
neutral_atom,11500,11502,100,0,0.957689649177679,0.9602151206564226,0.9961097197839633,0.9887679407111477
neutral_atom,11550,11550,100,0,0.9535577484022156,0.9446390056707582,0.9960254817341526,0.9814167873659596
neutral_atom,11600,11604,100,0,0.9572078111818513,0.9624575823900936,0.9959104435897081,0.9749141946538395
neutral_atom,11650,11649,100,0,0.9672642171984552,0.9602753316873124,0.994786186853178,0.976009664903744
neutral_atom,11700,11703,100,0,0.9643027057766982,0.9590537457046152,0.9948387317718502,0.982276290234939
neutral_atom,11750,11748,100,0,0.9659366644427203,0.9616926519534872,0.9948798227373485,0.9776645556301836
neutral_atom,11800,11802,100,0,0.9589784662312848,0.9626755721151045,0.9958193665792657,0.9820230979350915
neutral_atom,11850,11847,100,0,0.9632184727764729,0.968757282240307,0.9952371125331592,0.980017646829384
neutral_atom,11900,11901,100,0,0.9646050236023923,0.9514580666339054,0.995728487530012,0.981077371239699
neutral_atom,11950,11952,100,0,0.9637216495224404,0.9617299861078056,0.9956307389778779,0.9836322236020006
neutral_atom,12000,12000,100,0,0.9621647531579507,0.9625116880080253,0.9948331219970779,0.978351738362578
neutral_atom,12050,12051,100,0,0.9718323696329145,0.9597620189253296,0.9967730120179387,0.9885513199844415
neutral_atom,12100,12099,100,0,0.9603981320958915,0.9505278539583961,0.995855294932262,0.976536887054764
neutral_atom,12150,12150,100,0,0.9621334135975246,0.953331852793119,0.9950267117777256,0.9868195811416487
neutral_atom,12200,12198,100,0,0.9658091000189952,0.970728264253413,0.995932150005898,0.9784743785643042
neutral_atom,12250,12249,100,0,0.9663619096769449,0.9586160956810709,0.9950897120709924,0.9828794492502488
neutral_atom,12300,12297,100,0,0.9665916683257945,0.9690341267226464,0.9948215898722693,0.9822143526198123
neutral_atom,12350,12348,100,0,0.9630577909595376,0.9659028298590054,0.9970319549216169,0.9864540894438592
neutral_atom,12400,12402,100,0,0.9636848669745128,0.9637042669309029,0.9951398103669173,0.9779713769847146
neutral_atom,12450,12453,100,0,0.959154694490529,0.9612286534036387,0.9955710001021161,0.9864433082767252
neutral_atom,12500,12501,100,0,0.9734192597876459,0.9581830808110331,0.9963669571826986,0.9817656286592056
neutral_atom,12550,12552,100,0,0.9621098387919234,0.9715218005142152,0.9962460831499809,0.9821131643021186
neutral_atom,12600,12600,100,0,0.9721429023644163,0.9577817995606509,0.9961815310728773,0.9821841134093612
neutral_atom,12650,12651,100,0,0.9571571323163521,0.9681401001077512,0.9949377639319823,0.9818628312002947
neutral_atom,12700,12699,100,0,0.9678811410160726,0.9705884511959476,0.995332963663479,0.9824531959043193
neutral_atom,12750,12750,100,0,0.9412482934693385,0.9611109223745914,0.9965229252494281,0.9881543124922306
neutral_atom,12800,12798,100,0,0.9689825271525861,0.9709519446392163,0.995699207916009,0.9841822853838108
neutral_atom,12850,12849,100,0,0.9717548004046429,0.9674375783343258,0.9964651452507889,0.9832442509741384
neutral_atom,12900,12903,100,0,0.9690989858286673,0.9657815003193567,0.9959301571664712,0.9843772739773528
neutral_atom,12950,12948,100,0,0.9582266786361868,0.9643653199810902,0.9958997092848884,0.9795345746235105
neutral_atom,13000,13002,100,0,0.9741253117275617,0.9681347591690991,0.9951103206477886,0.9807248826600136
neutral_atom,13050,13047,100,0,0.9673729192048559,0.9666032498236924,0.9961798568030859,0.982615413424323
neutral_atom,13100,13101,100,0,0.9675195257791613,0.9701203599330853,0.9956551407394378,0.9830469880879731
neutral_atom,13150,13146,100,0,0.9650938250812882,0.9518845783805739,0.9949630134455573,0.9741939212363082
neutral_atom,13200,13200,100,0,0.9616237584996509,0.9527117847166103,0.9959770796570823,0.9822389270111075
neutral_atom,13250,13248,100,0,0.9669196196569307,0.9768536215266634,0.9965327494846375,0.9773549708715112
neutral_atom,13300,13299,100,0,0.9637663181319309,0.9607865978512017,0.9960032285993587,0.979738568187531
neutral_atom,13350,13347,100,0,0.9687052954670116,0.9564241141376012,0.9958954826498195,0.9820746120637645
neutral_atom,13400,13404,100,0,0.962397678430213,0.9692902426555112,0.9967558477810683,0.9864707609424156
neutral_atom,13450,13452,100,0,0.9702272596445526,0.9665017243379043,0.9965245887962486,0.983633050922865
neutral_atom,13500,13503,100,0,0.9710897313806794,0.9658106827198234,0.9955451458573761,0.9846167416199185
neutral_atom,13550,13551,100,0,0.9689979948757471,0.9658323384662995,0.9959532596932785,0.9845624109700776
neutral_atom,13600,13602,100,0,0.9658752780420643,0.9570188235584605,0.9967139425792936,0.98797088022857
neutral_atom,13650,13650,100,0,0.9640184651656847,0.963613028384257,0.9966888709775122,0.9798237276990294
neutral_atom,13700,13701,100,0,0.9712871470129545,0.9647314306148294,0.9959017156443646,0.978718597916146
neutral_atom,13750,13749,100,0,0.9691496188686938,0.9691711076539524,0.9958180029170733,0.9836420173717049
neutral_atom,13800,13800,100,0,0.9712117299629922,0.9647111575710888,0.9958711996553522,0.9817956708174582
neutral_atom,13850,13848,100,0,0.966662853597289,0.9704935075501436,0.996100931206869,0.9804856334944669
neutral_atom,13900,13899,100,0,0.9719239333668527,0.9656760710629579,0.996212181418637,0.9827371344853308
neutral_atom,13950,13953,100,0,0.9766302791313214,0.9675585017485433,0.9953415661607542,0.9830845893061237
neutral_atom,14000,13998,100,0,0.9716292436065833,0.9734630494679365,0.997223633440161,0.9821098380732517
neutral_atom,14050,14052,100,0,0.964744514528294,0.9632874972998954,0.9966759042494979,0.9863772848807666
neutral_atom,14100,14097,100,0,0.9660925961543155,0.964104589822839,0.9966885217541667,0.9806748270539921
neutral_atom,14150,14151,100,0,0.9702831562468847,0.9649912389929706,0.9966688155555948,0.9876733045045121
neutral_atom,14200,14196,100,0,0.969080659770275,0.9663703909906799,0.9966808225739046,0.9839633898509135
neutral_atom,14250,14250,100,0,0.9682827914117067,0.9664985843477308,0.995051870527484,0.9817253034691044
neutral_atom,14300,14295,100,0,0.9645949899624072,0.9643075650179401,0.997019675796871,0.9795649446969703
neutral_atom,14350,14349,100,0,0.9655338426195406,0.9687459388491728,0.9954065856570631,0.9851070967393386
neutral_atom,14400,14400,100,0,0.974851408410507,0.9621923084438332,0.996571868538968,0.9844010354075434
neutral_atom,14450,14454,100,0,0.980936514395838,0.9698895588456679,0.9958496544035166,0.9783875528422048
neutral_atom,14500,14499,100,0,0.9731811214907196,0.9658190065927198,0.9967327590117141,0.9788031512271246
neutral_atom,14550,14553,100,0,0.975020039626811,0.9733533351217593,0.9968477530015285,0.9846512122673888
neutral_atom,14600,14598,100,0,0.9733764338465122,0.9751396253078073,0.9957696193325718,0.9851737806673367
neutral_atom,14650,14652,100,0,0.9721621965891933,0.9727053545991136,0.9970869266608114,0.9871486234432734
neutral_atom,14700,14697,100,0,0.9673763971732885,0.9738984510668943,0.9969432769793397,0.9842671264249621
neutral_atom,14750,14751,100,0,0.9750504106732777,0.9655493055320447,0.9962842262869205,0.9829423014435466
neutral_atom,14800,14796,100,0,0.9741334377415419,0.9748852130320241,0.9956930751620052,0.9855587056743385
neutral_atom,14850,14850,100,0,0.9566045112017064,0.9617073418703422,0.9971266043731245,0.9851907734927142
neutral_atom,14900,14904,100,0,0.9668474664730359,0.9699349247741045,0.9960496826805355,0.9841123825417039
neutral_atom,14950,14949,100,0,0.9699630800706623,0.9651392965106411,0.9961114212827265,0.9852342464565669
neutral_atom,15000,15003,100,0,0.9735855733564414,0.9681427141543139,0.9967443881753693,0.9834078623415666
neutral_atom,15050,15048,100,0,0.9700460385027049,0.9646431220828332,0.9953521127442414,0.9838033504731112
neutral_atom,15100,15102,100,0,0.9656543999525468,0.9710717118129605,0.9970747167814025,0.9813457157682218
neutral_atom,15150,15147,100,0,0.974140201562836,0.9767228601008432,0.9965741293119268,0.9875071666330696
neutral_atom,15200,15201,100,0,0.969734159157007,0.9752168095193954,0.9960187893651266,0.9813107468297214
neutral_atom,15250,15246,100,0,0.9694312658862646,0.9707773457800861,0.9975948456607642,0.9888328967838784
neutral_atom,15300,15300,100,0,0.9719821600855474,0.9736800602111939,0.996611238632385,0.9893866529843814
neutral_atom,15350,15351,100,0,0.9702243258925206,0.9692805800464847,0.9966528607526857,0.9837436493965102
neutral_atom,15400,15405,100,0,0.9682158714248209,0.9646261432959277,0.9967966490081294,0.9838241455938321
neutral_atom,15450,15450,100,0,0.9751879716859385,0.9728894717478477,0.9969769253375683,0.9838799254076394
neutral_atom,15500,15504,100,0,0.9720384815512263,0.9696801107081985,0.9965470396895825,0.9881736382963311
neutral_atom,15550,15549,100,0,0.9689859026966355,0.9698963971093785,0.9967974453270538,0.9825678502731843
neutral_atom,15600,15603,100,0,0.9744094797920383,0.9791507242455859,0.9969136456957736,0.9827531133023522
neutral_atom,15650,15648,100,0,0.9732284687656861,0.9703992515825577,0.9972664267070733,0.9881005530435152
neutral_atom,15700,15702,100,0,0.9637077289230318,0.9745073379008915,0.9964727248295441,0.9759571772865941
neutral_atom,15750,15747,100,0,0.9712813689818474,0.97764561213611,0.996120038626782,0.9838144355251514
neutral_atom,15800,15801,100,0,0.9756835230537757,0.9722883962034707,0.9966328958307813,0.9867646941480613
neutral_atom,15850,15852,100,0,0.9621156721915713,0.97223818489182,0.9967474176271707,0.984657797734228
neutral_atom,15900,15900,100,0,0.9696372896568333,0.964761312602468,0.996315273254163,0.9856887693830487
neutral_atom,15950,15951,100,0,0.9826528538406661,0.9723920548645234,0.9968561396021995,0.9819254280168657
neutral_atom,16000,15999,100,0,0.9771703219141921,0.972666834050132,0.9970873563696373,0.9831376025845565
neutral_atom,16050,16050,100,0,0.9709976626138331,0.9649195176464849,0.997876026981641,0.9839063269570334
neutral_atom,16100,16098,100,0,0.9716922864692059,0.9640133988088945,0.9969378154422686,0.9852578364456263
neutral_atom,16150,16149,100,0,0.9781289397667219,0.970086754738695,0.9970496690258899,0.9871198272278794
neutral_atom,16200,16197,100,0,0.9712136772289411,0.9704149475847981,0.9964973866095761,0.9874242687943201
neutral_atom,16250,16248,100,0,0.9844842841397641,0.9725472586520203,0.9967032192887162,0.9856225656002132
neutral_atom,16300,16296,100,0,0.9698485648730687,0.9728585673441869,0.9972962366594695,0.9866088673101228
neutral_atom,16350,16353,100,0,0.9742115431260236,0.9712644855103296,0.9968933175544035,0.9891093096398961
neutral_atom,16400,16401,100,0,0.9715567534813601,0.9754801580311657,0.9968770556878969,0.979940314070088
neutral_atom,16450,16452,100,0,0.9747694041385317,0.97298811877639,0.9964965951170294,0.9873957391606254
neutral_atom,16500,16500,100,0,0.9728721007945291,0.9694018590009146,0.9970930191046989,0.9842752006696707
neutral_atom,16550,16554,100,0,0.9686343962069293,0.9740419069838839,0.9971087331395596,0.9888451776653442
neutral_atom,16600,16599,100,0,0.9728685801282,0.9721250916171172,0.9965272393258102,0.9876779631792004
neutral_atom,16650,16653,100,0,0.9713369114887094,0.974911220941017,0.9975409248710921,0.9825776388923939
neutral_atom,16700,16698,100,0,0.9675873201322662,0.9765498451521789,0.9973365968461909,0.9854267646288455
neutral_atom,16750,16752,100,0,0.9797235097227094,0.9705979637659283,0.9962746388376309,0.9798410765632881
neutral_atom,16800,16797,100,0,0.9760720320671525,0.9713660210271678,0.9973436787522737,0.9883262891579921
neutral_atom,16850,16851,100,0,0.976938541809871,0.9758094951129135,0.9971001149987495,0.9853519790857443
neutral_atom,16900,16902,100,0,0.9787603170814416,0.9711932965343371,0.9968582112608984,0.9839192759183885
neutral_atom,16950,16950,100,0,0.9781434747029024,0.9746575873663541,0.9964190390153748,0.983808155071417
neutral_atom,17000,17001,100,0,0.9761966804434054,0.969992271750221,0.9975607133059844,0.9850582132482737
neutral_atom,17050,17049,100,0,0.9644286772192505,0.9681034761708,0.9969404850744492,0.984567982538665
neutral_atom,17100,17100,100,0,0.9766541136934167,0.9763827615102763,0.995727361028342,0.989548411044217
neutral_atom,17150,17148,100,0,0.9790283318986398,0.9751020659575533,0.9965971340944887,0.991133376541958
neutral_atom,17200,17199,100,0,0.9742080192597101,0.9802098980538022,0.9975360252764411,0.981600732919561
neutral_atom,17250,17247,100,0,0.9812539565166981,0.9612844199669636,0.9970199962166797,0.9861971284762054
neutral_atom,17300,17298,100,0,0.9815286014183916,0.9799155581152864,0.9977305511031102,0.9822406323887867
neutral_atom,17350,17352,100,0,0.9719696098656201,0.9655524197118492,0.9969404784796871,0.9863966658189538
neutral_atom,17400,17403,100,0,0.9750434056650507,0.9750933515877189,0.9972563918112746,0.9863668609567646
neutral_atom,17450,17451,100,0,0.9743909042419953,0.9732373442157458,0.9969724575556003,0.9864686287417809
neutral_atom,17500,17502,100,0,0.977288930273191,0.9787378142191813,0.997095172050254,0.9832299112381929
neutral_atom,17550,17550,100,0,0.9795881127879661,0.96888571473538,0.9972213926615833,0.9835397012104256
neutral_atom,17600,17601,100,0,0.977300850362543,0.9674429661417223,0.997020563346194,0.9876324800832835
neutral_atom,17650,17649,100,0,0.978818494697959,0.9706609915009785,0.9972733879938268,0.9856983932322952
neutral_atom,17700,17700,100,0,0.9697002449313966,0.9770362087030185,0.9974978495255735,0.9876176429923409
neutral_atom,17750,17748,100,0,0.9737602473328463,0.9775036962111908,0.9971804022492962,0.9830332449511073
neutral_atom,17800,17799,100,0,0.9734137643017742,0.9681673685446361,0.9967346102615671,0.9872868488050569
neutral_atom,17850,17853,100,0,0.9695942405407904,0.9770982608044841,0.9975717358717373,0.9889876798110283
neutral_atom,17900,17898,100,0,0.9786161036769484,0.9753353412074947,0.997331005238425,0.9842744535991068
neutral_atom,17950,17952,100,0,0.9772715136251562,0.9792970754047838,0.996616291708364,0.985952884983229
neutral_atom,18000,17997,100,0,0.9775676640916612,0.9800084492149727,0.9962631775359015,0.9877924800471952
neutral_atom,18050,18051,100,0,0.9776530434515209,0.9755745932858224,0.9976255437216427,0.9872620120700398
neutral_atom,18100,18096,100,0,0.9737806144700485,0.9766250060202248,0.997343714670339,0.9821922069928879
neutral_atom,18150,18150,100,0,0.9749054905615571,0.9821598729506329,0.9972505311294836,0.9904450462959654
neutral_atom,18200,18198,100,0,0.9784688237103548,0.9734368855195851,0.9972255944810056,0.9854433256870551
neutral_atom,18250,18249,100,0,0.9741729793714196,0.9787064559699789,0.9962536361786242,0.9862312253279484
neutral_atom,18300,18297,100,0,0.9821469732347784,0.9772765758206414,0.9977795859127153,0.9895305892743973
neutral_atom,18350,18354,100,0,0.976862109124796,0.974031252633794,0.9975187781866351,0.988143613448328
neutral_atom,18400,18402,100,0,0.9750507738258753,0.9686315531232517,0.9974996394448746,0.9886036630432188
neutral_atom,18450,18453,100,0,0.9766051231873915,0.9715931180204063,0.9974944153639574,0.9860962975399136
neutral_atom,18500,18501,100,0,0.9714558299356084,0.9808177255153463,0.9975564357150002,0.9856221316156039
neutral_atom,18550,18552,100,0,0.976083665285119,0.976269234006093,0.9975562769574233,0.9896316770162673
neutral_atom,18600,18600,100,0,0.9770680178465612,0.9723915479289972,0.9969772310076002,0.9893997443232475
neutral_atom,18650,18651,100,0,0.9736223776775293,0.9746504094409549,0.9973703920870989,0.9896163692717396
neutral_atom,18700,18699,100,0,0.9817481660300025,0.9761874276340126,0.9973608159692795,0.9909179281861675
neutral_atom,18750,18750,100,0,0.9747172705501752,0.977149308252417,0.9976601306851911,0.9864457019470262
neutral_atom,18800,18798,100,0,0.9748000290187367,0.9647662482626387,0.9965184927035452,0.9912197328876551
neutral_atom,18850,18849,100,0,0.9782339390180252,0.9760764077470074,0.997336669840791,0.9870382692927664
neutral_atom,18900,18903,100,0,0.9811312151101522,0.9746630841308609,0.9975890526215212,0.9898864486806174
neutral_atom,18950,18948,100,0,0.974439295754906,0.9807000399091224,0.9973714638914418,0.9850207018720907
neutral_atom,19000,19002,100,0,0.9782707750526265,0.9701610332067366,0.9979302795446244,0.9913951694891147
neutral_atom,19050,19047,100,0,0.9774605830451112,0.9811967987892536,0.9974616254993104,0.9892450390800814
neutral_atom,19100,19101,100,0,0.9807664404878514,0.9799446666895864,0.9976087060419763,0.9836427041638317
neutral_atom,19150,19146,100,0,0.9801548386371446,0.9793580719283308,0.9978089519249974,0.9892209571548767
neutral_atom,19200,19200,100,0,0.9799355806260359,0.9777834000820449,0.9972271731898595,0.9881942102102846
neutral_atom,19250,19245,100,0,0.9768396316868863,0.9735106061133549,0.9973553284694882,0.9870429013422223
neutral_atom,19300,19299,100,0,0.980725856838809,0.973362951448429,0.9974688260384839,0.9893053718982432
neutral_atom,19350,19350,100,0,0.979764589799837,0.9746660879230721,0.9974976656920486,0.9911553410991553
neutral_atom,19400,19404,100,0,0.9738014500367145,0.9757668235516911,0.9974945674224813,0.9850998146936064
neutral_atom,19450,19449,100,0,0.984691769811199,0.9734198550244726,0.9968813408088442,0.9889554167902624
neutral_atom,19500,19503,100,0,0.9820201985187978,0.9779282370788063,0.9969317921878865,0.9873112010627073
neutral_atom,19550,19548,100,0,0.9753686040118639,0.9750175613467913,0.9977847441903058,0.9877919178914698
neutral_atom,19600,19602,100,0,0.9772322913883295,0.9839932409847699,0.9969680359144101,0.9867410035670295
neutral_atom,19650,19647,100,0,0.9783898335763642,0.9749158505208445,0.9968683816303023,0.9855275268696919
neutral_atom,19700,19701,100,0,0.9828927109691751,0.9760385267057379,0.997437180891061,0.989426007777469
neutral_atom,19750,19746,100,0,0.9805835509086297,0.9735734079440447,0.9977091728615676,0.9904921821975641
neutral_atom,19800,19800,100,0,0.9828092762849157,0.9787520290506896,0.997128049071772,0.9839106217562601
neutral_atom,19850,19854,100,0,0.9740782105603765,0.9775966558662438,0.997719940580472,0.9896522672607274
neutral_atom,19900,19899,100,0,0.9730603944314373,0.9617454459347747,0.9971180966548747,0.9897176432422206
neutral_atom,19950,19953,100,0,0.9790772796923652,0.9758379979606434,0.9980012770056566,0.9865406207172074
neutral_atom,20000,19998,100,0,0.9790488054313002,0.9785410296403131,0.9977161251784523,0.9867116460062999
