F_bell,F_gate,F_coherence,drifted
0.834,0.874,0.919,1
0.975,0.987,0.992,0
0.978,0.988,0.983,0
0.984,0.99,0.992,0
0.971,0.99,0.988,0
0.823,0.887,0.909,1
0.979,0.986,0.992,0
0.832,0.884,0.91,1
0.809,0.905,0.922,1
0.972,0.98,0.989,0
0.97,0.986,0.986,0
0.841,0.881,0.914,1
0.832,0.897,0.916,1
0.815,0.887,0.923,1
0.982,0.99,0.994,0
0.837,0.891,0.919,1
0.977,0.983,0.991,0
0.829,0.876,0.916,1
0.807,0.868,0.914,1
0.833,0.9,0.91,1
0.833,0.888,0.913,1
0.971,0.994,0.992,0
0.983,0.992,0.99,0
0.815,0.889,0.923,1
0.974,0.991,0.986,0
0.817,0.881,0.907,1
0.973,0.983,0.988,0
0.832,0.893,0.902,1
0.828,0.89,0.922,1
0.796,0.897,0.906,1
0.979,0.988,0.989,0
0.976,0.984,0.983,0
0.98,0.982,0.994,0
0.966,0.986,0.988,0
0.831,0.898,0.907,1
0.983,0.991,0.993,0
0.824,0.876,0.891,1
0.977,0.991,0.993,0
0.977,0.986,0.99,0
0.834,0.898,0.92,1
0.809,0.883,0.935,1
0.979,0.993,0.983,0
0.819,0.889,0.921,1
0.973,0.989,0.981,0
0.815,0.883,0.919,1
0.971,0.987,0.986,0
0.974,0.988,0.983,0
0.971,0.985,0.986,0
0.984,0.986,0.993,0
0.979,0.986,0.995,0
0.974,0.981,0.99,0
0.816,0.889,0.918,1
0.979,0.989,0.983,0
0.822,0.879,0.893,1
0.975,0.982,0.989,0
0.83,0.896,0.902,1
0.957,0.984,0.989,0
0.84,0.878,0.925,1
0.986,0.987,0.989,0
0.978,0.987,0.986,0
0.974,0.984,0.994,0
0.826,0.873,0.904,1
0.837,0.895,0.904,1
0.977,0.988,0.992,0
0.974,0.987,0.992,0
0.823,0.889,0.93,1
0.967,0.99,0.985,0
0.843,0.88,0.91,1
0.843,0.903,0.914,1
0.971,0.987,0.989,0
0.821,0.881,0.903,1
0.975,0.988,0.994,0
0.979,0.982,0.985,0
0.971,0.988,0.988,0
0.974,0.983,0.988,0
0.832,0.897,0.912,1
0.981,0.983,0.992,0
0.836,0.891,0.909,1
0.835,0.878,0.921,1
0.968,0.991,0.991,0
0.835,0.892,0.901,1
0.963,0.989,0.993,0
0.835,0.89,0.909,1
0.974,0.986,0.99,0
0.827,0.897,0.916,1
0.978,0.993,0.991,0
0.963,0.982,0.992,0
0.969,0.986,0.994,0
0.823,0.882,0.918,1
0.828,0.904,0.912,1
0.805,0.885,0.911,1
0.831,0.899,0.927,1
0.815,0.88,0.906,1
0.979,0.988,0.986,0
0.976,0.986,0.986,0
0.965,0.99,0.991,0
0.843,0.903,0.911,1
0.828,0.895,0.903,1
0.826,0.896,0.918,1
0.846,0.876,0.904,1
0.982,0.992,0.993,0
0.823,0.884,0.915,1
0.975,0.991,0.989,0
0.856,0.898,0.913,1
0.826,0.877,0.897,1
0.968,0.988,0.993,0
0.974,0.989,0.984,0
0.82,0.877,0.907,1
0.843,0.877,0.909,1
0.984,0.984,0.983,0
0.823,0.862,0.914,1
0.845,0.903,0.926,1
0.981,0.988,0.989,0
0.974,0.986,0.987,0
0.814,0.885,0.907,1
0.972,0.989,0.987,0
0.813,0.879,0.915,1
0.974,0.979,0.987,0
0.974,0.979,0.99,0
0.966,0.987,0.983,0
0.849,0.909,0.915,1
0.979,0.991,0.989,0
0.833,0.893,0.922,1
0.84,0.885,0.921,1
0.974,0.985,0.993,0
0.972,0.984,0.989,0
0.972,0.989,0.99,0
0.963,0.984,0.989,0
0.808,0.887,0.905,1
0.974,0.986,0.991,0
0.811,0.9,0.921,1
0.971,0.985,0.987,0
0.976,0.989,0.989,0
0.85,0.885,0.909,1
0.835,0.866,0.909,1
0.827,0.881,0.928,1
0.973,0.999,0.987,0
0.817,0.878,0.917,1
0.98,0.982,0.989,0
0.832,0.888,0.925,1
0.969,0.991,0.987,0
0.838,0.901,0.909,1
0.817,0.873,0.91,1
0.982,0.989,0.991,0
0.818,0.878,0.917,1
0.829,0.912,0.932,1
0.836,0.899,0.906,1
0.978,0.99,0.988,0
0.974,0.989,0.985,0
0.973,0.985,0.995,0
0.847,0.89,0.914,1
0.831,0.87,0.907,1
0.967,0.987,0.99,0
0.822,0.904,0.896,1
0.809,0.9,0.918,1
0.827,0.901,0.916,1
0.849,0.873,0.907,1
0.973,0.989,0.987,0
0.846,0.872,0.901,1
0.969,0.985,0.991,0
0.972,0.99,0.994,0
0.97,0.989,0.98,0
0.829,0.878,0.917,1
0.978,0.991,0.992,0
0.975,0.983,0.988,0
0.984,0.985,0.988,0
0.84,0.882,0.91,1
0.834,0.88,0.914,1
0.826,0.909,0.918,1
0.977,0.983,0.994,0
0.964,0.986,0.99,0
0.815,0.897,0.915,1
0.822,0.887,0.901,1
0.82,0.894,0.911,1
0.972,0.982,0.985,0
0.969,0.981,0.991,0
0.978,0.988,0.98,0
0.844,0.886,0.921,1
0.964,0.988,0.986,0
0.83,0.894,0.925,1
0.809,0.875,0.918,1
0.974,0.993,0.993,0
0.839,0.896,0.914,1
0.972,0.987,0.989,0
0.827,0.893,0.899,1
0.822,0.872,0.909,1
0.974,0.985,0.989,0
0.852,0.882,0.905,1
0.976,0.987,0.991,0
0.969,0.984,0.994,0
0.813,0.879,0.914,1
0.979,0.986,0.993,0
0.973,0.986,0.99,0
0.972,0.983,0.99,0
0.825,0.89,0.908,1
0.975,0.984,0.991,0
0.97,0.991,0.986,0
0.976,0.984,0.983,0
0.971,0.991,0.99,0
0.977,0.989,0.988,0
0.821,0.891,0.916,1
0.836,0.897,0.916,1
0.98,0.982,0.995,0
0.974,0.986,0.987,0
0.834,0.893,0.904,1
0.976,0.989,0.986,0
0.803,0.891,0.923,1
0.966,0.986,0.993,0
0.839,0.882,0.903,1
0.971,0.984,0.992,0
0.968,0.986,0.984,0
0.836,0.903,0.908,1
0.827,0.891,0.92,1
0.822,0.894,0.904,1
0.806,0.873,0.903,1
0.836,0.878,0.91,1
0.832,0.877,0.927,1
0.839,0.894,0.911,1
0.818,0.884,0.909,1
0.977,0.988,0.988,0
0.828,0.893,0.901,1
0.835,0.904,0.911,1
0.808,0.888,0.913,1
0.981,0.987,0.986,0
0.846,0.886,0.889,1
0.971,0.986,0.988,0
0.823,0.892,0.903,1
0.824,0.867,0.916,1
0.97,0.987,0.988,0
0.817,0.894,0.901,1
0.977,0.987,0.984,0
0.982,0.99,0.992,0
0.821,0.914,0.913,1
0.829,0.901,0.918,1
0.977,0.986,0.983,0
0.837,0.895,0.913,1
0.985,0.993,0.987,0
0.975,0.984,0.99,0
0.822,0.878,0.911,1
0.831,0.883,0.915,1
0.832,0.877,0.915,1
0.978,0.986,0.984,0
0.983,0.988,0.988,0
0.981,0.986,0.993,0
0.98,0.987,0.99,0
0.966,0.982,0.989,0
0.827,0.899,0.91,1
0.976,0.986,0.99,0
0.975,0.989,0.988,0
0.977,0.988,0.993,0
0.842,0.88,0.913,1
0.971,0.977,0.988,0
0.829,0.889,0.918,1
0.832,0.917,0.904,1
0.971,0.989,0.979,0
0.821,0.883,0.902,1
0.977,0.989,0.991,0
0.813,0.894,0.901,1
0.974,0.992,0.992,0
0.971,0.987,0.993,0
0.975,0.989,0.988,0
0.821,0.894,0.914,1
0.814,0.887,0.917,1
0.97,0.988,0.989,0
0.979,0.982,0.983,0
0.832,0.877,0.91,1
0.814,0.874,0.924,1
0.978,0.988,0.989,0
0.985,0.979,0.99,0
0.966,0.982,0.99,0
0.974,0.985,0.993,0
0.814,0.88,0.92,1
0.84,0.892,0.91,1
0.813,0.894,0.9,1
0.973,0.986,0.99,0
0.836,0.874,0.905,1
0.831,0.877,0.908,1
0.984,0.986,0.992,0
0.823,0.893,0.916,1
0.801,0.907,0.908,1
0.818,0.879,0.907,1
0.979,0.989,0.995,0
0.834,0.88,0.918,1
0.838,0.88,0.907,1
0.835,0.904,0.913,1
0.81,0.887,0.92,1
0.972,0.979,0.983,0
0.975,0.987,0.99,0
0.977,0.992,0.987,0
0.968,0.987,0.988,0
0.829,0.9,0.925,1
0.83,0.904,0.914,1
0.826,0.882,0.906,1
0.978,0.978,0.985,0
0.833,0.894,0.936,1
0.849,0.895,0.91,1
0.818,0.899,0.931,1
0.834,0.886,0.909,1
0.98,0.994,0.99,0
0.827,0.901,0.916,1
0.828,0.881,0.918,1
0.969,0.989,0.987,0
0.847,0.899,0.92,1
0.972,0.983,0.983,0
0.972,0.989,0.991,0
0.837,0.903,0.926,1
0.842,0.884,0.907,1
0.853,0.874,0.912,1
0.982,0.985,0.987,0
0.822,0.892,0.916,1
0.833,0.874,0.922,1
0.825,0.887,0.918,1
0.83,0.888,0.906,1
0.821,0.887,0.921,1
0.973,0.981,0.983,0
0.822,0.875,0.904,1
0.978,0.988,0.982,0
0.846,0.89,0.904,1
0.84,0.906,0.91,1
0.839,0.908,0.89,1
0.805,0.895,0.91,1
0.973,0.982,0.991,0
0.841,0.868,0.921,1
0.806,0.88,0.898,1
0.817,0.895,0.922,1
0.847,0.906,0.911,1
0.973,0.985,0.992,0
0.795,0.896,0.919,1
0.841,0.893,0.918,1
0.986,0.985,0.993,0
0.969,0.987,0.989,0
0.974,0.987,0.995,0
0.979,0.989,0.985,0
0.972,0.983,0.994,0
0.818,0.877,0.914,1
0.972,0.981,0.985,0
0.971,0.988,0.979,0
0.826,0.884,0.913,1
0.824,0.888,0.905,1
0.983,0.983,0.989,0
0.827,0.909,0.92,1
0.841,0.877,0.917,1
0.973,0.988,0.988,0
0.832,0.888,0.904,1
0.837,0.882,0.901,1
0.971,0.988,0.988,0
0.973,0.985,0.993,0
0.831,0.896,0.894,1
0.831,0.89,0.924,1
0.828,0.9,0.937,1
0.803,0.895,0.919,1
0.977,0.988,0.989,0
0.98,0.989,0.987,0
0.983,0.99,0.993,0
0.825,0.891,0.91,1
0.972,0.988,0.992,0
0.827,0.896,0.906,1
0.978,0.99,0.986,0
0.812,0.886,0.92,1
0.974,0.986,0.987,0
0.983,0.985,0.992,0
0.844,0.895,0.918,1
0.978,0.987,0.99,0
0.832,0.897,0.901,1
0.846,0.883,0.921,1
0.8,0.874,0.903,1
0.848,0.875,0.911,1
0.837,0.889,0.927,1
0.974,0.99,0.995,0
0.974,0.989,0.99,0
0.978,0.988,0.993,0
0.832,0.898,0.92,1
0.976,0.991,0.99,0
0.981,0.983,0.987,0
0.973,0.991,0.991,0
0.818,0.874,0.925,1
0.827,0.869,0.931,1
0.98,0.984,0.986,0
0.97,0.987,0.993,0
0.971,0.987,0.985,0
0.835,0.88,0.9,1
0.818,0.894,0.921,1
0.979,0.985,0.988,0
0.97,0.986,0.992,0
0.969,0.987,0.991,0
0.837,0.889,0.89,1
0.844,0.891,0.92,1
0.981,0.985,0.987,0
0.971,0.983,0.982,0
0.978,0.98,0.987,0
0.831,0.889,0.921,1
0.806,0.873,0.922,1
0.971,0.987,0.995,0
0.972,0.994,0.983,0
0.816,0.886,0.922,1
0.824,0.879,0.928,1
0.805,0.872,0.914,1
0.979,0.991,0.99,0
0.973,0.987,0.987,0
0.972,0.979,0.992,0
0.978,0.991,0.987,0
0.835,0.902,0.919,1
0.843,0.895,0.921,1
0.824,0.888,0.918,1
0.968,0.986,0.988,0
0.974,0.988,0.99,0
0.971,0.988,0.985,0
0.833,0.89,0.906,1
0.977,0.989,0.986,0
0.97,0.984,0.984,0
0.824,0.885,0.902,1
0.981,0.988,0.991,0
0.976,0.993,0.986,0
0.832,0.884,0.906,1
0.829,0.886,0.929,1
0.814,0.904,0.899,1
0.98,0.989,0.995,0
0.981,0.99,0.992,0
0.827,0.908,0.925,1
0.829,0.897,0.902,1
0.812,0.885,0.908,1
0.96,0.99,0.99,0
0.981,0.988,0.992,0
0.832,0.893,0.917,1
0.826,0.891,0.921,1
0.833,0.877,0.904,1
0.826,0.876,0.923,1
0.979,0.987,0.988,0
0.821,0.89,0.915,1
0.827,0.892,0.925,1
0.979,0.987,0.993,0
0.965,0.99,0.994,0
0.965,0.982,0.983,0
0.974,0.984,0.992,0
0.848,0.888,0.923,1
0.973,0.992,0.989,0
0.845,0.9,0.912,1
0.975,0.987,0.99,0
0.97,0.982,0.987,0
0.829,0.885,0.914,1
0.823,0.877,0.916,1
0.834,0.882,0.929,1
0.841,0.889,0.909,1
0.978,0.99,0.99,0
0.976,0.983,0.988,0
0.819,0.894,0.904,1
0.811,0.887,0.915,1
0.822,0.893,0.904,1
0.977,0.989,0.992,0
0.97,0.984,0.989,0
0.969,0.982,0.987,0
0.819,0.9,0.924,1
0.979,0.992,0.986,0
0.844,0.892,0.913,1
0.975,0.986,0.988,0
0.98,0.972,0.99,0
0.975,0.983,0.99,0
0.831,0.888,0.918,1
0.982,0.987,0.984,0
0.972,0.985,0.984,0
0.832,0.896,0.911,1
0.821,0.888,0.904,1
0.976,0.99,0.992,0
0.821,0.893,0.911,1
0.815,0.885,0.903,1
0.831,0.89,0.913,1
0.83,0.889,0.914,1
0.967,0.988,0.988,0
0.98,0.986,0.988,0
0.988,0.979,0.991,0
0.981,0.981,0.994,0
0.979,0.984,0.988,0
0.827,0.901,0.922,1
0.832,0.902,0.91,1
0.967,0.994,0.997,0
0.819,0.887,0.903,1
0.817,0.874,0.91,1
0.831,0.901,0.906,1
0.968,0.988,0.993,0
0.855,0.89,0.9,1
0.98,0.992,0.989,0
0.972,0.99,0.984,0
0.98,0.982,0.987,0
0.976,0.986,0.99,0
0.978,0.986,0.989,0
0.838,0.899,0.921,1
0.823,0.885,0.899,1
0.976,0.99,0.985,0
0.979,0.986,0.993,0
0.974,0.984,0.989,0
0.971,0.99,0.991,0
0.833,0.897,0.915,1
0.832,0.909,0.911,1
0.839,0.907,0.913,1
0.971,0.982,0.991,0
0.829,0.88,0.911,1
0.833,0.88,0.892,1
0.974,0.981,0.991,0
0.979,0.983,0.983,0
0.838,0.882,0.916,1
0.838,0.895,0.919,1
0.813,0.888,0.923,1
0.816,0.9,0.911,1
0.828,0.888,0.898,1
0.979,0.976,0.994,0
0.972,0.984,0.986,0
0.818,0.891,0.915,1
0.839,0.885,0.939,1
0.97,0.981,0.988,0
0.977,0.987,0.993,0
0.978,0.988,0.99,0
0.972,0.986,0.988,0
0.827,0.897,0.915,1
0.818,0.908,0.901,1
0.829,0.891,0.925,1
0.974,0.986,0.989,0
0.835,0.882,0.909,1
0.823,0.906,0.914,1
0.966,0.982,0.991,0
0.826,0.89,0.906,1
0.825,0.897,0.912,1
0.841,0.878,0.918,1
0.97,0.987,0.992,0
0.965,0.991,0.991,0
0.964,0.979,0.985,0
0.963,0.984,0.988,0
0.965,0.987,0.987,0
0.84,0.887,0.907,1
0.966,0.987,0.992,0
0.985,0.986,0.988,0
0.976,0.988,0.991,0
0.83,0.866,0.907,1
0.973,0.987,0.988,0
0.846,0.88,0.92,1
0.967,0.99,0.985,0
0.832,0.88,0.919,1
0.833,0.891,0.91,1
0.977,0.988,0.992,0
0.969,0.988,0.983,0
0.816,0.881,0.91,1
0.84,0.872,0.893,1
0.974,0.982,0.991,0
0.819,0.909,0.907,1
0.829,0.897,0.911,1
0.837,0.88,0.918,1
0.824,0.9,0.888,1
0.972,0.982,0.989,0
0.84,0.897,0.902,1
0.825,0.883,0.913,1
0.978,0.984,0.992,0
0.979,0.988,0.985,0
0.834,0.903,0.919,1
0.974,0.989,0.988,0
0.966,0.979,0.986,0
0.825,0.893,0.921,1
0.834,0.901,0.914,1
0.845,0.882,0.896,1
0.837,0.887,0.911,1
0.828,0.88,0.926,1
0.973,0.981,0.992,0
0.827,0.879,0.914,1
0.831,0.899,0.907,1
0.971,0.984,0.988,0
0.827,0.905,0.907,1
0.827,0.872,0.918,1
0.971,0.987,0.992,0
0.977,0.985,0.987,0
0.818,0.892,0.923,1
0.979,0.985,0.986,0
0.973,0.983,0.989,0
0.975,0.987,0.99,0
0.853,0.903,0.925,1
0.856,0.883,0.919,1
0.979,0.984,0.992,0
0.835,0.894,0.921,1
0.836,0.895,0.909,1
0.832,0.875,0.913,1
0.796,0.891,0.896,1
0.835,0.904,0.913,1
0.826,0.904,0.899,1
0.841,0.893,0.909,1
0.97,0.98,0.992,0
0.819,0.897,0.905,1
0.979,0.989,0.988,0
0.986,0.99,0.986,0
0.972,0.98,0.99,0
0.826,0.919,0.917,1
0.852,0.889,0.911,1
0.967,0.983,0.983,0
0.984,0.984,0.991,0
0.975,0.981,0.989,0
0.833,0.868,0.917,1
0.816,0.89,0.919,1
0.835,0.888,0.909,1
0.974,0.983,0.993,0
0.848,0.89,0.924,1
0.855,0.887,0.913,1
0.983,0.988,0.99,0
0.972,0.986,0.989,0
0.976,0.982,0.991,0
0.97,0.986,0.983,0
0.811,0.89,0.885,1
0.83,0.887,0.894,1
0.978,0.99,0.99,0
0.982,0.989,0.988,0
0.979,0.984,0.99,0
0.971,0.981,0.986,0
0.832,0.87,0.916,1
0.807,0.889,0.904,1
0.837,0.895,0.92,1
0.828,0.898,0.92,1
0.975,0.983,0.985,0
0.975,0.987,0.993,0
0.966,0.99,0.987,0
0.966,0.987,0.99,0
0.815,0.89,0.906,1
0.971,0.987,0.991,0
0.981,0.986,0.99,0
0.85,0.891,0.909,1
0.975,0.984,0.991,0
0.981,0.98,0.982,0
0.973,0.984,0.985,0
0.827,0.863,0.915,1
0.972,0.99,0.991,0
0.974,0.982,0.984,0
0.845,0.892,0.921,1
0.981,0.983,0.991,0
0.975,0.99,0.991,0
0.98,0.98,0.988,0
0.831,0.906,0.898,1
0.971,0.982,0.991,0
0.978,0.981,0.989,0
0.815,0.882,0.907,1
0.972,0.987,0.993,0
0.82,0.874,0.914,1
0.853,0.87,0.911,1
0.985,0.984,0.988,0
0.837,0.886,0.909,1
0.856,0.89,0.898,1
0.969,0.987,0.988,0
0.976,0.986,0.988,0
0.836,0.88,0.919,1
0.819,0.898,0.901,1
0.971,0.982,0.989,0
0.977,0.988,0.984,0
0.815,0.897,0.927,1
0.84,0.898,0.907,1
0.973,0.987,0.992,0
0.977,0.988,0.986,0
0.974,0.988,0.991,0
0.989,0.985,0.985,0
0.847,0.88,0.902,1
0.974,0.984,0.985,0
0.975,0.986,0.989,0
0.822,0.887,0.925,1
0.829,0.89,0.912,1
0.969,0.987,0.988,0
0.827,0.88,0.912,1
0.84,0.885,0.909,1
0.974,0.994,0.988,0
0.984,0.983,0.987,0
0.832,0.895,0.915,1
0.98,0.988,0.994,0
0.978,0.983,0.991,0
0.835,0.891,0.922,1
0.982,0.985,0.989,0
0.845,0.884,0.911,1
0.981,0.984,0.981,0
0.975,0.985,0.986,0
0.826,0.896,0.918,1
0.824,0.89,0.903,1
0.842,0.884,0.915,1
0.845,0.892,0.905,1
0.81,0.882,0.907,1
0.836,0.883,0.9,1
0.808,0.882,0.918,1
0.984,0.99,0.984,0
0.974,0.99,0.988,0
0.977,0.984,0.99,0
0.972,0.99,0.994,0
0.981,0.984,0.985,0
0.982,0.984,0.988,0
0.821,0.887,0.912,1
0.853,0.895,0.92,1
0.968,0.983,0.989,0
0.831,0.899,0.914,1
0.815,0.877,0.906,1
0.985,0.982,0.988,0
0.834,0.895,0.922,1
0.969,0.985,0.993,0
0.837,0.881,0.915,1
0.975,0.982,0.991,0
0.972,0.989,0.987,0
0.824,0.909,0.91,1
0.828,0.876,0.918,1
0.98,0.987,0.99,0
0.816,0.912,0.919,1
0.975,0.987,0.989,0
0.824,0.888,0.895,1
0.976,0.99,0.989,0
0.82,0.886,0.921,1
0.83,0.886,0.909,1
0.839,0.882,0.909,1
0.828,0.888,0.905,1
0.979,0.983,0.996,0
0.826,0.889,0.912,1
0.808,0.885,0.896,1
0.833,0.888,0.902,1
0.973,0.986,0.99,0
0.829,0.874,0.908,1
0.824,0.915,0.898,1
0.973,0.991,0.991,0
0.829,0.889,0.908,1
0.976,0.988,0.996,0
0.821,0.881,0.892,1
0.804,0.877,0.884,1
0.978,0.987,0.99,0
0.811,0.869,0.91,1
0.821,0.885,0.929,1
0.817,0.879,0.909,1
0.836,0.885,0.913,1
0.843,0.892,0.928,1
0.837,0.885,0.912,1
0.974,0.988,0.989,0
0.812,0.9,0.917,1
0.969,0.982,0.992,0
0.844,0.876,0.915,1
0.976,0.993,0.988,0
0.974,0.989,0.983,0
0.982,0.993,0.991,0
0.821,0.893,0.907,1
0.82,0.868,0.912,1
0.976,0.986,0.99,0
0.825,0.907,0.904,1
0.982,0.986,0.992,0
0.968,0.989,0.99,0
0.976,0.994,0.991,0
0.97,0.992,0.988,0
0.977,0.991,0.992,0
0.833,0.869,0.908,1
0.828,0.873,0.901,1
0.976,0.987,0.99,0
0.973,0.988,0.992,0
0.972,0.985,0.989,0
0.967,0.987,0.985,0
0.985,0.983,0.993,0
0.828,0.877,0.925,1
0.973,0.991,0.993,0
0.965,0.982,0.989,0
0.808,0.865,0.907,1
0.849,0.885,0.914,1
0.977,0.982,0.987,0
0.829,0.889,0.906,1
0.833,0.889,0.918,1
0.971,0.984,0.987,0
0.823,0.894,0.905,1
0.979,0.986,0.992,0
0.852,0.9,0.925,1
0.974,0.984,0.988,0
0.812,0.886,0.914,1
0.976,0.991,0.991,0
0.972,0.986,0.984,0
0.974,0.981,0.99,0
0.837,0.889,0.903,1
0.965,0.986,0.985,0
0.831,0.881,0.9,1
0.967,0.991,0.985,0
0.82,0.883,0.914,1
0.97,0.988,0.989,0
0.974,0.984,0.992,0
0.821,0.879,0.911,1
0.98,0.991,0.992,0
0.813,0.906,0.934,1
0.98,0.984,0.993,0
0.978,0.986,0.986,0
0.823,0.888,0.919,1
0.974,0.978,0.986,0
0.977,0.987,0.986,0
0.827,0.898,0.9,1
0.832,0.882,0.903,1
0.98,0.983,0.985,0
0.814,0.895,0.916,1
0.812,0.879,0.906,1
0.859,0.894,0.896,1
0.852,0.874,0.91,1
0.817,0.905,0.915,1
0.845,0.908,0.907,1
0.831,0.885,0.923,1
0.975,0.986,0.99,0
0.83,0.883,0.929,1
0.809,0.868,0.903,1
0.831,0.901,0.905,1
0.826,0.88,0.908,1
0.971,0.976,0.994,0
0.98,0.986,0.987,0
0.974,0.991,0.992,0
0.836,0.873,0.908,1
0.823,0.905,0.892,1
0.975,0.981,0.992,0
0.988,0.988,0.988,0
0.844,0.913,0.923,1
0.822,0.887,0.919,1
0.848,0.893,0.9,1
0.974,0.982,0.989,0
0.975,0.986,0.993,0
0.972,0.984,0.993,0
0.972,0.981,0.993,0
0.832,0.894,0.913,1
0.827,0.884,0.921,1
0.982,0.985,0.993,0
0.976,0.976,0.992,0
0.98,0.989,0.992,0
0.972,0.986,0.99,0
0.81,0.883,0.903,1
0.831,0.906,0.912,1
0.972,0.983,0.984,0
0.83,0.876,0.927,1
0.814,0.89,0.896,1
0.837,0.886,0.922,1
0.972,0.987,0.992,0
0.968,0.989,0.987,0
0.834,0.898,0.914,1
0.832,0.894,0.91,1
0.965,0.982,0.989,0
0.84,0.897,0.91,1
0.811,0.898,0.911,1
0.837,0.893,0.905,1
0.82,0.876,0.909,1
0.979,0.977,0.99,0
0.842,0.887,0.911,1
0.819,0.881,0.914,1
0.982,0.992,0.994,0
0.81,0.88,0.911,1
0.822,0.899,0.916,1
0.975,0.981,0.989,0
0.97,0.982,0.995,0
0.839,0.897,0.914,1
0.816,0.878,0.912,1
0.843,0.868,0.906,1
0.839,0.9,0.906,1
0.805,0.882,0.917,1
0.835,0.878,0.918,1
0.834,0.886,0.91,1
0.98,0.99,0.984,0
0.829,0.896,0.903,1
0.82,0.879,0.923,1
0.978,0.992,0.99,0
0.82,0.875,0.912,1
0.837,0.887,0.921,1
0.816,0.89,0.921,1
0.96,0.986,0.991,0
0.827,0.883,0.928,1
0.974,0.988,0.986,0
0.972,0.989,0.989,0
0.822,0.892,0.897,1
0.975,0.98,0.992,0
0.975,0.978,0.987,0
0.85,0.875,0.925,1
0.97,0.983,0.992,0
0.838,0.89,0.91,1
0.827,0.885,0.917,1
0.979,0.982,0.987,0
0.81,0.883,0.899,1
0.809,0.891,0.905,1
0.98,0.988,0.982,0
0.978,0.989,0.99,0
0.819,0.875,0.901,1
0.979,0.984,0.993,0
0.971,0.985,0.981,0
0.974,0.981,0.993,0
0.822,0.887,0.909,1
0.967,0.983,0.989,0
0.982,0.985,0.986,0
0.845,0.89,0.91,1
0.822,0.878,0.92,1
0.849,0.884,0.89,1
0.98,0.985,0.989,0
0.835,0.883,0.908,1
0.796,0.902,0.904,1
0.972,0.988,0.985,0
0.824,0.899,0.905,1
0.833,0.905,0.916,1
0.987,0.98,0.986,0
0.974,0.985,0.992,0
0.978,0.994,0.99,0
0.822,0.877,0.914,1
0.829,0.886,0.904,1
0.972,0.987,0.99,0
0.982,0.988,0.987,0
0.98,0.993,0.991,0
0.825,0.889,0.913,1
0.977,0.982,0.986,0
0.826,0.877,0.916,1
0.981,0.985,0.99,0
0.84,0.889,0.907,1
0.798,0.886,0.923,1
0.979,0.986,0.992,0
0.969,0.985,0.989,0
0.979,0.987,0.994,0
0.979,0.986,0.992,0
0.969,0.99,0.991,0
0.975,0.991,0.983,0
0.974,0.982,0.988,0
0.977,0.981,0.991,0
0.82,0.879,0.909,1
0.973,0.984,0.987,0
0.823,0.913,0.927,1
0.975,0.986,0.989,0
0.974,0.985,0.988,0
0.978,0.984,0.993,0
0.837,0.881,0.907,1
0.827,0.883,0.929,1
0.816,0.901,0.914,1
0.852,0.892,0.937,1
0.963,0.981,0.993,0
0.825,0.872,0.924,1
0.977,0.982,0.993,0
0.824,0.897,0.911,1
0.976,0.989,0.992,0
0.838,0.877,0.921,1
0.971,0.993,0.988,0
0.974,0.988,0.989,0
0.975,0.991,0.985,0
0.839,0.888,0.903,1
0.828,0.885,0.927,1
0.979,0.979,0.991,0
0.979,0.988,0.995,0
0.971,0.986,0.988,0
0.837,0.885,0.904,1
0.974,0.986,0.988,0
0.821,0.882,0.899,1
0.839,0.858,0.916,1
0.823,0.883,0.909,1
0.97,0.987,0.997,0
0.831,0.901,0.9,1
0.804,0.889,0.904,1
0.846,0.887,0.909,1
0.978,0.989,0.983,0
0.801,0.912,0.938,1
0.98,0.986,0.987,0
0.979,0.986,0.987,0
0.971,0.986,0.995,0
0.975,0.978,0.993,0
0.98,0.99,0.993,0
0.973,0.987,0.986,0
0.969,0.985,0.988,0
0.971,0.985,0.989,0
0.815,0.902,0.916,1
0.831,0.895,0.913,1
0.975,0.978,0.984,0
0.836,0.882,0.929,1
0.98,0.993,0.988,0
0.974,0.987,0.986,0
0.791,0.898,0.915,1
0.976,0.986,0.988,0
0.842,0.905,0.911,1
0.972,0.987,0.991,0
0.829,0.887,0.905,1
0.982,0.985,0.989,0
0.981,0.995,0.994,0
0.969,0.983,0.991,0
0.965,0.981,0.985,0
0.976,0.986,0.992,0
0.814,0.879,0.909,1
0.815,0.881,0.913,1
0.833,0.889,0.921,1
0.821,0.882,0.905,1
0.802,0.894,0.927,1
0.832,0.888,0.911,1
0.828,0.888,0.91,1
0.824,0.872,0.904,1
0.834,0.891,0.909,1
0.974,0.988,0.989,0
0.973,0.984,0.988,0
0.806,0.889,0.915,1
0.979,0.987,0.995,0
0.976,0.985,0.983,0
0.827,0.903,0.904,1
0.975,0.991,0.995,0
0.972,0.988,0.989,0
0.819,0.893,0.914,1
0.976,0.987,0.987,0
0.83,0.895,0.92,1
0.826,0.886,0.908,1
0.826,0.893,0.918,1
0.974,0.985,0.992,0
0.825,0.871,0.91,1
0.962,0.991,0.993,0
0.975,0.988,0.992,0
0.831,0.908,0.902,1
0.826,0.884,0.911,1
0.834,0.879,0.926,1
0.826,0.9,0.908,1
0.971,0.989,0.99,0
0.972,0.984,0.988,0
0.983,0.988,0.993,0
0.832,0.882,0.911,1
0.978,0.979,0.984,0
0.977,0.985,0.992,0
0.826,0.899,0.903,1
0.976,0.98,0.987,0
0.976,0.977,0.988,0
0.98,0.986,0.989,0
0.974,0.99,0.992,0
0.849,0.886,0.919,1
0.841,0.88,0.911,1
0.827,0.871,0.909,1
0.836,0.901,0.918,1
0.976,0.989,0.987,0
0.828,0.89,0.896,1
0.975,0.981,0.994,0
0.976,0.983,0.992,0
0.972,0.983,0.99,0
0.979,0.987,0.996,0
0.834,0.88,0.917,1
0.859,0.905,0.916,1
0.969,0.986,0.983,0
0.978,0.983,0.982,0
0.822,0.894,0.92,1
0.971,0.988,0.991,0
0.824,0.873,0.914,1
0.826,0.871,0.913,1
0.976,0.987,0.985,0
0.977,0.991,0.986,0
0.838,0.879,0.909,1
0.841,0.862,0.925,1
0.81,0.878,0.919,1
0.83,0.897,0.92,1
0.955,0.988,0.993,0
0.811,0.875,0.913,1
0.981,0.993,0.993,0
0.974,0.982,0.988,0
0.833,0.9,0.883,1
0.85,0.882,0.917,1
0.838,0.88,0.908,1
0.964,0.985,0.993,0
0.977,0.981,0.985,0
0.977,0.983,0.989,0
0.978,0.991,0.983,0
0.865,0.89,0.908,1
0.972,0.983,0.991,0
0.809,0.875,0.897,1
0.828,0.899,0.919,1
0.831,0.905,0.929,1
0.981,0.987,0.988,0
0.975,0.984,0.991,0
0.976,0.988,0.985,0
0.839,0.9,0.916,1
0.965,0.991,0.989,0
0.98,0.987,0.989,0
0.836,0.89,0.905,1
0.83,0.887,0.906,1
0.971,0.988,0.99,0
0.973,0.99,0.992,0
0.974,0.986,0.989,0
0.975,0.985,0.991,0
0.977,0.985,0.988,0
0.856,0.883,0.908,1
0.834,0.882,0.924,1
0.839,0.892,0.913,1
0.965,0.981,0.991,0
0.822,0.899,0.903,1
0.968,0.99,0.982,0
0.844,0.885,0.907,1
0.968,0.99,0.981,0
0.834,0.883,0.898,1
0.971,0.993,0.987,0
0.803,0.876,0.919,1
0.966,0.987,0.989,0
0.819,0.891,0.9,1
0.981,0.983,0.986,0
0.967,0.984,0.99,0
0.827,0.887,0.914,1
0.978,0.983,0.99,0
0.979,0.984,0.987,0
0.976,0.983,0.992,0
0.799,0.898,0.913,1
0.973,0.984,0.987,0
0.832,0.868,0.912,1
0.976,0.98,0.986,0
0.975,0.986,0.988,0
0.979,0.987,0.986,0
0.972,0.99,0.986,0
0.844,0.898,0.914,1
0.832,0.873,0.916,1
0.84,0.876,0.905,1
0.971,0.986,0.991,0
0.831,0.889,0.92,1
0.979,0.987,0.99,0
0.97,0.989,0.992,0
0.829,0.892,0.921,1
0.974,0.987,0.996,0
0.973,0.985,0.99,0
0.827,0.898,0.916,1
0.828,0.889,0.92,1
0.97,0.983,0.99,0
0.843,0.885,0.913,1
0.978,0.984,0.995,0
0.975,0.988,0.99,0
0.968,0.978,0.984,0
0.978,0.984,0.981,0
0.977,0.993,0.985,0
0.831,0.888,0.902,1
0.849,0.891,0.908,1
0.974,0.997,0.985,0
0.976,0.988,0.985,0
0.971,0.986,0.993,0
0.969,0.987,0.99,0
0.83,0.903,0.917,1
0.806,0.885,0.91,1
0.977,0.983,0.989,0
0.846,0.866,0.899,1
0.807,0.891,0.91,1
0.984,0.991,0.994,0
0.974,0.99,0.987,0
0.98,0.986,0.986,0
0.818,0.899,0.918,1
0.98,0.986,0.985,0
0.816,0.882,0.912,1
0.971,0.983,0.991,0
0.819,0.902,0.908,1
0.973,0.991,0.991,0
0.817,0.881,0.912,1
0.984,0.991,0.992,0
0.823,0.889,0.928,1
0.831,0.901,0.933,1
0.826,0.886,0.926,1
0.978,0.986,0.99,0
0.974,0.987,0.994,0
0.82,0.886,0.924,1
0.972,0.983,0.99,0
0.973,0.986,0.988,0
0.848,0.89,0.908,1
0.823,0.868,0.915,1
0.973,0.985,0.99,0
0.982,0.988,0.989,0
0.982,0.984,0.992,0
0.97,0.98,0.988,0
0.828,0.899,0.904,1
0.826,0.881,0.901,1
0.834,0.89,0.912,1
0.822,0.893,0.911,1
0.827,0.901,0.905,1
0.834,0.897,0.904,1
0.965,0.983,0.986,0
0.977,0.987,0.981,0
0.976,0.995,0.994,0
0.813,0.897,0.905,1
0.837,0.88,0.906,1
0.827,0.899,0.895,1
0.974,0.986,0.991,0
0.82,0.877,0.901,1
0.976,0.985,0.986,0
0.98,0.982,0.996,0
0.835,0.905,0.918,1
0.97,0.982,0.985,0
0.976,0.979,0.994,0
0.815,0.887,0.913,1
0.838,0.878,0.911,1
0.809,0.887,0.916,1
0.975,0.991,0.985,0
0.969,0.993,0.98,0
0.847,0.895,0.912,1
0.822,0.895,0.925,1
0.98,0.985,0.984,0
0.828,0.898,0.916,1
0.985,0.99,0.992,0
0.986,0.984,0.99,0
0.833,0.879,0.902,1
0.971,0.984,0.995,0
0.81,0.91,0.915,1
0.849,0.892,0.896,1
0.816,0.89,0.914,1
0.98,0.985,0.985,0
0.975,0.982,0.989,0
0.97,0.99,0.989,0
0.973,0.987,0.982,0
0.82,0.891,0.904,1
0.823,0.898,0.919,1
0.975,0.985,0.99,0
0.976,0.989,0.989,0
0.974,0.984,0.987,0
0.821,0.881,0.909,1
0.813,0.887,0.918,1
0.979,0.977,0.994,0
0.97,0.989,0.983,0
0.978,0.984,0.989,0
0.971,0.979,0.988,0
0.842,0.869,0.911,1
0.809,0.882,0.931,1
0.818,0.895,0.917,1
0.977,0.983,0.985,0
0.849,0.878,0.899,1
0.982,0.989,0.991,0
0.819,0.887,0.924,1
0.972,0.988,0.992,0
0.975,0.993,0.991,0
0.973,0.986,0.988,0
0.816,0.877,0.9,1
0.819,0.882,0.919,1
0.984,0.986,0.995,0
0.964,0.977,0.99,0
0.974,0.991,0.991,0
0.84,0.895,0.893,1
0.972,0.982,0.99,0
0.835,0.893,0.921,1
0.822,0.886,0.921,1
0.973,0.99,0.992,0
0.974,0.988,0.987,0
0.977,0.99,0.986,0
0.836,0.893,0.904,1
0.845,0.888,0.899,1
0.841,0.88,0.906,1
0.986,0.989,0.989,0
0.972,0.98,0.984,0
0.981,0.989,0.991,0
0.828,0.898,0.913,1
0.83,0.888,0.906,1
0.977,0.987,0.988,0
0.832,0.899,0.908,1
0.817,0.9,0.902,1
0.854,0.879,0.912,1
0.98,0.987,0.992,0
0.974,0.993,0.986,0
0.977,0.979,0.991,0
0.972,0.979,0.99,0
0.824,0.904,0.905,1
0.799,0.903,0.891,1
0.97,0.99,0.991,0
0.85,0.867,0.911,1
0.972,0.987,0.986,0
0.822,0.894,0.913,1
0.839,0.884,0.918,1
0.974,0.979,0.981,0
0.838,0.883,0.898,1
0.97,0.992,0.99,0
0.976,0.987,0.986,0
0.825,0.895,0.911,1
0.831,0.902,0.915,1
0.826,0.89,0.912,1
0.973,0.988,0.991,0
0.977,0.982,0.987,0
0.827,0.892,0.91,1
0.815,0.876,0.905,1
0.867,0.894,0.925,1
0.976,0.989,0.985,0
0.84,0.892,0.917,1
0.976,0.981,0.989,0
0.803,0.887,0.912,1
0.972,0.99,0.995,0
0.977,0.985,0.978,0
0.978,0.985,0.994,0
0.813,0.864,0.931,1
0.973,0.985,0.995,0
0.838,0.895,0.907,1
0.98,0.989,0.989,0
0.842,0.887,0.923,1
0.841,0.886,0.913,1
0.801,0.873,0.909,1
0.984,0.985,0.986,0
0.975,0.988,0.986,0
0.965,0.98,0.991,0
0.838,0.882,0.915,1
0.983,0.989,0.984,0
0.981,0.984,0.992,0
0.976,0.987,0.992,0
0.973,0.981,0.992,0
0.856,0.893,0.918,1
0.814,0.875,0.915,1
0.822,0.877,0.901,1
0.975,0.987,0.988,0
0.978,0.982,0.992,0
0.974,0.985,0.989,0
0.833,0.878,0.911,1
0.819,0.888,0.914,1
0.973,0.991,0.988,0
0.967,0.99,0.986,0
0.973,0.987,0.988,0
0.977,0.987,0.996,0
0.812,0.888,0.912,1
0.974,0.987,0.988,0
0.97,0.989,0.991,0
0.822,0.878,0.89,1
0.826,0.895,0.905,1
0.832,0.898,0.897,1
0.97,0.99,0.986,0
0.985,0.99,0.985,0
0.835,0.886,0.909,1
0.984,0.985,0.984,0
0.967,0.983,0.985,0
0.984,0.984,0.991,0
0.847,0.908,0.917,1
0.978,0.983,0.992,0
0.978,0.988,0.988,0
0.974,0.973,0.99,0
0.976,0.984,0.99,0
0.826,0.89,0.921,1
0.833,0.862,0.912,1
0.811,0.886,0.916,1
0.837,0.893,0.914,1
0.976,0.982,0.99,0
0.802,0.891,0.91,1
0.828,0.869,0.917,1
0.98,0.987,0.987,0
0.821,0.868,0.901,1
0.975,0.982,0.992,0
0.98,0.988,0.988,0
0.976,0.985,0.99,0
0.971,0.986,0.988,0
0.97,0.989,0.993,0
0.965,0.985,0.99,0
0.819,0.902,0.899,1
0.829,0.877,0.905,1
0.973,0.989,0.986,0
0.972,0.989,0.989,0
0.823,0.892,0.904,1
0.825,0.894,0.898,1
0.967,0.983,0.992,0
0.846,0.893,0.916,1
0.98,0.986,0.992,0
0.98,0.988,0.991,0
0.83,0.892,0.936,1
0.971,0.99,0.983,0
0.837,0.867,0.918,1
0.967,0.984,0.989,0
0.975,0.979,0.989,0
0.824,0.892,0.908,1
0.837,0.892,0.911,1
0.977,0.984,0.993,0
0.83,0.893,0.908,1
0.841,0.878,0.914,1
0.975,0.987,0.989,0
0.971,0.985,0.988,0
0.98,0.981,0.991,0
0.975,0.986,0.988,0
0.972,0.982,0.994,0
0.846,0.886,0.916,1
0.836,0.883,0.896,1
0.822,0.888,0.901,1
0.818,0.881,0.9,1
0.846,0.893,0.911,1
0.824,0.902,0.912,1
0.829,0.879,0.908,1
0.968,0.984,0.991,0
0.973,0.989,0.993,0
0.829,0.87,0.91,1
0.969,0.987,0.985,0
0.979,0.983,0.993,0
0.837,0.875,0.905,1
0.832,0.895,0.908,1
0.838,0.896,0.902,1
0.837,0.877,0.937,1
0.969,0.989,0.993,0
0.828,0.898,0.92,1
0.978,0.991,0.991,0
0.831,0.899,0.932,1
0.819,0.887,0.905,1
0.847,0.919,0.918,1
0.967,0.989,0.99,0
0.966,0.986,0.991,0
0.974,0.983,0.994,0
0.978,0.992,0.99,0
0.818,0.89,0.901,1
0.836,0.873,0.906,1
0.815,0.872,0.921,1
0.97,0.988,0.992,0
0.835,0.897,0.911,1
0.819,0.891,0.918,1
0.986,0.99,0.989,0
0.971,0.984,0.997,0
0.827,0.882,0.897,1
0.821,0.883,0.905,1
0.969,0.988,0.987,0
0.959,0.985,0.989,0
0.829,0.88,0.916,1
0.973,0.99,0.994,0
0.975,0.988,0.992,0
0.838,0.87,0.911,1
0.977,0.987,0.993,0
0.826,0.903,0.902,1
0.832,0.886,0.911,1
0.836,0.909,0.92,1
0.974,0.983,0.99,0
0.97,0.984,0.985,0
0.824,0.874,0.919,1
0.82,0.901,0.906,1
0.973,0.984,0.993,0
0.823,0.869,0.899,1
0.979,0.991,0.989,0
0.974,0.985,0.987,0
0.964,0.982,0.988,0
0.83,0.883,0.911,1
0.975,0.987,0.995,0
0.83,0.898,0.92,1
0.974,0.99,0.991,0
0.823,0.89,0.92,1
0.972,0.985,0.993,0
0.969,0.992,0.989,0
0.99,0.981,0.99,0
0.822,0.893,0.909,1
0.83,0.916,0.895,1
0.838,0.897,0.911,1
0.972,0.986,0.993,0
0.971,0.985,0.992,0
0.979,0.988,0.989,0
0.978,0.988,0.986,0
0.979,0.995,0.986,0
0.98,0.99,0.996,0
0.982,0.981,0.994,0
0.828,0.894,0.907,1
0.831,0.894,0.895,1
0.83,0.874,0.916,1
0.833,0.897,0.9,1
0.978,0.986,0.992,0
0.84,0.891,0.924,1
0.853,0.873,0.918,1
0.789,0.893,0.899,1
0.972,0.988,0.987,0
0.966,0.983,0.991,0
0.834,0.88,0.908,1
0.977,0.985,0.992,0
0.815,0.877,0.913,1
0.837,0.889,0.917,1
0.97,0.988,0.983,0
0.84,0.882,0.922,1
0.974,0.987,0.984,0
0.975,0.986,0.991,0
0.98,0.992,0.986,0
0.835,0.881,0.916,1
0.826,0.9,0.918,1
0.814,0.887,0.9,1
0.841,0.906,0.914,1
0.838,0.892,0.915,1
0.835,0.879,0.919,1
0.831,0.885,0.916,1
0.825,0.878,0.902,1
0.975,0.982,0.985,0
0.83,0.903,0.915,1
0.973,0.983,0.993,0
0.972,0.983,0.988,0
0.836,0.9,0.924,1
0.81,0.894,0.922,1
0.967,0.989,0.991,0
0.976,0.985,0.982,0
0.971,0.986,0.989,0
0.824,0.885,0.907,1
0.975,0.991,0.991,0
0.823,0.88,0.901,1
0.838,0.894,0.924,1
0.812,0.865,0.913,1
0.979,0.984,0.993,0
0.978,0.985,0.987,0
0.98,0.981,0.986,0
0.977,0.981,0.988,0
0.97,0.983,0.981,0
0.825,0.888,0.909,1
0.833,0.877,0.911,1
0.97,0.977,0.987,0
0.975,0.997,0.988,0
0.83,0.884,0.902,1
0.979,0.989,0.989,0
0.98,0.991,0.992,0
0.836,0.879,0.917,1
0.826,0.908,0.908,1
0.983,0.989,0.989,0
0.814,0.899,0.914,1
0.835,0.898,0.906,1
0.983,0.982,0.986,0
0.982,0.992,0.983,0
0.803,0.894,0.908,1
0.975,0.987,0.995,0
0.98,0.984,0.993,0
0.985,0.988,0.984,0
0.981,0.988,0.991,0
0.828,0.91,0.914,1
0.98,0.983,0.987,0
0.837,0.894,0.924,1
0.968,0.985,0.979,0
0.978,0.984,0.99,0
0.844,0.886,0.909,1
0.975,0.982,0.983,0
0.979,0.989,0.99,0
0.824,0.867,0.913,1
0.98,0.987,0.987,0
0.982,0.988,0.99,0
0.803,0.878,0.915,1
0.83,0.879,0.928,1
0.979,0.978,0.992,0
0.821,0.874,0.908,1
0.979,0.989,0.989,0
0.983,0.981,0.989,0
0.855,0.88,0.924,1
0.974,0.985,0.984,0
0.97,0.992,0.986,0
0.839,0.882,0.909,1
0.975,0.985,0.989,0
0.835,0.886,0.911,1
0.821,0.879,0.912,1
0.837,0.883,0.898,1
0.976,0.981,0.985,0
0.837,0.904,0.916,1
0.975,0.983,0.988,0
0.84,0.907,0.914,1
0.819,0.892,0.908,1
0.966,0.992,0.99,0
0.841,0.872,0.912,1
0.843,0.89,0.916,1
0.974,0.989,0.988,0
0.82,0.885,0.902,1
0.824,0.892,0.913,1
0.977,0.994,0.991,0
0.847,0.899,0.913,1
0.819,0.883,0.917,1
0.979,0.988,0.988,0
0.972,0.991,0.993,0
0.975,0.992,0.987,0
0.829,0.897,0.897,1
0.972,0.985,0.989,0
0.978,0.991,0.991,0
0.839,0.905,0.902,1
0.812,0.89,0.903,1
0.972,0.989,0.993,0
0.827,0.882,0.931,1
0.967,0.987,0.984,0
0.97,0.986,0.989,0
0.973,0.982,0.989,0
0.816,0.877,0.923,1
0.8,0.879,0.901,1
0.818,0.895,0.911,1
0.839,0.884,0.903,1
0.974,0.989,0.991,0
0.984,0.984,0.988,0
0.843,0.895,0.898,1
0.969,0.985,0.99,0
0.97,0.989,0.993,0
0.814,0.892,0.914,1
0.973,0.989,0.99,0
0.982,0.98,0.988,0
0.98,0.986,0.986,0
0.981,0.984,0.991,0
0.979,0.979,0.988,0
0.975,0.981,0.985,0
0.828,0.895,0.911,1
0.809,0.887,0.914,1
0.833,0.884,0.917,1
0.971,0.991,0.989,0
0.832,0.889,0.893,1
0.825,0.893,0.911,1
0.982,0.987,0.994,0
0.846,0.89,0.94,1
0.974,0.985,0.989,0
0.819,0.893,0.912,1
0.978,0.985,0.99,0
0.98,0.987,0.994,0
0.969,0.992,0.99,0
0.825,0.881,0.917,1
0.82,0.887,0.91,1
0.969,0.986,0.992,0
0.975,0.983,0.988,0
0.973,0.983,0.987,0
0.973,0.987,0.985,0
0.971,0.978,0.991,0
0.826,0.897,0.92,1
0.822,0.885,0.92,1
0.843,0.876,0.915,1
0.974,0.991,0.993,0
0.97,0.984,0.985,0
0.838,0.88,0.895,1
0.982,0.987,0.987,0
0.842,0.88,0.912,1
0.979,0.988,0.986,0
0.978,0.984,0.987,0
0.834,0.896,0.908,1
0.974,0.987,0.992,0
0.834,0.898,0.917,1
0.822,0.877,0.921,1
0.841,0.873,0.918,1
0.825,0.878,0.914,1
0.821,0.876,0.927,1
0.832,0.879,0.927,1
0.972,0.986,0.989,0
0.853,0.88,0.914,1
0.973,0.986,0.985,0
0.979,0.982,0.984,0
0.975,0.99,0.984,0
0.839,0.885,0.916,1
0.978,0.989,0.993,0
0.821,0.886,0.908,1
0.834,0.89,0.922,1
0.978,0.987,0.981,0
0.83,0.88,0.917,1
0.977,0.984,0.987,0
0.964,0.989,0.992,0
0.834,0.886,0.92,1
0.973,0.99,0.993,0
0.977,0.985,0.991,0
0.973,0.989,0.982,0
0.825,0.872,0.898,1
0.825,0.899,0.912,1
0.97,0.982,0.991,0
0.973,0.985,0.991,0
0.987,0.981,0.987,0
0.977,0.987,0.989,0
0.976,0.992,0.99,0
0.976,0.985,0.984,0
0.976,0.983,0.986,0
0.973,0.988,0.986,0
0.833,0.887,0.921,1
0.977,0.98,0.994,0
0.787,0.892,0.92,1
0.827,0.893,0.92,1
0.972,0.986,0.993,0
0.982,0.987,0.99,0
0.836,0.887,0.91,1
0.854,0.893,0.915,1
0.975,0.989,0.992,0
0.834,0.876,0.913,1
0.835,0.895,0.911,1
0.978,0.985,0.983,0
0.815,0.886,0.93,1
0.837,0.874,0.905,1
0.817,0.879,0.916,1
0.976,0.983,0.987,0
0.818,0.876,0.914,1
0.977,0.983,0.989,0
0.981,0.984,0.993,0
0.983,0.988,0.988,0
0.833,0.902,0.913,1
0.831,0.88,0.922,1
0.982,0.988,0.994,0
0.824,0.883,0.91,1
0.97,0.993,0.991,0
0.976,0.987,0.994,0
0.98,0.988,0.992,0
0.97,0.989,0.987,0
0.97,0.984,0.992,0
0.822,0.881,0.91,1
0.839,0.886,0.921,1
0.968,0.983,0.989,0
0.972,0.987,0.985,0
0.973,0.985,0.989,0
0.821,0.907,0.935,1
0.829,0.896,0.919,1
0.976,0.989,0.99,0
0.971,0.988,0.989,0
0.974,0.985,0.989,0
0.81,0.892,0.911,1
0.823,0.892,0.919,1
0.989,0.987,0.989,0
0.851,0.887,0.912,1
0.971,0.985,0.993,0
0.835,0.894,0.921,1
0.838,0.908,0.913,1
0.82,0.898,0.91,1
0.972,0.987,0.991,0
0.978,0.981,0.99,0
0.979,0.988,0.994,0
0.821,0.88,0.905,1
0.973,0.987,0.99,0
0.971,0.982,0.988,0
0.832,0.896,0.904,1
0.827,0.882,0.927,1
0.846,0.871,0.913,1
0.983,0.989,0.986,0
0.977,0.985,0.991,0
0.836,0.879,0.918,1
0.829,0.881,0.906,1
0.98,0.985,0.985,0
0.971,0.99,0.987,0
0.826,0.886,0.907,1
0.836,0.886,0.919,1
0.974,0.98,0.992,0
0.828,0.9,0.91,1
0.836,0.883,0.92,1
0.83,0.892,0.919,1
0.823,0.884,0.911,1
0.842,0.91,0.892,1
0.802,0.903,0.927,1
0.843,0.873,0.917,1
0.823,0.902,0.917,1
0.97,0.982,0.987,0
0.972,0.988,0.982,0
0.825,0.896,0.914,1
0.977,0.987,0.992,0
0.8,0.896,0.918,1
0.98,0.988,0.993,0
0.972,0.987,0.985,0
0.841,0.884,0.913,1
0.978,0.982,0.989,0
0.983,0.984,0.987,0
0.828,0.884,0.914,1
0.972,0.984,0.988,0
0.972,0.987,0.993,0
0.832,0.892,0.907,1
0.83,0.886,0.915,1
0.831,0.893,0.906,1
0.813,0.878,0.916,1
0.831,0.891,0.917,1
0.98,0.987,0.994,0
0.981,0.985,0.989,0
0.974,0.994,0.99,0
0.833,0.895,0.922,1
0.812,0.888,0.911,1
0.824,0.886,0.91,1
0.967,0.984,0.99,0
0.97,0.988,0.988,0
0.979,0.987,0.988,0
0.98,0.987,0.988,0
0.827,0.873,0.921,1
0.806,0.899,0.928,1
0.967,0.991,0.992,0
0.807,0.89,0.914,1
0.971,0.978,0.99,0
0.812,0.887,0.915,1
0.973,0.984,0.991,0
0.984,0.988,0.985,0
0.971,0.987,0.989,0
0.98,0.986,0.986,0
0.827,0.882,0.904,1
0.976,0.985,0.988,0
0.802,0.885,0.912,1
0.974,0.988,0.985,0
0.977,0.986,0.993,0
0.843,0.887,0.908,1
0.839,0.879,0.903,1
0.975,0.981,0.985,0
0.979,0.984,0.992,0
0.983,0.99,0.982,0
0.969,0.991,0.985,0
0.977,0.988,0.99,0
0.823,0.904,0.914,1
0.977,0.99,0.992,0
0.965,0.987,0.985,0
0.98,0.982,0.993,0
0.822,0.894,0.906,1
0.976,0.989,0.988,0
0.827,0.89,0.916,1
0.831,0.882,0.91,1
0.977,0.989,0.99,0
0.833,0.882,0.912,1
0.81,0.879,0.91,1
0.82,0.887,0.904,1
0.835,0.904,0.906,1
0.965,0.989,0.994,0
0.977,0.99,0.99,0
0.971,0.987,0.99,0
0.84,0.903,0.902,1
0.98,0.988,0.989,0
0.979,0.983,0.987,0
0.98,0.985,0.991,0
0.823,0.885,0.899,1
0.832,0.916,0.91,1
0.979,0.981,0.989,0
0.979,0.984,0.99,0
0.836,0.889,0.907,1
0.852,0.886,0.896,1
0.965,0.985,0.995,0
0.974,0.992,0.988,0
0.977,0.983,0.987,0
0.827,0.883,0.911,1
0.85,0.877,0.919,1
0.834,0.885,0.913,1
0.82,0.889,0.925,1
0.969,0.989,0.994,0
0.831,0.899,0.92,1
0.968,0.985,0.988,0
0.826,0.87,0.905,1
0.837,0.894,0.909,1
0.832,0.912,0.9,1
0.976,0.99,0.983,0
0.801,0.883,0.917,1
0.808,0.898,0.914,1
0.836,0.896,0.899,1
0.984,0.98,0.989,0
0.977,0.985,0.991,0
0.976,0.988,0.98,0
0.815,0.886,0.897,1
0.976,0.986,0.987,0
0.977,0.983,0.981,0
0.984,0.983,0.989,0
0.974,0.989,0.99,0
0.977,0.985,0.988,0
0.971,0.982,0.99,0
0.843,0.893,0.903,1
0.97,0.99,0.993,0
0.977,0.992,0.993,0
0.827,0.897,0.907,1
0.823,0.881,0.924,1
0.979,0.985,0.986,0
0.816,0.898,0.914,1
0.831,0.905,0.898,1
0.819,0.866,0.915,1
0.835,0.883,0.923,1
0.974,0.982,0.984,0
0.812,0.882,0.929,1
0.975,0.988,0.988,0
0.975,0.983,0.99,0
0.971,0.984,0.99,0
0.81,0.883,0.898,1
0.801,0.899,0.911,1
0.832,0.902,0.921,1
0.977,0.987,0.99,0
0.972,0.986,0.985,0
0.979,0.983,0.989,0
0.976,0.985,0.99,0
0.82,0.888,0.891,1
0.838,0.883,0.904,1
0.958,0.99,0.987,0
0.977,0.985,0.987,0
0.826,0.896,0.927,1
0.981,0.982,0.988,0
0.963,0.991,0.982,0
0.963,0.989,0.99,0
0.816,0.893,0.926,1
0.81,0.889,0.899,1
0.98,0.988,0.99,0
0.977,0.984,0.982,0
0.972,0.984,0.99,0
0.822,0.894,0.902,1
0.821,0.898,0.92,1
0.978,0.977,0.988,0
0.831,0.878,0.906,1
0.831,0.903,0.91,1
0.827,0.886,0.898,1
0.83,0.875,0.895,1
0.819,0.898,0.926,1
0.83,0.897,0.923,1
0.985,0.987,0.992,0
0.815,0.882,0.916,1
0.827,0.883,0.905,1
0.821,0.904,0.912,1
0.971,0.982,0.988,0
0.98,0.979,0.989,0
0.984,0.992,0.996,0
0.825,0.888,0.921,1
0.981,0.989,0.991,0
0.814,0.889,0.916,1
0.97,0.992,0.985,0
0.842,0.899,0.914,1
0.811,0.884,0.927,1
0.845,0.888,0.905,1
0.826,0.882,0.918,1
0.97,0.981,0.99,0
0.834,0.883,0.925,1
0.827,0.9,0.917,1
0.841,0.868,0.911,1
0.976,0.982,0.987,0
0.826,0.894,0.907,1
0.973,0.987,0.991,0
0.981,0.985,0.991,0
0.831,0.897,0.891,1
0.972,0.983,0.99,0
0.826,0.879,0.904,1
0.974,0.982,0.992,0
0.845,0.882,0.899,1
0.975,0.991,0.99,0
0.972,0.981,0.994,0
0.839,0.901,0.927,1
0.829,0.889,0.914,1
0.985,0.987,0.991,0
0.982,0.983,0.992,0
0.974,0.987,0.99,0
0.97,0.989,0.989,0
0.838,0.887,0.905,1
0.834,0.897,0.919,1
0.82,0.892,0.92,1
0.822,0.9,0.929,1
0.835,0.881,0.923,1
0.979,0.988,0.988,0
0.979,0.983,0.99,0
0.823,0.872,0.9,1
0.843,0.9,0.922,1
0.967,0.989,0.988,0
0.816,0.87,0.917,1
0.971,0.985,0.994,0
0.836,0.896,0.911,1
0.968,0.989,0.989,0
0.974,0.987,0.991,0
0.822,0.895,0.902,1
0.841,0.9,0.923,1
0.811,0.888,0.913,1
0.977,0.991,0.992,0
0.82,0.885,0.902,1
0.833,0.876,0.914,1
0.973,0.982,0.988,0
0.983,0.988,0.993,0
0.833,0.892,0.922,1
0.977,0.979,0.993,0
0.979,0.981,0.991,0
0.838,0.895,0.906,1
0.972,0.98,0.988,0
0.975,0.992,0.986,0
0.837,0.88,0.911,1
0.982,0.99,0.992,0
0.84,0.893,0.923,1
0.824,0.871,0.918,1
0.981,0.987,0.99,0
0.968,0.992,0.989,0
0.977,0.984,0.99,0
0.976,0.984,0.99,0
0.976,0.986,0.993,0
0.83,0.89,0.924,1
0.849,0.89,0.902,1
0.976,0.985,0.989,0
0.978,0.983,0.993,0
0.969,0.988,0.992,0
0.98,0.988,0.988,0
0.858,0.892,0.917,1
0.969,0.989,0.994,0
0.975,0.987,0.994,0
0.975,0.991,0.986,0
0.976,0.98,0.984,0
0.977,0.982,0.98,0
0.838,0.9,0.907,1
0.832,0.897,0.915,1
0.833,0.899,0.892,1
0.975,0.989,0.995,0
0.836,0.892,0.915,1
0.826,0.902,0.922,1
0.825,0.883,0.916,1
0.819,0.854,0.911,1
0.959,0.984,0.987,0
0.979,0.982,0.984,0
0.974,0.99,0.984,0
0.977,0.989,0.989,0
0.971,0.989,0.986,0
0.839,0.862,0.911,1
0.964,0.99,0.994,0
0.836,0.89,0.901,1
0.829,0.897,0.921,1
0.832,0.898,0.897,1
0.96,0.983,0.987,0
0.832,0.886,0.902,1
0.841,0.886,0.918,1
0.819,0.892,0.911,1
0.98,0.982,0.99,0
0.979,0.98,0.99,0
0.822,0.893,0.902,1
0.982,0.986,0.992,0
0.826,0.867,0.915,1
0.839,0.875,0.905,1
0.847,0.897,0.913,1
0.827,0.899,0.915,1
0.839,0.902,0.903,1
0.823,0.889,0.914,1
0.974,0.981,0.992,0
0.814,0.893,0.916,1
0.972,0.983,0.992,0
0.816,0.884,0.906,1
0.978,0.986,0.988,0
0.827,0.89,0.908,1
0.976,0.986,0.992,0
0.971,0.987,0.988,0
0.811,0.901,0.928,1
0.978,0.984,0.988,0
0.823,0.878,0.902,1
0.826,0.877,0.906,1
0.839,0.892,0.91,1
0.825,0.892,0.913,1
0.97,0.986,0.995,0
0.834,0.868,0.921,1
0.828,0.88,0.924,1
0.839,0.873,0.913,1
0.827,0.908,0.895,1
0.828,0.903,0.918,1
0.825,0.891,0.927,1
0.968,0.985,0.984,0
0.973,0.978,0.993,0
0.823,0.88,0.909,1
0.973,0.984,0.993,0
0.976,0.984,0.983,0
0.975,0.983,0.985,0
0.982,0.99,0.991,0
0.982,0.982,0.989,0
0.976,0.99,0.988,0
0.828,0.895,0.919,1
0.964,0.983,0.984,0
0.978,0.981,0.992,0
0.831,0.885,0.916,1
0.979,0.988,0.986,0
0.98,0.981,0.986,0
0.979,0.986,0.995,0
0.967,0.986,0.985,0
0.971,0.993,0.991,0
0.976,0.986,0.991,0
0.811,0.886,0.913,1
0.97,0.985,0.991,0
0.838,0.893,0.915,1
0.819,0.896,0.917,1
0.982,0.979,0.986,0
0.972,0.984,0.994,0
0.833,0.897,0.914,1
0.832,0.885,0.926,1
0.98,0.98,0.99,0
0.84,0.875,0.898,1
0.796,0.884,0.913,1
0.827,0.879,0.899,1
0.816,0.891,0.93,1
0.965,0.992,0.983,0
0.82,0.879,0.924,1
0.807,0.877,0.905,1
0.982,0.986,0.987,0
0.979,0.988,0.989,0
0.822,0.89,0.915,1
0.828,0.895,0.914,1
0.826,0.871,0.912,1
0.849,0.898,0.914,1
0.827,0.895,0.918,1
0.966,0.989,0.989,0
0.983,0.991,0.988,0
0.827,0.884,0.906,1
0.979,0.986,0.986,0
0.983,0.989,0.988,0
0.84,0.893,0.923,1
0.841,0.887,0.926,1
0.829,0.884,0.903,1
0.819,0.883,0.928,1
0.837,0.902,0.915,1
0.976,0.99,0.994,0
0.839,0.893,0.917,1
0.85,0.888,0.914,1
0.842,0.871,0.908,1
0.837,0.886,0.904,1
0.831,0.873,0.913,1
0.849,0.892,0.913,1
0.827,0.877,0.91,1
0.98,0.978,0.992,0
0.837,0.894,0.915,1
0.981,0.987,0.987,0
0.977,0.985,0.987,0
0.974,0.993,0.991,0
0.847,0.897,0.921,1
0.97,0.986,0.994,0
0.843,0.906,0.907,1
0.967,0.992,0.991,0
0.976,0.983,0.992,0
0.815,0.899,0.914,1
0.972,0.99,0.99,0
0.844,0.88,0.912,1
0.829,0.881,0.911,1
0.981,0.987,0.986,0
0.978,0.992,0.993,0
0.98,0.991,0.988,0
0.829,0.897,0.917,1
0.981,0.984,0.988,0
0.829,0.876,0.899,1
0.834,0.89,0.897,1
0.974,0.978,0.991,0
0.976,0.986,0.99,0
0.832,0.875,0.908,1
0.772,0.879,0.906,1
0.976,0.985,0.981,0
0.801,0.883,0.92,1
0.981,0.982,0.986,0
0.816,0.895,0.912,1
0.843,0.888,0.905,1
0.829,0.904,0.912,1
0.975,0.984,0.993,0
0.976,0.992,0.982,0
0.82,0.878,0.92,1
0.971,0.984,0.992,0
0.974,0.983,0.992,0
0.826,0.883,0.915,1
0.815,0.877,0.909,1
0.828,0.892,0.913,1
0.845,0.904,0.928,1
0.829,0.885,0.912,1
0.972,0.985,0.989,0
0.978,0.982,0.987,0
0.97,0.99,0.99,0
0.967,0.985,0.99,0
0.974,0.983,0.989,0
0.829,0.878,0.912,1
0.967,0.982,0.99,0
0.829,0.883,0.895,1
0.846,0.9,0.902,1
0.833,0.903,0.908,1
0.844,0.864,0.908,1
0.83,0.877,0.905,1
0.975,0.987,0.989,0
0.976,0.99,0.991,0
0.825,0.904,0.908,1
0.84,0.9,0.915,1
0.979,0.98,0.993,0
0.976,0.988,0.982,0
0.974,0.991,0.991,0
0.837,0.886,0.907,1
0.977,0.989,0.988,0
0.974,0.98,0.99,0
0.967,0.988,0.993,0
0.825,0.896,0.928,1
0.979,0.988,0.987,0
0.842,0.901,0.914,1
0.984,0.981,0.993,0
0.977,0.987,0.99,0
0.975,0.983,0.991,0
0.973,0.987,0.991,0
0.977,0.988,0.99,0
0.971,0.979,0.993,0
0.838,0.88,0.91,1
0.837,0.896,0.917,1
0.977,0.98,0.99,0
0.97,0.993,0.99,0
0.979,0.984,0.988,0
0.831,0.879,0.925,1
0.834,0.892,0.917,1
0.969,0.986,0.984,0
0.963,0.987,0.994,0
0.83,0.899,0.914,1
0.971,0.985,0.993,0
0.822,0.893,0.902,1
0.828,0.889,0.918,1
0.971,0.989,0.985,0
0.814,0.9,0.897,1
0.97,0.989,0.991,0
0.825,0.89,0.926,1
0.98,0.985,0.989,0
0.973,0.986,0.987,0
0.833,0.898,0.908,1
0.978,0.984,0.988,0
0.971,0.981,0.992,0
0.816,0.894,0.929,1
0.816,0.891,0.919,1
0.978,0.979,0.992,0
0.972,0.986,0.988,0
0.983,0.984,0.989,0
0.825,0.866,0.926,1
0.83,0.907,0.914,1
0.97,0.987,0.992,0
0.97,0.992,0.986,0
0.983,0.982,0.994,0
0.832,0.881,0.898,1
0.972,0.988,0.993,0
0.831,0.894,0.901,1
0.979,0.99,0.991,0
0.841,0.901,0.915,1
0.968,0.985,0.984,0
0.825,0.892,0.898,1
0.974,0.987,0.987,0
0.976,0.988,0.987,0
0.97,0.99,0.99,0
0.984,0.989,0.99,0
0.838,0.888,0.922,1
0.85,0.901,0.908,1
0.842,0.899,0.913,1
0.972,0.984,0.984,0
0.976,0.982,0.994,0
0.834,0.892,0.912,1
0.826,0.889,0.896,1
0.977,0.983,0.991,0
0.972,0.992,0.99,0
0.98,0.983,0.994,0
0.981,0.99,0.985,0
0.982,0.982,0.989,0
0.813,0.879,0.919,1
0.971,0.986,0.988,0
0.97,0.988,0.988,0
0.973,0.985,0.991,0
0.825,0.903,0.904,1
0.833,0.89,0.909,1
0.824,0.889,0.907,1
0.817,0.877,0.907,1
0.813,0.891,0.919,1
0.823,0.897,0.903,1
0.823,0.89,0.932,1
0.843,0.874,0.911,1
0.982,0.988,0.989,0
0.821,0.877,0.912,1
0.823,0.89,0.928,1
0.818,0.874,0.915,1
0.837,0.898,0.912,1
0.845,0.895,0.899,1
0.845,0.89,0.91,1
0.967,0.988,0.99,0
0.823,0.887,0.915,1
0.985,0.989,0.99,0
0.981,0.985,0.99,0
0.977,0.979,0.996,0
0.963,0.989,0.984,0
0.981,0.99,0.988,0
0.964,0.984,0.992,0
0.978,0.986,0.99,0
0.827,0.887,0.919,1
0.842,0.896,0.913,1
0.978,0.986,0.986,0
0.97,0.985,0.993,0
0.833,0.888,0.9,1
0.974,0.983,0.989,0
0.809,0.885,0.901,1
0.978,0.985,0.99,0
0.797,0.889,0.911,1
0.824,0.881,0.922,1
0.979,0.987,0.99,0
0.978,0.984,0.987,0
0.978,0.987,0.989,0
0.826,0.894,0.908,1
0.818,0.882,0.922,1
0.98,0.99,0.988,0
0.982,0.982,0.984,0
0.835,0.896,0.904,1
0.821,0.888,0.886,1
0.83,0.892,0.923,1
0.797,0.898,0.908,1
0.979,0.986,0.986,0
0.846,0.9,0.914,1
0.825,0.893,0.921,1
0.825,0.88,0.926,1
0.835,0.882,0.913,1
0.973,0.986,0.992,0
0.842,0.879,0.922,1
0.857,0.889,0.904,1
0.982,0.988,0.992,0
0.975,0.986,0.988,0
0.982,0.992,0.993,0
0.971,0.987,0.988,0
0.975,0.985,0.989,0
0.974,0.986,0.993,0
0.971,0.986,0.988,0
0.981,0.984,0.993,0
0.828,0.885,0.915,1
0.829,0.885,0.919,1
0.974,0.987,0.988,0
0.829,0.883,0.905,1
0.978,0.984,0.985,0
0.837,0.902,0.915,1
0.804,0.899,0.922,1
0.976,0.976,0.985,0
0.83,0.87,0.91,1
0.983,0.988,0.992,0
0.971,0.989,0.992,0
0.839,0.894,0.918,1
0.972,0.989,0.99,0
0.834,0.903,0.915,1
0.975,0.988,0.987,0
0.819,0.896,0.903,1
0.976,0.989,0.989,0
0.974,0.988,0.987,0
0.819,0.895,0.916,1
0.975,0.986,0.988,0
0.827,0.891,0.906,1
0.974,0.987,0.997,0
0.825,0.893,0.908,1
0.974,0.986,0.989,0
0.966,0.988,0.988,0
0.981,0.984,0.985,0
0.842,0.892,0.903,1
0.845,0.882,0.91,1
0.832,0.89,0.913,1
0.826,0.894,0.911,1
0.813,0.877,0.929,1
0.854,0.905,0.907,1
0.981,0.985,0.991,0
0.827,0.871,0.896,1
0.829,0.898,0.914,1
0.817,0.883,0.923,1
0.835,0.893,0.919,1
0.831,0.895,0.914,1
0.842,0.883,0.914,1
0.969,0.986,0.986,0
0.981,0.987,0.994,0
0.977,0.992,0.992,0
0.978,0.986,0.99,0
0.821,0.891,0.913,1
0.972,0.985,0.985,0
0.975,0.988,0.993,0
0.826,0.897,0.909,1
0.983,0.988,0.992,0
0.832,0.903,0.918,1
0.976,0.986,0.993,0
0.982,0.985,0.989,0
0.823,0.898,0.929,1
0.846,0.886,0.907,1
0.983,0.982,0.991,0
0.831,0.897,0.91,1
0.97,0.988,0.99,0
0.973,0.987,0.986,0
0.846,0.887,0.919,1
0.972,0.99,0.984,0
0.835,0.888,0.917,1
0.978,0.99,0.987,0
0.976,0.986,0.99,0
0.974,0.98,0.989,0
0.831,0.889,0.918,1
0.822,0.895,0.917,1
0.961,0.984,0.986,0
0.978,0.985,0.991,0
0.813,0.883,0.921,1
0.975,0.987,0.993,0
0.975,0.984,0.99,0
0.825,0.886,0.899,1
0.972,0.982,0.991,0
0.83,0.901,0.908,1
0.975,0.985,0.99,0
0.983,0.984,0.987,0
0.979,0.988,0.985,0
0.821,0.893,0.913,1
0.81,0.881,0.904,1
0.977,0.99,0.99,0
0.818,0.897,0.903,1
0.977,0.984,0.989,0
0.979,0.99,0.992,0
0.846,0.89,0.911,1
0.975,0.99,0.989,0
0.974,0.989,0.99,0
0.807,0.881,0.903,1
0.825,0.885,0.911,1
0.974,0.987,0.986,0
0.806,0.89,0.924,1
0.835,0.919,0.914,1
0.811,0.879,0.913,1
0.966,0.981,0.985,0
0.821,0.882,0.918,1
0.83,0.897,0.906,1
0.835,0.876,0.9,1
0.853,0.897,0.913,1
0.831,0.902,0.893,1
0.973,0.983,0.992,0
0.962,0.983,0.993,0
0.98,0.987,0.99,0
0.969,0.98,0.985,0
0.813,0.895,0.916,1
0.976,0.992,0.992,0
0.979,0.985,0.991,0
0.977,0.99,0.99,0
0.811,0.888,0.908,1
0.833,0.893,0.925,1
0.831,0.9,0.916,1
0.969,0.992,0.993,0
0.975,0.988,0.991,0
0.986,0.983,0.989,0
0.979,0.983,0.994,0
0.815,0.9,0.921,1
0.975,0.985,0.993,0
0.848,0.889,0.915,1
0.971,0.99,0.992,0
0.84,0.872,0.912,1
0.977,0.983,0.99,0
0.979,0.971,0.992,0
0.968,0.989,0.986,0
0.973,0.99,0.991,0
0.809,0.9,0.915,1
0.971,0.989,0.988,0
0.979,0.982,0.984,0
0.977,0.987,0.979,0
0.843,0.895,0.918,1
0.831,0.88,0.906,1
0.836,0.893,0.91,1
0.817,0.886,0.913,1
0.976,0.985,0.989,0
0.973,0.98,0.988,0
0.83,0.882,0.908,1
0.974,0.983,0.987,0
0.855,0.911,0.92,1
0.846,0.888,0.895,1
0.974,0.99,0.996,0
0.974,0.993,0.989,0
0.974,0.99,0.989,0
0.971,0.987,0.99,0
0.842,0.885,0.907,1
0.837,0.878,0.917,1
0.823,0.888,0.917,1
0.976,0.985,0.991,0
0.837,0.879,0.907,1
0.847,0.89,0.911,1
0.973,0.986,0.991,0
0.841,0.889,0.903,1
0.971,0.981,0.994,0
0.977,0.983,0.987,0
0.832,0.908,0.895,1
0.978,0.986,0.991,0
0.981,0.984,0.99,0
0.858,0.889,0.914,1
0.97,0.99,0.985,0
0.835,0.901,0.921,1
0.977,0.984,0.989,0
0.972,0.981,0.992,0
0.815,0.884,0.895,1
0.983,0.988,0.99,0
0.975,0.985,0.985,0
0.818,0.887,0.92,1
0.971,0.984,0.99,0
0.985,0.985,0.993,0
0.983,0.988,0.99,0
0.976,0.98,0.991,0
0.973,0.994,0.988,0
0.837,0.897,0.919,1
0.989,0.981,0.987,0
0.977,0.987,0.985,0
0.982,0.989,0.993,0
0.973,0.985,0.993,0
0.973,0.992,0.988,0
0.815,0.896,0.91,1
0.844,0.891,0.929,1
0.975,0.984,0.99,0
0.821,0.899,0.912,1
0.977,0.987,0.99,0
0.833,0.883,0.903,1
0.978,0.989,0.988,0
0.969,0.985,0.989,0
0.82,0.876,0.916,1
0.973,0.982,0.985,0
0.98,0.989,0.991,0
0.978,0.987,0.991,0
0.813,0.899,0.923,1
0.97,0.983,0.991,0
0.822,0.887,0.902,1
0.833,0.894,0.911,1
0.969,0.988,0.992,0
0.975,0.987,0.991,0
0.815,0.87,0.921,1
0.972,0.987,0.988,0
0.978,0.985,0.993,0
0.841,0.883,0.903,1
0.81,0.893,0.899,1
0.823,0.886,0.899,1
0.976,0.982,0.985,0
0.973,0.986,0.986,0
0.972,0.979,0.989,0
0.821,0.879,0.898,1
0.975,0.989,0.991,0
0.973,0.989,0.991,0
0.817,0.892,0.901,1
0.828,0.89,0.914,1
0.837,0.892,0.925,1
0.972,0.989,0.987,0
0.838,0.901,0.9,1
0.831,0.89,0.908,1
0.974,0.984,0.989,0
0.807,0.867,0.901,1
0.969,0.99,0.99,0
0.976,0.988,0.987,0
0.832,0.893,0.905,1
0.828,0.888,0.913,1
0.847,0.877,0.907,1
0.975,0.983,0.994,0
0.969,0.985,0.991,0
0.974,0.983,0.99,0
0.823,0.89,0.921,1
0.973,0.983,0.987,0
0.977,0.983,0.989,0
0.982,0.99,0.985,0
0.842,0.899,0.931,1
0.821,0.882,0.906,1
0.975,0.99,0.991,0
0.98,0.985,0.991,0
0.982,0.988,0.991,0
0.84,0.886,0.912,1
0.854,0.902,0.906,1
0.843,0.885,0.894,1
0.846,0.894,0.913,1
0.978,0.988,0.988,0
0.83,0.907,0.902,1
0.837,0.889,0.902,1
0.982,0.988,0.986,0
0.837,0.89,0.919,1
0.977,0.985,0.988,0
0.841,0.898,0.917,1
0.829,0.876,0.922,1
0.979,0.99,0.986,0
0.978,0.988,0.984,0
0.982,0.99,0.996,0
0.82,0.89,0.905,1
0.836,0.87,0.915,1
0.976,0.983,0.994,0
0.843,0.867,0.891,1
0.978,0.986,0.995,0
0.851,0.9,0.911,1
0.978,0.985,0.99,0
0.828,0.881,0.911,1
0.97,0.981,0.989,0
0.981,0.993,0.984,0
0.856,0.897,0.908,1
0.976,0.989,0.983,0
0.972,0.985,0.989,0
0.971,0.984,0.992,0
0.829,0.897,0.912,1
0.972,0.981,0.993,0
0.969,0.987,0.992,0
0.981,0.986,0.993,0
0.813,0.89,0.904,1
0.836,0.878,0.907,1
0.979,0.976,0.992,0
0.843,0.899,0.911,1
0.983,0.985,0.992,0
0.982,0.991,0.987,0
0.81,0.885,0.892,1
0.829,0.9,0.915,1
0.82,0.887,0.927,1
0.839,0.878,0.911,1
0.969,0.985,0.99,0
0.971,0.983,0.993,0
0.815,0.899,0.908,1
0.819,0.884,0.909,1
0.833,0.898,0.907,1
0.975,0.988,0.987,0
0.969,0.986,0.986,0
0.832,0.874,0.924,1
0.836,0.883,0.905,1
0.84,0.91,0.922,1
0.969,0.988,0.992,0
0.98,0.989,0.993,0
0.973,0.987,0.987,0
0.832,0.88,0.903,1
0.824,0.889,0.893,1
0.963,0.984,0.994,0
0.84,0.879,0.911,1
0.829,0.894,0.912,1
0.824,0.883,0.917,1
0.813,0.891,0.913,1
0.965,0.989,0.988,0
0.967,0.984,0.988,0
0.828,0.875,0.915,1
0.973,0.983,0.995,0
0.975,0.989,0.989,0
0.97,0.99,0.984,0
0.826,0.882,0.911,1
0.969,0.991,0.986,0
0.975,0.987,0.983,0
0.833,0.902,0.914,1
0.813,0.901,0.93,1
0.968,0.982,0.988,0
0.972,0.988,0.989,0
0.975,0.989,0.997,0
0.969,0.985,0.99,0
0.972,0.985,0.989,0
0.976,0.981,0.99,0
0.969,0.978,0.988,0
0.833,0.884,0.93,1
0.978,0.982,0.979,0
0.971,0.988,0.987,0
0.826,0.893,0.915,1
0.985,0.986,0.985,0
0.976,0.987,0.994,0
0.967,0.982,0.993,0
0.977,0.983,0.99,0
0.979,0.983,0.988,0
0.97,0.989,0.994,0
0.973,0.988,0.993,0
0.974,0.985,0.984,0
0.827,0.865,0.915,1
0.976,0.986,0.986,0
0.831,0.87,0.915,1
0.979,0.987,0.989,0
0.833,0.885,0.915,1
0.832,0.885,0.907,1
0.978,0.992,0.978,0
0.97,0.983,0.986,0
0.978,0.982,0.991,0
0.98,0.983,0.988,0
0.823,0.89,0.898,1
0.976,0.982,0.986,0
0.98,0.986,0.984,0
0.975,0.98,0.991,0
0.819,0.901,0.929,1
0.977,0.991,0.994,0
0.851,0.891,0.915,1
0.979,0.985,0.984,0
0.846,0.888,0.915,1
0.983,0.989,0.99,0
0.977,0.985,0.992,0
0.826,0.891,0.917,1
0.977,0.986,0.989,0
0.841,0.871,0.896,1
0.843,0.903,0.915,1
0.974,0.984,0.986,0
0.813,0.891,0.922,1
0.828,0.882,0.911,1
0.83,0.886,0.934,1
0.807,0.891,0.911,1
0.978,0.988,0.991,0
0.979,0.985,0.985,0
0.828,0.868,0.906,1
0.833,0.888,0.914,1
0.831,0.917,0.915,1
0.973,0.99,0.992,0
0.967,0.988,0.987,0
0.852,0.877,0.929,1
0.976,0.986,0.988,0
0.84,0.904,0.915,1
0.837,0.878,0.904,1
0.976,0.989,0.981,0
0.98,0.987,0.993,0
0.828,0.886,0.912,1
0.838,0.878,0.91,1
0.977,0.986,0.989,0
0.981,0.99,0.99,0
0.831,0.892,0.931,1
0.824,0.891,0.904,1
0.813,0.875,0.927,1
0.979,0.988,0.984,0
0.976,0.988,0.983,0
0.819,0.884,0.921,1
0.971,0.987,0.995,0
0.833,0.877,0.913,1
0.982,0.987,0.985,0
0.85,0.886,0.913,1
0.834,0.911,0.928,1
0.817,0.911,0.915,1
0.976,0.992,0.992,0
0.971,0.985,0.987,0
0.972,0.985,0.997,0
0.97,0.983,0.992,0
0.84,0.882,0.897,1
0.98,0.987,0.982,0
0.792,0.882,0.934,1
0.979,0.983,0.983,0
0.831,0.887,0.918,1
0.84,0.88,0.894,1
0.979,0.992,0.994,0
0.977,0.99,0.99,0
0.969,0.984,0.988,0
0.829,0.883,0.915,1
0.85,0.885,0.913,1
0.829,0.893,0.914,1
0.817,0.878,0.919,1
0.813,0.888,0.914,1
0.959,0.987,0.986,0
0.823,0.884,0.917,1
0.835,0.886,0.934,1
0.834,0.88,0.907,1
0.973,0.98,0.988,0
0.967,0.989,0.99,0
0.824,0.888,0.93,1
0.983,0.981,0.984,0
0.973,0.98,0.991,0
0.967,0.989,0.993,0
0.84,0.904,0.917,1
0.975,0.976,0.988,0
0.823,0.892,0.899,1
0.816,0.902,0.917,1
0.804,0.898,0.906,1
0.828,0.881,0.916,1
0.976,0.984,0.992,0
0.814,0.893,0.919,1
0.973,0.986,0.991,0
0.834,0.892,0.919,1
0.831,0.894,0.921,1
0.986,0.984,0.987,0
0.841,0.897,0.934,1
0.843,0.878,0.919,1
0.974,0.984,0.987,0
0.974,0.986,0.983,0
0.975,0.984,0.988,0
0.825,0.882,0.914,1
0.979,0.989,0.996,0
0.986,0.983,0.996,0
0.982,0.983,0.988,0
0.818,0.895,0.91,1
0.831,0.885,0.914,1
0.979,0.982,0.99,0
0.841,0.903,0.892,1
0.827,0.904,0.908,1
0.98,0.989,0.99,0
0.829,0.878,0.914,1
0.971,0.989,0.99,0
0.976,0.985,0.986,0
0.973,0.986,0.981,0
0.977,0.982,0.988,0
0.816,0.889,0.903,1
0.978,0.988,0.992,0
0.968,0.985,0.99,0
0.795,0.891,0.904,1
0.979,0.984,0.989,0
0.972,0.991,0.991,0
0.799,0.878,0.919,1
0.825,0.886,0.898,1
0.845,0.891,0.923,1
0.827,0.892,0.904,1
0.831,0.897,0.928,1
0.836,0.883,0.92,1
0.844,0.878,0.925,1
0.977,0.978,0.989,0
0.97,0.986,0.993,0
0.972,0.987,0.992,0
0.855,0.878,0.908,1
0.97,0.988,0.992,0
0.832,0.918,0.927,1
0.969,0.991,0.988,0
0.975,0.982,0.985,0
0.815,0.91,0.911,1
0.826,0.907,0.906,1
0.853,0.883,0.918,1
0.974,0.988,0.984,0
0.966,0.984,0.986,0
0.825,0.884,0.908,1
0.817,0.873,0.927,1
0.976,0.98,0.983,0
0.836,0.899,0.915,1
0.978,0.982,0.995,0
0.977,0.988,0.99,0
0.973,0.985,0.989,0
0.971,0.995,0.991,0
0.826,0.889,0.912,1
0.811,0.892,0.902,1
0.977,0.991,0.99,0
0.984,0.982,0.989,0
0.963,0.99,0.991,0
0.976,0.992,0.985,0
0.976,0.99,0.988,0
0.975,0.985,0.986,0
0.979,0.991,0.991,0
0.976,0.985,0.996,0
0.964,0.984,0.984,0
0.978,0.991,0.992,0
0.821,0.9,0.903,1
0.971,0.988,0.989,0
0.974,0.979,0.989,0
0.974,0.985,0.987,0
0.837,0.886,0.902,1
0.814,0.875,0.923,1
0.974,0.991,0.989,0
0.833,0.879,0.907,1
0.974,0.986,0.99,0
0.971,0.987,0.992,0
0.967,0.983,0.991,0
0.975,0.993,0.985,0
0.844,0.889,0.913,1
0.793,0.885,0.916,1
0.971,0.989,0.989,0
0.973,0.984,0.983,0
0.973,0.986,0.995,0
0.852,0.873,0.906,1
0.825,0.868,0.921,1
0.841,0.883,0.926,1
0.823,0.868,0.922,1
0.983,0.99,0.99,0
0.836,0.893,0.922,1
0.822,0.907,0.914,1
0.975,0.99,0.989,0
0.852,0.882,0.911,1
0.982,0.984,0.987,0
0.845,0.889,0.921,1
0.974,0.988,0.99,0
0.977,0.983,0.985,0
0.974,0.986,0.989,0
0.835,0.885,0.921,1
0.973,0.984,0.99,0
0.976,0.987,0.994,0
0.979,0.992,0.989,0
0.835,0.882,0.915,1
0.828,0.892,0.901,1
0.837,0.901,0.911,1
0.817,0.893,0.904,1
0.974,0.988,0.983,0
0.826,0.878,0.92,1
0.967,0.981,0.992,0
0.98,0.985,0.981,0
0.971,0.987,0.989,0
0.834,0.875,0.929,1
0.977,0.99,0.989,0
0.981,0.985,0.993,0
0.826,0.889,0.897,1
0.823,0.882,0.914,1
0.841,0.893,0.915,1
0.846,0.883,0.908,1
0.824,0.895,0.929,1
0.815,0.888,0.916,1
0.971,0.987,0.988,0
0.976,0.985,0.992,0
0.832,0.887,0.914,1
0.97,0.986,0.993,0
0.83,0.883,0.913,1
0.813,0.907,0.919,1
0.838,0.886,0.912,1
0.836,0.886,0.909,1
0.813,0.881,0.911,1
0.853,0.9,0.922,1
0.834,0.891,0.901,1
0.977,0.987,0.992,0
0.972,0.989,0.994,0
0.816,0.873,0.921,1
0.824,0.88,0.914,1
0.967,0.991,0.985,0
0.972,0.992,0.99,0
0.827,0.878,0.923,1
0.819,0.873,0.895,1
0.812,0.898,0.911,1
0.818,0.898,0.904,1
0.974,0.989,0.977,0
0.824,0.913,0.903,1
0.824,0.895,0.91,1
0.975,0.985,0.987,0
0.969,0.989,0.991,0
0.972,0.984,0.987,0
0.974,0.982,0.989,0
0.975,0.989,0.991,0
0.982,0.985,0.996,0
0.976,0.985,0.988,0
0.842,0.897,0.909,1
0.839,0.884,0.914,1
0.981,0.986,0.989,0
0.982,0.984,0.991,0
0.972,0.978,0.985,0
0.971,0.984,0.994,0
0.954,0.988,0.992,0
0.825,0.89,0.911,1
0.834,0.897,0.895,1
0.842,0.884,0.914,1
0.979,0.991,0.986,0
0.973,0.985,0.991,0
0.832,0.862,0.907,1
0.828,0.887,0.919,1
0.85,0.879,0.898,1
0.974,0.985,0.993,0
0.976,0.989,0.985,0
0.824,0.889,0.921,1
0.829,0.887,0.919,1
0.979,0.988,0.993,0
0.973,0.991,0.991,0
0.819,0.876,0.916,1
0.975,0.986,0.99,0
0.846,0.9,0.909,1
0.836,0.902,0.911,1
0.827,0.871,0.905,1
0.979,0.984,0.996,0
0.83,0.889,0.904,1
0.811,0.892,0.916,1
0.966,0.982,0.988,0
0.981,0.989,0.994,0
0.976,0.991,0.99,0
0.974,0.986,0.988,0
0.978,0.978,0.992,0
0.841,0.88,0.898,1
0.832,0.875,0.909,1
0.847,0.881,0.916,1
0.844,0.869,0.92,1
0.811,0.889,0.919,1
0.97,0.984,0.99,0
0.966,0.984,0.988,0
0.851,0.918,0.913,1
0.976,0.989,0.989,0
0.808,0.889,0.892,1
0.975,0.977,0.986,0
0.845,0.875,0.911,1
0.978,0.988,0.99,0
0.824,0.888,0.927,1
0.979,0.989,0.995,0
0.971,0.987,0.986,0
0.842,0.909,0.929,1
0.832,0.892,0.913,1
0.83,0.895,0.906,1
0.844,0.891,0.921,1
0.972,0.985,0.992,0
0.819,0.891,0.916,1
0.972,0.986,0.981,0
0.981,0.985,0.992,0
0.83,0.9,0.899,1
0.855,0.894,0.915,1
0.975,0.988,0.993,0
0.838,0.906,0.908,1
0.811,0.894,0.921,1
0.965,0.985,0.992,0
0.977,0.984,0.99,0
0.965,0.983,0.991,0
0.828,0.88,0.915,1
0.979,0.986,0.99,0
0.975,0.989,0.99,0
0.962,0.992,0.993,0
0.844,0.893,0.921,1
0.823,0.9,0.901,1
0.841,0.897,0.917,1
0.973,0.986,0.992,0
0.965,0.986,0.991,0
0.974,0.976,0.987,0
0.969,0.985,0.985,0
0.83,0.899,0.903,1
0.971,0.986,0.989,0
0.826,0.874,0.9,1
0.838,0.881,0.924,1
0.98,0.991,0.992,0
0.983,0.983,0.992,0
0.971,0.989,0.992,0
0.971,0.992,0.988,0
0.974,0.985,0.989,0
0.825,0.888,0.908,1
0.969,0.989,0.99,0
0.982,0.982,0.991,0
0.98,0.98,0.99,0
0.973,0.985,0.988,0
0.972,0.983,0.988,0
0.979,0.994,0.991,0
0.978,0.985,0.986,0
0.834,0.891,0.931,1
0.824,0.864,0.909,1
0.827,0.897,0.93,1
0.974,0.988,0.985,0
0.983,0.983,0.993,0
0.98,0.982,0.992,0
0.968,0.981,0.986,0
0.982,0.988,0.99,0
0.848,0.9,0.911,1
0.972,0.981,0.989,0
0.981,0.983,0.988,0
0.818,0.899,0.909,1
0.85,0.885,0.917,1
0.831,0.887,0.909,1
0.813,0.887,0.923,1
0.977,0.984,0.987,0
0.974,0.994,0.991,0
0.966,0.991,0.989,0
0.975,0.986,0.989,0
0.981,0.989,0.992,0
0.834,0.892,0.902,1
0.827,0.887,0.902,1
0.834,0.889,0.925,1
0.98,0.98,0.989,0
0.973,0.985,0.984,0
0.821,0.896,0.907,1
0.979,0.984,0.994,0
0.98,0.986,0.992,0
0.968,0.981,0.995,0
0.973,0.991,0.99,0
0.838,0.876,0.897,1
0.972,0.986,0.988,0
0.969,0.982,0.987,0
0.974,0.989,0.988,0
0.863,0.889,0.919,1
0.838,0.885,0.905,1
0.972,0.985,0.993,0
0.845,0.894,0.896,1
0.837,0.878,0.898,1
0.825,0.881,0.901,1
0.958,0.986,0.986,0
0.976,0.983,0.985,0
0.81,0.892,0.906,1
0.98,0.985,0.991,0
0.828,0.896,0.903,1
0.817,0.885,0.92,1
0.979,0.985,0.988,0
0.838,0.896,0.916,1
0.973,0.978,0.986,0
0.971,0.981,0.985,0
0.825,0.875,0.905,1
0.979,0.984,0.99,0
0.837,0.89,0.911,1
0.85,0.885,0.902,1
0.811,0.914,0.901,1
0.976,0.981,0.988,0
0.983,0.984,0.987,0
0.974,0.984,0.99,0
0.979,0.991,0.99,0
0.981,0.987,0.983,0
0.834,0.869,0.909,1
0.844,0.888,0.926,1
0.972,0.991,0.987,0
0.982,0.987,0.994,0
0.969,0.982,0.986,0
0.977,0.985,0.991,0
0.838,0.885,0.919,1
0.982,0.993,0.994,0
0.83,0.89,0.906,1
0.854,0.886,0.916,1
0.829,0.895,0.903,1
0.823,0.886,0.924,1
0.969,0.984,0.991,0
0.836,0.903,0.918,1
0.828,0.901,0.911,1
0.967,0.984,0.991,0
0.835,0.894,0.913,1
0.974,0.985,0.99,0
0.811,0.887,0.909,1
0.83,0.892,0.923,1
0.821,0.882,0.915,1
0.969,0.987,0.988,0
0.832,0.877,0.907,1
0.975,0.982,0.992,0
0.971,0.987,0.986,0
0.813,0.879,0.907,1
0.839,0.89,0.911,1
0.825,0.884,0.93,1
0.828,0.906,0.922,1
0.82,0.887,0.913,1
0.805,0.903,0.941,1
0.83,0.906,0.91,1
0.97,0.986,0.992,0
0.984,0.985,0.99,0
0.829,0.89,0.908,1
0.97,0.983,0.991,0
0.984,0.988,0.983,0
0.981,0.983,0.989,0
0.82,0.878,0.914,1
0.824,0.887,0.902,1
0.968,0.985,0.991,0
0.836,0.881,0.92,1
0.974,0.98,0.987,0
0.824,0.892,0.918,1
0.837,0.883,0.899,1
0.971,0.99,0.99,0
0.818,0.895,0.912,1
0.98,0.987,0.985,0
0.83,0.887,0.904,1
0.978,0.983,0.982,0
0.833,0.887,0.932,1
0.987,0.987,0.991,0
0.831,0.878,0.908,1
0.817,0.89,0.893,1
0.972,0.978,0.992,0
0.976,0.983,0.991,0
0.834,0.871,0.905,1
0.979,0.986,0.991,0
0.828,0.875,0.912,1
0.978,0.982,0.988,0
0.845,0.906,0.921,1
0.976,0.988,0.988,0
0.828,0.903,0.906,1
0.825,0.89,0.918,1
0.981,0.984,0.991,0
0.968,0.988,0.987,0
0.962,0.983,0.992,0
0.823,0.886,0.913,1
0.839,0.896,0.916,1
0.849,0.911,0.911,1
0.982,0.985,0.992,0
0.978,0.984,0.991,0
0.978,0.983,0.984,0
0.976,0.983,0.991,0
0.982,0.988,0.988,0
0.832,0.887,0.911,1
0.98,0.99,0.983,0
0.811,0.887,0.887,1
0.97,0.98,0.989,0
0.807,0.873,0.906,1
0.98,0.992,0.986,0
0.815,0.881,0.901,1
0.826,0.889,0.923,1
0.832,0.899,0.92,1
0.826,0.901,0.91,1
0.824,0.889,0.914,1
0.835,0.891,0.911,1
0.843,0.893,0.899,1
0.973,0.99,0.992,0
0.974,0.985,0.987,0
0.812,0.882,0.919,1
0.982,0.981,0.992,0
0.831,0.891,0.914,1
0.843,0.897,0.918,1
0.975,0.978,0.985,0
0.843,0.885,0.918,1
0.826,0.89,0.917,1
0.828,0.905,0.907,1
0.975,0.99,0.996,0
0.84,0.886,0.924,1
0.982,0.977,0.988,0
0.977,0.987,0.986,0
0.815,0.891,0.912,1
0.824,0.889,0.912,1
0.972,0.987,0.981,0
0.978,0.985,0.987,0
0.973,0.983,0.99,0
0.979,0.986,0.991,0
0.977,0.99,0.991,0
0.832,0.898,0.922,1
0.969,0.992,0.993,0
0.97,0.986,0.985,0
0.982,0.992,0.988,0
0.972,0.991,0.983,0
0.838,0.887,0.896,1
0.979,0.988,0.993,0
0.842,0.887,0.895,1
0.821,0.889,0.913,1
0.973,0.985,0.993,0
0.832,0.893,0.904,1
0.822,0.884,0.912,1
0.962,0.989,0.99,0
0.812,0.879,0.927,1
0.979,0.987,0.983,0
0.98,0.988,0.993,0
0.822,0.878,0.903,1
0.975,0.989,0.989,0
0.841,0.901,0.918,1
0.822,0.894,0.917,1
0.979,0.985,0.987,0
0.981,0.983,0.985,0
0.831,0.898,0.917,1
0.818,0.887,0.917,1
0.974,0.984,0.994,0
0.806,0.892,0.908,1
0.826,0.879,0.899,1
0.818,0.891,0.902,1
0.983,0.984,0.989,0
0.98,0.987,0.991,0
0.858,0.891,0.899,1
0.973,0.99,0.986,0
0.985,0.99,0.986,0
0.976,0.985,0.991,0
0.967,0.985,0.99,0
0.818,0.898,0.909,1
0.836,0.873,0.917,1
0.972,0.988,0.99,0
0.967,0.992,0.991,0
0.974,0.981,0.988,0
0.982,0.98,0.99,0
0.823,0.901,0.907,1
0.977,0.98,0.984,0
0.826,0.881,0.907,1
0.82,0.879,0.907,1
0.977,0.983,0.996,0
0.834,0.893,0.913,1
0.831,0.901,0.925,1
0.977,0.993,0.986,0
0.973,0.985,0.991,0
0.831,0.879,0.923,1
0.833,0.881,0.919,1
0.985,0.99,0.989,0
0.973,0.988,0.989,0
0.975,0.989,0.991,0
0.969,0.99,0.989,0
0.977,0.986,0.992,0
0.833,0.88,0.911,1
0.821,0.886,0.942,1
0.976,0.986,0.987,0
0.974,0.978,0.991,0
0.823,0.89,0.922,1
0.821,0.876,0.896,1
0.822,0.884,0.917,1
0.841,0.878,0.898,1
0.969,0.985,0.99,0
0.971,0.986,0.988,0
0.845,0.89,0.926,1
0.982,0.989,0.985,0
0.843,0.896,0.912,1
0.815,0.901,0.891,1
0.821,0.889,0.92,1
0.975,0.983,0.995,0
0.806,0.895,0.922,1
0.813,0.859,0.922,1
0.971,0.98,0.992,0
0.832,0.895,0.917,1
0.851,0.896,0.902,1
0.826,0.892,0.91,1
0.977,0.981,0.99,0
0.83,0.892,0.922,1
0.976,0.985,0.992,0
0.825,0.895,0.896,1
0.978,0.992,0.989,0
0.971,0.984,0.993,0
0.978,0.984,0.994,0
0.959,0.989,0.991,0
0.975,0.984,0.991,0
0.822,0.894,0.92,1
0.808,0.889,0.925,1
0.975,0.99,0.991,0
0.816,0.879,0.91,1
0.802,0.899,0.916,1
0.849,0.887,0.89,1
0.974,0.994,0.994,0
0.839,0.891,0.892,1
0.844,0.874,0.903,1
0.986,0.988,0.991,0
0.973,0.992,0.993,0
0.982,0.986,0.991,0
0.982,0.989,0.99,0
0.976,0.985,0.99,0
0.978,0.991,0.991,0
0.827,0.883,0.936,1
0.836,0.877,0.917,1
0.837,0.892,0.934,1
0.809,0.89,0.919,1
0.824,0.899,0.902,1
0.829,0.889,0.908,1
0.83,0.879,0.909,1
0.979,0.984,0.986,0
0.827,0.87,0.906,1
0.978,0.984,0.987,0
0.841,0.888,0.921,1
0.838,0.881,0.93,1
0.976,0.99,0.99,0
0.98,0.984,0.991,0
0.972,0.984,0.988,0
0.977,0.981,0.985,0
0.824,0.886,0.907,1
0.982,0.99,0.987,0
0.959,0.986,0.99,0
0.972,0.985,0.993,0
0.834,0.885,0.92,1
0.811,0.886,0.9,1
0.97,0.989,0.986,0
0.822,0.871,0.919,1
0.836,0.879,0.914,1
0.826,0.87,0.912,1
0.828,0.894,0.924,1
0.821,0.895,0.92,1
0.976,0.983,0.99,0
0.843,0.904,0.902,1
0.846,0.89,0.899,1
0.818,0.891,0.905,1
0.815,0.884,0.914,1
0.843,0.892,0.908,1
0.822,0.901,0.922,1
0.859,0.9,0.91,1
0.827,0.9,0.92,1
0.848,0.887,0.908,1
0.837,0.894,0.9,1
0.82,0.878,0.911,1
0.978,0.987,0.987,0
0.972,0.989,0.99,0
0.834,0.873,0.909,1
0.831,0.888,0.895,1
0.978,0.978,0.996,0
0.824,0.895,0.923,1
0.974,0.982,0.991,0
0.817,0.877,0.901,1
0.82,0.88,0.92,1
0.979,0.991,0.981,0
0.984,0.986,0.988,0
0.84,0.885,0.92,1
0.817,0.882,0.909,1
0.83,0.897,0.9,1
0.974,0.99,0.992,0
0.978,0.986,0.989,0
0.824,0.888,0.919,1
0.803,0.899,0.91,1
0.97,0.981,0.989,0
0.836,0.888,0.891,1
0.836,0.891,0.926,1
0.824,0.889,0.94,1
0.827,0.889,0.93,1
0.972,0.978,0.984,0
0.97,0.988,0.989,0
0.981,0.978,0.989,0
0.983,0.986,0.993,0
0.984,0.989,0.991,0
0.817,0.88,0.904,1
0.973,0.985,0.988,0
0.829,0.883,0.908,1
0.979,0.983,0.988,0
0.976,0.979,0.988,0
0.841,0.886,0.92,1
0.981,0.988,0.991,0
0.818,0.901,0.898,1
0.834,0.903,0.909,1
0.98,0.987,0.987,0
0.831,0.903,0.908,1
0.976,0.989,0.985,0
0.839,0.887,0.932,1
0.83,0.892,0.912,1
0.809,0.892,0.918,1
0.817,0.91,0.91,1
0.83,0.889,0.906,1
0.974,0.988,0.984,0
0.972,0.987,0.98,0
0.976,0.982,0.992,0
0.971,0.993,0.99,0
0.976,0.989,0.988,0
0.971,0.987,0.989,0
0.821,0.866,0.92,1
0.979,0.982,0.988,0
0.972,0.987,0.994,0
0.84,0.889,0.911,1
0.976,0.978,0.991,0
0.968,0.988,0.986,0
0.982,0.983,0.987,0
0.856,0.881,0.929,1
0.969,0.981,0.994,0
0.98,0.986,0.983,0
0.824,0.891,0.92,1
0.969,0.986,0.987,0
0.974,0.989,0.99,0
0.973,0.987,0.989,0
0.834,0.901,0.919,1
0.834,0.899,0.904,1
0.833,0.884,0.912,1
0.822,0.899,0.915,1
0.838,0.89,0.914,1
0.824,0.909,0.901,1
0.973,0.988,0.992,0
0.842,0.883,0.918,1
0.844,0.903,0.919,1
0.839,0.889,0.914,1
0.831,0.88,0.901,1
0.977,0.992,0.991,0
0.82,0.895,0.921,1
0.957,0.991,0.986,0
0.832,0.898,0.898,1
0.84,0.887,0.905,1
0.974,0.991,0.985,0
0.976,0.986,0.989,0
0.979,0.989,0.987,0
0.979,0.978,0.99,0
0.841,0.889,0.919,1
0.978,0.985,0.988,0
0.974,0.986,0.989,0
0.831,0.89,0.917,1
0.979,0.986,0.991,0
0.835,0.874,0.913,1
0.83,0.898,0.918,1
0.971,0.986,0.978,0
0.827,0.871,0.912,1
0.81,0.888,0.923,1
0.814,0.888,0.922,1
0.84,0.891,0.908,1
0.981,0.98,0.992,0
0.982,0.989,0.985,0
0.829,0.892,0.9,1
0.965,0.983,0.993,0
0.969,0.981,0.986,0
0.852,0.895,0.925,1
0.819,0.891,0.918,1
0.826,0.888,0.911,1
0.837,0.885,0.915,1
0.831,0.887,0.91,1
0.822,0.901,0.908,1
0.858,0.89,0.916,1
0.979,0.986,0.99,0
0.832,0.882,0.908,1
0.847,0.884,0.914,1
0.835,0.887,0.913,1
0.98,0.984,0.987,0
0.968,0.985,0.993,0
0.828,0.904,0.899,1
0.982,0.989,0.993,0
0.839,0.893,0.912,1
0.971,0.988,0.992,0
0.836,0.88,0.89,1
0.826,0.902,0.899,1
0.833,0.892,0.921,1
0.848,0.894,0.907,1
0.98,0.989,0.983,0
0.969,0.99,0.984,0
0.834,0.888,0.906,1
0.813,0.901,0.914,1
0.843,0.898,0.918,1
0.975,0.99,0.988,0
0.977,0.983,0.994,0
0.808,0.877,0.91,1
0.976,0.98,0.987,0
0.972,0.985,0.98,0
0.975,0.985,0.988,0
0.974,0.984,0.987,0
0.816,0.887,0.909,1
0.851,0.889,0.919,1
0.826,0.876,0.902,1
0.813,0.896,0.921,1
0.981,0.986,0.987,0
0.825,0.894,0.922,1
0.982,0.985,0.995,0
0.826,0.885,0.91,1
0.825,0.879,0.913,1
0.986,0.985,0.983,0
0.984,0.988,0.987,0
0.818,0.897,0.91,1
0.836,0.88,0.936,1
0.831,0.889,0.906,1
0.979,0.985,0.994,0
0.975,0.994,0.985,0
0.844,0.895,0.913,1
0.82,0.895,0.916,1
0.81,0.879,0.919,1
0.818,0.898,0.902,1
0.851,0.88,0.922,1
0.971,0.99,0.986,0
0.969,0.984,0.988,0
0.832,0.896,0.929,1
0.825,0.88,0.909,1
0.814,0.893,0.914,1
0.969,0.985,0.99,0
0.97,0.987,0.991,0
0.81,0.872,0.917,1
0.975,0.988,0.993,0
0.978,0.984,0.984,0
0.977,0.987,0.988,0
0.851,0.877,0.911,1
0.974,0.987,0.993,0
0.98,0.99,0.995,0
0.968,0.988,0.989,0
0.974,0.985,0.99,0
0.808,0.874,0.917,1
0.823,0.889,0.899,1
0.811,0.892,0.905,1
0.839,0.885,0.905,1
0.972,0.985,0.993,0
0.841,0.885,0.912,1
0.974,0.987,0.989,0
0.969,0.985,0.993,0
0.973,0.989,0.99,0
0.969,0.991,0.993,0
0.975,0.981,0.985,0
0.978,0.987,0.983,0
0.972,0.985,0.987,0
0.83,0.886,0.892,1
0.978,0.993,0.984,0
0.831,0.897,0.915,1
0.825,0.89,0.916,1
0.838,0.897,0.919,1
0.973,0.983,0.982,0
0.799,0.88,0.915,1
0.833,0.889,0.919,1
0.972,0.985,0.992,0
0.97,0.988,0.991,0
0.971,0.988,0.989,0
0.968,0.986,0.985,0
0.979,0.984,0.987,0
0.826,0.886,0.904,1
0.98,0.98,0.993,0
0.979,0.99,0.989,0
0.973,0.979,0.992,0
0.968,0.989,0.987,0
0.974,0.981,0.992,0
0.97,0.988,0.993,0
0.8,0.897,0.901,1
0.842,0.881,0.9,1
0.976,0.985,0.987,0
0.842,0.889,0.924,1
0.82,0.893,0.921,1
0.836,0.876,0.923,1
0.975,0.99,0.991,0
0.812,0.877,0.895,1
0.977,0.987,0.99,0
0.985,0.989,0.991,0
0.974,0.987,0.988,0
0.963,0.989,0.982,0
0.968,0.985,0.987,0
0.82,0.874,0.906,1
0.975,0.984,0.995,0
0.829,0.895,0.911,1
0.978,0.986,0.985,0
0.969,0.988,0.994,0
0.978,0.99,0.989,0
0.841,0.887,0.924,1
0.807,0.873,0.917,1
0.844,0.865,0.906,1
0.979,0.986,0.992,0
0.841,0.898,0.924,1
0.971,0.99,0.993,0
0.827,0.895,0.903,1
0.975,0.986,0.989,0
0.979,0.984,0.986,0
0.978,0.988,0.988,0
0.831,0.901,0.906,1
0.838,0.894,0.9,1
0.842,0.884,0.913,1
0.979,0.987,0.992,0
0.828,0.879,0.923,1
0.829,0.886,0.919,1
0.831,0.894,0.915,1
0.981,0.985,0.991,0
0.976,0.984,0.989,0
0.968,0.988,0.986,0
0.981,0.985,0.993,0
0.978,0.99,0.99,0
0.979,0.984,0.989,0
0.813,0.882,0.91,1
0.813,0.906,0.901,1
0.972,0.985,0.986,0
0.975,0.984,0.981,0
0.972,0.989,0.993,0
0.836,0.888,0.905,1
0.85,0.907,0.909,1
0.976,0.982,0.987,0
0.97,0.987,0.989,0
0.973,0.981,0.984,0
0.823,0.904,0.917,1
0.84,0.902,0.911,1
0.977,0.987,0.99,0
0.98,0.988,0.986,0
0.985,0.981,0.987,0
0.86,0.887,0.915,1
0.969,0.987,0.99,0
0.822,0.877,0.891,1
0.981,0.986,0.989,0
0.974,0.988,0.987,0
0.976,0.984,0.984,0
0.972,0.984,0.988,0
0.836,0.883,0.928,1
0.821,0.897,0.91,1
0.98,0.99,0.99,0
0.825,0.883,0.909,1
0.974,0.988,0.989,0
0.821,0.882,0.902,1
0.972,0.988,0.993,0
0.813,0.888,0.916,1
0.973,0.988,0.984,0
0.977,0.981,0.989,0
0.969,0.984,0.989,0
0.974,0.984,0.991,0
0.83,0.867,0.923,1
0.828,0.883,0.913,1
0.977,0.987,0.989,0
0.975,0.992,0.994,0
0.978,0.99,0.991,0
0.839,0.886,0.914,1
0.977,0.985,0.988,0
0.978,0.983,0.99,0
0.978,0.986,0.993,0
0.809,0.882,0.898,1
0.825,0.878,0.92,1
0.978,0.983,0.988,0
0.979,0.987,0.993,0
0.824,0.905,0.927,1
0.819,0.897,0.916,1
0.983,0.993,0.992,0
0.837,0.908,0.917,1
0.978,0.984,0.994,0
0.983,0.987,0.986,0
0.82,0.879,0.915,1
0.971,0.987,0.988,0
0.837,0.895,0.912,1
0.831,0.883,0.9,1
0.979,0.985,0.989,0
0.826,0.895,0.924,1
0.977,0.986,0.988,0
0.831,0.883,0.912,1
0.848,0.892,0.917,1
0.85,0.897,0.908,1
0.977,0.99,0.992,0
0.972,0.985,0.987,0
0.838,0.899,0.906,1
0.974,0.981,0.987,0
0.97,0.985,0.988,0
0.837,0.887,0.911,1
0.821,0.886,0.927,1
0.98,0.981,0.99,0
0.978,0.993,0.994,0
0.973,0.985,0.992,0
0.823,0.896,0.926,1
0.811,0.902,0.905,1
0.833,0.891,0.91,1
0.971,0.987,0.985,0
0.982,0.983,0.992,0
0.975,0.987,0.993,0
0.83,0.897,0.92,1
0.972,0.988,0.987,0
0.971,0.983,0.991,0
0.814,0.877,0.913,1
0.974,0.987,0.987,0
0.832,0.892,0.914,1
0.982,0.989,0.984,0
0.825,0.897,0.907,1
0.833,0.886,0.917,1
0.967,0.985,0.987,0
0.845,0.864,0.914,1
0.821,0.878,0.92,1
0.831,0.869,0.912,1
0.82,0.878,0.923,1
0.97,0.988,0.989,0
0.973,0.989,0.982,0
0.811,0.89,0.927,1
0.817,0.888,0.916,1
0.838,0.878,0.907,1
0.851,0.886,0.905,1
0.978,0.987,0.99,0
0.842,0.877,0.918,1
0.825,0.884,0.927,1
0.974,0.985,0.986,0
0.979,0.985,0.983,0
0.977,0.988,0.993,0
0.973,0.987,0.986,0
0.972,0.984,0.99,0
0.835,0.889,0.911,1
0.973,0.986,0.995,0
0.838,0.883,0.905,1
0.828,0.891,0.927,1
0.976,0.988,0.989,0
0.977,0.988,0.995,0
0.978,0.991,0.988,0
0.814,0.876,0.91,1
0.977,0.991,0.989,0
0.825,0.876,0.904,1
0.843,0.899,0.919,1
0.813,0.898,0.887,1
0.838,0.886,0.924,1
0.828,0.892,0.909,1
0.828,0.889,0.892,1
0.795,0.894,0.908,1
0.972,0.984,0.994,0
0.827,0.893,0.918,1
0.977,0.989,0.99,0
0.826,0.89,0.904,1
0.97,0.987,0.988,0
0.979,0.988,0.992,0
0.826,0.885,0.92,1
0.965,0.991,0.988,0
0.822,0.905,0.909,1
0.801,0.896,0.919,1
0.83,0.864,0.916,1
0.85,0.874,0.915,1
0.847,0.889,0.894,1
0.973,0.986,0.984,0
0.979,0.983,0.985,0
0.982,0.99,0.988,0
0.982,0.985,0.989,0
0.97,0.982,0.992,0
0.978,0.984,0.988,0
0.985,0.985,0.983,0
0.835,0.874,0.906,1
0.814,0.902,0.917,1
0.83,0.899,0.909,1
0.812,0.896,0.927,1
0.801,0.888,0.902,1
0.831,0.875,0.911,1
0.983,0.983,0.991,0
0.978,0.984,0.995,0
0.965,0.979,0.987,0
0.975,0.993,0.989,0
0.844,0.892,0.914,1
0.976,0.987,0.993,0
0.813,0.88,0.927,1
0.838,0.895,0.898,1
0.974,0.983,0.989,0
0.804,0.9,0.92,1
0.829,0.897,0.92,1
0.977,0.984,0.987,0
0.819,0.893,0.915,1
0.975,0.984,0.991,0
0.976,0.987,0.983,0
0.969,0.986,0.99,0
0.977,0.98,0.991,0
0.797,0.893,0.913,1
0.815,0.882,0.908,1
0.975,0.988,0.99,0
0.83,0.873,0.915,1
0.978,0.983,0.991,0
0.851,0.887,0.917,1
0.973,0.99,0.994,0
0.833,0.89,0.909,1
0.976,0.986,0.993,0
0.844,0.89,0.917,1
0.97,0.989,0.993,0
0.838,0.89,0.91,1
0.975,0.982,0.99,0
0.982,0.991,0.992,0
0.97,0.981,0.986,0
0.981,0.99,0.992,0
0.978,0.986,0.995,0
0.82,0.894,0.911,1
0.982,0.983,0.989,0
0.815,0.907,0.906,1
0.977,0.982,0.988,0
0.97,0.989,0.986,0
0.97,0.983,0.99,0
0.833,0.876,0.919,1
0.98,0.985,0.991,0
0.834,0.869,0.904,1
0.969,0.987,0.992,0
0.979,0.986,0.988,0
0.983,0.985,0.991,0
0.824,0.896,0.916,1
0.969,0.984,0.992,0
0.974,0.984,0.993,0
0.968,0.985,0.989,0
0.972,0.994,0.99,0
0.976,0.986,0.991,0
0.835,0.89,0.892,1
0.971,0.989,0.984,0
0.979,0.989,0.989,0
0.972,0.986,0.994,0
0.978,0.979,0.993,0
0.825,0.909,0.892,1
0.814,0.886,0.91,1
0.967,0.992,0.994,0
0.982,0.985,0.986,0
0.97,0.989,0.991,0
0.967,0.986,0.987,0
0.975,0.987,0.988,0
0.967,0.975,0.988,0
0.817,0.875,0.927,1
0.809,0.893,0.892,1
0.815,0.889,0.909,1
0.976,0.987,0.985,0
0.972,0.981,0.982,0
0.839,0.88,0.907,1
0.983,0.982,0.987,0
0.981,0.988,0.99,0
0.829,0.894,0.919,1
0.83,0.882,0.915,1
0.972,0.982,0.994,0
0.971,0.99,0.989,0
0.967,0.98,0.993,0
0.97,0.986,0.99,0
0.819,0.891,0.909,1
0.824,0.894,0.882,1
0.974,0.984,0.992,0
0.971,0.981,0.982,0
0.97,0.987,0.986,0
0.973,0.987,0.992,0
0.977,0.993,0.991,0
0.829,0.872,0.925,1
0.841,0.893,0.908,1
0.972,0.985,0.982,0
0.975,0.985,0.99,0
0.965,0.981,0.986,0
0.977,0.989,0.993,0
0.98,0.993,0.992,0
0.827,0.895,0.907,1
0.824,0.89,0.896,1
0.977,0.99,0.986,0
0.972,0.983,0.991,0
0.972,0.989,0.991,0
0.979,0.983,0.987,0
0.825,0.893,0.916,1
0.84,0.896,0.926,1
0.965,0.989,0.983,0
0.975,0.988,0.991,0
0.828,0.893,0.915,1
0.971,0.98,0.991,0
0.978,0.988,0.993,0
0.848,0.871,0.905,1
0.98,0.987,0.986,0
0.971,0.98,0.987,0
0.975,0.99,0.993,0
0.982,0.989,0.983,0
0.837,0.898,0.922,1
0.98,0.991,0.99,0
0.976,0.989,0.987,0
0.978,0.988,0.992,0
0.831,0.895,0.909,1
0.983,0.99,0.986,0
0.975,0.994,0.994,0
0.982,0.982,0.988,0
0.836,0.882,0.923,1
0.837,0.887,0.915,1
0.973,0.988,0.989,0
0.852,0.879,0.924,1
0.969,0.985,0.99,0
0.965,0.984,0.995,0
0.837,0.879,0.915,1
0.979,0.985,0.992,0
0.98,0.988,0.996,0
0.833,0.881,0.903,1
0.978,0.983,0.99,0
0.973,0.986,0.989,0
0.977,0.988,0.989,0
0.964,0.982,0.99,0
0.973,0.985,0.991,0
0.836,0.873,0.911,1
0.971,0.989,0.985,0
0.834,0.889,0.914,1
0.975,0.985,0.986,0
0.969,0.989,0.983,0
0.84,0.887,0.917,1
0.802,0.889,0.917,1
0.812,0.885,0.918,1
0.813,0.877,0.908,1
0.975,0.989,0.992,0
0.977,0.989,0.987,0
0.982,0.99,0.989,0
0.971,0.988,0.993,0
0.838,0.894,0.899,1
0.981,0.982,0.984,0
0.805,0.879,0.911,1
0.825,0.878,0.906,1
0.981,0.989,0.99,0
0.812,0.883,0.935,1
0.977,0.989,0.988,0
0.822,0.904,0.918,1
0.98,0.989,0.994,0
0.819,0.884,0.915,1
0.837,0.919,0.899,1
0.835,0.884,0.91,1
0.836,0.893,0.897,1
0.83,0.901,0.906,1
0.83,0.902,0.915,1
0.833,0.884,0.905,1
0.972,0.993,0.986,0
0.835,0.893,0.915,1
0.967,0.981,0.99,0
0.973,0.985,0.993,0
0.823,0.9,0.902,1
0.981,0.986,0.992,0
0.827,0.912,0.917,1
0.837,0.895,0.917,1
0.974,0.985,0.991,0
0.831,0.889,0.917,1
0.973,0.984,0.985,0
0.984,0.989,0.993,0
0.974,0.986,0.995,0
0.848,0.89,0.914,1
0.978,0.987,0.992,0
0.974,0.98,0.987,0
0.976,0.989,0.984,0
0.969,0.982,0.994,0
0.831,0.883,0.915,1
0.975,0.988,0.988,0
0.98,0.98,0.988,0
0.829,0.888,0.929,1
0.818,0.882,0.911,1
0.838,0.905,0.922,1
0.973,0.984,0.989,0
0.831,0.878,0.917,1
0.836,0.876,0.915,1
0.828,0.889,0.923,1
0.834,0.879,0.906,1
0.977,0.98,0.993,0
0.978,0.981,0.991,0
0.974,0.992,0.994,0
0.972,0.993,0.993,0
0.833,0.886,0.9,1
0.826,0.873,0.915,1
0.979,0.986,0.989,0
0.981,0.986,0.993,0
0.98,0.987,0.993,0
0.973,0.988,0.988,0
0.975,0.989,0.988,0
0.813,0.891,0.911,1
0.81,0.898,0.901,1
0.825,0.898,0.919,1
0.812,0.89,0.912,1
0.821,0.879,0.914,1
0.827,0.887,0.91,1
0.974,0.99,0.991,0
0.836,0.901,0.907,1
0.966,0.989,0.994,0
0.979,0.991,0.993,0
0.817,0.88,0.896,1
0.801,0.902,0.914,1
0.976,0.979,0.992,0
0.974,0.984,0.988,0
0.983,0.986,0.988,0
0.979,0.989,0.99,0
0.979,0.985,0.986,0
0.816,0.9,0.907,1
0.836,0.877,0.915,1
0.979,0.992,0.989,0
0.824,0.882,0.913,1
0.972,0.982,0.991,0
0.97,0.983,0.988,0
0.978,0.989,0.983,0
0.825,0.882,0.906,1
0.833,0.892,0.911,1
0.977,0.985,0.991,0
0.851,0.88,0.912,1
0.813,0.882,0.91,1
0.977,0.98,0.992,0
0.794,0.891,0.907,1
0.811,0.893,0.916,1
0.836,0.905,0.911,1
0.821,0.897,0.912,1
0.842,0.89,0.914,1
0.973,0.984,0.987,0
0.826,0.901,0.924,1
0.835,0.878,0.923,1
0.846,0.878,0.907,1
0.974,0.993,0.988,0
0.981,0.988,0.987,0
0.827,0.881,0.908,1
0.813,0.893,0.898,1
0.977,0.986,0.993,0
0.832,0.88,0.924,1
0.973,0.983,0.984,0
0.834,0.894,0.928,1
0.965,0.987,0.988,0
0.974,0.987,0.991,0
0.972,0.994,0.99,0
0.82,0.884,0.914,1
0.849,0.895,0.906,1
0.828,0.89,0.924,1
0.977,0.985,0.994,0
0.974,0.986,0.985,0
0.98,0.987,0.986,0
0.979,0.99,0.993,0
0.981,0.983,0.985,0
0.819,0.891,0.908,1
0.973,0.983,0.992,0
0.977,0.985,0.99,0
0.978,0.985,0.989,0
0.979,0.98,0.995,0
0.971,0.986,0.991,0
0.977,0.991,0.987,0
0.833,0.897,0.911,1
0.976,0.986,0.99,0
0.85,0.893,0.911,1
0.856,0.904,0.914,1
0.97,0.988,0.987,0
0.976,0.989,0.993,0
0.975,0.988,0.985,0
0.984,0.991,0.991,0
0.974,0.986,0.99,0
0.815,0.884,0.903,1
0.971,0.982,0.993,0
0.833,0.882,0.911,1
0.828,0.892,0.918,1
0.846,0.884,0.921,1
0.856,0.896,0.904,1
0.978,0.981,0.992,0
0.827,0.913,0.922,1
0.972,0.989,0.994,0
0.975,0.982,0.986,0
0.819,0.894,0.914,1
0.976,0.988,0.991,0
0.977,0.994,0.985,0
0.83,0.887,0.901,1
0.846,0.881,0.923,1
0.975,0.982,0.993,0
0.961,0.99,0.987,0
0.972,0.984,0.988,0
0.978,0.99,0.991,0
0.83,0.888,0.895,1
0.975,0.987,0.988,0
0.824,0.878,0.906,1
0.83,0.901,0.918,1
0.824,0.892,0.915,1
0.829,0.896,0.919,1
0.977,0.986,0.991,0
0.973,0.994,0.991,0
0.969,0.983,0.988,0
0.827,0.888,0.912,1
0.974,0.981,0.991,0
0.84,0.874,0.913,1
0.974,0.983,0.991,0
0.853,0.891,0.905,1
0.808,0.885,0.918,1
0.837,0.877,0.916,1
0.972,0.984,0.984,0
0.83,0.911,0.911,1
0.97,0.983,0.99,0
0.819,0.883,0.916,1
0.97,0.985,0.994,0
0.979,0.989,0.987,0
0.979,0.984,0.987,0
0.828,0.895,0.912,1
0.965,0.989,0.989,0
0.975,0.993,0.992,0
0.976,0.991,0.99,0
0.833,0.881,0.907,1
0.98,0.986,0.987,0
0.828,0.892,0.905,1
0.837,0.89,0.895,1
0.981,0.988,0.984,0
0.824,0.898,0.922,1
0.826,0.873,0.922,1
0.971,0.989,0.994,0
0.979,0.982,0.983,0
0.972,0.987,0.988,0
0.824,0.894,0.921,1
0.973,0.977,0.988,0
0.977,0.989,0.983,0
0.825,0.872,0.918,1
0.985,0.989,0.99,0
0.977,0.988,0.989,0
0.81,0.917,0.915,1
0.843,0.901,0.906,1
0.973,0.984,0.989,0
0.83,0.902,0.909,1
0.826,0.885,0.919,1
0.809,0.88,0.927,1
0.804,0.891,0.907,1
0.844,0.891,0.921,1
0.824,0.885,0.901,1
0.84,0.878,0.912,1
0.846,0.893,0.918,1
0.985,0.981,0.987,0
0.838,0.894,0.915,1
0.976,0.989,0.99,0
0.823,0.904,0.923,1
0.968,0.99,0.991,0
0.83,0.903,0.921,1
0.978,0.984,0.992,0
0.973,0.977,0.989,0
0.842,0.893,0.91,1
0.838,0.888,0.902,1
0.817,0.887,0.901,1
0.842,0.892,0.933,1
0.976,0.984,0.983,0
0.976,0.984,0.983,0
0.974,0.989,0.991,0
0.972,0.983,0.987,0
0.979,0.99,0.99,0
0.968,0.989,0.986,0
0.826,0.889,0.917,1
0.979,0.99,0.986,0
0.972,0.982,0.989,0
0.816,0.879,0.926,1
0.836,0.889,0.924,1
0.978,0.975,0.982,0
0.798,0.889,0.927,1
0.968,0.988,0.988,0
0.845,0.9,0.909,1
0.974,0.987,0.987,0
0.982,0.988,0.984,0
0.97,0.992,0.99,0
0.975,0.98,0.992,0
0.819,0.898,0.904,1
0.976,0.985,0.988,0
0.836,0.873,0.912,1
0.817,0.903,0.9,1
0.851,0.899,0.905,1
0.827,0.894,0.918,1
0.978,0.986,0.994,0
0.83,0.898,0.917,1
0.976,0.994,0.982,0
0.826,0.904,0.899,1
0.977,0.986,0.989,0
0.974,0.985,0.985,0
0.981,0.986,0.989,0
0.977,0.988,0.985,0
0.851,0.871,0.908,1
0.971,0.982,0.987,0
0.833,0.898,0.916,1
0.966,0.983,0.989,0
0.979,0.988,0.99,0
0.831,0.895,0.908,1
0.833,0.876,0.914,1
0.817,0.887,0.912,1
0.832,0.893,0.911,1
0.838,0.89,0.921,1
0.974,0.988,0.992,0
0.977,0.982,0.986,0
0.975,0.986,0.992,0
0.833,0.891,0.916,1
0.982,0.982,0.994,0
0.82,0.895,0.916,1
0.973,0.989,0.99,0
0.982,0.986,0.988,0
0.974,0.987,0.989,0
0.982,0.991,0.988,0
0.971,0.987,0.99,0
0.817,0.884,0.908,1
0.974,0.994,0.99,0
0.843,0.867,0.917,1
0.983,0.988,0.991,0
0.976,0.986,0.983,0
0.971,0.983,0.989,0
0.981,0.991,0.988,0
0.981,0.983,0.992,0
0.829,0.886,0.918,1
0.967,0.988,0.99,0
0.98,0.986,0.989,0
0.975,0.978,0.989,0
0.833,0.877,0.928,1
0.965,0.987,0.987,0
0.847,0.899,0.902,1
0.843,0.881,0.914,1
0.983,0.986,0.984,0
0.971,0.989,0.991,0
0.974,0.985,0.992,0
0.975,0.991,0.989,0
0.97,0.987,0.992,0
0.813,0.889,0.923,1
0.829,0.893,0.925,1
0.987,0.984,0.987,0
0.814,0.881,0.911,1
0.821,0.88,0.924,1
0.981,0.993,0.987,0
0.819,0.871,0.915,1
0.963,0.991,0.99,0
0.972,0.987,0.991,0
0.987,0.994,0.992,0
0.854,0.873,0.887,1
0.972,0.99,0.995,0
0.975,0.993,0.992,0
0.965,0.984,0.988,0
0.823,0.897,0.927,1
0.984,0.978,0.992,0
0.978,0.986,0.995,0
0.975,0.985,0.984,0
0.844,0.887,0.909,1
0.967,0.985,0.992,0
0.819,0.895,0.916,1
0.972,0.984,0.989,0
0.971,0.985,0.988,0
0.972,0.988,0.991,0
0.824,0.888,0.919,1
0.978,0.983,0.985,0
0.798,0.879,0.916,1
0.825,0.894,0.917,1
0.977,0.99,0.986,0
0.974,0.988,0.987,0
0.827,0.885,0.906,1
0.838,0.878,0.902,1
0.804,0.896,0.905,1
0.967,0.987,0.993,0
0.973,0.985,0.991,0
0.977,0.983,0.988,0
0.971,0.993,0.991,0
0.819,0.872,0.912,1
0.838,0.891,0.907,1
0.797,0.901,0.916,1
0.977,0.985,0.992,0
0.975,0.987,0.989,0
0.977,0.984,0.987,0
0.963,0.994,0.991,0
0.973,0.988,0.988,0
0.971,0.986,0.979,0
0.966,0.99,0.989,0
0.977,0.985,0.995,0
0.815,0.905,0.911,1
0.831,0.885,0.9,1
0.981,0.99,0.985,0
0.81,0.888,0.923,1
0.971,0.989,0.99,0
0.825,0.886,0.915,1
0.971,0.989,0.984,0
0.976,0.983,0.994,0
0.831,0.879,0.92,1
0.976,0.987,0.989,0
0.828,0.895,0.898,1
0.978,0.985,0.99,0
0.82,0.884,0.917,1
0.831,0.892,0.904,1
0.978,0.99,0.987,0
0.976,0.99,0.99,0
0.832,0.871,0.9,1
0.838,0.889,0.913,1
0.854,0.903,0.92,1
0.83,0.892,0.919,1
0.826,0.874,0.933,1
0.981,0.984,0.989,0
0.977,0.977,0.992,0
0.972,0.984,0.99,0
0.844,0.87,0.914,1
0.973,0.987,0.992,0
0.846,0.879,0.922,1
0.974,0.987,0.981,0
0.832,0.875,0.9,1
0.972,0.981,0.99,0
0.979,0.989,0.98,0
0.971,0.993,0.989,0
0.802,0.892,0.909,1
0.84,0.871,0.904,1
0.98,0.989,0.99,0
0.98,0.988,0.988,0
0.979,0.99,0.99,0
0.974,0.984,0.992,0
0.98,0.987,0.989,0
0.833,0.893,0.92,1
0.984,0.987,0.993,0
0.974,0.989,0.994,0
0.971,0.98,0.988,0
0.833,0.896,0.922,1
0.807,0.9,0.901,1
0.973,0.99,0.993,0
0.977,0.994,0.989,0
0.834,0.876,0.914,1
0.839,0.876,0.916,1
0.969,0.987,0.994,0
0.821,0.89,0.928,1
0.811,0.88,0.93,1
0.971,0.991,0.989,0
0.976,0.986,0.988,0
0.975,0.991,0.99,0
0.984,0.987,0.99,0
0.975,0.983,0.986,0
0.825,0.91,0.916,1
0.826,0.881,0.915,1
0.842,0.88,0.907,1
0.818,0.881,0.906,1
0.816,0.898,0.917,1
0.829,0.902,0.918,1
0.833,0.897,0.92,1
0.821,0.902,0.916,1
0.98,0.99,0.989,0
0.826,0.88,0.914,1
0.978,0.989,0.985,0
0.82,0.891,0.913,1
0.981,0.988,0.989,0
0.973,0.985,0.989,0
0.968,0.989,0.994,0
0.974,0.985,0.995,0
0.83,0.892,0.916,1
0.816,0.876,0.908,1
0.831,0.893,0.916,1
0.831,0.901,0.915,1
0.98,0.987,0.991,0
0.817,0.886,0.92,1
0.839,0.884,0.919,1
0.833,0.89,0.905,1
0.828,0.878,0.907,1
0.98,0.992,0.991,0
0.834,0.88,0.906,1
0.981,0.987,0.98,0
0.824,0.892,0.908,1
0.978,0.988,0.988,0
0.976,0.986,0.981,0
0.819,0.875,0.919,1
0.826,0.883,0.916,1
0.838,0.882,0.915,1
0.825,0.885,0.915,1
0.833,0.895,0.913,1
0.969,0.983,0.986,0
0.97,0.981,0.988,0
0.962,0.989,0.993,0
0.976,0.984,0.992,0
0.979,0.981,0.989,0
0.982,0.985,0.988,0
0.826,0.904,0.914,1
0.834,0.881,0.898,1
0.973,0.984,0.993,0
0.81,0.88,0.919,1
0.814,0.895,0.917,1
0.985,0.978,0.991,0
0.827,0.885,0.9,1
0.972,0.992,0.992,0
0.837,0.881,0.898,1
0.97,0.993,0.988,0
0.97,0.991,0.982,0
0.833,0.879,0.914,1
0.817,0.886,0.904,1
0.973,0.984,0.987,0
0.83,0.893,0.917,1
0.814,0.885,0.889,1
0.97,0.982,0.988,0
0.835,0.867,0.909,1
0.984,0.984,0.991,0
0.816,0.89,0.901,1
0.833,0.886,0.912,1
0.973,0.981,0.989,0
0.835,0.889,0.915,1
0.969,0.987,0.99,0
0.849,0.899,0.923,1
0.973,0.987,0.993,0
0.966,0.988,0.992,0
0.834,0.893,0.902,1
0.98,0.985,0.991,0
0.832,0.893,0.918,1
0.982,0.983,0.988,0
0.98,0.982,0.992,0
0.98,0.992,0.99,0
0.849,0.892,0.907,1
0.958,0.982,0.986,0
0.972,0.989,0.982,0
0.974,0.983,0.988,0
0.982,0.984,0.987,0
0.986,0.986,0.991,0
0.981,0.993,0.987,0
0.827,0.886,0.91,1
0.98,0.988,0.991,0
0.842,0.881,0.908,1
0.974,0.984,0.987,0
0.831,0.882,0.912,1
0.979,0.996,0.99,0
0.978,0.987,0.98,0
0.972,0.983,0.993,0
0.82,0.861,0.914,1
0.976,0.993,0.993,0
0.976,0.988,0.989,0
0.783,0.901,0.921,1
0.83,0.899,0.922,1
0.835,0.885,0.905,1
0.972,0.983,0.992,0
0.965,0.988,0.992,0
0.82,0.884,0.909,1
0.974,0.994,0.985,0
0.82,0.882,0.921,1
0.835,0.898,0.901,1
0.817,0.864,0.911,1
0.847,0.887,0.918,1
0.835,0.877,0.901,1
0.969,0.985,0.993,0
0.968,0.982,0.992,0
0.971,0.983,0.983,0
0.813,0.881,0.915,1
0.819,0.878,0.905,1
0.828,0.891,0.918,1
0.823,0.881,0.9,1
0.811,0.894,0.918,1
0.974,0.978,0.985,0
0.839,0.9,0.913,1
0.975,0.988,0.986,0
0.966,0.994,0.993,0
0.829,0.881,0.923,1
0.972,0.986,0.994,0
0.981,0.981,0.985,0
0.971,0.985,0.98,0
0.825,0.902,0.918,1
0.98,0.99,0.987,0
0.979,0.988,0.994,0
0.967,0.989,0.992,0
0.965,0.989,0.988,0
0.832,0.886,0.91,1
0.975,0.986,0.991,0
0.82,0.889,0.896,1
0.978,0.984,0.986,0
0.977,0.99,0.991,0
0.824,0.899,0.918,1
0.817,0.897,0.916,1
0.974,0.987,0.991,0
0.813,0.874,0.9,1
0.802,0.906,0.921,1
0.972,0.988,0.988,0
0.828,0.886,0.906,1
0.971,0.989,0.986,0
0.83,0.884,0.917,1
0.974,0.986,0.988,0
0.969,0.984,0.991,0
0.819,0.877,0.91,1
0.978,0.982,0.993,0
0.97,0.986,0.994,0
0.832,0.89,0.912,1
0.97,0.98,0.989,0
0.987,0.985,0.988,0
0.808,0.885,0.905,1
0.976,0.985,0.99,0
0.834,0.884,0.906,1
0.969,0.988,0.996,0
0.856,0.902,0.927,1
0.829,0.873,0.901,1
0.98,0.977,0.988,0
0.854,0.891,0.906,1
0.982,0.985,0.991,0
0.82,0.895,0.908,1
0.977,0.989,0.986,0
0.971,0.991,0.991,0
0.842,0.893,0.9,1
0.838,0.876,0.92,1
0.967,0.987,0.989,0
0.842,0.889,0.911,1
0.821,0.883,0.919,1
0.965,0.986,0.988,0
0.959,0.99,0.992,0
0.972,0.987,0.988,0
0.98,0.979,0.992,0
0.973,0.989,0.989,0
0.821,0.902,0.908,1
0.967,0.983,0.99,0
0.824,0.88,0.917,1
0.823,0.887,0.91,1
0.977,0.983,0.991,0
0.822,0.902,0.884,1
0.825,0.883,0.926,1
0.979,0.986,0.991,0
0.829,0.87,0.916,1
0.978,0.986,0.986,0
0.977,0.987,0.985,0
0.98,0.979,0.992,0
0.973,0.98,0.986,0
0.973,0.982,0.989,0
0.975,0.989,0.992,0
0.83,0.889,0.908,1
0.984,0.994,0.986,0
0.975,0.99,0.984,0
0.97,0.982,0.988,0
0.824,0.877,0.905,1
0.825,0.892,0.906,1
0.972,0.989,0.995,0
0.98,0.983,0.985,0
0.976,0.987,0.988,0
0.839,0.895,0.93,1
0.804,0.891,0.908,1
0.972,0.983,0.992,0
0.838,0.895,0.916,1
0.836,0.892,0.909,1
0.979,0.988,0.995,0
0.981,0.984,0.989,0
0.83,0.88,0.916,1
0.971,0.983,0.989,0
0.814,0.892,0.909,1
0.819,0.884,0.902,1
0.846,0.896,0.925,1
0.984,0.988,0.99,0
0.817,0.884,0.916,1
0.969,0.989,0.985,0
0.975,0.981,0.992,0
0.822,0.878,0.912,1
0.827,0.895,0.88,1
0.963,0.987,0.993,0
0.974,0.979,0.99,0
0.823,0.891,0.916,1
0.836,0.89,0.921,1
0.817,0.899,0.905,1
0.968,0.983,0.987,0
0.968,0.991,0.983,0
0.845,0.898,0.925,1
0.837,0.897,0.91,1
0.973,0.981,0.996,0
0.84,0.883,0.923,1
0.973,0.989,0.99,0
0.979,0.987,0.993,0
0.829,0.889,0.897,1
0.981,0.993,0.984,0
0.98,0.984,0.996,0
0.973,0.989,0.987,0
0.975,0.981,0.988,0
0.825,0.884,0.913,1
0.84,0.905,0.9,1
0.977,0.983,0.99,0
0.821,0.882,0.912,1
0.84,0.899,0.913,1
0.979,0.985,0.987,0
0.972,0.985,0.987,0
0.825,0.902,0.932,1
0.817,0.886,0.908,1
0.828,0.893,0.906,1
0.974,0.983,0.981,0
0.825,0.885,0.926,1
0.824,0.911,0.915,1
0.836,0.899,0.924,1
0.842,0.883,0.925,1
0.847,0.893,0.897,1
0.822,0.877,0.916,1
0.974,0.99,0.989,0
0.841,0.897,0.921,1
0.975,0.986,0.989,0
0.974,0.989,0.99,0
0.974,0.992,0.988,0
0.973,0.989,0.992,0
0.822,0.879,0.914,1
0.975,0.986,0.995,0
0.98,0.99,0.991,0
0.968,0.99,0.986,0
0.971,0.986,0.993,0
0.976,0.99,0.989,0
0.98,0.984,0.989,0
0.836,0.894,0.9,1
0.975,0.992,0.987,0
0.969,0.985,0.988,0
0.847,0.891,0.92,1
0.824,0.872,0.905,1
0.982,0.986,0.988,0
0.969,0.987,0.986,0
0.818,0.901,0.924,1
0.813,0.884,0.919,1
0.848,0.874,0.912,1
0.979,0.992,0.989,0
0.83,0.878,0.905,1
0.827,0.89,0.919,1
0.837,0.885,0.91,1
0.813,0.905,0.91,1
0.845,0.901,0.909,1
0.835,0.866,0.897,1
0.975,0.986,0.991,0
0.968,0.985,0.988,0
0.972,0.985,0.99,0
0.841,0.881,0.921,1
0.843,0.886,0.912,1
0.823,0.884,0.913,1
0.834,0.884,0.925,1
0.816,0.9,0.919,1
0.835,0.886,0.916,1
0.979,0.983,0.992,0
0.828,0.9,0.918,1
0.974,0.988,0.989,0
0.977,0.982,0.991,0
0.975,0.988,0.989,0
0.815,0.898,0.91,1
0.828,0.896,0.911,1
0.976,0.987,0.995,0
0.97,0.99,0.994,0
0.976,0.984,0.99,0
0.84,0.898,0.911,1
0.817,0.887,0.931,1
0.823,0.9,0.923,1
0.84,0.9,0.913,1
0.974,0.988,0.993,0
0.839,0.888,0.921,1
0.983,0.988,0.985,0
0.826,0.905,0.91,1
0.974,0.98,0.986,0
0.968,0.991,0.99,0
0.971,0.984,0.993,0
0.823,0.89,0.916,1
0.979,0.984,0.991,0
0.838,0.88,0.914,1
0.834,0.907,0.911,1
0.82,0.885,0.901,1
0.973,0.99,0.995,0
0.826,0.895,0.913,1
0.982,0.987,0.99,0
0.973,0.986,0.991,0
0.843,0.885,0.913,1
0.825,0.884,0.914,1
0.846,0.893,0.921,1
0.847,0.908,0.926,1
0.848,0.903,0.923,1
0.981,0.982,0.988,0
0.975,0.992,0.986,0
0.979,0.986,0.991,0
0.978,0.991,0.986,0
0.837,0.876,0.917,1
0.831,0.881,0.924,1
0.977,0.985,0.989,0
0.982,0.985,0.983,0
0.971,0.989,0.992,0
0.976,0.984,0.989,0
0.971,0.982,0.991,0
0.973,0.986,0.991,0
0.975,0.99,0.989,0
0.814,0.881,0.924,1
0.819,0.887,0.905,1
0.98,0.991,0.988,0
0.966,0.986,0.989,0
0.82,0.894,0.904,1
0.971,0.978,0.994,0
0.805,0.883,0.91,1
0.979,0.984,0.985,0
0.975,0.99,0.991,0
0.967,0.984,0.991,0
0.827,0.892,0.911,1
0.835,0.878,0.915,1
0.829,0.878,0.893,1
0.982,0.983,0.989,0
0.971,0.98,0.992,0
0.977,0.992,0.991,0
0.984,0.987,0.987,0
0.976,0.978,0.989,0
0.975,0.988,0.994,0
0.975,0.986,0.995,0
0.975,0.979,0.992,0
0.841,0.905,0.906,1
0.815,0.901,0.905,1
0.974,0.988,0.983,0
0.832,0.876,0.926,1
0.967,0.991,0.991,0
0.82,0.891,0.92,1
0.825,0.886,0.921,1
0.832,0.882,0.918,1
0.973,0.985,0.988,0
0.84,0.889,0.916,1
0.813,0.89,0.928,1
0.973,0.993,0.99,0
0.842,0.881,0.913,1
0.975,0.983,0.986,0
0.974,0.989,0.985,0
0.978,0.98,0.985,0
0.983,0.989,0.985,0
0.968,0.989,0.985,0
0.827,0.867,0.899,1
0.838,0.886,0.915,1
0.978,0.985,0.984,0
0.826,0.905,0.907,1
0.817,0.869,0.926,1
0.98,0.991,0.992,0
0.979,0.99,0.992,0
0.831,0.899,0.887,1
0.822,0.885,0.9,1
0.965,0.988,0.992,0
0.842,0.894,0.907,1
0.814,0.879,0.905,1
0.97,0.977,0.992,0
0.972,0.985,0.993,0
0.971,0.988,0.991,0
0.838,0.893,0.924,1
0.976,0.987,0.982,0
0.977,0.991,0.99,0
0.835,0.901,0.926,1
0.822,0.886,0.921,1
0.839,0.896,0.91,1
0.976,0.988,0.991,0
0.837,0.883,0.915,1
0.823,0.896,0.93,1
0.979,0.986,0.992,0
0.977,0.986,0.994,0
0.807,0.9,0.898,1
0.97,0.991,0.987,0
0.828,0.897,0.922,1
0.839,0.896,0.906,1
0.979,0.987,0.996,0
0.98,0.991,0.993,0
0.973,0.982,0.986,0
0.82,0.879,0.924,1
0.819,0.905,0.917,1
0.975,0.992,0.988,0
0.977,0.988,0.991,0
0.973,0.985,0.992,0
0.839,0.894,0.907,1
0.972,0.988,0.99,0
0.978,0.985,0.99,0
0.835,0.892,0.914,1
0.803,0.892,0.912,1
0.973,0.983,0.99,0
0.979,0.987,0.989,0
0.978,0.985,0.99,0
0.97,0.993,0.986,0
0.973,0.991,0.992,0
0.832,0.901,0.911,1
0.979,0.978,0.99,0
0.97,0.985,0.99,0
0.982,0.987,0.991,0
0.972,0.985,0.995,0
0.979,0.988,0.992,0
0.826,0.873,0.907,1
0.828,0.883,0.909,1
0.971,0.98,0.988,0
0.823,0.898,0.908,1
0.971,0.988,0.995,0
0.815,0.892,0.914,1
0.979,0.988,0.986,0
0.973,0.99,0.994,0
0.978,0.988,0.992,0
0.84,0.88,0.91,1
0.815,0.901,0.906,1
0.814,0.88,0.913,1
0.986,0.986,0.989,0
0.845,0.888,0.91,1
0.823,0.907,0.903,1
0.82,0.896,0.912,1
0.83,0.891,0.913,1
0.973,0.985,0.989,0
0.834,0.899,0.926,1
0.971,0.986,0.987,0
0.839,0.891,0.911,1
0.983,0.99,0.986,0
0.972,0.985,0.989,0
0.828,0.897,0.923,1
0.972,0.985,0.99,0
0.97,0.986,0.987,0
0.975,0.989,0.991,0
0.817,0.899,0.933,1
0.822,0.874,0.927,1
0.976,0.985,0.989,0
0.971,0.986,0.989,0
0.836,0.894,0.915,1
0.975,0.982,0.991,0
0.966,0.991,0.99,0
0.828,0.881,0.926,1
0.827,0.898,0.909,1
0.82,0.877,0.913,1
0.822,0.888,0.913,1
0.976,0.988,0.991,0
0.968,0.989,0.986,0
0.966,0.985,0.99,0
0.968,0.984,0.989,0
0.974,0.981,0.988,0
0.974,0.988,0.991,0
0.836,0.917,0.919,1
0.971,0.983,0.993,0
0.972,0.992,0.989,0
0.974,0.987,0.989,0
0.975,0.987,0.989,0
0.982,0.989,0.986,0
0.778,0.889,0.923,1
0.822,0.869,0.907,1
0.977,0.983,0.99,0
0.811,0.894,0.907,1
0.811,0.903,0.918,1
0.828,0.874,0.92,1
0.795,0.897,0.926,1
0.818,0.891,0.912,1
0.825,0.896,0.906,1
0.841,0.884,0.917,1
0.984,0.989,0.989,0
0.977,0.983,0.993,0
0.819,0.886,0.907,1
0.972,0.993,0.993,0
0.976,0.993,0.991,0
0.829,0.881,0.911,1
0.974,0.991,0.992,0
0.833,0.881,0.929,1
0.988,0.987,0.994,0
0.98,0.987,0.995,0
0.813,0.89,0.915,1
0.84,0.877,0.907,1
0.825,0.87,0.913,1
0.817,0.893,0.915,1
0.978,0.982,0.996,0
0.971,0.986,0.986,0
0.971,0.988,0.989,0
0.819,0.881,0.9,1
0.847,0.871,0.927,1
0.832,0.889,0.912,1
0.829,0.881,0.916,1
0.979,0.983,0.985,0
0.98,0.989,0.991,0
0.844,0.879,0.907,1
0.977,0.991,0.99,0
0.837,0.88,0.897,1
0.978,0.984,0.992,0
0.966,0.977,0.98,0
0.977,0.986,0.991,0
0.976,0.986,0.989,0
0.845,0.89,0.919,1
0.974,0.984,0.994,0
0.821,0.907,0.913,1
0.832,0.88,0.9,1
0.821,0.865,0.901,1
0.968,0.987,0.994,0
0.833,0.878,0.907,1
0.98,0.989,0.985,0
0.979,0.989,0.995,0
0.983,0.986,0.986,0
0.818,0.894,0.935,1
0.819,0.899,0.909,1
0.837,0.868,0.906,1
0.832,0.871,0.907,1
0.828,0.899,0.919,1
0.979,0.988,0.988,0
0.968,0.983,0.991,0
0.821,0.896,0.909,1
0.975,0.986,0.991,0
0.969,0.985,0.994,0
0.844,0.891,0.892,1
0.837,0.884,0.907,1
0.976,0.983,0.989,0
0.977,0.99,0.987,0
0.978,0.989,0.991,0
0.97,0.985,0.986,0
0.83,0.871,0.903,1
0.981,0.989,0.993,0
0.977,0.984,0.989,0
0.97,0.985,0.993,0
0.824,0.883,0.912,1
0.969,0.983,0.989,0
0.968,0.987,0.991,0
0.824,0.902,0.926,1
0.977,0.99,0.98,0
0.835,0.882,0.916,1
0.832,0.882,0.911,1
0.977,0.985,0.987,0
0.973,0.984,0.989,0
0.979,0.983,0.987,0
0.84,0.901,0.92,1
0.809,0.886,0.912,1
0.969,0.993,0.99,0
0.974,0.985,0.988,0
0.979,0.985,0.99,0
0.823,0.894,0.917,1
0.975,0.991,0.988,0
0.843,0.885,0.924,1
0.815,0.887,0.905,1
0.975,0.989,0.983,0
0.969,0.99,0.993,0
0.983,0.992,0.989,0
0.842,0.887,0.897,1
0.967,0.992,0.992,0
0.84,0.875,0.924,1
0.968,0.988,0.992,0
0.827,0.896,0.892,1
0.838,0.899,0.916,1
0.976,0.986,0.989,0
0.973,0.981,0.987,0
0.832,0.893,0.918,1
0.799,0.876,0.907,1
0.833,0.9,0.895,1
0.974,0.987,0.989,0
0.975,0.985,0.99,0
0.814,0.892,0.916,1
0.975,0.985,0.984,0
0.822,0.891,0.888,1
0.976,0.989,0.99,0
0.968,0.993,0.991,0
0.832,0.88,0.912,1
0.828,0.883,0.903,1
0.829,0.914,0.927,1
0.835,0.882,0.914,1
0.846,0.883,0.905,1
0.834,0.894,0.901,1
0.968,0.986,0.991,0
0.83,0.89,0.931,1
0.812,0.897,0.908,1
0.815,0.883,0.913,1
0.978,0.983,0.991,0
0.84,0.89,0.908,1
0.97,0.981,0.988,0
0.814,0.896,0.909,1
0.982,0.989,0.982,0
0.826,0.894,0.925,1
0.975,0.984,0.989,0
0.835,0.885,0.888,1
0.825,0.896,0.925,1
0.82,0.878,0.925,1
0.969,0.987,0.99,0
0.828,0.882,0.93,1
0.972,0.991,0.989,0
0.819,0.902,0.911,1
0.979,0.989,0.991,0
0.837,0.891,0.913,1
0.979,0.983,0.993,0
0.979,0.982,0.985,0
0.825,0.876,0.921,1
0.971,0.987,0.991,0
0.979,0.986,0.99,0
0.842,0.895,0.919,1
0.822,0.894,0.913,1
0.824,0.889,0.91,1
0.819,0.868,0.909,1
0.973,0.99,0.986,0
0.831,0.876,0.904,1
0.975,0.984,0.986,0
0.838,0.878,0.912,1
0.846,0.889,0.927,1
0.823,0.869,0.909,1
0.838,0.875,0.911,1
0.814,0.877,0.92,1
0.832,0.889,0.901,1
0.844,0.907,0.913,1
0.975,0.987,0.99,0
0.802,0.893,0.906,1
0.977,0.984,0.987,0
0.845,0.888,0.918,1
0.971,0.986,0.993,0
0.818,0.893,0.915,1
0.821,0.888,0.906,1
0.819,0.874,0.911,1
0.825,0.895,0.901,1
0.968,0.983,0.985,0
0.832,0.881,0.914,1
0.822,0.884,0.919,1
0.831,0.904,0.918,1
0.844,0.891,0.896,1
0.977,0.982,0.993,0
0.982,0.994,0.983,0
0.841,0.881,0.923,1
0.835,0.896,0.909,1
0.821,0.88,0.906,1
0.968,0.987,0.988,0
0.846,0.899,0.91,1
0.811,0.904,0.92,1
0.98,0.987,0.989,0
0.97,0.986,0.991,0
0.838,0.891,0.922,1
0.976,0.985,0.987,0
0.97,0.988,0.981,0
0.847,0.897,0.92,1
0.822,0.885,0.909,1
0.847,0.886,0.921,1
0.824,0.896,0.921,1
0.823,0.88,0.906,1
0.975,0.991,0.991,0
0.972,0.989,0.994,0
0.964,0.985,0.99,0
0.981,0.988,0.985,0
0.977,0.989,0.993,0
0.829,0.896,0.902,1
0.968,0.985,0.985,0
0.838,0.881,0.904,1
0.814,0.88,0.918,1
0.816,0.897,0.916,1
0.827,0.877,0.92,1
0.969,0.989,0.988,0
0.962,0.982,0.987,0
0.976,0.989,0.99,0
0.984,0.99,0.983,0
0.824,0.889,0.904,1
0.981,0.994,0.986,0
0.97,0.992,0.986,0
0.808,0.887,0.917,1
0.977,0.99,0.984,0
0.828,0.877,0.907,1
0.831,0.894,0.923,1
0.834,0.888,0.913,1
0.971,0.983,0.988,0
0.835,0.878,0.919,1
0.972,0.98,0.992,0
0.837,0.891,0.908,1
0.836,0.893,0.915,1
0.822,0.887,0.906,1
0.825,0.892,0.913,1
0.972,0.983,0.98,0
0.971,0.985,0.989,0
0.84,0.879,0.91,1
0.979,0.984,0.989,0
0.84,0.896,0.901,1
0.843,0.89,0.902,1
0.975,0.986,0.99,0
0.846,0.893,0.919,1
0.967,0.988,0.987,0
0.826,0.892,0.915,1
0.839,0.897,0.903,1
0.824,0.897,0.907,1
0.846,0.886,0.914,1
0.969,0.991,0.99,0
0.839,0.886,0.911,1
0.805,0.901,0.903,1
0.979,0.989,0.99,0
0.822,0.893,0.923,1
0.815,0.876,0.915,1
0.978,0.987,0.99,0
0.974,0.987,0.987,0
0.827,0.891,0.92,1
0.978,0.98,0.988,0
0.826,0.871,0.903,1
0.98,0.988,0.989,0
0.827,0.885,0.91,1
0.965,0.986,0.993,0
0.822,0.913,0.915,1
0.817,0.887,0.908,1
0.832,0.9,0.935,1
0.973,0.987,0.991,0
0.819,0.894,0.933,1
0.819,0.894,0.909,1
0.818,0.895,0.916,1
0.971,0.977,0.987,0
0.843,0.879,0.924,1
0.976,0.982,0.987,0
0.827,0.872,0.909,1
0.97,0.986,0.991,0
0.975,0.982,0.988,0
0.848,0.877,0.914,1
0.978,0.988,0.991,0
0.841,0.909,0.927,1
0.973,0.987,0.99,0
0.828,0.882,0.926,1
0.975,0.983,0.985,0
0.976,0.982,0.99,0
0.969,0.987,0.991,0
0.979,0.983,0.99,0
0.825,0.89,0.912,1
0.817,0.896,0.916,1
0.82,0.872,0.908,1
0.83,0.879,0.931,1
0.819,0.903,0.926,1
0.832,0.889,0.922,1
0.989,0.99,0.983,0
0.833,0.887,0.911,1
0.98,0.989,0.991,0
0.84,0.893,0.914,1
0.834,0.891,0.933,1
0.972,0.989,0.986,0
0.818,0.878,0.904,1
0.829,0.879,0.887,1
0.825,0.871,0.921,1
0.97,0.986,0.991,0
0.969,0.986,0.99,0
0.824,0.888,0.902,1
0.835,0.897,0.931,1
0.854,0.902,0.918,1
0.814,0.872,0.905,1
0.971,0.988,0.994,0
0.85,0.904,0.913,1
0.811,0.897,0.908,1
0.829,0.89,0.909,1
0.81,0.88,0.909,1
0.818,0.895,0.932,1
0.969,0.988,0.991,0
0.969,0.991,0.985,0
0.815,0.868,0.904,1
0.839,0.914,0.899,1
0.963,0.988,0.99,0
0.976,0.982,0.987,0
0.982,0.986,0.988,0
0.821,0.897,0.907,1
0.813,0.885,0.927,1
0.808,0.889,0.902,1
0.97,0.987,0.988,0
0.833,0.885,0.927,1
0.842,0.882,0.917,1
0.823,0.882,0.92,1
0.823,0.895,0.901,1
0.986,0.985,0.988,0
0.817,0.884,0.902,1
0.839,0.884,0.913,1
0.814,0.876,0.918,1
0.832,0.895,0.917,1
0.831,0.881,0.925,1
0.821,0.891,0.924,1
0.981,0.988,0.99,0
0.837,0.883,0.915,1
0.827,0.888,0.91,1
0.846,0.887,0.909,1
0.963,0.989,0.979,0
0.829,0.883,0.91,1
0.961,0.987,0.988,0
0.962,0.986,0.99,0
0.98,0.984,0.988,0
0.975,0.99,0.986,0
0.842,0.875,0.918,1
0.841,0.89,0.899,1
0.973,0.982,0.981,0
0.844,0.891,0.911,1
0.833,0.887,0.911,1
0.98,0.988,0.99,0
0.968,0.984,0.99,0
0.968,0.98,0.987,0
0.964,0.989,0.981,0
0.847,0.874,0.915,1
0.828,0.898,0.899,1
0.976,0.989,0.985,0
0.969,0.988,0.992,0
0.973,0.986,0.99,0
0.835,0.905,0.907,1
0.839,0.896,0.916,1
0.976,0.984,0.989,0
0.838,0.879,0.904,1
0.843,0.905,0.895,1
0.835,0.901,0.892,1
0.831,0.905,0.926,1
0.83,0.903,0.913,1
0.972,0.987,0.994,0
0.971,0.982,0.993,0
0.978,0.985,0.991,0
0.976,0.993,0.993,0
0.82,0.878,0.911,1
0.823,0.889,0.919,1
0.98,0.984,0.989,0
0.835,0.875,0.902,1
0.844,0.885,0.916,1
0.84,0.904,0.909,1
0.974,0.982,0.989,0
0.97,0.979,0.988,0
0.983,0.988,0.988,0
0.983,0.984,0.989,0
0.847,0.875,0.908,1
0.971,0.986,0.985,0
0.966,0.984,0.989,0
0.979,0.982,0.988,0
0.968,0.985,0.988,0
0.979,0.988,0.987,0
0.827,0.894,0.909,1
0.973,0.986,0.992,0
0.834,0.885,0.916,1
0.819,0.897,0.907,1
0.816,0.886,0.911,1
0.97,0.984,0.987,0
0.815,0.899,0.903,1
0.976,0.986,0.988,0
0.823,0.887,0.911,1
0.823,0.894,0.917,1
0.977,0.989,0.989,0
0.981,0.989,0.994,0
0.975,0.982,0.994,0
0.828,0.888,0.906,1
0.97,0.984,0.992,0
0.982,0.979,0.99,0
0.834,0.899,0.91,1
0.84,0.895,0.903,1
0.965,0.987,0.987,0
0.845,0.895,0.911,1
0.812,0.889,0.897,1
0.972,0.984,0.996,0
0.985,0.985,0.992,0
0.967,0.978,0.99,0
0.828,0.869,0.907,1
0.97,0.989,0.992,0
0.986,0.985,0.987,0
0.843,0.893,0.906,1
0.814,0.875,0.901,1
0.979,0.988,0.99,0
0.833,0.894,0.914,1
0.969,0.99,0.987,0
0.983,0.983,0.988,0
0.827,0.906,0.916,1
0.972,0.984,0.993,0
0.824,0.876,0.928,1
0.975,0.987,0.982,0
0.97,0.979,0.992,0
0.97,0.988,0.989,0
0.966,0.984,0.993,0
0.981,0.981,0.991,0
0.837,0.894,0.904,1
0.981,0.979,0.993,0
0.827,0.894,0.918,1
0.982,0.99,0.989,0
0.836,0.897,0.926,1
0.845,0.902,0.925,1
0.979,0.979,0.986,0
0.978,0.985,0.99,0
0.842,0.887,0.926,1
0.821,0.888,0.912,1
0.839,0.891,0.912,1
0.83,0.883,0.926,1
0.974,0.989,0.989,0
0.824,0.881,0.924,1
0.825,0.884,0.913,1
0.816,0.872,0.92,1
0.982,0.989,0.989,0
0.837,0.884,0.92,1
0.822,0.893,0.908,1
0.975,0.99,0.984,0
0.971,0.983,0.989,0
0.974,0.986,0.988,0
0.97,0.986,0.984,0
0.983,0.984,0.992,0
0.978,0.98,0.99,0
0.844,0.884,0.893,1
0.979,0.99,0.988,0
0.811,0.891,0.902,1
0.831,0.899,0.908,1
0.98,0.984,0.986,0
0.83,0.891,0.919,1
0.831,0.898,0.906,1
0.831,0.887,0.899,1
0.976,0.981,0.991,0
0.968,0.985,0.989,0
0.967,0.988,0.989,0
0.976,0.985,0.99,0
0.821,0.898,0.906,1
0.848,0.899,0.905,1
0.84,0.902,0.907,1
0.973,0.981,0.989,0
0.83,0.887,0.911,1
0.98,0.992,0.988,0
0.975,0.984,0.987,0
0.975,0.993,0.985,0
0.811,0.888,0.926,1
0.829,0.889,0.919,1
0.976,0.985,0.988,0
0.975,0.989,0.985,0
0.811,0.898,0.909,1
0.819,0.89,0.903,1
0.818,0.896,0.908,1
0.979,0.989,0.987,0
0.822,0.887,0.913,1
0.813,0.883,0.906,1
0.831,0.889,0.909,1
0.981,0.983,0.99,0
0.819,0.899,0.909,1
0.841,0.901,0.904,1
0.818,0.865,0.919,1
0.975,0.988,0.994,0
0.825,0.894,0.921,1
0.97,0.989,0.99,0
0.975,0.986,0.988,0
0.838,0.881,0.919,1
0.829,0.894,0.91,1
0.818,0.883,0.924,1
0.824,0.898,0.904,1
0.834,0.896,0.915,1
0.962,0.992,0.992,0
0.822,0.884,0.905,1
0.975,0.981,0.987,0
0.827,0.878,0.917,1
0.977,0.989,0.986,0
0.984,0.985,0.992,0
0.849,0.897,0.912,1
0.844,0.886,0.911,1
0.815,0.88,0.921,1
0.821,0.892,0.905,1
0.983,0.985,0.993,0
0.973,0.989,0.992,0
0.815,0.879,0.92,1
0.973,0.984,0.993,0
0.977,0.991,0.991,0
0.815,0.884,0.908,1
0.813,0.894,0.918,1
0.829,0.88,0.908,1
0.972,0.983,0.991,0
0.81,0.899,0.911,1
0.984,0.983,0.985,0
0.819,0.881,0.911,1
0.975,0.99,0.99,0
0.975,0.988,0.987,0
0.976,0.986,0.995,0
0.818,0.876,0.918,1
0.981,0.993,0.988,0
0.827,0.891,0.914,1
0.977,0.988,0.986,0
0.981,0.983,0.996,0
0.972,0.985,0.984,0
0.978,0.988,0.99,0
0.979,0.985,0.989,0
0.981,0.988,0.989,0
0.977,0.981,0.988,0
0.833,0.888,0.924,1
0.981,0.989,0.991,0
0.834,0.892,0.917,1
0.973,0.993,0.986,0
0.831,0.892,0.915,1
0.823,0.877,0.92,1
0.823,0.904,0.905,1
0.984,0.988,0.993,0
0.822,0.886,0.927,1
0.967,0.988,0.993,0
0.975,0.985,0.992,0
0.974,0.985,0.988,0
0.974,0.986,0.993,0
0.984,0.986,0.991,0
0.976,0.987,0.986,0
0.974,0.987,0.989,0
0.831,0.903,0.9,1
0.812,0.886,0.909,1
0.829,0.869,0.914,1
0.976,0.989,0.993,0
0.832,0.887,0.933,1
0.803,0.871,0.905,1
0.982,0.991,0.995,0
0.968,0.987,0.987,0
0.976,0.99,0.989,0
0.833,0.885,0.919,1
0.832,0.889,0.924,1
0.821,0.887,0.914,1
0.838,0.9,0.92,1
0.831,0.9,0.912,1
0.819,0.897,0.915,1
0.834,0.901,0.911,1
0.83,0.901,0.914,1
0.986,0.99,0.99,0
0.81,0.883,0.929,1
0.832,0.887,0.931,1
0.98,0.987,0.987,0
0.812,0.896,0.928,1
0.974,0.988,0.988,0
0.822,0.89,0.922,1
0.978,0.988,0.99,0
0.968,0.985,0.988,0
0.98,0.982,0.984,0
0.976,0.991,0.991,0
0.814,0.876,0.925,1
0.829,0.891,0.912,1
0.973,0.982,0.991,0
0.817,0.886,0.906,1
0.973,0.981,0.992,0
0.965,0.994,0.986,0
0.809,0.892,0.901,1
0.822,0.898,0.927,1
0.844,0.886,0.92,1
0.973,0.986,0.992,0
0.978,0.986,0.991,0
0.82,0.903,0.909,1
0.97,0.983,0.983,0
0.846,0.893,0.914,1
0.975,0.987,0.986,0
0.823,0.892,0.919,1
0.975,0.988,0.99,0
0.971,0.986,0.982,0
0.844,0.894,0.903,1
0.843,0.888,0.902,1
0.969,0.99,0.988,0
0.836,0.885,0.906,1
0.809,0.89,0.908,1
0.835,0.893,0.891,1
0.847,0.895,0.909,1
0.801,0.899,0.905,1
0.828,0.896,0.92,1
0.823,0.893,0.91,1
0.983,0.986,0.992,0
0.97,0.983,0.986,0
0.977,0.988,0.988,0
0.971,0.982,0.988,0
0.835,0.892,0.912,1
0.818,0.895,0.905,1
0.827,0.905,0.912,1
0.842,0.871,0.912,1
0.83,0.891,0.922,1
0.839,0.891,0.923,1
0.844,0.868,0.915,1
0.979,0.983,0.992,0
0.812,0.873,0.899,1
0.843,0.891,0.914,1
0.805,0.891,0.904,1
0.972,0.983,0.994,0
0.971,0.991,0.993,0
0.981,0.988,0.993,0
0.829,0.889,0.904,1
0.813,0.901,0.895,1
0.822,0.885,0.912,1
0.814,0.872,0.898,1
0.833,0.883,0.919,1
0.968,0.986,0.99,0
0.833,0.891,0.9,1
0.978,0.98,0.987,0
0.979,0.985,0.98,0
0.84,0.884,0.909,1
0.975,0.984,0.994,0
0.809,0.88,0.907,1
0.96,0.983,0.993,0
0.84,0.886,0.907,1
0.978,0.989,0.991,0
0.979,0.989,0.986,0
0.974,0.984,0.983,0
0.809,0.864,0.915,1
0.823,0.884,0.915,1
0.963,0.981,0.987,0
0.98,0.986,0.982,0
0.98,0.984,0.993,0
0.829,0.878,0.916,1
0.974,0.978,0.987,0
0.975,0.985,0.99,0
0.837,0.889,0.916,1
0.975,0.989,0.989,0
0.978,0.993,0.992,0
0.825,0.892,0.916,1
0.981,0.989,0.988,0
0.828,0.897,0.919,1
0.981,0.987,0.992,0
0.835,0.901,0.923,1
0.837,0.888,0.902,1
0.841,0.886,0.907,1
0.972,0.976,0.993,0
0.842,0.903,0.917,1
0.97,0.994,0.986,0
0.983,0.989,0.989,0
0.968,0.989,0.991,0
0.977,0.98,0.989,0
0.981,0.985,0.986,0
0.838,0.874,0.901,1
0.975,0.986,0.992,0
0.808,0.885,0.911,1
0.968,0.984,0.988,0
0.984,0.989,0.992,0
0.978,0.985,0.989,0
0.859,0.885,0.9,1
0.972,0.989,0.988,0
0.977,0.989,0.982,0
0.83,0.887,0.911,1
0.973,0.985,0.992,0
0.846,0.897,0.895,1
0.813,0.885,0.912,1
0.826,0.877,0.922,1
0.968,0.981,0.989,0
0.972,0.989,0.992,0
0.83,0.896,0.906,1
0.97,0.981,0.987,0
0.968,0.988,0.982,0
0.812,0.884,0.906,1
0.966,0.989,0.988,0
0.979,0.979,0.989,0
0.974,0.99,0.991,0
0.967,0.991,0.992,0
0.841,0.886,0.923,1
0.968,0.984,0.987,0
0.824,0.866,0.916,1
0.839,0.883,0.926,1
0.979,0.983,0.977,0
0.845,0.879,0.907,1
0.836,0.893,0.917,1
0.974,0.988,0.995,0
0.817,0.884,0.905,1
0.822,0.908,0.914,1
0.977,0.986,0.989,0
0.811,0.865,0.905,1
0.862,0.895,0.904,1
0.824,0.895,0.911,1
0.965,0.986,0.987,0
0.812,0.882,0.907,1
0.829,0.901,0.917,1
0.809,0.883,0.921,1
0.972,0.987,0.993,0
0.804,0.892,0.9,1
0.976,0.982,0.987,0
0.839,0.886,0.913,1
0.859,0.885,0.913,1
0.835,0.907,0.908,1
0.969,0.986,0.988,0
0.976,0.988,0.992,0
0.977,0.984,0.992,0
0.826,0.898,0.914,1
0.835,0.9,0.905,1
0.976,0.99,0.991,0
0.98,0.985,0.985,0
0.825,0.904,0.927,1
0.97,0.989,0.988,0
0.968,0.983,0.983,0
0.816,0.895,0.91,1
0.973,0.978,0.988,0
0.829,0.898,0.914,1
0.831,0.888,0.912,1
0.836,0.893,0.917,1
0.842,0.883,0.921,1
0.97,0.992,0.992,0
0.818,0.87,0.921,1
0.988,0.979,0.991,0
0.978,0.987,0.99,0
0.816,0.892,0.912,1
0.972,0.982,0.988,0
0.976,0.99,0.991,0
0.843,0.891,0.915,1
0.98,0.99,0.986,0
0.835,0.893,0.905,1
0.974,0.989,0.989,0
0.977,0.977,0.99,0
0.984,0.984,0.991,0
0.823,0.877,0.918,1
0.817,0.866,0.913,1
0.98,0.987,0.987,0
0.979,0.989,0.992,0
0.976,0.989,0.986,0
0.842,0.905,0.905,1
0.985,0.983,0.986,0
0.973,0.988,0.987,0
0.977,0.983,0.988,0
0.981,0.994,0.989,0
0.831,0.89,0.914,1
0.858,0.911,0.919,1
0.84,0.875,0.921,1
0.831,0.904,0.932,1
0.968,0.988,0.987,0
0.837,0.876,0.913,1
0.971,0.986,0.995,0
0.972,0.98,0.986,0
0.973,0.99,0.989,0
0.811,0.904,0.923,1
0.977,0.987,0.989,0
0.833,0.884,0.915,1
0.84,0.891,0.909,1
0.982,0.98,0.986,0
0.842,0.898,0.918,1
0.84,0.882,0.928,1
0.974,0.99,0.986,0
0.977,0.981,0.99,0
0.828,0.882,0.923,1
0.84,0.906,0.912,1
0.979,0.987,0.988,0
0.966,0.984,0.994,0
0.853,0.9,0.917,1
0.852,0.894,0.907,1
0.976,0.981,0.988,0
0.832,0.894,0.915,1
0.806,0.893,0.924,1
0.972,0.991,0.992,0
0.818,0.887,0.911,1
0.98,0.986,0.99,0
0.985,0.987,0.987,0
0.984,0.986,0.992,0
0.977,0.992,0.986,0
0.967,0.988,0.993,0
0.975,0.988,0.988,0
0.819,0.879,0.908,1
0.844,0.893,0.907,1
0.973,0.988,0.99,0
0.973,0.989,0.986,0
0.838,0.903,0.921,1
0.979,0.985,0.986,0
0.827,0.877,0.911,1
0.814,0.89,0.897,1
0.976,0.985,0.984,0
0.979,0.983,0.991,0
0.83,0.883,0.922,1
0.817,0.885,0.921,1
0.975,0.99,0.99,0
0.812,0.87,0.921,1
0.975,0.988,0.991,0
0.814,0.878,0.906,1
0.974,0.987,0.988,0
0.984,0.991,0.989,0
0.834,0.874,0.916,1
0.834,0.9,0.915,1
0.968,0.982,0.985,0
0.828,0.887,0.911,1
0.971,0.988,0.989,0
0.977,0.985,0.996,0
0.972,0.986,0.988,0
0.82,0.885,0.913,1
0.969,0.985,0.991,0
0.827,0.896,0.906,1
0.843,0.907,0.913,1
0.976,0.986,0.996,0
0.969,0.983,0.984,0
0.817,0.894,0.92,1
0.972,0.986,0.985,0
0.846,0.892,0.92,1
0.828,0.892,0.922,1
0.965,0.989,0.994,0
0.849,0.897,0.91,1
0.828,0.902,0.922,1
0.824,0.889,0.923,1
0.813,0.884,0.914,1
0.973,0.992,0.986,0
0.839,0.884,0.92,1
0.974,0.987,0.988,0
0.977,0.983,0.981,0
0.975,0.987,0.993,0
0.825,0.893,0.906,1
0.815,0.898,0.918,1
0.976,0.982,0.994,0
0.81,0.896,0.908,1
0.808,0.876,0.916,1
0.815,0.88,0.908,1
0.848,0.888,0.935,1
0.837,0.892,0.933,1
0.847,0.882,0.894,1
0.824,0.885,0.902,1
0.978,0.983,0.989,0
0.979,0.982,0.987,0
0.833,0.883,0.916,1
0.827,0.893,0.904,1
0.819,0.878,0.915,1
0.845,0.886,0.898,1
0.977,0.991,0.988,0
0.826,0.893,0.923,1
0.831,0.894,0.904,1
0.84,0.896,0.883,1
0.829,0.88,0.906,1
0.979,0.988,0.982,0
0.972,0.986,0.992,0
0.819,0.895,0.91,1
0.808,0.884,0.909,1
0.982,0.991,0.987,0
0.842,0.883,0.908,1
0.84,0.898,0.916,1
0.835,0.892,0.902,1
0.838,0.896,0.915,1
0.98,0.99,0.992,0
0.82,0.892,0.907,1
0.819,0.864,0.917,1
0.839,0.886,0.92,1
0.828,0.902,0.907,1
0.974,0.984,0.988,0
0.822,0.891,0.91,1
0.846,0.884,0.906,1
0.98,0.983,0.988,0
0.843,0.893,0.918,1
0.977,0.99,0.991,0
0.975,0.993,0.988,0
0.831,0.887,0.916,1
0.838,0.894,0.901,1
0.84,0.887,0.913,1
0.978,0.983,0.99,0
0.976,0.99,0.987,0
0.831,0.903,0.913,1
0.837,0.89,0.91,1
0.827,0.89,0.911,1
0.805,0.886,0.925,1
0.971,0.979,0.99,0
0.838,0.884,0.912,1
0.812,0.877,0.926,1
0.974,0.98,0.987,0
0.976,0.991,0.989,0
0.966,0.983,0.989,0
0.974,0.989,0.989,0
0.835,0.891,0.904,1
0.831,0.883,0.925,1
0.983,0.988,0.988,0
0.854,0.886,0.908,1
0.975,0.988,0.986,0
0.827,0.905,0.917,1
0.971,0.981,0.987,0
0.971,0.989,0.988,0
0.817,0.894,0.904,1
0.973,0.984,0.99,0
0.829,0.882,0.912,1
0.816,0.908,0.918,1
0.835,0.903,0.908,1
0.978,0.98,0.99,0
0.815,0.889,0.912,1
0.834,0.885,0.901,1
0.844,0.889,0.917,1
0.823,0.883,0.914,1
0.796,0.897,0.906,1
0.973,0.992,0.991,0
0.827,0.862,0.914,1
0.985,0.984,0.989,0
0.821,0.876,0.911,1
0.969,0.987,0.984,0
0.976,0.983,0.987,0
0.841,0.88,0.895,1
0.983,0.987,0.988,0
0.979,0.976,0.991,0
0.821,0.897,0.908,1
0.982,0.987,0.99,0
0.978,0.99,0.983,0
0.978,0.991,0.987,0
0.838,0.893,0.908,1
0.97,0.986,0.99,0
0.831,0.905,0.903,1
0.814,0.893,0.91,1
0.98,0.985,0.991,0
0.816,0.891,0.918,1
0.84,0.877,0.902,1
0.824,0.906,0.905,1
0.972,0.984,0.992,0
0.838,0.882,0.908,1
0.979,0.983,0.992,0
0.825,0.887,0.922,1
0.828,0.887,0.903,1
0.821,0.899,0.924,1
0.971,0.981,0.984,0
0.829,0.878,0.916,1
0.838,0.895,0.904,1
0.832,0.88,0.911,1
0.977,0.985,0.991,0
0.836,0.86,0.933,1
0.836,0.878,0.899,1
0.827,0.89,0.919,1
0.854,0.891,0.893,1
0.977,0.986,0.989,0
0.844,0.878,0.917,1
0.853,0.886,0.928,1
0.979,0.99,0.991,0
0.828,0.909,0.927,1
0.967,0.986,0.988,0
0.826,0.899,0.914,1
0.806,0.881,0.897,1
0.821,0.877,0.923,1
0.838,0.885,0.908,1
0.977,0.983,0.989,0
0.854,0.889,0.914,1
0.972,0.991,0.991,0
0.974,0.988,0.987,0
0.979,0.986,0.99,0
0.842,0.888,0.922,1
0.836,0.891,0.911,1
0.977,0.989,0.993,0
0.847,0.884,0.927,1
0.976,0.987,0.991,0
0.969,0.982,0.993,0
0.836,0.887,0.908,1
0.823,0.882,0.914,1
0.965,0.989,0.985,0
0.978,0.987,0.988,0
0.987,0.985,0.996,0
0.969,0.983,0.994,0
0.825,0.882,0.906,1
0.813,0.883,0.909,1
0.973,0.991,0.994,0
0.844,0.873,0.912,1
0.827,0.89,0.914,1
0.981,0.986,0.984,0
0.834,0.896,0.917,1
0.833,0.887,0.915,1
0.806,0.892,0.916,1
0.792,0.895,0.902,1
0.838,0.893,0.914,1
0.848,0.881,0.908,1
0.821,0.889,0.913,1
0.977,0.987,0.988,0
0.977,0.986,0.988,0
0.978,0.984,0.993,0
0.969,0.99,0.983,0
0.804,0.869,0.908,1
0.831,0.871,0.902,1
0.841,0.9,0.896,1
0.976,0.982,0.987,0
0.833,0.884,0.924,1
0.821,0.877,0.899,1
0.977,0.992,0.99,0
0.838,0.88,0.911,1
0.83,0.885,0.914,1
0.975,0.981,0.993,0
0.82,0.885,0.909,1
0.835,0.883,0.926,1
0.823,0.898,0.909,1
0.975,0.987,0.99,0
0.977,0.987,0.989,0
0.975,0.982,0.984,0
0.837,0.884,0.903,1
0.975,0.981,0.984,0
0.805,0.895,0.914,1
0.976,0.989,0.983,0
0.966,0.99,0.987,0
0.814,0.898,0.911,1
0.977,0.978,0.991,0
0.824,0.889,0.923,1
0.976,0.981,0.983,0
0.814,0.879,0.915,1
0.856,0.901,0.916,1
0.822,0.894,0.916,1
0.826,0.893,0.9,1
0.974,0.988,0.992,0
0.979,0.989,0.99,0
0.97,0.992,0.994,0
0.824,0.893,0.914,1
0.974,0.989,0.991,0
0.979,0.995,0.993,0
0.815,0.876,0.906,1
0.977,0.983,0.989,0
0.818,0.89,0.923,1
0.814,0.886,0.904,1
0.984,0.989,0.987,0
0.974,0.985,0.994,0
0.841,0.893,0.92,1
0.969,0.985,0.991,0
0.977,0.992,0.985,0
0.98,0.989,0.989,0
0.831,0.878,0.914,1
0.973,0.992,0.988,0
0.956,0.986,0.994,0
0.977,0.989,0.995,0
0.974,0.987,0.989,0
0.97,0.981,0.994,0
0.812,0.896,0.915,1
0.829,0.882,0.9,1
0.82,0.896,0.91,1
0.811,0.891,0.913,1
0.964,0.978,0.989,0
0.973,0.983,0.992,0
0.969,0.987,0.984,0
0.98,0.986,0.988,0
0.98,0.988,0.989,0
0.969,0.988,0.99,0
0.969,0.992,0.989,0
0.821,0.893,0.909,1
0.978,0.99,0.985,0
0.839,0.881,0.909,1
0.984,0.979,0.981,0
0.982,0.988,0.988,0
0.836,0.872,0.907,1
0.98,0.986,0.986,0
0.833,0.874,0.909,1
0.834,0.896,0.917,1
0.967,0.99,0.991,0
0.826,0.877,0.903,1
0.973,0.992,0.988,0
0.982,0.977,0.987,0
0.835,0.885,0.901,1
0.825,0.903,0.905,1
0.976,0.987,0.992,0
0.814,0.883,0.908,1
0.827,0.874,0.913,1
0.972,0.988,0.989,0
0.976,0.987,0.992,0
0.965,0.984,0.987,0
0.824,0.883,0.915,1
0.81,0.885,0.905,1
0.974,0.984,0.99,0
0.827,0.883,0.916,1
0.833,0.873,0.912,1
0.97,0.987,0.99,0
0.834,0.88,0.926,1
0.827,0.899,0.898,1
0.971,0.988,0.985,0
0.82,0.885,0.916,1
0.825,0.896,0.909,1
0.839,0.906,0.928,1
0.849,0.894,0.915,1
0.809,0.882,0.904,1
0.981,0.99,0.987,0
0.97,0.989,0.997,0
0.82,0.876,0.92,1
0.98,0.987,0.993,0
0.975,0.993,0.987,0
0.836,0.889,0.891,1
0.974,0.991,0.984,0
0.97,0.982,0.989,0
0.825,0.891,0.913,1
0.829,0.88,0.912,1
0.981,0.989,0.99,0
0.812,0.889,0.911,1
0.975,0.985,0.983,0
0.978,0.985,0.989,0
0.825,0.89,0.916,1
0.829,0.874,0.921,1
0.814,0.9,0.935,1
0.843,0.878,0.897,1
0.823,0.877,0.905,1
0.974,0.989,0.988,0
0.839,0.885,0.925,1
0.98,0.982,0.991,0
0.825,0.881,0.906,1
0.974,0.984,0.992,0
0.981,0.991,0.996,0
0.821,0.9,0.916,1
0.971,0.982,0.988,0
0.826,0.895,0.916,1
0.973,0.986,0.995,0
0.842,0.902,0.899,1
0.975,0.981,0.983,0
0.982,0.986,0.989,0
0.831,0.893,0.915,1
0.976,0.992,0.991,0
0.822,0.909,0.913,1
0.973,0.982,0.991,0
0.834,0.889,0.923,1
0.976,0.988,0.991,0
0.977,0.992,0.992,0
0.975,0.987,0.987,0
0.985,0.989,0.988,0
0.836,0.895,0.926,1
0.805,0.889,0.908,1
0.98,0.988,0.991,0
0.831,0.875,0.9,1
0.842,0.881,0.924,1
0.976,0.986,0.984,0
0.973,0.986,0.992,0
0.814,0.886,0.912,1
0.972,0.985,0.984,0
0.976,0.986,0.987,0
0.978,0.977,0.983,0
0.964,0.984,0.986,0
0.836,0.902,0.907,1
0.818,0.891,0.931,1
0.972,0.986,0.986,0
0.845,0.878,0.925,1
0.849,0.906,0.909,1
0.814,0.885,0.917,1
0.968,0.984,0.993,0
0.805,0.885,0.904,1
0.979,0.99,0.987,0
0.978,0.986,0.985,0
0.847,0.871,0.912,1
0.821,0.88,0.922,1
0.978,0.984,0.989,0
0.822,0.879,0.913,1
0.971,0.988,0.985,0
0.967,0.983,0.99,0
0.819,0.875,0.909,1
0.977,0.989,0.994,0
0.976,0.988,0.991,0
0.83,0.883,0.924,1
0.843,0.882,0.91,1
0.851,0.891,0.929,1
0.857,0.89,0.921,1
0.84,0.902,0.909,1
0.975,0.982,0.988,0
0.979,0.983,0.988,0
0.973,0.985,0.995,0
0.974,0.991,0.991,0
0.972,0.989,0.991,0
0.818,0.895,0.917,1
0.974,0.987,0.988,0
0.974,0.986,0.995,0
0.971,0.986,0.993,0
0.976,0.985,0.991,0
0.977,0.995,0.984,0
0.838,0.901,0.891,1
0.827,0.897,0.906,1
0.974,0.985,0.991,0
0.848,0.897,0.911,1
0.822,0.877,0.906,1
0.836,0.881,0.909,1
0.836,0.9,0.912,1
0.987,0.987,0.988,0
0.828,0.89,0.905,1
0.815,0.884,0.917,1
0.849,0.895,0.916,1
0.97,0.992,0.989,0
0.842,0.895,0.908,1
0.974,0.989,0.99,0
0.841,0.881,0.917,1
0.841,0.879,0.927,1
0.832,0.887,0.915,1
0.845,0.877,0.916,1
0.813,0.872,0.902,1
0.978,0.991,0.992,0
0.815,0.881,0.905,1
0.827,0.882,0.911,1
0.836,0.877,0.911,1
0.967,0.992,0.995,0
0.973,0.989,0.99,0
0.972,0.989,0.987,0
0.977,0.984,0.99,0
0.977,0.977,0.989,0
0.979,0.986,0.987,0
0.981,0.987,0.991,0
0.818,0.87,0.914,1
0.974,0.987,0.987,0
0.972,0.986,0.99,0
0.978,0.981,0.99,0
0.837,0.886,0.923,1
0.838,0.893,0.926,1
0.84,0.901,0.911,1
0.82,0.866,0.924,1
0.807,0.909,0.924,1
0.98,0.985,0.992,0
0.978,0.985,0.987,0
0.857,0.888,0.9,1
0.975,0.988,0.979,0
0.981,0.985,0.988,0
0.972,0.988,0.985,0
0.836,0.901,0.915,1
0.841,0.885,0.913,1
0.972,0.988,0.984,0
0.98,0.983,0.987,0
0.964,0.978,0.988,0
0.974,0.987,0.995,0
0.981,0.991,0.99,0
0.969,0.989,0.986,0
0.973,0.991,0.988,0
0.985,0.989,0.989,0
0.971,0.985,0.991,0
0.974,0.991,0.989,0
0.855,0.901,0.902,1
0.967,0.982,0.988,0
0.982,0.982,0.986,0
0.978,0.985,0.986,0
0.813,0.888,0.93,1
0.977,0.992,0.987,0
0.98,0.987,0.99,0
0.844,0.903,0.905,1
0.833,0.9,0.911,1
0.981,0.984,0.991,0
0.831,0.898,0.902,1
0.97,0.986,0.99,0
0.829,0.903,0.893,1
0.845,0.902,0.922,1
0.969,0.991,0.989,0
0.972,0.988,0.989,0
0.827,0.883,0.906,1
0.826,0.877,0.926,1
0.836,0.896,0.92,1
0.973,0.985,0.991,0
0.817,0.896,0.908,1
0.973,0.989,0.989,0
0.977,0.986,0.988,0
0.837,0.905,0.911,1
0.98,0.985,0.989,0
0.976,0.985,0.989,0
0.976,0.988,0.993,0
0.969,0.982,0.99,0
0.812,0.887,0.909,1
0.844,0.876,0.902,1
0.966,0.989,0.992,0
0.973,0.988,0.994,0
0.971,0.987,0.991,0
0.985,0.981,0.992,0
0.982,0.985,0.987,0
0.962,0.986,0.984,0
0.982,0.99,0.99,0
0.836,0.89,0.914,1
0.977,0.983,0.985,0
0.98,0.991,0.989,0
0.979,0.987,0.986,0
0.97,0.983,0.992,0
0.979,0.985,0.985,0
0.806,0.884,0.914,1
0.816,0.876,0.917,1
0.98,0.987,0.986,0
0.976,0.988,0.986,0
0.971,0.991,0.989,0
0.985,0.983,0.99,0
0.976,0.985,0.986,0
0.975,0.99,0.986,0
0.83,0.894,0.917,1
0.968,0.988,0.986,0
0.977,0.992,0.987,0
0.841,0.878,0.902,1
0.977,0.984,0.992,0
0.984,0.983,0.991,0
0.811,0.897,0.914,1
0.826,0.886,0.917,1
0.83,0.896,0.904,1
0.819,0.899,0.913,1
0.826,0.886,0.897,1
0.981,0.977,0.992,0
0.97,0.98,0.98,0
0.858,0.897,0.912,1
0.817,0.891,0.911,1
0.971,0.987,0.985,0
0.975,0.99,0.989,0
0.976,0.985,0.988,0
0.849,0.888,0.927,1
0.968,0.98,0.991,0
0.97,0.984,0.99,0
0.973,0.972,0.986,0
0.843,0.879,0.916,1
0.971,0.989,0.987,0
0.828,0.87,0.918,1
0.827,0.893,0.914,1
0.838,0.885,0.916,1
0.84,0.884,0.915,1
0.822,0.892,0.916,1
0.978,0.982,0.99,0
0.825,0.862,0.919,1
0.827,0.909,0.904,1
0.979,0.987,0.982,0
0.973,0.984,0.986,0
0.976,0.989,0.994,0
0.976,0.986,0.984,0
0.822,0.875,0.902,1
0.842,0.887,0.908,1
0.977,0.987,0.989,0
0.836,0.902,0.909,1
0.977,0.987,0.996,0
0.979,0.99,0.99,0
0.814,0.89,0.904,1
0.823,0.889,0.922,1
0.826,0.891,0.923,1
0.973,0.984,0.987,0
0.976,0.984,0.99,0
0.972,0.984,0.99,0
0.981,0.989,0.987,0
0.811,0.896,0.92,1
0.976,0.985,0.989,0
0.814,0.894,0.91,1
0.826,0.881,0.915,1
0.974,0.981,0.989,0
0.815,0.888,0.92,1
0.83,0.88,0.912,1
0.969,0.986,0.988,0
0.83,0.902,0.931,1
0.836,0.897,0.919,1
0.966,0.987,0.995,0
0.846,0.88,0.914,1
0.973,0.984,0.993,0
0.985,0.991,0.987,0
0.831,0.868,0.923,1
0.974,0.987,0.988,0
0.979,0.987,0.99,0
0.842,0.883,0.92,1
0.963,0.985,0.981,0
0.836,0.895,0.918,1
0.979,0.987,0.983,0
0.816,0.88,0.904,1
0.98,0.987,0.992,0
0.968,0.988,0.989,0
0.819,0.873,0.902,1
0.833,0.882,0.926,1
0.809,0.889,0.906,1
0.842,0.909,0.911,1
0.979,0.988,0.99,0
0.815,0.893,0.905,1
0.81,0.892,0.913,1
0.852,0.872,0.909,1
0.975,0.995,0.987,0
0.979,0.991,0.99,0
0.98,0.988,0.991,0
0.973,0.984,0.98,0
0.973,0.989,0.992,0
0.985,0.988,0.987,0
0.823,0.895,0.902,1
0.974,0.993,0.989,0
0.821,0.879,0.935,1
0.977,0.99,0.992,0
0.972,0.99,0.994,0
0.973,0.993,0.998,0
0.973,0.972,0.991,0
0.842,0.879,0.913,1
0.978,0.989,0.987,0
0.97,0.983,0.987,0
0.977,0.99,0.99,0
0.981,0.985,0.988,0
0.825,0.898,0.909,1
0.841,0.889,0.906,1
0.975,0.98,0.982,0
0.983,0.991,0.989,0
0.974,0.986,0.993,0
0.979,0.989,0.99,0
0.835,0.881,0.907,1
0.835,0.908,0.928,1
0.829,0.894,0.903,1
0.976,0.982,0.991,0
0.826,0.891,0.916,1
0.97,0.983,0.993,0
0.986,0.985,0.987,0
0.975,0.982,0.991,0
0.82,0.902,0.919,1
0.979,0.987,0.988,0
0.834,0.889,0.924,1
0.809,0.898,0.92,1
0.818,0.874,0.924,1
0.824,0.884,0.92,1
0.847,0.89,0.912,1
0.966,0.982,0.99,0
0.83,0.88,0.911,1
0.969,0.993,0.989,0
0.971,0.983,0.985,0
0.969,0.991,0.989,0
0.835,0.888,0.915,1
0.826,0.899,0.92,1
0.82,0.9,0.908,1
0.98,0.99,0.988,0
0.98,0.988,0.981,0
0.969,0.99,0.988,0
0.971,0.979,0.991,0
0.846,0.891,0.913,1
0.983,0.986,0.99,0
0.816,0.887,0.903,1
0.834,0.883,0.914,1
0.844,0.887,0.91,1
0.829,0.887,0.91,1
0.846,0.89,0.899,1
0.84,0.888,0.908,1
0.831,0.884,0.915,1
0.809,0.879,0.906,1
0.82,0.871,0.903,1
0.973,0.991,0.977,0
0.834,0.88,0.918,1
0.974,0.989,0.98,0
0.824,0.89,0.897,1
0.834,0.886,0.898,1
0.963,0.981,0.991,0
0.821,0.894,0.923,1
0.83,0.886,0.931,1
0.976,0.984,0.992,0
0.975,0.989,0.984,0
0.977,0.99,0.983,0
0.98,0.984,0.992,0
0.978,0.986,0.992,0
0.827,0.902,0.94,1
0.83,0.89,0.911,1
0.827,0.876,0.913,1
0.978,0.986,0.985,0
0.977,0.976,0.988,0
0.826,0.896,0.911,1
0.834,0.889,0.906,1
0.977,0.989,0.987,0
0.974,0.982,0.992,0
0.972,0.984,0.991,0
0.978,0.986,0.989,0
0.844,0.892,0.908,1
0.814,0.892,0.913,1
0.986,0.985,0.983,0
0.977,0.982,0.991,0
0.983,0.987,0.989,0
0.814,0.884,0.902,1
0.828,0.884,0.908,1
0.822,0.896,0.898,1
0.825,0.889,0.904,1
0.983,0.985,0.987,0
0.823,0.875,0.913,1
0.843,0.891,0.918,1
0.842,0.879,0.916,1
0.835,0.888,0.908,1
0.828,0.894,0.897,1
0.975,0.98,0.989,0
0.816,0.887,0.917,1
0.977,0.987,0.987,0
0.831,0.879,0.908,1
0.852,0.88,0.907,1
0.832,0.882,0.923,1
0.976,0.982,0.986,0
0.971,0.99,0.989,0
0.977,0.988,0.99,0
0.824,0.9,0.907,1
0.839,0.888,0.896,1
0.819,0.891,0.922,1
0.845,0.876,0.913,1
0.826,0.889,0.906,1
0.84,0.903,0.915,1
0.972,0.984,0.988,0
0.976,0.984,0.995,0
0.981,0.986,0.987,0
0.806,0.886,0.922,1
0.975,0.987,0.988,0
0.83,0.898,0.909,1
0.976,0.984,0.981,0
0.838,0.884,0.912,1
0.836,0.899,0.916,1
0.973,0.985,0.989,0
0.974,0.986,0.987,0
0.977,0.989,0.981,0
0.843,0.903,0.905,1
0.844,0.892,0.911,1
0.846,0.875,0.908,1
0.82,0.892,0.906,1
0.967,0.982,0.99,0
0.979,0.985,0.984,0
0.825,0.89,0.878,1
0.827,0.882,0.908,1
0.976,0.984,0.991,0
0.842,0.892,0.916,1
0.98,0.989,0.992,0
0.819,0.879,0.911,1
0.973,0.986,0.991,0
0.971,0.985,0.983,0
0.821,0.877,0.921,1
0.835,0.888,0.916,1
0.972,0.984,0.987,0
0.806,0.882,0.916,1
0.973,0.984,0.984,0
0.97,0.991,0.99,0
0.834,0.894,0.919,1
0.98,0.988,0.99,0
0.984,0.993,0.991,0
0.979,0.988,0.992,0
0.975,0.983,0.986,0
0.8,0.897,0.909,1
0.821,0.894,0.913,1
0.817,0.892,0.912,1
0.821,0.885,0.92,1
0.977,0.986,0.99,0
0.814,0.88,0.924,1
0.98,0.984,0.993,0
0.979,0.989,0.996,0
0.822,0.89,0.902,1
0.97,0.981,0.989,0
0.827,0.872,0.916,1
0.972,0.989,0.992,0
0.981,0.982,0.985,0
0.807,0.892,0.907,1
0.98,0.984,0.981,0
0.811,0.899,0.917,1
0.98,0.983,0.988,0
0.84,0.888,0.907,1
0.833,0.92,0.915,1
0.983,0.983,0.99,0
0.975,0.99,0.992,0
0.83,0.891,0.909,1
0.978,0.982,0.989,0
0.967,0.982,0.982,0
0.97,0.988,0.991,0
0.826,0.908,0.91,1
0.837,0.882,0.913,1
0.826,0.903,0.916,1
0.982,0.985,0.98,0
0.978,0.989,0.992,0
0.83,0.879,0.909,1
0.977,0.991,0.99,0
0.815,0.895,0.915,1
0.817,0.876,0.904,1
0.98,0.989,0.992,0
0.973,0.982,0.989,0
0.829,0.881,0.913,1
0.836,0.89,0.917,1
0.976,0.983,0.99,0
0.979,0.987,0.988,0
0.826,0.881,0.914,1
0.973,0.984,0.989,0
0.839,0.891,0.911,1
0.974,0.982,0.993,0
0.843,0.904,0.91,1
0.835,0.893,0.897,1
0.834,0.876,0.925,1
0.829,0.881,0.914,1
0.839,0.901,0.929,1
0.835,0.9,0.93,1
0.976,0.989,0.989,0
0.973,0.982,0.992,0
0.975,0.984,0.994,0
0.807,0.897,0.912,1
0.821,0.899,0.917,1
0.97,0.986,0.989,0
0.82,0.872,0.928,1
0.835,0.875,0.922,1
0.835,0.88,0.925,1
0.824,0.897,0.908,1
0.826,0.876,0.906,1
0.978,0.989,0.982,0
0.98,0.986,0.989,0
0.812,0.889,0.904,1
0.843,0.887,0.919,1
0.852,0.889,0.909,1
0.984,0.986,0.988,0
0.818,0.897,0.9,1
0.968,0.988,0.99,0
0.972,0.98,0.988,0
0.975,0.982,0.988,0
0.977,0.98,0.99,0
0.976,0.984,0.988,0
0.831,0.884,0.928,1
0.969,0.986,0.986,0
0.972,0.985,0.993,0
0.966,0.987,0.994,0
0.841,0.886,0.903,1
0.982,0.993,0.989,0
0.82,0.872,0.916,1
0.837,0.889,0.93,1
0.829,0.892,0.923,1
0.817,0.896,0.914,1
0.826,0.888,0.906,1
0.828,0.883,0.906,1
0.821,0.884,0.904,1
0.824,0.905,0.92,1
0.978,0.992,0.989,0
0.977,0.98,0.985,0
0.852,0.896,0.922,1
0.821,0.882,0.907,1
0.833,0.888,0.916,1
0.973,0.989,0.982,0
0.835,0.887,0.927,1
0.98,0.987,0.989,0
0.833,0.873,0.918,1
0.81,0.863,0.921,1
0.817,0.881,0.936,1
0.973,0.993,0.987,0
0.815,0.892,0.902,1
0.836,0.896,0.92,1
0.828,0.895,0.91,1
0.972,0.987,0.987,0
0.967,0.99,0.988,0
0.827,0.884,0.917,1
0.974,0.983,0.988,0
0.973,0.98,0.99,0
0.819,0.893,0.91,1
0.834,0.886,0.918,1
0.983,0.986,0.997,0
0.971,0.985,0.988,0
0.971,0.982,0.986,0
0.824,0.868,0.917,1
0.83,0.886,0.908,1
0.966,0.988,0.988,0
0.828,0.875,0.912,1
0.973,0.985,0.987,0
0.826,0.887,0.919,1
0.822,0.895,0.912,1
0.979,0.991,0.989,0
0.826,0.888,0.925,1
0.827,0.892,0.904,1
0.82,0.892,0.91,1
0.97,0.993,0.989,0
0.981,0.988,0.989,0
0.969,0.989,0.988,0
0.968,0.992,0.988,0
0.825,0.885,0.915,1
0.825,0.883,0.921,1
0.969,0.989,0.987,0
0.818,0.899,0.914,1
0.841,0.897,0.923,1
0.969,0.989,0.984,0
0.974,0.983,0.99,0
0.977,0.984,0.991,0
0.973,0.986,0.99,0
0.972,0.98,0.986,0
0.98,0.984,0.993,0
0.844,0.892,0.919,1
0.839,0.886,0.899,1
0.851,0.885,0.913,1
0.851,0.877,0.923,1
0.84,0.89,0.919,1
0.968,0.983,0.987,0
0.842,0.88,0.919,1
0.835,0.907,0.915,1
0.976,0.988,0.989,0
0.966,0.982,0.988,0
0.87,0.884,0.915,1
0.821,0.873,0.923,1
0.828,0.887,0.899,1
0.842,0.873,0.92,1
0.969,0.986,0.987,0
0.976,0.981,0.99,0
0.975,0.985,0.989,0
0.985,0.99,0.994,0
0.842,0.893,0.928,1
0.973,0.984,0.992,0
0.974,0.978,0.983,0
0.821,0.892,0.915,1
0.978,0.979,0.991,0
0.834,0.904,0.911,1
0.969,0.979,0.992,0
0.848,0.885,0.918,1
0.976,0.997,0.991,0
0.973,0.99,0.992,0
0.818,0.884,0.907,1
0.969,0.989,0.983,0
0.978,0.981,0.991,0
0.974,0.993,0.99,0
0.97,0.989,0.991,0
0.833,0.893,0.901,1
0.834,0.896,0.918,1
0.841,0.892,0.906,1
0.977,0.982,0.984,0
0.972,0.985,0.992,0
0.965,0.989,0.981,0
0.981,0.985,0.988,0
0.829,0.878,0.915,1
0.975,0.985,0.991,0
0.83,0.89,0.906,1
0.843,0.886,0.905,1
0.823,0.876,0.927,1
0.98,0.984,0.988,0
0.834,0.877,0.912,1
0.809,0.874,0.906,1
0.969,0.988,0.994,0
0.966,0.976,0.988,0
0.973,0.986,0.995,0
0.813,0.886,0.899,1
0.819,0.884,0.913,1
0.969,0.985,0.985,0
0.969,0.986,0.985,0
0.825,0.883,0.912,1
0.838,0.899,0.913,1
0.842,0.892,0.925,1
0.811,0.887,0.915,1
0.819,0.886,0.909,1
0.98,0.988,0.993,0
0.84,0.886,0.886,1
0.978,0.984,0.985,0
0.857,0.875,0.915,1
0.975,0.984,0.991,0
0.97,0.985,0.998,0
0.976,0.995,0.989,0
0.82,0.895,0.913,1
0.984,0.986,0.989,0
0.974,0.982,0.985,0
0.974,0.982,0.989,0
0.831,0.884,0.899,1
0.848,0.892,0.924,1
0.839,0.898,0.905,1
0.962,0.987,0.995,0
0.836,0.871,0.907,1
0.977,0.995,0.991,0
0.821,0.882,0.912,1
0.822,0.894,0.901,1
0.975,0.988,0.993,0
0.825,0.896,0.922,1
0.825,0.897,0.909,1
0.985,0.985,0.989,0
0.966,0.988,0.982,0
0.835,0.904,0.919,1
0.816,0.894,0.901,1
0.827,0.886,0.902,1
0.972,0.986,0.988,0
0.838,0.887,0.917,1
0.978,0.988,0.993,0
0.842,0.883,0.916,1
0.974,0.986,0.996,0
0.979,0.987,0.992,0
0.98,0.988,0.985,0
0.855,0.897,0.91,1
0.977,0.98,0.99,0
0.832,0.896,0.918,1
0.974,0.983,0.986,0
0.823,0.904,0.922,1
0.977,0.98,0.993,0
0.822,0.887,0.911,1
0.98,0.984,0.987,0
0.805,0.896,0.915,1
0.831,0.902,0.91,1
0.972,0.983,0.989,0
0.977,0.98,0.991,0
0.816,0.891,0.921,1
0.836,0.891,0.92,1
0.855,0.888,0.918,1
0.975,0.985,0.993,0
0.804,0.87,0.919,1
0.838,0.899,0.904,1
0.975,0.992,0.993,0
0.972,0.979,0.989,0
0.98,0.982,0.99,0
0.976,0.992,0.988,0
0.971,0.987,0.989,0
0.964,0.986,0.99,0
0.973,0.982,0.987,0
0.828,0.888,0.929,1
0.979,0.985,0.993,0
0.82,0.899,0.931,1
0.97,0.986,0.99,0
0.981,0.988,0.993,0
0.982,0.987,0.992,0
0.975,0.983,0.995,0
0.833,0.881,0.926,1
0.979,0.986,0.988,0
0.976,0.992,0.99,0
0.833,0.882,0.916,1
0.825,0.886,0.902,1
0.981,0.984,0.99,0
0.81,0.877,0.9,1
0.808,0.885,0.91,1
0.823,0.891,0.901,1
0.834,0.902,0.894,1
0.824,0.886,0.905,1
0.826,0.878,0.901,1
0.835,0.897,0.919,1
0.979,0.986,0.986,0
0.824,0.892,0.919,1
0.975,0.988,0.994,0
0.835,0.882,0.919,1
0.978,0.991,0.99,0
0.97,0.993,0.984,0
0.827,0.893,0.896,1
0.844,0.887,0.897,1
0.852,0.892,0.899,1
0.831,0.892,0.911,1
0.982,0.984,0.983,0
0.822,0.89,0.908,1
0.833,0.861,0.908,1
0.813,0.882,0.91,1
0.82,0.897,0.911,1
0.84,0.906,0.909,1
0.973,0.984,0.992,0
0.978,0.988,0.989,0
0.981,0.985,0.989,0
0.976,0.986,0.988,0
0.811,0.882,0.905,1
0.831,0.9,0.905,1
0.975,0.986,0.993,0
0.826,0.891,0.906,1
0.815,0.895,0.927,1
0.972,0.984,0.986,0
0.818,0.884,0.927,1
0.974,0.989,0.99,0
0.977,0.981,0.99,0
0.843,0.895,0.919,1
0.837,0.897,0.917,1
0.971,0.983,0.992,0
0.815,0.891,0.9,1
0.966,0.99,0.991,0
0.838,0.899,0.905,1
0.969,0.98,0.99,0
0.85,0.895,0.914,1
0.979,0.987,0.991,0
0.847,0.875,0.909,1
0.98,0.989,0.987,0
0.819,0.894,0.913,1
0.971,0.993,0.989,0
0.822,0.899,0.895,1
0.967,0.991,0.988,0
0.97,0.984,0.991,0
0.982,0.985,0.991,0
0.981,0.983,0.988,0
0.802,0.892,0.917,1
0.966,0.987,0.988,0
0.837,0.902,0.906,1
0.833,0.873,0.908,1
0.825,0.893,0.908,1
0.821,0.894,0.893,1
0.973,0.983,0.981,0
0.831,0.882,0.917,1
0.823,0.901,0.916,1
0.85,0.892,0.903,1
0.807,0.9,0.913,1
0.974,0.988,0.988,0
0.972,0.987,0.988,0
0.822,0.896,0.917,1
0.821,0.895,0.899,1
0.972,0.977,0.991,0
0.813,0.887,0.908,1
0.967,0.986,0.99,0
0.82,0.883,0.9,1
0.973,0.985,0.993,0
0.827,0.889,0.918,1
0.969,0.988,0.99,0
0.977,0.987,0.989,0
0.829,0.9,0.911,1
0.973,0.99,0.985,0
0.853,0.904,0.919,1
0.82,0.904,0.906,1
0.829,0.913,0.906,1
0.825,0.878,0.909,1
0.974,0.982,0.989,0
0.977,0.985,0.991,0
0.971,0.988,0.99,0
0.827,0.902,0.918,1
0.975,0.984,0.99,0
0.978,0.987,0.986,0
0.836,0.888,0.917,1
0.833,0.891,0.922,1
0.978,0.987,0.986,0
0.836,0.876,0.917,1
0.826,0.878,0.908,1
0.832,0.896,0.925,1
0.975,0.982,0.983,0
0.822,0.873,0.921,1
0.811,0.908,0.904,1
0.967,0.976,0.989,0
0.847,0.898,0.91,1
0.969,0.984,0.994,0
0.974,0.988,0.984,0
0.829,0.883,0.905,1
0.816,0.88,0.918,1
0.829,0.88,0.915,1
0.829,0.902,0.916,1
0.826,0.9,0.91,1
0.824,0.888,0.907,1
0.97,0.99,0.994,0
0.858,0.878,0.908,1
0.835,0.899,0.91,1
0.971,0.989,0.988,0
0.983,0.988,0.983,0
0.823,0.886,0.903,1
0.819,0.905,0.93,1
0.978,0.989,0.988,0
0.977,0.988,0.99,0
0.982,0.994,0.992,0
0.82,0.892,0.9,1
0.816,0.895,0.917,1
0.846,0.882,0.905,1
0.983,0.986,0.993,0
0.974,0.99,0.985,0
0.972,0.987,0.992,0
0.985,0.989,0.99,0
0.979,0.989,0.989,0
0.979,0.983,0.99,0
0.818,0.896,0.92,1
0.846,0.872,0.923,1
0.825,0.9,0.915,1
0.972,0.992,0.993,0
0.822,0.894,0.915,1
0.843,0.896,0.903,1
0.968,0.987,0.988,0
0.971,0.987,0.99,0
0.846,0.874,0.917,1
0.973,0.982,0.989,0
0.97,0.984,0.987,0
0.826,0.871,0.909,1
0.856,0.877,0.919,1
0.814,0.895,0.924,1
0.983,0.986,0.992,0
0.815,0.893,0.922,1
0.824,0.905,0.917,1
0.832,0.869,0.898,1
0.974,0.987,0.985,0
0.844,0.905,0.914,1
0.978,0.995,0.985,0
0.834,0.896,0.911,1
0.972,0.984,0.987,0
0.973,0.992,0.987,0
0.818,0.9,0.913,1
0.983,0.981,0.989,0
0.978,0.979,0.989,0
0.821,0.881,0.908,1
0.967,0.986,0.991,0
0.829,0.886,0.92,1
0.975,0.99,0.99,0
0.823,0.897,0.925,1
0.968,0.984,0.991,0
0.966,0.984,0.989,0
0.965,0.983,0.99,0
0.98,0.985,0.992,0
0.968,0.984,0.99,0
0.818,0.887,0.916,1
0.84,0.886,0.927,1
0.978,0.991,0.986,0
0.827,0.89,0.91,1
0.979,0.98,0.983,0
0.976,0.989,0.992,0
0.975,0.985,0.985,0
0.978,0.988,0.984,0
0.978,0.988,0.988,0
0.827,0.895,0.918,1
0.814,0.893,0.913,1
0.817,0.871,0.904,1
0.97,0.992,0.989,0
0.985,0.984,0.991,0
0.969,0.986,0.99,0
0.97,0.989,0.99,0
0.972,0.987,0.99,0
0.982,0.982,0.985,0
0.82,0.881,0.907,1
0.975,0.98,0.993,0
0.977,0.982,0.993,0
0.834,0.897,0.911,1
0.986,0.982,0.99,0
0.988,0.988,0.987,0
0.826,0.913,0.909,1
0.973,0.977,0.991,0
0.983,0.989,0.99,0
0.98,0.983,0.987,0
0.974,0.986,0.988,0
0.846,0.887,0.904,1
0.976,0.994,0.987,0
0.822,0.881,0.913,1
0.978,0.984,0.992,0
0.97,0.988,0.988,0
0.978,0.984,0.99,0
0.835,0.887,0.909,1
0.836,0.879,0.895,1
0.831,0.876,0.93,1
0.967,0.983,0.985,0
0.972,0.987,0.992,0
0.971,0.979,0.988,0
0.978,0.989,0.99,0
0.827,0.863,0.909,1
0.833,0.895,0.897,1
0.976,0.988,0.992,0
0.812,0.89,0.902,1
0.982,0.987,0.985,0
0.975,0.989,0.99,0
0.971,0.991,0.988,0
0.821,0.88,0.92,1
0.977,0.986,0.989,0
0.818,0.889,0.91,1
0.977,0.987,0.989,0
0.84,0.892,0.915,1
0.83,0.895,0.905,1
0.977,0.976,0.991,0
0.982,0.992,0.996,0
0.832,0.881,0.897,1
0.984,0.982,0.99,0
0.977,0.987,0.989,0
0.971,0.987,0.992,0
0.83,0.882,0.897,1
0.972,0.981,0.992,0
0.981,0.983,0.987,0
0.837,0.886,0.917,1
0.977,0.987,0.987,0
0.975,0.98,0.991,0
0.981,0.99,0.988,0
0.848,0.88,0.922,1
0.832,0.896,0.923,1
0.831,0.876,0.907,1
0.976,0.979,0.991,0
0.84,0.872,0.906,1
0.974,0.987,0.983,0
0.82,0.9,0.921,1
0.807,0.888,0.902,1
0.982,0.988,0.989,0
0.981,0.992,0.989,0
0.821,0.895,0.914,1
0.842,0.875,0.911,1
0.972,0.985,0.986,0
0.97,0.988,0.985,0
0.834,0.9,0.906,1
0.835,0.884,0.919,1
0.835,0.884,0.901,1
0.974,0.987,0.981,0
0.977,0.983,0.984,0
0.834,0.898,0.918,1
0.825,0.871,0.929,1
0.976,0.985,0.991,0
0.976,0.986,0.993,0
0.824,0.888,0.911,1
0.826,0.902,0.901,1
0.966,0.99,0.984,0
0.98,0.989,0.992,0
0.832,0.885,0.892,1
0.831,0.884,0.923,1
0.822,0.895,0.925,1
0.977,0.99,0.989,0
0.82,0.884,0.909,1
0.818,0.898,0.919,1
0.969,0.993,0.993,0
0.844,0.916,0.911,1
0.841,0.875,0.904,1
0.977,0.988,0.989,0
0.837,0.912,0.91,1
0.979,0.983,0.987,0
0.986,0.993,0.988,0
0.818,0.887,0.903,1
0.971,0.983,0.985,0
0.971,0.987,0.988,0
0.983,0.982,0.991,0
0.972,0.987,0.993,0
0.977,0.987,0.995,0
0.832,0.875,0.917,1
0.977,0.986,0.991,0
0.975,0.985,0.992,0
0.834,0.894,0.903,1
0.969,0.985,0.988,0
0.975,0.976,0.989,0
0.975,0.991,0.991,0
0.84,0.891,0.911,1
0.974,0.984,0.993,0
0.97,0.987,0.982,0
0.814,0.891,0.913,1
0.977,0.983,0.977,0
0.831,0.886,0.908,1
0.976,0.986,0.991,0
0.829,0.903,0.905,1
0.971,0.994,0.993,0
0.822,0.88,0.896,1
0.834,0.888,0.921,1
0.983,0.987,0.987,0
0.98,0.989,0.988,0
0.822,0.885,0.91,1
0.842,0.895,0.904,1
0.85,0.883,0.92,1
0.819,0.902,0.906,1
0.813,0.904,0.94,1
0.825,0.882,0.915,1
0.971,0.984,0.988,0
0.977,0.992,0.988,0
0.833,0.887,0.905,1
0.814,0.889,0.917,1
0.979,0.987,0.986,0
0.808,0.875,0.911,1
0.978,0.985,0.993,0
0.834,0.893,0.913,1
0.972,0.988,0.989,0
0.836,0.885,0.908,1
0.972,0.986,0.989,0
0.967,0.986,0.99,0
0.973,0.984,0.99,0
0.975,0.986,0.986,0
0.809,0.882,0.917,1
0.979,0.982,0.993,0
0.82,0.884,0.896,1
0.823,0.888,0.914,1
0.977,0.982,0.989,0
0.977,0.986,0.99,0
0.977,0.985,0.989,0
0.863,0.902,0.903,1
0.826,0.878,0.918,1
0.983,0.992,0.991,0
0.978,0.99,0.995,0
0.839,0.892,0.919,1
0.816,0.889,0.915,1
0.822,0.887,0.917,1
0.978,0.989,0.992,0
0.976,0.982,0.991,0
0.841,0.904,0.94,1
0.972,0.986,0.992,0
0.974,0.989,0.991,0
0.983,0.982,0.987,0
0.843,0.888,0.912,1
0.974,0.991,0.992,0
0.833,0.892,0.904,1
0.857,0.894,0.915,1
0.852,0.881,0.908,1
0.793,0.889,0.923,1
0.972,0.982,0.986,0
0.969,0.992,0.991,0
0.968,0.985,0.987,0
0.971,0.98,0.993,0
0.841,0.902,0.904,1
0.819,0.882,0.912,1
0.974,0.985,0.989,0
0.815,0.889,0.915,1
0.971,0.987,0.989,0
0.977,0.984,0.99,0
0.829,0.891,0.926,1
0.812,0.863,0.905,1
0.974,0.982,0.988,0
0.974,0.985,0.993,0
0.821,0.894,0.906,1
0.967,0.991,0.994,0
0.808,0.884,0.894,1
0.972,0.985,0.984,0
0.972,0.987,0.995,0
0.812,0.902,0.92,1
0.826,0.881,0.921,1
0.972,0.983,0.994,0
0.799,0.896,0.917,1
0.972,0.992,0.992,0
0.981,0.986,0.993,0
0.836,0.877,0.92,1
0.976,0.984,0.99,0
0.838,0.874,0.906,1
0.978,0.981,0.994,0
0.975,0.989,0.992,0
0.831,0.894,0.891,1
0.973,0.986,0.987,0
0.973,0.979,0.99,0
0.976,0.983,0.989,0
0.972,0.986,0.986,0
0.988,0.991,0.987,0
0.849,0.885,0.912,1
0.839,0.9,0.921,1
0.974,0.981,0.98,0
0.816,0.894,0.915,1
0.966,0.988,0.988,0
0.975,0.985,0.99,0
0.978,0.982,0.987,0
0.972,0.984,0.983,0
0.977,0.989,0.989,0
0.835,0.897,0.924,1
0.851,0.883,0.914,1
0.824,0.884,0.91,1
0.966,0.993,0.991,0
0.98,0.99,0.993,0
0.831,0.887,0.914,1
0.802,0.894,0.909,1
0.974,0.986,0.987,0
0.978,0.985,0.988,0
0.819,0.88,0.884,1
0.825,0.884,0.906,1
0.829,0.876,0.916,1
0.813,0.883,0.917,1
0.974,0.987,0.991,0
0.97,0.984,0.992,0
0.819,0.895,0.91,1
0.831,0.89,0.926,1
0.978,0.984,0.986,0
0.97,0.988,0.991,0
0.982,0.984,0.99,0
0.977,0.99,0.99,0
0.823,0.875,0.908,1
0.834,0.89,0.918,1
0.826,0.884,0.917,1
0.977,0.982,0.987,0
0.973,0.988,0.991,0
0.82,0.876,0.906,1
0.973,0.988,0.981,0
0.975,0.991,0.99,0
0.981,0.992,0.992,0
0.83,0.874,0.916,1
0.846,0.88,0.914,1
0.984,0.99,0.988,0
0.977,0.986,0.984,0
0.977,0.989,0.989,0
0.827,0.884,0.924,1
0.819,0.892,0.905,1
0.971,0.987,0.993,0
0.969,0.99,0.993,0
0.804,0.897,0.903,1
0.846,0.871,0.911,1
0.821,0.891,0.909,1
0.966,0.984,0.991,0
0.978,0.99,0.993,0
0.822,0.89,0.917,1
0.974,0.985,0.988,0
0.971,0.987,0.991,0
0.826,0.892,0.911,1
0.852,0.88,0.909,1
0.977,0.99,0.988,0
0.982,0.988,0.995,0
0.978,0.983,0.995,0
0.841,0.892,0.906,1
0.847,0.89,0.9,1
0.983,0.987,0.99,0
0.972,0.991,0.994,0
0.829,0.889,0.917,1
0.834,0.892,0.923,1
0.986,0.986,0.981,0
0.84,0.905,0.911,1
0.825,0.877,0.91,1
0.964,0.989,0.984,0
0.818,0.89,0.922,1
0.813,0.888,0.909,1
0.976,0.992,0.99,0
0.82,0.882,0.906,1
0.969,0.983,0.989,0
0.973,0.989,0.99,0
0.976,0.984,0.995,0
0.836,0.887,0.911,1
0.851,0.876,0.91,1
0.98,0.987,0.995,0
0.972,0.986,0.99,0
0.811,0.893,0.912,1
0.821,0.902,0.919,1
0.983,0.982,0.992,0
0.842,0.89,0.916,1
0.828,0.893,0.916,1
0.84,0.888,0.907,1
0.836,0.89,0.893,1
0.967,0.981,0.988,0
0.846,0.896,0.913,1
0.972,0.989,0.984,0
0.829,0.9,0.92,1
0.98,0.985,0.992,0
0.976,0.985,0.992,0
0.831,0.874,0.912,1
0.979,0.987,0.984,0
0.837,0.905,0.924,1
0.827,0.901,0.919,1
0.831,0.882,0.92,1
0.82,0.888,0.906,1
0.976,0.991,0.99,0
0.821,0.891,0.928,1
0.978,0.984,0.991,0
0.98,0.988,0.992,0
0.836,0.888,0.918,1
0.975,0.985,0.987,0
0.969,0.986,0.989,0
0.968,0.981,0.986,0
0.975,0.99,0.987,0
0.972,0.991,0.984,0
0.827,0.89,0.899,1
0.817,0.874,0.924,1
0.824,0.899,0.922,1
0.835,0.884,0.916,1
0.968,0.986,0.988,0
0.815,0.88,0.919,1
0.974,0.987,0.986,0
0.975,0.987,0.99,0
0.983,0.984,0.987,0
0.814,0.886,0.913,1
0.832,0.881,0.916,1
0.837,0.895,0.932,1
0.826,0.885,0.899,1
0.983,0.982,0.99,0
0.972,0.984,0.99,0
0.836,0.888,0.908,1
0.835,0.896,0.92,1
0.822,0.901,0.914,1
0.968,0.989,0.985,0
0.818,0.905,0.917,1
0.972,0.991,0.99,0
0.848,0.859,0.917,1
0.842,0.881,0.914,1
0.81,0.881,0.912,1
0.835,0.899,0.917,1
0.849,0.891,0.912,1
0.822,0.896,0.911,1
0.823,0.89,0.897,1
0.845,0.897,0.912,1
0.967,0.99,0.982,0
0.834,0.88,0.914,1
0.817,0.895,0.92,1
0.971,0.991,0.986,0
0.973,0.992,0.984,0
0.972,0.986,0.986,0
0.968,0.988,0.99,0
0.812,0.886,0.905,1
0.837,0.872,0.915,1
0.824,0.878,0.911,1
0.979,0.987,0.991,0
0.817,0.906,0.911,1
0.971,0.987,0.994,0
0.823,0.88,0.91,1
0.835,0.893,0.924,1
0.813,0.893,0.925,1
0.835,0.879,0.906,1
0.811,0.877,0.906,1
0.813,0.871,0.912,1
0.976,0.988,0.996,0
0.983,0.987,0.993,0
0.967,0.991,0.985,0
0.972,0.988,0.991,0
0.832,0.87,0.904,1
0.975,0.987,0.984,0
0.973,0.985,0.99,0
0.822,0.867,0.907,1
0.978,0.988,0.984,0
0.976,0.989,0.992,0
0.833,0.884,0.923,1
0.811,0.895,0.914,1
0.823,0.906,0.915,1
0.829,0.882,0.919,1
0.837,0.894,0.929,1
0.84,0.892,0.909,1
0.973,0.989,0.988,0
0.967,0.988,0.99,0
0.972,0.985,0.99,0
0.841,0.882,0.916,1
0.981,0.986,0.988,0
0.815,0.89,0.926,1
0.838,0.9,0.909,1
0.978,0.982,0.989,0
0.822,0.89,0.913,1
0.809,0.888,0.921,1
0.977,0.992,0.988,0
0.835,0.897,0.908,1
0.975,0.985,0.993,0
0.844,0.919,0.919,1
0.836,0.896,0.898,1
0.812,0.898,0.91,1
0.832,0.889,0.921,1
0.973,0.991,0.992,0
0.856,0.885,0.896,1
0.836,0.896,0.926,1
0.834,0.915,0.899,1
0.829,0.912,0.911,1
0.973,0.982,0.992,0
0.832,0.88,0.909,1
0.975,0.991,0.992,0
0.976,0.986,0.989,0
0.974,0.985,0.988,0
0.839,0.878,0.894,1
0.984,0.99,0.991,0
0.833,0.875,0.916,1
0.837,0.873,0.903,1
0.978,0.991,0.993,0
0.818,0.892,0.909,1
0.809,0.896,0.914,1
0.825,0.894,0.916,1
0.838,0.9,0.917,1
0.826,0.882,0.912,1
0.964,0.991,0.991,0
0.811,0.896,0.917,1
0.822,0.879,0.918,1
0.859,0.899,0.892,1
0.978,0.99,0.99,0
0.974,0.987,0.988,0
0.972,0.987,0.991,0
0.979,0.989,0.988,0
0.98,0.985,0.988,0
0.976,0.989,0.985,0
0.805,0.888,0.904,1
0.829,0.886,0.917,1
0.973,0.988,0.989,0
0.968,0.994,0.991,0
0.976,0.989,0.988,0
0.813,0.908,0.919,1
0.839,0.882,0.901,1
0.97,0.99,0.992,0
0.971,0.985,0.991,0
0.973,0.987,0.99,0
0.978,0.99,0.987,0
0.979,0.987,0.989,0
0.97,0.981,0.993,0
0.807,0.895,0.895,1
0.829,0.887,0.918,1
0.975,0.987,0.997,0
0.977,0.991,0.989,0
0.978,0.993,0.992,0
0.976,0.989,0.99,0
0.965,0.985,0.985,0
0.827,0.893,0.929,1
0.983,0.992,0.993,0
0.978,0.984,0.986,0
0.831,0.888,0.902,1
0.81,0.882,0.923,1
0.969,0.989,0.992,0
0.841,0.879,0.908,1
0.973,0.986,0.993,0
0.973,0.984,0.995,0
0.981,0.989,0.992,0
0.841,0.892,0.902,1
0.968,0.984,0.987,0
0.97,0.979,0.991,0
0.97,0.985,0.99,0
0.828,0.9,0.919,1
0.829,0.887,0.915,1
0.824,0.902,0.893,1
0.808,0.876,0.91,1
0.819,0.904,0.904,1
0.852,0.881,0.916,1
0.971,0.983,0.988,0
0.979,0.994,0.987,0
0.969,0.982,0.99,0
0.985,0.991,0.987,0
0.806,0.882,0.895,1
0.831,0.882,0.918,1
0.841,0.882,0.913,1
0.981,0.986,0.988,0
0.839,0.888,0.918,1
0.978,0.983,0.987,0
0.972,0.986,0.99,0
0.974,0.991,0.988,0
0.822,0.887,0.918,1
0.97,0.989,0.987,0
0.98,0.978,0.985,0
0.972,0.986,0.991,0
0.97,0.988,0.988,0
0.973,0.985,0.987,0
0.848,0.909,0.923,1
0.834,0.884,0.919,1
0.817,0.872,0.909,1
0.979,0.982,0.992,0
0.84,0.898,0.914,1
0.828,0.89,0.917,1
0.974,0.982,0.99,0
0.979,0.995,0.996,0
0.823,0.906,0.907,1
0.976,0.99,0.98,0
0.973,0.988,0.987,0
0.809,0.889,0.916,1
0.982,0.979,0.982,0
0.813,0.889,0.922,1
0.97,0.993,0.99,0
0.83,0.89,0.913,1
0.834,0.903,0.918,1
0.976,0.983,0.989,0
0.804,0.883,0.904,1
0.841,0.868,0.908,1
0.835,0.886,0.9,1
0.974,0.987,0.992,0
0.973,0.985,0.989,0
0.818,0.879,0.918,1
0.812,0.871,0.936,1
0.98,0.983,0.988,0
0.828,0.911,0.903,1
0.974,0.982,0.988,0
0.842,0.9,0.911,1
0.839,0.884,0.922,1
0.841,0.877,0.91,1
0.843,0.886,0.922,1
0.977,0.984,0.986,0
0.842,0.894,0.91,1
0.977,0.986,0.984,0
0.979,0.989,0.986,0
0.98,0.994,0.988,0
0.83,0.9,0.936,1
0.851,0.897,0.914,1
0.973,0.988,0.992,0
0.82,0.887,0.92,1
0.84,0.891,0.905,1
0.825,0.897,0.925,1
0.831,0.869,0.915,1
0.979,0.98,0.991,0
0.81,0.883,0.906,1
0.98,0.989,0.99,0
0.853,0.882,0.912,1
0.815,0.891,0.913,1
0.98,0.994,0.986,0
0.807,0.903,0.927,1
0.972,0.988,0.991,0
0.847,0.899,0.908,1
0.814,0.879,0.914,1
0.825,0.878,0.918,1
0.972,0.987,0.989,0
0.835,0.901,0.915,1
0.829,0.897,0.909,1
0.817,0.89,0.926,1
0.802,0.897,0.905,1
0.977,0.99,0.99,0
0.821,0.9,0.922,1
0.82,0.89,0.915,1
0.808,0.883,0.918,1
0.973,0.983,0.989,0
0.978,0.983,0.99,0
0.84,0.905,0.926,1
0.979,0.988,0.989,0
0.826,0.887,0.904,1
0.821,0.907,0.917,1
0.817,0.903,0.918,1
0.839,0.887,0.931,1
0.826,0.874,0.915,1
0.974,0.991,0.99,0
0.975,0.985,0.988,0
0.789,0.887,0.916,1
0.831,0.889,0.91,1
0.831,0.882,0.926,1
0.851,0.88,0.922,1
0.973,0.981,0.987,0
0.823,0.886,0.92,1
0.973,0.989,0.986,0
0.972,0.985,0.986,0
0.974,0.983,0.991,0
0.969,0.98,0.991,0
0.845,0.883,0.923,1
0.974,0.984,0.985,0
0.846,0.885,0.915,1
0.845,0.875,0.926,1
0.85,0.886,0.906,1
0.976,0.99,0.995,0
0.825,0.888,0.915,1
0.972,0.978,0.987,0
0.98,0.987,0.99,0
0.861,0.887,0.904,1
0.975,0.981,0.99,0
0.966,0.988,0.989,0
0.798,0.889,0.911,1
0.826,0.887,0.925,1
0.98,0.99,0.99,0
0.967,0.987,0.991,0
0.829,0.883,0.899,1
0.812,0.888,0.914,1
0.816,0.891,0.91,1
0.975,0.99,0.986,0
0.977,0.979,0.984,0
0.97,0.989,0.986,0
0.97,0.991,0.992,0
0.832,0.888,0.913,1
0.975,0.987,0.992,0
0.979,0.993,0.993,0
0.837,0.894,0.916,1
0.981,0.995,0.99,0
0.979,0.986,0.987,0
0.815,0.892,0.921,1
0.827,0.895,0.907,1
0.974,0.99,0.99,0
0.975,0.985,0.992,0
0.968,0.984,0.986,0
0.828,0.894,0.92,1
0.971,0.989,0.991,0
0.824,0.877,0.922,1
0.835,0.887,0.902,1
0.829,0.875,0.92,1
0.841,0.879,0.911,1
0.978,0.984,0.986,0
0.85,0.892,0.91,1
0.976,0.988,0.983,0
0.975,0.99,0.987,0
0.977,0.988,0.992,0
0.813,0.88,0.899,1
0.982,0.984,0.995,0
0.834,0.901,0.908,1
0.837,0.889,0.924,1
0.814,0.903,0.914,1
0.827,0.88,0.908,1
0.811,0.883,0.91,1
0.98,0.985,0.99,0
0.972,0.987,0.992,0
0.976,0.981,0.99,0
0.971,0.99,0.986,0
0.977,0.989,0.995,0
0.841,0.879,0.925,1
0.98,0.984,0.995,0
0.982,0.974,0.99,0
0.826,0.884,0.913,1
0.82,0.889,0.926,1
0.976,0.984,0.989,0
0.977,0.986,0.991,0
0.981,0.987,0.989,0
0.971,0.989,0.985,0
0.971,0.985,0.99,0
0.836,0.88,0.919,1
0.821,0.893,0.912,1
0.828,0.898,0.915,1
0.849,0.896,0.918,1
0.971,0.984,0.99,0
0.976,0.987,0.99,0
0.975,0.982,0.986,0
0.821,0.893,0.916,1
0.831,0.886,0.899,1
0.838,0.895,0.916,1
0.834,0.867,0.91,1
0.837,0.876,0.907,1
0.832,0.897,0.899,1
0.988,0.982,0.992,0
0.82,0.903,0.905,1
0.975,0.983,0.991,0
0.972,0.988,0.991,0
0.836,0.893,0.899,1
0.852,0.884,0.904,1
0.814,0.889,0.91,1
0.819,0.907,0.911,1
0.966,0.991,0.988,0
0.843,0.885,0.935,1
0.975,0.983,0.985,0
0.842,0.903,0.913,1
0.985,0.982,0.989,0
0.972,0.989,0.978,0
0.978,0.979,0.988,0
0.97,0.987,0.989,0
0.834,0.9,0.901,1
0.841,0.883,0.924,1
0.811,0.882,0.926,1
0.84,0.897,0.905,1
0.834,0.905,0.909,1
0.828,0.9,0.917,1
0.818,0.871,0.913,1
0.82,0.887,0.916,1
0.834,0.891,0.907,1
0.851,0.886,0.902,1
0.821,0.878,0.912,1
0.822,0.893,0.915,1
0.827,0.89,0.902,1
0.972,0.988,0.987,0
0.979,0.987,0.985,0
0.982,0.975,0.988,0
0.972,0.984,0.987,0
0.834,0.898,0.901,1
0.82,0.888,0.912,1
0.812,0.878,0.916,1
0.978,0.982,0.988,0
0.835,0.892,0.901,1
0.823,0.893,0.891,1
0.977,0.987,0.991,0
0.813,0.857,0.912,1
0.978,0.988,0.99,0
0.817,0.885,0.909,1
0.851,0.874,0.91,1
0.973,0.985,0.987,0
0.972,0.982,0.984,0
0.977,0.987,0.994,0
0.823,0.894,0.919,1
0.972,0.987,0.984,0
0.843,0.903,0.913,1
0.976,0.985,0.992,0
0.819,0.891,0.908,1
0.978,0.983,0.992,0
0.98,0.997,0.992,0
0.982,0.981,0.993,0
0.81,0.886,0.914,1
0.973,0.987,0.988,0
0.833,0.88,0.908,1
0.832,0.89,0.913,1
0.84,0.894,0.902,1
0.959,0.982,0.984,0
0.819,0.878,0.918,1
0.808,0.897,0.908,1
0.847,0.884,0.934,1
0.972,0.984,0.986,0
0.975,0.986,0.991,0
0.829,0.908,0.928,1
0.974,0.988,0.995,0
0.84,0.887,0.92,1
0.982,0.984,0.984,0
0.844,0.886,0.916,1
0.977,0.993,0.989,0
0.828,0.876,0.914,1
0.974,0.981,0.989,0
0.976,0.987,0.993,0
0.835,0.904,0.909,1
0.829,0.877,0.92,1
0.987,0.979,0.979,0
0.836,0.893,0.908,1
0.842,0.894,0.91,1
0.983,0.987,0.99,0
0.97,0.985,0.991,0
0.846,0.89,0.917,1
0.826,0.919,0.895,1
0.973,0.991,0.989,0
0.984,0.986,0.982,0
0.829,0.894,0.914,1
0.848,0.884,0.912,1
0.98,0.986,0.988,0
0.978,0.985,0.979,0
0.835,0.887,0.921,1
0.976,0.987,0.989,0
0.965,0.98,0.988,0
0.851,0.864,0.92,1
0.973,0.983,0.99,0
0.972,0.985,0.987,0
0.976,0.992,0.994,0
0.821,0.899,0.909,1
0.848,0.89,0.929,1
0.82,0.902,0.907,1
0.827,0.899,0.907,1
0.97,0.981,0.986,0
0.831,0.894,0.923,1
0.971,0.987,0.99,0
0.819,0.899,0.901,1
0.841,0.885,0.92,1
0.838,0.886,0.915,1
0.971,0.989,0.986,0
0.972,0.988,0.991,0
0.836,0.893,0.922,1
0.833,0.89,0.904,1
0.982,0.982,0.99,0
0.976,0.983,0.992,0
0.977,0.99,0.991,0
0.823,0.87,0.914,1
0.809,0.88,0.902,1
0.972,0.979,0.987,0
0.984,0.988,0.995,0
0.813,0.878,0.901,1
0.837,0.9,0.899,1
0.836,0.888,0.917,1
0.976,0.991,0.996,0
0.85,0.886,0.897,1
0.98,0.994,0.988,0
0.847,0.887,0.9,1
0.817,0.883,0.91,1
0.967,0.984,0.991,0
0.971,0.988,0.987,0
0.981,0.989,0.992,0
0.833,0.893,0.914,1
0.97,0.985,0.989,0
0.966,0.983,0.988,0
0.979,0.99,0.989,0
0.811,0.884,0.912,1
0.821,0.904,0.91,1
0.84,0.9,0.917,1
0.973,0.982,0.993,0
0.841,0.899,0.915,1
0.827,0.878,0.912,1
0.967,0.991,0.99,0
0.824,0.891,0.888,1
0.818,0.904,0.908,1
0.98,0.986,0.984,0
0.972,0.991,0.988,0
0.822,0.884,0.904,1
0.963,0.983,0.986,0
0.975,0.989,0.992,0
0.837,0.88,0.914,1
0.832,0.872,0.928,1
0.98,0.987,0.989,0
0.839,0.895,0.907,1
0.829,0.867,0.903,1
0.843,0.895,0.914,1
0.974,0.986,0.99,0
0.817,0.874,0.902,1
0.974,0.988,0.993,0
0.834,0.878,0.91,1
0.837,0.878,0.925,1
0.964,0.988,0.992,0
0.975,0.989,0.987,0
0.806,0.884,0.924,1
0.832,0.892,0.913,1
0.838,0.89,0.913,1
0.976,0.987,0.986,0
0.84,0.876,0.918,1
0.965,0.992,0.989,0
0.979,0.979,0.986,0
0.972,0.988,0.989,0
0.973,0.99,0.987,0
0.835,0.867,0.923,1
0.839,0.888,0.914,1
0.977,0.983,0.986,0
0.972,0.988,0.99,0
0.832,0.901,0.907,1
0.979,0.99,0.986,0
0.814,0.891,0.899,1
0.814,0.889,0.923,1
0.83,0.881,0.914,1
0.976,0.987,0.987,0
0.98,0.989,0.984,0
0.829,0.892,0.919,1
0.831,0.881,0.902,1
0.83,0.878,0.893,1
0.822,0.886,0.899,1
0.814,0.893,0.912,1
0.967,0.993,0.994,0
0.977,0.984,0.985,0
0.848,0.879,0.914,1
0.815,0.893,0.917,1
0.983,0.988,0.993,0
0.973,0.976,0.984,0
0.829,0.877,0.91,1
0.973,0.984,0.995,0
0.844,0.906,0.903,1
0.806,0.883,0.902,1
0.974,0.983,0.994,0
0.972,0.98,0.989,0
0.971,0.991,0.995,0
0.827,0.901,0.907,1
0.844,0.886,0.899,1
0.98,0.99,0.983,0
0.82,0.893,0.918,1
0.847,0.899,0.914,1
0.971,0.981,0.987,0
0.841,0.903,0.921,1
0.973,0.98,0.99,0
0.835,0.878,0.911,1
0.979,0.988,0.991,0
0.821,0.906,0.92,1
0.828,0.884,0.926,1
0.84,0.869,0.905,1
0.835,0.896,0.929,1
0.817,0.895,0.905,1
0.822,0.885,0.91,1
0.852,0.901,0.912,1
0.825,0.903,0.908,1
0.826,0.884,0.925,1
0.81,0.891,0.912,1
0.802,0.875,0.914,1
0.973,0.991,0.995,0
0.983,0.99,0.991,0
0.823,0.892,0.899,1
0.97,0.986,0.995,0
0.972,0.984,0.994,0
0.973,0.983,0.99,0
0.811,0.86,0.91,1
0.986,0.988,0.986,0
0.976,0.988,0.987,0
0.839,0.89,0.909,1
0.987,0.984,0.988,0
0.833,0.886,0.912,1
0.832,0.877,0.903,1
0.975,0.982,0.987,0
0.98,0.978,0.987,0
0.831,0.893,0.914,1
0.828,0.893,0.931,1
0.974,0.987,0.985,0
0.839,0.892,0.897,1
0.836,0.889,0.904,1
0.977,0.99,0.986,0
0.836,0.894,0.913,1
0.816,0.875,0.912,1
0.833,0.881,0.911,1
0.846,0.887,0.918,1
0.828,0.882,0.916,1
0.978,0.991,0.993,0
0.821,0.886,0.915,1
0.824,0.905,0.91,1
0.822,0.886,0.919,1
0.98,0.986,0.991,0
0.845,0.886,0.91,1
0.826,0.882,0.91,1
0.82,0.89,0.915,1
0.837,0.89,0.9,1
0.825,0.886,0.915,1
0.829,0.89,0.919,1
0.848,0.892,0.91,1
0.975,0.984,0.995,0
0.985,0.985,0.989,0
0.973,0.978,0.988,0
0.813,0.887,0.899,1
0.975,0.979,0.995,0
0.833,0.89,0.903,1
0.829,0.886,0.903,1
0.977,0.991,0.995,0
0.828,0.889,0.901,1
0.968,0.989,0.988,0
0.964,0.988,0.989,0
0.971,0.985,0.985,0
0.97,0.984,0.994,0
0.972,0.99,0.986,0
0.811,0.892,0.92,1
0.977,0.99,0.99,0
0.981,0.992,0.99,0
0.83,0.895,0.916,1
0.801,0.898,0.901,1
0.977,0.989,0.983,0
0.976,0.984,0.987,0
0.967,0.988,0.989,0
0.978,0.986,0.993,0
0.832,0.898,0.907,1
0.832,0.894,0.905,1
0.981,0.979,0.982,0
0.981,0.982,0.989,0
0.976,0.992,0.986,0
0.836,0.898,0.906,1
0.823,0.883,0.912,1
0.965,0.988,0.991,0
0.844,0.893,0.918,1
0.817,0.893,0.905,1
0.856,0.876,0.916,1
0.823,0.891,0.906,1
0.834,0.889,0.908,1
0.826,0.884,0.926,1
0.83,0.889,0.916,1
0.983,0.99,0.985,0
0.971,0.983,0.99,0
0.975,0.986,0.993,0
0.979,0.984,0.989,0
0.831,0.909,0.933,1
0.83,0.887,0.913,1
0.837,0.902,0.909,1
0.825,0.891,0.904,1
0.818,0.873,0.919,1
0.829,0.893,0.905,1
0.976,0.988,0.986,0
0.986,0.988,0.988,0
0.827,0.892,0.913,1
0.84,0.895,0.913,1
0.831,0.902,0.896,1
0.822,0.907,0.876,1
0.824,0.893,0.902,1
0.852,0.902,0.901,1
0.966,0.975,0.992,0
0.975,0.993,0.987,0
0.838,0.891,0.921,1
0.817,0.879,0.921,1
0.971,0.983,0.986,0
0.842,0.886,0.911,1
0.812,0.896,0.921,1
0.968,0.982,0.993,0
0.979,0.984,0.992,0
0.98,0.991,0.986,0
0.834,0.889,0.922,1
0.973,0.98,0.989,0
0.974,0.988,0.982,0
0.982,0.979,0.994,0
0.981,0.99,0.988,0
0.816,0.894,0.905,1
0.828,0.895,0.926,1
0.973,0.987,0.99,0
0.839,0.892,0.899,1
0.828,0.884,0.899,1
0.851,0.875,0.905,1
0.822,0.894,0.902,1
0.969,0.982,0.988,0
0.812,0.875,0.922,1
0.857,0.865,0.915,1
0.98,0.987,0.991,0
0.846,0.89,0.92,1
0.98,0.977,0.992,0
0.976,0.985,0.987,0
0.98,0.991,0.985,0
0.843,0.901,0.905,1
0.8,0.891,0.91,1
0.97,0.993,0.994,0
0.821,0.89,0.908,1
0.826,0.892,0.908,1
0.826,0.866,0.91,1
0.972,0.991,0.987,0
0.976,0.991,0.988,0
0.835,0.885,0.916,1
0.827,0.884,0.901,1
0.844,0.885,0.914,1
0.98,0.992,0.989,0
0.822,0.894,0.938,1
0.982,0.984,0.989,0
0.973,0.981,0.987,0
0.979,0.984,0.985,0
0.84,0.891,0.914,1
0.961,0.985,0.985,0
0.845,0.898,0.9,1
0.979,0.983,0.992,0
0.832,0.907,0.917,1
0.976,0.984,0.985,0
0.972,0.99,0.988,0
0.83,0.874,0.909,1
0.973,0.989,0.992,0
0.823,0.894,0.901,1
0.981,0.984,0.982,0
0.972,0.993,0.987,0
0.976,0.987,0.989,0
0.825,0.889,0.924,1
0.856,0.886,0.908,1
0.844,0.886,0.915,1
0.845,0.877,0.909,1
0.97,0.985,0.99,0
0.835,0.886,0.926,1
0.971,0.988,0.99,0
0.965,0.979,0.987,0
0.843,0.892,0.914,1
0.831,0.879,0.917,1
0.828,0.874,0.905,1
0.974,0.989,0.99,0
0.808,0.892,0.916,1
0.983,0.989,0.983,0
0.805,0.893,0.907,1
0.97,0.987,0.988,0
0.831,0.895,0.911,1
0.824,0.882,0.912,1
0.967,0.983,0.987,0
0.978,0.988,0.989,0
0.987,0.986,0.986,0
0.967,0.983,0.984,0
0.968,0.986,0.99,0
0.84,0.872,0.917,1
0.803,0.903,0.913,1
0.837,0.869,0.893,1
0.824,0.888,0.913,1
0.978,0.985,0.991,0
0.974,0.989,0.991,0
0.975,0.982,0.994,0
0.973,0.993,0.984,0
0.817,0.881,0.917,1
0.815,0.902,0.913,1
0.828,0.891,0.919,1
0.826,0.887,0.91,1
0.977,0.991,0.981,0
0.842,0.89,0.912,1
0.831,0.889,0.895,1
0.97,0.978,0.993,0
0.98,0.99,0.985,0
0.967,0.991,0.991,0
0.813,0.865,0.934,1
0.817,0.89,0.915,1
0.837,0.906,0.899,1
0.983,0.987,0.989,0
0.976,0.983,0.986,0
0.821,0.896,0.917,1
0.817,0.894,0.917,1
0.978,0.984,0.987,0
0.828,0.883,0.907,1
0.969,0.99,0.982,0
0.979,0.987,0.986,0
0.972,0.977,0.988,0
0.82,0.903,0.907,1
0.825,0.882,0.896,1
0.825,0.873,0.913,1
0.823,0.89,0.908,1
0.973,0.983,0.987,0
0.972,0.979,0.985,0
0.822,0.89,0.912,1
0.977,0.984,0.987,0
0.977,0.989,0.982,0
0.843,0.861,0.916,1
0.972,0.986,0.988,0
0.976,0.985,0.991,0
0.982,0.981,0.989,0
0.965,0.987,0.989,0
0.853,0.886,0.914,1
0.979,0.985,0.987,0
0.813,0.899,0.908,1
0.826,0.89,0.913,1
0.977,0.989,0.99,0
0.823,0.902,0.892,1
0.978,0.986,0.989,0
0.836,0.882,0.892,1
0.837,0.88,0.916,1
0.817,0.903,0.897,1
0.982,0.99,0.986,0
0.848,0.876,0.914,1
0.974,0.987,0.987,0
0.821,0.872,0.919,1
0.981,0.991,0.996,0
0.831,0.897,0.909,1
0.975,0.986,0.992,0
0.98,0.985,0.986,0
0.977,0.985,0.99,0
0.979,0.99,0.989,0
0.821,0.893,0.917,1
0.981,0.98,0.992,0
0.97,0.985,0.987,0
0.84,0.904,0.91,1
0.829,0.878,0.929,1
0.971,0.988,0.986,0
0.811,0.875,0.914,1
0.986,0.981,0.984,0
0.825,0.88,0.902,1
0.834,0.894,0.925,1
0.831,0.893,0.919,1
0.829,0.878,0.914,1
0.977,0.985,0.993,0
0.972,0.985,0.985,0
0.847,0.901,0.911,1
0.975,0.986,0.986,0
0.829,0.863,0.909,1
0.972,0.98,0.992,0
0.968,0.984,0.99,0
0.842,0.884,0.92,1
0.841,0.893,0.905,1
0.813,0.878,0.913,1
0.83,0.885,0.909,1
0.98,0.981,0.987,0
0.803,0.892,0.907,1
0.978,0.986,0.99,0
0.829,0.883,0.906,1
0.821,0.896,0.905,1
0.98,0.984,0.987,0
0.85,0.88,0.894,1
0.978,0.99,0.984,0
0.834,0.889,0.922,1
0.836,0.896,0.902,1
0.837,0.882,0.9,1
0.835,0.895,0.921,1
0.81,0.867,0.911,1
0.84,0.898,0.915,1
0.826,0.888,0.94,1
0.836,0.886,0.911,1
0.832,0.89,0.917,1
0.977,0.99,0.99,0
0.971,0.989,0.991,0
0.976,0.987,0.992,0
0.968,0.988,0.986,0
0.981,0.987,0.991,0
0.826,0.881,0.913,1
0.978,0.983,0.984,0
0.968,0.987,0.993,0
0.975,0.984,0.991,0
0.963,0.987,0.989,0
0.973,0.989,0.996,0
0.977,0.979,0.987,0
0.973,0.977,0.983,0
0.843,0.891,0.911,1
0.975,0.994,0.99,0
0.832,0.898,0.907,1
0.976,0.986,0.991,0
0.976,0.981,0.99,0
0.977,0.984,0.991,0
0.979,0.985,0.992,0
0.845,0.879,0.919,1
0.977,0.987,0.991,0
0.974,0.981,0.994,0
0.833,0.891,0.913,1
0.964,0.992,0.985,0
0.977,0.982,0.991,0
0.977,0.99,0.986,0
0.833,0.901,0.907,1
0.975,0.977,0.987,0
0.972,0.981,0.993,0
0.805,0.894,0.915,1
0.825,0.893,0.913,1
0.978,0.977,0.991,0
0.98,0.993,0.99,0
0.822,0.878,0.897,1
0.826,0.895,0.909,1
0.826,0.872,0.894,1
0.969,0.99,0.989,0
0.978,0.985,0.987,0
0.817,0.885,0.911,1
0.821,0.882,0.911,1
0.827,0.888,0.909,1
0.837,0.893,0.927,1
0.84,0.893,0.914,1
0.822,0.875,0.917,1
0.978,0.983,0.994,0
0.83,0.918,0.915,1
0.816,0.893,0.889,1
0.98,0.987,0.987,0
0.839,0.883,0.912,1
0.981,0.987,0.987,0
0.972,0.985,0.989,0
0.816,0.896,0.903,1
0.827,0.896,0.918,1
0.976,0.992,0.992,0
0.821,0.882,0.916,1
0.969,0.989,0.987,0
0.97,0.982,0.989,0
0.844,0.897,0.904,1
0.979,0.988,0.987,0
0.975,0.99,0.992,0
0.805,0.873,0.927,1
0.807,0.898,0.903,1
0.98,0.988,0.985,0
0.822,0.901,0.904,1
0.837,0.882,0.901,1
0.976,0.982,0.988,0
0.976,0.987,0.983,0
0.979,0.986,0.99,0
0.974,0.986,0.983,0
0.835,0.893,0.901,1
0.821,0.887,0.917,1
0.979,0.985,0.994,0
0.826,0.885,0.916,1
0.983,0.982,0.995,0
0.823,0.908,0.926,1
0.968,0.986,0.988,0
0.974,0.983,0.992,0
0.841,0.896,0.91,1
0.978,0.989,0.989,0
0.961,0.984,0.987,0
0.976,0.993,0.993,0
0.973,0.984,0.985,0
0.967,0.987,0.993,0
0.824,0.87,0.909,1
0.826,0.886,0.913,1
0.97,0.987,0.993,0
0.972,0.985,0.984,0
0.966,0.98,0.992,0
0.838,0.884,0.911,1
0.831,0.884,0.896,1
0.979,0.985,0.989,0
0.984,0.985,0.983,0
0.828,0.887,0.896,1
0.83,0.885,0.912,1
0.807,0.9,0.913,1
0.829,0.907,0.907,1
0.981,0.988,0.99,0
0.975,0.986,0.987,0
0.968,0.979,0.988,0
0.801,0.885,0.9,1
0.972,0.987,0.991,0
0.807,0.903,0.908,1
0.83,0.904,0.906,1
0.978,0.981,0.993,0
0.977,0.986,0.99,0
0.835,0.884,0.911,1
0.974,0.983,0.989,0
0.841,0.878,0.927,1
0.967,0.988,0.99,0
0.844,0.886,0.903,1
0.842,0.898,0.921,1
0.975,0.981,0.988,0
0.969,0.98,0.984,0
0.977,0.983,0.99,0
0.984,0.99,0.991,0
0.83,0.898,0.911,1
0.817,0.892,0.919,1
0.977,0.989,0.987,0
0.843,0.905,0.912,1
0.975,0.989,0.993,0
0.977,0.993,0.994,0
0.813,0.89,0.907,1
0.981,0.987,0.988,0
0.822,0.899,0.923,1
0.832,0.904,0.911,1
0.831,0.874,0.915,1
0.848,0.878,0.907,1
0.976,0.989,0.991,0
0.975,0.983,0.992,0
0.834,0.9,0.905,1
0.804,0.883,0.914,1
0.973,0.986,0.989,0
0.977,0.982,0.991,0
0.96,0.988,0.99,0
0.825,0.884,0.905,1
0.98,0.989,0.988,0
0.837,0.883,0.916,1
0.846,0.898,0.907,1
0.981,0.991,0.987,0
0.982,0.99,0.987,0
0.83,0.889,0.901,1
0.978,0.98,0.987,0
0.835,0.901,0.907,1
0.835,0.883,0.91,1
0.832,0.894,0.924,1
0.986,0.988,0.993,0
0.969,0.99,0.987,0
0.826,0.88,0.912,1
0.968,0.987,0.992,0
0.808,0.859,0.905,1
0.839,0.869,0.91,1
0.976,0.989,0.99,0
0.834,0.888,0.919,1
0.976,0.989,0.989,0
0.976,0.982,0.986,0
0.978,0.99,0.988,0
0.833,0.868,0.919,1
0.81,0.89,0.922,1
0.978,0.988,0.987,0
0.843,0.887,0.931,1
0.831,0.886,0.915,1
0.967,0.987,0.99,0
0.849,0.902,0.899,1
0.975,0.992,0.988,0
0.977,0.986,0.991,0
0.967,0.983,0.986,0
0.972,0.982,0.994,0
0.968,0.978,0.993,0
0.851,0.879,0.922,1
0.833,0.873,0.896,1
0.84,0.906,0.914,1
0.808,0.884,0.915,1
0.839,0.891,0.914,1
0.814,0.898,0.917,1
0.84,0.896,0.91,1
0.82,0.892,0.896,1
0.977,0.988,0.989,0
0.98,0.987,0.993,0
0.828,0.903,0.904,1
0.97,0.986,0.995,0
0.815,0.887,0.907,1
0.98,0.98,0.992,0
0.827,0.882,0.918,1
0.97,0.995,0.987,0
0.821,0.882,0.927,1
0.846,0.87,0.921,1
0.838,0.891,0.908,1
0.972,0.985,0.989,0
0.84,0.886,0.92,1
0.977,0.981,0.99,0
0.979,0.984,0.987,0
0.978,0.983,0.993,0
0.974,0.988,0.991,0
0.826,0.876,0.905,1
0.839,0.886,0.905,1
0.822,0.872,0.917,1
0.808,0.894,0.906,1
0.966,0.985,0.99,0
0.834,0.899,0.923,1
0.831,0.891,0.913,1
0.827,0.901,0.911,1
0.974,0.986,0.986,0
0.973,0.983,0.992,0
0.968,0.979,0.989,0
0.978,0.988,0.987,0
0.833,0.869,0.909,1
0.974,0.988,0.988,0
0.979,0.983,0.991,0
0.977,0.992,0.987,0
0.832,0.889,0.899,1
0.824,0.872,0.908,1
0.972,0.982,0.993,0
0.961,0.987,0.992,0
0.824,0.887,0.924,1
0.982,0.983,0.989,0
0.971,0.99,0.989,0
0.817,0.886,0.916,1
0.841,0.891,0.904,1
0.975,0.987,0.992,0
0.823,0.883,0.927,1
0.985,0.986,0.994,0
0.848,0.892,0.895,1
0.823,0.909,0.91,1
0.836,0.892,0.902,1
0.834,0.911,0.911,1
0.852,0.891,0.932,1
0.977,0.985,0.993,0
0.805,0.893,0.894,1
0.819,0.877,0.913,1
0.979,0.981,0.989,0
0.837,0.89,0.9,1
0.984,0.983,0.988,0
0.984,0.984,0.988,0
0.824,0.902,0.918,1
0.971,0.985,0.993,0
0.834,0.889,0.926,1
0.98,0.984,0.986,0
0.976,0.981,0.979,0
0.832,0.876,0.91,1
0.825,0.899,0.915,1
0.824,0.872,0.902,1
0.815,0.874,0.913,1
0.823,0.893,0.924,1
0.818,0.89,0.908,1
0.816,0.88,0.899,1
0.975,0.984,0.986,0
0.976,0.984,0.988,0
0.841,0.887,0.908,1
0.977,0.985,0.99,0
0.822,0.89,0.898,1
0.974,0.986,0.99,0
0.814,0.895,0.898,1
0.844,0.905,0.916,1
0.842,0.89,0.9,1
0.846,0.878,0.914,1
0.825,0.896,0.92,1
0.829,0.882,0.921,1
0.977,0.988,0.99,0
0.977,0.987,0.988,0
0.839,0.882,0.91,1
0.809,0.88,0.924,1
0.84,0.896,0.917,1
0.976,0.993,0.993,0
0.802,0.87,0.909,1
0.968,0.987,0.987,0
0.975,0.984,0.985,0
0.838,0.891,0.905,1
0.82,0.883,0.906,1
0.973,0.987,0.989,0
0.833,0.885,0.905,1
0.977,0.984,0.989,0
0.968,0.99,0.993,0
0.841,0.896,0.923,1
0.813,0.873,0.917,1
0.813,0.898,0.914,1
0.82,0.879,0.902,1
0.965,0.988,0.991,0
0.976,0.983,0.989,0
0.826,0.889,0.914,1
0.847,0.871,0.925,1
0.834,0.902,0.929,1
0.98,0.989,0.985,0
0.832,0.885,0.904,1
0.82,0.876,0.914,1
0.971,0.986,0.989,0
0.975,0.995,0.993,0
0.98,0.986,0.991,0
0.825,0.898,0.908,1
0.833,0.892,0.927,1
0.981,0.982,0.993,0
0.969,0.982,0.991,0
0.968,0.981,0.989,0
0.978,0.979,0.989,0
0.974,0.992,0.985,0
0.85,0.891,0.906,1
0.84,0.88,0.922,1
0.973,0.984,0.99,0
0.828,0.893,0.908,1
0.817,0.916,0.917,1
0.971,0.989,0.991,0
0.82,0.888,0.907,1
0.979,0.982,0.983,0
0.817,0.896,0.896,1
0.817,0.878,0.908,1
0.965,0.991,0.989,0
0.981,0.984,0.986,0
0.963,0.988,0.987,0
0.978,0.986,0.997,0
0.846,0.897,0.913,1
0.98,0.985,0.991,0
0.823,0.883,0.905,1
0.979,0.977,0.986,0
0.964,0.99,0.992,0
0.836,0.89,0.913,1
0.976,0.979,0.986,0
0.866,0.894,0.915,1
0.824,0.896,0.924,1
0.967,0.982,0.985,0
0.848,0.881,0.912,1
0.973,0.987,0.99,0
0.819,0.885,0.907,1
0.819,0.901,0.902,1
0.827,0.896,0.911,1
0.814,0.893,0.917,1
0.843,0.888,0.904,1
0.972,0.984,0.992,0
0.805,0.879,0.91,1
0.83,0.873,0.908,1
0.819,0.881,0.897,1
0.818,0.902,0.918,1
0.813,0.887,0.895,1
0.977,0.987,0.993,0
0.807,0.9,0.912,1
0.967,0.985,0.99,0
0.969,0.987,0.991,0
0.974,0.989,0.989,0
0.971,0.986,0.994,0
0.83,0.897,0.922,1
0.984,0.984,0.988,0
0.983,0.988,0.983,0
0.847,0.894,0.922,1
0.966,0.986,0.99,0
0.814,0.9,0.917,1
0.974,0.991,0.989,0
0.98,0.987,0.985,0
0.969,0.987,0.982,0
0.962,0.989,0.991,0
0.974,0.985,0.984,0
0.963,0.985,0.989,0
0.845,0.879,0.923,1
0.828,0.882,0.917,1
0.861,0.88,0.926,1
0.811,0.889,0.892,1
0.833,0.892,0.903,1
0.837,0.895,0.912,1
0.809,0.887,0.916,1
0.813,0.904,0.919,1
0.816,0.879,0.919,1
0.81,0.88,0.907,1
0.985,0.987,0.991,0
0.824,0.899,0.918,1
0.971,0.987,0.991,0
0.82,0.878,0.914,1
0.819,0.873,0.929,1
0.971,0.982,0.99,0
0.815,0.887,0.904,1
0.97,0.983,0.993,0
0.981,0.982,0.988,0
0.82,0.889,0.904,1
0.848,0.913,0.893,1
0.824,0.872,0.91,1
0.975,0.981,0.988,0
0.981,0.99,0.987,0
0.829,0.863,0.909,1
0.976,0.989,0.99,0
0.828,0.898,0.91,1
0.811,0.886,0.913,1
0.821,0.893,0.918,1
0.969,0.989,0.988,0
0.831,0.91,0.91,1
0.834,0.876,0.928,1
0.83,0.886,0.917,1
0.98,0.988,0.988,0
0.973,0.984,0.994,0
0.838,0.903,0.921,1
0.823,0.908,0.911,1
0.841,0.884,0.912,1
0.821,0.881,0.91,1
0.812,0.891,0.916,1
0.835,0.878,0.903,1
0.833,0.89,0.922,1
0.966,0.984,0.982,0
0.821,0.901,0.909,1
0.833,0.892,0.919,1
0.837,0.871,0.907,1
0.809,0.877,0.906,1
0.819,0.889,0.919,1
0.833,0.889,0.901,1
0.831,0.905,0.905,1
0.831,0.879,0.914,1
0.832,0.893,0.917,1
0.837,0.882,0.918,1
0.972,0.983,0.99,0
0.974,0.99,0.986,0
0.831,0.902,0.92,1
0.818,0.885,0.93,1
0.831,0.902,0.911,1
0.972,0.984,0.989,0
0.97,0.983,0.983,0
0.973,0.993,0.992,0
0.982,0.983,0.986,0
0.823,0.879,0.912,1
0.987,0.985,0.989,0
0.981,0.986,0.984,0
0.98,0.99,0.987,0
0.979,0.984,0.989,0
0.816,0.884,0.907,1
0.84,0.881,0.918,1
0.837,0.894,0.913,1
0.967,0.988,0.991,0
0.822,0.901,0.902,1
0.807,0.903,0.903,1
0.972,0.986,0.993,0
0.826,0.882,0.907,1
0.805,0.876,0.921,1
0.981,0.988,0.988,0
0.977,0.989,0.997,0
0.978,0.983,0.985,0
0.98,0.987,0.992,0
0.825,0.89,0.925,1
0.844,0.886,0.916,1
0.981,0.986,0.989,0
0.823,0.906,0.921,1
0.981,0.987,0.986,0
0.829,0.881,0.919,1
0.982,0.984,0.993,0
0.837,0.897,0.905,1
0.973,0.98,0.989,0
0.824,0.891,0.922,1
0.822,0.893,0.917,1
0.824,0.882,0.911,1
0.828,0.87,0.905,1
0.972,0.989,0.989,0
0.97,0.981,0.989,0
0.976,0.987,0.987,0
0.831,0.886,0.922,1
0.82,0.889,0.903,1
0.816,0.882,0.917,1
0.973,0.989,0.989,0
0.825,0.889,0.926,1
0.974,0.988,0.994,0
0.972,0.992,0.992,0
0.976,0.989,0.983,0
0.973,0.992,0.994,0
0.822,0.903,0.903,1
0.972,0.984,0.993,0
0.979,0.994,0.99,0
0.978,0.993,0.992,0
0.835,0.884,0.908,1
0.977,0.982,0.987,0
0.969,0.99,0.984,0
0.976,0.986,0.989,0
0.841,0.883,0.906,1
0.83,0.891,0.918,1
0.974,0.983,0.986,0
0.839,0.911,0.901,1
0.977,0.978,0.99,0
0.976,0.989,0.983,0
0.805,0.886,0.895,1
0.825,0.875,0.925,1
0.978,0.988,0.99,0
0.831,0.894,0.904,1
0.821,0.922,0.914,1
0.849,0.879,0.918,1
0.844,0.875,0.908,1
0.967,0.981,0.984,0
0.853,0.898,0.904,1
0.838,0.895,0.914,1
0.974,0.99,0.983,0
0.848,0.906,0.9,1
0.978,0.989,0.992,0
0.822,0.896,0.904,1
0.847,0.89,0.918,1
0.965,0.977,0.986,0
0.849,0.895,0.923,1
0.814,0.884,0.91,1
0.83,0.867,0.927,1
0.838,0.898,0.9,1
0.829,0.868,0.92,1
0.976,0.981,0.993,0
0.973,0.982,0.987,0
0.982,0.985,0.994,0
0.981,0.98,0.987,0
0.839,0.897,0.909,1
0.971,0.991,0.993,0
0.967,0.981,0.992,0
0.843,0.889,0.928,1
0.838,0.892,0.927,1
0.843,0.9,0.907,1
0.982,0.987,0.992,0
0.962,0.985,0.986,0
0.976,0.986,0.989,0
0.842,0.878,0.919,1
0.828,0.901,0.923,1
0.814,0.882,0.9,1
0.822,0.89,0.903,1
0.841,0.896,0.923,1
0.976,0.985,0.99,0
0.825,0.885,0.9,1
0.974,0.993,0.987,0
0.823,0.87,0.909,1
0.978,0.985,0.99,0
0.843,0.887,0.915,1
0.976,0.989,0.991,0
0.843,0.897,0.912,1
0.98,0.987,0.992,0
0.97,0.993,0.99,0
0.818,0.89,0.913,1
0.819,0.891,0.907,1
0.805,0.88,0.905,1
0.973,0.987,0.991,0
0.827,0.894,0.909,1
0.845,0.883,0.916,1
0.82,0.888,0.913,1
0.976,0.986,0.988,0
0.968,0.985,0.988,0
0.805,0.902,0.911,1
0.981,0.987,0.976,0
0.859,0.898,0.926,1
0.824,0.904,0.927,1
0.98,0.986,0.991,0
0.978,0.991,0.993,0
0.823,0.886,0.916,1
0.804,0.903,0.921,1
0.817,0.89,0.903,1
0.818,0.894,0.908,1
0.968,0.982,0.991,0
0.826,0.883,0.907,1
0.829,0.896,0.924,1
0.965,0.991,0.992,0
0.979,0.988,0.989,0
0.967,0.981,0.991,0
0.983,0.986,0.994,0
0.967,0.983,0.984,0
0.98,0.99,0.99,0
0.973,0.982,0.991,0
0.849,0.886,0.911,1
0.835,0.893,0.913,1
0.851,0.888,0.908,1
0.971,0.989,0.989,0
0.824,0.876,0.916,1
0.975,0.99,0.99,0
0.819,0.892,0.899,1
0.807,0.886,0.915,1
0.809,0.889,0.903,1
0.98,0.983,0.987,0
0.97,0.985,0.994,0
0.972,0.99,0.986,0
0.97,0.984,0.993,0
0.847,0.882,0.91,1
0.822,0.897,0.899,1
0.841,0.889,0.914,1
0.973,0.982,0.993,0
0.973,0.989,0.985,0
0.807,0.891,0.893,1
0.969,0.987,0.988,0
0.819,0.891,0.903,1
0.837,0.88,0.925,1
0.85,0.903,0.903,1
0.84,0.886,0.923,1
0.973,0.983,0.99,0
0.842,0.89,0.911,1
0.837,0.906,0.895,1
0.822,0.892,0.911,1
0.805,0.886,0.903,1
0.829,0.881,0.916,1
0.975,0.987,0.986,0
0.826,0.897,0.914,1
0.974,0.986,0.99,0
0.833,0.907,0.918,1
0.975,0.987,0.992,0
0.832,0.9,0.921,1
0.978,0.98,0.993,0
0.975,0.984,0.99,0
0.831,0.872,0.914,1
0.839,0.905,0.913,1
0.829,0.887,0.904,1
0.809,0.884,0.913,1
0.837,0.896,0.913,1
0.827,0.883,0.913,1
0.814,0.876,0.906,1
0.975,0.992,0.993,0
0.847,0.881,0.899,1
0.981,0.985,0.994,0
0.963,0.978,0.992,0
0.822,0.903,0.914,1
0.823,0.888,0.919,1
0.847,0.875,0.921,1
0.845,0.875,0.891,1
0.977,0.978,0.99,0
0.971,0.986,0.992,0
0.828,0.889,0.906,1
0.832,0.887,0.904,1
0.843,0.875,0.914,1
0.83,0.881,0.921,1
0.973,0.982,0.988,0
0.826,0.875,0.91,1
0.98,0.987,0.985,0
0.977,0.985,0.992,0
0.982,0.993,0.983,0
0.972,0.988,0.992,0
0.823,0.892,0.913,1
0.827,0.896,0.903,1
0.975,0.985,0.991,0
0.824,0.88,0.917,1
0.807,0.896,0.923,1
0.831,0.868,0.917,1
0.975,0.986,0.986,0
0.832,0.875,0.909,1
0.98,0.984,0.988,0
0.815,0.891,0.915,1
0.831,0.894,0.919,1
0.834,0.88,0.912,1
0.969,0.987,0.988,0
0.98,0.988,0.991,0
0.97,0.983,0.988,0
0.826,0.894,0.908,1
0.974,0.99,0.987,0
0.978,0.99,0.991,0
0.82,0.887,0.919,1
0.973,0.987,0.994,0
0.975,0.985,0.986,0
0.847,0.896,0.922,1
0.976,0.984,0.996,0
0.974,0.98,0.99,0
0.977,0.991,0.99,0
0.975,0.99,0.986,0
0.837,0.896,0.918,1
0.982,0.984,0.991,0
0.973,0.983,0.991,0
0.973,0.991,0.994,0
0.827,0.897,0.903,1
0.824,0.878,0.925,1
0.816,0.903,0.913,1
0.837,0.902,0.906,1
0.814,0.891,0.91,1
0.815,0.898,0.908,1
0.98,0.987,0.986,0
0.824,0.887,0.917,1
0.821,0.877,0.915,1
0.972,0.99,0.984,0
0.817,0.882,0.899,1
0.842,0.9,0.908,1
0.833,0.882,0.912,1
0.97,0.992,0.991,0
0.971,0.98,0.988,0
0.97,0.985,0.989,0
0.827,0.888,0.92,1
0.827,0.893,0.918,1
0.83,0.886,0.904,1
0.84,0.909,0.923,1
0.835,0.882,0.895,1
0.825,0.884,0.922,1
0.982,0.985,0.986,0
0.835,0.897,0.902,1
0.83,0.879,0.909,1
0.817,0.889,0.902,1
0.819,0.885,0.906,1
0.82,0.89,0.902,1
0.977,0.988,0.996,0
0.969,0.984,0.99,0
0.976,0.99,0.993,0
0.831,0.892,0.917,1
0.863,0.884,0.92,1
0.833,0.892,0.924,1
0.838,0.884,0.916,1
0.981,0.99,0.989,0
0.807,0.883,0.909,1
0.828,0.89,0.917,1
0.822,0.89,0.908,1
0.835,0.893,0.92,1
0.809,0.885,0.909,1
0.833,0.897,0.921,1
0.829,0.884,0.928,1
0.98,0.986,0.996,0
0.967,0.991,0.99,0
0.973,0.985,0.991,0
0.981,0.985,0.991,0
0.966,0.987,0.993,0
0.833,0.888,0.915,1
0.843,0.885,0.904,1
0.975,0.983,0.988,0
0.97,0.989,0.989,0
0.841,0.877,0.908,1
0.965,0.991,0.994,0
0.981,0.985,0.989,0
0.974,0.984,0.985,0
0.976,0.988,0.991,0
0.817,0.894,0.912,1
0.962,0.983,0.987,0
0.97,0.988,0.991,0
0.844,0.899,0.909,1
0.979,0.989,0.99,0
0.975,0.979,0.988,0
0.975,0.99,0.989,0
0.974,0.983,0.99,0
0.824,0.902,0.926,1
0.85,0.899,0.905,1
0.823,0.881,0.907,1
0.978,0.988,0.991,0
0.978,0.978,0.989,0
0.834,0.91,0.911,1
0.826,0.886,0.911,1
0.974,0.98,0.988,0
0.822,0.889,0.892,1
0.833,0.866,0.895,1
0.855,0.883,0.918,1
0.824,0.892,0.928,1
0.822,0.887,0.903,1
0.853,0.884,0.921,1
0.833,0.896,0.92,1
0.977,0.989,0.989,0
0.973,0.992,0.987,0
0.979,0.99,0.988,0
0.971,0.987,0.999,0
0.821,0.884,0.916,1
0.817,0.903,0.905,1
0.833,0.877,0.914,1
0.815,0.894,0.924,1
0.829,0.892,0.906,1
0.976,0.99,0.99,0
0.972,0.994,0.991,0
0.825,0.894,0.905,1
0.983,0.99,0.987,0
0.974,0.988,0.993,0
0.826,0.895,0.902,1
0.832,0.891,0.914,1
0.978,0.982,0.989,0
0.971,0.987,0.989,0
0.978,0.992,0.987,0
0.835,0.904,0.916,1
0.974,0.98,0.992,0
0.98,0.99,0.992,0
0.979,0.984,0.989,0
0.967,0.979,0.987,0
0.822,0.881,0.917,1
0.837,0.886,0.919,1
0.978,0.991,0.987,0
0.834,0.875,0.929,1
0.976,0.98,0.989,0
0.833,0.9,0.904,1
0.972,0.988,0.984,0
0.97,0.987,0.983,0
0.976,0.99,0.993,0
0.98,0.989,0.991,0
0.983,0.991,0.986,0
0.82,0.888,0.91,1
0.82,0.894,0.91,1
0.971,0.992,0.992,0
0.975,0.981,0.993,0
0.829,0.879,0.901,1
0.978,0.993,0.988,0
0.801,0.882,0.893,1
0.98,0.987,0.989,0
0.973,0.983,0.988,0
0.82,0.883,0.9,1
0.972,0.984,0.992,0
0.821,0.895,0.913,1
0.971,0.982,0.993,0
0.836,0.889,0.916,1
0.815,0.889,0.92,1
0.978,0.984,0.991,0
0.975,0.988,0.995,0
0.979,0.986,0.99,0
0.816,0.906,0.904,1
0.973,0.994,0.99,0
0.823,0.882,0.894,1
0.977,0.982,0.989,0
0.97,0.99,0.993,0
0.973,0.983,0.982,0
0.976,0.989,0.986,0
0.827,0.882,0.905,1
0.971,0.99,0.987,0
0.974,0.984,0.989,0
0.976,0.991,0.989,0
0.975,0.982,0.984,0
0.832,0.9,0.907,1
0.974,0.98,0.984,0
0.822,0.881,0.904,1
0.97,0.983,0.991,0
0.831,0.895,0.916,1
0.975,0.986,0.99,0
0.966,0.988,0.983,0
0.975,0.981,0.991,0
0.965,0.988,0.986,0
0.961,0.99,0.988,0
0.971,0.985,0.992,0
0.974,0.981,0.99,0
0.845,0.899,0.9,1
0.965,0.988,0.992,0
0.971,0.986,0.993,0
0.817,0.88,0.897,1
0.971,0.984,0.986,0
0.977,0.982,0.988,0
0.829,0.895,0.911,1
0.975,0.985,0.992,0
0.977,0.985,0.99,0
0.977,0.988,0.99,0
0.826,0.897,0.909,1
0.824,0.894,0.92,1
0.834,0.905,0.908,1
0.977,0.988,0.99,0
0.973,0.984,0.986,0
0.978,0.984,0.992,0
0.984,0.988,0.993,0
0.807,0.879,0.914,1
0.974,0.99,0.989,0
0.968,0.983,0.989,0
0.845,0.877,0.922,1
0.834,0.872,0.906,1
0.982,0.983,0.993,0
0.818,0.894,0.912,1
0.975,0.989,0.99,0
0.825,0.872,0.904,1
0.823,0.889,0.91,1
0.967,0.992,0.984,0
0.808,0.881,0.916,1
0.97,0.99,0.987,0
0.812,0.887,0.923,1
0.973,0.988,0.993,0
0.963,0.976,0.986,0
0.968,0.989,0.996,0
0.971,0.988,0.988,0
0.827,0.886,0.914,1
0.983,0.987,0.993,0
0.812,0.893,0.902,1
0.838,0.881,0.918,1
0.81,0.907,0.91,1
0.835,0.883,0.914,1
0.841,0.891,0.916,1
0.966,0.984,0.992,0
0.979,0.991,0.992,0
0.977,0.987,0.989,0
0.829,0.891,0.902,1
0.833,0.895,0.911,1
0.977,0.987,0.99,0
0.818,0.894,0.922,1
0.82,0.892,0.919,1
0.823,0.883,0.908,1
0.808,0.887,0.919,1
0.976,0.983,0.994,0
0.98,0.987,0.996,0
0.979,0.983,0.994,0
0.974,0.975,0.987,0
0.828,0.888,0.918,1
0.978,0.989,0.994,0
0.974,0.988,0.988,0
0.825,0.904,0.921,1
0.82,0.886,0.93,1
0.977,0.988,0.986,0
0.83,0.878,0.901,1
0.98,0.99,0.986,0
0.973,0.991,0.989,0
0.974,0.99,0.992,0
0.973,0.983,0.989,0
0.837,0.894,0.901,1
0.826,0.892,0.907,1
0.827,0.899,0.916,1
0.832,0.891,0.91,1
0.972,0.987,0.99,0
0.982,0.983,0.986,0
0.82,0.881,0.909,1
0.83,0.898,0.898,1
0.833,0.891,0.903,1
0.972,0.982,0.997,0
0.973,0.985,0.989,0
0.974,0.989,0.985,0
0.977,0.991,0.989,0
0.97,0.985,0.992,0
0.832,0.884,0.92,1
0.829,0.887,0.914,1
0.973,0.983,0.989,0
0.97,0.989,0.987,0
0.841,0.891,0.911,1
0.973,0.979,0.991,0
0.966,0.984,0.987,0
0.969,0.982,0.985,0
0.972,0.986,0.993,0
0.844,0.893,0.909,1
0.984,0.989,0.994,0
0.981,0.988,0.986,0
0.972,0.989,0.994,0
0.809,0.885,0.921,1
0.976,0.988,0.994,0
0.975,0.987,0.994,0
0.977,0.975,0.989,0
0.972,0.984,0.992,0
0.831,0.876,0.911,1
0.828,0.905,0.929,1
0.981,0.99,0.986,0
0.818,0.909,0.912,1
0.834,0.902,0.907,1
0.822,0.889,0.91,1
0.975,0.982,0.985,0
0.818,0.883,0.915,1
0.824,0.878,0.903,1
0.987,0.989,0.989,0
0.837,0.9,0.89,1
0.971,0.982,0.994,0
0.981,0.981,0.988,0
0.825,0.887,0.912,1
0.972,0.988,0.99,0
0.814,0.871,0.905,1
0.969,0.983,0.986,0
0.821,0.892,0.919,1
0.98,0.984,0.994,0
0.82,0.888,0.905,1
0.973,0.987,0.986,0
0.815,0.89,0.898,1
0.972,0.991,0.99,0
0.806,0.882,0.905,1
0.833,0.878,0.923,1
0.966,0.988,0.985,0
0.844,0.883,0.918,1
0.976,0.985,0.991,0
0.971,0.979,0.992,0
0.978,0.99,0.989,0
0.817,0.884,0.919,1
0.83,0.875,0.915,1
0.965,0.987,0.994,0
0.973,0.989,0.984,0
0.842,0.877,0.915,1
0.98,0.99,0.988,0
0.967,0.987,0.987,0
0.819,0.885,0.92,1
0.975,0.981,0.99,0
0.976,0.979,0.986,0
0.978,0.987,0.991,0
0.97,0.991,0.992,0
0.831,0.895,0.92,1
0.984,0.983,0.992,0
0.831,0.899,0.921,1
0.818,0.885,0.926,1
0.973,0.988,0.993,0
0.982,0.982,0.988,0
0.859,0.886,0.921,1
0.973,0.988,0.986,0
0.98,0.989,0.99,0
0.981,0.99,0.991,0
0.973,0.986,0.989,0
0.968,0.988,0.995,0
0.97,0.991,0.99,0
0.831,0.9,0.908,1
0.965,0.981,0.988,0
0.973,0.986,0.992,0
0.968,0.979,0.991,0
0.975,0.986,0.98,0
0.832,0.895,0.917,1
0.965,0.993,0.982,0
0.983,0.981,0.989,0
0.974,0.985,0.994,0
0.838,0.893,0.906,1
0.976,0.984,0.993,0
0.833,0.882,0.904,1
0.973,0.99,0.99,0
0.981,0.984,0.988,0
0.973,0.98,0.985,0
0.821,0.911,0.907,1
0.841,0.888,0.907,1
0.983,0.99,0.991,0
0.971,0.986,0.985,0
0.817,0.89,0.905,1
0.833,0.9,0.911,1
0.983,0.979,0.988,0
0.83,0.889,0.911,1
0.98,0.988,0.992,0
0.971,0.985,0.989,0
0.833,0.897,0.909,1
0.974,0.984,0.989,0
0.808,0.891,0.921,1
0.83,0.888,0.907,1
0.846,0.882,0.914,1
0.821,0.903,0.903,1
0.974,0.98,0.99,0
0.981,0.991,0.991,0
0.979,0.991,0.991,0
0.973,0.987,0.989,0
0.978,0.984,0.991,0
0.971,0.978,0.988,0
0.816,0.898,0.898,1
0.972,0.987,0.99,0
0.818,0.889,0.893,1
0.851,0.893,0.913,1
0.84,0.889,0.926,1
0.958,0.99,0.986,0
0.843,0.876,0.907,1
0.974,0.986,0.993,0
0.969,0.982,0.991,0
0.973,0.982,0.991,0
0.829,0.899,0.913,1
0.827,0.881,0.92,1
0.971,0.988,0.988,0
0.973,0.988,0.994,0
0.829,0.899,0.897,1
0.978,0.982,0.993,0
0.972,0.987,0.985,0
0.973,0.99,0.988,0
0.826,0.87,0.917,1
0.986,0.994,0.989,0
0.977,0.985,0.992,0
0.838,0.897,0.903,1
0.841,0.879,0.915,1
0.849,0.891,0.914,1
0.82,0.893,0.908,1
0.974,0.985,0.985,0
0.835,0.873,0.916,1
0.811,0.884,0.921,1
0.973,0.991,0.99,0
0.978,0.985,0.992,0
0.832,0.895,0.913,1
0.84,0.884,0.927,1
0.838,0.886,0.913,1
0.978,0.988,0.991,0
0.971,0.983,0.989,0
0.826,0.886,0.901,1
0.836,0.877,0.921,1
0.822,0.908,0.918,1
0.969,0.986,0.989,0
0.979,0.987,0.987,0
0.832,0.904,0.919,1
0.974,0.986,0.989,0
0.826,0.879,0.904,1
0.979,0.99,0.989,0
0.976,0.99,0.982,0
0.972,0.984,0.991,0
0.97,0.987,0.985,0
0.971,0.983,0.991,0
0.832,0.881,0.936,1
0.835,0.887,0.917,1
0.794,0.895,0.915,1
0.979,0.989,0.986,0
0.973,0.979,0.987,0
0.977,0.982,0.987,0
0.973,0.989,0.986,0
0.85,0.881,0.898,1
0.98,0.981,0.988,0
0.825,0.877,0.918,1
0.972,0.983,0.995,0
0.975,0.986,0.985,0
0.985,0.988,0.991,0
0.976,0.982,0.992,0
0.818,0.892,0.915,1
0.827,0.868,0.901,1
0.822,0.885,0.902,1
0.974,0.983,0.992,0
0.853,0.884,0.916,1
0.827,0.885,0.909,1
0.842,0.887,0.921,1
0.835,0.881,0.898,1
0.823,0.881,0.897,1
0.984,0.983,0.987,0
0.98,0.991,0.993,0
0.969,0.981,0.985,0
0.817,0.887,0.913,1
0.968,0.98,0.99,0
0.853,0.891,0.895,1
0.983,0.984,0.993,0
0.837,0.904,0.904,1
0.818,0.879,0.909,1
0.974,0.991,0.991,0
0.852,0.884,0.902,1
0.978,0.986,0.983,0
0.972,0.987,0.985,0
0.973,0.979,0.99,0
0.974,0.988,0.988,0
0.804,0.888,0.918,1
0.974,0.988,0.986,0
0.805,0.899,0.9,1
0.972,0.987,0.99,0
0.967,0.989,0.991,0
0.825,0.89,0.91,1
0.975,0.985,0.986,0
0.831,0.873,0.897,1
0.975,0.986,0.988,0
0.977,0.991,0.985,0
0.843,0.903,0.905,1
0.835,0.897,0.914,1
0.847,0.899,0.925,1
0.824,0.881,0.884,1
0.968,0.985,0.991,0
0.815,0.891,0.894,1
0.831,0.901,0.899,1
0.818,0.891,0.908,1
0.832,0.895,0.911,1
0.974,0.979,0.983,0
0.811,0.89,0.911,1
0.813,0.877,0.896,1
0.832,0.894,0.91,1
0.849,0.886,0.906,1
0.967,0.981,0.989,0
0.824,0.882,0.919,1
0.969,0.991,0.989,0
0.842,0.878,0.895,1
0.818,0.893,0.91,1
0.969,0.989,0.99,0
0.832,0.869,0.92,1
0.978,0.986,0.99,0
0.848,0.893,0.912,1
0.833,0.877,0.916,1
0.969,0.983,0.987,0
0.973,0.986,0.988,0
0.82,0.899,0.91,1
0.981,0.987,0.992,0
0.84,0.897,0.907,1
0.981,0.996,0.992,0
0.976,0.985,0.984,0
0.838,0.894,0.915,1
0.812,0.897,0.906,1
0.971,0.99,0.993,0
0.965,0.988,0.989,0
0.833,0.893,0.904,1
0.975,0.987,0.993,0
0.835,0.88,0.895,1
0.833,0.896,0.916,1
0.824,0.888,0.906,1
0.97,0.98,0.987,0
0.98,0.986,0.989,0
0.969,0.988,0.984,0
0.841,0.889,0.913,1
0.814,0.887,0.916,1
0.97,0.986,0.99,0
0.968,0.988,0.989,0
0.975,0.983,0.99,0
0.85,0.902,0.918,1
0.982,0.982,0.99,0
0.976,0.986,0.988,0
0.839,0.894,0.916,1
0.836,0.882,0.92,1
0.844,0.89,0.923,1
0.979,0.992,0.99,0
0.829,0.89,0.922,1
0.812,0.89,0.911,1
0.814,0.904,0.899,1
0.831,0.894,0.914,1
0.978,0.989,0.992,0
0.981,0.987,0.988,0
0.823,0.908,0.906,1
0.975,0.988,0.99,0
0.977,0.989,0.991,0
0.835,0.888,0.9,1
0.822,0.879,0.907,1
0.824,0.898,0.925,1
0.82,0.908,0.916,1
0.975,0.986,0.987,0
0.834,0.877,0.9,1
0.975,0.979,0.987,0
0.84,0.876,0.923,1
0.978,0.989,0.989,0
0.974,0.985,0.991,0
0.978,0.994,0.996,0
0.812,0.893,0.919,1
0.976,0.988,0.989,0
0.805,0.898,0.919,1
0.977,0.988,0.984,0
0.813,0.895,0.91,1
0.836,0.886,0.916,1
0.981,0.987,0.989,0
0.976,0.982,0.994,0
0.819,0.88,0.904,1
0.816,0.881,0.908,1
0.823,0.873,0.912,1
0.981,0.991,0.99,0
0.975,0.988,0.991,0
0.835,0.908,0.908,1
0.971,0.986,0.989,0
0.973,0.981,0.994,0
0.833,0.893,0.902,1
0.963,0.989,0.987,0
0.831,0.904,0.909,1
0.84,0.887,0.922,1
0.831,0.876,0.916,1
0.83,0.912,0.918,1
0.834,0.879,0.901,1
0.805,0.872,0.915,1
0.967,0.987,0.993,0
0.835,0.903,0.919,1
0.837,0.888,0.918,1
0.98,0.979,0.993,0
0.979,0.98,0.993,0
0.967,0.988,0.986,0
0.831,0.899,0.896,1
0.811,0.901,0.914,1
0.977,0.98,0.991,0
0.811,0.898,0.918,1
0.827,0.882,0.921,1
0.972,0.985,0.991,0
0.972,0.99,0.986,0
0.979,0.99,0.993,0
0.978,0.99,0.985,0
0.972,0.986,0.989,0
0.978,0.981,0.984,0
0.84,0.888,0.917,1
0.98,0.993,0.992,0
0.973,0.984,0.995,0
0.975,0.982,0.988,0
0.822,0.903,0.922,1
0.83,0.896,0.918,1
0.831,0.893,0.916,1
0.983,0.985,0.987,0
0.98,0.983,0.989,0
0.965,0.986,0.99,0
0.838,0.885,0.924,1
0.97,0.982,0.991,0
0.838,0.88,0.919,1
0.98,0.985,0.989,0
0.97,0.981,0.993,0
0.835,0.897,0.921,1
0.839,0.86,0.926,1
0.821,0.901,0.912,1
0.977,0.987,0.989,0
0.972,0.983,0.989,0
0.976,0.983,0.991,0
0.979,0.981,0.993,0
0.981,0.989,0.995,0
0.979,0.992,0.984,0
0.983,0.988,0.99,0
0.827,0.875,0.922,1
0.978,0.982,0.991,0
0.976,0.992,0.998,0
0.832,0.886,0.9,1
0.812,0.873,0.916,1
0.829,0.896,0.909,1
0.819,0.879,0.935,1
0.973,0.98,0.988,0
0.982,0.987,0.989,0
0.846,0.895,0.904,1
0.808,0.883,0.905,1
0.825,0.9,0.911,1
0.975,0.984,0.987,0
0.977,0.992,0.988,0
0.793,0.877,0.911,1
0.832,0.892,0.913,1
0.83,0.877,0.913,1
0.972,0.989,0.987,0
0.98,0.987,0.99,0
0.83,0.882,0.92,1
0.836,0.906,0.923,1
0.837,0.901,0.908,1
0.968,0.988,0.993,0
0.978,0.985,0.99,0
0.821,0.889,0.917,1
0.976,0.983,0.989,0
0.975,0.99,0.992,0
0.819,0.867,0.908,1
0.978,0.985,0.994,0
0.983,0.993,0.99,0
0.831,0.891,0.922,1
0.974,0.981,0.99,0
0.825,0.878,0.899,1
0.973,0.984,0.991,0
0.837,0.89,0.905,1
0.816,0.889,0.915,1
0.82,0.887,0.91,1
0.837,0.904,0.897,1
0.842,0.891,0.919,1
0.967,0.984,0.991,0
0.982,0.989,0.985,0
0.832,0.884,0.903,1
0.822,0.886,0.892,1
0.837,0.893,0.928,1
0.976,0.984,0.984,0
0.966,0.971,0.991,0
0.965,0.984,0.983,0
0.826,0.895,0.908,1
0.967,0.992,0.994,0
0.82,0.905,0.92,1
0.967,0.983,0.992,0
0.978,0.982,0.992,0
0.978,0.989,0.995,0
0.83,0.9,0.901,1
0.815,0.88,0.903,1
0.813,0.87,0.919,1
0.977,0.989,0.988,0
0.974,0.992,0.985,0
0.978,0.981,0.988,0
0.978,0.986,0.994,0
0.977,0.976,0.987,0
0.97,0.987,0.988,0
0.802,0.886,0.913,1
0.978,0.983,0.984,0
0.984,0.985,0.989,0
0.852,0.9,0.9,1
0.828,0.883,0.913,1
0.853,0.881,0.917,1
0.976,0.985,0.99,0
0.822,0.889,0.907,1
0.973,0.988,0.988,0
0.981,0.989,0.985,0
0.967,0.981,0.99,0
0.852,0.886,0.912,1
0.968,0.983,0.994,0
0.833,0.891,0.894,1
0.832,0.908,0.896,1
0.828,0.872,0.914,1
0.813,0.892,0.909,1
0.819,0.888,0.914,1
0.847,0.887,0.914,1
0.969,0.989,0.993,0
0.981,0.988,0.987,0
0.838,0.887,0.925,1
0.817,0.891,0.906,1
0.979,0.991,0.992,0
0.833,0.881,0.929,1
0.975,0.991,0.994,0
0.842,0.877,0.92,1
0.819,0.895,0.916,1
0.978,0.979,0.991,0
0.824,0.888,0.915,1
0.813,0.885,0.913,1
0.972,0.983,0.991,0
0.974,0.991,0.991,0
0.982,0.984,0.991,0
0.804,0.875,0.912,1
0.97,0.982,0.991,0
0.972,0.984,0.991,0
0.975,0.983,0.988,0
0.983,0.989,0.994,0
0.976,0.988,0.99,0
0.831,0.885,0.915,1
0.978,0.991,0.989,0
0.976,0.99,0.986,0
0.974,0.99,0.989,0
0.821,0.888,0.917,1
0.843,0.879,0.928,1
0.821,0.885,0.915,1
0.838,0.88,0.921,1
0.837,0.917,0.933,1
0.822,0.879,0.905,1
0.977,0.98,0.987,0
0.824,0.876,0.914,1
0.979,0.987,0.986,0
0.971,0.993,0.987,0
0.835,0.884,0.916,1
0.972,0.984,0.993,0
0.981,0.983,0.99,0
0.813,0.876,0.922,1
0.978,0.99,0.991,0
0.85,0.89,0.916,1
0.973,0.987,0.991,0
0.839,0.878,0.911,1
0.974,0.986,0.988,0
0.979,0.988,0.997,0
0.822,0.897,0.912,1
0.836,0.881,0.909,1
0.977,0.978,0.988,0
0.979,0.988,0.983,0
0.829,0.9,0.905,1
0.964,0.988,0.99,0
0.972,0.985,0.985,0
0.98,0.988,0.987,0
0.973,0.986,0.99,0
0.98,0.991,0.991,0
0.974,0.988,0.988,0
0.823,0.896,0.918,1
0.974,0.99,0.993,0
0.824,0.875,0.919,1
0.841,0.88,0.911,1
0.847,0.893,0.915,1
0.847,0.898,0.899,1
0.829,0.891,0.918,1
0.983,0.982,0.991,0
0.985,0.99,0.994,0
0.974,0.99,0.988,0
0.972,0.983,0.985,0
0.817,0.872,0.902,1
0.968,0.991,0.989,0
0.984,0.988,0.992,0
0.979,0.987,0.991,0
0.966,0.991,0.99,0
0.976,0.994,0.987,0
0.975,0.981,0.994,0
0.86,0.891,0.907,1
0.831,0.896,0.899,1
0.84,0.891,0.919,1
0.84,0.881,0.926,1
0.827,0.884,0.914,1
0.82,0.899,0.92,1
0.835,0.876,0.907,1
0.977,0.99,0.99,0
0.826,0.89,0.919,1
0.822,0.898,0.916,1
0.978,0.989,0.988,0
0.969,0.988,0.995,0
0.97,0.992,0.993,0
0.983,0.994,0.992,0
0.975,0.991,0.987,0
0.983,0.987,0.988,0
0.979,0.99,0.988,0
0.972,0.985,0.995,0
0.973,0.984,0.993,0
0.977,0.989,0.988,0
0.816,0.887,0.909,1
0.825,0.896,0.911,1
0.824,0.88,0.922,1
0.822,0.899,0.915,1
0.842,0.875,0.919,1
0.973,0.99,0.992,0
0.972,0.989,0.988,0
0.957,0.986,0.988,0
0.977,0.979,0.995,0
0.832,0.89,0.935,1
0.981,0.983,0.987,0
0.829,0.883,0.907,1
0.964,0.981,0.992,0
0.967,0.986,0.993,0
0.84,0.885,0.922,1
0.818,0.894,0.921,1
0.841,0.87,0.91,1
0.851,0.872,0.921,1
0.812,0.9,0.917,1
0.817,0.89,0.917,1
0.975,0.982,0.986,0
0.832,0.895,0.922,1
0.983,0.983,0.992,0
0.827,0.893,0.924,1
0.982,0.984,0.987,0
0.839,0.875,0.912,1
0.976,0.982,0.995,0
0.831,0.867,0.927,1
0.976,0.985,0.987,0
0.979,0.99,0.991,0
0.976,0.985,0.995,0
0.848,0.884,0.908,1
0.978,0.982,0.987,0
0.977,0.985,0.991,0
0.989,0.989,0.993,0
0.846,0.887,0.905,1
0.975,0.979,0.989,0
0.83,0.895,0.897,1
0.979,0.98,0.989,0
0.823,0.886,0.917,1
0.979,0.988,0.98,0
0.843,0.88,0.912,1
0.974,0.99,0.993,0
0.834,0.88,0.901,1
0.979,0.985,0.98,0
0.841,0.873,0.915,1
0.841,0.872,0.904,1
0.975,0.985,0.988,0
0.971,0.979,0.99,0
0.826,0.896,0.917,1
0.974,0.987,0.99,0
0.985,0.985,0.989,0
0.976,0.988,0.989,0
0.835,0.886,0.925,1
0.812,0.896,0.915,1
0.832,0.904,0.905,1
0.962,0.981,0.993,0
0.971,0.988,0.988,0
0.843,0.899,0.924,1
0.849,0.893,0.922,1
0.818,0.89,0.919,1
0.984,0.986,0.989,0
0.977,0.99,0.992,0
0.834,0.889,0.911,1
0.977,0.986,0.994,0
0.976,0.992,0.986,0
0.858,0.886,0.916,1
0.836,0.894,0.91,1
0.809,0.886,0.926,1
0.829,0.883,0.909,1
0.843,0.904,0.906,1
0.977,0.978,0.985,0
0.814,0.894,0.918,1
0.832,0.882,0.922,1
0.976,0.984,0.985,0
0.958,0.986,0.987,0
0.984,0.988,0.992,0
0.835,0.9,0.94,1
0.977,0.985,0.986,0
0.984,0.987,0.996,0
0.819,0.894,0.903,1
0.854,0.896,0.924,1
0.837,0.887,0.922,1
0.973,0.987,0.993,0
0.976,0.987,0.996,0
0.842,0.887,0.916,1
0.976,0.985,0.986,0
0.848,0.885,0.906,1
0.982,0.982,0.991,0
0.828,0.88,0.908,1
0.976,0.993,0.991,0
0.974,0.991,0.983,0
0.834,0.886,0.911,1
0.827,0.902,0.921,1
0.842,0.892,0.883,1
0.975,0.986,0.99,0
0.839,0.909,0.921,1
0.975,0.99,0.994,0
0.837,0.868,0.908,1
0.83,0.9,0.928,1
0.83,0.897,0.915,1
0.969,0.991,0.99,0
0.821,0.888,0.905,1
0.979,0.988,0.988,0
0.966,0.978,0.984,0
0.844,0.885,0.915,1
0.815,0.899,0.917,1
0.973,0.99,0.993,0
0.972,0.994,0.986,0
0.822,0.894,0.915,1
0.841,0.887,0.909,1
0.847,0.888,0.923,1
0.851,0.898,0.903,1
0.98,0.993,0.992,0
0.796,0.881,0.905,1
0.828,0.885,0.902,1
0.814,0.882,0.911,1
0.822,0.898,0.916,1
0.967,0.986,0.993,0
0.828,0.887,0.895,1
0.815,0.899,0.914,1
0.83,0.895,0.903,1
0.819,0.88,0.919,1
0.976,0.989,0.987,0
0.975,0.986,0.987,0
0.966,0.989,0.984,0
0.849,0.898,0.896,1
0.838,0.875,0.926,1
0.983,0.984,0.992,0
0.84,0.896,0.911,1
0.979,0.989,0.987,0
0.97,0.987,0.987,0
0.811,0.894,0.895,1
0.834,0.903,0.905,1
0.973,0.988,0.989,0
0.98,0.988,0.99,0
0.976,0.993,0.992,0
0.845,0.889,0.911,1
0.971,0.984,0.987,0
0.987,0.98,0.989,0
0.973,0.993,0.993,0
0.969,0.988,0.994,0
0.978,0.979,0.989,0
0.823,0.893,0.896,1
0.817,0.887,0.902,1
0.814,0.871,0.898,1
0.844,0.881,0.923,1
0.818,0.914,0.914,1
0.972,0.992,0.989,0
0.972,0.984,0.995,0
0.978,0.991,0.992,0
0.817,0.871,0.917,1
0.85,0.904,0.914,1
0.86,0.883,0.909,1
0.974,0.98,0.987,0
0.838,0.884,0.906,1
0.858,0.907,0.909,1
0.84,0.869,0.914,1
0.845,0.907,0.915,1
0.835,0.892,0.923,1
0.819,0.878,0.9,1
0.978,0.987,0.988,0
0.966,0.985,0.994,0
0.968,0.986,0.994,0
0.98,0.987,0.989,0
0.978,0.987,0.988,0
0.821,0.884,0.909,1
0.842,0.886,0.916,1
0.841,0.925,0.933,1
0.822,0.899,0.902,1
0.807,0.887,0.897,1
0.829,0.891,0.912,1
0.838,0.897,0.919,1
0.826,0.893,0.895,1
0.974,0.984,0.993,0
0.809,0.882,0.911,1
0.978,0.983,0.993,0
0.976,0.983,0.992,0
0.834,0.892,0.908,1
0.973,0.985,0.992,0
0.838,0.9,0.907,1
0.828,0.898,0.912,1
0.975,0.984,0.991,0
0.837,0.887,0.908,1
0.97,0.985,0.996,0
0.981,0.991,0.99,0
0.83,0.89,0.898,1
0.978,0.985,0.989,0
0.842,0.884,0.905,1
0.975,0.986,0.993,0
0.83,0.893,0.905,1
0.959,0.987,0.99,0
0.982,0.988,0.995,0
0.823,0.897,0.921,1
0.975,0.987,0.986,0
0.975,0.987,0.991,0
0.982,0.989,0.991,0
0.807,0.886,0.925,1
0.826,0.879,0.914,1
0.971,0.985,0.994,0
0.975,0.987,0.992,0
0.808,0.903,0.911,1
0.8,0.91,0.911,1
0.826,0.892,0.897,1
0.81,0.892,0.912,1
0.845,0.887,0.912,1
0.841,0.864,0.911,1
0.968,0.983,0.987,0
0.975,0.992,0.985,0
0.848,0.887,0.914,1
0.961,0.994,0.992,0
0.967,0.978,0.99,0
0.969,0.989,0.99,0
0.977,0.987,0.989,0
0.828,0.893,0.914,1
0.968,0.987,0.985,0
0.831,0.892,0.916,1
0.835,0.907,0.899,1
0.834,0.872,0.93,1
0.973,0.993,0.993,0
0.979,0.989,0.983,0
0.975,0.99,0.992,0
0.828,0.883,0.921,1
0.973,0.989,0.986,0
0.823,0.89,0.923,1
0.977,0.987,0.98,0
0.971,0.984,0.99,0
0.973,0.985,0.987,0
0.805,0.888,0.907,1
0.819,0.889,0.899,1
0.987,0.993,0.987,0
0.819,0.879,0.906,1
0.973,0.985,0.988,0
0.819,0.898,0.909,1
0.838,0.886,0.903,1
0.844,0.881,0.909,1
0.97,0.986,0.995,0
0.967,0.988,0.986,0
0.816,0.883,0.917,1
0.829,0.907,0.924,1
0.834,0.887,0.907,1
0.971,0.993,0.99,0
0.842,0.881,0.926,1
0.978,0.989,0.99,0
0.819,0.896,0.894,1
0.984,0.993,0.994,0
0.985,0.987,0.991,0
0.842,0.891,0.917,1
0.835,0.891,0.913,1
0.976,0.983,0.989,0
0.806,0.871,0.923,1
0.978,0.985,0.989,0
0.844,0.892,0.901,1
0.832,0.902,0.924,1
0.979,0.99,0.989,0
0.967,0.985,0.989,0
0.84,0.896,0.907,1
0.817,0.875,0.914,1
0.982,0.986,0.989,0
0.964,0.99,0.994,0
0.849,0.903,0.896,1
0.831,0.884,0.909,1
0.828,0.893,0.908,1
0.843,0.869,0.918,1
0.974,0.986,0.989,0
0.974,0.988,0.991,0
0.973,0.984,0.988,0
0.972,0.991,0.991,0
0.969,0.985,0.986,0
0.835,0.875,0.911,1
0.819,0.908,0.903,1
0.972,0.988,0.989,0
0.822,0.914,0.905,1
0.979,0.987,0.98,0
0.976,0.989,0.983,0
0.984,0.986,0.989,0
0.801,0.906,0.916,1
0.836,0.883,0.914,1
0.829,0.879,0.904,1
0.839,0.894,0.925,1
0.834,0.895,0.902,1
0.837,0.886,0.918,1
0.973,0.984,0.989,0
0.972,0.983,0.991,0
0.98,0.989,0.985,0
0.978,0.986,0.993,0
0.816,0.883,0.916,1
0.966,0.989,0.988,0
0.975,0.981,0.988,0
0.813,0.893,0.913,1
0.829,0.893,0.907,1
0.971,0.99,0.983,0
0.977,0.988,0.987,0
0.831,0.889,0.895,1
0.821,0.9,0.912,1
0.809,0.903,0.91,1
0.966,0.989,0.988,0
0.806,0.879,0.919,1
0.84,0.892,0.918,1
0.825,0.87,0.908,1
0.983,0.987,0.989,0
0.971,0.991,0.991,0
0.835,0.895,0.916,1
0.976,0.994,0.988,0
0.821,0.888,0.906,1
0.835,0.892,0.917,1
0.974,0.975,0.99,0
0.972,0.994,0.988,0
0.837,0.883,0.9,1
0.812,0.881,0.927,1
0.978,0.989,0.988,0
0.974,0.987,0.99,0
0.969,0.988,0.988,0
0.821,0.87,0.914,1
0.854,0.909,0.906,1
0.977,0.985,0.99,0
0.979,0.985,0.987,0
0.809,0.903,0.914,1
0.984,0.986,0.98,0
0.973,0.977,0.98,0
0.841,0.881,0.9,1
0.973,0.981,0.991,0
0.98,0.982,0.99,0
0.967,0.991,0.993,0
0.843,0.879,0.915,1
0.986,0.984,0.987,0
0.829,0.883,0.906,1
0.837,0.878,0.92,1
0.85,0.889,0.9,1
0.82,0.875,0.907,1
0.972,0.988,0.993,0
0.972,0.987,0.98,0
0.98,0.984,0.99,0
0.983,0.983,0.99,0
0.842,0.879,0.918,1
0.786,0.885,0.908,1
0.972,0.99,0.992,0
0.819,0.899,0.907,1
0.979,0.994,0.988,0
0.822,0.867,0.909,1
0.979,0.99,0.985,0
0.977,0.98,0.988,0
0.827,0.893,0.915,1
0.972,0.988,0.987,0
0.832,0.903,0.913,1
0.976,0.987,0.987,0
0.975,0.983,0.984,0
0.822,0.911,0.917,1
0.817,0.886,0.911,1
0.83,0.884,0.915,1
0.835,0.892,0.913,1
0.833,0.879,0.916,1
0.847,0.888,0.901,1
0.981,0.981,0.996,0
0.826,0.892,0.894,1
0.974,0.985,0.99,0
0.819,0.9,0.907,1
0.811,0.887,0.917,1
0.974,0.99,0.991,0
0.846,0.871,0.922,1
0.963,0.989,0.988,0
0.808,0.897,0.898,1
0.969,0.989,0.99,0
0.978,0.99,0.989,0
0.831,0.879,0.911,1
0.834,0.903,0.909,1
0.979,0.991,0.988,0
0.825,0.876,0.916,1
0.83,0.889,0.917,1
0.98,0.987,0.992,0
0.847,0.887,0.894,1
0.839,0.885,0.918,1
0.833,0.914,0.908,1
0.837,0.878,0.902,1
0.983,0.988,0.991,0
0.815,0.889,0.927,1
0.835,0.901,0.91,1
0.817,0.877,0.908,1
0.842,0.882,0.891,1
0.976,0.983,0.994,0
0.979,0.983,0.99,0
0.977,0.986,0.99,0
0.98,0.987,0.993,0
0.841,0.889,0.896,1
0.83,0.893,0.917,1
0.831,0.892,0.919,1
0.97,0.987,0.989,0
0.844,0.903,0.916,1
0.972,0.99,0.994,0
0.824,0.887,0.91,1
0.847,0.88,0.917,1
0.967,0.992,0.99,0
0.979,0.989,0.988,0
0.978,0.982,0.988,0
0.972,0.985,0.989,0
0.966,0.986,0.99,0
0.968,0.976,0.985,0
0.855,0.874,0.919,1
0.81,0.887,0.909,1
0.979,0.991,0.988,0
0.808,0.881,0.912,1
0.857,0.879,0.912,1
0.971,0.977,0.986,0
0.979,0.98,0.987,0
0.84,0.889,0.922,1
0.81,0.881,0.911,1
0.82,0.878,0.914,1
0.973,0.984,0.989,0
0.973,0.983,0.984,0
0.832,0.876,0.899,1
0.981,0.988,0.986,0
0.98,0.988,0.989,0
0.841,0.892,0.909,1
0.803,0.898,0.903,1
0.975,0.982,0.988,0
0.84,0.871,0.92,1
0.837,0.898,0.921,1
0.975,0.988,0.992,0
0.978,0.994,0.993,0
0.974,0.982,0.988,0
0.976,0.977,0.987,0
0.969,0.988,0.991,0
0.972,0.982,0.997,0
0.821,0.884,0.907,1
0.827,0.897,0.904,1
0.822,0.892,0.914,1
0.972,0.99,0.993,0
0.817,0.894,0.905,1
0.827,0.894,0.898,1
0.973,0.989,0.99,0
0.826,0.885,0.901,1
0.819,0.888,0.929,1
0.971,0.989,0.992,0
0.973,0.984,0.996,0
0.982,0.986,0.988,0
0.839,0.889,0.913,1
0.837,0.896,0.912,1
0.976,0.987,0.994,0
0.83,0.881,0.919,1
0.807,0.892,0.912,1
0.979,0.985,0.99,0
0.811,0.896,0.918,1
0.981,0.986,0.989,0
0.846,0.898,0.926,1
0.974,0.987,0.991,0
0.965,0.986,0.989,0
0.833,0.889,0.922,1
0.971,0.99,0.991,0
0.979,0.98,0.993,0
0.826,0.883,0.908,1
0.837,0.877,0.914,1
0.84,0.894,0.919,1
0.821,0.876,0.913,1
0.97,0.983,0.986,0
0.831,0.903,0.918,1
0.98,0.982,0.995,0
0.968,0.988,0.989,0
0.848,0.899,0.909,1
0.979,0.986,0.987,0
0.979,0.982,0.986,0
0.834,0.898,0.922,1
0.802,0.872,0.916,1
0.813,0.9,0.903,1
0.836,0.892,0.914,1
0.975,0.979,0.985,0
0.975,0.989,0.988,0
0.831,0.915,0.918,1
0.851,0.896,0.905,1
0.976,0.987,0.991,0
0.824,0.869,0.908,1
0.834,0.885,0.92,1
0.975,0.991,0.993,0
0.817,0.871,0.923,1
0.833,0.874,0.911,1
0.978,0.978,0.987,0
0.835,0.885,0.914,1
0.805,0.875,0.913,1
0.98,0.985,0.985,0
0.831,0.889,0.91,1
0.981,0.984,0.985,0
0.838,0.884,0.922,1
0.834,0.871,0.897,1
0.978,0.991,0.99,0
0.846,0.868,0.903,1
0.973,0.986,0.99,0
0.977,0.983,0.987,0
0.981,0.981,0.989,0
0.971,0.979,0.99,0
0.831,0.891,0.914,1
0.839,0.871,0.928,1
0.965,0.985,0.993,0
0.972,0.985,0.988,0
0.978,0.991,0.995,0
0.821,0.899,0.919,1
0.969,0.99,0.985,0
0.975,0.991,0.99,0
0.857,0.883,0.913,1
0.832,0.899,0.919,1
0.977,0.985,0.991,0
0.971,0.98,0.987,0
0.973,0.99,0.992,0
0.825,0.882,0.92,1
0.973,0.988,0.99,0
0.825,0.898,0.907,1
0.979,0.989,0.989,0
0.973,0.991,0.985,0
0.819,0.893,0.897,1
0.845,0.879,0.896,1
0.811,0.888,0.918,1
0.83,0.883,0.915,1
0.856,0.894,0.901,1
0.973,0.99,0.988,0
0.831,0.881,0.918,1
0.983,0.992,0.988,0
0.821,0.882,0.919,1
0.975,0.98,0.989,0
0.978,0.986,0.986,0
0.838,0.88,0.911,1
0.829,0.894,0.899,1
0.831,0.896,0.92,1
0.832,0.893,0.915,1
0.98,0.988,0.985,0
0.833,0.887,0.912,1
0.828,0.884,0.913,1
0.972,0.991,0.983,0
0.973,0.985,0.99,0
0.823,0.896,0.911,1
0.833,0.894,0.898,1
0.975,0.98,0.991,0
0.977,0.984,0.991,0
0.83,0.885,0.896,1
0.975,0.984,0.989,0
0.966,0.982,0.989,0
0.98,0.991,0.985,0
0.977,0.983,0.99,0
0.831,0.899,0.932,1
0.826,0.893,0.906,1
0.822,0.877,0.925,1
0.973,0.983,0.994,0
0.982,0.993,0.994,0
0.969,0.992,0.99,0
0.981,0.985,0.989,0
0.978,0.991,0.991,0
0.845,0.897,0.91,1
0.822,0.894,0.906,1
0.815,0.899,0.908,1
0.845,0.884,0.915,1
0.813,0.881,0.921,1
0.966,0.987,0.993,0
0.833,0.913,0.915,1
0.85,0.892,0.922,1
0.981,0.987,0.994,0
0.978,0.991,0.995,0
0.822,0.907,0.904,1
0.986,0.992,0.984,0
0.851,0.887,0.922,1
0.828,0.875,0.91,1
0.831,0.9,0.91,1
0.979,0.987,0.99,0
0.818,0.897,0.914,1
0.973,0.985,0.987,0
0.967,0.986,0.989,0
0.831,0.886,0.91,1
0.835,0.894,0.91,1
0.816,0.883,0.922,1
0.822,0.898,0.889,1
0.839,0.872,0.916,1
0.829,0.888,0.909,1
0.97,0.982,0.986,0
0.981,0.983,0.992,0
0.972,0.984,0.984,0
0.846,0.905,0.93,1
0.979,0.985,0.994,0
0.969,0.985,0.985,0
0.972,0.986,0.988,0
0.813,0.896,0.911,1
0.967,0.984,0.99,0
0.967,0.988,0.992,0
0.978,0.985,0.989,0
0.819,0.895,0.921,1
0.967,0.989,0.988,0
0.834,0.869,0.932,1
0.824,0.903,0.916,1
0.978,0.99,0.986,0
0.834,0.88,0.914,1
0.978,0.986,0.988,0
0.981,0.985,0.989,0
0.81,0.901,0.92,1
0.834,0.887,0.908,1
0.97,0.986,0.989,0
0.974,0.982,0.992,0
0.976,0.991,0.989,0
0.809,0.894,0.912,1
0.818,0.883,0.908,1
0.983,0.986,0.985,0
0.826,0.875,0.896,1
0.981,0.989,0.997,0
0.974,0.987,0.988,0
0.975,0.988,0.991,0
0.833,0.908,0.915,1
0.982,0.98,0.989,0
0.966,0.981,0.995,0
0.973,0.989,0.988,0
0.974,0.985,0.992,0
0.828,0.898,0.919,1
0.829,0.878,0.913,1
0.819,0.891,0.896,1
0.829,0.89,0.893,1
0.981,0.984,0.99,0
0.83,0.876,0.908,1
0.847,0.897,0.909,1
0.806,0.899,0.889,1
0.838,0.877,0.905,1
0.843,0.879,0.919,1
0.838,0.894,0.913,1
0.969,0.984,0.992,0
0.977,0.986,0.991,0
0.98,0.987,0.991,0
0.796,0.898,0.924,1
0.825,0.888,0.902,1
0.974,0.987,0.991,0
0.971,0.981,0.992,0
0.823,0.881,0.916,1
0.981,0.991,0.989,0
0.974,0.987,0.995,0
0.804,0.891,0.895,1
0.818,0.895,0.888,1
0.832,0.884,0.919,1
0.984,0.983,0.989,0
0.973,0.981,0.989,0
0.977,0.991,0.99,0
0.825,0.899,0.912,1
0.83,0.872,0.901,1
0.975,0.985,0.986,0
0.967,0.985,0.994,0
0.824,0.886,0.923,1
0.973,0.984,0.986,0
0.817,0.883,0.905,1
0.819,0.896,0.915,1
0.824,0.882,0.914,1
0.974,0.984,0.991,0
0.976,0.988,0.989,0
0.975,0.988,0.986,0
0.975,0.988,0.989,0
0.967,0.99,0.99,0
0.981,0.987,0.989,0
0.979,0.992,0.992,0
0.837,0.874,0.915,1
0.981,0.987,0.98,0
0.836,0.89,0.897,1
0.977,0.987,0.988,0
0.827,0.892,0.912,1
0.826,0.894,0.924,1
0.972,0.988,0.985,0
0.845,0.907,0.918,1
0.845,0.906,0.919,1
0.976,0.987,0.994,0
0.974,0.994,0.989,0
0.985,0.987,0.986,0
0.963,0.988,0.981,0
0.826,0.886,0.915,1
0.845,0.888,0.912,1
0.976,0.984,0.986,0
0.972,0.987,0.99,0
0.839,0.892,0.916,1
0.978,0.982,0.985,0
0.842,0.908,0.909,1
0.845,0.881,0.92,1
0.84,0.885,0.907,1
0.972,0.978,0.987,0
0.97,0.982,0.991,0
0.839,0.878,0.911,1
0.821,0.903,0.926,1
0.811,0.898,0.911,1
0.821,0.904,0.911,1
0.973,0.986,0.99,0
0.974,0.985,0.987,0
0.979,0.984,0.992,0
0.815,0.886,0.914,1
0.841,0.895,0.91,1
0.977,0.987,0.989,0
0.981,0.981,0.99,0
0.819,0.878,0.911,1
0.967,0.989,0.989,0
0.978,0.988,0.987,0
0.973,0.984,0.992,0
0.823,0.906,0.908,1
0.973,0.984,0.988,0
0.842,0.886,0.907,1
0.832,0.89,0.913,1
0.85,0.878,0.905,1
0.973,0.981,0.991,0
0.971,0.992,0.987,0
0.979,0.985,0.991,0
0.971,0.988,0.991,0
0.847,0.889,0.902,1
0.853,0.857,0.928,1
0.83,0.885,0.912,1
0.974,0.989,0.989,0
0.826,0.885,0.916,1
0.982,0.988,0.991,0
0.816,0.891,0.894,1
0.966,0.985,0.987,0
0.834,0.899,0.91,1
0.981,0.983,0.987,0
0.966,0.987,0.99,0
0.829,0.877,0.916,1
0.969,0.983,0.991,0
0.976,0.98,0.993,0
0.974,0.987,0.987,0
0.97,0.991,0.992,0
0.837,0.876,0.917,1
0.832,0.888,0.911,1
0.978,0.986,0.99,0
0.83,0.886,0.916,1
0.829,0.877,0.915,1
0.817,0.873,0.918,1
0.85,0.901,0.911,1
0.844,0.88,0.912,1
0.792,0.899,0.888,1
0.982,0.996,0.986,0
0.98,0.989,0.994,0
0.982,0.985,0.986,0
0.969,0.981,0.988,0
0.976,0.983,0.984,0
0.81,0.888,0.914,1
0.837,0.894,0.911,1
0.963,0.983,0.987,0
0.973,0.989,0.99,0
0.845,0.886,0.919,1
0.978,0.986,0.992,0
0.83,0.89,0.903,1
0.976,0.986,0.987,0
0.979,0.987,0.989,0
0.983,0.987,0.989,0
0.844,0.878,0.897,1
0.976,0.988,0.988,0
0.977,0.99,0.984,0
0.973,0.989,0.988,0
0.98,0.985,0.992,0
0.815,0.891,0.901,1
0.834,0.892,0.917,1
0.819,0.902,0.9,1
0.833,0.891,0.9,1
0.822,0.878,0.92,1
0.821,0.882,0.912,1
0.846,0.877,0.909,1
0.971,0.982,0.989,0
0.817,0.892,0.917,1
0.823,0.896,0.901,1
0.845,0.882,0.901,1
0.977,0.987,0.99,0
0.823,0.885,0.904,1
0.824,0.9,0.926,1
0.973,0.988,0.99,0
0.982,0.986,0.988,0
0.84,0.891,0.918,1
0.832,0.875,0.927,1
0.98,0.981,0.992,0
0.817,0.878,0.904,1
0.984,0.979,0.992,0
0.972,0.989,0.988,0
0.974,0.988,0.983,0
0.975,0.983,0.986,0
0.84,0.888,0.911,1
0.818,0.877,0.9,1
0.833,0.89,0.92,1
0.967,0.977,0.987,0
0.838,0.896,0.918,1
0.841,0.891,0.911,1
0.845,0.887,0.906,1
0.823,0.881,0.922,1
0.986,0.973,0.99,0
0.981,0.99,0.99,0
0.818,0.885,0.91,1
0.978,0.985,0.992,0
0.815,0.897,0.935,1
0.812,0.895,0.915,1
0.84,0.876,0.924,1
0.813,0.893,0.905,1
0.973,0.987,0.988,0
0.973,0.987,0.987,0
0.821,0.895,0.913,1
0.825,0.891,0.897,1
0.841,0.884,0.917,1
0.975,0.986,0.992,0
0.835,0.869,0.926,1
0.979,0.984,0.994,0
0.98,0.986,0.982,0
0.82,0.885,0.917,1
0.818,0.895,0.916,1
0.823,0.901,0.909,1
0.839,0.891,0.917,1
0.977,0.988,0.984,0
0.83,0.871,0.91,1
0.973,0.986,0.989,0
0.855,0.893,0.901,1
0.964,0.992,0.986,0
0.82,0.885,0.919,1
0.829,0.885,0.902,1
0.978,0.984,0.986,0
0.819,0.89,0.909,1
0.978,0.981,0.99,0
0.802,0.878,0.906,1
0.974,0.985,0.992,0
0.835,0.883,0.912,1
0.809,0.884,0.899,1
0.842,0.887,0.904,1
0.826,0.902,0.89,1
0.976,0.986,0.99,0
0.972,0.987,0.991,0
0.849,0.896,0.906,1
0.969,0.985,0.988,0
0.849,0.885,0.917,1
0.984,0.985,0.992,0
0.977,0.983,0.987,0
0.828,0.884,0.929,1
0.835,0.882,0.914,1
0.812,0.875,0.919,1
0.823,0.89,0.903,1
0.814,0.894,0.904,1
0.974,0.986,0.991,0
0.979,0.979,0.993,0
0.829,0.883,0.922,1
0.983,0.987,0.984,0
0.834,0.886,0.91,1
0.839,0.892,0.917,1
0.82,0.883,0.918,1
0.826,0.902,0.911,1
0.828,0.892,0.913,1
0.833,0.876,0.909,1
0.979,0.988,0.99,0
0.823,0.894,0.935,1
0.842,0.863,0.927,1
0.96,0.987,0.984,0
0.978,0.988,0.985,0
0.976,0.988,0.986,0
0.832,0.897,0.906,1
0.81,0.883,0.923,1
0.813,0.872,0.906,1
0.831,0.889,0.921,1
0.972,0.986,0.989,0
0.973,0.98,0.988,0
0.984,0.986,0.989,0
0.836,0.898,0.906,1
0.97,0.988,0.992,0
0.972,0.985,0.987,0
0.968,0.989,0.992,0
0.835,0.888,0.913,1
0.978,0.988,0.99,0
0.837,0.896,0.921,1
0.822,0.888,0.918,1
0.827,0.908,0.914,1
0.831,0.881,0.906,1
0.819,0.892,0.907,1
0.827,0.876,0.899,1
0.984,0.981,0.989,0
0.826,0.889,0.919,1
0.822,0.897,0.909,1
0.816,0.894,0.911,1
0.856,0.881,0.903,1
0.837,0.883,0.912,1
0.973,0.985,0.993,0
0.972,0.982,0.982,0
0.973,0.99,0.992,0
0.967,0.988,0.986,0
0.803,0.891,0.908,1
0.975,0.984,0.989,0
0.968,0.981,0.982,0
0.976,0.988,0.992,0
0.972,0.986,0.989,0
0.96,0.988,0.991,0
0.837,0.885,0.917,1
0.984,0.989,0.991,0
0.973,0.986,0.992,0
0.829,0.883,0.919,1
0.975,0.988,0.986,0
0.821,0.891,0.904,1
0.831,0.894,0.904,1
0.843,0.894,0.907,1
0.971,0.989,0.986,0
0.975,0.988,0.993,0
0.97,0.98,0.991,0
0.823,0.881,0.906,1
0.816,0.886,0.918,1
0.825,0.887,0.912,1
0.976,0.985,0.994,0
0.825,0.88,0.913,1
0.976,0.992,0.987,0
0.977,0.984,0.989,0
0.81,0.886,0.93,1
0.82,0.88,0.913,1
0.979,0.975,0.991,0
0.978,0.988,0.984,0
0.818,0.876,0.91,1
0.832,0.894,0.919,1
0.847,0.876,0.891,1
0.836,0.898,0.913,1
0.978,0.983,0.985,0
0.84,0.903,0.913,1
