timestamp,backend,qubit_id,T1_us,T2_us,sx_error,x_error,cz_error,readout_error,t_sx_ns,t_x_ns,t_cz_ns
2026-04-10,ibm_kingston,20,323.6488,75.341,0.00022264,0.00022264,0.00147763,0.00500488,32.0,32.0,68.0
2026-04-10,ibm_kingston,21,282.5146,368.626,9.399e-05,9.399e-05,0.00082679,0.00793457,32.0,32.0,68.0
2026-04-10,ibm_kingston,22,325.286,129.249,0.00016669,0.00016669,0.00117439,0.0213623,32.0,32.0,68.0
2026-04-10,ibm_kingston,23,315.3147,65.1,0.00013526,0.00013526,0.00148169,0.00549316,32.0,32.0,68.0
2026-04-10,ibm_kingston,24,312.1879,63.1059,0.00021947,0.00021947,0.00304482,0.02453613,32.0,32.0,68.0
2026-04-10,ibm_kingston,25,405.6162,29.9655,0.00018149,0.00018149,0.00282218,0.00720215,32.0,32.0,68.0
2026-04-10,ibm_kingston,26,316.3414,132.8535,0.00023943,0.00023943,0.00191874,0.0222168,32.0,32.0,68.0
2026-04-10,ibm_kingston,27,285.2554,60.6634,0.00023164,0.00023164,0.00139019,0.00927734,32.0,32.0,68.0
2026-04-10,ibm_kingston,28,138.9875,181.931,0.00018848,0.00018848,0.00273326,0.0090332,32.0,32.0,68.0
2026-04-10,ibm_kingston,29,216.7884,81.2912,0.00013354,0.00013354,0.00141642,0.00683594,32.0,32.0,80.0
2026-04-10,ibm_kingston,30,295.7577,64.6106,0.00024193,0.00024193,0.00150075,0.01330566,32.0,32.0,68.0
2026-04-10,ibm_kingston,31,274.395,309.1772,0.00023254,0.00023254,0.00206576,0.02490234,32.0,32.0,68.0
2026-04-10,ibm_kingston,32,339.8745,339.1966,0.00017421,0.00017421,0.00209827,0.02062988,32.0,32.0,68.0
2026-04-10,ibm_kingston,33,251.434,423.407,0.00011473,0.00011473,0.00234761,0.01672363,32.0,32.0,108.0
2026-04-10,ibm_kingston,34,278.8404,247.5055,0.0001771,0.0001771,0.00171516,0.02978516,32.0,32.0,68.0
2026-04-10,ibm_kingston,35,146.6276,170.0477,0.00016633,0.00016633,,0.02612305,32.0,32.0,
2026-04-10,ibm_kingston,36,252.9352,195.3618,0.00021235,0.00021235,,0.01074219,32.0,32.0,
2026-04-10,ibm_kingston,37,169.924,24.9207,0.00023726,0.00023726,,0.00830078,32.0,32.0,
2026-04-10,ibm_kingston,38,275.2357,116.5043,0.00016225,0.00016225,,0.00891113,32.0,32.0,
2026-04-10,ibm_kingston,39,216.9,121.0216,0.0002051,0.0002051,,0.01379395,32.0,32.0,
2026-04-09,ibm_kingston,20,296.8368,23.0325,0.00025881,0.00025881,0.00204895,0.00500488,32.0,32.0,68.0
2026-04-09,ibm_kingston,21,379.5831,380.485,0.00018541,0.00018541,0.00088596,0.00622559,32.0,32.0,68.0
2026-04-09,ibm_kingston,22,281.9668,115.8959,0.00016454,0.00016454,0.00115424,0.02075195,32.0,32.0,68.0
2026-04-09,ibm_kingston,23,259.7009,62.424,0.00015568,0.00015568,0.00189394,0.00720215,32.0,32.0,68.0
2026-04-09,ibm_kingston,24,307.9168,56.9262,0.00037774,0.00037774,0.00247137,0.02270508,32.0,32.0,68.0
2026-04-09,ibm_kingston,25,330.8243,26.3244,0.00017987,0.00017987,0.00177319,0.00561523,32.0,32.0,68.0
2026-04-09,ibm_kingston,26,210.6314,108.1022,0.00013224,0.00013224,0.00191874,0.0123291,32.0,32.0,68.0
2026-04-09,ibm_kingston,27,307.2009,51.5524,0.00018829,0.00018829,0.00152353,0.01403809,32.0,32.0,68.0
2026-04-09,ibm_kingston,28,158.7725,307.1615,0.0002086,0.0002086,0.00293957,0.00878906,32.0,32.0,68.0
2026-04-09,ibm_kingston,29,139.8367,73.1928,0.00017565,0.00017565,0.00155798,0.00708008,32.0,32.0,80.0
2026-04-09,ibm_kingston,30,252.2357,43.829,0.00024509,0.00024509,0.00178052,0.04296875,32.0,32.0,68.0
2026-04-09,ibm_kingston,31,186.1358,252.9235,0.00018339,0.00018339,0.00191923,0.03381348,32.0,32.0,68.0
2026-04-09,ibm_kingston,32,304.1014,343.7946,0.00014025,0.00014025,0.00267353,0.02282715,32.0,32.0,68.0
2026-04-09,ibm_kingston,33,224.5731,306.9187,8.255e-05,8.255e-05,0.00284678,0.01965332,32.0,32.0,108.0
2026-04-09,ibm_kingston,34,323.6218,275.0589,0.00035668,0.00035668,0.00230597,0.02734375,32.0,32.0,68.0
2026-04-09,ibm_kingston,35,274.6243,309.3799,0.00012242,0.00012242,,0.02661133,32.0,32.0,
2026-04-09,ibm_kingston,36,203.752,188.9294,0.00027883,0.00027883,,0.01342773,32.0,32.0,
2026-04-09,ibm_kingston,37,160.1681,21.6302,0.00023618,0.00023618,,0.00439453,32.0,32.0,
2026-04-09,ibm_kingston,38,228.7069,112.0047,0.00016118,0.00016118,,0.0065918,32.0,32.0,
2026-04-09,ibm_kingston,39,181.124,109.8314,0.0002433,0.0002433,,0.01025391,32.0,32.0,
2026-04-08,ibm_kingston,20,290.4398,43.2221,0.00025881,0.00025881,0.00186385,0.0045166,32.0,32.0,68.0
2026-04-08,ibm_kingston,21,252.7296,258.6013,0.00018082,0.00018082,0.00110927,0.00854492,32.0,32.0,68.0
2026-04-08,ibm_kingston,22,283.7235,127.088,0.00019732,0.00019732,0.00155925,0.02893066,32.0,32.0,68.0
2026-04-08,ibm_kingston,23,322.3281,67.0406,9.899e-05,9.899e-05,0.00200673,0.00537109,32.0,32.0,68.0
2026-04-08,ibm_kingston,24,320.019,64.2602,0.0003112,0.0003112,0.00281241,0.03125,32.0,32.0,68.0
2026-04-08,ibm_kingston,25,350.2538,23.6224,0.00026383,0.00026383,0.00531183,0.00634766,32.0,32.0,68.0
2026-04-08,ibm_kingston,26,248.5455,153.3215,0.00053096,0.00053096,0.00554308,0.0111084,32.0,32.0,68.0
2026-04-08,ibm_kingston,27,254.8799,56.6052,0.00032407,0.00032407,0.00232942,0.01489258,32.0,32.0,68.0
2026-04-08,ibm_kingston,28,294.0115,307.1615,0.00018429,0.00018429,0.00275761,0.01086426,32.0,32.0,68.0
2026-04-08,ibm_kingston,29,186.6127,79.8237,0.00018962,0.00018962,0.00136538,0.00561523,32.0,32.0,80.0
2026-04-08,ibm_kingston,30,273.8209,76.0004,0.00027211,0.00027211,0.00136229,0.01086426,32.0,32.0,68.0
2026-04-08,ibm_kingston,31,211.8721,167.1109,0.00015976,0.00015976,0.00193304,0.04418945,32.0,32.0,68.0
2026-04-08,ibm_kingston,32,223.842,331.3679,0.00019861,0.00019861,0.00517704,0.02209473,32.0,32.0,68.0
2026-04-08,ibm_kingston,33,256.0524,429.3093,0.00013443,0.00013443,0.00284678,0.01379395,32.0,32.0,108.0
2026-04-08,ibm_kingston,34,333.3518,378.0524,0.00017586,0.00017586,0.00186543,0.02941895,32.0,32.0,68.0
2026-04-08,ibm_kingston,35,283.9318,327.008,0.00010011,0.00010011,,0.02941895,32.0,32.0,
2026-04-08,ibm_kingston,36,215.939,195.842,0.00019675,0.00019675,,0.01550293,32.0,32.0,
2026-04-08,ibm_kingston,37,145.2906,25.5799,0.00034464,0.00034464,,0.01049805,32.0,32.0,
2026-04-08,ibm_kingston,38,273.5651,128.0205,0.00018776,0.00018776,,0.0065918,32.0,32.0,
2026-04-08,ibm_kingston,39,203.3735,119.9877,0.00018371,0.00018371,,0.01184082,32.0,32.0,
2026-04-07,ibm_kingston,20,370.4306,26.1182,0.00029112,0.00029112,0.00152384,0.00500488,32.0,32.0,68.0
2026-04-07,ibm_kingston,21,252.7296,330.928,0.00013577,0.00013577,0.00110927,0.00354004,32.0,32.0,68.0
2026-04-07,ibm_kingston,22,277.5935,113.2502,0.00019318,0.00019318,0.00121393,0.02612305,32.0,32.0,68.0
2026-04-07,ibm_kingston,23,240.2454,61.0862,0.00013547,0.00013547,0.00159327,0.00708008,32.0,32.0,68.0
2026-04-07,ibm_kingston,24,289.7327,54.3998,0.00027299,0.00027299,0.0021135,0.02160645,32.0,32.0,68.0
2026-04-07,ibm_kingston,25,345.5335,20.751,0.00046914,0.00046914,0.00167803,0.00793457,32.0,32.0,68.0
2026-04-07,ibm_kingston,26,278.4792,113.4821,0.00027348,0.00027348,0.00178368,0.0111084,32.0,32.0,68.0
2026-04-07,ibm_kingston,27,273.1114,57.287,0.0002141,0.0002141,0.00119878,0.01635742,32.0,32.0,68.0
2026-04-07,ibm_kingston,28,298.2917,279.0481,0.00025782,0.00025782,0.00264443,0.00964355,32.0,32.0,68.0
2026-04-07,ibm_kingston,29,182.0201,81.2071,0.00019381,0.00019381,0.00134574,0.00561523,32.0,32.0,80.0
2026-04-07,ibm_kingston,30,232.5977,49.0126,0.00018829,0.00018829,0.00166845,0.00952148,32.0,32.0,68.0
2026-04-07,ibm_kingston,31,266.7888,302.6359,0.00015386,0.00015386,0.00195261,0.01696777,32.0,32.0,68.0
2026-04-07,ibm_kingston,32,306.0412,337.4437,0.00014531,0.00014531,0.0026211,0.02172852,32.0,32.0,68.0
2026-04-07,ibm_kingston,33,312.6809,552.8911,0.00020886,0.00020886,0.00281576,0.01208496,32.0,32.0,108.0
2026-04-07,ibm_kingston,34,281.7415,307.8988,0.00020983,0.00020983,0.00186543,0.02880859,32.0,32.0,68.0
2026-04-07,ibm_kingston,35,255.429,279.0988,9.611e-05,9.611e-05,,0.0222168,32.0,32.0,
2026-04-07,ibm_kingston,36,257.7356,233.3355,0.00021427,0.00021427,,0.01159668,32.0,32.0,
2026-04-07,ibm_kingston,37,162.5478,24.7551,0.00034215,0.00034215,,0.00585938,32.0,32.0,
2026-04-07,ibm_kingston,38,301.9353,117.6417,0.00023372,0.00023372,,0.00793457,32.0,32.0,
2026-04-07,ibm_kingston,39,212.7064,114.7176,0.00018371,0.00018371,,0.01269531,32.0,32.0,
2026-04-06,ibm_kingston,20,330.5015,22.7003,0.00037514,0.00037514,0.00171034,0.00708008,32.0,32.0,68.0
2026-04-06,ibm_kingston,21,406.797,526.7525,0.00019726,0.00019726,0.0012462,0.00488281,32.0,32.0,68.0
2026-04-06,ibm_kingston,22,245.7099,112.2882,0.00021533,0.00021533,0.00138518,0.02978516,32.0,32.0,68.0
2026-04-06,ibm_kingston,23,202.8724,59.6266,0.00013234,0.00013234,0.00191921,0.00732422,32.0,32.0,68.0
2026-04-06,ibm_kingston,24,267.2138,52.4726,0.00048116,0.00048116,0.00261023,0.0234375,32.0,32.0,68.0
2026-04-06,ibm_kingston,25,281.7082,20.361,0.00019397,0.00019397,0.00159528,0.00463867,32.0,32.0,68.0
2026-04-06,ibm_kingston,26,287.3485,125.4141,0.00016143,0.00016143,0.00159034,0.01135254,32.0,32.0,68.0
2026-04-06,ibm_kingston,27,295.3341,53.7533,0.00015931,0.00015931,0.00120029,0.00964355,32.0,32.0,68.0
2026-04-06,ibm_kingston,28,290.2267,335.2155,0.00019841,0.00019841,0.00273752,0.0090332,32.0,32.0,68.0
2026-04-06,ibm_kingston,29,194.617,84.177,0.00028682,0.00028682,0.00136678,0.00866699,32.0,32.0,80.0
2026-04-06,ibm_kingston,30,251.0293,45.9721,0.00021427,0.00021427,0.00119077,0.0123291,32.0,32.0,68.0
2026-04-06,ibm_kingston,31,303.121,298.8511,0.00020104,0.00020104,0.00220188,0.03503418,32.0,32.0,68.0
2026-04-06,ibm_kingston,32,221.2167,240.327,0.0006559,0.0006559,0.00229078,0.02258301,32.0,32.0,68.0
2026-04-06,ibm_kingston,33,286.5477,453.3417,7.535e-05,7.535e-05,0.00241379,0.01159668,32.0,32.0,108.0
2026-04-06,ibm_kingston,34,208.1597,199.5318,0.00024836,0.00024836,0.00228073,0.02856445,32.0,32.0,68.0
2026-04-06,ibm_kingston,35,281.2425,280.3407,0.00014314,0.00014314,,0.02062988,32.0,32.0,
2026-04-06,ibm_kingston,36,300.4925,301.5491,0.00021803,0.00021803,,0.01037598,32.0,32.0,
2026-04-06,ibm_kingston,37,152.7831,23.6715,0.00022833,0.00022833,,0.00512695,32.0,32.0,
2026-04-06,ibm_kingston,38,252.3223,121.7915,0.00021247,0.00021247,,0.00952148,32.0,32.0,
2026-04-06,ibm_kingston,39,217.1611,126.1272,0.0001929,0.0001929,,0.01000977,32.0,32.0,
2026-04-05,ibm_kingston,20,330.6643,22.7132,0.00033474,0.00033474,0.00237642,0.00610352,32.0,32.0,68.0
2026-04-05,ibm_kingston,21,344.1153,368.8656,0.00066845,0.00066845,0.00103197,0.00292969,32.0,32.0,68.0
2026-04-05,ibm_kingston,22,232.1086,113.6502,0.00019128,0.00019128,0.00143442,0.02270508,32.0,32.0,68.0
2026-04-05,ibm_kingston,23,375.5567,59.0504,0.00018025,0.00018025,0.00182271,0.00415039,32.0,32.0,68.0
2026-04-05,ibm_kingston,24,324.1375,48.7763,0.00061027,0.00061027,0.00260059,0.01928711,32.0,32.0,68.0
2026-04-05,ibm_kingston,25,270.8049,21.8582,0.00025937,0.00025937,0.00173309,0.00952148,32.0,32.0,68.0
2026-04-05,ibm_kingston,26,295.6467,120.0003,0.00021227,0.00021227,0.0017515,0.01367188,32.0,32.0,68.0
2026-04-05,ibm_kingston,27,242.061,42.691,0.00022751,0.00022751,0.00121496,0.00976562,32.0,32.0,68.0
2026-04-05,ibm_kingston,28,265.5489,332.5296,0.00015729,0.00015729,0.00212108,0.00976562,32.0,32.0,68.0
2026-04-05,ibm_kingston,29,177.522,72.5984,0.00011974,0.00011974,0.00114516,0.00708008,32.0,32.0,80.0
2026-04-05,ibm_kingston,30,182.0173,41.4989,0.00021137,0.00021137,0.00141713,0.00976562,32.0,32.0,68.0
2026-04-05,ibm_kingston,31,193.91,183.9906,0.00019427,0.00019427,0.00240095,0.09643555,32.0,32.0,68.0
2026-04-05,ibm_kingston,32,214.18,255.7784,0.00018682,0.00018682,0.0032501,0.02172852,32.0,32.0,68.0
2026-04-05,ibm_kingston,33,248.6533,311.022,0.00012403,0.00012403,0.0055223,0.01953125,32.0,32.0,108.0
2026-04-05,ibm_kingston,34,287.1239,280.6248,0.00013292,0.00013292,0.00331549,0.07861328,32.0,32.0,68.0
2026-04-05,ibm_kingston,35,270.3717,320.8408,0.00024202,0.00024202,,0.0222168,32.0,32.0,
2026-04-05,ibm_kingston,36,297.7711,191.4077,0.00035006,0.00035006,,0.01269531,32.0,32.0,
2026-04-05,ibm_kingston,37,112.3646,26.1666,0.0003032,0.0003032,,0.00512695,32.0,32.0,
2026-04-05,ibm_kingston,38,252.7022,114.3579,0.00021959,0.00021959,,0.00585938,32.0,32.0,
2026-04-05,ibm_kingston,39,123.3056,93.2821,0.0001929,0.0001929,,0.02270508,32.0,32.0,
2026-04-04,ibm_kingston,20,330.6643,22.7132,0.00033474,0.00033474,0.00237642,0.00610352,32.0,32.0,68.0
2026-04-04,ibm_kingston,21,344.1153,368.8656,0.00066845,0.00066845,0.00103197,0.00292969,32.0,32.0,68.0
2026-04-04,ibm_kingston,22,232.1086,113.6502,0.00019128,0.00019128,0.00143442,0.02270508,32.0,32.0,68.0
2026-04-04,ibm_kingston,23,375.5567,59.0504,0.00018025,0.00018025,0.00182271,0.00415039,32.0,32.0,68.0
2026-04-04,ibm_kingston,24,324.1375,48.7763,0.00061027,0.00061027,0.00260059,0.01928711,32.0,32.0,68.0
2026-04-04,ibm_kingston,25,270.8049,21.8582,0.00025937,0.00025937,0.00173309,0.00952148,32.0,32.0,68.0
2026-04-04,ibm_kingston,26,295.6467,120.0003,0.00021227,0.00021227,0.0017515,0.01367188,32.0,32.0,68.0
2026-04-04,ibm_kingston,27,242.061,42.691,0.00022751,0.00022751,0.00121496,0.00976562,32.0,32.0,68.0
2026-04-04,ibm_kingston,28,265.5489,332.5296,0.00015729,0.00015729,0.00212108,0.00976562,32.0,32.0,68.0
2026-04-04,ibm_kingston,29,177.522,72.5984,0.00011974,0.00011974,0.00114516,0.00708008,32.0,32.0,80.0
2026-04-04,ibm_kingston,30,182.0173,41.4989,0.00021137,0.00021137,0.00141713,0.00976562,32.0,32.0,68.0
2026-04-04,ibm_kingston,31,193.91,183.9906,0.00019427,0.00019427,0.00240095,0.09643555,32.0,32.0,68.0
2026-04-04,ibm_kingston,32,214.18,255.7784,0.00018682,0.00018682,0.0032501,0.02172852,32.0,32.0,68.0
2026-04-04,ibm_kingston,33,248.6533,311.022,0.00012403,0.00012403,0.0055223,0.01953125,32.0,32.0,108.0
2026-04-04,ibm_kingston,34,287.1239,280.6248,0.00013292,0.00013292,0.00331549,0.07861328,32.0,32.0,68.0
2026-04-04,ibm_kingston,35,270.3717,320.8408,0.00024202,0.00024202,,0.0222168,32.0,32.0,
2026-04-04,ibm_kingston,36,297.7711,191.4077,0.00035006,0.00035006,,0.01269531,32.0,32.0,
2026-04-04,ibm_kingston,37,112.3646,26.1666,0.0003032,0.0003032,,0.00512695,32.0,32.0,
2026-04-04,ibm_kingston,38,252.7022,114.3579,0.00021959,0.00021959,,0.00585938,32.0,32.0,
2026-04-04,ibm_kingston,39,123.3056,93.2821,0.0001929,0.0001929,,0.02270508,32.0,32.0,
2026-04-03,ibm_kingston,20,263.2612,24.0406,0.00033474,0.00033474,0.00237642,0.00598145,32.0,32.0,68.0
2026-04-03,ibm_kingston,21,280.777,283.625,0.00066845,0.00066845,0.00103197,0.00427246,32.0,32.0,68.0
2026-04-03,ibm_kingston,22,332.0044,132.2697,0.00019128,0.00019128,0.00143442,0.02648926,32.0,32.0,68.0
2026-04-03,ibm_kingston,23,342.1607,64.1202,0.00018025,0.00018025,0.00182271,0.01037598,32.0,32.0,68.0
2026-04-03,ibm_kingston,24,226.6724,44.4145,0.00061027,0.00061027,0.00260059,0.02380371,32.0,32.0,68.0
2026-04-03,ibm_kingston,25,270.8049,18.0612,0.00025937,0.00025937,0.00173309,0.00671387,32.0,32.0,68.0
2026-04-03,ibm_kingston,26,283.0528,122.3017,0.00021227,0.00021227,0.0017515,0.01086426,32.0,32.0,68.0
2026-04-03,ibm_kingston,27,287.0058,53.3119,0.00022751,0.00022751,0.00121496,0.01574707,32.0,32.0,68.0
2026-04-03,ibm_kingston,28,185.6699,92.4146,0.00015729,0.00015729,0.00212108,0.00964355,32.0,32.0,68.0
2026-04-03,ibm_kingston,29,215.1512,82.7845,0.00011974,0.00011974,0.00114516,0.00695801,32.0,32.0,80.0
2026-04-03,ibm_kingston,30,218.047,60.8089,0.00021137,0.00021137,0.00141713,0.01098633,32.0,32.0,68.0
2026-04-03,ibm_kingston,31,138.8714,172.0263,0.00019427,0.00019427,0.00240095,0.07397461,32.0,32.0,68.0
2026-04-03,ibm_kingston,32,330.1416,451.5547,0.00018682,0.00018682,0.0032501,0.0246582,32.0,32.0,68.0
2026-04-03,ibm_kingston,33,240.2327,386.8353,0.00012403,0.00012403,0.0055223,0.02001953,32.0,32.0,108.0
2026-04-03,ibm_kingston,34,195.0137,197.6994,0.00013292,0.00013292,0.00331549,0.03027344,32.0,32.0,68.0
2026-04-03,ibm_kingston,35,274.8085,230.0092,0.00024202,0.00024202,,0.0279541,32.0,32.0,
2026-04-03,ibm_kingston,36,261.0356,157.9573,0.00035006,0.00035006,,0.01721191,32.0,32.0,
2026-04-03,ibm_kingston,37,140.9539,26.5557,0.0003032,0.0003032,,0.00524902,32.0,32.0,
2026-04-03,ibm_kingston,38,251.3646,114.0438,0.00021959,0.00021959,,0.00732422,32.0,32.0,
2026-04-03,ibm_kingston,39,138.7408,111.3173,0.0001929,0.0001929,,0.01367188,32.0,32.0,
2026-04-02,ibm_kingston,20,337.7956,21.5516,0.00030792,0.00030792,0.00204036,0.00561523,32.0,32.0,68.0
2026-04-02,ibm_kingston,21,274.6944,372.1436,0.00024264,0.00024264,0.00126215,0.00585938,32.0,32.0,68.0
2026-04-02,ibm_kingston,22,358.7359,129.3191,0.00024167,0.00024167,0.00132708,0.02087402,32.0,32.0,68.0
2026-04-02,ibm_kingston,23,267.9909,56.1916,0.00026713,0.00026713,0.00159019,0.00585938,32.0,32.0,68.0
2026-04-02,ibm_kingston,24,306.2312,52.0007,0.00051415,0.00051415,0.00226015,0.02197266,32.0,32.0,68.0
2026-04-02,ibm_kingston,25,379.1213,20.0153,0.00024346,0.00024346,0.00210598,0.00805664,32.0,32.0,68.0
2026-04-02,ibm_kingston,26,220.6383,77.9156,0.0001244,0.0001244,0.00183114,0.01171875,32.0,32.0,68.0
2026-04-02,ibm_kingston,27,303.9932,53.3641,0.00026413,0.00026413,0.00117935,0.01159668,32.0,32.0,68.0
2026-04-02,ibm_kingston,28,273.4745,335.1849,0.00043669,0.00043669,0.0085866,0.00842285,32.0,32.0,68.0
2026-04-02,ibm_kingston,29,185.1119,92.2184,0.00022692,0.00022692,0.01216826,0.00537109,32.0,32.0,80.0
2026-04-02,ibm_kingston,30,269.8534,68.1779,0.00031926,0.00031926,0.00148301,0.00976562,32.0,32.0,68.0
2026-04-02,ibm_kingston,31,165.0835,194.8334,0.00018202,0.00018202,0.00255489,0.04284668,32.0,32.0,68.0
2026-04-02,ibm_kingston,32,209.0383,286.1438,0.00021873,0.00021873,0.00321885,0.02099609,32.0,32.0,68.0
2026-04-02,ibm_kingston,33,355.8719,445.367,0.00011755,0.00011755,0.00289332,0.01367188,32.0,32.0,108.0
2026-04-02,ibm_kingston,34,266.973,319.2869,0.00020322,0.00020322,0.00122893,0.03125,32.0,32.0,68.0
2026-04-02,ibm_kingston,35,275.045,320.8172,0.00024202,0.00024202,,0.0267334,32.0,32.0,
2026-04-02,ibm_kingston,36,275.7345,209.9509,0.00025438,0.00025438,,0.01342773,32.0,32.0,
2026-04-02,ibm_kingston,37,185.7922,23.1643,0.0002349,0.0002349,,0.00720215,32.0,32.0,
2026-04-02,ibm_kingston,38,300.3933,118.6585,0.00022354,0.00022354,,0.00878906,32.0,32.0,
2026-04-02,ibm_kingston,39,147.6274,105.771,0.00014458,0.00014458,,0.01318359,32.0,32.0,
2026-04-01,ibm_kingston,20,333.3233,22.7347,0.00028592,0.00028592,0.00141357,0.00500488,32.0,32.0,68.0
2026-04-01,ibm_kingston,21,183.6256,177.8742,9.411e-05,9.411e-05,0.00107216,0.00366211,32.0,32.0,68.0
2026-04-01,ibm_kingston,22,289.0741,111.1754,0.00018621,0.00018621,0.00143007,0.03137207,32.0,32.0,68.0
2026-04-01,ibm_kingston,23,323.0584,59.5249,0.00010059,0.00010059,0.00210673,0.00939941,32.0,32.0,68.0
2026-04-01,ibm_kingston,24,290.8029,64.3758,0.0003702,0.0003702,0.00321537,0.02783203,32.0,32.0,68.0
2026-04-01,ibm_kingston,25,291.9235,27.2402,0.00020717,0.00020717,0.00200409,0.00891113,32.0,32.0,68.0
2026-04-01,ibm_kingston,26,225.9235,99.0188,0.00018673,0.00018673,0.00157579,0.01379395,32.0,32.0,68.0
2026-04-01,ibm_kingston,27,195.5338,54.4178,0.00021827,0.00021827,0.00115154,0.01269531,32.0,32.0,68.0
2026-04-01,ibm_kingston,28,223.8176,283.8928,0.00017716,0.00017716,0.0028974,0.01025391,32.0,32.0,68.0
2026-04-01,ibm_kingston,29,204.0003,89.7399,0.00022871,0.00022871,0.00176804,0.00463867,32.0,32.0,80.0
2026-04-01,ibm_kingston,30,255.8911,49.3619,0.00031304,0.00031304,0.00200074,0.01037598,32.0,32.0,68.0
2026-04-01,ibm_kingston,31,247.779,265.4388,0.00017142,0.00017142,0.00242984,0.02246094,32.0,32.0,68.0
2026-04-01,ibm_kingston,32,310.6238,333.4832,0.00017428,0.00017428,0.00253946,0.0267334,32.0,32.0,68.0
2026-04-01,ibm_kingston,33,296.1804,411.6404,0.00014143,0.00014143,0.00254321,0.01586914,32.0,32.0,108.0
2026-04-01,ibm_kingston,34,259.8616,244.4663,0.00017476,0.00017476,0.00150641,0.03222656,32.0,32.0,68.0
2026-04-01,ibm_kingston,35,323.6934,344.0633,0.00351683,0.00351683,,0.02966309,32.0,32.0,
2026-04-01,ibm_kingston,36,256.6192,167.9294,0.00049943,0.00049943,,0.01550293,32.0,32.0,
2026-04-01,ibm_kingston,37,161.7461,24.4985,0.00027597,0.00027597,,0.00634766,32.0,32.0,
2026-04-01,ibm_kingston,38,212.8732,119.2555,0.00021714,0.00021714,,0.00927734,32.0,32.0,
2026-04-01,ibm_kingston,39,155.2996,102.2122,0.00016648,0.00016648,,0.0144043,32.0,32.0,
2026-03-31,ibm_kingston,20,297.8182,33.1922,0.00038365,0.00038365,0.00166505,0.00476074,32.0,32.0,68.0
2026-03-31,ibm_kingston,21,259.4335,314.2442,9.1e-05,9.1e-05,0.00223072,0.01159668,32.0,32.0,68.0
2026-03-31,ibm_kingston,22,287.2825,123.0981,0.00017644,0.00017644,0.00121553,0.02453613,32.0,32.0,68.0
2026-03-31,ibm_kingston,23,270.2091,51.41,0.00011157,0.00011157,0.0013793,0.00708008,32.0,32.0,68.0
2026-03-31,ibm_kingston,24,304.5455,61.6939,0.0003885,0.0003885,0.0022339,0.02648926,32.0,32.0,68.0
2026-03-31,ibm_kingston,25,355.3857,19.7546,0.00018649,0.00018649,0.00156496,0.00549316,32.0,32.0,68.0
2026-03-31,ibm_kingston,26,326.0411,170.7101,0.00018935,0.00018935,0.00143735,0.0111084,32.0,32.0,68.0
2026-03-31,ibm_kingston,27,247.0697,60.9748,0.000197,0.000197,0.00115154,0.01147461,32.0,32.0,68.0
2026-03-31,ibm_kingston,28,167.226,185.8905,0.00015664,0.00015664,0.00241775,0.00964355,32.0,32.0,68.0
2026-03-31,ibm_kingston,29,161.8525,83.9577,0.00019597,0.00019597,0.00140261,0.00708008,32.0,32.0,80.0
2026-03-31,ibm_kingston,30,267.887,75.8553,0.00012616,0.00012616,0.00153069,0.0123291,32.0,32.0,68.0
2026-03-31,ibm_kingston,31,239.4171,269.4256,0.0001266,0.0001266,0.00218468,0.04406738,32.0,32.0,68.0
2026-03-31,ibm_kingston,32,185.3101,161.0894,0.00015889,0.00015889,0.00326035,0.02648926,32.0,32.0,68.0
2026-03-31,ibm_kingston,33,290.7409,345.3755,0.00016369,0.00016369,0.00248987,0.01086426,32.0,32.0,108.0
2026-03-31,ibm_kingston,34,267.6849,244.4992,0.00015271,0.00015271,0.00193337,0.0369873,32.0,32.0,68.0
2026-03-31,ibm_kingston,35,322.3662,389.5974,8.725e-05,8.725e-05,,0.01794434,32.0,32.0,
2026-03-31,ibm_kingston,36,391.3877,258.4934,0.00020427,0.00020427,,0.01501465,32.0,32.0,
2026-03-31,ibm_kingston,37,165.8868,33.2353,0.00022596,0.00022596,,0.00598145,32.0,32.0,
2026-03-31,ibm_kingston,38,288.3739,112.8696,0.00016959,0.00016959,,0.00805664,32.0,32.0,
2026-03-31,ibm_kingston,39,139.5629,94.0056,0.00016822,0.00016822,,0.01147461,32.0,32.0,
2026-03-30,ibm_kingston,20,344.6588,93.9724,0.00026581,0.00026581,0.0018993,0.00695801,32.0,32.0,68.0
2026-03-30,ibm_kingston,21,336.642,402.4852,0.00012651,0.00012651,0.00223072,0.00317383,32.0,32.0,68.0
2026-03-30,ibm_kingston,22,280.2491,125.24,0.00022804,0.00022804,0.0026417,0.02197266,32.0,32.0,68.0
2026-03-30,ibm_kingston,23,214.1855,62.8039,0.00019304,0.00019304,0.00142134,0.00512695,32.0,32.0,68.0
2026-03-30,ibm_kingston,24,297.7582,57.1979,0.00033043,0.00033043,0.00272051,0.02258301,32.0,32.0,68.0
2026-03-30,ibm_kingston,25,319.0716,26.2027,0.00026797,0.00026797,0.00187297,0.00695801,32.0,32.0,68.0
2026-03-30,ibm_kingston,26,200.7331,113.4664,0.00018991,0.00018991,0.00165558,0.01184082,32.0,32.0,68.0
2026-03-30,ibm_kingston,27,361.3393,67.9296,0.00017136,0.00017136,0.00116826,0.00964355,32.0,32.0,68.0
2026-03-30,ibm_kingston,28,181.7848,218.1209,0.00019481,0.00019481,0.00234611,0.00695801,32.0,32.0,68.0
2026-03-30,ibm_kingston,29,195.9084,84.5373,0.00017035,0.00017035,0.00124991,0.00610352,32.0,32.0,80.0
2026-03-30,ibm_kingston,30,336.7015,71.872,0.00020203,0.00020203,0.00173954,0.01000977,32.0,32.0,68.0
2026-03-30,ibm_kingston,31,263.7448,290.7376,0.00017176,0.00017176,0.00205623,0.04064941,32.0,32.0,68.0
2026-03-30,ibm_kingston,32,273.2783,312.3715,0.00021394,0.00021394,0.00249538,0.01867676,32.0,32.0,68.0
2026-03-30,ibm_kingston,33,267.5038,345.3755,0.00051542,0.00051542,0.00265357,0.01171875,32.0,32.0,108.0
2026-03-30,ibm_kingston,34,306.1691,330.6871,0.00021002,0.00021002,0.00162582,0.02819824,32.0,32.0,68.0
2026-03-30,ibm_kingston,35,290.4424,339.0733,0.00011612,0.00011612,,0.02185059,32.0,32.0,
2026-03-30,ibm_kingston,36,321.8725,236.2784,0.00115355,0.00115355,,0.0168457,32.0,32.0,
2026-03-30,ibm_kingston,37,170.7393,29.6027,0.00024626,0.00024626,,0.00537109,32.0,32.0,
2026-03-30,ibm_kingston,38,280.6938,124.8027,0.00021206,0.00021206,,0.00561523,32.0,32.0,
2026-03-30,ibm_kingston,39,161.9662,95.5194,0.00014926,0.00014926,,0.01171875,32.0,32.0,
2026-03-29,ibm_kingston,20,300.1138,22.8137,0.00030568,0.00030568,0.00216369,0.00598145,32.0,32.0,68.0
2026-03-29,ibm_kingston,21,302.0776,426.823,0.00016629,0.00016629,0.0014165,0.00341797,32.0,32.0,68.0
2026-03-29,ibm_kingston,22,262.3756,138.557,0.00015683,0.00015683,0.00123142,0.03405762,32.0,32.0,68.0
2026-03-29,ibm_kingston,23,310.9232,62.8385,0.000106,0.000106,0.00155448,0.00769043,32.0,32.0,68.0
2026-03-29,ibm_kingston,24,143.8508,55.8849,0.00034031,0.00034031,0.00185483,0.02941895,32.0,32.0,68.0
2026-03-29,ibm_kingston,25,208.3693,24.3367,0.0002024,0.0002024,0.00161906,0.00854492,32.0,32.0,68.0
2026-03-29,ibm_kingston,26,332.1516,182.5538,0.00035899,0.00035899,0.00139882,0.0098877,32.0,32.0,68.0
2026-03-29,ibm_kingston,27,473.699,76.7275,0.00036051,0.00036051,0.00103013,0.02209473,32.0,32.0,68.0
2026-03-29,ibm_kingston,28,369.8712,409.6736,0.00016876,0.00016876,0.00268777,0.01049805,32.0,32.0,68.0
2026-03-29,ibm_kingston,29,151.8981,72.987,0.00012563,0.00012563,0.00135257,0.00805664,32.0,32.0,80.0
2026-03-29,ibm_kingston,30,225.9548,69.6497,0.0003027,0.0003027,0.00144199,0.0123291,32.0,32.0,68.0
2026-03-29,ibm_kingston,31,238.2014,251.9383,0.00019866,0.00019866,0.00192151,0.08544922,32.0,32.0,68.0
2026-03-29,ibm_kingston,32,303.5241,337.2987,0.00018506,0.00018506,0.00246655,0.02514648,32.0,32.0,68.0
2026-03-29,ibm_kingston,33,313.34,465.854,8.571e-05,8.571e-05,0.00192775,0.02429199,32.0,32.0,108.0
2026-03-29,ibm_kingston,34,209.7751,213.3025,0.00017403,0.00017403,0.0013799,0.03649902,32.0,32.0,68.0
2026-03-29,ibm_kingston,35,272.2841,302.0454,0.00021678,0.00021678,,0.0423584,32.0,32.0,
2026-03-29,ibm_kingston,36,359.093,208.1434,0.00129256,0.00129256,,0.01464844,32.0,32.0,
2026-03-29,ibm_kingston,37,166.1257,27.3537,0.00037857,0.00037857,,0.00500488,32.0,32.0,
2026-03-29,ibm_kingston,38,161.1113,44.9978,0.00021209,0.00021209,,0.00964355,32.0,32.0,
2026-03-29,ibm_kingston,39,213.7737,124.9934,0.0002028,0.0002028,,0.01391602,32.0,32.0,
2026-03-28,ibm_kingston,20,204.005,21.5111,0.00017441,0.00017441,0.00173224,0.00598145,32.0,32.0,68.0
2026-03-28,ibm_kingston,21,457.692,408.0856,0.00016156,0.00016156,0.0014165,0.00354004,32.0,32.0,68.0
2026-03-28,ibm_kingston,22,317.661,115.1856,0.00020329,0.00020329,0.00123142,0.02539062,32.0,32.0,68.0
2026-03-28,ibm_kingston,23,262.3394,61.1069,0.00011837,0.00011837,0.00224038,0.00610352,32.0,32.0,68.0
2026-03-28,ibm_kingston,24,140.256,54.431,0.00050606,0.00050606,0.00248788,0.02429199,32.0,32.0,68.0
2026-03-28,ibm_kingston,25,139.3921,20.5096,0.00024682,0.00024682,0.00154105,0.00537109,32.0,32.0,68.0
2026-03-28,ibm_kingston,26,181.0255,145.8984,0.0002048,0.0002048,0.00141026,0.01257324,32.0,32.0,68.0
2026-03-28,ibm_kingston,27,139.3907,59.0743,0.00027323,0.00027323,0.00129216,0.01623535,32.0,32.0,68.0
2026-03-28,ibm_kingston,28,183.5897,214.6143,0.00016876,0.00016876,0.00298202,0.01013184,32.0,32.0,68.0
2026-03-28,ibm_kingston,29,147.3554,70.4599,0.00027592,0.00027592,0.00162715,0.00488281,32.0,32.0,80.0
2026-03-28,ibm_kingston,30,125.6731,47.2567,0.00042287,0.00042287,0.00221501,0.00866699,32.0,32.0,68.0
2026-03-28,ibm_kingston,31,238.2014,233.8989,0.0002595,0.0002595,0.00278915,0.01257324,32.0,32.0,68.0
2026-03-28,ibm_kingston,32,153.5639,196.7443,0.00023759,0.00023759,0.00246963,0.02233887,32.0,32.0,68.0
2026-03-28,ibm_kingston,33,207.2402,271.338,0.00012103,0.00012103,0.00255186,0.02807617,32.0,32.0,108.0
2026-03-28,ibm_kingston,34,277.8599,328.534,0.00018522,0.00018522,0.0032933,0.04223633,32.0,32.0,68.0
2026-03-28,ibm_kingston,35,282.5947,362.7724,0.00066651,0.00066651,,0.01818848,32.0,32.0,
2026-03-28,ibm_kingston,36,148.6446,48.0005,0.00016766,0.00016766,,0.01269531,32.0,32.0,
2026-03-28,ibm_kingston,37,139.4367,25.8157,0.00020045,0.00020045,,0.0065918,32.0,32.0,
2026-03-28,ibm_kingston,38,161.1113,85.737,0.0002706,0.0002706,,0.01098633,32.0,32.0,
2026-03-28,ibm_kingston,39,195.3439,137.0166,0.00016205,0.00016205,,0.01086426,32.0,32.0,
2026-03-27,ibm_kingston,20,339.0571,20.9494,0.00025742,0.00025742,0.00126515,0.00952148,32.0,32.0,68.0
2026-03-27,ibm_kingston,21,292.7368,286.1942,0.00012692,0.00012692,0.00105393,0.00378418,32.0,32.0,68.0
2026-03-27,ibm_kingston,22,223.9021,103.7712,0.00020448,0.00020448,0.00146947,0.0279541,32.0,32.0,68.0
2026-03-27,ibm_kingston,23,203.7795,52.9013,0.00011837,0.00011837,0.0015526,0.00732422,32.0,32.0,68.0
2026-03-27,ibm_kingston,24,286.0507,45.3283,0.00040051,0.00040051,0.00317345,0.02490234,32.0,32.0,68.0
2026-03-27,ibm_kingston,25,422.1085,24.7761,0.00028021,0.00028021,0.00194414,0.01135254,32.0,32.0,68.0
2026-03-27,ibm_kingston,26,307.1392,138.0439,0.00018502,0.00018502,0.00187218,0.01086426,32.0,32.0,68.0
2026-03-27,ibm_kingston,27,517.1088,61.5302,0.00021733,0.00021733,0.00125344,0.01342773,32.0,32.0,68.0
2026-03-27,ibm_kingston,28,288.4355,324.13,0.00019824,0.00019824,0.0025322,0.01245117,32.0,32.0,68.0
2026-03-27,ibm_kingston,29,198.9597,87.544,0.00026037,0.00026037,0.00151802,0.00634766,32.0,32.0,80.0
2026-03-27,ibm_kingston,30,289.2491,66.1929,0.00022555,0.00022555,0.00201742,0.00927734,32.0,32.0,68.0
2026-03-27,ibm_kingston,31,200.2586,167.2244,0.00011776,0.00011776,0.00207247,0.01660156,32.0,32.0,68.0
2026-03-27,ibm_kingston,32,285.0364,420.2164,0.00021413,0.00021413,0.00277833,0.0177002,32.0,32.0,68.0
2026-03-27,ibm_kingston,33,376.6405,471.8486,0.00017022,0.00017022,0.00248496,0.015625,32.0,32.0,108.0
2026-03-27,ibm_kingston,34,314.9659,315.3017,0.00014407,0.00014407,0.00155992,0.0267334,32.0,32.0,68.0
2026-03-27,ibm_kingston,35,212.1551,272.4361,0.00010355,0.00010355,,0.02270508,32.0,32.0,
2026-03-27,ibm_kingston,36,148.6446,151.0142,0.0003053,0.0003053,,0.01501465,32.0,32.0,
2026-03-27,ibm_kingston,37,160.5992,24.5629,0.00070197,0.00070197,,0.00427246,32.0,32.0,
2026-03-27,ibm_kingston,38,298.3358,126.9913,0.00019727,0.00019727,,0.01184082,32.0,32.0,
2026-03-27,ibm_kingston,39,166.2848,113.8595,0.00013833,0.00013833,,0.01489258,32.0,32.0,
2026-03-26,ibm_kingston,20,92.0057,34.5491,0.00021093,0.00021093,0.00148251,0.00610352,32.0,32.0,68.0
2026-03-26,ibm_kingston,21,375.0054,479.1016,0.00018439,0.00018439,0.0010329,0.00280762,32.0,32.0,68.0
2026-03-26,ibm_kingston,22,302.9269,118.7987,0.00026346,0.00026346,0.00145148,0.02490234,32.0,32.0,68.0
2026-03-26,ibm_kingston,23,314.7663,59.9047,0.0001271,0.0001271,0.00162307,0.00585938,32.0,32.0,68.0
2026-03-26,ibm_kingston,24,307.5327,51.9179,0.0001918,0.0001918,0.00243099,0.0246582,32.0,32.0,68.0
2026-03-26,ibm_kingston,25,465.2461,32.3367,0.00022112,0.00022112,0.00166726,0.01037598,32.0,32.0,68.0
2026-03-26,ibm_kingston,26,235.7353,80.9839,0.00019291,0.00019291,0.00148953,0.01501465,32.0,32.0,68.0
2026-03-26,ibm_kingston,27,285.0026,65.3661,0.00020896,0.00020896,0.00121507,0.01269531,32.0,32.0,68.0
2026-03-26,ibm_kingston,28,207.9478,238.5718,0.00020146,0.00020146,0.00283655,0.0098877,32.0,32.0,68.0
2026-03-26,ibm_kingston,29,131.0561,66.5603,0.00016443,0.00016443,0.00144102,0.00756836,32.0,32.0,80.0
2026-03-26,ibm_kingston,30,247.1474,49.3322,0.00022413,0.00022413,0.00131004,0.0123291,32.0,32.0,68.0
2026-03-26,ibm_kingston,31,187.4927,155.3929,0.00020629,0.00020629,0.00194129,0.01733398,32.0,32.0,68.0
2026-03-26,ibm_kingston,32,275.5088,155.1302,0.00015158,0.00015158,0.00303625,0.0234375,32.0,32.0,68.0
2026-03-26,ibm_kingston,33,344.4982,497.7902,0.00042127,0.00042127,0.00302712,0.01721191,32.0,32.0,108.0
2026-03-26,ibm_kingston,34,290.0604,251.6582,0.00017787,0.00017787,0.00203143,0.03344727,32.0,32.0,68.0
2026-03-26,ibm_kingston,35,254.3914,428.5127,9.689e-05,9.689e-05,,0.0255127,32.0,32.0,
2026-03-26,ibm_kingston,36,226.7415,167.5691,0.00066269,0.00066269,,0.01586914,32.0,32.0,
2026-03-26,ibm_kingston,37,97.6258,21.928,0.00043033,0.00043033,,0.00598145,32.0,32.0,
2026-03-26,ibm_kingston,38,284.9776,122.7104,0.00021358,0.00021358,,0.00610352,32.0,32.0,
2026-03-26,ibm_kingston,39,189.0957,113.3449,0.0002026,0.0002026,,0.01464844,32.0,32.0,
2026-03-25,ibm_kingston,20,220.2,26.1569,0.00035249,0.00035249,0.00154995,0.00585938,32.0,32.0,68.0
2026-03-25,ibm_kingston,21,456.7342,496.5458,0.0001361,0.0001361,0.00120659,0.00256348,32.0,32.0,68.0
2026-03-25,ibm_kingston,22,233.8511,113.8083,0.00023095,0.00023095,0.00181877,0.0222168,32.0,32.0,68.0
2026-03-25,ibm_kingston,23,290.1591,57.39,0.00031943,0.00031943,0.00213952,0.00537109,32.0,32.0,68.0
2026-03-25,ibm_kingston,24,192.0531,38.1172,0.00034388,0.00034388,0.04373948,0.02575684,32.0,32.0,68.0
2026-03-25,ibm_kingston,25,312.1087,16.233,0.00022847,0.00022847,0.00160286,0.00634766,32.0,32.0,68.0
2026-03-25,ibm_kingston,26,323.9589,97.6456,0.0003305,0.0003305,0.00167695,0.01037598,32.0,32.0,68.0
2026-03-25,ibm_kingston,27,252.2776,48.0416,0.00018829,0.00018829,0.00139272,0.01245117,32.0,32.0,68.0
2026-03-25,ibm_kingston,28,343.3727,306.8542,0.0002298,0.0002298,0.00285559,0.00927734,32.0,32.0,68.0
2026-03-25,ibm_kingston,29,165.7615,76.9582,0.00024713,0.00024713,0.00122377,0.00561523,32.0,32.0,80.0
2026-03-25,ibm_kingston,30,278.3579,57.917,0.00046824,0.00046824,0.00150839,0.01293945,32.0,32.0,68.0
2026-03-25,ibm_kingston,31,202.4268,223.0135,0.00012345,0.00012345,0.00245252,0.12939453,32.0,32.0,68.0
2026-03-25,ibm_kingston,32,275.5088,314.6845,0.00107833,0.00107833,0.00249534,0.02404785,32.0,32.0,68.0
2026-03-25,ibm_kingston,33,325.2106,420.2449,0.00011086,0.00011086,0.00230191,0.01428223,32.0,32.0,108.0
2026-03-25,ibm_kingston,34,245.5372,92.2747,0.00018835,0.00018835,0.00163602,0.03076172,32.0,32.0,68.0
2026-03-25,ibm_kingston,35,193.9234,210.2747,0.00013061,0.00013061,,0.02001953,32.0,32.0,
2026-03-25,ibm_kingston,36,110.2514,116.2372,0.00022426,0.00022426,,0.01318359,32.0,32.0,
2026-03-25,ibm_kingston,37,130.7202,28.0807,0.00037469,0.00037469,,0.02563477,32.0,32.0,
2026-03-25,ibm_kingston,38,226.6209,102.3091,0.00019034,0.00019034,,0.00708008,32.0,32.0,
2026-03-25,ibm_kingston,39,159.0643,116.4151,0.00019753,0.00019753,,0.01257324,32.0,32.0,
2026-03-24,ibm_kingston,20,220.2,26.1569,0.00035249,0.00035249,0.00154995,0.00415039,32.0,32.0,68.0
2026-03-24,ibm_kingston,21,456.7342,496.5458,0.0001361,0.0001361,0.00120659,0.01049805,32.0,32.0,68.0
2026-03-24,ibm_kingston,22,233.8511,113.8083,0.00023095,0.00023095,0.00181877,0.01098633,32.0,32.0,68.0
2026-03-24,ibm_kingston,23,290.1591,57.39,0.00031943,0.00031943,0.00213952,0.00366211,32.0,32.0,68.0
2026-03-24,ibm_kingston,24,192.0531,38.1172,0.00034388,0.00034388,0.04373948,0.01831055,32.0,32.0,68.0
2026-03-24,ibm_kingston,25,312.1087,16.233,0.00022847,0.00022847,0.00160286,0.00952148,32.0,32.0,68.0
2026-03-24,ibm_kingston,26,323.9589,97.6456,0.0003305,0.0003305,0.00167695,0.01000977,32.0,32.0,68.0
2026-03-24,ibm_kingston,27,252.2776,48.0416,0.00018829,0.00018829,0.00139272,0.00634766,32.0,32.0,68.0
2026-03-24,ibm_kingston,28,343.3727,306.8542,0.0002298,0.0002298,0.00285559,0.00878906,32.0,32.0,68.0
2026-03-24,ibm_kingston,29,165.7615,76.9582,0.00024713,0.00024713,0.00122377,0.00708008,32.0,32.0,80.0
2026-03-24,ibm_kingston,30,278.3579,57.917,0.00046824,0.00046824,0.00150839,0.00927734,32.0,32.0,68.0
2026-03-24,ibm_kingston,31,202.4268,223.0135,0.00012345,0.00012345,0.00245252,0.0390625,32.0,32.0,68.0
2026-03-24,ibm_kingston,32,275.5088,314.6845,0.00107833,0.00107833,0.00249534,0.01342773,32.0,32.0,68.0
2026-03-24,ibm_kingston,33,325.2106,420.2449,0.00011086,0.00011086,0.00230191,0.01782227,32.0,32.0,108.0
2026-03-24,ibm_kingston,34,245.5372,92.2747,0.00018835,0.00018835,0.00163602,0.01757812,32.0,32.0,68.0
2026-03-24,ibm_kingston,35,193.9234,210.2747,0.00013061,0.00013061,,0.01708984,32.0,32.0,
2026-03-24,ibm_kingston,36,110.2514,116.2372,0.00022426,0.00022426,,0.01367188,32.0,32.0,
2026-03-24,ibm_kingston,37,130.7202,28.0807,0.00037469,0.00037469,,0.00390625,32.0,32.0,
2026-03-24,ibm_kingston,38,226.6209,102.3091,0.00019034,0.00019034,,0.00756836,32.0,32.0,
2026-03-24,ibm_kingston,39,159.0643,116.4151,0.00019753,0.00019753,,0.01098633,32.0,32.0,
2026-03-23,ibm_kingston,20,220.2,26.1569,0.00035249,0.00035249,0.00154995,0.00671387,32.0,32.0,68.0
2026-03-23,ibm_kingston,21,456.7342,496.5458,0.0001361,0.0001361,0.00120659,0.00488281,32.0,32.0,68.0
2026-03-23,ibm_kingston,22,233.8511,113.8083,0.00023095,0.00023095,0.00181877,0.01086426,32.0,32.0,68.0
2026-03-23,ibm_kingston,23,290.1591,57.39,0.00031943,0.00031943,0.00213952,0.00537109,32.0,32.0,68.0
2026-03-23,ibm_kingston,24,192.0531,38.1172,0.00034388,0.00034388,0.04373948,0.01391602,32.0,32.0,68.0
2026-03-23,ibm_kingston,25,312.1087,16.233,0.00022847,0.00022847,0.00160286,0.00598145,32.0,32.0,68.0
2026-03-23,ibm_kingston,26,323.9589,97.6456,0.0003305,0.0003305,0.00167695,0.00695801,32.0,32.0,68.0
2026-03-23,ibm_kingston,27,252.2776,48.0416,0.00018829,0.00018829,0.00139272,0.01257324,32.0,32.0,68.0
2026-03-23,ibm_kingston,28,343.3727,306.8542,0.0002298,0.0002298,0.00285559,0.01062012,32.0,32.0,68.0
2026-03-23,ibm_kingston,29,165.7615,76.9582,0.00024713,0.00024713,0.00122377,0.00512695,32.0,32.0,80.0
2026-03-23,ibm_kingston,30,278.3579,57.917,0.00046824,0.00046824,0.00150839,0.00708008,32.0,32.0,68.0
2026-03-23,ibm_kingston,31,202.4268,223.0135,0.00012345,0.00012345,0.00245252,0.01745605,32.0,32.0,68.0
2026-03-23,ibm_kingston,32,275.5088,314.6845,0.00107833,0.00107833,0.00249534,0.01708984,32.0,32.0,68.0
2026-03-23,ibm_kingston,33,325.2106,420.2449,0.00011086,0.00011086,0.00230191,0.01257324,32.0,32.0,108.0
2026-03-23,ibm_kingston,34,245.5372,92.2747,0.00018835,0.00018835,0.00163602,0.02026367,32.0,32.0,68.0
2026-03-23,ibm_kingston,35,193.9234,210.2747,0.00013061,0.00013061,,0.01721191,32.0,32.0,
2026-03-23,ibm_kingston,36,110.2514,116.2372,0.00022426,0.00022426,,0.01086426,32.0,32.0,
2026-03-23,ibm_kingston,37,130.7202,28.0807,0.00037469,0.00037469,,0.00561523,32.0,32.0,
2026-03-23,ibm_kingston,38,226.6209,102.3091,0.00019034,0.00019034,,0.00683594,32.0,32.0,
2026-03-23,ibm_kingston,39,159.0643,116.4151,0.00019753,0.00019753,,0.00976562,32.0,32.0,
2026-03-22,ibm_kingston,20,205.9043,22.7325,0.00037804,0.00037804,0.00197108,0.00561523,32.0,32.0,68.0
2026-03-22,ibm_kingston,21,250.5057,332.4849,0.00010989,0.00010989,0.00112516,0.00415039,32.0,32.0,68.0
2026-03-22,ibm_kingston,22,249.8971,127.3472,0.00024523,0.00024523,0.00120172,0.00939941,32.0,32.0,68.0
2026-03-22,ibm_kingston,23,318.648,63.3466,0.00016282,0.00016282,0.00172465,0.00537109,32.0,32.0,68.0
2026-03-22,ibm_kingston,24,192.0531,52.2676,0.00021321,0.00021321,0.04373948,0.01416016,32.0,32.0,68.0
2026-03-22,ibm_kingston,25,180.7058,19.5922,0.00042313,0.00042313,0.00150042,0.00402832,32.0,32.0,68.0
2026-03-22,ibm_kingston,26,190.805,127.2254,0.00019707,0.00019707,0.00166452,0.00927734,32.0,32.0,68.0
2026-03-22,ibm_kingston,27,315.2899,61.4766,0.00018139,0.00018139,0.0017545,0.00891113,32.0,32.0,68.0
2026-03-22,ibm_kingston,28,282.1693,334.9042,0.00061186,0.00061186,0.00259265,0.03137207,32.0,32.0,68.0
2026-03-22,ibm_kingston,29,141.7215,76.8535,0.00012357,0.00012357,0.00143818,0.0078125,32.0,32.0,80.0
2026-03-22,ibm_kingston,30,244.004,72.7494,0.0002012,0.0002012,0.0019005,0.00549316,32.0,32.0,68.0
2026-03-22,ibm_kingston,31,207.4218,297.24,0.00013831,0.00013831,0.00246902,0.2421875,32.0,32.0,68.0
2026-03-22,ibm_kingston,32,275.5088,314.6845,0.00026212,0.00026212,0.00296285,0.02099609,32.0,32.0,68.0
2026-03-22,ibm_kingston,33,315.526,381.7002,0.00010288,0.00010288,0.00192035,0.01049805,32.0,32.0,108.0
2026-03-22,ibm_kingston,34,245.5372,247.621,0.00017696,0.00017696,0.00170294,0.01745605,32.0,32.0,68.0
2026-03-22,ibm_kingston,35,145.9508,127.0256,0.00011317,0.00011317,,0.01928711,32.0,32.0,
2026-03-22,ibm_kingston,36,333.9413,214.1771,0.00023132,0.00023132,,0.01269531,32.0,32.0,
2026-03-22,ibm_kingston,37,98.1148,27.6624,0.00036194,0.00036194,,0.00354004,32.0,32.0,
2026-03-22,ibm_kingston,38,289.2472,112.2152,0.00023854,0.00023854,,0.00854492,32.0,32.0,
2026-03-22,ibm_kingston,39,121.9112,87.1674,0.00025259,0.00025259,,0.01293945,32.0,32.0,
2026-03-21,ibm_kingston,20,147.2674,19.8438,0.00028015,0.00028015,0.00163556,0.00598145,32.0,32.0,68.0
2026-03-21,ibm_kingston,21,352.2977,332.3524,0.0001306,0.0001306,0.00090161,0.00280762,32.0,32.0,68.0
2026-03-21,ibm_kingston,22,113.2103,85.7959,0.00017025,0.00017025,0.00137165,0.01062012,32.0,32.0,68.0
2026-03-21,ibm_kingston,23,229.8629,57.3099,0.00021365,0.00021365,0.00169534,0.00830078,32.0,32.0,68.0
2026-03-21,ibm_kingston,24,244.5184,58.7349,0.00038638,0.00038638,0.04373948,0.01452637,32.0,32.0,68.0
2026-03-21,ibm_kingston,25,331.7205,20.019,0.00038911,0.00038911,0.00155192,0.00671387,32.0,32.0,68.0
2026-03-21,ibm_kingston,26,288.9622,165.4234,0.00015746,0.00015746,0.00147788,0.01037598,32.0,32.0,68.0
2026-03-21,ibm_kingston,27,287.8494,63.7729,0.00015472,0.00015472,0.00136733,0.01208496,32.0,32.0,68.0
2026-03-21,ibm_kingston,28,169.6156,210.1957,0.00019862,0.00019862,0.00272113,0.01257324,32.0,32.0,68.0
2026-03-21,ibm_kingston,29,194.8495,81.6974,0.00022915,0.00022915,0.00195372,0.0057373,32.0,32.0,80.0
2026-03-21,ibm_kingston,30,272.9167,70.9115,0.00051278,0.00051278,0.00167312,0.00524902,32.0,32.0,68.0
2026-03-21,ibm_kingston,31,222.1479,231.8487,0.00013161,0.00013161,0.00173214,0.01391602,32.0,32.0,68.0
2026-03-21,ibm_kingston,32,267.687,230.9911,0.00024483,0.00024483,0.0027587,0.02429199,32.0,32.0,68.0
2026-03-21,ibm_kingston,33,282.7599,369.4599,8.448e-05,8.448e-05,0.00213746,0.01647949,32.0,32.0,108.0
2026-03-21,ibm_kingston,34,251.7173,269.2976,0.00024811,0.00024811,0.00153928,0.01782227,32.0,32.0,68.0
2026-03-21,ibm_kingston,35,326.2658,325.4598,0.00013326,0.00013326,,0.03930664,32.0,32.0,
2026-03-21,ibm_kingston,36,216.0077,173.4646,0.00018847,0.00018847,,0.0123291,32.0,32.0,
2026-03-21,ibm_kingston,37,166.8821,27.2585,0.00055404,0.00055404,,0.00634766,32.0,32.0,
2026-03-21,ibm_kingston,38,262.5887,121.0947,0.00023512,0.00023512,,0.00646973,32.0,32.0,
2026-03-21,ibm_kingston,39,198.4127,127.7849,0.00025862,0.00025862,,0.01269531,32.0,32.0,
2026-03-20,ibm_kingston,20,322.9902,23.0064,0.00016869,0.00016869,0.00243116,0.00830078,32.0,32.0,68.0
2026-03-20,ibm_kingston,21,313.556,343.8101,0.00014705,0.00014705,0.00091059,0.00354004,32.0,32.0,68.0
2026-03-20,ibm_kingston,22,361.8982,123.004,0.00015121,0.00015121,0.00121182,0.01074219,32.0,32.0,68.0
2026-03-20,ibm_kingston,23,321.7123,68.1755,0.00011196,0.00011196,0.00230182,0.00561523,32.0,32.0,68.0
2026-03-20,ibm_kingston,24,314.9728,69.4269,0.0005698,0.0005698,0.00790253,0.01281738,32.0,32.0,68.0
2026-03-20,ibm_kingston,25,355.9116,24.7405,0.00020901,0.00020901,0.00196015,0.00683594,32.0,32.0,68.0
2026-03-20,ibm_kingston,26,321.0047,108.3943,0.00020025,0.00020025,0.00189192,0.0098877,32.0,32.0,68.0
2026-03-20,ibm_kingston,27,380.1677,78.2792,0.00022084,0.00022084,0.00135633,0.01013184,32.0,32.0,68.0
2026-03-20,ibm_kingston,28,377.6267,424.3483,0.00018357,0.00018357,0.00356129,0.00915527,32.0,32.0,68.0
2026-03-20,ibm_kingston,29,197.6864,97.7999,0.00012004,0.00012004,0.00139655,0.01281738,32.0,32.0,80.0
2026-03-20,ibm_kingston,30,260.8678,44.7964,0.00035545,0.00035545,0.00175687,0.00708008,32.0,32.0,68.0
2026-03-20,ibm_kingston,31,182.8879,177.6676,0.00017269,0.00017269,0.00185131,0.02941895,32.0,32.0,68.0
2026-03-20,ibm_kingston,32,311.8614,343.9124,0.00017911,0.00017911,0.00484002,0.02001953,32.0,32.0,68.0
2026-03-20,ibm_kingston,33,354.614,432.8383,0.00022588,0.00022588,0.00182386,0.01000977,32.0,32.0,108.0
2026-03-20,ibm_kingston,34,240.4887,171.3286,0.00022783,0.00022783,0.001591,0.02832031,32.0,32.0,68.0
2026-03-20,ibm_kingston,35,312.3104,480.979,0.00018883,0.00018883,,0.01989746,32.0,32.0,
2026-03-20,ibm_kingston,36,323.0591,225.7997,0.00027455,0.00027455,,0.01306152,32.0,32.0,
2026-03-20,ibm_kingston,37,138.4292,29.1753,0.0002341,0.0002341,,0.00671387,32.0,32.0,
2026-03-20,ibm_kingston,38,224.7525,114.2757,0.0002162,0.0002162,,0.00805664,32.0,32.0,
2026-03-20,ibm_kingston,39,192.4603,115.6293,0.00015367,0.00015367,,0.0135498,32.0,32.0,
2026-03-19,ibm_kingston,20,174.2059,27.1143,0.00021462,0.00021462,0.00389632,0.00732422,32.0,32.0,68.0
2026-03-19,ibm_kingston,21,377.4023,437.3283,0.00011436,0.00011436,0.00158608,0.00354004,32.0,32.0,68.0
2026-03-19,ibm_kingston,22,258.3101,137.5525,0.00015982,0.00015982,0.00188963,0.01147461,32.0,32.0,68.0
2026-03-19,ibm_kingston,23,294.3699,51.2805,0.00015297,0.00015297,0.00211837,0.00695801,32.0,32.0,68.0
2026-03-19,ibm_kingston,24,275.1731,62.9472,0.00045798,0.00045798,0.00585189,0.01513672,32.0,32.0,68.0
2026-03-19,ibm_kingston,25,268.0625,21.9512,0.00031425,0.00031425,0.00177685,0.00817871,32.0,32.0,68.0
2026-03-19,ibm_kingston,26,321.5611,144.1113,0.00017033,0.00017033,0.00193217,0.00927734,32.0,32.0,68.0
2026-03-19,ibm_kingston,27,366.2371,59.8556,0.00021511,0.00021511,0.00166867,0.015625,32.0,32.0,68.0
2026-03-19,ibm_kingston,28,268.5849,306.6736,0.00016928,0.00016928,0.00317848,0.00805664,32.0,32.0,68.0
2026-03-19,ibm_kingston,29,223.1118,82.6151,0.00018069,0.00018069,0.00186831,0.00512695,32.0,32.0,80.0
2026-03-19,ibm_kingston,30,245.6906,74.7096,0.00031585,0.00031585,0.00174371,0.00756836,32.0,32.0,68.0
2026-03-19,ibm_kingston,31,286.9465,284.0911,0.00022212,0.00022212,0.00233029,0.05554199,32.0,32.0,68.0
2026-03-19,ibm_kingston,32,373.0966,480.0536,0.00016186,0.00016186,0.00734402,0.02062988,32.0,32.0,68.0
2026-03-19,ibm_kingston,33,241.532,332.4175,6.748e-05,6.748e-05,0.00317763,0.00952148,32.0,32.0,108.0
2026-03-19,ibm_kingston,34,257.1867,295.4734,0.00011682,0.00011682,0.00161721,0.02099609,32.0,32.0,68.0
2026-03-19,ibm_kingston,35,324.3242,342.337,0.00033737,0.00033737,,0.02185059,32.0,32.0,
2026-03-19,ibm_kingston,36,311.8211,190.1558,0.00016807,0.00016807,,0.01013184,32.0,32.0,
2026-03-19,ibm_kingston,37,141.2389,26.2579,0.00029108,0.00029108,,0.00817871,32.0,32.0,
2026-03-19,ibm_kingston,38,260.841,121.4352,0.00027941,0.00027941,,0.00866699,32.0,32.0,
2026-03-19,ibm_kingston,39,194.6258,127.5661,0.00018278,0.00018278,,0.01965332,32.0,32.0,
2026-03-18,ibm_kingston,20,286.1588,21.1184,0.00016536,0.00016536,0.00389632,0.00512695,32.0,32.0,68.0
2026-03-18,ibm_kingston,21,380.9631,388.984,0.00022714,0.00022714,0.00158608,0.0065918,32.0,32.0,68.0
2026-03-18,ibm_kingston,22,254.1175,131.039,0.00033328,0.00033328,0.00188963,0.01293945,32.0,32.0,68.0
2026-03-18,ibm_kingston,23,294.3699,59.8484,0.00013976,0.00013976,0.00211837,0.00463867,32.0,32.0,68.0
2026-03-18,ibm_kingston,24,303.597,49.0908,0.00039586,0.00039586,0.00585189,0.01171875,32.0,32.0,68.0
2026-03-18,ibm_kingston,25,86.3232,17.4967,0.00026701,0.00026701,0.00177685,0.00634766,32.0,32.0,68.0
2026-03-18,ibm_kingston,26,201.5855,107.545,0.00026327,0.00026327,0.00193217,0.00976562,32.0,32.0,68.0
2026-03-18,ibm_kingston,27,387.7314,49.679,0.00025752,0.00025752,0.00166867,0.015625,32.0,32.0,68.0
2026-03-18,ibm_kingston,28,338.7636,347.1474,0.00016311,0.00016311,0.00317848,0.00805664,32.0,32.0,68.0
2026-03-18,ibm_kingston,29,216.3576,75.3106,0.00021941,0.00021941,0.00186831,0.00732422,32.0,32.0,80.0
2026-03-18,ibm_kingston,30,192.4914,61.5913,0.00022332,0.00022332,0.00174371,0.0078125,32.0,32.0,68.0
2026-03-18,ibm_kingston,31,195.6632,246.3024,0.00014932,0.00014932,0.00233029,0.03955078,32.0,32.0,68.0
2026-03-18,ibm_kingston,32,438.1893,408.1582,0.0001739,0.0001739,0.00734402,0.02026367,32.0,32.0,68.0
2026-03-18,ibm_kingston,33,258.6884,285.3368,0.00011095,0.00011095,0.00317763,0.01147461,32.0,32.0,108.0
2026-03-18,ibm_kingston,34,255.0802,292.4271,0.00022789,0.00022789,0.00161721,0.0246582,32.0,32.0,68.0
2026-03-18,ibm_kingston,35,270.9049,302.2975,0.00010305,0.00010305,,0.02099609,32.0,32.0,
2026-03-18,ibm_kingston,36,175.8318,153.1618,0.00018307,0.00018307,,0.01074219,32.0,32.0,
2026-03-18,ibm_kingston,37,196.6594,26.0247,0.00028855,0.00028855,,0.01123047,32.0,32.0,
2026-03-18,ibm_kingston,38,172.6178,100.26,0.00019585,0.00019585,,0.0078125,32.0,32.0,
2026-03-18,ibm_kingston,39,200.0683,118.0053,0.00031835,0.00031835,,0.01342773,32.0,32.0,
2026-03-17,ibm_kingston,20,246.5968,25.5064,0.00033003,0.00033003,0.00389632,0.00708008,32.0,32.0,68.0
2026-03-17,ibm_kingston,21,343.7114,358.1625,0.00020865,0.00020865,0.00158608,0.00488281,32.0,32.0,68.0
2026-03-17,ibm_kingston,22,308.8404,131.411,0.00020599,0.00020599,0.00188963,0.01220703,32.0,32.0,68.0
2026-03-17,ibm_kingston,23,307.1687,66.0228,0.00010618,0.00010618,0.00211837,0.00610352,32.0,32.0,68.0
2026-03-17,ibm_kingston,24,326.9742,55.7708,0.00047699,0.00047699,0.00585189,0.01855469,32.0,32.0,68.0
2026-03-17,ibm_kingston,25,265.937,19.9398,0.00019161,0.00019161,0.00177685,0.00830078,32.0,32.0,68.0
2026-03-17,ibm_kingston,26,237.7053,133.2875,0.00021805,0.00021805,0.00193217,0.01074219,32.0,32.0,68.0
2026-03-17,ibm_kingston,27,216.1424,59.7017,0.00018097,0.00018097,0.00166867,0.01049805,32.0,32.0,68.0
2026-03-17,ibm_kingston,28,153.1771,125.2405,0.00021962,0.00021962,0.00317848,0.00830078,32.0,32.0,68.0
2026-03-17,ibm_kingston,29,159.4047,71.5427,0.00017376,0.00017376,0.00186831,0.00317383,32.0,32.0,80.0
2026-03-17,ibm_kingston,30,125.426,63.261,0.00035639,0.00035639,0.00174371,0.00830078,32.0,32.0,68.0
2026-03-17,ibm_kingston,31,216.4818,249.4381,0.00018913,0.00018913,0.00233029,0.0168457,32.0,32.0,68.0
2026-03-17,ibm_kingston,32,277.322,324.1464,0.00019642,0.00019642,0.00734402,0.01806641,32.0,32.0,68.0
2026-03-17,ibm_kingston,33,105.7952,111.2233,0.00013611,0.00013611,0.00317763,0.01318359,32.0,32.0,108.0
2026-03-17,ibm_kingston,34,230.3841,240.9302,0.00022075,0.00022075,0.00161721,0.02807617,32.0,32.0,68.0
2026-03-17,ibm_kingston,35,291.7218,365.1698,0.00010474,0.00010474,,0.02001953,32.0,32.0,
2026-03-17,ibm_kingston,36,273.2278,223.2953,0.00019429,0.00019429,,0.01049805,32.0,32.0,
2026-03-17,ibm_kingston,37,137.002,24.1274,0.00028792,0.00028792,,0.00756836,32.0,32.0,
2026-03-17,ibm_kingston,38,229.8161,111.2901,0.00021357,0.00021357,,0.0090332,32.0,32.0,
2026-03-17,ibm_kingston,39,232.5433,110.4621,0.00017462,0.00017462,,0.01489258,32.0,32.0,
2026-03-16,ibm_kingston,20,246.5968,25.5064,0.00033003,0.00033003,0.00287744,0.00708008,32.0,32.0,68.0
2026-03-16,ibm_kingston,21,343.7114,358.1625,0.00020865,0.00020865,0.00118476,0.00488281,32.0,32.0,68.0
2026-03-16,ibm_kingston,22,308.8404,131.411,0.00020599,0.00020599,0.001425,0.01220703,32.0,32.0,68.0
2026-03-16,ibm_kingston,23,307.1687,66.0228,0.00010618,0.00010618,0.00158032,0.00610352,32.0,32.0,68.0
2026-03-16,ibm_kingston,24,326.9742,55.7708,0.00047699,0.00047699,0.00594698,0.01855469,32.0,32.0,68.0
2026-03-16,ibm_kingston,25,265.937,19.9398,0.00019161,0.00019161,0.00176819,0.00830078,32.0,32.0,68.0
2026-03-16,ibm_kingston,26,237.7053,133.2875,0.00021805,0.00021805,0.00146444,0.01074219,32.0,32.0,68.0
2026-03-16,ibm_kingston,27,216.1424,59.7017,0.00018097,0.00018097,0.00135167,0.01049805,32.0,32.0,68.0
2026-03-16,ibm_kingston,28,153.1771,125.2405,0.00021962,0.00021962,0.00376539,0.00830078,32.0,32.0,68.0
2026-03-16,ibm_kingston,29,159.4047,71.5427,0.00017376,0.00017376,0.00219926,0.00317383,32.0,32.0,80.0
2026-03-16,ibm_kingston,30,125.426,63.261,0.00035639,0.00035639,0.00143906,0.00830078,32.0,32.0,68.0
2026-03-16,ibm_kingston,31,216.4818,249.4381,0.00018913,0.00018913,0.00194372,0.0168457,32.0,32.0,68.0
2026-03-16,ibm_kingston,32,277.322,324.1464,0.00019642,0.00019642,0.00436865,0.01806641,32.0,32.0,68.0
2026-03-16,ibm_kingston,33,105.7952,111.2233,0.00013611,0.00013611,0.00269197,0.01318359,32.0,32.0,108.0
2026-03-16,ibm_kingston,34,230.3841,240.9302,0.00022075,0.00022075,0.00174561,0.02807617,32.0,32.0,68.0
2026-03-16,ibm_kingston,35,291.7218,365.1698,0.00010474,0.00010474,,0.02001953,32.0,32.0,
2026-03-16,ibm_kingston,36,273.2278,223.2953,0.00019429,0.00019429,,0.01049805,32.0,32.0,
2026-03-16,ibm_kingston,37,137.002,24.1274,0.00028792,0.00028792,,0.00756836,32.0,32.0,
2026-03-16,ibm_kingston,38,229.8161,111.2901,0.00021357,0.00021357,,0.0090332,32.0,32.0,
2026-03-16,ibm_kingston,39,232.5433,110.4621,0.00017462,0.00017462,,0.01489258,32.0,32.0,
2026-03-15,ibm_kingston,20,276.6418,22.3559,0.00024279,0.00024279,0.00287744,0.0032959,32.0,32.0,68.0
2026-03-15,ibm_kingston,21,274.2682,244.2363,0.00020865,0.00020865,0.00118476,0.00549316,32.0,32.0,68.0
2026-03-15,ibm_kingston,22,309.6004,128.8842,0.00021267,0.00021267,0.001425,0.01135254,32.0,32.0,68.0
2026-03-15,ibm_kingston,23,161.886,47.7438,0.00011306,0.00011306,0.00158032,0.00866699,32.0,32.0,68.0
2026-03-15,ibm_kingston,24,177.0531,52.4392,0.00039275,0.00039275,0.00594698,0.00891113,32.0,32.0,68.0
2026-03-15,ibm_kingston,25,265.937,24.3904,0.00019477,0.00019477,0.00176819,0.00427246,32.0,32.0,68.0
2026-03-15,ibm_kingston,26,128.1093,106.8982,0.00016577,0.00016577,0.00146444,0.01672363,32.0,32.0,68.0
2026-03-15,ibm_kingston,27,213.7378,83.4092,0.00019555,0.00019555,0.00135167,0.0090332,32.0,32.0,68.0
2026-03-15,ibm_kingston,28,316.3621,333.8569,0.00027928,0.00027928,0.00376539,0.00891113,32.0,32.0,68.0
2026-03-15,ibm_kingston,29,172.0582,86.7396,0.00020172,0.00020172,0.00219926,0.00756836,32.0,32.0,80.0
2026-03-15,ibm_kingston,30,227.892,74.8625,0.00030924,0.00030924,0.00143906,0.0098877,32.0,32.0,68.0
2026-03-15,ibm_kingston,31,220.9979,254.9091,0.0001355,0.0001355,0.00194372,0.02001953,32.0,32.0,68.0
2026-03-15,ibm_kingston,32,248.0463,248.7534,0.00020137,0.00020137,0.00436865,0.0123291,32.0,32.0,68.0
2026-03-15,ibm_kingston,33,239.747,224.7992,0.00012119,0.00012119,0.00269197,0.00756836,32.0,32.0,108.0
2026-03-15,ibm_kingston,34,290.7348,244.2731,0.00042072,0.00042072,0.00174561,0.00634766,32.0,32.0,68.0
2026-03-15,ibm_kingston,35,220.0884,286.0279,0.00013006,0.00013006,,0.0135498,32.0,32.0,
2026-03-15,ibm_kingston,36,189.167,120.5338,0.0002263,0.0002263,,0.00927734,32.0,32.0,
2026-03-15,ibm_kingston,37,238.2168,26.7655,0.00046509,0.00046509,,0.01281738,32.0,32.0,
2026-03-15,ibm_kingston,38,329.4473,119.2818,0.00024192,0.00024192,,0.00524902,32.0,32.0,
2026-03-15,ibm_kingston,39,174.7661,120.2434,0.00035058,0.00035058,,0.12060547,32.0,32.0,
2026-03-14,ibm_kingston,20,276.6418,22.3559,0.00024279,0.00024279,0.00287744,0.0032959,32.0,32.0,68.0
2026-03-14,ibm_kingston,21,274.2682,244.2363,0.00020865,0.00020865,0.00118476,0.00549316,32.0,32.0,68.0
2026-03-14,ibm_kingston,22,309.6004,128.8842,0.00021267,0.00021267,0.001425,0.01135254,32.0,32.0,68.0
2026-03-14,ibm_kingston,23,161.886,47.7438,0.00011306,0.00011306,0.00158032,0.00866699,32.0,32.0,68.0
2026-03-14,ibm_kingston,24,177.0531,52.4392,0.00039275,0.00039275,0.00594698,0.00891113,32.0,32.0,68.0
2026-03-14,ibm_kingston,25,265.937,24.3904,0.00019477,0.00019477,0.00176819,0.00427246,32.0,32.0,68.0
2026-03-14,ibm_kingston,26,128.1093,106.8982,0.00016577,0.00016577,0.00146444,0.01672363,32.0,32.0,68.0
2026-03-14,ibm_kingston,27,213.7378,83.4092,0.00019555,0.00019555,0.00135167,0.0090332,32.0,32.0,68.0
2026-03-14,ibm_kingston,28,316.3621,333.8569,0.00027928,0.00027928,0.00376539,0.00891113,32.0,32.0,68.0
2026-03-14,ibm_kingston,29,172.0582,86.7396,0.00020172,0.00020172,0.00219926,0.00756836,32.0,32.0,80.0
2026-03-14,ibm_kingston,30,227.892,74.8625,0.00030924,0.00030924,0.00143906,0.0098877,32.0,32.0,68.0
2026-03-14,ibm_kingston,31,220.9979,254.9091,0.0001355,0.0001355,0.00194372,0.02001953,32.0,32.0,68.0
2026-03-14,ibm_kingston,32,248.0463,248.7534,0.00020137,0.00020137,0.00436865,0.0123291,32.0,32.0,68.0
2026-03-14,ibm_kingston,33,239.747,224.7992,0.00012119,0.00012119,0.00269197,0.00756836,32.0,32.0,108.0
2026-03-14,ibm_kingston,34,290.7348,244.2731,0.00042072,0.00042072,0.00174561,0.00634766,32.0,32.0,68.0
2026-03-14,ibm_kingston,35,220.0884,286.0279,0.00013006,0.00013006,,0.0135498,32.0,32.0,
2026-03-14,ibm_kingston,36,189.167,120.5338,0.0002263,0.0002263,,0.00927734,32.0,32.0,
2026-03-14,ibm_kingston,37,238.2168,26.7655,0.00046509,0.00046509,,0.01281738,32.0,32.0,
2026-03-14,ibm_kingston,38,329.4473,119.2818,0.00024192,0.00024192,,0.00524902,32.0,32.0,
2026-03-14,ibm_kingston,39,174.7661,120.2434,0.00035058,0.00035058,,0.12060547,32.0,32.0,
2026-03-13,ibm_kingston,20,179.2285,22.0163,0.00026454,0.00026454,0.00291041,0.01611328,32.0,32.0,68.0
2026-03-13,ibm_kingston,21,237.4252,263.8313,0.00024288,0.00024288,0.0010361,0.02026367,32.0,32.0,68.0
2026-03-13,ibm_kingston,22,240.3271,131.9368,0.0002019,0.0002019,0.00133045,0.04296875,32.0,32.0,68.0
2026-03-13,ibm_kingston,23,121.4505,41.3687,0.00013633,0.00013633,0.00163449,0.03979492,32.0,32.0,68.0
2026-03-13,ibm_kingston,24,305.5745,53.3046,0.00041935,0.00041935,0.00708764,0.03344727,32.0,32.0,68.0
2026-03-13,ibm_kingston,25,217.6098,23.1214,0.00031124,0.00031124,0.00358884,0.0144043,32.0,32.0,68.0
2026-03-13,ibm_kingston,26,256.2241,136.1761,0.0001641,0.0001641,0.00194935,0.01904297,32.0,32.0,68.0
2026-03-13,ibm_kingston,27,210.3943,65.779,0.0001943,0.0001943,0.00138837,0.03344727,32.0,32.0,68.0
2026-03-13,ibm_kingston,28,190.8102,301.7706,0.00018382,0.00018382,0.00315838,0.0090332,32.0,32.0,68.0
2026-03-13,ibm_kingston,29,167.337,73.5831,0.00021977,0.00021977,0.0013949,0.01660156,32.0,32.0,80.0
2026-03-13,ibm_kingston,30,149.7249,41.9961,0.00022814,0.00022814,0.00231361,0.03100586,32.0,32.0,68.0
2026-03-13,ibm_kingston,31,180.3678,202.9339,0.00022976,0.00022976,0.00310501,0.06005859,32.0,32.0,68.0
2026-03-13,ibm_kingston,32,260.2398,335.5558,0.00025122,0.00025122,0.00454032,0.01953125,32.0,32.0,68.0
2026-03-13,ibm_kingston,33,224.1247,316.6767,0.00015132,0.00015132,0.00260137,0.01757812,32.0,32.0,108.0
2026-03-13,ibm_kingston,34,322.2628,273.1412,0.00028411,0.00028411,0.00176091,0.03051758,32.0,32.0,68.0
2026-03-13,ibm_kingston,35,131.1898,91.8556,0.00012153,0.00012153,,0.078125,32.0,32.0,
2026-03-13,ibm_kingston,36,328.5797,179.2748,0.00016191,0.00016191,,0.03930664,32.0,32.0,
2026-03-13,ibm_kingston,37,200.1583,25.4945,0.00033818,0.00033818,,0.01831055,32.0,32.0,
2026-03-13,ibm_kingston,38,103.3068,47.5476,0.00024175,0.00024175,,0.01342773,32.0,32.0,
2026-03-13,ibm_kingston,39,118.8268,93.2459,0.00023094,0.00023094,,0.03198242,32.0,32.0,
2026-03-12,ibm_kingston,20,179.2285,22.0163,0.00026454,0.00026454,0.00291041,0.01611328,32.0,32.0,68.0
2026-03-12,ibm_kingston,21,237.4252,263.8313,0.00024288,0.00024288,0.0010361,0.02026367,32.0,32.0,68.0
2026-03-12,ibm_kingston,22,240.3271,131.9368,0.0002019,0.0002019,0.00133045,0.04296875,32.0,32.0,68.0
2026-03-12,ibm_kingston,23,121.4505,41.3687,0.00013633,0.00013633,0.00163449,0.03979492,32.0,32.0,68.0
2026-03-12,ibm_kingston,24,305.5745,53.3046,0.00041935,0.00041935,0.00708764,0.03344727,32.0,32.0,68.0
2026-03-12,ibm_kingston,25,217.6098,23.1214,0.00031124,0.00031124,0.00358884,0.0144043,32.0,32.0,68.0
2026-03-12,ibm_kingston,26,256.2241,136.1761,0.0001641,0.0001641,0.00194935,0.01904297,32.0,32.0,68.0
2026-03-12,ibm_kingston,27,210.3943,65.779,0.0001943,0.0001943,0.00138837,0.03344727,32.0,32.0,68.0
2026-03-12,ibm_kingston,28,190.8102,301.7706,0.00018382,0.00018382,0.00315838,0.0090332,32.0,32.0,68.0
2026-03-12,ibm_kingston,29,167.337,73.5831,0.00021977,0.00021977,0.0013949,0.01660156,32.0,32.0,80.0
2026-03-12,ibm_kingston,30,149.7249,41.9961,0.00022814,0.00022814,0.00231361,0.03100586,32.0,32.0,68.0
2026-03-12,ibm_kingston,31,180.3678,202.9339,0.00022976,0.00022976,0.00310501,0.06005859,32.0,32.0,68.0
2026-03-12,ibm_kingston,32,260.2398,335.5558,0.00025122,0.00025122,0.00454032,0.01953125,32.0,32.0,68.0
2026-03-12,ibm_kingston,33,224.1247,316.6767,0.00015132,0.00015132,0.00260137,0.01757812,32.0,32.0,108.0
2026-03-12,ibm_kingston,34,322.2628,273.1412,0.00028411,0.00028411,0.00176091,0.03051758,32.0,32.0,68.0
2026-03-12,ibm_kingston,35,131.1898,91.8556,0.00012153,0.00012153,,0.078125,32.0,32.0,
2026-03-12,ibm_kingston,36,328.5797,179.2748,0.00016191,0.00016191,,0.03930664,32.0,32.0,
2026-03-12,ibm_kingston,37,200.1583,25.4945,0.00033818,0.00033818,,0.01831055,32.0,32.0,
2026-03-12,ibm_kingston,38,103.3068,47.5476,0.00024175,0.00024175,,0.01342773,32.0,32.0,
2026-03-12,ibm_kingston,39,118.8268,93.2459,0.00023094,0.00023094,,0.03198242,32.0,32.0,
2026-03-11,ibm_kingston,20,179.2285,22.0163,0.00026454,0.00026454,0.00291041,0.01611328,32.0,32.0,68.0
2026-03-11,ibm_kingston,21,237.4252,263.8313,0.00024288,0.00024288,0.0010361,0.02026367,32.0,32.0,68.0
2026-03-11,ibm_kingston,22,240.3271,131.9368,0.0002019,0.0002019,0.00133045,0.04296875,32.0,32.0,68.0
2026-03-11,ibm_kingston,23,121.4505,41.3687,0.00013633,0.00013633,0.00163449,0.03979492,32.0,32.0,68.0
2026-03-11,ibm_kingston,24,305.5745,53.3046,0.00041935,0.00041935,0.00708764,0.03344727,32.0,32.0,68.0
2026-03-11,ibm_kingston,25,217.6098,23.1214,0.00031124,0.00031124,0.00358884,0.0144043,32.0,32.0,68.0
2026-03-11,ibm_kingston,26,256.2241,136.1761,0.0001641,0.0001641,0.00194935,0.01904297,32.0,32.0,68.0
2026-03-11,ibm_kingston,27,210.3943,65.779,0.0001943,0.0001943,0.00138837,0.03344727,32.0,32.0,68.0
2026-03-11,ibm_kingston,28,190.8102,301.7706,0.00018382,0.00018382,0.00315838,0.0090332,32.0,32.0,68.0
2026-03-11,ibm_kingston,29,167.337,73.5831,0.00021977,0.00021977,0.0013949,0.01660156,32.0,32.0,80.0
2026-03-11,ibm_kingston,30,149.7249,41.9961,0.00022814,0.00022814,0.00231361,0.03100586,32.0,32.0,68.0
2026-03-11,ibm_kingston,31,180.3678,202.9339,0.00022976,0.00022976,0.00310501,0.06005859,32.0,32.0,68.0
2026-03-11,ibm_kingston,32,260.2398,335.5558,0.00025122,0.00025122,0.00454032,0.01953125,32.0,32.0,68.0
2026-03-11,ibm_kingston,33,224.1247,316.6767,0.00015132,0.00015132,0.00260137,0.01757812,32.0,32.0,108.0
2026-03-11,ibm_kingston,34,322.2628,273.1412,0.00028411,0.00028411,0.00176091,0.03051758,32.0,32.0,68.0
2026-03-11,ibm_kingston,35,131.1898,91.8556,0.00012153,0.00012153,,0.078125,32.0,32.0,
2026-03-11,ibm_kingston,36,328.5797,179.2748,0.00016191,0.00016191,,0.03930664,32.0,32.0,
2026-03-11,ibm_kingston,37,200.1583,25.4945,0.00033818,0.00033818,,0.01831055,32.0,32.0,
2026-03-11,ibm_kingston,38,103.3068,47.5476,0.00024175,0.00024175,,0.01342773,32.0,32.0,
2026-03-11,ibm_kingston,39,118.8268,93.2459,0.00023094,0.00023094,,0.03198242,32.0,32.0,
2026-03-10,ibm_kingston,20,179.2285,22.0163,0.00026454,0.00026454,0.00291041,0.01611328,32.0,32.0,68.0
2026-03-10,ibm_kingston,21,237.4252,263.8313,0.00024288,0.00024288,0.0010361,0.02026367,32.0,32.0,68.0
2026-03-10,ibm_kingston,22,240.3271,131.9368,0.0002019,0.0002019,0.00133045,0.04296875,32.0,32.0,68.0
2026-03-10,ibm_kingston,23,121.4505,41.3687,0.00013633,0.00013633,0.00163449,0.03979492,32.0,32.0,68.0
2026-03-10,ibm_kingston,24,305.5745,53.3046,0.00041935,0.00041935,0.00708764,0.03344727,32.0,32.0,68.0
2026-03-10,ibm_kingston,25,217.6098,23.1214,0.00031124,0.00031124,0.00358884,0.0144043,32.0,32.0,68.0
2026-03-10,ibm_kingston,26,256.2241,136.1761,0.0001641,0.0001641,0.00194935,0.01904297,32.0,32.0,68.0
2026-03-10,ibm_kingston,27,210.3943,65.779,0.0001943,0.0001943,0.00138837,0.03344727,32.0,32.0,68.0
2026-03-10,ibm_kingston,28,190.8102,301.7706,0.00018382,0.00018382,0.00315838,0.0090332,32.0,32.0,68.0
2026-03-10,ibm_kingston,29,167.337,73.5831,0.00021977,0.00021977,0.0013949,0.01660156,32.0,32.0,80.0
2026-03-10,ibm_kingston,30,149.7249,41.9961,0.00022814,0.00022814,0.00231361,0.03100586,32.0,32.0,68.0
2026-03-10,ibm_kingston,31,180.3678,202.9339,0.00022976,0.00022976,0.00310501,0.06005859,32.0,32.0,68.0
2026-03-10,ibm_kingston,32,260.2398,335.5558,0.00025122,0.00025122,0.00454032,0.01953125,32.0,32.0,68.0
2026-03-10,ibm_kingston,33,224.1247,316.6767,0.00015132,0.00015132,0.00260137,0.01757812,32.0,32.0,108.0
2026-03-10,ibm_kingston,34,322.2628,273.1412,0.00028411,0.00028411,0.00176091,0.03051758,32.0,32.0,68.0
2026-03-10,ibm_kingston,35,131.1898,91.8556,0.00012153,0.00012153,,0.078125,32.0,32.0,
2026-03-10,ibm_kingston,36,328.5797,179.2748,0.00016191,0.00016191,,0.03930664,32.0,32.0,
2026-03-10,ibm_kingston,37,200.1583,25.4945,0.00033818,0.00033818,,0.01831055,32.0,32.0,
2026-03-10,ibm_kingston,38,103.3068,47.5476,0.00024175,0.00024175,,0.01342773,32.0,32.0,
2026-03-10,ibm_kingston,39,118.8268,93.2459,0.00023094,0.00023094,,0.03198242,32.0,32.0,
2026-03-09,ibm_kingston,20,179.2285,22.0163,0.00026454,0.00026454,0.00291041,0.01611328,32.0,32.0,68.0
2026-03-09,ibm_kingston,21,237.4252,263.8313,0.00024288,0.00024288,0.0010361,0.02026367,32.0,32.0,68.0
2026-03-09,ibm_kingston,22,240.3271,131.9368,0.0002019,0.0002019,0.00133045,0.04296875,32.0,32.0,68.0
2026-03-09,ibm_kingston,23,121.4505,41.3687,0.00013633,0.00013633,0.00163449,0.03979492,32.0,32.0,68.0
2026-03-09,ibm_kingston,24,305.5745,53.3046,0.00041935,0.00041935,0.00708764,0.03344727,32.0,32.0,68.0
2026-03-09,ibm_kingston,25,217.6098,23.1214,0.00031124,0.00031124,0.00358884,0.0144043,32.0,32.0,68.0
2026-03-09,ibm_kingston,26,256.2241,136.1761,0.0001641,0.0001641,0.00194935,0.01904297,32.0,32.0,68.0
2026-03-09,ibm_kingston,27,210.3943,65.779,0.0001943,0.0001943,0.00138837,0.03344727,32.0,32.0,68.0
2026-03-09,ibm_kingston,28,190.8102,301.7706,0.00018382,0.00018382,0.00315838,0.0090332,32.0,32.0,68.0
2026-03-09,ibm_kingston,29,167.337,73.5831,0.00021977,0.00021977,0.0013949,0.01660156,32.0,32.0,80.0
2026-03-09,ibm_kingston,30,149.7249,41.9961,0.00022814,0.00022814,0.00231361,0.03100586,32.0,32.0,68.0
2026-03-09,ibm_kingston,31,180.3678,202.9339,0.00022976,0.00022976,0.00310501,0.06005859,32.0,32.0,68.0
2026-03-09,ibm_kingston,32,260.2398,335.5558,0.00025122,0.00025122,0.00454032,0.01953125,32.0,32.0,68.0
2026-03-09,ibm_kingston,33,224.1247,316.6767,0.00015132,0.00015132,0.00260137,0.01757812,32.0,32.0,108.0
2026-03-09,ibm_kingston,34,322.2628,273.1412,0.00028411,0.00028411,0.00176091,0.03051758,32.0,32.0,68.0
2026-03-09,ibm_kingston,35,131.1898,91.8556,0.00012153,0.00012153,,0.078125,32.0,32.0,
2026-03-09,ibm_kingston,36,328.5797,179.2748,0.00016191,0.00016191,,0.03930664,32.0,32.0,
2026-03-09,ibm_kingston,37,200.1583,25.4945,0.00033818,0.00033818,,0.01831055,32.0,32.0,
2026-03-09,ibm_kingston,38,103.3068,47.5476,0.00024175,0.00024175,,0.01342773,32.0,32.0,
2026-03-09,ibm_kingston,39,118.8268,93.2459,0.00023094,0.00023094,,0.03198242,32.0,32.0,
2026-03-08,ibm_kingston,20,179.2285,22.0163,0.00026454,0.00026454,0.00291041,0.01611328,32.0,32.0,68.0
2026-03-08,ibm_kingston,21,237.4252,263.8313,0.00024288,0.00024288,0.0010361,0.02026367,32.0,32.0,68.0
2026-03-08,ibm_kingston,22,240.3271,131.9368,0.0002019,0.0002019,0.00133045,0.04296875,32.0,32.0,68.0
2026-03-08,ibm_kingston,23,121.4505,41.3687,0.00013633,0.00013633,0.00163449,0.03979492,32.0,32.0,68.0
2026-03-08,ibm_kingston,24,305.5745,53.3046,0.00041935,0.00041935,0.00708764,0.03344727,32.0,32.0,68.0
2026-03-08,ibm_kingston,25,217.6098,23.1214,0.00031124,0.00031124,0.00358884,0.0144043,32.0,32.0,68.0
2026-03-08,ibm_kingston,26,256.2241,136.1761,0.0001641,0.0001641,0.00194935,0.01904297,32.0,32.0,68.0
2026-03-08,ibm_kingston,27,210.3943,65.779,0.0001943,0.0001943,0.00138837,0.03344727,32.0,32.0,68.0
2026-03-08,ibm_kingston,28,190.8102,301.7706,0.00018382,0.00018382,0.00315838,0.0090332,32.0,32.0,68.0
2026-03-08,ibm_kingston,29,167.337,73.5831,0.00021977,0.00021977,0.0013949,0.01660156,32.0,32.0,80.0
2026-03-08,ibm_kingston,30,149.7249,41.9961,0.00022814,0.00022814,0.00231361,0.03100586,32.0,32.0,68.0
2026-03-08,ibm_kingston,31,180.3678,202.9339,0.00022976,0.00022976,0.00310501,0.06005859,32.0,32.0,68.0
2026-03-08,ibm_kingston,32,260.2398,335.5558,0.00025122,0.00025122,0.00454032,0.01953125,32.0,32.0,68.0
2026-03-08,ibm_kingston,33,224.1247,316.6767,0.00015132,0.00015132,0.00260137,0.01757812,32.0,32.0,108.0
2026-03-08,ibm_kingston,34,322.2628,273.1412,0.00028411,0.00028411,0.00176091,0.03051758,32.0,32.0,68.0
2026-03-08,ibm_kingston,35,131.1898,91.8556,0.00012153,0.00012153,,0.078125,32.0,32.0,
2026-03-08,ibm_kingston,36,328.5797,179.2748,0.00016191,0.00016191,,0.03930664,32.0,32.0,
2026-03-08,ibm_kingston,37,200.1583,25.4945,0.00033818,0.00033818,,0.01831055,32.0,32.0,
2026-03-08,ibm_kingston,38,103.3068,47.5476,0.00024175,0.00024175,,0.01342773,32.0,32.0,
2026-03-08,ibm_kingston,39,118.8268,93.2459,0.00023094,0.00023094,,0.03198242,32.0,32.0,
2026-03-07,ibm_kingston,20,179.2285,22.0163,0.00026454,0.00026454,0.00291041,0.01611328,32.0,32.0,68.0
2026-03-07,ibm_kingston,21,237.4252,263.8313,0.00024288,0.00024288,0.0010361,0.02026367,32.0,32.0,68.0
2026-03-07,ibm_kingston,22,240.3271,131.9368,0.0002019,0.0002019,0.00133045,0.04296875,32.0,32.0,68.0
2026-03-07,ibm_kingston,23,121.4505,41.3687,0.00013633,0.00013633,0.00163449,0.03979492,32.0,32.0,68.0
2026-03-07,ibm_kingston,24,305.5745,53.3046,0.00041935,0.00041935,0.00708764,0.03344727,32.0,32.0,68.0
2026-03-07,ibm_kingston,25,217.6098,23.1214,0.00031124,0.00031124,0.00358884,0.0144043,32.0,32.0,68.0
2026-03-07,ibm_kingston,26,256.2241,136.1761,0.0001641,0.0001641,0.00194935,0.01904297,32.0,32.0,68.0
2026-03-07,ibm_kingston,27,210.3943,65.779,0.0001943,0.0001943,0.00138837,0.03344727,32.0,32.0,68.0
2026-03-07,ibm_kingston,28,190.8102,301.7706,0.00018382,0.00018382,0.00315838,0.0090332,32.0,32.0,68.0
2026-03-07,ibm_kingston,29,167.337,73.5831,0.00021977,0.00021977,0.0013949,0.01660156,32.0,32.0,80.0
2026-03-07,ibm_kingston,30,149.7249,41.9961,0.00022814,0.00022814,0.00231361,0.03100586,32.0,32.0,68.0
2026-03-07,ibm_kingston,31,180.3678,202.9339,0.00022976,0.00022976,0.00310501,0.06005859,32.0,32.0,68.0
2026-03-07,ibm_kingston,32,260.2398,335.5558,0.00025122,0.00025122,0.00454032,0.01953125,32.0,32.0,68.0
2026-03-07,ibm_kingston,33,224.1247,316.6767,0.00015132,0.00015132,0.00260137,0.01757812,32.0,32.0,108.0
2026-03-07,ibm_kingston,34,322.2628,273.1412,0.00028411,0.00028411,0.00176091,0.03051758,32.0,32.0,68.0
2026-03-07,ibm_kingston,35,131.1898,91.8556,0.00012153,0.00012153,,0.078125,32.0,32.0,
2026-03-07,ibm_kingston,36,328.5797,179.2748,0.00016191,0.00016191,,0.03930664,32.0,32.0,
2026-03-07,ibm_kingston,37,200.1583,25.4945,0.00033818,0.00033818,,0.01831055,32.0,32.0,
2026-03-07,ibm_kingston,38,103.3068,47.5476,0.00024175,0.00024175,,0.01342773,32.0,32.0,
2026-03-07,ibm_kingston,39,118.8268,93.2459,0.00023094,0.00023094,,0.03198242,32.0,32.0,
2026-03-06,ibm_kingston,20,179.2285,22.0163,0.00026454,0.00026454,0.00291041,0.01611328,32.0,32.0,68.0
2026-03-06,ibm_kingston,21,237.4252,263.8313,0.00024288,0.00024288,0.0010361,0.02026367,32.0,32.0,68.0
2026-03-06,ibm_kingston,22,240.3271,131.9368,0.0002019,0.0002019,0.00133045,0.04296875,32.0,32.0,68.0
2026-03-06,ibm_kingston,23,121.4505,41.3687,0.00013633,0.00013633,0.00163449,0.03979492,32.0,32.0,68.0
2026-03-06,ibm_kingston,24,305.5745,53.3046,0.00041935,0.00041935,0.00708764,0.03344727,32.0,32.0,68.0
2026-03-06,ibm_kingston,25,217.6098,23.1214,0.00031124,0.00031124,0.00358884,0.0144043,32.0,32.0,68.0
2026-03-06,ibm_kingston,26,256.2241,136.1761,0.0001641,0.0001641,0.00194935,0.01904297,32.0,32.0,68.0
2026-03-06,ibm_kingston,27,210.3943,65.779,0.0001943,0.0001943,0.00138837,0.03344727,32.0,32.0,68.0
2026-03-06,ibm_kingston,28,190.8102,301.7706,0.00018382,0.00018382,0.00315838,0.0090332,32.0,32.0,68.0
2026-03-06,ibm_kingston,29,167.337,73.5831,0.00021977,0.00021977,0.0013949,0.01660156,32.0,32.0,80.0
2026-03-06,ibm_kingston,30,149.7249,41.9961,0.00022814,0.00022814,0.00231361,0.03100586,32.0,32.0,68.0
2026-03-06,ibm_kingston,31,180.3678,202.9339,0.00022976,0.00022976,0.00310501,0.06005859,32.0,32.0,68.0
2026-03-06,ibm_kingston,32,260.2398,335.5558,0.00025122,0.00025122,0.00454032,0.01953125,32.0,32.0,68.0
2026-03-06,ibm_kingston,33,224.1247,316.6767,0.00015132,0.00015132,0.00260137,0.01757812,32.0,32.0,108.0
2026-03-06,ibm_kingston,34,322.2628,273.1412,0.00028411,0.00028411,0.00176091,0.03051758,32.0,32.0,68.0
2026-03-06,ibm_kingston,35,131.1898,91.8556,0.00012153,0.00012153,,0.078125,32.0,32.0,
2026-03-06,ibm_kingston,36,328.5797,179.2748,0.00016191,0.00016191,,0.03930664,32.0,32.0,
2026-03-06,ibm_kingston,37,200.1583,25.4945,0.00033818,0.00033818,,0.01831055,32.0,32.0,
2026-03-06,ibm_kingston,38,103.3068,47.5476,0.00024175,0.00024175,,0.01342773,32.0,32.0,
2026-03-06,ibm_kingston,39,118.8268,93.2459,0.00023094,0.00023094,,0.03198242,32.0,32.0,
2026-03-05,ibm_kingston,20,179.2285,22.0163,0.00026454,0.00026454,0.00291041,0.01611328,32.0,32.0,68.0
2026-03-05,ibm_kingston,21,237.4252,263.8313,0.00024288,0.00024288,0.0010361,0.02026367,32.0,32.0,68.0
2026-03-05,ibm_kingston,22,240.3271,131.9368,0.0002019,0.0002019,0.00133045,0.04296875,32.0,32.0,68.0
2026-03-05,ibm_kingston,23,121.4505,41.3687,0.00013633,0.00013633,0.00163449,0.03979492,32.0,32.0,68.0
2026-03-05,ibm_kingston,24,305.5745,53.3046,0.00041935,0.00041935,0.00708764,0.03344727,32.0,32.0,68.0
2026-03-05,ibm_kingston,25,217.6098,23.1214,0.00031124,0.00031124,0.00358884,0.0144043,32.0,32.0,68.0
2026-03-05,ibm_kingston,26,256.2241,136.1761,0.0001641,0.0001641,0.00194935,0.01904297,32.0,32.0,68.0
2026-03-05,ibm_kingston,27,210.3943,65.779,0.0001943,0.0001943,0.00138837,0.03344727,32.0,32.0,68.0
2026-03-05,ibm_kingston,28,190.8102,301.7706,0.00018382,0.00018382,0.00315838,0.0090332,32.0,32.0,68.0
2026-03-05,ibm_kingston,29,167.337,73.5831,0.00021977,0.00021977,0.0013949,0.01660156,32.0,32.0,80.0
2026-03-05,ibm_kingston,30,149.7249,41.9961,0.00022814,0.00022814,0.00231361,0.03100586,32.0,32.0,68.0
2026-03-05,ibm_kingston,31,180.3678,202.9339,0.00022976,0.00022976,0.00310501,0.06005859,32.0,32.0,68.0
2026-03-05,ibm_kingston,32,260.2398,335.5558,0.00025122,0.00025122,0.00454032,0.01953125,32.0,32.0,68.0
2026-03-05,ibm_kingston,33,224.1247,316.6767,0.00015132,0.00015132,0.00260137,0.01757812,32.0,32.0,108.0
2026-03-05,ibm_kingston,34,322.2628,273.1412,0.00028411,0.00028411,0.00176091,0.03051758,32.0,32.0,68.0
2026-03-05,ibm_kingston,35,131.1898,91.8556,0.00012153,0.00012153,,0.078125,32.0,32.0,
2026-03-05,ibm_kingston,36,328.5797,179.2748,0.00016191,0.00016191,,0.03930664,32.0,32.0,
2026-03-05,ibm_kingston,37,200.1583,25.4945,0.00033818,0.00033818,,0.01831055,32.0,32.0,
2026-03-05,ibm_kingston,38,103.3068,47.5476,0.00024175,0.00024175,,0.01342773,32.0,32.0,
2026-03-05,ibm_kingston,39,118.8268,93.2459,0.00023094,0.00023094,,0.03198242,32.0,32.0,
2026-03-04,ibm_kingston,20,315.7152,27.6562,0.00040259,0.00040259,0.00286303,0.015625,32.0,32.0,68.0
2026-03-04,ibm_kingston,21,458.7057,435.9016,0.00018945,0.00018945,0.00102105,0.02380371,32.0,32.0,68.0
2026-03-04,ibm_kingston,22,105.1082,76.5841,0.00024307,0.00024307,0.00141189,0.03881836,32.0,32.0,68.0
2026-03-04,ibm_kingston,23,241.8888,55.2018,0.00016718,0.00016718,0.00139399,0.04443359,32.0,32.0,68.0
2026-03-04,ibm_kingston,24,267.2948,69.2303,0.00028515,0.00028515,0.00669622,0.0357666,32.0,32.0,68.0
2026-03-04,ibm_kingston,25,385.8261,22.6458,0.00018512,0.00018512,0.00164779,0.01123047,32.0,32.0,68.0
2026-03-04,ibm_kingston,26,322.313,186.1814,0.00018267,0.00018267,0.00176418,0.01977539,32.0,32.0,68.0
2026-03-04,ibm_kingston,27,328.3603,67.912,0.00012418,0.00012418,0.00139856,0.02770996,32.0,32.0,68.0
2026-03-04,ibm_kingston,28,232.7366,205.0822,0.00019882,0.00019882,0.00370578,0.01464844,32.0,32.0,68.0
2026-03-04,ibm_kingston,29,154.457,88.4324,0.0001382,0.0001382,0.00126193,0.0144043,32.0,32.0,80.0
2026-03-04,ibm_kingston,30,289.9629,59.2954,0.00022649,0.00022649,0.00136313,0.02868652,32.0,32.0,68.0
2026-03-04,ibm_kingston,31,242.0987,273.0306,0.00017439,0.00017439,0.00160677,0.01953125,32.0,32.0,68.0
2026-03-04,ibm_kingston,32,341.3528,394.1571,0.00019382,0.00019382,0.00488919,0.01611328,32.0,32.0,68.0
2026-03-04,ibm_kingston,33,425.5698,362.2041,0.00013581,0.00013581,0.00200905,0.01818848,32.0,32.0,108.0
2026-03-04,ibm_kingston,34,315.0795,335.4749,0.00016809,0.00016809,0.00130849,0.02148438,32.0,32.0,68.0
2026-03-04,ibm_kingston,35,335.17,390.2102,0.00015653,0.00015653,,0.01477051,32.0,32.0,
2026-03-04,ibm_kingston,36,171.4339,115.9509,0.00029958,0.00029958,,0.03649902,32.0,32.0,
2026-03-04,ibm_kingston,37,220.8401,23.2585,0.00017936,0.00017936,,0.02966309,32.0,32.0,
2026-03-04,ibm_kingston,38,231.3016,108.6034,0.00017631,0.00017631,,0.01013184,32.0,32.0,
2026-03-04,ibm_kingston,39,204.4861,133.7642,0.00021025,0.00021025,,0.01574707,32.0,32.0,
2026-03-03,ibm_kingston,20,315.7152,27.6562,0.00040259,0.00040259,0.00286303,0.015625,32.0,32.0,68.0
2026-03-03,ibm_kingston,21,458.7057,435.9016,0.00018945,0.00018945,0.00102105,0.02380371,32.0,32.0,68.0
2026-03-03,ibm_kingston,22,105.1082,76.5841,0.00024307,0.00024307,0.00141189,0.03881836,32.0,32.0,68.0
2026-03-03,ibm_kingston,23,241.8888,55.2018,0.00016718,0.00016718,0.00139399,0.04443359,32.0,32.0,68.0
2026-03-03,ibm_kingston,24,267.2948,69.2303,0.00028515,0.00028515,0.00669622,0.0357666,32.0,32.0,68.0
2026-03-03,ibm_kingston,25,385.8261,22.6458,0.00018512,0.00018512,0.00164779,0.01123047,32.0,32.0,68.0
2026-03-03,ibm_kingston,26,322.313,186.1814,0.00018267,0.00018267,0.00176418,0.01977539,32.0,32.0,68.0
2026-03-03,ibm_kingston,27,328.3603,67.912,0.00012418,0.00012418,0.00139856,0.02770996,32.0,32.0,68.0
2026-03-03,ibm_kingston,28,232.7366,205.0822,0.00019882,0.00019882,0.00370578,0.01464844,32.0,32.0,68.0
2026-03-03,ibm_kingston,29,154.457,88.4324,0.0001382,0.0001382,0.00126193,0.0144043,32.0,32.0,80.0
2026-03-03,ibm_kingston,30,289.9629,59.2954,0.00022649,0.00022649,0.00136313,0.02868652,32.0,32.0,68.0
2026-03-03,ibm_kingston,31,242.0987,273.0306,0.00017439,0.00017439,0.00160677,0.01953125,32.0,32.0,68.0
2026-03-03,ibm_kingston,32,341.3528,394.1571,0.00019382,0.00019382,0.00488919,0.01611328,32.0,32.0,68.0
2026-03-03,ibm_kingston,33,425.5698,362.2041,0.00013581,0.00013581,0.00200905,0.01818848,32.0,32.0,108.0
2026-03-03,ibm_kingston,34,315.0795,335.4749,0.00016809,0.00016809,0.00130849,0.02148438,32.0,32.0,68.0
2026-03-03,ibm_kingston,35,335.17,390.2102,0.00015653,0.00015653,,0.01477051,32.0,32.0,
2026-03-03,ibm_kingston,36,171.4339,115.9509,0.00029958,0.00029958,,0.03649902,32.0,32.0,
2026-03-03,ibm_kingston,37,220.8401,23.2585,0.00017936,0.00017936,,0.02966309,32.0,32.0,
2026-03-03,ibm_kingston,38,231.3016,108.6034,0.00017631,0.00017631,,0.01013184,32.0,32.0,
2026-03-03,ibm_kingston,39,204.4861,133.7642,0.00021025,0.00021025,,0.01574707,32.0,32.0,
2026-03-02,ibm_kingston,20,315.7152,27.6562,0.00040259,0.00040259,0.00286303,0.015625,32.0,32.0,68.0
2026-03-02,ibm_kingston,21,458.7057,435.9016,0.00018945,0.00018945,0.00102105,0.02380371,32.0,32.0,68.0
2026-03-02,ibm_kingston,22,105.1082,76.5841,0.00024307,0.00024307,0.00141189,0.03881836,32.0,32.0,68.0
2026-03-02,ibm_kingston,23,241.8888,55.2018,0.00016718,0.00016718,0.00139399,0.04443359,32.0,32.0,68.0
2026-03-02,ibm_kingston,24,267.2948,69.2303,0.00028515,0.00028515,0.00669622,0.0357666,32.0,32.0,68.0
2026-03-02,ibm_kingston,25,385.8261,22.6458,0.00018512,0.00018512,0.00164779,0.01123047,32.0,32.0,68.0
2026-03-02,ibm_kingston,26,322.313,186.1814,0.00018267,0.00018267,0.00176418,0.01977539,32.0,32.0,68.0
2026-03-02,ibm_kingston,27,328.3603,67.912,0.00012418,0.00012418,0.00139856,0.02770996,32.0,32.0,68.0
2026-03-02,ibm_kingston,28,232.7366,205.0822,0.00019882,0.00019882,0.00370578,0.01464844,32.0,32.0,68.0
2026-03-02,ibm_kingston,29,154.457,88.4324,0.0001382,0.0001382,0.00126193,0.0144043,32.0,32.0,80.0
2026-03-02,ibm_kingston,30,289.9629,59.2954,0.00022649,0.00022649,0.00136313,0.02868652,32.0,32.0,68.0
2026-03-02,ibm_kingston,31,242.0987,273.0306,0.00017439,0.00017439,0.00160677,0.01953125,32.0,32.0,68.0
2026-03-02,ibm_kingston,32,341.3528,394.1571,0.00019382,0.00019382,0.00488919,0.01611328,32.0,32.0,68.0
2026-03-02,ibm_kingston,33,425.5698,362.2041,0.00013581,0.00013581,0.00200905,0.01818848,32.0,32.0,108.0
2026-03-02,ibm_kingston,34,315.0795,335.4749,0.00016809,0.00016809,0.00130849,0.02148438,32.0,32.0,68.0
2026-03-02,ibm_kingston,35,335.17,390.2102,0.00015653,0.00015653,,0.01477051,32.0,32.0,
2026-03-02,ibm_kingston,36,171.4339,115.9509,0.00029958,0.00029958,,0.03649902,32.0,32.0,
2026-03-02,ibm_kingston,37,220.8401,23.2585,0.00017936,0.00017936,,0.02966309,32.0,32.0,
2026-03-02,ibm_kingston,38,231.3016,108.6034,0.00017631,0.00017631,,0.01013184,32.0,32.0,
2026-03-02,ibm_kingston,39,204.4861,133.7642,0.00021025,0.00021025,,0.01574707,32.0,32.0,
2026-03-01,ibm_kingston,20,315.7152,27.6562,0.00040259,0.00040259,0.00286303,0.015625,32.0,32.0,68.0
2026-03-01,ibm_kingston,21,458.7057,435.9016,0.00018945,0.00018945,0.00102105,0.02380371,32.0,32.0,68.0
2026-03-01,ibm_kingston,22,105.1082,76.5841,0.00024307,0.00024307,0.00141189,0.03881836,32.0,32.0,68.0
2026-03-01,ibm_kingston,23,241.8888,55.2018,0.00016718,0.00016718,0.00139399,0.04443359,32.0,32.0,68.0
2026-03-01,ibm_kingston,24,267.2948,69.2303,0.00028515,0.00028515,0.00669622,0.0357666,32.0,32.0,68.0
2026-03-01,ibm_kingston,25,385.8261,22.6458,0.00018512,0.00018512,0.00164779,0.01123047,32.0,32.0,68.0
2026-03-01,ibm_kingston,26,322.313,186.1814,0.00018267,0.00018267,0.00176418,0.01977539,32.0,32.0,68.0
2026-03-01,ibm_kingston,27,328.3603,67.912,0.00012418,0.00012418,0.00139856,0.02770996,32.0,32.0,68.0
2026-03-01,ibm_kingston,28,232.7366,205.0822,0.00019882,0.00019882,0.00370578,0.01464844,32.0,32.0,68.0
2026-03-01,ibm_kingston,29,154.457,88.4324,0.0001382,0.0001382,0.00126193,0.0144043,32.0,32.0,80.0
2026-03-01,ibm_kingston,30,289.9629,59.2954,0.00022649,0.00022649,0.00136313,0.02868652,32.0,32.0,68.0
2026-03-01,ibm_kingston,31,242.0987,273.0306,0.00017439,0.00017439,0.00160677,0.01953125,32.0,32.0,68.0
2026-03-01,ibm_kingston,32,341.3528,394.1571,0.00019382,0.00019382,0.00488919,0.01611328,32.0,32.0,68.0
2026-03-01,ibm_kingston,33,425.5698,362.2041,0.00013581,0.00013581,0.00200905,0.01818848,32.0,32.0,108.0
2026-03-01,ibm_kingston,34,315.0795,335.4749,0.00016809,0.00016809,0.00130849,0.02148438,32.0,32.0,68.0
2026-03-01,ibm_kingston,35,335.17,390.2102,0.00015653,0.00015653,,0.01477051,32.0,32.0,
2026-03-01,ibm_kingston,36,171.4339,115.9509,0.00029958,0.00029958,,0.03649902,32.0,32.0,
2026-03-01,ibm_kingston,37,220.8401,23.2585,0.00017936,0.00017936,,0.02966309,32.0,32.0,
2026-03-01,ibm_kingston,38,231.3016,108.6034,0.00017631,0.00017631,,0.01013184,32.0,32.0,
2026-03-01,ibm_kingston,39,204.4861,133.7642,0.00021025,0.00021025,,0.01574707,32.0,32.0,
2026-02-28,ibm_kingston,20,342.3077,21.6156,0.00039869,0.00039869,0.00249342,0.01647949,32.0,32.0,68.0
2026-02-28,ibm_kingston,21,414.9719,493.4545,0.00015898,0.00015898,0.00095399,0.02636719,32.0,32.0,68.0
2026-02-28,ibm_kingston,22,260.1656,169.3444,0.00024152,0.00024152,0.00160696,0.12670898,32.0,32.0,68.0
2026-02-28,ibm_kingston,23,230.9602,58.6033,0.00014079,0.00014079,0.00176575,0.04101562,32.0,32.0,68.0
2026-02-28,ibm_kingston,24,190.5803,53.2831,0.00080647,0.00080647,0.00634208,0.03369141,32.0,32.0,68.0
2026-02-28,ibm_kingston,25,254.7232,25.6923,0.00018546,0.00018546,0.00174723,0.01513672,32.0,32.0,68.0
2026-02-28,ibm_kingston,26,146.6809,121.9862,0.00021851,0.00021851,0.0018596,0.02307129,32.0,32.0,68.0
2026-02-28,ibm_kingston,27,283.1624,74.3037,0.00019594,0.00019594,0.00134044,0.02807617,32.0,32.0,68.0
2026-02-28,ibm_kingston,28,305.8834,385.0154,0.00027549,0.00027549,0.00341406,0.01550293,32.0,32.0,68.0
2026-02-28,ibm_kingston,29,188.7402,82.8557,0.00018394,0.00018394,0.00195352,0.01293945,32.0,32.0,80.0
2026-02-28,ibm_kingston,30,207.4896,55.6975,0.00031612,0.00031612,0.00195626,0.02929688,32.0,32.0,68.0
2026-02-28,ibm_kingston,31,181.9841,195.6106,0.00020778,0.00020778,0.00150787,0.02197266,32.0,32.0,68.0
2026-02-28,ibm_kingston,32,224.8283,309.7335,0.00019144,0.00019144,0.00413093,0.01379395,32.0,32.0,68.0
2026-02-28,ibm_kingston,33,379.0766,411.9691,1.0,1.0,0.00248084,0.01391602,32.0,32.0,108.0
2026-02-28,ibm_kingston,34,313.1536,346.8912,0.00026066,0.00026066,0.00141193,0.0201416,32.0,32.0,68.0
2026-02-28,ibm_kingston,35,72.7915,97.5687,8.464e-05,8.464e-05,,0.01647949,32.0,32.0,
2026-02-28,ibm_kingston,36,188.1367,145.3869,0.00014519,0.00014519,,0.03771973,32.0,32.0,
2026-02-28,ibm_kingston,37,178.3997,32.0856,0.00023575,0.00023575,,0.01611328,32.0,32.0,
2026-02-28,ibm_kingston,38,103.3068,62.0465,0.00032014,0.00032014,,0.02478027,32.0,32.0,
2026-02-28,ibm_kingston,39,158.4946,111.8748,0.00018898,0.00018898,,0.01574707,32.0,32.0,
2026-02-27,ibm_kingston,20,315.7152,27.6562,0.00040259,0.00040259,0.00286303,0.015625,32.0,32.0,68.0
2026-02-27,ibm_kingston,21,458.7057,435.9016,0.00018945,0.00018945,0.00102105,0.02380371,32.0,32.0,68.0
2026-02-27,ibm_kingston,22,105.1082,76.5841,0.00024307,0.00024307,0.00141189,0.03881836,32.0,32.0,68.0
2026-02-27,ibm_kingston,23,241.8888,55.2018,0.00016718,0.00016718,0.00139399,0.04443359,32.0,32.0,68.0
2026-02-27,ibm_kingston,24,267.2948,69.2303,0.00028515,0.00028515,0.00669622,0.0357666,32.0,32.0,68.0
2026-02-27,ibm_kingston,25,385.8261,22.6458,0.00018512,0.00018512,0.00164779,0.01123047,32.0,32.0,68.0
2026-02-27,ibm_kingston,26,322.313,186.1814,0.00018267,0.00018267,0.00176418,0.01977539,32.0,32.0,68.0
2026-02-27,ibm_kingston,27,328.3603,67.912,0.00012418,0.00012418,0.00139856,0.02770996,32.0,32.0,68.0
2026-02-27,ibm_kingston,28,232.7366,205.0822,0.00019882,0.00019882,0.00370578,0.01464844,32.0,32.0,68.0
2026-02-27,ibm_kingston,29,154.457,88.4324,0.0001382,0.0001382,0.00126193,0.0144043,32.0,32.0,80.0
2026-02-27,ibm_kingston,30,289.9629,59.2954,0.00022649,0.00022649,0.00136313,0.02868652,32.0,32.0,68.0
2026-02-27,ibm_kingston,31,242.0987,273.0306,0.00017439,0.00017439,0.00160677,0.01953125,32.0,32.0,68.0
2026-02-27,ibm_kingston,32,341.3528,394.1571,0.00019382,0.00019382,0.00488919,0.01611328,32.0,32.0,68.0
2026-02-27,ibm_kingston,33,425.5698,362.2041,0.00013581,0.00013581,0.00200905,0.01818848,32.0,32.0,108.0
2026-02-27,ibm_kingston,34,315.0795,335.4749,0.00016809,0.00016809,0.00130849,0.02148438,32.0,32.0,68.0
2026-02-27,ibm_kingston,35,335.17,390.2102,0.00015653,0.00015653,,0.01477051,32.0,32.0,
2026-02-27,ibm_kingston,36,171.4339,115.9509,0.00029958,0.00029958,,0.03649902,32.0,32.0,
2026-02-27,ibm_kingston,37,220.8401,23.2585,0.00017936,0.00017936,,0.02966309,32.0,32.0,
2026-02-27,ibm_kingston,38,231.3016,108.6034,0.00017631,0.00017631,,0.01013184,32.0,32.0,
2026-02-27,ibm_kingston,39,204.4861,133.7642,0.00021025,0.00021025,,0.01574707,32.0,32.0,
2026-02-26,ibm_kingston,20,315.7152,27.6562,0.00040259,0.00040259,0.00286303,0.015625,32.0,32.0,68.0
2026-02-26,ibm_kingston,21,458.7057,435.9016,0.00018945,0.00018945,0.00102105,0.02380371,32.0,32.0,68.0
2026-02-26,ibm_kingston,22,105.1082,76.5841,0.00024307,0.00024307,0.00141189,0.03881836,32.0,32.0,68.0
2026-02-26,ibm_kingston,23,241.8888,55.2018,0.00016718,0.00016718,0.00139399,0.04443359,32.0,32.0,68.0
2026-02-26,ibm_kingston,24,267.2948,69.2303,0.00028515,0.00028515,0.00669622,0.0357666,32.0,32.0,68.0
2026-02-26,ibm_kingston,25,385.8261,22.6458,0.00018512,0.00018512,0.00164779,0.01123047,32.0,32.0,68.0
2026-02-26,ibm_kingston,26,322.313,186.1814,0.00018267,0.00018267,0.00176418,0.01977539,32.0,32.0,68.0
2026-02-26,ibm_kingston,27,328.3603,67.912,0.00012418,0.00012418,0.00139856,0.02770996,32.0,32.0,68.0
2026-02-26,ibm_kingston,28,232.7366,205.0822,0.00019882,0.00019882,0.00370578,0.01464844,32.0,32.0,68.0
2026-02-26,ibm_kingston,29,154.457,88.4324,0.0001382,0.0001382,0.00126193,0.0144043,32.0,32.0,80.0
2026-02-26,ibm_kingston,30,289.9629,59.2954,0.00022649,0.00022649,0.00136313,0.02868652,32.0,32.0,68.0
2026-02-26,ibm_kingston,31,242.0987,273.0306,0.00017439,0.00017439,0.00160677,0.01953125,32.0,32.0,68.0
2026-02-26,ibm_kingston,32,341.3528,394.1571,0.00019382,0.00019382,0.00488919,0.01611328,32.0,32.0,68.0
2026-02-26,ibm_kingston,33,425.5698,362.2041,0.00013581,0.00013581,0.00200905,0.01818848,32.0,32.0,108.0
2026-02-26,ibm_kingston,34,315.0795,335.4749,0.00016809,0.00016809,0.00130849,0.02148438,32.0,32.0,68.0
2026-02-26,ibm_kingston,35,335.17,390.2102,0.00015653,0.00015653,,0.01477051,32.0,32.0,
2026-02-26,ibm_kingston,36,171.4339,115.9509,0.00029958,0.00029958,,0.03649902,32.0,32.0,
2026-02-26,ibm_kingston,37,220.8401,23.2585,0.00017936,0.00017936,,0.02966309,32.0,32.0,
2026-02-26,ibm_kingston,38,231.3016,108.6034,0.00017631,0.00017631,,0.01013184,32.0,32.0,
2026-02-26,ibm_kingston,39,204.4861,133.7642,0.00021025,0.00021025,,0.01574707,32.0,32.0,
2026-02-25,ibm_kingston,20,315.7152,27.6562,0.00040259,0.00040259,0.00286303,0.015625,32.0,32.0,68.0
2026-02-25,ibm_kingston,21,458.7057,435.9016,0.00018945,0.00018945,0.00102105,0.02380371,32.0,32.0,68.0
2026-02-25,ibm_kingston,22,105.1082,76.5841,0.00024307,0.00024307,0.00141189,0.03881836,32.0,32.0,68.0
2026-02-25,ibm_kingston,23,241.8888,55.2018,0.00016718,0.00016718,0.00139399,0.04443359,32.0,32.0,68.0
2026-02-25,ibm_kingston,24,267.2948,69.2303,0.00028515,0.00028515,0.00669622,0.0357666,32.0,32.0,68.0
2026-02-25,ibm_kingston,25,385.8261,22.6458,0.00018512,0.00018512,0.00164779,0.01123047,32.0,32.0,68.0
2026-02-25,ibm_kingston,26,322.313,186.1814,0.00018267,0.00018267,0.00176418,0.01977539,32.0,32.0,68.0
2026-02-25,ibm_kingston,27,328.3603,67.912,0.00012418,0.00012418,0.00139856,0.02770996,32.0,32.0,68.0
2026-02-25,ibm_kingston,28,232.7366,205.0822,0.00019882,0.00019882,0.00370578,0.01464844,32.0,32.0,68.0
2026-02-25,ibm_kingston,29,154.457,88.4324,0.0001382,0.0001382,0.00126193,0.0144043,32.0,32.0,80.0
2026-02-25,ibm_kingston,30,289.9629,59.2954,0.00022649,0.00022649,0.00136313,0.02868652,32.0,32.0,68.0
2026-02-25,ibm_kingston,31,242.0987,273.0306,0.00017439,0.00017439,0.00160677,0.01953125,32.0,32.0,68.0
2026-02-25,ibm_kingston,32,341.3528,394.1571,0.00019382,0.00019382,0.00488919,0.01611328,32.0,32.0,68.0
2026-02-25,ibm_kingston,33,425.5698,362.2041,0.00013581,0.00013581,0.00200905,0.01818848,32.0,32.0,108.0
2026-02-25,ibm_kingston,34,315.0795,335.4749,0.00016809,0.00016809,0.00130849,0.02148438,32.0,32.0,68.0
2026-02-25,ibm_kingston,35,335.17,390.2102,0.00015653,0.00015653,,0.01477051,32.0,32.0,
2026-02-25,ibm_kingston,36,171.4339,115.9509,0.00029958,0.00029958,,0.03649902,32.0,32.0,
2026-02-25,ibm_kingston,37,220.8401,23.2585,0.00017936,0.00017936,,0.02966309,32.0,32.0,
2026-02-25,ibm_kingston,38,231.3016,108.6034,0.00017631,0.00017631,,0.01013184,32.0,32.0,
2026-02-25,ibm_kingston,39,204.4861,133.7642,0.00021025,0.00021025,,0.01574707,32.0,32.0,
2026-02-24,ibm_kingston,20,315.7152,27.6562,0.00040259,0.00040259,0.00286303,0.01623535,32.0,32.0,68.0
2026-02-24,ibm_kingston,21,458.7057,435.9016,0.00018945,0.00018945,0.00102105,0.01843262,32.0,32.0,68.0
2026-02-24,ibm_kingston,22,105.1082,76.5841,0.00024307,0.00024307,0.00141189,0.03991699,32.0,32.0,68.0
2026-02-24,ibm_kingston,23,241.8888,55.2018,0.00016718,0.00016718,0.00139399,0.03442383,32.0,32.0,68.0
2026-02-24,ibm_kingston,24,267.2948,69.2303,0.00028515,0.00028515,0.00669622,0.03295898,32.0,32.0,68.0
2026-02-24,ibm_kingston,25,385.8261,22.6458,0.00018512,0.00018512,0.00164779,0.01281738,32.0,32.0,68.0
2026-02-24,ibm_kingston,26,322.313,186.1814,0.00018267,0.00018267,0.00176418,0.02148438,32.0,32.0,68.0
2026-02-24,ibm_kingston,27,328.3603,67.912,0.00012418,0.00012418,0.00139856,0.02880859,32.0,32.0,68.0
2026-02-24,ibm_kingston,28,232.7366,205.0822,0.00019882,0.00019882,0.00370578,0.01000977,32.0,32.0,68.0
2026-02-24,ibm_kingston,29,154.457,88.4324,0.0001382,0.0001382,0.00126193,0.02404785,32.0,32.0,80.0
2026-02-24,ibm_kingston,30,289.9629,59.2954,0.00022649,0.00022649,0.00136313,0.03356934,32.0,32.0,68.0
2026-02-24,ibm_kingston,31,242.0987,273.0306,0.00017439,0.00017439,0.00160677,0.02062988,32.0,32.0,68.0
2026-02-24,ibm_kingston,32,341.3528,394.1571,0.00019382,0.00019382,0.00488919,0.01318359,32.0,32.0,68.0
2026-02-24,ibm_kingston,33,425.5698,362.2041,0.00013581,0.00013581,0.00200905,0.01599121,32.0,32.0,108.0
2026-02-24,ibm_kingston,34,315.0795,335.4749,0.00016809,0.00016809,0.00130849,0.0168457,32.0,32.0,68.0
2026-02-24,ibm_kingston,35,335.17,390.2102,0.00015653,0.00015653,,0.01525879,32.0,32.0,
2026-02-24,ibm_kingston,36,171.4339,115.9509,0.00029958,0.00029958,,0.03918457,32.0,32.0,
2026-02-24,ibm_kingston,37,220.8401,23.2585,0.00017936,0.00017936,,0.01867676,32.0,32.0,
2026-02-24,ibm_kingston,38,231.3016,108.6034,0.00017631,0.00017631,,0.0090332,32.0,32.0,
2026-02-24,ibm_kingston,39,204.4861,133.7642,0.00021025,0.00021025,,0.01928711,32.0,32.0,
2026-02-23,ibm_kingston,20,315.7152,27.6562,0.00040259,0.00040259,0.00286303,0.24316406,32.0,32.0,68.0
2026-02-23,ibm_kingston,21,458.7057,435.9016,0.00018945,0.00018945,0.00102105,0.50024414,32.0,32.0,68.0
2026-02-23,ibm_kingston,22,105.1082,76.5841,0.00024307,0.00024307,0.00141189,0.19311523,32.0,32.0,68.0
2026-02-23,ibm_kingston,23,241.8888,55.2018,0.00016718,0.00016718,0.00139399,0.01831055,32.0,32.0,68.0
2026-02-23,ibm_kingston,24,267.2948,69.2303,0.00028515,0.00028515,0.00669622,0.54150391,32.0,32.0,68.0
2026-02-23,ibm_kingston,25,385.8261,22.6458,0.00018512,0.00018512,0.00164779,0.5,32.0,32.0,68.0
2026-02-23,ibm_kingston,26,322.313,186.1814,0.00018267,0.00018267,0.00176418,0.51074219,32.0,32.0,68.0
2026-02-23,ibm_kingston,27,328.3603,67.912,0.00012418,0.00012418,0.00139856,0.01489258,32.0,32.0,68.0
2026-02-23,ibm_kingston,28,232.7366,205.0822,0.00019882,0.00019882,0.00370578,0.13354492,32.0,32.0,68.0
2026-02-23,ibm_kingston,29,154.457,88.4324,0.0001382,0.0001382,0.00126193,0.08447266,32.0,32.0,80.0
2026-02-23,ibm_kingston,30,289.9629,59.2954,0.00022649,0.00022649,0.00136313,0.47949219,32.0,32.0,68.0
2026-02-23,ibm_kingston,31,242.0987,273.0306,0.00017439,0.00017439,0.00160677,0.5,32.0,32.0,68.0
2026-02-23,ibm_kingston,32,341.3528,394.1571,0.00019382,0.00019382,0.00488919,0.15087891,32.0,32.0,68.0
2026-02-23,ibm_kingston,33,425.5698,362.2041,0.00013581,0.00013581,0.00200905,0.05615234,32.0,32.0,108.0
2026-02-23,ibm_kingston,34,315.0795,335.4749,0.00016809,0.00016809,0.00130849,0.48144531,32.0,32.0,68.0
2026-02-23,ibm_kingston,35,335.17,390.2102,0.00015653,0.00015653,,0.49853516,32.0,32.0,
2026-02-23,ibm_kingston,36,171.4339,115.9509,0.00029958,0.00029958,,0.03466797,32.0,32.0,
2026-02-23,ibm_kingston,37,220.8401,23.2585,0.00017936,0.00017936,,0.03344727,32.0,32.0,
2026-02-23,ibm_kingston,38,231.3016,108.6034,0.00017631,0.00017631,,0.13574219,32.0,32.0,
2026-02-23,ibm_kingston,39,204.4861,133.7642,0.00021025,0.00021025,,0.4206543,32.0,32.0,
2026-02-22,ibm_kingston,20,315.7152,22.7633,0.00040259,0.00040259,0.00233201,0.00646973,32.0,32.0,68.0
2026-02-22,ibm_kingston,21,458.7057,435.9016,0.00018945,0.00018945,0.00130511,0.00341797,32.0,32.0,68.0
2026-02-22,ibm_kingston,22,105.1082,72.3601,0.00024307,0.00024307,0.00180768,0.02160645,32.0,32.0,68.0
2026-02-22,ibm_kingston,23,241.8888,78.2035,0.00016718,0.00016718,0.00215242,0.00488281,32.0,32.0,68.0
2026-02-22,ibm_kingston,24,267.2948,69.2303,0.00028515,0.00028515,0.0038624,0.01855469,32.0,32.0,68.0
2026-02-22,ibm_kingston,25,385.8261,22.6458,0.00018512,0.00018512,0.00389967,0.00341797,32.0,32.0,68.0
2026-02-22,ibm_kingston,26,322.313,186.1814,0.00018267,0.00018267,0.00277386,0.01245117,32.0,32.0,68.0
2026-02-22,ibm_kingston,27,328.3603,72.5296,0.00012418,0.00012418,0.00150723,0.00769043,32.0,32.0,68.0
2026-02-22,ibm_kingston,28,304.287,363.6371,0.00019882,0.00019882,0.00332628,0.00793457,32.0,32.0,68.0
2026-02-22,ibm_kingston,29,210.0001,86.0142,0.0001382,0.0001382,0.00154509,0.01940918,32.0,32.0,80.0
2026-02-22,ibm_kingston,30,289.9629,59.2954,0.00022649,0.00022649,0.00958389,0.01635742,32.0,32.0,68.0
2026-02-22,ibm_kingston,31,242.0987,273.0306,0.00017439,0.00017439,0.00420194,0.0324707,32.0,32.0,68.0
2026-02-22,ibm_kingston,32,260.5058,286.8411,0.00019382,0.00019382,0.00350145,0.01708984,32.0,32.0,68.0
2026-02-22,ibm_kingston,33,425.5698,435.2942,0.00013581,0.00013581,0.00201787,0.00866699,32.0,32.0,108.0
2026-02-22,ibm_kingston,34,315.0795,335.4749,0.00016809,0.00016809,0.0014814,0.02087402,32.0,32.0,68.0
2026-02-22,ibm_kingston,35,335.17,390.2102,0.00015653,0.00015653,,0.01745605,32.0,32.0,
2026-02-22,ibm_kingston,36,171.4339,152.6904,0.00029958,0.00029958,,0.0324707,32.0,32.0,
2026-02-22,ibm_kingston,37,220.8401,28.1565,0.00017936,0.00017936,,0.00671387,32.0,32.0,
2026-02-22,ibm_kingston,38,231.3016,114.5385,0.00017631,0.00017631,,0.00646973,32.0,32.0,
2026-02-22,ibm_kingston,39,204.4861,133.7642,0.00021025,0.00021025,,0.01525879,32.0,32.0,
2026-02-21,ibm_kingston,20,315.7152,22.7633,0.00040259,0.00040259,0.00233201,0.00646973,32.0,32.0,68.0
2026-02-21,ibm_kingston,21,458.7057,435.9016,0.00018945,0.00018945,0.00130511,0.00341797,32.0,32.0,68.0
2026-02-21,ibm_kingston,22,105.1082,72.3601,0.00024307,0.00024307,0.00180768,0.02160645,32.0,32.0,68.0
2026-02-21,ibm_kingston,23,241.8888,78.2035,0.00016718,0.00016718,0.00215242,0.00488281,32.0,32.0,68.0
2026-02-21,ibm_kingston,24,267.2948,69.2303,0.00028515,0.00028515,0.0038624,0.01855469,32.0,32.0,68.0
2026-02-21,ibm_kingston,25,385.8261,22.6458,0.00018512,0.00018512,0.00389967,0.00341797,32.0,32.0,68.0
2026-02-21,ibm_kingston,26,322.313,186.1814,0.00018267,0.00018267,0.00277386,0.01245117,32.0,32.0,68.0
2026-02-21,ibm_kingston,27,328.3603,72.5296,0.00012418,0.00012418,0.00150723,0.00769043,32.0,32.0,68.0
2026-02-21,ibm_kingston,28,304.287,363.6371,0.00019882,0.00019882,0.00332628,0.00793457,32.0,32.0,68.0
2026-02-21,ibm_kingston,29,210.0001,86.0142,0.0001382,0.0001382,0.00154509,0.01940918,32.0,32.0,80.0
2026-02-21,ibm_kingston,30,289.9629,59.2954,0.00022649,0.00022649,0.00958389,0.01635742,32.0,32.0,68.0
2026-02-21,ibm_kingston,31,242.0987,273.0306,0.00017439,0.00017439,0.00420194,0.0324707,32.0,32.0,68.0
2026-02-21,ibm_kingston,32,260.5058,286.8411,0.00019382,0.00019382,0.00350145,0.01708984,32.0,32.0,68.0
2026-02-21,ibm_kingston,33,425.5698,435.2942,0.00013581,0.00013581,0.00201787,0.00866699,32.0,32.0,108.0
2026-02-21,ibm_kingston,34,315.0795,335.4749,0.00016809,0.00016809,0.0014814,0.02087402,32.0,32.0,68.0
2026-02-21,ibm_kingston,35,335.17,390.2102,0.00015653,0.00015653,,0.01745605,32.0,32.0,
2026-02-21,ibm_kingston,36,171.4339,152.6904,0.00029958,0.00029958,,0.0324707,32.0,32.0,
2026-02-21,ibm_kingston,37,220.8401,28.1565,0.00017936,0.00017936,,0.00671387,32.0,32.0,
2026-02-21,ibm_kingston,38,231.3016,114.5385,0.00017631,0.00017631,,0.00646973,32.0,32.0,
2026-02-21,ibm_kingston,39,204.4861,133.7642,0.00021025,0.00021025,,0.01525879,32.0,32.0,
2026-02-20,ibm_kingston,20,315.7152,22.7633,0.00040259,0.00040259,0.00233201,0.00708008,32.0,32.0,68.0
2026-02-20,ibm_kingston,21,458.7057,435.9016,0.00018945,0.00018945,0.00130511,0.00244141,32.0,32.0,68.0
2026-02-20,ibm_kingston,22,105.1082,72.3601,0.00024307,0.00024307,0.00180768,0.02612305,32.0,32.0,68.0
2026-02-20,ibm_kingston,23,241.8888,78.2035,0.00016718,0.00016718,0.00215242,0.00439453,32.0,32.0,68.0
2026-02-20,ibm_kingston,24,267.2948,69.2303,0.00028515,0.00028515,0.0038624,0.01538086,32.0,32.0,68.0
2026-02-20,ibm_kingston,25,385.8261,22.6458,0.00018512,0.00018512,0.00389967,0.0078125,32.0,32.0,68.0
2026-02-20,ibm_kingston,26,322.313,186.1814,0.00018267,0.00018267,0.00277386,0.01123047,32.0,32.0,68.0
2026-02-20,ibm_kingston,27,328.3603,72.5296,0.00012418,0.00012418,0.00150723,0.00683594,32.0,32.0,68.0
2026-02-20,ibm_kingston,28,304.287,363.6371,0.00019882,0.00019882,0.00332628,0.00976562,32.0,32.0,68.0
2026-02-20,ibm_kingston,29,210.0001,86.0142,0.0001382,0.0001382,0.00154509,0.01806641,32.0,32.0,80.0
2026-02-20,ibm_kingston,30,289.9629,59.2954,0.00022649,0.00022649,0.00958389,0.0144043,32.0,32.0,68.0
2026-02-20,ibm_kingston,31,242.0987,273.0306,0.00017439,0.00017439,0.00420194,0.02172852,32.0,32.0,68.0
2026-02-20,ibm_kingston,32,260.5058,286.8411,0.00019382,0.00019382,0.00350145,0.01831055,32.0,32.0,68.0
2026-02-20,ibm_kingston,33,425.5698,435.2942,0.00013581,0.00013581,0.00201787,0.0078125,32.0,32.0,108.0
2026-02-20,ibm_kingston,34,315.0795,335.4749,0.00016809,0.00016809,0.0014814,0.02294922,32.0,32.0,68.0
2026-02-20,ibm_kingston,35,335.17,390.2102,0.00015653,0.00015653,,0.02392578,32.0,32.0,
2026-02-20,ibm_kingston,36,171.4339,152.6904,0.00029958,0.00029958,,0.04248047,32.0,32.0,
2026-02-20,ibm_kingston,37,220.8401,28.1565,0.00017936,0.00017936,,0.00439453,32.0,32.0,
2026-02-20,ibm_kingston,38,231.3016,114.5385,0.00017631,0.00017631,,0.00585938,32.0,32.0,
2026-02-20,ibm_kingston,39,204.4861,133.7642,0.00021025,0.00021025,,0.01123047,32.0,32.0,
2026-02-19,ibm_kingston,20,315.7152,22.7633,0.00040259,0.00040259,0.00233201,0.00708008,32.0,32.0,68.0
2026-02-19,ibm_kingston,21,458.7057,435.9016,0.00018945,0.00018945,0.00130511,0.00244141,32.0,32.0,68.0
2026-02-19,ibm_kingston,22,105.1082,72.3601,0.00024307,0.00024307,0.00180768,0.02612305,32.0,32.0,68.0
2026-02-19,ibm_kingston,23,241.8888,78.2035,0.00016718,0.00016718,0.00215242,0.00439453,32.0,32.0,68.0
2026-02-19,ibm_kingston,24,267.2948,69.2303,0.00028515,0.00028515,0.0038624,0.01538086,32.0,32.0,68.0
2026-02-19,ibm_kingston,25,385.8261,22.6458,0.00018512,0.00018512,0.00389967,0.0078125,32.0,32.0,68.0
2026-02-19,ibm_kingston,26,322.313,186.1814,0.00018267,0.00018267,0.00277386,0.01123047,32.0,32.0,68.0
2026-02-19,ibm_kingston,27,328.3603,72.5296,0.00012418,0.00012418,0.00150723,0.00683594,32.0,32.0,68.0
2026-02-19,ibm_kingston,28,304.287,363.6371,0.00019882,0.00019882,0.00332628,0.00976562,32.0,32.0,68.0
2026-02-19,ibm_kingston,29,210.0001,86.0142,0.0001382,0.0001382,0.00154509,0.01806641,32.0,32.0,80.0
2026-02-19,ibm_kingston,30,289.9629,59.2954,0.00022649,0.00022649,0.00958389,0.0144043,32.0,32.0,68.0
2026-02-19,ibm_kingston,31,242.0987,273.0306,0.00017439,0.00017439,0.00420194,0.02172852,32.0,32.0,68.0
2026-02-19,ibm_kingston,32,260.5058,286.8411,0.00019382,0.00019382,0.00350145,0.01831055,32.0,32.0,68.0
2026-02-19,ibm_kingston,33,425.5698,435.2942,0.00013581,0.00013581,0.00201787,0.0078125,32.0,32.0,108.0
2026-02-19,ibm_kingston,34,315.0795,335.4749,0.00016809,0.00016809,0.0014814,0.02294922,32.0,32.0,68.0
2026-02-19,ibm_kingston,35,335.17,390.2102,0.00015653,0.00015653,,0.02392578,32.0,32.0,
2026-02-19,ibm_kingston,36,171.4339,152.6904,0.00029958,0.00029958,,0.04248047,32.0,32.0,
2026-02-19,ibm_kingston,37,220.8401,28.1565,0.00017936,0.00017936,,0.00439453,32.0,32.0,
2026-02-19,ibm_kingston,38,231.3016,114.5385,0.00017631,0.00017631,,0.00585938,32.0,32.0,
2026-02-19,ibm_kingston,39,204.4861,133.7642,0.00021025,0.00021025,,0.01123047,32.0,32.0,
2026-02-18,ibm_kingston,20,315.7152,22.7633,0.00040259,0.00040259,0.00233201,0.00708008,32.0,32.0,68.0
2026-02-18,ibm_kingston,21,458.7057,435.9016,0.00018945,0.00018945,0.00130511,0.00244141,32.0,32.0,68.0
2026-02-18,ibm_kingston,22,105.1082,72.3601,0.00024307,0.00024307,0.00180768,0.02612305,32.0,32.0,68.0
2026-02-18,ibm_kingston,23,241.8888,78.2035,0.00016718,0.00016718,0.00215242,0.00439453,32.0,32.0,68.0
2026-02-18,ibm_kingston,24,267.2948,69.2303,0.00028515,0.00028515,0.0038624,0.01538086,32.0,32.0,68.0
2026-02-18,ibm_kingston,25,385.8261,22.6458,0.00018512,0.00018512,0.00389967,0.0078125,32.0,32.0,68.0
2026-02-18,ibm_kingston,26,322.313,186.1814,0.00018267,0.00018267,0.00277386,0.01123047,32.0,32.0,68.0
2026-02-18,ibm_kingston,27,328.3603,72.5296,0.00012418,0.00012418,0.00150723,0.00683594,32.0,32.0,68.0
2026-02-18,ibm_kingston,28,304.287,363.6371,0.00019882,0.00019882,0.00332628,0.00976562,32.0,32.0,68.0
2026-02-18,ibm_kingston,29,210.0001,86.0142,0.0001382,0.0001382,0.00154509,0.01806641,32.0,32.0,80.0
2026-02-18,ibm_kingston,30,289.9629,59.2954,0.00022649,0.00022649,0.00958389,0.0144043,32.0,32.0,68.0
2026-02-18,ibm_kingston,31,242.0987,273.0306,0.00017439,0.00017439,0.00420194,0.02172852,32.0,32.0,68.0
2026-02-18,ibm_kingston,32,260.5058,286.8411,0.00019382,0.00019382,0.00350145,0.01831055,32.0,32.0,68.0
2026-02-18,ibm_kingston,33,425.5698,435.2942,0.00013581,0.00013581,0.00201787,0.0078125,32.0,32.0,108.0
2026-02-18,ibm_kingston,34,315.0795,335.4749,0.00016809,0.00016809,0.0014814,0.02294922,32.0,32.0,68.0
2026-02-18,ibm_kingston,35,335.17,390.2102,0.00015653,0.00015653,,0.02392578,32.0,32.0,
2026-02-18,ibm_kingston,36,171.4339,152.6904,0.00029958,0.00029958,,0.04248047,32.0,32.0,
2026-02-18,ibm_kingston,37,220.8401,28.1565,0.00017936,0.00017936,,0.00439453,32.0,32.0,
2026-02-18,ibm_kingston,38,231.3016,114.5385,0.00017631,0.00017631,,0.00585938,32.0,32.0,
2026-02-18,ibm_kingston,39,204.4861,133.7642,0.00021025,0.00021025,,0.01123047,32.0,32.0,
2026-02-17,ibm_kingston,20,315.7152,22.7633,0.00040259,0.00040259,0.00215432,0.00708008,32.0,32.0,68.0
2026-02-17,ibm_kingston,21,458.7057,435.9016,0.00018945,0.00018945,0.00130511,0.00244141,32.0,32.0,68.0
2026-02-17,ibm_kingston,22,105.1082,72.3601,0.00024307,0.00024307,0.00164992,0.02612305,32.0,32.0,68.0
2026-02-17,ibm_kingston,23,241.8888,78.2035,0.00016718,0.00016718,0.00182882,0.00439453,32.0,32.0,68.0
2026-02-17,ibm_kingston,24,267.2948,69.2303,0.00028515,0.00028515,0.00318939,0.01538086,32.0,32.0,68.0
2026-02-17,ibm_kingston,25,385.8261,22.6458,0.00018512,0.00018512,0.00243364,0.0078125,32.0,32.0,68.0
2026-02-17,ibm_kingston,26,322.313,186.1814,0.00018267,0.00018267,0.00133248,0.01123047,32.0,32.0,68.0
2026-02-17,ibm_kingston,27,328.3603,72.5296,0.00012418,0.00012418,0.0013163,0.00683594,32.0,32.0,68.0
2026-02-17,ibm_kingston,28,304.287,363.6371,0.00019882,0.00019882,0.0034722,0.00976562,32.0,32.0,68.0
2026-02-17,ibm_kingston,29,210.0001,86.0142,0.0001382,0.0001382,0.00134924,0.01806641,32.0,32.0,80.0
2026-02-17,ibm_kingston,30,289.9629,59.2954,0.00022649,0.00022649,0.00202464,0.0144043,32.0,32.0,68.0
2026-02-17,ibm_kingston,31,242.0987,273.0306,0.00017439,0.00017439,0.00209419,0.02172852,32.0,32.0,68.0
2026-02-17,ibm_kingston,32,260.5058,286.8411,0.00019382,0.00019382,0.00318071,0.01831055,32.0,32.0,68.0
2026-02-17,ibm_kingston,33,425.5698,435.2942,0.00013581,0.00013581,0.00204962,0.0078125,32.0,32.0,108.0
2026-02-17,ibm_kingston,34,315.0795,335.4749,0.00016809,0.00016809,0.00188852,0.02294922,32.0,32.0,68.0
2026-02-17,ibm_kingston,35,335.17,390.2102,0.00015653,0.00015653,,0.02392578,32.0,32.0,
2026-02-17,ibm_kingston,36,171.4339,152.6904,0.00029958,0.00029958,,0.04248047,32.0,32.0,
2026-02-17,ibm_kingston,37,220.8401,28.1565,0.00017936,0.00017936,,0.00439453,32.0,32.0,
2026-02-17,ibm_kingston,38,231.3016,114.5385,0.00017631,0.00017631,,0.00585938,32.0,32.0,
2026-02-17,ibm_kingston,39,204.4861,133.7642,0.00021025,0.00021025,,0.01123047,32.0,32.0,
2026-02-16,ibm_kingston,20,257.8713,24.8815,0.00040259,0.00040259,0.00215432,0.00695801,32.0,32.0,68.0
2026-02-16,ibm_kingston,21,242.2417,263.524,0.00018945,0.00018945,0.00130511,0.00866699,32.0,32.0,68.0
2026-02-16,ibm_kingston,22,168.8198,93.0844,0.00024307,0.00024307,0.00164992,0.02368164,32.0,32.0,68.0
2026-02-16,ibm_kingston,23,322.0297,70.8626,0.00016718,0.00016718,0.00182882,0.00817871,32.0,32.0,68.0
2026-02-16,ibm_kingston,24,229.4397,53.4724,0.00028515,0.00028515,0.00318939,0.01489258,32.0,32.0,68.0
2026-02-16,ibm_kingston,25,310.5388,30.3133,0.00018512,0.00018512,0.00243364,0.00476074,32.0,32.0,68.0
2026-02-16,ibm_kingston,26,100.725,82.079,0.00018267,0.00018267,0.00133248,0.01379395,32.0,32.0,68.0
2026-02-16,ibm_kingston,27,186.2401,55.9696,0.00012418,0.00012418,0.0013163,0.00646973,32.0,32.0,68.0
2026-02-16,ibm_kingston,28,291.5515,323.4804,0.00019882,0.00019882,0.0034722,0.01013184,32.0,32.0,68.0
2026-02-16,ibm_kingston,29,186.4228,78.0433,0.0001382,0.0001382,0.00134924,0.01208496,32.0,32.0,80.0
2026-02-16,ibm_kingston,30,229.1888,47.7419,0.00022649,0.00022649,0.00202464,0.01257324,32.0,32.0,68.0
2026-02-16,ibm_kingston,31,245.3898,223.458,0.00017439,0.00017439,0.00209419,0.02185059,32.0,32.0,68.0
2026-02-16,ibm_kingston,32,373.7082,543.9556,0.00019382,0.00019382,0.00318071,0.01550293,32.0,32.0,68.0
2026-02-16,ibm_kingston,33,471.3148,549.9381,0.00013581,0.00013581,0.00204962,0.00683594,32.0,32.0,108.0
2026-02-16,ibm_kingston,34,179.1547,200.0618,0.00016809,0.00016809,0.00188852,0.02502441,32.0,32.0,68.0
2026-02-16,ibm_kingston,35,211.237,175.5306,0.00015653,0.00015653,,0.02124023,32.0,32.0,
2026-02-16,ibm_kingston,36,191.4595,134.0191,0.00029958,0.00029958,,0.03039551,32.0,32.0,
2026-02-16,ibm_kingston,37,218.8064,26.079,0.00017936,0.00017936,,0.00610352,32.0,32.0,
2026-02-16,ibm_kingston,38,182.6533,89.4771,0.00017631,0.00017631,,0.00585938,32.0,32.0,
2026-02-16,ibm_kingston,39,189.0665,131.2995,0.00021025,0.00021025,,0.01843262,32.0,32.0,
2026-02-15,ibm_kingston,20,257.8713,24.8815,0.00040259,0.00040259,0.00215432,0.0065918,32.0,32.0,68.0
2026-02-15,ibm_kingston,21,242.2417,263.524,0.00018945,0.00018945,0.00130511,0.00463867,32.0,32.0,68.0
2026-02-15,ibm_kingston,22,168.8198,93.0844,0.00024307,0.00024307,0.00164992,0.02270508,32.0,32.0,68.0
2026-02-15,ibm_kingston,23,322.0297,70.8626,0.00016718,0.00016718,0.00182882,0.00390625,32.0,32.0,68.0
2026-02-15,ibm_kingston,24,229.4397,53.4724,0.00028515,0.00028515,0.00318939,0.01513672,32.0,32.0,68.0
2026-02-15,ibm_kingston,25,310.5388,30.3133,0.00018512,0.00018512,0.00243364,0.00585938,32.0,32.0,68.0
2026-02-15,ibm_kingston,26,100.725,82.079,0.00018267,0.00018267,0.00133248,0.01171875,32.0,32.0,68.0
2026-02-15,ibm_kingston,27,186.2401,55.9696,0.00012418,0.00012418,0.0013163,0.00830078,32.0,32.0,68.0
2026-02-15,ibm_kingston,28,291.5515,323.4804,0.00019882,0.00019882,0.0034722,0.00805664,32.0,32.0,68.0
2026-02-15,ibm_kingston,29,186.4228,78.0433,0.0001382,0.0001382,0.00134924,0.01269531,32.0,32.0,80.0
2026-02-15,ibm_kingston,30,229.1888,47.7419,0.00022649,0.00022649,0.00202464,0.0168457,32.0,32.0,68.0
2026-02-15,ibm_kingston,31,245.3898,223.458,0.00017439,0.00017439,0.00209419,0.02172852,32.0,32.0,68.0
2026-02-15,ibm_kingston,32,373.7082,543.9556,0.00019382,0.00019382,0.00318071,0.02124023,32.0,32.0,68.0
2026-02-15,ibm_kingston,33,471.3148,549.9381,0.00013581,0.00013581,0.00204962,0.00830078,32.0,32.0,108.0
2026-02-15,ibm_kingston,34,179.1547,200.0618,0.00016809,0.00016809,0.00188852,0.02124023,32.0,32.0,68.0
2026-02-15,ibm_kingston,35,211.237,175.5306,0.00015653,0.00015653,,0.02392578,32.0,32.0,
2026-02-15,ibm_kingston,36,191.4595,134.0191,0.00029958,0.00029958,,0.03198242,32.0,32.0,
2026-02-15,ibm_kingston,37,218.8064,26.079,0.00017936,0.00017936,,0.00219727,32.0,32.0,
2026-02-15,ibm_kingston,38,182.6533,89.4771,0.00017631,0.00017631,,0.0065918,32.0,32.0,
2026-02-15,ibm_kingston,39,189.0665,131.2995,0.00021025,0.00021025,,0.13037109,32.0,32.0,
2026-02-14,ibm_kingston,20,257.8713,24.8815,0.00040259,0.00040259,0.00215432,0.0065918,32.0,32.0,68.0
2026-02-14,ibm_kingston,21,242.2417,263.524,0.00018945,0.00018945,0.00130511,0.00463867,32.0,32.0,68.0
2026-02-14,ibm_kingston,22,168.8198,93.0844,0.00024307,0.00024307,0.00164992,0.02270508,32.0,32.0,68.0
2026-02-14,ibm_kingston,23,322.0297,70.8626,0.00016718,0.00016718,0.00182882,0.00390625,32.0,32.0,68.0
2026-02-14,ibm_kingston,24,229.4397,53.4724,0.00028515,0.00028515,0.00318939,0.01513672,32.0,32.0,68.0
2026-02-14,ibm_kingston,25,310.5388,30.3133,0.00018512,0.00018512,0.00243364,0.00585938,32.0,32.0,68.0
2026-02-14,ibm_kingston,26,100.725,82.079,0.00018267,0.00018267,0.00133248,0.01171875,32.0,32.0,68.0
2026-02-14,ibm_kingston,27,186.2401,55.9696,0.00012418,0.00012418,0.0013163,0.00830078,32.0,32.0,68.0
2026-02-14,ibm_kingston,28,291.5515,323.4804,0.00019882,0.00019882,0.0034722,0.00805664,32.0,32.0,68.0
2026-02-14,ibm_kingston,29,186.4228,78.0433,0.0001382,0.0001382,0.00134924,0.01269531,32.0,32.0,80.0
2026-02-14,ibm_kingston,30,229.1888,47.7419,0.00022649,0.00022649,0.00202464,0.0168457,32.0,32.0,68.0
2026-02-14,ibm_kingston,31,245.3898,223.458,0.00017439,0.00017439,0.00209419,0.02172852,32.0,32.0,68.0
2026-02-14,ibm_kingston,32,373.7082,543.9556,0.00019382,0.00019382,0.00318071,0.02124023,32.0,32.0,68.0
2026-02-14,ibm_kingston,33,471.3148,549.9381,0.00013581,0.00013581,0.00204962,0.00830078,32.0,32.0,108.0
2026-02-14,ibm_kingston,34,179.1547,200.0618,0.00016809,0.00016809,0.00188852,0.02124023,32.0,32.0,68.0
2026-02-14,ibm_kingston,35,211.237,175.5306,0.00015653,0.00015653,,0.02392578,32.0,32.0,
2026-02-14,ibm_kingston,36,191.4595,134.0191,0.00029958,0.00029958,,0.03198242,32.0,32.0,
2026-02-14,ibm_kingston,37,218.8064,26.079,0.00017936,0.00017936,,0.00219727,32.0,32.0,
2026-02-14,ibm_kingston,38,182.6533,89.4771,0.00017631,0.00017631,,0.0065918,32.0,32.0,
2026-02-14,ibm_kingston,39,189.0665,131.2995,0.00021025,0.00021025,,0.13037109,32.0,32.0,
2026-02-13,ibm_kingston,20,189.8455,22.2454,0.00029754,0.00029754,0.00179003,0.0065918,32.0,32.0,68.0
2026-02-13,ibm_kingston,21,203.9386,229.3424,0.00012907,0.00012907,0.00111873,0.00463867,32.0,32.0,68.0
2026-02-13,ibm_kingston,22,364.1001,207.3517,0.00018534,0.00018534,0.0012294,0.02270508,32.0,32.0,68.0
2026-02-13,ibm_kingston,23,230.8627,65.2719,0.00014731,0.00014731,0.00162749,0.00390625,32.0,32.0,68.0
2026-02-13,ibm_kingston,24,310.4319,71.8573,0.00052616,0.00052616,0.00240769,0.01513672,32.0,32.0,68.0
2026-02-13,ibm_kingston,25,398.9637,29.3769,0.00021694,0.00021694,0.00154519,0.00585938,32.0,32.0,68.0
2026-02-13,ibm_kingston,26,198.4188,139.6019,0.00015241,0.00015241,0.0013249,0.01171875,32.0,32.0,68.0
2026-02-13,ibm_kingston,27,411.5606,95.983,0.00093094,0.00093094,0.00091963,0.00830078,32.0,32.0,68.0
2026-02-13,ibm_kingston,28,165.4499,221.3264,0.00017152,0.00017152,0.0054426,0.00805664,32.0,32.0,68.0
2026-02-13,ibm_kingston,29,222.9102,78.6826,0.0001469,0.0001469,0.00255749,0.01269531,32.0,32.0,80.0
2026-02-13,ibm_kingston,30,263.4228,55.729,0.00020059,0.00020059,0.00235334,0.0168457,32.0,32.0,68.0
2026-02-13,ibm_kingston,31,228.4853,252.1268,0.00012957,0.00012957,0.00219089,0.02172852,32.0,32.0,68.0
2026-02-13,ibm_kingston,32,331.813,359.6311,0.0004511,0.0004511,0.00375513,0.02124023,32.0,32.0,68.0
2026-02-13,ibm_kingston,33,393.4836,549.9381,8.8e-05,8.8e-05,0.00278726,0.00830078,32.0,32.0,108.0
2026-02-13,ibm_kingston,34,308.5869,299.5315,0.00017008,0.00017008,0.00137849,0.02124023,32.0,32.0,68.0
2026-02-13,ibm_kingston,35,131.6824,177.3328,0.00021759,0.00021759,,0.02392578,32.0,32.0,
2026-02-13,ibm_kingston,36,165.6094,151.2997,0.00033038,0.00033038,,0.03198242,32.0,32.0,
2026-02-13,ibm_kingston,37,166.2793,30.3763,0.00028604,0.00028604,,0.00219727,32.0,32.0,
2026-02-13,ibm_kingston,38,159.6162,92.6033,0.00015475,0.00015475,,0.0065918,32.0,32.0,
2026-02-13,ibm_kingston,39,162.2826,103.7331,0.00016795,0.00016795,,0.13037109,32.0,32.0,
2026-02-12,ibm_kingston,20,189.8455,22.2454,0.00029754,0.00029754,0.00179003,0.00598145,32.0,32.0,68.0
2026-02-12,ibm_kingston,21,203.9386,229.3424,0.00012907,0.00012907,0.00111873,0.00598145,32.0,32.0,68.0
2026-02-12,ibm_kingston,22,364.1001,207.3517,0.00018534,0.00018534,0.0012294,0.0255127,32.0,32.0,68.0
2026-02-12,ibm_kingston,23,230.8627,65.2719,0.00014731,0.00014731,0.00162749,0.00720215,32.0,32.0,68.0
2026-02-12,ibm_kingston,24,310.4319,71.8573,0.00052616,0.00052616,0.00240769,0.01330566,32.0,32.0,68.0
2026-02-12,ibm_kingston,25,398.9637,29.3769,0.00021694,0.00021694,0.00154519,0.00805664,32.0,32.0,68.0
2026-02-12,ibm_kingston,26,198.4188,139.6019,0.00015241,0.00015241,0.0013249,0.01513672,32.0,32.0,68.0
2026-02-12,ibm_kingston,27,411.5606,95.983,0.00093094,0.00093094,0.00091963,0.01049805,32.0,32.0,68.0
2026-02-12,ibm_kingston,28,165.4499,221.3264,0.00017152,0.00017152,0.0054426,0.01049805,32.0,32.0,68.0
2026-02-12,ibm_kingston,29,222.9102,78.6826,0.0001469,0.0001469,0.00255749,0.00695801,32.0,32.0,80.0
2026-02-12,ibm_kingston,30,263.4228,55.729,0.00020059,0.00020059,0.00235334,0.01062012,32.0,32.0,68.0
2026-02-12,ibm_kingston,31,228.4853,252.1268,0.00012957,0.00012957,0.00219089,0.02624512,32.0,32.0,68.0
2026-02-12,ibm_kingston,32,331.813,359.6311,0.0004511,0.0004511,0.00375513,0.0213623,32.0,32.0,68.0
2026-02-12,ibm_kingston,33,393.4836,549.9381,8.8e-05,8.8e-05,0.00278726,0.01171875,32.0,32.0,108.0
2026-02-12,ibm_kingston,34,308.5869,299.5315,0.00017008,0.00017008,0.00137849,0.02294922,32.0,32.0,68.0
2026-02-12,ibm_kingston,35,131.6824,177.3328,0.00021759,0.00021759,,0.02160645,32.0,32.0,
2026-02-12,ibm_kingston,36,165.6094,151.2997,0.00033038,0.00033038,,0.04162598,32.0,32.0,
2026-02-12,ibm_kingston,37,166.2793,30.3763,0.00028604,0.00028604,,0.00439453,32.0,32.0,
2026-02-12,ibm_kingston,38,159.6162,92.6033,0.00015475,0.00015475,,0.00744629,32.0,32.0,
2026-02-12,ibm_kingston,39,162.2826,103.7331,0.00016795,0.00016795,,0.01477051,32.0,32.0,
2026-02-11,ibm_kingston,20,189.8455,22.2454,0.00029754,0.00029754,0.00179003,0.00732422,32.0,32.0,68.0
2026-02-11,ibm_kingston,21,203.9386,229.3424,0.00012907,0.00012907,0.00111873,0.00415039,32.0,32.0,68.0
2026-02-11,ibm_kingston,22,364.1001,207.3517,0.00018534,0.00018534,0.0012294,0.02209473,32.0,32.0,68.0
2026-02-11,ibm_kingston,23,230.8627,65.2719,0.00014731,0.00014731,0.00162749,0.00512695,32.0,32.0,68.0
2026-02-11,ibm_kingston,24,310.4319,71.8573,0.00052616,0.00052616,0.00240769,0.01733398,32.0,32.0,68.0
2026-02-11,ibm_kingston,25,398.9637,29.3769,0.00021694,0.00021694,0.00154519,0.00585938,32.0,32.0,68.0
2026-02-11,ibm_kingston,26,198.4188,139.6019,0.00015241,0.00015241,0.0013249,0.01550293,32.0,32.0,68.0
2026-02-11,ibm_kingston,27,411.5606,95.983,0.00093094,0.00093094,0.00091963,0.01416016,32.0,32.0,68.0
2026-02-11,ibm_kingston,28,165.4499,221.3264,0.00017152,0.00017152,0.0054426,0.01025391,32.0,32.0,68.0
2026-02-11,ibm_kingston,29,222.9102,78.6826,0.0001469,0.0001469,0.00255749,0.0057373,32.0,32.0,80.0
2026-02-11,ibm_kingston,30,263.4228,55.729,0.00020059,0.00020059,0.00235334,0.00952148,32.0,32.0,68.0
2026-02-11,ibm_kingston,31,228.4853,252.1268,0.00012957,0.00012957,0.00219089,0.01586914,32.0,32.0,68.0
2026-02-11,ibm_kingston,32,331.813,359.6311,0.0004511,0.0004511,0.00375513,0.0201416,32.0,32.0,68.0
2026-02-11,ibm_kingston,33,393.4836,549.9381,8.8e-05,8.8e-05,0.00278726,0.01647949,32.0,32.0,108.0
2026-02-11,ibm_kingston,34,308.5869,299.5315,0.00017008,0.00017008,0.00137849,0.02722168,32.0,32.0,68.0
2026-02-11,ibm_kingston,35,131.6824,177.3328,0.00021759,0.00021759,,0.02185059,32.0,32.0,
2026-02-11,ibm_kingston,36,165.6094,151.2997,0.00033038,0.00033038,,0.05102539,32.0,32.0,
2026-02-11,ibm_kingston,37,166.2793,30.3763,0.00028604,0.00028604,,0.00830078,32.0,32.0,
2026-02-11,ibm_kingston,38,159.6162,92.6033,0.00015475,0.00015475,,0.00830078,32.0,32.0,
2026-02-11,ibm_kingston,39,162.2826,103.7331,0.00016795,0.00016795,,0.01489258,32.0,32.0,
2026-02-10,ibm_kingston,20,189.8455,22.2454,0.00029754,0.00029754,0.00179003,0.00268555,32.0,32.0,68.0
2026-02-10,ibm_kingston,21,203.9386,229.3424,0.00012907,0.00012907,0.00111873,0.00585938,32.0,32.0,68.0
2026-02-10,ibm_kingston,22,364.1001,207.3517,0.00018534,0.00018534,0.0012294,0.02514648,32.0,32.0,68.0
2026-02-10,ibm_kingston,23,230.8627,65.2719,0.00014731,0.00014731,0.00162749,0.00610352,32.0,32.0,68.0
2026-02-10,ibm_kingston,24,310.4319,71.8573,0.00052616,0.00052616,0.00240769,0.01367188,32.0,32.0,68.0
2026-02-10,ibm_kingston,25,398.9637,29.3769,0.00021694,0.00021694,0.00154519,0.00805664,32.0,32.0,68.0
2026-02-10,ibm_kingston,26,198.4188,139.6019,0.00015241,0.00015241,0.0013249,0.01025391,32.0,32.0,68.0
2026-02-10,ibm_kingston,27,411.5606,95.983,0.00093094,0.00093094,0.00091963,0.01049805,32.0,32.0,68.0
2026-02-10,ibm_kingston,28,165.4499,221.3264,0.00017152,0.00017152,0.0054426,0.00976562,32.0,32.0,68.0
2026-02-10,ibm_kingston,29,222.9102,78.6826,0.0001469,0.0001469,0.00255749,0.00439453,32.0,32.0,80.0
2026-02-10,ibm_kingston,30,263.4228,55.729,0.00020059,0.00020059,0.00235334,0.0144043,32.0,32.0,68.0
2026-02-10,ibm_kingston,31,228.4853,252.1268,0.00012957,0.00012957,0.00219089,0.03344727,32.0,32.0,68.0
2026-02-10,ibm_kingston,32,331.813,359.6311,0.0004511,0.0004511,0.00375513,0.02099609,32.0,32.0,68.0
2026-02-10,ibm_kingston,33,393.4836,549.9381,8.8e-05,8.8e-05,0.00278726,0.01171875,32.0,32.0,108.0
2026-02-10,ibm_kingston,34,308.5869,299.5315,0.00017008,0.00017008,0.00137849,0.01855469,32.0,32.0,68.0
2026-02-10,ibm_kingston,35,131.6824,177.3328,0.00021759,0.00021759,,0.02124023,32.0,32.0,
2026-02-10,ibm_kingston,36,165.6094,151.2997,0.00033038,0.00033038,,0.04345703,32.0,32.0,
2026-02-10,ibm_kingston,37,166.2793,30.3763,0.00028604,0.00028604,,0.00805664,32.0,32.0,
2026-02-10,ibm_kingston,38,159.6162,92.6033,0.00015475,0.00015475,,0.00708008,32.0,32.0,
2026-02-10,ibm_kingston,39,162.2826,103.7331,0.00016795,0.00016795,,0.01367188,32.0,32.0,
2026-02-09,ibm_kingston,20,189.8455,22.2454,0.00029754,0.00029754,0.00179003,0.00268555,32.0,32.0,68.0
2026-02-09,ibm_kingston,21,203.9386,229.3424,0.00012907,0.00012907,0.00111873,0.00585938,32.0,32.0,68.0
2026-02-09,ibm_kingston,22,364.1001,207.3517,0.00018534,0.00018534,0.0012294,0.02514648,32.0,32.0,68.0
2026-02-09,ibm_kingston,23,230.8627,65.2719,0.00014731,0.00014731,0.00162749,0.00610352,32.0,32.0,68.0
2026-02-09,ibm_kingston,24,310.4319,71.8573,0.00052616,0.00052616,0.00240769,0.01367188,32.0,32.0,68.0
2026-02-09,ibm_kingston,25,398.9637,29.3769,0.00021694,0.00021694,0.00154519,0.00805664,32.0,32.0,68.0
2026-02-09,ibm_kingston,26,198.4188,139.6019,0.00015241,0.00015241,0.0013249,0.01025391,32.0,32.0,68.0
2026-02-09,ibm_kingston,27,411.5606,95.983,0.00093094,0.00093094,0.00091963,0.01049805,32.0,32.0,68.0
2026-02-09,ibm_kingston,28,165.4499,221.3264,0.00017152,0.00017152,0.0054426,0.00976562,32.0,32.0,68.0
2026-02-09,ibm_kingston,29,222.9102,78.6826,0.0001469,0.0001469,0.00255749,0.00439453,32.0,32.0,80.0
2026-02-09,ibm_kingston,30,263.4228,55.729,0.00020059,0.00020059,0.00235334,0.0144043,32.0,32.0,68.0
2026-02-09,ibm_kingston,31,228.4853,252.1268,0.00012957,0.00012957,0.00219089,0.03344727,32.0,32.0,68.0
2026-02-09,ibm_kingston,32,331.813,359.6311,0.0004511,0.0004511,0.00375513,0.02099609,32.0,32.0,68.0
2026-02-09,ibm_kingston,33,393.4836,549.9381,8.8e-05,8.8e-05,0.00278726,0.01171875,32.0,32.0,108.0
2026-02-09,ibm_kingston,34,308.5869,299.5315,0.00017008,0.00017008,0.00137849,0.01855469,32.0,32.0,68.0
2026-02-09,ibm_kingston,35,131.6824,177.3328,0.00021759,0.00021759,,0.02124023,32.0,32.0,
2026-02-09,ibm_kingston,36,165.6094,151.2997,0.00033038,0.00033038,,0.04345703,32.0,32.0,
2026-02-09,ibm_kingston,37,166.2793,30.3763,0.00028604,0.00028604,,0.00805664,32.0,32.0,
2026-02-09,ibm_kingston,38,159.6162,92.6033,0.00015475,0.00015475,,0.00708008,32.0,32.0,
2026-02-09,ibm_kingston,39,162.2826,103.7331,0.00016795,0.00016795,,0.01367188,32.0,32.0,
2026-02-08,ibm_kingston,20,249.8483,22.4472,0.00036693,0.00036693,0.00198016,0.00268555,32.0,32.0,68.0
2026-02-08,ibm_kingston,21,203.5692,207.0601,0.00010322,0.00010322,0.0016906,0.00585938,32.0,32.0,68.0
2026-02-08,ibm_kingston,22,213.2612,101.0081,0.00013536,0.00013536,0.00149364,0.02514648,32.0,32.0,68.0
2026-02-08,ibm_kingston,23,230.8187,63.977,0.00012203,0.00012203,0.00162749,0.00610352,32.0,32.0,68.0
2026-02-08,ibm_kingston,24,312.8795,55.9415,0.00039237,0.00039237,0.00293289,0.01367188,32.0,32.0,68.0
2026-02-08,ibm_kingston,25,235.5101,23.9011,0.00023718,0.00023718,0.00265693,0.00805664,32.0,32.0,68.0
2026-02-08,ibm_kingston,26,310.9056,164.3343,0.00020161,0.00020161,0.00131318,0.01025391,32.0,32.0,68.0
2026-02-08,ibm_kingston,27,184.8212,57.4118,0.00020472,0.00020472,0.00108929,0.01049805,32.0,32.0,68.0
2026-02-08,ibm_kingston,28,252.4866,257.6102,0.00015608,0.00015608,0.00358329,0.00976562,32.0,32.0,68.0
2026-02-08,ibm_kingston,29,133.1754,75.987,0.0001234,0.0001234,0.00165019,0.00439453,32.0,32.0,80.0
2026-02-08,ibm_kingston,30,112.8267,37.8214,0.00042207,0.00042207,0.00175022,0.0144043,32.0,32.0,68.0
2026-02-08,ibm_kingston,31,124.7061,133.9977,0.00021849,0.00021849,0.00215911,0.03344727,32.0,32.0,68.0
2026-02-08,ibm_kingston,32,426.5454,572.3455,0.0001704,0.0001704,0.00207823,0.02099609,32.0,32.0,68.0
2026-02-08,ibm_kingston,33,348.5565,282.5527,0.00022163,0.00022163,0.00207172,0.01171875,32.0,32.0,108.0
2026-02-08,ibm_kingston,34,244.1532,251.8067,0.00023197,0.00023197,0.00141149,0.01855469,32.0,32.0,68.0
2026-02-08,ibm_kingston,35,219.3723,266.3638,0.00018054,0.00018054,,0.02124023,32.0,32.0,
2026-02-08,ibm_kingston,36,192.1896,133.9484,0.00020284,0.00020284,,0.04345703,32.0,32.0,
2026-02-08,ibm_kingston,37,199.5587,26.2812,0.00094869,0.00094869,,0.00805664,32.0,32.0,
2026-02-08,ibm_kingston,38,237.0731,113.1728,0.00019532,0.00019532,,0.00708008,32.0,32.0,
2026-02-08,ibm_kingston,39,141.0634,88.1685,0.00019019,0.00019019,,0.01367188,32.0,32.0,
2026-02-07,ibm_kingston,20,249.8483,22.4472,0.00036693,0.00036693,0.00198016,0.00537109,32.0,32.0,68.0
2026-02-07,ibm_kingston,21,203.5692,207.0601,0.00010322,0.00010322,0.0016906,0.0098877,32.0,32.0,68.0
2026-02-07,ibm_kingston,22,213.2612,101.0081,0.00013536,0.00013536,0.00149364,0.02282715,32.0,32.0,68.0
2026-02-07,ibm_kingston,23,230.8187,63.977,0.00012203,0.00012203,0.00162749,0.00805664,32.0,32.0,68.0
2026-02-07,ibm_kingston,24,312.8795,55.9415,0.00039237,0.00039237,0.00293289,0.01708984,32.0,32.0,68.0
2026-02-07,ibm_kingston,25,235.5101,23.9011,0.00023718,0.00023718,0.00265693,0.00622559,32.0,32.0,68.0
2026-02-07,ibm_kingston,26,310.9056,164.3343,0.00020161,0.00020161,0.00131318,0.01379395,32.0,32.0,68.0
2026-02-07,ibm_kingston,27,184.8212,57.4118,0.00020472,0.00020472,0.00108929,0.0098877,32.0,32.0,68.0
2026-02-07,ibm_kingston,28,252.4866,257.6102,0.00015608,0.00015608,0.00358329,0.01074219,32.0,32.0,68.0
2026-02-07,ibm_kingston,29,133.1754,75.987,0.0001234,0.0001234,0.00165019,0.00671387,32.0,32.0,80.0
2026-02-07,ibm_kingston,30,112.8267,37.8214,0.00042207,0.00042207,0.00175022,0.01196289,32.0,32.0,68.0
2026-02-07,ibm_kingston,31,124.7061,133.9977,0.00021849,0.00021849,0.00215911,0.03344727,32.0,32.0,68.0
2026-02-07,ibm_kingston,32,426.5454,572.3455,0.0001704,0.0001704,0.00207823,0.01696777,32.0,32.0,68.0
2026-02-07,ibm_kingston,33,348.5565,282.5527,0.00022163,0.00022163,0.00207172,0.16186523,32.0,32.0,108.0
2026-02-07,ibm_kingston,34,244.1532,251.8067,0.00023197,0.00023197,0.00141149,0.03137207,32.0,32.0,68.0
2026-02-07,ibm_kingston,35,219.3723,266.3638,0.00018054,0.00018054,,0.01550293,32.0,32.0,
2026-02-07,ibm_kingston,36,192.1896,133.9484,0.00020284,0.00020284,,0.04431152,32.0,32.0,
2026-02-07,ibm_kingston,37,199.5587,26.2812,0.00094869,0.00094869,,0.00744629,32.0,32.0,
2026-02-07,ibm_kingston,38,237.0731,113.1728,0.00019532,0.00019532,,0.01123047,32.0,32.0,
2026-02-07,ibm_kingston,39,141.0634,88.1685,0.00019019,0.00019019,,0.01147461,32.0,32.0,
2026-02-06,ibm_kingston,20,249.8483,22.4472,0.00036693,0.00036693,0.00198016,0.00463867,32.0,32.0,68.0
2026-02-06,ibm_kingston,21,203.5692,207.0601,0.00010322,0.00010322,0.0016906,0.00366211,32.0,32.0,68.0
2026-02-06,ibm_kingston,22,213.2612,101.0081,0.00013536,0.00013536,0.00149364,0.0222168,32.0,32.0,68.0
2026-02-06,ibm_kingston,23,230.8187,63.977,0.00012203,0.00012203,0.00162749,0.0065918,32.0,32.0,68.0
2026-02-06,ibm_kingston,24,312.8795,55.9415,0.00039237,0.00039237,0.00293289,0.01855469,32.0,32.0,68.0
2026-02-06,ibm_kingston,25,235.5101,23.9011,0.00023718,0.00023718,0.00265693,0.00561523,32.0,32.0,68.0
2026-02-06,ibm_kingston,26,310.9056,164.3343,0.00020161,0.00020161,0.00131318,0.01635742,32.0,32.0,68.0
2026-02-06,ibm_kingston,27,184.8212,57.4118,0.00020472,0.00020472,0.00108929,0.00830078,32.0,32.0,68.0
2026-02-06,ibm_kingston,28,252.4866,257.6102,0.00015608,0.00015608,0.00358329,0.01025391,32.0,32.0,68.0
2026-02-06,ibm_kingston,29,133.1754,75.987,0.0001234,0.0001234,0.00165019,0.00708008,32.0,32.0,80.0
2026-02-06,ibm_kingston,30,112.8267,37.8214,0.00042207,0.00042207,0.00175022,0.01074219,32.0,32.0,68.0
2026-02-06,ibm_kingston,31,124.7061,133.9977,0.00021849,0.00021849,0.00215911,0.02050781,32.0,32.0,68.0
2026-02-06,ibm_kingston,32,426.5454,572.3455,0.0001704,0.0001704,0.00207823,0.01733398,32.0,32.0,68.0
2026-02-06,ibm_kingston,33,348.5565,282.5527,0.00022163,0.00022163,0.00207172,0.01220703,32.0,32.0,108.0
2026-02-06,ibm_kingston,34,244.1532,251.8067,0.00023197,0.00023197,0.00141149,0.0234375,32.0,32.0,68.0
2026-02-06,ibm_kingston,35,219.3723,266.3638,0.00018054,0.00018054,,0.01611328,32.0,32.0,
2026-02-06,ibm_kingston,36,192.1896,133.9484,0.00020284,0.00020284,,0.04663086,32.0,32.0,
2026-02-06,ibm_kingston,37,199.5587,26.2812,0.00094869,0.00094869,,0.00561523,32.0,32.0,
2026-02-06,ibm_kingston,38,237.0731,113.1728,0.00019532,0.00019532,,0.00512695,32.0,32.0,
2026-02-06,ibm_kingston,39,141.0634,88.1685,0.00019019,0.00019019,,0.09985352,32.0,32.0,
2026-02-05,ibm_kingston,20,249.8483,22.4472,0.00029893,0.00029893,0.00237532,0.00463867,32.0,32.0,68.0
2026-02-05,ibm_kingston,21,203.5692,207.0601,8.763e-05,8.763e-05,0.00137411,0.00366211,32.0,32.0,68.0
2026-02-05,ibm_kingston,22,213.2612,101.0081,0.00026649,0.00026649,0.00142669,0.0222168,32.0,32.0,68.0
2026-02-05,ibm_kingston,23,230.8187,63.977,0.00016047,0.00016047,0.00150909,0.0065918,32.0,32.0,68.0
2026-02-05,ibm_kingston,24,312.8795,55.9415,0.0002943,0.0002943,0.0019154,0.01855469,32.0,32.0,68.0
2026-02-05,ibm_kingston,25,235.5101,23.9011,0.00024893,0.00024893,0.00170035,0.00561523,32.0,32.0,68.0
2026-02-05,ibm_kingston,26,310.9056,164.3343,0.00019556,0.00019556,0.00146841,0.01635742,32.0,32.0,68.0
2026-02-05,ibm_kingston,27,184.8212,57.4118,0.00013492,0.00013492,0.00132063,0.00830078,32.0,32.0,68.0
2026-02-05,ibm_kingston,28,252.4866,257.6102,0.00027725,0.00027725,0.00306802,0.01025391,32.0,32.0,68.0
2026-02-05,ibm_kingston,29,133.1754,75.987,0.00100676,0.00100676,0.00181722,0.00708008,32.0,32.0,80.0
2026-02-05,ibm_kingston,30,112.8267,37.8214,0.00020869,0.00020869,0.0035627,0.01074219,32.0,32.0,68.0
2026-02-05,ibm_kingston,31,124.7061,133.9977,0.0002976,0.0002976,0.0018129,0.02050781,32.0,32.0,68.0
2026-02-05,ibm_kingston,32,426.5454,572.3455,0.00022309,0.00022309,0.00242801,0.01733398,32.0,32.0,68.0
2026-02-05,ibm_kingston,33,348.5565,282.5527,0.0002196,0.0002196,0.00195867,0.01220703,32.0,32.0,108.0
2026-02-05,ibm_kingston,34,244.1532,251.8067,0.00018986,0.00018986,0.00181684,0.0234375,32.0,32.0,68.0
2026-02-05,ibm_kingston,35,219.3723,266.3638,0.00013092,0.00013092,,0.01611328,32.0,32.0,
2026-02-05,ibm_kingston,36,192.1896,133.9484,0.00018048,0.00018048,,0.04663086,32.0,32.0,
2026-02-05,ibm_kingston,37,199.5587,26.2812,0.00035076,0.00035076,,0.00561523,32.0,32.0,
2026-02-05,ibm_kingston,38,237.0731,113.1728,0.00029626,0.00029626,,0.00512695,32.0,32.0,
2026-02-05,ibm_kingston,39,141.0634,88.1685,0.00022408,0.00022408,,0.09985352,32.0,32.0,
2026-02-04,ibm_kingston,20,227.9209,22.1923,0.00029893,0.00029893,0.00237532,0.00500488,32.0,32.0,68.0
2026-02-04,ibm_kingston,21,357.7282,412.0128,8.763e-05,8.763e-05,0.00137411,0.00671387,32.0,32.0,68.0
2026-02-04,ibm_kingston,22,347.7508,163.513,0.00026649,0.00026649,0.00142669,0.02380371,32.0,32.0,68.0
2026-02-04,ibm_kingston,23,323.7504,92.2651,0.00016047,0.00016047,0.00150909,0.00537109,32.0,32.0,68.0
2026-02-04,ibm_kingston,24,265.369,58.3065,0.0002943,0.0002943,0.0019154,0.01464844,32.0,32.0,68.0
2026-02-04,ibm_kingston,25,389.9935,20.8074,0.00024893,0.00024893,0.00170035,0.0135498,32.0,32.0,68.0
2026-02-04,ibm_kingston,26,254.9932,143.0543,0.00019556,0.00019556,0.00146841,0.01013184,32.0,32.0,68.0
2026-02-04,ibm_kingston,27,402.2525,69.3224,0.00013492,0.00013492,0.00132063,0.0098877,32.0,32.0,68.0
2026-02-04,ibm_kingston,28,226.4963,286.1372,0.00027725,0.00027725,0.00306802,0.00891113,32.0,32.0,68.0
2026-02-04,ibm_kingston,29,146.8621,87.0127,0.00100676,0.00100676,0.00181722,0.00891113,32.0,32.0,80.0
2026-02-04,ibm_kingston,30,271.1423,48.9515,0.00020869,0.00020869,0.0035627,0.01318359,32.0,32.0,68.0
2026-02-04,ibm_kingston,31,252.1532,266.9155,0.0002976,0.0002976,0.0018129,0.0213623,32.0,32.0,68.0
2026-02-04,ibm_kingston,32,371.4074,505.1747,0.00022309,0.00022309,0.00242801,0.01806641,32.0,32.0,68.0
2026-02-04,ibm_kingston,33,342.8497,365.469,0.0002196,0.0002196,0.00195867,0.01147461,32.0,32.0,108.0
2026-02-04,ibm_kingston,34,259.7027,247.7276,0.00018986,0.00018986,0.00181684,0.02185059,32.0,32.0,68.0
2026-02-04,ibm_kingston,35,263.8886,284.2787,0.00013092,0.00013092,,0.01806641,32.0,32.0,
2026-02-04,ibm_kingston,36,175.4923,145.7605,0.00018048,0.00018048,,0.04516602,32.0,32.0,
2026-02-04,ibm_kingston,37,153.5671,24.0035,0.00035076,0.00035076,,0.00854492,32.0,32.0,
2026-02-04,ibm_kingston,38,305.2351,139.7913,0.00029626,0.00029626,,0.0098877,32.0,32.0,
2026-02-04,ibm_kingston,39,119.7544,98.6328,0.00022408,0.00022408,,0.04077148,32.0,32.0,
2026-02-03,ibm_kingston,20,227.9209,22.1923,0.00029893,0.00029893,0.00237532,0.00537109,32.0,32.0,68.0
2026-02-03,ibm_kingston,21,357.7282,412.0128,8.763e-05,8.763e-05,0.00137411,0.00646973,32.0,32.0,68.0
2026-02-03,ibm_kingston,22,347.7508,163.513,0.00026649,0.00026649,0.00142669,0.02624512,32.0,32.0,68.0
2026-02-03,ibm_kingston,23,323.7504,92.2651,0.00016047,0.00016047,0.00150909,0.00695801,32.0,32.0,68.0
2026-02-03,ibm_kingston,24,265.369,58.3065,0.0002943,0.0002943,0.0019154,0.0168457,32.0,32.0,68.0
2026-02-03,ibm_kingston,25,389.9935,20.8074,0.00024893,0.00024893,0.00170035,0.00708008,32.0,32.0,68.0
2026-02-03,ibm_kingston,26,254.9932,143.0543,0.00019556,0.00019556,0.00146841,0.01367188,32.0,32.0,68.0
2026-02-03,ibm_kingston,27,402.2525,69.3224,0.00013492,0.00013492,0.00132063,0.01306152,32.0,32.0,68.0
2026-02-03,ibm_kingston,28,226.4963,286.1372,0.00027725,0.00027725,0.00306802,0.01184082,32.0,32.0,68.0
2026-02-03,ibm_kingston,29,146.8621,87.0127,0.00100676,0.00100676,0.00181722,0.00512695,32.0,32.0,80.0
2026-02-03,ibm_kingston,30,271.1423,48.9515,0.00020869,0.00020869,0.0035627,0.01025391,32.0,32.0,68.0
2026-02-03,ibm_kingston,31,252.1532,266.9155,0.0002976,0.0002976,0.0018129,0.11669922,32.0,32.0,68.0
2026-02-03,ibm_kingston,32,371.4074,505.1747,0.00022309,0.00022309,0.00242801,0.02160645,32.0,32.0,68.0
2026-02-03,ibm_kingston,33,342.8497,365.469,0.0002196,0.0002196,0.00195867,0.01733398,32.0,32.0,108.0
2026-02-03,ibm_kingston,34,259.7027,247.7276,0.00018986,0.00018986,0.00181684,0.02148438,32.0,32.0,68.0
2026-02-03,ibm_kingston,35,263.8886,284.2787,0.00013092,0.00013092,,0.01916504,32.0,32.0,
2026-02-03,ibm_kingston,36,175.4923,145.7605,0.00018048,0.00018048,,0.04516602,32.0,32.0,
2026-02-03,ibm_kingston,37,153.5671,24.0035,0.00035076,0.00035076,,0.00488281,32.0,32.0,
2026-02-03,ibm_kingston,38,305.2351,139.7913,0.00029626,0.00029626,,0.00817871,32.0,32.0,
2026-02-03,ibm_kingston,39,119.7544,98.6328,0.00022408,0.00022408,,0.0135498,32.0,32.0,
2026-02-02,ibm_kingston,20,227.9209,22.1923,0.00029893,0.00029893,0.00237532,0.02294922,32.0,32.0,68.0
2026-02-02,ibm_kingston,21,357.7282,412.0128,8.763e-05,8.763e-05,0.00137411,0.00292969,32.0,32.0,68.0
2026-02-02,ibm_kingston,22,347.7508,163.513,0.00026649,0.00026649,0.00142669,0.02954102,32.0,32.0,68.0
2026-02-02,ibm_kingston,23,323.7504,92.2651,0.00016047,0.00016047,0.00150909,0.00463867,32.0,32.0,68.0
2026-02-02,ibm_kingston,24,265.369,58.3065,0.0002943,0.0002943,0.0019154,0.01586914,32.0,32.0,68.0
2026-02-02,ibm_kingston,25,389.9935,20.8074,0.00024893,0.00024893,0.00170035,0.00634766,32.0,32.0,68.0
2026-02-02,ibm_kingston,26,254.9932,143.0543,0.00019556,0.00019556,0.00146841,0.01464844,32.0,32.0,68.0
2026-02-02,ibm_kingston,27,402.2525,69.3224,0.00013492,0.00013492,0.00132063,0.00976562,32.0,32.0,68.0
2026-02-02,ibm_kingston,28,226.4963,286.1372,0.00027725,0.00027725,0.00306802,0.0090332,32.0,32.0,68.0
2026-02-02,ibm_kingston,29,146.8621,87.0127,0.00100676,0.00100676,0.00181722,0.00292969,32.0,32.0,80.0
2026-02-02,ibm_kingston,30,271.1423,48.9515,0.00020869,0.00020869,0.0035627,0.01098633,32.0,32.0,68.0
2026-02-02,ibm_kingston,31,252.1532,266.9155,0.0002976,0.0002976,0.0018129,0.06958008,32.0,32.0,68.0
2026-02-02,ibm_kingston,32,371.4074,505.1747,0.00022309,0.00022309,0.00242801,0.01782227,32.0,32.0,68.0
2026-02-02,ibm_kingston,33,342.8497,365.469,0.0002196,0.0002196,0.00195867,0.01342773,32.0,32.0,108.0
2026-02-02,ibm_kingston,34,259.7027,247.7276,0.00018986,0.00018986,0.00181684,0.03125,32.0,32.0,68.0
2026-02-02,ibm_kingston,35,263.8886,284.2787,0.00013092,0.00013092,,0.01806641,32.0,32.0,
2026-02-02,ibm_kingston,36,175.4923,145.7605,0.00018048,0.00018048,,0.05249023,32.0,32.0,
2026-02-02,ibm_kingston,37,153.5671,24.0035,0.00035076,0.00035076,,0.00610352,32.0,32.0,
2026-02-02,ibm_kingston,38,305.2351,139.7913,0.00029626,0.00029626,,0.0065918,32.0,32.0,
2026-02-02,ibm_kingston,39,119.7544,98.6328,0.00022408,0.00022408,,0.00927734,32.0,32.0,
2026-02-01,ibm_kingston,20,314.3507,21.8975,0.00037621,0.00037621,0.00206054,0.02294922,32.0,32.0,68.0
2026-02-01,ibm_kingston,21,337.4247,353.0248,0.00017047,0.00017047,0.00106569,0.00292969,32.0,32.0,68.0
2026-02-01,ibm_kingston,22,201.9468,107.8499,0.00016085,0.00016085,0.00135191,0.02954102,32.0,32.0,68.0
2026-02-01,ibm_kingston,23,285.6214,65.3408,0.00012258,0.00012258,0.00123218,0.00463867,32.0,32.0,68.0
2026-02-01,ibm_kingston,24,323.2331,75.7768,0.0002702,0.0002702,0.00227961,0.01586914,32.0,32.0,68.0
2026-02-01,ibm_kingston,25,174.1403,21.4107,0.00021751,0.00021751,0.0014244,0.00634766,32.0,32.0,68.0
2026-02-01,ibm_kingston,26,251.0028,180.741,0.00020602,0.00020602,0.00142811,0.01464844,32.0,32.0,68.0
2026-02-01,ibm_kingston,27,373.7279,90.7886,0.00012202,0.00012202,0.00112753,0.00976562,32.0,32.0,68.0
2026-02-01,ibm_kingston,28,238.466,334.322,0.00019816,0.00019816,0.00282359,0.0090332,32.0,32.0,68.0
2026-02-01,ibm_kingston,29,192.0957,80.7756,0.00024104,0.00024104,0.0010871,0.00292969,32.0,32.0,80.0
2026-02-01,ibm_kingston,30,331.664,53.5949,0.00021979,0.00021979,0.00347999,0.01098633,32.0,32.0,68.0
2026-02-01,ibm_kingston,31,89.4975,99.9312,0.00015302,0.00015302,0.00197555,0.06958008,32.0,32.0,68.0
2026-02-01,ibm_kingston,32,292.0459,392.9519,0.00020123,0.00020123,0.00233224,0.01782227,32.0,32.0,68.0
2026-02-01,ibm_kingston,33,467.3924,291.4533,0.00010781,0.00010781,0.0024566,0.01342773,32.0,32.0,108.0
2026-02-01,ibm_kingston,34,293.7124,287.3011,0.0001566,0.0001566,0.00153269,0.03125,32.0,32.0,68.0
2026-02-01,ibm_kingston,35,273.9091,296.3784,0.00015289,0.00015289,,0.01806641,32.0,32.0,
2026-02-01,ibm_kingston,36,390.9439,237.1962,0.00027346,0.00027346,,0.05249023,32.0,32.0,
2026-02-01,ibm_kingston,37,190.2637,29.3311,0.00025452,0.00025452,,0.00610352,32.0,32.0,
2026-02-01,ibm_kingston,38,254.0863,124.1365,0.00023725,0.00023725,,0.0065918,32.0,32.0,
2026-02-01,ibm_kingston,39,153.0231,125.6107,0.00018527,0.00018527,,0.00927734,32.0,32.0,
2026-01-31,ibm_kingston,20,314.3507,21.8975,0.00037621,0.00037621,0.00206054,0.02294922,32.0,32.0,68.0
2026-01-31,ibm_kingston,21,337.4247,353.0248,0.00017047,0.00017047,0.00106569,0.00292969,32.0,32.0,68.0
2026-01-31,ibm_kingston,22,201.9468,107.8499,0.00016085,0.00016085,0.00135191,0.02954102,32.0,32.0,68.0
2026-01-31,ibm_kingston,23,285.6214,65.3408,0.00012258,0.00012258,0.00123218,0.00463867,32.0,32.0,68.0
2026-01-31,ibm_kingston,24,323.2331,75.7768,0.0002702,0.0002702,0.00227961,0.01586914,32.0,32.0,68.0
2026-01-31,ibm_kingston,25,174.1403,21.4107,0.00021751,0.00021751,0.0014244,0.00634766,32.0,32.0,68.0
2026-01-31,ibm_kingston,26,251.0028,180.741,0.00020602,0.00020602,0.00142811,0.01464844,32.0,32.0,68.0
2026-01-31,ibm_kingston,27,373.7279,90.7886,0.00012202,0.00012202,0.00112753,0.00976562,32.0,32.0,68.0
2026-01-31,ibm_kingston,28,238.466,334.322,0.00019816,0.00019816,0.00282359,0.0090332,32.0,32.0,68.0
2026-01-31,ibm_kingston,29,192.0957,80.7756,0.00024104,0.00024104,0.0010871,0.00292969,32.0,32.0,80.0
2026-01-31,ibm_kingston,30,331.664,53.5949,0.00021979,0.00021979,0.00347999,0.01098633,32.0,32.0,68.0
2026-01-31,ibm_kingston,31,89.4975,99.9312,0.00015302,0.00015302,0.00197555,0.06958008,32.0,32.0,68.0
2026-01-31,ibm_kingston,32,292.0459,392.9519,0.00020123,0.00020123,0.00233224,0.01782227,32.0,32.0,68.0
2026-01-31,ibm_kingston,33,467.3924,291.4533,0.00010781,0.00010781,0.0024566,0.01342773,32.0,32.0,108.0
2026-01-31,ibm_kingston,34,293.7124,287.3011,0.0001566,0.0001566,0.00153269,0.03125,32.0,32.0,68.0
2026-01-31,ibm_kingston,35,273.9091,296.3784,0.00015289,0.00015289,,0.01806641,32.0,32.0,
2026-01-31,ibm_kingston,36,390.9439,237.1962,0.00027346,0.00027346,,0.05249023,32.0,32.0,
2026-01-31,ibm_kingston,37,190.2637,29.3311,0.00025452,0.00025452,,0.00610352,32.0,32.0,
2026-01-31,ibm_kingston,38,254.0863,124.1365,0.00023725,0.00023725,,0.0065918,32.0,32.0,
2026-01-31,ibm_kingston,39,153.0231,125.6107,0.00018527,0.00018527,,0.00927734,32.0,32.0,
2026-01-30,ibm_kingston,20,314.3507,21.8975,0.00037621,0.00037621,0.00206054,0.00317383,32.0,32.0,68.0
2026-01-30,ibm_kingston,21,337.4247,353.0248,0.00017047,0.00017047,0.00106569,0.00512695,32.0,32.0,68.0
2026-01-30,ibm_kingston,22,201.9468,107.8499,0.00016085,0.00016085,0.00135191,0.02124023,32.0,32.0,68.0
2026-01-30,ibm_kingston,23,285.6214,65.3408,0.00012258,0.00012258,0.00123218,0.00732422,32.0,32.0,68.0
2026-01-30,ibm_kingston,24,323.2331,75.7768,0.0002702,0.0002702,0.00227961,0.01416016,32.0,32.0,68.0
2026-01-30,ibm_kingston,25,174.1403,21.4107,0.00021751,0.00021751,0.0014244,0.00366211,32.0,32.0,68.0
2026-01-30,ibm_kingston,26,251.0028,180.741,0.00020602,0.00020602,0.00142811,0.01293945,32.0,32.0,68.0
2026-01-30,ibm_kingston,27,373.7279,90.7886,0.00012202,0.00012202,0.00112753,0.02099609,32.0,32.0,68.0
2026-01-30,ibm_kingston,28,238.466,334.322,0.00019816,0.00019816,0.00282359,0.01171875,32.0,32.0,68.0
2026-01-30,ibm_kingston,29,192.0957,80.7756,0.00024104,0.00024104,0.0010871,0.00439453,32.0,32.0,80.0
2026-01-30,ibm_kingston,30,331.664,53.5949,0.00021979,0.00021979,0.00347999,0.01586914,32.0,32.0,68.0
2026-01-30,ibm_kingston,31,89.4975,99.9312,0.00015302,0.00015302,0.00197555,0.02172852,32.0,32.0,68.0
2026-01-30,ibm_kingston,32,292.0459,392.9519,0.00020123,0.00020123,0.00233224,0.02124023,32.0,32.0,68.0
2026-01-30,ibm_kingston,33,467.3924,291.4533,0.00010781,0.00010781,0.0024566,0.0168457,32.0,32.0,108.0
2026-01-30,ibm_kingston,34,293.7124,287.3011,0.0001566,0.0001566,0.00153269,0.02197266,32.0,32.0,68.0
2026-01-30,ibm_kingston,35,273.9091,296.3784,0.00015289,0.00015289,,0.01806641,32.0,32.0,
2026-01-30,ibm_kingston,36,390.9439,237.1962,0.00027346,0.00027346,,0.04003906,32.0,32.0,
2026-01-30,ibm_kingston,37,190.2637,29.3311,0.00025452,0.00025452,,0.00878906,32.0,32.0,
2026-01-30,ibm_kingston,38,254.0863,124.1365,0.00023725,0.00023725,,0.00878906,32.0,32.0,
2026-01-30,ibm_kingston,39,153.0231,125.6107,0.00018527,0.00018527,,0.01123047,32.0,32.0,
2026-01-29,ibm_kingston,20,314.3507,21.8975,0.00037621,0.00037621,0.00206054,0.00317383,32.0,32.0,68.0
2026-01-29,ibm_kingston,21,337.4247,353.0248,0.00017047,0.00017047,0.00106569,0.00512695,32.0,32.0,68.0
2026-01-29,ibm_kingston,22,201.9468,107.8499,0.00016085,0.00016085,0.00135191,0.02124023,32.0,32.0,68.0
2026-01-29,ibm_kingston,23,285.6214,65.3408,0.00012258,0.00012258,0.00123218,0.00732422,32.0,32.0,68.0
2026-01-29,ibm_kingston,24,323.2331,75.7768,0.0002702,0.0002702,0.00227961,0.01416016,32.0,32.0,68.0
2026-01-29,ibm_kingston,25,174.1403,21.4107,0.00021751,0.00021751,0.0014244,0.00366211,32.0,32.0,68.0
2026-01-29,ibm_kingston,26,251.0028,180.741,0.00020602,0.00020602,0.00142811,0.01293945,32.0,32.0,68.0
2026-01-29,ibm_kingston,27,373.7279,90.7886,0.00012202,0.00012202,0.00112753,0.02099609,32.0,32.0,68.0
2026-01-29,ibm_kingston,28,238.466,334.322,0.00019816,0.00019816,0.00282359,0.01171875,32.0,32.0,68.0
2026-01-29,ibm_kingston,29,192.0957,80.7756,0.00024104,0.00024104,0.0010871,0.00439453,32.0,32.0,80.0
2026-01-29,ibm_kingston,30,331.664,53.5949,0.00021979,0.00021979,0.00347999,0.01586914,32.0,32.0,68.0
2026-01-29,ibm_kingston,31,89.4975,99.9312,0.00015302,0.00015302,0.00197555,0.02172852,32.0,32.0,68.0
2026-01-29,ibm_kingston,32,292.0459,392.9519,0.00020123,0.00020123,0.00233224,0.02124023,32.0,32.0,68.0
2026-01-29,ibm_kingston,33,467.3924,291.4533,0.00010781,0.00010781,0.0024566,0.0168457,32.0,32.0,108.0
2026-01-29,ibm_kingston,34,293.7124,287.3011,0.0001566,0.0001566,0.00153269,0.02197266,32.0,32.0,68.0
2026-01-29,ibm_kingston,35,273.9091,296.3784,0.00015289,0.00015289,,0.01806641,32.0,32.0,
2026-01-29,ibm_kingston,36,390.9439,237.1962,0.00027346,0.00027346,,0.04003906,32.0,32.0,
2026-01-29,ibm_kingston,37,190.2637,29.3311,0.00025452,0.00025452,,0.00878906,32.0,32.0,
2026-01-29,ibm_kingston,38,254.0863,124.1365,0.00023725,0.00023725,,0.00878906,32.0,32.0,
2026-01-29,ibm_kingston,39,153.0231,125.6107,0.00018527,0.00018527,,0.01123047,32.0,32.0,
2026-01-28,ibm_kingston,20,346.9739,24.1053,0.0003901,0.0003901,0.00229609,0.00415039,32.0,32.0,68.0
2026-01-28,ibm_kingston,21,254.2052,373.6813,0.00011171,0.00011171,0.00116873,0.00244141,32.0,32.0,68.0
2026-01-28,ibm_kingston,22,99.5164,85.9753,0.00018286,0.00018286,0.00118957,0.0090332,32.0,32.0,68.0
2026-01-28,ibm_kingston,23,298.2763,68.127,9.287e-05,9.287e-05,0.00164052,0.01123047,32.0,32.0,68.0
2026-01-28,ibm_kingston,24,264.5046,60.7088,0.00049476,0.00049476,0.00273791,0.00805664,32.0,32.0,68.0
2026-01-28,ibm_kingston,25,289.9867,19.6031,0.00025324,0.00025324,0.00256121,0.00537109,32.0,32.0,68.0
2026-01-28,ibm_kingston,26,217.4929,155.8254,0.00016922,0.00016922,0.00206306,0.01025391,32.0,32.0,68.0
2026-01-28,ibm_kingston,27,246.0342,71.2692,0.00014217,0.00014217,0.00110103,0.00927734,32.0,32.0,68.0
2026-01-28,ibm_kingston,28,113.0673,104.0724,0.00012799,0.00012799,0.0029165,0.01611328,32.0,32.0,68.0
2026-01-28,ibm_kingston,29,121.8427,84.1832,0.0001623,0.0001623,0.00157505,0.01098633,32.0,32.0,80.0
2026-01-28,ibm_kingston,30,221.8135,41.856,0.00032112,0.00032112,0.00419172,0.01782227,32.0,32.0,68.0
2026-01-28,ibm_kingston,31,164.4116,154.7218,0.00022933,0.00022933,0.00220299,0.01879883,32.0,32.0,68.0
2026-01-28,ibm_kingston,32,262.7178,294.8294,0.00013882,0.00013882,0.00281004,0.01611328,32.0,32.0,68.0
2026-01-28,ibm_kingston,33,281.7473,291.4533,0.00011126,0.00011126,0.00159122,0.01049805,32.0,32.0,108.0
2026-01-28,ibm_kingston,34,179.4474,200.2856,0.00024397,0.00024397,0.00238629,0.02001953,32.0,32.0,68.0
2026-01-28,ibm_kingston,35,216.2099,253.6093,0.00022571,0.00022571,,0.01586914,32.0,32.0,
2026-01-28,ibm_kingston,36,158.8778,159.4272,0.00019337,0.00019337,,0.01245117,32.0,32.0,
2026-01-28,ibm_kingston,37,194.3167,26.9119,0.0002558,0.0002558,,0.00878906,32.0,32.0,
2026-01-28,ibm_kingston,38,197.4029,106.3131,0.00019925,0.00019925,,0.00854492,32.0,32.0,
2026-01-28,ibm_kingston,39,120.8256,102.3504,0.00023339,0.00023339,,0.02001953,32.0,32.0,
2026-01-27,ibm_kingston,20,346.9739,24.1053,0.0003901,0.0003901,0.00229609,0.00415039,32.0,32.0,68.0
2026-01-27,ibm_kingston,21,254.2052,373.6813,0.00011171,0.00011171,0.00116873,0.00244141,32.0,32.0,68.0
2026-01-27,ibm_kingston,22,99.5164,85.9753,0.00018286,0.00018286,0.00118957,0.0090332,32.0,32.0,68.0
2026-01-27,ibm_kingston,23,298.2763,68.127,9.287e-05,9.287e-05,0.00164052,0.01123047,32.0,32.0,68.0
2026-01-27,ibm_kingston,24,264.5046,60.7088,0.00049476,0.00049476,0.00273791,0.00805664,32.0,32.0,68.0
2026-01-27,ibm_kingston,25,289.9867,19.6031,0.00025324,0.00025324,0.00256121,0.00537109,32.0,32.0,68.0
2026-01-27,ibm_kingston,26,217.4929,155.8254,0.00016922,0.00016922,0.00206306,0.01025391,32.0,32.0,68.0
2026-01-27,ibm_kingston,27,246.0342,71.2692,0.00014217,0.00014217,0.00110103,0.00927734,32.0,32.0,68.0
2026-01-27,ibm_kingston,28,113.0673,104.0724,0.00012799,0.00012799,0.0029165,0.01611328,32.0,32.0,68.0
2026-01-27,ibm_kingston,29,121.8427,84.1832,0.0001623,0.0001623,0.00157505,0.01098633,32.0,32.0,80.0
2026-01-27,ibm_kingston,30,221.8135,41.856,0.00032112,0.00032112,0.00419172,0.01782227,32.0,32.0,68.0
2026-01-27,ibm_kingston,31,164.4116,154.7218,0.00022933,0.00022933,0.00220299,0.01879883,32.0,32.0,68.0
2026-01-27,ibm_kingston,32,262.7178,294.8294,0.00013882,0.00013882,0.00281004,0.01611328,32.0,32.0,68.0
2026-01-27,ibm_kingston,33,281.7473,291.4533,0.00011126,0.00011126,0.00159122,0.01049805,32.0,32.0,108.0
2026-01-27,ibm_kingston,34,179.4474,200.2856,0.00024397,0.00024397,0.00238629,0.02001953,32.0,32.0,68.0
2026-01-27,ibm_kingston,35,216.2099,253.6093,0.00022571,0.00022571,,0.01586914,32.0,32.0,
2026-01-27,ibm_kingston,36,158.8778,159.4272,0.00019337,0.00019337,,0.01245117,32.0,32.0,
2026-01-27,ibm_kingston,37,194.3167,26.9119,0.0002558,0.0002558,,0.00878906,32.0,32.0,
2026-01-27,ibm_kingston,38,197.4029,106.3131,0.00019925,0.00019925,,0.00854492,32.0,32.0,
2026-01-27,ibm_kingston,39,120.8256,102.3504,0.00023339,0.00023339,,0.02001953,32.0,32.0,
2026-01-26,ibm_kingston,20,220.0616,20.4043,0.00029822,0.00029822,0.00178771,0.00585938,32.0,32.0,68.0
2026-01-26,ibm_kingston,21,161.2801,164.406,0.00012597,0.00012597,0.00082775,0.00683594,32.0,32.0,68.0
2026-01-26,ibm_kingston,22,229.4577,115.0224,0.00029783,0.00029783,0.00106801,0.02319336,32.0,32.0,68.0
2026-01-26,ibm_kingston,23,296.1035,65.8874,0.0001758,0.0001758,0.00162016,0.00561523,32.0,32.0,68.0
2026-01-26,ibm_kingston,24,246.0834,52.0632,0.00022451,0.00022451,0.00264851,0.01123047,32.0,32.0,68.0
2026-01-26,ibm_kingston,25,374.4964,24.0696,0.00023802,0.00023802,0.00220715,0.00463867,32.0,32.0,68.0
2026-01-26,ibm_kingston,26,325.4808,123.1084,0.00020153,0.00020153,0.00164899,0.01123047,32.0,32.0,68.0
2026-01-26,ibm_kingston,27,370.928,56.7435,0.00037875,0.00037875,0.00150113,0.00878906,32.0,32.0,68.0
2026-01-26,ibm_kingston,28,360.922,369.9563,0.00017082,0.00017082,0.00331617,0.0065918,32.0,32.0,68.0
2026-01-26,ibm_kingston,29,210.9061,93.7597,0.0001252,0.0001252,0.00149938,0.00268555,32.0,32.0,80.0
2026-01-26,ibm_kingston,30,253.4182,52.2844,0.00025083,0.00025083,0.00132269,0.0065918,32.0,32.0,68.0
2026-01-26,ibm_kingston,31,199.2878,217.4802,0.00015745,0.00015745,0.00203236,0.02978516,32.0,32.0,68.0
2026-01-26,ibm_kingston,32,336.8609,480.6463,0.00016946,0.00016946,0.00226111,0.01513672,32.0,32.0,68.0
2026-01-26,ibm_kingston,33,277.0682,339.1881,0.00017318,0.00017318,0.00253665,0.01391602,32.0,32.0,108.0
2026-01-26,ibm_kingston,34,253.9145,301.7483,0.00013763,0.00013763,0.00192754,0.02368164,32.0,32.0,68.0
2026-01-26,ibm_kingston,35,234.5511,278.9058,0.00044004,0.00044004,,0.01391602,32.0,32.0,
2026-01-26,ibm_kingston,36,159.793,134.2322,0.00015171,0.00015171,,0.04370117,32.0,32.0,
2026-01-26,ibm_kingston,37,178.3083,26.7316,0.00030729,0.00030729,,0.00439453,32.0,32.0,
2026-01-26,ibm_kingston,38,195.058,101.474,0.00017631,0.00017631,,0.0090332,32.0,32.0,
2026-01-26,ibm_kingston,39,192.3588,113.6758,0.00021419,0.00021419,,0.01489258,32.0,32.0,
2026-01-25,ibm_kingston,20,220.0616,20.4043,0.00029822,0.00029822,0.00178771,0.00585938,32.0,32.0,68.0
2026-01-25,ibm_kingston,21,161.2801,164.406,0.00012597,0.00012597,0.00082775,0.00683594,32.0,32.0,68.0
2026-01-25,ibm_kingston,22,229.4577,115.0224,0.00029783,0.00029783,0.00106801,0.02319336,32.0,32.0,68.0
2026-01-25,ibm_kingston,23,296.1035,65.8874,0.0001758,0.0001758,0.00162016,0.00561523,32.0,32.0,68.0
2026-01-25,ibm_kingston,24,246.0834,52.0632,0.00022451,0.00022451,0.00264851,0.01123047,32.0,32.0,68.0
2026-01-25,ibm_kingston,25,374.4964,24.0696,0.00023802,0.00023802,0.00220715,0.00463867,32.0,32.0,68.0
2026-01-25,ibm_kingston,26,325.4808,123.1084,0.00020153,0.00020153,0.00164899,0.01123047,32.0,32.0,68.0
2026-01-25,ibm_kingston,27,370.928,56.7435,0.00037875,0.00037875,0.00150113,0.00878906,32.0,32.0,68.0
2026-01-25,ibm_kingston,28,360.922,369.9563,0.00017082,0.00017082,0.00331617,0.0065918,32.0,32.0,68.0
2026-01-25,ibm_kingston,29,210.9061,93.7597,0.0001252,0.0001252,0.00149938,0.00268555,32.0,32.0,80.0
2026-01-25,ibm_kingston,30,253.4182,52.2844,0.00025083,0.00025083,0.00132269,0.0065918,32.0,32.0,68.0
2026-01-25,ibm_kingston,31,199.2878,217.4802,0.00015745,0.00015745,0.00203236,0.02978516,32.0,32.0,68.0
2026-01-25,ibm_kingston,32,336.8609,480.6463,0.00016946,0.00016946,0.00226111,0.01513672,32.0,32.0,68.0
2026-01-25,ibm_kingston,33,277.0682,339.1881,0.00017318,0.00017318,0.00253665,0.01391602,32.0,32.0,108.0
2026-01-25,ibm_kingston,34,253.9145,301.7483,0.00013763,0.00013763,0.00192754,0.02368164,32.0,32.0,68.0
2026-01-25,ibm_kingston,35,234.5511,278.9058,0.00044004,0.00044004,,0.01391602,32.0,32.0,
2026-01-25,ibm_kingston,36,159.793,134.2322,0.00015171,0.00015171,,0.04370117,32.0,32.0,
2026-01-25,ibm_kingston,37,178.3083,26.7316,0.00030729,0.00030729,,0.00439453,32.0,32.0,
2026-01-25,ibm_kingston,38,195.058,101.474,0.00017631,0.00017631,,0.0090332,32.0,32.0,
2026-01-25,ibm_kingston,39,192.3588,113.6758,0.00021419,0.00021419,,0.01489258,32.0,32.0,
2026-01-24,ibm_kingston,20,220.0616,20.4043,0.00022677,0.00022677,0.0022586,0.00585938,32.0,32.0,68.0
2026-01-24,ibm_kingston,21,161.2801,164.406,0.00011744,0.00011744,0.00165348,0.00683594,32.0,32.0,68.0
2026-01-24,ibm_kingston,22,229.4577,115.0224,0.0002142,0.0002142,0.00129202,0.02319336,32.0,32.0,68.0
2026-01-24,ibm_kingston,23,296.1035,65.8874,9.199e-05,9.199e-05,0.00173822,0.00561523,32.0,32.0,68.0
2026-01-24,ibm_kingston,24,246.0834,52.0632,0.00033885,0.00033885,0.00266238,0.01123047,32.0,32.0,68.0
2026-01-24,ibm_kingston,25,374.4964,24.0696,0.00032177,0.00032177,0.00285091,0.00463867,32.0,32.0,68.0
2026-01-24,ibm_kingston,26,325.4808,123.1084,0.00062115,0.00062115,0.00268407,0.01123047,32.0,32.0,68.0
2026-01-24,ibm_kingston,27,370.928,56.7435,0.00022237,0.00022237,0.00129746,0.00878906,32.0,32.0,68.0
2026-01-24,ibm_kingston,28,360.922,369.9563,0.00017347,0.00017347,0.00371608,0.0065918,32.0,32.0,68.0
2026-01-24,ibm_kingston,29,210.9061,93.7597,0.00014408,0.00014408,0.00236402,0.00268555,32.0,32.0,80.0
2026-01-24,ibm_kingston,30,253.4182,52.2844,0.00034876,0.00034876,0.00136035,0.0065918,32.0,32.0,68.0
2026-01-24,ibm_kingston,31,199.2878,217.4802,0.00018825,0.00018825,0.00154639,0.02978516,32.0,32.0,68.0
2026-01-24,ibm_kingston,32,336.8609,480.6463,0.00016813,0.00016813,0.00270756,0.01513672,32.0,32.0,68.0
2026-01-24,ibm_kingston,33,277.0682,339.1881,0.00012416,0.00012416,0.00248238,0.01391602,32.0,32.0,108.0
2026-01-24,ibm_kingston,34,253.9145,301.7483,0.00018672,0.00018672,0.00235103,0.02368164,32.0,32.0,68.0
2026-01-24,ibm_kingston,35,234.5511,278.9058,9.919e-05,9.919e-05,,0.01391602,32.0,32.0,
2026-01-24,ibm_kingston,36,159.793,134.2322,0.00015171,0.00015171,,0.04370117,32.0,32.0,
2026-01-24,ibm_kingston,37,178.3083,26.7316,0.0003831,0.0003831,,0.00439453,32.0,32.0,
2026-01-24,ibm_kingston,38,195.058,101.474,0.00017741,0.00017741,,0.0090332,32.0,32.0,
2026-01-24,ibm_kingston,39,192.3588,113.6758,0.0001695,0.0001695,,0.01489258,32.0,32.0,
2026-01-23,ibm_kingston,20,239.4107,21.6029,0.00022677,0.00022677,0.0022586,0.00561523,32.0,32.0,68.0
2026-01-23,ibm_kingston,21,286.6738,403.0583,0.00011744,0.00011744,0.00165348,0.00708008,32.0,32.0,68.0
2026-01-23,ibm_kingston,22,139.2657,77.986,0.0002142,0.0002142,0.00129202,0.02490234,32.0,32.0,68.0
2026-01-23,ibm_kingston,23,352.03,73.0644,9.199e-05,9.199e-05,0.00173822,0.00708008,32.0,32.0,68.0
2026-01-23,ibm_kingston,24,283.8693,56.099,0.00033885,0.00033885,0.00266238,0.01318359,32.0,32.0,68.0
2026-01-23,ibm_kingston,25,212.0904,19.6941,0.00032177,0.00032177,0.00285091,0.00512695,32.0,32.0,68.0
2026-01-23,ibm_kingston,26,196.3904,105.8002,0.00062115,0.00062115,0.00268407,0.01367188,32.0,32.0,68.0
2026-01-23,ibm_kingston,27,270.9052,52.6336,0.00022237,0.00022237,0.00129746,0.00610352,32.0,32.0,68.0
2026-01-23,ibm_kingston,28,322.0315,329.4683,0.00017347,0.00017347,0.00371608,0.01049805,32.0,32.0,68.0
2026-01-23,ibm_kingston,29,184.0149,97.7625,0.00014408,0.00014408,0.00236402,0.0065918,32.0,32.0,80.0
2026-01-23,ibm_kingston,30,223.61,42.847,0.00034876,0.00034876,0.00136035,0.01391602,32.0,32.0,68.0
2026-01-23,ibm_kingston,31,99.3812,113.3237,0.00018825,0.00018825,0.00154639,0.02246094,32.0,32.0,68.0
2026-01-23,ibm_kingston,32,351.3382,440.6621,0.00016813,0.00016813,0.00270756,0.01928711,32.0,32.0,68.0
2026-01-23,ibm_kingston,33,194.0581,328.3798,0.00012416,0.00012416,0.00248238,0.00976562,32.0,32.0,108.0
2026-01-23,ibm_kingston,34,230.4678,253.2999,0.00018672,0.00018672,0.00235103,0.02246094,32.0,32.0,68.0
2026-01-23,ibm_kingston,35,257.7912,293.2695,9.919e-05,9.919e-05,,0.02172852,32.0,32.0,
2026-01-23,ibm_kingston,36,203.4618,173.0975,0.00015171,0.00015171,,0.03515625,32.0,32.0,
2026-01-23,ibm_kingston,37,146.8839,22.9746,0.0003831,0.0003831,,0.00830078,32.0,32.0,
2026-01-23,ibm_kingston,38,143.2812,91.6105,0.00017741,0.00017741,,0.01000977,32.0,32.0,
2026-01-23,ibm_kingston,39,147.0496,103.7752,0.0001695,0.0001695,,0.01342773,32.0,32.0,
2026-01-22,ibm_kingston,20,260.4096,23.0845,8.806e-05,8.806e-05,0.00220568,0.00585938,32.0,32.0,68.0
2026-01-22,ibm_kingston,21,317.9709,328.1934,0.00020135,0.00020135,0.00128669,0.00634766,32.0,32.0,68.0
2026-01-22,ibm_kingston,22,239.3966,96.6137,0.00022473,0.00022473,0.00139137,0.03466797,32.0,32.0,68.0
2026-01-22,ibm_kingston,23,240.8021,64.04,0.00013626,0.00013626,0.00167004,0.0057373,32.0,32.0,68.0
2026-01-22,ibm_kingston,24,320.9179,57.9725,0.00042009,0.00042009,0.00301186,0.0135498,32.0,32.0,68.0
2026-01-22,ibm_kingston,25,328.8902,25.5431,0.00021733,0.00021733,0.00262788,0.00439453,32.0,32.0,68.0
2026-01-22,ibm_kingston,26,220.6294,122.9821,0.00021154,0.00021154,0.00157748,0.01611328,32.0,32.0,68.0
2026-01-22,ibm_kingston,27,314.4546,55.1002,0.0001698,0.0001698,0.00133811,0.02062988,32.0,32.0,68.0
2026-01-22,ibm_kingston,28,263.4959,49.5666,0.00017484,0.00017484,0.00355192,0.00976562,32.0,32.0,68.0
2026-01-22,ibm_kingston,29,162.1652,70.1528,0.00010052,0.00010052,0.00125462,0.00842285,32.0,32.0,80.0
2026-01-22,ibm_kingston,30,222.6457,50.1661,0.00028364,0.00028364,0.00110883,0.00720215,32.0,32.0,68.0
2026-01-22,ibm_kingston,31,197.7983,222.7379,0.00017243,0.00017243,0.0018035,0.02270508,32.0,32.0,68.0
2026-01-22,ibm_kingston,32,371.9298,425.9079,0.0002022,0.0002022,0.00274224,0.01855469,32.0,32.0,68.0
2026-01-22,ibm_kingston,33,443.421,530.4922,0.00039952,0.00039952,0.00274688,0.01672363,32.0,32.0,108.0
2026-01-22,ibm_kingston,34,316.1102,292.6173,0.00022606,0.00022606,0.00312765,0.02490234,32.0,32.0,68.0
2026-01-22,ibm_kingston,35,279.755,253.4176,0.00033225,0.00033225,,0.02990723,32.0,32.0,
2026-01-22,ibm_kingston,36,99.4725,119.4149,0.00762136,0.00762136,,0.0546875,32.0,32.0,
2026-01-22,ibm_kingston,37,158.0421,26.3208,0.00044275,0.00044275,,0.00683594,32.0,32.0,
2026-01-22,ibm_kingston,38,274.4337,120.4102,0.00022287,0.00022287,,0.0090332,32.0,32.0,
2026-01-22,ibm_kingston,39,123.1571,71.8483,0.00017544,0.00017544,,0.01525879,32.0,32.0,
2026-01-21,ibm_kingston,20,203.3337,21.0903,0.00027144,0.00027144,0.00317613,0.00585938,32.0,32.0,68.0
2026-01-21,ibm_kingston,21,375.6094,442.6268,0.0001747,0.0001747,0.00101474,0.01245117,32.0,32.0,68.0
2026-01-21,ibm_kingston,22,327.967,208.2187,0.00025452,0.00025452,0.00137176,0.02148438,32.0,32.0,68.0
2026-01-21,ibm_kingston,23,291.5311,60.9425,0.00016225,0.00016225,0.00195625,0.00622559,32.0,32.0,68.0
2026-01-21,ibm_kingston,24,96.6985,32.8888,0.00035576,0.00035576,0.00267478,0.01818848,32.0,32.0,68.0
2026-01-21,ibm_kingston,25,326.9111,17.0225,0.00024709,0.00024709,0.00217971,0.00720215,32.0,32.0,68.0
2026-01-21,ibm_kingston,26,252.5939,106.0432,0.00023845,0.00023845,0.00177181,0.01428223,32.0,32.0,68.0
2026-01-21,ibm_kingston,27,339.8912,50.673,0.00023263,0.00023263,0.0012136,0.00756836,32.0,32.0,68.0
2026-01-21,ibm_kingston,28,263.4959,245.8151,0.00025431,0.00025431,0.00359097,0.00952148,32.0,32.0,68.0
2026-01-21,ibm_kingston,29,172.7809,109.5139,0.00020364,0.00020364,0.00132233,0.00549316,32.0,32.0,80.0
2026-01-21,ibm_kingston,30,210.0167,42.6114,0.00014686,0.00014686,0.00140766,0.00793457,32.0,32.0,68.0
2026-01-21,ibm_kingston,31,217.9283,278.1236,0.00017906,0.00017906,0.00195184,0.02099609,32.0,32.0,68.0
2026-01-21,ibm_kingston,32,199.3075,158.7389,0.00012298,0.00012298,0.0030071,0.01940918,32.0,32.0,68.0
2026-01-21,ibm_kingston,33,296.5575,438.6119,9.374e-05,9.374e-05,0.00287096,0.00976562,32.0,32.0,108.0
2026-01-21,ibm_kingston,34,291.3107,305.2975,0.0002159,0.0002159,0.00126119,0.0234375,32.0,32.0,68.0
2026-01-21,ibm_kingston,35,220.8124,255.5347,0.00010826,0.00010826,,0.02453613,32.0,32.0,
2026-01-21,ibm_kingston,36,205.573,45.451,0.00031291,0.00031291,,0.04602051,32.0,32.0,
2026-01-21,ibm_kingston,37,113.3498,24.5034,0.0002289,0.0002289,,0.00744629,32.0,32.0,
2026-01-21,ibm_kingston,38,162.8522,102.192,0.00020458,0.00020458,,0.01000977,32.0,32.0,
2026-01-21,ibm_kingston,39,135.174,109.247,0.00019743,0.00019743,,0.01611328,32.0,32.0,
2026-01-20,ibm_kingston,20,203.3337,21.0903,0.00027144,0.00027144,0.00317613,0.00598145,32.0,32.0,68.0
2026-01-20,ibm_kingston,21,375.6094,442.6268,0.0001747,0.0001747,0.00101474,0.01538086,32.0,32.0,68.0
2026-01-20,ibm_kingston,22,327.967,208.2187,0.00025452,0.00025452,0.00137176,0.02282715,32.0,32.0,68.0
2026-01-20,ibm_kingston,23,291.5311,60.9425,0.00016225,0.00016225,0.00195625,0.00537109,32.0,32.0,68.0
2026-01-20,ibm_kingston,24,96.6985,32.8888,0.00035576,0.00035576,0.00267478,0.01489258,32.0,32.0,68.0
2026-01-20,ibm_kingston,25,326.9111,17.0225,0.00024709,0.00024709,0.00217971,0.00354004,32.0,32.0,68.0
2026-01-20,ibm_kingston,26,252.5939,106.0432,0.00023845,0.00023845,0.00177181,0.01330566,32.0,32.0,68.0
2026-01-20,ibm_kingston,27,339.8912,50.673,0.00023263,0.00023263,0.0012136,0.00952148,32.0,32.0,68.0
2026-01-20,ibm_kingston,28,263.4959,245.8151,0.00025431,0.00025431,0.00359097,0.01062012,32.0,32.0,68.0
2026-01-20,ibm_kingston,29,172.7809,109.5139,0.00020364,0.00020364,0.00132233,0.0057373,32.0,32.0,80.0
2026-01-20,ibm_kingston,30,210.0167,42.6114,0.00014686,0.00014686,0.00140766,0.00756836,32.0,32.0,68.0
2026-01-20,ibm_kingston,31,217.9283,278.1236,0.00017906,0.00017906,0.00195184,0.02502441,32.0,32.0,68.0
2026-01-20,ibm_kingston,32,199.3075,158.7389,0.00012298,0.00012298,0.0030071,0.01550293,32.0,32.0,68.0
2026-01-20,ibm_kingston,33,296.5575,438.6119,9.374e-05,9.374e-05,0.00287096,0.01403809,32.0,32.0,108.0
2026-01-20,ibm_kingston,34,291.3107,305.2975,0.0002159,0.0002159,0.00126119,0.02270508,32.0,32.0,68.0
2026-01-20,ibm_kingston,35,220.8124,255.5347,0.00010826,0.00010826,,0.01757812,32.0,32.0,
2026-01-20,ibm_kingston,36,205.573,45.451,0.00031291,0.00031291,,0.04174805,32.0,32.0,
2026-01-20,ibm_kingston,37,113.3498,24.5034,0.0002289,0.0002289,,0.0045166,32.0,32.0,
2026-01-20,ibm_kingston,38,162.8522,102.192,0.00020458,0.00020458,,0.00952148,32.0,32.0,
2026-01-20,ibm_kingston,39,135.174,109.247,0.00019743,0.00019743,,0.01062012,32.0,32.0,
2026-01-19,ibm_kingston,20,343.3504,22.3016,0.00027144,0.00027144,0.00156719,0.00488281,32.0,32.0,68.0
2026-01-19,ibm_kingston,21,444.6454,442.7189,0.00016887,0.00016887,0.00091359,0.00463867,32.0,32.0,68.0
2026-01-19,ibm_kingston,22,295.78,126.1779,0.00026754,0.00026754,0.00139464,0.02148438,32.0,32.0,68.0
2026-01-19,ibm_kingston,23,244.76,72.8478,0.00016225,0.00016225,0.00157363,0.00317383,32.0,32.0,68.0
2026-01-19,ibm_kingston,24,182.7524,34.4182,0.00038905,0.00038905,0.00273156,0.01538086,32.0,32.0,68.0
2026-01-19,ibm_kingston,25,368.3689,18.9708,0.00031003,0.00031003,0.00195541,0.00537109,32.0,32.0,68.0
2026-01-19,ibm_kingston,26,215.7857,84.5099,0.00020524,0.00020524,0.00149374,0.01977539,32.0,32.0,68.0
2026-01-19,ibm_kingston,27,406.2821,40.5399,0.00023882,0.00023882,0.00126628,0.00927734,32.0,32.0,68.0
2026-01-19,ibm_kingston,28,311.5836,402.0941,0.00016962,0.00016962,0.00439228,0.00537109,32.0,32.0,68.0
2026-01-19,ibm_kingston,29,162.255,82.9742,0.00018167,0.00018167,0.00190504,0.0065918,32.0,32.0,80.0
2026-01-19,ibm_kingston,30,111.1075,32.0162,0.00043556,0.00043556,0.00246131,0.0065918,32.0,32.0,68.0
2026-01-19,ibm_kingston,31,115.6261,130.8033,0.00019968,0.00019968,0.00288742,0.01489258,32.0,32.0,68.0
2026-01-19,ibm_kingston,32,304.7998,367.5887,0.00048521,0.00048521,0.00497474,0.04125977,32.0,32.0,68.0
2026-01-19,ibm_kingston,33,378.2814,493.7847,0.00011124,0.00011124,0.00179167,0.01123047,32.0,32.0,108.0
2026-01-19,ibm_kingston,34,326.6872,237.7275,0.00017086,0.00017086,0.00150247,0.02050781,32.0,32.0,68.0
2026-01-19,ibm_kingston,35,226.3255,236.3011,0.00011141,0.00011141,,0.01708984,32.0,32.0,
2026-01-19,ibm_kingston,36,205.573,145.5992,0.00030394,0.00030394,,0.03515625,32.0,32.0,
2026-01-19,ibm_kingston,37,151.8958,21.4543,0.00033648,0.00033648,,0.00415039,32.0,32.0,
2026-01-19,ibm_kingston,38,291.6172,128.5305,0.00019153,0.00019153,,0.00976562,32.0,32.0,
2026-01-19,ibm_kingston,39,191.6086,124.9294,0.000227,0.000227,,0.01269531,32.0,32.0,
2026-01-18,ibm_kingston,20,47.8839,16.7062,0.00022626,0.00022626,0.00203928,0.01147461,32.0,32.0,68.0
2026-01-18,ibm_kingston,21,294.9992,49.6928,0.0002034,0.0002034,0.00109928,0.0057373,32.0,32.0,68.0
2026-01-18,ibm_kingston,22,159.2329,81.0459,0.0002196,0.0002196,0.00132325,0.03161621,32.0,32.0,68.0
2026-01-18,ibm_kingston,23,229.1453,56.7361,9.023e-05,9.023e-05,0.00201484,0.00537109,32.0,32.0,68.0
2026-01-18,ibm_kingston,24,346.9091,46.2338,0.00053661,0.00053661,0.0028889,0.01525879,32.0,32.0,68.0
2026-01-18,ibm_kingston,25,315.488,18.7135,0.00029581,0.00029581,0.00193594,0.0065918,32.0,32.0,68.0
2026-01-18,ibm_kingston,26,265.5534,104.5263,0.00021349,0.00021349,0.00194111,0.01965332,32.0,32.0,68.0
2026-01-18,ibm_kingston,27,294.4236,42.9439,0.00030953,0.00030953,0.00168229,0.01428223,32.0,32.0,68.0
2026-01-18,ibm_kingston,28,257.8267,263.9438,0.00019034,0.00019034,0.00398572,0.01257324,32.0,32.0,68.0
2026-01-18,ibm_kingston,29,185.6269,70.9015,0.00014073,0.00014073,0.00192527,0.00915527,32.0,32.0,80.0
2026-01-18,ibm_kingston,30,226.9108,40.015,0.00020629,0.00020629,0.00195566,0.0090332,32.0,32.0,68.0
2026-01-18,ibm_kingston,31,248.4125,258.0336,0.00021179,0.00021179,0.00219377,0.02258301,32.0,32.0,68.0
2026-01-18,ibm_kingston,32,368.2486,528.6824,0.00017042,0.00017042,0.00269324,0.02099609,32.0,32.0,68.0
2026-01-18,ibm_kingston,33,214.357,306.3035,0.00014944,0.00014944,0.00242139,0.01367188,32.0,32.0,108.0
2026-01-18,ibm_kingston,34,262.6588,223.9786,0.00021528,0.00021528,0.0013058,0.02648926,32.0,32.0,68.0
2026-01-18,ibm_kingston,35,259.7087,265.9228,0.00012286,0.00012286,,0.02502441,32.0,32.0,
2026-01-18,ibm_kingston,36,288.537,192.8856,0.00018345,0.00018345,,0.0456543,32.0,32.0,
2026-01-18,ibm_kingston,37,189.2949,27.5021,0.00036077,0.00036077,,0.00732422,32.0,32.0,
2026-01-18,ibm_kingston,38,322.7959,122.8154,0.00021681,0.00021681,,0.00769043,32.0,32.0,
2026-01-18,ibm_kingston,39,196.1605,126.4914,0.00021168,0.00021168,,0.01220703,32.0,32.0,
2026-01-17,ibm_kingston,20,299.4927,21.1942,0.00038739,0.00038739,0.0019459,0.00561523,32.0,32.0,68.0
2026-01-17,ibm_kingston,21,294.9992,293.0969,0.00017307,0.00017307,0.00120458,0.00463867,32.0,32.0,68.0
2026-01-17,ibm_kingston,22,258.9767,91.9085,0.00038826,0.00038826,0.00178262,0.02734375,32.0,32.0,68.0
2026-01-17,ibm_kingston,23,329.4643,56.9962,0.00018687,0.00018687,0.002328,0.0057373,32.0,32.0,68.0
2026-01-17,ibm_kingston,24,236.4396,27.1244,0.00033614,0.00033614,0.00348776,0.01672363,32.0,32.0,68.0
2026-01-17,ibm_kingston,25,323.0404,13.8766,0.00037804,0.00037804,0.00240935,0.00549316,32.0,32.0,68.0
2026-01-17,ibm_kingston,26,255.1802,67.9335,0.0002388,0.0002388,0.00218465,0.01379395,32.0,32.0,68.0
2026-01-17,ibm_kingston,27,390.9249,33.1226,0.00030735,0.00030735,0.00200123,0.01367188,32.0,32.0,68.0
2026-01-17,ibm_kingston,28,315.0313,263.9977,0.00015274,0.00015274,0.00271663,0.00952148,32.0,32.0,68.0
2026-01-17,ibm_kingston,29,124.5276,70.6346,0.00017538,0.00017538,0.00138549,0.00476074,32.0,32.0,80.0
2026-01-17,ibm_kingston,30,243.2385,42.4862,0.00026094,0.00026094,0.00160964,0.00610352,32.0,32.0,68.0
2026-01-17,ibm_kingston,31,185.7523,209.8205,0.0002031,0.0002031,0.00229208,0.03601074,32.0,32.0,68.0
2026-01-17,ibm_kingston,32,127.7202,186.1282,0.00018045,0.00018045,0.00299642,0.01831055,32.0,32.0,68.0
2026-01-17,ibm_kingston,33,346.4889,374.6144,0.00012947,0.00012947,0.00177745,0.01037598,32.0,32.0,108.0
2026-01-17,ibm_kingston,34,358.6924,273.0885,0.00017247,0.00017247,0.00118631,0.02478027,32.0,32.0,68.0
2026-01-17,ibm_kingston,35,285.7905,344.8894,0.00012683,0.00012683,,0.01818848,32.0,32.0,
2026-01-17,ibm_kingston,36,289.003,167.9686,0.00017883,0.00017883,,0.04333496,32.0,32.0,
2026-01-17,ibm_kingston,37,216.6206,23.9292,0.00034191,0.00034191,,0.0057373,32.0,32.0,
2026-01-17,ibm_kingston,38,253.7898,109.4659,0.00018281,0.00018281,,0.00964355,32.0,32.0,
2026-01-17,ibm_kingston,39,148.6059,117.9472,0.00023818,0.00023818,,0.01086426,32.0,32.0,
2026-01-16,ibm_kingston,20,307.8788,19.0802,0.00081362,0.00081362,0.00316806,0.01000977,32.0,32.0,68.0
2026-01-16,ibm_kingston,21,193.664,237.8726,0.00122856,0.00122856,0.00245313,0.00622559,32.0,32.0,68.0
2026-01-16,ibm_kingston,22,263.3727,116.9344,0.00025203,0.00025203,0.00229456,0.06518555,32.0,32.0,68.0
2026-01-16,ibm_kingston,23,320.2597,51.5529,0.00251148,0.00251148,0.0042627,0.00561523,32.0,32.0,68.0
2026-01-16,ibm_kingston,24,325.636,23.0874,0.0012059,0.0012059,0.0065428,0.01281738,32.0,32.0,68.0
2026-01-16,ibm_kingston,25,336.8522,12.5879,0.00125345,0.00125345,0.00597764,0.00598145,32.0,32.0,68.0
2026-01-16,ibm_kingston,26,300.3149,49.9471,0.00055644,0.00055644,0.00477778,0.01391602,32.0,32.0,68.0
2026-01-16,ibm_kingston,27,302.8751,20.3917,0.00146755,0.00146755,0.00328557,0.01025391,32.0,32.0,68.0
2026-01-16,ibm_kingston,28,298.0484,285.2088,0.0007718,0.0007718,0.00737962,0.01049805,32.0,32.0,68.0
2026-01-16,ibm_kingston,29,227.2202,81.6086,0.00103552,0.00103552,0.00189739,0.01660156,32.0,32.0,80.0
2026-01-16,ibm_kingston,30,249.5335,40.0573,0.00036405,0.00036405,0.00222146,0.00622559,32.0,32.0,68.0
2026-01-16,ibm_kingston,31,201.6897,6.8581,0.00092594,0.00092594,0.00346631,0.12255859,32.0,32.0,68.0
2026-01-16,ibm_kingston,32,251.5263,275.5962,0.00087853,0.00087853,0.00340769,0.01123047,32.0,32.0,68.0
2026-01-16,ibm_kingston,33,287.968,297.5044,0.00034726,0.00034726,0.00243116,0.00756836,32.0,32.0,108.0
2026-01-16,ibm_kingston,34,321.537,246.9946,0.00090576,0.00090576,0.00275944,0.01708984,32.0,32.0,68.0
2026-01-16,ibm_kingston,35,124.1835,157.514,0.00103299,0.00103299,,0.01953125,32.0,32.0,
2026-01-16,ibm_kingston,36,167.9228,108.6937,0.00053472,0.00053472,,0.03503418,32.0,32.0,
2026-01-16,ibm_kingston,37,207.0172,20.0071,0.00042424,0.00042424,,0.00561523,32.0,32.0,
2026-01-16,ibm_kingston,38,294.3802,103.4896,0.00052984,0.00052984,,0.0090332,32.0,32.0,
2026-01-16,ibm_kingston,39,221.5558,115.6072,0.00077188,0.00077188,,0.00939941,32.0,32.0,
2026-01-15,ibm_kingston,20,289.5202,19.0618,0.00081362,0.00081362,0.00384035,0.00854492,32.0,32.0,68.0
2026-01-15,ibm_kingston,21,193.664,74.193,0.00060485,0.00060485,0.00253904,0.01049805,32.0,32.0,68.0
2026-01-15,ibm_kingston,22,171.8283,83.5746,0.00027442,0.00027442,0.00303442,0.02893066,32.0,32.0,68.0
2026-01-15,ibm_kingston,23,288.8094,47.7322,0.00251148,0.00251148,0.00425877,0.01220703,32.0,32.0,68.0
2026-01-15,ibm_kingston,24,280.0559,22.9729,0.00077059,0.00077059,0.0065224,0.01977539,32.0,32.0,68.0
2026-01-15,ibm_kingston,25,237.2399,14.3489,0.00189039,0.00189039,0.0052653,0.02026367,32.0,32.0,68.0
2026-01-15,ibm_kingston,26,235.054,46.8549,0.00056041,0.00056041,0.00530151,0.01147461,32.0,32.0,68.0
2026-01-15,ibm_kingston,27,381.1129,24.8408,0.00076992,0.00076992,0.00391738,0.01928711,32.0,32.0,68.0
2026-01-15,ibm_kingston,28,203.0142,197.1881,0.00057667,0.00057667,0.00826942,0.00952148,32.0,32.0,68.0
2026-01-15,ibm_kingston,29,189.4024,70.1921,0.00103552,0.00103552,0.00299217,0.01293945,32.0,32.0,80.0
2026-01-15,ibm_kingston,30,234.0604,39.7488,0.00045571,0.00045571,0.00176956,0.00708008,32.0,32.0,68.0
2026-01-15,ibm_kingston,31,201.6897,162.6153,0.00092594,0.00092594,0.0033557,0.10266113,32.0,32.0,68.0
2026-01-15,ibm_kingston,32,354.8329,390.4355,0.00037211,0.00037211,0.00283482,0.00878906,32.0,32.0,68.0
2026-01-15,ibm_kingston,33,528.6483,491.8726,0.00036734,0.00036734,0.00298008,0.00964355,32.0,32.0,108.0
2026-01-15,ibm_kingston,34,222.0925,158.6822,0.0003721,0.0003721,0.0038109,0.01477051,32.0,32.0,68.0
2026-01-15,ibm_kingston,35,278.7615,287.2557,0.00056032,0.00056032,,0.0189209,32.0,32.0,
2026-01-15,ibm_kingston,36,232.5314,122.433,0.00074222,0.00074222,,0.05297852,32.0,32.0,
2026-01-15,ibm_kingston,37,168.1798,17.2693,0.00071079,0.00071079,,0.00585938,32.0,32.0,
2026-01-15,ibm_kingston,38,222.8651,93.0808,0.00036995,0.00036995,,0.01074219,32.0,32.0,
2026-01-15,ibm_kingston,39,203.961,116.7797,0.00093619,0.00093619,,0.01086426,32.0,32.0,
2026-01-14,ibm_kingston,20,217.1117,22.2272,0.00044543,0.00044543,0.00453566,0.00549316,32.0,32.0,68.0
2026-01-14,ibm_kingston,21,353.5234,217.0591,0.00060485,0.00060485,0.00199311,0.01013184,32.0,32.0,68.0
2026-01-14,ibm_kingston,22,209.0495,66.0961,0.00044775,0.00044775,0.00330291,0.03210449,32.0,32.0,68.0
2026-01-14,ibm_kingston,23,179.9383,44.6902,0.00251148,0.00251148,0.004664,0.01367188,32.0,32.0,68.0
2026-01-14,ibm_kingston,24,318.7309,20.2502,0.00124191,0.00124191,0.00625324,0.01928711,32.0,32.0,68.0
2026-01-14,ibm_kingston,25,272.0417,12.2412,0.00189039,0.00189039,0.00574608,0.0123291,32.0,32.0,68.0
2026-01-14,ibm_kingston,26,214.6999,44.2956,0.00071987,0.00071987,0.00426029,0.01416016,32.0,32.0,68.0
2026-01-14,ibm_kingston,27,457.5031,21.3414,0.000706,0.000706,0.00362916,0.02978516,32.0,32.0,68.0
2026-01-14,ibm_kingston,28,263.6021,245.397,0.00057667,0.00057667,0.00538969,0.01428223,32.0,32.0,68.0
2026-01-14,ibm_kingston,29,185.5157,72.8727,0.00103552,0.00103552,0.00197828,0.00854492,32.0,32.0,80.0
2026-01-14,ibm_kingston,30,240.6558,41.6365,0.00036739,0.00036739,0.00210966,0.00646973,32.0,32.0,68.0
2026-01-14,ibm_kingston,31,184.6398,176.0021,0.00046022,0.00046022,0.00321233,0.0177002,32.0,32.0,68.0
2026-01-14,ibm_kingston,32,359.3162,329.4202,0.0017671,0.0017671,0.00331632,0.01123047,32.0,32.0,68.0
2026-01-14,ibm_kingston,33,304.0585,323.7248,0.00030327,0.00030327,0.00266264,0.00878906,32.0,32.0,108.0
2026-01-14,ibm_kingston,34,258.2311,225.5513,0.00052694,0.00052694,0.0034606,0.01428223,32.0,32.0,68.0
2026-01-14,ibm_kingston,35,298.8859,338.3827,0.00100714,0.00100714,,0.02893066,32.0,32.0,
2026-01-14,ibm_kingston,36,148.7895,101.3712,0.00075605,0.00075605,,0.06188965,32.0,32.0,
2026-01-14,ibm_kingston,37,165.4778,19.6666,0.00049751,0.00049751,,0.00732422,32.0,32.0,
2026-01-14,ibm_kingston,38,234.6873,96.2676,0.00048214,0.00048214,,0.00805664,32.0,32.0,
2026-01-14,ibm_kingston,39,132.7994,90.6077,0.00093619,0.00093619,,0.00744629,32.0,32.0,
2026-01-13,ibm_kingston,20,383.6446,20.2353,0.0007047,0.0007047,0.00343497,0.00634766,32.0,32.0,68.0
2026-01-13,ibm_kingston,21,341.7073,199.4034,0.00195669,0.00195669,0.00354698,0.01135254,32.0,32.0,68.0
2026-01-13,ibm_kingston,22,209.0495,89.712,0.000463,0.000463,0.00302623,0.03112793,32.0,32.0,68.0
2026-01-13,ibm_kingston,23,221.8024,62.6419,0.00134428,0.00134428,0.00444759,0.0123291,32.0,32.0,68.0
2026-01-13,ibm_kingston,24,262.3779,23.1196,0.00094172,0.00094172,0.00671513,0.01806641,32.0,32.0,68.0
2026-01-13,ibm_kingston,25,318.0773,14.7303,0.00206806,0.00206806,0.00547249,0.01135254,32.0,32.0,68.0
2026-01-13,ibm_kingston,26,298.7461,56.5221,0.00042787,0.00042787,0.00530585,0.01318359,32.0,32.0,68.0
2026-01-13,ibm_kingston,27,341.8889,20.1605,0.000706,0.000706,0.00402251,0.01818848,32.0,32.0,68.0
2026-01-13,ibm_kingston,28,352.4435,314.3181,0.00098129,0.00098129,0.00515101,0.00927734,32.0,32.0,68.0
2026-01-13,ibm_kingston,29,192.6005,79.9491,0.00112036,0.00112036,0.00257667,0.00939941,32.0,32.0,80.0
2026-01-13,ibm_kingston,30,258.745,36.6641,0.00049961,0.00049961,0.00187721,0.00793457,32.0,32.0,68.0
2026-01-13,ibm_kingston,31,187.4667,196.9935,0.0010505,0.0010505,0.00270947,0.0177002,32.0,32.0,68.0
2026-01-13,ibm_kingston,32,363.1852,451.2826,0.0017671,0.0017671,0.0028229,0.0090332,32.0,32.0,68.0
2026-01-13,ibm_kingston,33,388.9473,346.6319,0.00015496,0.00015496,0.00221873,0.00854492,32.0,32.0,108.0
2026-01-13,ibm_kingston,34,399.8308,238.2709,0.00030833,0.00030833,0.00256525,0.01293945,32.0,32.0,68.0
2026-01-13,ibm_kingston,35,359.5671,323.8582,0.00100714,0.00100714,,0.01538086,32.0,32.0,
2026-01-13,ibm_kingston,36,306.8005,159.0762,0.00040176,0.00040176,,0.04699707,32.0,32.0,
2026-01-13,ibm_kingston,37,182.5687,18.4332,0.00065998,0.00065998,,0.00683594,32.0,32.0,
2026-01-13,ibm_kingston,38,232.2983,82.4308,0.00023731,0.00023731,,0.01281738,32.0,32.0,
2026-01-13,ibm_kingston,39,168.5786,108.4711,0.00034704,0.00034704,,0.00891113,32.0,32.0,
2026-01-12,ibm_kingston,20,214.7232,20.0688,0.00103457,0.00103457,0.00368532,0.00830078,32.0,32.0,68.0
2026-01-12,ibm_kingston,21,270.8169,204.4522,0.00195669,0.00195669,0.00246087,0.01611328,32.0,32.0,68.0
2026-01-12,ibm_kingston,22,271.0697,102.1887,0.00033012,0.00033012,0.0031742,0.03051758,32.0,32.0,68.0
2026-01-12,ibm_kingston,23,220.8959,46.438,0.00047768,0.00047768,0.0038506,0.01220703,32.0,32.0,68.0
2026-01-12,ibm_kingston,24,268.2918,26.1537,0.00218211,0.00218211,0.00543028,0.01660156,32.0,32.0,68.0
2026-01-12,ibm_kingston,25,399.8494,12.2676,0.00206806,0.00206806,0.00404178,0.01086426,32.0,32.0,68.0
2026-01-12,ibm_kingston,26,341.2498,55.3369,0.00053315,0.00053315,0.0028599,0.01416016,32.0,32.0,68.0
2026-01-12,ibm_kingston,27,303.766,26.5471,0.000706,0.000706,0.00283678,0.01843262,32.0,32.0,68.0
2026-01-12,ibm_kingston,28,157.2534,149.1027,0.00111833,0.00111833,0.00696659,0.01147461,32.0,32.0,68.0
2026-01-12,ibm_kingston,29,203.8027,87.0931,0.00082727,0.00082727,0.00264128,0.00720215,32.0,32.0,80.0
2026-01-12,ibm_kingston,30,243.2445,38.3014,0.00022085,0.00022085,0.00220108,0.00646973,32.0,32.0,68.0
2026-01-12,ibm_kingston,31,197.3682,209.9416,0.00060562,0.00060562,0.00458707,0.04699707,32.0,32.0,68.0
2026-01-12,ibm_kingston,32,233.1297,230.5605,0.00119085,0.00119085,0.00430196,0.00952148,32.0,32.0,68.0
2026-01-12,ibm_kingston,33,336.5414,394.9913,0.00023034,0.00023034,0.00247735,0.01049805,32.0,32.0,108.0
2026-01-12,ibm_kingston,34,127.0024,56.1779,0.00047233,0.00047233,0.00385007,0.01318359,32.0,32.0,68.0
2026-01-12,ibm_kingston,35,352.8081,303.7759,0.00100714,0.00100714,,0.01733398,32.0,32.0,
2026-01-12,ibm_kingston,36,319.1518,161.8998,0.00047192,0.00047192,,0.04724121,32.0,32.0,
2026-01-12,ibm_kingston,37,198.0986,19.3404,0.00051351,0.00051351,,0.0065918,32.0,32.0,
2026-01-12,ibm_kingston,38,259.9831,107.8043,0.00058728,0.00058728,,0.01013184,32.0,32.0,
2026-01-12,ibm_kingston,39,130.0996,102.5322,0.00035355,0.00035355,,0.00842285,32.0,32.0,
2026-01-11,ibm_kingston,20,306.1995,20.6826,0.00063599,0.00063599,0.00429231,0.0065918,32.0,32.0,68.0
2026-01-11,ibm_kingston,21,396.643,264.8362,0.00195669,0.00195669,0.00215326,0.01098633,32.0,32.0,68.0
2026-01-11,ibm_kingston,22,350.1511,112.2121,0.00021265,0.00021265,0.00448495,0.03344727,32.0,32.0,68.0
2026-01-11,ibm_kingston,23,289.2712,73.2991,0.00047768,0.00047768,0.0044164,0.01220703,32.0,32.0,68.0
2026-01-11,ibm_kingston,24,322.2143,26.2719,0.00143975,0.00143975,0.00614195,0.01904297,32.0,32.0,68.0
2026-01-11,ibm_kingston,25,236.4828,11.6517,0.00149715,0.00149715,0.00410775,0.01269531,32.0,32.0,68.0
2026-01-11,ibm_kingston,26,233.38,45.5612,0.00050581,0.00050581,0.00366281,0.01318359,32.0,32.0,68.0
2026-01-11,ibm_kingston,27,378.1178,20.6865,0.00127175,0.00127175,0.00370281,0.02368164,32.0,32.0,68.0
2026-01-11,ibm_kingston,28,334.6244,244.8207,0.00078461,0.00078461,0.00650718,0.02075195,32.0,32.0,68.0
2026-01-11,ibm_kingston,29,171.0333,71.3014,0.00102014,0.00102014,0.00219487,0.01049805,32.0,32.0,80.0
2026-01-11,ibm_kingston,30,266.1951,46.9285,0.00032701,0.00032701,0.00191991,0.00390625,32.0,32.0,68.0
2026-01-11,ibm_kingston,31,163.9115,177.202,0.0005456,0.0005456,0.00411688,0.0402832,32.0,32.0,68.0
2026-01-11,ibm_kingston,32,242.8928,88.7891,0.00052084,0.00052084,0.00371367,0.00976562,32.0,32.0,68.0
2026-01-11,ibm_kingston,33,383.141,457.9315,0.00028946,0.00028946,0.00277411,0.00732422,32.0,32.0,108.0
2026-01-11,ibm_kingston,34,333.5888,244.1608,0.00055825,0.00055825,0.00952767,0.01489258,32.0,32.0,68.0
2026-01-11,ibm_kingston,35,382.5596,381.6141,0.00100714,0.00100714,,0.0144043,32.0,32.0,
2026-01-11,ibm_kingston,36,219.2359,131.8067,0.00058666,0.00058666,,0.04541016,32.0,32.0,
2026-01-11,ibm_kingston,37,190.5076,24.4886,0.00051314,0.00051314,,0.00585938,32.0,32.0,
2026-01-11,ibm_kingston,38,191.8004,82.891,0.00055907,0.00055907,,0.0090332,32.0,32.0,
2026-01-11,ibm_kingston,39,172.0943,106.3188,0.0002888,0.0002888,,0.00683594,32.0,32.0,
2026-01-10,ibm_kingston,20,306.1995,20.6826,0.00108127,0.00108127,0.00336714,0.00805664,32.0,32.0,68.0
2026-01-10,ibm_kingston,21,396.643,264.8362,0.00202764,0.00202764,0.00289449,0.00878906,32.0,32.0,68.0
2026-01-10,ibm_kingston,22,350.1511,112.2121,0.00070508,0.00070508,0.00334909,0.03198242,32.0,32.0,68.0
2026-01-10,ibm_kingston,23,289.2712,73.2991,0.00464264,0.00464264,0.00457191,0.01196289,32.0,32.0,68.0
2026-01-10,ibm_kingston,24,322.2143,26.2719,0.00114104,0.00114104,0.00650092,0.01513672,32.0,32.0,68.0
2026-01-10,ibm_kingston,25,236.4828,11.6517,0.0010365,0.0010365,0.00566115,0.01025391,32.0,32.0,68.0
2026-01-10,ibm_kingston,26,233.38,45.5612,0.00060586,0.00060586,0.00371538,0.01464844,32.0,32.0,68.0
2026-01-10,ibm_kingston,27,378.1178,20.6865,0.00098147,0.00098147,0.00310725,0.01586914,32.0,32.0,68.0
2026-01-10,ibm_kingston,28,334.6244,244.8207,0.00087023,0.00087023,0.00534583,0.00976562,32.0,32.0,68.0
2026-01-10,ibm_kingston,29,171.0333,71.3014,0.00049704,0.00049704,0.00238721,0.01074219,32.0,32.0,80.0
2026-01-10,ibm_kingston,30,266.1951,46.9285,0.00032855,0.00032855,0.00175452,0.0078125,32.0,32.0,68.0
2026-01-10,ibm_kingston,31,163.9115,177.202,0.00109633,0.00109633,0.00330209,0.06958008,32.0,32.0,68.0
2026-01-10,ibm_kingston,32,242.8928,88.7891,0.00067077,0.00067077,0.00298551,0.02734375,32.0,32.0,68.0
2026-01-10,ibm_kingston,33,383.141,457.9315,0.00043425,0.00043425,0.00212724,0.01269531,32.0,32.0,108.0
2026-01-10,ibm_kingston,34,333.5888,244.1608,0.00020688,0.00020688,0.00236963,0.01367188,32.0,32.0,68.0
2026-01-10,ibm_kingston,35,382.5596,381.6141,0.00078837,0.00078837,,0.01953125,32.0,32.0,
2026-01-10,ibm_kingston,36,219.2359,131.8067,0.00030122,0.00030122,,0.04541016,32.0,32.0,
2026-01-10,ibm_kingston,37,190.5076,24.4886,0.00074668,0.00074668,,0.00561523,32.0,32.0,
2026-01-10,ibm_kingston,38,191.8004,82.891,0.00035923,0.00035923,,0.01391602,32.0,32.0,
2026-01-10,ibm_kingston,39,172.0943,106.3188,0.00082353,0.00082353,,0.01147461,32.0,32.0,
2026-01-09,ibm_kingston,20,276.6293,22.5419,0.00108127,0.00108127,0.00336714,0.00756836,32.0,32.0,68.0
2026-01-09,ibm_kingston,21,416.8138,246.6377,0.00202764,0.00202764,0.00289449,0.00854492,32.0,32.0,68.0
2026-01-09,ibm_kingston,22,208.0035,88.1295,0.00070508,0.00070508,0.00334909,0.02685547,32.0,32.0,68.0
2026-01-09,ibm_kingston,23,346.8044,49.0272,0.00464264,0.00464264,0.00457191,0.01367188,32.0,32.0,68.0
2026-01-09,ibm_kingston,24,239.3585,21.8185,0.00114104,0.00114104,0.00650092,0.01806641,32.0,32.0,68.0
2026-01-09,ibm_kingston,25,341.2101,12.8302,0.0010365,0.0010365,0.00566115,0.00927734,32.0,32.0,68.0
2026-01-09,ibm_kingston,26,217.7474,49.0656,0.00060586,0.00060586,0.00371538,0.01293945,32.0,32.0,68.0
2026-01-09,ibm_kingston,27,334.0244,23.7927,0.00098147,0.00098147,0.00310725,0.01342773,32.0,32.0,68.0
2026-01-09,ibm_kingston,28,253.6559,256.5467,0.00087023,0.00087023,0.00534583,0.00952148,32.0,32.0,68.0
2026-01-09,ibm_kingston,29,200.9768,78.8485,0.00049704,0.00049704,0.00238721,0.01025391,32.0,32.0,80.0
2026-01-09,ibm_kingston,30,270.8455,57.7663,0.00032855,0.00032855,0.00175452,0.00830078,32.0,32.0,68.0
2026-01-09,ibm_kingston,31,152.0195,158.1094,0.00109633,0.00109633,0.00330209,0.02661133,32.0,32.0,68.0
2026-01-09,ibm_kingston,32,280.9325,286.948,0.00067077,0.00067077,0.00298551,0.01196289,32.0,32.0,68.0
2026-01-09,ibm_kingston,33,312.1294,355.1879,0.00043425,0.00043425,0.00212724,0.00512695,32.0,32.0,108.0
2026-01-09,ibm_kingston,34,297.0523,205.7292,0.00020688,0.00020688,0.00236963,0.01220703,32.0,32.0,68.0
2026-01-09,ibm_kingston,35,217.3811,251.1383,0.00078837,0.00078837,,0.01757812,32.0,32.0,
2026-01-09,ibm_kingston,36,315.1389,146.7194,0.00030122,0.00030122,,0.04199219,32.0,32.0,
2026-01-09,ibm_kingston,37,166.3616,19.1993,0.00074668,0.00074668,,0.00610352,32.0,32.0,
2026-01-09,ibm_kingston,38,222.3251,90.0406,0.00035923,0.00035923,,0.00732422,32.0,32.0,
2026-01-09,ibm_kingston,39,186.8831,110.8244,0.00082353,0.00082353,,0.00732422,32.0,32.0,
2026-01-08,ibm_kingston,20,361.1188,23.6541,0.00108127,0.00108127,0.00407455,0.00744629,32.0,32.0,68.0
2026-01-08,ibm_kingston,21,214.5148,165.2332,0.00202764,0.00202764,0.00325935,0.01196289,32.0,32.0,68.0
2026-01-08,ibm_kingston,22,257.2427,92.5162,0.00038583,0.00038583,0.00538115,0.03027344,32.0,32.0,68.0
2026-01-08,ibm_kingston,23,294.7348,51.7793,0.00464264,0.00464264,0.00573246,0.01391602,32.0,32.0,68.0
2026-01-08,ibm_kingston,24,265.6824,26.7758,0.0012314,0.0012314,0.00492994,0.02026367,32.0,32.0,68.0
2026-01-08,ibm_kingston,25,305.1065,14.7118,0.00046996,0.00046996,0.00525437,0.0123291,32.0,32.0,68.0
2026-01-08,ibm_kingston,26,139.0064,34.8179,0.00054902,0.00054902,0.0033817,0.01464844,32.0,32.0,68.0
2026-01-08,ibm_kingston,27,233.0989,27.9808,0.00063041,0.00063041,0.00394821,0.01806641,32.0,32.0,68.0
2026-01-08,ibm_kingston,28,344.8352,296.6778,0.00087023,0.00087023,0.00718124,0.01074219,32.0,32.0,68.0
2026-01-08,ibm_kingston,29,176.7148,70.9998,0.0015749,0.0015749,0.00184006,0.00866699,32.0,32.0,80.0
2026-01-08,ibm_kingston,30,235.7111,45.4917,0.00057646,0.00057646,0.00249642,0.00732422,32.0,32.0,68.0
2026-01-08,ibm_kingston,31,132.2542,150.853,0.00079321,0.00079321,0.00303994,0.05187988,32.0,32.0,68.0
2026-01-08,ibm_kingston,32,297.6344,131.1924,0.00089826,0.00089826,0.00341302,0.00866699,32.0,32.0,68.0
2026-01-08,ibm_kingston,33,463.5416,640.2615,0.00037424,0.00037424,0.0023523,0.00720215,32.0,32.0,108.0
2026-01-08,ibm_kingston,34,354.6408,273.2723,0.00052144,0.00052144,0.00260723,0.01245117,32.0,32.0,68.0
2026-01-08,ibm_kingston,35,236.375,167.0657,0.00078837,0.00078837,,0.01904297,32.0,32.0,
2026-01-08,ibm_kingston,36,203.6098,125.3842,0.00026592,0.00026592,,0.04797363,32.0,32.0,
2026-01-08,ibm_kingston,37,109.5196,18.575,0.00049583,0.00049583,,0.00500488,32.0,32.0,
2026-01-08,ibm_kingston,38,238.3632,96.6224,0.00046604,0.00046604,,0.00854492,32.0,32.0,
2026-01-08,ibm_kingston,39,177.4091,115.2883,0.00082353,0.00082353,,0.00720215,32.0,32.0,
2026-01-07,ibm_kingston,20,205.8817,20.397,0.00033518,0.00033518,0.00349358,0.0111084,32.0,32.0,68.0
2026-01-07,ibm_kingston,21,266.7026,221.9131,0.00020906,0.00020906,0.00225393,0.01135254,32.0,32.0,68.0
2026-01-07,ibm_kingston,22,118.6306,96.0701,0.00049996,0.00049996,0.00299129,0.02770996,32.0,32.0,68.0
2026-01-07,ibm_kingston,23,253.547,67.9334,0.00464264,0.00464264,0.00548742,0.00915527,32.0,32.0,68.0
2026-01-07,ibm_kingston,24,187.2234,31.4455,0.00059187,0.00059187,0.00667391,0.05700684,32.0,32.0,68.0
2026-01-07,ibm_kingston,25,354.024,15.5451,0.00046996,0.00046996,0.00522186,0.01147461,32.0,32.0,68.0
2026-01-07,ibm_kingston,26,139.0064,36.3375,0.00045096,0.00045096,0.00410448,0.01574707,32.0,32.0,68.0
2026-01-07,ibm_kingston,27,131.4524,23.252,0.00037978,0.00037978,0.00351621,0.01660156,32.0,32.0,68.0
2026-01-07,ibm_kingston,28,324.2502,291.9219,0.00030727,0.00030727,0.00603537,0.0065918,32.0,32.0,68.0
2026-01-07,ibm_kingston,29,193.8744,83.8182,0.00023632,0.00023632,0.00173334,0.00830078,32.0,32.0,80.0
2026-01-07,ibm_kingston,30,179.9539,28.4028,0.00041905,0.00041905,0.0019036,0.00842285,32.0,32.0,68.0
2026-01-07,ibm_kingston,31,84.4293,113.6878,0.00028413,0.00028413,0.0039966,0.10229492,32.0,32.0,68.0
2026-01-07,ibm_kingston,32,297.6344,420.3094,0.00038001,0.00038001,0.00545024,0.02453613,32.0,32.0,68.0
2026-01-07,ibm_kingston,33,327.2234,397.6469,0.00035873,0.00035873,0.00242551,0.00805664,32.0,32.0,108.0
2026-01-07,ibm_kingston,34,274.529,227.008,0.00024351,0.00024351,0.0023229,0.01171875,32.0,32.0,68.0
2026-01-07,ibm_kingston,35,236.375,387.4033,0.00021785,0.00021785,,0.01965332,32.0,32.0,
2026-01-07,ibm_kingston,36,308.9534,133.3227,0.00080039,0.00080039,,0.04125977,32.0,32.0,
2026-01-07,ibm_kingston,37,174.3417,21.7016,0.00060817,0.00060817,,0.00341797,32.0,32.0,
2026-01-07,ibm_kingston,38,236.204,91.7813,0.00027918,0.00027918,,0.01086426,32.0,32.0,
2026-01-07,ibm_kingston,39,199.0416,117.076,0.00022053,0.00022053,,0.00866699,32.0,32.0,
2026-01-06,ibm_kingston,20,211.4545,18.8489,0.00022567,0.00022567,0.00208315,0.00512695,32.0,32.0,68.0
2026-01-06,ibm_kingston,21,297.006,220.6533,0.00014105,0.00014105,0.0015785,0.00610352,32.0,32.0,68.0
2026-01-06,ibm_kingston,22,113.2455,95.2977,0.00049996,0.00049996,0.00154394,0.02587891,32.0,32.0,68.0
2026-01-06,ibm_kingston,23,228.7967,66.323,0.00015433,0.00015433,0.00282995,0.00805664,32.0,32.0,68.0
2026-01-06,ibm_kingston,24,146.7675,25.1985,0.00052886,0.00052886,0.00505638,0.01513672,32.0,32.0,68.0
2026-01-06,ibm_kingston,25,196.1034,13.5069,0.00048418,0.00048418,0.00250493,0.00708008,32.0,32.0,68.0
2026-01-06,ibm_kingston,26,139.0064,43.1199,0.00055255,0.00055255,0.00238682,0.015625,32.0,32.0,68.0
2026-01-06,ibm_kingston,27,281.26,28.0212,0.00047284,0.00047284,0.00243528,0.0090332,32.0,32.0,68.0
2026-01-06,ibm_kingston,28,191.972,234.257,0.00021793,0.00021793,0.00279894,0.01245117,32.0,32.0,68.0
2026-01-06,ibm_kingston,29,154.9646,29.7216,0.00035908,0.00035908,0.0019144,0.00830078,32.0,32.0,80.0
2026-01-06,ibm_kingston,30,179.9539,46.772,0.0004107,0.0004107,0.08312155,0.0078125,32.0,32.0,68.0
2026-01-06,ibm_kingston,31,80.8972,92.6412,0.00141766,0.00141766,0.16570783,0.05297852,32.0,32.0,68.0
2026-01-06,ibm_kingston,32,288.5745,431.16,0.00036326,0.00036326,0.00193811,0.01025391,32.0,32.0,68.0
2026-01-06,ibm_kingston,33,204.8235,282.2602,0.00023234,0.00023234,0.00212483,0.00415039,32.0,32.0,108.0
2026-01-06,ibm_kingston,34,264.056,227.8534,0.00031266,0.00031266,0.00122321,0.01098633,32.0,32.0,68.0
2026-01-06,ibm_kingston,35,122.7474,181.09,0.00025613,0.00025613,,0.01904297,32.0,32.0,
2026-01-06,ibm_kingston,36,279.455,158.3842,0.00035038,0.00035038,,0.05200195,32.0,32.0,
2026-01-06,ibm_kingston,37,137.7883,20.2576,0.00066838,0.00066838,,0.01123047,32.0,32.0,
2026-01-06,ibm_kingston,38,207.724,99.9653,0.00025314,0.00025314,,0.00927734,32.0,32.0,
2026-01-06,ibm_kingston,39,139.9351,97.2081,0.00031285,0.00031285,,0.00610352,32.0,32.0,
2026-01-05,ibm_kingston,20,200.0988,20.699,0.00041337,0.00041337,0.00182471,0.02026367,32.0,32.0,68.0
2026-01-05,ibm_kingston,21,210.0113,230.9136,0.00016786,0.00016786,0.0010979,0.00720215,32.0,32.0,68.0
2026-01-05,ibm_kingston,22,259.1299,184.1684,0.00029129,0.00029129,0.0015422,0.00683594,32.0,32.0,68.0
2026-01-05,ibm_kingston,23,284.2696,59.2749,0.00015433,0.00015433,0.00235502,0.00488281,32.0,32.0,68.0
2026-01-05,ibm_kingston,24,146.7675,32.0033,0.00059324,0.00059324,0.00386177,0.01550293,32.0,32.0,68.0
2026-01-05,ibm_kingston,25,272.5187,16.1546,0.00029662,0.00029662,0.00250493,0.00549316,32.0,32.0,68.0
2026-01-05,ibm_kingston,26,266.9668,60.9518,0.00040698,0.00040698,0.00238682,0.0123291,32.0,32.0,68.0
2026-01-05,ibm_kingston,27,258.6196,28.0073,0.00031462,0.00031462,0.00175235,0.00817871,32.0,32.0,68.0
2026-01-05,ibm_kingston,28,227.1836,204.8009,0.00021793,0.00021793,0.00346601,0.00964355,32.0,32.0,68.0
2026-01-05,ibm_kingston,29,154.9646,85.4703,0.00013932,0.00013932,0.00296296,0.00732422,32.0,32.0,80.0
2026-01-05,ibm_kingston,30,215.3827,51.071,0.00018383,0.00018383,0.04682163,0.00683594,32.0,32.0,68.0
2026-01-05,ibm_kingston,31,110.0004,140.1246,0.00141766,0.00141766,0.02037184,0.04577637,32.0,32.0,68.0
2026-01-05,ibm_kingston,32,248.389,283.7522,0.0002472,0.0002472,0.00276422,0.01220703,32.0,32.0,68.0
2026-01-05,ibm_kingston,33,491.3864,178.3734,0.00015627,0.00015627,0.00189712,0.01025391,32.0,32.0,108.0
2026-01-05,ibm_kingston,34,220.8837,240.528,0.00017209,0.00017209,0.00131322,0.01953125,32.0,32.0,68.0
2026-01-05,ibm_kingston,35,331.9298,332.6479,0.00022629,0.00022629,,0.01452637,32.0,32.0,
2026-01-05,ibm_kingston,36,93.2378,91.4402,0.00058993,0.00058993,,0.02624512,32.0,32.0,
2026-01-05,ibm_kingston,37,102.2481,19.0355,0.00037729,0.00037729,,0.00634766,32.0,32.0,
2026-01-05,ibm_kingston,38,285.6495,122.4593,0.00019355,0.00019355,,0.01953125,32.0,32.0,
2026-01-05,ibm_kingston,39,177.291,117.3725,0.00020898,0.00020898,,0.00915527,32.0,32.0,
2026-01-04,ibm_kingston,20,260.0886,20.7364,0.00027556,0.00027556,0.00214482,0.00793457,32.0,32.0,68.0
2026-01-04,ibm_kingston,21,143.289,180.6791,0.00023576,0.00023576,0.00159892,0.00463867,32.0,32.0,68.0
2026-01-04,ibm_kingston,22,311.6458,169.382,0.00026047,0.00026047,0.00158434,0.02380371,32.0,32.0,68.0
2026-01-04,ibm_kingston,23,236.4409,57.6519,0.00015883,0.00015883,0.00258661,0.00341797,32.0,32.0,68.0
2026-01-04,ibm_kingston,24,319.6847,28.5355,0.0004111,0.0004111,0.00341337,0.01550293,32.0,32.0,68.0
2026-01-04,ibm_kingston,25,143.3675,14.2535,0.00037897,0.00037897,0.00265316,0.0057373,32.0,32.0,68.0
2026-01-04,ibm_kingston,26,288.4523,70.2268,0.00025573,0.00025573,0.00256836,0.01574707,32.0,32.0,68.0
2026-01-04,ibm_kingston,27,345.4991,36.2012,0.00026984,0.00026984,0.00179653,0.00976562,32.0,32.0,68.0
2026-01-04,ibm_kingston,28,231.046,240.3232,0.00021448,0.00021448,0.00227538,0.00915527,32.0,32.0,68.0
2026-01-04,ibm_kingston,29,170.4746,89.6174,0.00020316,0.00020316,0.00211703,0.00537109,32.0,32.0,80.0
2026-01-04,ibm_kingston,30,178.7538,43.6369,0.00017636,0.00017636,0.03649192,0.00891113,32.0,32.0,68.0
2026-01-04,ibm_kingston,31,161.3344,204.8364,0.00042242,0.00042242,0.01702757,0.0234375,32.0,32.0,68.0
2026-01-04,ibm_kingston,32,234.4788,217.2199,0.00020409,0.00020409,0.00210608,0.00878906,32.0,32.0,68.0
2026-01-04,ibm_kingston,33,148.5989,178.3734,0.00018387,0.00018387,0.00213319,0.00622559,32.0,32.0,108.0
2026-01-04,ibm_kingston,34,291.2726,311.6857,0.00022357,0.00022357,0.00142922,0.0123291,32.0,32.0,68.0
2026-01-04,ibm_kingston,35,263.1723,299.6222,0.00013166,0.00013166,,0.01513672,32.0,32.0,
2026-01-04,ibm_kingston,36,19.4382,29.2755,0.00032227,0.00032227,,0.03869629,32.0,32.0,
2026-01-04,ibm_kingston,37,148.9601,21.1312,0.00047012,0.00047012,,0.00805664,32.0,32.0,
2026-01-04,ibm_kingston,38,263.1531,116.4846,0.00026062,0.00026062,,0.00708008,32.0,32.0,
2026-01-04,ibm_kingston,39,144.1163,95.1863,0.00018101,0.00018101,,0.0065918,32.0,32.0,
2026-01-03,ibm_kingston,20,299.2112,23.8563,0.00019976,0.00019976,0.00187216,0.00561523,32.0,32.0,68.0
2026-01-03,ibm_kingston,21,171.8446,179.3224,0.00014908,0.00014908,0.00112843,0.00366211,32.0,32.0,68.0
2026-01-03,ibm_kingston,22,146.3483,33.2067,0.00024283,0.00024283,0.0015526,0.02416992,32.0,32.0,68.0
2026-01-03,ibm_kingston,23,294.3276,54.61,0.0001131,0.0001131,0.00254131,0.01147461,32.0,32.0,68.0
2026-01-03,ibm_kingston,24,156.5959,24.0509,0.00047371,0.00047371,0.00446615,0.01489258,32.0,32.0,68.0
2026-01-03,ibm_kingston,25,173.1726,14.0909,0.00039802,0.00039802,0.00304791,0.00549316,32.0,32.0,68.0
2026-01-03,ibm_kingston,26,235.0993,57.8996,0.00037895,0.00037895,0.00327548,0.0123291,32.0,32.0,68.0
2026-01-03,ibm_kingston,27,392.928,28.6976,0.00043833,0.00043833,0.00208479,0.00744629,32.0,32.0,68.0
2026-01-03,ibm_kingston,28,287.111,269.9673,0.0001532,0.0001532,0.00279394,0.00769043,32.0,32.0,68.0
2026-01-03,ibm_kingston,29,137.9156,69.0623,0.00016154,0.00016154,0.00146248,0.00341797,32.0,32.0,80.0
2026-01-03,ibm_kingston,30,192.9769,40.3415,0.00030259,0.00030259,0.06161525,0.00646973,32.0,32.0,68.0
2026-01-03,ibm_kingston,31,118.8023,151.9653,0.000726,0.000726,0.0265043,0.03979492,32.0,32.0,68.0
2026-01-03,ibm_kingston,32,218.7676,234.1407,0.00011363,0.00011363,0.00313919,0.00732422,32.0,32.0,68.0
2026-01-03,ibm_kingston,33,256.6598,364.42,0.0001485,0.0001485,0.00204823,0.00402832,32.0,32.0,108.0
2026-01-03,ibm_kingston,34,274.6394,228.2627,0.00014389,0.00014389,0.00158353,0.01135254,32.0,32.0,68.0
2026-01-03,ibm_kingston,35,327.9206,324.0596,0.00016237,0.00016237,,0.01159668,32.0,32.0,
2026-01-03,ibm_kingston,36,157.9087,105.5426,0.00077414,0.00077414,,0.03759766,32.0,32.0,
2026-01-03,ibm_kingston,37,63.018,18.1486,0.00041312,0.00041312,,0.00854492,32.0,32.0,
2026-01-03,ibm_kingston,38,230.466,114.6145,0.00022207,0.00022207,,0.00915527,32.0,32.0,
2026-01-03,ibm_kingston,39,94.7002,77.4763,0.00021669,0.00021669,,0.0065918,32.0,32.0,
2026-01-02,ibm_kingston,20,274.8131,21.765,0.00045289,0.00045289,0.00150348,0.00732422,32.0,32.0,68.0
2026-01-02,ibm_kingston,21,342.0142,240.6555,0.00018907,0.00018907,0.00124975,0.00561523,32.0,32.0,68.0
2026-01-02,ibm_kingston,22,146.3483,128.7306,0.00025307,0.00025307,0.00137666,0.02246094,32.0,32.0,68.0
2026-01-02,ibm_kingston,23,160.2795,51.6699,0.00016025,0.00016025,0.00263498,0.00524902,32.0,32.0,68.0
2026-01-02,ibm_kingston,24,297.8719,25.732,0.0006474,0.0006474,0.00399241,0.01391602,32.0,32.0,68.0
2026-01-02,ibm_kingston,25,198.4076,11.42,0.00038141,0.00038141,0.0031322,0.00683594,32.0,32.0,68.0
2026-01-02,ibm_kingston,26,243.2706,52.2413,0.00030207,0.00030207,0.00339103,0.01318359,32.0,32.0,68.0
2026-01-02,ibm_kingston,27,409.6911,10.183,0.00035058,0.00035058,0.00225212,0.00939941,32.0,32.0,68.0
2026-01-02,ibm_kingston,28,259.8886,224.359,0.0004054,0.0004054,0.00317803,0.00927734,32.0,32.0,68.0
2026-01-02,ibm_kingston,29,161.1468,80.2388,0.00022855,0.00022855,0.00212994,0.01147461,32.0,32.0,80.0
2026-01-02,ibm_kingston,30,199.1705,45.7844,0.00019695,0.00019695,0.05383663,0.00720215,32.0,32.0,68.0
2026-01-02,ibm_kingston,31,92.9317,112.3869,0.00081768,0.00081768,0.01262628,0.03540039,32.0,32.0,68.0
2026-01-02,ibm_kingston,32,181.9056,250.6249,0.00024006,0.00024006,0.00259539,0.00842285,32.0,32.0,68.0
2026-01-02,ibm_kingston,33,277.2031,391.9753,0.00017178,0.00017178,0.0021361,0.00537109,32.0,32.0,108.0
2026-01-02,ibm_kingston,34,281.5882,236.2792,0.00019955,0.00019955,0.00130044,0.01220703,32.0,32.0,68.0
2026-01-02,ibm_kingston,35,171.8583,137.3086,0.00045307,0.00045307,,0.01062012,32.0,32.0,
2026-01-02,ibm_kingston,36,234.1376,138.6624,0.00022998,0.00022998,,0.0357666,32.0,32.0,
2026-01-02,ibm_kingston,37,115.3257,17.3181,0.00049236,0.00049236,,0.00866699,32.0,32.0,
2026-01-02,ibm_kingston,38,311.8249,124.0478,0.0002673,0.0002673,,0.00805664,32.0,32.0,
2026-01-02,ibm_kingston,39,170.9421,115.2092,0.00021051,0.00021051,,0.01000977,32.0,32.0,
2026-01-01,ibm_kingston,20,319.535,20.9137,0.00016649,0.00016649,0.00137468,0.00549316,32.0,32.0,68.0
2026-01-01,ibm_kingston,21,416.1734,231.0225,0.00019793,0.00019793,0.00097297,0.00366211,32.0,32.0,68.0
2026-01-01,ibm_kingston,22,203.8129,136.1804,0.00021863,0.00021863,0.00142617,0.02075195,32.0,32.0,68.0
2026-01-01,ibm_kingston,23,177.8368,47.5585,0.00015609,0.00015609,0.00258869,0.00500488,32.0,32.0,68.0
2026-01-01,ibm_kingston,24,191.0594,24.9712,0.00050339,0.00050339,0.00375134,0.01416016,32.0,32.0,68.0
2026-01-01,ibm_kingston,25,340.5769,11.6283,0.00118723,0.00118723,0.00294531,0.0057373,32.0,32.0,68.0
2026-01-01,ibm_kingston,26,196.3838,47.0832,0.00028349,0.00028349,0.00274366,0.00952148,32.0,32.0,68.0
2026-01-01,ibm_kingston,27,409.6911,25.1187,0.0003434,0.0003434,0.00266135,0.02099609,32.0,32.0,68.0
2026-01-01,ibm_kingston,28,201.4508,214.0173,0.00020744,0.00020744,0.00324775,0.01464844,32.0,32.0,68.0
2026-01-01,ibm_kingston,29,136.7206,80.4351,0.00014828,0.00014828,0.0017592,0.00561523,32.0,32.0,80.0
2026-01-01,ibm_kingston,30,170.1805,43.5658,0.00023492,0.00023492,0.05959639,0.00695801,32.0,32.0,68.0
2026-01-01,ibm_kingston,31,41.8771,50.6319,0.0011918,0.0011918,0.11307164,0.02197266,32.0,32.0,68.0
2026-01-01,ibm_kingston,32,308.5213,366.4265,0.0003243,0.0003243,0.00305387,0.00769043,32.0,32.0,68.0
2026-01-01,ibm_kingston,33,380.4728,382.639,0.00020099,0.00020099,0.00209205,0.00549316,32.0,32.0,108.0
2026-01-01,ibm_kingston,34,290.4965,224.5665,0.00021173,0.00021173,0.00118401,0.01098633,32.0,32.0,68.0
2026-01-01,ibm_kingston,35,280.1125,314.2092,0.00016329,0.00016329,,0.0098877,32.0,32.0,
2026-01-01,ibm_kingston,36,264.6699,143.4795,0.00019895,0.00019895,,0.0456543,32.0,32.0,
2026-01-01,ibm_kingston,37,164.4633,18.3974,0.00044755,0.00044755,,0.00842285,32.0,32.0,
2026-01-01,ibm_kingston,38,291.5718,107.9424,0.0002636,0.0002636,,0.00769043,32.0,32.0,
2026-01-01,ibm_kingston,39,86.7889,86.0654,0.000222,0.000222,,0.00793457,32.0,32.0,
2025-12-31,ibm_kingston,20,332.5032,23.9907,0.00022789,0.00022789,0.00168903,0.00756836,32.0,32.0,68.0
2025-12-31,ibm_kingston,21,270.0019,200.4025,8.573e-05,8.573e-05,0.00111343,0.00280762,32.0,32.0,68.0
2025-12-31,ibm_kingston,22,176.0457,92.9066,0.00021863,0.00021863,0.00171413,0.02270508,32.0,32.0,68.0
2025-12-31,ibm_kingston,23,281.4176,59.1787,0.00011777,0.00011777,0.00348416,0.0090332,32.0,32.0,68.0
2025-12-31,ibm_kingston,24,248.8478,25.0742,0.00059295,0.00059295,0.00440807,0.01428223,32.0,32.0,68.0
2025-12-31,ibm_kingston,25,443.2081,15.8529,0.00039641,0.00039641,0.00295318,0.00610352,32.0,32.0,68.0
2025-12-31,ibm_kingston,26,341.272,62.2883,0.00028565,0.00028565,0.00311533,0.01281738,32.0,32.0,68.0
2025-12-31,ibm_kingston,27,330.9475,27.9566,0.00039568,0.00039568,0.0024984,0.00769043,32.0,32.0,68.0
2025-12-31,ibm_kingston,28,249.4593,234.1308,0.00017464,0.00017464,0.00290839,0.01062012,32.0,32.0,68.0
2025-12-31,ibm_kingston,29,167.5011,68.3009,0.00016642,0.00016642,0.00156086,0.00610352,32.0,32.0,80.0
2025-12-31,ibm_kingston,30,183.8384,43.6261,0.00028732,0.00028732,0.00367675,0.00708008,32.0,32.0,68.0
2025-12-31,ibm_kingston,31,168.0527,190.2248,0.00022147,0.00022147,0.00220194,0.01843262,32.0,32.0,68.0
2025-12-31,ibm_kingston,32,382.005,404.484,0.00020927,0.00020927,0.00288038,0.01184082,32.0,32.0,68.0
2025-12-31,ibm_kingston,33,254.6366,293.8179,8.564e-05,8.564e-05,0.0018895,0.01147461,32.0,32.0,108.0
2025-12-31,ibm_kingston,34,310.1283,256.8324,0.00018366,0.00018366,0.00116049,0.01159668,32.0,32.0,68.0
2025-12-31,ibm_kingston,35,322.0556,347.8387,0.00010382,0.00010382,,0.01062012,32.0,32.0,
2025-12-31,ibm_kingston,36,374.1043,166.2627,0.00013688,0.00013688,,0.03356934,32.0,32.0,
2025-12-31,ibm_kingston,37,157.2674,21.867,0.00042414,0.00042414,,0.00354004,32.0,32.0,
2025-12-31,ibm_kingston,38,226.9941,101.4368,0.00019603,0.00019603,,0.01049805,32.0,32.0,
2025-12-31,ibm_kingston,39,135.2408,108.8937,0.00024909,0.00024909,,0.00744629,32.0,32.0,
2025-12-30,ibm_kingston,20,332.5032,23.9907,0.00022789,0.00022789,0.00168903,0.00488281,32.0,32.0,68.0
2025-12-30,ibm_kingston,21,270.0019,200.4025,8.573e-05,8.573e-05,0.00111343,0.00341797,32.0,32.0,68.0
2025-12-30,ibm_kingston,22,176.0457,92.9066,0.00021863,0.00021863,0.00171413,0.0234375,32.0,32.0,68.0
2025-12-30,ibm_kingston,23,281.4176,59.1787,0.00011777,0.00011777,0.00348416,0.00488281,32.0,32.0,68.0
2025-12-30,ibm_kingston,24,248.8478,25.0742,0.00059295,0.00059295,0.00440807,0.01904297,32.0,32.0,68.0
2025-12-30,ibm_kingston,25,443.2081,15.8529,0.00039641,0.00039641,0.00295318,0.0057373,32.0,32.0,68.0
2025-12-30,ibm_kingston,26,341.272,62.2883,0.00028565,0.00028565,0.00311533,0.01281738,32.0,32.0,68.0
2025-12-30,ibm_kingston,27,330.9475,27.9566,0.00039568,0.00039568,0.0024984,0.00610352,32.0,32.0,68.0
2025-12-30,ibm_kingston,28,249.4593,234.1308,0.00017464,0.00017464,0.00290839,0.00939941,32.0,32.0,68.0
2025-12-30,ibm_kingston,29,167.5011,68.3009,0.00016642,0.00016642,0.00156086,0.0065918,32.0,32.0,80.0
2025-12-30,ibm_kingston,30,183.8384,43.6261,0.00028732,0.00028732,0.00367675,0.00671387,32.0,32.0,68.0
2025-12-30,ibm_kingston,31,168.0527,190.2248,0.00022147,0.00022147,0.00220194,0.01916504,32.0,32.0,68.0
2025-12-30,ibm_kingston,32,382.005,404.484,0.00020927,0.00020927,0.00288038,0.00952148,32.0,32.0,68.0
2025-12-30,ibm_kingston,33,254.6366,293.8179,8.564e-05,8.564e-05,0.0018895,0.00402832,32.0,32.0,108.0
2025-12-30,ibm_kingston,34,310.1283,256.8324,0.00018366,0.00018366,0.00116049,0.01074219,32.0,32.0,68.0
2025-12-30,ibm_kingston,35,322.0556,347.8387,0.00010382,0.00010382,,0.01416016,32.0,32.0,
2025-12-30,ibm_kingston,36,374.1043,166.2627,0.00013688,0.00013688,,0.04248047,32.0,32.0,
2025-12-30,ibm_kingston,37,157.2674,21.867,0.00042414,0.00042414,,0.00671387,32.0,32.0,
2025-12-30,ibm_kingston,38,226.9941,101.4368,0.00019603,0.00019603,,0.00830078,32.0,32.0,
2025-12-30,ibm_kingston,39,135.2408,108.8937,0.00024909,0.00024909,,0.00769043,32.0,32.0,
2025-12-29,ibm_kingston,20,332.5032,23.2123,0.00033599,0.00033599,0.00231531,0.00488281,32.0,32.0,68.0
2025-12-29,ibm_kingston,21,426.77,261.6974,0.0001191,0.0001191,0.00143136,0.00341797,32.0,32.0,68.0
2025-12-29,ibm_kingston,22,316.7771,105.8995,0.00025054,0.00025054,0.00181214,0.0234375,32.0,32.0,68.0
2025-12-29,ibm_kingston,23,163.1017,48.8733,0.00011027,0.00011027,0.00264716,0.00488281,32.0,32.0,68.0
2025-12-29,ibm_kingston,24,295.7567,25.4587,0.00043637,0.00043637,0.00412478,0.01904297,32.0,32.0,68.0
2025-12-29,ibm_kingston,25,443.2081,12.0857,0.00034999,0.00034999,0.00261957,0.0057373,32.0,32.0,68.0
2025-12-29,ibm_kingston,26,293.8954,62.8044,0.00033457,0.00033457,0.00256151,0.01281738,32.0,32.0,68.0
2025-12-29,ibm_kingston,27,286.7756,28.276,0.00033569,0.00033569,0.00171651,0.00610352,32.0,32.0,68.0
2025-12-29,ibm_kingston,28,362.9151,332.8142,0.00016558,0.00016558,0.00490908,0.00939941,32.0,32.0,68.0
2025-12-29,ibm_kingston,29,205.3993,81.8821,0.00017578,0.00017578,0.00246241,0.0065918,32.0,32.0,80.0
2025-12-29,ibm_kingston,30,223.0616,39.5411,0.00016678,0.00016678,0.00484515,0.00671387,32.0,32.0,68.0
2025-12-29,ibm_kingston,31,135.2888,148.2055,0.00019188,0.00019188,0.00207616,0.01916504,32.0,32.0,68.0
2025-12-29,ibm_kingston,32,320.5181,343.238,0.00029249,0.00029249,0.00351072,0.00952148,32.0,32.0,68.0
2025-12-29,ibm_kingston,33,579.7074,524.7433,0.00014526,0.00014526,0.00216891,0.00402832,32.0,32.0,108.0
2025-12-29,ibm_kingston,34,298.7855,228.7714,0.00020037,0.00020037,0.00116049,0.01074219,32.0,32.0,68.0
2025-12-29,ibm_kingston,35,296.5321,290.4474,0.00012128,0.00012128,,0.01416016,32.0,32.0,
2025-12-29,ibm_kingston,36,190.4285,131.228,0.00010729,0.00010729,,0.04248047,32.0,32.0,
2025-12-29,ibm_kingston,37,206.3821,19.5049,0.00032384,0.00032384,,0.00671387,32.0,32.0,
2025-12-29,ibm_kingston,38,266.6371,116.1448,0.00020973,0.00020973,,0.00830078,32.0,32.0,
2025-12-29,ibm_kingston,39,138.2134,74.4115,0.00022084,0.00022084,,0.00769043,32.0,32.0,
2025-12-28,ibm_kingston,20,317.1096,23.2738,0.00038641,0.00038641,0.00211532,0.00830078,32.0,32.0,68.0
2025-12-28,ibm_kingston,21,376.9733,275.7973,0.00015306,0.00015306,0.00104823,0.00341797,32.0,32.0,68.0
2025-12-28,ibm_kingston,22,138.5441,78.4089,0.00040983,0.00040983,0.00111416,0.02441406,32.0,32.0,68.0
2025-12-28,ibm_kingston,23,210.0978,72.6938,0.00012682,0.00012682,0.00257884,0.00512695,32.0,32.0,68.0
2025-12-28,ibm_kingston,24,253.3161,29.1816,0.00071574,0.00071574,0.00368823,0.0168457,32.0,32.0,68.0
2025-12-28,ibm_kingston,25,277.7597,16.8023,0.00036598,0.00036598,0.00284638,0.00756836,32.0,32.0,68.0
2025-12-28,ibm_kingston,26,297.7969,74.8359,0.00031932,0.00031932,0.00284997,0.01123047,32.0,32.0,68.0
2025-12-28,ibm_kingston,27,303.2996,30.3474,0.0003348,0.0003348,0.0020638,0.00805664,32.0,32.0,68.0
2025-12-28,ibm_kingston,28,313.5991,294.1525,0.0002086,0.0002086,0.00301974,0.01171875,32.0,32.0,68.0
2025-12-28,ibm_kingston,29,169.9922,86.9433,0.00017727,0.00017727,0.00178413,0.00463867,32.0,32.0,80.0
2025-12-28,ibm_kingston,30,241.0329,46.5311,0.00025527,0.00025527,0.00157676,0.00732422,32.0,32.0,68.0
2025-12-28,ibm_kingston,31,123.1398,150.1833,0.00051285,0.00051285,0.00273335,0.02148438,32.0,32.0,68.0
2025-12-28,ibm_kingston,32,254.8639,364.255,0.00021663,0.00021663,0.00305379,0.00683594,32.0,32.0,68.0
2025-12-28,ibm_kingston,33,237.1955,238.3403,0.00032048,0.00032048,0.00304093,0.00708008,32.0,32.0,108.0
2025-12-28,ibm_kingston,34,265.1691,216.7115,0.00018044,0.00018044,0.00122101,0.01196289,32.0,32.0,68.0
2025-12-28,ibm_kingston,35,250.8764,247.7901,9.161e-05,9.161e-05,,0.01025391,32.0,32.0,
2025-12-28,ibm_kingston,36,283.4498,167.2819,0.00018424,0.00018424,,0.03808594,32.0,32.0,
2025-12-28,ibm_kingston,37,187.7959,18.1941,0.00047308,0.00047308,,0.00463867,32.0,32.0,
2025-12-28,ibm_kingston,38,289.4431,122.5867,0.00021828,0.00021828,,0.00878906,32.0,32.0,
2025-12-28,ibm_kingston,39,138.2134,84.9667,0.00017769,0.00017769,,0.00708008,32.0,32.0,
2025-12-27,ibm_kingston,20,279.6008,20.4323,0.00012356,0.00012356,0.00182271,0.00561523,32.0,32.0,68.0
2025-12-27,ibm_kingston,21,181.8364,206.5504,0.0001087,0.0001087,0.00104823,0.00488281,32.0,32.0,68.0
2025-12-27,ibm_kingston,22,228.8773,109.6652,0.00040983,0.00040983,0.00143908,0.03173828,32.0,32.0,68.0
2025-12-27,ibm_kingston,23,289.4557,68.5562,0.00016702,0.00016702,0.00249681,0.00512695,32.0,32.0,68.0
2025-12-27,ibm_kingston,24,285.1395,39.1629,0.00039807,0.00039807,0.00336168,0.01586914,32.0,32.0,68.0
2025-12-27,ibm_kingston,25,82.7201,20.5631,0.00036276,0.00036276,0.00247354,0.00805664,32.0,32.0,68.0
2025-12-27,ibm_kingston,26,265.2449,85.9061,0.00047307,0.00047307,0.00279669,0.01342773,32.0,32.0,68.0
2025-12-27,ibm_kingston,27,191.4137,34.8968,0.00023188,0.00023188,0.00155229,0.01660156,32.0,32.0,68.0
2025-12-27,ibm_kingston,28,243.3882,261.6021,0.00016075,0.00016075,0.00276043,0.00634766,32.0,32.0,68.0
2025-12-27,ibm_kingston,29,212.1969,76.5433,0.00023574,0.00023574,0.00190808,0.00341797,32.0,32.0,80.0
2025-12-27,ibm_kingston,30,255.9242,39.2941,0.00031296,0.00031296,0.00152996,0.01269531,32.0,32.0,68.0
2025-12-27,ibm_kingston,31,123.7785,119.486,0.00030725,0.00030725,0.00299394,0.04150391,32.0,32.0,68.0
2025-12-27,ibm_kingston,32,331.5961,346.9598,0.00012515,0.00012515,0.00352231,0.00927734,32.0,32.0,68.0
2025-12-27,ibm_kingston,33,242.7764,253.2782,8.454e-05,8.454e-05,0.00247675,0.00708008,32.0,32.0,108.0
2025-12-27,ibm_kingston,34,262.2369,257.2324,0.00013203,0.00013203,0.00144783,0.01391602,32.0,32.0,68.0
2025-12-27,ibm_kingston,35,268.5646,289.5863,0.00010393,0.00010393,,0.01342773,32.0,32.0,
2025-12-27,ibm_kingston,36,240.7757,166.5526,0.00016057,0.00016057,,0.04077148,32.0,32.0,
2025-12-27,ibm_kingston,37,130.5625,21.9677,0.00072066,0.00072066,,0.0065918,32.0,32.0,
2025-12-27,ibm_kingston,38,236.6893,119.5051,0.00023527,0.00023527,,0.00854492,32.0,32.0,
2025-12-27,ibm_kingston,39,119.879,88.5975,0.00024739,0.00024739,,0.00585938,32.0,32.0,
2025-12-26,ibm_kingston,20,279.6008,20.4323,0.00012356,0.00012356,0.00182271,0.00598145,32.0,32.0,68.0
2025-12-26,ibm_kingston,21,181.8364,206.5504,0.0001087,0.0001087,0.00104823,0.00732422,32.0,32.0,68.0
2025-12-26,ibm_kingston,22,228.8773,109.6652,0.00040983,0.00040983,0.00143908,0.03063965,32.0,32.0,68.0
2025-12-26,ibm_kingston,23,289.4557,68.5562,0.00016702,0.00016702,0.00249681,0.00439453,32.0,32.0,68.0
2025-12-26,ibm_kingston,24,285.1395,39.1629,0.00039807,0.00039807,0.00336168,0.01721191,32.0,32.0,68.0
2025-12-26,ibm_kingston,25,82.7201,20.5631,0.00036276,0.00036276,0.00247354,0.0065918,32.0,32.0,68.0
2025-12-26,ibm_kingston,26,265.2449,85.9061,0.00047307,0.00047307,0.00279669,0.01647949,32.0,32.0,68.0
2025-12-26,ibm_kingston,27,191.4137,34.8968,0.00023188,0.00023188,0.00155229,0.01660156,32.0,32.0,68.0
2025-12-26,ibm_kingston,28,243.3882,261.6021,0.00016075,0.00016075,0.00276043,0.01416016,32.0,32.0,68.0
2025-12-26,ibm_kingston,29,212.1969,76.5433,0.00023574,0.00023574,0.00190808,0.01037598,32.0,32.0,80.0
2025-12-26,ibm_kingston,30,255.9242,39.2941,0.00031296,0.00031296,0.00152996,0.01013184,32.0,32.0,68.0
2025-12-26,ibm_kingston,31,123.7785,119.486,0.00030725,0.00030725,0.00299394,0.03186035,32.0,32.0,68.0
2025-12-26,ibm_kingston,32,331.5961,346.9598,0.00012515,0.00012515,0.00352231,0.01025391,32.0,32.0,68.0
2025-12-26,ibm_kingston,33,242.7764,253.2782,8.454e-05,8.454e-05,0.00247675,0.01196289,32.0,32.0,108.0
2025-12-26,ibm_kingston,34,262.2369,257.2324,0.00013203,0.00013203,0.00144783,0.01318359,32.0,32.0,68.0
2025-12-26,ibm_kingston,35,268.5646,289.5863,0.00010393,0.00010393,,0.01452637,32.0,32.0,
2025-12-26,ibm_kingston,36,240.7757,166.5526,0.00016057,0.00016057,,0.05371094,32.0,32.0,
2025-12-26,ibm_kingston,37,130.5625,21.9677,0.00072066,0.00072066,,0.00732422,32.0,32.0,
2025-12-26,ibm_kingston,38,236.6893,119.5051,0.00023527,0.00023527,,0.01098633,32.0,32.0,
2025-12-26,ibm_kingston,39,119.879,88.5975,0.00024739,0.00024739,,0.01135254,32.0,32.0,
2025-12-25,ibm_kingston,20,330.0067,20.5016,0.00016573,0.00016573,0.00168204,0.00817871,32.0,32.0,68.0
2025-12-25,ibm_kingston,21,337.0368,334.2752,0.00012411,0.00012411,0.00101772,0.00439453,32.0,32.0,68.0
2025-12-25,ibm_kingston,22,279.8186,110.4896,0.00027265,0.00027265,0.00138189,0.02575684,32.0,32.0,68.0
2025-12-25,ibm_kingston,23,300.2772,59.8016,0.00013748,0.00013748,0.00229798,0.01367188,32.0,32.0,68.0
2025-12-25,ibm_kingston,24,284.0171,36.0764,0.00038455,0.00038455,0.00293092,0.01782227,32.0,32.0,68.0
2025-12-25,ibm_kingston,25,284.7571,19.2732,0.00031801,0.00031801,0.00240772,0.00671387,32.0,32.0,68.0
2025-12-25,ibm_kingston,26,227.4701,79.4461,0.00021049,0.00021049,0.00245837,0.01342773,32.0,32.0,68.0
2025-12-25,ibm_kingston,27,325.8659,40.5633,0.00027047,0.00027047,0.00174054,0.00976562,32.0,32.0,68.0
2025-12-25,ibm_kingston,28,300.0726,291.5302,0.0002172,0.0002172,0.00281806,0.00817871,32.0,32.0,68.0
2025-12-25,ibm_kingston,29,193.4058,108.7956,0.00019724,0.00019724,0.00112478,0.00622559,32.0,32.0,80.0
2025-12-25,ibm_kingston,30,253.5651,38.2957,0.0003,0.0003,0.00143588,0.0065918,32.0,32.0,68.0
2025-12-25,ibm_kingston,31,171.1843,177.4543,0.00017647,0.00017647,0.00200808,0.05358887,32.0,32.0,68.0
2025-12-25,ibm_kingston,32,297.9108,344.1952,0.00013953,0.00013953,0.00281642,0.00744629,32.0,32.0,68.0
2025-12-25,ibm_kingston,33,457.531,381.4194,0.00015094,0.00015094,0.0030799,0.0057373,32.0,32.0,108.0
2025-12-25,ibm_kingston,34,308.7521,292.4994,0.00015857,0.00015857,0.0019822,0.01171875,32.0,32.0,68.0
2025-12-25,ibm_kingston,35,331.5305,401.6672,0.00011625,0.00011625,,0.02001953,32.0,32.0,
2025-12-25,ibm_kingston,36,229.816,165.1634,0.00016736,0.00016736,,0.0501709,32.0,32.0,
2025-12-25,ibm_kingston,37,203.2577,21.7492,0.00036277,0.00036277,,0.0045166,32.0,32.0,
2025-12-25,ibm_kingston,38,144.14,75.3432,0.0001681,0.0001681,,0.01220703,32.0,32.0,
2025-12-25,ibm_kingston,39,209.0541,44.5163,0.00020631,0.00020631,,0.0057373,32.0,32.0,
2025-12-24,ibm_kingston,20,312.5519,23.1497,0.00023002,0.00023002,0.00165471,0.00708008,32.0,32.0,68.0
2025-12-24,ibm_kingston,21,392.3951,345.5636,0.00019862,0.00019862,0.00102325,0.00415039,32.0,32.0,68.0
2025-12-24,ibm_kingston,22,274.6655,120.8288,0.00020783,0.00020783,0.00152054,0.03344727,32.0,32.0,68.0
2025-12-24,ibm_kingston,23,321.3135,88.0635,0.00016484,0.00016484,0.00215517,0.00500488,32.0,32.0,68.0
2025-12-24,ibm_kingston,24,278.5828,39.0645,0.00061094,0.00061094,0.0038749,0.01843262,32.0,32.0,68.0
2025-12-24,ibm_kingston,25,346.3076,20.3546,0.00027228,0.00027228,0.00263792,0.00549316,32.0,32.0,68.0
2025-12-24,ibm_kingston,26,278.8569,95.8165,0.000231,0.000231,0.00225164,0.015625,32.0,32.0,68.0
2025-12-24,ibm_kingston,27,420.5933,44.3199,0.00030082,0.00030082,0.00170165,0.01257324,32.0,32.0,68.0
2025-12-24,ibm_kingston,28,314.9023,375.6733,0.00029012,0.00029012,0.00253272,0.0090332,32.0,32.0,68.0
2025-12-24,ibm_kingston,29,200.404,57.6164,0.00016104,0.00016104,0.00170831,0.02966309,32.0,32.0,80.0
2025-12-24,ibm_kingston,30,229.8744,41.2445,0.00016085,0.00016085,0.00149321,0.02734375,32.0,32.0,68.0
2025-12-24,ibm_kingston,31,136.1087,135.0008,0.00019881,0.00019881,0.00232977,0.03515625,32.0,32.0,68.0
2025-12-24,ibm_kingston,32,340.3635,350.9093,0.00022601,0.00022601,0.00285449,0.00793457,32.0,32.0,68.0
2025-12-24,ibm_kingston,33,407.6867,433.3766,0.00017869,0.00017869,0.00222222,0.00830078,32.0,32.0,108.0
2025-12-24,ibm_kingston,34,246.5344,271.1414,0.00018472,0.00018472,0.00116851,0.01293945,32.0,32.0,68.0
2025-12-24,ibm_kingston,35,258.8724,310.188,0.00015196,0.00015196,,0.01245117,32.0,32.0,
2025-12-24,ibm_kingston,36,270.8608,167.9732,0.00024059,0.00024059,,0.04846191,32.0,32.0,
2025-12-24,ibm_kingston,37,176.6117,27.1873,0.00034871,0.00034871,,0.00463867,32.0,32.0,
2025-12-24,ibm_kingston,38,288.47,123.1996,0.00018255,0.00018255,,0.00976562,32.0,32.0,
2025-12-24,ibm_kingston,39,146.206,111.467,0.00027415,0.00027415,,0.00683594,32.0,32.0,
2025-12-23,ibm_kingston,20,375.9769,20.6726,0.0001603,0.0001603,0.00183401,0.00866699,32.0,32.0,68.0
2025-12-23,ibm_kingston,21,253.5758,309.3504,0.0001906,0.0001906,0.00099223,0.00366211,32.0,32.0,68.0
2025-12-23,ibm_kingston,22,340.0306,130.1886,0.00024,0.00024,0.00126631,0.02392578,32.0,32.0,68.0
2025-12-23,ibm_kingston,23,225.0038,56.7099,0.00013295,0.00013295,0.00203134,0.00622559,32.0,32.0,68.0
2025-12-23,ibm_kingston,24,352.4838,43.445,0.00035298,0.00035298,0.00320619,0.01538086,32.0,32.0,68.0
2025-12-23,ibm_kingston,25,261.4553,14.6975,0.00026759,0.00026759,0.0021464,0.0057373,32.0,32.0,68.0
2025-12-23,ibm_kingston,26,273.0095,88.1835,0.0002179,0.0002179,0.00189871,0.01489258,32.0,32.0,68.0
2025-12-23,ibm_kingston,27,409.3046,41.6684,0.00022078,0.00022078,0.00117455,0.00842285,32.0,32.0,68.0
2025-12-23,ibm_kingston,28,340.2844,310.548,0.00018339,0.00018339,0.00209824,0.01086426,32.0,32.0,68.0
2025-12-23,ibm_kingston,29,200.404,98.6444,0.00015479,0.00015479,0.00162787,0.00695801,32.0,32.0,80.0
2025-12-23,ibm_kingston,30,259.4192,46.9163,0.00022768,0.00022768,0.00160367,0.0111084,32.0,32.0,68.0
2025-12-23,ibm_kingston,31,190.5851,218.1033,0.00026122,0.00026122,0.00202143,0.04223633,32.0,32.0,68.0
2025-12-23,ibm_kingston,32,363.5146,386.5106,0.00016894,0.00016894,0.00274485,0.00720215,32.0,32.0,68.0
2025-12-23,ibm_kingston,33,261.3262,433.3766,0.00010239,0.00010239,0.0027468,0.00463867,32.0,32.0,108.0
2025-12-23,ibm_kingston,34,290.909,240.4979,0.00014242,0.00014242,0.00162291,0.0098877,32.0,32.0,68.0
2025-12-23,ibm_kingston,35,281.5053,219.5514,0.00012458,0.00012458,,0.01159668,32.0,32.0,
2025-12-23,ibm_kingston,36,294.7808,159.9418,0.00019704,0.00019704,,0.03942871,32.0,32.0,
2025-12-23,ibm_kingston,37,191.3803,26.5734,0.00030255,0.00030255,,0.00488281,32.0,32.0,
2025-12-23,ibm_kingston,38,262.3403,126.8676,0.00016834,0.00016834,,0.01037598,32.0,32.0,
2025-12-23,ibm_kingston,39,141.7761,112.916,0.0002176,0.0002176,,0.00793457,32.0,32.0,
2025-12-22,ibm_kingston,20,247.4304,17.9985,0.00358294,0.00358294,0.02828919,0.00598145,32.0,32.0,68.0
2025-12-22,ibm_kingston,21,243.7805,252.9138,0.00019827,0.00019827,0.00099223,0.00585938,32.0,32.0,68.0
2025-12-22,ibm_kingston,22,343.3639,125.1984,0.00018823,0.00018823,0.00126631,0.03161621,32.0,32.0,68.0
2025-12-22,ibm_kingston,23,172.0884,41.5938,0.00015667,0.00015667,0.00177365,0.00732422,32.0,32.0,68.0
2025-12-22,ibm_kingston,24,359.7829,41.9723,0.00029677,0.00029677,0.00280639,0.01696777,32.0,32.0,68.0
2025-12-22,ibm_kingston,25,127.9377,19.2211,0.00019096,0.00019096,0.00190449,0.0078125,32.0,32.0,68.0
2025-12-22,ibm_kingston,26,185.5932,103.7168,0.00019962,0.00019962,0.00170858,0.01342773,32.0,32.0,68.0
2025-12-22,ibm_kingston,27,363.742,51.4545,0.00017938,0.00017938,0.00114797,0.01147461,32.0,32.0,68.0
2025-12-22,ibm_kingston,28,157.2907,113.8892,0.00019393,0.00019393,0.00290552,0.00915527,32.0,32.0,68.0
2025-12-22,ibm_kingston,29,173.0268,62.9067,0.00022902,0.00022902,0.00170285,0.01196289,32.0,32.0,80.0
2025-12-22,ibm_kingston,30,227.2921,48.2836,0.00012371,0.00012371,0.0018127,0.00756836,32.0,32.0,68.0
2025-12-22,ibm_kingston,31,100.115,138.011,0.00017262,0.00017262,0.00198642,0.01513672,32.0,32.0,68.0
2025-12-22,ibm_kingston,32,247.6869,311.0999,0.00012995,0.00012995,0.00232094,0.0078125,32.0,32.0,68.0
2025-12-22,ibm_kingston,33,374.7458,223.2744,0.00012457,0.00012457,0.00223008,0.00915527,32.0,32.0,108.0
2025-12-22,ibm_kingston,34,159.9604,184.7726,0.00017792,0.00017792,0.00130241,0.01586914,32.0,32.0,68.0
2025-12-22,ibm_kingston,35,348.0166,395.5382,0.0001071,0.0001071,,0.01623535,32.0,32.0,
2025-12-22,ibm_kingston,36,226.9466,168.9123,0.00020151,0.00020151,,0.04992676,32.0,32.0,
2025-12-22,ibm_kingston,37,230.1709,24.6109,0.00037063,0.00037063,,0.00500488,32.0,32.0,
2025-12-22,ibm_kingston,38,221.307,117.4675,0.00114861,0.00114861,,0.00976562,32.0,32.0,
2025-12-22,ibm_kingston,39,140.3944,108.1259,0.00020785,0.00020785,,0.00646973,32.0,32.0,
2025-12-21,ibm_kingston,20,247.4304,17.9985,0.00358294,0.00358294,0.02828919,0.00915527,32.0,32.0,68.0
2025-12-21,ibm_kingston,21,243.7805,252.9138,0.00019827,0.00019827,0.00099223,0.00476074,32.0,32.0,68.0
2025-12-21,ibm_kingston,22,343.3639,125.1984,0.00018823,0.00018823,0.00126631,0.02416992,32.0,32.0,68.0
2025-12-21,ibm_kingston,23,172.0884,41.5938,0.00015667,0.00015667,0.00177365,0.00549316,32.0,32.0,68.0
2025-12-21,ibm_kingston,24,359.7829,41.9723,0.00029677,0.00029677,0.00280639,0.0177002,32.0,32.0,68.0
2025-12-21,ibm_kingston,25,127.9377,19.2211,0.00019096,0.00019096,0.00190449,0.02587891,32.0,32.0,68.0
2025-12-21,ibm_kingston,26,185.5932,103.7168,0.00019962,0.00019962,0.00170858,0.01257324,32.0,32.0,68.0
2025-12-21,ibm_kingston,27,363.742,51.4545,0.00017938,0.00017938,0.00114797,0.00878906,32.0,32.0,68.0
2025-12-21,ibm_kingston,28,157.2907,113.8892,0.00019393,0.00019393,0.00290552,0.00891113,32.0,32.0,68.0
2025-12-21,ibm_kingston,29,173.0268,62.9067,0.00022902,0.00022902,0.00170285,0.01916504,32.0,32.0,80.0
2025-12-21,ibm_kingston,30,227.2921,48.2836,0.00012371,0.00012371,0.0018127,0.0065918,32.0,32.0,68.0
2025-12-21,ibm_kingston,31,100.115,138.011,0.00017262,0.00017262,0.00198642,0.01611328,32.0,32.0,68.0
2025-12-21,ibm_kingston,32,247.6869,311.0999,0.00012995,0.00012995,0.00232094,0.01074219,32.0,32.0,68.0
2025-12-21,ibm_kingston,33,374.7458,223.2744,0.00012457,0.00012457,0.00223008,0.00793457,32.0,32.0,108.0
2025-12-21,ibm_kingston,34,159.9604,184.7726,0.00017792,0.00017792,0.00130241,0.01330566,32.0,32.0,68.0
2025-12-21,ibm_kingston,35,348.0166,395.5382,0.0001071,0.0001071,,0.01257324,32.0,32.0,
2025-12-21,ibm_kingston,36,226.9466,168.9123,0.00020151,0.00020151,,0.03991699,32.0,32.0,
2025-12-21,ibm_kingston,37,230.1709,24.6109,0.00037063,0.00037063,,0.01184082,32.0,32.0,
2025-12-21,ibm_kingston,38,221.307,117.4675,0.00114861,0.00114861,,0.00866699,32.0,32.0,
2025-12-21,ibm_kingston,39,140.3944,108.1259,0.00020785,0.00020785,,0.0090332,32.0,32.0,
2025-12-20,ibm_kingston,20,247.4304,21.4786,0.00032703,0.00032703,0.00174362,0.00744629,32.0,32.0,68.0
2025-12-20,ibm_kingston,21,381.3214,378.7182,0.00019238,0.00019238,0.00112494,0.00500488,32.0,32.0,68.0
2025-12-20,ibm_kingston,22,283.86,117.1883,0.00028424,0.00028424,0.00126152,0.02087402,32.0,32.0,68.0
2025-12-20,ibm_kingston,23,272.8161,84.235,0.00016459,0.00016459,0.00215591,0.00524902,32.0,32.0,68.0
2025-12-20,ibm_kingston,24,338.3148,38.2943,0.00061083,0.00061083,0.00407033,0.01623535,32.0,32.0,68.0
2025-12-20,ibm_kingston,25,238.3325,16.0275,0.00049539,0.00049539,0.00357404,0.00561523,32.0,32.0,68.0
2025-12-20,ibm_kingston,26,276.4392,102.899,0.00024782,0.00024782,0.00243385,0.01416016,32.0,32.0,68.0
2025-12-20,ibm_kingston,27,350.851,45.2747,0.00018046,0.00018046,0.00189454,0.00805664,32.0,32.0,68.0
2025-12-20,ibm_kingston,28,254.1372,236.0894,0.00024133,0.00024133,0.00343386,0.00927734,32.0,32.0,68.0
2025-12-20,ibm_kingston,29,193.6079,83.9665,0.00016389,0.00016389,0.00297028,0.00756836,32.0,32.0,80.0
2025-12-20,ibm_kingston,30,273.6912,44.7215,0.00027867,0.00027867,0.00292131,0.00708008,32.0,32.0,68.0
2025-12-20,ibm_kingston,31,178.0778,186.6087,0.00016546,0.00016546,0.00207602,0.02087402,32.0,32.0,68.0
2025-12-20,ibm_kingston,32,343.9362,448.8071,0.00013881,0.00013881,0.00336025,0.00830078,32.0,32.0,68.0
2025-12-20,ibm_kingston,33,374.7458,665.045,0.00063318,0.00063318,0.00331891,0.00549316,32.0,32.0,108.0
2025-12-20,ibm_kingston,34,163.9917,143.0865,0.00020684,0.00020684,0.00175791,0.01049805,32.0,32.0,68.0
2025-12-20,ibm_kingston,35,296.4074,330.7129,0.00013345,0.00013345,,0.01574707,32.0,32.0,
2025-12-20,ibm_kingston,36,271.7327,165.9049,0.00013781,0.00013781,,0.03295898,32.0,32.0,
2025-12-20,ibm_kingston,37,179.0187,24.1933,0.00027206,0.00027206,,0.00549316,32.0,32.0,
2025-12-20,ibm_kingston,38,256.733,125.2689,0.00022497,0.00022497,,0.00708008,32.0,32.0,
2025-12-20,ibm_kingston,39,116.0224,95.6155,0.00018459,0.00018459,,0.00732422,32.0,32.0,
2025-12-19,ibm_kingston,20,239.0378,20.8281,0.00029802,0.00029802,0.00169628,0.00695801,32.0,32.0,68.0
2025-12-19,ibm_kingston,21,309.2005,297.9278,0.00016513,0.00016513,0.0027366,0.0045166,32.0,32.0,68.0
2025-12-19,ibm_kingston,22,324.363,124.897,0.00033383,0.00033383,0.00164438,0.03210449,32.0,32.0,68.0
2025-12-19,ibm_kingston,23,237.2422,48.0051,0.00015948,0.00015948,0.00265705,0.00646973,32.0,32.0,68.0
2025-12-19,ibm_kingston,24,293.2857,29.2141,0.00065362,0.00065362,0.00400603,0.01708984,32.0,32.0,68.0
2025-12-19,ibm_kingston,25,338.5478,17.2083,0.00033868,0.00033868,0.00304419,0.00866699,32.0,32.0,68.0
2025-12-19,ibm_kingston,26,218.3197,61.9738,0.00031847,0.00031847,0.00268365,0.01257324,32.0,32.0,68.0
2025-12-19,ibm_kingston,27,174.7675,29.5021,0.00036491,0.00036491,0.00203813,0.00842285,32.0,32.0,68.0
2025-12-19,ibm_kingston,28,203.0751,187.242,0.00021731,0.00021731,0.00356278,0.01501465,32.0,32.0,68.0
2025-12-19,ibm_kingston,29,186.481,94.8541,0.00020232,0.00020232,0.00256203,0.00585938,32.0,32.0,80.0
2025-12-19,ibm_kingston,30,276.7426,37.5815,0.00022534,0.00022534,0.00157869,0.00488281,32.0,32.0,68.0
2025-12-19,ibm_kingston,31,185.8078,217.5783,0.00017707,0.00017707,0.00195687,0.08691406,32.0,32.0,68.0
2025-12-19,ibm_kingston,32,308.1298,431.8314,0.00013853,0.00013853,0.00235998,0.00671387,32.0,32.0,68.0
2025-12-19,ibm_kingston,33,520.0418,531.8633,0.00011601,0.00011601,0.00233025,0.00634766,32.0,32.0,108.0
2025-12-19,ibm_kingston,34,255.571,241.5908,0.00016158,0.00016158,0.0014644,0.01062012,32.0,32.0,68.0
2025-12-19,ibm_kingston,35,359.7791,403.6021,0.00014284,0.00014284,,0.01660156,32.0,32.0,
2025-12-19,ibm_kingston,36,202.9779,130.202,0.000278,0.000278,,0.04174805,32.0,32.0,
2025-12-19,ibm_kingston,37,107.8998,19.8424,0.00034483,0.00034483,,0.00427246,32.0,32.0,
2025-12-19,ibm_kingston,38,161.8903,32.3314,0.00025641,0.00025641,,0.00830078,32.0,32.0,
2025-12-19,ibm_kingston,39,158.4525,108.4802,0.00027701,0.00027701,,0.00708008,32.0,32.0,
2025-12-18,ibm_kingston,20,336.9343,23.2807,0.00025234,0.00025234,0.00344483,0.00561523,32.0,32.0,68.0
2025-12-18,ibm_kingston,21,292.8532,312.7964,0.00022746,0.00022746,0.0027366,0.00390625,32.0,32.0,68.0
2025-12-18,ibm_kingston,22,324.6459,122.8456,0.00031014,0.00031014,0.00124688,0.0267334,32.0,32.0,68.0
2025-12-18,ibm_kingston,23,279.492,79.1031,0.00015087,0.00015087,0.00222803,0.00671387,32.0,32.0,68.0
2025-12-18,ibm_kingston,24,290.9875,43.0308,0.00035557,0.00035557,0.00342231,0.01635742,32.0,32.0,68.0
2025-12-18,ibm_kingston,25,176.1621,18.5063,0.00028228,0.00028228,0.00240873,0.00402832,32.0,32.0,68.0
2025-12-18,ibm_kingston,26,287.5515,105.5927,0.00023465,0.00023465,0.00219179,0.01538086,32.0,32.0,68.0
2025-12-18,ibm_kingston,27,323.1924,52.3137,0.00031062,0.00031062,0.00176818,0.01171875,32.0,32.0,68.0
2025-12-18,ibm_kingston,28,363.3081,394.0967,0.00016343,0.00016343,0.00278468,0.0098877,32.0,32.0,68.0
2025-12-18,ibm_kingston,29,181.8764,90.0886,0.00013994,0.00013994,0.00198508,0.00671387,32.0,32.0,80.0
2025-12-18,ibm_kingston,30,199.3899,52.5122,0.00036112,0.00036112,0.00260232,0.00891113,32.0,32.0,68.0
2025-12-18,ibm_kingston,31,176.3518,197.0193,0.00016914,0.00016914,0.00301226,0.02514648,32.0,32.0,68.0
2025-12-18,ibm_kingston,32,313.1299,399.0101,0.00013226,0.00013226,0.00275576,0.00939941,32.0,32.0,68.0
2025-12-18,ibm_kingston,33,348.3224,546.4196,0.00010747,0.00010747,0.00200246,0.0057373,32.0,32.0,108.0
2025-12-18,ibm_kingston,34,227.3734,224.2268,0.00020767,0.00020767,0.00135161,0.01428223,32.0,32.0,68.0
2025-12-18,ibm_kingston,35,341.8722,367.6404,9.238e-05,9.238e-05,,0.01269531,32.0,32.0,
2025-12-18,ibm_kingston,36,361.5703,200.5275,0.00024027,0.00024027,,0.04040527,32.0,32.0,
2025-12-18,ibm_kingston,37,197.2086,24.6771,0.00028888,0.00028888,,0.00415039,32.0,32.0,
2025-12-18,ibm_kingston,38,161.8903,102.8878,0.00026556,0.00026556,,0.00732422,32.0,32.0,
2025-12-18,ibm_kingston,39,149.418,106.4924,0.0002081,0.0002081,,0.00708008,32.0,32.0,
2025-12-17,ibm_kingston,20,337.6156,23.6311,0.00022331,0.00022331,0.00171291,0.00732422,32.0,32.0,68.0
2025-12-17,ibm_kingston,21,409.4275,360.4971,0.00013752,0.00013752,0.00092543,0.00463867,32.0,32.0,68.0
2025-12-17,ibm_kingston,22,334.5694,125.8714,0.00016157,0.00016157,0.00124688,0.02990723,32.0,32.0,68.0
2025-12-17,ibm_kingston,23,184.8835,67.6005,0.00014779,0.00014779,0.00204986,0.00634766,32.0,32.0,68.0
2025-12-17,ibm_kingston,24,269.2496,40.5154,0.00040128,0.00040128,0.00282797,0.01965332,32.0,32.0,68.0
2025-12-17,ibm_kingston,25,208.7534,17.3751,0.00035084,0.00035084,0.00223066,0.01220703,32.0,32.0,68.0
2025-12-17,ibm_kingston,26,305.0763,96.4652,0.00026043,0.00026043,0.00205054,0.01293945,32.0,32.0,68.0
2025-12-17,ibm_kingston,27,227.7994,25.5499,0.00031283,0.00031283,0.00176818,0.01855469,32.0,32.0,68.0
2025-12-17,ibm_kingston,28,303.5068,287.503,0.0002161,0.0002161,0.00276161,0.01025391,32.0,32.0,68.0
2025-12-17,ibm_kingston,29,187.1494,107.6322,0.00011584,0.00011584,0.00161214,0.00842285,32.0,32.0,80.0
2025-12-17,ibm_kingston,30,245.9698,42.4666,0.00015872,0.00015872,0.00223304,0.00732422,32.0,32.0,68.0
2025-12-17,ibm_kingston,31,97.2118,123.3644,0.00023495,0.00023495,0.0024549,0.01452637,32.0,32.0,68.0
2025-12-17,ibm_kingston,32,393.515,427.632,0.00017549,0.00017549,0.00261643,0.00805664,32.0,32.0,68.0
2025-12-17,ibm_kingston,33,488.3902,642.3745,0.00011319,0.00011319,0.00155825,0.00720215,32.0,32.0,108.0
2025-12-17,ibm_kingston,34,229.2669,245.891,0.00019182,0.00019182,0.00142369,0.01306152,32.0,32.0,68.0
2025-12-17,ibm_kingston,35,330.67,370.3688,9.238e-05,9.238e-05,,0.01464844,32.0,32.0,
2025-12-17,ibm_kingston,36,193.8003,104.6449,0.00019637,0.00019637,,0.04064941,32.0,32.0,
2025-12-17,ibm_kingston,37,200.6563,24.6325,0.00029892,0.00029892,,0.00744629,32.0,32.0,
2025-12-17,ibm_kingston,38,249.6235,116.2216,0.00023351,0.00023351,,0.00927734,32.0,32.0,
2025-12-17,ibm_kingston,39,132.0038,120.1274,0.00023906,0.00023906,,0.00952148,32.0,32.0,
2025-12-16,ibm_kingston,20,360.2463,19.0642,0.0002296,0.0002296,0.0019325,0.00634766,32.0,32.0,68.0
2025-12-16,ibm_kingston,21,401.9886,401.5786,0.00010579,0.00010579,0.00119642,0.00476074,32.0,32.0,68.0
2025-12-16,ibm_kingston,22,330.598,125.3504,0.00020179,0.00020179,0.00124151,0.02709961,32.0,32.0,68.0
2025-12-16,ibm_kingston,23,295.0175,57.0842,0.00021485,0.00021485,0.0023985,0.00512695,32.0,32.0,68.0
2025-12-16,ibm_kingston,24,253.6637,35.9516,0.00054062,0.00054062,0.0041645,0.02038574,32.0,32.0,68.0
2025-12-16,ibm_kingston,25,302.2015,17.7371,0.00039764,0.00039764,0.00285937,0.00598145,32.0,32.0,68.0
2025-12-16,ibm_kingston,26,232.131,80.4345,0.00028805,0.00028805,0.00233552,0.02026367,32.0,32.0,68.0
2025-12-16,ibm_kingston,27,218.8466,35.9589,0.0002602,0.0002602,0.00160629,0.01086426,32.0,32.0,68.0
2025-12-16,ibm_kingston,28,293.7325,288.9163,0.00017623,0.00017623,0.00253755,0.00805664,32.0,32.0,68.0
2025-12-16,ibm_kingston,29,240.7671,90.1496,0.00016507,0.00016507,0.00247342,0.00634766,32.0,32.0,80.0
2025-12-16,ibm_kingston,30,300.7443,44.6427,0.00031756,0.00031756,0.00312867,0.0078125,32.0,32.0,68.0
2025-12-16,ibm_kingston,31,113.2714,140.3174,0.00027524,0.00027524,0.00319796,0.0279541,32.0,32.0,68.0
2025-12-16,ibm_kingston,32,347.223,414.6879,0.00014988,0.00014988,0.00263045,0.00854492,32.0,32.0,68.0
2025-12-16,ibm_kingston,33,270.0162,318.3837,0.00010382,0.00010382,0.0017462,0.00695801,32.0,32.0,108.0
2025-12-16,ibm_kingston,34,267.8315,290.2408,0.00018584,0.00018584,0.00137175,0.01135254,32.0,32.0,68.0
2025-12-16,ibm_kingston,35,210.3037,150.1997,0.00013928,0.00013928,,0.0111084,32.0,32.0,
2025-12-16,ibm_kingston,36,250.3037,175.0012,0.0001765,0.0001765,,0.05212402,32.0,32.0,
2025-12-16,ibm_kingston,37,216.1757,22.8593,0.00030052,0.00030052,,0.00427246,32.0,32.0,
2025-12-16,ibm_kingston,38,286.9596,120.1898,0.00018244,0.00018244,,0.00842285,32.0,32.0,
2025-12-16,ibm_kingston,39,96.0473,80.6642,0.00025364,0.00025364,,0.00817871,32.0,32.0,
2025-12-15,ibm_kingston,20,256.4558,20.312,0.00042982,0.00042982,0.00205294,0.00732422,32.0,32.0,68.0
2025-12-15,ibm_kingston,21,289.8574,319.7761,0.00015498,0.00015498,0.00119642,0.00610352,32.0,32.0,68.0
2025-12-15,ibm_kingston,22,332.6269,128.5344,0.00028483,0.00028483,0.001095,0.0300293,32.0,32.0,68.0
2025-12-15,ibm_kingston,23,248.1137,57.5444,0.00017613,0.00017613,0.00272181,0.00646973,32.0,32.0,68.0
2025-12-15,ibm_kingston,24,299.6936,35.2427,0.00029398,0.00029398,0.00309968,0.02050781,32.0,32.0,68.0
2025-12-15,ibm_kingston,25,297.0767,14.8256,0.00031718,0.00031718,0.00256399,0.03039551,32.0,32.0,68.0
2025-12-15,ibm_kingston,26,253.7289,95.8374,0.00024513,0.00024513,0.00230702,0.01367188,32.0,32.0,68.0
2025-12-15,ibm_kingston,27,351.2265,38.3581,0.00025198,0.00025198,0.00153682,0.00878906,32.0,32.0,68.0
2025-12-15,ibm_kingston,28,312.7268,379.6765,0.00016762,0.00016762,0.00217403,0.01293945,32.0,32.0,68.0
2025-12-15,ibm_kingston,29,155.906,89.2501,0.00019755,0.00019755,0.00159444,0.00817871,32.0,32.0,80.0
2025-12-15,ibm_kingston,30,181.5946,41.2172,0.00037847,0.00037847,0.00246238,0.00720215,32.0,32.0,68.0
2025-12-15,ibm_kingston,31,123.9837,140.9535,0.00019646,0.00019646,0.00243322,0.0222168,32.0,32.0,68.0
2025-12-15,ibm_kingston,32,228.0626,165.1133,0.00046704,0.00046704,0.0042859,0.01086426,32.0,32.0,68.0
2025-12-15,ibm_kingston,33,210.5259,228.6709,6.252e-05,6.252e-05,0.00305058,0.0078125,32.0,32.0,108.0
2025-12-15,ibm_kingston,34,298.4607,315.4444,0.00034167,0.00034167,0.00175758,0.01171875,32.0,32.0,68.0
2025-12-15,ibm_kingston,35,84.9863,109.2716,0.00032137,0.00032137,,0.0090332,32.0,32.0,
2025-12-15,ibm_kingston,36,353.1783,212.3639,0.00030252,0.00030252,,0.04418945,32.0,32.0,
2025-12-15,ibm_kingston,37,199.0408,22.0946,0.00037817,0.00037817,,0.00671387,32.0,32.0,
2025-12-15,ibm_kingston,38,160.7353,99.6951,0.0001574,0.0001574,,0.00878906,32.0,32.0,
2025-12-15,ibm_kingston,39,177.0922,114.7014,0.0002013,0.0002013,,0.00891113,32.0,32.0,
2025-12-14,ibm_kingston,20,256.4558,20.312,0.00018891,0.00018891,0.00177108,0.00634766,32.0,32.0,68.0
2025-12-14,ibm_kingston,21,289.8574,319.7761,0.00017089,0.00017089,0.00119642,0.00415039,32.0,32.0,68.0
2025-12-14,ibm_kingston,22,332.6269,128.5344,0.00023772,0.00023772,0.00117338,0.02783203,32.0,32.0,68.0
2025-12-14,ibm_kingston,23,248.1137,57.5444,0.00014015,0.00014015,0.00234589,0.00683594,32.0,32.0,68.0
2025-12-14,ibm_kingston,24,299.6936,35.2427,0.00044203,0.00044203,0.00351529,0.03015137,32.0,32.0,68.0
2025-12-14,ibm_kingston,25,297.0767,14.8256,0.00038124,0.00038124,0.00230828,0.00537109,32.0,32.0,68.0
2025-12-14,ibm_kingston,26,253.7289,95.8374,0.00023454,0.00023454,0.00253145,0.0135498,32.0,32.0,68.0
2025-12-14,ibm_kingston,27,351.2265,38.3581,0.000314,0.000314,0.00186233,0.01025391,32.0,32.0,68.0
2025-12-14,ibm_kingston,28,312.7268,379.6765,0.00016022,0.00016022,0.00318482,0.01293945,32.0,32.0,68.0
2025-12-14,ibm_kingston,29,155.906,89.2501,0.00023067,0.00023067,0.00187689,0.00537109,32.0,32.0,80.0
2025-12-14,ibm_kingston,30,181.5946,41.2172,0.00016032,0.00016032,0.0021128,0.01086426,32.0,32.0,68.0
2025-12-14,ibm_kingston,31,123.9837,140.9535,0.00021999,0.00021999,0.00260998,0.05187988,32.0,32.0,68.0
2025-12-14,ibm_kingston,32,228.0626,165.1133,0.00019003,0.00019003,0.00536181,0.01037598,32.0,32.0,68.0
2025-12-14,ibm_kingston,33,210.5259,228.6709,0.00015876,0.00015876,0.00305418,0.00817871,32.0,32.0,108.0
2025-12-14,ibm_kingston,34,298.4607,315.4444,0.00030122,0.00030122,0.00187669,0.01611328,32.0,32.0,68.0
2025-12-14,ibm_kingston,35,84.9863,109.2716,0.00038176,0.00038176,,0.00964355,32.0,32.0,
2025-12-14,ibm_kingston,36,353.1783,212.3639,0.00033133,0.00033133,,0.03979492,32.0,32.0,
2025-12-14,ibm_kingston,37,199.0408,22.0946,0.00043254,0.00043254,,0.00622559,32.0,32.0,
2025-12-14,ibm_kingston,38,160.7353,99.6951,0.00018697,0.00018697,,0.00854492,32.0,32.0,
2025-12-14,ibm_kingston,39,177.0922,114.7014,0.00022015,0.00022015,,0.00671387,32.0,32.0,
2025-12-13,ibm_kingston,20,233.8961,23.4546,0.00018891,0.00018891,0.00177108,0.00756836,32.0,32.0,68.0
2025-12-13,ibm_kingston,21,406.5471,316.3551,0.00017089,0.00017089,0.00119642,0.00524902,32.0,32.0,68.0
2025-12-13,ibm_kingston,22,259.6032,109.1604,0.00023772,0.00023772,0.00117338,0.02636719,32.0,32.0,68.0
2025-12-13,ibm_kingston,23,253.7933,72.3819,0.00014015,0.00014015,0.00234589,0.00646973,32.0,32.0,68.0
2025-12-13,ibm_kingston,24,315.9544,32.9222,0.00044203,0.00044203,0.00351529,0.02185059,32.0,32.0,68.0
2025-12-13,ibm_kingston,25,310.3648,14.5422,0.00038124,0.00038124,0.00230828,0.00610352,32.0,32.0,68.0
2025-12-13,ibm_kingston,26,217.7043,76.3049,0.00023454,0.00023454,0.00253145,0.01269531,32.0,32.0,68.0
2025-12-13,ibm_kingston,27,331.6906,32.6154,0.000314,0.000314,0.00186233,0.00976562,32.0,32.0,68.0
2025-12-13,ibm_kingston,28,267.9813,263.0075,0.00016022,0.00016022,0.00318482,0.01025391,32.0,32.0,68.0
2025-12-13,ibm_kingston,29,203.6356,92.7277,0.00023067,0.00023067,0.00187689,0.00488281,32.0,32.0,80.0
2025-12-13,ibm_kingston,30,228.5704,38.4699,0.00016032,0.00016032,0.0021128,0.00720215,32.0,32.0,68.0
2025-12-13,ibm_kingston,31,236.4774,240.5966,0.00021999,0.00021999,0.00260998,0.03930664,32.0,32.0,68.0
2025-12-13,ibm_kingston,32,228.0626,251.4353,0.00019003,0.00019003,0.00536181,0.01379395,32.0,32.0,68.0
2025-12-13,ibm_kingston,33,390.7874,278.0035,0.00015876,0.00015876,0.00305418,0.00683594,32.0,32.0,108.0
2025-12-13,ibm_kingston,34,191.5171,149.6006,0.00030122,0.00030122,0.00187669,0.01147461,32.0,32.0,68.0
2025-12-13,ibm_kingston,35,238.2248,255.7873,0.00038176,0.00038176,,0.01977539,32.0,32.0,
2025-12-13,ibm_kingston,36,189.522,136.8543,0.00033133,0.00033133,,0.04284668,32.0,32.0,
2025-12-13,ibm_kingston,37,184.3283,21.4617,0.00043254,0.00043254,,0.01123047,32.0,32.0,
2025-12-13,ibm_kingston,38,228.8324,102.032,0.00018697,0.00018697,,0.01062012,32.0,32.0,
2025-12-13,ibm_kingston,39,93.8756,89.8252,0.00022015,0.00022015,,0.00817871,32.0,32.0,
2025-12-12,ibm_kingston,20,209.6911,24.0519,0.00026837,0.00026837,0.00188577,0.00756836,32.0,32.0,68.0
2025-12-12,ibm_kingston,21,211.5732,232.7887,0.00017542,0.00017542,0.00103053,0.00524902,32.0,32.0,68.0
2025-12-12,ibm_kingston,22,380.9487,124.6552,0.00017289,0.00017289,0.00119596,0.02636719,32.0,32.0,68.0
2025-12-12,ibm_kingston,23,230.7497,72.3859,0.00014305,0.00014305,0.00295917,0.00646973,32.0,32.0,68.0
2025-12-12,ibm_kingston,24,341.322,39.8566,0.00066119,0.00066119,0.00293506,0.02185059,32.0,32.0,68.0
2025-12-12,ibm_kingston,25,372.9787,15.7567,0.00038214,0.00038214,0.00259261,0.00610352,32.0,32.0,68.0
2025-12-12,ibm_kingston,26,261.0231,81.0261,0.0002732,0.0002732,0.00237456,0.01269531,32.0,32.0,68.0
2025-12-12,ibm_kingston,27,404.1817,36.86,0.00027538,0.00027538,0.00152001,0.00976562,32.0,32.0,68.0
2025-12-12,ibm_kingston,28,238.2465,258.1585,0.00017055,0.00017055,0.00331309,0.01025391,32.0,32.0,68.0
2025-12-12,ibm_kingston,29,187.6759,66.6634,0.00023429,0.00023429,0.00218387,0.00488281,32.0,32.0,80.0
2025-12-12,ibm_kingston,30,301.96,51.4987,0.00018152,0.00018152,0.0020274,0.00720215,32.0,32.0,68.0
2025-12-12,ibm_kingston,31,136.573,146.8011,0.00022866,0.00022866,0.00215626,0.03930664,32.0,32.0,68.0
2025-12-12,ibm_kingston,32,217.7961,280.5731,0.00018736,0.00018736,0.00734971,0.01379395,32.0,32.0,68.0
2025-12-12,ibm_kingston,33,328.2227,391.5976,0.00012002,0.00012002,0.00272743,0.00683594,32.0,32.0,108.0
2025-12-12,ibm_kingston,34,238.3709,190.4625,0.0001828,0.0001828,0.00238309,0.01147461,32.0,32.0,68.0
2025-12-12,ibm_kingston,35,262.6668,284.3247,0.0002035,0.0002035,,0.01977539,32.0,32.0,
2025-12-12,ibm_kingston,36,293.0417,186.7609,0.00020731,0.00020731,,0.04284668,32.0,32.0,
2025-12-12,ibm_kingston,37,192.2937,24.2002,0.00040217,0.00040217,,0.01123047,32.0,32.0,
2025-12-12,ibm_kingston,38,296.1277,105.6142,0.00018213,0.00018213,,0.01062012,32.0,32.0,
2025-12-12,ibm_kingston,39,188.3216,110.4183,0.00021703,0.00021703,,0.00817871,32.0,32.0,
2025-12-11,ibm_kingston,20,291.1922,22.2255,0.00037675,0.00037675,0.00170346,0.0065918,32.0,32.0,68.0
2025-12-11,ibm_kingston,21,338.9931,360.5804,0.00015438,0.00015438,0.00109564,0.00354004,32.0,32.0,68.0
2025-12-11,ibm_kingston,22,165.6672,107.9634,0.00012364,0.00012364,0.00174654,0.0279541,32.0,32.0,68.0
2025-12-11,ibm_kingston,23,206.0553,55.8812,0.00025355,0.00025355,0.002883,0.00622559,32.0,32.0,68.0
2025-12-11,ibm_kingston,24,327.9158,38.4661,0.00037355,0.00037355,0.00298957,0.01452637,32.0,32.0,68.0
2025-12-11,ibm_kingston,25,394.3017,19.643,0.00029809,0.00029809,0.0029535,0.00549316,32.0,32.0,68.0
2025-12-11,ibm_kingston,26,155.4041,54.4118,0.00048766,0.00048766,0.00361494,0.01513672,32.0,32.0,68.0
2025-12-11,ibm_kingston,27,429.8815,38.9987,0.00025201,0.00025201,0.00175848,0.00976562,32.0,32.0,68.0
2025-12-11,ibm_kingston,28,359.182,379.0173,0.00017582,0.00017582,0.00351935,0.00842285,32.0,32.0,68.0
2025-12-11,ibm_kingston,29,174.4104,97.4111,0.00023655,0.00023655,0.00181017,0.00646973,32.0,32.0,80.0
2025-12-11,ibm_kingston,30,190.9482,62.5915,0.00029917,0.00029917,0.00173525,0.00915527,32.0,32.0,68.0
2025-12-11,ibm_kingston,31,137.2559,162.1668,0.00019822,0.00019822,0.0033172,0.04736328,32.0,32.0,68.0
2025-12-11,ibm_kingston,32,303.818,407.4644,0.00010384,0.00010384,0.00483989,0.00756836,32.0,32.0,68.0
2025-12-11,ibm_kingston,33,298.7557,558.5786,0.00010439,0.00010439,0.00206195,0.00598145,32.0,32.0,108.0
2025-12-11,ibm_kingston,34,218.3708,229.5718,0.00021115,0.00021115,0.00124706,0.01123047,32.0,32.0,68.0
2025-12-11,ibm_kingston,35,203.3248,280.1181,7.255e-05,7.255e-05,,0.01098633,32.0,32.0,
2025-12-11,ibm_kingston,36,219.5166,159.9431,0.00022977,0.00022977,,0.0378418,32.0,32.0,
2025-12-11,ibm_kingston,37,156.3663,19.0672,0.00031193,0.00031193,,0.00366211,32.0,32.0,
2025-12-11,ibm_kingston,38,262.3209,124.8776,0.000186,0.000186,,0.01049805,32.0,32.0,
2025-12-11,ibm_kingston,39,182.0513,117.3116,0.00023565,0.00023565,,0.00842285,32.0,32.0,
2025-12-10,ibm_kingston,20,342.9191,22.8955,0.00033098,0.00033098,0.00176505,0.00756836,32.0,32.0,68.0
2025-12-10,ibm_kingston,21,287.6663,278.0207,0.0001214,0.0001214,0.00111099,0.00256348,32.0,32.0,68.0
2025-12-10,ibm_kingston,22,312.1183,123.8674,0.00013429,0.00013429,0.00141112,0.02099609,32.0,32.0,68.0
2025-12-10,ibm_kingston,23,192.6451,51.1102,0.00019334,0.00019334,0.00258042,0.00622559,32.0,32.0,68.0
2025-12-10,ibm_kingston,24,303.001,24.524,0.00046186,0.00046186,0.00257593,0.01611328,32.0,32.0,68.0
2025-12-10,ibm_kingston,25,371.9222,14.9289,0.00035728,0.00035728,0.00217458,0.00732422,32.0,32.0,68.0
2025-12-10,ibm_kingston,26,155.4041,23.3382,0.00037028,0.00037028,0.00231292,0.01220703,32.0,32.0,68.0
2025-12-10,ibm_kingston,27,304.9207,25.8262,0.0003205,0.0003205,0.00147854,0.00854492,32.0,32.0,68.0
2025-12-10,ibm_kingston,28,168.7516,136.8268,0.00017582,0.00017582,0.00302437,0.00817871,32.0,32.0,68.0
2025-12-10,ibm_kingston,29,197.9131,75.2034,0.00013594,0.00013594,0.00156501,0.00354004,32.0,32.0,80.0
2025-12-10,ibm_kingston,30,234.6336,45.6998,0.00031808,0.00031808,0.00160621,0.00622559,32.0,32.0,68.0
2025-12-10,ibm_kingston,31,143.5037,169.8436,0.00025008,0.00025008,0.00332795,0.05151367,32.0,32.0,68.0
2025-12-10,ibm_kingston,32,293.4312,291.7591,0.0002495,0.0002495,0.00508546,0.00744629,32.0,32.0,68.0
2025-12-10,ibm_kingston,33,366.0094,338.937,0.00020786,0.00020786,0.0020833,0.01123047,32.0,32.0,108.0
2025-12-10,ibm_kingston,34,235.3792,210.7734,0.0001356,0.0001356,0.00132228,0.01159668,32.0,32.0,68.0
2025-12-10,ibm_kingston,35,255.7298,352.43,9.04e-05,9.04e-05,,0.02575684,32.0,32.0,
2025-12-10,ibm_kingston,36,243.0327,145.5944,0.00012789,0.00012789,,0.03344727,32.0,32.0,
2025-12-10,ibm_kingston,37,156.3663,22.2005,0.00051789,0.00051789,,0.00427246,32.0,32.0,
2025-12-10,ibm_kingston,38,237.9717,100.5666,0.00022675,0.00022675,,0.01245117,32.0,32.0,
2025-12-10,ibm_kingston,39,174.6617,109.9928,0.00019788,0.00019788,,0.00720215,32.0,32.0,
2025-12-09,ibm_kingston,20,342.9191,22.8955,0.00033098,0.00033098,0.00176505,0.00634766,32.0,32.0,68.0
2025-12-09,ibm_kingston,21,287.6663,278.0207,0.0001214,0.0001214,0.00111099,0.00402832,32.0,32.0,68.0
2025-12-09,ibm_kingston,22,312.1183,123.8674,0.00013429,0.00013429,0.00141112,0.02832031,32.0,32.0,68.0
2025-12-09,ibm_kingston,23,192.6451,51.1102,0.00019334,0.00019334,0.00258042,0.00476074,32.0,32.0,68.0
2025-12-09,ibm_kingston,24,303.001,24.524,0.00046186,0.00046186,0.00257593,0.01855469,32.0,32.0,68.0
2025-12-09,ibm_kingston,25,371.9222,14.9289,0.00035728,0.00035728,0.00217458,0.00671387,32.0,32.0,68.0
2025-12-09,ibm_kingston,26,155.4041,23.3382,0.00037028,0.00037028,0.00231292,0.01489258,32.0,32.0,68.0
2025-12-09,ibm_kingston,27,304.9207,25.8262,0.0003205,0.0003205,0.00147854,0.00878906,32.0,32.0,68.0
2025-12-09,ibm_kingston,28,168.7516,136.8268,0.00017582,0.00017582,0.00302437,0.00708008,32.0,32.0,68.0
2025-12-09,ibm_kingston,29,197.9131,75.2034,0.00013594,0.00013594,0.00156501,0.0065918,32.0,32.0,80.0
2025-12-09,ibm_kingston,30,234.6336,45.6998,0.00031808,0.00031808,0.00160621,0.0057373,32.0,32.0,68.0
2025-12-09,ibm_kingston,31,143.5037,169.8436,0.00025008,0.00025008,0.00332795,0.01855469,32.0,32.0,68.0
2025-12-09,ibm_kingston,32,293.4312,291.7591,0.0002495,0.0002495,0.00508546,0.01062012,32.0,32.0,68.0
2025-12-09,ibm_kingston,33,366.0094,338.937,0.00020786,0.00020786,0.0020833,0.00634766,32.0,32.0,108.0
2025-12-09,ibm_kingston,34,235.3792,210.7734,0.0001356,0.0001356,0.00132228,0.01306152,32.0,32.0,68.0
2025-12-09,ibm_kingston,35,255.7298,352.43,9.04e-05,9.04e-05,,0.01196289,32.0,32.0,
2025-12-09,ibm_kingston,36,243.0327,145.5944,0.00012789,0.00012789,,0.03649902,32.0,32.0,
2025-12-09,ibm_kingston,37,156.3663,22.2005,0.00051789,0.00051789,,0.00415039,32.0,32.0,
2025-12-09,ibm_kingston,38,237.9717,100.5666,0.00022675,0.00022675,,0.00488281,32.0,32.0,
2025-12-09,ibm_kingston,39,174.6617,109.9928,0.00019788,0.00019788,,0.01184082,32.0,32.0,
2025-12-08,ibm_kingston,20,353.7057,21.5021,0.00025101,0.00025101,0.00262934,0.00695801,32.0,32.0,68.0
2025-12-08,ibm_kingston,21,270.1304,226.6895,0.00016473,0.00016473,0.00901834,0.00537109,32.0,32.0,68.0
2025-12-08,ibm_kingston,22,368.1764,129.6382,0.00084059,0.00084059,0.00125681,0.03686523,32.0,32.0,68.0
2025-12-08,ibm_kingston,23,160.9146,53.4883,0.00289742,0.00289742,0.00328553,0.00524902,32.0,32.0,68.0
2025-12-08,ibm_kingston,24,227.929,28.743,0.00061434,0.00061434,0.00420942,0.0234375,32.0,32.0,68.0
2025-12-08,ibm_kingston,25,280.5257,13.6579,0.00079228,0.00079228,0.00311932,0.01098633,32.0,32.0,68.0
2025-12-08,ibm_kingston,26,155.4041,55.5597,0.00042385,0.00042385,0.00308993,0.01757812,32.0,32.0,68.0
2025-12-08,ibm_kingston,27,392.1717,30.3847,0.00059951,0.00059951,0.00216073,0.01049805,32.0,32.0,68.0
2025-12-08,ibm_kingston,28,258.2516,192.3817,0.00027901,0.00027901,0.00359071,0.00769043,32.0,32.0,68.0
2025-12-08,ibm_kingston,29,191.7344,74.2003,0.0002219,0.0002219,0.01417594,0.1986084,32.0,32.0,80.0
2025-12-08,ibm_kingston,30,168.9168,34.2752,0.00044314,0.00044314,0.00233105,0.01159668,32.0,32.0,68.0
2025-12-08,ibm_kingston,31,201.1535,181.5388,0.00022178,0.00022178,0.00359973,0.01831055,32.0,32.0,68.0
2025-12-08,ibm_kingston,32,307.9838,396.5642,0.00021984,0.00021984,0.00591679,0.00817871,32.0,32.0,68.0
2025-12-08,ibm_kingston,33,358.0198,432.9883,0.00023609,0.00023609,0.00452116,0.00927734,32.0,32.0,108.0
2025-12-08,ibm_kingston,34,278.7172,210.6441,0.00033838,0.00033838,0.0025705,0.01379395,32.0,32.0,68.0
2025-12-08,ibm_kingston,35,227.895,269.24,0.00020048,0.00020048,,0.01477051,32.0,32.0,
2025-12-08,ibm_kingston,36,289.1144,177.4352,0.00032426,0.00032426,,0.04162598,32.0,32.0,
2025-12-08,ibm_kingston,37,154.5112,24.3501,0.00046566,0.00046566,,0.00646973,32.0,32.0,
2025-12-08,ibm_kingston,38,219.2457,103.5419,0.00028051,0.00028051,,0.00878906,32.0,32.0,
2025-12-08,ibm_kingston,39,162.9737,106.3791,0.00022126,0.00022126,,0.00866699,32.0,32.0,
2025-12-07,ibm_kingston,20,251.1382,20.7742,0.00050902,0.00050902,0.00180393,0.01049805,32.0,32.0,68.0
2025-12-07,ibm_kingston,21,352.9955,342.0285,0.00017947,0.00017947,0.00106168,0.00390625,32.0,32.0,68.0
2025-12-07,ibm_kingston,22,325.9428,118.4242,9.772e-05,9.772e-05,0.00125681,0.02453613,32.0,32.0,68.0
2025-12-07,ibm_kingston,23,252.5254,78.0329,0.00012636,0.00012636,0.00328553,0.00537109,32.0,32.0,68.0
2025-12-07,ibm_kingston,24,286.5138,27.6005,0.0005363,0.0005363,0.00420942,0.0144043,32.0,32.0,68.0
2025-12-07,ibm_kingston,25,353.628,15.7167,0.00037064,0.00037064,0.00311932,0.00378418,32.0,32.0,68.0
2025-12-07,ibm_kingston,26,208.9463,61.7779,0.00026234,0.00026234,0.00308993,0.01574707,32.0,32.0,68.0
2025-12-07,ibm_kingston,27,250.7067,32.4562,0.00034159,0.00034159,0.00216073,0.00976562,32.0,32.0,68.0
2025-12-07,ibm_kingston,28,286.3305,338.3307,0.00021125,0.00021125,0.00359071,0.0098877,32.0,32.0,68.0
2025-12-07,ibm_kingston,29,183.6677,81.6531,0.00036689,0.00036689,0.00164822,0.01403809,32.0,32.0,80.0
2025-12-07,ibm_kingston,30,217.226,59.714,0.00032371,0.00032371,0.00233105,0.0065918,32.0,32.0,68.0
2025-12-07,ibm_kingston,31,133.9871,159.8216,0.00027634,0.00027634,0.00359973,0.03564453,32.0,32.0,68.0
2025-12-07,ibm_kingston,32,297.6874,103.4196,0.00014045,0.00014045,0.00294797,0.00610352,32.0,32.0,68.0
2025-12-07,ibm_kingston,33,67.5169,69.2861,0.00038437,0.00038437,0.00452116,0.00695801,32.0,32.0,108.0
2025-12-07,ibm_kingston,34,273.6694,270.7497,0.00015342,0.00015342,0.0015431,0.01196289,32.0,32.0,68.0
2025-12-07,ibm_kingston,35,218.3824,278.0237,0.00010754,0.00010754,,0.01318359,32.0,32.0,
2025-12-07,ibm_kingston,36,295.4462,153.2425,0.0001638,0.0001638,,0.03564453,32.0,32.0,
2025-12-07,ibm_kingston,37,174.8835,22.5667,0.00046388,0.00046388,,0.00537109,32.0,32.0,
2025-12-07,ibm_kingston,38,172.8794,94.3052,0.00021752,0.00021752,,0.00842285,32.0,32.0,
2025-12-07,ibm_kingston,39,136.591,93.9723,0.00017581,0.00017581,,0.00805664,32.0,32.0,
2025-12-06,ibm_kingston,20,171.9451,19.3223,0.00050902,0.00050902,0.00197349,0.00695801,32.0,32.0,68.0
2025-12-06,ibm_kingston,21,332.7134,243.421,0.00010016,0.00010016,0.00095308,0.00488281,32.0,32.0,68.0
2025-12-06,ibm_kingston,22,222.6722,99.1485,0.0003993,0.0003993,0.00128438,0.02685547,32.0,32.0,68.0
2025-12-06,ibm_kingston,23,287.6562,60.8779,0.0020999,0.0020999,0.00242993,0.00769043,32.0,32.0,68.0
2025-12-06,ibm_kingston,24,266.8063,27.8453,0.00050608,0.00050608,0.00328043,0.01708984,32.0,32.0,68.0
2025-12-06,ibm_kingston,25,313.3648,16.9352,0.0015804,0.0015804,0.00251217,0.00354004,32.0,32.0,68.0
2025-12-06,ibm_kingston,26,300.8982,62.346,0.00062245,0.00062245,0.00224994,0.02160645,32.0,32.0,68.0
2025-12-06,ibm_kingston,27,423.0415,31.2723,0.0004707,0.0004707,0.00157326,0.01000977,32.0,32.0,68.0
2025-12-06,ibm_kingston,28,334.3663,406.3364,0.00023336,0.00023336,0.00328242,0.0111084,32.0,32.0,68.0
2025-12-06,ibm_kingston,29,215.0186,82.1998,0.00014597,0.00014597,0.0020406,0.00744629,32.0,32.0,80.0
2025-12-06,ibm_kingston,30,280.1415,52.7998,0.00041258,0.00041258,0.0021354,0.00854492,32.0,32.0,68.0
2025-12-06,ibm_kingston,31,143.6926,163.1459,0.00039452,0.00039452,0.00336475,0.02404785,32.0,32.0,68.0
2025-12-06,ibm_kingston,32,350.6965,414.4019,0.00028527,0.00028527,0.00342035,0.00854492,32.0,32.0,68.0
2025-12-06,ibm_kingston,33,298.2927,352.1257,0.0004457,0.0004457,0.00482168,0.00549316,32.0,32.0,108.0
2025-12-06,ibm_kingston,34,216.2789,197.9114,0.00026572,0.00026572,0.00163,0.01171875,32.0,32.0,68.0
2025-12-06,ibm_kingston,35,273.701,274.2826,0.00013143,0.00013143,,0.01013184,32.0,32.0,
2025-12-06,ibm_kingston,36,170.9323,115.6199,0.00036865,0.00036865,,0.03674316,32.0,32.0,
2025-12-06,ibm_kingston,37,176.5696,20.5833,0.00036068,0.00036068,,0.00842285,32.0,32.0,
2025-12-06,ibm_kingston,38,137.4569,65.9652,0.00043494,0.00043494,,0.00927734,32.0,32.0,
2025-12-06,ibm_kingston,39,157.7341,98.0172,0.00022915,0.00022915,,0.00817871,32.0,32.0,
2025-12-05,ibm_kingston,20,171.9451,19.3223,0.00050902,0.00050902,0.00197349,0.00793457,32.0,32.0,68.0
2025-12-05,ibm_kingston,21,332.7134,243.421,0.00010016,0.00010016,0.00095308,0.00463867,32.0,32.0,68.0
2025-12-05,ibm_kingston,22,222.6722,99.1485,0.0003993,0.0003993,0.00128438,0.02966309,32.0,32.0,68.0
2025-12-05,ibm_kingston,23,287.6562,60.8779,0.0020999,0.0020999,0.00242993,0.00500488,32.0,32.0,68.0
2025-12-05,ibm_kingston,24,266.8063,27.8453,0.00050608,0.00050608,0.00328043,0.01696777,32.0,32.0,68.0
2025-12-05,ibm_kingston,25,313.3648,16.9352,0.0015804,0.0015804,0.00251217,0.0090332,32.0,32.0,68.0
2025-12-05,ibm_kingston,26,300.8982,62.346,0.00062245,0.00062245,0.00224994,0.01379395,32.0,32.0,68.0
2025-12-05,ibm_kingston,27,423.0415,31.2723,0.0004707,0.0004707,0.00157326,0.0111084,32.0,32.0,68.0
2025-12-05,ibm_kingston,28,334.3663,406.3364,0.00023336,0.00023336,0.00328242,0.00708008,32.0,32.0,68.0
2025-12-05,ibm_kingston,29,215.0186,82.1998,0.00014597,0.00014597,0.0020406,0.00744629,32.0,32.0,80.0
2025-12-05,ibm_kingston,30,280.1415,52.7998,0.00041258,0.00041258,0.0021354,0.01037598,32.0,32.0,68.0
2025-12-05,ibm_kingston,31,143.6926,163.1459,0.00039452,0.00039452,0.00336475,0.0189209,32.0,32.0,68.0
2025-12-05,ibm_kingston,32,350.6965,414.4019,0.00028527,0.00028527,0.00342035,0.00805664,32.0,32.0,68.0
2025-12-05,ibm_kingston,33,298.2927,352.1257,0.0004457,0.0004457,0.00482168,0.00634766,32.0,32.0,108.0
2025-12-05,ibm_kingston,34,216.2789,197.9114,0.00026572,0.00026572,0.00163,0.01208496,32.0,32.0,68.0
2025-12-05,ibm_kingston,35,273.701,274.2826,0.00013143,0.00013143,,0.01391602,32.0,32.0,
2025-12-05,ibm_kingston,36,170.9323,115.6199,0.00036865,0.00036865,,0.04162598,32.0,32.0,
2025-12-05,ibm_kingston,37,176.5696,20.5833,0.00036068,0.00036068,,0.01171875,32.0,32.0,
2025-12-05,ibm_kingston,38,137.4569,65.9652,0.00043494,0.00043494,,0.00915527,32.0,32.0,
2025-12-05,ibm_kingston,39,157.7341,98.0172,0.00022915,0.00022915,,0.00817871,32.0,32.0,
2025-12-04,ibm_kingston,20,166.7026,21.3298,0.00050902,0.00050902,0.00190401,0.00390625,32.0,32.0,68.0
2025-12-04,ibm_kingston,21,253.8266,238.2222,0.00010016,0.00010016,0.00110829,0.00195312,32.0,32.0,68.0
2025-12-04,ibm_kingston,22,244.8348,107.1306,0.0003993,0.0003993,0.00156003,0.02294922,32.0,32.0,68.0
2025-12-04,ibm_kingston,23,360.4127,65.1933,0.0020999,0.0020999,0.00232012,0.00146484,32.0,32.0,68.0
2025-12-04,ibm_kingston,24,201.5832,28.9949,0.00050608,0.00050608,0.00375903,0.01855469,32.0,32.0,68.0
2025-12-04,ibm_kingston,25,269.5852,16.6409,0.0015804,0.0015804,0.00255048,0.00341797,32.0,32.0,68.0
2025-12-04,ibm_kingston,26,277.061,70.7132,0.00062245,0.00062245,0.00217855,0.00927734,32.0,32.0,68.0
2025-12-04,ibm_kingston,27,274.9706,28.8094,0.0004707,0.0004707,0.00181082,0.00830078,32.0,32.0,68.0
2025-12-04,ibm_kingston,28,200.7378,177.1719,0.00023336,0.00023336,0.00373403,0.00683594,32.0,32.0,68.0
2025-12-04,ibm_kingston,29,172.8038,104.5443,0.00014597,0.00014597,0.00731537,0.00830078,32.0,32.0,80.0
2025-12-04,ibm_kingston,30,187.1466,37.4599,0.00041258,0.00041258,0.00186011,0.00634766,32.0,32.0,68.0
2025-12-04,ibm_kingston,31,120.8081,128.265,0.00039452,0.00039452,0.00215303,0.01806641,32.0,32.0,68.0
2025-12-04,ibm_kingston,32,150.9167,194.2658,0.00028527,0.00028527,0.00304127,0.01220703,32.0,32.0,68.0
2025-12-04,ibm_kingston,33,334.7227,431.6936,0.0004457,0.0004457,0.00341979,0.00585938,32.0,32.0,108.0
2025-12-04,ibm_kingston,34,281.1538,246.7522,0.00026572,0.00026572,0.00258704,0.01025391,32.0,32.0,68.0
2025-12-04,ibm_kingston,35,240.6472,290.7363,0.00013143,0.00013143,,0.01367188,32.0,32.0,
2025-12-04,ibm_kingston,36,194.5972,138.3166,0.00036865,0.00036865,,0.04150391,32.0,32.0,
2025-12-04,ibm_kingston,37,176.0784,21.5077,0.00036068,0.00036068,,0.01220703,32.0,32.0,
2025-12-04,ibm_kingston,38,246.0588,125.158,0.00043494,0.00043494,,0.00585938,32.0,32.0,
2025-12-04,ibm_kingston,39,200.6277,106.7031,0.00022915,0.00022915,,0.0078125,32.0,32.0,
2025-12-03,ibm_kingston,20,203.1828,18.6455,0.00050902,0.00050902,0.00190401,0.00537109,32.0,32.0,68.0
2025-12-03,ibm_kingston,21,319.3282,374.7798,0.00019921,0.00019921,0.00110829,0.00341797,32.0,32.0,68.0
2025-12-03,ibm_kingston,22,313.7207,120.1847,0.00014663,0.00014663,0.00156003,0.015625,32.0,32.0,68.0
2025-12-03,ibm_kingston,23,204.314,62.5226,0.00021562,0.00021562,0.00232012,0.00146484,32.0,32.0,68.0
2025-12-03,ibm_kingston,24,212.4488,29.5458,0.00052051,0.00052051,0.00375903,0.02001953,32.0,32.0,68.0
2025-12-03,ibm_kingston,25,294.6353,13.2531,0.00023408,0.00023408,0.00255048,0.00830078,32.0,32.0,68.0
2025-12-03,ibm_kingston,26,234.9772,81.7854,0.00025462,0.00025462,0.00217855,0.00976562,32.0,32.0,68.0
2025-12-03,ibm_kingston,27,186.7673,31.4369,0.00023332,0.00023332,0.00181082,0.01269531,32.0,32.0,68.0
2025-12-03,ibm_kingston,28,330.1595,383.0485,0.00014472,0.00014472,0.00373403,0.00683594,32.0,32.0,68.0
2025-12-03,ibm_kingston,29,184.7741,94.7639,0.00014597,0.00014597,0.00731537,0.00683594,32.0,32.0,80.0
2025-12-03,ibm_kingston,30,180.2426,52.9938,0.00054383,0.00054383,0.00186011,0.01269531,32.0,32.0,68.0
2025-12-03,ibm_kingston,31,307.3077,351.7827,0.00028139,0.00028139,0.00215303,0.02197266,32.0,32.0,68.0
2025-12-03,ibm_kingston,32,386.5544,520.8805,0.00026178,0.00026178,0.00304127,0.01123047,32.0,32.0,68.0
2025-12-03,ibm_kingston,33,371.0266,188.4815,9.678e-05,9.678e-05,0.00341979,0.00390625,32.0,32.0,108.0
2025-12-03,ibm_kingston,34,275.1689,251.7139,0.0003117,0.0003117,0.00258704,0.01904297,32.0,32.0,68.0
2025-12-03,ibm_kingston,35,85.8878,109.7805,0.00022011,0.00022011,,0.01123047,32.0,32.0,
2025-12-03,ibm_kingston,36,224.3322,167.4733,0.00026685,0.00026685,,0.02539062,32.0,32.0,
2025-12-03,ibm_kingston,37,198.8534,21.3592,0.00037966,0.00037966,,0.00585938,32.0,32.0,
2025-12-03,ibm_kingston,38,237.5556,119.5282,0.00018497,0.00018497,,0.00488281,32.0,32.0,
2025-12-03,ibm_kingston,39,232.5004,156.8338,0.00015203,0.00015203,,0.01806641,32.0,32.0,
2025-12-02,ibm_kingston,20,203.1828,18.6455,0.00050902,0.00050902,0.00190401,0.49951172,32.0,32.0,68.0
2025-12-02,ibm_kingston,21,319.3282,374.7798,0.00019921,0.00019921,0.00110829,0.4967041,32.0,32.0,68.0
2025-12-02,ibm_kingston,22,313.7207,120.1847,0.00014663,0.00014663,0.00156003,0.49536133,32.0,32.0,68.0
2025-12-02,ibm_kingston,23,204.314,62.5226,0.00021562,0.00021562,0.00232012,0.50793457,32.0,32.0,68.0
2025-12-02,ibm_kingston,24,212.4488,29.5458,0.00052051,0.00052051,0.00375903,0.50036621,32.0,32.0,68.0
2025-12-02,ibm_kingston,25,294.6353,13.2531,0.00023408,0.00023408,0.00255048,0.4987793,32.0,32.0,68.0
2025-12-02,ibm_kingston,26,234.9772,81.7854,0.00025462,0.00025462,0.00217855,0.50195312,32.0,32.0,68.0
2025-12-02,ibm_kingston,27,186.7673,31.4369,0.00023332,0.00023332,0.00181082,0.4967041,32.0,32.0,68.0
2025-12-02,ibm_kingston,28,330.1595,383.0485,0.00014472,0.00014472,0.00373403,0.49560547,32.0,32.0,68.0
2025-12-02,ibm_kingston,29,184.7741,94.7639,0.00014597,0.00014597,0.00731537,0.49645996,32.0,32.0,80.0
2025-12-02,ibm_kingston,30,180.2426,52.9938,0.00054383,0.00054383,0.04934291,0.51245117,32.0,32.0,68.0
2025-12-02,ibm_kingston,31,307.3077,351.7827,0.00028139,0.00028139,0.00215303,0.5032959,32.0,32.0,68.0
2025-12-02,ibm_kingston,32,386.5544,520.8805,0.00026178,0.00026178,0.00304127,0.49023438,32.0,32.0,68.0
2025-12-02,ibm_kingston,33,371.0266,188.4815,9.678e-05,9.678e-05,0.00341979,0.49963379,32.0,32.0,108.0
2025-12-02,ibm_kingston,34,275.1689,251.7139,0.0003117,0.0003117,0.00258704,0.50341797,32.0,32.0,68.0
2025-12-02,ibm_kingston,35,85.8878,109.7805,0.00022011,0.00022011,,0.49890137,32.0,32.0,
2025-12-02,ibm_kingston,36,224.3322,167.4733,0.00026685,0.00026685,,0.49609375,32.0,32.0,
2025-12-02,ibm_kingston,37,198.8534,21.3592,0.00037966,0.00037966,,0.49707031,32.0,32.0,
2025-12-02,ibm_kingston,38,237.5556,119.5282,0.00018497,0.00018497,,0.50769043,32.0,32.0,
2025-12-02,ibm_kingston,39,232.5004,156.8338,0.00015203,0.00015203,,0.50195312,32.0,32.0,
2025-12-01,ibm_kingston,20,203.1828,18.6455,0.00050902,0.00050902,0.00190401,0.49951172,32.0,32.0,68.0
2025-12-01,ibm_kingston,21,319.3282,374.7798,0.00019921,0.00019921,0.00110829,0.4967041,32.0,32.0,68.0
2025-12-01,ibm_kingston,22,313.7207,120.1847,0.00014663,0.00014663,0.00156003,0.49536133,32.0,32.0,68.0
2025-12-01,ibm_kingston,23,204.314,62.5226,0.00021562,0.00021562,0.00232012,0.50793457,32.0,32.0,68.0
2025-12-01,ibm_kingston,24,212.4488,29.5458,0.00052051,0.00052051,0.00375903,0.50036621,32.0,32.0,68.0
2025-12-01,ibm_kingston,25,294.6353,13.2531,0.00023408,0.00023408,0.00255048,0.4987793,32.0,32.0,68.0
2025-12-01,ibm_kingston,26,234.9772,81.7854,0.00025462,0.00025462,0.00217855,0.50195312,32.0,32.0,68.0
2025-12-01,ibm_kingston,27,186.7673,31.4369,0.00023332,0.00023332,0.00181082,0.4967041,32.0,32.0,68.0
2025-12-01,ibm_kingston,28,330.1595,383.0485,0.00014472,0.00014472,0.00373403,0.49560547,32.0,32.0,68.0
2025-12-01,ibm_kingston,29,184.7741,94.7639,0.00014597,0.00014597,0.00731537,0.49645996,32.0,32.0,80.0
2025-12-01,ibm_kingston,30,180.2426,52.9938,0.00054383,0.00054383,0.04934291,0.51245117,32.0,32.0,68.0
2025-12-01,ibm_kingston,31,307.3077,351.7827,0.00028139,0.00028139,0.00215303,0.5032959,32.0,32.0,68.0
2025-12-01,ibm_kingston,32,386.5544,520.8805,0.00026178,0.00026178,0.00304127,0.49023438,32.0,32.0,68.0
2025-12-01,ibm_kingston,33,371.0266,188.4815,9.678e-05,9.678e-05,0.00341979,0.49963379,32.0,32.0,108.0
2025-12-01,ibm_kingston,34,275.1689,251.7139,0.0003117,0.0003117,0.00258704,0.50341797,32.0,32.0,68.0
2025-12-01,ibm_kingston,35,85.8878,109.7805,0.00022011,0.00022011,,0.49890137,32.0,32.0,
2025-12-01,ibm_kingston,36,224.3322,167.4733,0.00026685,0.00026685,,0.49609375,32.0,32.0,
2025-12-01,ibm_kingston,37,198.8534,21.3592,0.00037966,0.00037966,,0.49707031,32.0,32.0,
2025-12-01,ibm_kingston,38,237.5556,119.5282,0.00018497,0.00018497,,0.50769043,32.0,32.0,
2025-12-01,ibm_kingston,39,232.5004,156.8338,0.00015203,0.00015203,,0.50195312,32.0,32.0,
2025-11-30,ibm_kingston,20,203.1828,18.6455,0.00050902,0.00050902,0.00190401,0.00366211,32.0,32.0,68.0
2025-11-30,ibm_kingston,21,319.3282,374.7798,0.00019921,0.00019921,0.00110829,0.00415039,32.0,32.0,68.0
2025-11-30,ibm_kingston,22,313.7207,120.1847,0.00014663,0.00014663,0.00156003,0.00634766,32.0,32.0,68.0
2025-11-30,ibm_kingston,23,204.314,62.5226,0.00021562,0.00021562,0.00232012,0.00415039,32.0,32.0,68.0
2025-11-30,ibm_kingston,24,212.4488,29.5458,0.00052051,0.00052051,0.00375903,0.01293945,32.0,32.0,68.0
2025-11-30,ibm_kingston,25,294.6353,13.2531,0.00023408,0.00023408,0.00255048,0.00708008,32.0,32.0,68.0
2025-11-30,ibm_kingston,26,234.9772,81.7854,0.00025462,0.00025462,0.00217855,0.01318359,32.0,32.0,68.0
2025-11-30,ibm_kingston,27,186.7673,31.4369,0.00023332,0.00023332,0.00181082,0.01855469,32.0,32.0,68.0
2025-11-30,ibm_kingston,28,330.1595,383.0485,0.00014472,0.00014472,0.00373403,0.01049805,32.0,32.0,68.0
2025-11-30,ibm_kingston,29,184.7741,94.7639,0.00014597,0.00014597,0.00731537,0.0065918,32.0,32.0,80.0
2025-11-30,ibm_kingston,30,180.2426,52.9938,0.00054383,0.00054383,0.04934291,0.00805664,32.0,32.0,68.0
2025-11-30,ibm_kingston,31,307.3077,351.7827,0.00028139,0.00028139,0.00215303,0.015625,32.0,32.0,68.0
2025-11-30,ibm_kingston,32,386.5544,520.8805,0.00026178,0.00026178,0.00304127,0.01342773,32.0,32.0,68.0
2025-11-30,ibm_kingston,33,371.0266,188.4815,9.678e-05,9.678e-05,0.00341979,0.00805664,32.0,32.0,108.0
2025-11-30,ibm_kingston,34,275.1689,251.7139,0.0003117,0.0003117,0.00258704,0.02368164,32.0,32.0,68.0
2025-11-30,ibm_kingston,35,85.8878,109.7805,0.00022011,0.00022011,,0.01879883,32.0,32.0,
2025-11-30,ibm_kingston,36,224.3322,167.4733,0.00026685,0.00026685,,0.02880859,32.0,32.0,
2025-11-30,ibm_kingston,37,198.8534,21.3592,0.00037966,0.00037966,,0.00390625,32.0,32.0,
2025-11-30,ibm_kingston,38,237.5556,119.5282,0.00018497,0.00018497,,0.00585938,32.0,32.0,
2025-11-30,ibm_kingston,39,232.5004,156.8338,0.00015203,0.00015203,,0.01318359,32.0,32.0,
2025-11-29,ibm_kingston,20,203.1828,18.6455,0.00050902,0.00050902,0.00505683,0.00683594,32.0,32.0,68.0
2025-11-29,ibm_kingston,21,319.3282,374.7798,0.00019921,0.00019921,0.00245231,0.00488281,32.0,32.0,68.0
2025-11-29,ibm_kingston,22,313.7207,120.1847,0.00014663,0.00014663,0.00132781,0.00598145,32.0,32.0,68.0
2025-11-29,ibm_kingston,23,204.314,62.5226,0.00021562,0.00021562,0.00256305,0.00341797,32.0,32.0,68.0
2025-11-29,ibm_kingston,24,212.4488,29.5458,0.00052051,0.00052051,0.00466443,0.01525879,32.0,32.0,68.0
2025-11-29,ibm_kingston,25,294.6353,13.2531,0.00023408,0.00023408,0.00293581,0.00646973,32.0,32.0,68.0
2025-11-29,ibm_kingston,26,234.9772,81.7854,0.00025462,0.00025462,0.00318069,0.01367188,32.0,32.0,68.0
2025-11-29,ibm_kingston,27,186.7673,31.4369,0.00023332,0.00023332,0.00240902,0.00732422,32.0,32.0,68.0
2025-11-29,ibm_kingston,28,330.1595,383.0485,0.00014472,0.00014472,0.00350729,0.00769043,32.0,32.0,68.0
2025-11-29,ibm_kingston,29,184.7741,94.7639,0.00014597,0.00014597,0.00728749,0.00561523,32.0,32.0,80.0
2025-11-29,ibm_kingston,30,180.2426,52.9938,0.00054383,0.00054383,1.0,0.00720215,32.0,32.0,68.0
2025-11-29,ibm_kingston,31,307.3077,351.7827,0.00028139,0.00028139,0.00295077,0.03356934,32.0,32.0,68.0
2025-11-29,ibm_kingston,32,386.5544,520.8805,0.00026178,0.00026178,0.00257117,0.01257324,32.0,32.0,68.0
2025-11-29,ibm_kingston,33,371.0266,188.4815,9.678e-05,9.678e-05,0.00321202,0.01501465,32.0,32.0,108.0
2025-11-29,ibm_kingston,34,275.1689,251.7139,0.0003117,0.0003117,0.00234851,0.02160645,32.0,32.0,68.0
2025-11-29,ibm_kingston,35,85.8878,109.7805,0.00022011,0.00022011,,0.01611328,32.0,32.0,
2025-11-29,ibm_kingston,36,224.3322,167.4733,0.00026685,0.00026685,,0.02124023,32.0,32.0,
2025-11-29,ibm_kingston,37,198.8534,21.3592,0.00037966,0.00037966,,0.00622559,32.0,32.0,
2025-11-29,ibm_kingston,38,237.5556,119.5282,0.00018497,0.00018497,,0.0065918,32.0,32.0,
2025-11-29,ibm_kingston,39,232.5004,156.8338,0.00015203,0.00015203,,0.01220703,32.0,32.0,
2025-11-28,ibm_kingston,20,200.6559,20.8948,0.0002798,0.0002798,0.00505683,0.00585938,32.0,32.0,68.0
2025-11-28,ibm_kingston,21,285.817,196.39,0.00014533,0.00014533,0.00245231,0.00537109,32.0,32.0,68.0
2025-11-28,ibm_kingston,22,143.3561,56.9217,0.0003064,0.0003064,0.00132781,0.00732422,32.0,32.0,68.0
2025-11-28,ibm_kingston,23,313.1756,59.5771,0.00017161,0.00017161,0.00256305,0.00476074,32.0,32.0,68.0
2025-11-28,ibm_kingston,24,212.4488,30.4453,0.00063674,0.00063674,0.00466443,0.01367188,32.0,32.0,68.0
2025-11-28,ibm_kingston,25,260.4469,11.624,0.00043679,0.00043679,0.00293581,0.00439453,32.0,32.0,68.0
2025-11-28,ibm_kingston,26,176.561,52.5656,0.00028797,0.00028797,0.00318069,0.01098633,32.0,32.0,68.0
2025-11-28,ibm_kingston,27,89.0844,25.3671,0.00039489,0.00039489,0.00240902,0.00634766,32.0,32.0,68.0
2025-11-28,ibm_kingston,28,239.3676,260.0138,0.00022895,0.00022895,0.00350729,0.00878906,32.0,32.0,68.0
2025-11-28,ibm_kingston,29,101.42,81.0346,0.00014902,0.00014902,0.00728749,0.00549316,32.0,32.0,80.0
2025-11-28,ibm_kingston,30,152.0387,40.6225,0.00048682,0.00048682,1.0,0.00805664,32.0,32.0,68.0
2025-11-28,ibm_kingston,31,120.2091,134.871,0.00042284,0.00042284,0.00295077,0.02368164,32.0,32.0,68.0
2025-11-28,ibm_kingston,32,182.5522,190.4454,0.00020105,0.00020105,0.00257117,0.0144043,32.0,32.0,68.0
2025-11-28,ibm_kingston,33,371.0266,414.9687,0.00013424,0.00013424,0.00321202,0.00952148,32.0,32.0,108.0
2025-11-28,ibm_kingston,34,209.867,191.5647,0.00028494,0.00028494,0.00234851,0.01928711,32.0,32.0,68.0
2025-11-28,ibm_kingston,35,82.5058,126.1245,0.00018975,0.00018975,,0.01757812,32.0,32.0,
2025-11-28,ibm_kingston,36,292.4644,208.886,0.00051227,0.00051227,,0.02282715,32.0,32.0,
2025-11-28,ibm_kingston,37,155.4817,20.487,0.0004755,0.0004755,,0.00390625,32.0,32.0,
2025-11-28,ibm_kingston,38,160.6608,64.6859,0.00030194,0.00030194,,0.00964355,32.0,32.0,
2025-11-28,ibm_kingston,39,166.3699,123.8479,0.00021642,0.00021642,,0.00878906,32.0,32.0,
2025-11-27,ibm_kingston,20,367.7052,24.543,0.0002798,0.0002798,0.00158259,0.0045166,32.0,32.0,68.0
2025-11-27,ibm_kingston,21,162.5423,160.3496,0.00011665,0.00011665,0.00129415,0.00512695,32.0,32.0,68.0
2025-11-27,ibm_kingston,22,143.3561,76.1952,0.00020656,0.00020656,0.00128712,0.0065918,32.0,32.0,68.0
2025-11-27,ibm_kingston,23,173.9751,56.5704,9.522e-05,9.522e-05,0.00213722,0.00378418,32.0,32.0,68.0
2025-11-27,ibm_kingston,24,386.8046,31.5791,0.00066908,0.00066908,0.00399794,0.01599121,32.0,32.0,68.0
2025-11-27,ibm_kingston,25,276.3622,14.5724,0.00033616,0.00033616,0.00300729,0.00610352,32.0,32.0,68.0
2025-11-27,ibm_kingston,26,280.144,76.2656,0.00026328,0.00026328,0.00517763,0.01257324,32.0,32.0,68.0
2025-11-27,ibm_kingston,27,216.6346,29.5175,0.00034524,0.00034524,0.00461343,0.00976562,32.0,32.0,68.0
2025-11-27,ibm_kingston,28,322.2264,354.0925,0.00020206,0.00020206,0.00423976,0.00952148,32.0,32.0,68.0
2025-11-27,ibm_kingston,29,164.0479,88.6389,0.00012439,0.00012439,0.00243085,0.00646973,32.0,32.0,80.0
2025-11-27,ibm_kingston,30,257.8866,68.9256,0.00019224,0.00019224,1.0,0.00695801,32.0,32.0,68.0
2025-11-27,ibm_kingston,31,266.5651,260.4257,0.00028755,0.00028755,0.00209825,0.015625,32.0,32.0,68.0
2025-11-27,ibm_kingston,32,336.5269,344.471,0.00014522,0.00014522,0.00275192,0.01391602,32.0,32.0,68.0
2025-11-27,ibm_kingston,33,327.9058,367.3592,0.00012464,0.00012464,0.00284793,0.01013184,32.0,32.0,108.0
2025-11-27,ibm_kingston,34,328.6503,254.548,0.00021117,0.00021117,0.00183929,0.01977539,32.0,32.0,68.0
2025-11-27,ibm_kingston,35,106.7731,141.12,0.00018085,0.00018085,,0.01733398,32.0,32.0,
2025-11-27,ibm_kingston,36,199.1944,150.9759,0.0001877,0.0001877,,0.02697754,32.0,32.0,
2025-11-27,ibm_kingston,37,206.2467,25.5025,0.00043821,0.00043821,,0.01062012,32.0,32.0,
2025-11-27,ibm_kingston,38,160.6608,101.3761,0.00022202,0.00022202,,0.00769043,32.0,32.0,
2025-11-27,ibm_kingston,39,222.3251,147.7615,0.00017177,0.00017177,,0.0098877,32.0,32.0,
2025-11-26,ibm_kingston,20,258.5949,20.3952,0.00024312,0.00024312,0.00163286,0.00610352,32.0,32.0,68.0
2025-11-26,ibm_kingston,21,354.8454,255.1043,0.00013206,0.00013206,0.0009863,0.00390625,32.0,32.0,68.0
2025-11-26,ibm_kingston,22,285.4485,27.431,0.00021357,0.00021357,0.0010572,0.0090332,32.0,32.0,68.0
2025-11-26,ibm_kingston,23,252.8748,51.8776,0.00026628,0.00026628,0.00154192,0.00537109,32.0,32.0,68.0
2025-11-26,ibm_kingston,24,251.7211,23.1723,0.00054918,0.00054918,0.00298518,0.01855469,32.0,32.0,68.0
2025-11-26,ibm_kingston,25,280.2488,14.7516,0.000414,0.000414,0.00231024,0.0065918,32.0,32.0,68.0
2025-11-26,ibm_kingston,26,246.7658,57.6115,0.0002989,0.0002989,0.00261915,0.01281738,32.0,32.0,68.0
2025-11-26,ibm_kingston,27,206.6413,19.2075,0.0003665,0.0003665,0.00208768,0.01330566,32.0,32.0,68.0
2025-11-26,ibm_kingston,28,349.8134,419.7541,0.0001567,0.0001567,0.00400901,0.00817871,32.0,32.0,68.0
2025-11-26,ibm_kingston,29,196.9218,111.5879,0.00023969,0.00023969,0.00174285,0.00720215,32.0,32.0,80.0
2025-11-26,ibm_kingston,30,235.2707,43.9995,0.0002678,0.0002678,1.0,0.01098633,32.0,32.0,68.0
2025-11-26,ibm_kingston,31,323.3919,304.799,0.00014669,0.00014669,0.00155048,0.03393555,32.0,32.0,68.0
2025-11-26,ibm_kingston,32,252.2863,342.6483,0.00023349,0.00023349,0.00290951,0.01635742,32.0,32.0,68.0
2025-11-26,ibm_kingston,33,320.9594,479.1161,0.00010984,0.00010984,0.00213903,0.01306152,32.0,32.0,108.0
2025-11-26,ibm_kingston,34,285.7889,264.0804,0.0002283,0.0002283,0.00177739,0.02294922,32.0,32.0,68.0
2025-11-26,ibm_kingston,35,66.5118,89.4224,0.00028581,0.00028581,,0.03173828,32.0,32.0,
2025-11-26,ibm_kingston,36,193.4701,143.5015,0.00016531,0.00016531,,0.03100586,32.0,32.0,
2025-11-26,ibm_kingston,37,161.2837,19.2269,0.00062231,0.00062231,,0.00622559,32.0,32.0,
2025-11-26,ibm_kingston,38,309.0994,120.6119,0.0001537,0.0001537,,0.00708008,32.0,32.0,
2025-11-26,ibm_kingston,39,161.0607,118.7833,0.0001631,0.0001631,,0.01220703,32.0,32.0,
2025-11-25,ibm_kingston,20,312.9728,19.7848,0.00021264,0.00021264,0.00175318,0.00488281,32.0,32.0,68.0
2025-11-25,ibm_kingston,21,346.6127,251.3071,0.00012156,0.00012156,0.00090332,0.00793457,32.0,32.0,68.0
2025-11-25,ibm_kingston,22,285.4485,113.5595,0.00043771,0.00043771,0.00110832,0.00805664,32.0,32.0,68.0
2025-11-25,ibm_kingston,23,245.8183,53.7762,0.00019645,0.00019645,0.00245405,0.00463867,32.0,32.0,68.0
2025-11-25,ibm_kingston,24,231.3952,22.8091,0.00040547,0.00040547,0.00384637,0.0135498,32.0,32.0,68.0
2025-11-25,ibm_kingston,25,272.8514,12.673,0.0004693,0.0004693,0.00362475,0.00769043,32.0,32.0,68.0
2025-11-25,ibm_kingston,26,319.213,52.2602,0.00025076,0.00025076,0.00347778,0.01049805,32.0,32.0,68.0
2025-11-25,ibm_kingston,27,206.6413,22.0246,0.00049329,0.00049329,0.00254759,0.00927734,32.0,32.0,68.0
2025-11-25,ibm_kingston,28,143.3845,155.9188,0.00020034,0.00020034,0.0042455,0.01025391,32.0,32.0,68.0
2025-11-25,ibm_kingston,29,202.3969,93.3094,0.00023969,0.00023969,0.00230874,0.00610352,32.0,32.0,80.0
2025-11-25,ibm_kingston,30,198.2582,53.484,0.00017365,0.00017365,1.0,0.01123047,32.0,32.0,68.0
2025-11-25,ibm_kingston,31,286.06,254.9378,0.00039615,0.00039615,0.00314848,0.01452637,32.0,32.0,68.0
2025-11-25,ibm_kingston,32,331.0969,421.6515,0.00043027,0.00043027,0.00367673,0.01818848,32.0,32.0,68.0
2025-11-25,ibm_kingston,33,214.1929,230.3471,0.00014214,0.00014214,0.00245174,0.01013184,32.0,32.0,108.0
2025-11-25,ibm_kingston,34,313.9971,258.1157,0.00032139,0.00032139,0.0024229,0.0213623,32.0,32.0,68.0
2025-11-25,ibm_kingston,35,79.6828,107.6854,0.00051985,0.00051985,,0.02233887,32.0,32.0,
2025-11-25,ibm_kingston,36,263.5604,173.3698,0.00018756,0.00018756,,0.02612305,32.0,32.0,
2025-11-25,ibm_kingston,37,164.7417,16.535,0.00033541,0.00033541,,0.01074219,32.0,32.0,
2025-11-25,ibm_kingston,38,238.2839,116.7755,0.0002014,0.0002014,,0.00695801,32.0,32.0,
2025-11-25,ibm_kingston,39,197.4432,118.9584,0.0001395,0.0001395,,0.01013184,32.0,32.0,
2025-11-24,ibm_kingston,20,324.2291,21.5521,0.00021264,0.00021264,0.00164295,0.00524902,32.0,32.0,68.0
2025-11-24,ibm_kingston,21,287.7298,306.1941,0.00011231,0.00011231,0.00131973,0.00549316,32.0,32.0,68.0
2025-11-24,ibm_kingston,22,279.0997,115.573,0.00014089,0.00014089,0.00135496,0.00732422,32.0,32.0,68.0
2025-11-24,ibm_kingston,23,235.8673,53.7124,0.00030726,0.00030726,0.00200556,0.00598145,32.0,32.0,68.0
2025-11-24,ibm_kingston,24,313.9605,36.8694,0.00046837,0.00046837,0.00331542,0.01184082,32.0,32.0,68.0
2025-11-24,ibm_kingston,25,323.0695,16.529,0.00039303,0.00039303,0.00245026,0.00610352,32.0,32.0,68.0
2025-11-24,ibm_kingston,26,296.8334,82.1369,0.00025076,0.00025076,0.00230848,0.01464844,32.0,32.0,68.0
2025-11-24,ibm_kingston,27,235.7163,32.5748,0.00025242,0.00025242,0.00160417,0.00561523,32.0,32.0,68.0
2025-11-24,ibm_kingston,28,262.4691,393.4973,0.00019428,0.00019428,0.00386492,0.00732422,32.0,32.0,68.0
2025-11-24,ibm_kingston,29,149.9423,73.2397,0.00016525,0.00016525,0.00260114,0.00769043,32.0,32.0,80.0
2025-11-24,ibm_kingston,30,178.0641,46.1862,0.00030441,0.00030441,1.0,0.01098633,32.0,32.0,68.0
2025-11-24,ibm_kingston,31,304.4438,258.9316,0.00010717,0.00010717,0.00204917,0.0177002,32.0,32.0,68.0
2025-11-24,ibm_kingston,32,192.2493,244.8178,0.00014704,0.00014704,0.00337344,0.01342773,32.0,32.0,68.0
2025-11-24,ibm_kingston,33,186.1928,232.6919,0.00028714,0.00028714,0.00187196,0.00805664,32.0,32.0,108.0
2025-11-24,ibm_kingston,34,298.0338,280.7462,0.00022114,0.00022114,0.00189782,0.01989746,32.0,32.0,68.0
2025-11-24,ibm_kingston,35,88.531,114.8541,0.00017644,0.00017644,,0.01867676,32.0,32.0,
2025-11-24,ibm_kingston,36,247.0964,173.0341,0.00012217,0.00012217,,0.02429199,32.0,32.0,
2025-11-24,ibm_kingston,37,198.9406,26.4299,0.00031045,0.00031045,,0.01086426,32.0,32.0,
2025-11-24,ibm_kingston,38,292.7552,122.2495,0.00018749,0.00018749,,0.0090332,32.0,32.0,
2025-11-24,ibm_kingston,39,200.2668,125.237,0.00018025,0.00018025,,0.00842285,32.0,32.0,
2025-11-23,ibm_kingston,20,209.1388,18.5266,0.00023344,0.00023344,0.00227428,0.00585938,32.0,32.0,68.0
2025-11-23,ibm_kingston,21,435.3359,457.5019,0.00027483,0.00027483,0.0014463,0.00585938,32.0,32.0,68.0
2025-11-23,ibm_kingston,22,143.6611,101.5512,0.00021265,0.00021265,0.00133453,0.00732422,32.0,32.0,68.0
2025-11-23,ibm_kingston,23,147.1547,54.2561,0.00011442,0.00011442,0.00231366,0.00476074,32.0,32.0,68.0
2025-11-23,ibm_kingston,24,220.1091,30.8731,0.00069882,0.00069882,0.00381337,0.0144043,32.0,32.0,68.0
2025-11-23,ibm_kingston,25,323.9323,16.1414,0.00033122,0.00033122,0.00256521,0.00427246,32.0,32.0,68.0
2025-11-23,ibm_kingston,26,274.4756,80.1094,0.00029258,0.00029258,0.00249624,0.01074219,32.0,32.0,68.0
2025-11-23,ibm_kingston,27,160.7104,29.8634,0.00029343,0.00029343,0.00179805,0.00695801,32.0,32.0,68.0
2025-11-23,ibm_kingston,28,230.1119,255.26,0.00021087,0.00021087,0.00392433,0.00915527,32.0,32.0,68.0
2025-11-23,ibm_kingston,29,150.4765,104.1793,0.00049706,0.00049706,0.00291121,0.00842285,32.0,32.0,80.0
2025-11-23,ibm_kingston,30,133.8462,48.7295,0.00030044,0.00030044,1.0,0.00830078,32.0,32.0,68.0
2025-11-23,ibm_kingston,31,304.6782,255.1452,0.00035462,0.00035462,0.00148399,0.02978516,32.0,32.0,68.0
2025-11-23,ibm_kingston,32,176.6137,198.4127,0.00035638,0.00035638,0.00340234,0.0144043,32.0,32.0,68.0
2025-11-23,ibm_kingston,33,306.9982,342.286,0.0001056,0.0001056,0.00241388,0.00866699,32.0,32.0,108.0
2025-11-23,ibm_kingston,34,275.7027,257.2365,0.00014846,0.00014846,0.00198543,0.0168457,32.0,32.0,68.0
2025-11-23,ibm_kingston,35,78.6571,108.35,0.00152978,0.00152978,,0.01879883,32.0,32.0,
2025-11-23,ibm_kingston,36,284.5805,186.5871,0.00017092,0.00017092,,0.01977539,32.0,32.0,
2025-11-23,ibm_kingston,37,142.5063,22.685,0.00109425,0.00109425,,0.00354004,32.0,32.0,
2025-11-23,ibm_kingston,38,183.6976,102.9329,0.00016592,0.00016592,,0.0057373,32.0,32.0,
2025-11-23,ibm_kingston,39,194.5512,145.9573,0.00016096,0.00016096,,0.00976562,32.0,32.0,
2025-11-22,ibm_kingston,20,209.1388,18.5266,0.00023344,0.00023344,0.00227428,0.00354004,32.0,32.0,68.0
2025-11-22,ibm_kingston,21,435.3359,457.5019,0.00027483,0.00027483,0.0014463,0.00439453,32.0,32.0,68.0
2025-11-22,ibm_kingston,22,143.6611,101.5512,0.00021265,0.00021265,0.00133453,0.00927734,32.0,32.0,68.0
2025-11-22,ibm_kingston,23,147.1547,54.2561,0.00011442,0.00011442,0.00231366,0.00537109,32.0,32.0,68.0
2025-11-22,ibm_kingston,24,220.1091,30.8731,0.00069882,0.00069882,0.00381337,0.01391602,32.0,32.0,68.0
2025-11-22,ibm_kingston,25,323.9323,16.1414,0.00033122,0.00033122,0.00256521,0.0065918,32.0,32.0,68.0
2025-11-22,ibm_kingston,26,274.4756,80.1094,0.00029258,0.00029258,0.00249624,0.01428223,32.0,32.0,68.0
2025-11-22,ibm_kingston,27,160.7104,29.8634,0.00029343,0.00029343,0.00179805,0.0111084,32.0,32.0,68.0
2025-11-22,ibm_kingston,28,230.1119,255.26,0.00021087,0.00021087,0.00392433,0.01062012,32.0,32.0,68.0
2025-11-22,ibm_kingston,29,150.4765,104.1793,0.00049706,0.00049706,0.00291121,0.00463867,32.0,32.0,80.0
2025-11-22,ibm_kingston,30,133.8462,48.7295,0.00030044,0.00030044,1.0,0.00976562,32.0,32.0,68.0
2025-11-22,ibm_kingston,31,304.6782,255.1452,0.00035462,0.00035462,0.00148399,0.01831055,32.0,32.0,68.0
2025-11-22,ibm_kingston,32,176.6137,198.4127,0.00035638,0.00035638,0.00340234,0.01550293,32.0,32.0,68.0
2025-11-22,ibm_kingston,33,306.9982,342.286,0.0001056,0.0001056,0.00241388,0.01220703,32.0,32.0,108.0
2025-11-22,ibm_kingston,34,275.7027,257.2365,0.00014846,0.00014846,0.00198543,0.01916504,32.0,32.0,68.0
2025-11-22,ibm_kingston,35,78.6571,108.35,0.00152978,0.00152978,,0.015625,32.0,32.0,
2025-11-22,ibm_kingston,36,284.5805,186.5871,0.00017092,0.00017092,,0.02685547,32.0,32.0,
2025-11-22,ibm_kingston,37,142.5063,22.685,0.00109425,0.00109425,,0.00646973,32.0,32.0,
2025-11-22,ibm_kingston,38,183.6976,102.9329,0.00016592,0.00016592,,0.00720215,32.0,32.0,
2025-11-22,ibm_kingston,39,194.5512,145.9573,0.00016096,0.00016096,,0.01391602,32.0,32.0,
2025-11-21,ibm_kingston,20,180.3917,19.0704,0.00023255,0.00023255,0.00193685,0.00634766,32.0,32.0,68.0
2025-11-21,ibm_kingston,21,257.4071,256.6366,0.00018521,0.00018521,0.00128001,0.00610352,32.0,32.0,68.0
2025-11-21,ibm_kingston,22,144.3731,99.8998,0.00022656,0.00022656,0.00109057,0.00756836,32.0,32.0,68.0
2025-11-21,ibm_kingston,23,176.5849,54.9846,0.00012393,0.00012393,0.00183397,0.00732422,32.0,32.0,68.0
2025-11-21,ibm_kingston,24,335.3502,27.965,0.00044698,0.00044698,0.00259024,0.01599121,32.0,32.0,68.0
2025-11-21,ibm_kingston,25,207.2285,14.492,0.00028016,0.00028016,0.00219602,0.00500488,32.0,32.0,68.0
2025-11-21,ibm_kingston,26,153.3826,62.1845,0.00026268,0.00026268,0.00212403,0.01391602,32.0,32.0,68.0
2025-11-21,ibm_kingston,27,212.1553,33.4973,0.00028951,0.00028951,0.00161464,0.00976562,32.0,32.0,68.0
2025-11-21,ibm_kingston,28,186.2362,212.8053,0.00018091,0.00018091,0.00369335,0.01013184,32.0,32.0,68.0
2025-11-21,ibm_kingston,29,188.9766,107.817,0.00018341,0.00018341,0.00255771,0.00549316,32.0,32.0,80.0
2025-11-21,ibm_kingston,30,168.8661,50.6857,0.00048326,0.00048326,1.0,0.00744629,32.0,32.0,68.0
2025-11-21,ibm_kingston,31,394.6045,294.4279,0.00013952,0.00013952,0.00299845,0.01818848,32.0,32.0,68.0
2025-11-21,ibm_kingston,32,226.8434,331.685,0.00019555,0.00019555,0.00257622,0.01574707,32.0,32.0,68.0
2025-11-21,ibm_kingston,33,377.9142,503.3403,9.916e-05,9.916e-05,0.00218417,0.0078125,32.0,32.0,108.0
2025-11-21,ibm_kingston,34,159.8516,176.4723,0.00013288,0.00013288,0.00180904,0.02697754,32.0,32.0,68.0
2025-11-21,ibm_kingston,35,87.6778,124.3925,0.00017284,0.00017284,,0.0189209,32.0,32.0,
2025-11-21,ibm_kingston,36,323.1663,190.7861,0.00023741,0.00023741,,0.02709961,32.0,32.0,
2025-11-21,ibm_kingston,37,166.4601,23.2682,0.00031958,0.00031958,,0.00476074,32.0,32.0,
2025-11-21,ibm_kingston,38,273.4345,125.1772,0.00021884,0.00021884,,0.00952148,32.0,32.0,
2025-11-21,ibm_kingston,39,166.5009,123.4021,0.00018302,0.00018302,,0.01647949,32.0,32.0,
2025-11-20,ibm_kingston,20,253.507,22.4478,0.00014552,0.00014552,0.00165218,0.00695801,32.0,32.0,68.0
2025-11-20,ibm_kingston,21,353.551,387.8716,0.00015063,0.00015063,0.00094613,0.00427246,32.0,32.0,68.0
2025-11-20,ibm_kingston,22,365.1916,125.6652,0.00018527,0.00018527,0.00128905,0.00878906,32.0,32.0,68.0
2025-11-20,ibm_kingston,23,209.4836,75.5345,0.00020256,0.00020256,0.0024254,0.00549316,32.0,32.0,68.0
2025-11-20,ibm_kingston,24,252.9123,44.1344,0.00063369,0.00063369,0.00235946,0.01586914,32.0,32.0,68.0
2025-11-20,ibm_kingston,25,450.8357,23.5795,0.00026029,0.00026029,0.00157729,0.00463867,32.0,32.0,68.0
2025-11-20,ibm_kingston,26,358.9626,149.2151,0.00023558,0.00023558,0.00153533,0.01367188,32.0,32.0,68.0
2025-11-20,ibm_kingston,27,256.8109,57.386,0.00068161,0.00068161,0.00135751,0.02844238,32.0,32.0,68.0
2025-11-20,ibm_kingston,28,249.3852,278.5519,0.00018483,0.00018483,0.00320859,0.01123047,32.0,32.0,68.0
2025-11-20,ibm_kingston,29,195.3924,72.0792,0.00051287,0.00051287,0.00348415,0.00866699,32.0,32.0,80.0
2025-11-20,ibm_kingston,30,249.2813,53.918,0.00024074,0.00024074,1.0,0.00952148,32.0,32.0,68.0
2025-11-20,ibm_kingston,31,289.9926,287.5541,0.00016875,0.00016875,0.00140483,0.0189209,32.0,32.0,68.0
2025-11-20,ibm_kingston,32,196.1196,229.5138,0.00012578,0.00012578,0.00308652,0.01525879,32.0,32.0,68.0
2025-11-20,ibm_kingston,33,467.263,646.053,8.933e-05,8.933e-05,0.00179665,0.01306152,32.0,32.0,108.0
2025-11-20,ibm_kingston,34,235.8948,267.3589,0.00017083,0.00017083,0.00168857,0.02075195,32.0,32.0,68.0
2025-11-20,ibm_kingston,35,90.7098,105.6029,0.0001935,0.0001935,,0.01428223,32.0,32.0,
2025-11-20,ibm_kingston,36,281.2918,188.4666,0.00022202,0.00022202,,0.02758789,32.0,32.0,
2025-11-20,ibm_kingston,37,124.2402,26.7062,0.00120218,0.00120218,,0.00439453,32.0,32.0,
2025-11-20,ibm_kingston,38,249.5444,114.2926,0.00019228,0.00019228,,0.0078125,32.0,32.0,
2025-11-20,ibm_kingston,39,115.1401,90.9502,0.00020829,0.00020829,,0.01159668,32.0,32.0,
2025-11-19,ibm_kingston,20,253.507,22.4478,0.00014552,0.00014552,0.00165218,0.00561523,32.0,32.0,68.0
2025-11-19,ibm_kingston,21,353.551,387.8716,0.00015063,0.00015063,0.00094613,0.01269531,32.0,32.0,68.0
2025-11-19,ibm_kingston,22,365.1916,125.6652,0.00018527,0.00018527,0.00128905,0.00927734,32.0,32.0,68.0
2025-11-19,ibm_kingston,23,209.4836,75.5345,0.00020256,0.00020256,0.0024254,0.00634766,32.0,32.0,68.0
2025-11-19,ibm_kingston,24,252.9123,44.1344,0.00063369,0.00063369,0.00235946,0.01928711,32.0,32.0,68.0
2025-11-19,ibm_kingston,25,450.8357,23.5795,0.00026029,0.00026029,0.00157729,0.00366211,32.0,32.0,68.0
2025-11-19,ibm_kingston,26,358.9626,149.2151,0.00023558,0.00023558,0.00153533,0.0090332,32.0,32.0,68.0
2025-11-19,ibm_kingston,27,256.8109,57.386,0.00068161,0.00068161,0.00135751,0.00854492,32.0,32.0,68.0
2025-11-19,ibm_kingston,28,249.3852,278.5519,0.00018483,0.00018483,0.00320859,0.00830078,32.0,32.0,68.0
2025-11-19,ibm_kingston,29,195.3924,72.0792,0.00051287,0.00051287,0.00348415,0.00415039,32.0,32.0,80.0
2025-11-19,ibm_kingston,30,249.2813,53.918,0.00024074,0.00024074,1.0,0.01074219,32.0,32.0,68.0
2025-11-19,ibm_kingston,31,289.9926,287.5541,0.00016875,0.00016875,0.00140483,0.03613281,32.0,32.0,68.0
2025-11-19,ibm_kingston,32,196.1196,229.5138,0.00012578,0.00012578,0.00308652,0.01391602,32.0,32.0,68.0
2025-11-19,ibm_kingston,33,467.263,646.053,8.933e-05,8.933e-05,0.00179665,0.00585938,32.0,32.0,108.0
2025-11-19,ibm_kingston,34,235.8948,267.3589,0.00017083,0.00017083,0.00168857,0.01660156,32.0,32.0,68.0
2025-11-19,ibm_kingston,35,90.7098,105.6029,0.0001935,0.0001935,,0.01953125,32.0,32.0,
2025-11-19,ibm_kingston,36,281.2918,188.4666,0.00022202,0.00022202,,0.02612305,32.0,32.0,
2025-11-19,ibm_kingston,37,124.2402,26.7062,0.00120218,0.00120218,,0.00683594,32.0,32.0,
2025-11-19,ibm_kingston,38,249.5444,114.2926,0.00019228,0.00019228,,0.00585938,32.0,32.0,
2025-11-19,ibm_kingston,39,115.1401,90.9502,0.00020829,0.00020829,,0.01196289,32.0,32.0,
2025-11-18,ibm_kingston,20,301.0528,21.225,0.00021352,0.00021352,0.00183372,0.00512695,32.0,32.0,68.0
2025-11-18,ibm_kingston,21,394.0118,458.7224,0.00021149,0.00021149,0.002913,0.00500488,32.0,32.0,68.0
2025-11-18,ibm_kingston,22,356.505,119.8973,0.0002749,0.0002749,0.00334681,0.00939941,32.0,32.0,68.0
2025-11-18,ibm_kingston,23,237.6457,67.8683,0.00015844,0.00015844,0.00202583,0.00439453,32.0,32.0,68.0
2025-11-18,ibm_kingston,24,288.4243,51.9871,0.00045575,0.00045575,0.00368684,0.0135498,32.0,32.0,68.0
2025-11-18,ibm_kingston,25,430.0477,22.2882,0.00021194,0.00021194,0.00294241,0.00463867,32.0,32.0,68.0
2025-11-18,ibm_kingston,26,294.0132,161.8882,0.00016771,0.00016771,0.00179801,0.0135498,32.0,32.0,68.0
2025-11-18,ibm_kingston,27,234.1785,63.9844,0.00018618,0.00018618,0.00139163,0.00634766,32.0,32.0,68.0
2025-11-18,ibm_kingston,28,353.7044,530.8997,0.00020352,0.00020352,0.00427007,0.01257324,32.0,32.0,68.0
2025-11-18,ibm_kingston,29,208.0381,111.1306,0.00027678,0.00027678,0.00263093,0.00683594,32.0,32.0,80.0
2025-11-18,ibm_kingston,30,245.2065,43.3909,0.00036329,0.00036329,1.0,0.01098633,32.0,32.0,68.0
2025-11-18,ibm_kingston,31,253.8541,299.7446,0.00018689,0.00018689,0.0016428,0.02258301,32.0,32.0,68.0
2025-11-18,ibm_kingston,32,190.9822,203.4855,0.00017235,0.00017235,0.00285468,0.0168457,32.0,32.0,68.0
2025-11-18,ibm_kingston,33,505.4274,676.1749,0.00011414,0.00011414,0.00211556,0.0098877,32.0,32.0,108.0
2025-11-18,ibm_kingston,34,288.0756,290.1393,0.00017141,0.00017141,0.00169684,0.02197266,32.0,32.0,68.0
2025-11-18,ibm_kingston,35,93.163,120.571,0.00020916,0.00020916,,0.01757812,32.0,32.0,
2025-11-18,ibm_kingston,36,199.1658,177.3332,0.00022202,0.00022202,,0.02038574,32.0,32.0,
2025-11-18,ibm_kingston,37,225.7848,26.6339,0.00026237,0.00026237,,0.00402832,32.0,32.0,
2025-11-18,ibm_kingston,38,301.6895,135.4843,0.00018711,0.00018711,,0.00683594,32.0,32.0,
2025-11-18,ibm_kingston,39,212.1961,139.4478,0.00019811,0.00019811,,0.01000977,32.0,32.0,
2025-11-17,ibm_kingston,20,308.132,21.7221,0.00022103,0.00022103,0.00214169,0.00512695,32.0,32.0,68.0
2025-11-17,ibm_kingston,21,344.139,322.0114,0.00018762,0.00018762,0.00096398,0.00390625,32.0,32.0,68.0
2025-11-17,ibm_kingston,22,255.6307,93.2693,0.00021618,0.00021618,0.00157896,0.00854492,32.0,32.0,68.0
2025-11-17,ibm_kingston,23,241.3907,64.0165,0.00011841,0.00011841,0.00211618,0.00390625,32.0,32.0,68.0
2025-11-17,ibm_kingston,24,261.3595,31.0665,0.00051536,0.00051536,0.00325208,0.01025391,32.0,32.0,68.0
2025-11-17,ibm_kingston,25,283.7856,16.0161,0.00036545,0.00036545,0.00263159,0.00488281,32.0,32.0,68.0
2025-11-17,ibm_kingston,26,301.9352,72.7111,0.0002527,0.0002527,0.00236349,0.01147461,32.0,32.0,68.0
2025-11-17,ibm_kingston,27,141.8082,27.0905,0.00034798,0.00034798,0.00157626,0.00537109,32.0,32.0,68.0
2025-11-17,ibm_kingston,28,347.8882,387.9052,0.00015381,0.00015381,0.00392008,0.00854492,32.0,32.0,68.0
2025-11-17,ibm_kingston,29,181.7582,88.3774,0.00018674,0.00018674,0.00149264,0.00610352,32.0,32.0,80.0
2025-11-17,ibm_kingston,30,212.2335,63.1357,0.00043647,0.00043647,1.0,0.00708008,32.0,32.0,68.0
2025-11-17,ibm_kingston,31,294.0288,264.4837,0.00013443,0.00013443,0.00150028,0.06152344,32.0,32.0,68.0
2025-11-17,ibm_kingston,32,277.889,247.875,0.00023082,0.00023082,0.0036614,0.0144043,32.0,32.0,68.0
2025-11-17,ibm_kingston,33,402.3204,534.0357,0.00010537,0.00010537,0.00241039,0.00927734,32.0,32.0,108.0
2025-11-17,ibm_kingston,34,244.207,230.0412,0.0001323,0.0001323,0.00165589,0.01806641,32.0,32.0,68.0
2025-11-17,ibm_kingston,35,107.3276,131.9268,0.00017324,0.00017324,,0.01513672,32.0,32.0,
2025-11-17,ibm_kingston,36,295.868,190.4139,0.00029968,0.00029968,,0.02636719,32.0,32.0,
2025-11-17,ibm_kingston,37,199.248,21.8955,0.00041501,0.00041501,,0.00488281,32.0,32.0,
2025-11-17,ibm_kingston,38,267.2073,112.2607,0.00020194,0.00020194,,0.00732422,32.0,32.0,
2025-11-17,ibm_kingston,39,207.1687,143.3355,0.00110635,0.00110635,,0.00976562,32.0,32.0,
2025-11-16,ibm_kingston,20,311.6581,22.0828,0.00030668,0.00030668,0.00147601,0.00415039,32.0,32.0,68.0
2025-11-16,ibm_kingston,21,415.9744,400.325,0.00018762,0.00018762,0.00082039,0.00439453,32.0,32.0,68.0
2025-11-16,ibm_kingston,22,271.743,121.2485,0.00013566,0.00013566,0.00182137,0.0090332,32.0,32.0,68.0
2025-11-16,ibm_kingston,23,273.2368,71.8255,6.797e-05,6.797e-05,0.00245163,0.00512695,32.0,32.0,68.0
2025-11-16,ibm_kingston,24,269.0664,47.7039,0.00039891,0.00039891,0.00277954,0.01757812,32.0,32.0,68.0
2025-11-16,ibm_kingston,25,319.0701,19.4152,0.00027252,0.00027252,0.00236165,0.00317383,32.0,32.0,68.0
2025-11-16,ibm_kingston,26,288.9862,103.4402,0.00025983,0.00025983,0.00192331,0.01342773,32.0,32.0,68.0
2025-11-16,ibm_kingston,27,221.2003,42.7142,0.00033994,0.00033994,0.00169921,0.00708008,32.0,32.0,68.0
2025-11-16,ibm_kingston,28,385.4815,365.0969,0.00018628,0.00018628,0.00522177,0.00952148,32.0,32.0,68.0
2025-11-16,ibm_kingston,29,169.6391,73.0037,0.00019061,0.00019061,0.00227191,0.00366211,32.0,32.0,80.0
2025-11-16,ibm_kingston,30,236.4289,46.2615,0.0002388,0.0002388,1.0,0.01049805,32.0,32.0,68.0
2025-11-16,ibm_kingston,31,318.4301,307.3201,0.00013497,0.00013497,0.00248627,0.04907227,32.0,32.0,68.0
2025-11-16,ibm_kingston,32,412.036,575.8762,0.00024756,0.00024756,0.00414441,0.02075195,32.0,32.0,68.0
2025-11-16,ibm_kingston,33,370.5095,590.4276,9.651e-05,9.651e-05,0.00265161,0.00610352,32.0,32.0,108.0
2025-11-16,ibm_kingston,34,271.8408,260.2545,0.00017186,0.00017186,0.00168178,0.01464844,32.0,32.0,68.0
2025-11-16,ibm_kingston,35,66.3327,103.561,0.00014893,0.00014893,,0.02441406,32.0,32.0,
2025-11-16,ibm_kingston,36,319.6427,225.6633,0.00014155,0.00014155,,0.02832031,32.0,32.0,
2025-11-16,ibm_kingston,37,188.1905,28.7442,0.00047461,0.00047461,,0.00268555,32.0,32.0,
2025-11-16,ibm_kingston,38,284.9884,131.291,0.00017681,0.00017681,,0.00537109,32.0,32.0,
2025-11-16,ibm_kingston,39,193.8439,147.9975,0.00014798,0.00014798,,0.00854492,32.0,32.0,
2025-11-15,ibm_kingston,20,305.0835,20.6073,0.00032843,0.00032843,0.00145593,0.00402832,32.0,32.0,68.0
2025-11-15,ibm_kingston,21,418.6948,423.6661,9.858e-05,9.858e-05,0.00075083,0.00292969,32.0,32.0,68.0
2025-11-15,ibm_kingston,22,260.8659,105.2674,0.00022833,0.00022833,0.00114518,0.00891113,32.0,32.0,68.0
2025-11-15,ibm_kingston,23,338.2418,62.3929,0.0001951,0.0001951,0.00138364,0.00476074,32.0,32.0,68.0
2025-11-15,ibm_kingston,24,198.4271,38.8987,0.0005493,0.0005493,0.00265188,0.01599121,32.0,32.0,68.0
2025-11-15,ibm_kingston,25,372.9723,18.7001,0.00020073,0.00020073,0.0020799,0.00390625,32.0,32.0,68.0
2025-11-15,ibm_kingston,26,199.5047,85.1051,0.00025122,0.00025122,0.00197489,0.01245117,32.0,32.0,68.0
2025-11-15,ibm_kingston,27,235.1674,43.9292,0.00026937,0.00026937,0.00153159,0.00866699,32.0,32.0,68.0
2025-11-15,ibm_kingston,28,303.5077,384.3708,0.00021333,0.00021333,0.00301106,0.01208496,32.0,32.0,68.0
2025-11-15,ibm_kingston,29,180.5764,86.9639,0.00015465,0.00015465,0.00213331,0.01062012,32.0,32.0,80.0
2025-11-15,ibm_kingston,30,266.2929,55.2539,0.00019479,0.00019479,1.0,0.00805664,32.0,32.0,68.0
2025-11-15,ibm_kingston,31,348.1121,307.8589,0.00014072,0.00014072,0.0023061,0.02502441,32.0,32.0,68.0
2025-11-15,ibm_kingston,32,286.8498,401.3789,0.00021322,0.00021322,0.00803487,0.01782227,32.0,32.0,68.0
2025-11-15,ibm_kingston,33,343.8048,518.562,0.0002171,0.0002171,0.00222879,0.01184082,32.0,32.0,108.0
2025-11-15,ibm_kingston,34,234.3627,230.0753,0.00023976,0.00023976,0.00164829,0.01782227,32.0,32.0,68.0
2025-11-15,ibm_kingston,35,107.1754,127.3376,0.00018945,0.00018945,,0.01977539,32.0,32.0,
2025-11-15,ibm_kingston,36,268.6717,210.3818,0.00018756,0.00018756,,0.02832031,32.0,32.0,
2025-11-15,ibm_kingston,37,218.2904,23.491,0.00029364,0.00029364,,0.00354004,32.0,32.0,
2025-11-15,ibm_kingston,38,245.7685,119.7895,0.00018511,0.00018511,,0.00488281,32.0,32.0,
2025-11-15,ibm_kingston,39,262.5631,156.4692,0.00012307,0.00012307,,0.0123291,32.0,32.0,
2025-11-14,ibm_kingston,20,241.5076,21.0446,0.00263689,0.00263689,0.001713,0.00476074,32.0,32.0,68.0
2025-11-14,ibm_kingston,21,410.407,337.8395,9.858e-05,9.858e-05,0.00111537,0.00817871,32.0,32.0,68.0
2025-11-14,ibm_kingston,22,230.5394,103.1133,0.0003159,0.0003159,0.00138401,0.01037598,32.0,32.0,68.0
2025-11-14,ibm_kingston,23,272.0477,80.0128,0.00013465,0.00013465,0.00202985,0.00463867,32.0,32.0,68.0
2025-11-14,ibm_kingston,24,313.0576,33.8657,0.00042913,0.00042913,0.00333255,0.01525879,32.0,32.0,68.0
2025-11-14,ibm_kingston,25,226.7495,16.9405,0.00028487,0.00028487,0.00247491,0.0057373,32.0,32.0,68.0
2025-11-14,ibm_kingston,26,303.863,88.5513,0.00031069,0.00031069,0.00248409,0.01062012,32.0,32.0,68.0
2025-11-14,ibm_kingston,27,264.7966,34.0794,0.00035441,0.00035441,0.00238166,0.00817871,32.0,32.0,68.0
2025-11-14,ibm_kingston,28,307.5277,302.4646,0.00019655,0.00019655,0.00458047,0.00964355,32.0,32.0,68.0
2025-11-14,ibm_kingston,29,201.4512,96.9227,0.00021548,0.00021548,0.00243184,0.00793457,32.0,32.0,80.0
2025-11-14,ibm_kingston,30,192.9179,44.7921,0.00023268,0.00023268,1.0,0.01452637,32.0,32.0,68.0
2025-11-14,ibm_kingston,31,354.0508,276.7651,0.00014848,0.00014848,0.00292406,0.01647949,32.0,32.0,68.0
2025-11-14,ibm_kingston,32,381.8794,434.4615,0.00016619,0.00016619,0.01227779,0.01550293,32.0,32.0,68.0
2025-11-14,ibm_kingston,33,224.3674,280.3639,0.00011418,0.00011418,0.00261584,0.01086426,32.0,32.0,108.0
2025-11-14,ibm_kingston,34,227.6866,194.0689,0.00022381,0.00022381,0.00188001,0.02050781,32.0,32.0,68.0
2025-11-14,ibm_kingston,35,97.4675,134.9695,0.0001943,0.0001943,,0.01635742,32.0,32.0,
2025-11-14,ibm_kingston,36,355.1898,224.169,0.00020128,0.00020128,,0.0246582,32.0,32.0,
2025-11-14,ibm_kingston,37,237.8808,23.0507,0.00029599,0.00029599,,0.00622559,32.0,32.0,
2025-11-14,ibm_kingston,38,266.3114,107.4389,0.00023525,0.00023525,,0.00732422,32.0,32.0,
2025-11-14,ibm_kingston,39,194.5448,151.0432,0.00016649,0.00016649,,0.0123291,32.0,32.0,
2025-11-13,ibm_kingston,20,256.5378,19.4608,0.0001963,0.0001963,0.00381884,0.00598145,32.0,32.0,68.0
2025-11-13,ibm_kingston,21,306.3654,260.8397,0.00017462,0.00017462,0.00100723,0.0045166,32.0,32.0,68.0
2025-11-13,ibm_kingston,22,301.8284,116.7417,0.00024648,0.00024648,0.00101354,0.00817871,32.0,32.0,68.0
2025-11-13,ibm_kingston,23,184.9803,79.226,0.00015544,0.00015544,0.00198955,0.00598145,32.0,32.0,68.0
2025-11-13,ibm_kingston,24,319.4393,31.4848,0.00042384,0.00042384,0.00294931,0.01635742,32.0,32.0,68.0
2025-11-13,ibm_kingston,25,288.7534,14.2041,0.00031396,0.00031396,0.00248444,0.00671387,32.0,32.0,68.0
2025-11-13,ibm_kingston,26,278.4152,68.5386,0.00030503,0.00030503,0.00229369,0.01611328,32.0,32.0,68.0
2025-11-13,ibm_kingston,27,236.6971,27.6979,0.00036073,0.00036073,0.00152107,0.0065918,32.0,32.0,68.0
2025-11-13,ibm_kingston,28,178.6695,204.5753,0.00020679,0.00020679,0.00349135,0.0111084,32.0,32.0,68.0
2025-11-13,ibm_kingston,29,172.2301,91.5897,0.00014339,0.00014339,0.00337738,0.00634766,32.0,32.0,80.0
2025-11-13,ibm_kingston,30,282.3173,50.9535,0.00041914,0.00041914,1.0,0.01171875,32.0,32.0,68.0
2025-11-13,ibm_kingston,31,274.085,258.7887,0.00022628,0.00022628,0.00188195,0.01623535,32.0,32.0,68.0
2025-11-13,ibm_kingston,32,419.5172,453.1558,0.00014906,0.00014906,0.0034283,0.01806641,32.0,32.0,68.0
2025-11-13,ibm_kingston,33,281.1923,418.3284,0.00014627,0.00014627,0.00217767,0.00891113,32.0,32.0,108.0
2025-11-13,ibm_kingston,34,203.7988,191.6435,0.00016287,0.00016287,0.00213061,0.01928711,32.0,32.0,68.0
2025-11-13,ibm_kingston,35,117.0003,160.5467,0.0001685,0.0001685,,0.01623535,32.0,32.0,
2025-11-13,ibm_kingston,36,299.5022,208.9178,0.00018669,0.00018669,,0.0234375,32.0,32.0,
2025-11-13,ibm_kingston,37,230.8417,20.2265,0.00035729,0.00035729,,0.00756836,32.0,32.0,
2025-11-13,ibm_kingston,38,222.8427,104.6731,0.00019588,0.00019588,,0.00732422,32.0,32.0,
2025-11-13,ibm_kingston,39,207.4665,123.8786,0.00019694,0.00019694,,0.01147461,32.0,32.0,
2025-11-12,ibm_kingston,20,287.5231,20.0928,0.00027071,0.00027071,0.00171824,0.00610352,32.0,32.0,68.0
2025-11-12,ibm_kingston,21,277.2409,239.8074,0.00017462,0.00017462,0.00122785,0.00415039,32.0,32.0,68.0
2025-11-12,ibm_kingston,22,265.8835,106.4518,0.00022519,0.00022519,0.00135805,0.00769043,32.0,32.0,68.0
2025-11-12,ibm_kingston,23,206.451,61.9274,0.00012419,0.00012419,0.00170278,0.00622559,32.0,32.0,68.0
2025-11-12,ibm_kingston,24,290.4543,37.5502,0.00063796,0.00063796,0.0028338,0.01574707,32.0,32.0,68.0
2025-11-12,ibm_kingston,25,359.9101,15.7001,0.00031582,0.00031582,0.0023396,0.00671387,32.0,32.0,68.0
2025-11-12,ibm_kingston,26,275.4272,83.6318,0.00023752,0.00023752,0.00213736,0.0123291,32.0,32.0,68.0
2025-11-12,ibm_kingston,27,261.2682,36.4863,0.0002674,0.0002674,0.00189093,0.01672363,32.0,32.0,68.0
2025-11-12,ibm_kingston,28,266.8055,303.2742,0.00018011,0.00018011,0.00289889,0.0090332,32.0,32.0,68.0
2025-11-12,ibm_kingston,29,197.4982,101.1931,0.00014083,0.00014083,0.00134073,0.0045166,32.0,32.0,80.0
2025-11-12,ibm_kingston,30,297.193,39.1766,0.00027942,0.00027942,1.0,0.00732422,32.0,32.0,68.0
2025-11-12,ibm_kingston,31,276.2866,264.8599,0.00015591,0.00015591,0.00145246,0.01989746,32.0,32.0,68.0
2025-11-12,ibm_kingston,32,266.2943,266.0229,0.00011703,0.00011703,0.00441784,0.01953125,32.0,32.0,68.0
2025-11-12,ibm_kingston,33,303.587,353.1011,0.00014086,0.00014086,0.00273947,0.01098633,32.0,32.0,108.0
2025-11-12,ibm_kingston,34,310.518,217.8888,0.00017822,0.00017822,0.00211321,0.02355957,32.0,32.0,68.0
2025-11-12,ibm_kingston,35,93.2987,120.4662,0.00019138,0.00019138,,0.02124023,32.0,32.0,
2025-11-12,ibm_kingston,36,392.6746,194.1863,0.00026542,0.00026542,,0.02331543,32.0,32.0,
2025-11-12,ibm_kingston,37,187.6259,21.0764,0.00067889,0.00067889,,0.00927734,32.0,32.0,
2025-11-12,ibm_kingston,38,237.2806,107.983,0.00014484,0.00014484,,0.00610352,32.0,32.0,
2025-11-12,ibm_kingston,39,186.2155,126.6912,0.00017751,0.00017751,,0.01464844,32.0,32.0,
2025-11-11,ibm_kingston,20,287.5231,20.0928,0.00027453,0.00027453,0.00180323,0.00305176,32.0,32.0,68.0
2025-11-11,ibm_kingston,21,277.2409,239.8074,0.0001649,0.0001649,0.00111823,0.00488281,32.0,32.0,68.0
2025-11-11,ibm_kingston,22,265.8835,106.4518,0.00018691,0.00018691,0.00165126,0.00732422,32.0,32.0,68.0
2025-11-11,ibm_kingston,23,206.451,61.9274,0.00021101,0.00021101,0.00274099,0.0045166,32.0,32.0,68.0
2025-11-11,ibm_kingston,24,290.4543,37.5502,0.00050081,0.00050081,0.00326439,0.01452637,32.0,32.0,68.0
2025-11-11,ibm_kingston,25,359.9101,15.7001,0.00029933,0.00029933,0.00248047,0.00793457,32.0,32.0,68.0
2025-11-11,ibm_kingston,26,275.4272,83.6318,0.00025576,0.00025576,0.0023256,0.01452637,32.0,32.0,68.0
2025-11-11,ibm_kingston,27,261.2682,36.4863,0.00026579,0.00026579,0.00166767,0.00671387,32.0,32.0,68.0
2025-11-11,ibm_kingston,28,266.8055,303.2742,0.00018015,0.00018015,0.00339148,0.01135254,32.0,32.0,68.0
2025-11-11,ibm_kingston,29,197.4982,101.1931,0.00015866,0.00015866,0.0018944,0.00842285,32.0,32.0,80.0
2025-11-11,ibm_kingston,30,297.193,39.1766,0.00025992,0.00025992,1.0,0.00683594,32.0,32.0,68.0
2025-11-11,ibm_kingston,31,276.2866,264.8599,0.00023308,0.00023308,0.00238006,0.02062988,32.0,32.0,68.0
2025-11-11,ibm_kingston,32,266.2943,266.0229,0.000205,0.000205,0.0070374,0.01477051,32.0,32.0,68.0
2025-11-11,ibm_kingston,33,303.587,353.1011,0.00022844,0.00022844,0.00251753,0.00805664,32.0,32.0,108.0
2025-11-11,ibm_kingston,34,310.518,217.8888,0.00017352,0.00017352,0.00201522,0.01904297,32.0,32.0,68.0
2025-11-11,ibm_kingston,35,93.2987,120.4662,0.00018291,0.00018291,,0.02539062,32.0,32.0,
2025-11-11,ibm_kingston,36,392.6746,194.1863,0.00021496,0.00021496,,0.01855469,32.0,32.0,
2025-11-11,ibm_kingston,37,187.6259,21.0764,0.00037413,0.00037413,,0.00488281,32.0,32.0,
2025-11-11,ibm_kingston,38,237.2806,107.983,0.00024608,0.00024608,,0.00830078,32.0,32.0,
2025-11-11,ibm_kingston,39,186.2155,126.6912,0.00016982,0.00016982,,0.01220703,32.0,32.0,
2025-11-10,ibm_kingston,20,301.7182,19.2703,0.0002651,0.0002651,0.00238369,0.00561523,32.0,32.0,68.0
2025-11-10,ibm_kingston,21,177.8308,190.0144,0.0001782,0.0001782,0.00153138,0.00488281,32.0,32.0,68.0
2025-11-10,ibm_kingston,22,196.0489,107.2066,0.00040633,0.00040633,0.00178568,0.00756836,32.0,32.0,68.0
2025-11-10,ibm_kingston,23,233.6043,69.0021,0.00014136,0.00014136,0.00210532,0.00463867,32.0,32.0,68.0
2025-11-10,ibm_kingston,24,317.0928,35.5786,0.00067625,0.00067625,0.00296076,0.01721191,32.0,32.0,68.0
2025-11-10,ibm_kingston,25,283.2656,17.6551,0.00032561,0.00032561,0.00301788,0.00549316,32.0,32.0,68.0
2025-11-10,ibm_kingston,26,326.9712,105.5259,0.00025576,0.00025576,0.00167805,0.0135498,32.0,32.0,68.0
2025-11-10,ibm_kingston,27,281.695,44.4662,0.00035095,0.00035095,0.00152572,0.01147461,32.0,32.0,68.0
2025-11-10,ibm_kingston,28,396.2769,355.2352,0.00020038,0.00020038,0.00445566,0.00964355,32.0,32.0,68.0
2025-11-10,ibm_kingston,29,185.235,95.7954,0.00036948,0.00036948,0.00142365,0.0045166,32.0,32.0,80.0
2025-11-10,ibm_kingston,30,207.7903,44.6393,0.00030683,0.00030683,1.0,0.00866699,32.0,32.0,68.0
2025-11-10,ibm_kingston,31,311.2375,300.192,0.00014384,0.00014384,0.00352838,0.03820801,32.0,32.0,68.0
2025-11-10,ibm_kingston,32,254.0125,341.6952,0.00017061,0.00017061,0.01211484,0.01525879,32.0,32.0,68.0
2025-11-10,ibm_kingston,33,428.9219,547.2478,9.537e-05,9.537e-05,0.00269959,0.01452637,32.0,32.0,108.0
2025-11-10,ibm_kingston,34,287.2368,225.3785,0.00033859,0.00033859,0.00226354,0.02111816,32.0,32.0,68.0
2025-11-10,ibm_kingston,35,111.2005,123.077,0.00022982,0.00022982,,0.0177002,32.0,32.0,
2025-11-10,ibm_kingston,36,300.6826,172.9245,0.00030921,0.00030921,,0.02307129,32.0,32.0,
2025-11-10,ibm_kingston,37,160.2077,25.2203,0.00039329,0.00039329,,0.0045166,32.0,32.0,
2025-11-10,ibm_kingston,38,253.4106,118.7797,0.00019512,0.00019512,,0.01257324,32.0,32.0,
2025-11-10,ibm_kingston,39,194.7474,135.2608,0.00021501,0.00021501,,0.01037598,32.0,32.0,
2025-11-09,ibm_kingston,20,356.2126,20.7837,0.00024211,0.00024211,0.0019322,0.00317383,32.0,32.0,68.0
2025-11-09,ibm_kingston,21,362.4207,297.9695,0.00015912,0.00015912,0.00112585,0.00366211,32.0,32.0,68.0
2025-11-09,ibm_kingston,22,252.7113,30.5439,0.00033724,0.00033724,0.00146843,0.00708008,32.0,32.0,68.0
2025-11-09,ibm_kingston,23,270.8989,56.6712,0.00013471,0.00013471,0.00168002,0.00549316,32.0,32.0,68.0
2025-11-09,ibm_kingston,24,264.8065,26.2098,0.00039835,0.00039835,0.00254103,0.01306152,32.0,32.0,68.0
2025-11-09,ibm_kingston,25,257.1382,13.5641,0.00039162,0.00039162,0.00201114,0.00549316,32.0,32.0,68.0
2025-11-09,ibm_kingston,26,154.7875,53.7225,0.00023925,0.00023925,0.00167805,0.01379395,32.0,32.0,68.0
2025-11-09,ibm_kingston,27,233.3934,25.2429,0.00035556,0.00035556,0.00136083,0.00817871,32.0,32.0,68.0
2025-11-09,ibm_kingston,28,324.186,318.0733,0.00021087,0.00021087,0.00703861,0.01208496,32.0,32.0,68.0
2025-11-09,ibm_kingston,29,164.4156,93.574,0.0001557,0.0001557,0.00183345,0.00598145,32.0,32.0,80.0
2025-11-09,ibm_kingston,30,258.0057,37.6499,0.00030249,0.00030249,1.0,0.00695801,32.0,32.0,68.0
2025-11-09,ibm_kingston,31,290.0014,278.2504,0.00037416,0.00037416,0.0020346,0.02050781,32.0,32.0,68.0
2025-11-09,ibm_kingston,32,286.7432,418.593,0.00016365,0.00016365,0.00332046,0.01538086,32.0,32.0,68.0
2025-11-09,ibm_kingston,33,406.4757,447.6337,0.00015502,0.00015502,0.00251926,0.00964355,32.0,32.0,108.0
2025-11-09,ibm_kingston,34,257.35,187.1111,0.00018057,0.00018057,0.00662276,0.01818848,32.0,32.0,68.0
2025-11-09,ibm_kingston,35,91.4053,113.1606,0.000241,0.000241,,0.02062988,32.0,32.0,
2025-11-09,ibm_kingston,36,249.6811,177.2457,0.0001575,0.0001575,,0.02453613,32.0,32.0,
2025-11-09,ibm_kingston,37,190.4995,22.6752,0.00043567,0.00043567,,0.00732422,32.0,32.0,
2025-11-09,ibm_kingston,38,208.961,50.135,0.00051153,0.00051153,,0.01416016,32.0,32.0,
2025-11-09,ibm_kingston,39,121.4841,92.4161,0.00017231,0.00017231,,0.01037598,32.0,32.0,
2025-11-08,ibm_kingston,20,269.4734,21.5841,0.00030491,0.00030491,0.00397419,0.00634766,32.0,32.0,68.0
2025-11-08,ibm_kingston,21,207.1412,182.631,0.0001577,0.0001577,0.00220561,0.00549316,32.0,32.0,68.0
2025-11-08,ibm_kingston,22,252.7113,116.4391,0.00021482,0.00021482,0.00129289,0.00915527,32.0,32.0,68.0
2025-11-08,ibm_kingston,23,283.0794,65.7642,0.00019735,0.00019735,0.00196252,0.0057373,32.0,32.0,68.0
2025-11-08,ibm_kingston,24,179.8944,30.8589,0.0005102,0.0005102,0.00294862,0.015625,32.0,32.0,68.0
2025-11-08,ibm_kingston,25,253.184,14.7711,0.00038669,0.00038669,0.00218995,0.00805664,32.0,32.0,68.0
2025-11-08,ibm_kingston,26,289.1044,73.5199,0.00031256,0.00031256,0.00216962,0.01318359,32.0,32.0,68.0
2025-11-08,ibm_kingston,27,287.6864,12.5691,0.00030337,0.00030337,0.0016637,0.01184082,32.0,32.0,68.0
2025-11-08,ibm_kingston,28,121.6034,166.1778,0.00015877,0.00015877,0.00437476,0.01281738,32.0,32.0,68.0
2025-11-08,ibm_kingston,29,150.3497,93.5679,0.00018114,0.00018114,0.00149451,0.0065918,32.0,32.0,80.0
2025-11-08,ibm_kingston,30,203.53,42.9444,0.00031054,0.00031054,1.0,0.00732422,32.0,32.0,68.0
2025-11-08,ibm_kingston,31,171.1904,169.2601,0.00013117,0.00013117,0.00299664,0.01342773,32.0,32.0,68.0
2025-11-08,ibm_kingston,32,316.255,465.7584,0.00018546,0.00018546,0.00311243,0.02038574,32.0,32.0,68.0
2025-11-08,ibm_kingston,33,412.6436,541.5645,9.18e-05,9.18e-05,0.00213364,0.02648926,32.0,32.0,108.0
2025-11-08,ibm_kingston,34,269.9667,217.9648,0.00024732,0.00024732,0.00991843,0.02331543,32.0,32.0,68.0
2025-11-08,ibm_kingston,35,85.4396,106.5784,0.00024627,0.00024627,,0.02636719,32.0,32.0,
2025-11-08,ibm_kingston,36,273.1829,171.9151,0.00023028,0.00023028,,0.02197266,32.0,32.0,
2025-11-08,ibm_kingston,37,207.7368,25.7058,0.00034904,0.00034904,,0.00317383,32.0,32.0,
2025-11-08,ibm_kingston,38,208.961,106.6835,0.00022067,0.00022067,,0.00720215,32.0,32.0,
2025-11-08,ibm_kingston,39,166.3633,116.8805,0.0002521,0.0002521,,0.01147461,32.0,32.0,
2025-11-07,ibm_kingston,20,269.4734,21.5841,0.00026177,0.00026177,0.00183553,0.00537109,32.0,32.0,68.0
2025-11-07,ibm_kingston,21,207.1412,182.631,0.00014795,0.00014795,0.00097976,0.00415039,32.0,32.0,68.0
2025-11-07,ibm_kingston,22,252.7113,116.4391,0.00025113,0.00025113,0.00154614,0.00744629,32.0,32.0,68.0
2025-11-07,ibm_kingston,23,283.0794,65.7642,0.00010034,0.00010034,0.00176063,0.00671387,32.0,32.0,68.0
2025-11-07,ibm_kingston,24,179.8944,30.8589,0.00056531,0.00056531,0.0025154,0.01489258,32.0,32.0,68.0
2025-11-07,ibm_kingston,25,253.184,14.7711,0.00028888,0.00028888,0.00231713,0.00390625,32.0,32.0,68.0
2025-11-07,ibm_kingston,26,289.1044,73.5199,0.00029108,0.00029108,0.00202937,0.01452637,32.0,32.0,68.0
2025-11-07,ibm_kingston,27,287.6864,12.5691,0.00023854,0.00023854,0.00146697,0.01025391,32.0,32.0,68.0
2025-11-07,ibm_kingston,28,121.6034,166.1778,0.00015877,0.00015877,0.00364968,0.00952148,32.0,32.0,68.0
2025-11-07,ibm_kingston,29,150.3497,93.5679,0.00018932,0.00018932,0.00155646,0.00512695,32.0,32.0,80.0
2025-11-07,ibm_kingston,30,203.53,42.9444,0.00024484,0.00024484,1.0,0.00952148,32.0,32.0,68.0
2025-11-07,ibm_kingston,31,171.1904,169.2601,0.00016062,0.00016062,0.00170092,0.015625,32.0,32.0,68.0
2025-11-07,ibm_kingston,32,316.255,465.7584,0.00014185,0.00014185,0.0124968,0.01135254,32.0,32.0,68.0
2025-11-07,ibm_kingston,33,412.6436,541.5645,0.00012076,0.00012076,0.00177163,0.00708008,32.0,32.0,108.0
2025-11-07,ibm_kingston,34,269.9667,217.9648,0.00017321,0.00017321,0.00303071,0.0189209,32.0,32.0,68.0
2025-11-07,ibm_kingston,35,85.4396,106.5784,0.00022539,0.00022539,,0.01477051,32.0,32.0,
2025-11-07,ibm_kingston,36,273.1829,171.9151,0.00015373,0.00015373,,0.02062988,32.0,32.0,
2025-11-07,ibm_kingston,37,207.7368,25.7058,0.00039182,0.00039182,,0.00622559,32.0,32.0,
2025-11-07,ibm_kingston,38,208.961,106.6835,0.00019532,0.00019532,,0.0123291,32.0,32.0,
2025-11-07,ibm_kingston,39,166.3633,116.8805,0.0002295,0.0002295,,0.01159668,32.0,32.0,
2025-11-06,ibm_kingston,20,214.9417,21.0311,0.00026177,0.00026177,0.00183553,0.00195312,32.0,32.0,68.0
2025-11-06,ibm_kingston,21,331.6739,313.3208,0.00014795,0.00014795,0.00097976,0.00561523,32.0,32.0,68.0
2025-11-06,ibm_kingston,22,202.9706,97.5841,0.00025113,0.00025113,0.00154614,0.01049805,32.0,32.0,68.0
2025-11-06,ibm_kingston,23,300.8215,53.5895,0.00010034,0.00010034,0.00176063,0.00488281,32.0,32.0,68.0
2025-11-06,ibm_kingston,24,289.9636,39.8997,0.00056531,0.00056531,0.0025154,0.01977539,32.0,32.0,68.0
2025-11-06,ibm_kingston,25,327.3881,14.119,0.00028888,0.00028888,0.00231713,0.0090332,32.0,32.0,68.0
2025-11-06,ibm_kingston,26,345.2152,93.9675,0.00029108,0.00029108,0.00202937,0.01098633,32.0,32.0,68.0
2025-11-06,ibm_kingston,27,287.6864,38.2862,0.00023854,0.00023854,0.00146697,0.01220703,32.0,32.0,68.0
2025-11-06,ibm_kingston,28,200.7215,164.7017,0.00015877,0.00015877,0.00364968,0.00732422,32.0,32.0,68.0
2025-11-06,ibm_kingston,29,193.0444,92.2844,0.00018932,0.00018932,0.00155646,0.00512695,32.0,32.0,80.0
2025-11-06,ibm_kingston,30,288.7901,43.3458,0.00024484,0.00024484,1.0,0.00708008,32.0,32.0,68.0
2025-11-06,ibm_kingston,31,337.6481,246.195,0.00016062,0.00016062,0.00170092,0.05004883,32.0,32.0,68.0
2025-11-06,ibm_kingston,32,380.5796,355.4222,0.00014185,0.00014185,0.0124968,0.01416016,32.0,32.0,68.0
2025-11-06,ibm_kingston,33,432.8335,408.9292,0.00012076,0.00012076,0.00177163,0.00537109,32.0,32.0,108.0
2025-11-06,ibm_kingston,34,294.3561,236.1627,0.00017321,0.00017321,0.00303071,0.01806641,32.0,32.0,68.0
2025-11-06,ibm_kingston,35,85.4396,110.6276,0.00022539,0.00022539,,0.02050781,32.0,32.0,
2025-11-06,ibm_kingston,36,293.311,230.7564,0.00015373,0.00015373,,0.03198242,32.0,32.0,
2025-11-06,ibm_kingston,37,182.1186,24.9834,0.00039182,0.00039182,,0.00390625,32.0,32.0,
2025-11-06,ibm_kingston,38,272.7366,118.8206,0.00019532,0.00019532,,0.00415039,32.0,32.0,
2025-11-06,ibm_kingston,39,169.8167,128.4923,0.0002295,0.0002295,,0.0090332,32.0,32.0,
2025-11-05,ibm_kingston,20,348.9514,20.7247,0.00035426,0.00035426,0.00213201,0.00549316,32.0,32.0,68.0
2025-11-05,ibm_kingston,21,344.0917,314.5201,0.00010144,0.00010144,0.00091398,0.00610352,32.0,32.0,68.0
2025-11-05,ibm_kingston,22,213.8711,111.3479,0.00025113,0.00025113,0.00151905,0.01000977,32.0,32.0,68.0
2025-11-05,ibm_kingston,23,240.5631,54.2113,0.00011534,0.00011534,0.00240729,0.0065918,32.0,32.0,68.0
2025-11-05,ibm_kingston,24,324.1105,41.8597,0.00056433,0.00056433,0.00379804,0.01867676,32.0,32.0,68.0
2025-11-05,ibm_kingston,25,362.6326,18.067,0.00034661,0.00034661,0.00279011,0.00500488,32.0,32.0,68.0
2025-11-05,ibm_kingston,26,244.8395,87.2483,0.00028109,0.00028109,0.00294788,0.01879883,32.0,32.0,68.0
2025-11-05,ibm_kingston,27,235.4603,44.1352,0.00039999,0.00039999,0.00214636,0.01940918,32.0,32.0,68.0
2025-11-05,ibm_kingston,28,304.849,346.761,0.00021651,0.00021651,0.0031573,0.00964355,32.0,32.0,68.0
2025-11-05,ibm_kingston,29,185.4605,96.1942,0.00018113,0.00018113,0.00206197,0.01049805,32.0,32.0,80.0
2025-11-05,ibm_kingston,30,192.1812,57.854,0.00027401,0.00027401,1.0,0.01306152,32.0,32.0,68.0
2025-11-05,ibm_kingston,31,322.9721,295.7255,0.00011809,0.00011809,0.00166357,0.02331543,32.0,32.0,68.0
2025-11-05,ibm_kingston,32,403.518,187.9055,0.0001782,0.0001782,0.00294183,0.01855469,32.0,32.0,68.0
2025-11-05,ibm_kingston,33,356.0064,349.0826,8.713e-05,8.713e-05,0.00254679,0.01135254,32.0,32.0,108.0
2025-11-05,ibm_kingston,34,224.4702,205.157,0.0002423,0.0002423,0.01001435,0.02575684,32.0,32.0,68.0
2025-11-05,ibm_kingston,35,247.4656,396.6767,0.00066271,0.00066271,,0.0267334,32.0,32.0,
2025-11-05,ibm_kingston,36,312.7752,199.7929,0.0001749,0.0001749,,0.03186035,32.0,32.0,
2025-11-05,ibm_kingston,37,204.5071,24.7073,0.00040834,0.00040834,,0.0090332,32.0,32.0,
2025-11-05,ibm_kingston,38,227.5976,105.5339,0.00019522,0.00019522,,0.0057373,32.0,32.0,
2025-11-05,ibm_kingston,39,186.5946,119.2573,0.00019162,0.00019162,,0.01098633,32.0,32.0,
2025-11-04,ibm_kingston,20,215.8995,20.1108,0.0002939,0.0002939,0.00178334,0.00366211,32.0,32.0,68.0
2025-11-04,ibm_kingston,21,365.5555,309.8755,9.968e-05,9.968e-05,0.00092795,0.00524902,32.0,32.0,68.0
2025-11-04,ibm_kingston,22,271.7423,114.4286,0.00026198,0.00026198,0.00116608,0.00817871,32.0,32.0,68.0
2025-11-04,ibm_kingston,23,202.0026,51.0187,0.00010369,0.00010369,0.00187148,0.00720215,32.0,32.0,68.0
2025-11-04,ibm_kingston,24,343.3459,30.165,0.00039701,0.00039701,0.00317966,0.01550293,32.0,32.0,68.0
2025-11-04,ibm_kingston,25,224.6137,14.0125,0.00026384,0.00026384,0.00281757,0.00292969,32.0,32.0,68.0
2025-11-04,ibm_kingston,26,255.3071,76.333,0.00022715,0.00022715,0.0031422,0.01184082,32.0,32.0,68.0
2025-11-04,ibm_kingston,27,193.2067,23.3114,0.00030907,0.00030907,0.00186533,0.00793457,32.0,32.0,68.0
2025-11-04,ibm_kingston,28,257.6037,235.4035,0.00017665,0.00017665,0.00340494,0.00878906,32.0,32.0,68.0
2025-11-04,ibm_kingston,29,201.5239,104.0699,0.00018063,0.00018063,0.00118161,0.01184082,32.0,32.0,80.0
2025-11-04,ibm_kingston,30,176.0033,54.1702,0.00036962,0.00036962,1.0,0.01025391,32.0,32.0,68.0
2025-11-04,ibm_kingston,31,233.6473,233.5825,0.00019857,0.00019857,0.0023284,0.05493164,32.0,32.0,68.0
2025-11-04,ibm_kingston,32,403.518,381.1809,0.00012169,0.00012169,0.00409007,0.01586914,32.0,32.0,68.0
2025-11-04,ibm_kingston,33,456.2645,480.7122,9.246e-05,9.246e-05,0.00193529,0.00878906,32.0,32.0,108.0
2025-11-04,ibm_kingston,34,275.779,237.8647,0.00020106,0.00020106,0.00931621,0.02075195,32.0,32.0,68.0
2025-11-04,ibm_kingston,35,236.4639,273.6747,0.00015009,0.00015009,,0.02124023,32.0,32.0,
2025-11-04,ibm_kingston,36,274.1815,145.7924,0.00022997,0.00022997,,0.03552246,32.0,32.0,
2025-11-04,ibm_kingston,37,208.0586,26.0671,0.00035724,0.00035724,,0.00488281,32.0,32.0,
2025-11-04,ibm_kingston,38,300.7016,113.5988,0.00020508,0.00020508,,0.00952148,32.0,32.0,
2025-11-04,ibm_kingston,39,185.6708,132.0196,0.00019937,0.00019937,,0.01062012,32.0,32.0,
2025-11-03,ibm_kingston,20,269.1648,21.2437,0.00020387,0.00020387,0.00232589,0.00524902,32.0,32.0,68.0
2025-11-03,ibm_kingston,21,438.6636,440.2142,0.00015612,0.00015612,0.00113534,0.00585938,32.0,32.0,68.0
2025-11-03,ibm_kingston,22,307.6338,142.3238,0.0002318,0.0002318,0.0009877,0.00769043,32.0,32.0,68.0
2025-11-03,ibm_kingston,23,133.7376,69.7588,0.00020985,0.00020985,0.00186113,0.00610352,32.0,32.0,68.0
2025-11-03,ibm_kingston,24,310.4605,39.8161,0.00046034,0.00046034,0.00287312,0.02209473,32.0,32.0,68.0
2025-11-03,ibm_kingston,25,309.8215,19.2386,0.00031444,0.00031444,0.00234134,0.0057373,32.0,32.0,68.0
2025-11-03,ibm_kingston,26,311.4457,123.9123,0.00065592,0.00065592,0.00214404,0.01293945,32.0,32.0,68.0
2025-11-03,ibm_kingston,27,193.2067,38.9839,0.00031064,0.00031064,0.00182848,0.01135254,32.0,32.0,68.0
2025-11-03,ibm_kingston,28,327.3964,346.995,0.00019614,0.00019614,0.00293224,0.01025391,32.0,32.0,68.0
2025-11-03,ibm_kingston,29,189.9273,97.6742,0.00014376,0.00014376,0.00213079,0.00695801,32.0,32.0,80.0
2025-11-03,ibm_kingston,30,283.4668,55.5448,0.00025995,0.00025995,1.0,0.00842285,32.0,32.0,68.0
2025-11-03,ibm_kingston,31,347.2458,327.393,0.00017876,0.00017876,0.00721349,0.01586914,32.0,32.0,68.0
2025-11-03,ibm_kingston,32,356.8675,408.2663,0.00018725,0.00018725,0.00693022,0.01525879,32.0,32.0,68.0
2025-11-03,ibm_kingston,33,411.251,548.9595,9.246e-05,9.246e-05,0.00250662,0.00878906,32.0,32.0,108.0
2025-11-03,ibm_kingston,34,338.6512,260.0311,0.00022814,0.00022814,0.01010657,0.01843262,32.0,32.0,68.0
2025-11-03,ibm_kingston,35,179.8434,250.301,0.00015183,0.00015183,,0.02392578,32.0,32.0,
2025-11-03,ibm_kingston,36,306.3123,191.579,0.00026112,0.00026112,,0.02844238,32.0,32.0,
2025-11-03,ibm_kingston,37,141.6036,32.0151,0.00037369,0.00037369,,0.00842285,32.0,32.0,
2025-11-03,ibm_kingston,38,228.1837,105.8417,0.00021324,0.00021324,,0.00512695,32.0,32.0,
2025-11-03,ibm_kingston,39,212.7987,144.7145,0.00015213,0.00015213,,0.0111084,32.0,32.0,
2025-11-02,ibm_kingston,20,198.0043,20.6102,0.00029599,0.00029599,0.00213614,0.00537109,32.0,32.0,68.0
2025-11-02,ibm_kingston,21,359.9362,313.3214,0.00015748,0.00015748,0.00095114,0.00561523,32.0,32.0,68.0
2025-11-02,ibm_kingston,22,243.1004,137.0561,0.00024144,0.00024144,0.00137003,0.01184082,32.0,32.0,68.0
2025-11-02,ibm_kingston,23,269.8077,79.1625,8.214e-05,8.214e-05,0.00155681,0.00427246,32.0,32.0,68.0
2025-11-02,ibm_kingston,24,250.5474,44.1733,0.00030789,0.00030789,0.00266527,0.0201416,32.0,32.0,68.0
2025-11-02,ibm_kingston,25,167.3032,16.7291,0.00030421,0.00030421,0.00205572,0.00549316,32.0,32.0,68.0
2025-11-02,ibm_kingston,26,261.8526,122.8479,0.00023134,0.00023134,0.00217872,0.01281738,32.0,32.0,68.0
2025-11-02,ibm_kingston,27,208.1469,44.7785,0.00030026,0.00030026,0.00170773,0.01000977,32.0,32.0,68.0
2025-11-02,ibm_kingston,28,159.0363,147.6045,0.00016741,0.00016741,0.0034781,0.01135254,32.0,32.0,68.0
2025-11-02,ibm_kingston,29,163.2074,89.8625,0.00013615,0.00013615,0.00177896,0.00634766,32.0,32.0,80.0
2025-11-02,ibm_kingston,30,233.5199,28.7021,0.00026592,0.00026592,1.0,0.00976562,32.0,32.0,68.0
2025-11-02,ibm_kingston,31,313.7132,277.0557,0.0001181,0.0001181,0.00180563,0.01550293,32.0,32.0,68.0
2025-11-02,ibm_kingston,32,279.2986,320.3412,0.00016263,0.00016263,0.00340782,0.01806641,32.0,32.0,68.0
2025-11-02,ibm_kingston,33,357.0744,350.4461,0.00018237,0.00018237,0.00265606,0.01000977,32.0,32.0,108.0
2025-11-02,ibm_kingston,34,256.3014,295.1737,0.00014782,0.00014782,0.00537325,0.02307129,32.0,32.0,68.0
2025-11-02,ibm_kingston,35,272.8634,385.4658,0.00019517,0.00019517,,0.02148438,32.0,32.0,
2025-11-02,ibm_kingston,36,291.0648,220.8373,0.00010272,0.00010272,,0.02416992,32.0,32.0,
2025-11-02,ibm_kingston,37,226.5748,27.1216,0.00029581,0.00029581,,0.00512695,32.0,32.0,
2025-11-02,ibm_kingston,38,264.8191,120.213,0.00018488,0.00018488,,0.00805664,32.0,32.0,
2025-11-02,ibm_kingston,39,199.0257,119.9014,0.00017617,0.00017617,,0.0111084,32.0,32.0,
2025-11-01,ibm_kingston,20,322.8029,18.6191,0.00031218,0.00031218,0.00191536,0.00671387,32.0,32.0,68.0
2025-11-01,ibm_kingston,21,364.102,456.7156,0.00018767,0.00018767,0.00129729,0.00830078,32.0,32.0,68.0
2025-11-01,ibm_kingston,22,317.0553,109.8745,0.00020874,0.00020874,0.00108939,0.01135254,32.0,32.0,68.0
2025-11-01,ibm_kingston,23,248.6869,64.6988,0.00012777,0.00012777,0.00181836,0.00354004,32.0,32.0,68.0
2025-11-01,ibm_kingston,24,258.7123,44.5719,0.00026464,0.00026464,0.00309009,0.01635742,32.0,32.0,68.0
2025-11-01,ibm_kingston,25,389.218,15.8037,0.00021787,0.00021787,0.00215582,0.00585938,32.0,32.0,68.0
2025-11-01,ibm_kingston,26,204.4153,52.6575,0.00070583,0.00070583,0.0023854,0.01586914,32.0,32.0,68.0
2025-11-01,ibm_kingston,27,246.6569,49.4479,0.00022537,0.00022537,0.0016403,0.01049805,32.0,32.0,68.0
2025-11-01,ibm_kingston,28,241.7186,244.8478,0.00016763,0.00016763,0.0030581,0.00891113,32.0,32.0,68.0
2025-11-01,ibm_kingston,29,180.7079,84.0474,0.00022185,0.00022185,0.00170071,0.00708008,32.0,32.0,80.0
2025-11-01,ibm_kingston,30,233.5199,52.5324,0.00018684,0.00018684,1.0,0.01123047,32.0,32.0,68.0
2025-11-01,ibm_kingston,31,186.8039,189.7152,0.0002203,0.0002203,0.00266086,0.01098633,32.0,32.0,68.0
2025-11-01,ibm_kingston,32,324.388,405.4229,9.07e-05,9.07e-05,0.00465347,0.01660156,32.0,32.0,68.0
2025-11-01,ibm_kingston,33,390.7463,378.9716,0.0001417,0.0001417,0.00257155,0.01025391,32.0,32.0,108.0
2025-11-01,ibm_kingston,34,264.2146,256.3221,0.00030905,0.00030905,0.00590364,0.01879883,32.0,32.0,68.0
2025-11-01,ibm_kingston,35,214.759,242.7686,0.0004629,0.0004629,,0.02661133,32.0,32.0,
2025-11-01,ibm_kingston,36,268.9072,201.957,0.00040219,0.00040219,,0.02868652,32.0,32.0,
2025-11-01,ibm_kingston,37,162.344,25.6352,0.00031185,0.00031185,,0.00524902,32.0,32.0,
2025-11-01,ibm_kingston,38,240.987,114.7191,0.00017077,0.00017077,,0.00854492,32.0,32.0,
2025-11-01,ibm_kingston,39,189.8113,119.8554,0.00018516,0.00018516,,0.01330566,32.0,32.0,
2025-10-31,ibm_kingston,20,218.0,20.0778,0.0002039,0.0002039,0.0021026,0.00488281,32.0,32.0,68.0
2025-10-31,ibm_kingston,21,391.3564,436.5336,0.00021758,0.00021758,0.00129729,0.00439453,32.0,32.0,68.0
2025-10-31,ibm_kingston,22,294.7423,111.6123,0.00026965,0.00026965,0.00114799,0.00927734,32.0,32.0,68.0
2025-10-31,ibm_kingston,23,340.3381,67.4751,0.00014937,0.00014937,0.00185517,0.00585938,32.0,32.0,68.0
2025-10-31,ibm_kingston,24,162.8161,37.304,0.00046671,0.00046671,0.00304714,0.01855469,32.0,32.0,68.0
2025-10-31,ibm_kingston,25,417.9501,16.3959,0.00035486,0.00035486,0.00285854,0.00878906,32.0,32.0,68.0
2025-10-31,ibm_kingston,26,260.4038,86.5253,0.00027965,0.00027965,0.00963222,0.01318359,32.0,32.0,68.0
2025-10-31,ibm_kingston,27,215.5619,36.8894,0.00051199,0.00051199,0.00835239,0.00964355,32.0,32.0,68.0
2025-10-31,ibm_kingston,28,332.3457,395.7563,0.00017669,0.00017669,0.00355201,0.00805664,32.0,32.0,68.0
2025-10-31,ibm_kingston,29,98.393,74.7771,0.00019742,0.00019742,0.00176335,0.0065918,32.0,32.0,80.0
2025-10-31,ibm_kingston,30,178.712,32.4802,0.00018684,0.00018684,1.0,0.00708008,32.0,32.0,68.0
2025-10-31,ibm_kingston,31,297.3518,255.0795,0.00018478,0.00018478,0.00250642,0.02856445,32.0,32.0,68.0
2025-10-31,ibm_kingston,32,381.2283,411.7377,0.00015379,0.00015379,0.00360766,0.0168457,32.0,32.0,68.0
2025-10-31,ibm_kingston,33,381.5739,444.8517,9.178e-05,9.178e-05,0.00181094,0.01403809,32.0,32.0,108.0
2025-10-31,ibm_kingston,34,271.5206,252.2455,0.0002244,0.0002244,0.00663279,0.0213623,32.0,32.0,68.0
2025-10-31,ibm_kingston,35,218.5545,278.1117,0.00022322,0.00022322,,0.02050781,32.0,32.0,
2025-10-31,ibm_kingston,36,278.2915,170.406,0.00023335,0.00023335,,0.03088379,32.0,32.0,
2025-10-31,ibm_kingston,37,174.112,21.7086,0.0004633,0.0004633,,0.00488281,32.0,32.0,
2025-10-31,ibm_kingston,38,260.4872,43.4442,0.00030164,0.00030164,,0.00854492,32.0,32.0,
2025-10-31,ibm_kingston,39,140.9351,114.3658,0.00020648,0.00020648,,0.01135254,32.0,32.0,
2025-10-30,ibm_kingston,20,218.0,20.0778,0.0002039,0.0002039,0.00186621,0.00488281,32.0,32.0,68.0
2025-10-30,ibm_kingston,21,391.3564,436.5336,0.00021758,0.00021758,0.0015893,0.00341797,32.0,32.0,68.0
2025-10-30,ibm_kingston,22,294.7423,111.6123,0.00026965,0.00026965,0.00129573,0.01184082,32.0,32.0,68.0
2025-10-30,ibm_kingston,23,340.3381,67.4751,0.00014937,0.00014937,0.00264029,0.00427246,32.0,32.0,68.0
2025-10-30,ibm_kingston,24,162.8161,37.304,0.00046671,0.00046671,0.00449662,0.0168457,32.0,32.0,68.0
2025-10-30,ibm_kingston,25,417.9501,16.3959,0.00035486,0.00035486,0.00306249,0.00610352,32.0,32.0,68.0
2025-10-30,ibm_kingston,26,260.4038,86.5253,0.00027965,0.00027965,0.00289562,0.01403809,32.0,32.0,68.0
2025-10-30,ibm_kingston,27,215.5619,36.8894,0.00051199,0.00051199,0.00196674,0.00817871,32.0,32.0,68.0
2025-10-30,ibm_kingston,28,332.3457,395.7563,0.00017669,0.00017669,0.01744311,0.01147461,32.0,32.0,68.0
2025-10-30,ibm_kingston,29,98.393,74.7771,0.00019742,0.00019742,0.01857965,0.00646973,32.0,32.0,80.0
2025-10-30,ibm_kingston,30,178.712,32.4802,0.00018684,0.00018684,1.0,0.0078125,32.0,32.0,68.0
2025-10-30,ibm_kingston,31,297.3518,255.0795,0.00018478,0.00018478,0.00263132,0.01782227,32.0,32.0,68.0
2025-10-30,ibm_kingston,32,381.2283,411.7377,0.00015379,0.00015379,0.00417968,0.01843262,32.0,32.0,68.0
2025-10-30,ibm_kingston,33,381.5739,444.8517,9.178e-05,9.178e-05,0.0024513,0.01159668,32.0,32.0,108.0
2025-10-30,ibm_kingston,34,271.5206,252.2455,0.0002244,0.0002244,0.00490743,0.02258301,32.0,32.0,68.0
2025-10-30,ibm_kingston,35,218.5545,278.1117,0.00022322,0.00022322,,0.0592041,32.0,32.0,
2025-10-30,ibm_kingston,36,278.2915,170.406,0.00023335,0.00023335,,0.02392578,32.0,32.0,
2025-10-30,ibm_kingston,37,174.112,21.7086,0.0004633,0.0004633,,0.00427246,32.0,32.0,
2025-10-30,ibm_kingston,38,260.4872,43.4442,0.00030164,0.00030164,,0.00598145,32.0,32.0,
2025-10-30,ibm_kingston,39,140.9351,114.3658,0.00020648,0.00020648,,0.01025391,32.0,32.0,
2025-10-29,ibm_kingston,20,155.3314,20.3803,0.00025229,0.00025229,0.00186621,0.00488281,32.0,32.0,68.0
2025-10-29,ibm_kingston,21,205.879,175.2799,0.0001295,0.0001295,0.0015893,0.00341797,32.0,32.0,68.0
2025-10-29,ibm_kingston,22,262.0189,74.4113,0.00021627,0.00021627,0.00129573,0.01184082,32.0,32.0,68.0
2025-10-29,ibm_kingston,23,259.0257,51.8805,0.00013586,0.00013586,0.00264029,0.00427246,32.0,32.0,68.0
2025-10-29,ibm_kingston,24,205.685,29.1388,0.00060845,0.00060845,0.00449662,0.0168457,32.0,32.0,68.0
2025-10-29,ibm_kingston,25,311.6525,15.3247,0.00041935,0.00041935,0.00306249,0.00610352,32.0,32.0,68.0
2025-10-29,ibm_kingston,26,249.3914,63.5878,0.00037024,0.00037024,0.00289562,0.01403809,32.0,32.0,68.0
2025-10-29,ibm_kingston,27,127.5397,26.6506,0.00042992,0.00042992,0.00196674,0.00817871,32.0,32.0,68.0
2025-10-29,ibm_kingston,28,337.4187,363.0993,0.0002045,0.0002045,0.01744311,0.01147461,32.0,32.0,68.0
2025-10-29,ibm_kingston,29,177.6812,106.0567,0.00019742,0.00019742,0.01857965,0.00646973,32.0,32.0,80.0
2025-10-29,ibm_kingston,30,178.712,37.3269,0.00023912,0.00023912,1.0,0.0078125,32.0,32.0,68.0
2025-10-29,ibm_kingston,31,360.961,274.1146,0.00017762,0.00017762,0.00263132,0.01782227,32.0,32.0,68.0
2025-10-29,ibm_kingston,32,312.9076,441.5661,0.00012858,0.00012858,0.00417968,0.01843262,32.0,32.0,68.0
2025-10-29,ibm_kingston,33,295.876,376.9699,0.00011849,0.00011849,0.0024513,0.01159668,32.0,32.0,108.0
2025-10-29,ibm_kingston,34,323.4996,234.144,0.00019939,0.00019939,0.00490743,0.02258301,32.0,32.0,68.0
2025-10-29,ibm_kingston,35,196.6817,246.5415,0.00020301,0.00020301,,0.0592041,32.0,32.0,
2025-10-29,ibm_kingston,36,265.0115,162.4014,0.00027494,0.00027494,,0.02392578,32.0,32.0,
2025-10-29,ibm_kingston,37,202.4343,22.6268,0.00042123,0.00042123,,0.00427246,32.0,32.0,
2025-10-29,ibm_kingston,38,260.4872,113.172,0.00022409,0.00022409,,0.00598145,32.0,32.0,
2025-10-29,ibm_kingston,39,222.5744,134.2805,0.00021029,0.00021029,,0.01025391,32.0,32.0,
2025-10-28,ibm_kingston,20,155.3314,20.3803,0.0002611,0.0002611,0.00246899,0.00341797,32.0,32.0,68.0
2025-10-28,ibm_kingston,21,205.879,175.2799,0.00017931,0.00017931,0.00131807,0.00488281,32.0,32.0,68.0
2025-10-28,ibm_kingston,22,262.0189,74.4113,0.00025835,0.00025835,0.00183775,0.01049805,32.0,32.0,68.0
2025-10-28,ibm_kingston,23,259.0257,51.8805,0.00015472,0.00015472,0.00251147,0.00585938,32.0,32.0,68.0
2025-10-28,ibm_kingston,24,205.685,29.1388,0.00051776,0.00051776,0.00382331,0.01916504,32.0,32.0,68.0
2025-10-28,ibm_kingston,25,311.6525,15.3247,0.00030228,0.00030228,0.0028313,0.00671387,32.0,32.0,68.0
2025-10-28,ibm_kingston,26,249.3914,63.5878,0.00029983,0.00029983,0.00269881,0.01428223,32.0,32.0,68.0
2025-10-28,ibm_kingston,27,127.5397,26.6506,0.00039378,0.00039378,0.00173962,0.01220703,32.0,32.0,68.0
2025-10-28,ibm_kingston,28,337.4187,363.0993,0.00018153,0.00018153,0.00295698,0.0098877,32.0,32.0,68.0
2025-10-28,ibm_kingston,29,177.6812,106.0567,0.00014385,0.00014385,0.00212946,0.00708008,32.0,32.0,80.0
2025-10-28,ibm_kingston,30,178.712,37.3269,0.00020832,0.00020832,1.0,0.00915527,32.0,32.0,68.0
2025-10-28,ibm_kingston,31,360.961,274.1146,0.00023953,0.00023953,0.00347387,0.01037598,32.0,32.0,68.0
2025-10-28,ibm_kingston,32,312.9076,441.5661,0.00013602,0.00013602,0.00485309,0.01599121,32.0,32.0,68.0
2025-10-28,ibm_kingston,33,295.876,376.9699,8.818e-05,8.818e-05,0.00214484,0.01513672,32.0,32.0,108.0
2025-10-28,ibm_kingston,34,323.4996,234.144,0.00018472,0.00018472,0.00804828,0.02807617,32.0,32.0,68.0
2025-10-28,ibm_kingston,35,196.6817,246.5415,0.00020093,0.00020093,,0.0390625,32.0,32.0,
2025-10-28,ibm_kingston,36,265.0115,162.4014,0.00035473,0.00035473,,0.02954102,32.0,32.0,
2025-10-28,ibm_kingston,37,202.4343,22.6268,0.00035129,0.00035129,,0.00646973,32.0,32.0,
2025-10-28,ibm_kingston,38,260.4872,113.172,0.0001742,0.0001742,,0.00732422,32.0,32.0,
2025-10-28,ibm_kingston,39,222.5744,134.2805,0.00019895,0.00019895,,0.01672363,32.0,32.0,
2025-10-27,ibm_kingston,20,255.8793,18.8798,0.0003093,0.0003093,0.00233479,0.00537109,32.0,32.0,68.0
2025-10-27,ibm_kingston,21,334.3881,312.1509,0.00014446,0.00014446,0.00096453,0.0065918,32.0,32.0,68.0
2025-10-27,ibm_kingston,22,262.0189,108.7072,0.00020441,0.00020441,0.00120216,0.01025391,32.0,32.0,68.0
2025-10-27,ibm_kingston,23,210.5703,48.6177,0.00012012,0.00012012,0.00206082,0.00439453,32.0,32.0,68.0
2025-10-27,ibm_kingston,24,262.6439,36.9819,0.00050679,0.00050679,0.0031202,0.01794434,32.0,32.0,68.0
2025-10-27,ibm_kingston,25,394.6856,14.0783,0.00029,0.00029,0.00245988,0.00500488,32.0,32.0,68.0
2025-10-27,ibm_kingston,26,227.2882,80.6338,0.00035885,0.00035885,0.00221085,0.0135498,32.0,32.0,68.0
2025-10-27,ibm_kingston,27,181.55,32.6726,0.00037233,0.00037233,0.00171922,0.00891113,32.0,32.0,68.0
2025-10-27,ibm_kingston,28,361.809,375.4824,0.00018421,0.00018421,0.00602479,0.01013184,32.0,32.0,68.0
2025-10-27,ibm_kingston,29,147.0244,84.9713,0.00039023,0.00039023,0.01225594,0.00695801,32.0,32.0,80.0
2025-10-27,ibm_kingston,30,167.282,55.3084,0.00024489,0.00024489,1.0,0.01013184,32.0,32.0,68.0
2025-10-27,ibm_kingston,31,328.1112,294.4461,0.00013595,0.00013595,0.00211534,0.02392578,32.0,32.0,68.0
2025-10-27,ibm_kingston,32,348.8537,355.6895,0.00016435,0.00016435,0.00333214,0.01477051,32.0,32.0,68.0
2025-10-27,ibm_kingston,33,484.3647,649.8311,0.00011281,0.00011281,0.00229498,0.01123047,32.0,32.0,108.0
2025-10-27,ibm_kingston,34,253.1742,213.0757,0.00020648,0.00020648,0.00932788,0.02258301,32.0,32.0,68.0
2025-10-27,ibm_kingston,35,244.9369,251.8904,0.0001097,0.0001097,,0.01831055,32.0,32.0,
2025-10-27,ibm_kingston,36,278.9256,155.4797,0.0002642,0.0002642,,0.02209473,32.0,32.0,
2025-10-27,ibm_kingston,37,207.4647,23.3523,0.00030119,0.00030119,,0.00463867,32.0,32.0,
2025-10-27,ibm_kingston,38,259.236,108.7439,0.00015494,0.00015494,,0.00561523,32.0,32.0,
2025-10-27,ibm_kingston,39,228.2453,132.6583,0.00016738,0.00016738,,0.01220703,32.0,32.0,
2025-10-26,ibm_kingston,20,295.378,19.4633,0.00022092,0.00022092,0.00188407,0.00708008,32.0,32.0,68.0
2025-10-26,ibm_kingston,21,339.3317,248.1301,0.00021351,0.00021351,0.0011525,0.00366211,32.0,32.0,68.0
2025-10-26,ibm_kingston,22,254.3032,99.5446,0.00036858,0.00036858,0.00195203,0.00878906,32.0,32.0,68.0
2025-10-26,ibm_kingston,23,258.0896,55.9982,0.00012441,0.00012441,0.00190267,0.00756836,32.0,32.0,68.0
2025-10-26,ibm_kingston,24,237.1049,29.0869,0.00052296,0.00052296,0.0026901,0.01794434,32.0,32.0,68.0
2025-10-26,ibm_kingston,25,334.5139,12.8342,0.00025856,0.00025856,0.00219971,0.00427246,32.0,32.0,68.0
2025-10-26,ibm_kingston,26,237.0231,57.3148,0.00025629,0.00025629,0.00231297,0.01257324,32.0,32.0,68.0
2025-10-26,ibm_kingston,27,241.4146,30.1285,0.00025629,0.00025629,0.00186319,0.01049805,32.0,32.0,68.0
2025-10-26,ibm_kingston,28,303.1985,191.6652,0.00022362,0.00022362,0.00331333,0.01037598,32.0,32.0,68.0
2025-10-26,ibm_kingston,29,155.5764,81.0857,0.00021378,0.00021378,0.00179511,0.00598145,32.0,32.0,80.0
2025-10-26,ibm_kingston,30,277.0485,56.1872,0.00022741,0.00022741,1.0,0.00769043,32.0,32.0,68.0
2025-10-26,ibm_kingston,31,292.0466,261.7408,0.00010231,0.00010231,0.00173187,0.03479004,32.0,32.0,68.0
2025-10-26,ibm_kingston,32,268.1893,299.9687,0.0001343,0.0001343,0.00479807,0.01733398,32.0,32.0,68.0
2025-10-26,ibm_kingston,33,465.8204,397.4478,0.00015117,0.00015117,0.00257185,0.01196289,32.0,32.0,108.0
2025-10-26,ibm_kingston,34,285.4767,218.2072,0.00021877,0.00021877,0.00962859,0.0201416,32.0,32.0,68.0
2025-10-26,ibm_kingston,35,213.8233,254.3275,0.00028234,0.00028234,,0.01696777,32.0,32.0,
2025-10-26,ibm_kingston,36,350.6978,173.7659,0.00021731,0.00021731,,0.01953125,32.0,32.0,
2025-10-26,ibm_kingston,37,191.063,22.465,0.00026171,0.00026171,,0.00671387,32.0,32.0,
2025-10-26,ibm_kingston,38,163.7034,96.0352,0.00015832,0.00015832,,0.00610352,32.0,32.0,
2025-10-26,ibm_kingston,39,133.3614,109.2087,0.00021197,0.00021197,,0.00927734,32.0,32.0,
2025-10-25,ibm_kingston,20,291.5417,22.6353,0.00022092,0.00022092,0.00188407,0.00524902,32.0,32.0,68.0
2025-10-25,ibm_kingston,21,418.3428,362.1454,0.00021351,0.00021351,0.0011525,0.0032959,32.0,32.0,68.0
2025-10-25,ibm_kingston,22,168.7067,89.9662,0.00036858,0.00036858,0.00195203,0.00952148,32.0,32.0,68.0
2025-10-25,ibm_kingston,23,296.1441,85.7679,0.00012441,0.00012441,0.00190267,0.00585938,32.0,32.0,68.0
2025-10-25,ibm_kingston,24,192.5671,37.6294,0.00052296,0.00052296,0.0026901,0.01538086,32.0,32.0,68.0
2025-10-25,ibm_kingston,25,384.4117,13.9922,0.00025856,0.00025856,0.00219971,0.00646973,32.0,32.0,68.0
2025-10-25,ibm_kingston,26,254.1909,98.4493,0.00025629,0.00025629,0.00231297,0.01196289,32.0,32.0,68.0
2025-10-25,ibm_kingston,27,198.8454,42.8778,0.00025629,0.00025629,0.00186319,0.00646973,32.0,32.0,68.0
2025-10-25,ibm_kingston,28,279.2963,363.0408,0.00022362,0.00022362,0.00331333,0.01037598,32.0,32.0,68.0
2025-10-25,ibm_kingston,29,140.6565,81.3635,0.00021378,0.00021378,0.00179511,0.00708008,32.0,32.0,80.0
2025-10-25,ibm_kingston,30,269.8552,56.8185,0.00022741,0.00022741,0.11996722,0.00769043,32.0,32.0,68.0
2025-10-25,ibm_kingston,31,270.3997,231.2294,0.00010231,0.00010231,0.00173187,0.02282715,32.0,32.0,68.0
2025-10-25,ibm_kingston,32,302.3801,418.3806,0.0001343,0.0001343,0.00479807,0.01293945,32.0,32.0,68.0
2025-10-25,ibm_kingston,33,355.5936,397.4478,0.00015117,0.00015117,0.00257185,0.00939941,32.0,32.0,108.0
2025-10-25,ibm_kingston,34,363.6807,269.1451,0.00021877,0.00021877,0.00962859,0.02355957,32.0,32.0,68.0
2025-10-25,ibm_kingston,35,298.1414,422.3993,0.00028234,0.00028234,,0.01757812,32.0,32.0,
2025-10-25,ibm_kingston,36,342.7937,193.3371,0.00021731,0.00021731,,0.02111816,32.0,32.0,
2025-10-25,ibm_kingston,37,179.1999,30.2765,0.00026171,0.00026171,,0.00476074,32.0,32.0,
2025-10-25,ibm_kingston,38,338.8772,128.4232,0.00015832,0.00015832,,0.01062012,32.0,32.0,
2025-10-25,ibm_kingston,39,172.7329,119.6016,0.00021197,0.00021197,,0.01037598,32.0,32.0,
2025-10-24,ibm_kingston,20,237.0531,19.9926,0.00041625,0.00041625,0.00221761,0.00610352,32.0,32.0,68.0
2025-10-24,ibm_kingston,21,324.0449,389.7027,0.00015233,0.00015233,0.00097956,0.00292969,32.0,32.0,68.0
2025-10-24,ibm_kingston,22,323.0423,87.4037,0.00021111,0.00021111,0.00106684,0.00732422,32.0,32.0,68.0
2025-10-24,ibm_kingston,23,259.113,93.5609,0.00014952,0.00014952,0.00204582,0.00390625,32.0,32.0,68.0
2025-10-24,ibm_kingston,24,237.5063,42.546,0.00063322,0.00063322,0.00289354,0.01342773,32.0,32.0,68.0
2025-10-24,ibm_kingston,25,473.9835,15.3376,0.00020139,0.00020139,0.00200105,0.00561523,32.0,32.0,68.0
2025-10-24,ibm_kingston,26,311.5201,143.7685,0.00029075,0.00029075,0.0017892,0.01196289,32.0,32.0,68.0
2025-10-24,ibm_kingston,27,295.1644,48.9958,0.00025081,0.00025081,0.00162915,0.00683594,32.0,32.0,68.0
2025-10-24,ibm_kingston,28,288.4419,417.0569,0.00035019,0.00035019,0.00290577,0.01025391,32.0,32.0,68.0
2025-10-24,ibm_kingston,29,170.9598,81.2149,0.00014392,0.00014392,0.00114861,0.00732422,32.0,32.0,80.0
2025-10-24,ibm_kingston,30,259.0636,59.9339,0.00036027,0.00036027,0.11996722,0.0090332,32.0,32.0,68.0
2025-10-24,ibm_kingston,31,299.6882,278.9323,0.00021271,0.00021271,0.0015225,0.01904297,32.0,32.0,68.0
2025-10-24,ibm_kingston,32,368.1868,424.8774,0.00016745,0.00016745,0.00413232,0.01660156,32.0,32.0,68.0
2025-10-24,ibm_kingston,33,68.8685,98.2011,0.00022838,0.00022838,0.00193121,0.00561523,32.0,32.0,108.0
2025-10-24,ibm_kingston,34,233.0697,261.5226,0.00015819,0.00015819,0.00916782,0.01757812,32.0,32.0,68.0
2025-10-24,ibm_kingston,35,279.4186,352.5927,0.00084534,0.00084534,,0.01660156,32.0,32.0,
2025-10-24,ibm_kingston,36,208.5569,167.0578,0.00011276,0.00011276,,0.01855469,32.0,32.0,
2025-10-24,ibm_kingston,37,210.1352,25.0003,0.00026356,0.00026356,,0.00927734,32.0,32.0,
2025-10-24,ibm_kingston,38,324.9921,120.622,0.00025919,0.00025919,,0.00610352,32.0,32.0,
2025-10-24,ibm_kingston,39,175.0617,133.9925,0.00017889,0.00017889,,0.01147461,32.0,32.0,
2025-10-23,ibm_kingston,20,322.9831,19.9579,0.00022048,0.00022048,0.00129112,0.00634766,32.0,32.0,68.0
2025-10-23,ibm_kingston,21,271.9092,303.5784,0.00015233,0.00015233,0.00094115,0.00427246,32.0,32.0,68.0
2025-10-23,ibm_kingston,22,323.0423,130.1454,0.00024357,0.00024357,0.00114607,0.0065918,32.0,32.0,68.0
2025-10-23,ibm_kingston,23,334.0072,64.0047,0.00016728,0.00016728,0.00211426,0.00476074,32.0,32.0,68.0
2025-10-23,ibm_kingston,24,257.0579,47.6981,0.00038839,0.00038839,0.00295503,0.01416016,32.0,32.0,68.0
2025-10-23,ibm_kingston,25,456.9742,16.8631,0.00017008,0.00017008,0.00199459,0.00634766,32.0,32.0,68.0
2025-10-23,ibm_kingston,26,306.8317,131.7467,0.00025449,0.00025449,0.00215367,0.01257324,32.0,32.0,68.0
2025-10-23,ibm_kingston,27,235.0303,48.9858,0.0002644,0.0002644,0.00144008,0.00964355,32.0,32.0,68.0
2025-10-23,ibm_kingston,28,309.8636,349.5769,0.00019693,0.00019693,0.00396307,0.01379395,32.0,32.0,68.0
2025-10-23,ibm_kingston,29,204.5719,91.8793,0.00013792,0.00013792,0.00137505,0.00805664,32.0,32.0,80.0
2025-10-23,ibm_kingston,30,275.2155,46.9488,0.00037757,0.00037757,0.11996722,0.00537109,32.0,32.0,68.0
2025-10-23,ibm_kingston,31,287.0757,163.137,0.00015726,0.00015726,0.00165012,0.01269531,32.0,32.0,68.0
2025-10-23,ibm_kingston,32,295.2546,288.2762,0.00013475,0.00013475,0.00250965,0.01489258,32.0,32.0,68.0
2025-10-23,ibm_kingston,33,303.8621,444.2433,0.00015081,0.00015081,0.00439519,0.00769043,32.0,32.0,108.0
2025-10-23,ibm_kingston,34,203.5722,222.4652,0.00016335,0.00016335,0.0061931,0.02001953,32.0,32.0,68.0
2025-10-23,ibm_kingston,35,331.7714,377.4413,0.00011651,0.00011651,,0.02514648,32.0,32.0,
2025-10-23,ibm_kingston,36,87.0742,77.5638,0.00019437,0.00019437,,0.01855469,32.0,32.0,
2025-10-23,ibm_kingston,37,189.6768,26.039,0.00035744,0.00035744,,0.00512695,32.0,32.0,
2025-10-23,ibm_kingston,38,208.4557,116.9414,0.00017856,0.00017856,,0.00634766,32.0,32.0,
2025-10-23,ibm_kingston,39,178.7242,122.9554,0.00017667,0.00017667,,0.01013184,32.0,32.0,
2025-10-22,ibm_kingston,20,333.6338,18.8424,0.00027917,0.00027917,0.0020042,0.00537109,32.0,32.0,68.0
2025-10-22,ibm_kingston,21,232.621,248.326,0.00026256,0.00026256,0.00173728,0.00610352,32.0,32.0,68.0
2025-10-22,ibm_kingston,22,226.3677,120.8705,0.00021062,0.00021062,0.00162408,0.01208496,32.0,32.0,68.0
2025-10-22,ibm_kingston,23,212.6265,66.716,0.00029807,0.00029807,0.00151926,0.00415039,32.0,32.0,68.0
2025-10-22,ibm_kingston,24,217.4728,36.9232,0.00031896,0.00031896,0.00250408,0.01965332,32.0,32.0,68.0
2025-10-22,ibm_kingston,25,382.6525,17.1122,0.00019455,0.00019455,0.00185949,0.0057373,32.0,32.0,68.0
2025-10-22,ibm_kingston,26,182.0526,93.3702,0.00024133,0.00024133,0.00160577,0.01330566,32.0,32.0,68.0
2025-10-22,ibm_kingston,27,268.0135,45.4832,0.00022513,0.00022513,0.00153833,0.01123047,32.0,32.0,68.0
2025-10-22,ibm_kingston,28,264.5613,306.6825,0.00017532,0.00017532,0.00315783,0.00976562,32.0,32.0,68.0
2025-10-22,ibm_kingston,29,211.1854,78.3939,0.00014174,0.00014174,0.00197586,0.0090332,32.0,32.0,80.0
2025-10-22,ibm_kingston,30,208.9789,55.235,0.0001977,0.0001977,0.11996722,0.03564453,32.0,32.0,68.0
2025-10-22,ibm_kingston,31,287.0757,251.0577,0.00016338,0.00016338,0.00141219,0.01867676,32.0,32.0,68.0
2025-10-22,ibm_kingston,32,352.071,423.9595,0.00013809,0.00013809,0.00538579,0.01013184,32.0,32.0,68.0
2025-10-22,ibm_kingston,33,483.0438,531.2913,0.00012478,0.00012478,0.00237738,0.01013184,32.0,32.0,108.0
2025-10-22,ibm_kingston,34,321.8192,258.1124,0.00019786,0.00019786,0.00367959,0.02038574,32.0,32.0,68.0
2025-10-22,ibm_kingston,35,225.7145,216.3561,0.00027165,0.00027165,,0.02124023,32.0,32.0,
2025-10-22,ibm_kingston,36,256.542,179.7914,0.00022218,0.00022218,,0.01745605,32.0,32.0,
2025-10-22,ibm_kingston,37,190.4294,31.4025,0.00026099,0.00026099,,0.00671387,32.0,32.0,
2025-10-22,ibm_kingston,38,219.8848,111.8494,0.00018612,0.00018612,,0.02172852,32.0,32.0,
2025-10-22,ibm_kingston,39,214.7457,121.5871,0.00016377,0.00016377,,0.00805664,32.0,32.0,
2025-10-21,ibm_kingston,20,333.6338,18.8424,0.00027917,0.00027917,0.0020042,0.00366211,32.0,32.0,68.0
2025-10-21,ibm_kingston,21,232.621,248.326,0.00026256,0.00026256,0.00173728,0.00524902,32.0,32.0,68.0
2025-10-21,ibm_kingston,22,226.3677,120.8705,0.00021062,0.00021062,0.00162408,0.01123047,32.0,32.0,68.0
2025-10-21,ibm_kingston,23,212.6265,66.716,0.00029807,0.00029807,0.00151926,0.01049805,32.0,32.0,68.0
2025-10-21,ibm_kingston,24,217.4728,36.9232,0.00031896,0.00031896,0.00250408,0.01879883,32.0,32.0,68.0
2025-10-21,ibm_kingston,25,382.6525,17.1122,0.00019455,0.00019455,0.00185949,0.00695801,32.0,32.0,68.0
2025-10-21,ibm_kingston,26,182.0526,93.3702,0.00024133,0.00024133,0.00160577,0.01159668,32.0,32.0,68.0
2025-10-21,ibm_kingston,27,268.0135,45.4832,0.00022513,0.00022513,0.00153833,0.00842285,32.0,32.0,68.0
2025-10-21,ibm_kingston,28,264.5613,306.6825,0.00017532,0.00017532,0.00315783,0.00878906,32.0,32.0,68.0
2025-10-21,ibm_kingston,29,211.1854,78.3939,0.00014174,0.00014174,0.00197586,0.00915527,32.0,32.0,80.0
2025-10-21,ibm_kingston,30,208.9789,55.235,0.0001977,0.0001977,0.11996722,0.02990723,32.0,32.0,68.0
2025-10-21,ibm_kingston,31,287.0757,251.0577,0.00016338,0.00016338,0.00141219,0.01721191,32.0,32.0,68.0
2025-10-21,ibm_kingston,32,352.071,423.9595,0.00013809,0.00013809,0.00538579,0.01611328,32.0,32.0,68.0
2025-10-21,ibm_kingston,33,483.0438,531.2913,0.00012478,0.00012478,0.00237738,0.00756836,32.0,32.0,108.0
2025-10-21,ibm_kingston,34,321.8192,258.1124,0.00019786,0.00019786,0.00367959,0.02209473,32.0,32.0,68.0
2025-10-21,ibm_kingston,35,225.7145,216.3561,0.00027165,0.00027165,,0.02636719,32.0,32.0,
2025-10-21,ibm_kingston,36,256.542,179.7914,0.00022218,0.00022218,,0.01904297,32.0,32.0,
2025-10-21,ibm_kingston,37,190.4294,31.4025,0.00026099,0.00026099,,0.00744629,32.0,32.0,
2025-10-21,ibm_kingston,38,219.8848,111.8494,0.00018612,0.00018612,,0.01928711,32.0,32.0,
2025-10-21,ibm_kingston,39,214.7457,121.5871,0.00016377,0.00016377,,0.01013184,32.0,32.0,
2025-10-20,ibm_kingston,20,243.9152,19.9198,0.00041393,0.00041393,0.00182991,0.00463867,32.0,32.0,68.0
2025-10-20,ibm_kingston,21,289.3028,296.1969,0.00017299,0.00017299,0.00145143,0.00610352,32.0,32.0,68.0
2025-10-20,ibm_kingston,22,336.649,124.7862,0.00030328,0.00030328,0.00147923,0.01611328,32.0,32.0,68.0
2025-10-20,ibm_kingston,23,280.5369,58.3167,0.000211,0.000211,0.00204497,0.00476074,32.0,32.0,68.0
2025-10-20,ibm_kingston,24,333.9135,28.1689,0.00143296,0.00143296,0.00328902,0.01525879,32.0,32.0,68.0
2025-10-20,ibm_kingston,25,382.4716,14.4725,0.00028934,0.00028934,0.00239539,0.00732422,32.0,32.0,68.0
2025-10-20,ibm_kingston,26,166.7085,65.4651,0.0004149,0.0004149,0.00257653,0.01574707,32.0,32.0,68.0
2025-10-20,ibm_kingston,27,252.8118,34.3026,0.00029365,0.00029365,0.00197411,0.0222168,32.0,32.0,68.0
2025-10-20,ibm_kingston,28,288.4858,279.7394,0.00023082,0.00023082,0.02023485,0.01062012,32.0,32.0,68.0
2025-10-20,ibm_kingston,29,195.2171,95.0071,0.00014812,0.00014812,0.01971412,0.01513672,32.0,32.0,80.0
2025-10-20,ibm_kingston,30,313.6814,68.3849,0.00024894,0.00024894,0.11996722,0.02722168,32.0,32.0,68.0
2025-10-20,ibm_kingston,31,243.8449,240.8634,0.00014318,0.00014318,0.00144438,0.01965332,32.0,32.0,68.0
2025-10-20,ibm_kingston,32,346.6472,405.2886,0.00015295,0.00015295,0.00832296,0.04833984,32.0,32.0,68.0
2025-10-20,ibm_kingston,33,376.0419,346.9573,0.00023395,0.00023395,0.00212039,0.0135498,32.0,32.0,108.0
2025-10-20,ibm_kingston,34,272.4624,253.4765,0.00015874,0.00015874,0.00550813,0.02416992,32.0,32.0,68.0
2025-10-20,ibm_kingston,35,286.614,336.9314,0.00042568,0.00042568,,0.02502441,32.0,32.0,
2025-10-20,ibm_kingston,36,277.599,170.3616,0.00033148,0.00033148,,0.02575684,32.0,32.0,
2025-10-20,ibm_kingston,37,205.7935,22.5353,0.0004129,0.0004129,,0.0065918,32.0,32.0,
2025-10-20,ibm_kingston,38,221.5548,104.8282,0.00018323,0.00018323,,0.01599121,32.0,32.0,
2025-10-20,ibm_kingston,39,206.8915,117.9663,0.00018891,0.00018891,,0.01208496,32.0,32.0,
2025-10-19,ibm_kingston,20,245.6895,20.5495,0.00019485,0.00019485,0.00182991,0.00268555,32.0,32.0,68.0
2025-10-19,ibm_kingston,21,382.93,303.1796,8.234e-05,8.234e-05,0.00145143,0.00415039,32.0,32.0,68.0
2025-10-19,ibm_kingston,22,279.1764,115.0041,0.00020513,0.00020513,0.00147923,0.01586914,32.0,32.0,68.0
2025-10-19,ibm_kingston,23,218.4062,69.3927,0.00018583,0.00018583,0.00204497,0.0090332,32.0,32.0,68.0
2025-10-19,ibm_kingston,24,175.9556,36.4118,0.00047609,0.00047609,0.00328902,0.015625,32.0,32.0,68.0
2025-10-19,ibm_kingston,25,287.1401,16.8434,0.00026277,0.00026277,0.00239539,0.00610352,32.0,32.0,68.0
2025-10-19,ibm_kingston,26,235.983,69.2798,0.00026805,0.00026805,0.00257653,0.01538086,32.0,32.0,68.0
2025-10-19,ibm_kingston,27,223.1693,34.404,0.00031471,0.00031471,0.00197411,0.00732422,32.0,32.0,68.0
2025-10-19,ibm_kingston,28,312.1404,354.0486,0.00019937,0.00019937,0.02023485,0.00952148,32.0,32.0,68.0
2025-10-19,ibm_kingston,29,183.9989,97.2487,0.00144988,0.00144988,0.01971412,0.00610352,32.0,32.0,80.0
2025-10-19,ibm_kingston,30,288.7643,54.313,0.00031867,0.00031867,0.11996722,0.03808594,32.0,32.0,68.0
2025-10-19,ibm_kingston,31,186.8429,195.9224,0.00017521,0.00017521,0.00144438,0.01171875,32.0,32.0,68.0
2025-10-19,ibm_kingston,32,352.2606,414.2948,0.00010663,0.00010663,0.00832296,0.01831055,32.0,32.0,68.0
2025-10-19,ibm_kingston,33,283.2776,307.8985,0.00011162,0.00011162,0.00212039,0.00830078,32.0,32.0,108.0
2025-10-19,ibm_kingston,34,340.4045,248.4627,0.00015818,0.00015818,0.00550813,0.01879883,32.0,32.0,68.0
2025-10-19,ibm_kingston,35,283.5849,292.6369,0.00106908,0.00106908,,0.02197266,32.0,32.0,
2025-10-19,ibm_kingston,36,153.2246,140.1494,0.00019235,0.00019235,,0.02026367,32.0,32.0,
2025-10-19,ibm_kingston,37,192.8609,27.4264,0.0002899,0.0002899,,0.00488281,32.0,32.0,
2025-10-19,ibm_kingston,38,235.753,117.2516,0.00026839,0.00026839,,0.02124023,32.0,32.0,
2025-10-19,ibm_kingston,39,133.5449,113.2884,0.00022071,0.00022071,,0.00952148,32.0,32.0,
2025-10-18,ibm_kingston,20,325.3467,24.0909,0.00031887,0.00031887,0.00142152,0.00512695,32.0,32.0,68.0
2025-10-18,ibm_kingston,21,475.4931,473.9183,9.136e-05,9.136e-05,0.00121005,0.00390625,32.0,32.0,68.0
2025-10-18,ibm_kingston,22,240.7374,112.5977,0.00019936,0.00019936,0.00145371,0.02270508,32.0,32.0,68.0
2025-10-18,ibm_kingston,23,315.2815,59.1346,0.00011206,0.00011206,0.00146075,0.00341797,32.0,32.0,68.0
2025-10-18,ibm_kingston,24,271.2651,40.7682,0.00064822,0.00064822,0.0023069,0.0168457,32.0,32.0,68.0
2025-10-18,ibm_kingston,25,361.5429,19.9595,0.00174197,0.00174197,0.00184307,0.0065918,32.0,32.0,68.0
2025-10-18,ibm_kingston,26,220.8009,92.099,0.00026536,0.00026536,0.0018013,0.01342773,32.0,32.0,68.0
2025-10-18,ibm_kingston,27,226.6441,42.5277,0.00019015,0.00019015,0.00133594,0.00488281,32.0,32.0,68.0
2025-10-18,ibm_kingston,28,273.4063,285.76,0.00016778,0.00016778,0.00321717,0.00878906,32.0,32.0,68.0
2025-10-18,ibm_kingston,29,195.2051,99.1467,0.00013954,0.00013954,0.00146541,0.00708008,32.0,32.0,80.0
2025-10-18,ibm_kingston,30,266.7416,36.8695,0.00018707,0.00018707,0.11996722,0.02612305,32.0,32.0,68.0
2025-10-18,ibm_kingston,31,257.0704,219.4849,0.00014692,0.00014692,0.00151308,0.01733398,32.0,32.0,68.0
2025-10-18,ibm_kingston,32,256.312,316.7103,0.00032705,0.00032705,0.00340788,0.01318359,32.0,32.0,68.0
2025-10-18,ibm_kingston,33,291.7885,315.7016,0.00031122,0.00031122,0.00260531,0.00854492,32.0,32.0,108.0
2025-10-18,ibm_kingston,34,199.1268,197.8096,0.00019928,0.00019928,0.01006783,0.02075195,32.0,32.0,68.0
2025-10-18,ibm_kingston,35,221.3962,264.1205,0.00030412,0.00030412,,0.0168457,32.0,32.0,
2025-10-18,ibm_kingston,36,267.7026,110.6198,0.00021874,0.00021874,,0.01708984,32.0,32.0,
2025-10-18,ibm_kingston,37,151.2339,22.4204,0.00036073,0.00036073,,0.00488281,32.0,32.0,
2025-10-18,ibm_kingston,38,252.3639,122.6442,0.00019358,0.00019358,,0.015625,32.0,32.0,
2025-10-18,ibm_kingston,39,100.0949,94.6031,0.00017758,0.00017758,,0.01196289,32.0,32.0,
2025-10-17,ibm_kingston,20,201.4461,21.0502,0.0004376,0.0004376,0.00157284,0.0045166,32.0,32.0,68.0
2025-10-17,ibm_kingston,21,372.5102,430.258,0.00019013,0.00019013,0.00162704,0.0032959,32.0,32.0,68.0
2025-10-17,ibm_kingston,22,274.9062,142.6477,0.00012939,0.00012939,0.00107196,0.01367188,32.0,32.0,68.0
2025-10-17,ibm_kingston,23,316.7491,59.126,0.00011206,0.00011206,0.00173854,0.00366211,32.0,32.0,68.0
2025-10-17,ibm_kingston,24,188.7335,42.2521,0.0006427,0.0006427,0.0026576,0.01477051,32.0,32.0,68.0
2025-10-17,ibm_kingston,25,390.2991,20.7369,0.0002892,0.0002892,0.00201329,0.00671387,32.0,32.0,68.0
2025-10-17,ibm_kingston,26,235.5732,135.9919,0.0002367,0.0002367,0.00251499,0.01171875,32.0,32.0,68.0
2025-10-17,ibm_kingston,27,224.8053,55.6911,0.00030541,0.00030541,0.00183513,0.0144043,32.0,32.0,68.0
2025-10-17,ibm_kingston,28,242.3179,277.0767,0.00016499,0.00016499,0.00361774,0.00793457,32.0,32.0,68.0
2025-10-17,ibm_kingston,29,183.9623,108.3867,0.00017981,0.00017981,0.00291673,0.00817871,32.0,32.0,80.0
2025-10-17,ibm_kingston,30,211.1509,42.163,0.00044313,0.00044313,0.11996722,0.03015137,32.0,32.0,68.0
2025-10-17,ibm_kingston,31,293.9355,290.5866,0.0006238,0.0006238,0.0014799,0.02172852,32.0,32.0,68.0
2025-10-17,ibm_kingston,32,151.6999,137.6333,0.00019453,0.00019453,0.01375862,0.01879883,32.0,32.0,68.0
2025-10-17,ibm_kingston,33,462.6148,374.6411,9.07e-05,9.07e-05,0.00251711,0.01025391,32.0,32.0,108.0
2025-10-17,ibm_kingston,34,275.5252,289.9748,0.00019586,0.00019586,0.00455818,0.02099609,32.0,32.0,68.0
2025-10-17,ibm_kingston,35,38.2451,52.3497,0.00038477,0.00038477,,0.02026367,32.0,32.0,
2025-10-17,ibm_kingston,36,267.7026,217.4614,0.00023583,0.00023583,,0.01403809,32.0,32.0,
2025-10-17,ibm_kingston,37,151.2339,27.9381,0.00057221,0.00057221,,0.00549316,32.0,32.0,
2025-10-17,ibm_kingston,38,232.0458,111.8018,0.00021936,0.00021936,,0.01611328,32.0,32.0,
2025-10-17,ibm_kingston,39,187.5142,138.078,0.00016359,0.00016359,,0.01184082,32.0,32.0,
2025-10-16,ibm_kingston,20,305.6846,20.8937,0.0004376,0.0004376,0.00148527,0.00634766,32.0,32.0,68.0
2025-10-16,ibm_kingston,21,360.8374,393.4138,0.00012355,0.00012355,0.00127345,0.0057373,32.0,32.0,68.0
2025-10-16,ibm_kingston,22,207.6467,100.8252,0.00015942,0.00015942,0.00170232,0.01000977,32.0,32.0,68.0
2025-10-16,ibm_kingston,23,288.8857,60.0844,0.00015346,0.00015346,0.00176441,0.00463867,32.0,32.0,68.0
2025-10-16,ibm_kingston,24,310.8738,40.7354,0.00057679,0.00057679,0.00294422,0.0144043,32.0,32.0,68.0
2025-10-16,ibm_kingston,25,379.6182,16.7407,0.00034541,0.00034541,0.00210018,0.00842285,32.0,32.0,68.0
2025-10-16,ibm_kingston,26,209.9434,95.3961,0.00031098,0.00031098,0.0022521,0.01257324,32.0,32.0,68.0
2025-10-16,ibm_kingston,27,211.7978,42.0361,0.00028858,0.00028858,0.00188985,0.00891113,32.0,32.0,68.0
2025-10-16,ibm_kingston,28,252.798,345.9045,0.00045437,0.00045437,0.0038068,0.00939941,32.0,32.0,68.0
2025-10-16,ibm_kingston,29,180.4968,106.8233,0.00014088,0.00014088,0.00165159,0.00756836,32.0,32.0,80.0
2025-10-16,ibm_kingston,30,297.9058,46.7857,0.00047941,0.00047941,0.11996722,0.02514648,32.0,32.0,68.0
2025-10-16,ibm_kingston,31,230.6536,253.4217,0.00021149,0.00021149,0.001561,0.01513672,32.0,32.0,68.0
2025-10-16,ibm_kingston,32,320.0981,362.7808,0.00018073,0.00018073,0.01174666,0.01586914,32.0,32.0,68.0
2025-10-16,ibm_kingston,33,258.7119,374.6411,0.00039631,0.00039631,0.00233466,0.01013184,32.0,32.0,108.0
2025-10-16,ibm_kingston,34,221.5832,240.6418,0.00034165,0.00034165,0.00987217,0.02099609,32.0,32.0,68.0
2025-10-16,ibm_kingston,35,277.018,311.0183,0.00021922,0.00021922,,0.04223633,32.0,32.0,
2025-10-16,ibm_kingston,36,374.7471,236.2559,0.00020989,0.00020989,,0.01733398,32.0,32.0,
2025-10-16,ibm_kingston,37,230.1836,22.0499,0.00032491,0.00032491,,0.00512695,32.0,32.0,
2025-10-16,ibm_kingston,38,307.8178,131.7426,0.00021215,0.00021215,,0.01123047,32.0,32.0,
2025-10-16,ibm_kingston,39,161.1935,119.3336,0.00013501,0.00013501,,0.01074219,32.0,32.0,
2025-10-15,ibm_kingston,20,264.7316,21.3456,0.0004376,0.0004376,0.00177386,0.00390625,32.0,32.0,68.0
2025-10-15,ibm_kingston,21,413.3263,426.6508,0.00018001,0.00018001,0.00124012,0.00317383,32.0,32.0,68.0
2025-10-15,ibm_kingston,22,202.2627,105.0489,0.00016804,0.00016804,0.00125934,0.01269531,32.0,32.0,68.0
2025-10-15,ibm_kingston,23,279.6488,59.0607,0.00017542,0.00017542,0.00184054,0.00561523,32.0,32.0,68.0
2025-10-15,ibm_kingston,24,288.7121,51.5289,0.00049723,0.00049723,0.00294992,0.01782227,32.0,32.0,68.0
2025-10-15,ibm_kingston,25,347.2925,19.4747,0.00026897,0.00026897,0.0023263,0.00488281,32.0,32.0,68.0
2025-10-15,ibm_kingston,26,262.722,120.5977,0.00028913,0.00028913,0.00194822,0.01464844,32.0,32.0,68.0
2025-10-15,ibm_kingston,27,221.714,50.9177,0.00024684,0.00024684,0.00120412,0.00634766,32.0,32.0,68.0
2025-10-15,ibm_kingston,28,374.867,420.5982,0.00017818,0.00017818,0.00292302,0.00805664,32.0,32.0,68.0
2025-10-15,ibm_kingston,29,202.4766,90.1998,0.0001642,0.0001642,0.00167823,0.00708008,32.0,32.0,80.0
2025-10-15,ibm_kingston,30,229.5153,54.6598,0.00036297,0.00036297,0.11996722,0.0246582,32.0,32.0,68.0
2025-10-15,ibm_kingston,31,223.9971,231.5552,0.00014814,0.00014814,0.00147521,0.01977539,32.0,32.0,68.0
2025-10-15,ibm_kingston,32,278.504,411.4384,0.00012059,0.00012059,0.00803337,0.01831055,32.0,32.0,68.0
2025-10-15,ibm_kingston,33,275.8446,431.7755,0.00025723,0.00025723,0.00326987,0.00756836,32.0,32.0,108.0
2025-10-15,ibm_kingston,34,264.5446,239.1851,0.0003329,0.0003329,0.0021894,0.02050781,32.0,32.0,68.0
2025-10-15,ibm_kingston,35,314.8644,432.1961,0.00016759,0.00016759,,0.01513672,32.0,32.0,
2025-10-15,ibm_kingston,36,297.4763,236.1007,0.00015942,0.00015942,,0.02832031,32.0,32.0,
2025-10-15,ibm_kingston,37,183.1871,27.9259,0.00020188,0.00020188,,0.00610352,32.0,32.0,
2025-10-15,ibm_kingston,38,277.931,131.1866,0.000186,0.000186,,0.01220703,32.0,32.0,
2025-10-15,ibm_kingston,39,225.2998,133.5094,0.00015979,0.00015979,,0.01269531,32.0,32.0,
2025-10-14,ibm_kingston,20,226.3279,19.0047,0.00032399,0.00032399,0.00159834,0.00878906,32.0,32.0,68.0
2025-10-14,ibm_kingston,21,280.9959,374.2712,0.00018001,0.00018001,0.00122941,0.0032959,32.0,32.0,68.0
2025-10-14,ibm_kingston,22,243.1421,106.9479,0.00024196,0.00024196,0.00135663,0.00964355,32.0,32.0,68.0
2025-10-14,ibm_kingston,23,318.4825,61.3629,0.00018901,0.00018901,0.00125869,0.00512695,32.0,32.0,68.0
2025-10-14,ibm_kingston,24,135.9013,45.323,0.00040009,0.00040009,0.00176634,0.01782227,32.0,32.0,68.0
2025-10-14,ibm_kingston,25,400.4718,15.553,0.00027022,0.00027022,0.00166579,0.00561523,32.0,32.0,68.0
2025-10-14,ibm_kingston,26,207.7403,149.5144,0.00019463,0.00019463,0.00153218,0.01391602,32.0,32.0,68.0
2025-10-14,ibm_kingston,27,180.1989,55.0795,0.00029918,0.00029918,0.00123626,0.00854492,32.0,32.0,68.0
2025-10-14,ibm_kingston,28,233.6643,270.6294,0.00015938,0.00015938,0.00689922,0.00964355,32.0,32.0,68.0
2025-10-14,ibm_kingston,29,174.1768,91.9544,0.00025247,0.00025247,0.00378529,0.0065918,32.0,32.0,80.0
2025-10-14,ibm_kingston,30,247.8893,55.1555,0.00017089,0.00017089,0.11996722,0.02844238,32.0,32.0,68.0
2025-10-14,ibm_kingston,31,135.7596,153.7278,9.815e-05,9.815e-05,0.00360773,0.02282715,32.0,32.0,68.0
2025-10-14,ibm_kingston,32,334.2608,413.5043,0.00018053,0.00018053,0.00875211,0.01745605,32.0,32.0,68.0
2025-10-14,ibm_kingston,33,331.5425,496.0563,0.00011858,0.00011858,0.00228595,0.01000977,32.0,32.0,108.0
2025-10-14,ibm_kingston,34,305.5029,181.8889,0.00015472,0.00015472,0.00146206,0.0267334,32.0,32.0,68.0
2025-10-14,ibm_kingston,35,223.2628,311.9191,0.00016759,0.00016759,,0.01843262,32.0,32.0,
2025-10-14,ibm_kingston,36,315.8952,230.143,0.00026989,0.00026989,,0.01757812,32.0,32.0,
2025-10-14,ibm_kingston,37,202.5752,28.8879,0.00023793,0.00023793,,0.00524902,32.0,32.0,
2025-10-14,ibm_kingston,38,175.6707,105.9594,0.00019438,0.00019438,,0.01574707,32.0,32.0,
2025-10-14,ibm_kingston,39,173.0801,116.3977,0.00015926,0.00015926,,0.01196289,32.0,32.0,
2025-10-13,ibm_kingston,20,316.9317,21.2409,0.00032399,0.00032399,0.00159834,0.00512695,32.0,32.0,68.0
2025-10-13,ibm_kingston,21,328.3047,406.25,0.00018001,0.00018001,0.00122941,0.00341797,32.0,32.0,68.0
2025-10-13,ibm_kingston,22,217.963,117.099,0.00024196,0.00024196,0.00135663,0.01049805,32.0,32.0,68.0
2025-10-13,ibm_kingston,23,141.2766,55.911,0.00018901,0.00018901,0.00125869,0.00488281,32.0,32.0,68.0
2025-10-13,ibm_kingston,24,286.1513,71.7182,0.00040009,0.00040009,0.00176634,0.01879883,32.0,32.0,68.0
2025-10-13,ibm_kingston,25,334.7633,18.2318,0.00027022,0.00027022,0.00166579,0.00463867,32.0,32.0,68.0
2025-10-13,ibm_kingston,26,253.8641,199.6693,0.00019463,0.00019463,0.00153218,0.01464844,32.0,32.0,68.0
2025-10-13,ibm_kingston,27,235.5778,86.5636,0.00029918,0.00029918,0.00123626,0.00561523,32.0,32.0,68.0
2025-10-13,ibm_kingston,28,152.282,151.4052,0.00015938,0.00015938,0.00689922,0.00976562,32.0,32.0,68.0
2025-10-13,ibm_kingston,29,212.5781,108.2316,0.00025247,0.00025247,0.00378529,0.00708008,32.0,32.0,80.0
2025-10-13,ibm_kingston,30,290.2326,65.5911,0.00017089,0.00017089,0.11996722,0.02832031,32.0,32.0,68.0
2025-10-13,ibm_kingston,31,294.5257,298.6966,9.815e-05,9.815e-05,0.00360773,0.01635742,32.0,32.0,68.0
2025-10-13,ibm_kingston,32,305.6249,337.5501,0.00018053,0.00018053,0.00875211,0.02026367,32.0,32.0,68.0
2025-10-13,ibm_kingston,33,366.6447,497.1574,0.00011858,0.00011858,0.00228595,0.00952148,32.0,32.0,108.0
2025-10-13,ibm_kingston,34,305.5029,271.4291,0.00015472,0.00015472,0.00146206,0.02099609,32.0,32.0,68.0
2025-10-13,ibm_kingston,35,374.7977,416.3152,0.00016759,0.00016759,,0.01879883,32.0,32.0,
2025-10-13,ibm_kingston,36,280.0394,239.8996,0.00026989,0.00026989,,0.01733398,32.0,32.0,
2025-10-13,ibm_kingston,37,172.158,28.9698,0.00023793,0.00023793,,0.00463867,32.0,32.0,
2025-10-13,ibm_kingston,38,319.2763,139.161,0.00019438,0.00019438,,0.01611328,32.0,32.0,
2025-10-13,ibm_kingston,39,158.5202,127.3133,0.00015926,0.00015926,,0.01293945,32.0,32.0,
2025-10-12,ibm_kingston,20,340.1219,21.3775,0.00025283,0.00025283,0.00138687,0.00915527,32.0,32.0,68.0
2025-10-12,ibm_kingston,21,316.5297,385.99,0.00015007,0.00015007,0.00141967,0.00524902,32.0,32.0,68.0
2025-10-12,ibm_kingston,22,233.2933,111.1114,0.00019291,0.00019291,0.00116841,0.01257324,32.0,32.0,68.0
2025-10-12,ibm_kingston,23,257.9939,82.6571,0.00010342,0.00010342,0.00153487,0.00622559,32.0,32.0,68.0
2025-10-12,ibm_kingston,24,264.7728,40.4837,0.00040778,0.00040778,0.00224281,0.01818848,32.0,32.0,68.0
2025-10-12,ibm_kingston,25,379.0758,14.7211,0.00019967,0.00019967,0.00164113,0.00537109,32.0,32.0,68.0
2025-10-12,ibm_kingston,26,281.5467,108.9587,0.00020285,0.00020285,0.00167414,0.0168457,32.0,32.0,68.0
2025-10-12,ibm_kingston,27,225.3144,41.3088,0.00025781,0.00025781,0.0015313,0.00646973,32.0,32.0,68.0
2025-10-12,ibm_kingston,28,365.7492,455.9609,0.00016284,0.00016284,0.004886,0.01013184,32.0,32.0,68.0
2025-10-12,ibm_kingston,29,181.2769,84.8953,0.00015829,0.00015829,0.00424222,0.00500488,32.0,32.0,80.0
2025-10-12,ibm_kingston,30,289.4742,53.7254,0.00019886,0.00019886,0.11996722,0.02941895,32.0,32.0,68.0
2025-10-12,ibm_kingston,31,251.2927,239.844,0.00014059,0.00014059,0.00189026,0.0111084,32.0,32.0,68.0
2025-10-12,ibm_kingston,32,392.1863,409.0712,0.00026222,0.00026222,0.00298459,0.0144043,32.0,32.0,68.0
2025-10-12,ibm_kingston,33,11.0926,14.7151,0.00013863,0.00013863,0.00279561,0.01098633,32.0,32.0,108.0
2025-10-12,ibm_kingston,34,297.7942,258.3642,0.00014825,0.00014825,0.00192265,0.0222168,32.0,32.0,68.0
2025-10-12,ibm_kingston,35,328.8165,337.5658,0.00013514,0.00013514,,0.0168457,32.0,32.0,
2025-10-12,ibm_kingston,36,308.6139,201.7343,0.00024401,0.00024401,,0.01794434,32.0,32.0,
2025-10-12,ibm_kingston,37,131.5244,25.0505,0.00017311,0.00017311,,0.00402832,32.0,32.0,
2025-10-12,ibm_kingston,38,202.2497,106.8911,0.00021073,0.00021073,,0.01147461,32.0,32.0,
2025-10-12,ibm_kingston,39,233.7046,135.7104,0.0001494,0.0001494,,0.01220703,32.0,32.0,
2025-10-11,ibm_kingston,20,344.6959,19.7088,0.00021962,0.00021962,0.00157186,0.00524902,32.0,32.0,68.0
2025-10-11,ibm_kingston,21,439.603,382.0028,0.00018545,0.00018545,0.00133818,0.00378418,32.0,32.0,68.0
2025-10-11,ibm_kingston,22,202.537,116.68,0.00044202,0.00044202,0.00129641,0.01586914,32.0,32.0,68.0
2025-10-11,ibm_kingston,23,306.2533,64.3309,0.00030812,0.00030812,0.001218,0.01611328,32.0,32.0,68.0
2025-10-11,ibm_kingston,24,281.46,56.479,0.00024846,0.00024846,0.00222043,0.01831055,32.0,32.0,68.0
2025-10-11,ibm_kingston,25,434.6283,17.3015,0.00022145,0.00022145,0.00133338,0.0057373,32.0,32.0,68.0
2025-10-11,ibm_kingston,26,259.3394,160.9631,0.00024922,0.00024922,0.00159673,0.01330566,32.0,32.0,68.0
2025-10-11,ibm_kingston,27,240.1563,71.1255,0.00025925,0.00025925,0.00112515,0.00964355,32.0,32.0,68.0
2025-10-11,ibm_kingston,28,292.7459,299.0323,0.00019089,0.00019089,0.0048477,0.01037598,32.0,32.0,68.0
2025-10-11,ibm_kingston,29,128.5522,89.0017,0.00040134,0.00040134,0.00211954,0.00561523,32.0,32.0,80.0
2025-10-11,ibm_kingston,30,235.9138,40.2732,0.0004205,0.0004205,0.09730408,0.02539062,32.0,32.0,68.0
2025-10-11,ibm_kingston,31,182.5763,201.9045,0.0001394,0.0001394,0.00175309,0.01806641,32.0,32.0,68.0
2025-10-11,ibm_kingston,32,303.1699,417.2782,0.00021458,0.00021458,0.00295755,0.01733398,32.0,32.0,68.0
2025-10-11,ibm_kingston,33,161.5319,161.4486,0.00015565,0.00015565,0.00286429,0.0098877,32.0,32.0,108.0
2025-10-11,ibm_kingston,34,281.5861,242.2331,0.00018724,0.00018724,0.00295714,0.02355957,32.0,32.0,68.0
2025-10-11,ibm_kingston,35,220.4378,341.9796,0.00017173,0.00017173,,0.01708984,32.0,32.0,
2025-10-11,ibm_kingston,36,333.6048,247.0615,0.00019231,0.00019231,,0.01953125,32.0,32.0,
2025-10-11,ibm_kingston,37,197.5437,37.4467,0.00025289,0.00025289,,0.00671387,32.0,32.0,
2025-10-11,ibm_kingston,38,236.9286,118.4882,0.00021305,0.00021305,,0.01257324,32.0,32.0,
2025-10-11,ibm_kingston,39,205.7043,135.8076,0.00021178,0.00021178,,0.01208496,32.0,32.0,
2025-10-10,ibm_kingston,20,344.6959,19.7088,0.00025509,0.00025509,0.00138831,0.00378418,32.0,32.0,68.0
2025-10-10,ibm_kingston,21,439.603,382.0028,0.00015257,0.00015257,0.00101615,0.00610352,32.0,32.0,68.0
2025-10-10,ibm_kingston,22,202.537,116.68,0.00027354,0.00027354,0.00135622,0.01367188,32.0,32.0,68.0
2025-10-10,ibm_kingston,23,306.2533,64.3309,0.00021912,0.00021912,0.00168835,0.00549316,32.0,32.0,68.0
2025-10-10,ibm_kingston,24,281.46,56.479,0.00046909,0.00046909,0.00263567,0.01879883,32.0,32.0,68.0
2025-10-10,ibm_kingston,25,434.6283,17.3015,0.00018635,0.00018635,0.0017124,0.00744629,32.0,32.0,68.0
2025-10-10,ibm_kingston,26,259.3394,160.9631,0.00027843,0.00027843,0.00160505,0.01477051,32.0,32.0,68.0
2025-10-10,ibm_kingston,27,240.1563,71.1255,0.00019069,0.00019069,0.00131693,0.01647949,32.0,32.0,68.0
2025-10-10,ibm_kingston,28,292.7459,299.0323,0.00016511,0.00016511,0.00343541,0.00854492,32.0,32.0,68.0
2025-10-10,ibm_kingston,29,128.5522,89.0017,0.00013923,0.00013923,0.00127382,0.00744629,32.0,32.0,80.0
2025-10-10,ibm_kingston,30,235.9138,40.2732,0.00034903,0.00034903,0.09730408,0.0300293,32.0,32.0,68.0
2025-10-10,ibm_kingston,31,182.5763,201.9045,0.0003699,0.0003699,0.0022916,0.02563477,32.0,32.0,68.0
2025-10-10,ibm_kingston,32,303.1699,417.2782,0.0002729,0.0002729,0.00295865,0.02050781,32.0,32.0,68.0
2025-10-10,ibm_kingston,33,161.5319,161.4486,5.232e-05,5.232e-05,0.00231444,0.01403809,32.0,32.0,108.0
2025-10-10,ibm_kingston,34,281.5861,242.2331,0.000146,0.000146,0.0026238,0.02502441,32.0,32.0,68.0
2025-10-10,ibm_kingston,35,220.4378,341.9796,0.00012846,0.00012846,,0.01843262,32.0,32.0,
2025-10-10,ibm_kingston,36,333.6048,247.0615,0.00018061,0.00018061,,0.02429199,32.0,32.0,
2025-10-10,ibm_kingston,37,197.5437,37.4467,0.0005087,0.0005087,,0.00842285,32.0,32.0,
2025-10-10,ibm_kingston,38,236.9286,118.4882,0.00022103,0.00022103,,0.01013184,32.0,32.0,
2025-10-10,ibm_kingston,39,205.7043,135.8076,0.00028079,0.00028079,,0.01733398,32.0,32.0,
2025-10-09,ibm_kingston,20,364.522,22.0381,0.00025509,0.00025509,0.00201213,0.00476074,32.0,32.0,68.0
2025-10-09,ibm_kingston,21,340.6142,326.2224,0.00015257,0.00015257,0.00111849,0.00476074,32.0,32.0,68.0
2025-10-09,ibm_kingston,22,237.3358,115.897,0.00027354,0.00027354,0.0011013,0.0135498,32.0,32.0,68.0
2025-10-09,ibm_kingston,23,289.7091,67.6466,0.00021912,0.00021912,0.00122991,0.00537109,32.0,32.0,68.0
2025-10-09,ibm_kingston,24,213.7165,44.171,0.00046909,0.00046909,0.00172766,0.01647949,32.0,32.0,68.0
2025-10-09,ibm_kingston,25,218.3425,18.7771,0.00018635,0.00018635,0.00364843,0.00537109,32.0,32.0,68.0
2025-10-09,ibm_kingston,26,207.3303,105.9875,0.00027843,0.00027843,0.00399797,0.01281738,32.0,32.0,68.0
2025-10-09,ibm_kingston,27,212.6245,42.8902,0.00019069,0.00019069,0.00101619,0.04919434,32.0,32.0,68.0
2025-10-09,ibm_kingston,28,303.0734,338.6594,0.00016511,0.00016511,0.00373703,0.01062012,32.0,32.0,68.0
2025-10-09,ibm_kingston,29,151.2125,106.7999,0.00013923,0.00013923,0.00182291,0.00549316,32.0,32.0,80.0
2025-10-09,ibm_kingston,30,243.7303,54.1212,0.00034903,0.00034903,0.09730408,0.02770996,32.0,32.0,68.0
2025-10-09,ibm_kingston,31,208.452,244.8665,0.0003699,0.0003699,0.00160993,0.03442383,32.0,32.0,68.0
2025-10-09,ibm_kingston,32,299.6216,306.8113,0.0002729,0.0002729,0.00244401,0.01818848,32.0,32.0,68.0
2025-10-09,ibm_kingston,33,376.5635,421.9705,5.232e-05,5.232e-05,0.00384751,0.01245117,32.0,32.0,108.0
2025-10-09,ibm_kingston,34,363.4785,347.5794,0.000146,0.000146,0.0022532,0.02453613,32.0,32.0,68.0
2025-10-09,ibm_kingston,35,257.3935,94.8268,0.00012846,0.00012846,,0.01965332,32.0,32.0,
2025-10-09,ibm_kingston,36,242.9243,187.6253,0.00018061,0.00018061,,0.01599121,32.0,32.0,
2025-10-09,ibm_kingston,37,192.773,25.4843,0.0005087,0.0005087,,0.00354004,32.0,32.0,
2025-10-09,ibm_kingston,38,286.6665,117.191,0.00022103,0.00022103,,0.0098877,32.0,32.0,
2025-10-09,ibm_kingston,39,132.9958,95.1653,0.00028079,0.00028079,,0.02050781,32.0,32.0,
2025-10-08,ibm_kingston,20,265.5062,21.0138,0.00023879,0.00023879,0.00201213,0.00317383,32.0,32.0,68.0
2025-10-08,ibm_kingston,21,422.6164,457.4021,0.00010404,0.00010404,0.00111849,0.00500488,32.0,32.0,68.0
2025-10-08,ibm_kingston,22,249.0295,120.0442,0.00024423,0.00024423,0.0011013,0.01269531,32.0,32.0,68.0
2025-10-08,ibm_kingston,23,264.1557,60.475,0.00013598,0.00013598,0.00122991,0.00463867,32.0,32.0,68.0
2025-10-08,ibm_kingston,24,118.6833,41.638,0.00052328,0.00052328,0.00172766,0.01855469,32.0,32.0,68.0
2025-10-08,ibm_kingston,25,417.5331,16.7722,0.00019206,0.00019206,0.00364843,0.0090332,32.0,32.0,68.0
2025-10-08,ibm_kingston,26,241.7164,120.6467,0.00031465,0.00031465,0.00399797,0.01513672,32.0,32.0,68.0
2025-10-08,ibm_kingston,27,216.183,50.9996,0.00013346,0.00013346,0.00101619,0.00964355,32.0,32.0,68.0
2025-10-08,ibm_kingston,28,364.7555,475.806,0.00018664,0.00018664,0.00373703,0.01123047,32.0,32.0,68.0
2025-10-08,ibm_kingston,29,178.3261,87.4094,0.00014928,0.00014928,0.00182291,0.00610352,32.0,32.0,80.0
2025-10-08,ibm_kingston,30,221.9499,65.2278,0.00035592,0.00035592,0.09730408,0.02319336,32.0,32.0,68.0
2025-10-08,ibm_kingston,31,223.763,248.3603,0.00013068,0.00013068,0.00160993,0.04174805,32.0,32.0,68.0
2025-10-08,ibm_kingston,32,346.4324,430.8808,0.00011915,0.00011915,0.00244401,0.02111816,32.0,32.0,68.0
2025-10-08,ibm_kingston,33,342.423,421.9705,0.00030417,0.00030417,0.00384751,0.04333496,32.0,32.0,108.0
2025-10-08,ibm_kingston,34,326.3736,304.1021,0.00018553,0.00018553,0.0022532,0.02539062,32.0,32.0,68.0
2025-10-08,ibm_kingston,35,257.3935,365.8096,0.00027776,0.00027776,,0.02404785,32.0,32.0,
2025-10-08,ibm_kingston,36,319.7231,229.9961,0.00015757,0.00015757,,0.01477051,32.0,32.0,
2025-10-08,ibm_kingston,37,219.0163,24.296,0.00023312,0.00023312,,0.00671387,32.0,32.0,
2025-10-08,ibm_kingston,38,260.4075,115.025,0.00020318,0.00020318,,0.01037598,32.0,32.0,
2025-10-08,ibm_kingston,39,179.4607,108.2831,0.00019386,0.00019386,,0.01293945,32.0,32.0,
2025-10-07,ibm_kingston,20,351.8022,22.7813,0.00023879,0.00023879,0.00145698,0.00415039,32.0,32.0,68.0
2025-10-07,ibm_kingston,21,256.9528,272.6471,0.00010404,0.00010404,0.00171527,0.00488281,32.0,32.0,68.0
2025-10-07,ibm_kingston,22,219.9984,114.8856,0.00024423,0.00024423,0.0013644,0.0123291,32.0,32.0,68.0
2025-10-07,ibm_kingston,23,293.5883,67.3321,0.00013598,0.00013598,0.00125497,0.00561523,32.0,32.0,68.0
2025-10-07,ibm_kingston,24,298.8215,56.702,0.00052328,0.00052328,0.00204775,0.01867676,32.0,32.0,68.0
2025-10-07,ibm_kingston,25,417.5331,22.7929,0.00019206,0.00019206,0.00198186,0.0032959,32.0,32.0,68.0
2025-10-07,ibm_kingston,26,266.5281,181.4535,0.00031465,0.00031465,0.00171297,0.0189209,32.0,32.0,68.0
2025-10-07,ibm_kingston,27,262.7761,81.7838,0.00013346,0.00013346,0.00135076,0.00854492,32.0,32.0,68.0
2025-10-07,ibm_kingston,28,245.3371,246.4907,0.00018664,0.00018664,0.00354224,0.01538086,32.0,32.0,68.0
2025-10-07,ibm_kingston,29,193.8692,104.5995,0.00014928,0.00014928,0.00147711,0.00415039,32.0,32.0,80.0
2025-10-07,ibm_kingston,30,345.3136,52.1074,0.00035592,0.00035592,0.09730408,0.02587891,32.0,32.0,68.0
2025-10-07,ibm_kingston,31,150.386,190.4662,0.00013068,0.00013068,0.00171658,0.0324707,32.0,32.0,68.0
2025-10-07,ibm_kingston,32,240.46,267.1023,0.00011915,0.00011915,0.00244401,0.02124023,32.0,32.0,68.0
2025-10-07,ibm_kingston,33,361.4599,414.114,0.00030417,0.00030417,0.00209667,0.01733398,32.0,32.0,108.0
2025-10-07,ibm_kingston,34,145.2959,192.8843,0.00018553,0.00018553,0.0022532,0.02722168,32.0,32.0,68.0
2025-10-07,ibm_kingston,35,210.3817,234.6376,0.00027776,0.00027776,,0.02526855,32.0,32.0,
2025-10-07,ibm_kingston,36,255.7827,212.3574,0.00015757,0.00015757,,0.01977539,32.0,32.0,
2025-10-07,ibm_kingston,37,219.0163,29.0144,0.00023312,0.00023312,,0.00683594,32.0,32.0,
2025-10-07,ibm_kingston,38,221.4173,116.2259,0.00020318,0.00020318,,0.01660156,32.0,32.0,
2025-10-07,ibm_kingston,39,225.549,156.4518,0.00019386,0.00019386,,0.01281738,32.0,32.0,
2025-10-06,ibm_kingston,20,251.8741,16.1896,0.0003484,0.0003484,0.00154414,0.00561523,32.0,32.0,68.0
2025-10-06,ibm_kingston,21,302.4661,257.5114,9.762e-05,9.762e-05,0.0016753,0.00402832,32.0,32.0,68.0
2025-10-06,ibm_kingston,22,221.089,108.5591,0.0001182,0.0001182,0.00137083,0.01293945,32.0,32.0,68.0
2025-10-06,ibm_kingston,23,304.0036,58.8405,0.00022244,0.00022244,0.00180636,0.00646973,32.0,32.0,68.0
2025-10-06,ibm_kingston,24,197.7216,28.6632,0.00055327,0.00055327,0.00280771,0.0189209,32.0,32.0,68.0
2025-10-06,ibm_kingston,25,359.5651,14.264,0.00034828,0.00034828,0.00233803,0.0057373,32.0,32.0,68.0
2025-10-06,ibm_kingston,26,290.3801,69.4972,0.00032465,0.00032465,0.00229948,0.01367188,32.0,32.0,68.0
2025-10-06,ibm_kingston,27,192.2269,28.6467,0.00035461,0.00035461,0.00153263,0.01281738,32.0,32.0,68.0
2025-10-06,ibm_kingston,28,347.2135,342.0378,0.00023791,0.00023791,0.00342067,0.01000977,32.0,32.0,68.0
2025-10-06,ibm_kingston,29,213.2857,108.7469,0.00016323,0.00016323,0.00166105,0.00939941,32.0,32.0,80.0
2025-10-06,ibm_kingston,30,242.0584,58.3146,0.00030074,0.00030074,0.09730408,0.02783203,32.0,32.0,68.0
2025-10-06,ibm_kingston,31,237.2564,243.8783,0.00021557,0.00021557,0.00148414,0.01269531,32.0,32.0,68.0
2025-10-06,ibm_kingston,32,319.2651,329.1411,0.00020986,0.00020986,0.00337919,0.01696777,32.0,32.0,68.0
2025-10-06,ibm_kingston,33,381.5237,209.2334,0.00019733,0.00019733,0.0027028,0.00842285,32.0,32.0,108.0
2025-10-06,ibm_kingston,34,273.0653,217.1526,0.00021189,0.00021189,0.00196061,0.02209473,32.0,32.0,68.0
2025-10-06,ibm_kingston,35,283.9339,346.9493,0.00012025,0.00012025,,0.02099609,32.0,32.0,
2025-10-06,ibm_kingston,36,270.0883,167.5926,0.00019045,0.00019045,,0.01940918,32.0,32.0,
2025-10-06,ibm_kingston,37,174.8638,23.6996,0.00040319,0.00040319,,0.00695801,32.0,32.0,
2025-10-06,ibm_kingston,38,217.9293,107.3478,0.00017793,0.00017793,,0.01391602,32.0,32.0,
2025-10-06,ibm_kingston,39,167.5904,111.6643,0.00024092,0.00024092,,0.01196289,32.0,32.0,
2025-10-05,ibm_kingston,20,422.9386,23.0453,0.00019352,0.00019352,0.00151547,0.00634766,32.0,32.0,68.0
2025-10-05,ibm_kingston,21,280.2087,318.8558,0.00018122,0.00018122,0.00145787,0.00268555,32.0,32.0,68.0
2025-10-05,ibm_kingston,22,222.8188,121.5745,0.00024372,0.00024372,0.00137083,0.01049805,32.0,32.0,68.0
2025-10-05,ibm_kingston,23,208.6454,52.8382,0.00019952,0.00019952,0.00173494,0.0078125,32.0,32.0,68.0
2025-10-05,ibm_kingston,24,217.0125,32.4085,0.00046158,0.00046158,0.00272931,0.01745605,32.0,32.0,68.0
2025-10-05,ibm_kingston,25,310.7944,18.5861,0.00022347,0.00022347,0.00230827,0.00256348,32.0,32.0,68.0
2025-10-05,ibm_kingston,26,224.4455,80.8426,0.00028318,0.00028318,0.00228567,0.01525879,32.0,32.0,68.0
2025-10-05,ibm_kingston,27,287.756,34.5968,0.00024749,0.00024749,0.00161079,0.01062012,32.0,32.0,68.0
2025-10-05,ibm_kingston,28,296.5897,399.8488,0.00014862,0.00014862,0.00428087,0.01074219,32.0,32.0,68.0
2025-10-05,ibm_kingston,29,175.5244,86.3955,0.00020204,0.00020204,0.00377886,0.00488281,32.0,32.0,80.0
2025-10-05,ibm_kingston,30,278.7644,37.4352,0.00022404,0.00022404,0.19473925,0.03308105,32.0,32.0,68.0
2025-10-05,ibm_kingston,31,210.2275,161.1087,0.00015673,0.00015673,0.00167611,0.01855469,32.0,32.0,68.0
2025-10-05,ibm_kingston,32,406.0719,438.7999,0.00023505,0.00023505,0.00256401,0.01623535,32.0,32.0,68.0
2025-10-05,ibm_kingston,33,381.5237,660.2456,0.00013445,0.00013445,0.00236772,0.01220703,32.0,32.0,108.0
2025-10-05,ibm_kingston,34,261.7868,246.707,0.00022031,0.00022031,0.0026822,0.02612305,32.0,32.0,68.0
2025-10-05,ibm_kingston,35,146.2678,135.0682,0.00020474,0.00020474,,0.05297852,32.0,32.0,
2025-10-05,ibm_kingston,36,357.4982,199.9188,0.00034945,0.00034945,,0.01647949,32.0,32.0,
2025-10-05,ibm_kingston,37,210.7176,24.5897,0.00029504,0.00029504,,0.00622559,32.0,32.0,
2025-10-05,ibm_kingston,38,116.7283,74.7004,0.00022247,0.00022247,,0.01879883,32.0,32.0,
2025-10-05,ibm_kingston,39,169.6183,102.0739,0.00019494,0.00019494,,0.01647949,32.0,32.0,
2025-10-04,ibm_kingston,20,160.051,19.3381,0.00029113,0.00029113,0.00159137,0.00366211,32.0,32.0,68.0
2025-10-04,ibm_kingston,21,398.5078,433.9376,0.00011331,0.00011331,0.00135968,0.00488281,32.0,32.0,68.0
2025-10-04,ibm_kingston,22,197.9963,114.6069,0.00026723,0.00026723,0.00107282,0.01037598,32.0,32.0,68.0
2025-10-04,ibm_kingston,23,255.2403,52.9956,0.0001202,0.0001202,0.00189149,0.00463867,32.0,32.0,68.0
2025-10-04,ibm_kingston,24,311.6683,40.4584,0.00036345,0.00036345,0.00281872,0.01708984,32.0,32.0,68.0
2025-10-04,ibm_kingston,25,345.4517,16.6143,0.00024087,0.00024087,0.00207621,0.00415039,32.0,32.0,68.0
2025-10-04,ibm_kingston,26,236.8029,109.2534,0.0002847,0.0002847,0.0021966,0.01269531,32.0,32.0,68.0
2025-10-04,ibm_kingston,27,250.3045,41.837,0.00029956,0.00029956,0.00178786,0.0111084,32.0,32.0,68.0
2025-10-04,ibm_kingston,28,277.6276,303.5604,0.00018339,0.00018339,0.00328815,0.0090332,32.0,32.0,68.0
2025-10-04,ibm_kingston,29,182.7293,101.6647,0.00014078,0.00014078,0.00154253,0.00585938,32.0,32.0,80.0
2025-10-04,ibm_kingston,30,258.0677,53.518,0.00032371,0.00032371,0.19473925,0.03674316,32.0,32.0,68.0
2025-10-04,ibm_kingston,31,151.9423,171.585,0.00017212,0.00017212,0.00180487,0.01416016,32.0,32.0,68.0
2025-10-04,ibm_kingston,32,261.3203,298.32,0.0001732,0.0001732,0.00261143,0.01464844,32.0,32.0,68.0
2025-10-04,ibm_kingston,33,421.0944,328.0801,8.228e-05,8.228e-05,0.00262011,0.0098877,32.0,32.0,108.0
2025-10-04,ibm_kingston,34,338.9224,274.023,0.00021732,0.00021732,0.00192687,0.02514648,32.0,32.0,68.0
2025-10-04,ibm_kingston,35,247.3149,291.8041,0.00017022,0.00017022,,0.0177002,32.0,32.0,
2025-10-04,ibm_kingston,36,328.106,227.7249,0.00011755,0.00011755,,0.01513672,32.0,32.0,
2025-10-04,ibm_kingston,37,148.7803,24.9945,0.00021595,0.00021595,,0.00646973,32.0,32.0,
2025-10-04,ibm_kingston,38,198.5957,106.0863,0.00018529,0.00018529,,0.02185059,32.0,32.0,
2025-10-04,ibm_kingston,39,169.6183,116.0271,0.00017315,0.00017315,,0.01574707,32.0,32.0,
2025-10-03,ibm_kingston,20,300.2231,17.0919,0.00041034,0.00041034,0.00163605,0.00537109,32.0,32.0,68.0
2025-10-03,ibm_kingston,21,478.1446,490.3058,0.00014614,0.00014614,0.00136293,0.00524902,32.0,32.0,68.0
2025-10-03,ibm_kingston,22,231.6979,118.414,0.00031057,0.00031057,0.00131107,0.01574707,32.0,32.0,68.0
2025-10-03,ibm_kingston,23,279.8364,57.7776,0.00012982,0.00012982,0.00160925,0.00488281,32.0,32.0,68.0
2025-10-03,ibm_kingston,24,271.6914,43.4328,0.00048732,0.00048732,0.00252285,0.01660156,32.0,32.0,68.0
2025-10-03,ibm_kingston,25,356.1261,19.5968,0.00024087,0.00024087,0.00195846,0.00634766,32.0,32.0,68.0
2025-10-03,ibm_kingston,26,269.7924,86.8664,0.00020699,0.00020699,0.00225142,0.01367188,32.0,32.0,68.0
2025-10-03,ibm_kingston,27,237.1285,46.5286,0.00023614,0.00023614,0.00155168,0.01147461,32.0,32.0,68.0
2025-10-03,ibm_kingston,28,332.2155,366.6777,0.00015696,0.00015696,0.00361068,0.00878906,32.0,32.0,68.0
2025-10-03,ibm_kingston,29,183.2267,96.7389,0.0001886,0.0001886,0.00146047,0.00585938,32.0,32.0,80.0
2025-10-03,ibm_kingston,30,257.1004,41.0414,0.00018606,0.00018606,0.19473925,0.02893066,32.0,32.0,68.0
2025-10-03,ibm_kingston,31,189.6802,192.9019,0.00030602,0.00030602,0.00132405,0.01660156,32.0,32.0,68.0
2025-10-03,ibm_kingston,32,342.2459,464.0926,0.00022477,0.00022477,0.00309511,0.01953125,32.0,32.0,68.0
2025-10-03,ibm_kingston,33,438.2921,545.249,0.00010948,0.00010948,0.00200434,0.01452637,32.0,32.0,108.0
2025-10-03,ibm_kingston,34,332.4099,278.8616,0.00022474,0.00022474,0.00177339,0.02526855,32.0,32.0,68.0
2025-10-03,ibm_kingston,35,238.282,246.7351,0.00024291,0.00024291,,0.0345459,32.0,32.0,
2025-10-03,ibm_kingston,36,164.7441,81.5779,0.00024154,0.00024154,,0.02197266,32.0,32.0,
2025-10-03,ibm_kingston,37,171.2377,32.2561,0.00021561,0.00021561,,0.00378418,32.0,32.0,
2025-10-03,ibm_kingston,38,309.0327,123.4608,0.00016732,0.00016732,,0.01452637,32.0,32.0,
2025-10-03,ibm_kingston,39,165.1542,131.742,0.00022297,0.00022297,,0.0123291,32.0,32.0,
2025-10-02,ibm_kingston,20,336.4699,22.4512,0.00027919,0.00027919,0.00174273,0.00524902,32.0,32.0,68.0
2025-10-02,ibm_kingston,21,404.0157,635.8612,0.00019007,0.00019007,0.00102814,0.00488281,32.0,32.0,68.0
2025-10-02,ibm_kingston,22,273.2644,116.5312,0.00022816,0.00022816,0.00126228,0.01184082,32.0,32.0,68.0
2025-10-02,ibm_kingston,23,289.5124,58.8314,0.0001289,0.0001289,0.00162185,0.00500488,32.0,32.0,68.0
2025-10-02,ibm_kingston,24,177.0222,56.7354,0.00020171,0.00020171,0.00174553,0.02038574,32.0,32.0,68.0
2025-10-02,ibm_kingston,25,327.0625,20.8017,0.000186,0.000186,0.00160351,0.00549316,32.0,32.0,68.0
2025-10-02,ibm_kingston,26,304.3614,209.6399,0.00020699,0.00020699,0.00164664,0.01391602,32.0,32.0,68.0
2025-10-02,ibm_kingston,27,170.5327,61.4592,0.000224,0.000224,0.00130252,0.0098877,32.0,32.0,68.0
2025-10-02,ibm_kingston,28,280.5519,336.762,0.00013691,0.00013691,0.00309595,0.00878906,32.0,32.0,68.0
2025-10-02,ibm_kingston,29,189.5923,110.7753,0.00025543,0.00025543,0.00192547,0.00952148,32.0,32.0,80.0
2025-10-02,ibm_kingston,30,309.7314,50.9132,0.00016162,0.00016162,1.0,0.02319336,32.0,32.0,68.0
2025-10-02,ibm_kingston,31,141.1432,164.4521,0.00025203,0.00025203,0.00294701,0.0279541,32.0,32.0,68.0
2025-10-02,ibm_kingston,32,381.1466,389.8517,0.00023284,0.00023284,0.00339405,0.01818848,32.0,32.0,68.0
2025-10-02,ibm_kingston,33,386.1058,478.6642,0.00029321,0.00029321,0.00358522,0.01098633,32.0,32.0,108.0
2025-10-02,ibm_kingston,34,203.892,189.1887,0.00018939,0.00018939,0.00184391,0.01794434,32.0,32.0,68.0
2025-10-02,ibm_kingston,35,192.6531,185.3072,0.00013781,0.00013781,,0.02258301,32.0,32.0,
2025-10-02,ibm_kingston,36,285.5632,207.6464,0.00017132,0.00017132,,0.01477051,32.0,32.0,
2025-10-02,ibm_kingston,37,132.0589,28.3379,0.00023038,0.00023038,,0.00561523,32.0,32.0,
2025-10-02,ibm_kingston,38,276.5036,114.8144,0.00020997,0.00020997,,0.01367188,32.0,32.0,
2025-10-02,ibm_kingston,39,206.5779,123.9903,0.0001517,0.0001517,,0.01428223,32.0,32.0,
2025-10-01,ibm_kingston,20,398.4932,21.5215,0.00033321,0.00033321,0.00207464,0.00427246,32.0,32.0,68.0
2025-10-01,ibm_kingston,21,293.3494,369.6083,0.00016173,0.00016173,0.00226222,0.0045166,32.0,32.0,68.0
2025-10-01,ibm_kingston,22,134.5171,89.8758,0.00014498,0.00014498,0.00130726,0.01171875,32.0,32.0,68.0
2025-10-01,ibm_kingston,23,237.8175,56.1771,0.00025176,0.00025176,0.00140806,0.00463867,32.0,32.0,68.0
2025-10-01,ibm_kingston,24,353.1945,57.8961,0.00039868,0.00039868,0.00190034,0.01794434,32.0,32.0,68.0
2025-10-01,ibm_kingston,25,179.8017,18.951,0.00018466,0.00018466,0.00172758,0.00512695,32.0,32.0,68.0
2025-10-01,ibm_kingston,26,274.5391,159.1644,0.00022826,0.00022826,0.00147308,0.0111084,32.0,32.0,68.0
2025-10-01,ibm_kingston,27,213.0207,60.8998,0.00024544,0.00024544,0.0015671,0.00939941,32.0,32.0,68.0
2025-10-01,ibm_kingston,28,252.1666,242.4242,0.00024206,0.00024206,0.00320064,0.00842285,32.0,32.0,68.0
2025-10-01,ibm_kingston,29,208.7249,103.9185,0.00018618,0.00018618,0.00170211,0.00512695,32.0,32.0,80.0
2025-10-01,ibm_kingston,30,278.9559,45.1188,0.00017155,0.00017155,0.18837231,0.03735352,32.0,32.0,68.0
2025-10-01,ibm_kingston,31,257.594,252.9495,0.00025203,0.00025203,0.0017899,0.01318359,32.0,32.0,68.0
2025-10-01,ibm_kingston,32,347.1384,402.2023,0.0001952,0.0001952,0.00287084,0.01879883,32.0,32.0,68.0
2025-10-01,ibm_kingston,33,426.9643,567.6521,9.808e-05,9.808e-05,0.00188815,0.00976562,32.0,32.0,108.0
2025-10-01,ibm_kingston,34,191.7557,137.8653,0.00019295,0.00019295,0.00147233,0.02282715,32.0,32.0,68.0
2025-10-01,ibm_kingston,35,162.1691,177.9655,0.00023249,0.00023249,,0.01965332,32.0,32.0,
2025-10-01,ibm_kingston,36,335.7158,263.0945,0.0001451,0.0001451,,0.01538086,32.0,32.0,
2025-10-01,ibm_kingston,37,191.1305,26.9037,0.00022472,0.00022472,,0.00720215,32.0,32.0,
2025-10-01,ibm_kingston,38,299.3033,120.5597,0.00019423,0.00019423,,0.01672363,32.0,32.0,
2025-10-01,ibm_kingston,39,206.4132,136.6578,0.00017508,0.00017508,,0.01318359,32.0,32.0,
2025-09-30,ibm_kingston,20,436.196,20.8897,0.00018841,0.00018841,0.00290388,0.00476074,32.0,32.0,68.0
2025-09-30,ibm_kingston,21,405.9121,440.0075,0.00015074,0.00015074,0.00288369,0.00378418,32.0,32.0,68.0
2025-09-30,ibm_kingston,22,262.9756,109.8515,0.00026244,0.00026244,0.00156297,0.01135254,32.0,32.0,68.0
2025-09-30,ibm_kingston,23,133.9631,72.1186,0.00012451,0.00012451,0.00215574,0.00524902,32.0,32.0,68.0
2025-09-30,ibm_kingston,24,241.4662,45.0347,0.0005862,0.0005862,0.00244759,0.01818848,32.0,32.0,68.0
2025-09-30,ibm_kingston,25,440.4564,15.6213,0.00027465,0.00027465,0.0019109,0.00756836,32.0,32.0,68.0
2025-09-30,ibm_kingston,26,268.7915,115.7799,0.00030576,0.00030576,0.00175877,0.0135498,32.0,32.0,68.0
2025-09-30,ibm_kingston,27,207.7974,51.517,0.0003022,0.0003022,0.00160723,0.01208496,32.0,32.0,68.0
2025-09-30,ibm_kingston,28,244.2184,292.746,0.00018795,0.00018795,0.0140225,0.00805664,32.0,32.0,68.0
2025-09-30,ibm_kingston,29,249.1679,103.364,0.00040259,0.00040259,0.01348506,0.01025391,32.0,32.0,80.0
2025-09-30,ibm_kingston,30,266.4299,52.1566,0.00019807,0.00019807,0.18837231,0.03552246,32.0,32.0,68.0
2025-09-30,ibm_kingston,31,243.1363,227.9105,0.00013001,0.00013001,0.0022687,0.01342773,32.0,32.0,68.0
2025-09-30,ibm_kingston,32,411.7769,555.1177,0.00012065,0.00012065,0.0034365,0.01855469,32.0,32.0,68.0
2025-09-30,ibm_kingston,33,394.0572,530.0238,6.527e-05,6.527e-05,0.00229558,0.01208496,32.0,32.0,108.0
2025-09-30,ibm_kingston,34,217.5286,220.9242,0.00014545,0.00014545,0.00176686,0.0234375,32.0,32.0,68.0
2025-09-30,ibm_kingston,35,238.6607,373.6612,0.00013801,0.00013801,,0.02404785,32.0,32.0,
2025-09-30,ibm_kingston,36,330.1546,211.2676,0.0001451,0.0001451,,0.01550293,32.0,32.0,
2025-09-30,ibm_kingston,37,133.9623,22.8518,0.00025547,0.00025547,,0.00646973,32.0,32.0,
2025-09-30,ibm_kingston,38,271.679,122.4837,0.00028603,0.00028603,,0.01599121,32.0,32.0,
2025-09-30,ibm_kingston,39,137.2767,105.7745,0.0002152,0.0002152,,0.01269531,32.0,32.0,
2025-09-29,ibm_kingston,20,321.5057,22.3931,0.0003977,0.0003977,0.00232689,0.00439453,32.0,32.0,68.0
2025-09-29,ibm_kingston,21,351.4756,373.7218,0.00016615,0.00016615,0.0012203,0.00341797,32.0,32.0,68.0
2025-09-29,ibm_kingston,22,188.7099,118.4118,0.00025197,0.00025197,0.00120074,0.01647949,32.0,32.0,68.0
2025-09-29,ibm_kingston,23,186.7525,51.8095,0.00019228,0.00019228,0.001816,0.00402832,32.0,32.0,68.0
2025-09-29,ibm_kingston,24,283.002,45.6329,0.00039617,0.00039617,0.00237481,0.02416992,32.0,32.0,68.0
2025-09-29,ibm_kingston,25,461.0755,17.582,0.00024388,0.00024388,0.00235434,0.01000977,32.0,32.0,68.0
2025-09-29,ibm_kingston,26,268.2376,110.586,0.00021348,0.00021348,0.00194013,0.01501465,32.0,32.0,68.0
2025-09-29,ibm_kingston,27,283.3731,46.3575,0.0002267,0.0002267,0.00135085,0.01306152,32.0,32.0,68.0
2025-09-29,ibm_kingston,28,255.6231,294.5547,0.00014118,0.00014118,0.00332874,0.00866699,32.0,32.0,68.0
2025-09-29,ibm_kingston,29,191.7698,94.8655,0.00017651,0.00017651,0.00171893,0.00866699,32.0,32.0,80.0
2025-09-29,ibm_kingston,30,251.9745,46.5683,0.00031053,0.00031053,0.18837231,0.02563477,32.0,32.0,68.0
2025-09-29,ibm_kingston,31,334.6595,290.2941,0.00016071,0.00016071,0.0013571,0.02966309,32.0,32.0,68.0
2025-09-29,ibm_kingston,32,331.1628,353.4763,0.0002452,0.0002452,0.00223718,0.01733398,32.0,32.0,68.0
2025-09-29,ibm_kingston,33,391.7623,523.4959,0.0001927,0.0001927,0.00327822,0.01147461,32.0,32.0,108.0
2025-09-29,ibm_kingston,34,226.6251,211.0558,0.00027101,0.00027101,0.00185474,0.02368164,32.0,32.0,68.0
2025-09-29,ibm_kingston,35,196.5105,235.8368,0.00014142,0.00014142,,0.0222168,32.0,32.0,
2025-09-29,ibm_kingston,36,290.0842,212.7982,0.00019353,0.00019353,,0.02416992,32.0,32.0,
2025-09-29,ibm_kingston,37,201.9561,26.8803,0.00033608,0.00033608,,0.00354004,32.0,32.0,
2025-09-29,ibm_kingston,38,241.9664,126.3925,0.00030733,0.00030733,,0.01281738,32.0,32.0,
2025-09-29,ibm_kingston,39,167.1004,129.6302,0.00013924,0.00013924,,0.01367188,32.0,32.0,
2025-09-28,ibm_kingston,20,321.5057,22.3931,0.0003977,0.0003977,0.00232689,0.0045166,32.0,32.0,68.0
2025-09-28,ibm_kingston,21,351.4756,373.7218,0.00016615,0.00016615,0.0012203,0.00646973,32.0,32.0,68.0
2025-09-28,ibm_kingston,22,188.7099,118.4118,0.00025197,0.00025197,0.00120074,0.0111084,32.0,32.0,68.0
2025-09-28,ibm_kingston,23,186.7525,51.8095,0.00019228,0.00019228,0.001816,0.00537109,32.0,32.0,68.0
2025-09-28,ibm_kingston,24,283.002,45.6329,0.00039617,0.00039617,0.00237481,0.01989746,32.0,32.0,68.0
2025-09-28,ibm_kingston,25,461.0755,17.582,0.00024388,0.00024388,0.00235434,0.00598145,32.0,32.0,68.0
2025-09-28,ibm_kingston,26,268.2376,110.586,0.00021348,0.00021348,0.00194013,0.01342773,32.0,32.0,68.0
2025-09-28,ibm_kingston,27,283.3731,46.3575,0.0002267,0.0002267,0.00135085,0.01953125,32.0,32.0,68.0
2025-09-28,ibm_kingston,28,255.6231,294.5547,0.00014118,0.00014118,0.00332874,0.02197266,32.0,32.0,68.0
2025-09-28,ibm_kingston,29,191.7698,94.8655,0.00017651,0.00017651,0.00171893,0.00915527,32.0,32.0,80.0
2025-09-28,ibm_kingston,30,251.9745,46.5683,0.00031053,0.00031053,0.18837231,0.02783203,32.0,32.0,68.0
2025-09-28,ibm_kingston,31,334.6595,290.2941,0.00016071,0.00016071,0.0013571,0.02758789,32.0,32.0,68.0
2025-09-28,ibm_kingston,32,331.1628,353.4763,0.0002452,0.0002452,0.00223718,0.02160645,32.0,32.0,68.0
2025-09-28,ibm_kingston,33,391.7623,523.4959,0.0001927,0.0001927,0.00327822,0.01635742,32.0,32.0,108.0
2025-09-28,ibm_kingston,34,226.6251,211.0558,0.00027101,0.00027101,0.00185474,0.02941895,32.0,32.0,68.0
2025-09-28,ibm_kingston,35,196.5105,235.8368,0.00014142,0.00014142,,0.02563477,32.0,32.0,
2025-09-28,ibm_kingston,36,290.0842,212.7982,0.00019353,0.00019353,,0.01672363,32.0,32.0,
2025-09-28,ibm_kingston,37,201.9561,26.8803,0.00033608,0.00033608,,0.00891113,32.0,32.0,
2025-09-28,ibm_kingston,38,241.9664,126.3925,0.00030733,0.00030733,,0.01330566,32.0,32.0,
2025-09-28,ibm_kingston,39,167.1004,129.6302,0.00013924,0.00013924,,0.0144043,32.0,32.0,
2025-09-27,ibm_kingston,20,386.5939,22.5337,0.00025459,0.00025459,0.00203204,0.00610352,32.0,32.0,68.0
2025-09-27,ibm_kingston,21,315.3394,346.456,0.00011006,0.00011006,0.00127532,0.00402832,32.0,32.0,68.0
2025-09-27,ibm_kingston,22,209.673,110.4294,0.00026274,0.00026274,0.0012709,0.00976562,32.0,32.0,68.0
2025-09-27,ibm_kingston,23,114.0486,56.7477,0.00017283,0.00017283,0.00151569,0.00488281,32.0,32.0,68.0
2025-09-27,ibm_kingston,24,105.8824,37.6674,0.00031671,0.00031671,0.00200761,0.01782227,32.0,32.0,68.0
2025-09-27,ibm_kingston,25,212.9993,18.9632,0.0002891,0.0002891,0.00172386,0.00622559,32.0,32.0,68.0
2025-09-27,ibm_kingston,26,262.5328,116.5286,0.00025638,0.00025638,0.0018286,0.01220703,32.0,32.0,68.0
2025-09-27,ibm_kingston,27,272.7163,49.6719,0.00031463,0.00031463,0.00132657,0.01098633,32.0,32.0,68.0
2025-09-27,ibm_kingston,28,322.7561,351.3912,0.00023128,0.00023128,0.00297367,0.00842285,32.0,32.0,68.0
2025-09-27,ibm_kingston,29,131.5714,84.6969,0.00013937,0.00013937,0.00146943,0.00622559,32.0,32.0,80.0
2025-09-27,ibm_kingston,30,227.7044,35.4384,0.00038462,0.00038462,0.18837231,0.0435791,32.0,32.0,68.0
2025-09-27,ibm_kingston,31,366.6799,303.9758,0.00012863,0.00012863,0.00158196,0.01818848,32.0,32.0,68.0
2025-09-27,ibm_kingston,32,293.7479,279.2785,0.00018587,0.00018587,0.00364151,0.02160645,32.0,32.0,68.0
2025-09-27,ibm_kingston,33,222.3136,219.6331,0.00011358,0.00011358,0.00197303,0.00964355,32.0,32.0,108.0
2025-09-27,ibm_kingston,34,274.8597,211.033,0.00022046,0.00022046,0.00145095,0.02783203,32.0,32.0,68.0
2025-09-27,ibm_kingston,35,163.1599,60.8819,0.00013042,0.00013042,,0.02209473,32.0,32.0,
2025-09-27,ibm_kingston,36,53.8042,68.2138,0.00017678,0.00017678,,0.01745605,32.0,32.0,
2025-09-27,ibm_kingston,37,184.2111,25.0897,0.00027394,0.00027394,,0.00427246,32.0,32.0,
2025-09-27,ibm_kingston,38,135.543,82.6086,0.00021256,0.00021256,,0.02514648,32.0,32.0,
2025-09-27,ibm_kingston,39,176.4438,124.0976,0.00017924,0.00017924,,0.01391602,32.0,32.0,
2025-09-26,ibm_kingston,20,331.3462,20.0258,0.00025459,0.00025459,0.00159693,0.00366211,32.0,32.0,68.0
2025-09-26,ibm_kingston,21,408.0922,437.4505,0.00011006,0.00011006,0.00122522,0.00476074,32.0,32.0,68.0
2025-09-26,ibm_kingston,22,267.6582,127.3676,0.00026274,0.00026274,0.00123277,0.06054688,32.0,32.0,68.0
2025-09-26,ibm_kingston,23,262.1381,77.8489,0.00017283,0.00017283,0.00175751,0.00549316,32.0,32.0,68.0
2025-09-26,ibm_kingston,24,304.1106,36.8166,0.00031671,0.00031671,0.00249716,0.01574707,32.0,32.0,68.0
2025-09-26,ibm_kingston,25,446.7768,18.563,0.0002891,0.0002891,0.00248396,0.00537109,32.0,32.0,68.0
2025-09-26,ibm_kingston,26,312.3249,111.4273,0.00025638,0.00025638,0.00235729,0.01135254,32.0,32.0,68.0
2025-09-26,ibm_kingston,27,293.0334,40.5773,0.00031463,0.00031463,0.00191858,0.0098877,32.0,32.0,68.0
2025-09-26,ibm_kingston,28,366.7665,398.5219,0.00023128,0.00023128,0.01597066,0.01074219,32.0,32.0,68.0
2025-09-26,ibm_kingston,29,221.6965,114.4203,0.00013937,0.00013937,0.01546483,0.00488281,32.0,32.0,80.0
2025-09-26,ibm_kingston,30,295.2903,54.2502,0.00038462,0.00038462,0.18837231,0.02124023,32.0,32.0,68.0
2025-09-26,ibm_kingston,31,264.7687,252.1849,0.00012863,0.00012863,0.00159965,0.01843262,32.0,32.0,68.0
2025-09-26,ibm_kingston,32,349.9357,366.5847,0.00018587,0.00018587,0.00744462,0.02258301,32.0,32.0,68.0
2025-09-26,ibm_kingston,33,309.5658,398.2588,0.00011358,0.00011358,0.00300652,0.01306152,32.0,32.0,108.0
2025-09-26,ibm_kingston,34,371.7058,257.3937,0.00022046,0.00022046,0.00187313,0.02270508,32.0,32.0,68.0
2025-09-26,ibm_kingston,35,163.1599,167.6407,0.00013042,0.00013042,,0.0201416,32.0,32.0,
2025-09-26,ibm_kingston,36,340.4855,196.2263,0.00017678,0.00017678,,0.02526855,32.0,32.0,
2025-09-26,ibm_kingston,37,195.6711,21.6857,0.00027394,0.00027394,,0.01599121,32.0,32.0,
2025-09-26,ibm_kingston,38,258.8741,112.2336,0.00021256,0.00021256,,0.01367188,32.0,32.0,
2025-09-26,ibm_kingston,39,95.4262,71.496,0.00017924,0.00017924,,0.01342773,32.0,32.0,
2025-09-25,ibm_kingston,20,248.5954,19.9181,0.00025459,0.00025459,0.00159693,0.00366211,32.0,32.0,68.0
2025-09-25,ibm_kingston,21,257.3522,235.4723,0.00011006,0.00011006,0.00122522,0.00476074,32.0,32.0,68.0
2025-09-25,ibm_kingston,22,217.6157,112.4824,0.00026274,0.00026274,0.00123277,0.06054688,32.0,32.0,68.0
2025-09-25,ibm_kingston,23,136.5239,62.8498,0.00017283,0.00017283,0.00175751,0.00549316,32.0,32.0,68.0
2025-09-25,ibm_kingston,24,258.5019,34.7189,0.00031671,0.00031671,0.00249716,0.01574707,32.0,32.0,68.0
2025-09-25,ibm_kingston,25,302.9602,16.8341,0.0002891,0.0002891,0.00248396,0.00537109,32.0,32.0,68.0
2025-09-25,ibm_kingston,26,287.4809,86.8963,0.00025638,0.00025638,0.00235729,0.01135254,32.0,32.0,68.0
2025-09-25,ibm_kingston,27,247.6338,31.521,0.00031463,0.00031463,0.00191858,0.0098877,32.0,32.0,68.0
2025-09-25,ibm_kingston,28,394.0805,393.7724,0.00023128,0.00023128,0.01597066,0.01074219,32.0,32.0,68.0
2025-09-25,ibm_kingston,29,216.7621,103.1101,0.00013937,0.00013937,0.01546483,0.00488281,32.0,32.0,80.0
2025-09-25,ibm_kingston,30,284.72,58.0828,0.00038462,0.00038462,0.18837231,0.02124023,32.0,32.0,68.0
2025-09-25,ibm_kingston,31,196.6895,184.1685,0.00012863,0.00012863,0.00159965,0.01843262,32.0,32.0,68.0
2025-09-25,ibm_kingston,32,399.7948,452.9099,0.00018587,0.00018587,0.00744462,0.02258301,32.0,32.0,68.0
2025-09-25,ibm_kingston,33,320.7724,385.3527,0.00011358,0.00011358,0.00300652,0.01306152,32.0,32.0,108.0
2025-09-25,ibm_kingston,34,170.7523,121.5294,0.00022046,0.00022046,0.00187313,0.02270508,32.0,32.0,68.0
2025-09-25,ibm_kingston,35,170.5446,184.8671,0.00013042,0.00013042,,0.0201416,32.0,32.0,
2025-09-25,ibm_kingston,36,301.2636,132.0882,0.00017678,0.00017678,,0.02526855,32.0,32.0,
2025-09-25,ibm_kingston,37,202.8581,22.0481,0.00027394,0.00027394,,0.01599121,32.0,32.0,
2025-09-25,ibm_kingston,38,246.1073,106.6127,0.00021256,0.00021256,,0.01367188,32.0,32.0,
2025-09-25,ibm_kingston,39,157.1581,97.6206,0.00017924,0.00017924,,0.01342773,32.0,32.0,
2025-09-24,ibm_kingston,20,331.8568,20.816,0.00028189,0.00028189,0.00230254,0.00756836,32.0,32.0,68.0
2025-09-24,ibm_kingston,21,224.1083,221.5186,0.00028209,0.00028209,0.00255816,0.00317383,32.0,32.0,68.0
2025-09-24,ibm_kingston,22,192.173,99.9965,0.00031562,0.00031562,0.00120398,0.01220703,32.0,32.0,68.0
2025-09-24,ibm_kingston,23,210.3534,77.3867,0.00021598,0.00021598,0.00196251,0.00292969,32.0,32.0,68.0
2025-09-24,ibm_kingston,24,275.4953,35.6703,0.00057584,0.00057584,0.0028961,0.02099609,32.0,32.0,68.0
2025-09-24,ibm_kingston,25,250.3631,15.9844,0.00028964,0.00028964,0.00218184,0.00390625,32.0,32.0,68.0
2025-09-24,ibm_kingston,26,257.7885,100.9473,0.00019522,0.00019522,0.00189149,0.00878906,32.0,32.0,68.0
2025-09-24,ibm_kingston,27,138.1295,36.0317,0.00028797,0.00028797,0.0013314,0.00756836,32.0,32.0,68.0
2025-09-24,ibm_kingston,28,257.3374,289.3048,0.00018579,0.00018579,0.00266664,0.01025391,32.0,32.0,68.0
2025-09-24,ibm_kingston,29,115.3349,72.3378,0.00017571,0.00017571,0.00146707,0.00610352,32.0,32.0,80.0
2025-09-24,ibm_kingston,30,186.8794,44.2982,0.00044958,0.00044958,0.18837231,0.03125,32.0,32.0,68.0
2025-09-24,ibm_kingston,31,333.966,288.0485,0.0001912,0.0001912,0.00158289,0.06469727,32.0,32.0,68.0
2025-09-24,ibm_kingston,32,248.5989,302.9167,0.0002387,0.0002387,0.00350872,0.01708984,32.0,32.0,68.0
2025-09-24,ibm_kingston,33,298.827,349.3603,0.00019513,0.00019513,0.00208266,0.01025391,32.0,32.0,108.0
2025-09-24,ibm_kingston,34,234.1317,178.2598,0.00025715,0.00025715,0.00163751,0.02246094,32.0,32.0,68.0
2025-09-24,ibm_kingston,35,262.4369,305.9834,0.00013516,0.00013516,,0.01879883,32.0,32.0,
2025-09-24,ibm_kingston,36,327.0135,186.2552,0.00028161,0.00028161,,0.01806641,32.0,32.0,
2025-09-24,ibm_kingston,37,144.1378,24.6221,0.00025817,0.00025817,,0.00537109,32.0,32.0,
2025-09-24,ibm_kingston,38,264.9836,112.9998,0.00102405,0.00102405,,0.02270508,32.0,32.0,
2025-09-24,ibm_kingston,39,114.9598,91.0067,0.00022201,0.00022201,,0.015625,32.0,32.0,
2025-09-23,ibm_kingston,20,331.8568,20.816,0.00028189,0.00028189,0.00230254,0.00756836,32.0,32.0,68.0
2025-09-23,ibm_kingston,21,224.1083,221.5186,0.00028209,0.00028209,0.00255816,0.00317383,32.0,32.0,68.0
2025-09-23,ibm_kingston,22,192.173,99.9965,0.00031562,0.00031562,0.00120398,0.01220703,32.0,32.0,68.0
2025-09-23,ibm_kingston,23,210.3534,77.3867,0.00021598,0.00021598,0.00196251,0.00292969,32.0,32.0,68.0
2025-09-23,ibm_kingston,24,275.4953,35.6703,0.00057584,0.00057584,0.0028961,0.02099609,32.0,32.0,68.0
2025-09-23,ibm_kingston,25,250.3631,15.9844,0.00028964,0.00028964,0.00218184,0.00390625,32.0,32.0,68.0
2025-09-23,ibm_kingston,26,257.7885,100.9473,0.00019522,0.00019522,0.00189149,0.00878906,32.0,32.0,68.0
2025-09-23,ibm_kingston,27,138.1295,36.0317,0.00028797,0.00028797,0.0013314,0.00756836,32.0,32.0,68.0
2025-09-23,ibm_kingston,28,257.3374,289.3048,0.00018579,0.00018579,0.00266664,0.01025391,32.0,32.0,68.0
2025-09-23,ibm_kingston,29,115.3349,72.3378,0.00017571,0.00017571,0.00146707,0.00610352,32.0,32.0,80.0
2025-09-23,ibm_kingston,30,186.8794,44.2982,0.00044958,0.00044958,0.18837231,0.03125,32.0,32.0,68.0
2025-09-23,ibm_kingston,31,333.966,288.0485,0.0001912,0.0001912,0.00158289,0.06469727,32.0,32.0,68.0
2025-09-23,ibm_kingston,32,248.5989,302.9167,0.0002387,0.0002387,0.00350872,0.01708984,32.0,32.0,68.0
2025-09-23,ibm_kingston,33,298.827,349.3603,0.00019513,0.00019513,0.00208266,0.01025391,32.0,32.0,108.0
2025-09-23,ibm_kingston,34,234.1317,178.2598,0.00025715,0.00025715,0.00163751,0.02246094,32.0,32.0,68.0
2025-09-23,ibm_kingston,35,262.4369,305.9834,0.00013516,0.00013516,,0.01879883,32.0,32.0,
2025-09-23,ibm_kingston,36,327.0135,186.2552,0.00028161,0.00028161,,0.01806641,32.0,32.0,
2025-09-23,ibm_kingston,37,144.1378,24.6221,0.00025817,0.00025817,,0.00537109,32.0,32.0,
2025-09-23,ibm_kingston,38,264.9836,112.9998,0.00102405,0.00102405,,0.02270508,32.0,32.0,
2025-09-23,ibm_kingston,39,114.9598,91.0067,0.00022201,0.00022201,,0.015625,32.0,32.0,
