timestamp,backend,qubit_id,T1_us,T2_us,sx_error,x_error,cz_error,readout_error,t_sx_ns,t_x_ns,t_cz_ns
2026-04-09,ibm_fez,10,199.1615,115.1846,0.00027139,0.00027139,0.01000587,0.00598145,24.0,24.0,68.0
2026-04-09,ibm_fez,11,106.6418,70.2254,0.00224585,0.00224585,0.00816848,0.06872559,24.0,24.0,68.0
2026-04-09,ibm_fez,12,74.9914,76.3252,0.00033625,0.00033625,0.00549479,0.02600098,24.0,24.0,68.0
2026-04-09,ibm_fez,13,324.3253,190.3205,0.00024921,0.00024921,0.00185054,0.0168457,24.0,24.0,68.0
2026-04-09,ibm_fez,14,201.9062,62.0815,0.00021221,0.00021221,0.00151672,0.00646973,24.0,24.0,68.0
2026-04-09,ibm_fez,15,189.4875,151.0736,0.00014675,0.00014675,,0.02001953,24.0,24.0,
2026-04-09,ibm_fez,16,104.8149,80.645,0.00028693,0.00028693,,0.00793457,24.0,24.0,
2026-04-09,ibm_fez,17,67.3738,70.9898,0.0001903,0.0001903,,0.01831055,24.0,24.0,
2026-04-09,ibm_fez,18,157.8543,79.6153,0.00041349,0.00041349,,0.00720215,24.0,24.0,
2026-04-09,ibm_fez,19,151.2861,140.6909,0.00044465,0.00044465,,0.01513672,24.0,24.0,
2026-04-08,ibm_fez,10,220.2305,129.0386,0.00027139,0.00027139,0.00560557,0.00744629,24.0,24.0,68.0
2026-04-08,ibm_fez,11,106.6418,70.2254,0.00224585,0.00224585,0.0041067,0.06286621,24.0,24.0,68.0
2026-04-08,ibm_fez,12,67.1839,69.0165,0.00033625,0.00033625,0.00522438,0.02368164,24.0,24.0,68.0
2026-04-08,ibm_fez,13,312.4223,180.4798,0.00024921,0.00024921,0.00184962,0.0135498,24.0,24.0,68.0
2026-04-08,ibm_fez,14,232.8637,56.3962,0.00021221,0.00021221,0.0020088,0.00524902,24.0,24.0,68.0
2026-04-08,ibm_fez,15,186.3425,138.7198,0.00014675,0.00014675,,0.02844238,24.0,24.0,
2026-04-08,ibm_fez,16,80.5314,78.8938,0.00028693,0.00028693,,0.00537109,24.0,24.0,
2026-04-08,ibm_fez,17,84.4315,77.5974,0.0001903,0.0001903,,0.01489258,24.0,24.0,
2026-04-08,ibm_fez,18,107.1673,61.573,0.00041349,0.00041349,,0.00634766,24.0,24.0,
2026-04-08,ibm_fez,19,196.9082,169.7783,0.00044465,0.00044465,,0.00866699,24.0,24.0,
2026-04-07,ibm_fez,10,240.035,112.5034,0.00015831,0.00015831,0.00641243,0.00732422,24.0,24.0,68.0
2026-04-07,ibm_fez,11,76.6803,50.4821,0.0022836,0.0022836,0.00406246,0.07983398,24.0,24.0,68.0
2026-04-07,ibm_fez,12,79.7959,84.1487,0.00033123,0.00033123,0.00370104,0.02307129,24.0,24.0,68.0
2026-04-07,ibm_fez,13,337.6328,180.7245,0.00043287,0.00043287,0.00189627,0.09448242,24.0,24.0,68.0
2026-04-07,ibm_fez,14,187.0824,55.6138,0.00026979,0.00026979,0.00180786,0.00646973,24.0,24.0,68.0
2026-04-07,ibm_fez,15,369.0461,141.7633,0.00021997,0.00021997,,0.01818848,24.0,24.0,
2026-04-07,ibm_fez,16,188.1002,144.8392,0.0003558,0.0003558,,0.00585938,24.0,24.0,
2026-04-07,ibm_fez,17,153.3459,90.4567,0.00017947,0.00017947,,0.01306152,24.0,24.0,
2026-04-07,ibm_fez,18,94.1317,65.6273,0.00037127,0.00037127,,0.00598145,24.0,24.0,
2026-04-07,ibm_fez,19,144.5267,116.4513,0.00049817,0.00049817,,0.00854492,24.0,24.0,
2026-04-06,ibm_fez,10,169.0601,123.4695,0.00018388,0.00018388,0.00971684,0.00976562,24.0,24.0,68.0
2026-04-06,ibm_fez,11,124.0987,6.0123,0.00256133,0.00256133,0.00791073,0.05847168,24.0,24.0,68.0
2026-04-06,ibm_fez,12,75.165,75.8301,0.00041063,0.00041063,0.00339427,0.03063965,24.0,24.0,68.0
2026-04-06,ibm_fez,13,252.3291,168.2654,0.00043287,0.00043287,0.00265744,0.02294922,24.0,24.0,68.0
2026-04-06,ibm_fez,14,124.3535,51.9922,0.00018357,0.00018357,0.00233203,0.00561523,24.0,24.0,68.0
2026-04-06,ibm_fez,15,216.75,146.7666,0.00016395,0.00016395,,0.0222168,24.0,24.0,
2026-04-06,ibm_fez,16,151.8676,119.2542,0.00043419,0.00043419,,0.00598145,24.0,24.0,
2026-04-06,ibm_fez,17,191.1739,68.3597,0.00025473,0.00025473,,0.01416016,24.0,24.0,
2026-04-06,ibm_fez,18,177.9059,8.1356,0.0003174,0.0003174,,0.00744629,24.0,24.0,
2026-04-06,ibm_fez,19,143.7755,133.8502,0.00044421,0.00044421,,0.01086426,24.0,24.0,
2026-04-05,ibm_fez,10,186.9055,112.7203,0.00024796,0.00024796,0.01103354,0.00598145,24.0,24.0,68.0
2026-04-05,ibm_fez,11,124.0987,50.8887,0.00235395,0.00235395,0.00819489,0.07214355,24.0,24.0,68.0
2026-04-05,ibm_fez,12,78.2129,72.9903,0.00059107,0.00059107,0.0045578,0.02990723,24.0,24.0,68.0
2026-04-05,ibm_fez,13,304.331,187.4085,0.00037169,0.00037169,0.00189187,0.04455566,24.0,24.0,68.0
2026-04-05,ibm_fez,14,140.4781,62.9465,0.00018426,0.00018426,0.00166412,0.00524902,24.0,24.0,68.0
2026-04-05,ibm_fez,15,227.9351,162.2973,0.00028317,0.00028317,,0.02185059,24.0,24.0,
2026-04-05,ibm_fez,16,143.2954,115.9632,0.00029494,0.00029494,,0.00598145,24.0,24.0,
2026-04-05,ibm_fez,17,191.1739,121.5222,0.00029299,0.00029299,,0.01489258,24.0,24.0,
2026-04-05,ibm_fez,18,177.9059,45.7629,0.00046128,0.00046128,,0.00915527,24.0,24.0,
2026-04-05,ibm_fez,19,178.3721,159.0793,0.00069201,0.00069201,,0.01013184,24.0,24.0,
2026-04-04,ibm_fez,10,186.9055,112.7203,0.00024796,0.00024796,0.01103354,0.00598145,24.0,24.0,68.0
2026-04-04,ibm_fez,11,124.0987,50.8887,0.00235395,0.00235395,0.00819489,0.07214355,24.0,24.0,68.0
2026-04-04,ibm_fez,12,78.2129,72.9903,0.00059107,0.00059107,0.0045578,0.02990723,24.0,24.0,68.0
2026-04-04,ibm_fez,13,304.331,187.4085,0.00037169,0.00037169,0.00189187,0.04455566,24.0,24.0,68.0
2026-04-04,ibm_fez,14,140.4781,62.9465,0.00018426,0.00018426,0.00166412,0.00524902,24.0,24.0,68.0
2026-04-04,ibm_fez,15,227.9351,162.2973,0.00028317,0.00028317,,0.02185059,24.0,24.0,
2026-04-04,ibm_fez,16,143.2954,115.9632,0.00029494,0.00029494,,0.00598145,24.0,24.0,
2026-04-04,ibm_fez,17,191.1739,121.5222,0.00029299,0.00029299,,0.01489258,24.0,24.0,
2026-04-04,ibm_fez,18,177.9059,45.7629,0.00046128,0.00046128,,0.00915527,24.0,24.0,
2026-04-04,ibm_fez,19,178.3721,159.0793,0.00069201,0.00069201,,0.01013184,24.0,24.0,
2026-04-03,ibm_fez,10,186.9055,112.7203,0.00018103,0.00018103,0.0114104,0.00952148,24.0,24.0,68.0
2026-04-03,ibm_fez,11,124.0987,50.8887,0.00329984,0.00329984,0.00782958,0.08325195,24.0,24.0,68.0
2026-04-03,ibm_fez,12,78.2129,72.9903,0.00064274,0.00064274,0.00460976,0.02148438,24.0,24.0,68.0
2026-04-03,ibm_fez,13,304.331,187.4085,0.0002995,0.0002995,0.00230366,0.01513672,24.0,24.0,68.0
2026-04-03,ibm_fez,14,140.4781,62.9465,0.00029133,0.00029133,0.00216139,0.00830078,24.0,24.0,68.0
2026-04-03,ibm_fez,15,227.9351,162.2973,0.00014538,0.00014538,,0.03051758,24.0,24.0,
2026-04-03,ibm_fez,16,143.2954,115.9632,0.00031046,0.00031046,,0.00952148,24.0,24.0,
2026-04-03,ibm_fez,17,191.1739,121.5222,0.00028283,0.00028283,,0.01733398,24.0,24.0,
2026-04-03,ibm_fez,18,177.9059,45.7629,0.00028182,0.00028182,,0.00805664,24.0,24.0,
2026-04-03,ibm_fez,19,178.3721,159.0793,0.00069201,0.00069201,,0.01147461,24.0,24.0,
2026-04-02,ibm_fez,10,204.4552,122.587,0.00032911,0.00032911,0.01045808,0.0078125,24.0,24.0,68.0
2026-04-02,ibm_fez,11,42.2716,9.2683,0.00226833,0.00226833,0.00877884,0.05859375,24.0,24.0,68.0
2026-04-02,ibm_fez,12,85.8229,84.0783,0.0005539,0.0005539,0.00531869,0.02832031,24.0,24.0,68.0
2026-04-02,ibm_fez,13,278.189,207.1376,0.00043166,0.00043166,0.00209628,0.01269531,24.0,24.0,68.0
2026-04-02,ibm_fez,14,226.9763,56.1299,0.0002109,0.0002109,0.00186303,0.00756836,24.0,24.0,68.0
2026-04-02,ibm_fez,15,272.7144,162.3624,0.0001817,0.0001817,,0.01904297,24.0,24.0,
2026-04-02,ibm_fez,16,192.3137,126.779,0.00023474,0.00023474,,0.00488281,24.0,24.0,
2026-04-02,ibm_fez,17,138.4269,110.056,0.00027068,0.00027068,,0.02026367,24.0,24.0,
2026-04-02,ibm_fez,18,177.9059,75.9245,0.00034162,0.00034162,,0.00878906,24.0,24.0,
2026-04-02,ibm_fez,19,228.1571,172.5299,0.00069201,0.00069201,,0.01342773,24.0,24.0,
2026-04-01,ibm_fez,10,233.1189,121.8713,0.00032911,0.00032911,0.00676561,0.00708008,24.0,24.0,68.0
2026-04-01,ibm_fez,11,42.2716,6.9539,0.00226833,0.00226833,0.00476732,0.04907227,24.0,24.0,68.0
2026-04-01,ibm_fez,12,85.0182,82.9245,0.0005539,0.0005539,0.00445313,0.02172852,24.0,24.0,68.0
2026-04-01,ibm_fez,13,294.3951,201.6498,0.00043166,0.00043166,0.00207219,0.04711914,24.0,24.0,68.0
2026-04-01,ibm_fez,14,243.6631,75.5848,0.0002109,0.0002109,0.00199932,0.00439453,24.0,24.0,68.0
2026-04-01,ibm_fez,15,299.3646,162.2232,0.0001817,0.0001817,,0.03027344,24.0,24.0,
2026-04-01,ibm_fez,16,240.2557,144.5706,0.00023474,0.00023474,,0.00634766,24.0,24.0,
2026-04-01,ibm_fez,17,167.2266,120.4383,0.00027068,0.00027068,,0.01391602,24.0,24.0,
2026-04-01,ibm_fez,18,128.7208,63.7118,0.00034162,0.00034162,,0.00488281,24.0,24.0,
2026-04-01,ibm_fez,19,187.7184,166.5073,0.00069201,0.00069201,,0.00976562,24.0,24.0,
2026-03-31,ibm_fez,10,212.4086,115.775,0.0001399,0.0001399,0.01018858,0.00756836,24.0,24.0,68.0
2026-03-31,ibm_fez,11,104.223,48.8517,0.00258461,0.00258461,0.00814013,0.04455566,24.0,24.0,68.0
2026-03-31,ibm_fez,12,73.0488,78.0172,0.00047116,0.00047116,0.00454206,0.02490234,24.0,24.0,68.0
2026-03-31,ibm_fez,13,301.0514,175.7303,0.00033314,0.00033314,0.00165283,0.01721191,24.0,24.0,68.0
2026-03-31,ibm_fez,14,172.8484,50.8659,0.00026157,0.00026157,0.00192938,0.01025391,24.0,24.0,68.0
2026-03-31,ibm_fez,15,336.5122,207.7886,0.00013383,0.00013383,,0.02087402,24.0,24.0,
2026-03-31,ibm_fez,16,159.4061,133.9213,0.00028467,0.00028467,,0.01013184,24.0,24.0,
2026-03-31,ibm_fez,17,126.7237,103.532,0.00043035,0.00043035,,0.01647949,24.0,24.0,
2026-03-31,ibm_fez,18,98.6533,61.4807,0.00029934,0.00029934,,0.01477051,24.0,24.0,
2026-03-31,ibm_fez,19,172.493,165.0338,0.00057233,0.00057233,,0.0065918,24.0,24.0,
2026-03-30,ibm_fez,10,141.4172,101.055,0.00016539,0.00016539,0.01216746,0.0078125,24.0,24.0,68.0
2026-03-30,ibm_fez,11,121.1757,12.1186,0.00234518,0.00234518,0.00783686,0.08374023,24.0,24.0,68.0
2026-03-30,ibm_fez,12,63.6282,69.246,0.00046713,0.00046713,0.00512506,0.0267334,24.0,24.0,68.0
2026-03-30,ibm_fez,13,295.6452,51.9693,0.00021379,0.00021379,0.00255028,0.03723145,24.0,24.0,68.0
2026-03-30,ibm_fez,14,287.215,70.3492,0.00025662,0.00025662,0.00198397,0.00537109,24.0,24.0,68.0
2026-03-30,ibm_fez,15,367.408,190.7122,0.00011173,0.00011173,,0.01831055,24.0,24.0,
2026-03-30,ibm_fez,16,248.9263,165.6567,0.00027581,0.00027581,,0.00610352,24.0,24.0,
2026-03-30,ibm_fez,17,169.0787,119.2434,0.00022514,0.00022514,,0.01318359,24.0,24.0,
2026-03-30,ibm_fez,18,144.5325,76.3553,0.00026149,0.00026149,,0.00598145,24.0,24.0,
2026-03-30,ibm_fez,19,252.4831,178.1321,0.00069891,0.00069891,,0.00927734,24.0,24.0,
2026-03-29,ibm_fez,10,149.48,87.8802,0.00030737,0.00030737,0.01029091,0.00732422,24.0,24.0,68.0
2026-03-29,ibm_fez,11,121.1757,29.2474,0.00452669,0.00452669,0.00657898,0.04150391,24.0,24.0,68.0
2026-03-29,ibm_fez,12,81.5812,77.7082,0.0003245,0.0003245,0.00476379,0.03027344,24.0,24.0,68.0
2026-03-29,ibm_fez,13,295.6452,63.4705,0.00022975,0.00022975,0.00181872,0.01879883,24.0,24.0,68.0
2026-03-29,ibm_fez,14,227.085,73.0771,0.0001525,0.0001525,0.00216245,0.00805664,24.0,24.0,68.0
2026-03-29,ibm_fez,15,401.9847,209.6381,0.00014205,0.00014205,,0.0300293,24.0,24.0,
2026-03-29,ibm_fez,16,194.5382,156.0636,0.00033942,0.00033942,,0.00683594,24.0,24.0,
2026-03-29,ibm_fez,17,176.8958,117.9972,0.00043426,0.00043426,,0.01000977,24.0,24.0,
2026-03-29,ibm_fez,18,155.3852,77.7239,0.00026897,0.00026897,,0.0065918,24.0,24.0,
2026-03-29,ibm_fez,19,220.6714,151.5764,0.00043006,0.00043006,,0.00854492,24.0,24.0,
2026-03-28,ibm_fez,10,93.448,74.9127,0.00023365,0.00023365,0.00970786,0.01025391,24.0,24.0,68.0
2026-03-28,ibm_fez,11,121.1757,15.2913,0.00262349,0.00262349,0.00819973,0.08325195,24.0,24.0,68.0
2026-03-28,ibm_fez,12,67.935,76.1893,0.00037243,0.00037243,0.00725845,0.02026367,24.0,24.0,68.0
2026-03-28,ibm_fez,13,295.6452,191.642,0.0002376,0.0002376,0.00178506,0.02880859,24.0,24.0,68.0
2026-03-28,ibm_fez,14,260.6419,69.7846,0.00036431,0.00036431,0.00170396,0.00805664,24.0,24.0,68.0
2026-03-28,ibm_fez,15,362.4489,203.1569,0.00028122,0.00028122,,0.03637695,24.0,24.0,
2026-03-28,ibm_fez,16,173.281,132.4206,0.00027189,0.00027189,,0.00708008,24.0,24.0,
2026-03-28,ibm_fez,17,138.8223,115.9769,0.00023687,0.00023687,,0.00976562,24.0,24.0,
2026-03-28,ibm_fez,18,148.8093,72.7667,0.00036668,0.00036668,,0.00634766,24.0,24.0,
2026-03-28,ibm_fez,19,224.9096,171.8552,0.00043189,0.00043189,,0.01025391,24.0,24.0,
2026-03-27,ibm_fez,10,215.5272,114.0019,0.00022308,0.00022308,0.01149444,0.01147461,24.0,24.0,68.0
2026-03-27,ibm_fez,11,121.1757,9.3854,0.00234724,0.00234724,0.00877186,0.04052734,24.0,24.0,68.0
2026-03-27,ibm_fez,12,71.3573,69.9785,0.00026566,0.00026566,0.00450512,0.02270508,24.0,24.0,68.0
2026-03-27,ibm_fez,13,308.0641,199.8442,0.00036254,0.00036254,0.0019217,0.02172852,24.0,24.0,68.0
2026-03-27,ibm_fez,14,235.5698,68.3935,0.00022825,0.00022825,0.00164857,0.00732422,24.0,24.0,68.0
2026-03-27,ibm_fez,15,292.5434,178.565,0.00015188,0.00015188,,0.02050781,24.0,24.0,
2026-03-27,ibm_fez,16,167.8593,132.8699,0.00027122,0.00027122,,0.00537109,24.0,24.0,
2026-03-27,ibm_fez,17,150.7167,118.0205,0.00022905,0.00022905,,0.01342773,24.0,24.0,
2026-03-27,ibm_fez,18,125.7288,68.0578,0.00029359,0.00029359,,0.0078125,24.0,24.0,
2026-03-27,ibm_fez,19,206.9867,197.6681,0.00017199,0.00017199,,0.01000977,24.0,24.0,
2026-03-26,ibm_fez,10,204.8452,112.8734,0.00015117,0.00015117,0.00679518,0.03112793,24.0,24.0,68.0
2026-03-26,ibm_fez,11,121.1757,39.4986,0.00253671,0.00253671,0.00501714,0.08068848,24.0,24.0,68.0
2026-03-26,ibm_fez,12,55.5764,64.9557,0.00040204,0.00040204,0.0054829,0.02429199,24.0,24.0,68.0
2026-03-26,ibm_fez,13,284.8289,214.9927,0.00026992,0.00026992,0.00345386,0.01452637,24.0,24.0,68.0
2026-03-26,ibm_fez,14,244.2006,57.0705,0.00033879,0.00033879,0.00155474,0.00439453,24.0,24.0,68.0
2026-03-26,ibm_fez,15,350.9317,199.5199,0.00016373,0.00016373,,0.02062988,24.0,24.0,
2026-03-26,ibm_fez,16,152.8836,125.6006,0.00026404,0.00026404,,0.0045166,24.0,24.0,
2026-03-26,ibm_fez,17,198.8145,135.5076,0.00021907,0.00021907,,0.01489258,24.0,24.0,
2026-03-26,ibm_fez,18,132.8814,74.3819,0.00023349,0.00023349,,0.01196289,24.0,24.0,
2026-03-26,ibm_fez,19,175.5666,164.7602,0.00060987,0.00060987,,0.00878906,24.0,24.0,
2026-03-25,ibm_fez,10,184.368,117.3434,0.00032833,0.00032833,0.01051797,0.00830078,24.0,24.0,68.0
2026-03-25,ibm_fez,11,30.7651,12.0302,0.0024169,0.0024169,0.00790435,0.05932617,24.0,24.0,68.0
2026-03-25,ibm_fez,12,79.2311,77.9194,0.00059202,0.00059202,0.00541612,0.03198242,24.0,24.0,68.0
2026-03-25,ibm_fez,13,247.0924,189.3687,0.00037622,0.00037622,0.00187701,0.02392578,24.0,24.0,68.0
2026-03-25,ibm_fez,14,245.0501,61.2627,0.00023318,0.00023318,0.00176492,0.00683594,24.0,24.0,68.0
2026-03-25,ibm_fez,15,333.2279,217.3436,0.00017717,0.00017717,,0.01708984,24.0,24.0,
2026-03-25,ibm_fez,16,147.2722,121.3618,0.00033381,0.00033381,,0.00439453,24.0,24.0,
2026-03-25,ibm_fez,17,170.177,122.6531,0.00022926,0.00022926,,0.01416016,24.0,24.0,
2026-03-25,ibm_fez,18,187.3642,75.9307,0.0002902,0.0002902,,0.01074219,24.0,24.0,
2026-03-25,ibm_fez,19,155.0915,160.2647,0.00027918,0.00027918,,0.00585938,24.0,24.0,
2026-03-24,ibm_fez,10,208.962,146.1428,0.00023773,0.00023773,0.01045323,0.00976562,24.0,24.0,68.0
2026-03-24,ibm_fez,11,30.7651,9.9581,0.0025861,0.0025861,0.00906893,0.05249023,24.0,24.0,68.0
2026-03-24,ibm_fez,12,79.9449,75.8559,0.00032211,0.00032211,0.00621689,0.02832031,24.0,24.0,68.0
2026-03-24,ibm_fez,13,247.7707,174.6338,0.00047769,0.00047769,0.00165071,0.02294922,24.0,24.0,68.0
2026-03-24,ibm_fez,14,236.339,75.896,0.00021665,0.00021665,0.00171697,0.0065918,24.0,24.0,68.0
2026-03-24,ibm_fez,15,305.7827,192.3736,0.00027011,0.00027011,,0.01806641,24.0,24.0,
2026-03-24,ibm_fez,16,192.0966,139.3224,0.00027672,0.00027672,,0.00585938,24.0,24.0,
2026-03-24,ibm_fez,17,124.7846,101.6905,0.00038453,0.00038453,,0.01147461,24.0,24.0,
2026-03-24,ibm_fez,18,90.0344,52.9803,0.00030591,0.00030591,,0.00927734,24.0,24.0,
2026-03-24,ibm_fez,19,203.9582,173.572,0.00040733,0.00040733,,0.01025391,24.0,24.0,
2026-03-23,ibm_fez,10,147.6598,108.2937,0.00029883,0.00029883,0.01090788,0.00708008,24.0,24.0,68.0
2026-03-23,ibm_fez,11,110.8287,14.288,0.00198037,0.00198037,0.0081174,0.06091309,24.0,24.0,68.0
2026-03-23,ibm_fez,12,72.029,77.5142,0.00050785,0.00050785,0.00459126,0.02746582,24.0,24.0,68.0
2026-03-23,ibm_fez,13,313.2847,152.281,0.00023302,0.00023302,0.00190751,0.0189209,24.0,24.0,68.0
2026-03-23,ibm_fez,14,209.3747,67.893,0.00021665,0.00021665,0.00194848,0.00537109,24.0,24.0,68.0
2026-03-23,ibm_fez,15,355.8377,243.6646,0.00016303,0.00016303,,0.0201416,24.0,24.0,
2026-03-23,ibm_fez,16,197.4513,130.484,0.00037017,0.00037017,,0.00891113,24.0,24.0,
2026-03-23,ibm_fez,17,131.1377,114.7994,0.00016404,0.00016404,,0.01367188,24.0,24.0,
2026-03-23,ibm_fez,18,129.9749,69.2444,0.0003549,0.0003549,,0.00866699,24.0,24.0,
2026-03-23,ibm_fez,19,175.4152,76.7429,0.00027845,0.00027845,,0.00817871,24.0,24.0,
2026-03-22,ibm_fez,10,215.1807,124.306,0.00020922,0.00020922,0.00658147,0.00549316,24.0,24.0,68.0
2026-03-22,ibm_fez,11,110.8287,22.1235,0.00215281,0.00215281,0.00380729,0.06811523,24.0,24.0,68.0
2026-03-22,ibm_fez,12,75.7231,78.1541,0.00039337,0.00039337,0.00509588,0.02746582,24.0,24.0,68.0
2026-03-22,ibm_fez,13,220.3938,131.1238,0.00014904,0.00014904,0.00187476,0.01928711,24.0,24.0,68.0
2026-03-22,ibm_fez,14,244.4819,68.6565,0.00018473,0.00018473,0.00195396,0.00549316,24.0,24.0,68.0
2026-03-22,ibm_fez,15,357.3184,222.8661,0.00025517,0.00025517,,0.0201416,24.0,24.0,
2026-03-22,ibm_fez,16,212.4598,125.5385,0.00039108,0.00039108,,0.00878906,24.0,24.0,
2026-03-22,ibm_fez,17,91.5806,82.3351,0.00027917,0.00027917,,0.01879883,24.0,24.0,
2026-03-22,ibm_fez,18,100.9917,64.6209,0.00041337,0.00041337,,0.00842285,24.0,24.0,
2026-03-22,ibm_fez,19,175.4152,161.2579,0.00054498,0.00054498,,0.01013184,24.0,24.0,
2026-03-21,ibm_fez,10,233.9392,114.4775,0.00027863,0.00027863,0.00927415,0.0078125,24.0,24.0,68.0
2026-03-21,ibm_fez,11,33.3194,11.3803,0.00244272,0.00244272,0.00807226,0.04992676,24.0,24.0,68.0
2026-03-21,ibm_fez,12,64.6988,66.3668,0.00055905,0.00055905,0.00623931,0.03271484,24.0,24.0,68.0
2026-03-21,ibm_fez,13,315.0055,229.7585,0.00047216,0.00047216,0.00236,0.02111816,24.0,24.0,68.0
2026-03-21,ibm_fez,14,220.2232,61.4867,0.00023698,0.00023698,0.0017125,0.00402832,24.0,24.0,68.0
2026-03-21,ibm_fez,15,180.9058,173.3777,0.00020543,0.00020543,,0.02075195,24.0,24.0,
2026-03-21,ibm_fez,16,150.432,125.809,0.00031112,0.00031112,,0.00598145,24.0,24.0,
2026-03-21,ibm_fez,17,195.5154,130.8387,0.00015088,0.00015088,,0.01306152,24.0,24.0,
2026-03-21,ibm_fez,18,111.1845,74.6314,0.00032676,0.00032676,,0.01074219,24.0,24.0,
2026-03-21,ibm_fez,19,208.3375,182.8753,0.00036075,0.00036075,,0.00732422,24.0,24.0,
2026-03-20,ibm_fez,10,129.5706,70.6963,0.00018166,0.00018166,0.01142426,0.00939941,24.0,24.0,68.0
2026-03-20,ibm_fez,11,33.3194,14.0529,0.00236462,0.00236462,0.00778177,0.046875,24.0,24.0,68.0
2026-03-20,ibm_fez,12,54.7134,58.4682,0.00028823,0.00028823,0.00337086,0.03222656,24.0,24.0,68.0
2026-03-20,ibm_fez,13,253.7476,204.5046,0.0003038,0.0003038,0.00211228,0.01367188,24.0,24.0,68.0
2026-03-20,ibm_fez,14,142.5916,57.5741,0.0001769,0.0001769,0.00234673,0.00610352,24.0,24.0,68.0
2026-03-20,ibm_fez,15,259.2321,158.4865,0.00019018,0.00019018,,0.02185059,24.0,24.0,
2026-03-20,ibm_fez,16,187.7276,130.7094,0.0003535,0.0003535,,0.00402832,24.0,24.0,
2026-03-20,ibm_fez,17,184.9951,143.6453,0.00029013,0.00029013,,0.0123291,24.0,24.0,
2026-03-20,ibm_fez,18,150.5132,73.3916,0.00027815,0.00027815,,0.00756836,24.0,24.0,
2026-03-20,ibm_fez,19,185.2057,169.8706,0.00045996,0.00045996,,0.01293945,24.0,24.0,
2026-03-19,ibm_fez,10,216.078,112.5623,0.0002015,0.0002015,0.01068162,0.01708984,24.0,24.0,68.0
2026-03-19,ibm_fez,11,33.3194,20.0491,0.00259176,0.00259176,0.00817361,0.05688477,24.0,24.0,68.0
2026-03-19,ibm_fez,12,63.6349,61.4837,0.00032594,0.00032594,0.00606331,0.03295898,24.0,24.0,68.0
2026-03-19,ibm_fez,13,233.7423,147.0612,0.00024076,0.00024076,0.00188245,0.02490234,24.0,24.0,68.0
2026-03-19,ibm_fez,14,251.8877,77.9857,0.0002031,0.0002031,0.00174241,0.01025391,24.0,24.0,68.0
2026-03-19,ibm_fez,15,359.9707,169.9026,0.00027385,0.00027385,,0.0168457,24.0,24.0,
2026-03-19,ibm_fez,16,177.8895,149.8223,0.00058743,0.00058743,,0.00415039,24.0,24.0,
2026-03-19,ibm_fez,17,71.5132,84.8728,0.00037526,0.00037526,,0.01367188,24.0,24.0,
2026-03-19,ibm_fez,18,117.2665,61.1494,0.00030252,0.00030252,,0.01757812,24.0,24.0,
2026-03-19,ibm_fez,19,213.236,177.2808,0.00053912,0.00053912,,0.00976562,24.0,24.0,
2026-03-18,ibm_fez,10,187.697,111.1072,0.00013893,0.00013893,0.01017165,0.00805664,24.0,24.0,68.0
2026-03-18,ibm_fez,11,131.6942,17.8092,0.00211765,0.00211765,0.00777455,0.04663086,24.0,24.0,68.0
2026-03-18,ibm_fez,12,77.6562,79.4429,0.00041709,0.00041709,0.00538567,0.03515625,24.0,24.0,68.0
2026-03-18,ibm_fez,13,316.5959,193.9606,0.00011967,0.00011967,0.00188288,0.02636719,24.0,24.0,68.0
2026-03-18,ibm_fez,14,236.721,62.4563,0.00019663,0.00019663,0.00231251,0.00439453,24.0,24.0,68.0
2026-03-18,ibm_fez,15,331.4108,224.1992,0.00014244,0.00014244,,0.02783203,24.0,24.0,
2026-03-18,ibm_fez,16,253.2681,143.4304,0.00048174,0.00048174,,0.0065918,24.0,24.0,
2026-03-18,ibm_fez,17,149.381,122.1089,0.00019751,0.00019751,,0.01586914,24.0,24.0,
2026-03-18,ibm_fez,18,28.2297,28.6226,0.00065033,0.00065033,,0.00585938,24.0,24.0,
2026-03-18,ibm_fez,19,163.3339,135.1522,0.00030431,0.00030431,,0.00927734,24.0,24.0,
2026-03-17,ibm_fez,10,187.697,111.1072,0.00013893,0.00013893,0.01017165,0.00805664,24.0,24.0,68.0
2026-03-17,ibm_fez,11,131.6942,17.8092,0.00211765,0.00211765,0.00777455,0.04663086,24.0,24.0,68.0
2026-03-17,ibm_fez,12,77.6562,79.4429,0.00041709,0.00041709,0.00538567,0.03515625,24.0,24.0,68.0
2026-03-17,ibm_fez,13,316.5959,193.9606,0.00011967,0.00011967,0.00188288,0.02636719,24.0,24.0,68.0
2026-03-17,ibm_fez,14,236.721,62.4563,0.00019663,0.00019663,0.00231251,0.00439453,24.0,24.0,68.0
2026-03-17,ibm_fez,15,331.4108,224.1992,0.00014244,0.00014244,,0.02783203,24.0,24.0,
2026-03-17,ibm_fez,16,253.2681,143.4304,0.00048174,0.00048174,,0.0065918,24.0,24.0,
2026-03-17,ibm_fez,17,149.381,122.1089,0.00019751,0.00019751,,0.01586914,24.0,24.0,
2026-03-17,ibm_fez,18,28.2297,28.6226,0.00065033,0.00065033,,0.00585938,24.0,24.0,
2026-03-17,ibm_fez,19,163.3339,135.1522,0.00030431,0.00030431,,0.00927734,24.0,24.0,
2026-03-16,ibm_fez,10,187.9315,108.3962,0.00020924,0.00020924,0.01114168,0.00805664,24.0,24.0,68.0
2026-03-16,ibm_fez,11,131.6942,11.2722,0.00232784,0.00232784,0.00846696,0.04833984,24.0,24.0,68.0
2026-03-16,ibm_fez,12,53.9496,50.9634,0.00028981,0.00028981,0.00521508,0.02392578,24.0,24.0,68.0
2026-03-16,ibm_fez,13,181.039,138.0648,0.00037484,0.00037484,0.00263716,0.01635742,24.0,24.0,68.0
2026-03-16,ibm_fez,14,149.9266,60.5093,0.00028501,0.00028501,0.00227995,0.00585938,24.0,24.0,68.0
2026-03-16,ibm_fez,15,366.7247,220.2231,0.00016394,0.00016394,,0.01489258,24.0,24.0,
2026-03-16,ibm_fez,16,220.1978,145.0752,0.000263,0.000263,,0.00756836,24.0,24.0,
2026-03-16,ibm_fez,17,157.7752,129.7266,0.0003335,0.0003335,,0.01391602,24.0,24.0,
2026-03-16,ibm_fez,18,122.6561,65.1887,0.00029705,0.00029705,,0.01220703,24.0,24.0,
2026-03-16,ibm_fez,19,162.9418,160.7224,0.00043372,0.00043372,,0.00976562,24.0,24.0,
2026-03-15,ibm_fez,10,238.0328,128.5302,0.00022716,0.00022716,0.01272075,0.00842285,24.0,24.0,68.0
2026-03-15,ibm_fez,11,131.6942,11.0458,0.0021053,0.0021053,0.0078486,0.03710938,24.0,24.0,68.0
2026-03-15,ibm_fez,12,72.8938,70.5988,0.0003711,0.0003711,0.00570918,0.02587891,24.0,24.0,68.0
2026-03-15,ibm_fez,13,156.6771,117.5933,0.00044471,0.00044471,0.00240313,0.02575684,24.0,24.0,68.0
2026-03-15,ibm_fez,14,231.1495,64.334,0.00022579,0.00022579,0.00237956,0.00671387,24.0,24.0,68.0
2026-03-15,ibm_fez,15,347.6593,188.2613,0.00052662,0.00052662,,0.02038574,24.0,24.0,
2026-03-15,ibm_fez,16,185.3551,126.7481,0.00051078,0.00051078,,0.01501465,24.0,24.0,
2026-03-15,ibm_fez,17,148.9393,122.9578,0.0003335,0.0003335,,0.02087402,24.0,24.0,
2026-03-15,ibm_fez,18,104.5023,65.8332,0.00031381,0.00031381,,0.00683594,24.0,24.0,
2026-03-15,ibm_fez,19,129.467,80.0296,0.00057795,0.00057795,,0.00878906,24.0,24.0,
2026-03-14,ibm_fez,10,165.3309,112.245,0.00015743,0.00015743,0.01080022,0.00720215,24.0,24.0,68.0
2026-03-14,ibm_fez,11,131.6942,16.0141,0.00250621,0.00250621,0.00796633,0.0859375,24.0,24.0,68.0
2026-03-14,ibm_fez,12,68.2189,69.2517,0.00048742,0.00048742,0.00647554,0.01818848,24.0,24.0,68.0
2026-03-14,ibm_fez,13,145.3757,111.3348,0.00025272,0.00025272,0.00246337,0.02197266,24.0,24.0,68.0
2026-03-14,ibm_fez,14,208.3674,71.954,0.00029991,0.00029991,0.00979437,0.00683594,24.0,24.0,68.0
2026-03-14,ibm_fez,15,215.1239,132.9131,0.00052662,0.00052662,,0.02380371,24.0,24.0,
2026-03-14,ibm_fez,16,152.1868,132.731,0.00021669,0.00021669,,0.00732422,24.0,24.0,
2026-03-14,ibm_fez,17,143.3076,99.266,0.00044151,0.00044151,,0.01794434,24.0,24.0,
2026-03-14,ibm_fez,18,117.6521,62.8221,0.00028499,0.00028499,,0.00732422,24.0,24.0,
2026-03-14,ibm_fez,19,187.1924,169.7938,0.00045387,0.00045387,,0.01135254,24.0,24.0,
2026-03-13,ibm_fez,10,223.0282,132.8499,0.00017971,0.00017971,0.01077534,0.00952148,24.0,24.0,68.0
2026-03-13,ibm_fez,11,136.1695,12.1471,0.00218359,0.00218359,0.00843097,0.04760742,24.0,24.0,68.0
2026-03-13,ibm_fez,12,77.8846,73.6027,0.00025411,0.00025411,0.00479608,0.01733398,24.0,24.0,68.0
2026-03-13,ibm_fez,13,280.0607,166.3654,0.00041926,0.00041926,0.00159069,0.03198242,24.0,24.0,68.0
2026-03-13,ibm_fez,14,156.9151,63.3016,0.00016245,0.00016245,0.00524368,0.00439453,24.0,24.0,68.0
2026-03-13,ibm_fez,15,251.149,153.969,0.00083519,0.00083519,,0.09521484,24.0,24.0,
2026-03-13,ibm_fez,16,81.8247,86.2404,0.00022082,0.00022082,,0.00439453,24.0,24.0,
2026-03-13,ibm_fez,17,148.2772,68.4417,0.00017326,0.00017326,,0.01428223,24.0,24.0,
2026-03-13,ibm_fez,18,124.6751,70.6951,0.00035495,0.00035495,,0.00842285,24.0,24.0,
2026-03-13,ibm_fez,19,135.5117,104.6623,0.00070172,0.00070172,,0.00878906,24.0,24.0,
2026-03-12,ibm_fez,10,185.9314,135.0403,0.00024309,0.00024309,0.00659183,0.00878906,24.0,24.0,68.0
2026-03-12,ibm_fez,11,136.1695,10.1656,0.00153198,0.00153198,0.00505876,0.05566406,24.0,24.0,68.0
2026-03-12,ibm_fez,12,68.2599,68.3057,0.00023725,0.00023725,0.00684677,0.01586914,24.0,24.0,68.0
2026-03-12,ibm_fez,13,153.8737,108.344,0.00015835,0.00015835,0.00347799,0.01293945,24.0,24.0,68.0
2026-03-12,ibm_fez,14,179.4187,59.9456,0.00016889,0.00016889,0.00188032,0.02783203,24.0,24.0,68.0
2026-03-12,ibm_fez,15,380.8593,206.6368,0.00010035,0.00010035,,0.02246094,24.0,24.0,
2026-03-12,ibm_fez,16,208.2931,142.7326,0.00025461,0.00025461,,0.00537109,24.0,24.0,
2026-03-12,ibm_fez,17,148.2772,124.4924,0.00025194,0.00025194,,0.02075195,24.0,24.0,
2026-03-12,ibm_fez,18,79.5225,52.2134,0.00038923,0.00038923,,0.00830078,24.0,24.0,
2026-03-12,ibm_fez,19,185.5272,181.7597,0.00078673,0.00078673,,0.01000977,24.0,24.0,
2026-03-11,ibm_fez,10,181.8413,135.9784,0.00018787,0.00018787,0.0096794,0.00830078,24.0,24.0,68.0
2026-03-11,ibm_fez,11,136.1695,10.4858,0.00172736,0.00172736,0.00896033,0.04833984,24.0,24.0,68.0
2026-03-11,ibm_fez,12,76.1152,76.6397,0.0005525,0.0005525,0.00714484,0.01806641,24.0,24.0,68.0
2026-03-11,ibm_fez,13,228.8891,183.3673,0.0012544,0.0012544,0.00451038,0.01416016,24.0,24.0,68.0
2026-03-11,ibm_fez,14,218.992,60.9043,0.00024879,0.00024879,0.00193808,0.01489258,24.0,24.0,68.0
2026-03-11,ibm_fez,15,329.0773,189.7728,0.00013739,0.00013739,,0.02587891,24.0,24.0,
2026-03-11,ibm_fez,16,158.812,121.8714,0.00053506,0.00053506,,0.00610352,24.0,24.0,
2026-03-11,ibm_fez,17,164.1357,130.5733,0.00025788,0.00025788,,0.01611328,24.0,24.0,
2026-03-11,ibm_fez,18,98.9665,60.5347,0.000322,0.000322,,0.00805664,24.0,24.0,
2026-03-11,ibm_fez,19,178.9657,196.0329,0.00078673,0.00078673,,0.01318359,24.0,24.0,
2026-03-10,ibm_fez,10,165.1211,122.5692,0.00026234,0.00026234,0.01177,0.00561523,24.0,24.0,68.0
2026-03-10,ibm_fez,11,136.1695,8.4442,0.00235526,0.00235526,0.00962531,0.07519531,24.0,24.0,68.0
2026-03-10,ibm_fez,12,50.4288,73.2395,0.00042441,0.00042441,0.0054132,0.02148438,24.0,24.0,68.0
2026-03-10,ibm_fez,13,284.2357,201.0552,0.00053717,0.00053717,0.00228224,0.01879883,24.0,24.0,68.0
2026-03-10,ibm_fez,14,129.9995,49.119,0.00020244,0.00020244,0.00194082,0.00854492,24.0,24.0,68.0
2026-03-10,ibm_fez,15,378.2599,158.6139,0.00015002,0.00015002,,0.01977539,24.0,24.0,
2026-03-10,ibm_fez,16,164.2378,139.802,0.00041586,0.00041586,,0.01049805,24.0,24.0,
2026-03-10,ibm_fez,17,122.7785,141.5852,0.00020247,0.00020247,,0.01513672,24.0,24.0,
2026-03-10,ibm_fez,18,95.7179,66.1272,0.00029231,0.00029231,,0.00512695,24.0,24.0,
2026-03-10,ibm_fez,19,210.4173,163.6662,0.00060591,0.00060591,,0.01245117,24.0,24.0,
2026-03-09,ibm_fez,10,198.5167,122.5692,0.00016753,0.00016753,0.01038672,0.00561523,24.0,24.0,68.0
2026-03-09,ibm_fez,11,136.1695,53.4842,0.00166671,0.00166671,0.00844581,0.07519531,24.0,24.0,68.0
2026-03-09,ibm_fez,12,71.9677,73.2395,0.00034284,0.00034284,0.00469666,0.02148438,24.0,24.0,68.0
2026-03-09,ibm_fez,13,282.5403,194.3226,0.00040487,0.00040487,0.00194858,0.01879883,24.0,24.0,68.0
2026-03-09,ibm_fez,14,127.3527,49.119,0.0002505,0.0002505,0.00234978,0.00854492,24.0,24.0,68.0
2026-03-09,ibm_fez,15,369.2265,213.3016,0.00011474,0.00011474,,0.01977539,24.0,24.0,
2026-03-09,ibm_fez,16,173.2939,139.802,0.00032288,0.00032288,,0.01049805,24.0,24.0,
2026-03-09,ibm_fez,17,157.5392,141.5852,0.00022749,0.00022749,,0.01513672,24.0,24.0,
2026-03-09,ibm_fez,18,101.8866,66.1272,0.00029577,0.00029577,,0.00512695,24.0,24.0,
2026-03-09,ibm_fez,19,210.0022,163.6662,0.00049536,0.00049536,,0.01245117,24.0,24.0,
2026-03-08,ibm_fez,10,164.9423,117.8518,0.00085506,0.00085506,0.01370556,0.00598145,24.0,24.0,68.0
2026-03-08,ibm_fez,11,60.7851,13.2876,0.00224736,0.00224736,0.00773072,0.07373047,24.0,24.0,68.0
2026-03-08,ibm_fez,12,64.6011,76.5476,0.00044317,0.00044317,0.00369376,0.01977539,24.0,24.0,68.0
2026-03-08,ibm_fez,13,307.3435,193.5178,0.00031457,0.00031457,0.00995434,0.02172852,24.0,24.0,68.0
2026-03-08,ibm_fez,14,226.1024,60.5105,0.01032746,0.01032746,0.0094447,0.00976562,24.0,24.0,68.0
2026-03-08,ibm_fez,15,298.1411,180.7916,0.00020941,0.00020941,,0.0213623,24.0,24.0,
2026-03-08,ibm_fez,16,178.3134,44.4526,0.00026411,0.00026411,,0.00842285,24.0,24.0,
2026-03-08,ibm_fez,17,190.0408,132.6749,0.00017186,0.00017186,,0.01586914,24.0,24.0,
2026-03-08,ibm_fez,18,128.9659,63.7884,0.00029714,0.00029714,,0.00805664,24.0,24.0,
2026-03-08,ibm_fez,19,160.4743,121.651,0.00064951,0.00064951,,0.01257324,24.0,24.0,
2026-03-07,ibm_fez,10,106.967,77.1141,0.00027629,0.00027629,0.00912911,0.0078125,24.0,24.0,68.0
2026-03-07,ibm_fez,11,60.7851,11.1699,0.00241585,0.00241585,0.00929769,0.03942871,24.0,24.0,68.0
2026-03-07,ibm_fez,12,71.4076,77.9719,0.00041768,0.00041768,0.00532794,0.01782227,24.0,24.0,68.0
2026-03-07,ibm_fez,13,231.4891,125.3691,0.00048957,0.00048957,0.00177199,0.02062988,24.0,24.0,68.0
2026-03-07,ibm_fez,14,232.5734,67.7332,0.00034323,0.00034323,0.00158271,0.00622559,24.0,24.0,68.0
2026-03-07,ibm_fez,15,203.1803,135.9086,0.00018027,0.00018027,,0.01855469,24.0,24.0,
2026-03-07,ibm_fez,16,178.3134,125.8067,0.0003071,0.0003071,,0.00634766,24.0,24.0,
2026-03-07,ibm_fez,17,126.6009,109.0474,0.00041234,0.00041234,,0.01733398,24.0,24.0,
2026-03-07,ibm_fez,18,118.0119,60.8689,0.00037198,0.00037198,,0.00561523,24.0,24.0,
2026-03-07,ibm_fez,19,144.2757,188.9133,0.00050536,0.00050536,,0.00939941,24.0,24.0,
2026-03-06,ibm_fez,10,112.7347,88.2369,0.00027629,0.00027629,0.00912911,0.00817871,24.0,24.0,68.0
2026-03-06,ibm_fez,11,60.7851,9.8028,0.00241585,0.00241585,0.00929769,0.0333252,24.0,24.0,68.0
2026-03-06,ibm_fez,12,27.1124,26.451,0.00041768,0.00041768,0.00532794,0.02233887,24.0,24.0,68.0
2026-03-06,ibm_fez,13,150.1524,128.6259,0.00048957,0.00048957,0.00177199,0.0189209,24.0,24.0,68.0
2026-03-06,ibm_fez,14,266.0663,70.4002,0.00034323,0.00034323,0.00158271,0.00366211,24.0,24.0,68.0
2026-03-06,ibm_fez,15,309.8851,184.5241,0.00018027,0.00018027,,0.02099609,24.0,24.0,
2026-03-06,ibm_fez,16,134.697,105.1892,0.0003071,0.0003071,,0.00427246,24.0,24.0,
2026-03-06,ibm_fez,17,149.3431,129.4022,0.00041234,0.00041234,,0.01708984,24.0,24.0,
2026-03-06,ibm_fez,18,116.6646,70.9219,0.00037198,0.00037198,,0.00561523,24.0,24.0,
2026-03-06,ibm_fez,19,201.6262,162.0003,0.00050536,0.00050536,,0.00915527,24.0,24.0,
2026-03-05,ibm_fez,10,197.6737,111.8147,0.00016812,0.00016812,0.01069964,0.00549316,24.0,24.0,68.0
2026-03-05,ibm_fez,11,60.7851,15.893,0.00196479,0.00196479,0.00968934,0.05126953,24.0,24.0,68.0
2026-03-05,ibm_fez,12,41.5953,47.541,0.00059309,0.00059309,0.00518356,0.02429199,24.0,24.0,68.0
2026-03-05,ibm_fez,13,246.124,58.0439,0.00024828,0.00024828,0.00175363,0.02233887,24.0,24.0,68.0
2026-03-05,ibm_fez,14,63.8621,45.7721,0.00020172,0.00020172,0.00222178,0.00830078,24.0,24.0,68.0
2026-03-05,ibm_fez,15,286.4832,181.6514,0.00022465,0.00022465,,0.01794434,24.0,24.0,
2026-03-05,ibm_fez,16,215.0785,158.906,0.00039032,0.00039032,,0.00695801,24.0,24.0,
2026-03-05,ibm_fez,17,115.9694,101.5527,0.00025776,0.00025776,,0.01525879,24.0,24.0,
2026-03-05,ibm_fez,18,94.8907,62.4671,0.00044841,0.00044841,,0.00744629,24.0,24.0,
2026-03-05,ibm_fez,19,122.9355,137.7609,0.00041962,0.00041962,,0.00891113,24.0,24.0,
2026-03-04,ibm_fez,10,228.3889,125.9441,0.00017114,0.00017114,0.00610466,0.01342773,24.0,24.0,68.0
2026-03-04,ibm_fez,11,60.7851,23.0446,0.00181663,0.00181663,0.00614133,0.0345459,24.0,24.0,68.0
2026-03-04,ibm_fez,12,39.8563,46.3036,0.00052296,0.00052296,0.00717277,0.02954102,24.0,24.0,68.0
2026-03-04,ibm_fez,13,246.124,131.9046,0.00032663,0.00032663,0.00192667,0.01550293,24.0,24.0,68.0
2026-03-04,ibm_fez,14,293.4191,73.3198,0.00024669,0.00024669,0.00193788,0.00695801,24.0,24.0,68.0
2026-03-04,ibm_fez,15,327.8077,196.6309,0.00016145,0.00016145,,0.01806641,24.0,24.0,
2026-03-04,ibm_fez,16,183.3584,128.3518,0.0003077,0.0003077,,0.00476074,24.0,24.0,
2026-03-04,ibm_fez,17,131.4007,109.3214,0.00021084,0.00021084,,0.01708984,24.0,24.0,
2026-03-04,ibm_fez,18,108.8509,67.4912,0.00040077,0.00040077,,0.00952148,24.0,24.0,
2026-03-04,ibm_fez,19,207.3688,149.4733,0.00041962,0.00041962,,0.01123047,24.0,24.0,
2026-03-03,ibm_fez,10,180.8334,128.7139,0.00017024,0.00017024,0.01366037,0.00634766,24.0,24.0,68.0
2026-03-03,ibm_fez,11,103.319,15.7167,0.00188854,0.00188854,0.0099406,0.41638184,24.0,24.0,68.0
2026-03-03,ibm_fez,12,64.6738,71.6419,0.00041977,0.00041977,0.00670789,0.02502441,24.0,24.0,68.0
2026-03-03,ibm_fez,13,286.663,158.5523,0.00023651,0.00023651,0.00180833,0.0189209,24.0,24.0,68.0
2026-03-03,ibm_fez,14,255.1332,60.8405,0.00029278,0.00029278,0.00208492,0.00561523,24.0,24.0,68.0
2026-03-03,ibm_fez,15,310.4069,192.9751,0.00014333,0.00014333,,0.02050781,24.0,24.0,
2026-03-03,ibm_fez,16,195.7543,141.1982,0.00034918,0.00034918,,0.00610352,24.0,24.0,
2026-03-03,ibm_fez,17,203.2236,133.1641,0.00027514,0.00027514,,0.01672363,24.0,24.0,
2026-03-03,ibm_fez,18,100.2979,62.8697,0.00053754,0.00053754,,0.0090332,24.0,24.0,
2026-03-03,ibm_fez,19,212.9253,161.4717,0.00025295,0.00025295,,0.00610352,24.0,24.0,
2026-03-02,ibm_fez,10,135.065,108.3258,0.00062634,0.00062634,0.00703829,0.00927734,24.0,24.0,68.0
2026-03-02,ibm_fez,11,103.319,24.5642,0.00188854,0.00188854,0.00569351,0.10180664,24.0,24.0,68.0
2026-03-02,ibm_fez,12,60.6406,62.9297,0.00041259,0.00041259,0.0042125,0.02807617,24.0,24.0,68.0
2026-03-02,ibm_fez,13,151.8065,129.2671,0.00038819,0.00038819,0.00291662,0.01538086,24.0,24.0,68.0
2026-03-02,ibm_fez,14,216.8183,64.2905,0.00024814,0.00024814,0.00247393,0.0078125,24.0,24.0,68.0
2026-03-02,ibm_fez,15,331.9891,151.8351,0.00015282,0.00015282,,0.02172852,24.0,24.0,
2026-03-02,ibm_fez,16,108.9441,91.6973,0.00043867,0.00043867,,0.00610352,24.0,24.0,
2026-03-02,ibm_fez,17,131.9127,114.543,0.00020071,0.00020071,,0.01245117,24.0,24.0,
2026-03-02,ibm_fez,18,128.8695,67.9377,0.00034904,0.00034904,,0.00585938,24.0,24.0,
2026-03-02,ibm_fez,19,207.1124,162.4127,0.0002511,0.0002511,,0.00976562,24.0,24.0,
2026-03-01,ibm_fez,10,76.3052,71.2171,0.00019233,0.00019233,0.00932283,0.0078125,24.0,24.0,68.0
2026-03-01,ibm_fez,11,32.2385,11.2724,0.00197612,0.00197612,0.00811051,0.03771973,24.0,24.0,68.0
2026-03-01,ibm_fez,12,65.1864,64.7955,0.00037027,0.00037027,0.00533957,0.02526855,24.0,24.0,68.0
2026-03-01,ibm_fez,13,266.9053,187.913,0.00035594,0.00035594,0.00241611,0.02514648,24.0,24.0,68.0
2026-03-01,ibm_fez,14,249.2131,71.7602,0.00017963,0.00017963,0.0023959,0.02124023,24.0,24.0,68.0
2026-03-01,ibm_fez,15,297.6071,184.6008,0.00018275,0.00018275,,0.02075195,24.0,24.0,
2026-03-01,ibm_fez,16,166.1039,110.1507,0.00030103,0.00030103,,0.00561523,24.0,24.0,
2026-03-01,ibm_fez,17,181.0624,130.5544,0.0002864,0.0002864,,0.01794434,24.0,24.0,
2026-03-01,ibm_fez,18,100.2612,63.5372,0.00075886,0.00075886,,0.00585938,24.0,24.0,
2026-03-01,ibm_fez,19,132.3569,130.3373,0.00054975,0.00054975,,0.00756836,24.0,24.0,
2026-02-28,ibm_fez,10,189.1901,115.767,0.00023568,0.00023568,0.01070937,0.0057373,24.0,24.0,68.0
2026-02-28,ibm_fez,11,32.2385,17.304,0.00233234,0.00233234,0.00966469,0.02880859,24.0,24.0,68.0
2026-02-28,ibm_fez,12,56.2034,67.1937,0.00039088,0.00039088,0.00431772,0.02233887,24.0,24.0,68.0
2026-02-28,ibm_fez,13,254.5321,200.1678,0.00027014,0.00027014,0.00173545,0.02416992,24.0,24.0,68.0
2026-02-28,ibm_fez,14,231.012,63.9575,0.00025369,0.00025369,0.00241167,0.00610352,24.0,24.0,68.0
2026-02-28,ibm_fez,15,351.697,189.0948,0.00016657,0.00016657,,0.01916504,24.0,24.0,
2026-02-28,ibm_fez,16,197.054,152.6861,0.00028172,0.00028172,,0.00476074,24.0,24.0,
2026-02-28,ibm_fez,17,208.2071,130.3652,0.00037778,0.00037778,,0.01489258,24.0,24.0,
2026-02-28,ibm_fez,18,70.0912,40.7389,0.00036403,0.00036403,,0.00720215,24.0,24.0,
2026-02-28,ibm_fez,19,175.3633,137.3037,0.00042354,0.00042354,,0.00769043,24.0,24.0,
2026-02-27,ibm_fez,10,189.1901,115.767,0.00014635,0.00014635,0.01070937,0.0065918,24.0,24.0,68.0
2026-02-27,ibm_fez,11,32.2385,17.304,0.00196174,0.00196174,0.00966469,0.03149414,24.0,24.0,68.0
2026-02-27,ibm_fez,12,56.2034,67.1937,0.00042174,0.00042174,0.00615609,0.02416992,24.0,24.0,68.0
2026-02-27,ibm_fez,13,254.5321,200.1678,0.00033357,0.00033357,0.00173545,0.01196289,24.0,24.0,68.0
2026-02-27,ibm_fez,14,231.012,63.9575,0.00026538,0.00026538,0.00241167,0.0078125,24.0,24.0,68.0
2026-02-27,ibm_fez,15,351.697,189.0948,0.00022391,0.00022391,,0.02172852,24.0,24.0,
2026-02-27,ibm_fez,16,197.054,152.6861,0.00028467,0.00028467,,0.00622559,24.0,24.0,
2026-02-27,ibm_fez,17,208.2071,130.3652,0.00028421,0.00028421,,0.01464844,24.0,24.0,
2026-02-27,ibm_fez,18,70.0912,40.7389,0.00028119,0.00028119,,0.0078125,24.0,24.0,
2026-02-27,ibm_fez,19,175.3633,137.3037,0.00018714,0.00018714,,0.01062012,24.0,24.0,
2026-02-26,ibm_fez,10,184.6566,122.5186,0.00014635,0.00014635,0.01091019,0.0065918,24.0,24.0,68.0
2026-02-26,ibm_fez,11,32.2385,13.5658,0.00210457,0.00210457,0.00981694,0.06347656,24.0,24.0,68.0
2026-02-26,ibm_fez,12,64.4584,61.4321,0.00029412,0.00029412,0.00513708,0.02612305,24.0,24.0,68.0
2026-02-26,ibm_fez,13,334.434,220.4653,0.00026703,0.00026703,0.00200308,0.01635742,24.0,24.0,68.0
2026-02-26,ibm_fez,14,228.6772,63.3649,0.0001862,0.0001862,0.00183787,0.00683594,24.0,24.0,68.0
2026-02-26,ibm_fez,15,351.8589,215.0369,0.00021897,0.00021897,,0.02050781,24.0,24.0,
2026-02-26,ibm_fez,16,142.7515,114.7661,0.00037927,0.00037927,,0.01489258,24.0,24.0,
2026-02-26,ibm_fez,17,156.489,128.0703,0.00025073,0.00025073,,0.01635742,24.0,24.0,
2026-02-26,ibm_fez,18,91.3221,62.2138,0.00027138,0.00027138,,0.00830078,24.0,24.0,
2026-02-26,ibm_fez,19,171.1206,157.2773,0.00045932,0.00045932,,0.00952148,24.0,24.0,
2026-02-25,ibm_fez,10,191.0826,149.2434,0.00014635,0.00014635,0.01002644,0.0078125,24.0,24.0,68.0
2026-02-25,ibm_fez,11,32.2385,11.8631,0.00210457,0.00210457,0.0085944,0.06469727,24.0,24.0,68.0
2026-02-25,ibm_fez,12,64.4584,61.4321,0.00029412,0.00029412,0.00666464,0.02758789,24.0,24.0,68.0
2026-02-25,ibm_fez,13,230.5324,174.8477,0.00026703,0.00026703,0.0021633,0.01293945,24.0,24.0,68.0
2026-02-25,ibm_fez,14,210.1529,59.8055,0.0001862,0.0001862,0.00169623,0.00366211,24.0,24.0,68.0
2026-02-25,ibm_fez,15,345.1135,208.0783,0.00021897,0.00021897,,0.01806641,24.0,24.0,
2026-02-25,ibm_fez,16,88.0743,78.7759,0.00037927,0.00037927,,0.00512695,24.0,24.0,
2026-02-25,ibm_fez,17,155.2708,137.6386,0.00025073,0.00025073,,0.01147461,24.0,24.0,
2026-02-25,ibm_fez,18,117.8944,72.8781,0.00027138,0.00027138,,0.01416016,24.0,24.0,
2026-02-25,ibm_fez,19,167.3277,150.7411,0.00045932,0.00045932,,0.01171875,24.0,24.0,
2026-02-24,ibm_fez,10,161.8657,102.5458,0.00021673,0.00021673,0.01002644,0.0090332,24.0,24.0,68.0
2026-02-24,ibm_fez,11,32.2385,34.0856,0.00202697,0.00202697,0.0085944,0.03442383,24.0,24.0,68.0
2026-02-24,ibm_fez,12,73.8072,72.9036,0.00047438,0.00047438,0.00666464,0.02099609,24.0,24.0,68.0
2026-02-24,ibm_fez,13,89.6791,76.4244,0.00023423,0.00023423,0.0021633,0.02111816,24.0,24.0,68.0
2026-02-24,ibm_fez,14,253.1737,62.0783,0.00012832,0.00012832,0.00169623,0.0065918,24.0,24.0,68.0
2026-02-24,ibm_fez,15,264.4733,176.0549,0.0001363,0.0001363,,0.04187012,24.0,24.0,
2026-02-24,ibm_fez,16,150.0138,122.4468,0.00024125,0.00024125,,0.00585938,24.0,24.0,
2026-02-24,ibm_fez,17,184.8882,135.9599,0.0002473,0.0002473,,0.01696777,24.0,24.0,
2026-02-24,ibm_fez,18,79.8024,55.9457,0.00037322,0.00037322,,0.00891113,24.0,24.0,
2026-02-24,ibm_fez,19,131.1448,101.3238,0.00035087,0.00035087,,0.00891113,24.0,24.0,
2026-02-23,ibm_fez,10,180.7188,127.6953,0.00027203,0.00027203,0.01113942,0.00695801,24.0,24.0,68.0
2026-02-23,ibm_fez,11,32.2385,12.6797,0.00201653,0.00201653,0.00792809,0.03100586,24.0,24.0,68.0
2026-02-23,ibm_fez,12,65.8073,77.2693,0.00044935,0.00044935,0.00469691,0.02099609,24.0,24.0,68.0
2026-02-23,ibm_fez,13,221.8203,126.6514,0.00032531,0.00032531,0.00165502,0.01318359,24.0,24.0,68.0
2026-02-23,ibm_fez,14,230.1896,65.758,0.00024358,0.00024358,0.00190741,0.00634766,24.0,24.0,68.0
2026-02-23,ibm_fez,15,172.8052,118.4756,0.00012138,0.00012138,,0.01940918,24.0,24.0,
2026-02-23,ibm_fez,16,135.6272,102.3583,0.0001834,0.0001834,,0.00610352,24.0,24.0,
2026-02-23,ibm_fez,17,136.789,116.5155,0.00018356,0.00018356,,0.0135498,24.0,24.0,
2026-02-23,ibm_fez,18,108.8055,63.8536,0.00035051,0.00035051,,0.00671387,24.0,24.0,
2026-02-23,ibm_fez,19,206.6211,160.2886,0.00057738,0.00057738,,0.00830078,24.0,24.0,
2026-02-22,ibm_fez,10,209.2676,133.2439,0.00020345,0.00020345,0.00938883,0.00854492,24.0,24.0,68.0
2026-02-22,ibm_fez,11,32.2385,10.6494,0.00218557,0.00218557,0.00780059,0.03186035,24.0,24.0,68.0
2026-02-22,ibm_fez,12,58.5454,66.1396,0.0002967,0.0002967,0.00458153,0.0234375,24.0,24.0,68.0
2026-02-22,ibm_fez,13,275.3349,182.4615,0.00029434,0.00029434,0.00162306,0.01135254,24.0,24.0,68.0
2026-02-22,ibm_fez,14,168.7612,56.2425,0.0002939,0.0002939,0.00216042,0.00756836,24.0,24.0,68.0
2026-02-22,ibm_fez,15,303.0566,162.225,0.00020696,0.00020696,,0.01843262,24.0,24.0,
2026-02-22,ibm_fez,16,123.7702,123.7255,0.00024183,0.00024183,,0.00622559,24.0,24.0,
2026-02-22,ibm_fez,17,109.1061,98.3343,0.00037796,0.00037796,,0.01965332,24.0,24.0,
2026-02-22,ibm_fez,18,79.4708,59.0303,0.00045828,0.00045828,,0.00476074,24.0,24.0,
2026-02-22,ibm_fez,19,195.0075,201.4369,0.00032209,0.00032209,,0.00927734,24.0,24.0,
2026-02-21,ibm_fez,10,170.8255,134.1634,0.00018537,0.00018537,0.01028474,0.00671387,24.0,24.0,68.0
2026-02-21,ibm_fez,11,32.2385,13.3209,0.00193185,0.00193185,0.00868352,0.05273438,24.0,24.0,68.0
2026-02-21,ibm_fez,12,70.1389,71.9911,0.00041876,0.00041876,0.00543595,0.02160645,24.0,24.0,68.0
2026-02-21,ibm_fez,13,266.0985,184.8188,0.00057428,0.00057428,0.00180113,0.01489258,24.0,24.0,68.0
2026-02-21,ibm_fez,14,229.0635,64.5385,0.00016673,0.00016673,0.00192409,0.00585938,24.0,24.0,68.0
2026-02-21,ibm_fez,15,291.0925,214.156,0.00011428,0.00011428,,0.01916504,24.0,24.0,
2026-02-21,ibm_fez,16,142.774,90.5402,0.00030751,0.00030751,,0.00646973,24.0,24.0,
2026-02-21,ibm_fez,17,169.9214,112.529,0.00020962,0.00020962,,0.01330566,24.0,24.0,
2026-02-21,ibm_fez,18,104.7617,68.0825,0.0004109,0.0004109,,0.01147461,24.0,24.0,
2026-02-21,ibm_fez,19,151.0843,158.0223,0.00051179,0.00051179,,0.01904297,24.0,24.0,
2026-02-20,ibm_fez,10,61.9126,69.4248,0.00038058,0.00038058,0.00990064,0.01159668,24.0,24.0,68.0
2026-02-20,ibm_fez,11,32.2385,10.2646,0.00210038,0.00210038,0.00890997,0.03430176,24.0,24.0,68.0
2026-02-20,ibm_fez,12,72.023,77.2,0.00028301,0.00028301,0.00489263,0.02514648,24.0,24.0,68.0
2026-02-20,ibm_fez,13,348.3339,175.8434,0.00028517,0.00028517,0.00330674,0.01733398,24.0,24.0,68.0
2026-02-20,ibm_fez,14,212.088,68.2694,0.00022414,0.00022414,0.00316004,0.00769043,24.0,24.0,68.0
2026-02-20,ibm_fez,15,354.1272,201.4419,0.00015447,0.00015447,,0.0234375,24.0,24.0,
2026-02-20,ibm_fez,16,84.9391,50.5747,0.00032363,0.00032363,,0.00561523,24.0,24.0,
2026-02-20,ibm_fez,17,117.8631,92.7268,0.00019098,0.00019098,,0.01794434,24.0,24.0,
2026-02-20,ibm_fez,18,103.5748,61.8086,0.00034614,0.00034614,,0.00634766,24.0,24.0,
2026-02-20,ibm_fez,19,226.1975,182.3491,0.00080312,0.00080312,,0.00732422,24.0,24.0,
2026-02-19,ibm_fez,10,213.0653,121.6225,0.00038058,0.00038058,0.00860155,0.0090332,24.0,24.0,68.0
2026-02-19,ibm_fez,11,32.2385,17.0839,0.00210038,0.00210038,0.00596233,0.03259277,24.0,24.0,68.0
2026-02-19,ibm_fez,12,78.8435,79.7523,0.00028301,0.00028301,0.00438481,0.01879883,24.0,24.0,68.0
2026-02-19,ibm_fez,13,277.7125,182.6009,0.00028517,0.00028517,0.00220791,0.01660156,24.0,24.0,68.0
2026-02-19,ibm_fez,14,134.6231,57.1958,0.00022414,0.00022414,0.0025315,0.00634766,24.0,24.0,68.0
2026-02-19,ibm_fez,15,411.1052,160.2943,0.00015447,0.00015447,,0.1105957,24.0,24.0,
2026-02-19,ibm_fez,16,84.9391,91.3883,0.00032363,0.00032363,,0.00646973,24.0,24.0,
2026-02-19,ibm_fez,17,196.0662,162.8858,0.00019098,0.00019098,,0.02111816,24.0,24.0,
2026-02-19,ibm_fez,18,126.5128,67.027,0.00034614,0.00034614,,0.00866699,24.0,24.0,
2026-02-19,ibm_fez,19,178.4655,163.9577,0.00080312,0.00080312,,0.01025391,24.0,24.0,
2026-02-18,ibm_fez,10,197.5766,112.2146,0.00021471,0.00021471,0.01054363,0.01269531,24.0,24.0,68.0
2026-02-18,ibm_fez,11,32.2276,12.8079,0.00253112,0.00253112,0.0084039,0.03125,24.0,24.0,68.0
2026-02-18,ibm_fez,12,67.8929,62.5339,0.00035109,0.00035109,0.00423733,0.02062988,24.0,24.0,68.0
2026-02-18,ibm_fez,13,276.5447,149.0241,0.0002581,0.0002581,0.00185951,0.01940918,24.0,24.0,68.0
2026-02-18,ibm_fez,14,263.1372,65.9965,0.00025904,0.00025904,0.00194023,0.00756836,24.0,24.0,68.0
2026-02-18,ibm_fez,15,337.31,162.9269,0.0001392,0.0001392,,0.02087402,24.0,24.0,
2026-02-18,ibm_fez,16,227.4425,163.1995,0.00027822,0.00027822,,0.00622559,24.0,24.0,
2026-02-18,ibm_fez,17,127.4561,115.0875,0.00022602,0.00022602,,0.01708984,24.0,24.0,
2026-02-18,ibm_fez,18,107.5991,55.8103,0.00033473,0.00033473,,0.00683594,24.0,24.0,
2026-02-18,ibm_fez,19,199.9295,196.5105,0.00047017,0.00047017,,0.0090332,24.0,24.0,
2026-02-17,ibm_fez,10,197.5766,112.2146,0.00021471,0.00021471,0.01054363,0.00671387,24.0,24.0,68.0
2026-02-17,ibm_fez,11,32.2276,12.8079,0.00253112,0.00253112,0.0084039,0.04968262,24.0,24.0,68.0
2026-02-17,ibm_fez,12,67.8929,62.5339,0.00035109,0.00035109,0.00423733,0.01953125,24.0,24.0,68.0
2026-02-17,ibm_fez,13,276.5447,149.0241,0.0002581,0.0002581,0.00185951,0.01281738,24.0,24.0,68.0
2026-02-17,ibm_fez,14,263.1372,65.9965,0.00025904,0.00025904,0.00194023,0.00976562,24.0,24.0,68.0
2026-02-17,ibm_fez,15,337.31,162.9269,0.0001392,0.0001392,,0.01855469,24.0,24.0,
2026-02-17,ibm_fez,16,227.4425,163.1995,0.00027822,0.00027822,,0.00646973,24.0,24.0,
2026-02-17,ibm_fez,17,127.4561,115.0875,0.00022602,0.00022602,,0.01428223,24.0,24.0,
2026-02-17,ibm_fez,18,107.5991,55.8103,0.00033473,0.00033473,,0.00769043,24.0,24.0,
2026-02-17,ibm_fez,19,199.9295,196.5105,0.00047017,0.00047017,,0.00964355,24.0,24.0,
2026-02-16,ibm_fez,10,164.7584,114.136,0.00030376,0.00030376,0.0115603,0.01293945,24.0,24.0,68.0
2026-02-16,ibm_fez,11,53.5904,21.5465,0.00213984,0.00213984,0.00907748,0.03161621,24.0,24.0,68.0
2026-02-16,ibm_fez,12,62.8592,55.1733,0.00039056,0.00039056,0.00597207,0.0234375,24.0,24.0,68.0
2026-02-16,ibm_fez,13,390.8391,221.6952,0.00056279,0.00056279,0.00148264,0.01623535,24.0,24.0,68.0
2026-02-16,ibm_fez,14,246.4311,65.5523,0.00012727,0.00012727,0.00297741,0.00646973,24.0,24.0,68.0
2026-02-16,ibm_fez,15,269.6043,171.1924,0.00021497,0.00021497,,0.02294922,24.0,24.0,
2026-02-16,ibm_fez,16,147.6294,121.6057,0.00021077,0.00021077,,0.00793457,24.0,24.0,
2026-02-16,ibm_fez,17,129.4302,101.6133,0.00018262,0.00018262,,0.01489258,24.0,24.0,
2026-02-16,ibm_fez,18,100.0218,55.5432,0.00028315,0.00028315,,0.00769043,24.0,24.0,
2026-02-16,ibm_fez,19,239.022,202.172,0.00048361,0.00048361,,0.00695801,24.0,24.0,
2026-02-15,ibm_fez,10,189.419,106.6231,0.00035996,0.00035996,0.00950532,0.00622559,24.0,24.0,68.0
2026-02-15,ibm_fez,11,53.5904,16.4951,0.00202399,0.00202399,0.00813874,0.04736328,24.0,24.0,68.0
2026-02-15,ibm_fez,12,60.8191,72.4346,0.00022151,0.00022151,0.00372223,0.02441406,24.0,24.0,68.0
2026-02-15,ibm_fez,13,212.2325,147.3899,0.00019898,0.00019898,0.00217344,0.01647949,24.0,24.0,68.0
2026-02-15,ibm_fez,14,260.9767,69.2447,0.00023227,0.00023227,0.00729569,0.00769043,24.0,24.0,68.0
2026-02-15,ibm_fez,15,318.1869,212.5638,0.0007157,0.0007157,,0.01831055,24.0,24.0,
2026-02-15,ibm_fez,16,141.9629,111.4792,0.0002852,0.0002852,,0.00341797,24.0,24.0,
2026-02-15,ibm_fez,17,169.7016,137.118,0.00018266,0.00018266,,0.01245117,24.0,24.0,
2026-02-15,ibm_fez,18,117.9512,62.248,0.00058415,0.00058415,,0.00524902,24.0,24.0,
2026-02-15,ibm_fez,19,186.8618,170.5366,0.00277431,0.00277431,,0.00671387,24.0,24.0,
2026-02-14,ibm_fez,10,165.0725,93.0557,0.00025101,0.00025101,0.00982458,0.00683594,24.0,24.0,68.0
2026-02-14,ibm_fez,11,53.5904,17.4639,0.00200292,0.00200292,0.00829608,0.08300781,24.0,24.0,68.0
2026-02-14,ibm_fez,12,51.8701,59.8214,0.00040238,0.00040238,0.00591324,0.02355957,24.0,24.0,68.0
2026-02-14,ibm_fez,13,352.0149,205.7282,0.00032714,0.00032714,0.00229934,0.0345459,24.0,24.0,68.0
2026-02-14,ibm_fez,14,171.475,77.3735,0.00033049,0.00033049,0.00922422,0.00524902,24.0,24.0,68.0
2026-02-14,ibm_fez,15,371.0841,209.487,0.00048492,0.00048492,,0.01904297,24.0,24.0,
2026-02-14,ibm_fez,16,232.9518,154.2155,0.00045213,0.00045213,,0.12438965,24.0,24.0,
2026-02-14,ibm_fez,17,130.428,121.3437,0.00025311,0.00025311,,0.01538086,24.0,24.0,
2026-02-14,ibm_fez,18,121.4684,75.6286,0.00045735,0.00045735,,0.0065918,24.0,24.0,
2026-02-14,ibm_fez,19,209.6757,176.5731,0.0002704,0.0002704,,0.01049805,24.0,24.0,
2026-02-13,ibm_fez,10,189.1044,116.1951,0.00027081,0.00027081,0.0060491,0.00915527,24.0,24.0,68.0
2026-02-13,ibm_fez,11,53.5904,37.068,0.00136422,0.00136422,0.0049918,0.02856445,24.0,24.0,68.0
2026-02-13,ibm_fez,12,70.7,76.6158,0.00028485,0.00028485,0.00485294,0.0234375,24.0,24.0,68.0
2026-02-13,ibm_fez,13,290.3589,197.46,0.00025136,0.00025136,0.00152632,0.01745605,24.0,24.0,68.0
2026-02-13,ibm_fez,14,127.3534,51.1646,0.00019497,0.00019497,0.01675984,0.00891113,24.0,24.0,68.0
2026-02-13,ibm_fez,15,273.798,80.1111,0.00048492,0.00048492,,0.0177002,24.0,24.0,
2026-02-13,ibm_fez,16,224.4516,144.5003,0.00031339,0.00031339,,0.00463867,24.0,24.0,
2026-02-13,ibm_fez,17,121.1681,112.3229,0.00022282,0.00022282,,0.01855469,24.0,24.0,
2026-02-13,ibm_fez,18,80.5929,43.5235,0.00036957,0.00036957,,0.00683594,24.0,24.0,
2026-02-13,ibm_fez,19,210.0304,163.9454,0.00069301,0.00069301,,0.00744629,24.0,24.0,
2026-02-12,ibm_fez,10,151.6314,101.2603,0.00020479,0.00020479,0.0088135,0.00561523,24.0,24.0,68.0
2026-02-12,ibm_fez,11,149.1162,11.4659,0.00221015,0.00221015,0.00811879,0.08349609,24.0,24.0,68.0
2026-02-12,ibm_fez,12,60.7029,64.64,0.00044184,0.00044184,0.00366276,0.02185059,24.0,24.0,68.0
2026-02-12,ibm_fez,13,278.44,174.2878,0.00038215,0.00038215,0.0014347,0.01953125,24.0,24.0,68.0
2026-02-12,ibm_fez,14,192.4992,73.9675,0.00025954,0.00025954,0.00236887,0.00671387,24.0,24.0,68.0
2026-02-12,ibm_fez,15,273.798,188.3373,0.00019364,0.00019364,,0.02001953,24.0,24.0,
2026-02-12,ibm_fez,16,253.9145,156.4897,0.00023438,0.00023438,,0.00512695,24.0,24.0,
2026-02-12,ibm_fez,17,194.4725,135.8343,0.0001603,0.0001603,,0.01928711,24.0,24.0,
2026-02-12,ibm_fez,18,66.5683,44.0237,0.00051433,0.00051433,,0.00927734,24.0,24.0,
2026-02-12,ibm_fez,19,132.0223,108.2684,0.00068322,0.00068322,,0.01074219,24.0,24.0,
2026-02-11,ibm_fez,10,119.2621,86.3601,0.00018926,0.00018926,0.0081468,0.0045166,24.0,24.0,68.0
2026-02-11,ibm_fez,11,149.1162,35.3824,0.00169057,0.00169057,0.00492188,0.09057617,24.0,24.0,68.0
2026-02-11,ibm_fez,12,50.8939,56.6132,0.00046101,0.00046101,0.00370077,0.02111816,24.0,24.0,68.0
2026-02-11,ibm_fez,13,312.8779,176.6081,0.00022161,0.00022161,0.0014347,0.01721191,24.0,24.0,68.0
2026-02-11,ibm_fez,14,247.2551,74.9041,0.00029333,0.00029333,0.0015724,0.00927734,24.0,24.0,68.0
2026-02-11,ibm_fez,15,221.5724,131.1519,0.00017875,0.00017875,,0.02050781,24.0,24.0,
2026-02-11,ibm_fez,16,200.1419,145.7342,0.00035934,0.00035934,,0.00524902,24.0,24.0,
2026-02-11,ibm_fez,17,156.5786,117.1781,0.00025569,0.00025569,,0.01464844,24.0,24.0,
2026-02-11,ibm_fez,18,88.8004,46.8596,0.00034075,0.00034075,,0.00915527,24.0,24.0,
2026-02-11,ibm_fez,19,156.5524,130.4858,0.00043085,0.00043085,,0.00646973,24.0,24.0,
2026-02-10,ibm_fez,10,223.4485,123.6402,0.00023638,0.00023638,0.00591652,0.00830078,24.0,24.0,68.0
2026-02-10,ibm_fez,11,149.1162,69.9015,0.00154385,0.00154385,0.00445864,0.02880859,24.0,24.0,68.0
2026-02-10,ibm_fez,12,46.6157,49.2138,0.00040707,0.00040707,0.00437443,0.02697754,24.0,24.0,68.0
2026-02-10,ibm_fez,13,163.1427,128.3594,0.00036091,0.00036091,0.00184297,0.01245117,24.0,24.0,68.0
2026-02-10,ibm_fez,14,261.0301,80.8119,0.00023665,0.00023665,0.00215279,0.00854492,24.0,24.0,68.0
2026-02-10,ibm_fez,15,298.4188,186.9713,0.00012646,0.00012646,,0.0177002,24.0,24.0,
2026-02-10,ibm_fez,16,212.4015,138.7428,0.00025212,0.00025212,,0.00561523,24.0,24.0,
2026-02-10,ibm_fez,17,168.357,128.2703,0.00016322,0.00016322,,0.02124023,24.0,24.0,
2026-02-10,ibm_fez,18,51.6814,37.5963,0.00052937,0.00052937,,0.00878906,24.0,24.0,
2026-02-10,ibm_fez,19,122.459,114.084,0.00043085,0.00043085,,0.01135254,24.0,24.0,
2026-02-09,ibm_fez,10,223.4485,123.6402,0.00023638,0.00023638,0.00591652,0.00708008,24.0,24.0,68.0
2026-02-09,ibm_fez,11,149.1162,69.9015,0.00154385,0.00154385,0.00445864,0.08105469,24.0,24.0,68.0
2026-02-09,ibm_fez,12,46.6157,49.2138,0.00040707,0.00040707,0.00437443,0.01904297,24.0,24.0,68.0
2026-02-09,ibm_fez,13,163.1427,128.3594,0.00036091,0.00036091,0.00184297,0.01501465,24.0,24.0,68.0
2026-02-09,ibm_fez,14,261.0301,80.8119,0.00023665,0.00023665,0.00215279,0.00646973,24.0,24.0,68.0
2026-02-09,ibm_fez,15,298.4188,186.9713,0.00012646,0.00012646,,0.01904297,24.0,24.0,
2026-02-09,ibm_fez,16,212.4015,138.7428,0.00025212,0.00025212,,0.00537109,24.0,24.0,
2026-02-09,ibm_fez,17,168.357,128.2703,0.00016322,0.00016322,,0.015625,24.0,24.0,
2026-02-09,ibm_fez,18,51.6814,37.5963,0.00052937,0.00052937,,0.00817871,24.0,24.0,
2026-02-09,ibm_fez,19,122.459,114.084,0.00043085,0.00043085,,0.00927734,24.0,24.0,
2026-02-08,ibm_fez,10,218.2498,121.5966,0.00016624,0.00016624,0.01023938,0.00817871,24.0,24.0,68.0
2026-02-08,ibm_fez,11,83.4792,22.0576,0.00199091,0.00199091,0.00761976,0.04272461,24.0,24.0,68.0
2026-02-08,ibm_fez,12,78.2695,81.4812,0.00042456,0.00042456,0.00408941,0.01928711,24.0,24.0,68.0
2026-02-08,ibm_fez,13,248.5542,171.4022,0.00030754,0.00030754,0.00229681,0.01818848,24.0,24.0,68.0
2026-02-08,ibm_fez,14,193.4167,64.7337,0.00017463,0.00017463,0.00199391,0.00463867,24.0,24.0,68.0
2026-02-08,ibm_fez,15,238.4636,194.4813,0.0001436,0.0001436,,0.0213623,24.0,24.0,
2026-02-08,ibm_fez,16,221.9271,160.0415,0.00024531,0.00024531,,0.00366211,24.0,24.0,
2026-02-08,ibm_fez,17,144.303,123.2536,0.00019703,0.00019703,,0.01477051,24.0,24.0,
2026-02-08,ibm_fez,18,83.9617,53.7158,0.00050232,0.00050232,,0.00939941,24.0,24.0,
2026-02-08,ibm_fez,19,214.3869,181.1098,0.00059054,0.00059054,,0.00732422,24.0,24.0,
2026-02-07,ibm_fez,10,229.5165,123.8572,0.00013071,0.00013071,0.00863261,0.01245117,24.0,24.0,68.0
2026-02-07,ibm_fez,11,107.6813,15.7727,0.00217627,0.00217627,0.00826667,0.04711914,24.0,24.0,68.0
2026-02-07,ibm_fez,12,74.7992,74.4274,0.00030449,0.00030449,0.00477856,0.01879883,24.0,24.0,68.0
2026-02-07,ibm_fez,13,235.4386,133.3698,0.00048199,0.00048199,0.0019888,0.01794434,24.0,24.0,68.0
2026-02-07,ibm_fez,14,200.323,71.5909,0.00020521,0.00020521,0.00187919,0.00756836,24.0,24.0,68.0
2026-02-07,ibm_fez,15,254.075,119.2433,0.00019503,0.00019503,,0.0201416,24.0,24.0,
2026-02-07,ibm_fez,16,119.3295,111.7829,0.00025499,0.00025499,,0.00708008,24.0,24.0,
2026-02-07,ibm_fez,17,141.7443,114.3811,0.00025378,0.00025378,,0.01501465,24.0,24.0,
2026-02-07,ibm_fez,18,62.6601,44.1063,0.00041055,0.00041055,,0.00817871,24.0,24.0,
2026-02-07,ibm_fez,19,222.5107,198.1631,0.00055321,0.00055321,,0.00939941,24.0,24.0,
2026-02-06,ibm_fez,10,99.1404,98.572,0.00020631,0.00020631,0.0089763,0.01025391,24.0,24.0,68.0
2026-02-06,ibm_fez,11,107.6813,12.0796,0.00139861,0.00139861,0.00836198,0.03747559,24.0,24.0,68.0
2026-02-06,ibm_fez,12,66.6552,69.5797,0.00040579,0.00040579,0.00408576,0.02160645,24.0,24.0,68.0
2026-02-06,ibm_fez,13,220.2688,145.1144,0.00040294,0.00040294,0.00179687,0.01745605,24.0,24.0,68.0
2026-02-06,ibm_fez,14,216.011,62.4524,0.00031326,0.00031326,0.00178903,0.00769043,24.0,24.0,68.0
2026-02-06,ibm_fez,15,347.1868,201.8895,0.00019503,0.00019503,,0.01586914,24.0,24.0,
2026-02-06,ibm_fez,16,176.082,129.2956,0.00022542,0.00022542,,0.00512695,24.0,24.0,
2026-02-06,ibm_fez,17,107.8347,88.2162,0.00020558,0.00020558,,0.01611328,24.0,24.0,
2026-02-06,ibm_fez,18,94.1468,54.7607,0.00035006,0.00035006,,0.00830078,24.0,24.0,
2026-02-06,ibm_fez,19,118.2129,139.967,0.00097752,0.00097752,,0.00817871,24.0,24.0,
2026-02-05,ibm_fez,10,205.0244,125.7326,0.00014971,0.00014971,0.01024914,0.00854492,24.0,24.0,68.0
2026-02-05,ibm_fez,11,107.6813,24.584,0.00215796,0.00215796,0.00967691,0.03222656,24.0,24.0,68.0
2026-02-05,ibm_fez,12,72.5592,72.6699,0.00042509,0.00042509,0.00612882,0.02185059,24.0,24.0,68.0
2026-02-05,ibm_fez,13,272.0425,196.0193,0.00026384,0.00026384,0.00226246,0.01428223,24.0,24.0,68.0
2026-02-05,ibm_fez,14,248.3627,78.2024,0.00018041,0.00018041,0.00228893,0.01147461,24.0,24.0,68.0
2026-02-05,ibm_fez,15,344.9819,197.8215,0.00023805,0.00023805,,0.01733398,24.0,24.0,
2026-02-05,ibm_fez,16,177.5027,136.2978,0.00030473,0.00030473,,0.00476074,24.0,24.0,
2026-02-05,ibm_fez,17,159.1872,127.1416,0.0002385,0.0002385,,0.01782227,24.0,24.0,
2026-02-05,ibm_fez,18,66.1099,44.8907,0.00058912,0.00058912,,0.00756836,24.0,24.0,
2026-02-05,ibm_fez,19,171.981,159.7556,0.00046576,0.00046576,,0.01464844,24.0,24.0,
2026-02-04,ibm_fez,10,98.0894,81.2523,0.00015416,0.00015416,0.01134991,0.00622559,24.0,24.0,68.0
2026-02-04,ibm_fez,11,147.5558,11.4253,0.00245717,0.00245717,0.00926313,0.06347656,24.0,24.0,68.0
2026-02-04,ibm_fez,12,51.8232,60.8033,0.00058504,0.00058504,0.00609147,0.01928711,24.0,24.0,68.0
2026-02-04,ibm_fez,13,316.8664,202.9227,0.00028423,0.00028423,0.0015914,0.01525879,24.0,24.0,68.0
2026-02-04,ibm_fez,14,235.4927,66.3096,0.00018041,0.00018041,0.00195283,0.01904297,24.0,24.0,68.0
2026-02-04,ibm_fez,15,220.7485,134.3606,0.00024741,0.00024741,,0.02294922,24.0,24.0,
2026-02-04,ibm_fez,16,84.67,96.1836,0.00027765,0.00027765,,0.00598145,24.0,24.0,
2026-02-04,ibm_fez,17,130.8385,113.2862,0.00026402,0.00026402,,0.01721191,24.0,24.0,
2026-02-04,ibm_fez,18,84.8801,50.3138,0.00058912,0.00058912,,0.01013184,24.0,24.0,
2026-02-04,ibm_fez,19,222.7695,189.4227,0.00044943,0.00044943,,0.01074219,24.0,24.0,
2026-02-03,ibm_fez,10,97.3163,87.5882,0.00024303,0.00024303,0.00571596,0.00549316,24.0,24.0,68.0
2026-02-03,ibm_fez,11,147.5558,74.7904,0.00129785,0.00129785,0.00722083,0.0802002,24.0,24.0,68.0
2026-02-03,ibm_fez,12,62.7851,58.5198,0.00068307,0.00068307,0.00771035,0.02087402,24.0,24.0,68.0
2026-02-03,ibm_fez,13,207.217,143.795,0.00047781,0.00047781,0.00193418,0.01342773,24.0,24.0,68.0
2026-02-03,ibm_fez,14,216.303,70.0764,0.00038774,0.00038774,0.0019636,0.00817871,24.0,24.0,68.0
2026-02-03,ibm_fez,15,269.8808,155.0959,0.00017801,0.00017801,,0.01989746,24.0,24.0,
2026-02-03,ibm_fez,16,173.5773,133.8655,0.00019188,0.00019188,,0.00610352,24.0,24.0,
2026-02-03,ibm_fez,17,120.598,97.1382,0.00022474,0.00022474,,0.01843262,24.0,24.0,
2026-02-03,ibm_fez,18,70.5658,47.6676,0.00079774,0.00079774,,0.00671387,24.0,24.0,
2026-02-03,ibm_fez,19,99.7228,106.5949,0.00044943,0.00044943,,0.01147461,24.0,24.0,
2026-02-02,ibm_fez,10,97.3163,87.5882,0.00024303,0.00024303,0.00763806,0.0078125,24.0,24.0,68.0
2026-02-02,ibm_fez,11,147.5558,74.7904,0.00129785,0.00129785,0.006359,0.08813477,24.0,24.0,68.0
2026-02-02,ibm_fez,12,62.7851,58.5198,0.00068307,0.00068307,0.00520131,0.03076172,24.0,24.0,68.0
2026-02-02,ibm_fez,13,207.217,143.795,0.00047781,0.00047781,0.00157339,0.01708984,24.0,24.0,68.0
2026-02-02,ibm_fez,14,216.303,70.0764,0.00038774,0.00038774,0.00215204,0.00952148,24.0,24.0,68.0
2026-02-02,ibm_fez,15,269.8808,155.0959,0.00017801,0.00017801,,0.02050781,24.0,24.0,
2026-02-02,ibm_fez,16,173.5773,133.8655,0.00019188,0.00019188,,0.00366211,24.0,24.0,
2026-02-02,ibm_fez,17,120.598,97.1382,0.00022474,0.00022474,,0.01318359,24.0,24.0,
2026-02-02,ibm_fez,18,70.5658,47.6676,0.00079774,0.00079774,,0.00830078,24.0,24.0,
2026-02-02,ibm_fez,19,99.7228,106.5949,0.00044943,0.00044943,,0.00732422,24.0,24.0,
2026-02-01,ibm_fez,10,211.7622,116.5649,0.0001656,0.0001656,0.00825039,0.00732422,24.0,24.0,68.0
2026-02-01,ibm_fez,11,106.309,20.9582,0.00218146,0.00218146,0.00875206,0.04089355,24.0,24.0,68.0
2026-02-01,ibm_fez,12,76.7059,71.5355,0.00030888,0.00030888,0.00412324,0.02185059,24.0,24.0,68.0
2026-02-01,ibm_fez,13,325.9141,206.166,0.00048377,0.00048377,0.00178834,0.01708984,24.0,24.0,68.0
2026-02-01,ibm_fez,14,236.0588,65.0069,0.00032587,0.00032587,0.00166367,0.00634766,24.0,24.0,68.0
2026-02-01,ibm_fez,15,373.7832,220.6837,0.00016958,0.00016958,,0.02124023,24.0,24.0,
2026-02-01,ibm_fez,16,172.4647,136.2556,0.00029813,0.00029813,,0.00500488,24.0,24.0,
2026-02-01,ibm_fez,17,145.8186,127.2639,0.00021047,0.00021047,,0.0177002,24.0,24.0,
2026-02-01,ibm_fez,18,72.9851,54.4247,0.0004779,0.0004779,,0.00805664,24.0,24.0,
2026-02-01,ibm_fez,19,218.0214,181.3356,0.0005712,0.0005712,,0.01367188,24.0,24.0,
2026-01-31,ibm_fez,10,89.9163,60.9084,0.00046989,0.00046989,0.00759138,0.0078125,24.0,24.0,68.0
2026-01-31,ibm_fez,11,106.309,26.1623,0.00160094,0.00160094,0.00556092,0.04614258,24.0,24.0,68.0
2026-01-31,ibm_fez,12,79.4478,81.0005,0.00041464,0.00041464,0.00412324,0.0189209,24.0,24.0,68.0
2026-01-31,ibm_fez,13,134.1997,122.2922,0.00024955,0.00024955,0.00177818,0.01513672,24.0,24.0,68.0
2026-01-31,ibm_fez,14,168.0973,5.9574,0.00034478,0.00034478,0.00221139,0.00598145,24.0,24.0,68.0
2026-01-31,ibm_fez,15,312.3026,175.2828,0.00019109,0.00019109,,0.01928711,24.0,24.0,
2026-01-31,ibm_fez,16,151.0425,117.758,0.00033548,0.00033548,,0.0057373,24.0,24.0,
2026-01-31,ibm_fez,17,136.1448,112.8732,0.00024622,0.00024622,,0.01538086,24.0,24.0,
2026-01-31,ibm_fez,18,66.3909,42.8403,0.00046966,0.00046966,,0.00952148,24.0,24.0,
2026-01-31,ibm_fez,19,122.4309,124.652,0.00049211,0.00049211,,0.01269531,24.0,24.0,
2026-01-30,ibm_fez,10,201.1121,112.7769,0.00017294,0.00017294,0.00929472,0.00793457,24.0,24.0,68.0
2026-01-30,ibm_fez,11,118.4645,83.6462,0.0010496,0.0010496,0.00697848,0.04431152,24.0,24.0,68.0
2026-01-30,ibm_fez,12,72.078,74.8151,0.00040459,0.00040459,0.00483854,0.0246582,24.0,24.0,68.0
2026-01-30,ibm_fez,13,181.5347,126.6994,0.00035351,0.00035351,0.00183962,0.01513672,24.0,24.0,68.0
2026-01-30,ibm_fez,14,168.0973,63.0366,0.00042504,0.00042504,0.00201759,0.00927734,24.0,24.0,68.0
2026-01-30,ibm_fez,15,414.7916,227.5198,0.00018083,0.00018083,,0.01989746,24.0,24.0,
2026-01-30,ibm_fez,16,107.4963,94.1739,0.00039125,0.00039125,,0.00488281,24.0,24.0,
2026-01-30,ibm_fez,17,138.6334,105.3271,0.0003998,0.0003998,,0.01611328,24.0,24.0,
2026-01-30,ibm_fez,18,77.5332,44.7197,0.00039438,0.00039438,,0.00610352,24.0,24.0,
2026-01-30,ibm_fez,19,169.0579,172.467,0.00040714,0.00040714,,0.00744629,24.0,24.0,
2026-01-29,ibm_fez,10,201.1121,112.7769,0.00017294,0.00017294,0.00929472,0.00878906,24.0,24.0,68.0
2026-01-29,ibm_fez,11,118.4645,83.6462,0.0010496,0.0010496,0.00697848,0.01611328,24.0,24.0,68.0
2026-01-29,ibm_fez,12,72.078,74.8151,0.00040459,0.00040459,0.00483854,0.02246094,24.0,24.0,68.0
2026-01-29,ibm_fez,13,181.5347,126.6994,0.00035351,0.00035351,0.00183962,0.02160645,24.0,24.0,68.0
2026-01-29,ibm_fez,14,168.0973,63.0366,0.00042504,0.00042504,0.00201759,0.00976562,24.0,24.0,68.0
2026-01-29,ibm_fez,15,414.7916,227.5198,0.00018083,0.00018083,,0.02368164,24.0,24.0,
2026-01-29,ibm_fez,16,107.4963,94.1739,0.00039125,0.00039125,,0.00683594,24.0,24.0,
2026-01-29,ibm_fez,17,138.6334,105.3271,0.0003998,0.0003998,,0.01989746,24.0,24.0,
2026-01-29,ibm_fez,18,77.5332,44.7197,0.00039438,0.00039438,,0.01098633,24.0,24.0,
2026-01-29,ibm_fez,19,169.0579,172.467,0.00040714,0.00040714,,0.01049805,24.0,24.0,
2026-01-28,ibm_fez,10,194.9997,118.2575,0.00024061,0.00024061,0.00909964,0.00939941,24.0,24.0,68.0
2026-01-28,ibm_fez,11,134.4867,90.7788,0.00104447,0.00104447,0.00610391,0.07580566,24.0,24.0,68.0
2026-01-28,ibm_fez,12,70.282,69.5802,0.00033744,0.00033744,0.00461926,0.02526855,24.0,24.0,68.0
2026-01-28,ibm_fez,13,342.5279,200.5358,0.0001469,0.0001469,0.00186441,0.01599121,24.0,24.0,68.0
2026-01-28,ibm_fez,14,166.0901,58.3545,0.00042504,0.00042504,0.00147023,0.00708008,24.0,24.0,68.0
2026-01-28,ibm_fez,15,152.1301,124.6302,0.00017388,0.00017388,,0.01843262,24.0,24.0,
2026-01-28,ibm_fez,16,149.3638,121.2582,0.00033563,0.00033563,,0.0065918,24.0,24.0,
2026-01-28,ibm_fez,17,131.0425,123.9134,0.00034892,0.00034892,,0.01525879,24.0,24.0,
2026-01-28,ibm_fez,18,69.8427,50.4409,0.00040655,0.00040655,,0.00866699,24.0,24.0,
2026-01-28,ibm_fez,19,181.3626,180.2951,0.00051157,0.00051157,,0.01049805,24.0,24.0,
2026-01-27,ibm_fez,10,151.2374,85.85,0.0002401,0.0002401,0.00685105,0.00634766,24.0,24.0,68.0
2026-01-27,ibm_fez,11,134.4867,90.7788,0.00068647,0.00068647,0.00504444,0.02111816,24.0,24.0,68.0
2026-01-27,ibm_fez,12,77.6589,88.0184,0.00032774,0.00032774,0.00435183,0.02453613,24.0,24.0,68.0
2026-01-27,ibm_fez,13,224.6863,167.0008,0.00037246,0.00037246,0.00217949,0.02075195,24.0,24.0,68.0
2026-01-27,ibm_fez,14,241.2069,76.9755,0.00022712,0.00022712,0.00150518,0.00708008,24.0,24.0,68.0
2026-01-27,ibm_fez,15,214.2875,78.1279,0.00018485,0.00018485,,0.02111816,24.0,24.0,
2026-01-27,ibm_fez,16,219.1356,164.3014,0.00066536,0.00066536,,0.00732422,24.0,24.0,
2026-01-27,ibm_fez,17,152.181,112.8684,0.00024223,0.00024223,,0.01525879,24.0,24.0,
2026-01-27,ibm_fez,18,76.9766,46.6915,0.00040655,0.00040655,,0.00427246,24.0,24.0,
2026-01-27,ibm_fez,19,175.6369,155.2599,0.0003872,0.0003872,,0.00891113,24.0,24.0,
2026-01-26,ibm_fez,10,144.9513,105.5879,0.00076338,0.00076338,0.00653178,0.00646973,24.0,24.0,68.0
2026-01-26,ibm_fez,11,72.838,55.174,0.00084623,0.00084623,0.00521614,0.02062988,24.0,24.0,68.0
2026-01-26,ibm_fez,12,73.3963,80.1285,0.00043209,0.00043209,0.00478508,0.0291748,24.0,24.0,68.0
2026-01-26,ibm_fez,13,227.3664,158.2307,0.00017832,0.00017832,0.00186663,0.02319336,24.0,24.0,68.0
2026-01-26,ibm_fez,14,212.6464,71.18,0.00024895,0.00024895,0.0020679,0.0057373,24.0,24.0,68.0
2026-01-26,ibm_fez,15,294.7922,207.7366,0.00013752,0.00013752,,0.0189209,24.0,24.0,
2026-01-26,ibm_fez,16,96.5998,101.4122,0.00026737,0.00026737,,0.0057373,24.0,24.0,
2026-01-26,ibm_fez,17,154.178,134.5822,0.00018372,0.00018372,,0.01672363,24.0,24.0,
2026-01-26,ibm_fez,18,107.8871,59.1804,0.00038035,0.00038035,,0.00683594,24.0,24.0,
2026-01-26,ibm_fez,19,194.0446,165.8868,0.00048815,0.00048815,,0.01074219,24.0,24.0,
2026-01-25,ibm_fez,10,240.2723,130.8601,0.00033212,0.00033212,0.0108491,0.00585938,24.0,24.0,68.0
2026-01-25,ibm_fez,11,54.5199,13.8654,0.00083168,0.00083168,0.00797101,0.01831055,24.0,24.0,68.0
2026-01-25,ibm_fez,12,60.6695,78.6637,0.00037693,0.00037693,0.00548843,0.02514648,24.0,24.0,68.0
2026-01-25,ibm_fez,13,254.6555,192.9447,0.00016085,0.00016085,0.00170334,0.01403809,24.0,24.0,68.0
2026-01-25,ibm_fez,14,257.0351,74.3224,0.00020727,0.00020727,0.00233033,0.00805664,24.0,24.0,68.0
2026-01-25,ibm_fez,15,332.5958,195.2631,0.00018911,0.00018911,,0.01867676,24.0,24.0,
2026-01-25,ibm_fez,16,113.7379,118.1347,0.00032687,0.00032687,,0.00830078,24.0,24.0,
2026-01-25,ibm_fez,17,146.6571,122.8511,0.00021259,0.00021259,,0.01623535,24.0,24.0,
2026-01-25,ibm_fez,18,91.7038,48.6003,0.00034686,0.00034686,,0.00866699,24.0,24.0,
2026-01-25,ibm_fez,19,187.2687,162.2243,0.00041573,0.00041573,,0.00976562,24.0,24.0,
2026-01-24,ibm_fez,10,240.2723,130.8601,0.00043559,0.00043559,0.00623292,0.00561523,24.0,24.0,68.0
2026-01-24,ibm_fez,11,54.5199,13.8654,0.00090368,0.00090368,0.00494966,0.02490234,24.0,24.0,68.0
2026-01-24,ibm_fez,12,60.6695,78.6637,0.00035086,0.00035086,0.00358607,0.02832031,24.0,24.0,68.0
2026-01-24,ibm_fez,13,254.6555,192.9447,0.0005465,0.0005465,0.00193281,0.01000977,24.0,24.0,68.0
2026-01-24,ibm_fez,14,257.0351,74.3224,0.00018717,0.00018717,0.00172348,0.00756836,24.0,24.0,68.0
2026-01-24,ibm_fez,15,332.5958,195.2631,0.00025999,0.00025999,,0.01855469,24.0,24.0,
2026-01-24,ibm_fez,16,113.7379,118.1347,0.00034631,0.00034631,,0.00805664,24.0,24.0,
2026-01-24,ibm_fez,17,146.6571,122.8511,0.00025486,0.00025486,,0.01318359,24.0,24.0,
2026-01-24,ibm_fez,18,91.7038,48.6003,0.00054065,0.00054065,,0.01245117,24.0,24.0,
2026-01-24,ibm_fez,19,187.2687,162.2243,0.00053324,0.00053324,,0.01147461,24.0,24.0,
2026-01-23,ibm_fez,10,248.5498,118.8743,0.00043559,0.00043559,0.00608542,0.00805664,24.0,24.0,68.0
2026-01-23,ibm_fez,11,54.5199,57.5239,0.00090368,0.00090368,0.00429441,0.0168457,24.0,24.0,68.0
2026-01-23,ibm_fez,12,76.6309,82.3648,0.00035086,0.00035086,0.00403182,0.01928711,24.0,24.0,68.0
2026-01-23,ibm_fez,13,273.7442,197.9718,0.0005465,0.0005465,0.0017652,0.01611328,24.0,24.0,68.0
2026-01-23,ibm_fez,14,225.9837,67.3566,0.00018717,0.00018717,0.00224515,0.0078125,24.0,24.0,68.0
2026-01-23,ibm_fez,15,330.6883,195.8758,0.00025999,0.00025999,,0.0168457,24.0,24.0,
2026-01-23,ibm_fez,16,177.4741,155.9705,0.00034631,0.00034631,,0.00488281,24.0,24.0,
2026-01-23,ibm_fez,17,169.4251,145.3348,0.00025486,0.00025486,,0.01611328,24.0,24.0,
2026-01-23,ibm_fez,18,88.6537,58.9161,0.00054065,0.00054065,,0.00610352,24.0,24.0,
2026-01-23,ibm_fez,19,201.9449,152.8124,0.00053324,0.00053324,,0.01660156,24.0,24.0,
2026-01-22,ibm_fez,10,264.1731,151.0697,0.00023779,0.00023779,0.00608542,0.50219727,24.0,24.0,68.0
2026-01-22,ibm_fez,11,170.8636,91.7255,0.0006282,0.0006282,0.00429441,0.46948242,24.0,24.0,68.0
2026-01-22,ibm_fez,12,58.111,58.6006,0.00039553,0.00039553,0.00403182,0.46972656,24.0,24.0,68.0
2026-01-22,ibm_fez,13,359.2883,218.6528,0.00032046,0.00032046,0.0017652,0.44873047,24.0,24.0,68.0
2026-01-22,ibm_fez,14,251.7586,82.6122,0.00022242,0.00022242,0.00224515,0.50561523,24.0,24.0,68.0
2026-01-22,ibm_fez,15,405.0546,193.1713,0.0001735,0.0001735,,0.44067383,24.0,24.0,
2026-01-22,ibm_fez,16,169.9873,146.2366,0.00039176,0.00039176,,0.4934082,24.0,24.0,
2026-01-22,ibm_fez,17,157.8412,28.9695,0.0003521,0.0003521,,0.00463867,24.0,24.0,
2026-01-22,ibm_fez,18,117.1299,57.2216,0.00039286,0.00039286,,0.49755859,24.0,24.0,
2026-01-22,ibm_fez,19,158.5926,167.9102,0.0003619,0.0003619,,0.51318359,24.0,24.0,
2026-01-21,ibm_fez,10,264.1731,151.0697,0.00023779,0.00023779,0.00608542,0.00549316,24.0,24.0,68.0
2026-01-21,ibm_fez,11,170.8636,91.7255,0.0006282,0.0006282,0.00429441,0.0168457,24.0,24.0,68.0
2026-01-21,ibm_fez,12,58.111,58.6006,0.00039553,0.00039553,0.00403182,0.02416992,24.0,24.0,68.0
2026-01-21,ibm_fez,13,359.2883,218.6528,0.00032046,0.00032046,0.0017652,0.01342773,24.0,24.0,68.0
2026-01-21,ibm_fez,14,251.7586,82.6122,0.00022242,0.00022242,0.00224515,0.00646973,24.0,24.0,68.0
2026-01-21,ibm_fez,15,405.0546,193.1713,0.0001735,0.0001735,,0.01672363,24.0,24.0,
2026-01-21,ibm_fez,16,169.9873,146.2366,0.00039176,0.00039176,,0.00439453,24.0,24.0,
2026-01-21,ibm_fez,17,157.8412,28.9695,0.0003521,0.0003521,,0.00537109,24.0,24.0,
2026-01-21,ibm_fez,18,117.1299,57.2216,0.00039286,0.00039286,,0.00891113,24.0,24.0,
2026-01-21,ibm_fez,19,158.5926,167.9102,0.0003619,0.0003619,,0.0090332,24.0,24.0,
2026-01-20,ibm_fez,10,264.1731,151.0697,0.00023779,0.00023779,0.00608542,0.00805664,24.0,24.0,68.0
2026-01-20,ibm_fez,11,170.8636,91.7255,0.0006282,0.0006282,0.00429441,0.01879883,24.0,24.0,68.0
2026-01-20,ibm_fez,12,58.111,58.6006,0.00039553,0.00039553,0.00403182,0.02368164,24.0,24.0,68.0
2026-01-20,ibm_fez,13,359.2883,218.6528,0.00032046,0.00032046,0.0017652,0.02258301,24.0,24.0,68.0
2026-01-20,ibm_fez,14,251.7586,82.6122,0.00022242,0.00022242,0.00224515,0.0078125,24.0,24.0,68.0
2026-01-20,ibm_fez,15,405.0546,193.1713,0.0001735,0.0001735,,0.02160645,24.0,24.0,
2026-01-20,ibm_fez,16,169.9873,146.2366,0.00039176,0.00039176,,0.0065918,24.0,24.0,
2026-01-20,ibm_fez,17,157.8412,28.9695,0.0003521,0.0003521,,0.00585938,24.0,24.0,
2026-01-20,ibm_fez,18,117.1299,57.2216,0.00039286,0.00039286,,0.00769043,24.0,24.0,
2026-01-20,ibm_fez,19,158.5926,167.9102,0.0003619,0.0003619,,0.00732422,24.0,24.0,
2026-01-19,ibm_fez,10,219.2082,117.037,0.00018823,0.00018823,0.00598993,0.00769043,24.0,24.0,68.0
2026-01-19,ibm_fez,11,80.5371,66.1848,0.00174439,0.00174439,0.00467733,0.02355957,24.0,24.0,68.0
2026-01-19,ibm_fez,12,81.3577,71.8896,0.00034097,0.00034097,0.00245487,0.02246094,24.0,24.0,68.0
2026-01-19,ibm_fez,13,293.948,194.9517,0.00028861,0.00028861,0.00240115,0.01574707,24.0,24.0,68.0
2026-01-19,ibm_fez,14,192.9176,33.4028,0.0002099,0.0002099,0.0025248,0.00732422,24.0,24.0,68.0
2026-01-19,ibm_fez,15,274.6192,163.7099,0.00016567,0.00016567,,0.01586914,24.0,24.0,
2026-01-19,ibm_fez,16,117.5562,102.1082,0.00034189,0.00034189,,0.00622559,24.0,24.0,
2026-01-19,ibm_fez,17,157.8412,99.086,0.00014969,0.00014969,,0.00537109,24.0,24.0,
2026-01-19,ibm_fez,18,108.8632,61.1361,0.00030628,0.00030628,,0.00817871,24.0,24.0,
2026-01-19,ibm_fez,19,147.6253,124.7637,0.00031048,0.00031048,,0.0090332,24.0,24.0,
2026-01-18,ibm_fez,10,215.5391,123.6866,0.00018948,0.00018948,0.00953646,0.00585938,24.0,24.0,68.0
2026-01-18,ibm_fez,11,168.4433,46.1571,0.00222638,0.00222638,0.00920328,0.01745605,24.0,24.0,68.0
2026-01-18,ibm_fez,12,70.219,84.4457,0.00028104,0.00028104,0.00246771,0.02563477,24.0,24.0,68.0
2026-01-18,ibm_fez,13,349.5406,191.104,0.00053321,0.00053321,0.00159465,0.01293945,24.0,24.0,68.0
2026-01-18,ibm_fez,14,192.9176,65.5632,0.00040502,0.00040502,0.00221652,0.0078125,24.0,24.0,68.0
2026-01-18,ibm_fez,15,199.4488,109.6649,0.00023435,0.00023435,,0.0222168,24.0,24.0,
2026-01-18,ibm_fez,16,168.9288,144.1537,0.00024188,0.00024188,,0.00842285,24.0,24.0,
2026-01-18,ibm_fez,17,182.8451,107.6669,0.00022001,0.00022001,,0.00585938,24.0,24.0,
2026-01-18,ibm_fez,18,117.091,64.7775,0.00048044,0.00048044,,0.00830078,24.0,24.0,
2026-01-18,ibm_fez,19,204.8583,144.1102,0.00063276,0.00063276,,0.00720215,24.0,24.0,
2026-01-17,ibm_fez,10,186.2189,114.9986,0.00018526,0.00018526,0.00640725,0.00720215,24.0,24.0,68.0
2026-01-17,ibm_fez,11,169.05,88.3901,0.00080867,0.00080867,0.00459306,0.0201416,24.0,24.0,68.0
2026-01-17,ibm_fez,12,70.2178,74.8191,0.00035258,0.00035258,0.00178255,0.02478027,24.0,24.0,68.0
2026-01-17,ibm_fez,13,214.4986,155.839,0.00030295,0.00030295,0.00171693,0.01159668,24.0,24.0,68.0
2026-01-17,ibm_fez,14,216.4649,72.3056,0.00032517,0.00032517,0.0021337,0.00476074,24.0,24.0,68.0
2026-01-17,ibm_fez,15,314.0418,169.9503,0.00015952,0.00015952,,0.01989746,24.0,24.0,
2026-01-17,ibm_fez,16,140.7036,119.5527,0.0001439,0.0001439,,0.00585938,24.0,24.0,
2026-01-17,ibm_fez,17,101.1684,89.0722,0.00028224,0.00028224,,0.00671387,24.0,24.0,
2026-01-17,ibm_fez,18,48.2084,32.9695,0.00046584,0.00046584,,0.00598145,24.0,24.0,
2026-01-17,ibm_fez,19,145.9489,165.7116,0.00031707,0.00031707,,0.00695801,24.0,24.0,
2026-01-16,ibm_fez,10,193.4778,130.1127,0.00018526,0.00018526,0.00684325,0.00634766,24.0,24.0,68.0
2026-01-16,ibm_fez,11,129.3032,74.5289,0.00065543,0.00065543,0.00421814,0.02734375,24.0,24.0,68.0
2026-01-16,ibm_fez,12,60.5171,47.5759,0.00031704,0.00031704,0.00288007,0.02368164,24.0,24.0,68.0
2026-01-16,ibm_fez,13,213.3773,115.661,0.00037847,0.00037847,0.00251832,0.01757812,24.0,24.0,68.0
2026-01-16,ibm_fez,14,197.0332,66.2604,0.00026567,0.00026567,0.00271074,0.01159668,24.0,24.0,68.0
2026-01-16,ibm_fez,15,233.3475,137.0053,0.00017244,0.00017244,,0.02050781,24.0,24.0,
2026-01-16,ibm_fez,16,128.203,119.0226,0.00035409,0.00035409,,0.00500488,24.0,24.0,
2026-01-16,ibm_fez,17,195.2933,119.6062,0.00014043,0.00014043,,0.00585938,24.0,24.0,
2026-01-16,ibm_fez,18,88.9783,59.1245,0.00047927,0.00047927,,0.00769043,24.0,24.0,
2026-01-16,ibm_fez,19,173.7827,153.0385,0.0002445,0.0002445,,0.01293945,24.0,24.0,
2026-01-15,ibm_fez,10,229.1939,117.5475,0.00014125,0.00014125,0.01086596,0.00817871,24.0,24.0,68.0
2026-01-15,ibm_fez,11,123.394,77.8642,0.00203276,0.00203276,0.0091192,0.02038574,24.0,24.0,68.0
2026-01-15,ibm_fez,12,61.6378,55.3203,0.00032919,0.00032919,0.0022389,0.02331543,24.0,24.0,68.0
2026-01-15,ibm_fez,13,313.7824,202.3213,0.00015897,0.00015897,0.00180184,0.01147461,24.0,24.0,68.0
2026-01-15,ibm_fez,14,225.6023,71.587,0.00045446,0.00045446,0.008887,0.00427246,24.0,24.0,68.0
2026-01-15,ibm_fez,15,357.3308,205.1658,0.00092014,0.00092014,,0.01831055,24.0,24.0,
2026-01-15,ibm_fez,16,208.3798,161.3779,0.0003054,0.0003054,,0.00500488,24.0,24.0,
2026-01-15,ibm_fez,17,133.2539,102.8057,0.00030735,0.00030735,,0.00756836,24.0,24.0,
2026-01-15,ibm_fez,18,98.4454,63.7639,0.00040583,0.00040583,,0.00695801,24.0,24.0,
2026-01-15,ibm_fez,19,177.3583,167.7831,0.00028367,0.00028367,,0.01037598,24.0,24.0,
2026-01-14,ibm_fez,10,206.0694,114.8499,0.00020975,0.00020975,0.01026801,0.00561523,24.0,24.0,68.0
2026-01-14,ibm_fez,11,130.5266,85.2378,0.00212258,0.00212258,0.01020984,0.0144043,24.0,24.0,68.0
2026-01-14,ibm_fez,12,64.5921,60.0035,0.00047695,0.00047695,0.00344671,0.02563477,24.0,24.0,68.0
2026-01-14,ibm_fez,13,199.2058,165.3922,0.0003135,0.0003135,0.00173281,0.01416016,24.0,24.0,68.0
2026-01-14,ibm_fez,14,223.2752,73.8431,0.00029929,0.00029929,0.00159894,0.00634766,24.0,24.0,68.0
2026-01-14,ibm_fez,15,363.5272,183.8221,0.00020433,0.00020433,,0.0177002,24.0,24.0,
2026-01-14,ibm_fez,16,82.7758,75.9061,0.00026373,0.00026373,,0.00512695,24.0,24.0,
2026-01-14,ibm_fez,17,81.8383,70.6127,0.00028818,0.00028818,,0.00585938,24.0,24.0,
2026-01-14,ibm_fez,18,47.2006,46.3792,0.00045565,0.00045565,,0.00671387,24.0,24.0,
2026-01-14,ibm_fez,19,230.4995,187.4959,0.00052119,0.00052119,,0.01013184,24.0,24.0,
2026-01-13,ibm_fez,10,173.3193,125.3193,0.0003343,0.0003343,0.00691773,0.00598145,24.0,24.0,68.0
2026-01-13,ibm_fez,11,139.3717,87.9535,0.00110588,0.00110588,0.00532837,0.02709961,24.0,24.0,68.0
2026-01-13,ibm_fez,12,54.9139,34.9356,0.00048199,0.00048199,0.00270439,0.02783203,24.0,24.0,68.0
2026-01-13,ibm_fez,13,328.4725,210.1323,0.00036808,0.00036808,0.00186764,0.01330566,24.0,24.0,68.0
2026-01-13,ibm_fez,14,190.2814,59.6567,0.00037675,0.00037675,0.0016992,0.00964355,24.0,24.0,68.0
2026-01-13,ibm_fez,15,355.9449,200.5907,0.00014002,0.00014002,,0.01806641,24.0,24.0,
2026-01-13,ibm_fez,16,178.1514,152.2336,0.00038556,0.00038556,,0.01306152,24.0,24.0,
2026-01-13,ibm_fez,17,158.1534,106.2807,0.00021368,0.00021368,,0.00732422,24.0,24.0,
2026-01-13,ibm_fez,18,81.6519,55.6422,0.00055264,0.00055264,,0.00646973,24.0,24.0,
2026-01-13,ibm_fez,19,200.0562,158.3236,0.00039862,0.00039862,,0.00805664,24.0,24.0,
2026-01-12,ibm_fez,10,234.8807,119.4312,0.00021823,0.00021823,0.00743139,0.00476074,24.0,24.0,68.0
2026-01-12,ibm_fez,11,76.1976,63.7757,0.00229292,0.00229292,0.00555434,0.04541016,24.0,24.0,68.0
2026-01-12,ibm_fez,12,57.6376,56.5918,0.00042075,0.00042075,0.00292747,0.02246094,24.0,24.0,68.0
2026-01-12,ibm_fez,13,315.8652,140.0384,0.00012712,0.00012712,0.0017747,0.02282715,24.0,24.0,68.0
2026-01-12,ibm_fez,14,125.9437,58.4315,0.00037675,0.00037675,0.00182516,0.00598145,24.0,24.0,68.0
2026-01-12,ibm_fez,15,328.6144,204.8429,0.00015851,0.00015851,,0.01855469,24.0,24.0,
2026-01-12,ibm_fez,16,133.0086,111.2477,0.00046923,0.00046923,,0.00488281,24.0,24.0,
2026-01-12,ibm_fez,17,101.9839,60.1871,0.00020992,0.00020992,,0.00500488,24.0,24.0,
2026-01-12,ibm_fez,18,66.5413,41.3399,0.00028796,0.00028796,,0.00915527,24.0,24.0,
2026-01-12,ibm_fez,19,153.2902,152.7465,0.00083764,0.00083764,,0.0098877,24.0,24.0,
2026-01-11,ibm_fez,10,139.227,109.2166,0.00024563,0.00024563,0.00634862,0.00561523,24.0,24.0,68.0
2026-01-11,ibm_fez,11,154.0873,80.4885,0.00084684,0.00084684,0.00590128,0.02502441,24.0,24.0,68.0
2026-01-11,ibm_fez,12,60.2255,65.7457,0.00058178,0.00058178,0.00277388,0.02050781,24.0,24.0,68.0
2026-01-11,ibm_fez,13,248.9389,175.2572,0.00045021,0.00045021,0.00161223,0.01379395,24.0,24.0,68.0
2026-01-11,ibm_fez,14,244.1677,73.2151,0.00041481,0.00041481,0.00132176,0.00671387,24.0,24.0,68.0
2026-01-11,ibm_fez,15,284.6357,187.3282,7.023e-05,7.023e-05,,0.01782227,24.0,24.0,
2026-01-11,ibm_fez,16,141.4846,122.7639,0.00015507,0.00015507,,0.00512695,24.0,24.0,
2026-01-11,ibm_fez,17,157.5178,98.4986,0.00019299,0.00019299,,0.0090332,24.0,24.0,
2026-01-11,ibm_fez,18,121.3058,62.8676,0.00035069,0.00035069,,0.00830078,24.0,24.0,
2026-01-11,ibm_fez,19,183.3485,147.7993,0.00073983,0.00073983,,0.00769043,24.0,24.0,
2026-01-10,ibm_fez,10,174.6446,127.6118,0.0001571,0.0001571,0.00634862,0.00671387,24.0,24.0,68.0
2026-01-10,ibm_fez,11,109.6872,75.0538,0.00091425,0.00091425,0.00489031,0.03027344,24.0,24.0,68.0
2026-01-10,ibm_fez,12,58.8493,50.9081,0.00071212,0.00071212,0.00261544,0.0255127,24.0,24.0,68.0
2026-01-10,ibm_fez,13,183.9234,162.1135,0.00037866,0.00037866,0.00170044,0.01940918,24.0,24.0,68.0
2026-01-10,ibm_fez,14,126.5652,54.7483,0.00032561,0.00032561,0.00155177,0.00769043,24.0,24.0,68.0
2026-01-10,ibm_fez,15,161.3448,129.0248,0.00015066,0.00015066,,0.01464844,24.0,24.0,
2026-01-10,ibm_fez,16,143.8787,135.9814,0.00024431,0.00024431,,0.00561523,24.0,24.0,
2026-01-10,ibm_fez,17,108.5911,81.6141,0.00036653,0.00036653,,0.0065918,24.0,24.0,
2026-01-10,ibm_fez,18,109.4394,55.3252,0.00035069,0.00035069,,0.01000977,24.0,24.0,
2026-01-10,ibm_fez,19,207.2158,41.197,0.00035726,0.00035726,,0.00744629,24.0,24.0,
2026-01-09,ibm_fez,10,245.0886,118.4713,0.00020215,0.00020215,0.00704621,0.00683594,24.0,24.0,68.0
2026-01-09,ibm_fez,11,125.6724,75.5742,0.00076583,0.00076583,0.00560306,0.02197266,24.0,24.0,68.0
2026-01-09,ibm_fez,12,69.7183,77.9923,0.00045185,0.00045185,0.00315641,0.02416992,24.0,24.0,68.0
2026-01-09,ibm_fez,13,209.3103,149.1337,0.00026737,0.00026737,0.00162403,0.01245117,24.0,24.0,68.0
2026-01-09,ibm_fez,14,216.2519,77.0993,0.00023544,0.00023544,0.00143323,0.0065918,24.0,24.0,68.0
2026-01-09,ibm_fez,15,260.0094,169.495,0.00024035,0.00024035,,0.015625,24.0,24.0,
2026-01-09,ibm_fez,16,170.8831,133.0725,0.00026766,0.00026766,,0.00610352,24.0,24.0,
2026-01-09,ibm_fez,17,164.3703,104.9188,0.00033047,0.00033047,,0.01062012,24.0,24.0,
2026-01-09,ibm_fez,18,92.1528,53.1338,0.0003539,0.0003539,,0.00878906,24.0,24.0,
2026-01-09,ibm_fez,19,207.2158,198.2218,0.00016992,0.00016992,,0.00830078,24.0,24.0,
2026-01-08,ibm_fez,10,192.9101,155.7281,0.00013505,0.00013505,0.00680813,0.00891113,24.0,24.0,68.0
2026-01-08,ibm_fez,11,95.4755,74.3619,0.00089501,0.00089501,0.00627648,0.0435791,24.0,24.0,68.0
2026-01-08,ibm_fez,12,60.4489,62.225,0.00059906,0.00059906,0.00347874,0.02392578,24.0,24.0,68.0
2026-01-08,ibm_fez,13,242.5399,152.5985,0.00040063,0.00040063,0.00219889,0.02075195,24.0,24.0,68.0
2026-01-08,ibm_fez,14,185.0351,68.5876,0.0002453,0.0002453,0.00234866,0.00476074,24.0,24.0,68.0
2026-01-08,ibm_fez,15,311.4764,169.7528,0.00013926,0.00013926,,0.0201416,24.0,24.0,
2026-01-08,ibm_fez,16,189.9571,149.8637,0.00031032,0.00031032,,0.00378418,24.0,24.0,
2026-01-08,ibm_fez,17,123.1446,96.6734,0.00018559,0.00018559,,0.00671387,24.0,24.0,
2026-01-08,ibm_fez,18,128.2577,65.5958,0.00030599,0.00030599,,0.00671387,24.0,24.0,
2026-01-08,ibm_fez,19,176.944,163.247,0.00055425,0.00055425,,0.00964355,24.0,24.0,
2026-01-07,ibm_fez,10,106.2149,78.3307,0.00018015,0.00018015,0.00724707,0.00439453,24.0,24.0,68.0
2026-01-07,ibm_fez,11,152.5051,16.0971,0.00231105,0.00231105,0.00556206,0.01708984,24.0,24.0,68.0
2026-01-07,ibm_fez,12,67.7425,62.8258,0.00056926,0.00056926,0.00369976,0.02661133,24.0,24.0,68.0
2026-01-07,ibm_fez,13,300.8567,219.8193,0.00031047,0.00031047,0.00228884,0.01379395,24.0,24.0,68.0
2026-01-07,ibm_fez,14,240.0637,72.3448,0.00035739,0.00035739,0.00226939,0.00769043,24.0,24.0,68.0
2026-01-07,ibm_fez,15,300.8813,191.758,0.00018391,0.00018391,,0.02526855,24.0,24.0,
2026-01-07,ibm_fez,16,134.8847,129.4098,0.00028391,0.00028391,,0.00512695,24.0,24.0,
2026-01-07,ibm_fez,17,109.7561,92.5184,0.0002601,0.0002601,,0.00512695,24.0,24.0,
2026-01-07,ibm_fez,18,88.5535,60.2218,0.00026295,0.00026295,,0.00598145,24.0,24.0,
2026-01-07,ibm_fez,19,102.5504,123.0826,0.0005292,0.0005292,,0.00695801,24.0,24.0,
2026-01-06,ibm_fez,10,227.8708,118.7199,0.00027654,0.00027654,0.00759109,0.00952148,24.0,24.0,68.0
2026-01-06,ibm_fez,11,152.5051,82.6728,0.00074582,0.00074582,0.00541453,0.01574707,24.0,24.0,68.0
2026-01-06,ibm_fez,12,71.8546,71.0781,0.00048088,0.00048088,0.00322278,0.02441406,24.0,24.0,68.0
2026-01-06,ibm_fez,13,290.3627,215.3452,0.00050288,0.00050288,0.00289349,0.02062988,24.0,24.0,68.0
2026-01-06,ibm_fez,14,189.1674,69.461,0.0002835,0.0002835,0.00167182,0.00793457,24.0,24.0,68.0
2026-01-06,ibm_fez,15,280.1758,169.8989,0.00012107,0.00012107,,0.0168457,24.0,24.0,
2026-01-06,ibm_fez,16,129.4809,16.3857,0.0004939,0.0004939,,0.00268555,24.0,24.0,
2026-01-06,ibm_fez,17,113.353,76.7897,0.00022959,0.00022959,,0.00830078,24.0,24.0,
2026-01-06,ibm_fez,18,81.1626,50.048,0.00029882,0.00029882,,0.00939941,24.0,24.0,
2026-01-06,ibm_fez,19,51.8447,48.2148,0.00055615,0.00055615,,0.00915527,24.0,24.0,
2026-01-05,ibm_fez,10,242.3972,123.9705,0.00017487,0.00017487,0.00735364,0.00476074,24.0,24.0,68.0
2026-01-05,ibm_fez,11,144.7228,85.8854,0.00093557,0.00093557,0.00648714,0.02111816,24.0,24.0,68.0
2026-01-05,ibm_fez,12,73.7912,43.2229,0.00055726,0.00055726,0.00360913,0.02514648,24.0,24.0,68.0
2026-01-05,ibm_fez,13,140.57,131.436,0.00032766,0.00032766,0.00217723,0.01306152,24.0,24.0,68.0
2026-01-05,ibm_fez,14,163.5993,62.5455,0.00022646,0.00022646,0.00213287,0.00793457,24.0,24.0,68.0
2026-01-05,ibm_fez,15,352.281,192.9641,0.00014744,0.00014744,,0.02001953,24.0,24.0,
2026-01-05,ibm_fez,16,129.4809,120.4409,0.0005189,0.0005189,,0.00622559,24.0,24.0,
2026-01-05,ibm_fez,17,156.6762,99.6116,0.00027912,0.00027912,,0.00500488,24.0,24.0,
2026-01-05,ibm_fez,18,85.6673,60.6654,0.00052558,0.00052558,,0.00817871,24.0,24.0,
2026-01-05,ibm_fez,19,221.366,175.7553,0.00027717,0.00027717,,0.00976562,24.0,24.0,
2026-01-04,ibm_fez,10,242.3972,123.9705,0.00017487,0.00017487,0.00735364,0.00537109,24.0,24.0,68.0
2026-01-04,ibm_fez,11,144.7228,85.8854,0.00093557,0.00093557,0.00648714,0.0345459,24.0,24.0,68.0
2026-01-04,ibm_fez,12,73.7912,43.2229,0.00055726,0.00055726,0.00360913,0.0234375,24.0,24.0,68.0
2026-01-04,ibm_fez,13,140.57,131.436,0.00032766,0.00032766,0.00217723,0.0201416,24.0,24.0,68.0
2026-01-04,ibm_fez,14,163.5993,62.5455,0.00022646,0.00022646,0.00213287,0.00842285,24.0,24.0,68.0
2026-01-04,ibm_fez,15,352.281,192.9641,0.00014744,0.00014744,,0.02270508,24.0,24.0,
2026-01-04,ibm_fez,16,129.4809,120.4409,0.0005189,0.0005189,,0.01196289,24.0,24.0,
2026-01-04,ibm_fez,17,156.6762,99.6116,0.00027912,0.00027912,,0.00524902,24.0,24.0,
2026-01-04,ibm_fez,18,85.6673,60.6654,0.00052558,0.00052558,,0.00561523,24.0,24.0,
2026-01-04,ibm_fez,19,221.366,175.7553,0.00027717,0.00027717,,0.00964355,24.0,24.0,
2026-01-03,ibm_fez,10,147.4192,107.0328,0.00019797,0.00019797,0.01042646,0.00366211,24.0,24.0,68.0
2026-01-03,ibm_fez,11,124.7116,16.2699,0.00080797,0.00080797,0.00856983,0.02026367,24.0,24.0,68.0
2026-01-03,ibm_fez,12,73.7912,90.0758,0.00044495,0.00044495,0.00230121,0.02294922,24.0,24.0,68.0
2026-01-03,ibm_fez,13,343.5348,227.669,0.0002914,0.0002914,0.00146868,0.01000977,24.0,24.0,68.0
2026-01-03,ibm_fez,14,174.1098,65.6525,0.00022529,0.00022529,0.00183334,0.00634766,24.0,24.0,68.0
2026-01-03,ibm_fez,15,214.8852,127.1547,0.00019606,0.00019606,,0.01367188,24.0,24.0,
2026-01-03,ibm_fez,16,103.0827,101.7338,0.00026482,0.00026482,,0.00732422,24.0,24.0,
2026-01-03,ibm_fez,17,100.8262,70.8682,0.00024876,0.00024876,,0.00805664,24.0,24.0,
2026-01-03,ibm_fez,18,125.7284,67.1146,0.00025606,0.00025606,,0.00634766,24.0,24.0,
2026-01-03,ibm_fez,19,182.8797,179.2547,0.00047056,0.00047056,,0.0090332,24.0,24.0,
2026-01-02,ibm_fez,10,174.1585,110.0613,0.00017657,0.00017657,0.00656999,0.00634766,24.0,24.0,68.0
2026-01-02,ibm_fez,11,124.7116,82.02,0.00075847,0.00075847,0.00490653,0.01879883,24.0,24.0,68.0
2026-01-02,ibm_fez,12,72.7496,76.5979,0.00032171,0.00032171,0.0023574,0.02197266,24.0,24.0,68.0
2026-01-02,ibm_fez,13,256.4169,160.2171,0.00047583,0.00047583,0.00208136,0.02124023,24.0,24.0,68.0
2026-01-02,ibm_fez,14,230.0943,64.5413,0.00032881,0.00032881,0.00228458,0.00500488,24.0,24.0,68.0
2026-01-02,ibm_fez,15,296.1604,165.7368,0.00024196,0.00024196,,0.01696777,24.0,24.0,
2026-01-02,ibm_fez,16,97.4043,82.1113,0.00023913,0.00023913,,0.00476074,24.0,24.0,
2026-01-02,ibm_fez,17,114.3979,91.2771,0.0004725,0.0004725,,0.00793457,24.0,24.0,
2026-01-02,ibm_fez,18,121.5241,63.7981,0.00033019,0.00033019,,0.0065918,24.0,24.0,
2026-01-02,ibm_fez,19,115.0628,103.5531,0.0003181,0.0003181,,0.01013184,24.0,24.0,
2026-01-01,ibm_fez,10,227.7604,128.9053,0.00024885,0.00024885,0.0107927,0.00561523,24.0,24.0,68.0
2026-01-01,ibm_fez,11,116.2564,81.5782,0.00092582,0.00092582,0.0093928,0.01635742,24.0,24.0,68.0
2026-01-01,ibm_fez,12,71.5603,73.1021,0.00027144,0.00027144,0.00191369,0.01977539,24.0,24.0,68.0
2026-01-01,ibm_fez,13,329.0818,212.6886,0.00036339,0.00036339,0.00242732,0.01586914,24.0,24.0,68.0
2026-01-01,ibm_fez,14,229.4151,73.2736,0.00016091,0.00016091,0.00153121,0.00268555,24.0,24.0,68.0
2026-01-01,ibm_fez,15,316.6912,184.1291,0.00012537,0.00012537,,0.01953125,24.0,24.0,
2026-01-01,ibm_fez,16,217.9768,122.5588,0.00026195,0.00026195,,0.00439453,24.0,24.0,
2026-01-01,ibm_fez,17,139.9762,106.5985,0.00021657,0.00021657,,0.0065918,24.0,24.0,
2026-01-01,ibm_fez,18,126.2796,72.4032,0.00030254,0.00030254,,0.0078125,24.0,24.0,
2026-01-01,ibm_fez,19,174.6199,176.435,0.0009207,0.0009207,,0.00830078,24.0,24.0,
2025-12-31,ibm_fez,10,194.5161,128.3468,0.00015375,0.00015375,0.01135633,0.00500488,24.0,24.0,68.0
2025-12-31,ibm_fez,11,123.9333,84.2492,0.00073157,0.00073157,0.00785733,0.02111816,24.0,24.0,68.0
2025-12-31,ibm_fez,12,75.2892,77.3409,0.00030367,0.00030367,0.00252358,0.02075195,24.0,24.0,68.0
2025-12-31,ibm_fez,13,285.0719,209.8222,0.00034761,0.00034761,0.00163588,0.01074219,24.0,24.0,68.0
2025-12-31,ibm_fez,14,195.0699,68.9961,0.00034256,0.00034256,0.00141319,0.00756836,24.0,24.0,68.0
2025-12-31,ibm_fez,15,339.0829,197.8571,0.00012604,0.00012604,,0.01550293,24.0,24.0,
2025-12-31,ibm_fez,16,193.1276,150.8271,0.00026913,0.00026913,,0.00695801,24.0,24.0,
2025-12-31,ibm_fez,17,142.535,110.0631,0.00023983,0.00023983,,0.00756836,24.0,24.0,
2025-12-31,ibm_fez,18,131.4399,71.82,0.00043256,0.00043256,,0.00488281,24.0,24.0,
2025-12-31,ibm_fez,19,153.48,136.582,0.00058909,0.00058909,,0.00915527,24.0,24.0,
2025-12-30,ibm_fez,10,159.4961,121.4818,0.00016316,0.00016316,0.01290005,0.0065918,24.0,24.0,68.0
2025-12-30,ibm_fez,11,141.47,90.6125,0.00223825,0.00223825,0.00894706,0.02258301,24.0,24.0,68.0
2025-12-30,ibm_fez,12,73.6358,76.0947,0.00029111,0.00029111,0.00294674,0.02392578,24.0,24.0,68.0
2025-12-30,ibm_fez,13,286.7488,183.4622,0.00037847,0.00037847,0.00214859,0.01159668,24.0,24.0,68.0
2025-12-30,ibm_fez,14,248.5954,82.1033,0.00024034,0.00024034,0.00177976,0.0065918,24.0,24.0,68.0
2025-12-30,ibm_fez,15,293.6911,182.027,0.00016081,0.00016081,,0.02307129,24.0,24.0,
2025-12-30,ibm_fez,16,191.2899,131.4748,0.00040467,0.00040467,,0.00695801,24.0,24.0,
2025-12-30,ibm_fez,17,203.0107,115.206,0.00025032,0.00025032,,0.00866699,24.0,24.0,
2025-12-30,ibm_fez,18,113.6763,66.6051,0.00036215,0.00036215,,0.00732422,24.0,24.0,
2025-12-30,ibm_fez,19,190.613,164.3621,0.00069479,0.00069479,,0.00793457,24.0,24.0,
2025-12-29,ibm_fez,10,177.5227,131.1561,0.00026754,0.00026754,0.01076701,0.00561523,24.0,24.0,68.0
2025-12-29,ibm_fez,11,105.5664,31.0802,0.00187721,0.00187721,0.00823737,0.02648926,24.0,24.0,68.0
2025-12-29,ibm_fez,12,56.114,71.1453,0.00022902,0.00022902,0.00260987,0.02355957,24.0,24.0,68.0
2025-12-29,ibm_fez,13,231.953,178.6049,0.00056744,0.00056744,0.00301829,0.01953125,24.0,24.0,68.0
2025-12-29,ibm_fez,14,239.0175,67.1463,0.00045601,0.00045601,0.00245368,0.0065918,24.0,24.0,68.0
2025-12-29,ibm_fez,15,180.4387,97.0037,0.00014841,0.00014841,,0.01831055,24.0,24.0,
2025-12-29,ibm_fez,16,158.0353,127.2263,0.00025482,0.00025482,,0.01306152,24.0,24.0,
2025-12-29,ibm_fez,17,175.5942,104.156,0.00020764,0.00020764,,0.00695801,24.0,24.0,
2025-12-29,ibm_fez,18,124.2911,62.5697,0.00029267,0.00029267,,0.00756836,24.0,24.0,
2025-12-29,ibm_fez,19,100.8862,126.6387,0.00050348,0.00050348,,0.01049805,24.0,24.0,
2025-12-28,ibm_fez,10,177.5227,131.1561,0.00015597,0.00015597,0.01008739,0.00537109,24.0,24.0,68.0
2025-12-28,ibm_fez,11,105.5664,31.0802,0.00055331,0.00055331,0.00858181,0.01794434,24.0,24.0,68.0
2025-12-28,ibm_fez,12,56.114,71.1453,0.00044009,0.00044009,0.00277414,0.02355957,24.0,24.0,68.0
2025-12-28,ibm_fez,13,231.953,178.6049,0.00030329,0.00030329,0.00235751,0.01672363,24.0,24.0,68.0
2025-12-28,ibm_fez,14,239.0175,67.1463,0.00022125,0.00022125,0.00165346,0.00891113,24.0,24.0,68.0
2025-12-28,ibm_fez,15,180.4387,97.0037,0.00019374,0.00019374,,0.01953125,24.0,24.0,
2025-12-28,ibm_fez,16,158.0353,127.2263,0.00039813,0.00039813,,0.00341797,24.0,24.0,
2025-12-28,ibm_fez,17,175.5942,104.156,0.00036924,0.00036924,,0.00683594,24.0,24.0,
2025-12-28,ibm_fez,18,124.2911,62.5697,0.00029766,0.00029766,,0.00708008,24.0,24.0,
2025-12-28,ibm_fez,19,100.8862,126.6387,0.00053465,0.00053465,,0.00878906,24.0,24.0,
2025-12-27,ibm_fez,10,123.6249,103.3174,0.00015597,0.00015597,0.0083842,0.01293945,24.0,24.0,68.0
2025-12-27,ibm_fez,11,92.9197,31.2483,0.00055331,0.00055331,0.00447378,0.01721191,24.0,24.0,68.0
2025-12-27,ibm_fez,12,60.5941,64.5541,0.00044009,0.00044009,0.00237731,0.02075195,24.0,24.0,68.0
2025-12-27,ibm_fez,13,185.3555,120.357,0.00030329,0.00030329,0.0015362,0.01330566,24.0,24.0,68.0
2025-12-27,ibm_fez,14,226.3547,70.4447,0.00022125,0.00022125,0.00182249,0.00683594,24.0,24.0,68.0
2025-12-27,ibm_fez,15,272.264,178.9568,0.00019374,0.00019374,,0.01855469,24.0,24.0,
2025-12-27,ibm_fez,16,119.7986,110.9521,0.00039813,0.00039813,,0.00378418,24.0,24.0,
2025-12-27,ibm_fez,17,136.9362,94.4327,0.00036924,0.00036924,,0.00634766,24.0,24.0,
2025-12-27,ibm_fez,18,105.1753,60.8066,0.00029766,0.00029766,,0.00976562,24.0,24.0,
2025-12-27,ibm_fez,19,138.7206,115.1874,0.00053465,0.00053465,,0.00610352,24.0,24.0,
2025-12-26,ibm_fez,10,133.5502,87.3774,0.00049694,0.00049694,0.0083842,0.00402832,24.0,24.0,68.0
2025-12-26,ibm_fez,11,101.1776,56.3199,0.00063921,0.00063921,0.00447378,0.03491211,24.0,24.0,68.0
2025-12-26,ibm_fez,12,73.8537,79.6651,0.00035244,0.00035244,0.00237731,0.02587891,24.0,24.0,68.0
2025-12-26,ibm_fez,13,302.3628,212.8744,0.00028339,0.00028339,0.0015362,0.01257324,24.0,24.0,68.0
2025-12-26,ibm_fez,14,60.5267,45.4087,0.00024115,0.00024115,0.00182249,0.00732422,24.0,24.0,68.0
2025-12-26,ibm_fez,15,366.1625,200.7251,0.00014994,0.00014994,,0.01818848,24.0,24.0,
2025-12-26,ibm_fez,16,183.508,138.7317,0.00027503,0.00027503,,0.00476074,24.0,24.0,
2025-12-26,ibm_fez,17,148.4769,94.4841,0.00032864,0.00032864,,0.0065918,24.0,24.0,
2025-12-26,ibm_fez,18,85.0078,50.8398,0.00064873,0.00064873,,0.0065918,24.0,24.0,
2025-12-26,ibm_fez,19,144.468,130.3781,0.00053918,0.00053918,,0.00708008,24.0,24.0,
2025-12-25,ibm_fez,10,116.9586,78.4164,0.00024099,0.00024099,0.00648632,0.0098877,24.0,24.0,68.0
2025-12-25,ibm_fez,11,101.1776,77.1869,0.00071405,0.00071405,0.00453777,0.02722168,24.0,24.0,68.0
2025-12-25,ibm_fez,12,72.5058,70.0484,0.00028169,0.00028169,0.00260485,0.02185059,24.0,24.0,68.0
2025-12-25,ibm_fez,13,363.9716,209.9085,0.00029045,0.00029045,0.00218853,0.01464844,24.0,24.0,68.0
2025-12-25,ibm_fez,14,273.8421,72.0503,0.00030144,0.00030144,0.00193998,0.00671387,24.0,24.0,68.0
2025-12-25,ibm_fez,15,308.0856,214.4819,0.00019819,0.00019819,,0.02392578,24.0,24.0,
2025-12-25,ibm_fez,16,245.6581,173.6667,0.00020825,0.00020825,,0.00378418,24.0,24.0,
2025-12-25,ibm_fez,17,118.1185,77.9733,0.00019427,0.00019427,,0.0065918,24.0,24.0,
2025-12-25,ibm_fez,18,146.0261,62.6245,0.00037507,0.00037507,,0.00708008,24.0,24.0,
2025-12-25,ibm_fez,19,182.5336,152.56,0.00056968,0.00056968,,0.01049805,24.0,24.0,
2025-12-24,ibm_fez,10,163.9806,148.5724,0.00021358,0.00021358,0.00644236,0.00842285,24.0,24.0,68.0
2025-12-24,ibm_fez,11,201.1943,99.5264,0.00226337,0.00226337,0.00442422,0.01757812,24.0,24.0,68.0
2025-12-24,ibm_fez,12,81.6313,67.3354,0.00061797,0.00061797,0.0025822,0.02087402,24.0,24.0,68.0
2025-12-24,ibm_fez,13,302.4516,228.1522,0.00042194,0.00042194,0.00230252,0.01452637,24.0,24.0,68.0
2025-12-24,ibm_fez,14,257.1132,66.6222,0.00027324,0.00027324,0.00253682,0.00732422,24.0,24.0,68.0
2025-12-24,ibm_fez,15,267.5396,198.6897,0.00010527,0.00010527,,0.02270508,24.0,24.0,
2025-12-24,ibm_fez,16,176.1798,145.2119,0.00019135,0.00019135,,0.00830078,24.0,24.0,
2025-12-24,ibm_fez,17,93.2154,72.1091,0.00037704,0.00037704,,0.00671387,24.0,24.0,
2025-12-24,ibm_fez,18,74.2789,34.5522,0.00042802,0.00042802,,0.03356934,24.0,24.0,
2025-12-24,ibm_fez,19,199.1896,161.2979,0.00031553,0.00031553,,0.00708008,24.0,24.0,
2025-12-23,ibm_fez,10,155.5599,108.2467,0.00025224,0.00025224,0.00684338,0.0065918,24.0,24.0,68.0
2025-12-23,ibm_fez,11,127.4872,85.6096,0.0006933,0.0006933,0.00489433,0.03088379,24.0,24.0,68.0
2025-12-23,ibm_fez,12,75.0236,73.1941,0.00035148,0.00035148,0.00257174,0.02478027,24.0,24.0,68.0
2025-12-23,ibm_fez,13,271.4672,187.0413,0.00044815,0.00044815,0.0020726,0.02099609,24.0,24.0,68.0
2025-12-23,ibm_fez,14,194.0914,68.8543,0.0002247,0.0002247,0.00180447,0.00817871,24.0,24.0,68.0
2025-12-23,ibm_fez,15,119.8168,111.5666,0.00016913,0.00016913,,0.01867676,24.0,24.0,
2025-12-23,ibm_fez,16,183.3895,140.2876,0.00026097,0.00026097,,0.01965332,24.0,24.0,
2025-12-23,ibm_fez,17,204.637,125.1819,0.00033543,0.00033543,,0.00830078,24.0,24.0,
2025-12-23,ibm_fez,18,123.7585,72.3235,0.00030953,0.00030953,,0.0045166,24.0,24.0,
2025-12-23,ibm_fez,19,180.7277,170.2033,0.00031553,0.00031553,,0.00830078,24.0,24.0,
2025-12-22,ibm_fez,10,139.9579,103.96,0.00021004,0.00021004,0.01083765,0.00561523,24.0,24.0,68.0
2025-12-22,ibm_fez,11,114.1954,79.8065,0.00081206,0.00081206,0.00940096,0.01806641,24.0,24.0,68.0
2025-12-22,ibm_fez,12,67.6305,67.5427,0.00036014,0.00036014,0.00248557,0.02001953,24.0,24.0,68.0
2025-12-22,ibm_fez,13,269.2849,205.5491,0.00045319,0.00045319,0.00169813,0.01342773,24.0,24.0,68.0
2025-12-22,ibm_fez,14,184.6105,80.1618,0.0001633,0.0001633,0.00194105,0.00634766,24.0,24.0,68.0
2025-12-22,ibm_fez,15,256.6258,202.147,0.00016311,0.00016311,,0.015625,24.0,24.0,
2025-12-22,ibm_fez,16,123.323,56.8515,0.00035176,0.00035176,,0.00341797,24.0,24.0,
2025-12-22,ibm_fez,17,193.2301,112.7516,0.00018359,0.00018359,,0.00634766,24.0,24.0,
2025-12-22,ibm_fez,18,154.5046,74.5488,0.00049187,0.00049187,,0.01318359,24.0,24.0,
2025-12-22,ibm_fez,19,155.9985,174.9573,0.00044925,0.00044925,,0.0090332,24.0,24.0,
2025-12-21,ibm_fez,10,163.3224,121.7483,0.00020209,0.00020209,0.00645619,0.00646973,24.0,24.0,68.0
2025-12-21,ibm_fez,11,145.6083,76.4298,0.00068117,0.00068117,0.00493367,0.03125,24.0,24.0,68.0
2025-12-21,ibm_fez,12,83.4807,85.7404,0.00037003,0.00037003,0.00236137,0.02246094,24.0,24.0,68.0
2025-12-21,ibm_fez,13,158.4366,132.9306,0.0002424,0.0002424,0.0017324,0.01953125,24.0,24.0,68.0
2025-12-21,ibm_fez,14,157.3356,63.0012,0.00017454,0.00017454,0.00206355,0.00732422,24.0,24.0,68.0
2025-12-21,ibm_fez,15,347.7945,151.9165,0.00014793,0.00014793,,0.01660156,24.0,24.0,
2025-12-21,ibm_fez,16,123.323,113.0863,0.00028349,0.00028349,,0.00622559,24.0,24.0,
2025-12-21,ibm_fez,17,164.7555,108.0396,0.00026695,0.00026695,,0.00549316,24.0,24.0,
2025-12-21,ibm_fez,18,108.3778,67.911,0.0006092,0.0006092,,0.00854492,24.0,24.0,
2025-12-21,ibm_fez,19,164.9292,175.0552,0.00045123,0.00045123,,0.01220703,24.0,24.0,
2025-12-20,ibm_fez,10,237.957,175.503,0.000132,0.000132,0.00621384,0.00402832,24.0,24.0,68.0
2025-12-20,ibm_fez,11,94.6101,77.4151,0.00071961,0.00071961,0.00425924,0.03027344,24.0,24.0,68.0
2025-12-20,ibm_fez,12,71.3498,71.2547,0.00034038,0.00034038,0.00251921,0.02246094,24.0,24.0,68.0
2025-12-20,ibm_fez,13,235.4991,170.5275,0.00050628,0.00050628,0.00193412,0.01245117,24.0,24.0,68.0
2025-12-20,ibm_fez,14,153.4955,48.8149,0.00022924,0.00022924,0.00153662,0.0090332,24.0,24.0,68.0
2025-12-20,ibm_fez,15,329.6194,189.5125,0.0001213,0.0001213,,0.01708984,24.0,24.0,
2025-12-20,ibm_fez,16,123.2583,104.6296,0.00043412,0.00043412,,0.00476074,24.0,24.0,
2025-12-20,ibm_fez,17,150.2191,106.1817,0.00016208,0.00016208,,0.0065918,24.0,24.0,
2025-12-20,ibm_fez,18,100.5813,64.0705,0.00032679,0.00032679,,0.00512695,24.0,24.0,
2025-12-20,ibm_fez,19,155.3895,145.0749,0.00074621,0.00074621,,0.00708008,24.0,24.0,
2025-12-19,ibm_fez,10,237.957,175.503,0.000132,0.000132,0.00621384,0.00769043,24.0,24.0,68.0
2025-12-19,ibm_fez,11,94.6101,77.4151,0.00071961,0.00071961,0.00425924,0.0168457,24.0,24.0,68.0
2025-12-19,ibm_fez,12,71.3498,71.2547,0.00034038,0.00034038,0.00251921,0.02148438,24.0,24.0,68.0
2025-12-19,ibm_fez,13,235.4991,170.5275,0.00050628,0.00050628,0.00193412,0.01171875,24.0,24.0,68.0
2025-12-19,ibm_fez,14,153.4955,48.8149,0.00022924,0.00022924,0.00153662,0.0078125,24.0,24.0,68.0
2025-12-19,ibm_fez,15,329.6194,189.5125,0.0001213,0.0001213,,0.01965332,24.0,24.0,
2025-12-19,ibm_fez,16,123.2583,104.6296,0.00043412,0.00043412,,0.00695801,24.0,24.0,
2025-12-19,ibm_fez,17,150.2191,106.1817,0.00016208,0.00016208,,0.00793457,24.0,24.0,
2025-12-19,ibm_fez,18,100.5813,64.0705,0.00032679,0.00032679,,0.00769043,24.0,24.0,
2025-12-19,ibm_fez,19,155.3895,145.0749,0.00074621,0.00074621,,0.01037598,24.0,24.0,
2025-12-18,ibm_fez,10,176.5054,137.4405,0.00025318,0.00025318,0.00657798,0.00634766,24.0,24.0,68.0
2025-12-18,ibm_fez,11,132.6066,77.6931,0.00073985,0.00073985,0.00463371,0.03186035,24.0,24.0,68.0
2025-12-18,ibm_fez,12,57.1764,59.0362,0.00051801,0.00051801,0.00249579,0.02001953,24.0,24.0,68.0
2025-12-18,ibm_fez,13,279.2791,155.5297,0.00035369,0.00035369,0.00179445,0.01123047,24.0,24.0,68.0
2025-12-18,ibm_fez,14,188.9651,76.8018,0.00018658,0.00018658,0.00224989,0.00683594,24.0,24.0,68.0
2025-12-18,ibm_fez,15,295.9867,209.203,0.00011549,0.00011549,,0.0222168,24.0,24.0,
2025-12-18,ibm_fez,16,126.9258,110.737,0.00027676,0.00027676,,0.00610352,24.0,24.0,
2025-12-18,ibm_fez,17,129.2007,67.9736,0.00048085,0.00048085,,0.00671387,24.0,24.0,
2025-12-18,ibm_fez,18,147.1325,74.9471,0.00029835,0.00029835,,0.0057373,24.0,24.0,
2025-12-18,ibm_fez,19,204.5862,173.0847,0.00041178,0.00041178,,0.03308105,24.0,24.0,
2025-12-17,ibm_fez,10,189.9312,113.827,0.00017479,0.00017479,0.00676191,0.0057373,24.0,24.0,68.0
2025-12-17,ibm_fez,11,108.0709,65.2489,0.00072071,0.00072071,0.00378582,0.03015137,24.0,24.0,68.0
2025-12-17,ibm_fez,12,74.4973,76.1422,0.00042872,0.00042872,0.00248937,0.02124023,24.0,24.0,68.0
2025-12-17,ibm_fez,13,10.3417,14.1444,0.00041372,0.00041372,0.00197532,0.01147461,24.0,24.0,68.0
2025-12-17,ibm_fez,14,200.3451,69.5737,0.00022818,0.00022818,0.00166559,0.0065918,24.0,24.0,68.0
2025-12-17,ibm_fez,15,149.4797,131.0192,0.00010569,0.00010569,,0.01794434,24.0,24.0,
2025-12-17,ibm_fez,16,79.9767,74.101,0.00025088,0.00025088,,0.00744629,24.0,24.0,
2025-12-17,ibm_fez,17,86.1524,81.7894,0.0003,0.0003,,0.00720215,24.0,24.0,
2025-12-17,ibm_fez,18,137.3362,71.5046,0.00025777,0.00025777,,0.00598145,24.0,24.0,
2025-12-17,ibm_fez,19,125.7213,36.6852,0.00049528,0.00049528,,0.01013184,24.0,24.0,
2025-12-16,ibm_fez,10,220.1382,170.3227,0.00027375,0.00027375,0.01020466,0.00634766,24.0,24.0,68.0
2025-12-16,ibm_fez,11,127.1572,14.8991,0.00224848,0.00224848,0.00779088,0.01550293,24.0,24.0,68.0
2025-12-16,ibm_fez,12,82.4728,92.6267,0.00023705,0.00023705,0.00254554,0.02893066,24.0,24.0,68.0
2025-12-16,ibm_fez,13,298.1662,194.9143,0.00043588,0.00043588,0.0018923,0.01147461,24.0,24.0,68.0
2025-12-16,ibm_fez,14,232.9896,64.9075,0.00022835,0.00022835,0.00175357,0.00720215,24.0,24.0,68.0
2025-12-16,ibm_fez,15,313.6751,199.5502,0.0001357,0.0001357,,0.0177002,24.0,24.0,
2025-12-16,ibm_fez,16,186.7729,121.9565,0.00039601,0.00039601,,0.00683594,24.0,24.0,
2025-12-16,ibm_fez,17,154.1783,100.8309,0.00028814,0.00028814,,0.00756836,24.0,24.0,
2025-12-16,ibm_fez,18,127.6903,68.161,0.00034458,0.00034458,,0.00622559,24.0,24.0,
2025-12-16,ibm_fez,19,125.7213,105.2351,0.00022846,0.00022846,,0.0098877,24.0,24.0,
2025-12-15,ibm_fez,10,142.1296,118.4089,0.0001924,0.0001924,0.00744349,0.0098877,24.0,24.0,68.0
2025-12-15,ibm_fez,11,127.1572,80.2429,0.0009237,0.0009237,0.00706546,0.04577637,24.0,24.0,68.0
2025-12-15,ibm_fez,12,76.4279,73.4427,0.00076036,0.00076036,0.00263597,0.02502441,24.0,24.0,68.0
2025-12-15,ibm_fez,13,200.8313,173.1488,0.0003643,0.0003643,0.00208561,0.01391602,24.0,24.0,68.0
2025-12-15,ibm_fez,14,248.9165,83.9875,0.00024189,0.00024189,0.00158208,0.00756836,24.0,24.0,68.0
2025-12-15,ibm_fez,15,304.4787,164.4552,0.00026589,0.00026589,,0.02294922,24.0,24.0,
2025-12-15,ibm_fez,16,136.6956,42.2837,0.00025029,0.00025029,,0.00463867,24.0,24.0,
2025-12-15,ibm_fez,17,143.5936,101.4215,0.000509,0.000509,,0.0065918,24.0,24.0,
2025-12-15,ibm_fez,18,98.3137,40.0363,0.00032107,0.00032107,,0.00842285,24.0,24.0,
2025-12-15,ibm_fez,19,175.1037,155.3641,0.00043424,0.00043424,,0.00915527,24.0,24.0,
2025-12-14,ibm_fez,10,253.2771,125.3239,0.00016037,0.00016037,0.01032686,0.00695801,24.0,24.0,68.0
2025-12-14,ibm_fez,11,112.7576,13.5595,0.00188802,0.00188802,0.0080067,0.03771973,24.0,24.0,68.0
2025-12-14,ibm_fez,12,79.0512,79.1013,0.00051991,0.00051991,0.00241737,0.02661133,24.0,24.0,68.0
2025-12-14,ibm_fez,13,270.7216,192.947,0.00035245,0.00035245,0.00135932,0.01281738,24.0,24.0,68.0
2025-12-14,ibm_fez,14,230.3052,73.502,0.00027139,0.00027139,0.00180835,0.00524902,24.0,24.0,68.0
2025-12-14,ibm_fez,15,316.6817,206.3713,9.454e-05,9.454e-05,,0.02294922,24.0,24.0,
2025-12-14,ibm_fez,16,192.1952,145.1322,0.00023096,0.00023096,,0.00476074,24.0,24.0,
2025-12-14,ibm_fez,17,147.1,89.3227,0.0001527,0.0001527,,0.00634766,24.0,24.0,
2025-12-14,ibm_fez,18,98.3137,63.3931,0.00071313,0.00071313,,0.00671387,24.0,24.0,
2025-12-14,ibm_fez,19,225.3011,207.808,0.00015491,0.00015491,,0.00939941,24.0,24.0,
2025-12-13,ibm_fez,10,120.8588,82.1246,0.00016037,0.00016037,0.00732829,0.0045166,24.0,24.0,68.0
2025-12-13,ibm_fez,11,112.7576,73.1791,0.00095626,0.00095626,0.00527392,0.04919434,24.0,24.0,68.0
2025-12-13,ibm_fez,12,78.4404,84.768,0.00050631,0.00050631,0.00277343,0.02392578,24.0,24.0,68.0
2025-12-13,ibm_fez,13,268.8074,208.6358,0.0002883,0.0002883,0.00208656,0.01391602,24.0,24.0,68.0
2025-12-13,ibm_fez,14,202.3398,68.1596,0.00039674,0.00039674,0.00201454,0.01037598,24.0,24.0,68.0
2025-12-13,ibm_fez,15,272.6594,213.5658,0.00017286,0.00017286,,0.02270508,24.0,24.0,
2025-12-13,ibm_fez,16,210.8172,158.1075,0.00030246,0.00030246,,0.0065918,24.0,24.0,
2025-12-13,ibm_fez,17,90.0622,31.4457,0.00017217,0.00017217,,0.00598145,24.0,24.0,
2025-12-13,ibm_fez,18,109.0824,66.477,0.0003347,0.0003347,,0.00683594,24.0,24.0,
2025-12-13,ibm_fez,19,227.1643,198.2933,0.00059236,0.00059236,,0.01147461,24.0,24.0,
2025-12-12,ibm_fez,10,192.3253,112.164,0.00022477,0.00022477,0.00759702,0.00585938,24.0,24.0,68.0
2025-12-12,ibm_fez,11,113.158,72.089,0.00066352,0.00066352,0.00424344,0.01696777,24.0,24.0,68.0
2025-12-12,ibm_fez,12,74.4405,69.5607,0.00038612,0.00038612,0.00246094,0.02160645,24.0,24.0,68.0
2025-12-12,ibm_fez,13,221.6564,197.3755,0.00038705,0.00038705,0.00192162,0.01489258,24.0,24.0,68.0
2025-12-12,ibm_fez,14,204.6991,71.5519,0.0002238,0.0002238,0.00148296,0.00671387,24.0,24.0,68.0
2025-12-12,ibm_fez,15,335.2467,172.7926,0.00096666,0.00096666,,0.02087402,24.0,24.0,
2025-12-12,ibm_fez,16,115.6509,92.3288,0.00036312,0.00036312,,0.00537109,24.0,24.0,
2025-12-12,ibm_fez,17,90.0622,83.4257,0.00028571,0.00028571,,0.00537109,24.0,24.0,
2025-12-12,ibm_fez,18,123.2822,70.0009,0.00033273,0.00033273,,0.00708008,24.0,24.0,
2025-12-12,ibm_fez,19,173.6973,153.3571,0.00043847,0.00043847,,0.00793457,24.0,24.0,
2025-12-11,ibm_fez,10,192.3253,112.164,0.00022477,0.00022477,0.00759702,0.00524902,24.0,24.0,68.0
2025-12-11,ibm_fez,11,113.158,72.089,0.00066352,0.00066352,0.00424344,0.04333496,24.0,24.0,68.0
2025-12-11,ibm_fez,12,74.4405,69.5607,0.00038612,0.00038612,0.00246094,0.02124023,24.0,24.0,68.0
2025-12-11,ibm_fez,13,221.6564,197.3755,0.00038705,0.00038705,0.00192162,0.01611328,24.0,24.0,68.0
2025-12-11,ibm_fez,14,204.6991,71.5519,0.0002238,0.0002238,0.00148296,0.00817871,24.0,24.0,68.0
2025-12-11,ibm_fez,15,335.2467,172.7926,0.00096666,0.00096666,,0.01599121,24.0,24.0,
2025-12-11,ibm_fez,16,115.6509,92.3288,0.00036312,0.00036312,,0.00500488,24.0,24.0,
2025-12-11,ibm_fez,17,90.0622,83.4257,0.00028571,0.00028571,,0.00634766,24.0,24.0,
2025-12-11,ibm_fez,18,123.2822,70.0009,0.00033273,0.00033273,,0.00646973,24.0,24.0,
2025-12-11,ibm_fez,19,173.6973,153.3571,0.00043847,0.00043847,,0.00891113,24.0,24.0,
2025-12-10,ibm_fez,10,190.8805,143.4859,0.00020629,0.00020629,0.00638394,0.00537109,24.0,24.0,68.0
2025-12-10,ibm_fez,11,132.7202,41.8914,0.00194387,0.00194387,0.00506148,0.02539062,24.0,24.0,68.0
2025-12-10,ibm_fez,12,72.5389,68.8347,0.00035611,0.00035611,0.00464958,0.02246094,24.0,24.0,68.0
2025-12-10,ibm_fez,13,302.4605,201.4187,0.00036618,0.00036618,0.00159906,0.01086426,24.0,24.0,68.0
2025-12-10,ibm_fez,14,199.8522,69.6303,0.00028822,0.00028822,0.0020894,0.00646973,24.0,24.0,68.0
2025-12-10,ibm_fez,15,125.5497,126.3151,0.00012524,0.00012524,,0.02209473,24.0,24.0,
2025-12-10,ibm_fez,16,236.2843,143.9445,0.000259,0.000259,,0.00341797,24.0,24.0,
2025-12-10,ibm_fez,17,166.7133,113.4355,0.00020484,0.00020484,,0.00402832,24.0,24.0,
2025-12-10,ibm_fez,18,124.4868,37.2394,0.00049952,0.00049952,,0.00744629,24.0,24.0,
2025-12-10,ibm_fez,19,179.9438,166.9678,0.00033699,0.00033699,,0.00671387,24.0,24.0,
2025-12-09,ibm_fez,10,218.6597,114.0938,0.0001452,0.0001452,0.00697798,0.00512695,24.0,24.0,68.0
2025-12-09,ibm_fez,11,77.1454,34.017,0.00067945,0.00067945,0.00425685,0.01806641,24.0,24.0,68.0
2025-12-09,ibm_fez,12,68.2892,76.5894,0.00034047,0.00034047,0.00314216,0.02258301,24.0,24.0,68.0
2025-12-09,ibm_fez,13,252.4111,204.4601,0.00023329,0.00023329,0.00210038,0.01611328,24.0,24.0,68.0
2025-12-09,ibm_fez,14,187.9425,66.0434,0.00018266,0.00018266,0.00217478,0.00708008,24.0,24.0,68.0
2025-12-09,ibm_fez,15,250.9921,159.5772,0.00012212,0.00012212,,0.02062988,24.0,24.0,
2025-12-09,ibm_fez,16,168.9194,131.5033,0.00039167,0.00039167,,0.01123047,24.0,24.0,
2025-12-09,ibm_fez,17,149.2967,100.1643,0.0002138,0.0002138,,0.00610352,24.0,24.0,
2025-12-09,ibm_fez,18,124.4868,68.2475,0.00032553,0.00032553,,0.00866699,24.0,24.0,
2025-12-09,ibm_fez,19,221.7819,168.9527,0.0002952,0.0002952,,0.01000977,24.0,24.0,
2025-12-08,ibm_fez,10,146.1397,104.1269,0.00030355,0.00030355,0.01069849,0.00646973,24.0,24.0,68.0
2025-12-08,ibm_fez,11,106.786,35.5869,0.00069541,0.00069541,0.00946905,0.02307129,24.0,24.0,68.0
2025-12-08,ibm_fez,12,61.8431,62.4642,0.00041894,0.00041894,0.00328528,0.01989746,24.0,24.0,68.0
2025-12-08,ibm_fez,13,274.4839,170.7008,0.00045358,0.00045358,0.0013844,0.01989746,24.0,24.0,68.0
2025-12-08,ibm_fez,14,165.9259,58.2291,0.00026741,0.00026741,0.0018757,0.00683594,24.0,24.0,68.0
2025-12-08,ibm_fez,15,221.7839,123.5149,0.00018241,0.00018241,,0.01916504,24.0,24.0,
2025-12-08,ibm_fez,16,138.6425,133.591,0.00036771,0.00036771,,0.00512695,24.0,24.0,
2025-12-08,ibm_fez,17,173.8247,70.8899,0.00021229,0.00021229,,0.00610352,24.0,24.0,
2025-12-08,ibm_fez,18,162.1155,74.55,0.00025595,0.00025595,,0.00671387,24.0,24.0,
2025-12-08,ibm_fez,19,117.2568,105.4844,0.0003585,0.0003585,,0.00756836,24.0,24.0,
2025-12-07,ibm_fez,10,132.8945,104.2606,0.00035983,0.00035983,0.00694873,0.00512695,24.0,24.0,68.0
2025-12-07,ibm_fez,11,114.4248,83.1711,0.00077499,0.00077499,0.00449648,0.01928711,24.0,24.0,68.0
2025-12-07,ibm_fez,12,65.9978,65.7086,0.00037846,0.00037846,0.00270859,0.02490234,24.0,24.0,68.0
2025-12-07,ibm_fez,13,273.5526,189.2643,0.00044189,0.00044189,0.00216777,0.01599121,24.0,24.0,68.0
2025-12-07,ibm_fez,14,186.3458,63.1877,0.00026741,0.00026741,0.00204884,0.0045166,24.0,24.0,68.0
2025-12-07,ibm_fez,15,271.412,154.9785,0.00021291,0.00021291,,0.01879883,24.0,24.0,
2025-12-07,ibm_fez,16,160.5664,135.8674,0.00034876,0.00034876,,0.00695801,24.0,24.0,
2025-12-07,ibm_fez,17,173.8247,105.1853,0.00030116,0.00030116,,0.00744629,24.0,24.0,
2025-12-07,ibm_fez,18,102.4555,64.9392,0.00036081,0.00036081,,0.00683594,24.0,24.0,
2025-12-07,ibm_fez,19,223.1462,199.6549,0.00039342,0.00039342,,0.00830078,24.0,24.0,
2025-12-06,ibm_fez,10,132.8945,104.2606,0.00035983,0.00035983,0.00694873,0.00842285,24.0,24.0,68.0
2025-12-06,ibm_fez,11,114.4248,83.1711,0.00077499,0.00077499,0.00449648,0.02612305,24.0,24.0,68.0
2025-12-06,ibm_fez,12,65.9978,65.7086,0.00037846,0.00037846,0.00270859,0.02148438,24.0,24.0,68.0
2025-12-06,ibm_fez,13,273.5526,189.2643,0.00044189,0.00044189,0.00216777,0.01245117,24.0,24.0,68.0
2025-12-06,ibm_fez,14,186.3458,63.1877,0.00026741,0.00026741,0.00204884,0.00683594,24.0,24.0,68.0
2025-12-06,ibm_fez,15,271.412,154.9785,0.00021291,0.00021291,,0.01965332,24.0,24.0,
2025-12-06,ibm_fez,16,160.5664,135.8674,0.00034876,0.00034876,,0.00524902,24.0,24.0,
2025-12-06,ibm_fez,17,173.8247,105.1853,0.00030116,0.00030116,,0.00805664,24.0,24.0,
2025-12-06,ibm_fez,18,102.4555,64.9392,0.00036081,0.00036081,,0.00793457,24.0,24.0,
2025-12-06,ibm_fez,19,223.1462,199.6549,0.00039342,0.00039342,,0.00939941,24.0,24.0,
2025-12-05,ibm_fez,10,215.9107,124.9639,0.00023272,0.00023272,0.00739533,0.0057373,24.0,24.0,68.0
2025-12-05,ibm_fez,11,111.7164,79.0823,0.00055987,0.00055987,0.00412512,0.02282715,24.0,24.0,68.0
2025-12-05,ibm_fez,12,75.3617,68.0546,0.000391,0.000391,0.00313483,0.02600098,24.0,24.0,68.0
2025-12-05,ibm_fez,13,264.5419,192.1811,0.00023329,0.00023329,0.00204672,0.02172852,24.0,24.0,68.0
2025-12-05,ibm_fez,14,217.6064,67.7694,0.00018052,0.00018052,0.00208454,0.01025391,24.0,24.0,68.0
2025-12-05,ibm_fez,15,346.3291,189.0002,0.00013376,0.00013376,,0.01989746,24.0,24.0,
2025-12-05,ibm_fez,16,159.8815,121.7961,0.00024573,0.00024573,,0.00415039,24.0,24.0,
2025-12-05,ibm_fez,17,200.1518,124.5667,0.00027402,0.00027402,,0.00646973,24.0,24.0,
2025-12-05,ibm_fez,18,141.5388,73.2394,0.00036838,0.00036838,,0.00646973,24.0,24.0,
2025-12-05,ibm_fez,19,215.4476,184.672,0.00052384,0.00052384,,0.00891113,24.0,24.0,
2025-12-04,ibm_fez,10,215.9107,124.9639,0.00023272,0.00023272,0.00739533,0.00793457,24.0,24.0,68.0
2025-12-04,ibm_fez,11,111.7164,79.0823,0.00055987,0.00055987,0.00412512,0.01940918,24.0,24.0,68.0
2025-12-04,ibm_fez,12,75.3617,68.0546,0.000391,0.000391,0.00313483,0.01989746,24.0,24.0,68.0
2025-12-04,ibm_fez,13,264.5419,192.1811,0.00023329,0.00023329,0.00204672,0.02026367,24.0,24.0,68.0
2025-12-04,ibm_fez,14,217.6064,67.7694,0.00018052,0.00018052,0.00208454,0.00610352,24.0,24.0,68.0
2025-12-04,ibm_fez,15,346.3291,189.0002,0.00013376,0.00013376,,0.0201416,24.0,24.0,
2025-12-04,ibm_fez,16,159.8815,121.7961,0.00024573,0.00024573,,0.00463867,24.0,24.0,
2025-12-04,ibm_fez,17,200.1518,124.5667,0.00027402,0.00027402,,0.00439453,24.0,24.0,
2025-12-04,ibm_fez,18,141.5388,73.2394,0.00036838,0.00036838,,0.01171875,24.0,24.0,
2025-12-04,ibm_fez,19,215.4476,184.672,0.00052384,0.00052384,,0.00744629,24.0,24.0,
2025-12-03,ibm_fez,10,214.1167,144.3293,0.00038795,0.00038795,0.00776901,0.00744629,24.0,24.0,68.0
2025-12-03,ibm_fez,11,198.4775,96.8966,0.00060295,0.00060295,0.00451776,0.02001953,24.0,24.0,68.0
2025-12-03,ibm_fez,12,70.0215,76.3818,0.00028663,0.00028663,0.00286642,0.02246094,24.0,24.0,68.0
2025-12-03,ibm_fez,13,233.0521,180.2367,0.00020065,0.00020065,0.00258004,0.02990723,24.0,24.0,68.0
2025-12-03,ibm_fez,14,193.0496,81.0501,0.00029527,0.00029527,0.00228291,0.00415039,24.0,24.0,68.0
2025-12-03,ibm_fez,15,299.4275,167.2441,0.0001829,0.0001829,,0.01757812,24.0,24.0,
2025-12-03,ibm_fez,16,164.2158,152.1851,0.00027834,0.00027834,,0.00622559,24.0,24.0,
2025-12-03,ibm_fez,17,165.064,102.5392,0.00018931,0.00018931,,0.00695801,24.0,24.0,
2025-12-03,ibm_fez,18,163.2685,76.7749,0.00041472,0.00041472,,0.00720215,24.0,24.0,
2025-12-03,ibm_fez,19,180.7405,147.9561,0.00042385,0.00042385,,0.00756836,24.0,24.0,
2025-12-02,ibm_fez,10,233.4093,132.6543,0.00016562,0.00016562,0.01008248,0.0098877,24.0,24.0,68.0
2025-12-02,ibm_fez,11,154.7753,95.0757,0.00070469,0.00070469,0.00885315,0.02172852,24.0,24.0,68.0
2025-12-02,ibm_fez,12,81.0334,70.7912,0.00036968,0.00036968,0.00293892,0.02185059,24.0,24.0,68.0
2025-12-02,ibm_fez,13,278.2443,200.8618,0.00046136,0.00046136,0.0020165,0.0135498,24.0,24.0,68.0
2025-12-02,ibm_fez,14,156.8035,70.0984,0.00024863,0.00024863,0.0016619,0.00598145,24.0,24.0,68.0
2025-12-02,ibm_fez,15,276.5888,184.0172,0.00011869,0.00011869,,0.01550293,24.0,24.0,
2025-12-02,ibm_fez,16,187.7108,146.2339,0.00023696,0.00023696,,0.00402832,24.0,24.0,
2025-12-02,ibm_fez,17,133.3748,109.1272,0.00026749,0.00026749,,0.00646973,24.0,24.0,
2025-12-02,ibm_fez,18,102.7254,48.8637,0.00030201,0.00030201,,0.00671387,24.0,24.0,
2025-12-02,ibm_fez,19,129.1421,140.1118,0.00050818,0.00050818,,0.00708008,24.0,24.0,
2025-12-01,ibm_fez,10,201.0508,133.0963,0.00036226,0.00036226,0.00812731,0.0065918,24.0,24.0,68.0
2025-12-01,ibm_fez,11,222.328,96.3402,0.00079206,0.00079206,0.0045913,0.02575684,24.0,24.0,68.0
2025-12-01,ibm_fez,12,64.5707,59.819,0.00028216,0.00028216,0.00265264,0.02099609,24.0,24.0,68.0
2025-12-01,ibm_fez,13,323.1188,180.6127,0.00041939,0.00041939,0.00231737,0.02075195,24.0,24.0,68.0
2025-12-01,ibm_fez,14,219.4119,80.908,0.00023357,0.00023357,0.00207844,0.00561523,24.0,24.0,68.0
2025-12-01,ibm_fez,15,282.7192,164.9499,0.00018002,0.00018002,,0.01818848,24.0,24.0,
2025-12-01,ibm_fez,16,43.8475,40.8387,0.00043369,0.00043369,,0.00585938,24.0,24.0,
2025-12-01,ibm_fez,17,113.3787,83.9171,0.00019375,0.00019375,,0.00622559,24.0,24.0,
2025-12-01,ibm_fez,18,146.0471,64.1017,0.00027272,0.00027272,,0.00524902,24.0,24.0,
2025-12-01,ibm_fez,19,234.5515,204.2481,0.00053865,0.00053865,,0.01245117,24.0,24.0,
2025-11-30,ibm_fez,10,211.8871,144.5879,0.00036226,0.00036226,0.00807189,0.01159668,24.0,24.0,68.0
2025-11-30,ibm_fez,11,136.1469,50.08,0.00079206,0.00079206,0.00441634,0.02905273,24.0,24.0,68.0
2025-11-30,ibm_fez,12,68.7137,72.0811,0.00028216,0.00028216,0.00328239,0.02099609,24.0,24.0,68.0
2025-11-30,ibm_fez,13,374.7652,13.1328,0.00041939,0.00041939,0.0021904,0.01586914,24.0,24.0,68.0
2025-11-30,ibm_fez,14,234.7515,61.564,0.00023357,0.00023357,0.00189085,0.00561523,24.0,24.0,68.0
2025-11-30,ibm_fez,15,319.0044,202.7758,0.00018002,0.00018002,,0.01965332,24.0,24.0,
2025-11-30,ibm_fez,16,164.9997,134.841,0.00043369,0.00043369,,0.00622559,24.0,24.0,
2025-11-30,ibm_fez,17,123.399,86.0763,0.00019375,0.00019375,,0.00585938,24.0,24.0,
2025-11-30,ibm_fez,18,158.6441,64.9042,0.00027272,0.00027272,,0.01306152,24.0,24.0,
2025-11-30,ibm_fez,19,208.1724,187.8473,0.00053865,0.00053865,,0.00695801,24.0,24.0,
2025-11-29,ibm_fez,10,184.518,145.0699,0.00036226,0.00036226,0.00718179,0.01159668,24.0,24.0,68.0
2025-11-29,ibm_fez,11,133.0257,90.768,0.00079206,0.00079206,0.00484792,0.03198242,24.0,24.0,68.0
2025-11-29,ibm_fez,12,72.3335,74.6434,0.00040392,0.00040392,0.00313964,0.02185059,24.0,24.0,68.0
2025-11-29,ibm_fez,13,374.7652,218.3636,0.00041754,0.00041754,0.00174506,0.01611328,24.0,24.0,68.0
2025-11-29,ibm_fez,14,212.2697,116.3543,0.00019925,0.00019925,0.00166074,0.00720215,24.0,24.0,68.0
2025-11-29,ibm_fez,15,321.405,172.7128,0.00011684,0.00011684,,0.01672363,24.0,24.0,
2025-11-29,ibm_fez,16,176.2777,149.6172,0.0003648,0.0003648,,0.0032959,24.0,24.0,
2025-11-29,ibm_fez,17,159.9906,109.7103,0.00037474,0.00037474,,0.00512695,24.0,24.0,
2025-11-29,ibm_fez,18,137.8546,71.1304,0.00036908,0.00036908,,0.00610352,24.0,24.0,
2025-11-29,ibm_fez,19,134.857,144.291,0.0003694,0.0003694,,0.00927734,24.0,24.0,
2025-11-28,ibm_fez,10,186.568,130.3154,0.00022082,0.00022082,0.00741186,0.00695801,24.0,24.0,68.0
2025-11-28,ibm_fez,11,135.8198,82.0082,0.0022254,0.0022254,0.00486425,0.01855469,24.0,24.0,68.0
2025-11-28,ibm_fez,12,75.9462,84.0614,0.00029553,0.00029553,0.00306897,0.02233887,24.0,24.0,68.0
2025-11-28,ibm_fez,13,209.7502,178.6429,0.00026868,0.00026868,0.00215351,0.01220703,24.0,24.0,68.0
2025-11-28,ibm_fez,14,227.3107,66.398,0.00025502,0.00025502,0.00216638,0.00585938,24.0,24.0,68.0
2025-11-28,ibm_fez,15,291.1859,178.078,0.00020733,0.00020733,,0.02148438,24.0,24.0,
2025-11-28,ibm_fez,16,143.5957,115.3959,0.00041221,0.00041221,,0.00610352,24.0,24.0,
2025-11-28,ibm_fez,17,81.7189,49.8669,0.00021391,0.00021391,,0.00427246,24.0,24.0,
2025-11-28,ibm_fez,18,175.902,78.5012,0.00041753,0.00041753,,0.0065918,24.0,24.0,
2025-11-28,ibm_fez,19,156.6597,165.4762,0.00043766,0.00043766,,0.00915527,24.0,24.0,
2025-11-27,ibm_fez,10,186.568,130.3154,0.0003419,0.0003419,0.00618017,0.015625,24.0,24.0,68.0
2025-11-27,ibm_fez,11,135.8198,82.0082,0.00054397,0.00054397,0.00425372,0.01635742,24.0,24.0,68.0
2025-11-27,ibm_fez,12,75.9462,84.0614,0.0003566,0.0003566,0.0033012,0.01940918,24.0,24.0,68.0
2025-11-27,ibm_fez,13,209.7502,178.6429,0.00023616,0.00023616,0.00230337,0.01428223,24.0,24.0,68.0
2025-11-27,ibm_fez,14,227.3107,66.398,0.00035981,0.00035981,0.00193809,0.00561523,24.0,24.0,68.0
2025-11-27,ibm_fez,15,291.1859,178.078,0.00022598,0.00022598,,0.01794434,24.0,24.0,
2025-11-27,ibm_fez,16,143.5957,115.3959,0.0006855,0.0006855,,0.00390625,24.0,24.0,
2025-11-27,ibm_fez,17,81.7189,49.8669,0.0003146,0.0003146,,0.00793457,24.0,24.0,
2025-11-27,ibm_fez,18,175.902,78.5012,0.00031136,0.00031136,,0.00805664,24.0,24.0,
2025-11-27,ibm_fez,19,156.6597,165.4762,0.00051558,0.00051558,,0.00671387,24.0,24.0,
2025-11-26,ibm_fez,10,134.2676,86.004,0.0003419,0.0003419,0.00583653,0.00585938,24.0,24.0,68.0
2025-11-26,ibm_fez,11,158.566,88.5879,0.00054397,0.00054397,0.00467644,0.01721191,24.0,24.0,68.0
2025-11-26,ibm_fez,12,69.3815,70.96,0.0003566,0.0003566,0.00327851,0.02478027,24.0,24.0,68.0
2025-11-26,ibm_fez,13,353.5608,190.1724,0.00023616,0.00023616,0.00256672,0.01538086,24.0,24.0,68.0
2025-11-26,ibm_fez,14,178.5706,70.184,0.00035981,0.00035981,0.00162614,0.01184082,24.0,24.0,68.0
2025-11-26,ibm_fez,15,373.1117,194.5054,0.00022598,0.00022598,,0.01794434,24.0,24.0,
2025-11-26,ibm_fez,16,51.3824,53.1671,0.0006855,0.0006855,,0.00976562,24.0,24.0,
2025-11-26,ibm_fez,17,179.3731,98.0989,0.0003146,0.0003146,,0.00537109,24.0,24.0,
2025-11-26,ibm_fez,18,174.9182,77.7768,0.00031136,0.00031136,,0.00634766,24.0,24.0,
2025-11-26,ibm_fez,19,121.2678,129.4439,0.00051558,0.00051558,,0.00842285,24.0,24.0,
2025-11-25,ibm_fez,10,164.5188,112.8288,0.00019794,0.00019794,0.00626195,0.00610352,24.0,24.0,68.0
2025-11-25,ibm_fez,11,128.9485,79.1993,0.00059584,0.00059584,0.00379681,0.02563477,24.0,24.0,68.0
2025-11-25,ibm_fez,12,78.9453,80.3039,0.00044868,0.00044868,0.00297024,0.02233887,24.0,24.0,68.0
2025-11-25,ibm_fez,13,230.0615,170.2396,0.00041552,0.00041552,0.00196632,0.01611328,24.0,24.0,68.0
2025-11-25,ibm_fez,14,225.3663,70.6053,0.000176,0.000176,0.00159846,0.00598145,24.0,24.0,68.0
2025-11-25,ibm_fez,15,274.7856,168.4861,0.00024494,0.00024494,,0.01794434,24.0,24.0,
2025-11-25,ibm_fez,16,51.3824,84.9914,0.00040142,0.00040142,,0.00756836,24.0,24.0,
2025-11-25,ibm_fez,17,147.0671,94.1837,0.00039316,0.00039316,,0.0057373,24.0,24.0,
2025-11-25,ibm_fez,18,153.9481,78.4451,0.00029012,0.00029012,,0.00512695,24.0,24.0,
2025-11-25,ibm_fez,19,154.4238,174.1263,0.0003124,0.0003124,,0.00695801,24.0,24.0,
2025-11-24,ibm_fez,10,204.1716,154.8081,0.00027756,0.00027756,0.00578936,0.00610352,24.0,24.0,68.0
2025-11-24,ibm_fez,11,88.5657,67.3409,0.00184069,0.00184069,0.00432989,0.02026367,24.0,24.0,68.0
2025-11-24,ibm_fez,12,76.2274,80.9816,0.00037519,0.00037519,0.00269116,0.02478027,24.0,24.0,68.0
2025-11-24,ibm_fez,13,264.4897,185.3504,0.00033915,0.00033915,0.00203579,0.0246582,24.0,24.0,68.0
2025-11-24,ibm_fez,14,197.1096,78.9529,0.00019877,0.00019877,0.00239326,0.00939941,24.0,24.0,68.0
2025-11-24,ibm_fez,15,213.1498,131.8246,0.00016747,0.00016747,,0.02062988,24.0,24.0,
2025-11-24,ibm_fez,16,51.3824,59.6099,0.00042406,0.00042406,,0.01049805,24.0,24.0,
2025-11-24,ibm_fez,17,169.0484,98.1642,0.0001688,0.0001688,,0.00439453,24.0,24.0,
2025-11-24,ibm_fez,18,100.1742,51.2725,0.00028697,0.00028697,,0.00756836,24.0,24.0,
2025-11-24,ibm_fez,19,144.8936,138.6686,0.00042531,0.00042531,,0.00915527,24.0,24.0,
2025-11-23,ibm_fez,10,221.5823,125.8436,0.00029559,0.00029559,0.00967202,0.00598145,24.0,24.0,68.0
2025-11-23,ibm_fez,11,98.42,75.1194,0.00059382,0.00059382,0.00856087,0.02539062,24.0,24.0,68.0
2025-11-23,ibm_fez,12,63.6916,71.1796,0.00035022,0.00035022,0.00301471,0.02355957,24.0,24.0,68.0
2025-11-23,ibm_fez,13,329.2253,133.7657,0.00041572,0.00041572,0.00213057,0.02148438,24.0,24.0,68.0
2025-11-23,ibm_fez,14,223.341,79.5229,0.00022969,0.00022969,0.00234952,0.00793457,24.0,24.0,68.0
2025-11-23,ibm_fez,15,171.6849,111.0234,0.00016747,0.00016747,,0.01464844,24.0,24.0,
2025-11-23,ibm_fez,16,73.3926,78.6611,0.00037117,0.00037117,,0.00231934,24.0,24.0,
2025-11-23,ibm_fez,17,121.0504,73.6408,0.00025067,0.00025067,,0.0045166,24.0,24.0,
2025-11-23,ibm_fez,18,109.0823,61.4791,0.00031724,0.00031724,,0.00769043,24.0,24.0,
2025-11-23,ibm_fez,19,196.3263,165.5049,0.00057415,0.00057415,,0.00915527,24.0,24.0,
2025-11-22,ibm_fez,10,197.6187,127.1564,0.00052055,0.00052055,0.00607054,0.00598145,24.0,24.0,68.0
2025-11-22,ibm_fez,11,91.7073,62.4272,0.00120414,0.00120414,0.003409,0.01660156,24.0,24.0,68.0
2025-11-22,ibm_fez,12,69.4664,67.3514,0.00044528,0.00044528,0.00606662,0.02514648,24.0,24.0,68.0
2025-11-22,ibm_fez,13,198.8795,107.3786,0.00038068,0.00038068,0.00535532,0.01403809,24.0,24.0,68.0
2025-11-22,ibm_fez,14,170.3238,62.3626,0.00046383,0.00046383,0.00186372,0.00793457,24.0,24.0,68.0
2025-11-22,ibm_fez,15,159.8511,120.1706,0.00066791,0.00066791,,0.01513672,24.0,24.0,
2025-11-22,ibm_fez,16,64.6987,30.9341,0.00030262,0.00030262,,0.01123047,24.0,24.0,
2025-11-22,ibm_fez,17,155.3508,95.9248,0.00021189,0.00021189,,0.00671387,24.0,24.0,
2025-11-22,ibm_fez,18,110.3974,58.2815,0.00037274,0.00037274,,0.00915527,24.0,24.0,
2025-11-22,ibm_fez,19,102.7994,116.4326,0.00033454,0.00033454,,0.00793457,24.0,24.0,
2025-11-21,ibm_fez,10,197.6187,127.1564,0.00052055,0.00052055,0.00607162,0.00634766,24.0,24.0,68.0
2025-11-21,ibm_fez,11,91.7073,62.4272,0.00120414,0.00120414,0.00396337,0.02185059,24.0,24.0,68.0
2025-11-21,ibm_fez,12,69.4664,67.3514,0.00044528,0.00044528,0.00300545,0.02441406,24.0,24.0,68.0
2025-11-21,ibm_fez,13,198.8795,107.3786,0.00038068,0.00038068,0.00230724,0.0177002,24.0,24.0,68.0
2025-11-21,ibm_fez,14,170.3238,62.3626,0.00046383,0.00046383,0.00259192,0.00537109,24.0,24.0,68.0
2025-11-21,ibm_fez,15,159.8511,120.1706,0.00066791,0.00066791,,0.01904297,24.0,24.0,
2025-11-21,ibm_fez,16,64.6987,30.9341,0.00030262,0.00030262,,0.00549316,24.0,24.0,
2025-11-21,ibm_fez,17,155.3508,95.9248,0.00021189,0.00021189,,0.00817871,24.0,24.0,
2025-11-21,ibm_fez,18,110.3974,58.2815,0.00037274,0.00037274,,0.00598145,24.0,24.0,
2025-11-21,ibm_fez,19,102.7994,116.4326,0.00033454,0.00033454,,0.00769043,24.0,24.0,
2025-11-20,ibm_fez,10,224.6835,129.5351,0.00029038,0.00029038,0.00580454,0.02612305,24.0,24.0,68.0
2025-11-20,ibm_fez,11,222.0739,98.1482,0.00057162,0.00057162,0.00393851,0.02539062,24.0,24.0,68.0
2025-11-20,ibm_fez,12,80.8042,56.0546,0.00040648,0.00040648,0.00265693,0.02062988,24.0,24.0,68.0
2025-11-20,ibm_fez,13,161.9118,54.6684,0.00032638,0.00032638,0.00224738,0.02661133,24.0,24.0,68.0
2025-11-20,ibm_fez,14,251.631,79.3103,0.00031083,0.00031083,0.00179882,0.00720215,24.0,24.0,68.0
2025-11-20,ibm_fez,15,336.7526,201.3828,0.00019748,0.00019748,,0.01660156,24.0,24.0,
2025-11-20,ibm_fez,16,64.6987,73.9738,0.00018642,0.00018642,,0.00488281,24.0,24.0,
2025-11-20,ibm_fez,17,151.3656,104.1629,0.00026537,0.00026537,,0.00683594,24.0,24.0,
2025-11-20,ibm_fez,18,116.2692,64.3546,0.00029448,0.00029448,,0.01171875,24.0,24.0,
2025-11-20,ibm_fez,19,199.86,182.8206,0.00065017,0.00065017,,0.00830078,24.0,24.0,
2025-11-19,ibm_fez,10,224.6835,129.5351,0.00029038,0.00029038,0.00580454,0.00708008,24.0,24.0,68.0
2025-11-19,ibm_fez,11,222.0739,98.1482,0.00057162,0.00057162,0.00393851,0.02099609,24.0,24.0,68.0
2025-11-19,ibm_fez,12,80.8042,56.0546,0.00040648,0.00040648,0.00265693,0.02441406,24.0,24.0,68.0
2025-11-19,ibm_fez,13,161.9118,54.6684,0.00032638,0.00032638,0.00224738,0.01147461,24.0,24.0,68.0
2025-11-19,ibm_fez,14,251.631,79.3103,0.00031083,0.00031083,0.00179882,0.0078125,24.0,24.0,68.0
2025-11-19,ibm_fez,15,336.7526,201.3828,0.00019748,0.00019748,,0.01123047,24.0,24.0,
2025-11-19,ibm_fez,16,64.6987,73.9738,0.00018642,0.00018642,,0.00317383,24.0,24.0,
2025-11-19,ibm_fez,17,151.3656,104.1629,0.00026537,0.00026537,,0.00561523,24.0,24.0,
2025-11-19,ibm_fez,18,116.2692,64.3546,0.00029448,0.00029448,,0.00708008,24.0,24.0,
2025-11-19,ibm_fez,19,199.86,182.8206,0.00065017,0.00065017,,0.00463867,24.0,24.0,
2025-11-18,ibm_fez,10,159.1537,119.9144,0.00027487,0.00027487,0.00984982,0.00720215,24.0,24.0,68.0
2025-11-18,ibm_fez,11,69.3941,52.2103,0.00169495,0.00169495,0.00877737,0.0213623,24.0,24.0,68.0
2025-11-18,ibm_fez,12,83.7292,78.6975,0.00026883,0.00026883,0.00379809,0.03601074,24.0,24.0,68.0
2025-11-18,ibm_fez,13,161.9118,100.684,0.00024961,0.00024961,0.00177742,0.01550293,24.0,24.0,68.0
2025-11-18,ibm_fez,14,163.6668,60.3727,0.00025567,0.00025567,0.00182442,0.01049805,24.0,24.0,68.0
2025-11-18,ibm_fez,15,361.9303,225.5447,0.00016723,0.00016723,,0.01794434,24.0,24.0,
2025-11-18,ibm_fez,16,130.3717,103.1502,0.00018642,0.00018642,,0.0065918,24.0,24.0,
2025-11-18,ibm_fez,17,160.6099,108.5518,0.00017274,0.00017274,,0.0057373,24.0,24.0,
2025-11-18,ibm_fez,18,127.8525,75.6384,0.00032194,0.00032194,,0.00866699,24.0,24.0,
2025-11-18,ibm_fez,19,178.1443,164.7636,0.00033557,0.00033557,,0.00854492,24.0,24.0,
2025-11-17,ibm_fez,10,185.867,111.9854,0.00045925,0.00045925,0.0058923,0.00732422,24.0,24.0,68.0
2025-11-17,ibm_fez,11,167.2268,87.0636,0.00060566,0.00060566,0.0035278,0.02319336,24.0,24.0,68.0
2025-11-17,ibm_fez,12,74.6009,71.5867,0.00020604,0.00020604,0.00216074,0.02050781,24.0,24.0,68.0
2025-11-17,ibm_fez,13,320.2063,169.8046,0.00033842,0.00033842,0.00271881,0.01879883,24.0,24.0,68.0
2025-11-17,ibm_fez,14,194.4015,67.816,0.00018541,0.00018541,0.00192857,0.0065918,24.0,24.0,68.0
2025-11-17,ibm_fez,15,264.8187,173.4001,0.00012733,0.00012733,,0.01879883,24.0,24.0,
2025-11-17,ibm_fez,16,210.9304,164.2777,0.00026794,0.00026794,,0.00915527,24.0,24.0,
2025-11-17,ibm_fez,17,96.808,81.2104,0.00023818,0.00023818,,0.00415039,24.0,24.0,
2025-11-17,ibm_fez,18,126.1051,63.3943,0.00038644,0.00038644,,0.01074219,24.0,24.0,
2025-11-17,ibm_fez,19,209.3948,172.256,0.00021374,0.00021374,,0.00720215,24.0,24.0,
2025-11-16,ibm_fez,10,168.0702,112.4476,0.00025205,0.00025205,0.00680633,0.00610352,24.0,24.0,68.0
2025-11-16,ibm_fez,11,210.2109,86.5517,0.00058263,0.00058263,0.00375011,0.02380371,24.0,24.0,68.0
2025-11-16,ibm_fez,12,75.1903,71.5143,0.00031339,0.00031339,0.00227797,0.02062988,24.0,24.0,68.0
2025-11-16,ibm_fez,13,288.4116,197.8033,0.00032192,0.00032192,0.00224695,0.02490234,24.0,24.0,68.0
2025-11-16,ibm_fez,14,204.427,66.627,0.0002439,0.0002439,0.00162914,0.00805664,24.0,24.0,68.0
2025-11-16,ibm_fez,15,303.7977,189.9248,8.834e-05,8.834e-05,,0.01611328,24.0,24.0,
2025-11-16,ibm_fez,16,183.5459,150.8709,0.00029953,0.00029953,,0.00598145,24.0,24.0,
2025-11-16,ibm_fez,17,150.3458,98.8991,0.00027959,0.00027959,,0.00634766,24.0,24.0,
2025-11-16,ibm_fez,18,167.1006,80.8898,0.00044155,0.00044155,,0.00671387,24.0,24.0,
2025-11-16,ibm_fez,19,195.3629,149.7902,0.00066672,0.00066672,,0.00695801,24.0,24.0,
2025-11-15,ibm_fez,10,257.9771,133.9825,0.00022488,0.00022488,0.00661472,0.00537109,24.0,24.0,68.0
2025-11-15,ibm_fez,11,190.3046,95.0991,0.00062634,0.00062634,0.00457223,0.01708984,24.0,24.0,68.0
2025-11-15,ibm_fez,12,76.5037,79.8607,0.00029361,0.00029361,0.00231325,0.0255127,24.0,24.0,68.0
2025-11-15,ibm_fez,13,278.5383,177.4228,0.00017955,0.00017955,0.00207953,0.06860352,24.0,24.0,68.0
2025-11-15,ibm_fez,14,223.1903,72.6013,0.00024371,0.00024371,0.00168663,0.0065918,24.0,24.0,68.0
2025-11-15,ibm_fez,15,323.6289,187.815,0.00023231,0.00023231,,0.01794434,24.0,24.0,
2025-11-15,ibm_fez,16,213.522,157.4926,0.00030252,0.00030252,,0.00830078,24.0,24.0,
2025-11-15,ibm_fez,17,78.439,69.2175,0.00023791,0.00023791,,0.00524902,24.0,24.0,
2025-11-15,ibm_fez,18,131.1414,63.8566,0.00032729,0.00032729,,0.00842285,24.0,24.0,
2025-11-15,ibm_fez,19,200.1156,172.6682,0.00030195,0.00030195,,0.00598145,24.0,24.0,
2025-11-14,ibm_fez,10,176.8,109.0242,0.00034891,0.00034891,0.00833588,0.00622559,24.0,24.0,68.0
2025-11-14,ibm_fez,11,113.317,75.8655,0.00060357,0.00060357,0.00359506,0.01953125,24.0,24.0,68.0
2025-11-14,ibm_fez,12,70.9724,60.8157,0.00030477,0.00030477,0.00228995,0.02404785,24.0,24.0,68.0
2025-11-14,ibm_fez,13,179.813,32.0154,0.00050892,0.00050892,0.00254036,0.01306152,24.0,24.0,68.0
2025-11-14,ibm_fez,14,234.1659,72.7707,0.00027526,0.00027526,0.00219595,0.00939941,24.0,24.0,68.0
2025-11-14,ibm_fez,15,415.8059,218.5442,0.00015757,0.00015757,,0.01708984,24.0,24.0,
2025-11-14,ibm_fez,16,197.3625,159.0283,0.00037467,0.00037467,,0.00854492,24.0,24.0,
2025-11-14,ibm_fez,17,162.6829,108.1488,0.00022236,0.00022236,,0.00585938,24.0,24.0,
2025-11-14,ibm_fez,18,151.1788,69.1044,0.00033454,0.00033454,,0.00805664,24.0,24.0,
2025-11-14,ibm_fez,19,166.9404,146.5662,0.00055458,0.00055458,,0.01098633,24.0,24.0,
2025-11-13,ibm_fez,10,213.7779,115.1344,0.00027889,0.00027889,0.00689628,0.00976562,24.0,24.0,68.0
2025-11-13,ibm_fez,11,158.7932,70.7863,0.00075898,0.00075898,0.00408696,0.01342773,24.0,24.0,68.0
2025-11-13,ibm_fez,12,76.2252,68.991,0.00046972,0.00046972,0.00232898,0.02270508,24.0,24.0,68.0
2025-11-13,ibm_fez,13,179.813,144.1829,0.00058305,0.00058305,0.00190435,0.01318359,24.0,24.0,68.0
2025-11-13,ibm_fez,14,222.2109,70.8027,0.0002134,0.0002134,0.00193163,0.00488281,24.0,24.0,68.0
2025-11-13,ibm_fez,15,354.1889,174.1058,0.00016538,0.00016538,,0.02026367,24.0,24.0,
2025-11-13,ibm_fez,16,206.4635,151.2358,0.00026409,0.00026409,,0.00512695,24.0,24.0,
2025-11-13,ibm_fez,17,150.0012,93.3919,0.00032503,0.00032503,,0.00683594,24.0,24.0,
2025-11-13,ibm_fez,18,189.1148,82.7117,0.0002769,0.0002769,,0.00708008,24.0,24.0,
2025-11-13,ibm_fez,19,240.7205,195.1526,0.00060968,0.00060968,,0.00585938,24.0,24.0,
2025-11-12,ibm_fez,10,188.512,117.8407,0.00022219,0.00022219,0.00730701,0.00598145,24.0,24.0,68.0
2025-11-12,ibm_fez,11,202.7656,88.9714,0.00057045,0.00057045,0.00394204,0.02905273,24.0,24.0,68.0
2025-11-12,ibm_fez,12,76.2712,73.9129,0.00047696,0.00047696,0.0027355,0.0234375,24.0,24.0,68.0
2025-11-12,ibm_fez,13,273.0604,88.4505,0.00043509,0.00043509,0.00220736,0.01367188,24.0,24.0,68.0
2025-11-12,ibm_fez,14,241.4093,75.6495,0.00027183,0.00027183,0.00204905,0.00744629,24.0,24.0,68.0
2025-11-12,ibm_fez,15,288.175,169.4897,0.00012819,0.00012819,,0.01928711,24.0,24.0,
2025-11-12,ibm_fez,16,103.8613,101.2258,0.00035578,0.00035578,,0.00708008,24.0,24.0,
2025-11-12,ibm_fez,17,166.146,29.618,0.00033162,0.00033162,,0.00671387,24.0,24.0,
2025-11-12,ibm_fez,18,206.053,81.44,0.00026968,0.00026968,,0.00549316,24.0,24.0,
2025-11-12,ibm_fez,19,165.3614,137.2969,0.00055578,0.00055578,,0.00830078,24.0,24.0,
2025-11-11,ibm_fez,10,192.6714,117.2886,0.00023409,0.00023409,0.01134175,0.00463867,24.0,24.0,68.0
2025-11-11,ibm_fez,11,135.032,78.8033,0.00052772,0.00052772,0.00798982,0.015625,24.0,24.0,68.0
2025-11-11,ibm_fez,12,71.1856,63.0199,0.00043896,0.00043896,0.00250065,0.02197266,24.0,24.0,68.0
2025-11-11,ibm_fez,13,273.0604,103.2062,0.00029519,0.00029519,0.00152558,0.02087402,24.0,24.0,68.0
2025-11-11,ibm_fez,14,186.4318,88.8081,0.0001932,0.0001932,0.00174113,0.00854492,24.0,24.0,68.0
2025-11-11,ibm_fez,15,334.2185,207.0147,0.00017117,0.00017117,,0.01367188,24.0,24.0,
2025-11-11,ibm_fez,16,214.7272,150.9859,0.00059978,0.00059978,,0.00671387,24.0,24.0,
2025-11-11,ibm_fez,17,166.146,119.4243,0.00026055,0.00026055,,0.00463867,24.0,24.0,
2025-11-11,ibm_fez,18,110.2783,62.2598,0.00044786,0.00044786,,0.02441406,24.0,24.0,
2025-11-11,ibm_fez,19,159.2438,152.0723,0.00065512,0.00065512,,0.00720215,24.0,24.0,
2025-11-10,ibm_fez,10,74.9492,65.6123,0.00023409,0.00023409,0.01087333,0.00610352,24.0,24.0,68.0
2025-11-10,ibm_fez,11,165.5308,98.7543,0.00052772,0.00052772,0.00908089,0.01818848,24.0,24.0,68.0
2025-11-10,ibm_fez,12,82.995,76.8321,0.00043896,0.00043896,0.00259827,0.02038574,24.0,24.0,68.0
2025-11-10,ibm_fez,13,258.4259,201.1993,0.00029519,0.00029519,0.00194557,0.01831055,24.0,24.0,68.0
2025-11-10,ibm_fez,14,233.1983,72.0943,0.0001932,0.0001932,0.0018812,0.01184082,24.0,24.0,68.0
2025-11-10,ibm_fez,15,187.9394,154.6121,0.00017117,0.00017117,,0.02294922,24.0,24.0,
2025-11-10,ibm_fez,16,160.0495,129.9239,0.00059978,0.00059978,,0.00488281,24.0,24.0,
2025-11-10,ibm_fez,17,179.283,111.0414,0.00026055,0.00026055,,0.00671387,24.0,24.0,
2025-11-10,ibm_fez,18,144.0512,74.2134,0.00044786,0.00044786,,0.01123047,24.0,24.0,
2025-11-10,ibm_fez,19,185.5467,158.9982,0.00065512,0.00065512,,0.01098633,24.0,24.0,
2025-11-09,ibm_fez,10,206.5987,121.622,0.00023409,0.00023409,0.01087333,0.00439453,24.0,24.0,68.0
2025-11-09,ibm_fez,11,135.9384,59.7823,0.00052772,0.00052772,0.00908089,0.01586914,24.0,24.0,68.0
2025-11-09,ibm_fez,12,71.5312,68.1769,0.00043896,0.00043896,0.00259827,0.02124023,24.0,24.0,68.0
2025-11-09,ibm_fez,13,316.5934,220.7573,0.00029519,0.00029519,0.00194557,0.01171875,24.0,24.0,68.0
2025-11-09,ibm_fez,14,242.5498,85.402,0.0001932,0.0001932,0.0018812,0.00610352,24.0,24.0,68.0
2025-11-09,ibm_fez,15,261.4948,155.0766,0.00017117,0.00017117,,0.01538086,24.0,24.0,
2025-11-09,ibm_fez,16,189.1256,130.5368,0.00059978,0.00059978,,0.00610352,24.0,24.0,
2025-11-09,ibm_fez,17,131.2871,95.8121,0.00026055,0.00026055,,0.0078125,24.0,24.0,
2025-11-09,ibm_fez,18,140.7933,68.6382,0.00044786,0.00044786,,0.00732422,24.0,24.0,
2025-11-09,ibm_fez,19,180.9618,174.0576,0.00065512,0.00065512,,0.00585938,24.0,24.0,
2025-11-08,ibm_fez,10,214.8314,164.628,0.00028223,0.00028223,0.00689222,0.00317383,24.0,24.0,68.0
2025-11-08,ibm_fez,11,97.1765,25.0415,0.00057748,0.00057748,0.00354982,0.01904297,24.0,24.0,68.0
2025-11-08,ibm_fez,12,54.6568,55.2628,0.00025422,0.00025422,0.00222202,0.02368164,24.0,24.0,68.0
2025-11-08,ibm_fez,13,208.6196,152.5563,0.00025475,0.00025475,0.00205887,0.01245117,24.0,24.0,68.0
2025-11-08,ibm_fez,14,206.3454,82.5818,0.00017677,0.00017677,0.00209621,0.00610352,24.0,24.0,68.0
2025-11-08,ibm_fez,15,278.062,189.5687,0.00020219,0.00020219,,0.01538086,24.0,24.0,
2025-11-08,ibm_fez,16,140.3494,102.2892,0.00036675,0.00036675,,0.01049805,24.0,24.0,
2025-11-08,ibm_fez,17,131.2871,95.8121,0.00024149,0.00024149,,0.00463867,24.0,24.0,
2025-11-08,ibm_fez,18,148.3026,78.4166,0.00108302,0.00108302,,0.00512695,24.0,24.0,
2025-11-08,ibm_fez,19,121.9492,126.1679,0.00042022,0.00042022,,0.0065918,24.0,24.0,
2025-11-07,ibm_fez,10,231.842,117.3572,0.00026102,0.00026102,0.00735686,0.00769043,24.0,24.0,68.0
2025-11-07,ibm_fez,11,97.1765,66.4862,0.00077499,0.00077499,0.00510499,0.02209473,24.0,24.0,68.0
2025-11-07,ibm_fez,12,80.3523,75.6681,0.00044553,0.00044553,0.00260224,0.02148438,24.0,24.0,68.0
2025-11-07,ibm_fez,13,145.5878,111.2055,0.00060516,0.00060516,0.00203038,0.02429199,24.0,24.0,68.0
2025-11-07,ibm_fez,14,122.9989,66.7631,0.00023437,0.00023437,0.00219447,0.00549316,24.0,24.0,68.0
2025-11-07,ibm_fez,15,278.4512,174.1255,0.00026698,0.00026698,,0.01367188,24.0,24.0,
2025-11-07,ibm_fez,16,148.214,120.0173,0.00034413,0.00034413,,0.00927734,24.0,24.0,
2025-11-07,ibm_fez,17,89.0675,77.6529,0.00025051,0.00025051,,0.00561523,24.0,24.0,
2025-11-07,ibm_fez,18,70.4227,29.3027,0.00054494,0.00054494,,0.00671387,24.0,24.0,
2025-11-07,ibm_fez,19,137.3505,140.1349,0.00031551,0.00031551,,0.00646973,24.0,24.0,
2025-11-06,ibm_fez,10,231.842,117.3572,0.00026102,0.00026102,0.00606373,0.00488281,24.0,24.0,68.0
2025-11-06,ibm_fez,11,97.1765,66.4862,0.00077499,0.00077499,0.00495175,0.01623535,24.0,24.0,68.0
2025-11-06,ibm_fez,12,80.3523,75.6681,0.00044553,0.00044553,0.00250999,0.02624512,24.0,24.0,68.0
2025-11-06,ibm_fez,13,145.5878,111.2055,0.00060516,0.00060516,0.00226681,0.01489258,24.0,24.0,68.0
2025-11-06,ibm_fez,14,122.9989,66.7631,0.00023437,0.00023437,0.00444775,0.02441406,24.0,24.0,68.0
2025-11-06,ibm_fez,15,278.4512,174.1255,0.00026698,0.00026698,,0.01538086,24.0,24.0,
2025-11-06,ibm_fez,16,148.214,120.0173,0.00034413,0.00034413,,0.00524902,24.0,24.0,
2025-11-06,ibm_fez,17,89.0675,77.6529,0.00025051,0.00025051,,0.00634766,24.0,24.0,
2025-11-06,ibm_fez,18,70.4227,29.3027,0.00054494,0.00054494,,0.00695801,24.0,24.0,
2025-11-06,ibm_fez,19,137.3505,140.1349,0.00031551,0.00031551,,0.00695801,24.0,24.0,
2025-11-05,ibm_fez,10,231.842,116.7748,0.0002858,0.0002858,0.00606373,0.00512695,24.0,24.0,68.0
2025-11-05,ibm_fez,11,128.4298,76.8589,0.00070589,0.00070589,0.00495175,0.02246094,24.0,24.0,68.0
2025-11-05,ibm_fez,12,85.5915,72.6281,0.0003424,0.0003424,0.00250999,0.02514648,24.0,24.0,68.0
2025-11-05,ibm_fez,13,300.1557,195.6116,0.00022757,0.00022757,0.00226681,0.01538086,24.0,24.0,68.0
2025-11-05,ibm_fez,14,182.4263,57.6354,0.00017183,0.00017183,0.00444775,0.0090332,24.0,24.0,68.0
2025-11-05,ibm_fez,15,187.1077,149.9017,0.00019446,0.00019446,,0.01806641,24.0,24.0,
2025-11-05,ibm_fez,16,100.3062,72.8056,0.0003702,0.0003702,,0.0090332,24.0,24.0,
2025-11-05,ibm_fez,17,203.9385,108.4447,0.00026192,0.00026192,,0.00585938,24.0,24.0,
2025-11-05,ibm_fez,18,70.4227,59.8079,0.00031147,0.00031147,,0.00634766,24.0,24.0,
2025-11-05,ibm_fez,19,179.6339,170.0192,0.00054767,0.00054767,,0.00610352,24.0,24.0,
2025-11-04,ibm_fez,10,212.6508,123.4282,0.0002858,0.0002858,0.00738776,0.00378418,24.0,24.0,68.0
2025-11-04,ibm_fez,11,157.9162,82.3616,0.00068977,0.00068977,0.00466822,0.01940918,24.0,24.0,68.0
2025-11-04,ibm_fez,12,88.2949,84.0303,0.00040306,0.00040306,0.00312052,0.02404785,24.0,24.0,68.0
2025-11-04,ibm_fez,13,311.1839,189.0514,0.00032107,0.00032107,0.00183053,0.01318359,24.0,24.0,68.0
2025-11-04,ibm_fez,14,133.5884,58.8556,0.00028527,0.00028527,0.00277354,0.00549316,24.0,24.0,68.0
2025-11-04,ibm_fez,15,289.3371,181.3981,0.00020904,0.00020904,,0.01831055,24.0,24.0,
2025-11-04,ibm_fez,16,100.3062,56.3836,0.00034558,0.00034558,,0.00744629,24.0,24.0,
2025-11-04,ibm_fez,17,101.0865,83.3793,0.0001906,0.0001906,,0.0078125,24.0,24.0,
2025-11-04,ibm_fez,18,144.936,82.722,0.00042587,0.00042587,,0.00634766,24.0,24.0,
2025-11-04,ibm_fez,19,145.0984,130.8659,0.00044942,0.00044942,,0.00878906,24.0,24.0,
2025-11-03,ibm_fez,10,158.1104,111.7234,0.00043623,0.00043623,0.01018557,0.00671387,24.0,24.0,68.0
2025-11-03,ibm_fez,11,159.5271,77.9181,0.00048903,0.00048903,0.00843927,0.0189209,24.0,24.0,68.0
2025-11-03,ibm_fez,12,91.574,79.3052,0.0003535,0.0003535,0.00268045,0.01965332,24.0,24.0,68.0
2025-11-03,ibm_fez,13,201.7595,164.5786,0.00036382,0.00036382,0.00175934,0.01477051,24.0,24.0,68.0
2025-11-03,ibm_fez,14,245.9044,72.4324,0.00040159,0.00040159,0.00186185,0.00463867,24.0,24.0,68.0
2025-11-03,ibm_fez,15,316.1281,180.5831,0.00011823,0.00011823,,0.0177002,24.0,24.0,
2025-11-03,ibm_fez,16,123.1002,131.9327,0.00033202,0.00033202,,0.00708008,24.0,24.0,
2025-11-03,ibm_fez,17,59.6563,47.3397,0.00035024,0.00035024,,0.00622559,24.0,24.0,
2025-11-03,ibm_fez,18,127.3218,74.2069,0.0002979,0.0002979,,0.00756836,24.0,24.0,
2025-11-03,ibm_fez,19,156.704,145.3028,0.00050813,0.00050813,,0.00695801,24.0,24.0,
2025-11-02,ibm_fez,10,172.8283,126.0316,0.00019,0.00019,0.00665773,0.00830078,24.0,24.0,68.0
2025-11-02,ibm_fez,11,145.0075,86.3107,0.00061677,0.00061677,0.00444777,0.02111816,24.0,24.0,68.0
2025-11-02,ibm_fez,12,75.1735,76.2726,0.00029137,0.00029137,0.0030131,0.02111816,24.0,24.0,68.0
2025-11-02,ibm_fez,13,243.7427,178.8783,0.00028743,0.00028743,0.00220692,0.02026367,24.0,24.0,68.0
2025-11-02,ibm_fez,14,255.6218,72.0999,0.00023533,0.00023533,0.00271458,0.0090332,24.0,24.0,68.0
2025-11-02,ibm_fez,15,272.503,194.6053,0.00022903,0.00022903,,0.01721191,24.0,24.0,
2025-11-02,ibm_fez,16,136.9377,110.0501,0.00070237,0.00070237,,0.00561523,24.0,24.0,
2025-11-02,ibm_fez,17,162.0424,109.4749,0.00017901,0.00017901,,0.00793457,24.0,24.0,
2025-11-02,ibm_fez,18,145.0563,70.8025,0.00034336,0.00034336,,0.00390625,24.0,24.0,
2025-11-02,ibm_fez,19,194.7945,141.5055,0.00039683,0.00039683,,0.0078125,24.0,24.0,
2025-11-01,ibm_fez,10,114.2278,107.304,0.00028316,0.00028316,0.00538583,0.00842285,24.0,24.0,68.0
2025-11-01,ibm_fez,11,147.0709,84.297,0.00049837,0.00049837,0.00307862,0.02160645,24.0,24.0,68.0
2025-11-01,ibm_fez,12,54.5063,47.0874,0.00026952,0.00026952,0.00321263,0.0213623,24.0,24.0,68.0
2025-11-01,ibm_fez,13,372.4357,216.263,0.0003579,0.0003579,0.00187235,0.01672363,24.0,24.0,68.0
2025-11-01,ibm_fez,14,115.8401,46.7039,0.00016153,0.00016153,0.00185177,0.00854492,24.0,24.0,68.0
2025-11-01,ibm_fez,15,127.7235,68.5526,0.00015984,0.00015984,,0.01806641,24.0,24.0,
2025-11-01,ibm_fez,16,130.2457,111.722,0.00036056,0.00036056,,0.00610352,24.0,24.0,
2025-11-01,ibm_fez,17,138.6977,95.7293,0.00021194,0.00021194,,0.00634766,24.0,24.0,
2025-11-01,ibm_fez,18,157.4515,77.7447,0.00047083,0.00047083,,0.00793457,24.0,24.0,
2025-11-01,ibm_fez,19,129.6826,143.278,0.00038007,0.00038007,,0.0065918,24.0,24.0,
2025-10-31,ibm_fez,10,250.6292,138.5684,0.00023214,0.00023214,0.00586082,0.0090332,24.0,24.0,68.0
2025-10-31,ibm_fez,11,142.7071,89.2097,0.00057253,0.00057253,0.00290585,0.0369873,24.0,24.0,68.0
2025-10-31,ibm_fez,12,54.5063,64.846,0.00039949,0.00039949,0.00250481,0.02124023,24.0,24.0,68.0
2025-10-31,ibm_fez,13,343.1874,215.4029,0.00103956,0.00103956,0.00190203,0.01538086,24.0,24.0,68.0
2025-10-31,ibm_fez,14,220.099,74.1422,0.00022905,0.00022905,0.00215952,0.0090332,24.0,24.0,68.0
2025-10-31,ibm_fez,15,338.6005,43.5954,0.00016377,0.00016377,,0.01928711,24.0,24.0,
2025-10-31,ibm_fez,16,109.1573,99.2014,0.00036622,0.00036622,,0.00805664,24.0,24.0,
2025-10-31,ibm_fez,17,155.2685,114.4246,0.00028622,0.00028622,,0.0078125,24.0,24.0,
2025-10-31,ibm_fez,18,118.0623,79.1736,0.00033819,0.00033819,,0.00610352,24.0,24.0,
2025-10-31,ibm_fez,19,211.5697,176.9406,0.00029023,0.00029023,,0.00805664,24.0,24.0,
2025-10-30,ibm_fez,10,213.7748,138.9186,0.00026095,0.00026095,0.00655114,0.00537109,24.0,24.0,68.0
2025-10-30,ibm_fez,11,128.9258,77.6143,0.00039045,0.00039045,0.00341668,0.01953125,24.0,24.0,68.0
2025-10-30,ibm_fez,12,49.8754,67.4263,0.00043903,0.00043903,0.0030768,0.02612305,24.0,24.0,68.0
2025-10-30,ibm_fez,13,255.1452,208.1444,0.00037283,0.00037283,0.00277635,0.01928711,24.0,24.0,68.0
2025-10-30,ibm_fez,14,196.8374,84.6761,0.00017684,0.00017684,0.00316688,0.00732422,24.0,24.0,68.0
2025-10-30,ibm_fez,15,338.6005,184.9434,0.00013232,0.00013232,,0.02233887,24.0,24.0,
2025-10-30,ibm_fez,16,146.0331,113.946,0.00027538,0.00027538,,0.00622559,24.0,24.0,
2025-10-30,ibm_fez,17,146.0445,94.3528,0.00026911,0.00026911,,0.00854492,24.0,24.0,
2025-10-30,ibm_fez,18,117.2007,20.0241,0.00036381,0.00036381,,0.00634766,24.0,24.0,
2025-10-30,ibm_fez,19,221.6912,216.9578,0.00028279,0.00028279,,0.00878906,24.0,24.0,
2025-10-29,ibm_fez,10,213.7748,138.9186,0.00026095,0.00026095,0.01161877,0.00817871,24.0,24.0,68.0
2025-10-29,ibm_fez,11,128.9258,77.6143,0.00039045,0.00039045,0.00769145,0.02429199,24.0,24.0,68.0
2025-10-29,ibm_fez,12,49.8754,67.4263,0.00043903,0.00043903,0.0023321,0.02844238,24.0,24.0,68.0
2025-10-29,ibm_fez,13,255.1452,208.1444,0.00037283,0.00037283,0.00181285,0.0201416,24.0,24.0,68.0
2025-10-29,ibm_fez,14,196.8374,84.6761,0.00017684,0.00017684,0.00206193,0.0255127,24.0,24.0,68.0
2025-10-29,ibm_fez,15,338.6005,184.9434,0.00013232,0.00013232,,0.0246582,24.0,24.0,
2025-10-29,ibm_fez,16,146.0331,113.946,0.00027538,0.00027538,,0.0057373,24.0,24.0,
2025-10-29,ibm_fez,17,146.0445,94.3528,0.00026911,0.00026911,,0.00708008,24.0,24.0,
2025-10-29,ibm_fez,18,117.2007,20.0241,0.00036381,0.00036381,,0.00756836,24.0,24.0,
2025-10-29,ibm_fez,19,221.6912,216.9578,0.00028279,0.00028279,,0.00732422,24.0,24.0,
2025-10-28,ibm_fez,10,244.3976,157.4747,0.00047768,0.00047768,0.01161877,0.01000977,24.0,24.0,68.0
2025-10-28,ibm_fez,11,157.3298,86.2725,0.00084628,0.00084628,0.00769145,0.01599121,24.0,24.0,68.0
2025-10-28,ibm_fez,12,52.5946,72.2442,0.00056509,0.00056509,0.0023321,0.02502441,24.0,24.0,68.0
2025-10-28,ibm_fez,13,228.7937,193.2156,0.00046856,0.00046856,0.00181285,0.02429199,24.0,24.0,68.0
2025-10-28,ibm_fez,14,187.8995,77.2833,0.0003141,0.0003141,0.00206193,0.02929688,24.0,24.0,68.0
2025-10-28,ibm_fez,15,241.4314,182.1089,0.00012187,0.00012187,,0.01745605,24.0,24.0,
2025-10-28,ibm_fez,16,192.125,117.5911,0.00029962,0.00029962,,0.00524902,24.0,24.0,
2025-10-28,ibm_fez,17,156.7668,108.6444,0.00022534,0.00022534,,0.00756836,24.0,24.0,
2025-10-28,ibm_fez,18,117.2007,72.9866,0.0003242,0.0003242,,0.0144043,24.0,24.0,
2025-10-28,ibm_fez,19,172.6763,168.2443,0.0005468,0.0005468,,0.00744629,24.0,24.0,
2025-10-27,ibm_fez,10,275.5121,131.1755,0.00021042,0.00021042,0.00550177,0.00549316,24.0,24.0,68.0
2025-10-27,ibm_fez,11,177.0937,86.0306,0.00055216,0.00055216,0.00467424,0.03125,24.0,24.0,68.0
2025-10-27,ibm_fez,12,43.7082,62.2181,0.00040867,0.00040867,0.00364783,0.02331543,24.0,24.0,68.0
2025-10-27,ibm_fez,13,227.526,166.1937,0.00028646,0.00028646,0.00249615,0.01733398,24.0,24.0,68.0
2025-10-27,ibm_fez,14,199.7144,77.3098,0.0006002,0.0006002,0.01034863,0.00622559,24.0,24.0,68.0
2025-10-27,ibm_fez,15,232.5664,172.2035,0.00034804,0.00034804,,0.01806641,24.0,24.0,
2025-10-27,ibm_fez,16,127.5468,107.8277,0.0008517,0.0008517,,0.00610352,24.0,24.0,
2025-10-27,ibm_fez,17,114.8981,97.3773,0.00019093,0.00019093,,0.00561523,24.0,24.0,
2025-10-27,ibm_fez,18,145.2114,74.6991,0.00028165,0.00028165,,0.0090332,24.0,24.0,
2025-10-27,ibm_fez,19,216.4162,176.6083,0.00032384,0.00032384,,0.01074219,24.0,24.0,
2025-10-26,ibm_fez,10,197.9533,121.227,0.00021042,0.00021042,0.00550177,0.00549316,24.0,24.0,68.0
2025-10-26,ibm_fez,11,133.5546,82.7711,0.00055216,0.00055216,0.00467424,0.03125,24.0,24.0,68.0
2025-10-26,ibm_fez,12,66.6951,73.472,0.00040867,0.00040867,0.00364783,0.02331543,24.0,24.0,68.0
2025-10-26,ibm_fez,13,271.58,185.5559,0.00028646,0.00028646,0.00249615,0.01733398,24.0,24.0,68.0
2025-10-26,ibm_fez,14,234.0686,40.9185,0.0006002,0.0006002,0.01034863,0.00622559,24.0,24.0,68.0
2025-10-26,ibm_fez,15,206.2615,206.1923,0.00034804,0.00034804,,0.01806641,24.0,24.0,
2025-10-26,ibm_fez,16,115.3362,55.8546,0.0008517,0.0008517,,0.00610352,24.0,24.0,
2025-10-26,ibm_fez,17,148.5372,89.4704,0.00019093,0.00019093,,0.00561523,24.0,24.0,
2025-10-26,ibm_fez,18,102.802,66.8488,0.00028165,0.00028165,,0.0090332,24.0,24.0,
2025-10-26,ibm_fez,19,145.8172,148.658,0.00032384,0.00032384,,0.01074219,24.0,24.0,
2025-10-25,ibm_fez,10,197.9533,121.227,0.00021042,0.00021042,0.00550177,0.00549316,24.0,24.0,68.0
2025-10-25,ibm_fez,11,133.5546,82.7711,0.00055216,0.00055216,0.00467424,0.03125,24.0,24.0,68.0
2025-10-25,ibm_fez,12,66.6951,73.472,0.00040867,0.00040867,0.00364783,0.02331543,24.0,24.0,68.0
2025-10-25,ibm_fez,13,271.58,185.5559,0.00028646,0.00028646,0.00249615,0.01733398,24.0,24.0,68.0
2025-10-25,ibm_fez,14,234.0686,40.9185,0.0006002,0.0006002,0.01034863,0.00622559,24.0,24.0,68.0
2025-10-25,ibm_fez,15,206.2615,206.1923,0.00034804,0.00034804,,0.01806641,24.0,24.0,
2025-10-25,ibm_fez,16,115.3362,55.8546,0.0008517,0.0008517,,0.00610352,24.0,24.0,
2025-10-25,ibm_fez,17,148.5372,89.4704,0.00019093,0.00019093,,0.00561523,24.0,24.0,
2025-10-25,ibm_fez,18,102.802,66.8488,0.00028165,0.00028165,,0.0090332,24.0,24.0,
2025-10-25,ibm_fez,19,145.8172,148.658,0.00032384,0.00032384,,0.01074219,24.0,24.0,
2025-10-24,ibm_fez,10,197.9533,121.227,0.00021042,0.00021042,0.00550177,0.00549316,24.0,24.0,68.0
2025-10-24,ibm_fez,11,133.5546,82.7711,0.00055216,0.00055216,0.00467424,0.03125,24.0,24.0,68.0
2025-10-24,ibm_fez,12,66.6951,73.472,0.00040867,0.00040867,0.00364783,0.02331543,24.0,24.0,68.0
2025-10-24,ibm_fez,13,271.58,185.5559,0.00028646,0.00028646,0.00249615,0.01733398,24.0,24.0,68.0
2025-10-24,ibm_fez,14,234.0686,40.9185,0.0006002,0.0006002,0.01034863,0.00622559,24.0,24.0,68.0
2025-10-24,ibm_fez,15,206.2615,206.1923,0.00034804,0.00034804,,0.01806641,24.0,24.0,
2025-10-24,ibm_fez,16,115.3362,55.8546,0.0008517,0.0008517,,0.00610352,24.0,24.0,
2025-10-24,ibm_fez,17,148.5372,89.4704,0.00019093,0.00019093,,0.00561523,24.0,24.0,
2025-10-24,ibm_fez,18,102.802,66.8488,0.00028165,0.00028165,,0.0090332,24.0,24.0,
2025-10-24,ibm_fez,19,145.8172,148.658,0.00032384,0.00032384,,0.01074219,24.0,24.0,
2025-10-23,ibm_fez,10,197.9533,121.227,0.00021042,0.00021042,0.00550177,0.00549316,24.0,24.0,68.0
2025-10-23,ibm_fez,11,133.5546,82.7711,0.00055216,0.00055216,0.00467424,0.03125,24.0,24.0,68.0
2025-10-23,ibm_fez,12,66.6951,73.472,0.00040867,0.00040867,0.00364783,0.02331543,24.0,24.0,68.0
2025-10-23,ibm_fez,13,271.58,185.5559,0.00028646,0.00028646,0.00249615,0.01733398,24.0,24.0,68.0
2025-10-23,ibm_fez,14,234.0686,40.9185,0.0006002,0.0006002,0.01034863,0.00622559,24.0,24.0,68.0
2025-10-23,ibm_fez,15,206.2615,206.1923,0.00034804,0.00034804,,0.01806641,24.0,24.0,
2025-10-23,ibm_fez,16,115.3362,55.8546,0.0008517,0.0008517,,0.00610352,24.0,24.0,
2025-10-23,ibm_fez,17,148.5372,89.4704,0.00019093,0.00019093,,0.00561523,24.0,24.0,
2025-10-23,ibm_fez,18,102.802,66.8488,0.00028165,0.00028165,,0.0090332,24.0,24.0,
2025-10-23,ibm_fez,19,145.8172,148.658,0.00032384,0.00032384,,0.01074219,24.0,24.0,
2025-10-22,ibm_fez,10,197.9533,121.227,0.00021042,0.00021042,0.00550177,0.00549316,24.0,24.0,68.0
2025-10-22,ibm_fez,11,133.5546,82.7711,0.00055216,0.00055216,0.00467424,0.03125,24.0,24.0,68.0
2025-10-22,ibm_fez,12,66.6951,73.472,0.00040867,0.00040867,0.00364783,0.02331543,24.0,24.0,68.0
2025-10-22,ibm_fez,13,271.58,185.5559,0.00028646,0.00028646,0.00249615,0.01733398,24.0,24.0,68.0
2025-10-22,ibm_fez,14,234.0686,40.9185,0.0006002,0.0006002,0.01034863,0.00622559,24.0,24.0,68.0
2025-10-22,ibm_fez,15,206.2615,206.1923,0.00034804,0.00034804,,0.01806641,24.0,24.0,
2025-10-22,ibm_fez,16,115.3362,55.8546,0.0008517,0.0008517,,0.00610352,24.0,24.0,
2025-10-22,ibm_fez,17,148.5372,89.4704,0.00019093,0.00019093,,0.00561523,24.0,24.0,
2025-10-22,ibm_fez,18,102.802,66.8488,0.00028165,0.00028165,,0.0090332,24.0,24.0,
2025-10-22,ibm_fez,19,145.8172,148.658,0.00032384,0.00032384,,0.01074219,24.0,24.0,
2025-10-21,ibm_fez,10,197.9533,121.227,0.00021042,0.00021042,0.00550177,0.00732422,24.0,24.0,68.0
2025-10-21,ibm_fez,11,133.5546,82.7711,0.00055216,0.00055216,0.00467424,0.02124023,24.0,24.0,68.0
2025-10-21,ibm_fez,12,66.6951,73.472,0.00040867,0.00040867,0.00364783,0.02087402,24.0,24.0,68.0
2025-10-21,ibm_fez,13,271.58,185.5559,0.00028646,0.00028646,0.00249615,0.01245117,24.0,24.0,68.0
2025-10-21,ibm_fez,14,234.0686,40.9185,0.0006002,0.0006002,0.01034863,0.00695801,24.0,24.0,68.0
2025-10-21,ibm_fez,15,206.2615,206.1923,0.00034804,0.00034804,,0.01977539,24.0,24.0,
2025-10-21,ibm_fez,16,115.3362,55.8546,0.0008517,0.0008517,,0.00549316,24.0,24.0,
2025-10-21,ibm_fez,17,148.5372,89.4704,0.00019093,0.00019093,,0.01074219,24.0,24.0,
2025-10-21,ibm_fez,18,102.802,66.8488,0.00028165,0.00028165,,0.00866699,24.0,24.0,
2025-10-21,ibm_fez,19,145.8172,148.658,0.00032384,0.00032384,,0.00915527,24.0,24.0,
2025-10-20,ibm_fez,10,196.0343,122.3959,0.00042406,0.00042406,0.00684992,0.00842285,24.0,24.0,68.0
2025-10-20,ibm_fez,11,173.4173,87.6687,0.00169254,0.00169254,0.00384707,0.01806641,24.0,24.0,68.0
2025-10-20,ibm_fez,12,70.1421,74.3975,0.0002722,0.0002722,0.00309706,0.02197266,24.0,24.0,68.0
2025-10-20,ibm_fez,13,278.6466,193.7827,0.0002595,0.0002595,0.00176442,0.01586914,24.0,24.0,68.0
2025-10-20,ibm_fez,14,234.0686,81.6979,0.00029119,0.00029119,0.00208458,0.00854492,24.0,24.0,68.0
2025-10-20,ibm_fez,15,459.0334,209.4137,0.00019805,0.00019805,,0.01635742,24.0,24.0,
2025-10-20,ibm_fez,16,115.3362,112.7744,0.00029434,0.00029434,,0.00585938,24.0,24.0,
2025-10-20,ibm_fez,17,182.3869,123.3999,0.00025648,0.00025648,,0.00598145,24.0,24.0,
2025-10-20,ibm_fez,18,134.9154,83.3877,0.00037741,0.00037741,,0.00756836,24.0,24.0,
2025-10-20,ibm_fez,19,145.8172,173.4997,0.00060351,0.00060351,,0.00842285,24.0,24.0,
2025-10-19,ibm_fez,10,179.4514,121.5424,0.00026684,0.00026684,0.00595724,0.00744629,24.0,24.0,68.0
2025-10-19,ibm_fez,11,160.8076,84.7583,0.00085282,0.00085282,0.00430803,0.02001953,24.0,24.0,68.0
2025-10-19,ibm_fez,12,65.8421,62.868,0.00031308,0.00031308,0.00313517,0.02392578,24.0,24.0,68.0
2025-10-19,ibm_fez,13,263.9847,210.1299,0.00022218,0.00022218,0.00162285,0.01977539,24.0,24.0,68.0
2025-10-19,ibm_fez,14,174.5651,73.6445,0.0002996,0.0002996,0.0014428,0.00561523,24.0,24.0,68.0
2025-10-19,ibm_fez,15,368.7098,197.9954,0.00022373,0.00022373,,0.01660156,24.0,24.0,
2025-10-19,ibm_fez,16,176.8997,137.9056,0.00037564,0.00037564,,0.00549316,24.0,24.0,
2025-10-19,ibm_fez,17,134.5783,91.9874,0.00023493,0.00023493,,0.00598145,24.0,24.0,
2025-10-19,ibm_fez,18,139.6418,65.5796,0.00036966,0.00036966,,0.00585938,24.0,24.0,
2025-10-19,ibm_fez,19,163.0002,145.8445,0.00060777,0.00060777,,0.00805664,24.0,24.0,
2025-10-18,ibm_fez,10,159.5637,140.8854,0.00033176,0.00033176,0.00993297,0.00476074,24.0,24.0,68.0
2025-10-18,ibm_fez,11,146.6687,94.7908,0.00190906,0.00190906,0.00778675,0.01794434,24.0,24.0,68.0
2025-10-18,ibm_fez,12,71.0181,62.4867,0.00036458,0.00036458,0.00309751,0.02392578,24.0,24.0,68.0
2025-10-18,ibm_fez,13,230.4133,161.1549,0.0004144,0.0004144,0.00162359,0.01269531,24.0,24.0,68.0
2025-10-18,ibm_fez,14,202.9588,77.9984,0.0002915,0.0002915,0.00190747,0.00549316,24.0,24.0,68.0
2025-10-18,ibm_fez,15,203.1125,149.7835,0.00020295,0.00020295,,0.0144043,24.0,24.0,
2025-10-18,ibm_fez,16,168.8875,139.8219,0.00027266,0.00027266,,0.00549316,24.0,24.0,
2025-10-18,ibm_fez,17,147.9515,95.8686,0.00035713,0.00035713,,0.00646973,24.0,24.0,
2025-10-18,ibm_fez,18,163.2624,78.5269,0.00045888,0.00045888,,0.00720215,24.0,24.0,
2025-10-18,ibm_fez,19,165.1943,175.8274,0.00062165,0.00062165,,0.00756836,24.0,24.0,
2025-10-17,ibm_fez,10,224.0236,142.8797,0.00021677,0.00021677,0.00908063,0.00915527,24.0,24.0,68.0
2025-10-17,ibm_fez,11,148.813,90.0379,0.0005778,0.0005778,0.00797034,0.01977539,24.0,24.0,68.0
2025-10-17,ibm_fez,12,69.4917,73.5002,0.00035677,0.00035677,0.00273181,0.0234375,24.0,24.0,68.0
2025-10-17,ibm_fez,13,269.3753,203.1368,0.00037117,0.00037117,0.0021623,0.01318359,24.0,24.0,68.0
2025-10-17,ibm_fez,14,217.8608,77.6837,0.00024334,0.00024334,0.00561366,0.00891113,24.0,24.0,68.0
2025-10-17,ibm_fez,15,288.5376,177.2554,0.00018424,0.00018424,,0.01916504,24.0,24.0,
2025-10-17,ibm_fez,16,85.0833,52.6647,0.00027867,0.00027867,,0.0045166,24.0,24.0,
2025-10-17,ibm_fez,17,184.463,113.3693,0.00029305,0.00029305,,0.00830078,24.0,24.0,
2025-10-17,ibm_fez,18,168.7414,77.5162,0.00056239,0.00056239,,0.00622559,24.0,24.0,
2025-10-17,ibm_fez,19,207.0821,175.2602,0.00069239,0.00069239,,0.0098877,24.0,24.0,
2025-10-16,ibm_fez,10,207.2086,114.0378,0.00033295,0.00033295,0.00628277,0.00891113,24.0,24.0,68.0
2025-10-16,ibm_fez,11,165.3507,88.2236,0.00118802,0.00118802,0.00370259,0.01818848,24.0,24.0,68.0
2025-10-16,ibm_fez,12,73.2848,76.4501,0.00032493,0.00032493,0.00286362,0.02502441,24.0,24.0,68.0
2025-10-16,ibm_fez,13,379.0625,231.2518,0.00035615,0.00035615,0.00162717,0.01501465,24.0,24.0,68.0
2025-10-16,ibm_fez,14,118.3809,64.0265,0.00023224,0.00023224,0.00205463,0.00439453,24.0,24.0,68.0
2025-10-16,ibm_fez,15,337.1009,183.8516,0.00018424,0.00018424,,0.02160645,24.0,24.0,
2025-10-16,ibm_fez,16,194.8659,145.0476,0.00032552,0.00032552,,0.01696777,24.0,24.0,
2025-10-16,ibm_fez,17,99.3285,95.2979,0.00035917,0.00035917,,0.01220703,24.0,24.0,
2025-10-16,ibm_fez,18,128.9606,66.3277,0.00034356,0.00034356,,0.00646973,24.0,24.0,
2025-10-16,ibm_fez,19,165.9511,136.9056,0.00046972,0.00046972,,0.01025391,24.0,24.0,
2025-10-15,ibm_fez,10,255.1539,129.2946,0.00026052,0.00026052,0.00619819,0.00732422,24.0,24.0,68.0
2025-10-15,ibm_fez,11,127.8886,82.0332,0.00050163,0.00050163,0.00444654,0.02697754,24.0,24.0,68.0
2025-10-15,ibm_fez,12,78.453,84.1364,0.00024389,0.00024389,0.00298152,0.02319336,24.0,24.0,68.0
2025-10-15,ibm_fez,13,236.7516,201.7387,0.00021666,0.00021666,0.00157556,0.01928711,24.0,24.0,68.0
2025-10-15,ibm_fez,14,241.5945,88.9889,0.00021837,0.00021837,0.00246751,0.00646973,24.0,24.0,68.0
2025-10-15,ibm_fez,15,367.1129,188.3802,0.00020925,0.00020925,,0.01953125,24.0,24.0,
2025-10-15,ibm_fez,16,162.0889,140.0799,0.00035564,0.00035564,,0.00500488,24.0,24.0,
2025-10-15,ibm_fez,17,155.0539,97.4717,0.00037599,0.00037599,,0.01147461,24.0,24.0,
2025-10-15,ibm_fez,18,178.7201,85.166,0.00055037,0.00055037,,0.00732422,24.0,24.0,
2025-10-15,ibm_fez,19,191.0394,165.3625,0.00033837,0.00033837,,0.00878906,24.0,24.0,
2025-10-14,ibm_fez,10,250.3183,145.7887,0.00040455,0.00040455,0.00698415,0.00634766,24.0,24.0,68.0
2025-10-14,ibm_fez,11,144.4022,62.582,0.0005782,0.0005782,0.00406559,0.02050781,24.0,24.0,68.0
2025-10-14,ibm_fez,12,79.0019,72.8579,0.00028745,0.00028745,0.00286288,0.02441406,24.0,24.0,68.0
2025-10-14,ibm_fez,13,329.6648,197.2574,0.00036358,0.00036358,0.00178473,0.02185059,24.0,24.0,68.0
2025-10-14,ibm_fez,14,213.4861,69.9906,0.000328,0.000328,0.00230277,0.01135254,24.0,24.0,68.0
2025-10-14,ibm_fez,15,320.7845,233.0123,0.00018047,0.00018047,,0.02050781,24.0,24.0,
2025-10-14,ibm_fez,16,94.0958,56.07,0.0002284,0.0002284,,0.00488281,24.0,24.0,
2025-10-14,ibm_fez,17,182.9842,117.5094,0.00017177,0.00017177,,0.01367188,24.0,24.0,
2025-10-14,ibm_fez,18,95.5646,66.7838,0.00045769,0.00045769,,0.0045166,24.0,24.0,
2025-10-14,ibm_fez,19,207.7963,156.806,0.00032702,0.00032702,,0.01086426,24.0,24.0,
2025-10-13,ibm_fez,10,250.3183,145.7887,0.00026483,0.00026483,0.00590512,0.00415039,24.0,24.0,68.0
2025-10-13,ibm_fez,11,144.4022,62.582,0.00121024,0.00121024,0.00420265,0.01721191,24.0,24.0,68.0
2025-10-13,ibm_fez,12,79.0019,72.8579,0.00034531,0.00034531,0.0023287,0.02258301,24.0,24.0,68.0
2025-10-13,ibm_fez,13,329.6648,197.2574,0.00032649,0.00032649,0.00144251,0.01672363,24.0,24.0,68.0
2025-10-13,ibm_fez,14,213.4861,69.9906,0.00022201,0.00022201,0.00169817,0.00732422,24.0,24.0,68.0
2025-10-13,ibm_fez,15,320.7845,233.0123,0.00012382,0.00012382,,0.0234375,24.0,24.0,
2025-10-13,ibm_fez,16,94.0958,56.07,0.00023999,0.00023999,,0.0078125,24.0,24.0,
2025-10-13,ibm_fez,17,182.9842,117.5094,0.00017498,0.00017498,,0.01647949,24.0,24.0,
2025-10-13,ibm_fez,18,95.5646,66.7838,0.00034181,0.00034181,,0.00524902,24.0,24.0,
2025-10-13,ibm_fez,19,207.7963,156.806,0.00032702,0.00032702,,0.00866699,24.0,24.0,
2025-10-12,ibm_fez,10,235.0782,57.8903,0.00023498,0.00023498,0.00578499,0.00756836,24.0,24.0,68.0
2025-10-12,ibm_fez,11,132.9463,64.5837,0.00091999,0.00091999,0.00357346,0.02819824,24.0,24.0,68.0
2025-10-12,ibm_fez,12,83.8513,81.6773,0.00034531,0.00034531,0.0019035,0.02563477,24.0,24.0,68.0
2025-10-12,ibm_fez,13,169.5585,122.3684,0.00043182,0.00043182,0.00148852,0.01391602,24.0,24.0,68.0
2025-10-12,ibm_fez,14,234.5612,69.1119,0.00033989,0.00033989,0.00208999,0.00732422,24.0,24.0,68.0
2025-10-12,ibm_fez,15,242.792,166.1053,0.00012066,0.00012066,,0.01867676,24.0,24.0,
2025-10-12,ibm_fez,16,118.0548,122.6138,0.00029052,0.00029052,,0.00634766,24.0,24.0,
2025-10-12,ibm_fez,17,123.3461,93.631,0.00023913,0.00023913,,0.01757812,24.0,24.0,
2025-10-12,ibm_fez,18,110.8977,59.6704,0.00044042,0.00044042,,0.00817871,24.0,24.0,
2025-10-12,ibm_fez,19,126.3382,130.9642,0.00048813,0.00048813,,0.0123291,24.0,24.0,
2025-10-11,ibm_fez,10,235.0782,128.8339,0.00044281,0.00044281,0.01101634,0.00598145,24.0,24.0,68.0
2025-10-11,ibm_fez,11,126.0751,77.5542,0.00134102,0.00134102,0.00863933,0.02197266,24.0,24.0,68.0
2025-10-11,ibm_fez,12,73.9246,69.9431,0.00026302,0.00026302,0.00234397,0.02770996,24.0,24.0,68.0
2025-10-11,ibm_fez,13,306.113,211.4737,0.00033794,0.00033794,0.00177903,0.02270508,24.0,24.0,68.0
2025-10-11,ibm_fez,14,129.0328,74.3167,0.00019003,0.00019003,0.00180639,0.00561523,24.0,24.0,68.0
2025-10-11,ibm_fez,15,378.9495,222.0056,9.681e-05,9.681e-05,,0.02124023,24.0,24.0,
2025-10-11,ibm_fez,16,206.2475,160.4778,0.00039103,0.00039103,,0.00512695,24.0,24.0,
2025-10-11,ibm_fez,17,163.5069,96.9342,0.00033592,0.00033592,,0.0123291,24.0,24.0,
2025-10-11,ibm_fez,18,126.5074,78.4869,0.00040734,0.00040734,,0.00512695,24.0,24.0,
2025-10-11,ibm_fez,19,211.6131,160.8649,0.00042404,0.00042404,,0.00866699,24.0,24.0,
2025-10-10,ibm_fez,10,248.2354,160.672,0.0002326,0.0002326,0.00755316,0.00390625,24.0,24.0,68.0
2025-10-10,ibm_fez,11,119.2144,62.3632,0.00057637,0.00057637,0.00408157,0.01708984,24.0,24.0,68.0
2025-10-10,ibm_fez,12,81.904,76.2831,0.0003556,0.0003556,0.00256068,0.02734375,24.0,24.0,68.0
2025-10-10,ibm_fez,13,248.9451,187.4883,0.00042867,0.00042867,0.00215692,0.02038574,24.0,24.0,68.0
2025-10-10,ibm_fez,14,202.4531,78.3789,0.00025641,0.00025641,0.00202297,0.00537109,24.0,24.0,68.0
2025-10-10,ibm_fez,15,338.5726,190.2182,0.00022069,0.00022069,,0.02392578,24.0,24.0,
2025-10-10,ibm_fez,16,28.2956,29.0911,0.00028656,0.00028656,,0.00476074,24.0,24.0,
2025-10-10,ibm_fez,17,154.6791,106.2334,0.00024091,0.00024091,,0.01391602,24.0,24.0,
2025-10-10,ibm_fez,18,127.2885,74.4276,0.00032815,0.00032815,,0.00708008,24.0,24.0,
2025-10-10,ibm_fez,19,173.2599,170.8184,0.0003509,0.0003509,,0.00952148,24.0,24.0,
2025-10-09,ibm_fez,10,191.0052,129.3462,0.00038067,0.00038067,0.01177036,0.0098877,24.0,24.0,68.0
2025-10-09,ibm_fez,11,155.6741,65.1171,0.00053775,0.00053775,0.00860822,0.01904297,24.0,24.0,68.0
2025-10-09,ibm_fez,12,47.139,51.9845,0.00029417,0.00029417,0.00235255,0.02478027,24.0,24.0,68.0
2025-10-09,ibm_fez,13,264.1856,176.7061,0.0004693,0.0004693,0.0026109,0.02160645,24.0,24.0,68.0
2025-10-09,ibm_fez,14,117.8139,64.398,0.0003287,0.0003287,0.00270091,0.00683594,24.0,24.0,68.0
2025-10-09,ibm_fez,15,259.2712,199.0446,0.00014072,0.00014072,,0.02307129,24.0,24.0,
2025-10-09,ibm_fez,16,125.0879,83.4838,0.00036126,0.00036126,,0.00744629,24.0,24.0,
2025-10-09,ibm_fez,17,122.6901,80.0604,0.00046119,0.00046119,,0.01647949,24.0,24.0,
2025-10-09,ibm_fez,18,128.3417,73.7209,0.00034844,0.00034844,,0.00695801,24.0,24.0,
2025-10-09,ibm_fez,19,184.9045,148.7698,0.00041268,0.00041268,,0.00891113,24.0,24.0,
2025-10-08,ibm_fez,10,244.902,130.844,0.00032531,0.00032531,0.00576645,0.01123047,24.0,24.0,68.0
2025-10-08,ibm_fez,11,170.9199,77.3432,0.00052853,0.00052853,0.00371721,0.01916504,24.0,24.0,68.0
2025-10-08,ibm_fez,12,60.5452,64.2001,0.00030155,0.00030155,0.00302189,0.02478027,24.0,24.0,68.0
2025-10-08,ibm_fez,13,93.6906,104.9568,0.00023116,0.00023116,0.00248381,0.01428223,24.0,24.0,68.0
2025-10-08,ibm_fez,14,189.8676,63.9124,0.00027671,0.00027671,0.00200877,0.00634766,24.0,24.0,68.0
2025-10-08,ibm_fez,15,177.7327,142.8003,0.00013452,0.00013452,,0.0189209,24.0,24.0,
2025-10-08,ibm_fez,16,177.6726,136.576,0.00022316,0.00022316,,0.0057373,24.0,24.0,
2025-10-08,ibm_fez,17,113.8432,93.4849,0.00029147,0.00029147,,0.01721191,24.0,24.0,
2025-10-08,ibm_fez,18,145.9762,71.3103,0.00043611,0.00043611,,0.01135254,24.0,24.0,
2025-10-08,ibm_fez,19,160.2008,152.9554,0.00040531,0.00040531,,0.01123047,24.0,24.0,
2025-10-07,ibm_fez,10,207.1269,130.8098,0.00031316,0.00031316,0.00780889,0.00646973,24.0,24.0,68.0
2025-10-07,ibm_fez,11,148.4243,89.852,0.0005669,0.0005669,0.00374694,0.02099609,24.0,24.0,68.0
2025-10-07,ibm_fez,12,81.498,75.3477,0.00053961,0.00053961,0.00301533,0.02624512,24.0,24.0,68.0
2025-10-07,ibm_fez,13,288.0811,191.4925,0.00035029,0.00035029,0.00163947,0.02380371,24.0,24.0,68.0
2025-10-07,ibm_fez,14,189.8676,78.6379,0.00027671,0.00027671,0.00348017,0.00683594,24.0,24.0,68.0
2025-10-07,ibm_fez,15,257.541,166.119,0.00019517,0.00019517,,0.02282715,24.0,24.0,
2025-10-07,ibm_fez,16,212.9598,157.9199,0.00033839,0.00033839,,0.00842285,24.0,24.0,
2025-10-07,ibm_fez,17,167.2127,114.162,0.00022006,0.00022006,,0.01196289,24.0,24.0,
2025-10-07,ibm_fez,18,134.9837,74.157,0.00032293,0.00032293,,0.00500488,24.0,24.0,
2025-10-07,ibm_fez,19,162.5904,143.5088,0.00110496,0.00110496,,0.00927734,24.0,24.0,
2025-10-06,ibm_fez,10,195.4398,152.3673,0.00044853,0.00044853,0.01143491,0.00878906,24.0,24.0,68.0
2025-10-06,ibm_fez,11,133.1011,79.2789,0.0014128,0.0014128,0.0071576,0.02197266,24.0,24.0,68.0
2025-10-06,ibm_fez,12,59.9525,68.2584,0.00044485,0.00044485,0.00361624,0.02734375,24.0,24.0,68.0
2025-10-06,ibm_fez,13,271.5011,185.2088,0.00018498,0.00018498,0.00150595,0.02282715,24.0,24.0,68.0
2025-10-06,ibm_fez,14,244.6221,91.0058,0.00026394,0.00026394,0.0018893,0.00537109,24.0,24.0,68.0
2025-10-06,ibm_fez,15,322.2857,207.7489,0.00030785,0.00030785,,0.01965332,24.0,24.0,
2025-10-06,ibm_fez,16,164.5973,126.3496,0.00033156,0.00033156,,0.01403809,24.0,24.0,
2025-10-06,ibm_fez,17,163.6832,109.2409,0.00029938,0.00029938,,0.015625,24.0,24.0,
2025-10-06,ibm_fez,18,47.3319,46.4344,0.00046276,0.00046276,,0.00683594,24.0,24.0,
2025-10-06,ibm_fez,19,92.052,118.7589,0.00055907,0.00055907,,0.00927734,24.0,24.0,
2025-10-05,ibm_fez,10,229.3609,121.4873,0.00034232,0.00034232,0.00959696,0.00622559,24.0,24.0,68.0
2025-10-05,ibm_fez,11,149.9623,68.1616,0.00137476,0.00137476,0.00881549,0.02429199,24.0,24.0,68.0
2025-10-05,ibm_fez,12,59.7502,64.0534,0.00041169,0.00041169,0.00351627,0.02355957,24.0,24.0,68.0
2025-10-05,ibm_fez,13,253.5731,172.9691,0.00018498,0.00018498,0.00169288,0.01940918,24.0,24.0,68.0
2025-10-05,ibm_fez,14,218.0579,71.7523,0.00024989,0.00024989,0.01379959,0.00622559,24.0,24.0,68.0
2025-10-05,ibm_fez,15,106.2721,102.1521,0.00063062,0.00063062,,0.01843262,24.0,24.0,
2025-10-05,ibm_fez,16,190.6384,148.1421,0.00023947,0.00023947,,0.00476074,24.0,24.0,
2025-10-05,ibm_fez,17,118.8229,87.2493,0.00034909,0.00034909,,0.01416016,24.0,24.0,
2025-10-05,ibm_fez,18,186.2584,94.3895,0.0005064,0.0005064,,0.00488281,24.0,24.0,
2025-10-05,ibm_fez,19,138.3703,142.7499,0.00053507,0.00053507,,0.00964355,24.0,24.0,
2025-10-04,ibm_fez,10,203.2003,152.9394,0.00025142,0.00025142,0.0060427,0.0057373,24.0,24.0,68.0
2025-10-04,ibm_fez,11,194.6632,92.0876,0.00057714,0.00057714,0.00360704,0.02355957,24.0,24.0,68.0
2025-10-04,ibm_fez,12,75.2791,73.366,0.00034044,0.00034044,0.0037742,0.02661133,24.0,24.0,68.0
2025-10-04,ibm_fez,13,258.6603,192.7862,0.00043453,0.00043453,0.00185991,0.01635742,24.0,24.0,68.0
2025-10-04,ibm_fez,14,246.1764,94.7524,0.00023323,0.00023323,0.00137241,0.00817871,24.0,24.0,68.0
2025-10-04,ibm_fez,15,348.7482,219.5204,0.00019876,0.00019876,,0.01464844,24.0,24.0,
2025-10-04,ibm_fez,16,187.8861,141.4082,0.00037734,0.00037734,,0.00488281,24.0,24.0,
2025-10-04,ibm_fez,17,27.256,31.6969,0.00040177,0.00040177,,0.01574707,24.0,24.0,
2025-10-04,ibm_fez,18,100.0084,76.0208,0.0004,0.0004,,0.00732422,24.0,24.0,
2025-10-04,ibm_fez,19,136.9503,161.0844,0.00043514,0.00043514,,0.01269531,24.0,24.0,
2025-10-03,ibm_fez,10,203.2003,152.9394,0.00025142,0.00025142,0.00530652,0.00500488,24.0,24.0,68.0
2025-10-03,ibm_fez,11,194.6632,92.0876,0.00057714,0.00057714,0.00381821,0.01831055,24.0,24.0,68.0
2025-10-03,ibm_fez,12,75.2791,73.366,0.00034044,0.00034044,0.00383468,0.02490234,24.0,24.0,68.0
2025-10-03,ibm_fez,13,258.6603,192.7862,0.00043453,0.00043453,0.00255863,0.01342773,24.0,24.0,68.0
2025-10-03,ibm_fez,14,246.1764,94.7524,0.00023323,0.00023323,0.00997253,0.00756836,24.0,24.0,68.0
2025-10-03,ibm_fez,15,348.7482,219.5204,0.00019876,0.00019876,,0.01794434,24.0,24.0,
2025-10-03,ibm_fez,16,187.8861,141.4082,0.00037734,0.00037734,,0.00524902,24.0,24.0,
2025-10-03,ibm_fez,17,27.256,31.6969,0.00040177,0.00040177,,0.01501465,24.0,24.0,
2025-10-03,ibm_fez,18,100.0084,76.0208,0.0004,0.0004,,0.0065918,24.0,24.0,
2025-10-03,ibm_fez,19,136.9503,161.0844,0.00043514,0.00043514,,0.00756836,24.0,24.0,
2025-10-02,ibm_fez,10,231.8646,127.1029,0.0002918,0.0002918,0.00530652,0.00390625,24.0,24.0,68.0
2025-10-02,ibm_fez,11,145.9069,83.6045,0.00044305,0.00044305,0.00381821,0.01904297,24.0,24.0,68.0
2025-10-02,ibm_fez,12,78.5996,78.703,0.00031788,0.00031788,0.00383468,0.01708984,24.0,24.0,68.0
2025-10-02,ibm_fez,13,303.2612,186.6812,0.00030183,0.00030183,0.00255863,0.01904297,24.0,24.0,68.0
2025-10-02,ibm_fez,14,236.9673,96.6258,0.00025603,0.00025603,0.00997253,0.00585938,24.0,24.0,68.0
2025-10-02,ibm_fez,15,335.9583,191.3787,0.00154761,0.00154761,,0.02099609,24.0,24.0,
2025-10-02,ibm_fez,16,196.1371,154.4112,0.00035216,0.00035216,,0.00561523,24.0,24.0,
2025-10-02,ibm_fez,17,144.3842,114.288,0.00038922,0.00038922,,0.01489258,24.0,24.0,
2025-10-02,ibm_fez,18,201.4369,81.6571,0.0002446,0.0002446,,0.00415039,24.0,24.0,
2025-10-02,ibm_fez,19,184.1976,182.702,0.00026949,0.00026949,,0.00854492,24.0,24.0,
2025-10-01,ibm_fez,10,181.1774,112.7694,0.00030829,0.00030829,0.00800046,0.00732422,24.0,24.0,68.0
2025-10-01,ibm_fez,11,134.2278,84.6748,0.00053259,0.00053259,0.00410114,0.01550293,24.0,24.0,68.0
2025-10-01,ibm_fez,12,47.2377,32.2933,0.00042935,0.00042935,0.00291544,0.02685547,24.0,24.0,68.0
2025-10-01,ibm_fez,13,283.4062,182.0312,0.00039719,0.00039719,0.0020014,0.01538086,24.0,24.0,68.0
2025-10-01,ibm_fez,14,242.181,48.4815,0.00022791,0.00022791,0.00183163,0.0078125,24.0,24.0,68.0
2025-10-01,ibm_fez,15,346.0363,201.7092,0.00012434,0.00012434,,0.01867676,24.0,24.0,
2025-10-01,ibm_fez,16,187.9484,164.7423,0.00029502,0.00029502,,0.00744629,24.0,24.0,
2025-10-01,ibm_fez,17,145.0778,107.3817,0.00019808,0.00019808,,0.015625,24.0,24.0,
2025-10-01,ibm_fez,18,96.7618,59.1557,0.00034811,0.00034811,,0.00610352,24.0,24.0,
2025-10-01,ibm_fez,19,152.2171,149.7809,0.00064586,0.00064586,,0.01098633,24.0,24.0,
2025-09-30,ibm_fez,10,225.1934,120.9211,0.00023913,0.00023913,0.00682073,0.00964355,24.0,24.0,68.0
2025-09-30,ibm_fez,11,134.2278,74.2691,0.00104006,0.00104006,0.00391247,0.03771973,24.0,24.0,68.0
2025-09-30,ibm_fez,12,74.037,64.122,0.00047401,0.00047401,0.00305779,0.02600098,24.0,24.0,68.0
2025-09-30,ibm_fez,13,145.1407,141.4759,0.00036845,0.00036845,0.00179145,0.01757812,24.0,24.0,68.0
2025-09-30,ibm_fez,14,242.181,100.3317,0.00028169,0.00028169,0.00149054,0.00671387,24.0,24.0,68.0
2025-09-30,ibm_fez,15,434.4505,224.169,0.00014796,0.00014796,,0.0177002,24.0,24.0,
2025-09-30,ibm_fez,16,191.8045,145.9841,0.00042923,0.00042923,,0.00476074,24.0,24.0,
2025-09-30,ibm_fez,17,176.8172,122.2437,0.00018176,0.00018176,,0.03894043,24.0,24.0,
2025-09-30,ibm_fez,18,207.7207,86.4567,0.00040546,0.00040546,,0.00695801,24.0,24.0,
2025-09-30,ibm_fez,19,171.8593,172.8718,0.00048654,0.00048654,,0.0111084,24.0,24.0,
2025-09-29,ibm_fez,10,235.744,192.2048,0.00031207,0.00031207,0.0096509,0.00891113,24.0,24.0,68.0
2025-09-29,ibm_fez,11,8.0936,4.5129,0.00123852,0.00123852,0.007768,0.01831055,24.0,24.0,68.0
2025-09-29,ibm_fez,12,66.5452,72.5604,0.00047538,0.00047538,0.00389099,0.02844238,24.0,24.0,68.0
2025-09-29,ibm_fez,13,249.0609,176.6864,0.00030066,0.00030066,0.00128019,0.02050781,24.0,24.0,68.0
2025-09-29,ibm_fez,14,140.0827,76.5602,0.00024846,0.00024846,0.00338462,0.00634766,24.0,24.0,68.0
2025-09-29,ibm_fez,15,288.3476,177.4938,0.00016457,0.00016457,,0.02038574,24.0,24.0,
2025-09-29,ibm_fez,16,225.8172,133.4681,0.00042923,0.00042923,,0.00622559,24.0,24.0,
2025-09-29,ibm_fez,17,130.7781,99.2183,0.00020426,0.00020426,,0.01257324,24.0,24.0,
2025-09-29,ibm_fez,18,144.4922,71.5917,0.00040386,0.00040386,,0.00622559,24.0,24.0,
2025-09-29,ibm_fez,19,142.5351,139.2458,0.00060212,0.00060212,,0.0090332,24.0,24.0,
2025-09-28,ibm_fez,10,159.2698,102.9726,0.00036494,0.00036494,0.0096509,0.00854492,24.0,24.0,68.0
2025-09-28,ibm_fez,11,75.5096,46.2775,0.00239777,0.00239777,0.007768,0.03186035,24.0,24.0,68.0
2025-09-28,ibm_fez,12,77.6115,81.5734,0.00034852,0.00034852,0.00389099,0.02514648,24.0,24.0,68.0
2025-09-28,ibm_fez,13,319.3974,197.5901,0.00034769,0.00034769,0.00128019,0.01525879,24.0,24.0,68.0
2025-09-28,ibm_fez,14,233.1416,93.0872,0.00029089,0.00029089,0.00338462,0.00488281,24.0,24.0,68.0
2025-09-28,ibm_fez,15,317.478,169.3072,8.575e-05,8.575e-05,,0.02209473,24.0,24.0,
2025-09-28,ibm_fez,16,134.367,109.0946,0.00033131,0.00033131,,0.00756836,24.0,24.0,
2025-09-28,ibm_fez,17,158.5737,112.5769,0.00030741,0.00030741,,0.01330566,24.0,24.0,
2025-09-28,ibm_fez,18,143.0804,71.593,0.00041372,0.00041372,,0.00805664,24.0,24.0,
2025-09-28,ibm_fez,19,225.9689,182.0051,0.00023744,0.00023744,,0.00842285,24.0,24.0,
2025-09-27,ibm_fez,10,159.2698,102.9726,0.00036494,0.00036494,0.0096509,0.00854492,24.0,24.0,68.0
2025-09-27,ibm_fez,11,75.5096,46.2775,0.00239777,0.00239777,0.007768,0.03186035,24.0,24.0,68.0
2025-09-27,ibm_fez,12,77.6115,81.5734,0.00034852,0.00034852,0.00389099,0.02514648,24.0,24.0,68.0
2025-09-27,ibm_fez,13,319.3974,197.5901,0.00034769,0.00034769,0.00128019,0.01525879,24.0,24.0,68.0
2025-09-27,ibm_fez,14,233.1416,93.0872,0.00029089,0.00029089,0.00338462,0.00488281,24.0,24.0,68.0
2025-09-27,ibm_fez,15,317.478,169.3072,8.575e-05,8.575e-05,,0.02209473,24.0,24.0,
2025-09-27,ibm_fez,16,134.367,109.0946,0.00033131,0.00033131,,0.00756836,24.0,24.0,
2025-09-27,ibm_fez,17,158.5737,112.5769,0.00030741,0.00030741,,0.01330566,24.0,24.0,
2025-09-27,ibm_fez,18,143.0804,71.593,0.00041372,0.00041372,,0.00805664,24.0,24.0,
2025-09-27,ibm_fez,19,225.9689,182.0051,0.00023744,0.00023744,,0.00842285,24.0,24.0,
2025-09-26,ibm_fez,10,159.2698,102.9726,0.00036494,0.00036494,0.0096509,0.00854492,24.0,24.0,68.0
2025-09-26,ibm_fez,11,75.5096,46.2775,0.00239777,0.00239777,0.007768,0.03186035,24.0,24.0,68.0
2025-09-26,ibm_fez,12,77.6115,81.5734,0.00034852,0.00034852,0.00389099,0.02514648,24.0,24.0,68.0
2025-09-26,ibm_fez,13,319.3974,197.5901,0.00034769,0.00034769,0.00128019,0.01525879,24.0,24.0,68.0
2025-09-26,ibm_fez,14,233.1416,93.0872,0.00029089,0.00029089,0.00338462,0.00488281,24.0,24.0,68.0
2025-09-26,ibm_fez,15,317.478,169.3072,8.575e-05,8.575e-05,,0.02209473,24.0,24.0,
2025-09-26,ibm_fez,16,134.367,109.0946,0.00033131,0.00033131,,0.00756836,24.0,24.0,
2025-09-26,ibm_fez,17,158.5737,112.5769,0.00030741,0.00030741,,0.01330566,24.0,24.0,
2025-09-26,ibm_fez,18,143.0804,71.593,0.00041372,0.00041372,,0.00805664,24.0,24.0,
2025-09-26,ibm_fez,19,225.9689,182.0051,0.00023744,0.00023744,,0.00842285,24.0,24.0,
2025-09-25,ibm_fez,10,159.2698,102.9726,0.00036494,0.00036494,0.0096509,0.0065918,24.0,24.0,68.0
2025-09-25,ibm_fez,11,75.5096,46.2775,0.00239777,0.00239777,0.007768,0.02050781,24.0,24.0,68.0
2025-09-25,ibm_fez,12,77.6115,81.5734,0.00034852,0.00034852,0.00389099,0.02880859,24.0,24.0,68.0
2025-09-25,ibm_fez,13,319.3974,197.5901,0.00034769,0.00034769,0.00128019,0.02026367,24.0,24.0,68.0
2025-09-25,ibm_fez,14,233.1416,93.0872,0.00029089,0.00029089,0.00338462,0.00561523,24.0,24.0,68.0
2025-09-25,ibm_fez,15,317.478,169.3072,8.575e-05,8.575e-05,,0.02172852,24.0,24.0,
2025-09-25,ibm_fez,16,134.367,109.0946,0.00033131,0.00033131,,0.00537109,24.0,24.0,
2025-09-25,ibm_fez,17,158.5737,112.5769,0.00030741,0.00030741,,0.01293945,24.0,24.0,
2025-09-25,ibm_fez,18,143.0804,71.593,0.00041372,0.00041372,,0.0065918,24.0,24.0,
2025-09-25,ibm_fez,19,225.9689,182.0051,0.00023744,0.00023744,,0.00732422,24.0,24.0,
2025-09-24,ibm_fez,10,151.4004,124.7969,0.0004717,0.0004717,0.00973097,0.0045166,24.0,24.0,68.0
2025-09-24,ibm_fez,11,134.3702,6.0511,0.00224165,0.00224165,0.00763421,0.12536621,24.0,24.0,68.0
2025-09-24,ibm_fez,12,76.2421,85.1647,0.00048389,0.00048389,0.00391698,0.02844238,24.0,24.0,68.0
2025-09-24,ibm_fez,13,234.9211,156.2641,0.00028973,0.00028973,0.00186278,0.02307129,24.0,24.0,68.0
2025-09-24,ibm_fez,14,257.1624,77.629,0.00020061,0.00020061,0.00144772,0.10742188,24.0,24.0,68.0
2025-09-24,ibm_fez,15,207.6068,141.6746,0.00011612,0.00011612,,0.02270508,24.0,24.0,
2025-09-24,ibm_fez,16,207.6344,148.8291,0.00033277,0.00033277,,0.00598145,24.0,24.0,
2025-09-24,ibm_fez,17,142.7707,101.741,0.00028168,0.00028168,,0.0246582,24.0,24.0,
2025-09-24,ibm_fez,18,173.6556,82.0363,0.0003815,0.0003815,,0.0078125,24.0,24.0,
2025-09-24,ibm_fez,19,214.7951,179.1646,0.00037858,0.00037858,,0.01025391,24.0,24.0,
2025-09-23,ibm_fez,10,172.3683,121.3601,0.00045143,0.00045143,0.00613288,0.00695801,24.0,24.0,68.0
2025-09-23,ibm_fez,11,111.2341,76.4933,0.0004645,0.0004645,0.00429846,0.02258301,24.0,24.0,68.0
2025-09-23,ibm_fez,12,54.8662,42.0968,0.00080122,0.00080122,0.00367687,0.02685547,24.0,24.0,68.0
2025-09-23,ibm_fez,13,253.0766,182.2746,0.00032747,0.00032747,0.00238375,0.02648926,24.0,24.0,68.0
2025-09-23,ibm_fez,14,220.9,69.297,0.00021302,0.00021302,0.0018686,0.0057373,24.0,24.0,68.0
2025-09-23,ibm_fez,15,297.4463,200.731,0.0001147,0.0001147,,0.01965332,24.0,24.0,
2025-09-23,ibm_fez,16,140.9889,128.9522,0.00057083,0.00057083,,0.00732422,24.0,24.0,
2025-09-23,ibm_fez,17,151.8555,105.0715,0.00024176,0.00024176,,0.0144043,24.0,24.0,
2025-09-23,ibm_fez,18,147.9234,67.885,0.00033154,0.00033154,,0.00671387,24.0,24.0,
2025-09-23,ibm_fez,19,174.2256,157.5487,0.00080546,0.00080546,,0.00842285,24.0,24.0,
2025-09-22,ibm_fez,10,172.3683,121.3601,0.00045143,0.00045143,0.00613288,0.00500488,24.0,24.0,68.0
2025-09-22,ibm_fez,11,111.2341,76.4933,0.0004645,0.0004645,0.00429846,0.02856445,24.0,24.0,68.0
2025-09-22,ibm_fez,12,54.8662,42.0968,0.00080122,0.00080122,0.00367687,0.02331543,24.0,24.0,68.0
2025-09-22,ibm_fez,13,253.0766,182.2746,0.00032747,0.00032747,0.00238375,0.03210449,24.0,24.0,68.0
2025-09-22,ibm_fez,14,220.9,69.297,0.00021302,0.00021302,0.0018686,0.00720215,24.0,24.0,68.0
2025-09-22,ibm_fez,15,297.4463,200.731,0.0001147,0.0001147,,0.03015137,24.0,24.0,
2025-09-22,ibm_fez,16,140.9889,128.9522,0.00057083,0.00057083,,0.0078125,24.0,24.0,
2025-09-22,ibm_fez,17,151.8555,105.0715,0.00024176,0.00024176,,0.01574707,24.0,24.0,
2025-09-22,ibm_fez,18,147.9234,67.885,0.00033154,0.00033154,,0.00488281,24.0,24.0,
2025-09-22,ibm_fez,19,174.2256,157.5487,0.00080546,0.00080546,,0.01025391,24.0,24.0,
