timestamp,backend,qubit_id,T1_us,T2_us,sx_error,x_error,cz_error,readout_error,t_sx_ns,t_x_ns,t_cz_ns
2026-04-08,ibm_marrakesh,0,383.7874,51.6495,0.000189,0.000189,0.00194431,0.00366211,36.0,36.0,68.0
2026-04-08,ibm_marrakesh,1,161.4511,141.3309,0.00025266,0.00025266,0.00099453,0.00610352,36.0,36.0,68.0
2026-04-08,ibm_marrakesh,2,332.2259,261.9936,0.00016206,0.00016206,0.0011846,0.00366211,36.0,36.0,68.0
2026-04-08,ibm_marrakesh,3,410.8926,242.4822,0.00029749,0.00029749,0.00182985,0.01171875,36.0,36.0,80.0
2026-04-08,ibm_marrakesh,4,171.7167,180.1578,0.00057741,0.00057741,0.00175944,0.01757812,36.0,36.0,68.0
2026-04-08,ibm_marrakesh,5,122.3591,113.1902,0.0001406,0.0001406,0.00107628,0.00756836,36.0,36.0,68.0
2026-04-08,ibm_marrakesh,6,287.0366,93.4155,0.00024162,0.00024162,0.00132701,0.00366211,36.0,36.0,68.0
2026-04-08,ibm_marrakesh,7,249.1944,121.4399,0.00017604,0.00017604,0.00224022,0.00537109,36.0,36.0,80.0
2026-04-08,ibm_marrakesh,8,224.0561,124.5846,0.00054095,0.00054095,0.00244813,0.00561523,36.0,36.0,68.0
2026-04-08,ibm_marrakesh,9,183.9738,248.2622,0.00016362,0.00016362,,0.08178711,36.0,36.0,
2026-04-07,ibm_marrakesh,0,324.5183,37.2878,0.00028499,0.00028499,0.00262551,0.01098633,36.0,36.0,68.0
2026-04-07,ibm_marrakesh,1,196.8621,144.9391,0.00014888,0.00014888,0.00099453,0.01074219,36.0,36.0,68.0
2026-04-07,ibm_marrakesh,2,342.948,193.842,0.00019432,0.00019432,0.00193945,0.00500488,36.0,36.0,68.0
2026-04-07,ibm_marrakesh,3,299.1864,238.1926,0.00039424,0.00039424,0.00223271,0.00732422,36.0,36.0,80.0
2026-04-07,ibm_marrakesh,4,190.8898,227.2529,0.00030552,0.00030552,0.00619746,0.00500488,36.0,36.0,68.0
2026-04-07,ibm_marrakesh,5,278.0764,191.3358,0.0002911,0.0002911,0.00384445,0.00488281,36.0,36.0,68.0
2026-04-07,ibm_marrakesh,6,256.1591,244.3221,0.00018171,0.00018171,0.00109822,0.00256348,36.0,36.0,68.0
2026-04-07,ibm_marrakesh,7,192.3686,125.0203,0.00014462,0.00014462,0.00172651,0.0098877,36.0,36.0,80.0
2026-04-07,ibm_marrakesh,8,208.23,111.9043,0.00020374,0.00020374,0.00207328,0.00927734,36.0,36.0,68.0
2026-04-07,ibm_marrakesh,9,216.8766,305.4143,0.00011229,0.00011229,,0.06030273,36.0,36.0,
2026-04-06,ibm_marrakesh,0,214.4477,38.7785,0.00049247,0.00049247,0.00190967,0.00952148,36.0,36.0,68.0
2026-04-06,ibm_marrakesh,1,194.5153,142.0171,0.00020548,0.00020548,0.00130788,0.02819824,36.0,36.0,68.0
2026-04-06,ibm_marrakesh,2,117.604,94.8206,0.00022748,0.00022748,0.00154919,0.02539062,36.0,36.0,68.0
2026-04-06,ibm_marrakesh,3,275.3939,54.34,0.0004176,0.0004176,0.00216201,0.00769043,36.0,36.0,80.0
2026-04-06,ibm_marrakesh,4,136.0895,168.6491,0.00029078,0.00029078,0.00332349,0.00976562,36.0,36.0,68.0
2026-04-06,ibm_marrakesh,5,259.2181,147.9165,0.00022331,0.00022331,0.00206585,0.00463867,36.0,36.0,68.0
2026-04-06,ibm_marrakesh,6,203.6627,221.6306,0.00036985,0.00036985,0.00199916,0.00585938,36.0,36.0,68.0
2026-04-06,ibm_marrakesh,7,172.723,107.0875,0.00030216,0.00030216,0.00232993,0.00378418,36.0,36.0,80.0
2026-04-06,ibm_marrakesh,8,208.23,100.0941,0.00033058,0.00033058,0.0025113,0.00622559,36.0,36.0,68.0
2026-04-06,ibm_marrakesh,9,185.6006,213.3791,0.00016247,0.00016247,,0.07836914,36.0,36.0,
2026-04-05,ibm_marrakesh,0,319.5845,27.724,0.00071103,0.00071103,0.00284085,0.00598145,36.0,36.0,68.0
2026-04-05,ibm_marrakesh,1,128.012,78.2126,0.00016236,0.00016236,0.0008906,0.00744629,36.0,36.0,68.0
2026-04-05,ibm_marrakesh,2,282.9678,171.2665,0.00030458,0.00030458,0.0015339,0.00439453,36.0,36.0,68.0
2026-04-05,ibm_marrakesh,3,275.3939,197.289,0.00026464,0.00026464,0.00212578,0.00561523,36.0,36.0,80.0
2026-04-05,ibm_marrakesh,4,238.8636,148.7224,0.00048736,0.00048736,0.00308721,0.02148438,36.0,36.0,68.0
2026-04-05,ibm_marrakesh,5,296.3041,184.3532,0.00015144,0.00015144,0.00189379,0.00415039,36.0,36.0,68.0
2026-04-05,ibm_marrakesh,6,291.6006,88.5177,0.00012568,0.00012568,0.00115993,0.00646973,36.0,36.0,68.0
2026-04-05,ibm_marrakesh,7,285.1038,113.3057,0.00022502,0.00022502,0.0021425,0.0057373,36.0,36.0,80.0
2026-04-05,ibm_marrakesh,8,182.5533,12.1966,0.00028221,0.00028221,0.00212256,0.00500488,36.0,36.0,68.0
2026-04-05,ibm_marrakesh,9,194.5185,226.0635,0.0002184,0.0002184,,0.02539062,36.0,36.0,
2026-04-04,ibm_marrakesh,0,319.5845,27.724,0.00071103,0.00071103,0.00284085,0.00598145,36.0,36.0,68.0
2026-04-04,ibm_marrakesh,1,128.012,78.2126,0.00016236,0.00016236,0.0008906,0.00744629,36.0,36.0,68.0
2026-04-04,ibm_marrakesh,2,282.9678,171.2665,0.00030458,0.00030458,0.0015339,0.00439453,36.0,36.0,68.0
2026-04-04,ibm_marrakesh,3,275.3939,197.289,0.00026464,0.00026464,0.00212578,0.00561523,36.0,36.0,80.0
2026-04-04,ibm_marrakesh,4,238.8636,148.7224,0.00048736,0.00048736,0.00308721,0.02148438,36.0,36.0,68.0
2026-04-04,ibm_marrakesh,5,296.3041,184.3532,0.00015144,0.00015144,0.00189379,0.00415039,36.0,36.0,68.0
2026-04-04,ibm_marrakesh,6,291.6006,88.5177,0.00012568,0.00012568,0.00115993,0.00646973,36.0,36.0,68.0
2026-04-04,ibm_marrakesh,7,285.1038,113.3057,0.00022502,0.00022502,0.0021425,0.0057373,36.0,36.0,80.0
2026-04-04,ibm_marrakesh,8,182.5533,12.1966,0.00028221,0.00028221,0.00212256,0.00500488,36.0,36.0,68.0
2026-04-04,ibm_marrakesh,9,194.5185,226.0635,0.0002184,0.0002184,,0.02539062,36.0,36.0,
2026-04-03,ibm_marrakesh,0,284.8307,52.6318,0.00048725,0.00048725,0.0023024,0.00866699,36.0,36.0,68.0
2026-04-03,ibm_marrakesh,1,199.9304,164.9575,0.00024106,0.00024106,0.00121273,0.00537109,36.0,36.0,68.0
2026-04-03,ibm_marrakesh,2,40.7733,25.1654,0.00016069,0.00016069,0.00202584,0.00512695,36.0,36.0,68.0
2026-04-03,ibm_marrakesh,3,125.7128,119.7566,0.00023868,0.00023868,0.00208325,0.02319336,36.0,36.0,80.0
2026-04-03,ibm_marrakesh,4,251.5767,290.9558,0.00025392,0.00025392,0.00264123,0.10083008,36.0,36.0,68.0
2026-04-03,ibm_marrakesh,5,240.5507,191.2054,0.00027201,0.00027201,0.00229879,0.00610352,36.0,36.0,68.0
2026-04-03,ibm_marrakesh,6,221.6801,248.1762,0.00017535,0.00017535,0.00189602,0.00793457,36.0,36.0,68.0
2026-04-03,ibm_marrakesh,7,288.8109,136.8812,0.00021366,0.00021366,0.0024936,0.00512695,36.0,36.0,80.0
2026-04-03,ibm_marrakesh,8,182.5533,104.3422,0.00021941,0.00021941,0.00205379,0.00915527,36.0,36.0,68.0
2026-04-03,ibm_marrakesh,9,191.1284,243.3296,0.00018494,0.00018494,,0.02416992,36.0,36.0,
2026-04-02,ibm_marrakesh,0,321.5197,44.7142,0.00032936,0.00032936,0.00184904,0.00415039,36.0,36.0,68.0
2026-04-02,ibm_marrakesh,1,199.6715,157.406,0.00029249,0.00029249,0.00109871,0.0057373,36.0,36.0,68.0
2026-04-02,ibm_marrakesh,2,132.8992,134.4998,0.00018483,0.00018483,0.00151986,0.0065918,36.0,36.0,68.0
2026-04-02,ibm_marrakesh,3,361.1642,233.5629,0.00038053,0.00038053,0.00209453,0.00842285,36.0,36.0,80.0
2026-04-02,ibm_marrakesh,4,177.4692,219.4677,0.00052395,0.00052395,0.00304966,0.00744629,36.0,36.0,68.0
2026-04-02,ibm_marrakesh,5,288.0326,232.1774,0.0002026,0.0002026,0.00263138,0.00683594,36.0,36.0,68.0
2026-04-02,ibm_marrakesh,6,324.0541,335.757,0.00018542,0.00018542,0.00197361,0.00415039,36.0,36.0,68.0
2026-04-02,ibm_marrakesh,7,320.5476,129.6768,0.00019921,0.00019921,0.00328259,0.00415039,36.0,36.0,80.0
2026-04-02,ibm_marrakesh,8,255.0421,148.5257,0.00251126,0.00251126,0.0034599,0.00512695,36.0,36.0,68.0
2026-04-02,ibm_marrakesh,9,151.0635,160.8948,0.00029558,0.00029558,,0.01464844,36.0,36.0,
2026-04-01,ibm_marrakesh,0,217.4949,48.3478,0.00063404,0.00063404,0.00212435,0.00695801,36.0,36.0,68.0
2026-04-01,ibm_marrakesh,1,153.4277,131.4901,0.00018587,0.00018587,0.00117654,0.00646973,36.0,36.0,68.0
2026-04-01,ibm_marrakesh,2,316.0499,292.4176,0.00014481,0.00014481,0.00133318,0.00463867,36.0,36.0,68.0
2026-04-01,ibm_marrakesh,3,316.6668,228.587,0.00067035,0.00067035,0.00156457,0.00915527,36.0,36.0,80.0
2026-04-01,ibm_marrakesh,4,195.3227,260.1678,0.00090988,0.00090988,0.00299211,0.0078125,36.0,36.0,68.0
2026-04-01,ibm_marrakesh,5,283.7509,158.3831,0.00026891,0.00026891,0.00206319,0.0189209,36.0,36.0,68.0
2026-04-01,ibm_marrakesh,6,263.3767,237.5119,0.0002178,0.0002178,0.00173824,0.00671387,36.0,36.0,68.0
2026-04-01,ibm_marrakesh,7,181.0445,100.3194,0.00018107,0.00018107,0.00246369,0.00634766,36.0,36.0,80.0
2026-04-01,ibm_marrakesh,8,294.332,158.3716,0.00027683,0.00027683,0.00246512,0.00476074,36.0,36.0,68.0
2026-04-01,ibm_marrakesh,9,191.0814,236.0686,0.00029558,0.00029558,,0.01123047,36.0,36.0,
2026-03-31,ibm_marrakesh,0,232.658,27.8747,0.00025457,0.00025457,0.00222773,0.00561523,36.0,36.0,68.0
2026-03-31,ibm_marrakesh,1,235.235,157.1791,0.00080404,0.00080404,0.00133866,0.00524902,36.0,36.0,68.0
2026-03-31,ibm_marrakesh,2,415.0615,427.0084,0.00016006,0.00016006,0.00145208,0.0045166,36.0,36.0,68.0
2026-03-31,ibm_marrakesh,3,320.2387,261.9007,0.00033245,0.00033245,0.0018843,0.00671387,36.0,36.0,80.0
2026-03-31,ibm_marrakesh,4,210.5286,234.5714,0.00031521,0.00031521,0.00194034,0.00610352,36.0,36.0,68.0
2026-03-31,ibm_marrakesh,5,187.4595,163.1841,0.00020882,0.00020882,0.00124564,0.00366211,36.0,36.0,68.0
2026-03-31,ibm_marrakesh,6,327.7228,299.3618,0.00021217,0.00021217,0.00167022,0.0032959,36.0,36.0,68.0
2026-03-31,ibm_marrakesh,7,293.7402,124.361,0.00021354,0.00021354,0.00209032,0.00390625,36.0,36.0,80.0
2026-03-31,ibm_marrakesh,8,314.696,153.9215,0.00036271,0.00036271,0.00223489,0.00378418,36.0,36.0,68.0
2026-03-31,ibm_marrakesh,9,217.8141,233.419,0.00021005,0.00021005,,0.11755371,36.0,36.0,
2026-03-30,ibm_marrakesh,0,303.0528,45.4549,0.00069633,0.00069633,0.00173185,0.00415039,36.0,36.0,68.0
2026-03-30,ibm_marrakesh,1,223.8575,161.4129,0.00021314,0.00021314,0.00119447,0.0144043,36.0,36.0,68.0
2026-03-30,ibm_marrakesh,2,265.7295,362.5505,0.00014093,0.00014093,0.00129587,0.00305176,36.0,36.0,68.0
2026-03-30,ibm_marrakesh,3,357.6359,342.5877,0.00029746,0.00029746,0.00194878,0.00927734,36.0,36.0,80.0
2026-03-30,ibm_marrakesh,4,103.8001,67.9844,0.00037644,0.00037644,0.00188646,0.01525879,36.0,36.0,68.0
2026-03-30,ibm_marrakesh,5,235.6561,124.5294,0.00017764,0.00017764,0.00250389,0.00598145,36.0,36.0,68.0
2026-03-30,ibm_marrakesh,6,308.4736,269.0019,0.0004483,0.0004483,0.0013378,0.0032959,36.0,36.0,68.0
2026-03-30,ibm_marrakesh,7,335.1825,113.9486,0.00013304,0.00013304,0.0018005,0.0045166,36.0,36.0,80.0
2026-03-30,ibm_marrakesh,8,100.398,57.1006,0.00016178,0.00016178,0.00198638,0.00415039,36.0,36.0,68.0
2026-03-30,ibm_marrakesh,9,178.425,178.9237,0.00022236,0.00022236,,0.07763672,36.0,36.0,
2026-03-29,ibm_marrakesh,0,225.0541,58.7786,0.00034267,0.00034267,0.00228986,0.00268555,36.0,36.0,68.0
2026-03-29,ibm_marrakesh,1,182.7643,147.1835,0.00021185,0.00021185,0.0010187,0.00708008,36.0,36.0,68.0
2026-03-29,ibm_marrakesh,2,371.0861,101.7233,0.00015781,0.00015781,0.00188171,0.00476074,36.0,36.0,68.0
2026-03-29,ibm_marrakesh,3,267.4054,181.6005,0.00011158,0.00011158,0.00259371,0.015625,36.0,36.0,80.0
2026-03-29,ibm_marrakesh,4,198.1716,223.4447,0.00038687,0.00038687,0.00206872,0.04846191,36.0,36.0,68.0
2026-03-29,ibm_marrakesh,5,237.6541,179.0302,0.00036583,0.00036583,0.00175976,0.00683594,36.0,36.0,68.0
2026-03-29,ibm_marrakesh,6,274.7156,199.0883,0.00018024,0.00018024,0.00147749,0.00341797,36.0,36.0,68.0
2026-03-29,ibm_marrakesh,7,141.3542,75.856,0.00026387,0.00026387,0.00372766,0.0078125,36.0,36.0,80.0
2026-03-29,ibm_marrakesh,8,274.3348,147.2957,0.00044092,0.00044092,0.00295816,0.01843262,36.0,36.0,68.0
2026-03-29,ibm_marrakesh,9,195.0217,235.3457,0.00037782,0.00037782,,0.01721191,36.0,36.0,
2026-03-28,ibm_marrakesh,0,298.7858,45.2504,0.00025573,0.00025573,0.00208712,0.0065918,36.0,36.0,68.0
2026-03-28,ibm_marrakesh,1,172.6819,175.5563,0.00022361,0.00022361,0.0010187,0.00708008,36.0,36.0,68.0
2026-03-28,ibm_marrakesh,2,371.0861,331.2563,0.0001807,0.0001807,0.00162036,0.00866699,36.0,36.0,68.0
2026-03-28,ibm_marrakesh,3,363.1695,259.8724,0.00031155,0.00031155,0.0021577,0.00842285,36.0,36.0,80.0
2026-03-28,ibm_marrakesh,4,232.433,242.7779,0.00035293,0.00035293,0.0020746,0.00720215,36.0,36.0,68.0
2026-03-28,ibm_marrakesh,5,214.6616,170.4134,0.00017737,0.00017737,0.00149475,0.00292969,36.0,36.0,68.0
2026-03-28,ibm_marrakesh,6,325.1646,271.0902,0.00026973,0.00026973,0.0013096,0.0045166,36.0,36.0,68.0
2026-03-28,ibm_marrakesh,7,286.0434,144.0341,0.0001946,0.0001946,0.00226143,0.00512695,36.0,36.0,80.0
2026-03-28,ibm_marrakesh,8,133.2759,88.1065,0.00020727,0.00020727,0.00189894,0.00500488,36.0,36.0,68.0
2026-03-28,ibm_marrakesh,9,110.6523,95.0778,0.00015452,0.00015452,,0.04052734,36.0,36.0,
2026-03-27,ibm_marrakesh,0,315.7503,38.5214,0.00033839,0.00033839,0.00154001,0.00683594,36.0,36.0,68.0
2026-03-27,ibm_marrakesh,1,184.3116,161.1589,0.00020827,0.00020827,0.00115411,0.00622559,36.0,36.0,68.0
2026-03-27,ibm_marrakesh,2,250.6703,322.39,0.0001729,0.0001729,0.0012525,0.00378418,36.0,36.0,68.0
2026-03-27,ibm_marrakesh,3,316.4248,347.6027,0.00030862,0.00030862,0.0014484,0.00537109,36.0,36.0,80.0
2026-03-27,ibm_marrakesh,4,221.1577,118.1858,0.00023971,0.00023971,0.00194588,0.00549316,36.0,36.0,68.0
2026-03-27,ibm_marrakesh,5,175.4353,97.6461,0.00023677,0.00023677,0.00189548,0.00598145,36.0,36.0,68.0
2026-03-27,ibm_marrakesh,6,318.4369,140.2361,0.00023275,0.00023275,0.00194276,0.0032959,36.0,36.0,68.0
2026-03-27,ibm_marrakesh,7,306.0296,75.423,0.00015633,0.00015633,0.00169202,0.0057373,36.0,36.0,80.0
2026-03-27,ibm_marrakesh,8,251.6377,87.3961,0.00018854,0.00018854,0.00211223,0.0032959,36.0,36.0,68.0
2026-03-27,ibm_marrakesh,9,184.8645,77.0897,0.00021802,0.00021802,,0.00805664,36.0,36.0,
2026-03-26,ibm_marrakesh,0,295.5237,43.0143,0.00026658,0.00026658,0.00197645,0.00439453,36.0,36.0,68.0
2026-03-26,ibm_marrakesh,1,207.3116,173.0727,0.00026231,0.00026231,0.00143278,0.00463867,36.0,36.0,68.0
2026-03-26,ibm_marrakesh,2,368.6143,225.2076,0.00020024,0.00020024,0.00144745,0.00610352,36.0,36.0,68.0
2026-03-26,ibm_marrakesh,3,336.2319,277.5713,0.00030028,0.00030028,0.00175452,0.0078125,36.0,36.0,80.0
2026-03-26,ibm_marrakesh,4,131.2262,121.6229,0.00036351,0.00036351,0.00183112,0.01062012,36.0,36.0,68.0
2026-03-26,ibm_marrakesh,5,195.519,125.0777,0.00026077,0.00026077,0.00161144,0.00720215,36.0,36.0,68.0
2026-03-26,ibm_marrakesh,6,139.5519,156.9749,0.00032901,0.00032901,0.00168478,0.00292969,36.0,36.0,68.0
2026-03-26,ibm_marrakesh,7,253.0819,115.7991,0.00045858,0.00045858,0.00203783,0.00585938,36.0,36.0,80.0
2026-03-26,ibm_marrakesh,8,191.681,118.0843,0.00019073,0.00019073,0.00217357,0.00463867,36.0,36.0,68.0
2026-03-26,ibm_marrakesh,9,208.1565,176.5233,0.00021875,0.00021875,,0.02172852,36.0,36.0,
2026-03-25,ibm_marrakesh,0,379.8003,36.2179,0.00056525,0.00056525,0.00348221,0.00402832,36.0,36.0,68.0
2026-03-25,ibm_marrakesh,1,204.4131,165.994,0.00027085,0.00027085,0.00113715,0.00756836,36.0,36.0,68.0
2026-03-25,ibm_marrakesh,2,368.6143,452.8697,9.617e-05,9.617e-05,0.00132549,0.00354004,36.0,36.0,68.0
2026-03-25,ibm_marrakesh,3,379.1972,341.5401,0.00029544,0.00029544,0.00192225,0.00793457,36.0,36.0,80.0
2026-03-25,ibm_marrakesh,4,209.6668,255.5511,0.00036637,0.00036637,0.00276729,0.00366211,36.0,36.0,68.0
2026-03-25,ibm_marrakesh,5,283.8528,204.9127,0.00016526,0.00016526,0.00159391,0.00488281,36.0,36.0,68.0
2026-03-25,ibm_marrakesh,6,308.6692,314.3511,0.00021216,0.00021216,0.00197194,0.00646973,36.0,36.0,68.0
2026-03-25,ibm_marrakesh,7,263.591,126.0168,0.00028717,0.00028717,0.00385798,0.00561523,36.0,36.0,80.0
2026-03-25,ibm_marrakesh,8,169.2303,36.2057,0.00019073,0.00019073,0.00275022,0.0032959,36.0,36.0,68.0
2026-03-25,ibm_marrakesh,9,208.1565,297.8228,0.00016386,0.00016386,,0.00952148,36.0,36.0,
2026-03-24,ibm_marrakesh,0,211.5688,44.3375,0.00056525,0.00056525,0.00266202,0.00341797,36.0,36.0,68.0
2026-03-24,ibm_marrakesh,1,162.1263,146.9286,0.00022929,0.00022929,0.00129085,0.00476074,36.0,36.0,68.0
2026-03-24,ibm_marrakesh,2,227.4333,265.4702,0.00017021,0.00017021,0.00121762,0.00622559,36.0,36.0,68.0
2026-03-24,ibm_marrakesh,3,296.8613,242.4523,0.00038492,0.00038492,0.00218963,0.01171875,36.0,36.0,80.0
2026-03-24,ibm_marrakesh,4,261.5812,127.6002,0.00027186,0.00027186,0.00289284,0.02880859,36.0,36.0,68.0
2026-03-24,ibm_marrakesh,5,258.2967,149.5703,0.00021151,0.00021151,0.00166002,0.00415039,36.0,36.0,68.0
2026-03-24,ibm_marrakesh,6,298.9699,255.2803,0.00025366,0.00025366,0.00218818,0.00500488,36.0,36.0,68.0
2026-03-24,ibm_marrakesh,7,305.3833,95.6071,0.00019091,0.00019091,0.00274837,0.00366211,36.0,36.0,80.0
2026-03-24,ibm_marrakesh,8,169.2303,76.8864,0.00033635,0.00033635,0.0020995,0.00744629,36.0,36.0,68.0
2026-03-24,ibm_marrakesh,9,179.2381,174.9187,0.00019738,0.00019738,,0.25061035,36.0,36.0,
2026-03-23,ibm_marrakesh,0,275.3212,30.39,0.00056525,0.00056525,0.00288068,0.00793457,36.0,36.0,68.0
2026-03-23,ibm_marrakesh,1,207.2063,162.4899,0.00022929,0.00022929,0.00359888,0.00805664,36.0,36.0,68.0
2026-03-23,ibm_marrakesh,2,317.8283,459.0105,0.00017021,0.00017021,0.00137118,0.00610352,36.0,36.0,68.0
2026-03-23,ibm_marrakesh,3,249.812,208.2129,0.00038492,0.00038492,0.00241095,0.0078125,36.0,36.0,80.0
2026-03-23,ibm_marrakesh,4,174.283,134.8447,0.00027186,0.00027186,0.00213462,0.0057373,36.0,36.0,68.0
2026-03-23,ibm_marrakesh,5,228.3701,118.5666,0.00021151,0.00021151,0.00135926,0.00402832,36.0,36.0,68.0
2026-03-23,ibm_marrakesh,6,91.0555,86.0124,0.00025366,0.00025366,0.00162496,0.0065918,36.0,36.0,68.0
2026-03-23,ibm_marrakesh,7,251.5873,90.477,0.00019091,0.00019091,0.00360494,0.00476074,36.0,36.0,80.0
2026-03-23,ibm_marrakesh,8,214.226,82.0996,0.00033635,0.00033635,0.00298137,0.00939941,36.0,36.0,68.0
2026-03-23,ibm_marrakesh,9,183.2922,161.5893,0.00019738,0.00019738,,0.05639648,36.0,36.0,
2026-03-22,ibm_marrakesh,0,249.9491,92.7207,0.00041783,0.00041783,0.00238005,0.00317383,36.0,36.0,68.0
2026-03-22,ibm_marrakesh,1,193.307,164.2248,0.00023741,0.00023741,0.0012589,0.0045166,36.0,36.0,68.0
2026-03-22,ibm_marrakesh,2,320.5512,362.6833,0.00014687,0.00014687,0.00137118,0.00708008,36.0,36.0,68.0
2026-03-22,ibm_marrakesh,3,326.5835,254.3911,0.0009528,0.0009528,0.00150148,0.00695801,36.0,36.0,80.0
2026-03-22,ibm_marrakesh,4,202.0303,137.1185,0.00029662,0.00029662,0.0018936,0.02502441,36.0,36.0,68.0
2026-03-22,ibm_marrakesh,5,298.7236,126.6197,0.00039751,0.00039751,0.00135926,0.00500488,36.0,36.0,68.0
2026-03-22,ibm_marrakesh,6,215.0238,121.26,0.00016051,0.00016051,0.00210789,0.0057373,36.0,36.0,68.0
2026-03-22,ibm_marrakesh,7,240.7644,84.8286,0.00019091,0.00019091,0.00283921,0.00561523,36.0,36.0,80.0
2026-03-22,ibm_marrakesh,8,236.1616,88.6454,0.00028706,0.00028706,0.00216546,0.00720215,36.0,36.0,68.0
2026-03-22,ibm_marrakesh,9,220.1163,181.3242,0.00033727,0.00033727,,0.0625,36.0,36.0,
2026-03-21,ibm_marrakesh,0,337.7091,23.5699,0.00041783,0.00041783,0.00348207,0.01306152,36.0,36.0,68.0
2026-03-21,ibm_marrakesh,1,162.4531,160.5017,0.00023741,0.00023741,0.0012589,0.0090332,36.0,36.0,68.0
2026-03-21,ibm_marrakesh,2,286.8417,252.2933,0.00014687,0.00014687,0.00176546,0.00354004,36.0,36.0,68.0
2026-03-21,ibm_marrakesh,3,265.132,257.8941,0.0009528,0.0009528,0.00157339,0.00720215,36.0,36.0,80.0
2026-03-21,ibm_marrakesh,4,170.6672,146.276,0.00029662,0.00029662,0.00189488,0.03222656,36.0,36.0,68.0
2026-03-21,ibm_marrakesh,5,248.7166,192.4369,0.00039751,0.00039751,0.00167579,0.00854492,36.0,36.0,68.0
2026-03-21,ibm_marrakesh,6,310.0175,300.6523,0.00016051,0.00016051,0.00164149,0.00500488,36.0,36.0,68.0
2026-03-21,ibm_marrakesh,7,294.2671,137.0939,0.00019091,0.00019091,0.00203446,0.0045166,36.0,36.0,80.0
2026-03-21,ibm_marrakesh,8,180.8517,103.9075,0.00028706,0.00028706,0.00188083,0.00634766,36.0,36.0,68.0
2026-03-21,ibm_marrakesh,9,183.1967,234.6197,0.00033727,0.00033727,,0.00817871,36.0,36.0,
2026-03-20,ibm_marrakesh,0,337.7091,76.7474,0.00039441,0.00039441,0.0027959,0.01049805,36.0,36.0,68.0
2026-03-20,ibm_marrakesh,1,210.5824,176.156,0.00028591,0.00028591,0.00173426,0.00598145,36.0,36.0,68.0
2026-03-20,ibm_marrakesh,2,254.7281,273.203,0.00032346,0.00032346,0.00176546,0.00549316,36.0,36.0,68.0
2026-03-20,ibm_marrakesh,3,332.7096,266.6495,0.00026728,0.00026728,0.00188611,0.00695801,36.0,36.0,80.0
2026-03-20,ibm_marrakesh,4,198.9898,320.562,0.00027015,0.00027015,0.00186644,0.00720215,36.0,36.0,68.0
2026-03-20,ibm_marrakesh,5,197.1444,116.827,0.00022963,0.00022963,0.00138277,0.00488281,36.0,36.0,68.0
2026-03-20,ibm_marrakesh,6,373.591,268.941,0.00019081,0.00019081,0.00175356,0.00793457,36.0,36.0,68.0
2026-03-20,ibm_marrakesh,7,237.7291,31.4291,0.00032219,0.00032219,0.00236417,0.00415039,36.0,36.0,80.0
2026-03-20,ibm_marrakesh,8,237.7345,174.8344,0.00120124,0.00120124,0.00220141,0.00439453,36.0,36.0,68.0
2026-03-20,ibm_marrakesh,9,182.8424,250.79,0.00021046,0.00021046,,0.05529785,36.0,36.0,
2026-03-19,ibm_marrakesh,0,196.6402,76.0592,0.00029438,0.00029438,0.00305216,0.00683594,36.0,36.0,68.0
2026-03-19,ibm_marrakesh,1,215.6154,159.9403,0.00030056,0.00030056,0.00112173,0.00512695,36.0,36.0,68.0
2026-03-19,ibm_marrakesh,2,225.2298,340.6035,0.00014766,0.00014766,0.00116173,0.00805664,36.0,36.0,68.0
2026-03-19,ibm_marrakesh,3,275.1438,205.1163,0.00030856,0.00030856,0.00187838,0.01123047,36.0,36.0,80.0
2026-03-19,ibm_marrakesh,4,235.4799,282.2261,0.00036797,0.00036797,0.00236149,0.00463867,36.0,36.0,68.0
2026-03-19,ibm_marrakesh,5,236.4589,169.6122,0.00021275,0.00021275,0.00172485,0.00366211,36.0,36.0,68.0
2026-03-19,ibm_marrakesh,6,336.8256,294.5255,0.00020415,0.00020415,0.00138543,0.00317383,36.0,36.0,68.0
2026-03-19,ibm_marrakesh,7,237.7291,115.1083,0.00017414,0.00017414,0.00208393,0.00463867,36.0,36.0,80.0
2026-03-19,ibm_marrakesh,8,240.2085,126.653,0.00019858,0.00019858,0.00200937,0.00830078,36.0,36.0,68.0
2026-03-19,ibm_marrakesh,9,196.6307,268.031,0.00020119,0.00020119,,0.04199219,36.0,36.0,
2026-03-18,ibm_marrakesh,0,264.2203,37.0665,0.00051581,0.00051581,0.00317428,0.00463867,36.0,36.0,68.0
2026-03-18,ibm_marrakesh,1,166.8852,144.6203,0.00024855,0.00024855,0.0012244,0.00634766,36.0,36.0,68.0
2026-03-18,ibm_marrakesh,2,192.2769,156.0238,0.000205,0.000205,0.00115026,0.00561523,36.0,36.0,68.0
2026-03-18,ibm_marrakesh,3,368.0628,292.5843,0.00019032,0.00019032,0.00187351,0.00634766,36.0,36.0,80.0
2026-03-18,ibm_marrakesh,4,218.4035,269.5853,0.00077863,0.00077863,0.00191083,0.00683594,36.0,36.0,68.0
2026-03-18,ibm_marrakesh,5,242.158,225.4201,0.00030957,0.00030957,0.0016295,0.00463867,36.0,36.0,68.0
2026-03-18,ibm_marrakesh,6,318.6966,286.4307,0.00020834,0.00020834,0.00145969,0.00390625,36.0,36.0,68.0
2026-03-18,ibm_marrakesh,7,259.0802,112.5178,0.00015866,0.00015866,0.00231224,0.00268555,36.0,36.0,80.0
2026-03-18,ibm_marrakesh,8,157.4414,108.1491,0.00018586,0.00018586,0.00295981,0.00195312,36.0,36.0,68.0
2026-03-18,ibm_marrakesh,9,138.1354,160.163,0.0006614,0.0006614,,0.01660156,36.0,36.0,
2026-03-17,ibm_marrakesh,0,264.2203,37.0665,0.00051581,0.00051581,0.00355951,0.00463867,36.0,36.0,68.0
2026-03-17,ibm_marrakesh,1,166.8852,144.6203,0.00024855,0.00024855,0.00269452,0.00634766,36.0,36.0,68.0
2026-03-17,ibm_marrakesh,2,192.2769,156.0238,0.000205,0.000205,0.0026266,0.00561523,36.0,36.0,68.0
2026-03-17,ibm_marrakesh,3,368.0628,292.5843,0.00019032,0.00019032,0.00211503,0.00634766,36.0,36.0,80.0
2026-03-17,ibm_marrakesh,4,218.4035,269.5853,0.00077863,0.00077863,0.00267408,0.00683594,36.0,36.0,68.0
2026-03-17,ibm_marrakesh,5,242.158,225.4201,0.00030957,0.00030957,0.00182309,0.00463867,36.0,36.0,68.0
2026-03-17,ibm_marrakesh,6,318.6966,286.4307,0.00020834,0.00020834,0.00160459,0.00390625,36.0,36.0,68.0
2026-03-17,ibm_marrakesh,7,259.0802,112.5178,0.00015866,0.00015866,0.00292904,0.00268555,36.0,36.0,80.0
2026-03-17,ibm_marrakesh,8,157.4414,108.1491,0.00018586,0.00018586,0.00246068,0.00195312,36.0,36.0,68.0
2026-03-17,ibm_marrakesh,9,138.1354,160.163,0.0006614,0.0006614,,0.01660156,36.0,36.0,
2026-03-16,ibm_marrakesh,0,357.4865,73.1915,0.00034652,0.00034652,0.00207973,0.0234375,36.0,36.0,68.0
2026-03-16,ibm_marrakesh,1,115.7132,126.4974,0.00019668,0.00019668,0.00121885,0.00769043,36.0,36.0,68.0
2026-03-16,ibm_marrakesh,2,331.5722,427.7713,0.00020095,0.00020095,0.00207584,0.00671387,36.0,36.0,68.0
2026-03-16,ibm_marrakesh,3,318.4735,228.1812,0.00022962,0.00022962,0.00305489,0.00952148,36.0,36.0,80.0
2026-03-16,ibm_marrakesh,4,187.436,166.2035,0.00054057,0.00054057,0.00316933,0.01672363,36.0,36.0,68.0
2026-03-16,ibm_marrakesh,5,263.5661,152.4056,0.00017066,0.00017066,0.00237365,0.0032959,36.0,36.0,68.0
2026-03-16,ibm_marrakesh,6,243.412,161.5053,0.00022273,0.00022273,0.00196299,0.00488281,36.0,36.0,68.0
2026-03-16,ibm_marrakesh,7,280.9175,112.4317,0.00013464,0.00013464,0.00243471,0.00830078,36.0,36.0,80.0
2026-03-16,ibm_marrakesh,8,176.2314,93.2879,0.00032185,0.00032185,0.00214516,0.0045166,36.0,36.0,68.0
2026-03-16,ibm_marrakesh,9,116.4269,145.3661,0.00013431,0.00013431,,0.01135254,36.0,36.0,
2026-03-15,ibm_marrakesh,0,290.8717,43.3999,0.00031359,0.00031359,0.00236296,0.01452637,36.0,36.0,68.0
2026-03-15,ibm_marrakesh,1,220.1848,183.073,0.0002382,0.0002382,0.00121885,0.00866699,36.0,36.0,68.0
2026-03-15,ibm_marrakesh,2,368.9432,357.6997,0.00013847,0.00013847,0.00136697,0.00463867,36.0,36.0,68.0
2026-03-15,ibm_marrakesh,3,158.0649,177.2232,0.00025148,0.00025148,0.00319109,0.00695801,36.0,36.0,80.0
2026-03-15,ibm_marrakesh,4,91.6654,69.2969,0.00054057,0.00054057,0.001833,0.00891113,36.0,36.0,68.0
2026-03-15,ibm_marrakesh,5,192.555,123.3005,0.0002949,0.0002949,0.00121846,0.0065918,36.0,36.0,68.0
2026-03-15,ibm_marrakesh,6,294.6711,219.6089,0.00022481,0.00022481,0.00123334,0.00927734,36.0,36.0,68.0
2026-03-15,ibm_marrakesh,7,285.9944,92.7814,0.00019576,0.00019576,0.00193989,0.00463867,36.0,36.0,80.0
2026-03-15,ibm_marrakesh,8,213.139,80.9513,0.0002658,0.0002658,0.00209564,0.00744629,36.0,36.0,68.0
2026-03-15,ibm_marrakesh,9,151.6533,165.3014,0.0003628,0.0003628,,0.01452637,36.0,36.0,
2026-03-14,ibm_marrakesh,0,268.9541,53.4045,0.00045717,0.00045717,0.00178309,0.00964355,36.0,36.0,68.0
2026-03-14,ibm_marrakesh,1,177.0592,160.6655,0.0002382,0.0002382,0.00103037,0.00598145,36.0,36.0,68.0
2026-03-14,ibm_marrakesh,2,245.804,318.8798,0.00011791,0.00011791,0.00133216,0.0057373,36.0,36.0,68.0
2026-03-14,ibm_marrakesh,3,318.9399,216.9494,0.00035131,0.00035131,0.00319109,0.00598145,36.0,36.0,80.0
2026-03-14,ibm_marrakesh,4,201.345,19.4099,0.00037163,0.00037163,0.00290568,0.00476074,36.0,36.0,68.0
2026-03-14,ibm_marrakesh,5,239.2526,146.1947,0.00020002,0.00020002,0.00183772,0.00500488,36.0,36.0,68.0
2026-03-14,ibm_marrakesh,6,287.2158,252.069,0.00022332,0.00022332,0.00187315,0.00439453,36.0,36.0,68.0
2026-03-14,ibm_marrakesh,7,264.6865,107.8891,0.00016872,0.00016872,0.0017346,0.00378418,36.0,36.0,80.0
2026-03-14,ibm_marrakesh,8,192.9392,121.313,0.00014452,0.00014452,0.00204343,0.01220703,36.0,36.0,68.0
2026-03-14,ibm_marrakesh,9,110.7255,120.7643,0.00033239,0.00033239,,0.00927734,36.0,36.0,
2026-03-13,ibm_marrakesh,0,268.9541,53.4045,0.00045717,0.00045717,0.00178309,0.00170898,36.0,36.0,68.0
2026-03-13,ibm_marrakesh,1,177.0592,160.6655,0.0002382,0.0002382,0.00103037,0.00390625,36.0,36.0,68.0
2026-03-13,ibm_marrakesh,2,245.804,318.8798,0.00011791,0.00011791,0.00133216,0.00683594,36.0,36.0,68.0
2026-03-13,ibm_marrakesh,3,318.9399,216.9494,0.00035131,0.00035131,0.00319109,0.00561523,36.0,36.0,80.0
2026-03-13,ibm_marrakesh,4,201.345,19.4099,0.00037163,0.00037163,0.00290568,0.01098633,36.0,36.0,68.0
2026-03-13,ibm_marrakesh,5,239.2526,146.1947,0.00020002,0.00020002,0.00183772,0.00439453,36.0,36.0,68.0
2026-03-13,ibm_marrakesh,6,287.2158,252.069,0.00022332,0.00022332,0.00187315,0.00390625,36.0,36.0,68.0
2026-03-13,ibm_marrakesh,7,264.6865,107.8891,0.00016872,0.00016872,0.0017346,0.00244141,36.0,36.0,80.0
2026-03-13,ibm_marrakesh,8,192.9392,121.313,0.00014452,0.00014452,0.00204343,0.00683594,36.0,36.0,68.0
2026-03-13,ibm_marrakesh,9,110.7255,120.7643,0.00033239,0.00033239,,0.02832031,36.0,36.0,
2026-03-12,ibm_marrakesh,0,230.5311,82.9101,0.00087077,0.00087077,0.00300897,0.00268555,36.0,36.0,68.0
2026-03-12,ibm_marrakesh,1,189.9896,156.0036,0.00020726,0.00020726,0.00111501,0.00524902,36.0,36.0,68.0
2026-03-12,ibm_marrakesh,2,164.6808,134.061,0.00028874,0.00028874,0.0047251,0.00622559,36.0,36.0,68.0
2026-03-12,ibm_marrakesh,3,297.201,325.4314,0.00240555,0.00240555,0.00736461,0.01135254,36.0,36.0,80.0
2026-03-12,ibm_marrakesh,4,201.345,80.9687,0.0003915,0.0003915,0.00211739,0.0045166,36.0,36.0,68.0
2026-03-12,ibm_marrakesh,5,267.6637,87.7167,0.00023103,0.00023103,0.00114365,0.00915527,36.0,36.0,68.0
2026-03-12,ibm_marrakesh,6,261.5239,138.4002,0.0001561,0.0001561,0.00158178,0.00549316,36.0,36.0,68.0
2026-03-12,ibm_marrakesh,7,240.1325,45.0688,0.00030988,0.00030988,0.00271847,0.00402832,36.0,36.0,80.0
2026-03-12,ibm_marrakesh,8,222.3268,92.9931,0.00043369,0.00043369,0.001655,0.0057373,36.0,36.0,68.0
2026-03-12,ibm_marrakesh,9,207.9034,150.1817,0.00033239,0.00033239,,0.02160645,36.0,36.0,
2026-03-11,ibm_marrakesh,0,307.0134,110.0272,0.00024188,0.00024188,0.0016887,0.00671387,36.0,36.0,68.0
2026-03-11,ibm_marrakesh,1,165.1085,134.3834,0.00023666,0.00023666,0.0010914,0.00341797,36.0,36.0,68.0
2026-03-11,ibm_marrakesh,2,348.6608,511.5622,0.00025463,0.00025463,0.00165065,0.00341797,36.0,36.0,68.0
2026-03-11,ibm_marrakesh,3,241.8677,187.0008,0.00026318,0.00026318,0.00199754,0.00756836,36.0,36.0,80.0
2026-03-11,ibm_marrakesh,4,104.3077,76.9176,0.00041867,0.00041867,0.00319122,0.00756836,36.0,36.0,68.0
2026-03-11,ibm_marrakesh,5,253.2397,157.4353,0.00081972,0.00081972,0.00212231,0.28955078,36.0,36.0,68.0
2026-03-11,ibm_marrakesh,6,381.4352,449.7413,0.0003553,0.0003553,0.00225433,0.00585938,36.0,36.0,68.0
2026-03-11,ibm_marrakesh,7,240.1325,115.732,0.00018176,0.00018176,0.00270684,0.00415039,36.0,36.0,80.0
2026-03-11,ibm_marrakesh,8,218.6314,161.8145,0.00022233,0.00022233,0.00181983,0.00488281,36.0,36.0,68.0
2026-03-11,ibm_marrakesh,9,224.4236,294.686,0.00019971,0.00019971,,0.00964355,36.0,36.0,
2026-03-10,ibm_marrakesh,0,269.5217,36.935,0.00056977,0.00056977,0.00156232,0.00463867,36.0,36.0,68.0
2026-03-10,ibm_marrakesh,1,202.8264,158.3586,0.00018689,0.00018689,0.00123724,0.00305176,36.0,36.0,68.0
2026-03-10,ibm_marrakesh,2,285.7997,335.6229,0.0002861,0.0002861,0.00534803,0.00537109,36.0,36.0,68.0
2026-03-10,ibm_marrakesh,3,286.3359,274.3303,0.00016418,0.00016418,0.00605561,0.00634766,36.0,36.0,80.0
2026-03-10,ibm_marrakesh,4,165.0723,233.4888,0.00020909,0.00020909,0.00203519,0.01196289,36.0,36.0,68.0
2026-03-10,ibm_marrakesh,5,253.2397,176.3521,0.00071744,0.00071744,0.00160109,0.00549316,36.0,36.0,68.0
2026-03-10,ibm_marrakesh,6,184.4022,170.3748,0.0003553,0.0003553,0.00173959,0.0032959,36.0,36.0,68.0
2026-03-10,ibm_marrakesh,7,289.7686,127.2755,0.00018798,0.00018798,0.00358328,0.00463867,36.0,36.0,80.0
2026-03-10,ibm_marrakesh,8,188.2128,131.9431,0.00023979,0.00023979,0.00264032,0.00769043,36.0,36.0,68.0
2026-03-10,ibm_marrakesh,9,199.1891,252.7554,0.00030836,0.00030836,,0.01733398,36.0,36.0,
2026-03-09,ibm_marrakesh,0,269.5217,36.935,0.00056977,0.00056977,0.00156232,0.01269531,36.0,36.0,68.0
2026-03-09,ibm_marrakesh,1,202.8264,158.3586,0.00018689,0.00018689,0.00123724,0.00390625,36.0,36.0,68.0
2026-03-09,ibm_marrakesh,2,285.7997,335.6229,0.0002861,0.0002861,0.00534803,0.00390625,36.0,36.0,68.0
2026-03-09,ibm_marrakesh,3,286.3359,274.3303,0.00016418,0.00016418,0.00605561,0.00537109,36.0,36.0,80.0
2026-03-09,ibm_marrakesh,4,165.0723,233.4888,0.00020909,0.00020909,0.00203519,0.01306152,36.0,36.0,68.0
2026-03-09,ibm_marrakesh,5,253.2397,176.3521,0.00071744,0.00071744,0.00160109,0.02050781,36.0,36.0,68.0
2026-03-09,ibm_marrakesh,6,184.4022,170.3748,0.0003553,0.0003553,0.00173959,0.00524902,36.0,36.0,68.0
2026-03-09,ibm_marrakesh,7,289.7686,127.2755,0.00018798,0.00018798,0.00358328,0.00756836,36.0,36.0,80.0
2026-03-09,ibm_marrakesh,8,188.2128,131.9431,0.00023979,0.00023979,0.00264032,0.00756836,36.0,36.0,68.0
2026-03-09,ibm_marrakesh,9,199.1891,252.7554,0.00030836,0.00030836,,0.09155273,36.0,36.0,
2026-03-08,ibm_marrakesh,0,204.1481,35.361,0.00039056,0.00039056,0.00239779,0.01171875,36.0,36.0,68.0
2026-03-08,ibm_marrakesh,1,189.2667,163.7983,0.00015914,0.00015914,0.00123039,0.00488281,36.0,36.0,68.0
2026-03-08,ibm_marrakesh,2,297.1769,344.5091,0.00024114,0.00024114,0.00407529,0.00341797,36.0,36.0,68.0
2026-03-08,ibm_marrakesh,3,252.8045,258.7561,0.00016418,0.00016418,0.00517158,0.01977539,36.0,36.0,80.0
2026-03-08,ibm_marrakesh,4,227.6334,99.9656,0.00031258,0.00031258,0.00224123,0.01977539,36.0,36.0,68.0
2026-03-08,ibm_marrakesh,5,209.1828,117.7629,0.00021817,0.00021817,0.00191079,0.01538086,36.0,36.0,68.0
2026-03-08,ibm_marrakesh,6,230.5708,146.4438,0.00037682,0.00037682,0.00124229,0.00708008,36.0,36.0,68.0
2026-03-08,ibm_marrakesh,7,165.0395,68.4482,0.00018798,0.00018798,0.00391865,0.00195312,36.0,36.0,80.0
2026-03-08,ibm_marrakesh,8,228.0466,74.988,0.00043147,0.00043147,0.00383427,0.00378418,36.0,36.0,68.0
2026-03-08,ibm_marrakesh,9,99.9624,84.1971,0.00025726,0.00025726,,0.02819824,36.0,36.0,
2026-03-07,ibm_marrakesh,0,214.6073,38.1132,0.00039257,0.00039257,0.00190336,0.00744629,36.0,36.0,68.0
2026-03-07,ibm_marrakesh,1,211.4372,166.9243,0.00028404,0.00028404,0.00117209,0.00671387,36.0,36.0,68.0
2026-03-07,ibm_marrakesh,2,268.3393,361.6411,0.00017533,0.00017533,0.00123329,0.00244141,36.0,36.0,68.0
2026-03-07,ibm_marrakesh,3,306.6308,241.2994,0.00072704,0.00072704,0.00209592,0.0045166,36.0,36.0,80.0
2026-03-07,ibm_marrakesh,4,217.0669,291.0533,0.00038736,0.00038736,0.00228957,0.02453613,36.0,36.0,68.0
2026-03-07,ibm_marrakesh,5,283.4876,225.5838,0.00016382,0.00016382,0.00177985,0.00415039,36.0,36.0,68.0
2026-03-07,ibm_marrakesh,6,295.9551,344.4152,0.00022262,0.00022262,0.00149971,0.00402832,36.0,36.0,68.0
2026-03-07,ibm_marrakesh,7,244.8529,112.3807,0.00025544,0.00025544,0.00258794,0.0090332,36.0,36.0,80.0
2026-03-07,ibm_marrakesh,8,183.6575,107.1221,0.00023967,0.00023967,0.00242027,0.01037598,36.0,36.0,68.0
2026-03-07,ibm_marrakesh,9,179.3293,247.1641,0.00020657,0.00020657,,0.20581055,36.0,36.0,
2026-03-06,ibm_marrakesh,0,280.3415,52.9845,0.00030632,0.00030632,0.00204898,0.00842285,36.0,36.0,68.0
2026-03-06,ibm_marrakesh,1,123.6173,112.082,0.00026532,0.00026532,0.00117209,0.00524902,36.0,36.0,68.0
2026-03-06,ibm_marrakesh,2,331.3781,302.134,0.00020811,0.00020811,0.00371585,0.00292969,36.0,36.0,68.0
2026-03-06,ibm_marrakesh,3,366.4982,245.4004,0.00069942,0.00069942,0.00467421,0.0135498,36.0,36.0,80.0
2026-03-06,ibm_marrakesh,4,217.0093,203.4716,0.00037062,0.00037062,0.00202932,0.01000977,36.0,36.0,68.0
2026-03-06,ibm_marrakesh,5,296.2104,38.1106,0.00030747,0.00030747,0.00191099,0.02587891,36.0,36.0,68.0
2026-03-06,ibm_marrakesh,6,278.6849,213.3481,0.00021861,0.00021861,0.00142473,0.00500488,36.0,36.0,68.0
2026-03-06,ibm_marrakesh,7,284.7254,121.1301,0.00018348,0.00018348,0.00162304,0.00878906,36.0,36.0,80.0
2026-03-06,ibm_marrakesh,8,208.3077,104.5266,0.00017526,0.00017526,0.00230246,0.00939941,36.0,36.0,68.0
2026-03-06,ibm_marrakesh,9,208.0587,232.056,0.00020839,0.00020839,,0.27514648,36.0,36.0,
2026-03-05,ibm_marrakesh,0,329.4804,42.8999,0.0002928,0.0002928,0.00219315,0.00720215,36.0,36.0,68.0
2026-03-05,ibm_marrakesh,1,182.2376,171.5564,0.00023824,0.00023824,0.00117209,0.00683594,36.0,36.0,68.0
2026-03-05,ibm_marrakesh,2,374.077,519.7229,0.00024293,0.00024293,0.00121307,0.00244141,36.0,36.0,68.0
2026-03-05,ibm_marrakesh,3,304.8492,273.7724,0.00016499,0.00016499,0.00200517,0.00500488,36.0,36.0,80.0
2026-03-05,ibm_marrakesh,4,221.5041,33.2031,0.00037062,0.00037062,0.00186197,0.01171875,36.0,36.0,68.0
2026-03-05,ibm_marrakesh,5,296.2104,210.9217,0.00015512,0.00015512,0.00132226,0.00427246,36.0,36.0,68.0
2026-03-05,ibm_marrakesh,6,208.4835,207.2271,0.00019869,0.00019869,0.00130217,0.00366211,36.0,36.0,68.0
2026-03-05,ibm_marrakesh,7,366.3923,145.5882,0.00015064,0.00015064,0.00177878,0.00268555,36.0,36.0,80.0
2026-03-05,ibm_marrakesh,8,172.1181,120.0999,0.00029591,0.00029591,0.0024731,0.00646973,36.0,36.0,68.0
2026-03-05,ibm_marrakesh,9,232.325,304.7643,0.00020839,0.00020839,,0.20983887,36.0,36.0,
2026-03-04,ibm_marrakesh,0,348.7579,47.7787,0.00030055,0.00030055,0.0023115,0.00415039,36.0,36.0,68.0
2026-03-04,ibm_marrakesh,1,194.1443,167.4414,0.00015298,0.00015298,0.00127084,0.00646973,36.0,36.0,68.0
2026-03-04,ibm_marrakesh,2,309.8321,302.9675,0.00013507,0.00013507,0.00263259,0.00488281,36.0,36.0,68.0
2026-03-04,ibm_marrakesh,3,232.8768,181.5093,0.00029095,0.00029095,0.00346584,0.0057373,36.0,36.0,80.0
2026-03-04,ibm_marrakesh,4,221.5041,277.9009,0.00037062,0.00037062,0.0027442,0.04077148,36.0,36.0,68.0
2026-03-04,ibm_marrakesh,5,233.459,49.5456,0.00024273,0.00024273,0.0022237,0.0078125,36.0,36.0,68.0
2026-03-04,ibm_marrakesh,6,325.7353,227.5321,0.00028041,0.00028041,0.00141832,0.00537109,36.0,36.0,68.0
2026-03-04,ibm_marrakesh,7,199.9616,112.8461,0.00015064,0.00015064,0.00203416,0.00476074,36.0,36.0,80.0
2026-03-04,ibm_marrakesh,8,198.65,127.8807,0.00029591,0.00029591,0.00246073,0.01159668,36.0,36.0,68.0
2026-03-04,ibm_marrakesh,9,194.8971,271.6385,0.00015032,0.00015032,,0.03869629,36.0,36.0,
2026-03-03,ibm_marrakesh,0,359.8004,65.5519,0.00052388,0.00052388,0.00166831,0.00708008,36.0,36.0,68.0
2026-03-03,ibm_marrakesh,1,181.6472,171.2862,0.00022681,0.00022681,0.00127084,0.01342773,36.0,36.0,68.0
2026-03-03,ibm_marrakesh,2,402.7278,333.2765,0.00014774,0.00014774,0.00115105,0.00463867,36.0,36.0,68.0
2026-03-03,ibm_marrakesh,3,257.0597,227.1949,0.0001844,0.0001844,0.00181635,0.00354004,36.0,36.0,80.0
2026-03-03,ibm_marrakesh,4,187.8985,184.651,0.00018984,0.00018984,0.00216404,0.01367188,36.0,36.0,68.0
2026-03-03,ibm_marrakesh,5,233.459,198.0129,0.00022822,0.00022822,0.00171216,0.00256348,36.0,36.0,68.0
2026-03-03,ibm_marrakesh,6,255.4548,236.9514,0.00022785,0.00022785,0.00107431,0.00756836,36.0,36.0,68.0
2026-03-03,ibm_marrakesh,7,304.9157,134.2538,0.00018118,0.00018118,0.00280862,0.00415039,36.0,36.0,80.0
2026-03-03,ibm_marrakesh,8,151.6667,89.1605,0.00016164,0.00016164,0.00275796,0.01867676,36.0,36.0,68.0
2026-03-03,ibm_marrakesh,9,173.4264,198.8013,0.00022964,0.00022964,,0.14990234,36.0,36.0,
2026-03-02,ibm_marrakesh,0,326.1026,49.2552,0.00019113,0.00019113,0.00264495,0.00524902,36.0,36.0,68.0
2026-03-02,ibm_marrakesh,1,197.3613,150.4232,0.00025614,0.00025614,0.00127084,0.00488281,36.0,36.0,68.0
2026-03-02,ibm_marrakesh,2,268.2985,247.2737,0.00014996,0.00014996,0.00138159,0.0020752,36.0,36.0,68.0
2026-03-02,ibm_marrakesh,3,357.1805,262.0741,0.00025695,0.00025695,0.00172636,0.0090332,36.0,36.0,80.0
2026-03-02,ibm_marrakesh,4,170.1946,193.9665,0.00037091,0.00037091,0.00300648,0.05761719,36.0,36.0,68.0
2026-03-02,ibm_marrakesh,5,105.243,116.102,0.00041112,0.00041112,0.0024627,0.00537109,36.0,36.0,68.0
2026-03-02,ibm_marrakesh,6,228.5967,106.2901,0.00023366,0.00023366,0.00162628,0.00402832,36.0,36.0,68.0
2026-03-02,ibm_marrakesh,7,283.3539,127.7632,0.00031507,0.00031507,0.00253057,0.00439453,36.0,36.0,80.0
2026-03-02,ibm_marrakesh,8,96.9247,98.4328,0.0002164,0.0002164,0.00223467,0.0065918,36.0,36.0,68.0
2026-03-02,ibm_marrakesh,9,169.2747,233.4296,0.00013862,0.00013862,,0.26782227,36.0,36.0,
2026-03-01,ibm_marrakesh,0,264.3925,53.2698,0.00025039,0.00025039,0.00208693,0.01391602,36.0,36.0,68.0
2026-03-01,ibm_marrakesh,1,168.8565,151.599,0.00024782,0.00024782,0.00127084,0.0057373,36.0,36.0,68.0
2026-03-01,ibm_marrakesh,2,335.0829,380.9197,0.00017389,0.00017389,0.00156831,0.00415039,36.0,36.0,68.0
2026-03-01,ibm_marrakesh,3,307.4092,19.1217,0.00082131,0.00082131,0.00278046,0.00744629,36.0,36.0,80.0
2026-03-01,ibm_marrakesh,4,227.6931,270.2314,0.00043387,0.00043387,0.0019374,0.00952148,36.0,36.0,68.0
2026-03-01,ibm_marrakesh,5,301.9469,198.4062,0.00014622,0.00014622,0.00109197,0.00695801,36.0,36.0,68.0
2026-03-01,ibm_marrakesh,6,289.2759,232.5226,0.00023366,0.00023366,0.00118828,0.00537109,36.0,36.0,68.0
2026-03-01,ibm_marrakesh,7,222.9576,111.4155,0.00015919,0.00015919,0.00214571,0.00463867,36.0,36.0,80.0
2026-03-01,ibm_marrakesh,8,269.8189,126.9521,0.00048052,0.00048052,0.00256349,0.00439453,36.0,36.0,68.0
2026-03-01,ibm_marrakesh,9,195.1249,218.705,0.00016534,0.00016534,,0.1295166,36.0,36.0,
2026-02-28,ibm_marrakesh,0,298.5201,45.5252,0.00066855,0.00066855,0.00188134,0.0057373,36.0,36.0,68.0
2026-02-28,ibm_marrakesh,1,201.8682,160.6202,0.000249,0.000249,0.00126446,0.00634766,36.0,36.0,68.0
2026-02-28,ibm_marrakesh,2,223.1121,226.2381,0.00017596,0.00017596,0.00156831,0.0045166,36.0,36.0,68.0
2026-02-28,ibm_marrakesh,3,307.4092,258.411,0.00021511,0.00021511,0.00250867,0.00805664,36.0,36.0,80.0
2026-02-28,ibm_marrakesh,4,212.395,272.5727,0.00031513,0.00031513,0.00160623,0.00769043,36.0,36.0,68.0
2026-02-28,ibm_marrakesh,5,290.6995,53.0398,0.00022962,0.00022962,0.00123315,0.00231934,36.0,36.0,68.0
2026-02-28,ibm_marrakesh,6,321.356,362.7449,0.00114811,0.00114811,0.00193598,0.00463867,36.0,36.0,68.0
2026-02-28,ibm_marrakesh,7,242.3124,115.7922,0.00021601,0.00021601,0.00266562,0.00610352,36.0,36.0,80.0
2026-02-28,ibm_marrakesh,8,188.8795,112.9903,0.00035188,0.00035188,0.00270979,0.01074219,36.0,36.0,68.0
2026-02-28,ibm_marrakesh,9,179.2686,257.518,0.00018063,0.00018063,,0.0267334,36.0,36.0,
2026-02-27,ibm_marrakesh,0,329.9546,37.5111,0.00032446,0.00032446,0.00163175,0.00390625,36.0,36.0,68.0
2026-02-27,ibm_marrakesh,1,193.3628,153.1419,0.00027069,0.00027069,0.00126446,0.00439453,36.0,36.0,68.0
2026-02-27,ibm_marrakesh,2,324.2253,392.5253,0.0001105,0.0001105,0.01173511,0.00500488,36.0,36.0,68.0
2026-02-27,ibm_marrakesh,3,323.2798,258.9361,0.00035484,0.00035484,0.00144556,0.0135498,36.0,36.0,80.0
2026-02-27,ibm_marrakesh,4,156.0711,71.2372,0.0004906,0.0004906,0.00206513,0.00817871,36.0,36.0,68.0
2026-02-27,ibm_marrakesh,5,290.6995,96.1086,0.00016287,0.00016287,0.00187442,0.00305176,36.0,36.0,68.0
2026-02-27,ibm_marrakesh,6,257.7579,120.5364,0.00026316,0.00026316,0.004888,0.01318359,36.0,36.0,68.0
2026-02-27,ibm_marrakesh,7,310.1234,74.9293,0.00012792,0.00012792,0.00788557,0.00280762,36.0,36.0,80.0
2026-02-27,ibm_marrakesh,8,260.1124,87.2577,0.00021263,0.00021263,0.00318241,0.00341797,36.0,36.0,68.0
2026-02-27,ibm_marrakesh,9,184.2469,167.5648,0.00019295,0.00019295,,0.02709961,36.0,36.0,
2026-02-26,ibm_marrakesh,0,304.9808,83.6321,0.00040602,0.00040602,0.00190473,0.00854492,36.0,36.0,68.0
2026-02-26,ibm_marrakesh,1,221.8014,160.4352,0.00026598,0.00026598,0.00171754,0.00817871,36.0,36.0,68.0
2026-02-26,ibm_marrakesh,2,337.9296,331.7343,0.00021834,0.00021834,0.01173511,0.00390625,36.0,36.0,68.0
2026-02-26,ibm_marrakesh,3,195.431,191.4434,0.00044969,0.00044969,0.01888381,0.00500488,36.0,36.0,80.0
2026-02-26,ibm_marrakesh,4,108.3162,118.5068,0.00039468,0.00039468,0.00228637,0.00793457,36.0,36.0,68.0
2026-02-26,ibm_marrakesh,5,280.4467,222.3177,0.00015011,0.00015011,0.00196343,0.00476074,36.0,36.0,68.0
2026-02-26,ibm_marrakesh,6,311.0667,338.4603,0.00017553,0.00017553,0.00182733,0.0090332,36.0,36.0,68.0
2026-02-26,ibm_marrakesh,7,340.7919,123.3683,0.00033565,0.00033565,0.00212459,0.00292969,36.0,36.0,80.0
2026-02-26,ibm_marrakesh,8,103.9931,75.701,0.00023803,0.00023803,0.00258969,0.01550293,36.0,36.0,68.0
2026-02-26,ibm_marrakesh,9,194.866,317.5384,0.00014698,0.00014698,,0.04187012,36.0,36.0,
2026-02-25,ibm_marrakesh,0,241.2626,42.2325,0.00030778,0.00030778,0.00225795,0.00488281,36.0,36.0,68.0
2026-02-25,ibm_marrakesh,1,138.8985,122.6326,0.00034638,0.00034638,0.00171754,0.00390625,36.0,36.0,68.0
2026-02-25,ibm_marrakesh,2,299.9828,409.552,0.00023605,0.00023605,0.00194292,0.00634766,36.0,36.0,68.0
2026-02-25,ibm_marrakesh,3,273.9274,232.7455,0.00045401,0.00045401,0.00203602,0.00878906,36.0,36.0,80.0
2026-02-25,ibm_marrakesh,4,228.9939,327.6032,0.00042858,0.00042858,0.0018537,0.05957031,36.0,36.0,68.0
2026-02-25,ibm_marrakesh,5,234.1566,234.5075,0.00031166,0.00031166,0.00100946,0.00537109,36.0,36.0,68.0
2026-02-25,ibm_marrakesh,6,197.965,227.891,0.00032861,0.00032861,0.00125391,0.00854492,36.0,36.0,68.0
2026-02-25,ibm_marrakesh,7,264.8809,115.1656,0.00034563,0.00034563,0.00392027,0.00488281,36.0,36.0,80.0
2026-02-25,ibm_marrakesh,8,146.2928,104.9068,0.00027827,0.00027827,0.005206,0.00537109,36.0,36.0,68.0
2026-02-25,ibm_marrakesh,9,210.4065,284.0775,0.00024697,0.00024697,,0.04125977,36.0,36.0,
2026-02-24,ibm_marrakesh,0,241.2626,42.2325,0.00030778,0.00030778,0.00286919,0.00354004,36.0,36.0,68.0
2026-02-24,ibm_marrakesh,1,138.8985,122.6326,0.00034638,0.00034638,0.00184045,0.0057373,36.0,36.0,68.0
2026-02-24,ibm_marrakesh,2,299.9828,409.552,0.00023605,0.00023605,0.00180527,0.00366211,36.0,36.0,68.0
2026-02-24,ibm_marrakesh,3,273.9274,232.7455,0.00045401,0.00045401,0.00194609,0.00708008,36.0,36.0,80.0
2026-02-24,ibm_marrakesh,4,228.9939,327.6032,0.00042858,0.00042858,0.00204179,0.01257324,36.0,36.0,68.0
2026-02-24,ibm_marrakesh,5,234.1566,234.5075,0.00031166,0.00031166,0.00118416,0.02783203,36.0,36.0,68.0
2026-02-24,ibm_marrakesh,6,197.965,227.891,0.00032861,0.00032861,0.00136665,0.00366211,36.0,36.0,68.0
2026-02-24,ibm_marrakesh,7,264.8809,115.1656,0.00034563,0.00034563,0.00194793,0.00354004,36.0,36.0,80.0
2026-02-24,ibm_marrakesh,8,146.2928,104.9068,0.00027827,0.00027827,0.00222756,0.00756836,36.0,36.0,68.0
2026-02-24,ibm_marrakesh,9,210.4065,284.0775,0.00024697,0.00024697,,0.00939941,36.0,36.0,
2026-02-23,ibm_marrakesh,0,241.2626,42.2325,0.00030778,0.00030778,0.00286919,0.00354004,36.0,36.0,68.0
2026-02-23,ibm_marrakesh,1,138.8985,122.6326,0.00034638,0.00034638,0.00184045,0.0057373,36.0,36.0,68.0
2026-02-23,ibm_marrakesh,2,299.9828,409.552,0.00023605,0.00023605,0.00180527,0.00366211,36.0,36.0,68.0
2026-02-23,ibm_marrakesh,3,273.9274,232.7455,0.00045401,0.00045401,0.00194609,0.00708008,36.0,36.0,80.0
2026-02-23,ibm_marrakesh,4,228.9939,327.6032,0.00042858,0.00042858,0.00204179,0.01257324,36.0,36.0,68.0
2026-02-23,ibm_marrakesh,5,234.1566,234.5075,0.00031166,0.00031166,0.00118416,0.02783203,36.0,36.0,68.0
2026-02-23,ibm_marrakesh,6,197.965,227.891,0.00032861,0.00032861,0.00136665,0.00366211,36.0,36.0,68.0
2026-02-23,ibm_marrakesh,7,264.8809,115.1656,0.00034563,0.00034563,0.00194793,0.00354004,36.0,36.0,80.0
2026-02-23,ibm_marrakesh,8,146.2928,104.9068,0.00027827,0.00027827,0.00222756,0.00756836,36.0,36.0,68.0
2026-02-23,ibm_marrakesh,9,210.4065,284.0775,0.00024697,0.00024697,,0.00939941,36.0,36.0,
2026-02-22,ibm_marrakesh,0,241.2626,42.2325,0.00030778,0.00030778,0.00286919,0.0098877,36.0,36.0,68.0
2026-02-22,ibm_marrakesh,1,138.8985,122.6326,0.00034638,0.00034638,0.00184045,0.00866699,36.0,36.0,68.0
2026-02-22,ibm_marrakesh,2,299.9828,409.552,0.00023605,0.00023605,0.00180527,0.00561523,36.0,36.0,68.0
2026-02-22,ibm_marrakesh,3,273.9274,232.7455,0.00045401,0.00045401,0.00194609,0.0065918,36.0,36.0,80.0
2026-02-22,ibm_marrakesh,4,228.9939,327.6032,0.00042858,0.00042858,0.00204179,0.01159668,36.0,36.0,68.0
2026-02-22,ibm_marrakesh,5,234.1566,234.5075,0.00031166,0.00031166,0.00118416,0.00878906,36.0,36.0,68.0
2026-02-22,ibm_marrakesh,6,197.965,227.891,0.00032861,0.00032861,0.00136665,0.00439453,36.0,36.0,68.0
2026-02-22,ibm_marrakesh,7,264.8809,115.1656,0.00034563,0.00034563,0.00194793,0.00476074,36.0,36.0,80.0
2026-02-22,ibm_marrakesh,8,146.2928,104.9068,0.00027827,0.00027827,0.00222756,0.00842285,36.0,36.0,68.0
2026-02-22,ibm_marrakesh,9,210.4065,284.0775,0.00024697,0.00024697,,0.0123291,36.0,36.0,
2026-02-21,ibm_marrakesh,0,241.2626,42.2325,0.00030778,0.00030778,0.00286919,0.0098877,36.0,36.0,68.0
2026-02-21,ibm_marrakesh,1,138.8985,122.6326,0.00034638,0.00034638,0.00184045,0.00866699,36.0,36.0,68.0
2026-02-21,ibm_marrakesh,2,299.9828,409.552,0.00023605,0.00023605,0.00180527,0.00561523,36.0,36.0,68.0
2026-02-21,ibm_marrakesh,3,273.9274,232.7455,0.00045401,0.00045401,0.00194609,0.0065918,36.0,36.0,80.0
2026-02-21,ibm_marrakesh,4,228.9939,327.6032,0.00042858,0.00042858,0.00204179,0.01159668,36.0,36.0,68.0
2026-02-21,ibm_marrakesh,5,234.1566,234.5075,0.00031166,0.00031166,0.00118416,0.00878906,36.0,36.0,68.0
2026-02-21,ibm_marrakesh,6,197.965,227.891,0.00032861,0.00032861,0.00136665,0.00439453,36.0,36.0,68.0
2026-02-21,ibm_marrakesh,7,264.8809,115.1656,0.00034563,0.00034563,0.00194793,0.00476074,36.0,36.0,80.0
2026-02-21,ibm_marrakesh,8,146.2928,104.9068,0.00027827,0.00027827,0.00222756,0.00842285,36.0,36.0,68.0
2026-02-21,ibm_marrakesh,9,210.4065,284.0775,0.00024697,0.00024697,,0.0123291,36.0,36.0,
2026-02-20,ibm_marrakesh,0,241.2626,42.2325,0.000627,0.000627,0.00286919,0.0098877,36.0,36.0,68.0
2026-02-20,ibm_marrakesh,1,138.8985,122.6326,0.00023748,0.00023748,0.00184045,0.00866699,36.0,36.0,68.0
2026-02-20,ibm_marrakesh,2,299.9828,409.552,0.0001381,0.0001381,0.00180527,0.00561523,36.0,36.0,68.0
2026-02-20,ibm_marrakesh,3,273.9274,232.7455,0.00030592,0.00030592,0.00194609,0.0065918,36.0,36.0,80.0
2026-02-20,ibm_marrakesh,4,228.9939,327.6032,0.00029732,0.00029732,0.00204179,0.01159668,36.0,36.0,68.0
2026-02-20,ibm_marrakesh,5,234.1566,234.5075,0.00026165,0.00026165,0.00118416,0.00878906,36.0,36.0,68.0
2026-02-20,ibm_marrakesh,6,197.965,227.891,0.00020757,0.00020757,0.00136665,0.00439453,36.0,36.0,68.0
2026-02-20,ibm_marrakesh,7,264.8809,115.1656,0.00027687,0.00027687,0.00194793,0.00476074,36.0,36.0,80.0
2026-02-20,ibm_marrakesh,8,146.2928,104.9068,0.00034213,0.00034213,0.00222756,0.00842285,36.0,36.0,68.0
2026-02-20,ibm_marrakesh,9,210.4065,284.0775,0.00024984,0.00024984,,0.0123291,36.0,36.0,
2026-02-19,ibm_marrakesh,0,164.0082,35.0418,0.00032569,0.00032569,0.00215651,0.00634766,36.0,36.0,68.0
2026-02-19,ibm_marrakesh,1,133.0575,112.8569,0.00016955,0.00016955,0.00100161,0.00634766,36.0,36.0,68.0
2026-02-19,ibm_marrakesh,2,171.6162,182.9415,0.00014543,0.00014543,0.00180527,0.00561523,36.0,36.0,68.0
2026-02-19,ibm_marrakesh,3,167.4516,162.5059,0.00024829,0.00024829,0.0023219,0.00976562,36.0,36.0,80.0
2026-02-19,ibm_marrakesh,4,131.923,125.0454,0.00029732,0.00029732,0.0023805,0.00708008,36.0,36.0,68.0
2026-02-19,ibm_marrakesh,5,163.4609,99.3402,0.00023489,0.00023489,0.00187269,0.00170898,36.0,36.0,68.0
2026-02-19,ibm_marrakesh,6,168.6098,157.1209,0.00026856,0.00026856,0.00167215,0.00683594,36.0,36.0,68.0
2026-02-19,ibm_marrakesh,7,157.1479,82.3374,0.00022863,0.00022863,0.00266037,0.01049805,36.0,36.0,80.0
2026-02-19,ibm_marrakesh,8,137.7243,74.6684,0.00020629,0.00020629,0.00230159,0.00488281,36.0,36.0,68.0
2026-02-19,ibm_marrakesh,9,126.4354,130.7499,0.00019118,0.00019118,,0.01171875,36.0,36.0,
2026-02-18,ibm_marrakesh,0,343.1034,37.344,0.00032569,0.00032569,0.00215651,0.0078125,36.0,36.0,68.0
2026-02-18,ibm_marrakesh,1,179.3491,171.6979,0.00016955,0.00016955,0.00100161,0.01306152,36.0,36.0,68.0
2026-02-18,ibm_marrakesh,2,174.182,203.2865,0.00014543,0.00014543,0.00180527,0.00280762,36.0,36.0,68.0
2026-02-18,ibm_marrakesh,3,268.4184,200.5178,0.00024829,0.00024829,0.0023219,0.00537109,36.0,36.0,80.0
2026-02-18,ibm_marrakesh,4,167.1737,201.0548,0.00029732,0.00029732,0.0023805,0.00915527,36.0,36.0,68.0
2026-02-18,ibm_marrakesh,5,273.8888,260.8476,0.00023489,0.00023489,0.00187269,0.00390625,36.0,36.0,68.0
2026-02-18,ibm_marrakesh,6,294.479,299.5496,0.00026856,0.00026856,0.00167215,0.00390625,36.0,36.0,68.0
2026-02-18,ibm_marrakesh,7,309.172,139.1445,0.00022863,0.00022863,0.00266037,0.00231934,36.0,36.0,80.0
2026-02-18,ibm_marrakesh,8,240.7495,142.8089,0.00020629,0.00020629,0.00230159,0.00610352,36.0,36.0,68.0
2026-02-18,ibm_marrakesh,9,120.0044,127.1052,0.00019118,0.00019118,,0.10290527,36.0,36.0,
2026-02-17,ibm_marrakesh,0,343.1034,37.344,0.00035885,0.00035885,0.002244,0.0045166,36.0,36.0,68.0
2026-02-17,ibm_marrakesh,1,179.3491,171.6979,0.00029534,0.00029534,0.0013224,0.00830078,36.0,36.0,68.0
2026-02-17,ibm_marrakesh,2,174.182,203.2865,0.00014543,0.00014543,0.00140173,0.0057373,36.0,36.0,68.0
2026-02-17,ibm_marrakesh,3,268.4184,200.5178,0.0001927,0.0001927,0.00181455,0.0111084,36.0,36.0,80.0
2026-02-17,ibm_marrakesh,4,167.1737,201.0548,0.0004372,0.0004372,0.00227315,0.01000977,36.0,36.0,68.0
2026-02-17,ibm_marrakesh,5,273.8888,260.8476,0.00014643,0.00014643,0.00157398,0.00305176,36.0,36.0,68.0
2026-02-17,ibm_marrakesh,6,294.479,299.5496,0.00032117,0.00032117,0.00178666,0.00561523,36.0,36.0,68.0
2026-02-17,ibm_marrakesh,7,309.172,139.1445,0.00025362,0.00025362,0.00269175,0.0032959,36.0,36.0,80.0
2026-02-17,ibm_marrakesh,8,240.7495,142.8089,0.00018608,0.00018608,0.00185827,0.0177002,36.0,36.0,68.0
2026-02-17,ibm_marrakesh,9,120.0044,127.1052,0.00042718,0.00042718,,0.04443359,36.0,36.0,
2026-02-16,ibm_marrakesh,0,325.2362,39.8834,0.00040565,0.00040565,0.00235185,0.00585938,36.0,36.0,68.0
2026-02-16,ibm_marrakesh,1,210.3573,181.6834,0.00014513,0.00014513,0.00107132,0.00500488,36.0,36.0,68.0
2026-02-16,ibm_marrakesh,2,200.1519,211.0918,0.00012747,0.00012747,0.00123575,0.00463867,36.0,36.0,68.0
2026-02-16,ibm_marrakesh,3,281.4672,243.3479,0.00023857,0.00023857,0.00186088,0.00561523,36.0,36.0,80.0
2026-02-16,ibm_marrakesh,4,205.3513,280.0379,0.00045183,0.00045183,0.00178443,0.01000977,36.0,36.0,68.0
2026-02-16,ibm_marrakesh,5,233.0343,198.2292,0.00022959,0.00022959,0.00136632,0.0045166,36.0,36.0,68.0
2026-02-16,ibm_marrakesh,6,299.6742,304.0818,0.0001401,0.0001401,0.00213052,0.00646973,36.0,36.0,68.0
2026-02-16,ibm_marrakesh,7,293.9244,155.6955,0.00018159,0.00018159,0.00260848,0.00305176,36.0,36.0,80.0
2026-02-16,ibm_marrakesh,8,176.716,104.9079,0.00020326,0.00020326,0.00174955,0.00524902,36.0,36.0,68.0
2026-02-16,ibm_marrakesh,9,153.8593,155.1526,0.00034693,0.00034693,,0.03674316,36.0,36.0,
2026-02-15,ibm_marrakesh,0,312.2333,33.2544,0.00042115,0.00042115,0.00201694,0.00793457,36.0,36.0,68.0
2026-02-15,ibm_marrakesh,1,205.8442,161.1206,0.0002275,0.0002275,0.00112463,0.0032959,36.0,36.0,68.0
2026-02-15,ibm_marrakesh,2,364.3935,433.6696,0.00013812,0.00013812,0.00127244,0.00292969,36.0,36.0,68.0
2026-02-15,ibm_marrakesh,3,317.1613,222.9201,0.00029839,0.00029839,0.00227206,0.01330566,36.0,36.0,80.0
2026-02-15,ibm_marrakesh,4,179.1586,248.7624,0.00032066,0.00032066,0.00225289,0.00610352,36.0,36.0,68.0
2026-02-15,ibm_marrakesh,5,187.9314,181.6313,0.00013143,0.00013143,0.00159099,0.00183105,36.0,36.0,68.0
2026-02-15,ibm_marrakesh,6,287.7457,48.4977,0.00032008,0.00032008,0.0015208,0.00830078,36.0,36.0,68.0
2026-02-15,ibm_marrakesh,7,339.0178,124.0565,0.00017239,0.00017239,0.00257039,0.00378418,36.0,36.0,80.0
2026-02-15,ibm_marrakesh,8,284.4795,153.3559,0.00024864,0.00024864,0.00186855,0.00683594,36.0,36.0,68.0
2026-02-15,ibm_marrakesh,9,222.977,339.9124,0.00018748,0.00018748,,0.00610352,36.0,36.0,
2026-02-14,ibm_marrakesh,0,249.1121,48.8676,0.00038986,0.00038986,0.00233025,0.015625,36.0,36.0,68.0
2026-02-14,ibm_marrakesh,1,168.1927,131.3864,0.00015694,0.00015694,0.00152024,0.00439453,36.0,36.0,68.0
2026-02-14,ibm_marrakesh,2,343.5727,314.0432,0.00018705,0.00018705,0.00149337,0.00598145,36.0,36.0,68.0
2026-02-14,ibm_marrakesh,3,277.1571,229.0476,0.00020647,0.00020647,0.00199286,0.00598145,36.0,36.0,80.0
2026-02-14,ibm_marrakesh,4,183.0861,204.0343,0.0002607,0.0002607,0.00264179,0.19189453,36.0,36.0,68.0
2026-02-14,ibm_marrakesh,5,98.3078,117.6035,0.0002343,0.0002343,0.00205032,0.0045166,36.0,36.0,68.0
2026-02-14,ibm_marrakesh,6,287.7457,301.1536,0.00013089,0.00013089,0.00159389,0.00390625,36.0,36.0,68.0
2026-02-14,ibm_marrakesh,7,286.7612,121.6712,0.00021452,0.00021452,0.00261353,0.0020752,36.0,36.0,80.0
2026-02-14,ibm_marrakesh,8,288.7445,170.4014,0.00028815,0.00028815,0.00188782,0.00598145,36.0,36.0,68.0
2026-02-14,ibm_marrakesh,9,221.7158,290.1896,0.00018519,0.00018519,,0.00878906,36.0,36.0,
2026-02-13,ibm_marrakesh,0,384.3566,51.9073,0.00047646,0.00047646,0.00208002,0.00854492,36.0,36.0,68.0
2026-02-13,ibm_marrakesh,1,172.2342,101.3564,0.00027076,0.00027076,0.00132789,0.01367188,36.0,36.0,68.0
2026-02-13,ibm_marrakesh,2,383.5679,265.9234,0.00029635,0.00029635,0.00114519,0.00354004,36.0,36.0,68.0
2026-02-13,ibm_marrakesh,3,305.4383,266.6663,0.00039067,0.00039067,0.00176913,0.00830078,36.0,36.0,80.0
2026-02-13,ibm_marrakesh,4,194.5358,251.1804,0.00027243,0.00027243,0.00200396,0.07336426,36.0,36.0,68.0
2026-02-13,ibm_marrakesh,5,261.3381,181.3239,0.00050968,0.00050968,0.00259692,0.00305176,36.0,36.0,68.0
2026-02-13,ibm_marrakesh,6,255.8011,241.4862,0.00024832,0.00024832,0.00582485,0.00256348,36.0,36.0,68.0
2026-02-13,ibm_marrakesh,7,290.7257,127.9862,0.00019049,0.00019049,0.00784766,0.00170898,36.0,36.0,80.0
2026-02-13,ibm_marrakesh,8,200.7661,109.7515,0.00021587,0.00021587,0.00408751,0.00927734,36.0,36.0,68.0
2026-02-13,ibm_marrakesh,9,214.426,292.304,0.00014973,0.00014973,,0.03540039,36.0,36.0,
2026-02-12,ibm_marrakesh,0,174.736,32.7194,0.00031222,0.00031222,0.00162109,0.00891113,36.0,36.0,68.0
2026-02-12,ibm_marrakesh,1,187.1551,176.8068,0.00054094,0.00054094,0.00143056,0.00891113,36.0,36.0,68.0
2026-02-12,ibm_marrakesh,2,368.4785,438.5241,9.841e-05,9.841e-05,0.00099288,0.00695801,36.0,36.0,68.0
2026-02-12,ibm_marrakesh,3,192.7193,232.2496,0.00025913,0.00025913,0.00165538,0.00878906,36.0,36.0,80.0
2026-02-12,ibm_marrakesh,4,218.6197,190.3188,0.00048893,0.00048893,0.00193247,0.01757812,36.0,36.0,68.0
2026-02-12,ibm_marrakesh,5,324.3999,223.0635,0.00011048,0.00011048,0.00213125,0.00231934,36.0,36.0,68.0
2026-02-12,ibm_marrakesh,6,284.9457,304.9839,0.00033799,0.00033799,0.00193134,0.00415039,36.0,36.0,68.0
2026-02-12,ibm_marrakesh,7,272.7037,144.0897,0.00014975,0.00014975,0.002362,0.02050781,36.0,36.0,80.0
2026-02-12,ibm_marrakesh,8,173.9381,116.5639,0.00021587,0.00021587,0.00231613,0.01745605,36.0,36.0,68.0
2026-02-12,ibm_marrakesh,9,148.837,127.929,0.00024921,0.00024921,,0.01196289,36.0,36.0,
2026-02-11,ibm_marrakesh,0,332.8099,40.9685,0.00053897,0.00053897,0.00197176,0.0111084,36.0,36.0,68.0
2026-02-11,ibm_marrakesh,1,192.8217,184.86,0.00045144,0.00045144,0.00143056,0.01000977,36.0,36.0,68.0
2026-02-11,ibm_marrakesh,2,301.3249,288.5304,0.00035706,0.00035706,0.00138721,0.0045166,36.0,36.0,68.0
2026-02-11,ibm_marrakesh,3,278.3147,231.4013,0.00023479,0.00023479,0.00176243,0.01513672,36.0,36.0,80.0
2026-02-11,ibm_marrakesh,4,172.8446,223.3983,0.00025748,0.00025748,0.00191568,0.00939941,36.0,36.0,68.0
2026-02-11,ibm_marrakesh,5,232.557,189.3981,0.00024022,0.00024022,0.00226952,0.00390625,36.0,36.0,68.0
2026-02-11,ibm_marrakesh,6,275.2168,290.9381,0.00024974,0.00024974,0.00187706,0.00561523,36.0,36.0,68.0
2026-02-11,ibm_marrakesh,7,258.1744,125.3316,0.0002071,0.0002071,0.0018461,0.00402832,36.0,36.0,80.0
2026-02-11,ibm_marrakesh,8,261.922,162.397,0.00018303,0.00018303,0.00214219,0.01123047,36.0,36.0,68.0
2026-02-11,ibm_marrakesh,9,201.1569,259.3688,0.00021146,0.00021146,,0.01184082,36.0,36.0,
2026-02-10,ibm_marrakesh,0,208.1812,104.0808,0.00021352,0.00021352,0.00238637,0.01379395,36.0,36.0,68.0
2026-02-10,ibm_marrakesh,1,158.2391,134.4857,0.00020477,0.00020477,0.00103076,0.00500488,36.0,36.0,68.0
2026-02-10,ibm_marrakesh,2,353.115,446.2434,0.00053899,0.00053899,0.00115654,0.00354004,36.0,36.0,68.0
2026-02-10,ibm_marrakesh,3,188.0233,153.5384,0.00041412,0.00041412,0.00224957,0.00878906,36.0,36.0,80.0
2026-02-10,ibm_marrakesh,4,152.4974,177.7863,0.00051279,0.00051279,0.00578903,0.00842285,36.0,36.0,68.0
2026-02-10,ibm_marrakesh,5,307.9701,223.2186,0.00018899,0.00018899,0.00286464,0.00402832,36.0,36.0,68.0
2026-02-10,ibm_marrakesh,6,244.1375,274.9012,0.00012797,0.00012797,0.00100638,0.00866699,36.0,36.0,68.0
2026-02-10,ibm_marrakesh,7,204.1971,123.4986,0.00027578,0.00027578,0.00157563,0.00378418,36.0,36.0,80.0
2026-02-10,ibm_marrakesh,8,229.9437,134.7664,0.00020251,0.00020251,0.0032833,0.01245117,36.0,36.0,68.0
2026-02-10,ibm_marrakesh,9,109.4038,131.8323,0.00141242,0.00141242,,0.01147461,36.0,36.0,
2026-02-09,ibm_marrakesh,0,277.0937,43.7878,0.00027958,0.00027958,0.00190569,0.00744629,36.0,36.0,68.0
2026-02-09,ibm_marrakesh,1,179.877,142.0335,0.00018705,0.00018705,0.00116461,0.0057373,36.0,36.0,68.0
2026-02-09,ibm_marrakesh,2,405.714,364.1211,0.00020374,0.00020374,0.00180487,0.00378418,36.0,36.0,68.0
2026-02-09,ibm_marrakesh,3,199.8357,214.8542,0.00038592,0.00038592,0.0022912,0.02172852,36.0,36.0,80.0
2026-02-09,ibm_marrakesh,4,172.5896,134.1718,0.0005133,0.0005133,0.00263466,0.01049805,36.0,36.0,68.0
2026-02-09,ibm_marrakesh,5,177.7986,123.2644,0.00013007,0.00013007,0.00171959,0.0032959,36.0,36.0,68.0
2026-02-09,ibm_marrakesh,6,283.4483,79.0978,0.00016396,0.00016396,0.00165549,0.00708008,36.0,36.0,68.0
2026-02-09,ibm_marrakesh,7,235.4542,98.3579,0.00025148,0.00025148,0.00189429,0.00488281,36.0,36.0,80.0
2026-02-09,ibm_marrakesh,8,213.0388,91.2739,0.00024476,0.00024476,0.00250597,0.00744629,36.0,36.0,68.0
2026-02-09,ibm_marrakesh,9,179.3518,158.2131,0.00024991,0.00024991,,0.02062988,36.0,36.0,
2026-02-08,ibm_marrakesh,0,277.0937,43.7878,0.00027958,0.00027958,0.00190569,0.00744629,36.0,36.0,68.0
2026-02-08,ibm_marrakesh,1,179.877,142.0335,0.00018705,0.00018705,0.00116461,0.0057373,36.0,36.0,68.0
2026-02-08,ibm_marrakesh,2,405.714,364.1211,0.00020374,0.00020374,0.00180487,0.00378418,36.0,36.0,68.0
2026-02-08,ibm_marrakesh,3,199.8357,214.8542,0.00038592,0.00038592,0.0022912,0.02172852,36.0,36.0,80.0
2026-02-08,ibm_marrakesh,4,172.5896,134.1718,0.0005133,0.0005133,0.00263466,0.01049805,36.0,36.0,68.0
2026-02-08,ibm_marrakesh,5,177.7986,123.2644,0.00013007,0.00013007,0.00171959,0.0032959,36.0,36.0,68.0
2026-02-08,ibm_marrakesh,6,283.4483,79.0978,0.00016396,0.00016396,0.00165549,0.00708008,36.0,36.0,68.0
2026-02-08,ibm_marrakesh,7,235.4542,98.3579,0.00025148,0.00025148,0.00189429,0.00488281,36.0,36.0,80.0
2026-02-08,ibm_marrakesh,8,213.0388,91.2739,0.00024476,0.00024476,0.00250597,0.00744629,36.0,36.0,68.0
2026-02-08,ibm_marrakesh,9,179.3518,158.2131,0.00024991,0.00024991,,0.02062988,36.0,36.0,
2026-02-07,ibm_marrakesh,0,270.5446,99.5969,0.00049635,0.00049635,0.00220947,0.0045166,36.0,36.0,68.0
2026-02-07,ibm_marrakesh,1,198.5898,185.2921,0.00020538,0.00020538,0.00146936,0.01013184,36.0,36.0,68.0
2026-02-07,ibm_marrakesh,2,317.3264,447.8967,0.00016935,0.00016935,0.00149202,0.00378418,36.0,36.0,68.0
2026-02-07,ibm_marrakesh,3,325.3844,282.873,0.0003572,0.0003572,0.0026198,0.0168457,36.0,36.0,80.0
2026-02-07,ibm_marrakesh,4,140.6696,143.8205,0.00092453,0.00092453,0.00261108,0.0177002,36.0,36.0,68.0
2026-02-07,ibm_marrakesh,5,244.357,195.7634,0.0001963,0.0001963,0.00144251,0.0020752,36.0,36.0,68.0
2026-02-07,ibm_marrakesh,6,244.7694,110.8834,0.00017255,0.00017255,0.0014446,0.00537109,36.0,36.0,68.0
2026-02-07,ibm_marrakesh,7,257.1114,120.7997,0.0003115,0.0003115,0.0016964,0.00610352,36.0,36.0,80.0
2026-02-07,ibm_marrakesh,8,261.8082,142.3535,0.00023881,0.00023881,0.00215914,0.00427246,36.0,36.0,68.0
2026-02-07,ibm_marrakesh,9,177.6592,210.7857,0.00010556,0.00010556,,0.02050781,36.0,36.0,
2026-02-06,ibm_marrakesh,0,309.0726,41.1303,0.00025405,0.00025405,0.00323232,0.01159668,36.0,36.0,68.0
2026-02-06,ibm_marrakesh,1,185.806,141.3218,0.00013592,0.00013592,0.00356183,0.0045166,36.0,36.0,68.0
2026-02-06,ibm_marrakesh,2,299.8042,174.3091,0.0002541,0.0002541,0.00121161,0.00415039,36.0,36.0,68.0
2026-02-06,ibm_marrakesh,3,176.2952,196.6195,0.00025094,0.00025094,0.00181402,0.00915527,36.0,36.0,80.0
2026-02-06,ibm_marrakesh,4,200.0312,234.768,0.00031641,0.00031641,0.00165367,0.00976562,36.0,36.0,68.0
2026-02-06,ibm_marrakesh,5,242.6384,183.3689,0.00022381,0.00022381,0.00167107,0.00354004,36.0,36.0,68.0
2026-02-06,ibm_marrakesh,6,278.4146,246.2282,0.00096434,0.00096434,0.00191631,0.00500488,36.0,36.0,68.0
2026-02-06,ibm_marrakesh,7,277.6324,133.3593,0.00024986,0.00024986,0.00256088,0.00683594,36.0,36.0,80.0
2026-02-06,ibm_marrakesh,8,62.6262,60.3501,0.00026625,0.00026625,0.00205355,0.0123291,36.0,36.0,68.0
2026-02-06,ibm_marrakesh,9,223.5597,229.0229,0.00011916,0.00011916,,0.07287598,36.0,36.0,
2026-02-05,ibm_marrakesh,0,231.8402,36.2399,0.00030554,0.00030554,0.00537302,0.00720215,36.0,36.0,68.0
2026-02-05,ibm_marrakesh,1,198.3236,166.1128,0.00031099,0.00031099,0.00356183,0.00512695,36.0,36.0,68.0
2026-02-05,ibm_marrakesh,2,347.9074,385.1828,0.00033097,0.00033097,0.00153792,0.01208496,36.0,36.0,68.0
2026-02-05,ibm_marrakesh,3,322.102,196.1109,0.00025039,0.00025039,0.00264076,0.0111084,36.0,36.0,80.0
2026-02-05,ibm_marrakesh,4,124.4169,66.7939,0.00053464,0.00053464,0.00221088,0.00512695,36.0,36.0,68.0
2026-02-05,ibm_marrakesh,5,324.4981,84.3245,0.00020771,0.00020771,0.00200894,0.00390625,36.0,36.0,68.0
2026-02-05,ibm_marrakesh,6,328.2743,128.0072,0.00038169,0.00038169,0.00159028,0.00463867,36.0,36.0,68.0
2026-02-05,ibm_marrakesh,7,291.75,68.0242,0.0001698,0.0001698,0.00228482,0.00952148,36.0,36.0,80.0
2026-02-05,ibm_marrakesh,8,222.4433,70.4994,0.0002641,0.0002641,0.00269485,0.00598145,36.0,36.0,68.0
2026-02-05,ibm_marrakesh,9,210.9462,116.2877,0.00011837,0.00011837,,0.08068848,36.0,36.0,
2026-02-04,ibm_marrakesh,0,201.4496,41.818,0.00031732,0.00031732,0.00240578,0.00842285,36.0,36.0,68.0
2026-02-04,ibm_marrakesh,1,136.9335,116.4021,0.0003727,0.0003727,0.00111527,0.01391602,36.0,36.0,68.0
2026-02-04,ibm_marrakesh,2,365.7671,456.094,0.00023356,0.00023356,0.00129977,0.00354004,36.0,36.0,68.0
2026-02-04,ibm_marrakesh,3,172.5821,147.857,0.00025,0.00025,0.00208764,0.01696777,36.0,36.0,80.0
2026-02-04,ibm_marrakesh,4,234.3913,188.8306,0.00044335,0.00044335,0.00264925,0.01391602,36.0,36.0,68.0
2026-02-04,ibm_marrakesh,5,324.2068,215.2246,0.00024972,0.00024972,0.00127224,0.00366211,36.0,36.0,68.0
2026-02-04,ibm_marrakesh,6,210.3349,175.5397,0.00021514,0.00021514,0.00153153,0.0032959,36.0,36.0,68.0
2026-02-04,ibm_marrakesh,7,219.092,118.5165,0.00021574,0.00021574,0.00209798,0.0057373,36.0,36.0,80.0
2026-02-04,ibm_marrakesh,8,142.4694,102.9893,0.0005154,0.0005154,0.00210576,0.00622559,36.0,36.0,68.0
2026-02-04,ibm_marrakesh,9,213.8485,239.9004,0.00016901,0.00016901,,0.04589844,36.0,36.0,
2026-02-03,ibm_marrakesh,0,116.1165,32.9923,0.00031732,0.00031732,0.00250349,0.01062012,36.0,36.0,68.0
2026-02-03,ibm_marrakesh,1,174.3854,158.4892,0.00033647,0.00033647,0.00135721,0.03747559,36.0,36.0,68.0
2026-02-03,ibm_marrakesh,2,108.4953,126.8497,0.00013023,0.00013023,0.00138767,0.00366211,36.0,36.0,68.0
2026-02-03,ibm_marrakesh,3,283.1785,249.1252,0.00032606,0.00032606,0.00239339,0.00708008,36.0,36.0,80.0
2026-02-03,ibm_marrakesh,4,179.5697,92.8908,0.00018745,0.00018745,0.00230531,0.00744629,36.0,36.0,68.0
2026-02-03,ibm_marrakesh,5,276.671,129.1527,0.00039158,0.00039158,0.00188328,0.02185059,36.0,36.0,68.0
2026-02-03,ibm_marrakesh,6,191.248,117.7747,0.00017746,0.00017746,0.00156362,0.00512695,36.0,36.0,68.0
2026-02-03,ibm_marrakesh,7,211.7916,66.0719,0.00030829,0.00030829,0.00330658,0.0078125,36.0,36.0,80.0
2026-02-03,ibm_marrakesh,8,261.7329,91.6318,0.0003268,0.0003268,0.00426964,0.03210449,36.0,36.0,68.0
2026-02-03,ibm_marrakesh,9,210.3108,150.841,0.00013862,0.00013862,,0.01672363,36.0,36.0,
2026-02-02,ibm_marrakesh,0,361.4263,46.178,0.00050561,0.00050561,0.00226637,0.01989746,36.0,36.0,68.0
2026-02-02,ibm_marrakesh,1,187.3023,162.0688,0.00017366,0.00017366,0.00115918,0.00683594,36.0,36.0,68.0
2026-02-02,ibm_marrakesh,2,289.2432,369.6266,0.00013723,0.00013723,0.00131966,0.00427246,36.0,36.0,68.0
2026-02-02,ibm_marrakesh,3,364.7837,295.9647,0.00026742,0.00026742,0.00186826,0.00744629,36.0,36.0,80.0
2026-02-02,ibm_marrakesh,4,219.5335,162.6683,0.00034565,0.00034565,0.00200962,0.015625,36.0,36.0,68.0
2026-02-02,ibm_marrakesh,5,287.1011,200.2375,0.00020019,0.00020019,0.00149066,0.0045166,36.0,36.0,68.0
2026-02-02,ibm_marrakesh,6,260.1617,226.2336,0.00040653,0.00040653,0.00151162,0.01342773,36.0,36.0,68.0
2026-02-02,ibm_marrakesh,7,182.023,90.9109,0.00030986,0.00030986,0.00249904,0.00537109,36.0,36.0,80.0
2026-02-02,ibm_marrakesh,8,309.1501,145.6466,0.00025725,0.00025725,0.00198922,0.00817871,36.0,36.0,68.0
2026-02-02,ibm_marrakesh,9,193.067,238.2292,0.00027926,0.00027926,,0.02648926,36.0,36.0,
2026-02-01,ibm_marrakesh,0,375.876,61.5053,0.00046696,0.00046696,0.00228875,0.01037598,36.0,36.0,68.0
2026-02-01,ibm_marrakesh,1,180.2994,158.4434,0.00025243,0.00025243,0.00119746,0.00598145,36.0,36.0,68.0
2026-02-01,ibm_marrakesh,2,357.2435,301.778,0.00017524,0.00017524,0.0012246,0.00585938,36.0,36.0,68.0
2026-02-01,ibm_marrakesh,3,322.2018,263.786,0.0002421,0.0002421,0.00142972,0.00805664,36.0,36.0,80.0
2026-02-01,ibm_marrakesh,4,204.3831,184.8946,0.00034382,0.00034382,0.00150112,0.0098877,36.0,36.0,68.0
2026-02-01,ibm_marrakesh,5,352.7882,261.5998,0.0002068,0.0002068,0.00149968,0.00585938,36.0,36.0,68.0
2026-02-01,ibm_marrakesh,6,351.2785,237.1554,0.00028647,0.00028647,0.00174459,0.00305176,36.0,36.0,68.0
2026-02-01,ibm_marrakesh,7,288.1567,125.3755,0.00020848,0.00020848,0.00165282,0.00390625,36.0,36.0,80.0
2026-02-01,ibm_marrakesh,8,228.3423,122.2404,0.00022551,0.00022551,0.00179695,0.01245117,36.0,36.0,68.0
2026-02-01,ibm_marrakesh,9,165.13,159.3481,0.00019217,0.00019217,,0.00952148,36.0,36.0,
2026-01-31,ibm_marrakesh,0,69.7801,34.2543,0.00044971,0.00044971,0.00190989,0.01000977,36.0,36.0,68.0
2026-01-31,ibm_marrakesh,1,203.7102,168.2601,0.00024846,0.00024846,0.00097113,0.1307373,36.0,36.0,68.0
2026-01-31,ibm_marrakesh,2,332.6062,371.3449,0.00014041,0.00014041,0.0012246,0.00378418,36.0,36.0,68.0
2026-01-31,ibm_marrakesh,3,335.2489,307.7062,0.0002007,0.0002007,0.00159038,0.00769043,36.0,36.0,80.0
2026-01-31,ibm_marrakesh,4,197.7798,138.0965,0.00027799,0.00027799,0.00203245,0.01538086,36.0,36.0,68.0
2026-01-31,ibm_marrakesh,5,294.5768,149.6449,0.00025603,0.00025603,0.00148032,0.00402832,36.0,36.0,68.0
2026-01-31,ibm_marrakesh,6,181.2509,194.4961,0.00024683,0.00024683,0.00212099,0.0057373,36.0,36.0,68.0
2026-01-31,ibm_marrakesh,7,305.9068,118.2425,0.00021549,0.00021549,0.0026983,0.00317383,36.0,36.0,80.0
2026-01-31,ibm_marrakesh,8,115.9382,84.3475,0.0003646,0.0003646,0.00281336,0.00622559,36.0,36.0,68.0
2026-01-31,ibm_marrakesh,9,162.529,170.4624,0.00045073,0.00045073,,0.01916504,36.0,36.0,
2026-01-30,ibm_marrakesh,0,358.9514,38.2821,0.00032444,0.00032444,0.0022409,0.00598145,36.0,36.0,68.0
2026-01-30,ibm_marrakesh,1,204.0054,154.0155,0.00037724,0.00037724,0.00190729,0.00634766,36.0,36.0,68.0
2026-01-30,ibm_marrakesh,2,382.9979,488.6393,0.00018378,0.00018378,0.00164808,0.00292969,36.0,36.0,68.0
2026-01-30,ibm_marrakesh,3,146.7556,133.1283,0.00013215,0.00013215,0.00159052,0.00683594,36.0,36.0,80.0
2026-01-30,ibm_marrakesh,4,223.4663,297.1182,0.00023399,0.00023399,0.00167423,0.01599121,36.0,36.0,68.0
2026-01-30,ibm_marrakesh,5,313.2645,262.4629,0.00016439,0.00016439,0.00141805,0.00476074,36.0,36.0,68.0
2026-01-30,ibm_marrakesh,6,227.3133,202.6721,0.0002202,0.0002202,0.00154322,0.00695801,36.0,36.0,68.0
2026-01-30,ibm_marrakesh,7,258.2521,126.6475,0.00018021,0.00018021,0.00225025,0.00439453,36.0,36.0,80.0
2026-01-30,ibm_marrakesh,8,193.3495,133.5247,0.00027716,0.00027716,0.00188198,0.03735352,36.0,36.0,68.0
2026-01-30,ibm_marrakesh,9,200.1362,266.0236,0.00012678,0.00012678,,0.01379395,36.0,36.0,
2026-01-29,ibm_marrakesh,0,253.4802,114.7366,0.00037698,0.00037698,0.00204684,0.0098877,36.0,36.0,68.0
2026-01-29,ibm_marrakesh,1,160.4088,132.6509,0.00059779,0.00059779,0.0013823,0.02868652,36.0,36.0,68.0
2026-01-29,ibm_marrakesh,2,347.6592,468.5139,0.00025896,0.00025896,0.00123991,0.0078125,36.0,36.0,68.0
2026-01-29,ibm_marrakesh,3,378.9476,255.3769,0.00017152,0.00017152,0.00144991,0.01513672,36.0,36.0,80.0
2026-01-29,ibm_marrakesh,4,226.5832,146.1131,0.00035872,0.00035872,0.00213151,0.00927734,36.0,36.0,68.0
2026-01-29,ibm_marrakesh,5,285.622,223.6251,0.00039044,0.00039044,0.00141805,0.00292969,36.0,36.0,68.0
2026-01-29,ibm_marrakesh,6,220.3073,152.1404,0.0001646,0.0001646,0.00149432,0.00415039,36.0,36.0,68.0
2026-01-29,ibm_marrakesh,7,280.9539,118.44,0.00019262,0.00019262,0.00213245,0.00439453,36.0,36.0,80.0
2026-01-29,ibm_marrakesh,8,224.3121,106.4725,0.00027716,0.00027716,0.00168192,0.01831055,36.0,36.0,68.0
2026-01-29,ibm_marrakesh,9,235.5251,243.449,0.00013076,0.00013076,,0.00939941,36.0,36.0,
2026-01-28,ibm_marrakesh,0,159.4495,33.2415,0.00029796,0.00029796,0.0019513,0.00415039,36.0,36.0,68.0
2026-01-28,ibm_marrakesh,1,173.7658,166.7136,0.00021601,0.00021601,0.00137865,0.00708008,36.0,36.0,68.0
2026-01-28,ibm_marrakesh,2,341.5136,316.5774,0.00021129,0.00021129,0.00151173,0.00415039,36.0,36.0,68.0
2026-01-28,ibm_marrakesh,3,313.2722,285.1602,0.00038363,0.00038363,0.00194139,0.0057373,36.0,36.0,80.0
2026-01-28,ibm_marrakesh,4,175.6066,123.0893,0.00032023,0.00032023,0.00206946,0.01831055,36.0,36.0,68.0
2026-01-28,ibm_marrakesh,5,334.0789,164.9763,0.0005348,0.0005348,0.00185854,0.00354004,36.0,36.0,68.0
2026-01-28,ibm_marrakesh,6,208.4674,168.4738,0.00016599,0.00016599,0.00177987,0.00415039,36.0,36.0,68.0
2026-01-28,ibm_marrakesh,7,223.2313,85.1432,0.00021022,0.00021022,0.0037725,0.00488281,36.0,36.0,80.0
2026-01-28,ibm_marrakesh,8,69.3753,60.681,0.00034676,0.00034676,0.00298588,0.00305176,36.0,36.0,68.0
2026-01-28,ibm_marrakesh,9,179.7163,188.6208,0.00025343,0.00025343,,0.05993652,36.0,36.0,
2026-01-27,ibm_marrakesh,0,159.4495,51.0477,0.00026804,0.00026804,0.00394363,0.00720215,36.0,36.0,68.0
2026-01-27,ibm_marrakesh,1,189.7018,149.4214,0.00083645,0.00083645,0.00250438,0.00402832,36.0,36.0,68.0
2026-01-27,ibm_marrakesh,2,356.909,414.2452,0.00015726,0.00015726,0.00133795,0.00524902,36.0,36.0,68.0
2026-01-27,ibm_marrakesh,3,276.212,242.3971,0.00042411,0.00042411,0.00230527,0.00476074,36.0,36.0,80.0
2026-01-27,ibm_marrakesh,4,188.16,186.9755,0.00028315,0.00028315,0.00168105,0.00769043,36.0,36.0,68.0
2026-01-27,ibm_marrakesh,5,302.8763,216.5515,0.00023729,0.00023729,0.00119959,0.00427246,36.0,36.0,68.0
2026-01-27,ibm_marrakesh,6,208.4674,314.5618,0.00020354,0.00020354,0.00136708,0.00341797,36.0,36.0,68.0
2026-01-27,ibm_marrakesh,7,340.6078,121.8899,0.00024177,0.00024177,0.00195832,0.00439453,36.0,36.0,80.0
2026-01-27,ibm_marrakesh,8,230.8852,71.6286,0.0001907,0.0001907,0.00201876,0.01281738,36.0,36.0,68.0
2026-01-27,ibm_marrakesh,9,178.5421,224.0765,0.00031557,0.00031557,,0.01281738,36.0,36.0,
2026-01-26,ibm_marrakesh,0,154.5857,49.1595,0.00037821,0.00037821,0.00197944,0.0111084,36.0,36.0,68.0
2026-01-26,ibm_marrakesh,1,183.407,158.4379,0.00025165,0.00025165,0.00103123,0.00402832,36.0,36.0,68.0
2026-01-26,ibm_marrakesh,2,347.5357,436.2599,0.00020366,0.00020366,0.00111729,0.0032959,36.0,36.0,68.0
2026-01-26,ibm_marrakesh,3,253.5962,196.7448,0.00019323,0.00019323,0.00236824,0.00500488,36.0,36.0,80.0
2026-01-26,ibm_marrakesh,4,164.3166,136.7975,0.00045639,0.00045639,0.00258519,0.02880859,36.0,36.0,68.0
2026-01-26,ibm_marrakesh,5,284.7509,227.5476,0.00028055,0.00028055,0.00138614,0.00488281,36.0,36.0,68.0
2026-01-26,ibm_marrakesh,6,311.9316,314.5618,0.00015976,0.00015976,0.00153295,0.00439453,36.0,36.0,68.0
2026-01-26,ibm_marrakesh,7,213.9161,114.3473,0.00020814,0.00020814,0.00223275,0.00476074,36.0,36.0,80.0
2026-01-26,ibm_marrakesh,8,230.8852,122.1431,0.00028007,0.00028007,0.00165974,0.00793457,36.0,36.0,68.0
2026-01-26,ibm_marrakesh,9,189.2079,246.7435,0.00014329,0.00014329,,0.02893066,36.0,36.0,
2026-01-25,ibm_marrakesh,0,265.6175,63.8584,0.00032479,0.00032479,0.00176777,0.01318359,36.0,36.0,68.0
2026-01-25,ibm_marrakesh,1,186.3696,154.793,0.00020193,0.00020193,0.00105224,0.0065918,36.0,36.0,68.0
2026-01-25,ibm_marrakesh,2,218.4122,283.1518,0.00015961,0.00015961,0.00144742,0.00366211,36.0,36.0,68.0
2026-01-25,ibm_marrakesh,3,222.4466,202.5211,0.0001904,0.0001904,0.00227812,0.00805664,36.0,36.0,80.0
2026-01-25,ibm_marrakesh,4,186.91,209.7052,0.00023826,0.00023826,0.00182175,0.01818848,36.0,36.0,68.0
2026-01-25,ibm_marrakesh,5,258.3867,192.5808,0.00109886,0.00109886,0.00164507,0.0032959,36.0,36.0,68.0
2026-01-25,ibm_marrakesh,6,293.3986,282.3661,0.00015976,0.00015976,0.00130374,0.00402832,36.0,36.0,68.0
2026-01-25,ibm_marrakesh,7,293.7752,114.466,0.0002289,0.0002289,0.00256016,0.0057373,36.0,36.0,80.0
2026-01-25,ibm_marrakesh,8,235.3428,42.8148,0.00032796,0.00032796,0.00175749,0.0135498,36.0,36.0,68.0
2026-01-25,ibm_marrakesh,9,216.4479,309.8261,0.00013219,0.00013219,,0.07373047,36.0,36.0,
2026-01-24,ibm_marrakesh,0,204.485,65.1497,0.00058589,0.00058589,0.0028929,0.0300293,36.0,36.0,68.0
2026-01-24,ibm_marrakesh,1,185.9492,150.6526,0.00045085,0.00045085,0.00119796,0.00476074,36.0,36.0,68.0
2026-01-24,ibm_marrakesh,2,238.6931,243.4137,0.00143374,0.00143374,0.00327358,0.00378418,36.0,36.0,68.0
2026-01-24,ibm_marrakesh,3,420.5989,311.5428,0.00094512,0.00094512,0.00227235,0.00402832,36.0,36.0,80.0
2026-01-24,ibm_marrakesh,4,196.0001,24.2762,0.00029361,0.00029361,0.00227425,0.02087402,36.0,36.0,68.0
2026-01-24,ibm_marrakesh,5,145.923,174.5592,0.00014863,0.00014863,0.00164507,0.00415039,36.0,36.0,68.0
2026-01-24,ibm_marrakesh,6,343.284,343.0567,0.00013669,0.00013669,0.00134776,0.00402832,36.0,36.0,68.0
2026-01-24,ibm_marrakesh,7,281.8835,150.2774,0.0002665,0.0002665,0.00237887,0.00439453,36.0,36.0,80.0
2026-01-24,ibm_marrakesh,8,235.3428,123.0408,0.00025427,0.00025427,0.00218645,0.0057373,36.0,36.0,68.0
2026-01-24,ibm_marrakesh,9,161.8798,205.0182,0.00017452,0.00017452,,0.03271484,36.0,36.0,
2026-01-23,ibm_marrakesh,0,270.1495,68.4972,0.00050479,0.00050479,0.00218625,0.01135254,36.0,36.0,68.0
2026-01-23,ibm_marrakesh,1,135.008,126.2764,0.00015355,0.00015355,0.00119796,0.00610352,36.0,36.0,68.0
2026-01-23,ibm_marrakesh,2,291.2329,426.5587,0.00015968,0.00015968,0.00154623,0.00476074,36.0,36.0,68.0
2026-01-23,ibm_marrakesh,3,187.499,148.4609,0.00021345,0.00021345,0.00168312,0.00561523,36.0,36.0,80.0
2026-01-23,ibm_marrakesh,4,196.0001,93.1506,0.00023895,0.00023895,0.00181271,0.01843262,36.0,36.0,68.0
2026-01-23,ibm_marrakesh,5,301.0967,95.1207,0.00036852,0.00036852,0.0011712,0.00439453,36.0,36.0,68.0
2026-01-23,ibm_marrakesh,6,339.8965,153.5136,0.00021605,0.00021605,0.00112792,0.00427246,36.0,36.0,68.0
2026-01-23,ibm_marrakesh,7,199.6537,69.6573,0.00017166,0.00017166,0.0018857,0.00878906,36.0,36.0,80.0
2026-01-23,ibm_marrakesh,8,291.4737,47.823,0.00021023,0.00021023,0.00235221,0.01721191,36.0,36.0,68.0
2026-01-23,ibm_marrakesh,9,182.3116,137.6041,0.00019916,0.00019916,,0.01281738,36.0,36.0,
2026-01-22,ibm_marrakesh,0,315.96,52.3618,0.00039364,0.00039364,0.00291656,0.00439453,36.0,36.0,68.0
2026-01-22,ibm_marrakesh,1,139.258,105.389,0.00020244,0.00020244,0.00107779,0.0892334,36.0,36.0,68.0
2026-01-22,ibm_marrakesh,2,267.8715,401.3062,0.00010907,0.00010907,0.00110941,0.00378418,36.0,36.0,68.0
2026-01-22,ibm_marrakesh,3,249.0593,133.8567,0.00028617,0.00028617,0.00334614,0.00805664,36.0,36.0,80.0
2026-01-22,ibm_marrakesh,4,168.12,25.0832,0.00032923,0.00032923,0.00330684,0.01306152,36.0,36.0,68.0
2026-01-22,ibm_marrakesh,5,264.0658,49.5161,0.00026154,0.00026154,0.00199443,0.00524902,36.0,36.0,68.0
2026-01-22,ibm_marrakesh,6,336.0739,75.7802,0.00017184,0.00017184,0.00220403,0.00671387,36.0,36.0,68.0
2026-01-22,ibm_marrakesh,7,319.486,39.1885,0.00037282,0.00037282,0.00241169,0.00500488,36.0,36.0,80.0
2026-01-22,ibm_marrakesh,8,291.4737,49.8614,0.00024447,0.00024447,0.00269855,0.00646973,36.0,36.0,68.0
2026-01-22,ibm_marrakesh,9,184.8809,81.9884,0.00016687,0.00016687,,0.02233887,36.0,36.0,
2026-01-21,ibm_marrakesh,0,215.7354,41.5531,0.00046718,0.00046718,0.0015772,0.00842285,36.0,36.0,68.0
2026-01-21,ibm_marrakesh,1,181.6866,164.1503,0.00022492,0.00022492,0.00108959,0.04321289,36.0,36.0,68.0
2026-01-21,ibm_marrakesh,2,287.2955,372.9181,0.00010351,0.00010351,0.00137384,0.00390625,36.0,36.0,68.0
2026-01-21,ibm_marrakesh,3,322.1075,248.6556,0.00031463,0.00031463,0.00211354,0.00793457,36.0,36.0,80.0
2026-01-21,ibm_marrakesh,4,168.12,183.118,0.00033608,0.00033608,0.00273518,0.0065918,36.0,36.0,68.0
2026-01-21,ibm_marrakesh,5,301.1007,201.0045,0.00026032,0.00026032,0.00114029,0.02111816,36.0,36.0,68.0
2026-01-21,ibm_marrakesh,6,270.1551,279.5431,0.00022229,0.00022229,0.00137722,0.00549316,36.0,36.0,68.0
2026-01-21,ibm_marrakesh,7,314.9608,118.0374,0.00016645,0.00016645,0.00219581,0.0045166,36.0,36.0,80.0
2026-01-21,ibm_marrakesh,8,285.1209,122.3181,0.00029237,0.00029237,0.00257691,0.01147461,36.0,36.0,68.0
2026-01-21,ibm_marrakesh,9,222.5401,252.1417,0.00020995,0.00020995,,0.01062012,36.0,36.0,
2026-01-20,ibm_marrakesh,0,315.9572,48.4138,0.000293,0.000293,0.0015439,0.0065918,36.0,36.0,68.0
2026-01-20,ibm_marrakesh,1,189.8288,150.1079,0.0002726,0.0002726,0.00108959,0.00549316,36.0,36.0,68.0
2026-01-20,ibm_marrakesh,2,336.6187,415.9144,0.00043621,0.00043621,0.00147241,0.00268555,36.0,36.0,68.0
2026-01-20,ibm_marrakesh,3,362.0199,259.5778,0.00025757,0.00025757,0.00188751,0.00756836,36.0,36.0,80.0
2026-01-20,ibm_marrakesh,4,199.6216,68.1406,0.00040547,0.00040547,0.00236038,0.07226562,36.0,36.0,68.0
2026-01-20,ibm_marrakesh,5,241.5857,84.0026,0.00018191,0.00018191,0.00301355,0.00341797,36.0,36.0,68.0
2026-01-20,ibm_marrakesh,6,194.0274,108.6325,0.00056523,0.00056523,0.00211153,0.00549316,36.0,36.0,68.0
2026-01-20,ibm_marrakesh,7,243.354,67.3375,0.00044688,0.00044688,0.00238118,0.00524902,36.0,36.0,80.0
2026-01-20,ibm_marrakesh,8,226.5352,55.3432,0.0003241,0.0003241,0.00233902,0.00683594,36.0,36.0,68.0
2026-01-20,ibm_marrakesh,9,186.4252,127.2521,0.00016432,0.00016432,,0.01647949,36.0,36.0,
2026-01-19,ibm_marrakesh,0,239.409,38.9764,0.00019544,0.00019544,0.00183686,0.00524902,36.0,36.0,68.0
2026-01-19,ibm_marrakesh,1,154.2373,134.6936,0.00023991,0.00023991,0.00138205,0.00537109,36.0,36.0,68.0
2026-01-19,ibm_marrakesh,2,272.4258,343.2974,0.00016605,0.00016605,0.00126488,0.00756836,36.0,36.0,68.0
2026-01-19,ibm_marrakesh,3,340.4925,323.5896,0.00036711,0.00036711,0.00181682,0.00793457,36.0,36.0,80.0
2026-01-19,ibm_marrakesh,4,185.7025,104.718,0.00035837,0.00035837,0.00229278,0.00805664,36.0,36.0,68.0
2026-01-19,ibm_marrakesh,5,288.2375,122.47,0.00027662,0.00027662,0.00119083,0.00622559,36.0,36.0,68.0
2026-01-19,ibm_marrakesh,6,302.1132,56.6947,0.00030167,0.00030167,0.00122076,0.00439453,36.0,36.0,68.0
2026-01-19,ibm_marrakesh,7,226.465,90.8027,0.00034593,0.00034593,0.00213675,0.0045166,36.0,36.0,80.0
2026-01-19,ibm_marrakesh,8,260.0774,69.418,0.0003145,0.0003145,0.00295837,0.0123291,36.0,36.0,68.0
2026-01-19,ibm_marrakesh,9,196.3175,144.6462,0.0002217,0.0002217,,0.01586914,36.0,36.0,
2026-01-18,ibm_marrakesh,0,246.7947,57.1126,0.0003083,0.0003083,0.00183686,0.01025391,36.0,36.0,68.0
2026-01-18,ibm_marrakesh,1,200.7031,170.9517,0.0002506,0.0002506,0.00100388,0.00756836,36.0,36.0,68.0
2026-01-18,ibm_marrakesh,2,303.0028,372.0002,0.00016349,0.00016349,0.00126488,0.00732422,36.0,36.0,68.0
2026-01-18,ibm_marrakesh,3,347.7452,376.5877,0.00024112,0.00024112,0.00200737,0.00756836,36.0,36.0,80.0
2026-01-18,ibm_marrakesh,4,203.9748,182.7596,0.0002958,0.0002958,0.00211528,0.01806641,36.0,36.0,68.0
2026-01-18,ibm_marrakesh,5,274.4311,176.6505,0.0001652,0.0001652,0.00119083,0.04638672,36.0,36.0,68.0
2026-01-18,ibm_marrakesh,6,302.1132,291.9742,0.00017734,0.00017734,0.00131035,0.00415039,36.0,36.0,68.0
2026-01-18,ibm_marrakesh,7,172.0912,106.3281,0.00023941,0.00023941,0.00204323,0.00634766,36.0,36.0,80.0
2026-01-18,ibm_marrakesh,8,231.1305,129.8077,0.0002593,0.0002593,0.00216242,0.00585938,36.0,36.0,68.0
2026-01-18,ibm_marrakesh,9,148.6287,163.9401,0.00012396,0.00012396,,0.0234375,36.0,36.0,
2026-01-17,ibm_marrakesh,0,246.7947,57.1126,0.00058144,0.00058144,0.00183686,0.01489258,36.0,36.0,68.0
2026-01-17,ibm_marrakesh,1,200.7031,170.9517,0.00019185,0.00019185,0.00118766,0.00756836,36.0,36.0,68.0
2026-01-17,ibm_marrakesh,2,303.0028,372.0002,0.00012932,0.00012932,0.0012763,0.00524902,36.0,36.0,68.0
2026-01-17,ibm_marrakesh,3,347.7452,376.5877,0.00019213,0.00019213,0.00156966,0.00415039,36.0,36.0,80.0
2026-01-17,ibm_marrakesh,4,203.9748,182.7596,0.00040125,0.00040125,0.0020564,0.02160645,36.0,36.0,68.0
2026-01-17,ibm_marrakesh,5,274.4311,176.6505,0.00032847,0.00032847,0.00139159,0.00488281,36.0,36.0,68.0
2026-01-17,ibm_marrakesh,6,302.1132,291.9742,0.00017734,0.00017734,0.00134747,0.00402832,36.0,36.0,68.0
2026-01-17,ibm_marrakesh,7,172.0912,106.3281,0.00048101,0.00048101,0.00260684,0.00720215,36.0,36.0,80.0
2026-01-17,ibm_marrakesh,8,231.1305,129.8077,0.00028909,0.00028909,0.00334959,0.00439453,36.0,36.0,68.0
2026-01-17,ibm_marrakesh,9,148.6287,163.9401,0.00035149,0.00035149,,0.06311035,36.0,36.0,
2026-01-16,ibm_marrakesh,0,191.3091,29.5533,0.00050239,0.00050239,0.00214719,0.00537109,36.0,36.0,68.0
2026-01-16,ibm_marrakesh,1,167.1387,150.0615,0.00025188,0.00025188,0.00118766,0.00317383,36.0,36.0,68.0
2026-01-16,ibm_marrakesh,2,208.1405,289.8669,0.00016254,0.00016254,0.00122929,0.00366211,36.0,36.0,68.0
2026-01-16,ibm_marrakesh,3,326.378,259.7419,0.00036537,0.00036537,0.00190617,0.01391602,36.0,36.0,80.0
2026-01-16,ibm_marrakesh,4,222.7839,151.5487,0.0004551,0.0004551,0.0025439,0.00952148,36.0,36.0,68.0
2026-01-16,ibm_marrakesh,5,185.3731,122.93,0.00030197,0.00030197,0.00186867,0.00390625,36.0,36.0,68.0
2026-01-16,ibm_marrakesh,6,307.8537,190.7555,0.00014764,0.00014764,0.00151358,0.00610352,36.0,36.0,68.0
2026-01-16,ibm_marrakesh,7,241.9475,103.5041,0.00023759,0.00023759,0.00239351,0.00634766,36.0,36.0,80.0
2026-01-16,ibm_marrakesh,8,153.9175,87.1205,0.00025892,0.00025892,0.00266429,0.02392578,36.0,36.0,68.0
2026-01-16,ibm_marrakesh,9,204.2642,199.951,0.00017014,0.00017014,,0.02001953,36.0,36.0,
2026-01-15,ibm_marrakesh,0,324.3392,41.6727,0.00050239,0.00050239,0.00214719,0.01000977,36.0,36.0,68.0
2026-01-15,ibm_marrakesh,1,166.2851,136.5179,0.00025188,0.00025188,0.00118766,0.0065918,36.0,36.0,68.0
2026-01-15,ibm_marrakesh,2,393.4281,354.3879,0.00016254,0.00016254,0.00122929,0.00537109,36.0,36.0,68.0
2026-01-15,ibm_marrakesh,3,114.1273,97.4021,0.00036537,0.00036537,0.00190617,0.00708008,36.0,36.0,80.0
2026-01-15,ibm_marrakesh,4,253.1042,284.2532,0.0004551,0.0004551,0.0025439,0.01342773,36.0,36.0,68.0
2026-01-15,ibm_marrakesh,5,297.5913,212.9673,0.00030197,0.00030197,0.00186867,0.01635742,36.0,36.0,68.0
2026-01-15,ibm_marrakesh,6,364.2069,248.2703,0.00014764,0.00014764,0.00151358,0.00366211,36.0,36.0,68.0
2026-01-15,ibm_marrakesh,7,304.359,128.1874,0.00023759,0.00023759,0.00239351,0.0065918,36.0,36.0,80.0
2026-01-15,ibm_marrakesh,8,222.9022,146.1443,0.00025892,0.00025892,0.00266429,0.00292969,36.0,36.0,68.0
2026-01-15,ibm_marrakesh,9,224.0551,316.3254,0.00017014,0.00017014,,0.02856445,36.0,36.0,
2026-01-14,ibm_marrakesh,0,280.4312,14.652,0.00042071,0.00042071,0.00276972,0.00317383,36.0,36.0,68.0
2026-01-14,ibm_marrakesh,1,170.9728,150.6652,0.00017102,0.00017102,0.00132864,0.00646973,36.0,36.0,68.0
2026-01-14,ibm_marrakesh,2,304.3833,379.4163,8.798e-05,8.798e-05,0.00153088,0.00378418,36.0,36.0,68.0
2026-01-14,ibm_marrakesh,3,167.7994,184.8,0.00044456,0.00044456,0.0020699,0.00842285,36.0,36.0,80.0
2026-01-14,ibm_marrakesh,4,217.5688,233.2966,0.00027619,0.00027619,0.00267532,0.00830078,36.0,36.0,68.0
2026-01-14,ibm_marrakesh,5,268.2392,157.7298,0.00027848,0.00027848,0.00193431,0.00683594,36.0,36.0,68.0
2026-01-14,ibm_marrakesh,6,347.2001,348.6915,0.00019046,0.00019046,0.00139126,0.00317383,36.0,36.0,68.0
2026-01-14,ibm_marrakesh,7,151.617,104.5598,0.00021372,0.00021372,0.00227854,0.00537109,36.0,36.0,80.0
2026-01-14,ibm_marrakesh,8,202.5985,131.6093,0.00033684,0.00033684,0.00284781,0.00939941,36.0,36.0,68.0
2026-01-14,ibm_marrakesh,9,213.3798,259.0815,0.00035871,0.00035871,,0.05773926,36.0,36.0,
2026-01-13,ibm_marrakesh,0,280.4312,54.7331,0.00026993,0.00026993,0.0016765,0.01208496,36.0,36.0,68.0
2026-01-13,ibm_marrakesh,1,164.3605,134.9178,0.00020961,0.00020961,0.00132864,0.00769043,36.0,36.0,68.0
2026-01-13,ibm_marrakesh,2,213.4861,205.7779,0.00014525,0.00014525,0.00164191,0.00439453,36.0,36.0,68.0
2026-01-13,ibm_marrakesh,3,318.8223,246.636,0.00017146,0.00017146,0.00156065,0.00598145,36.0,36.0,80.0
2026-01-13,ibm_marrakesh,4,155.181,111.7826,0.00027336,0.00027336,0.00204769,0.13208008,36.0,36.0,68.0
2026-01-13,ibm_marrakesh,5,317.7713,145.4994,0.00025455,0.00025455,0.00127383,0.00183105,36.0,36.0,68.0
2026-01-13,ibm_marrakesh,6,314.463,207.8036,0.00042124,0.00042124,0.00133738,0.00500488,36.0,36.0,68.0
2026-01-13,ibm_marrakesh,7,234.8958,127.2756,0.00021726,0.00021726,0.00277974,0.00341797,36.0,36.0,80.0
2026-01-13,ibm_marrakesh,8,182.165,133.1356,0.00029719,0.00029719,0.00274199,0.00561523,36.0,36.0,68.0
2026-01-13,ibm_marrakesh,9,221.1552,226.9066,0.00018228,0.00018228,,0.02880859,36.0,36.0,
2026-01-12,ibm_marrakesh,0,277.5151,120.9294,0.0001697,0.0001697,0.00178702,0.00463867,36.0,36.0,68.0
2026-01-12,ibm_marrakesh,1,217.3221,178.8607,0.00025671,0.00025671,0.00130743,0.00756836,36.0,36.0,68.0
2026-01-12,ibm_marrakesh,2,316.323,413.2274,0.00016189,0.00016189,0.00109813,0.00427246,36.0,36.0,68.0
2026-01-12,ibm_marrakesh,3,232.721,236.3613,0.00022925,0.00022925,0.00179479,0.01135254,36.0,36.0,80.0
2026-01-12,ibm_marrakesh,4,241.7969,345.4381,0.00034635,0.00034635,0.00211709,0.02697754,36.0,36.0,68.0
2026-01-12,ibm_marrakesh,5,324.2679,216.27,0.00033843,0.00033843,0.00208766,0.00598145,36.0,36.0,68.0
2026-01-12,ibm_marrakesh,6,321.9851,292.1625,0.00042124,0.00042124,0.00189573,0.00463867,36.0,36.0,68.0
2026-01-12,ibm_marrakesh,7,230.5083,119.2285,0.00020202,0.00020202,0.00292078,0.00537109,36.0,36.0,80.0
2026-01-12,ibm_marrakesh,8,214.8994,128.1334,0.00025107,0.00025107,0.00247418,0.00634766,36.0,36.0,68.0
2026-01-12,ibm_marrakesh,9,238.8201,300.6259,0.00015675,0.00015675,,0.00878906,36.0,36.0,
2026-01-11,ibm_marrakesh,0,255.801,88.5778,0.00025447,0.00025447,0.00169397,0.01123047,36.0,36.0,68.0
2026-01-11,ibm_marrakesh,1,187.5451,151.1246,0.00019321,0.00019321,0.00097218,0.01062012,36.0,36.0,68.0
2026-01-11,ibm_marrakesh,2,375.0999,486.9447,0.0002266,0.0002266,0.00120001,0.00390625,36.0,36.0,68.0
2026-01-11,ibm_marrakesh,3,340.4455,304.3106,0.00033619,0.00033619,0.00199216,0.00732422,36.0,36.0,80.0
2026-01-11,ibm_marrakesh,4,187.6308,149.6143,0.00031826,0.00031826,0.00221349,0.0078125,36.0,36.0,68.0
2026-01-11,ibm_marrakesh,5,287.8047,211.8121,0.00017768,0.00017768,0.00163621,0.00537109,36.0,36.0,68.0
2026-01-11,ibm_marrakesh,6,298.7139,266.4088,0.00042124,0.00042124,0.00142862,0.00524902,36.0,36.0,68.0
2026-01-11,ibm_marrakesh,7,302.7957,150.1151,0.00018876,0.00018876,0.00233783,0.00805664,36.0,36.0,80.0
2026-01-11,ibm_marrakesh,8,229.0511,135.4228,0.00029178,0.00029178,0.00328,0.00524902,36.0,36.0,68.0
2026-01-11,ibm_marrakesh,9,193.1183,259.6457,0.00015369,0.00015369,,0.01843262,36.0,36.0,
2026-01-10,ibm_marrakesh,0,383.2755,124.9329,0.00031323,0.00031323,0.00128104,0.00756836,36.0,36.0,68.0
2026-01-10,ibm_marrakesh,1,176.0651,148.1333,0.00017714,0.00017714,0.00124896,0.00512695,36.0,36.0,68.0
2026-01-10,ibm_marrakesh,2,328.1588,366.5464,0.00012364,0.00012364,0.00134444,0.00378418,36.0,36.0,68.0
2026-01-10,ibm_marrakesh,3,244.2579,229.5172,0.00049923,0.00049923,0.00157027,0.00427246,36.0,36.0,80.0
2026-01-10,ibm_marrakesh,4,251.2586,103.6159,0.00047222,0.00047222,0.00216198,0.01733398,36.0,36.0,68.0
2026-01-10,ibm_marrakesh,5,280.1457,89.7273,0.00039643,0.00039643,0.00232955,0.00292969,36.0,36.0,68.0
2026-01-10,ibm_marrakesh,6,283.7611,161.8282,0.00027197,0.00027197,0.00203808,0.00390625,36.0,36.0,68.0
2026-01-10,ibm_marrakesh,7,210.0547,59.7541,0.0005065,0.0005065,0.00212147,0.00512695,36.0,36.0,80.0
2026-01-10,ibm_marrakesh,8,182.4652,61.2701,0.00038584,0.00038584,0.00314232,0.00732422,36.0,36.0,68.0
2026-01-10,ibm_marrakesh,9,190.2399,141.0739,0.00033196,0.00033196,,0.01574707,36.0,36.0,
2026-01-09,ibm_marrakesh,0,364.2369,56.4915,0.00049414,0.00049414,0.0018556,0.00732422,36.0,36.0,68.0
2026-01-09,ibm_marrakesh,1,202.7047,176.1483,0.00016878,0.00016878,0.00139005,0.0078125,36.0,36.0,68.0
2026-01-09,ibm_marrakesh,2,333.1915,393.774,0.00012364,0.00012364,0.00151999,0.0065918,36.0,36.0,68.0
2026-01-09,ibm_marrakesh,3,252.0143,159.4178,0.00033227,0.00033227,0.00262006,0.00866699,36.0,36.0,80.0
2026-01-09,ibm_marrakesh,4,226.6167,267.4987,0.00035907,0.00035907,0.00263742,0.01318359,36.0,36.0,68.0
2026-01-09,ibm_marrakesh,5,361.9492,247.5575,0.00028363,0.00028363,0.0025494,0.00500488,36.0,36.0,68.0
2026-01-09,ibm_marrakesh,6,124.1924,116.1489,0.00024868,0.00024868,0.00248693,0.00598145,36.0,36.0,68.0
2026-01-09,ibm_marrakesh,7,221.2427,126.7366,0.00018299,0.00018299,0.00307695,0.00720215,36.0,36.0,80.0
2026-01-09,ibm_marrakesh,8,331.8708,171.9962,0.00024905,0.00024905,0.00399812,0.00439453,36.0,36.0,68.0
2026-01-09,ibm_marrakesh,9,229.883,281.2628,0.00010097,0.00010097,,0.0345459,36.0,36.0,
2026-01-08,ibm_marrakesh,0,304.2816,40.4262,0.00028517,0.00028517,0.00225652,0.00402832,36.0,36.0,68.0
2026-01-08,ibm_marrakesh,1,152.679,107.0442,0.0002219,0.0002219,0.00125843,0.00427246,36.0,36.0,68.0
2026-01-08,ibm_marrakesh,2,252.3286,293.3003,0.00020432,0.00020432,0.00152027,0.00366211,36.0,36.0,68.0
2026-01-08,ibm_marrakesh,3,304.6105,315.8047,0.00029297,0.00029297,0.00209481,0.01086426,36.0,36.0,80.0
2026-01-08,ibm_marrakesh,4,221.7202,150.1347,0.00040457,0.00040457,0.00440952,0.00708008,36.0,36.0,68.0
2026-01-08,ibm_marrakesh,5,294.5566,133.2206,0.00029025,0.00029025,0.00177775,0.00390625,36.0,36.0,68.0
2026-01-08,ibm_marrakesh,6,346.3314,228.6133,0.00011594,0.00011594,0.00150932,0.00427246,36.0,36.0,68.0
2026-01-08,ibm_marrakesh,7,225.5269,88.8234,0.00023202,0.00023202,0.00184018,0.00695801,36.0,36.0,80.0
2026-01-08,ibm_marrakesh,8,261.4113,99.8223,0.000172,0.000172,0.00278205,0.01013184,36.0,36.0,68.0
2026-01-08,ibm_marrakesh,9,133.8987,143.2641,0.00044513,0.00044513,,0.01867676,36.0,36.0,
2026-01-07,ibm_marrakesh,0,218.092,38.1899,0.00043919,0.00043919,0.00228238,0.00585938,36.0,36.0,68.0
2026-01-07,ibm_marrakesh,1,182.4197,178.9632,0.00022723,0.00022723,0.00129549,0.00463867,36.0,36.0,68.0
2026-01-07,ibm_marrakesh,2,164.2843,54.2908,0.00011742,0.00011742,0.01054697,0.00402832,36.0,36.0,68.0
2026-01-07,ibm_marrakesh,3,47.0142,3.8425,0.00409417,0.00409417,0.01504181,0.00549316,36.0,36.0,80.0
2026-01-07,ibm_marrakesh,4,108.2665,90.9092,0.00067317,0.00067317,0.00276393,0.01293945,36.0,36.0,68.0
2026-01-07,ibm_marrakesh,5,240.9533,121.5732,0.0003067,0.0003067,0.0015992,0.00366211,36.0,36.0,68.0
2026-01-07,ibm_marrakesh,6,293.3112,188.4119,0.00023569,0.00023569,0.00163336,0.00476074,36.0,36.0,68.0
2026-01-07,ibm_marrakesh,7,107.0792,62.3655,0.00021806,0.00021806,0.00352618,0.00585938,36.0,36.0,80.0
2026-01-07,ibm_marrakesh,8,133.2642,65.708,0.00045326,0.00045326,0.00396165,0.00939941,36.0,36.0,68.0
2026-01-07,ibm_marrakesh,9,58.1774,44.173,0.00028373,0.00028373,,0.01318359,36.0,36.0,
2026-01-06,ibm_marrakesh,0,268.8144,38.9148,0.00038127,0.00038127,0.00192517,0.00378418,36.0,36.0,68.0
2026-01-06,ibm_marrakesh,1,93.5786,96.0132,0.00041641,0.00041641,0.00129665,0.00415039,36.0,36.0,68.0
2026-01-06,ibm_marrakesh,2,208.7174,299.1741,0.00027257,0.00027257,0.01285506,0.00524902,36.0,36.0,68.0
2026-01-06,ibm_marrakesh,3,47.0142,7.832,0.00399038,0.00399038,0.018137,0.13354492,36.0,36.0,80.0
2026-01-06,ibm_marrakesh,4,123.9777,105.2845,0.00050657,0.00050657,0.00283462,0.02197266,36.0,36.0,68.0
2026-01-06,ibm_marrakesh,5,256.7731,48.6757,0.00037403,0.00037403,0.0022541,0.00439453,36.0,36.0,68.0
2026-01-06,ibm_marrakesh,6,258.4151,252.5427,0.00020048,0.00020048,0.0014265,0.00598145,36.0,36.0,68.0
2026-01-06,ibm_marrakesh,7,230.0841,119.2118,0.00023259,0.00023259,0.00219071,0.00708008,36.0,36.0,80.0
2026-01-06,ibm_marrakesh,8,211.326,134.0335,0.00019403,0.00019403,0.00279785,0.01062012,36.0,36.0,68.0
2026-01-06,ibm_marrakesh,9,160.0448,220.1722,0.00030029,0.00030029,,0.0234375,36.0,36.0,
2026-01-05,ibm_marrakesh,0,171.6045,35.8533,0.00032043,0.00032043,0.00139951,0.00866699,36.0,36.0,68.0
2026-01-05,ibm_marrakesh,1,132.4504,125.356,0.00026286,0.00026286,0.00124697,0.00488281,36.0,36.0,68.0
2026-01-05,ibm_marrakesh,2,266.657,321.2731,0.00026444,0.00026444,0.0123772,0.00537109,36.0,36.0,68.0
2026-01-05,ibm_marrakesh,3,235.6995,224.3751,0.00393585,0.00393585,0.01706149,0.01977539,36.0,36.0,80.0
2026-01-05,ibm_marrakesh,4,160.337,138.1783,0.00037041,0.00037041,0.0020693,0.02941895,36.0,36.0,68.0
2026-01-05,ibm_marrakesh,5,256.7731,165.0093,0.00020809,0.00020809,0.00147609,0.01013184,36.0,36.0,68.0
2026-01-05,ibm_marrakesh,6,240.7066,191.1345,0.00035809,0.00035809,0.00149781,0.00305176,36.0,36.0,68.0
2026-01-05,ibm_marrakesh,7,166.9667,94.7171,0.00051174,0.00051174,0.00268864,0.00683594,36.0,36.0,80.0
2026-01-05,ibm_marrakesh,8,245.7222,50.0546,0.00022915,0.00022915,0.00353153,0.00646973,36.0,36.0,68.0
2026-01-05,ibm_marrakesh,9,128.0821,127.2271,0.00039161,0.00039161,,0.02966309,36.0,36.0,
2026-01-04,ibm_marrakesh,0,233.9476,40.9815,0.00056712,0.00056712,0.00202127,0.00671387,36.0,36.0,68.0
2026-01-04,ibm_marrakesh,1,130.5314,127.4553,0.00012148,0.00012148,0.00113792,0.00927734,36.0,36.0,68.0
2026-01-04,ibm_marrakesh,2,372.8258,353.7414,0.00011766,0.00011766,0.01096826,0.00402832,36.0,36.0,68.0
2026-01-04,ibm_marrakesh,3,150.0775,115.8113,0.00712601,0.00712601,0.01612189,0.01757812,36.0,36.0,80.0
2026-01-04,ibm_marrakesh,4,224.6794,270.9467,0.00026783,0.00026783,0.00224978,0.02966309,36.0,36.0,68.0
2026-01-04,ibm_marrakesh,5,210.552,232.9716,0.00021939,0.00021939,0.00177257,0.00415039,36.0,36.0,68.0
2026-01-04,ibm_marrakesh,6,258.9654,240.3057,0.00018293,0.00018293,0.0014708,0.00488281,36.0,36.0,68.0
2026-01-04,ibm_marrakesh,7,167.7536,112.8321,0.00015205,0.00015205,0.00268864,0.00341797,36.0,36.0,80.0
2026-01-04,ibm_marrakesh,8,245.7222,168.4661,0.00029629,0.00029629,0.0022971,0.01074219,36.0,36.0,68.0
2026-01-04,ibm_marrakesh,9,213.1751,320.6999,0.00024004,0.00024004,,0.03210449,36.0,36.0,
2026-01-03,ibm_marrakesh,0,208.3834,37.2012,0.00084636,0.00084636,0.00247572,0.01660156,36.0,36.0,68.0
2026-01-03,ibm_marrakesh,1,70.9372,77.9526,0.00021184,0.00021184,0.00115045,0.00476074,36.0,36.0,68.0
2026-01-03,ibm_marrakesh,2,260.9534,421.966,0.00019402,0.00019402,0.01000741,0.00524902,36.0,36.0,68.0
2026-01-03,ibm_marrakesh,3,112.9675,106.4274,0.00567196,0.00567196,0.01847238,0.12609863,36.0,36.0,80.0
2026-01-03,ibm_marrakesh,4,193.8431,103.7708,0.00026783,0.00026783,0.00204582,0.0345459,36.0,36.0,68.0
2026-01-03,ibm_marrakesh,5,91.1542,81.3724,0.00024081,0.00024081,0.00178336,0.00585938,36.0,36.0,68.0
2026-01-03,ibm_marrakesh,6,231.1818,152.4243,0.00029642,0.00029642,0.00154112,0.00415039,36.0,36.0,68.0
2026-01-03,ibm_marrakesh,7,149.2895,71.2531,0.00021091,0.00021091,0.00242221,0.00500488,36.0,36.0,80.0
2026-01-03,ibm_marrakesh,8,181.0346,55.3667,0.00047161,0.00047161,0.00361778,0.00402832,36.0,36.0,68.0
2026-01-03,ibm_marrakesh,9,204.7242,184.0523,0.00025149,0.00025149,,0.04125977,36.0,36.0,
2026-01-02,ibm_marrakesh,0,307.5714,39.6505,0.00034756,0.00034756,0.00179411,0.00549316,36.0,36.0,68.0
2026-01-02,ibm_marrakesh,1,116.9796,114.1349,0.00031401,0.00031401,0.00165223,0.00634766,36.0,36.0,68.0
2026-01-02,ibm_marrakesh,2,69.7041,114.257,0.00021057,0.00021057,0.00355131,0.00341797,36.0,36.0,68.0
2026-01-02,ibm_marrakesh,3,327.4925,276.1449,0.00075987,0.00075987,0.00491898,0.07202148,36.0,36.0,80.0
2026-01-02,ibm_marrakesh,4,213.0307,329.5492,0.00024542,0.00024542,0.00259712,0.02307129,36.0,36.0,68.0
2026-01-02,ibm_marrakesh,5,358.3285,227.0359,0.00018819,0.00018819,0.00177813,0.00500488,36.0,36.0,68.0
2026-01-02,ibm_marrakesh,6,177.6015,194.1571,0.00029452,0.00029452,0.00180101,0.00439453,36.0,36.0,68.0
2026-01-02,ibm_marrakesh,7,202.4177,112.1025,0.00023476,0.00023476,0.0026727,0.01049805,36.0,36.0,80.0
2026-01-02,ibm_marrakesh,8,181.0346,105.6034,0.00022716,0.00022716,0.00326051,0.02124023,36.0,36.0,68.0
2026-01-02,ibm_marrakesh,9,165.669,248.3997,0.00021271,0.00021271,,0.02075195,36.0,36.0,
2026-01-01,ibm_marrakesh,0,242.0541,43.0929,0.00064046,0.00064046,0.00338476,0.00634766,36.0,36.0,68.0
2026-01-01,ibm_marrakesh,1,185.756,174.5077,0.00033338,0.00033338,0.00156665,0.01086426,36.0,36.0,68.0
2026-01-01,ibm_marrakesh,2,334.1929,307.2608,0.00021677,0.00021677,0.00377222,0.00354004,36.0,36.0,68.0
2026-01-01,ibm_marrakesh,3,235.2094,334.0652,0.00021982,0.00021982,0.00559382,0.00866699,36.0,36.0,80.0
2026-01-01,ibm_marrakesh,4,176.7865,100.4544,0.0003473,0.0003473,0.00256517,0.02294922,36.0,36.0,68.0
2026-01-01,ibm_marrakesh,5,348.7326,122.8218,0.00023723,0.00023723,0.00101462,0.00524902,36.0,36.0,68.0
2026-01-01,ibm_marrakesh,6,242.3872,134.5851,0.00018055,0.00018055,0.00126587,0.00219727,36.0,36.0,68.0
2026-01-01,ibm_marrakesh,7,221.195,79.4932,0.00035519,0.00035519,0.00205914,0.01025391,36.0,36.0,80.0
2026-01-01,ibm_marrakesh,8,236.7841,86.1129,0.000271,0.000271,0.00328987,0.00561523,36.0,36.0,68.0
2026-01-01,ibm_marrakesh,9,226.9177,139.3819,0.00024087,0.00024087,,0.01330566,36.0,36.0,
2025-12-31,ibm_marrakesh,0,242.0541,43.0929,0.00064046,0.00064046,0.00338476,0.0057373,36.0,36.0,68.0
2025-12-31,ibm_marrakesh,1,185.756,174.5077,0.00033338,0.00033338,0.00156665,0.00378418,36.0,36.0,68.0
2025-12-31,ibm_marrakesh,2,334.1929,307.2608,0.00021677,0.00021677,0.00377222,0.00439453,36.0,36.0,68.0
2025-12-31,ibm_marrakesh,3,235.2094,334.0652,0.00021982,0.00021982,0.00559382,0.0065918,36.0,36.0,80.0
2025-12-31,ibm_marrakesh,4,176.7865,100.4544,0.0003473,0.0003473,0.00256517,0.01916504,36.0,36.0,68.0
2025-12-31,ibm_marrakesh,5,348.7326,122.8218,0.00023723,0.00023723,0.00101462,0.00476074,36.0,36.0,68.0
2025-12-31,ibm_marrakesh,6,242.3872,134.5851,0.00018055,0.00018055,0.00126587,0.00317383,36.0,36.0,68.0
2025-12-31,ibm_marrakesh,7,221.195,79.4932,0.00035519,0.00035519,0.00205914,0.00598145,36.0,36.0,80.0
2025-12-31,ibm_marrakesh,8,236.7841,86.1129,0.000271,0.000271,0.00328987,0.00744629,36.0,36.0,68.0
2025-12-31,ibm_marrakesh,9,226.9177,139.3819,0.00024087,0.00024087,,0.01977539,36.0,36.0,
2025-12-30,ibm_marrakesh,0,196.2457,57.4908,0.00041023,0.00041023,0.00155078,0.00598145,36.0,36.0,68.0
2025-12-30,ibm_marrakesh,1,195.0839,183.6767,0.00019565,0.00019565,0.00125534,0.00415039,36.0,36.0,68.0
2025-12-30,ibm_marrakesh,2,312.1681,131.3908,0.00028972,0.00028972,0.00390644,0.00292969,36.0,36.0,68.0
2025-12-30,ibm_marrakesh,3,352.2257,304.3113,0.00058189,0.00058189,0.00530191,0.00964355,36.0,36.0,80.0
2025-12-30,ibm_marrakesh,4,205.0099,239.8153,0.00028933,0.00028933,0.00228067,0.00964355,36.0,36.0,68.0
2025-12-30,ibm_marrakesh,5,251.7674,169.4625,0.00010306,0.00010306,0.00154219,0.00585938,36.0,36.0,68.0
2025-12-30,ibm_marrakesh,6,327.573,386.6453,0.00028443,0.00028443,0.00148164,0.00512695,36.0,36.0,68.0
2025-12-30,ibm_marrakesh,7,283.1155,125.1269,0.0001638,0.0001638,0.00204886,0.00549316,36.0,36.0,80.0
2025-12-30,ibm_marrakesh,8,309.8493,140.9149,0.0001891,0.0001891,0.00264052,0.00646973,36.0,36.0,68.0
2025-12-30,ibm_marrakesh,9,189.2386,244.3641,0.00011434,0.00011434,,0.06408691,36.0,36.0,
2025-12-29,ibm_marrakesh,0,264.7722,44.5747,0.00046091,0.00046091,0.00135807,0.00463867,36.0,36.0,68.0
2025-12-29,ibm_marrakesh,1,169.7121,141.2852,0.00014608,0.00014608,0.0011041,0.00732422,36.0,36.0,68.0
2025-12-29,ibm_marrakesh,2,161.7901,130.9066,0.00011359,0.00011359,0.00145118,0.0065918,36.0,36.0,68.0
2025-12-29,ibm_marrakesh,3,345.1214,293.3031,0.0003358,0.0003358,0.00631377,0.0189209,36.0,36.0,80.0
2025-12-29,ibm_marrakesh,4,214.7121,229.3358,0.00038487,0.00038487,0.00224618,0.00585938,36.0,36.0,68.0
2025-12-29,ibm_marrakesh,5,375.8774,244.6743,0.0001445,0.0001445,0.00221979,0.00317383,36.0,36.0,68.0
2025-12-29,ibm_marrakesh,6,265.3682,229.8715,0.00022574,0.00022574,0.00223423,0.0057373,36.0,36.0,68.0
2025-12-29,ibm_marrakesh,7,197.4975,95.9375,0.0002058,0.0002058,0.00290341,0.00512695,36.0,36.0,80.0
2025-12-29,ibm_marrakesh,8,235.746,139.9678,0.00046241,0.00046241,0.00260842,0.00598145,36.0,36.0,68.0
2025-12-29,ibm_marrakesh,9,173.9655,254.5507,0.00031374,0.00031374,,0.06860352,36.0,36.0,
2025-12-28,ibm_marrakesh,0,193.529,94.6765,0.00081863,0.00081863,0.00152177,0.00378418,36.0,36.0,68.0
2025-12-28,ibm_marrakesh,1,199.8588,157.7974,0.00024439,0.00024439,0.00156501,0.00817871,36.0,36.0,68.0
2025-12-28,ibm_marrakesh,2,222.6002,232.6614,0.00017076,0.00017076,0.002238,0.00842285,36.0,36.0,68.0
2025-12-28,ibm_marrakesh,3,297.0514,297.8753,0.00034245,0.00034245,0.00253731,0.00695801,36.0,36.0,80.0
2025-12-28,ibm_marrakesh,4,152.8904,190.18,0.00024784,0.00024784,0.00225199,0.03210449,36.0,36.0,68.0
2025-12-28,ibm_marrakesh,5,323.5777,201.9983,0.00017243,0.00017243,0.00151335,0.00427246,36.0,36.0,68.0
2025-12-28,ibm_marrakesh,6,261.9216,283.222,0.00022153,0.00022153,0.00126211,0.00549316,36.0,36.0,68.0
2025-12-28,ibm_marrakesh,7,262.1043,121.3266,0.00030171,0.00030171,0.00258553,0.00585938,36.0,36.0,80.0
2025-12-28,ibm_marrakesh,8,153.2338,96.003,0.00025306,0.00025306,0.00207254,0.00463867,36.0,36.0,68.0
2025-12-28,ibm_marrakesh,9,210.7554,240.6273,0.00030295,0.00030295,,0.02978516,36.0,36.0,
2025-12-27,ibm_marrakesh,0,273.4589,43.0493,0.00081863,0.00081863,0.00141069,0.00683594,36.0,36.0,68.0
2025-12-27,ibm_marrakesh,1,197.4503,162.0506,0.0001582,0.0001582,0.00122128,0.00891113,36.0,36.0,68.0
2025-12-27,ibm_marrakesh,2,211.2133,295.1322,0.00014911,0.00014911,0.00187278,0.00463867,36.0,36.0,68.0
2025-12-27,ibm_marrakesh,3,266.9324,270.0502,0.00033777,0.00033777,0.00397958,0.00500488,36.0,36.0,80.0
2025-12-27,ibm_marrakesh,4,162.5412,114.6729,0.00040461,0.00040461,0.00330077,0.00866699,36.0,36.0,68.0
2025-12-27,ibm_marrakesh,5,304.5335,148.417,0.00012707,0.00012707,0.00151335,0.00390625,36.0,36.0,68.0
2025-12-27,ibm_marrakesh,6,232.5437,204.7473,0.00019739,0.00019739,0.00138914,0.00244141,36.0,36.0,68.0
2025-12-27,ibm_marrakesh,7,298.494,95.3967,0.00021397,0.00021397,0.00414334,0.00463867,36.0,36.0,80.0
2025-12-27,ibm_marrakesh,8,290.7086,132.1246,0.00026659,0.00026659,0.00376633,0.00634766,36.0,36.0,68.0
2025-12-27,ibm_marrakesh,9,203.5778,209.4446,0.00014313,0.00014313,,0.01647949,36.0,36.0,
2025-12-26,ibm_marrakesh,0,273.4589,63.3087,0.00033493,0.00033493,0.0015163,0.00695801,36.0,36.0,68.0
2025-12-26,ibm_marrakesh,1,210.2011,83.8725,0.00028305,0.00028305,0.00100729,0.0078125,36.0,36.0,68.0
2025-12-26,ibm_marrakesh,2,350.1834,393.7273,0.00022009,0.00022009,0.00417894,0.00476074,36.0,36.0,68.0
2025-12-26,ibm_marrakesh,3,374.5001,338.4778,0.00075685,0.00075685,0.00630512,0.0065918,36.0,36.0,80.0
2025-12-26,ibm_marrakesh,4,119.7819,19.577,0.00065396,0.00065396,0.00325881,0.00646973,36.0,36.0,68.0
2025-12-26,ibm_marrakesh,5,281.2752,132.4896,0.00018118,0.00018118,0.00107661,0.00439453,36.0,36.0,68.0
2025-12-26,ibm_marrakesh,6,337.2424,236.5787,0.00019739,0.00019739,0.00171103,0.00415039,36.0,36.0,68.0
2025-12-26,ibm_marrakesh,7,277.7472,106.107,0.00026826,0.00026826,0.0032873,0.00549316,36.0,36.0,80.0
2025-12-26,ibm_marrakesh,8,254.5199,115.2188,0.00017937,0.00017937,0.00200352,0.00646973,36.0,36.0,68.0
2025-12-26,ibm_marrakesh,9,210.0865,215.3954,0.00013648,0.00013648,,0.06677246,36.0,36.0,
2025-12-25,ibm_marrakesh,0,104.13,44.1886,0.0002876,0.0002876,0.00129955,0.00830078,36.0,36.0,68.0
2025-12-25,ibm_marrakesh,1,210.2011,183.3388,0.0002901,0.0002901,0.00100729,0.00842285,36.0,36.0,68.0
2025-12-25,ibm_marrakesh,2,154.5654,204.1769,0.00014998,0.00014998,0.00113974,0.00341797,36.0,36.0,68.0
2025-12-25,ibm_marrakesh,3,286.5415,244.1577,0.00023707,0.00023707,0.00300264,0.00793457,36.0,36.0,80.0
2025-12-25,ibm_marrakesh,4,119.7819,99.555,0.00035424,0.00035424,0.00223174,0.0123291,36.0,36.0,68.0
2025-12-25,ibm_marrakesh,5,294.67,299.3148,0.00023328,0.00023328,0.00127511,0.00537109,36.0,36.0,68.0
2025-12-25,ibm_marrakesh,6,335.6881,193.2732,0.00020263,0.00020263,0.00198142,0.00524902,36.0,36.0,68.0
2025-12-25,ibm_marrakesh,7,248.9717,137.8303,0.00025735,0.00025735,0.00293186,0.00634766,36.0,36.0,80.0
2025-12-25,ibm_marrakesh,8,205.034,99.1886,0.00015541,0.00015541,0.00179073,0.00646973,36.0,36.0,68.0
2025-12-25,ibm_marrakesh,9,213.7344,258.4045,0.00013341,0.00013341,,0.01416016,36.0,36.0,
2025-12-24,ibm_marrakesh,0,104.13,44.1886,0.00050734,0.00050734,0.00262015,0.01843262,36.0,36.0,68.0
2025-12-24,ibm_marrakesh,1,210.2011,183.3388,0.00022254,0.00022254,0.00123389,0.00598145,36.0,36.0,68.0
2025-12-24,ibm_marrakesh,2,154.5654,204.1769,0.00015186,0.00015186,0.00451237,0.00488281,36.0,36.0,68.0
2025-12-24,ibm_marrakesh,3,286.5415,244.1577,0.00085128,0.00085128,0.00627602,0.00598145,36.0,36.0,80.0
2025-12-24,ibm_marrakesh,4,119.7819,99.555,0.00017668,0.00017668,0.00233305,0.01074219,36.0,36.0,68.0
2025-12-24,ibm_marrakesh,5,294.67,299.3148,0.0001856,0.0001856,0.00221776,0.00390625,36.0,36.0,68.0
2025-12-24,ibm_marrakesh,6,335.6881,193.2732,0.00043459,0.00043459,0.00267704,0.00280762,36.0,36.0,68.0
2025-12-24,ibm_marrakesh,7,248.9717,137.8303,0.00033135,0.00033135,0.0031181,0.00500488,36.0,36.0,80.0
2025-12-24,ibm_marrakesh,8,205.034,99.1886,0.00030647,0.00030647,0.0026183,0.01208496,36.0,36.0,68.0
2025-12-24,ibm_marrakesh,9,213.7344,258.4045,0.00032889,0.00032889,,0.01635742,36.0,36.0,
2025-12-23,ibm_marrakesh,0,254.6847,34.7379,0.00050734,0.00050734,0.00180363,0.01269531,36.0,36.0,68.0
2025-12-23,ibm_marrakesh,1,132.0118,113.7327,0.00022254,0.00022254,0.0010194,0.0078125,36.0,36.0,68.0
2025-12-23,ibm_marrakesh,2,389.5895,404.3877,0.00015186,0.00015186,0.00120284,0.00354004,36.0,36.0,68.0
2025-12-23,ibm_marrakesh,3,307.5252,261.1989,0.00085128,0.00085128,0.00287616,0.00817871,36.0,36.0,80.0
2025-12-23,ibm_marrakesh,4,232.8706,350.5783,0.00017668,0.00017668,0.00251582,0.01538086,36.0,36.0,68.0
2025-12-23,ibm_marrakesh,5,194.4166,158.0415,0.0001856,0.0001856,0.00136447,0.00354004,36.0,36.0,68.0
2025-12-23,ibm_marrakesh,6,298.1544,287.9479,0.00043459,0.00043459,0.0022313,0.00830078,36.0,36.0,68.0
2025-12-23,ibm_marrakesh,7,167.1586,98.1351,0.00033135,0.00033135,0.00351323,0.00439453,36.0,36.0,80.0
2025-12-23,ibm_marrakesh,8,250.2868,152.0212,0.00030647,0.00030647,0.00284522,0.00598145,36.0,36.0,68.0
2025-12-23,ibm_marrakesh,9,134.574,111.6845,0.00032889,0.00032889,,0.0123291,36.0,36.0,
2025-12-22,ibm_marrakesh,0,337.4299,68.2076,0.00035886,0.00035886,0.00180363,0.0078125,36.0,36.0,68.0
2025-12-22,ibm_marrakesh,1,175.8257,150.7014,0.00018041,0.00018041,0.0010194,0.0144043,36.0,36.0,68.0
2025-12-22,ibm_marrakesh,2,290.1923,335.791,0.0001718,0.0001718,0.00120284,0.00427246,36.0,36.0,68.0
2025-12-22,ibm_marrakesh,3,295.3686,298.118,0.00228223,0.00228223,0.00287616,0.00976562,36.0,36.0,80.0
2025-12-22,ibm_marrakesh,4,200.387,196.2517,0.00027984,0.00027984,0.00251582,0.01635742,36.0,36.0,68.0
2025-12-22,ibm_marrakesh,5,291.373,166.4279,0.00038311,0.00038311,0.00136447,0.00683594,36.0,36.0,68.0
2025-12-22,ibm_marrakesh,6,272.3273,240.0618,0.00045901,0.00045901,0.0022313,0.00500488,36.0,36.0,68.0
2025-12-22,ibm_marrakesh,7,298.5201,126.075,0.00017767,0.00017767,0.00351323,0.0045166,36.0,36.0,80.0
2025-12-22,ibm_marrakesh,8,205.8131,146.0623,0.0002884,0.0002884,0.00284522,0.01013184,36.0,36.0,68.0
2025-12-22,ibm_marrakesh,9,218.6618,251.6843,0.00018016,0.00018016,,0.0604248,36.0,36.0,
2025-12-21,ibm_marrakesh,0,297.8733,42.9565,0.00029579,0.00029579,0.00284055,0.01025391,36.0,36.0,68.0
2025-12-21,ibm_marrakesh,1,160.3449,164.0747,0.00023491,0.00023491,0.00115485,0.00488281,36.0,36.0,68.0
2025-12-21,ibm_marrakesh,2,262.4427,384.1569,0.00032154,0.00032154,0.00390095,0.00341797,36.0,36.0,68.0
2025-12-21,ibm_marrakesh,3,257.0798,218.3445,0.00021767,0.00021767,0.00643958,0.00537109,36.0,36.0,80.0
2025-12-21,ibm_marrakesh,4,149.9209,200.8718,0.00030675,0.00030675,0.00243175,0.0168457,36.0,36.0,68.0
2025-12-21,ibm_marrakesh,5,253.9982,280.1706,0.00018948,0.00018948,0.00136447,0.00561523,36.0,36.0,68.0
2025-12-21,ibm_marrakesh,6,344.3099,304.2191,0.00018374,0.00018374,0.00170689,0.00976562,36.0,36.0,68.0
2025-12-21,ibm_marrakesh,7,277.1037,137.2565,0.00029679,0.00029679,0.00366776,0.01831055,36.0,36.0,80.0
2025-12-21,ibm_marrakesh,8,168.676,140.2248,0.0002884,0.0002884,0.002949,0.0090332,36.0,36.0,68.0
2025-12-21,ibm_marrakesh,9,141.1356,187.0169,0.00012577,0.00012577,,0.05004883,36.0,36.0,
2025-12-20,ibm_marrakesh,0,183.3187,73.6195,0.00045801,0.00045801,0.00282941,0.00830078,36.0,36.0,68.0
2025-12-20,ibm_marrakesh,1,180.3266,167.9781,0.00024995,0.00024995,0.00140197,0.00830078,36.0,36.0,68.0
2025-12-20,ibm_marrakesh,2,283.5477,419.5763,0.00017923,0.00017923,0.00363849,0.00732422,36.0,36.0,68.0
2025-12-20,ibm_marrakesh,3,393.3083,379.9571,0.00071266,0.00071266,0.00597247,0.0078125,36.0,36.0,80.0
2025-12-20,ibm_marrakesh,4,128.1557,159.4395,0.00033846,0.00033846,0.00274978,0.0144043,36.0,36.0,68.0
2025-12-20,ibm_marrakesh,5,276.4488,200.925,0.00018427,0.00018427,0.00268451,0.0065918,36.0,36.0,68.0
2025-12-20,ibm_marrakesh,6,245.0183,297.8024,0.00018374,0.00018374,0.00154956,0.00512695,36.0,36.0,68.0
2025-12-20,ibm_marrakesh,7,174.2999,96.9043,0.00021308,0.00021308,0.00240386,0.00512695,36.0,36.0,80.0
2025-12-20,ibm_marrakesh,8,291.5623,53.4621,0.00023368,0.00023368,0.0025543,0.00585938,36.0,36.0,68.0
2025-12-20,ibm_marrakesh,9,202.4555,33.8566,0.00015107,0.00015107,,0.015625,36.0,36.0,
2025-12-19,ibm_marrakesh,0,292.7861,50.8165,0.00032645,0.00032645,0.00203291,0.00732422,36.0,36.0,68.0
2025-12-19,ibm_marrakesh,1,198.9359,186.1478,0.00025502,0.00025502,0.00140197,0.00463867,36.0,36.0,68.0
2025-12-19,ibm_marrakesh,2,369.0736,422.7568,0.00010762,0.00010762,0.00379395,0.00830078,36.0,36.0,68.0
2025-12-19,ibm_marrakesh,3,320.1816,338.1175,0.00039321,0.00039321,0.00536238,0.00634766,36.0,36.0,80.0
2025-12-19,ibm_marrakesh,4,151.4187,166.0862,0.00038416,0.00038416,0.00207989,0.02099609,36.0,36.0,68.0
2025-12-19,ibm_marrakesh,5,320.9379,241.3567,0.00018629,0.00018629,0.00263721,0.00634766,36.0,36.0,68.0
2025-12-19,ibm_marrakesh,6,166.1901,161.312,0.00022676,0.00022676,0.00144017,0.00537109,36.0,36.0,68.0
2025-12-19,ibm_marrakesh,7,316.5508,114.1765,0.00026148,0.00026148,0.00249073,0.00756836,36.0,36.0,80.0
2025-12-19,ibm_marrakesh,8,291.5623,135.7416,0.00023368,0.00023368,0.00363314,0.00415039,36.0,36.0,68.0
2025-12-19,ibm_marrakesh,9,202.4555,288.9339,0.00020361,0.00020361,,0.07226562,36.0,36.0,
2025-12-18,ibm_marrakesh,0,358.0875,26.1925,0.00051759,0.00051759,0.00486587,0.01489258,36.0,36.0,68.0
2025-12-18,ibm_marrakesh,1,108.9175,86.6945,0.00030742,0.00030742,0.00093879,0.00549316,36.0,36.0,68.0
2025-12-18,ibm_marrakesh,2,330.9517,419.1271,0.00013156,0.00013156,0.00115705,0.00378418,36.0,36.0,68.0
2025-12-18,ibm_marrakesh,3,336.8847,288.6725,0.00034805,0.00034805,0.00199996,0.00524902,36.0,36.0,80.0
2025-12-18,ibm_marrakesh,4,223.7106,292.0127,0.00027069,0.00027069,0.00303714,0.01342773,36.0,36.0,68.0
2025-12-18,ibm_marrakesh,5,183.1401,181.7593,0.00043515,0.00043515,0.00159708,0.00622559,36.0,36.0,68.0
2025-12-18,ibm_marrakesh,6,292.3947,287.7032,0.00015396,0.00015396,0.00135011,0.00415039,36.0,36.0,68.0
2025-12-18,ibm_marrakesh,7,292.8976,119.162,0.00033564,0.00033564,0.00238484,0.00415039,36.0,36.0,80.0
2025-12-18,ibm_marrakesh,8,195.9854,132.7934,0.00028385,0.00028385,0.00301294,0.01184082,36.0,36.0,68.0
2025-12-18,ibm_marrakesh,9,238.4489,343.8498,0.00019072,0.00019072,,0.01806641,36.0,36.0,
2025-12-17,ibm_marrakesh,0,358.0875,54.1562,0.00047954,0.00047954,0.00198476,0.0078125,36.0,36.0,68.0
2025-12-17,ibm_marrakesh,1,195.6516,177.4477,0.00032182,0.00032182,0.0012265,0.00744629,36.0,36.0,68.0
2025-12-17,ibm_marrakesh,2,331.2212,366.2664,0.00011288,0.00011288,0.00345079,0.00354004,36.0,36.0,68.0
2025-12-17,ibm_marrakesh,3,220.3157,210.0584,0.00053042,0.00053042,0.00614943,0.00671387,36.0,36.0,80.0
2025-12-17,ibm_marrakesh,4,193.4046,166.185,0.00029935,0.00029935,0.00308282,0.02087402,36.0,36.0,68.0
2025-12-17,ibm_marrakesh,5,328.9226,184.4431,0.00015143,0.00015143,0.00147115,0.00244141,36.0,36.0,68.0
2025-12-17,ibm_marrakesh,6,289.3097,220.6193,0.00026628,0.00026628,0.00167864,0.0057373,36.0,36.0,68.0
2025-12-17,ibm_marrakesh,7,258.0053,103.4605,0.00024213,0.00024213,0.00216868,0.00561523,36.0,36.0,80.0
2025-12-17,ibm_marrakesh,8,291.3525,132.2196,0.00023531,0.00023531,0.00319891,0.0045166,36.0,36.0,68.0
2025-12-17,ibm_marrakesh,9,183.4603,232.7392,0.00016291,0.00016291,,0.02172852,36.0,36.0,
2025-12-16,ibm_marrakesh,0,362.9156,107.5819,0.00034549,0.00034549,0.00198476,0.01025391,36.0,36.0,68.0
2025-12-16,ibm_marrakesh,1,207.8319,169.5502,0.00024232,0.00024232,0.0012265,0.00561523,36.0,36.0,68.0
2025-12-16,ibm_marrakesh,2,348.845,459.7085,0.00015828,0.00015828,0.00345079,0.0045166,36.0,36.0,68.0
2025-12-16,ibm_marrakesh,3,253.6949,230.3157,0.00106591,0.00106591,0.00614943,0.00854492,36.0,36.0,80.0
2025-12-16,ibm_marrakesh,4,184.8599,190.7838,0.00051709,0.00051709,0.00308282,0.01025391,36.0,36.0,68.0
2025-12-16,ibm_marrakesh,5,348.7954,219.2206,0.0001773,0.0001773,0.00147115,0.00634766,36.0,36.0,68.0
2025-12-16,ibm_marrakesh,6,220.7452,201.4731,0.00023052,0.00023052,0.00167864,0.00378418,36.0,36.0,68.0
2025-12-16,ibm_marrakesh,7,210.9992,101.7078,0.0002147,0.0002147,0.00216868,0.00549316,36.0,36.0,80.0
2025-12-16,ibm_marrakesh,8,278.8736,124.5838,0.00016469,0.00016469,0.00319891,0.00634766,36.0,36.0,68.0
2025-12-16,ibm_marrakesh,9,167.1154,150.9681,0.00036505,0.00036505,,0.0324707,36.0,36.0,
2025-12-15,ibm_marrakesh,0,276.2901,48.5968,0.00036951,0.00036951,0.00173515,0.0045166,36.0,36.0,68.0
2025-12-15,ibm_marrakesh,1,198.74,168.075,0.00011998,0.00011998,0.00123773,0.01147461,36.0,36.0,68.0
2025-12-15,ibm_marrakesh,2,389.0033,518.1358,0.00024195,0.00024195,0.00176207,0.00610352,36.0,36.0,68.0
2025-12-15,ibm_marrakesh,3,346.5741,268.3297,0.00064244,0.00064244,0.00351074,0.01159668,36.0,36.0,80.0
2025-12-15,ibm_marrakesh,4,179.9715,171.9695,0.000367,0.000367,0.00271958,0.01464844,36.0,36.0,68.0
2025-12-15,ibm_marrakesh,5,261.564,138.33,0.0001773,0.0001773,0.00136588,0.01000977,36.0,36.0,68.0
2025-12-15,ibm_marrakesh,6,272.3074,245.3916,0.00028833,0.00028833,0.00190341,0.0032959,36.0,36.0,68.0
2025-12-15,ibm_marrakesh,7,311.4298,120.6115,0.00024598,0.00024598,0.00246447,0.00537109,36.0,36.0,80.0
2025-12-15,ibm_marrakesh,8,124.8015,46.0852,0.00020689,0.00020689,0.00285556,0.00720215,36.0,36.0,68.0
2025-12-15,ibm_marrakesh,9,201.5094,221.525,0.0001757,0.0001757,,0.02490234,36.0,36.0,
2025-12-14,ibm_marrakesh,0,276.2901,48.5968,0.00036951,0.00036951,0.00173515,0.01538086,36.0,36.0,68.0
2025-12-14,ibm_marrakesh,1,198.74,168.075,0.00011998,0.00011998,0.00123773,0.00708008,36.0,36.0,68.0
2025-12-14,ibm_marrakesh,2,389.0033,518.1358,0.00024195,0.00024195,0.00176207,0.00244141,36.0,36.0,68.0
2025-12-14,ibm_marrakesh,3,346.5741,268.3297,0.00064244,0.00064244,0.00351074,0.0065918,36.0,36.0,80.0
2025-12-14,ibm_marrakesh,4,179.9715,171.9695,0.000367,0.000367,0.00271958,0.01123047,36.0,36.0,68.0
2025-12-14,ibm_marrakesh,5,261.564,138.33,0.0001773,0.0001773,0.00136588,0.00268555,36.0,36.0,68.0
2025-12-14,ibm_marrakesh,6,272.3074,245.3916,0.00028833,0.00028833,0.00190341,0.00463867,36.0,36.0,68.0
2025-12-14,ibm_marrakesh,7,311.4298,120.6115,0.00024598,0.00024598,0.00246447,0.00415039,36.0,36.0,80.0
2025-12-14,ibm_marrakesh,8,124.8015,46.0852,0.00020689,0.00020689,0.00285556,0.00878906,36.0,36.0,68.0
2025-12-14,ibm_marrakesh,9,201.5094,221.525,0.0001757,0.0001757,,0.01586914,36.0,36.0,
2025-12-13,ibm_marrakesh,0,401.8571,36.7421,0.00027185,0.00027185,0.00180531,0.00683594,36.0,36.0,68.0
2025-12-13,ibm_marrakesh,1,135.4107,116.2551,0.00016758,0.00016758,0.00115538,0.00439453,36.0,36.0,68.0
2025-12-13,ibm_marrakesh,2,299.14,381.4159,0.0002308,0.0002308,0.00100272,0.00439453,36.0,36.0,68.0
2025-12-13,ibm_marrakesh,3,178.8417,163.8952,0.00021553,0.00021553,0.00219198,0.00415039,36.0,36.0,80.0
2025-12-13,ibm_marrakesh,4,145.7318,172.8875,0.00032605,0.00032605,0.00244312,0.0144043,36.0,36.0,68.0
2025-12-13,ibm_marrakesh,5,251.2541,224.518,0.00016245,0.00016245,0.00137755,0.00463867,36.0,36.0,68.0
2025-12-13,ibm_marrakesh,6,257.1552,224.9084,0.00022975,0.00022975,0.00161012,0.00439453,36.0,36.0,68.0
2025-12-13,ibm_marrakesh,7,292.8881,144.9063,0.00028356,0.00028356,0.00414535,0.00610352,36.0,36.0,80.0
2025-12-13,ibm_marrakesh,8,252.8824,132.6494,0.00020689,0.00020689,0.00393669,0.01342773,36.0,36.0,68.0
2025-12-13,ibm_marrakesh,9,239.3956,225.8901,0.00019765,0.00019765,,0.00683594,36.0,36.0,
2025-12-12,ibm_marrakesh,0,336.6381,40.9139,0.00066949,0.00066949,0.00393207,0.0213623,36.0,36.0,68.0
2025-12-12,ibm_marrakesh,1,206.6335,185.3054,0.00014064,0.00014064,0.00138843,0.00549316,36.0,36.0,68.0
2025-12-12,ibm_marrakesh,2,343.4499,425.6278,0.00017951,0.00017951,0.00120092,0.00354004,36.0,36.0,68.0
2025-12-12,ibm_marrakesh,3,184.8208,168.4793,0.0001636,0.0001636,0.0022033,0.00427246,36.0,36.0,80.0
2025-12-12,ibm_marrakesh,4,163.5453,103.7752,0.00034661,0.00034661,0.00240674,0.0135498,36.0,36.0,68.0
2025-12-12,ibm_marrakesh,5,243.0941,210.0889,0.00026929,0.00026929,0.00149045,0.00512695,36.0,36.0,68.0
2025-12-12,ibm_marrakesh,6,316.4279,326.7407,0.00014357,0.00014357,0.00143498,0.00939941,36.0,36.0,68.0
2025-12-12,ibm_marrakesh,7,273.2447,122.526,0.0002976,0.0002976,0.00211678,0.00427246,36.0,36.0,80.0
2025-12-12,ibm_marrakesh,8,193.668,147.2199,0.00020689,0.00020689,0.00244013,0.01049805,36.0,36.0,68.0
2025-12-12,ibm_marrakesh,9,203.1396,320.8106,0.00017214,0.00017214,,0.04174805,36.0,36.0,
2025-12-11,ibm_marrakesh,0,353.9322,34.1195,0.00051992,0.00051992,0.00241159,0.00756836,36.0,36.0,68.0
2025-12-11,ibm_marrakesh,1,191.7484,175.3237,0.00017215,0.00017215,0.00112484,0.00524902,36.0,36.0,68.0
2025-12-11,ibm_marrakesh,2,366.8351,404.3458,0.00017243,0.00017243,0.00138114,0.00537109,36.0,36.0,68.0
2025-12-11,ibm_marrakesh,3,269.6472,214.8734,0.00015195,0.00015195,0.00222605,0.00500488,36.0,36.0,80.0
2025-12-11,ibm_marrakesh,4,151.925,182.2767,0.00033463,0.00033463,0.00209633,0.01525879,36.0,36.0,68.0
2025-12-11,ibm_marrakesh,5,251.0434,245.1338,0.00015981,0.00015981,0.00156079,0.01098633,36.0,36.0,68.0
2025-12-11,ibm_marrakesh,6,271.4641,247.0853,0.0003298,0.0003298,0.00176731,0.00488281,36.0,36.0,68.0
2025-12-11,ibm_marrakesh,7,228.8783,115.8314,0.00022238,0.00022238,0.00219342,0.00805664,36.0,36.0,80.0
2025-12-11,ibm_marrakesh,8,198.0729,128.6379,0.0001721,0.0001721,0.00261911,0.00878906,36.0,36.0,68.0
2025-12-11,ibm_marrakesh,9,159.8934,240.4152,0.00019226,0.00019226,,0.02294922,36.0,36.0,
2025-12-10,ibm_marrakesh,0,244.7173,104.3126,0.0004162,0.0004162,0.00207084,0.00769043,36.0,36.0,68.0
2025-12-10,ibm_marrakesh,1,197.4558,183.2228,0.00024263,0.00024263,0.00112484,0.00427246,36.0,36.0,68.0
2025-12-10,ibm_marrakesh,2,304.5096,383.4684,0.00014864,0.00014864,0.00119401,0.00402832,36.0,36.0,68.0
2025-12-10,ibm_marrakesh,3,388.3846,282.5573,0.00019652,0.00019652,0.00452349,0.00695801,36.0,36.0,80.0
2025-12-10,ibm_marrakesh,4,170.8685,229.6216,0.00030696,0.00030696,0.00453884,0.00927734,36.0,36.0,68.0
2025-12-10,ibm_marrakesh,5,240.8496,201.574,0.00014403,0.00014403,0.00206369,0.00354004,36.0,36.0,68.0
2025-12-10,ibm_marrakesh,6,304.7077,226.8362,0.00040028,0.00040028,0.00161769,0.00524902,36.0,36.0,68.0
2025-12-10,ibm_marrakesh,7,283.6861,140.1223,0.00021953,0.00021953,0.00284378,0.00512695,36.0,36.0,80.0
2025-12-10,ibm_marrakesh,8,213.7377,136.7036,0.00020948,0.00020948,0.00326373,0.01257324,36.0,36.0,68.0
2025-12-10,ibm_marrakesh,9,123.2188,166.1269,0.00021684,0.00021684,,0.01171875,36.0,36.0,
2025-12-09,ibm_marrakesh,0,233.6539,113.6609,0.00027575,0.00027575,0.00303032,0.18835449,36.0,36.0,68.0
2025-12-09,ibm_marrakesh,1,157.832,142.2132,0.00029148,0.00029148,0.00189702,0.45788574,36.0,36.0,68.0
2025-12-09,ibm_marrakesh,2,355.8117,265.001,0.00014849,0.00014849,0.00253441,0.05908203,36.0,36.0,68.0
2025-12-09,ibm_marrakesh,3,370.0131,287.4519,0.00030477,0.00030477,0.00294714,0.49841309,36.0,36.0,80.0
2025-12-09,ibm_marrakesh,4,180.9936,209.3215,0.00022451,0.00022451,0.00311868,0.33776855,36.0,36.0,68.0
2025-12-09,ibm_marrakesh,5,232.2239,201.1249,0.00037218,0.00037218,0.00151337,0.38171387,36.0,36.0,68.0
2025-12-09,ibm_marrakesh,6,244.0563,301.1752,0.00017879,0.00017879,0.00153801,0.32116699,36.0,36.0,68.0
2025-12-09,ibm_marrakesh,7,267.7046,116.915,0.00023557,0.00023557,0.0024984,0.24047852,36.0,36.0,80.0
2025-12-09,ibm_marrakesh,8,222.7664,77.256,0.00022706,0.00022706,0.00190119,0.43530273,36.0,36.0,68.0
2025-12-09,ibm_marrakesh,9,156.8834,148.0652,0.00015901,0.00015901,,0.50024414,36.0,36.0,
2025-12-08,ibm_marrakesh,0,352.8584,39.6501,0.0007055,0.0007055,0.00207349,0.5,36.0,36.0,68.0
2025-12-08,ibm_marrakesh,1,157.832,142.2132,0.00022309,0.00022309,0.00189702,0.43066406,36.0,36.0,68.0
2025-12-08,ibm_marrakesh,2,355.8117,482.2723,0.00012817,0.00012817,0.00253441,0.49902344,36.0,36.0,68.0
2025-12-08,ibm_marrakesh,3,370.0131,287.4519,0.00030477,0.00030477,0.00294714,0.5,36.0,36.0,80.0
2025-12-08,ibm_marrakesh,4,137.9141,93.6678,0.00019082,0.00019082,0.00281116,0.49609375,36.0,36.0,68.0
2025-12-08,ibm_marrakesh,5,232.2239,180.0241,0.00014474,0.00014474,0.00151337,0.29394531,36.0,36.0,68.0
2025-12-08,ibm_marrakesh,6,260.3833,166.39,0.00028733,0.00028733,0.00139225,0.45019531,36.0,36.0,68.0
2025-12-08,ibm_marrakesh,7,246.1328,91.6061,0.00024893,0.00024893,0.0024984,0.46337891,36.0,36.0,80.0
2025-12-08,ibm_marrakesh,8,222.7664,93.3001,0.00018888,0.00018888,0.00229812,0.49853516,36.0,36.0,68.0
2025-12-08,ibm_marrakesh,9,156.8834,148.0652,0.00015901,0.00015901,,0.43115234,36.0,36.0,
2025-12-07,ibm_marrakesh,0,352.8584,39.6501,0.0007055,0.0007055,0.00207349,0.0098877,36.0,36.0,68.0
2025-12-07,ibm_marrakesh,1,157.832,142.2132,0.00022309,0.00022309,0.00189702,0.01013184,36.0,36.0,68.0
2025-12-07,ibm_marrakesh,2,355.8117,482.2723,0.00012817,0.00012817,0.00253441,0.00341797,36.0,36.0,68.0
2025-12-07,ibm_marrakesh,3,370.0131,287.4519,0.00030477,0.00030477,0.00294714,0.01025391,36.0,36.0,80.0
2025-12-07,ibm_marrakesh,4,137.9141,93.6678,0.00019082,0.00019082,0.00281116,0.0078125,36.0,36.0,68.0
2025-12-07,ibm_marrakesh,5,251.3778,128.6097,0.00014474,0.00014474,0.00151337,0.00915527,36.0,36.0,68.0
2025-12-07,ibm_marrakesh,6,260.3833,166.39,0.00028733,0.00028733,0.00139225,0.00341797,36.0,36.0,68.0
2025-12-07,ibm_marrakesh,7,246.1328,91.6061,0.00024893,0.00024893,0.0024984,0.00769043,36.0,36.0,80.0
2025-12-07,ibm_marrakesh,8,222.7664,93.3001,0.00018888,0.00018888,0.00229812,0.00524902,36.0,36.0,68.0
2025-12-07,ibm_marrakesh,9,156.8834,148.0652,0.00015901,0.00015901,,0.02392578,36.0,36.0,
2025-12-06,ibm_marrakesh,0,352.8584,39.6501,0.0007055,0.0007055,0.00207349,0.0098877,36.0,36.0,68.0
2025-12-06,ibm_marrakesh,1,157.832,142.2132,0.00022309,0.00022309,0.00189702,0.01013184,36.0,36.0,68.0
2025-12-06,ibm_marrakesh,2,355.8117,482.2723,0.00012817,0.00012817,0.00253441,0.00341797,36.0,36.0,68.0
2025-12-06,ibm_marrakesh,3,370.0131,287.4519,0.00030477,0.00030477,0.00294714,0.01025391,36.0,36.0,80.0
2025-12-06,ibm_marrakesh,4,137.9141,93.6678,0.00019082,0.00019082,0.00281116,0.0078125,36.0,36.0,68.0
2025-12-06,ibm_marrakesh,5,251.3778,128.6097,0.00014474,0.00014474,0.00151337,0.00915527,36.0,36.0,68.0
2025-12-06,ibm_marrakesh,6,260.3833,166.39,0.00028733,0.00028733,0.00139225,0.00341797,36.0,36.0,68.0
2025-12-06,ibm_marrakesh,7,246.1328,91.6061,0.00024893,0.00024893,0.0024984,0.00769043,36.0,36.0,80.0
2025-12-06,ibm_marrakesh,8,222.7664,93.3001,0.00018888,0.00018888,0.00229812,0.00524902,36.0,36.0,68.0
2025-12-06,ibm_marrakesh,9,156.8834,148.0652,0.00015901,0.00015901,,0.02392578,36.0,36.0,
2025-12-05,ibm_marrakesh,0,352.8584,39.6501,0.00037343,0.00037343,0.00187641,0.00830078,36.0,36.0,68.0
2025-12-05,ibm_marrakesh,1,157.832,142.2132,0.00055915,0.00055915,0.00131558,0.00463867,36.0,36.0,68.0
2025-12-05,ibm_marrakesh,2,355.8117,482.2723,0.00019878,0.00019878,0.0015178,0.00341797,36.0,36.0,68.0
2025-12-05,ibm_marrakesh,3,370.0131,287.4519,0.00031661,0.00031661,0.00345983,0.00720215,36.0,36.0,80.0
2025-12-05,ibm_marrakesh,4,137.9141,93.6678,0.00028259,0.00028259,0.00382249,0.0111084,36.0,36.0,68.0
2025-12-05,ibm_marrakesh,5,251.3778,128.6097,0.0001796,0.0001796,0.00168931,0.00598145,36.0,36.0,68.0
2025-12-05,ibm_marrakesh,6,260.3833,166.39,0.00024619,0.00024619,0.00205649,0.0045166,36.0,36.0,68.0
2025-12-05,ibm_marrakesh,7,246.1328,91.6061,0.00021229,0.00021229,0.00348468,0.00634766,36.0,36.0,80.0
2025-12-05,ibm_marrakesh,8,222.7664,93.3001,0.00026154,0.00026154,0.00306562,0.00512695,36.0,36.0,68.0
2025-12-05,ibm_marrakesh,9,156.8834,148.0652,0.00021608,0.00021608,,0.00695801,36.0,36.0,
2025-12-04,ibm_marrakesh,0,268.7083,133.3151,0.00037343,0.00037343,0.00187277,0.00378418,36.0,36.0,68.0
2025-12-04,ibm_marrakesh,1,163.7182,162.9675,0.00055915,0.00055915,0.00131558,0.00488281,36.0,36.0,68.0
2025-12-04,ibm_marrakesh,2,229.7476,276.901,0.00019878,0.00019878,0.0015178,0.00244141,36.0,36.0,68.0
2025-12-04,ibm_marrakesh,3,337.262,275.736,0.00031661,0.00031661,0.00252557,0.0098877,36.0,36.0,80.0
2025-12-04,ibm_marrakesh,4,165.0905,78.3375,0.00028259,0.00028259,0.00262487,0.01513672,36.0,36.0,68.0
2025-12-04,ibm_marrakesh,5,217.2969,125.9651,0.0001796,0.0001796,0.00154245,0.01025391,36.0,36.0,68.0
2025-12-04,ibm_marrakesh,6,258.0498,142.4847,0.00024619,0.00024619,0.00194345,0.0065918,36.0,36.0,68.0
2025-12-04,ibm_marrakesh,7,121.446,24.456,0.00021229,0.00021229,0.00423615,0.00769043,36.0,36.0,80.0
2025-12-04,ibm_marrakesh,8,220.3265,98.8277,0.00026154,0.00026154,0.00479118,0.00341797,36.0,36.0,68.0
2025-12-04,ibm_marrakesh,9,140.1421,139.4357,0.00021608,0.00021608,,0.04187012,36.0,36.0,
2025-12-03,ibm_marrakesh,0,122.5504,87.718,0.00018294,0.00018294,0.00187277,0.00854492,36.0,36.0,68.0
2025-12-03,ibm_marrakesh,1,164.2228,161.0516,0.00012962,0.00012962,0.00131558,0.00402832,36.0,36.0,68.0
2025-12-03,ibm_marrakesh,2,315.4221,464.1763,0.00039506,0.00039506,0.00138083,0.00219727,36.0,36.0,68.0
2025-12-03,ibm_marrakesh,3,236.9124,227.5188,0.00013777,0.00013777,0.0025109,0.00671387,36.0,36.0,80.0
2025-12-03,ibm_marrakesh,4,141.9057,165.1188,0.00038972,0.00038972,0.00338028,0.01647949,36.0,36.0,68.0
2025-12-03,ibm_marrakesh,5,180.9309,161.3543,0.00018592,0.00018592,0.00137062,0.00488281,36.0,36.0,68.0
2025-12-03,ibm_marrakesh,6,208.7958,200.5642,0.00029476,0.00029476,0.00181239,0.00305176,36.0,36.0,68.0
2025-12-03,ibm_marrakesh,7,121.446,76.4367,0.00026882,0.00026882,0.00347404,0.00646973,36.0,36.0,80.0
2025-12-03,ibm_marrakesh,8,323.068,146.4959,0.00029173,0.00029173,0.00294019,0.00537109,36.0,36.0,68.0
2025-12-03,ibm_marrakesh,9,179.5876,188.0227,0.00021066,0.00021066,,0.01086426,36.0,36.0,
2025-12-02,ibm_marrakesh,0,399.5676,163.6708,0.00018294,0.00018294,0.00187277,0.01220703,36.0,36.0,68.0
2025-12-02,ibm_marrakesh,1,176.5453,176.5851,0.00021618,0.00021618,0.00131558,0.00463867,36.0,36.0,68.0
2025-12-02,ibm_marrakesh,2,219.5601,338.3143,0.00022755,0.00022755,0.00138083,0.00244141,36.0,36.0,68.0
2025-12-02,ibm_marrakesh,3,231.8222,209.7556,0.00034209,0.00034209,0.0025109,0.00952148,36.0,36.0,80.0
2025-12-02,ibm_marrakesh,4,161.6542,74.5287,0.0003527,0.0003527,0.00338028,0.04003906,36.0,36.0,68.0
2025-12-02,ibm_marrakesh,5,305.6657,96.4772,0.00012604,0.00012604,0.00137062,0.00561523,36.0,36.0,68.0
2025-12-02,ibm_marrakesh,6,185.2902,120.9314,0.00013194,0.00013194,0.00181239,0.00219727,36.0,36.0,68.0
2025-12-02,ibm_marrakesh,7,292.7322,67.3245,0.00022661,0.00022661,0.00347404,0.00366211,36.0,36.0,80.0
2025-12-02,ibm_marrakesh,8,316.1708,70.8814,0.00040979,0.00040979,0.00294019,0.00292969,36.0,36.0,68.0
2025-12-02,ibm_marrakesh,9,165.9165,132.4462,0.00019272,0.00019272,,0.03125,36.0,36.0,
2025-12-01,ibm_marrakesh,0,288.0547,129.8234,0.00027839,0.00027839,0.00236313,0.00830078,36.0,36.0,68.0
2025-12-01,ibm_marrakesh,1,191.4481,180.6658,0.00018019,0.00018019,0.00126989,0.00439453,36.0,36.0,68.0
2025-12-01,ibm_marrakesh,2,297.6485,428.2653,0.000147,0.000147,0.00121277,0.00524902,36.0,36.0,68.0
2025-12-01,ibm_marrakesh,3,125.369,154.9937,0.00028566,0.00028566,0.00255953,0.00952148,36.0,36.0,80.0
2025-12-01,ibm_marrakesh,4,183.5146,139.8284,0.00042905,0.00042905,0.00258333,0.03320312,36.0,36.0,68.0
2025-12-01,ibm_marrakesh,5,251.7593,147.2325,0.0001791,0.0001791,0.00102907,0.00769043,36.0,36.0,68.0
2025-12-01,ibm_marrakesh,6,300.5319,213.9987,0.00027117,0.00027117,0.00153632,0.00402832,36.0,36.0,68.0
2025-12-01,ibm_marrakesh,7,275.2155,98.4742,0.00024764,0.00024764,0.00307803,0.00402832,36.0,36.0,80.0
2025-12-01,ibm_marrakesh,8,204.5529,99.942,0.00034818,0.00034818,0.00253964,0.00549316,36.0,36.0,68.0
2025-12-01,ibm_marrakesh,9,200.7677,188.9729,0.00018539,0.00018539,,0.00634766,36.0,36.0,
2025-11-30,ibm_marrakesh,0,382.8564,88.9126,0.00038978,0.00038978,0.00235088,0.0045166,36.0,36.0,68.0
2025-11-30,ibm_marrakesh,1,107.6444,93.413,0.00016613,0.00016613,0.00126989,0.0057373,36.0,36.0,68.0
2025-11-30,ibm_marrakesh,2,343.0871,449.7962,0.00014634,0.00014634,0.00156145,0.00427246,36.0,36.0,68.0
2025-11-30,ibm_marrakesh,3,358.8057,270.4087,0.00036218,0.00036218,0.00229707,0.00854492,36.0,36.0,80.0
2025-11-30,ibm_marrakesh,4,144.0633,40.8987,0.00029676,0.00029676,0.00279303,0.09472656,36.0,36.0,68.0
2025-11-30,ibm_marrakesh,5,255.7973,181.1722,0.00025071,0.00025071,0.00132541,0.00549316,36.0,36.0,68.0
2025-11-30,ibm_marrakesh,6,288.0499,257.0033,0.0001668,0.0001668,0.00206797,0.00354004,36.0,36.0,68.0
2025-11-30,ibm_marrakesh,7,123.6661,56.5622,0.0003255,0.0003255,0.00278104,0.00585938,36.0,36.0,80.0
2025-11-30,ibm_marrakesh,8,194.4948,124.7996,0.00025782,0.00025782,0.00272449,0.00976562,36.0,36.0,68.0
2025-11-30,ibm_marrakesh,9,207.3996,264.7011,0.00015222,0.00015222,,0.04516602,36.0,36.0,
2025-11-29,ibm_marrakesh,0,331.4789,52.4873,0.00038978,0.00038978,0.00157893,0.0032959,36.0,36.0,68.0
2025-11-29,ibm_marrakesh,1,171.8066,179.8313,0.00017574,0.00017574,0.00126989,0.02282715,36.0,36.0,68.0
2025-11-29,ibm_marrakesh,2,231.243,184.067,0.00014634,0.00014634,0.00278382,0.00512695,36.0,36.0,68.0
2025-11-29,ibm_marrakesh,3,262.3026,274.8225,0.00044188,0.00044188,0.00273891,0.00524902,36.0,36.0,80.0
2025-11-29,ibm_marrakesh,4,144.0633,105.2481,0.00020777,0.00020777,0.00240867,0.02270508,36.0,36.0,68.0
2025-11-29,ibm_marrakesh,5,206.0202,111.7771,0.00022364,0.00022364,0.00148025,0.00671387,36.0,36.0,68.0
2025-11-29,ibm_marrakesh,6,356.662,169.6977,0.00020868,0.00020868,0.00172875,0.0032959,36.0,36.0,68.0
2025-11-29,ibm_marrakesh,7,123.6661,71.9547,0.00024831,0.00024831,0.00257182,0.00549316,36.0,36.0,80.0
2025-11-29,ibm_marrakesh,8,244.1967,87.8476,0.00022526,0.00022526,0.00222043,0.00341797,36.0,36.0,68.0
2025-11-29,ibm_marrakesh,9,184.0135,162.1289,0.00018988,0.00018988,,0.02478027,36.0,36.0,
2025-11-28,ibm_marrakesh,0,245.5515,38.536,0.00038675,0.00038675,0.00177173,0.00390625,36.0,36.0,68.0
2025-11-28,ibm_marrakesh,1,113.7486,112.4358,0.00022711,0.00022711,0.00151741,0.00561523,36.0,36.0,68.0
2025-11-28,ibm_marrakesh,2,237.666,373.9198,0.00013105,0.00013105,0.0017053,0.00585938,36.0,36.0,68.0
2025-11-28,ibm_marrakesh,3,278.8532,223.2114,0.00039538,0.00039538,0.00245602,0.00817871,36.0,36.0,80.0
2025-11-28,ibm_marrakesh,4,141.4813,107.1514,0.00040696,0.00040696,0.00244524,0.04150391,36.0,36.0,68.0
2025-11-28,ibm_marrakesh,5,223.4423,117.0449,0.00025931,0.00025931,0.0017874,0.0065918,36.0,36.0,68.0
2025-11-28,ibm_marrakesh,6,234.7803,120.461,0.00025909,0.00025909,0.00187611,0.00500488,36.0,36.0,68.0
2025-11-28,ibm_marrakesh,7,167.7371,72.6183,0.00041865,0.00041865,0.00262289,0.00415039,36.0,36.0,80.0
2025-11-28,ibm_marrakesh,8,212.1157,90.2554,0.00025247,0.00025247,0.0021874,0.00695801,36.0,36.0,68.0
2025-11-28,ibm_marrakesh,9,198.5958,174.6694,0.00025274,0.00025274,,0.00939941,36.0,36.0,
2025-11-27,ibm_marrakesh,0,366.2771,41.7438,0.00035233,0.00035233,0.00173476,0.00402832,36.0,36.0,68.0
2025-11-27,ibm_marrakesh,1,79.1605,73.0162,0.00014354,0.00014354,0.00123598,0.00671387,36.0,36.0,68.0
2025-11-27,ibm_marrakesh,2,315.773,417.2759,0.00021087,0.00021087,0.00209927,0.00402832,36.0,36.0,68.0
2025-11-27,ibm_marrakesh,3,339.2608,299.1964,0.00042154,0.00042154,0.00289018,0.00463867,36.0,36.0,80.0
2025-11-27,ibm_marrakesh,4,196.6346,125.4668,0.00044154,0.00044154,0.00281284,0.01538086,36.0,36.0,68.0
2025-11-27,ibm_marrakesh,5,162.1703,122.3414,0.00024716,0.00024716,0.00128291,0.00512695,36.0,36.0,68.0
2025-11-27,ibm_marrakesh,6,234.7803,128.5641,0.00020539,0.00020539,0.00148155,0.00463867,36.0,36.0,68.0
2025-11-27,ibm_marrakesh,7,298.7422,96.1132,0.00021313,0.00021313,0.00230666,0.0045166,36.0,36.0,80.0
2025-11-27,ibm_marrakesh,8,152.4678,77.0607,0.00031466,0.00031466,0.00270509,0.01281738,36.0,36.0,68.0
2025-11-27,ibm_marrakesh,9,144.0636,45.7675,0.00019327,0.00019327,,0.00830078,36.0,36.0,
2025-11-26,ibm_marrakesh,0,292.4603,122.8007,0.00043834,0.00043834,0.0021414,0.00268555,36.0,36.0,68.0
2025-11-26,ibm_marrakesh,1,220.6687,205.5727,0.00015579,0.00015579,0.0011841,0.00805664,36.0,36.0,68.0
2025-11-26,ibm_marrakesh,2,277.5999,363.7588,0.00013233,0.00013233,0.00139094,0.00292969,36.0,36.0,68.0
2025-11-26,ibm_marrakesh,3,229.0011,199.9097,0.0006435,0.0006435,0.00277998,0.00708008,36.0,36.0,80.0
2025-11-26,ibm_marrakesh,4,185.7134,104.0179,0.00041408,0.00041408,0.00281583,0.02099609,36.0,36.0,68.0
2025-11-26,ibm_marrakesh,5,227.7485,104.836,0.00014642,0.00014642,0.00126033,0.00610352,36.0,36.0,68.0
2025-11-26,ibm_marrakesh,6,278.1666,133.1606,0.0002311,0.0002311,0.00137614,0.00561523,36.0,36.0,68.0
2025-11-26,ibm_marrakesh,7,139.0006,61.3997,0.00016462,0.00016462,0.00229288,0.00463867,36.0,36.0,80.0
2025-11-26,ibm_marrakesh,8,260.0318,73.5884,0.00023388,0.00023388,0.00231178,0.00439453,36.0,36.0,68.0
2025-11-26,ibm_marrakesh,9,144.0636,131.48,0.00013627,0.00013627,,0.01147461,36.0,36.0,
2025-11-25,ibm_marrakesh,0,335.9801,43.7122,0.000342,0.000342,0.0015827,0.00549316,36.0,36.0,68.0
2025-11-25,ibm_marrakesh,1,210.6579,159.9443,0.00020583,0.00020583,0.00115531,0.00488281,36.0,36.0,68.0
2025-11-25,ibm_marrakesh,2,341.0986,418.5974,0.00010187,0.00010187,0.00128797,0.00268555,36.0,36.0,68.0
2025-11-25,ibm_marrakesh,3,301.5814,243.4008,0.00034914,0.00034914,0.002786,0.00439453,36.0,36.0,80.0
2025-11-25,ibm_marrakesh,4,144.4571,73.7021,0.00030171,0.00030171,0.00226917,0.00830078,36.0,36.0,68.0
2025-11-25,ibm_marrakesh,5,188.0159,88.5725,0.00027245,0.00027245,0.00098681,0.00805664,36.0,36.0,68.0
2025-11-25,ibm_marrakesh,6,295.0821,120.4909,0.00011868,0.00011868,0.00120852,0.00402832,36.0,36.0,68.0
2025-11-25,ibm_marrakesh,7,293.7228,84.2042,0.0002621,0.0002621,0.00293977,0.00561523,36.0,36.0,80.0
2025-11-25,ibm_marrakesh,8,159.2966,64.9076,0.00023585,0.00023585,0.00425153,0.00500488,36.0,36.0,68.0
2025-11-25,ibm_marrakesh,9,149.6599,116.4869,0.00039078,0.00039078,,0.04174805,36.0,36.0,
2025-11-24,ibm_marrakesh,0,367.4542,43.6709,0.000342,0.000342,0.00175332,0.0065918,36.0,36.0,68.0
2025-11-24,ibm_marrakesh,1,220.0966,198.3457,0.00020021,0.00020021,0.00115531,0.00366211,36.0,36.0,68.0
2025-11-24,ibm_marrakesh,2,256.794,274.655,0.00016387,0.00016387,0.00178301,0.00378418,36.0,36.0,68.0
2025-11-24,ibm_marrakesh,3,324.3173,281.3569,0.00041289,0.00041289,0.00407077,0.00695801,36.0,36.0,80.0
2025-11-24,ibm_marrakesh,4,167.6063,201.5472,0.00023975,0.00023975,0.00214177,0.0057373,36.0,36.0,68.0
2025-11-24,ibm_marrakesh,5,159.6868,181.5788,0.00020671,0.00020671,0.00122587,0.00732422,36.0,36.0,68.0
2025-11-24,ibm_marrakesh,6,277.0167,260.4015,0.00011868,0.00011868,0.00136399,0.00927734,36.0,36.0,68.0
2025-11-24,ibm_marrakesh,7,259.1375,118.3822,0.00017847,0.00017847,0.00252259,0.00817871,36.0,36.0,80.0
2025-11-24,ibm_marrakesh,8,199.7158,123.8312,0.00021181,0.00021181,0.00283643,0.00500488,36.0,36.0,68.0
2025-11-24,ibm_marrakesh,9,223.7604,301.4491,0.00017891,0.00017891,,0.02087402,36.0,36.0,
2025-11-23,ibm_marrakesh,0,300.506,43.0823,0.00044018,0.00044018,0.00364841,0.00512695,36.0,36.0,68.0
2025-11-23,ibm_marrakesh,1,180.0837,148.6479,0.00028154,0.00028154,0.00115531,0.00402832,36.0,36.0,68.0
2025-11-23,ibm_marrakesh,2,323.9893,302.5893,9.932e-05,9.932e-05,0.00139378,0.0045166,36.0,36.0,68.0
2025-11-23,ibm_marrakesh,3,230.4978,173.3289,0.0002503,0.0002503,0.00208524,0.00524902,36.0,36.0,80.0
2025-11-23,ibm_marrakesh,4,148.0221,25.6956,0.00033339,0.00033339,0.00196489,0.01379395,36.0,36.0,68.0
2025-11-23,ibm_marrakesh,5,204.4967,28.6374,0.00015907,0.00015907,0.00108666,0.00708008,36.0,36.0,68.0
2025-11-23,ibm_marrakesh,6,289.1682,50.2916,0.00011868,0.00011868,0.0015065,0.00756836,36.0,36.0,68.0
2025-11-23,ibm_marrakesh,7,199.2457,27.6632,0.00013917,0.00013917,0.00229005,0.00634766,36.0,36.0,80.0
2025-11-23,ibm_marrakesh,8,238.6811,27.9631,0.00054616,0.00054616,0.00283643,0.00634766,36.0,36.0,68.0
2025-11-23,ibm_marrakesh,9,171.4431,49.4059,0.00024567,0.00024567,,0.04187012,36.0,36.0,
2025-11-22,ibm_marrakesh,0,255.0455,52.3358,0.00021805,0.00021805,0.00194244,0.00427246,36.0,36.0,68.0
2025-11-22,ibm_marrakesh,1,186.3237,191.662,0.00021824,0.00021824,0.00138455,0.00549316,36.0,36.0,68.0
2025-11-22,ibm_marrakesh,2,195.0935,230.3294,0.00015253,0.00015253,0.00148953,0.00354004,36.0,36.0,68.0
2025-11-22,ibm_marrakesh,3,308.344,279.2878,0.00019665,0.00019665,0.002547,0.0057373,36.0,36.0,80.0
2025-11-22,ibm_marrakesh,4,163.2424,117.0001,0.00029547,0.00029547,0.00292029,0.01293945,36.0,36.0,68.0
2025-11-22,ibm_marrakesh,5,272.8404,125.346,0.00016706,0.00016706,0.00111473,0.00500488,36.0,36.0,68.0
2025-11-22,ibm_marrakesh,6,148.8453,129.4834,0.00022981,0.00022981,0.00149088,0.00793457,36.0,36.0,68.0
2025-11-22,ibm_marrakesh,7,312.3709,86.3265,0.00029769,0.00029769,0.00204672,0.00366211,36.0,36.0,80.0
2025-11-22,ibm_marrakesh,8,305.8459,97.4982,0.00022525,0.00022525,0.0023811,0.00537109,36.0,36.0,68.0
2025-11-22,ibm_marrakesh,9,209.015,186.6998,0.0002475,0.0002475,,0.01965332,36.0,36.0,
2025-11-21,ibm_marrakesh,0,329.8672,44.7383,0.00042879,0.00042879,0.00171305,0.00500488,36.0,36.0,68.0
2025-11-21,ibm_marrakesh,1,178.6274,172.2533,0.00018583,0.00018583,0.00109068,0.00524902,36.0,36.0,68.0
2025-11-21,ibm_marrakesh,2,338.9728,453.3385,0.00014768,0.00014768,0.00144697,0.00646973,36.0,36.0,68.0
2025-11-21,ibm_marrakesh,3,259.0069,225.694,0.00023309,0.00023309,0.00292311,0.00610352,36.0,36.0,80.0
2025-11-21,ibm_marrakesh,4,184.6073,171.0566,0.00030594,0.00030594,0.00338231,0.02429199,36.0,36.0,68.0
2025-11-21,ibm_marrakesh,5,273.222,233.095,0.00020872,0.00020872,0.00138609,0.00744629,36.0,36.0,68.0
2025-11-21,ibm_marrakesh,6,284.2806,314.237,0.00011798,0.00011798,0.00207833,0.00561523,36.0,36.0,68.0
2025-11-21,ibm_marrakesh,7,257.3674,126.654,0.00023745,0.00023745,0.0030391,0.00891113,36.0,36.0,80.0
2025-11-21,ibm_marrakesh,8,309.2465,137.5313,0.00029038,0.00029038,0.00298615,0.00622559,36.0,36.0,68.0
2025-11-21,ibm_marrakesh,9,225.4328,251.8532,0.00031188,0.00031188,,0.01806641,36.0,36.0,
2025-11-20,ibm_marrakesh,0,282.6125,130.9875,0.00042015,0.00042015,0.00146511,0.0111084,36.0,36.0,68.0
2025-11-20,ibm_marrakesh,1,178.9283,176.6286,0.00042842,0.00042842,0.00132692,0.00427246,36.0,36.0,68.0
2025-11-20,ibm_marrakesh,2,307.8905,419.9641,0.00015931,0.00015931,0.00142369,0.00463867,36.0,36.0,68.0
2025-11-20,ibm_marrakesh,3,342.2278,272.2064,0.0017189,0.0017189,0.00271181,0.02099609,36.0,36.0,80.0
2025-11-20,ibm_marrakesh,4,166.8412,186.4019,0.00032631,0.00032631,0.00241612,0.0177002,36.0,36.0,68.0
2025-11-20,ibm_marrakesh,5,235.8344,60.5107,0.0003473,0.0003473,0.00177636,0.00439453,36.0,36.0,68.0
2025-11-20,ibm_marrakesh,6,325.0259,345.0848,0.00027273,0.00027273,0.00137664,0.00280762,36.0,36.0,68.0
2025-11-20,ibm_marrakesh,7,247.2383,103.7197,0.00035473,0.00035473,0.00254215,0.00646973,36.0,36.0,80.0
2025-11-20,ibm_marrakesh,8,316.6873,128.7146,0.0002856,0.0002856,0.00309313,0.00366211,36.0,36.0,68.0
2025-11-20,ibm_marrakesh,9,206.0976,244.7705,0.00018669,0.00018669,,0.01147461,36.0,36.0,
2025-11-19,ibm_marrakesh,0,350.8912,144.1603,0.000487,0.000487,0.00146511,0.00708008,36.0,36.0,68.0
2025-11-19,ibm_marrakesh,1,187.9,168.8441,0.00042842,0.00042842,0.00132692,0.00463867,36.0,36.0,68.0
2025-11-19,ibm_marrakesh,2,358.7128,486.1129,0.00022264,0.00022264,0.00142369,0.00341797,36.0,36.0,68.0
2025-11-19,ibm_marrakesh,3,313.4297,317.6205,0.00037414,0.00037414,0.00271181,0.00549316,36.0,36.0,80.0
2025-11-19,ibm_marrakesh,4,134.9002,114.6354,0.00041763,0.00041763,0.00241612,0.02270508,36.0,36.0,68.0
2025-11-19,ibm_marrakesh,5,235.8344,117.6609,0.00019165,0.00019165,0.00177636,0.00683594,36.0,36.0,68.0
2025-11-19,ibm_marrakesh,6,299.321,195.2329,0.00021162,0.00021162,0.00137664,0.00500488,36.0,36.0,68.0
2025-11-19,ibm_marrakesh,7,275.7254,88.2585,0.00021587,0.00021587,0.00254215,0.0078125,36.0,36.0,80.0
2025-11-19,ibm_marrakesh,8,317.4321,83.4144,0.00024054,0.00024054,0.00309313,0.00354004,36.0,36.0,68.0
2025-11-19,ibm_marrakesh,9,110.5751,84.5182,0.00015303,0.00015303,,0.0213623,36.0,36.0,
2025-11-18,ibm_marrakesh,0,289.8073,25.8603,0.00046191,0.00046191,0.00192008,0.00476074,36.0,36.0,68.0
2025-11-18,ibm_marrakesh,1,185.9562,171.642,0.0001949,0.0001949,0.00127532,0.00427246,36.0,36.0,68.0
2025-11-18,ibm_marrakesh,2,290.8513,384.0611,0.00014964,0.00014964,0.00138689,0.00488281,36.0,36.0,68.0
2025-11-18,ibm_marrakesh,3,236.9002,233.1238,0.00016746,0.00016746,0.00392056,0.00671387,36.0,36.0,80.0
2025-11-18,ibm_marrakesh,4,165.3442,107.8565,0.00050551,0.00050551,0.00356212,0.01049805,36.0,36.0,68.0
2025-11-18,ibm_marrakesh,5,181.9682,124.5398,0.0002252,0.0002252,0.00163777,0.00671387,36.0,36.0,68.0
2025-11-18,ibm_marrakesh,6,295.1301,197.2643,0.00021623,0.00021623,0.00190268,0.00549316,36.0,36.0,68.0
2025-11-18,ibm_marrakesh,7,278.1279,100.4016,0.00022141,0.00022141,0.00312769,0.00500488,36.0,36.0,80.0
2025-11-18,ibm_marrakesh,8,178.0247,48.9609,0.0001864,0.0001864,0.00311819,0.00366211,36.0,36.0,68.0
2025-11-18,ibm_marrakesh,9,181.2602,164.3879,0.0004011,0.0004011,,0.01245117,36.0,36.0,
2025-11-17,ibm_marrakesh,0,176.0199,51.6047,0.00046191,0.00046191,0.0018653,0.00585938,36.0,36.0,68.0
2025-11-17,ibm_marrakesh,1,200.7647,190.6066,0.00019386,0.00019386,0.00128142,0.00415039,36.0,36.0,68.0
2025-11-17,ibm_marrakesh,2,264.5357,364.2049,9.699e-05,9.699e-05,0.00133713,0.0032959,36.0,36.0,68.0
2025-11-17,ibm_marrakesh,3,283.4201,287.3517,0.00028641,0.00028641,0.0031993,0.00952148,36.0,36.0,80.0
2025-11-17,ibm_marrakesh,4,212.1267,81.85,0.00050072,0.00050072,0.00323161,0.01989746,36.0,36.0,68.0
2025-11-17,ibm_marrakesh,5,269.8433,113.5852,0.00027648,0.00027648,0.00137151,0.00488281,36.0,36.0,68.0
2025-11-17,ibm_marrakesh,6,241.671,104.935,0.00025554,0.00025554,0.0020612,0.00292969,36.0,36.0,68.0
2025-11-17,ibm_marrakesh,7,246.2735,74.9269,0.00032478,0.00032478,0.00337529,0.00561523,36.0,36.0,80.0
2025-11-17,ibm_marrakesh,8,178.0247,72.0872,0.00030577,0.00030577,0.00363066,0.00305176,36.0,36.0,68.0
2025-11-17,ibm_marrakesh,9,133.3441,100.2637,0.00021927,0.00021927,,0.04638672,36.0,36.0,
2025-11-16,ibm_marrakesh,0,248.9827,90.7108,0.00049949,0.00049949,0.00194526,0.00927734,36.0,36.0,68.0
2025-11-16,ibm_marrakesh,1,159.9163,83.3933,0.00017986,0.00017986,0.00128142,0.00354004,36.0,36.0,68.0
2025-11-16,ibm_marrakesh,2,324.4638,362.1597,0.00015136,0.00015136,0.00198245,0.00305176,36.0,36.0,68.0
2025-11-16,ibm_marrakesh,3,314.3802,248.4732,0.00031759,0.00031759,0.00304254,0.00549316,36.0,36.0,80.0
2025-11-16,ibm_marrakesh,4,214.5154,60.2505,0.00046016,0.00046016,0.00295692,0.00964355,36.0,36.0,68.0
2025-11-16,ibm_marrakesh,5,233.9551,79.1005,0.00014772,0.00014772,0.00138118,0.01049805,36.0,36.0,68.0
2025-11-16,ibm_marrakesh,6,241.278,121.0561,0.00025554,0.00025554,0.00165745,0.00537109,36.0,36.0,68.0
2025-11-16,ibm_marrakesh,7,155.8883,55.1768,0.0002768,0.0002768,0.00265027,0.00427246,36.0,36.0,80.0
2025-11-16,ibm_marrakesh,8,330.5258,57.6785,0.00030577,0.00030577,0.00254853,0.00268555,36.0,36.0,68.0
2025-11-16,ibm_marrakesh,9,130.0758,74.7588,0.00015199,0.00015199,,0.01513672,36.0,36.0,
2025-11-15,ibm_marrakesh,0,325.7406,131.8962,0.00049949,0.00049949,0.00156925,0.00671387,36.0,36.0,68.0
2025-11-15,ibm_marrakesh,1,159.9163,147.9743,0.00016444,0.00016444,0.00091741,0.00317383,36.0,36.0,68.0
2025-11-15,ibm_marrakesh,2,333.9922,406.7396,0.00023604,0.00023604,0.00123941,0.00231934,36.0,36.0,68.0
2025-11-15,ibm_marrakesh,3,212.997,213.8701,0.00025166,0.00025166,0.0013387,0.00476074,36.0,36.0,80.0
2025-11-15,ibm_marrakesh,4,173.1803,129.5556,0.00033448,0.00033448,0.00172299,0.01367188,36.0,36.0,68.0
2025-11-15,ibm_marrakesh,5,255.6701,149.4738,0.0001775,0.0001775,0.00153557,0.0065918,36.0,36.0,68.0
2025-11-15,ibm_marrakesh,6,186.2346,159.1337,0.00041591,0.00041591,0.00184957,0.00512695,36.0,36.0,68.0
2025-11-15,ibm_marrakesh,7,210.0403,87.044,0.00022294,0.00022294,0.00171091,0.00439453,36.0,36.0,80.0
2025-11-15,ibm_marrakesh,8,276.0485,97.9846,0.00031461,0.00031461,0.00226887,0.00390625,36.0,36.0,68.0
2025-11-15,ibm_marrakesh,9,211.6536,180.3976,0.00018587,0.00018587,,0.01086426,36.0,36.0,
2025-11-14,ibm_marrakesh,0,297.6596,115.7803,0.00024536,0.00024536,0.00182506,0.00463867,36.0,36.0,68.0
2025-11-14,ibm_marrakesh,1,185.7485,151.4037,0.00018014,0.00018014,0.00095833,0.00439453,36.0,36.0,68.0
2025-11-14,ibm_marrakesh,2,318.401,385.0359,0.00012397,0.00012397,0.00533892,0.00244141,36.0,36.0,68.0
2025-11-14,ibm_marrakesh,3,257.6304,279.1688,0.00092646,0.00092646,0.00787705,0.00842285,36.0,36.0,80.0
2025-11-14,ibm_marrakesh,4,236.0629,85.7834,0.00038524,0.00038524,0.00235376,0.01049805,36.0,36.0,68.0
2025-11-14,ibm_marrakesh,5,236.4335,110.3885,0.00020578,0.00020578,0.00810677,0.0065918,36.0,36.0,68.0
2025-11-14,ibm_marrakesh,6,315.7483,178.1818,0.00031148,0.00031148,0.00779091,0.0045166,36.0,36.0,68.0
2025-11-14,ibm_marrakesh,7,207.4199,71.8302,0.00021392,0.00021392,0.00222327,0.00549316,36.0,36.0,80.0
2025-11-14,ibm_marrakesh,8,301.7295,76.9973,0.00019932,0.00019932,0.00288482,0.00439453,36.0,36.0,68.0
2025-11-14,ibm_marrakesh,9,211.3908,157.267,0.0002043,0.0002043,,0.02978516,36.0,36.0,
2025-11-13,ibm_marrakesh,0,323.9462,98.1887,0.00043402,0.00043402,0.00155053,0.00561523,36.0,36.0,68.0
2025-11-13,ibm_marrakesh,1,124.6125,132.8953,0.00021418,0.00021418,0.00095833,0.00585938,36.0,36.0,68.0
2025-11-13,ibm_marrakesh,2,353.5339,429.1946,0.0002126,0.0002126,0.00124551,0.00708008,36.0,36.0,68.0
2025-11-13,ibm_marrakesh,3,384.6165,277.92,0.00028116,0.00028116,0.00183263,0.00524902,36.0,36.0,80.0
2025-11-13,ibm_marrakesh,4,213.1886,309.0764,0.00026617,0.00026617,0.00176866,0.01538086,36.0,36.0,68.0
2025-11-13,ibm_marrakesh,5,283.8626,216.6605,0.00015312,0.00015312,0.00151444,0.02441406,36.0,36.0,68.0
2025-11-13,ibm_marrakesh,6,253.5318,216.0929,0.00026019,0.00026019,0.00162994,0.00488281,36.0,36.0,68.0
2025-11-13,ibm_marrakesh,7,240.1385,125.9527,0.00044245,0.00044245,0.00239972,0.00476074,36.0,36.0,80.0
2025-11-13,ibm_marrakesh,8,223.787,142.0282,0.00024733,0.00024733,0.00280335,0.00463867,36.0,36.0,68.0
2025-11-13,ibm_marrakesh,9,216.357,261.6394,0.00016993,0.00016993,,0.07226562,36.0,36.0,
2025-11-12,ibm_marrakesh,0,305.8535,116.3522,0.00043402,0.00043402,0.0019973,0.01293945,36.0,36.0,68.0
2025-11-12,ibm_marrakesh,1,215.7465,164.3734,0.00014444,0.00014444,0.00095833,0.00366211,36.0,36.0,68.0
2025-11-12,ibm_marrakesh,2,331.5464,422.8436,0.0001209,0.0001209,0.00125553,0.00378418,36.0,36.0,68.0
2025-11-12,ibm_marrakesh,3,371.0108,288.3454,0.00026011,0.00026011,0.00175875,0.03015137,36.0,36.0,80.0
2025-11-12,ibm_marrakesh,4,163.146,189.2438,0.00025985,0.00025985,0.00205783,0.01416016,36.0,36.0,68.0
2025-11-12,ibm_marrakesh,5,73.6995,53.4824,0.00025147,0.00025147,0.00136883,0.00952148,36.0,36.0,68.0
2025-11-12,ibm_marrakesh,6,293.3249,283.9104,0.00017658,0.00017658,0.00162994,0.00415039,36.0,36.0,68.0
2025-11-12,ibm_marrakesh,7,316.6034,142.7929,0.00015732,0.00015732,0.00218673,0.00646973,36.0,36.0,80.0
2025-11-12,ibm_marrakesh,8,249.1239,155.2367,0.00020476,0.00020476,0.00332538,0.03564453,36.0,36.0,68.0
2025-11-12,ibm_marrakesh,9,229.2574,333.9479,0.00012131,0.00012131,,0.00598145,36.0,36.0,
2025-11-11,ibm_marrakesh,0,165.3299,71.9674,0.00039084,0.00039084,0.0012869,0.00463867,36.0,36.0,68.0
2025-11-11,ibm_marrakesh,1,144.9317,152.9811,0.00022179,0.00022179,0.00100274,0.00366211,36.0,36.0,68.0
2025-11-11,ibm_marrakesh,2,363.4204,406.4501,0.00011408,0.00011408,0.00135084,0.00195312,36.0,36.0,68.0
2025-11-11,ibm_marrakesh,3,159.7518,158.734,0.00056607,0.00056607,0.00166338,0.0057373,36.0,36.0,80.0
2025-11-11,ibm_marrakesh,4,179.2969,142.1319,0.00032035,0.00032035,0.00199505,0.015625,36.0,36.0,68.0
2025-11-11,ibm_marrakesh,5,267.9763,172.64,0.00035633,0.00035633,0.00180523,0.00939941,36.0,36.0,68.0
2025-11-11,ibm_marrakesh,6,422.8346,234.4548,0.00020246,0.00020246,0.00131717,0.00390625,36.0,36.0,68.0
2025-11-11,ibm_marrakesh,7,336.2411,109.8518,0.00020339,0.00020339,0.00243428,0.0045166,36.0,36.0,80.0
2025-11-11,ibm_marrakesh,8,239.4371,101.1407,0.0001794,0.0001794,0.0037992,0.00598145,36.0,36.0,68.0
2025-11-11,ibm_marrakesh,9,173.192,222.2686,0.00014814,0.00014814,,0.03137207,36.0,36.0,
2025-11-10,ibm_marrakesh,0,256.8068,36.3819,0.00039084,0.00039084,0.00162724,0.0090332,36.0,36.0,68.0
2025-11-10,ibm_marrakesh,1,177.8176,156.8388,0.00022179,0.00022179,0.00147286,0.00341797,36.0,36.0,68.0
2025-11-10,ibm_marrakesh,2,243.4544,345.6798,0.00011408,0.00011408,0.00171801,0.00244141,36.0,36.0,68.0
2025-11-10,ibm_marrakesh,3,316.7209,274.0994,0.00056607,0.00056607,0.00278553,0.00646973,36.0,36.0,80.0
2025-11-10,ibm_marrakesh,4,156.4162,84.2237,0.00032035,0.00032035,0.00237863,0.0123291,36.0,36.0,68.0
2025-11-10,ibm_marrakesh,5,255.9726,124.6024,0.00035633,0.00035633,0.00180523,0.0065918,36.0,36.0,68.0
2025-11-10,ibm_marrakesh,6,211.2138,181.5539,0.00020246,0.00020246,0.00189732,0.0045166,36.0,36.0,68.0
2025-11-10,ibm_marrakesh,7,279.3769,89.4511,0.00020339,0.00020339,0.00218981,0.00549316,36.0,36.0,80.0
2025-11-10,ibm_marrakesh,8,238.6123,94.5102,0.0001794,0.0001794,0.00321735,0.00939941,36.0,36.0,68.0
2025-11-10,ibm_marrakesh,9,201.1001,162.6053,0.00014814,0.00014814,,0.01379395,36.0,36.0,
2025-11-09,ibm_marrakesh,0,317.3632,48.5648,0.00039084,0.00039084,0.00128322,0.00744629,36.0,36.0,68.0
2025-11-09,ibm_marrakesh,1,191.2153,178.0792,0.00022179,0.00022179,0.00147286,0.00463867,36.0,36.0,68.0
2025-11-09,ibm_marrakesh,2,322.3068,412.7697,0.00011408,0.00011408,0.00143492,0.0020752,36.0,36.0,68.0
2025-11-09,ibm_marrakesh,3,171.8776,201.3493,0.00056607,0.00056607,0.00140939,0.00476074,36.0,36.0,80.0
2025-11-09,ibm_marrakesh,4,196.1537,181.7476,0.00032035,0.00032035,0.00183297,0.01818848,36.0,36.0,68.0
2025-11-09,ibm_marrakesh,5,311.2935,246.9092,0.00035633,0.00035633,0.00179939,0.00646973,36.0,36.0,68.0
2025-11-09,ibm_marrakesh,6,348.8357,234.3116,0.00020246,0.00020246,0.00176541,0.00378418,36.0,36.0,68.0
2025-11-09,ibm_marrakesh,7,304.9732,112.4798,0.00020339,0.00020339,0.00191066,0.00488281,36.0,36.0,80.0
2025-11-09,ibm_marrakesh,8,162.7115,100.3924,0.0001794,0.0001794,0.00252134,0.00512695,36.0,36.0,68.0
2025-11-09,ibm_marrakesh,9,219.2027,267.0723,0.00014814,0.00014814,,0.02929688,36.0,36.0,
2025-11-08,ibm_marrakesh,0,276.7485,48.1149,0.0004708,0.0004708,0.00150831,0.00500488,36.0,36.0,68.0
2025-11-08,ibm_marrakesh,1,173.1382,155.0006,0.00014928,0.00014928,0.00147286,0.01135254,36.0,36.0,68.0
2025-11-08,ibm_marrakesh,2,212.5316,165.7169,0.00019513,0.00019513,0.0013945,0.00463867,36.0,36.0,68.0
2025-11-08,ibm_marrakesh,3,316.6155,250.2873,0.00050029,0.00050029,0.00223433,0.00439453,36.0,36.0,80.0
2025-11-08,ibm_marrakesh,4,222.8764,189.2055,0.00029964,0.00029964,0.00265059,0.0090332,36.0,36.0,68.0
2025-11-08,ibm_marrakesh,5,268.9499,195.5648,0.00017297,0.00017297,0.00179939,0.00939941,36.0,36.0,68.0
2025-11-08,ibm_marrakesh,6,270.2153,233.0288,0.00040432,0.00040432,0.00129798,0.00463867,36.0,36.0,68.0
2025-11-08,ibm_marrakesh,7,260.7554,128.5031,0.00026155,0.00026155,0.00187026,0.00671387,36.0,36.0,80.0
2025-11-08,ibm_marrakesh,8,236.7929,144.6777,0.00028036,0.00028036,0.0033125,0.00939941,36.0,36.0,68.0
2025-11-08,ibm_marrakesh,9,169.2242,226.5623,0.00024373,0.00024373,,0.01525879,36.0,36.0,
2025-11-07,ibm_marrakesh,0,329.1562,50.7423,0.00035585,0.00035585,0.00165894,0.00512695,36.0,36.0,68.0
2025-11-07,ibm_marrakesh,1,208.6,174.954,0.00024078,0.00024078,0.00147286,0.00402832,36.0,36.0,68.0
2025-11-07,ibm_marrakesh,2,278.7996,434.4175,0.00012949,0.00012949,0.00121068,0.00354004,36.0,36.0,68.0
2025-11-07,ibm_marrakesh,3,337.0955,242.4129,0.00022844,0.00022844,0.00192411,0.00866699,36.0,36.0,80.0
2025-11-07,ibm_marrakesh,4,125.0723,165.1905,0.00016281,0.00016281,0.00229215,0.01269531,36.0,36.0,68.0
2025-11-07,ibm_marrakesh,5,226.2159,194.8475,0.00017384,0.00017384,0.00150207,0.00683594,36.0,36.0,68.0
2025-11-07,ibm_marrakesh,6,320.4355,242.3111,0.00021659,0.00021659,0.00144758,0.00561523,36.0,36.0,68.0
2025-11-07,ibm_marrakesh,7,188.522,108.4172,0.00023105,0.00023105,0.00184602,0.00585938,36.0,36.0,80.0
2025-11-07,ibm_marrakesh,8,135.457,106.3622,0.0002265,0.0002265,0.00456274,0.00390625,36.0,36.0,68.0
2025-11-07,ibm_marrakesh,9,213.8969,280.8225,0.00018663,0.00018663,,0.02099609,36.0,36.0,
2025-11-06,ibm_marrakesh,0,315.3389,35.9905,0.00048397,0.00048397,0.00178373,0.01196289,36.0,36.0,68.0
2025-11-06,ibm_marrakesh,1,164.3961,146.7342,0.00023419,0.00023419,0.00147286,0.00402832,36.0,36.0,68.0
2025-11-06,ibm_marrakesh,2,380.2028,510.8948,0.00012949,0.00012949,0.00130382,0.00341797,36.0,36.0,68.0
2025-11-06,ibm_marrakesh,3,221.5542,208.0975,0.00011597,0.00011597,0.00201332,0.00476074,36.0,36.0,80.0
2025-11-06,ibm_marrakesh,4,171.753,140.8378,0.00034088,0.00034088,0.00219247,0.02539062,36.0,36.0,68.0
2025-11-06,ibm_marrakesh,5,236.5187,174.3348,0.00019879,0.00019879,0.00111915,0.0123291,36.0,36.0,68.0
2025-11-06,ibm_marrakesh,6,342.9736,255.2056,0.00017208,0.00017208,0.0020343,0.00427246,36.0,36.0,68.0
2025-11-06,ibm_marrakesh,7,260.4837,105.0147,0.00020239,0.00020239,0.00307113,0.00549316,36.0,36.0,80.0
2025-11-06,ibm_marrakesh,8,312.5763,113.6183,0.00026784,0.00026784,0.00269647,0.00402832,36.0,36.0,68.0
2025-11-06,ibm_marrakesh,9,182.5258,179.3933,0.00018468,0.00018468,,0.02209473,36.0,36.0,
2025-11-05,ibm_marrakesh,0,310.5721,66.108,0.0004267,0.0004267,0.00153738,0.00891113,36.0,36.0,68.0
2025-11-05,ibm_marrakesh,1,190.9925,179.1403,0.00012023,0.00012023,0.00145056,0.00561523,36.0,36.0,68.0
2025-11-05,ibm_marrakesh,2,329.7693,415.4673,9.191e-05,9.191e-05,0.00125374,0.00488281,36.0,36.0,68.0
2025-11-05,ibm_marrakesh,3,318.1981,293.9473,0.00041657,0.00041657,0.00240918,0.0045166,36.0,36.0,80.0
2025-11-05,ibm_marrakesh,4,197.849,200.2367,0.00030505,0.00030505,0.0021101,0.01098633,36.0,36.0,68.0
2025-11-05,ibm_marrakesh,5,240.6855,167.9123,0.00018646,0.00018646,0.00167097,0.01147461,36.0,36.0,68.0
2025-11-05,ibm_marrakesh,6,380.7344,292.0721,0.00015719,0.00015719,0.00123143,0.00500488,36.0,36.0,68.0
2025-11-05,ibm_marrakesh,7,268.2651,117.2724,0.00024173,0.00024173,0.00188065,0.00537109,36.0,36.0,80.0
2025-11-05,ibm_marrakesh,8,147.0285,87.9303,0.00021698,0.00021698,0.00245938,0.00415039,36.0,36.0,68.0
2025-11-05,ibm_marrakesh,9,197.8517,232.7096,0.00018493,0.00018493,,0.21240234,36.0,36.0,
2025-11-04,ibm_marrakesh,0,327.7081,66.3139,0.00050654,0.00050654,0.00136453,0.00793457,36.0,36.0,68.0
2025-11-04,ibm_marrakesh,1,203.6747,172.8419,0.00024328,0.00024328,0.00108366,0.00524902,36.0,36.0,68.0
2025-11-04,ibm_marrakesh,2,315.1221,389.4653,0.00012854,0.00012854,0.00148517,0.00244141,36.0,36.0,68.0
2025-11-04,ibm_marrakesh,3,290.7922,235.2036,0.00036498,0.00036498,0.00240918,0.00415039,36.0,36.0,80.0
2025-11-04,ibm_marrakesh,4,117.2028,160.2549,0.00026575,0.00026575,0.0026952,0.02929688,36.0,36.0,68.0
2025-11-04,ibm_marrakesh,5,232.4234,269.0457,0.00017064,0.00017064,0.00161486,0.00769043,36.0,36.0,68.0
2025-11-04,ibm_marrakesh,6,306.7409,299.9409,0.00016172,0.00016172,0.00275821,0.00317383,36.0,36.0,68.0
2025-11-04,ibm_marrakesh,7,255.9623,121.0783,0.0002718,0.0002718,0.00351509,0.0065918,36.0,36.0,80.0
2025-11-04,ibm_marrakesh,8,173.0261,109.432,0.00034352,0.00034352,0.00272023,0.00500488,36.0,36.0,68.0
2025-11-04,ibm_marrakesh,9,156.5243,195.1384,0.00017661,0.00017661,,0.15332031,36.0,36.0,
2025-11-03,ibm_marrakesh,0,326.6108,50.2774,0.00086055,0.00086055,0.00144118,0.02624512,36.0,36.0,68.0
2025-11-03,ibm_marrakesh,1,198.7534,158.1241,0.00030741,0.00030741,0.00096196,0.00402832,36.0,36.0,68.0
2025-11-03,ibm_marrakesh,2,360.8708,498.9223,0.00016055,0.00016055,0.00133805,0.00268555,36.0,36.0,68.0
2025-11-03,ibm_marrakesh,3,258.8297,223.2051,0.00015042,0.00015042,0.00181186,0.00695801,36.0,36.0,80.0
2025-11-03,ibm_marrakesh,4,222.1705,264.6257,0.00028839,0.00028839,0.0018797,0.01293945,36.0,36.0,68.0
2025-11-03,ibm_marrakesh,5,234.7496,192.5892,0.00014513,0.00014513,0.00158016,0.00427246,36.0,36.0,68.0
2025-11-03,ibm_marrakesh,6,261.6426,278.6755,0.00018657,0.00018657,0.00132135,0.00268555,36.0,36.0,68.0
2025-11-03,ibm_marrakesh,7,276.5924,145.9684,0.00014713,0.00014713,0.00216922,0.00793457,36.0,36.0,80.0
2025-11-03,ibm_marrakesh,8,283.064,170.6842,0.00015389,0.00015389,0.00283475,0.00390625,36.0,36.0,68.0
2025-11-03,ibm_marrakesh,9,145.3958,176.4699,0.00016744,0.00016744,,0.01721191,36.0,36.0,
2025-11-02,ibm_marrakesh,0,326.6108,50.2774,0.00086055,0.00086055,0.00200664,0.00512695,36.0,36.0,68.0
2025-11-02,ibm_marrakesh,1,198.7534,158.1241,0.00030741,0.00030741,0.00096196,0.01123047,36.0,36.0,68.0
2025-11-02,ibm_marrakesh,2,360.8708,498.9223,0.00016055,0.00016055,0.00120027,0.00317383,36.0,36.0,68.0
2025-11-02,ibm_marrakesh,3,258.8297,223.2051,0.00015042,0.00015042,0.00243542,0.00878906,36.0,36.0,80.0
2025-11-02,ibm_marrakesh,4,222.1705,264.6257,0.00028839,0.00028839,0.00189246,0.02258301,36.0,36.0,68.0
2025-11-02,ibm_marrakesh,5,234.7496,192.5892,0.00014513,0.00014513,0.00129779,0.00695801,36.0,36.0,68.0
2025-11-02,ibm_marrakesh,6,261.6426,278.6755,0.00018657,0.00018657,0.00150992,0.00561523,36.0,36.0,68.0
2025-11-02,ibm_marrakesh,7,276.5924,145.9684,0.00014713,0.00014713,0.0023973,0.00549316,36.0,36.0,80.0
2025-11-02,ibm_marrakesh,8,283.064,170.6842,0.00015389,0.00015389,0.00476166,0.00390625,36.0,36.0,68.0
2025-11-02,ibm_marrakesh,9,145.3958,176.4699,0.00016744,0.00016744,,0.00915527,36.0,36.0,
2025-11-01,ibm_marrakesh,0,154.2565,43.6322,0.00047231,0.00047231,0.00200664,0.00952148,36.0,36.0,68.0
2025-11-01,ibm_marrakesh,1,152.7619,142.4094,0.00020848,0.00020848,0.00096196,0.00488281,36.0,36.0,68.0
2025-11-01,ibm_marrakesh,2,359.8668,404.3029,0.00011795,0.00011795,0.00120027,0.00305176,36.0,36.0,68.0
2025-11-01,ibm_marrakesh,3,361.5269,303.6695,0.00019777,0.00019777,0.00243542,0.00646973,36.0,36.0,80.0
2025-11-01,ibm_marrakesh,4,207.1166,220.7022,0.0002126,0.0002126,0.00189246,0.01000977,36.0,36.0,68.0
2025-11-01,ibm_marrakesh,5,228.7057,198.6243,0.00010719,0.00010719,0.00129779,0.0045166,36.0,36.0,68.0
2025-11-01,ibm_marrakesh,6,255.467,267.4457,0.00018685,0.00018685,0.00150992,0.00415039,36.0,36.0,68.0
2025-11-01,ibm_marrakesh,7,265.9511,124.8273,0.00025622,0.00025622,0.0023973,0.00708008,36.0,36.0,80.0
2025-11-01,ibm_marrakesh,8,284.9208,122.6612,0.00021021,0.00021021,0.00476166,0.00378418,36.0,36.0,68.0
2025-11-01,ibm_marrakesh,9,155.0179,186.6431,0.00038203,0.00038203,,0.03491211,36.0,36.0,
2025-10-31,ibm_marrakesh,0,320.2481,84.238,0.00055678,0.00055678,0.00133735,0.01489258,36.0,36.0,68.0
2025-10-31,ibm_marrakesh,1,110.2624,84.3455,0.00017798,0.00017798,0.00096196,0.00378418,36.0,36.0,68.0
2025-10-31,ibm_marrakesh,2,301.2688,385.0012,8.111e-05,8.111e-05,0.00136845,0.00488281,36.0,36.0,68.0
2025-10-31,ibm_marrakesh,3,252.1365,225.6069,0.00037608,0.00037608,0.00303837,0.0057373,36.0,36.0,80.0
2025-10-31,ibm_marrakesh,4,133.0361,125.7261,0.00064886,0.00064886,0.00332426,0.01269531,36.0,36.0,68.0
2025-10-31,ibm_marrakesh,5,254.712,209.7963,0.00016312,0.00016312,0.001442,0.00415039,36.0,36.0,68.0
2025-10-31,ibm_marrakesh,6,362.9386,357.5897,0.00015435,0.00015435,0.00417907,0.00500488,36.0,36.0,68.0
2025-10-31,ibm_marrakesh,7,106.7644,79.6182,0.00019073,0.00019073,0.00200244,0.00500488,36.0,36.0,80.0
2025-10-31,ibm_marrakesh,8,244.375,119.0808,0.00027436,0.00027436,0.00344577,0.00292969,36.0,36.0,68.0
2025-10-31,ibm_marrakesh,9,192.4966,230.4898,0.00022372,0.00022372,,0.02416992,36.0,36.0,
2025-10-30,ibm_marrakesh,0,320.2481,84.238,0.00047362,0.00047362,0.00172041,0.02099609,36.0,36.0,68.0
2025-10-30,ibm_marrakesh,1,110.2624,84.3455,0.00023086,0.00023086,0.00096196,0.00305176,36.0,36.0,68.0
2025-10-30,ibm_marrakesh,2,301.2688,385.0012,0.00011663,0.00011663,0.00136845,0.00268555,36.0,36.0,68.0
2025-10-30,ibm_marrakesh,3,252.1365,225.6069,0.00026236,0.00026236,0.00255687,0.01123047,36.0,36.0,80.0
2025-10-30,ibm_marrakesh,4,133.0361,125.7261,0.00038602,0.00038602,0.002106,0.01293945,36.0,36.0,68.0
2025-10-30,ibm_marrakesh,5,254.712,209.7963,0.00021824,0.00021824,0.00119195,0.00585938,36.0,36.0,68.0
2025-10-30,ibm_marrakesh,6,362.9386,357.5897,0.00018083,0.00018083,0.00136316,0.00427246,36.0,36.0,68.0
2025-10-30,ibm_marrakesh,7,106.7644,79.6182,0.00028987,0.00028987,0.00203625,0.01379395,36.0,36.0,80.0
2025-10-30,ibm_marrakesh,8,244.375,119.0808,0.00018947,0.00018947,0.00371475,0.00317383,36.0,36.0,68.0
2025-10-30,ibm_marrakesh,9,192.4966,230.4898,0.00021912,0.00021912,,0.0098877,36.0,36.0,
2025-10-29,ibm_marrakesh,0,320.2481,84.238,0.00047362,0.00047362,0.00172041,0.02099609,36.0,36.0,68.0
2025-10-29,ibm_marrakesh,1,110.2624,84.3455,0.00023086,0.00023086,0.00096196,0.00305176,36.0,36.0,68.0
2025-10-29,ibm_marrakesh,2,301.2688,385.0012,0.00011663,0.00011663,0.00136845,0.00268555,36.0,36.0,68.0
2025-10-29,ibm_marrakesh,3,252.1365,225.6069,0.00026236,0.00026236,0.00255687,0.01123047,36.0,36.0,80.0
2025-10-29,ibm_marrakesh,4,133.0361,125.7261,0.00038602,0.00038602,0.002106,0.01293945,36.0,36.0,68.0
2025-10-29,ibm_marrakesh,5,254.712,209.7963,0.00021824,0.00021824,0.00119195,0.00585938,36.0,36.0,68.0
2025-10-29,ibm_marrakesh,6,362.9386,357.5897,0.00018083,0.00018083,0.00136316,0.00427246,36.0,36.0,68.0
2025-10-29,ibm_marrakesh,7,106.7644,79.6182,0.00028987,0.00028987,0.00203625,0.01379395,36.0,36.0,80.0
2025-10-29,ibm_marrakesh,8,244.375,119.0808,0.00018947,0.00018947,0.00371475,0.00317383,36.0,36.0,68.0
2025-10-29,ibm_marrakesh,9,192.4966,230.4898,0.00021912,0.00021912,,0.0098877,36.0,36.0,
2025-10-28,ibm_marrakesh,0,385.5525,49.7551,0.00034923,0.00034923,0.00135145,0.00842285,36.0,36.0,68.0
2025-10-28,ibm_marrakesh,1,155.6556,158.6389,0.0002156,0.0002156,0.00116276,0.00402832,36.0,36.0,68.0
2025-10-28,ibm_marrakesh,2,296.8399,376.7099,0.00019135,0.00019135,0.00126051,0.00585938,36.0,36.0,68.0
2025-10-28,ibm_marrakesh,3,284.8995,250.4101,0.00024829,0.00024829,0.00317575,0.01098633,36.0,36.0,80.0
2025-10-28,ibm_marrakesh,4,111.7539,107.0224,0.00047686,0.00047686,0.0030923,0.00854492,36.0,36.0,68.0
2025-10-28,ibm_marrakesh,5,244.57,190.8847,0.00013803,0.00013803,0.00151765,0.01135254,36.0,36.0,68.0
2025-10-28,ibm_marrakesh,6,221.6722,197.5078,0.00027887,0.00027887,0.0017813,0.00378418,36.0,36.0,68.0
2025-10-28,ibm_marrakesh,7,232.225,93.993,0.00022114,0.00022114,0.00207242,0.00610352,36.0,36.0,80.0
2025-10-28,ibm_marrakesh,8,268.023,103.368,0.00024386,0.00024386,0.00230815,0.00488281,36.0,36.0,68.0
2025-10-28,ibm_marrakesh,9,177.5032,194.8018,0.00015257,0.00015257,,0.01708984,36.0,36.0,
2025-10-27,ibm_marrakesh,0,148.4656,45.3725,0.00055081,0.00055081,0.00128331,0.00598145,36.0,36.0,68.0
2025-10-27,ibm_marrakesh,1,182.6932,158.9179,0.00030129,0.00030129,0.00110651,0.00463867,36.0,36.0,68.0
2025-10-27,ibm_marrakesh,2,323.5936,414.9235,0.00049584,0.00049584,0.00114008,0.00500488,36.0,36.0,68.0
2025-10-27,ibm_marrakesh,3,284.8995,252.143,0.00046676,0.00046676,0.00200815,0.00708008,36.0,36.0,80.0
2025-10-27,ibm_marrakesh,4,213.418,169.3249,0.00047452,0.00047452,0.00237843,0.0123291,36.0,36.0,68.0
2025-10-27,ibm_marrakesh,5,232.14,159.1571,0.00026434,0.00026434,0.00136482,0.00500488,36.0,36.0,68.0
2025-10-27,ibm_marrakesh,6,309.2538,258.0287,0.00022914,0.00022914,0.0016471,0.00683594,36.0,36.0,68.0
2025-10-27,ibm_marrakesh,7,236.4861,107.4911,0.00022359,0.00022359,0.00247109,0.00427246,36.0,36.0,80.0
2025-10-27,ibm_marrakesh,8,102.1376,77.9293,0.00027471,0.00027471,0.0027582,0.00378418,36.0,36.0,68.0
2025-10-27,ibm_marrakesh,9,198.3897,249.5034,0.00019946,0.00019946,,0.00976562,36.0,36.0,
2025-10-26,ibm_marrakesh,0,271.1761,71.8571,0.00026363,0.00026363,0.00126016,0.00366211,36.0,36.0,68.0
2025-10-26,ibm_marrakesh,1,217.0172,167.5223,0.00033473,0.00033473,0.00170474,0.00476074,36.0,36.0,68.0
2025-10-26,ibm_marrakesh,2,221.4933,255.4001,0.00049584,0.00049584,0.00168831,0.00292969,36.0,36.0,68.0
2025-10-26,ibm_marrakesh,3,239.7994,222.065,0.00024667,0.00024667,0.00236777,0.00610352,36.0,36.0,80.0
2025-10-26,ibm_marrakesh,4,223.3068,299.6032,0.00034215,0.00034215,0.00250251,0.0201416,36.0,36.0,68.0
2025-10-26,ibm_marrakesh,5,307.0186,282.2784,0.00021239,0.00021239,0.00123845,0.0057373,36.0,36.0,68.0
2025-10-26,ibm_marrakesh,6,311.423,254.1755,0.00015394,0.00015394,0.00163738,0.00598145,36.0,36.0,68.0
2025-10-26,ibm_marrakesh,7,282.641,128.4128,0.00021516,0.00021516,0.00219602,0.00549316,36.0,36.0,80.0
2025-10-26,ibm_marrakesh,8,246.5706,159.3352,0.00042571,0.00042571,0.00258651,0.0090332,36.0,36.0,68.0
2025-10-26,ibm_marrakesh,9,181.133,243.3861,0.00020968,0.00020968,,0.00744629,36.0,36.0,
2025-10-25,ibm_marrakesh,0,187.8828,92.8937,0.00021187,0.00021187,0.00234802,0.00476074,36.0,36.0,68.0
2025-10-25,ibm_marrakesh,1,195.125,176.4572,0.00023539,0.00023539,0.00179098,0.00427246,36.0,36.0,68.0
2025-10-25,ibm_marrakesh,2,299.9432,347.7338,0.00017097,0.00017097,0.00109262,0.01000977,36.0,36.0,68.0
2025-10-25,ibm_marrakesh,3,326.7526,259.3189,0.00026631,0.00026631,0.00132166,0.00500488,36.0,36.0,80.0
2025-10-25,ibm_marrakesh,4,240.0468,201.9041,0.00029704,0.00029704,0.0019085,0.01171875,36.0,36.0,68.0
2025-10-25,ibm_marrakesh,5,234.5432,41.2605,0.00019631,0.00019631,0.00125202,0.00598145,36.0,36.0,68.0
2025-10-25,ibm_marrakesh,6,287.8495,307.2156,0.00014736,0.00014736,0.0011925,0.00415039,36.0,36.0,68.0
2025-10-25,ibm_marrakesh,7,151.8559,74.8412,0.00021063,0.00021063,0.00185338,0.00634766,36.0,36.0,80.0
2025-10-25,ibm_marrakesh,8,270.3487,166.4596,0.0002282,0.0002282,0.00251132,0.01489258,36.0,36.0,68.0
2025-10-25,ibm_marrakesh,9,146.7647,180.7468,0.00021536,0.00021536,,0.00622559,36.0,36.0,
2025-10-24,ibm_marrakesh,0,316.8798,60.8066,0.00031603,0.00031603,0.00239029,0.0045166,36.0,36.0,68.0
2025-10-24,ibm_marrakesh,1,110.4749,88.7884,0.00022693,0.00022693,0.00141374,0.00488281,36.0,36.0,68.0
2025-10-24,ibm_marrakesh,2,346.8982,321.0053,0.00026184,0.00026184,0.00193794,0.0045166,36.0,36.0,68.0
2025-10-24,ibm_marrakesh,3,309.7961,215.8377,0.00034317,0.00034317,0.00184959,0.00463867,36.0,36.0,80.0
2025-10-24,ibm_marrakesh,4,112.4294,67.6885,0.0004141,0.0004141,0.002972,0.00744629,36.0,36.0,68.0
2025-10-24,ibm_marrakesh,5,234.5432,121.1582,0.00025629,0.00025629,0.00750612,0.00744629,36.0,36.0,68.0
2025-10-24,ibm_marrakesh,6,271.7518,165.2389,0.00025767,0.00025767,0.00714134,0.00415039,36.0,36.0,68.0
2025-10-24,ibm_marrakesh,7,203.1799,81.646,0.00030905,0.00030905,0.00208052,0.00500488,36.0,36.0,80.0
2025-10-24,ibm_marrakesh,8,307.0237,101.7617,0.00024204,0.00024204,0.00334613,0.00170898,36.0,36.0,68.0
2025-10-24,ibm_marrakesh,9,160.4661,154.3343,0.00047426,0.00047426,,0.00756836,36.0,36.0,
2025-10-23,ibm_marrakesh,0,262.6365,61.1779,0.00042384,0.00042384,0.00156625,0.01025391,36.0,36.0,68.0
2025-10-23,ibm_marrakesh,1,201.015,177.6499,0.00022178,0.00022178,0.00108929,0.00439453,36.0,36.0,68.0
2025-10-23,ibm_marrakesh,2,390.3433,414.7178,0.00026184,0.00026184,0.00199588,0.00244141,36.0,36.0,68.0
2025-10-23,ibm_marrakesh,3,303.3031,293.6445,0.0002593,0.0002593,0.00326004,0.00598145,36.0,36.0,80.0
2025-10-23,ibm_marrakesh,4,164.6673,182.6965,0.00024229,0.00024229,0.00209767,0.01159668,36.0,36.0,68.0
2025-10-23,ibm_marrakesh,5,298.0597,270.0107,0.00013943,0.00013943,0.0014282,0.00622559,36.0,36.0,68.0
2025-10-23,ibm_marrakesh,6,338.0359,292.8531,0.00022294,0.00022294,0.00171624,0.00585938,36.0,36.0,68.0
2025-10-23,ibm_marrakesh,7,258.8312,123.0764,0.00017214,0.00017214,0.00221267,0.00720215,36.0,36.0,80.0
2025-10-23,ibm_marrakesh,8,200.4279,117.3401,0.00024207,0.00024207,0.00275906,0.00756836,36.0,36.0,68.0
2025-10-23,ibm_marrakesh,9,164.5993,238.6822,0.00013912,0.00013912,,0.01696777,36.0,36.0,
2025-10-22,ibm_marrakesh,0,262.6365,61.1779,0.00042384,0.00042384,0.00156625,0.01220703,36.0,36.0,68.0
2025-10-22,ibm_marrakesh,1,201.015,177.6499,0.00022178,0.00022178,0.00108929,0.00463867,36.0,36.0,68.0
2025-10-22,ibm_marrakesh,2,390.3433,414.7178,0.00026184,0.00026184,0.00199588,0.00244141,36.0,36.0,68.0
2025-10-22,ibm_marrakesh,3,303.3031,293.6445,0.0002593,0.0002593,0.00326004,0.0045166,36.0,36.0,80.0
2025-10-22,ibm_marrakesh,4,164.6673,182.6965,0.00024229,0.00024229,0.00209767,0.00744629,36.0,36.0,68.0
2025-10-22,ibm_marrakesh,5,298.0597,270.0107,0.00013943,0.00013943,0.0014282,0.00671387,36.0,36.0,68.0
2025-10-22,ibm_marrakesh,6,338.0359,292.8531,0.00022294,0.00022294,0.00171624,0.00292969,36.0,36.0,68.0
2025-10-22,ibm_marrakesh,7,258.8312,123.0764,0.00017214,0.00017214,0.00221267,0.0078125,36.0,36.0,80.0
2025-10-22,ibm_marrakesh,8,200.4279,117.3401,0.00024207,0.00024207,0.00275906,0.00366211,36.0,36.0,68.0
2025-10-22,ibm_marrakesh,9,164.5993,238.6822,0.00013912,0.00013912,,0.01855469,36.0,36.0,
2025-10-21,ibm_marrakesh,0,269.1475,75.0101,0.00047403,0.00047403,0.00161091,0.01586914,36.0,36.0,68.0
2025-10-21,ibm_marrakesh,1,150.3222,134.3215,0.00035454,0.00035454,0.00156817,0.00390625,36.0,36.0,68.0
2025-10-21,ibm_marrakesh,2,179.7782,184.9471,0.00014813,0.00014813,0.0023686,0.00231934,36.0,36.0,68.0
2025-10-21,ibm_marrakesh,3,128.9908,140.0698,0.00018446,0.00018446,0.00311174,0.00744629,36.0,36.0,80.0
2025-10-21,ibm_marrakesh,4,204.289,174.5362,0.00045604,0.00045604,0.00213561,0.01196289,36.0,36.0,68.0
2025-10-21,ibm_marrakesh,5,281.9137,166.1431,0.00013491,0.00013491,0.00115927,0.00561523,36.0,36.0,68.0
2025-10-21,ibm_marrakesh,6,276.8638,190.3884,0.00012399,0.00012399,0.0013976,0.00427246,36.0,36.0,68.0
2025-10-21,ibm_marrakesh,7,293.1054,98.4129,0.00016087,0.00016087,0.00209872,0.00744629,36.0,36.0,80.0
2025-10-21,ibm_marrakesh,8,190.6025,110.157,0.00014055,0.00014055,0.00179192,0.00268555,36.0,36.0,68.0
2025-10-21,ibm_marrakesh,9,143.0949,117.8946,0.0001805,0.0001805,,0.03881836,36.0,36.0,
2025-10-20,ibm_marrakesh,0,269.1475,75.0101,0.00047403,0.00047403,0.00161091,0.01586914,36.0,36.0,68.0
2025-10-20,ibm_marrakesh,1,150.3222,134.3215,0.00035454,0.00035454,0.00156817,0.00390625,36.0,36.0,68.0
2025-10-20,ibm_marrakesh,2,179.7782,184.9471,0.00014813,0.00014813,0.0023686,0.00231934,36.0,36.0,68.0
2025-10-20,ibm_marrakesh,3,128.9908,140.0698,0.00018446,0.00018446,0.00311174,0.00744629,36.0,36.0,80.0
2025-10-20,ibm_marrakesh,4,204.289,174.5362,0.00045604,0.00045604,0.00213561,0.01196289,36.0,36.0,68.0
2025-10-20,ibm_marrakesh,5,281.9137,166.1431,0.00013491,0.00013491,0.00115927,0.00561523,36.0,36.0,68.0
2025-10-20,ibm_marrakesh,6,276.8638,190.3884,0.00012399,0.00012399,0.0013976,0.00427246,36.0,36.0,68.0
2025-10-20,ibm_marrakesh,7,293.1054,98.4129,0.00016087,0.00016087,0.00209872,0.00744629,36.0,36.0,80.0
2025-10-20,ibm_marrakesh,8,190.6025,110.157,0.00014055,0.00014055,0.00179192,0.00268555,36.0,36.0,68.0
2025-10-20,ibm_marrakesh,9,143.0949,117.8946,0.0001805,0.0001805,,0.03881836,36.0,36.0,
2025-10-19,ibm_marrakesh,0,370.0135,78.593,0.00047403,0.00047403,0.00119255,0.00610352,36.0,36.0,68.0
2025-10-19,ibm_marrakesh,1,186.7208,166.7001,0.00019102,0.00019102,0.00119986,0.00219727,36.0,36.0,68.0
2025-10-19,ibm_marrakesh,2,274.2358,310.2554,0.00014813,0.00014813,0.00144697,0.00488281,36.0,36.0,68.0
2025-10-19,ibm_marrakesh,3,338.1516,375.3081,0.00036472,0.00036472,0.00193257,0.00561523,36.0,36.0,80.0
2025-10-19,ibm_marrakesh,4,186.7406,217.7058,0.00045897,0.00045897,0.00216907,0.01538086,36.0,36.0,68.0
2025-10-19,ibm_marrakesh,5,286.9968,334.9796,0.00018673,0.00018673,0.00128498,0.00390625,36.0,36.0,68.0
2025-10-19,ibm_marrakesh,6,205.1825,184.4164,0.00013914,0.00013914,0.00169793,0.00341797,36.0,36.0,68.0
2025-10-19,ibm_marrakesh,7,315.7504,128.925,0.00016156,0.00016156,0.00226373,0.00488281,36.0,36.0,80.0
2025-10-19,ibm_marrakesh,8,196.6234,112.9653,0.00017079,0.00017079,0.00163358,0.00488281,36.0,36.0,68.0
2025-10-19,ibm_marrakesh,9,197.4842,257.7998,0.00018294,0.00018294,,0.02734375,36.0,36.0,
2025-10-18,ibm_marrakesh,0,268.3482,46.9977,0.00032437,0.00032437,0.00154664,0.00378418,36.0,36.0,68.0
2025-10-18,ibm_marrakesh,1,164.8339,157.5368,0.00023127,0.00023127,0.00119986,0.00817871,36.0,36.0,68.0
2025-10-18,ibm_marrakesh,2,295.8785,298.1216,0.00017041,0.00017041,0.00555017,0.00292969,36.0,36.0,68.0
2025-10-18,ibm_marrakesh,3,257.6367,241.9566,0.0001982,0.0001982,0.00689871,0.00695801,36.0,36.0,80.0
2025-10-18,ibm_marrakesh,4,187.5764,148.3493,0.00030259,0.00030259,0.00226233,0.01635742,36.0,36.0,68.0
2025-10-18,ibm_marrakesh,5,298.2035,201.7137,0.00017927,0.00017927,0.00139193,0.00732422,36.0,36.0,68.0
2025-10-18,ibm_marrakesh,6,187.8816,202.9396,0.00013914,0.00013914,0.00162199,0.00427246,36.0,36.0,68.0
2025-10-18,ibm_marrakesh,7,325.0013,111.9698,0.000249,0.000249,0.0021055,0.00488281,36.0,36.0,80.0
2025-10-18,ibm_marrakesh,8,235.9605,112.6998,0.00016494,0.00016494,0.00169123,0.00305176,36.0,36.0,68.0
2025-10-18,ibm_marrakesh,9,205.1519,238.7532,0.00016788,0.00016788,,0.01013184,36.0,36.0,
2025-10-17,ibm_marrakesh,0,299.2663,120.7656,0.00028764,0.00028764,0.00196583,0.00622559,36.0,36.0,68.0
2025-10-17,ibm_marrakesh,1,191.6083,171.1883,0.00025522,0.00025522,0.00148854,0.00402832,36.0,36.0,68.0
2025-10-17,ibm_marrakesh,2,249.3098,282.9908,0.00017056,0.00017056,0.00141118,0.00488281,36.0,36.0,68.0
2025-10-17,ibm_marrakesh,3,272.44,222.3561,0.0002372,0.0002372,0.00187283,0.00390625,36.0,36.0,80.0
2025-10-17,ibm_marrakesh,4,197.5786,151.282,0.00039471,0.00039471,0.00209149,0.01940918,36.0,36.0,68.0
2025-10-17,ibm_marrakesh,5,166.019,132.7618,0.00027209,0.00027209,0.00139193,0.00305176,36.0,36.0,68.0
2025-10-17,ibm_marrakesh,6,340.8533,147.7125,0.00047699,0.00047699,0.00166629,0.00341797,36.0,36.0,68.0
2025-10-17,ibm_marrakesh,7,362.7385,110.7647,0.00026101,0.00026101,0.00217534,0.01647949,36.0,36.0,80.0
2025-10-17,ibm_marrakesh,8,192.0236,99.3476,0.00016494,0.00016494,0.00186975,0.03430176,36.0,36.0,68.0
2025-10-17,ibm_marrakesh,9,170.3488,196.9297,0.0001837,0.0001837,,0.04382324,36.0,36.0,
2025-10-16,ibm_marrakesh,0,208.1848,56.9656,0.00029077,0.00029077,0.00147552,0.01062012,36.0,36.0,68.0
2025-10-16,ibm_marrakesh,1,170.0874,182.8006,0.00015109,0.00015109,0.00148425,0.00476074,36.0,36.0,68.0
2025-10-16,ibm_marrakesh,2,297.1698,337.4243,0.00016963,0.00016963,0.00177963,0.00427246,36.0,36.0,68.0
2025-10-16,ibm_marrakesh,3,242.0941,214.7977,0.00038032,0.00038032,0.00184114,0.00976562,36.0,36.0,80.0
2025-10-16,ibm_marrakesh,4,102.3579,117.0533,0.00028992,0.00028992,0.00211815,0.01293945,36.0,36.0,68.0
2025-10-16,ibm_marrakesh,5,255.4872,267.8534,0.00010977,0.00010977,0.00111024,0.00354004,36.0,36.0,68.0
2025-10-16,ibm_marrakesh,6,340.8533,280.1279,0.00019638,0.00019638,0.00135374,0.00585938,36.0,36.0,68.0
2025-10-16,ibm_marrakesh,7,306.8755,139.2744,0.00025098,0.00025098,0.00240418,0.00695801,36.0,36.0,80.0
2025-10-16,ibm_marrakesh,8,248.8535,67.4117,0.00015864,0.00015864,0.00239131,0.01171875,36.0,36.0,68.0
2025-10-16,ibm_marrakesh,9,175.0019,252.1576,0.00020088,0.00020088,,0.01330566,36.0,36.0,
2025-10-15,ibm_marrakesh,0,180.8259,66.0602,0.0003665,0.0003665,0.00150602,0.0168457,36.0,36.0,68.0
2025-10-15,ibm_marrakesh,1,198.559,174.5685,0.00019507,0.00019507,0.00124043,0.0057373,36.0,36.0,68.0
2025-10-15,ibm_marrakesh,2,297.1698,337.4243,0.00015897,0.00015897,0.00428452,0.00195312,36.0,36.0,68.0
2025-10-15,ibm_marrakesh,3,338.2664,261.762,0.00032708,0.00032708,0.00605646,0.00463867,36.0,36.0,80.0
2025-10-15,ibm_marrakesh,4,205.1698,175.2364,0.00053,0.00053,0.00203006,0.01086426,36.0,36.0,68.0
2025-10-15,ibm_marrakesh,5,248.1353,166.134,0.00019992,0.00019992,0.00124593,0.00915527,36.0,36.0,68.0
2025-10-15,ibm_marrakesh,6,341.7057,260.3575,0.00019401,0.00019401,0.00150817,0.00634766,36.0,36.0,68.0
2025-10-15,ibm_marrakesh,7,191.5146,96.1131,0.00016725,0.00016725,0.00193729,0.00561523,36.0,36.0,80.0
2025-10-15,ibm_marrakesh,8,248.8535,110.6226,0.00018438,0.00018438,0.00224899,0.0045166,36.0,36.0,68.0
2025-10-15,ibm_marrakesh,9,147.4802,146.6518,0.00011385,0.00011385,,0.01757812,36.0,36.0,
2025-10-14,ibm_marrakesh,0,273.6408,117.6945,0.00020784,0.00020784,0.0012633,0.00646973,36.0,36.0,68.0
2025-10-14,ibm_marrakesh,1,201.4553,166.1706,0.00019004,0.00019004,0.00105158,0.00439453,36.0,36.0,68.0
2025-10-14,ibm_marrakesh,2,150.4551,194.733,0.0001341,0.0001341,0.00222252,0.00537109,36.0,36.0,68.0
2025-10-14,ibm_marrakesh,3,256.0276,268.3275,0.00032604,0.00032604,0.0029918,0.00512695,36.0,36.0,80.0
2025-10-14,ibm_marrakesh,4,190.5992,190.8819,0.0003047,0.0003047,0.00170476,0.01745605,36.0,36.0,68.0
2025-10-14,ibm_marrakesh,5,245.0933,258.6103,0.00019455,0.00019455,0.00309921,0.00378418,36.0,36.0,68.0
2025-10-14,ibm_marrakesh,6,289.7613,266.5058,0.00019237,0.00019237,0.00361345,0.00366211,36.0,36.0,68.0
2025-10-14,ibm_marrakesh,7,294.6563,113.8927,0.00021436,0.00021436,0.00215675,0.0065918,36.0,36.0,80.0
2025-10-14,ibm_marrakesh,8,202.9541,124.51,0.00017596,0.00017596,0.00239509,0.00415039,36.0,36.0,68.0
2025-10-14,ibm_marrakesh,9,182.5975,190.4159,0.00013468,0.00013468,,0.01477051,36.0,36.0,
2025-10-13,ibm_marrakesh,0,350.6968,88.3661,0.00020784,0.00020784,0.0012633,0.00488281,36.0,36.0,68.0
2025-10-13,ibm_marrakesh,1,198.0629,175.1433,0.00019004,0.00019004,0.00105158,0.0045166,36.0,36.0,68.0
2025-10-13,ibm_marrakesh,2,291.0896,429.859,0.0001341,0.0001341,0.00222252,0.00280762,36.0,36.0,68.0
2025-10-13,ibm_marrakesh,3,224.2055,201.9146,0.00032604,0.00032604,0.0029918,0.00854492,36.0,36.0,80.0
2025-10-13,ibm_marrakesh,4,192.8732,199.9348,0.0003047,0.0003047,0.00170476,0.05932617,36.0,36.0,68.0
2025-10-13,ibm_marrakesh,5,296.8859,214.2393,0.00019455,0.00019455,0.00309921,0.00561523,36.0,36.0,68.0
2025-10-13,ibm_marrakesh,6,277.7494,277.4645,0.00019237,0.00019237,0.00361345,0.00524902,36.0,36.0,68.0
2025-10-13,ibm_marrakesh,7,309.6685,121.5498,0.00021436,0.00021436,0.00215675,0.0065918,36.0,36.0,80.0
2025-10-13,ibm_marrakesh,8,241.8039,136.2926,0.00017596,0.00017596,0.00239509,0.00476074,36.0,36.0,68.0
2025-10-13,ibm_marrakesh,9,169.0442,229.283,0.00013468,0.00013468,,0.09191895,36.0,36.0,
2025-10-12,ibm_marrakesh,0,280.3211,58.4446,0.00032001,0.00032001,0.00142495,0.02954102,36.0,36.0,68.0
2025-10-12,ibm_marrakesh,1,184.9058,156.4407,0.00028132,0.00028132,0.00108858,0.00708008,36.0,36.0,68.0
2025-10-12,ibm_marrakesh,2,259.3113,301.8568,0.0001341,0.0001341,0.00166341,0.00524902,36.0,36.0,68.0
2025-10-12,ibm_marrakesh,3,288.1984,295.3219,0.00036092,0.00036092,0.00209851,0.00622559,36.0,36.0,80.0
2025-10-12,ibm_marrakesh,4,218.1837,222.7053,0.00033787,0.00033787,0.0019236,0.00793457,36.0,36.0,68.0
2025-10-12,ibm_marrakesh,5,290.0166,104.932,0.00028438,0.00028438,0.00197894,0.00793457,36.0,36.0,68.0
2025-10-12,ibm_marrakesh,6,289.7543,264.3188,0.00073624,0.00073624,0.00229011,0.0032959,36.0,36.0,68.0
2025-10-12,ibm_marrakesh,7,296.9725,122.1089,0.00035186,0.00035186,0.00215675,0.00708008,36.0,36.0,80.0
2025-10-12,ibm_marrakesh,8,163.3855,88.323,0.00029483,0.00029483,0.00219912,0.00415039,36.0,36.0,68.0
2025-10-12,ibm_marrakesh,9,125.5215,151.3809,0.00021144,0.00021144,,0.00732422,36.0,36.0,
2025-10-11,ibm_marrakesh,0,148.5052,7.9916,0.00039501,0.00039501,0.00149618,0.00524902,36.0,36.0,68.0
2025-10-11,ibm_marrakesh,1,224.6051,174.3536,0.00020298,0.00020298,0.0010501,0.00622559,36.0,36.0,68.0
2025-10-11,ibm_marrakesh,2,284.8387,298.0579,0.00011413,0.00011413,0.00384928,0.00292969,36.0,36.0,68.0
2025-10-11,ibm_marrakesh,3,281.9765,191.4715,0.00043732,0.00043732,0.00538207,0.00512695,36.0,36.0,80.0
2025-10-11,ibm_marrakesh,4,236.4533,262.9727,0.00051418,0.00051418,0.00176694,0.01281738,36.0,36.0,68.0
2025-10-11,ibm_marrakesh,5,290.0166,212.274,0.00016015,0.00016015,0.00120239,0.00561523,36.0,36.0,68.0
2025-10-11,ibm_marrakesh,6,351.7733,341.4702,0.00043314,0.00043314,0.00142151,0.00805664,36.0,36.0,68.0
2025-10-11,ibm_marrakesh,7,281.5229,127.1877,0.00023875,0.00023875,0.00184591,0.00512695,36.0,36.0,80.0
2025-10-11,ibm_marrakesh,8,162.3633,19.99,0.000153,0.000153,0.00156654,0.00488281,36.0,36.0,68.0
2025-10-11,ibm_marrakesh,9,211.4037,218.6062,0.00022207,0.00022207,,0.07763672,36.0,36.0,
2025-10-10,ibm_marrakesh,0,148.5052,58.6951,0.00027731,0.00027731,0.00188649,0.00427246,36.0,36.0,68.0
2025-10-10,ibm_marrakesh,1,131.4744,124.5613,0.00022675,0.00022675,0.00125299,0.00708008,36.0,36.0,68.0
2025-10-10,ibm_marrakesh,2,252.2822,317.2558,0.00021222,0.00021222,0.00279595,0.00305176,36.0,36.0,68.0
2025-10-10,ibm_marrakesh,3,278.1976,228.4256,0.00066304,0.00066304,0.00494835,0.0065918,36.0,36.0,80.0
2025-10-10,ibm_marrakesh,4,125.724,35.0182,0.00051418,0.00051418,0.00238053,0.00769043,36.0,36.0,68.0
2025-10-10,ibm_marrakesh,5,268.4949,43.5818,0.00040277,0.00040277,0.0016447,0.00744629,36.0,36.0,68.0
2025-10-10,ibm_marrakesh,6,260.2243,63.9798,0.00020628,0.00020628,0.00160127,0.00402832,36.0,36.0,68.0
2025-10-10,ibm_marrakesh,7,301.4901,44.1485,0.00031009,0.00031009,0.00218065,0.00537109,36.0,36.0,80.0
2025-10-10,ibm_marrakesh,8,162.3633,38.7998,0.00039459,0.00039459,0.00181913,0.00842285,36.0,36.0,68.0
2025-10-10,ibm_marrakesh,9,177.0736,72.2852,0.00024438,0.00024438,,0.00952148,36.0,36.0,
2025-10-09,ibm_marrakesh,0,294.2872,110.1845,0.00055895,0.00055895,0.00147553,0.00805664,36.0,36.0,68.0
2025-10-09,ibm_marrakesh,1,219.9234,174.6236,0.0002364,0.0002364,0.00093514,0.00512695,36.0,36.0,68.0
2025-10-09,ibm_marrakesh,2,112.4098,93.4205,0.00013728,0.00013728,0.00182675,0.00415039,36.0,36.0,68.0
2025-10-09,ibm_marrakesh,3,376.0974,292.0563,0.00055489,0.00055489,0.00322539,0.00756836,36.0,36.0,80.0
2025-10-09,ibm_marrakesh,4,196.9262,57.7802,0.00045536,0.00045536,0.0029443,0.02600098,36.0,36.0,68.0
2025-10-09,ibm_marrakesh,5,267.5649,67.3987,0.00020266,0.00020266,0.00243723,0.00402832,36.0,36.0,68.0
2025-10-09,ibm_marrakesh,6,210.7317,104.3023,0.00020599,0.00020599,0.00252904,0.0045166,36.0,36.0,68.0
2025-10-09,ibm_marrakesh,7,324.1364,54.2903,0.00027697,0.00027697,0.00270314,0.00463867,36.0,36.0,80.0
2025-10-09,ibm_marrakesh,8,260.7307,54.282,0.0003402,0.0003402,0.0020359,0.00476074,36.0,36.0,68.0
2025-10-09,ibm_marrakesh,9,187.2233,100.0144,0.00017283,0.00017283,,0.03100586,36.0,36.0,
2025-10-08,ibm_marrakesh,0,297.9964,64.7385,0.00050351,0.00050351,0.00148886,0.00415039,36.0,36.0,68.0
2025-10-08,ibm_marrakesh,1,204.2517,163.6141,0.00021735,0.00021735,0.00129419,0.00354004,36.0,36.0,68.0
2025-10-08,ibm_marrakesh,2,320.8615,378.2527,0.00014731,0.00014731,0.00406661,0.00292969,36.0,36.0,68.0
2025-10-08,ibm_marrakesh,3,271.7864,260.8174,0.00090697,0.00090697,0.00500479,0.00671387,36.0,36.0,80.0
2025-10-08,ibm_marrakesh,4,224.908,195.3204,0.0002733,0.0002733,0.00174659,0.0135498,36.0,36.0,68.0
2025-10-08,ibm_marrakesh,5,180.9896,129.9372,0.00024677,0.00024677,0.00109773,0.00683594,36.0,36.0,68.0
2025-10-08,ibm_marrakesh,6,302.5217,200.8492,0.00018579,0.00018579,0.00175697,0.00598145,36.0,36.0,68.0
2025-10-08,ibm_marrakesh,7,259.1966,61.9856,0.0002018,0.0002018,0.00239788,0.00268555,36.0,36.0,80.0
2025-10-08,ibm_marrakesh,8,224.1827,115.3184,0.00017817,0.00017817,0.00199139,0.00427246,36.0,36.0,68.0
2025-10-08,ibm_marrakesh,9,205.7871,203.5464,0.00019764,0.00019764,,0.00561523,36.0,36.0,
2025-10-07,ibm_marrakesh,0,309.9954,131.4994,0.0001935,0.0001935,0.00143334,0.00354004,36.0,36.0,68.0
2025-10-07,ibm_marrakesh,1,221.8958,199.2544,0.00019361,0.00019361,0.00127022,0.01049805,36.0,36.0,68.0
2025-10-07,ibm_marrakesh,2,328.9219,556.6473,0.00013662,0.00013662,0.00119931,0.00158691,36.0,36.0,68.0
2025-10-07,ibm_marrakesh,3,340.2059,265.1949,0.00031932,0.00031932,0.00157868,0.00500488,36.0,36.0,80.0
2025-10-07,ibm_marrakesh,4,231.9692,306.7119,0.0003612,0.0003612,0.00186885,0.01574707,36.0,36.0,68.0
2025-10-07,ibm_marrakesh,5,353.486,286.7436,0.00014465,0.00014465,0.00132184,0.00585938,36.0,36.0,68.0
2025-10-07,ibm_marrakesh,6,293.1658,324.8943,0.00026318,0.00026318,0.00175697,0.00305176,36.0,36.0,68.0
2025-10-07,ibm_marrakesh,7,259.1966,123.3621,0.00017886,0.00017886,0.0021297,0.00708008,36.0,36.0,80.0
2025-10-07,ibm_marrakesh,8,283.0605,149.6368,0.00013071,0.00013071,0.00263889,0.00305176,36.0,36.0,68.0
2025-10-07,ibm_marrakesh,9,202.7864,300.6705,0.00017202,0.00017202,,0.02636719,36.0,36.0,
2025-10-06,ibm_marrakesh,0,309.9954,131.4994,0.0001935,0.0001935,0.00143334,0.01025391,36.0,36.0,68.0
2025-10-06,ibm_marrakesh,1,221.8958,199.2544,0.00019361,0.00019361,0.00127022,0.00366211,36.0,36.0,68.0
2025-10-06,ibm_marrakesh,2,328.9219,556.6473,0.00013662,0.00013662,0.00119931,0.00244141,36.0,36.0,68.0
2025-10-06,ibm_marrakesh,3,340.2059,265.1949,0.00031932,0.00031932,0.00157868,0.00439453,36.0,36.0,80.0
2025-10-06,ibm_marrakesh,4,231.9692,306.7119,0.0003612,0.0003612,0.00186885,0.01196289,36.0,36.0,68.0
2025-10-06,ibm_marrakesh,5,353.486,286.7436,0.00014465,0.00014465,0.00132184,0.00585938,36.0,36.0,68.0
2025-10-06,ibm_marrakesh,6,293.1658,324.8943,0.00026318,0.00026318,0.00175697,0.00512695,36.0,36.0,68.0
2025-10-06,ibm_marrakesh,7,259.1966,123.3621,0.00017886,0.00017886,0.0021297,0.00708008,36.0,36.0,80.0
2025-10-06,ibm_marrakesh,8,283.0605,149.6368,0.00013071,0.00013071,0.00263889,0.01782227,36.0,36.0,68.0
2025-10-06,ibm_marrakesh,9,202.7864,300.6705,0.00017202,0.00017202,,0.07275391,36.0,36.0,
2025-10-05,ibm_marrakesh,0,328.9762,39.4232,0.00039921,0.00039921,0.00219629,0.01013184,36.0,36.0,68.0
2025-10-05,ibm_marrakesh,1,197.3428,203.7453,0.00016938,0.00016938,0.00163425,0.00744629,36.0,36.0,68.0
2025-10-05,ibm_marrakesh,2,395.2105,498.9514,0.00010854,0.00010854,0.00131496,0.00305176,36.0,36.0,68.0
2025-10-05,ibm_marrakesh,3,297.3863,274.5695,0.00027039,0.00027039,0.0022322,0.00549316,36.0,36.0,80.0
2025-10-05,ibm_marrakesh,4,236.7423,51.469,0.00042469,0.00042469,0.00256973,0.01574707,36.0,36.0,68.0
2025-10-05,ibm_marrakesh,5,250.7028,58.6617,0.00018278,0.00018278,0.00176902,0.00646973,36.0,36.0,68.0
2025-10-05,ibm_marrakesh,6,272.741,90.1752,0.00020797,0.00020797,0.00215248,0.00622559,36.0,36.0,68.0
2025-10-05,ibm_marrakesh,7,213.3749,47.9518,0.00027612,0.00027612,0.00351842,0.00292969,36.0,36.0,80.0
2025-10-05,ibm_marrakesh,8,271.1891,40.6852,0.00035602,0.00035602,0.00227039,0.00292969,36.0,36.0,68.0
2025-10-05,ibm_marrakesh,9,161.9927,44.1013,0.00033494,0.00033494,,0.00939941,36.0,36.0,
2025-10-04,ibm_marrakesh,0,293.6033,41.8931,0.00044965,0.00044965,0.00207506,0.00671387,36.0,36.0,68.0
2025-10-04,ibm_marrakesh,1,213.1496,173.8527,0.000137,0.000137,0.00123167,0.0045166,36.0,36.0,68.0
2025-10-04,ibm_marrakesh,2,268.2063,237.4404,0.00014761,0.00014761,0.00153223,0.00268555,36.0,36.0,68.0
2025-10-04,ibm_marrakesh,3,340.1657,286.6391,0.00014961,0.00014961,0.00252991,0.00976562,36.0,36.0,80.0
2025-10-04,ibm_marrakesh,4,215.7136,144.4768,0.00054088,0.00054088,0.00226311,0.01464844,36.0,36.0,68.0
2025-10-04,ibm_marrakesh,5,285.0045,142.7645,0.00022639,0.00022639,0.00176444,0.00439453,36.0,36.0,68.0
2025-10-04,ibm_marrakesh,6,159.318,148.256,0.00027548,0.00027548,0.0016172,0.00378418,36.0,36.0,68.0
2025-10-04,ibm_marrakesh,7,159.9964,71.951,0.00032164,0.00032164,0.00241397,0.00854492,36.0,36.0,80.0
2025-10-04,ibm_marrakesh,8,282.3733,79.1558,0.00047212,0.00047212,0.0024195,0.00524902,36.0,36.0,68.0
2025-10-04,ibm_marrakesh,9,161.9927,137.7416,0.00024965,0.00024965,,0.01245117,36.0,36.0,
2025-10-03,ibm_marrakesh,0,319.8678,54.7733,0.00099559,0.00099559,0.00234331,0.01074219,36.0,36.0,68.0
2025-10-03,ibm_marrakesh,1,163.4193,154.4109,0.00022592,0.00022592,0.00123167,0.00537109,36.0,36.0,68.0
2025-10-03,ibm_marrakesh,2,207.8246,192.0932,0.00010111,0.00010111,0.00367799,0.00512695,36.0,36.0,68.0
2025-10-03,ibm_marrakesh,3,368.8058,317.8057,0.00027643,0.00027643,0.00733563,0.00463867,36.0,36.0,80.0
2025-10-03,ibm_marrakesh,4,228.0902,125.2091,0.00039138,0.00039138,0.00241006,0.01635742,36.0,36.0,68.0
2025-10-03,ibm_marrakesh,5,279.6706,167.7803,0.00024187,0.00024187,0.00191005,0.00402832,36.0,36.0,68.0
2025-10-03,ibm_marrakesh,6,315.6814,138.4573,0.00035226,0.00035226,0.00245547,0.00280762,36.0,36.0,68.0
2025-10-03,ibm_marrakesh,7,244.7525,90.5463,0.00049053,0.00049053,0.00304771,0.00488281,36.0,36.0,80.0
2025-10-03,ibm_marrakesh,8,154.5554,78.1384,0.00032552,0.00032552,0.00338243,0.00476074,36.0,36.0,68.0
2025-10-03,ibm_marrakesh,9,140.4823,110.9668,0.00020669,0.00020669,,0.00952148,36.0,36.0,
2025-10-02,ibm_marrakesh,0,212.6676,46.7253,0.00032323,0.00032323,0.0024725,0.0111084,36.0,36.0,68.0
2025-10-02,ibm_marrakesh,1,205.9801,179.6227,0.00019918,0.00019918,0.00113212,0.00366211,36.0,36.0,68.0
2025-10-02,ibm_marrakesh,2,328.6005,389.6188,0.00010455,0.00010455,0.00147351,0.0057373,36.0,36.0,68.0
2025-10-02,ibm_marrakesh,3,285.9009,413.3609,0.00212576,0.00212576,0.00275265,0.00585938,36.0,36.0,80.0
2025-10-02,ibm_marrakesh,4,208.2721,49.849,0.00035161,0.00035161,0.00241006,0.01635742,36.0,36.0,68.0
2025-10-02,ibm_marrakesh,5,288.4383,80.7968,0.00019397,0.00019397,0.0016774,0.00585938,36.0,36.0,68.0
2025-10-02,ibm_marrakesh,6,289.3939,121.0578,0.00017864,0.00017864,0.00202089,0.00427246,36.0,36.0,68.0
2025-10-02,ibm_marrakesh,7,150.5311,56.3286,0.00024045,0.00024045,0.00281338,0.0065918,36.0,36.0,80.0
2025-10-02,ibm_marrakesh,8,262.4898,53.2066,0.00027093,0.00027093,0.00193189,0.00354004,36.0,36.0,68.0
2025-10-02,ibm_marrakesh,9,165.6026,94.1144,0.0002637,0.0002637,,0.02124023,36.0,36.0,
2025-10-01,ibm_marrakesh,0,381.5626,52.6532,0.0002389,0.0002389,0.0024475,0.00817871,36.0,36.0,68.0
2025-10-01,ibm_marrakesh,1,168.9934,176.2368,0.00017722,0.00017722,0.00113212,0.0032959,36.0,36.0,68.0
2025-10-01,ibm_marrakesh,2,370.5088,466.2873,0.00011432,0.00011432,0.0053567,0.00341797,36.0,36.0,68.0
2025-10-01,ibm_marrakesh,3,331.4437,279.6142,0.00042026,0.00042026,0.00641079,0.00646973,36.0,36.0,80.0
2025-10-01,ibm_marrakesh,4,208.2721,70.8794,0.00053516,0.00053516,0.00172247,0.01843262,36.0,36.0,68.0
2025-10-01,ibm_marrakesh,5,374.6609,89.8553,0.00024675,0.00024675,0.00143743,0.00585938,36.0,36.0,68.0
2025-10-01,ibm_marrakesh,6,297.1526,126.2319,0.00018737,0.00018737,0.00155505,0.00341797,36.0,36.0,68.0
2025-10-01,ibm_marrakesh,7,328.4197,64.5739,0.00022082,0.00022082,0.00236302,0.00610352,36.0,36.0,80.0
2025-10-01,ibm_marrakesh,8,216.3607,59.7044,0.00029849,0.00029849,0.00184625,0.00256348,36.0,36.0,68.0
2025-10-01,ibm_marrakesh,9,161.9949,102.9725,0.00025159,0.00025159,,0.01367188,36.0,36.0,
2025-09-30,ibm_marrakesh,0,318.5874,50.4415,0.00033345,0.00033345,0.0015431,0.00561523,36.0,36.0,68.0
2025-09-30,ibm_marrakesh,1,203.9861,191.7316,0.00021365,0.00021365,0.00137063,0.00549316,36.0,36.0,68.0
2025-09-30,ibm_marrakesh,2,287.4772,354.3865,0.00016892,0.00016892,0.00235837,0.00842285,36.0,36.0,68.0
2025-09-30,ibm_marrakesh,3,304.0976,241.4669,0.00034844,0.00034844,0.00265185,0.00500488,36.0,36.0,80.0
2025-09-30,ibm_marrakesh,4,223.7179,213.3852,0.00030722,0.00030722,0.00182367,0.01660156,36.0,36.0,68.0
2025-09-30,ibm_marrakesh,5,190.7958,215.2113,0.00015678,0.00015678,0.00146732,0.00439453,36.0,36.0,68.0
2025-09-30,ibm_marrakesh,6,255.0988,286.7853,0.0002884,0.0002884,0.00225721,0.00280762,36.0,36.0,68.0
2025-09-30,ibm_marrakesh,7,322.9595,109.2491,0.00036036,0.00036036,0.0023381,0.00537109,36.0,36.0,80.0
2025-09-30,ibm_marrakesh,8,287.7151,154.8232,0.00030293,0.00030293,0.00214122,0.01013184,36.0,36.0,68.0
2025-09-30,ibm_marrakesh,9,97.8576,138.6447,0.00021067,0.00021067,,0.01855469,36.0,36.0,
2025-09-29,ibm_marrakesh,0,246.2503,42.4223,0.00028434,0.00028434,0.00160914,0.00769043,36.0,36.0,68.0
2025-09-29,ibm_marrakesh,1,199.8583,181.7085,0.00015155,0.00015155,0.00137063,0.00427246,36.0,36.0,68.0
2025-09-29,ibm_marrakesh,2,309.347,394.0614,0.00016171,0.00016171,0.001323,0.00292969,36.0,36.0,68.0
2025-09-29,ibm_marrakesh,3,263.046,255.0301,0.000681,0.000681,0.00150659,0.00683594,36.0,36.0,80.0
2025-09-29,ibm_marrakesh,4,221.4944,112.1374,0.00034358,0.00034358,0.00180716,0.0177002,36.0,36.0,68.0
2025-09-29,ibm_marrakesh,5,303.3542,115.4594,0.00025248,0.00025248,0.00124143,0.01379395,36.0,36.0,68.0
2025-09-29,ibm_marrakesh,6,351.0512,126.5778,0.00052458,0.00052458,0.00135949,0.00378418,36.0,36.0,68.0
2025-09-29,ibm_marrakesh,7,279.2684,79.3229,0.00025123,0.00025123,0.00215076,0.0078125,36.0,36.0,80.0
2025-09-29,ibm_marrakesh,8,262.483,71.5241,0.00017209,0.00017209,0.00243221,0.00280762,36.0,36.0,68.0
2025-09-29,ibm_marrakesh,9,159.593,108.6681,0.00018725,0.00018725,,0.03320312,36.0,36.0,
2025-09-28,ibm_marrakesh,0,232.3839,76.2611,0.00089368,0.00089368,0.00154496,0.00793457,36.0,36.0,68.0
2025-09-28,ibm_marrakesh,1,187.5642,166.7772,0.00016691,0.00016691,0.00132002,0.00500488,36.0,36.0,68.0
2025-09-28,ibm_marrakesh,2,342.0322,450.0543,0.00014955,0.00014955,0.00159431,0.00671387,36.0,36.0,68.0
2025-09-28,ibm_marrakesh,3,372.1878,364.0335,0.00040498,0.00040498,0.0017242,0.00610352,36.0,36.0,80.0
2025-09-28,ibm_marrakesh,4,241.1238,103.2036,0.00031283,0.00031283,0.00164429,0.0291748,36.0,36.0,68.0
2025-09-28,ibm_marrakesh,5,296.0689,138.7448,0.00010902,0.00010902,0.00115943,0.00476074,36.0,36.0,68.0
2025-09-28,ibm_marrakesh,6,360.5607,182.9682,0.00016927,0.00016927,0.00133582,0.00524902,36.0,36.0,68.0
2025-09-28,ibm_marrakesh,7,285.8599,93.4762,0.00024436,0.00024436,0.00188325,0.00537109,36.0,36.0,80.0
2025-09-28,ibm_marrakesh,8,276.03,75.8173,0.00051355,0.00051355,0.00163347,0.00366211,36.0,36.0,68.0
2025-09-28,ibm_marrakesh,9,146.4139,106.7925,0.00023527,0.00023527,,0.03845215,36.0,36.0,
2025-09-27,ibm_marrakesh,0,271.2973,80.2854,0.00065452,0.00065452,0.00188122,0.01037598,36.0,36.0,68.0
2025-09-27,ibm_marrakesh,1,157.7822,139.7062,0.00014553,0.00014553,0.00139301,0.01184082,36.0,36.0,68.0
2025-09-27,ibm_marrakesh,2,235.1913,279.5973,0.00022045,0.00022045,0.00242181,0.00366211,36.0,36.0,68.0
2025-09-27,ibm_marrakesh,3,198.9868,194.8814,0.00057403,0.00057403,0.00282985,0.00354004,36.0,36.0,80.0
2025-09-27,ibm_marrakesh,4,227.5371,96.8763,0.0002655,0.0002655,0.00195277,0.00952148,36.0,36.0,68.0
2025-09-27,ibm_marrakesh,5,98.2292,76.6867,0.00017108,0.00017108,0.00113092,0.00646973,36.0,36.0,68.0
2025-09-27,ibm_marrakesh,6,313.487,169.5986,0.0001537,0.0001537,0.00145062,0.00366211,36.0,36.0,68.0
2025-09-27,ibm_marrakesh,7,320.147,67.8245,0.00020523,0.00020523,0.00174876,0.00463867,36.0,36.0,80.0
2025-09-27,ibm_marrakesh,8,229.7606,68.3461,0.00018363,0.00018363,0.00151104,0.00561523,36.0,36.0,68.0
2025-09-27,ibm_marrakesh,9,195.947,127.1978,0.00015506,0.00015506,,0.02429199,36.0,36.0,
2025-09-26,ibm_marrakesh,0,347.7735,57.3385,0.00016512,0.00016512,0.00149169,0.01599121,36.0,36.0,68.0
2025-09-26,ibm_marrakesh,1,202.2585,175.0399,0.00015528,0.00015528,0.0011693,0.08935547,36.0,36.0,68.0
2025-09-26,ibm_marrakesh,2,349.9154,422.5253,0.00010964,0.00010964,0.00166316,0.00390625,36.0,36.0,68.0
2025-09-26,ibm_marrakesh,3,204.8424,221.246,0.00024536,0.00024536,0.00180545,0.00415039,36.0,36.0,80.0
2025-09-26,ibm_marrakesh,4,179.0388,207.214,0.00026247,0.00026247,0.00158082,0.02502441,36.0,36.0,68.0
2025-09-26,ibm_marrakesh,5,340.6808,243.8562,0.00020822,0.00020822,0.00113092,0.00732422,36.0,36.0,68.0
2025-09-26,ibm_marrakesh,6,298.8967,290.5676,0.00015571,0.00015571,0.00175775,0.00463867,36.0,36.0,68.0
2025-09-26,ibm_marrakesh,7,279.3355,122.6167,0.00020523,0.00020523,0.00233992,0.00854492,36.0,36.0,80.0
2025-09-26,ibm_marrakesh,8,252.0375,147.374,0.00020073,0.00020073,0.00228101,0.00598145,36.0,36.0,68.0
2025-09-26,ibm_marrakesh,9,118.9585,129.6234,0.00016843,0.00016843,,0.01037598,36.0,36.0,
2025-09-25,ibm_marrakesh,0,324.2802,77.8245,0.00029861,0.00029861,0.0015078,0.00683594,36.0,36.0,68.0
2025-09-25,ibm_marrakesh,1,209.9241,170.275,0.00024236,0.00024236,0.0011693,0.00549316,36.0,36.0,68.0
2025-09-25,ibm_marrakesh,2,352.3193,526.7522,9.362e-05,9.362e-05,0.00124885,0.00305176,36.0,36.0,68.0
2025-09-25,ibm_marrakesh,3,314.1721,248.9971,0.00028941,0.00028941,0.00153987,0.00439453,36.0,36.0,80.0
2025-09-25,ibm_marrakesh,4,215.6738,214.4372,0.0003994,0.0003994,0.00201486,0.01403809,36.0,36.0,68.0
2025-09-25,ibm_marrakesh,5,337.6183,216.582,0.00019203,0.00019203,0.00117138,0.00500488,36.0,36.0,68.0
2025-09-25,ibm_marrakesh,6,299.7839,262.5892,0.00019389,0.00019389,0.00189,0.00488281,36.0,36.0,68.0
2025-09-25,ibm_marrakesh,7,266.5057,128.3133,0.00023667,0.00023667,0.00271226,0.00390625,36.0,36.0,80.0
2025-09-25,ibm_marrakesh,8,325.6117,161.9856,0.00024798,0.00024798,0.00188767,0.01391602,36.0,36.0,68.0
2025-09-25,ibm_marrakesh,9,185.4503,248.9834,0.0001724,0.0001724,,0.03381348,36.0,36.0,
2025-09-24,ibm_marrakesh,0,244.3214,68.8552,0.00029861,0.00029861,0.00144026,0.0078125,36.0,36.0,68.0
2025-09-24,ibm_marrakesh,1,176.9697,150.5253,0.00015418,0.00015418,0.0011693,0.01293945,36.0,36.0,68.0
2025-09-24,ibm_marrakesh,2,155.6267,172.9184,0.00016152,0.00016152,0.00786026,0.00366211,36.0,36.0,68.0
2025-09-24,ibm_marrakesh,3,324.674,245.8949,0.00024651,0.00024651,0.01177643,0.00524902,36.0,36.0,80.0
2025-09-24,ibm_marrakesh,4,155.6464,228.611,0.00038234,0.00038234,0.00245339,0.01977539,36.0,36.0,68.0
2025-09-24,ibm_marrakesh,5,205.4771,200.068,0.00013425,0.00013425,0.00118469,0.00622559,36.0,36.0,68.0
2025-09-24,ibm_marrakesh,6,279.975,246.7034,0.00015746,0.00015746,0.00164605,0.00891113,36.0,36.0,68.0
2025-09-24,ibm_marrakesh,7,314.1353,128.1127,0.00018595,0.00018595,0.0019353,0.00756836,36.0,36.0,80.0
2025-09-24,ibm_marrakesh,8,166.9003,126.6458,0.00016392,0.00016392,0.00200695,0.01477051,36.0,36.0,68.0
2025-09-24,ibm_marrakesh,9,111.9121,126.5976,0.00021891,0.00021891,,0.0300293,36.0,36.0,
2025-09-23,ibm_marrakesh,0,254.8588,46.6365,0.00040422,0.00040422,0.00352855,0.00415039,36.0,36.0,68.0
2025-09-23,ibm_marrakesh,1,188.8953,184.652,0.00025644,0.00025644,0.00112932,0.01147461,36.0,36.0,68.0
2025-09-23,ibm_marrakesh,2,284.1313,398.0841,0.00016573,0.00016573,0.0035346,0.00439453,36.0,36.0,68.0
2025-09-23,ibm_marrakesh,3,240.2518,270.0906,0.00037872,0.00037872,0.00348945,0.00537109,36.0,36.0,80.0
2025-09-23,ibm_marrakesh,4,183.685,178.1155,0.00028286,0.00028286,0.00204225,0.01123047,36.0,36.0,68.0
2025-09-23,ibm_marrakesh,5,245.4152,209.2557,0.00017892,0.00017892,0.00134441,0.00195312,36.0,36.0,68.0
2025-09-23,ibm_marrakesh,6,168.1803,113.5802,0.00017485,0.00017485,0.00180666,0.00439453,36.0,36.0,68.0
2025-09-23,ibm_marrakesh,7,256.4277,106.6543,0.00022609,0.00022609,0.00253338,0.00512695,36.0,36.0,80.0
2025-09-23,ibm_marrakesh,8,237.141,116.1114,0.00019013,0.00019013,0.00212503,0.00463867,36.0,36.0,68.0
2025-09-23,ibm_marrakesh,9,228.2633,250.2291,0.00025791,0.00025791,,0.02270508,36.0,36.0,
2025-09-22,ibm_marrakesh,0,252.8763,66.9635,0.00040422,0.00040422,0.00352855,0.00720215,36.0,36.0,68.0
2025-09-22,ibm_marrakesh,1,183.1493,11.3326,0.00025644,0.00025644,0.00112932,0.00524902,36.0,36.0,68.0
2025-09-22,ibm_marrakesh,2,220.4681,303.9696,0.00016573,0.00016573,0.0035346,0.00439453,36.0,36.0,68.0
2025-09-22,ibm_marrakesh,3,383.2641,287.6726,0.00037872,0.00037872,0.00348945,0.00500488,36.0,36.0,80.0
2025-09-22,ibm_marrakesh,4,143.1928,97.1193,0.00028286,0.00028286,0.00204225,0.01184082,36.0,36.0,68.0
2025-09-22,ibm_marrakesh,5,241.818,127.3259,0.00017892,0.00017892,0.00134441,0.00415039,36.0,36.0,68.0
2025-09-22,ibm_marrakesh,6,323.5968,208.1477,0.00017485,0.00017485,0.00180666,0.00244141,36.0,36.0,68.0
2025-09-22,ibm_marrakesh,7,273.6756,87.4963,0.00022609,0.00022609,0.00253338,0.00439453,36.0,36.0,80.0
2025-09-22,ibm_marrakesh,8,244.7444,92.6311,0.00019013,0.00019013,0.00212503,0.00512695,36.0,36.0,68.0
2025-09-22,ibm_marrakesh,9,215.7398,209.3512,0.00025791,0.00025791,,0.01965332,36.0,36.0,
2025-09-21,ibm_marrakesh,0,372.8108,81.064,0.00032742,0.00032742,0.00213672,0.00915527,36.0,36.0,68.0
2025-09-21,ibm_marrakesh,1,183.1493,182.4759,0.00022008,0.00022008,0.00144708,0.0045166,36.0,36.0,68.0
2025-09-21,ibm_marrakesh,2,325.8562,359.5927,0.00016573,0.00016573,0.0013511,0.00268555,36.0,36.0,68.0
2025-09-21,ibm_marrakesh,3,232.4551,266.7628,0.00024438,0.00024438,0.00210705,0.00354004,36.0,36.0,80.0
2025-09-21,ibm_marrakesh,4,166.8073,79.3538,0.00041145,0.00041145,0.0025422,0.01159668,36.0,36.0,68.0
2025-09-21,ibm_marrakesh,5,252.4526,218.4945,0.00024724,0.00024724,0.00162437,0.00598145,36.0,36.0,68.0
2025-09-21,ibm_marrakesh,6,277.958,234.0198,0.00019578,0.00019578,0.00167086,0.0045166,36.0,36.0,68.0
2025-09-21,ibm_marrakesh,7,292.5652,150.4085,0.00032136,0.00032136,0.00264616,0.00878906,36.0,36.0,80.0
2025-09-21,ibm_marrakesh,8,220.0694,136.2885,0.00030558,0.00030558,0.00439083,0.0032959,36.0,36.0,68.0
2025-09-21,ibm_marrakesh,9,157.9018,228.0002,0.00021319,0.00021319,,0.02819824,36.0,36.0,
