timestamp,backend,qubit_id,T1_us,T2_us,sx_error,x_error,cz_error,readout_error,t_sx_ns,t_x_ns,t_cz_ns
2026-04-09,ibm_kingston,10,294.2016,17.7785,0.00021169,0.00021169,0.00130122,0.00280762,32.0,32.0,68.0
2026-04-09,ibm_kingston,11,190.7767,103.0456,0.00028201,0.00028201,0.00099156,0.01013184,32.0,32.0,68.0
2026-04-09,ibm_kingston,12,313.3872,240.0604,0.00015359,0.00015359,0.0017627,0.0435791,32.0,32.0,68.0
2026-04-09,ibm_kingston,13,358.2382,376.5238,0.00040112,0.00040112,0.00100255,0.00805664,32.0,32.0,68.0
2026-04-09,ibm_kingston,14,354.3965,506.9027,0.00019474,0.00019474,0.001799,0.02514648,32.0,32.0,68.0
2026-04-09,ibm_kingston,15,376.9001,398.8265,0.0002,0.0002,,0.00683594,32.0,32.0,
2026-04-09,ibm_kingston,16,234.6204,109.0162,0.00012378,0.00012378,,0.03991699,32.0,32.0,
2026-04-09,ibm_kingston,17,318.6515,99.2918,0.00021188,0.00021188,,0.00598145,32.0,32.0,
2026-04-09,ibm_kingston,18,112.4278,89.2376,0.00037702,0.00037702,,0.00805664,32.0,32.0,
2026-04-09,ibm_kingston,19,397.8825,223.964,0.00024681,0.00024681,,0.01098633,32.0,32.0,
2026-04-08,ibm_kingston,10,274.3232,19.2516,0.00013367,0.00013367,0.00122969,0.00256348,32.0,32.0,68.0
2026-04-08,ibm_kingston,11,190.7767,94.6277,0.0001523,0.0001523,0.00099156,0.01147461,32.0,32.0,68.0
2026-04-08,ibm_kingston,12,304.5971,269.6213,0.00018991,0.00018991,0.0017627,0.02453613,32.0,32.0,68.0
2026-04-08,ibm_kingston,13,315.2602,537.6593,0.00024657,0.00024657,0.00098653,0.00769043,32.0,32.0,68.0
2026-04-08,ibm_kingston,14,361.6901,498.2761,0.00031185,0.00031185,0.00247839,0.02258301,32.0,32.0,68.0
2026-04-08,ibm_kingston,15,488.937,409.5145,0.0001141,0.0001141,,0.00512695,32.0,32.0,
2026-04-08,ibm_kingston,16,383.5078,292.3849,0.00019661,0.00019661,,0.02966309,32.0,32.0,
2026-04-08,ibm_kingston,17,300.3258,133.1417,0.00026377,0.00026377,,0.00500488,32.0,32.0,
2026-04-08,ibm_kingston,18,128.1574,108.3499,0.00024613,0.00024613,,0.01318359,32.0,32.0,
2026-04-08,ibm_kingston,19,297.8391,212.6842,0.00020388,0.00020388,,0.01147461,32.0,32.0,
2026-04-07,ibm_kingston,10,310.1063,17.768,0.0002231,0.0002231,0.00122008,0.00292969,32.0,32.0,68.0
2026-04-07,ibm_kingston,11,249.7754,90.1081,0.00036838,0.00036838,0.0009681,0.00622559,32.0,32.0,68.0
2026-04-07,ibm_kingston,12,312.726,274.4899,0.00018991,0.00018991,0.00154827,0.04394531,32.0,32.0,68.0
2026-04-07,ibm_kingston,13,243.5266,384.4484,0.00016147,0.00016147,0.00101194,0.00500488,32.0,32.0,68.0
2026-04-07,ibm_kingston,14,163.344,227.3088,0.00019085,0.00019085,0.00154982,0.02172852,32.0,32.0,68.0
2026-04-07,ibm_kingston,15,424.4953,404.9367,0.00017763,0.00017763,,0.01049805,32.0,32.0,
2026-04-07,ibm_kingston,16,341.3759,215.6692,0.00015228,0.00015228,,0.03405762,32.0,32.0,
2026-04-07,ibm_kingston,17,262.1594,85.5142,0.000291,0.000291,,0.00463867,32.0,32.0,
2026-04-07,ibm_kingston,18,127.6079,95.3149,0.00057395,0.00057395,,0.01159668,32.0,32.0,
2026-04-07,ibm_kingston,19,220.0612,187.7064,0.00020388,0.00020388,,0.01452637,32.0,32.0,
2026-04-06,ibm_kingston,10,263.4257,26.2312,0.00023371,0.00023371,0.00155122,0.00280762,32.0,32.0,68.0
2026-04-06,ibm_kingston,11,305.5294,78.8401,0.00013198,0.00013198,0.00113455,0.00744629,32.0,32.0,68.0
2026-04-06,ibm_kingston,12,244.8608,209.2605,0.0003136,0.0003136,0.00154827,0.03833008,32.0,32.0,68.0
2026-04-06,ibm_kingston,13,242.216,259.5013,0.00014798,0.00014798,0.0008459,0.00769043,32.0,32.0,68.0
2026-04-06,ibm_kingston,14,280.8334,382.3448,0.00022833,0.00022833,0.00207876,0.02514648,32.0,32.0,68.0
2026-04-06,ibm_kingston,15,311.2088,354.5451,9.632e-05,9.632e-05,,0.00488281,32.0,32.0,
2026-04-06,ibm_kingston,16,309.7139,176.5105,0.00012638,0.00012638,,0.03991699,32.0,32.0,
2026-04-06,ibm_kingston,17,340.7929,108.7897,0.00027695,0.00027695,,0.00524902,32.0,32.0,
2026-04-06,ibm_kingston,18,114.4664,90.1825,0.00050736,0.00050736,,0.01135254,32.0,32.0,
2026-04-06,ibm_kingston,19,335.2165,200.595,0.0002543,0.0002543,,0.02087402,32.0,32.0,
2026-04-05,ibm_kingston,10,297.6779,19.0699,0.00021596,0.00021596,0.00127505,0.00195312,32.0,32.0,68.0
2026-04-05,ibm_kingston,11,353.576,114.3059,0.00045786,0.00045786,0.00109729,0.0144043,32.0,32.0,68.0
2026-04-05,ibm_kingston,12,174.5387,108.0306,0.00038868,0.00038868,0.00171341,0.02880859,32.0,32.0,68.0
2026-04-05,ibm_kingston,13,343.1301,445.2879,0.00021322,0.00021322,0.00088045,0.0065918,32.0,32.0,68.0
2026-04-05,ibm_kingston,14,347.454,631.8158,0.00013978,0.00013978,0.00200724,0.02807617,32.0,32.0,68.0
2026-04-05,ibm_kingston,15,383.715,347.5765,0.00012602,0.00012602,,0.00512695,32.0,32.0,
2026-04-05,ibm_kingston,16,423.6867,336.6684,0.00012712,0.00012712,,0.03955078,32.0,32.0,
2026-04-05,ibm_kingston,17,232.449,91.0733,0.00031084,0.00031084,,0.00390625,32.0,32.0,
2026-04-05,ibm_kingston,18,139.2394,109.4863,0.00052982,0.00052982,,0.01318359,32.0,32.0,
2026-04-05,ibm_kingston,19,359.5285,220.3557,0.0002543,0.0002543,,0.01513672,32.0,32.0,
2026-04-04,ibm_kingston,10,297.6779,19.0699,0.00021596,0.00021596,0.00127505,0.00195312,32.0,32.0,68.0
2026-04-04,ibm_kingston,11,353.576,114.3059,0.00045786,0.00045786,0.00109729,0.0144043,32.0,32.0,68.0
2026-04-04,ibm_kingston,12,174.5387,108.0306,0.00038868,0.00038868,0.00171341,0.02880859,32.0,32.0,68.0
2026-04-04,ibm_kingston,13,343.1301,445.2879,0.00021322,0.00021322,0.00088045,0.0065918,32.0,32.0,68.0
2026-04-04,ibm_kingston,14,347.454,631.8158,0.00013978,0.00013978,0.00200724,0.02807617,32.0,32.0,68.0
2026-04-04,ibm_kingston,15,383.715,347.5765,0.00012602,0.00012602,,0.00512695,32.0,32.0,
2026-04-04,ibm_kingston,16,423.6867,336.6684,0.00012712,0.00012712,,0.03955078,32.0,32.0,
2026-04-04,ibm_kingston,17,232.449,91.0733,0.00031084,0.00031084,,0.00390625,32.0,32.0,
2026-04-04,ibm_kingston,18,139.2394,109.4863,0.00052982,0.00052982,,0.01318359,32.0,32.0,
2026-04-04,ibm_kingston,19,359.5285,220.3557,0.0002543,0.0002543,,0.01513672,32.0,32.0,
2026-04-03,ibm_kingston,10,330.002,33.9095,0.00021596,0.00021596,0.00127505,0.00244141,32.0,32.0,68.0
2026-04-03,ibm_kingston,11,281.0205,103.4909,0.00045786,0.00045786,0.00109729,0.00732422,32.0,32.0,68.0
2026-04-03,ibm_kingston,12,214.3661,167.7683,0.00038868,0.00038868,0.00171341,0.0411377,32.0,32.0,68.0
2026-04-03,ibm_kingston,13,327.5081,266.3982,0.00021322,0.00021322,0.00088045,0.00708008,32.0,32.0,68.0
2026-04-03,ibm_kingston,14,357.3796,501.4733,0.00013978,0.00013978,0.00200724,0.0255127,32.0,32.0,68.0
2026-04-03,ibm_kingston,15,308.1806,275.6618,0.00012602,0.00012602,,0.00671387,32.0,32.0,
2026-04-03,ibm_kingston,16,379.9796,295.7077,0.00012712,0.00012712,,0.03979492,32.0,32.0,
2026-04-03,ibm_kingston,17,247.4012,94.9057,0.00031084,0.00031084,,0.00537109,32.0,32.0,
2026-04-03,ibm_kingston,18,145.2876,119.2001,0.00052982,0.00052982,,0.00915527,32.0,32.0,
2026-04-03,ibm_kingston,19,351.1056,255.8798,0.0002543,0.0002543,,0.01660156,32.0,32.0,
2026-04-02,ibm_kingston,10,297.2409,18.2654,0.0001833,0.0001833,0.00113311,0.00354004,32.0,32.0,68.0
2026-04-02,ibm_kingston,11,406.1053,117.4463,0.00020579,0.00020579,0.00114838,0.00708008,32.0,32.0,68.0
2026-04-02,ibm_kingston,12,241.7196,255.9085,0.00021619,0.00021619,0.00134113,0.03100586,32.0,32.0,68.0
2026-04-02,ibm_kingston,13,406.1396,408.0234,0.00018463,0.00018463,0.00088045,0.00744629,32.0,32.0,68.0
2026-04-02,ibm_kingston,14,324.9915,461.4623,0.00024197,0.00024197,0.00188077,0.0279541,32.0,32.0,68.0
2026-04-02,ibm_kingston,15,173.566,195.9947,0.00018036,0.00018036,,0.00817871,32.0,32.0,
2026-04-02,ibm_kingston,16,353.5743,208.796,0.00018941,0.00018941,,0.03747559,32.0,32.0,
2026-04-02,ibm_kingston,17,314.94,96.4413,0.00021164,0.00021164,,0.00598145,32.0,32.0,
2026-04-02,ibm_kingston,18,154.5183,114.2247,0.00040028,0.00040028,,0.01220703,32.0,32.0,
2026-04-02,ibm_kingston,19,292.4204,205.4413,0.0001672,0.0001672,,0.01269531,32.0,32.0,
2026-04-01,ibm_kingston,10,320.5354,19.006,0.00020365,0.00020365,0.00132466,0.00378418,32.0,32.0,68.0
2026-04-01,ibm_kingston,11,302.8376,92.9493,0.000262,0.000262,0.00120659,0.01757812,32.0,32.0,68.0
2026-04-01,ibm_kingston,12,274.9414,232.2995,0.00021438,0.00021438,0.00163003,0.03039551,32.0,32.0,68.0
2026-04-01,ibm_kingston,13,299.8854,418.5101,0.00028648,0.00028648,0.00102191,0.00732422,32.0,32.0,68.0
2026-04-01,ibm_kingston,14,344.5939,390.4963,0.00017474,0.00017474,0.00244898,0.02453613,32.0,32.0,68.0
2026-04-01,ibm_kingston,15,208.4129,197.3822,0.00019768,0.00019768,,0.00817871,32.0,32.0,
2026-04-01,ibm_kingston,16,331.6709,184.8401,0.00010533,0.00010533,,0.04064941,32.0,32.0,
2026-04-01,ibm_kingston,17,315.4403,131.179,0.00042754,0.00042754,,0.00537109,32.0,32.0,
2026-04-01,ibm_kingston,18,147.718,108.0946,0.00055065,0.00055065,,0.01208496,32.0,32.0,
2026-04-01,ibm_kingston,19,326.3949,241.5138,0.00018126,0.00018126,,0.01745605,32.0,32.0,
2026-03-31,ibm_kingston,10,292.6652,19.8582,0.00041048,0.00041048,0.00156342,0.00231934,32.0,32.0,68.0
2026-03-31,ibm_kingston,11,468.3265,119.5803,0.00024375,0.00024375,0.00176276,0.01013184,32.0,32.0,68.0
2026-03-31,ibm_kingston,12,245.061,206.5745,0.00021438,0.00021438,0.00130355,0.03222656,32.0,32.0,68.0
2026-03-31,ibm_kingston,13,465.7201,488.4821,0.0001503,0.0001503,0.00089777,0.00683594,32.0,32.0,68.0
2026-03-31,ibm_kingston,14,317.8225,428.6035,0.00016467,0.00016467,0.00240005,0.02453613,32.0,32.0,68.0
2026-03-31,ibm_kingston,15,218.9594,218.0631,0.00020297,0.00020297,,0.00598145,32.0,32.0,
2026-03-31,ibm_kingston,16,392.7174,264.0415,0.0001055,0.0001055,,0.03613281,32.0,32.0,
2026-03-31,ibm_kingston,17,259.9307,115.4006,0.00032194,0.00032194,,0.00817871,32.0,32.0,
2026-03-31,ibm_kingston,18,131.0177,109.7414,0.00045586,0.00045586,,0.00952148,32.0,32.0,
2026-03-31,ibm_kingston,19,230.7646,202.7532,0.0003333,0.0003333,,0.01647949,32.0,32.0,
2026-03-30,ibm_kingston,10,221.4106,17.9754,0.00018986,0.00018986,0.00123826,0.00317383,32.0,32.0,68.0
2026-03-30,ibm_kingston,11,420.5929,112.2473,0.00020239,0.00020239,0.00117826,0.00561523,32.0,32.0,68.0
2026-03-30,ibm_kingston,12,368.0183,317.6029,0.00024835,0.00024835,0.00139685,0.03857422,32.0,32.0,68.0
2026-03-30,ibm_kingston,13,405.6555,488.4821,0.0001503,0.0001503,0.00098373,0.00732422,32.0,32.0,68.0
2026-03-30,ibm_kingston,14,339.9994,445.3691,0.00011092,0.00011092,0.00291164,0.02148438,32.0,32.0,68.0
2026-03-30,ibm_kingston,15,338.5253,365.328,0.00015845,0.00015845,,0.00378418,32.0,32.0,
2026-03-30,ibm_kingston,16,434.7894,419.9093,0.00013504,0.00013504,,0.03271484,32.0,32.0,
2026-03-30,ibm_kingston,17,251.6936,120.1777,0.00018381,0.00018381,,0.00793457,32.0,32.0,
2026-03-30,ibm_kingston,18,145.7127,104.745,0.00027117,0.00027117,,0.01013184,32.0,32.0,
2026-03-30,ibm_kingston,19,283.4503,202.5056,0.00026883,0.00026883,,0.01147461,32.0,32.0,
2026-03-29,ibm_kingston,10,259.2207,17.0629,0.00022328,0.00022328,0.00125918,0.00463867,32.0,32.0,68.0
2026-03-29,ibm_kingston,11,384.6266,96.9208,0.00041895,0.00041895,0.00089164,0.00524902,32.0,32.0,68.0
2026-03-29,ibm_kingston,12,344.0523,316.0176,0.00022401,0.00022401,0.00161614,0.0291748,32.0,32.0,68.0
2026-03-29,ibm_kingston,13,301.531,488.4821,0.00029401,0.00029401,0.00102402,0.00598145,32.0,32.0,68.0
2026-03-29,ibm_kingston,14,221.5366,283.7413,0.00028351,0.00028351,0.00209493,0.02099609,32.0,32.0,68.0
2026-03-29,ibm_kingston,15,426.664,425.6479,0.0001872,0.0001872,,0.00476074,32.0,32.0,
2026-03-29,ibm_kingston,16,203.3146,205.8326,0.00024198,0.00024198,,0.03515625,32.0,32.0,
2026-03-29,ibm_kingston,17,241.1464,152.3568,0.00029463,0.00029463,,0.00415039,32.0,32.0,
2026-03-29,ibm_kingston,18,140.0637,116.4884,0.00038802,0.00038802,,0.01904297,32.0,32.0,
2026-03-29,ibm_kingston,19,305.3295,209.5914,0.00037019,0.00037019,,0.01342773,32.0,32.0,
2026-03-28,ibm_kingston,10,116.5005,20.7177,0.00029652,0.00029652,0.00162097,0.00854492,32.0,32.0,68.0
2026-03-28,ibm_kingston,11,231.023,100.9167,0.00012409,0.00012409,0.00218197,0.00561523,32.0,32.0,68.0
2026-03-28,ibm_kingston,12,135.3404,160.5815,0.00035459,0.00035459,0.00205796,0.02648926,32.0,32.0,68.0
2026-03-28,ibm_kingston,13,280.7869,325.3464,0.00025195,0.00025195,0.00075224,0.0090332,32.0,32.0,68.0
2026-03-28,ibm_kingston,14,248.3014,274.1521,0.00024751,0.00024751,0.00194079,0.01855469,32.0,32.0,68.0
2026-03-28,ibm_kingston,15,266.5426,260.2391,0.00011854,0.00011854,,0.00390625,32.0,32.0,
2026-03-28,ibm_kingston,16,360.7449,267.679,0.00014607,0.00014607,,0.03723145,32.0,32.0,
2026-03-28,ibm_kingston,17,381.6448,152.1832,0.00021222,0.00021222,,0.00732422,32.0,32.0,
2026-03-28,ibm_kingston,18,152.6257,122.3995,0.00046358,0.00046358,,0.01184082,32.0,32.0,
2026-03-28,ibm_kingston,19,278.2468,202.798,0.00017454,0.00017454,,0.01586914,32.0,32.0,
2026-03-27,ibm_kingston,10,311.992,17.8929,0.0002764,0.0002764,0.001431,0.00402832,32.0,32.0,68.0
2026-03-27,ibm_kingston,11,130.9506,68.9722,0.00018616,0.00018616,0.00103539,0.00463867,32.0,32.0,68.0
2026-03-27,ibm_kingston,12,306.9635,280.5841,0.00020893,0.00020893,0.0012819,0.03210449,32.0,32.0,68.0
2026-03-27,ibm_kingston,13,353.686,469.1843,0.00025195,0.00025195,0.00088227,0.0065918,32.0,32.0,68.0
2026-03-27,ibm_kingston,14,297.7156,459.1258,0.0001442,0.0001442,0.00227317,0.02307129,32.0,32.0,68.0
2026-03-27,ibm_kingston,15,155.5163,141.9142,0.00016639,0.00016639,,0.01123047,32.0,32.0,
2026-03-27,ibm_kingston,16,339.766,320.844,0.00013888,0.00013888,,0.03625488,32.0,32.0,
2026-03-27,ibm_kingston,17,334.038,111.5234,0.00051056,0.00051056,,0.00500488,32.0,32.0,
2026-03-27,ibm_kingston,18,159.8882,131.8452,0.00057837,0.00057837,,0.02270508,32.0,32.0,
2026-03-27,ibm_kingston,19,276.737,209.9906,0.00034235,0.00034235,,0.0144043,32.0,32.0,
2026-03-26,ibm_kingston,10,321.3306,19.7134,0.0002223,0.0002223,0.00118574,0.00402832,32.0,32.0,68.0
2026-03-26,ibm_kingston,11,368.1857,115.4162,0.00025317,0.00025317,0.00380196,0.00622559,32.0,32.0,68.0
2026-03-26,ibm_kingston,12,305.2432,259.5543,0.00053609,0.00053609,0.00496896,0.02880859,32.0,32.0,68.0
2026-03-26,ibm_kingston,13,353.656,421.1503,0.00025425,0.00025425,0.00088227,0.0065918,32.0,32.0,68.0
2026-03-26,ibm_kingston,14,360.527,417.2929,0.0001442,0.0001442,0.00183603,0.02636719,32.0,32.0,68.0
2026-03-26,ibm_kingston,15,319.8365,271.9471,0.0003532,0.0003532,,0.0065918,32.0,32.0,
2026-03-26,ibm_kingston,16,328.9467,355.7604,0.00012787,0.00012787,,0.03796387,32.0,32.0,
2026-03-26,ibm_kingston,17,187.0564,104.2907,0.00034642,0.00034642,,0.00524902,32.0,32.0,
2026-03-26,ibm_kingston,18,131.9123,123.3516,0.00043801,0.00043801,,0.00830078,32.0,32.0,
2026-03-26,ibm_kingston,19,241.2502,181.5785,0.00020734,0.00020734,,0.01550293,32.0,32.0,
2026-03-25,ibm_kingston,10,307.8555,20.6412,0.00027375,0.00027375,0.00129784,0.00378418,32.0,32.0,68.0
2026-03-25,ibm_kingston,11,212.6014,109.1053,0.00024428,0.00024428,0.00111927,0.00708008,32.0,32.0,68.0
2026-03-25,ibm_kingston,12,317.3247,277.7187,0.00024925,0.00024925,0.00166678,0.02844238,32.0,32.0,68.0
2026-03-25,ibm_kingston,13,420.4921,464.2965,0.00010741,0.00010741,0.00084717,0.00756836,32.0,32.0,68.0
2026-03-25,ibm_kingston,14,304.8573,398.9024,9.998e-05,9.998e-05,0.00169012,0.0213623,32.0,32.0,68.0
2026-03-25,ibm_kingston,15,97.6305,108.0049,0.00014462,0.00014462,,0.00683594,32.0,32.0,
2026-03-25,ibm_kingston,16,233.9287,227.5432,0.00018054,0.00018054,,0.03967285,32.0,32.0,
2026-03-25,ibm_kingston,17,252.9524,79.2257,0.00024614,0.00024614,,0.0078125,32.0,32.0,
2026-03-25,ibm_kingston,18,152.273,114.618,0.00030834,0.00030834,,0.01184082,32.0,32.0,
2026-03-25,ibm_kingston,19,278.8311,212.367,0.00020734,0.00020734,,0.01135254,32.0,32.0,
2026-03-24,ibm_kingston,10,307.8555,20.6412,0.00027375,0.00027375,0.00129784,0.00366211,32.0,32.0,68.0
2026-03-24,ibm_kingston,11,212.6014,109.1053,0.00024428,0.00024428,0.00111927,0.0078125,32.0,32.0,68.0
2026-03-24,ibm_kingston,12,317.3247,277.7187,0.00024925,0.00024925,0.00166678,0.03149414,32.0,32.0,68.0
2026-03-24,ibm_kingston,13,420.4921,464.2965,0.00010741,0.00010741,0.00084717,0.00561523,32.0,32.0,68.0
2026-03-24,ibm_kingston,14,304.8573,398.9024,9.998e-05,9.998e-05,0.00169012,0.02441406,32.0,32.0,68.0
2026-03-24,ibm_kingston,15,97.6305,108.0049,0.00014462,0.00014462,,0.0090332,32.0,32.0,
2026-03-24,ibm_kingston,16,233.9287,227.5432,0.00018054,0.00018054,,0.03588867,32.0,32.0,
2026-03-24,ibm_kingston,17,252.9524,79.2257,0.00024614,0.00024614,,0.00634766,32.0,32.0,
2026-03-24,ibm_kingston,18,152.273,114.618,0.00030834,0.00030834,,0.00976562,32.0,32.0,
2026-03-24,ibm_kingston,19,278.8311,212.367,0.00020734,0.00020734,,0.00878906,32.0,32.0,
2026-03-23,ibm_kingston,10,307.8555,20.6412,0.00027375,0.00027375,0.00129784,0.00354004,32.0,32.0,68.0
2026-03-23,ibm_kingston,11,212.6014,109.1053,0.00024428,0.00024428,0.00111927,0.0057373,32.0,32.0,68.0
2026-03-23,ibm_kingston,12,317.3247,277.7187,0.00024925,0.00024925,0.00166678,0.03820801,32.0,32.0,68.0
2026-03-23,ibm_kingston,13,420.4921,464.2965,0.00010741,0.00010741,0.00084717,0.00878906,32.0,32.0,68.0
2026-03-23,ibm_kingston,14,304.8573,398.9024,9.998e-05,9.998e-05,0.00169012,0.02075195,32.0,32.0,68.0
2026-03-23,ibm_kingston,15,97.6305,108.0049,0.00014462,0.00014462,,0.0090332,32.0,32.0,
2026-03-23,ibm_kingston,16,233.9287,227.5432,0.00018054,0.00018054,,0.0378418,32.0,32.0,
2026-03-23,ibm_kingston,17,252.9524,79.2257,0.00024614,0.00024614,,0.00549316,32.0,32.0,
2026-03-23,ibm_kingston,18,152.273,114.618,0.00030834,0.00030834,,0.01135254,32.0,32.0,
2026-03-23,ibm_kingston,19,278.8311,212.367,0.00020734,0.00020734,,0.00915527,32.0,32.0,
2026-03-22,ibm_kingston,10,336.5467,19.5203,0.00016217,0.00016217,0.00134341,0.00695801,32.0,32.0,68.0
2026-03-22,ibm_kingston,11,379.9075,106.5202,0.00012597,0.00012597,0.00098572,0.00512695,32.0,32.0,68.0
2026-03-22,ibm_kingston,12,273.1166,208.4469,0.0002195,0.0002195,0.00143311,0.03674316,32.0,32.0,68.0
2026-03-22,ibm_kingston,13,337.8592,490.4877,0.00030114,0.00030114,0.00101475,0.01330566,32.0,32.0,68.0
2026-03-22,ibm_kingston,14,300.3428,423.659,0.00018382,0.00018382,0.00175014,0.01599121,32.0,32.0,68.0
2026-03-22,ibm_kingston,15,360.7415,332.8319,0.00017177,0.00017177,,0.00695801,32.0,32.0,
2026-03-22,ibm_kingston,16,224.4155,75.265,0.00020605,0.00020605,,0.03808594,32.0,32.0,
2026-03-22,ibm_kingston,17,250.7655,106.2253,0.00034295,0.00034295,,0.0078125,32.0,32.0,
2026-03-22,ibm_kingston,18,121.6767,106.9176,0.00063453,0.00063453,,0.02160645,32.0,32.0,
2026-03-22,ibm_kingston,19,318.4897,223.6285,0.00030295,0.00030295,,0.0090332,32.0,32.0,
2026-03-21,ibm_kingston,10,295.4249,22.0722,0.00026925,0.00026925,0.00140702,0.0057373,32.0,32.0,68.0
2026-03-21,ibm_kingston,11,448.3879,91.8308,0.00012597,0.00012597,0.00105122,0.00683594,32.0,32.0,68.0
2026-03-21,ibm_kingston,12,319.1642,277.8774,0.00032392,0.00032392,0.00165885,0.05529785,32.0,32.0,68.0
2026-03-21,ibm_kingston,13,290.2774,147.4821,0.00018001,0.00018001,0.00165417,0.00756836,32.0,32.0,68.0
2026-03-21,ibm_kingston,14,315.1096,507.5512,0.00021873,0.00021873,0.0031839,0.0213623,32.0,32.0,68.0
2026-03-21,ibm_kingston,15,332.47,301.7177,0.00016773,0.00016773,,0.00769043,32.0,32.0,
2026-03-21,ibm_kingston,16,383.4562,397.8679,0.00010926,0.00010926,,0.03161621,32.0,32.0,
2026-03-21,ibm_kingston,17,265.167,101.0278,0.00023053,0.00023053,,0.00708008,32.0,32.0,
2026-03-21,ibm_kingston,18,138.7612,108.1668,0.00051452,0.00051452,,0.0111084,32.0,32.0,
2026-03-21,ibm_kingston,19,356.2215,261.2565,0.00021073,0.00021073,,0.09558105,32.0,32.0,
2026-03-20,ibm_kingston,10,250.3967,17.5243,0.00021399,0.00021399,0.00132131,0.00610352,32.0,32.0,68.0
2026-03-20,ibm_kingston,11,319.5003,79.6465,0.00030594,0.00030594,0.00095368,0.02819824,32.0,32.0,68.0
2026-03-20,ibm_kingston,12,208.7284,206.5808,0.00020023,0.00020023,0.00307805,0.0279541,32.0,32.0,68.0
2026-03-20,ibm_kingston,13,290.2774,417.963,0.00046005,0.00046005,0.00096096,0.0057373,32.0,32.0,68.0
2026-03-20,ibm_kingston,14,345.2371,93.9971,0.00012109,0.00012109,0.00187105,0.02380371,32.0,32.0,68.0
2026-03-20,ibm_kingston,15,437.5018,340.8267,0.00017903,0.00017903,,0.01013184,32.0,32.0,
2026-03-20,ibm_kingston,16,305.4727,285.5084,0.00012031,0.00012031,,0.03710938,32.0,32.0,
2026-03-20,ibm_kingston,17,213.7618,135.4127,0.00026087,0.00026087,,0.00732422,32.0,32.0,
2026-03-20,ibm_kingston,18,129.7275,97.6394,0.00031221,0.00031221,,0.01159668,32.0,32.0,
2026-03-20,ibm_kingston,19,282.3647,213.4734,0.00020188,0.00020188,,0.01013184,32.0,32.0,
2026-03-19,ibm_kingston,10,181.403,20.81,0.00016747,0.00016747,0.00136046,0.00598145,32.0,32.0,68.0
2026-03-19,ibm_kingston,11,152.5247,60.5838,0.00033392,0.00033392,0.00112892,0.01025391,32.0,32.0,68.0
2026-03-19,ibm_kingston,12,310.021,288.7565,0.00022255,0.00022255,0.00420302,0.03210449,32.0,32.0,68.0
2026-03-19,ibm_kingston,13,415.8193,604.6476,0.00016092,0.00016092,0.00085678,0.00744629,32.0,32.0,68.0
2026-03-19,ibm_kingston,14,345.2371,406.5748,0.00019918,0.00019918,0.0025218,0.02026367,32.0,32.0,68.0
2026-03-19,ibm_kingston,15,367.4673,321.6243,0.00017387,0.00017387,,0.00805664,32.0,32.0,
2026-03-19,ibm_kingston,16,340.8265,299.1798,0.00021086,0.00021086,,0.03625488,32.0,32.0,
2026-03-19,ibm_kingston,17,222.2991,107.6905,0.00033584,0.00033584,,0.0090332,32.0,32.0,
2026-03-19,ibm_kingston,18,142.7054,110.695,0.00037207,0.00037207,,0.01000977,32.0,32.0,
2026-03-19,ibm_kingston,19,269.5607,227.2757,0.00047196,0.00047196,,0.01245117,32.0,32.0,
2026-03-18,ibm_kingston,10,297.385,18.8581,0.00021111,0.00021111,0.00136046,0.00634766,32.0,32.0,68.0
2026-03-18,ibm_kingston,11,433.3904,103.7709,0.00033392,0.00033392,0.00112892,0.0090332,32.0,32.0,68.0
2026-03-18,ibm_kingston,12,138.8282,150.6512,0.0001983,0.0001983,0.00420302,0.02929688,32.0,32.0,68.0
2026-03-18,ibm_kingston,13,446.8896,222.2701,0.00032388,0.00032388,0.00085678,0.00634766,32.0,32.0,68.0
2026-03-18,ibm_kingston,14,348.5767,373.6615,0.00018663,0.00018663,0.0025218,0.0246582,32.0,32.0,68.0
2026-03-18,ibm_kingston,15,313.7708,298.5794,9.63e-05,9.63e-05,,0.00854492,32.0,32.0,
2026-03-18,ibm_kingston,16,376.7712,311.1001,0.00015017,0.00015017,,0.03979492,32.0,32.0,
2026-03-18,ibm_kingston,17,294.0422,110.9906,0.00025695,0.00025695,,0.00732422,32.0,32.0,
2026-03-18,ibm_kingston,18,133.3618,108.2321,0.00027074,0.00027074,,0.01147461,32.0,32.0,
2026-03-18,ibm_kingston,19,315.1207,237.3973,0.00018432,0.00018432,,0.00854492,32.0,32.0,
2026-03-17,ibm_kingston,10,216.8543,31.779,0.00028909,0.00028909,0.00136046,0.00585938,32.0,32.0,68.0
2026-03-17,ibm_kingston,11,217.2103,94.1542,0.0003984,0.0003984,0.00112892,0.00830078,32.0,32.0,68.0
2026-03-17,ibm_kingston,12,199.9622,138.6554,0.00044462,0.00044462,0.00420302,0.02441406,32.0,32.0,68.0
2026-03-17,ibm_kingston,13,229.3049,222.2701,0.00025137,0.00025137,0.00085678,0.01025391,32.0,32.0,68.0
2026-03-17,ibm_kingston,14,237.4693,355.1687,0.00010919,0.00010919,0.0025218,0.02001953,32.0,32.0,68.0
2026-03-17,ibm_kingston,15,273.8836,270.4668,0.00014835,0.00014835,,0.00756836,32.0,32.0,
2026-03-17,ibm_kingston,16,203.2047,228.1025,0.00013531,0.00013531,,0.03442383,32.0,32.0,
2026-03-17,ibm_kingston,17,272.0423,133.4494,0.00023322,0.00023322,,0.00415039,32.0,32.0,
2026-03-17,ibm_kingston,18,126.7704,116.5142,0.0003841,0.0003841,,0.01538086,32.0,32.0,
2026-03-17,ibm_kingston,19,109.3833,91.7401,0.00019947,0.00019947,,0.01269531,32.0,32.0,
2026-03-16,ibm_kingston,10,216.8543,31.779,0.00028909,0.00028909,0.0014077,0.00585938,32.0,32.0,68.0
2026-03-16,ibm_kingston,11,217.2103,94.1542,0.0003984,0.0003984,0.00119746,0.00830078,32.0,32.0,68.0
2026-03-16,ibm_kingston,12,199.9622,138.6554,0.00044462,0.00044462,0.00332809,0.02441406,32.0,32.0,68.0
2026-03-16,ibm_kingston,13,229.3049,222.2701,0.00025137,0.00025137,0.00085678,0.01025391,32.0,32.0,68.0
2026-03-16,ibm_kingston,14,237.4693,355.1687,0.00010919,0.00010919,0.00206616,0.02001953,32.0,32.0,68.0
2026-03-16,ibm_kingston,15,273.8836,270.4668,0.00014835,0.00014835,,0.00756836,32.0,32.0,
2026-03-16,ibm_kingston,16,203.2047,228.1025,0.00013531,0.00013531,,0.03442383,32.0,32.0,
2026-03-16,ibm_kingston,17,272.0423,133.4494,0.00023322,0.00023322,,0.00415039,32.0,32.0,
2026-03-16,ibm_kingston,18,126.7704,116.5142,0.0003841,0.0003841,,0.01538086,32.0,32.0,
2026-03-16,ibm_kingston,19,109.3833,91.7401,0.00019947,0.00019947,,0.01269531,32.0,32.0,
2026-03-15,ibm_kingston,10,333.1299,19.6217,0.00024316,0.00024316,0.0014077,0.00439453,32.0,32.0,68.0
2026-03-15,ibm_kingston,11,251.144,74.275,0.00073184,0.00073184,0.00119746,0.00598145,32.0,32.0,68.0
2026-03-15,ibm_kingston,12,351.9125,295.3156,0.0002034,0.0002034,0.00332809,0.03320312,32.0,32.0,68.0
2026-03-15,ibm_kingston,13,370.3192,443.2008,0.00021231,0.00021231,0.00085678,0.00585938,32.0,32.0,68.0
2026-03-15,ibm_kingston,14,223.9217,223.2237,0.00021935,0.00021935,0.00206616,0.00415039,32.0,32.0,68.0
2026-03-15,ibm_kingston,15,116.65,113.6341,0.00012501,0.00012501,,0.00646973,32.0,32.0,
2026-03-15,ibm_kingston,16,286.1289,177.1669,0.00010116,0.00010116,,0.03649902,32.0,32.0,
2026-03-15,ibm_kingston,17,259.3575,170.777,0.00020647,0.00020647,,0.00634766,32.0,32.0,
2026-03-15,ibm_kingston,18,80.9936,81.5258,0.00041659,0.00041659,,0.01098633,32.0,32.0,
2026-03-15,ibm_kingston,19,214.582,177.0913,0.00059665,0.00059665,,0.00756836,32.0,32.0,
2026-03-14,ibm_kingston,10,333.1299,19.6217,0.00024316,0.00024316,0.0014077,0.00439453,32.0,32.0,68.0
2026-03-14,ibm_kingston,11,251.144,74.275,0.00073184,0.00073184,0.00119746,0.00598145,32.0,32.0,68.0
2026-03-14,ibm_kingston,12,351.9125,295.3156,0.0002034,0.0002034,0.00332809,0.03320312,32.0,32.0,68.0
2026-03-14,ibm_kingston,13,370.3192,443.2008,0.00021231,0.00021231,0.00085678,0.00585938,32.0,32.0,68.0
2026-03-14,ibm_kingston,14,223.9217,223.2237,0.00021935,0.00021935,0.00206616,0.00415039,32.0,32.0,68.0
2026-03-14,ibm_kingston,15,116.65,113.6341,0.00012501,0.00012501,,0.00646973,32.0,32.0,
2026-03-14,ibm_kingston,16,286.1289,177.1669,0.00010116,0.00010116,,0.03649902,32.0,32.0,
2026-03-14,ibm_kingston,17,259.3575,170.777,0.00020647,0.00020647,,0.00634766,32.0,32.0,
2026-03-14,ibm_kingston,18,80.9936,81.5258,0.00041659,0.00041659,,0.01098633,32.0,32.0,
2026-03-14,ibm_kingston,19,214.582,177.0913,0.00059665,0.00059665,,0.00756836,32.0,32.0,
2026-03-13,ibm_kingston,10,185.9717,17.3362,0.00025618,0.00025618,0.00123507,0.01757812,32.0,32.0,68.0
2026-03-13,ibm_kingston,11,408.8806,82.6558,0.0001812,0.0001812,0.00113156,0.03710938,32.0,32.0,68.0
2026-03-13,ibm_kingston,12,283.1976,299.6153,0.00024462,0.00024462,0.00341685,0.02124023,32.0,32.0,68.0
2026-03-13,ibm_kingston,13,269.9119,408.6026,0.00025741,0.00025741,0.00097528,0.00634766,32.0,32.0,68.0
2026-03-13,ibm_kingston,14,137.4257,194.2369,0.00015478,0.00015478,0.00221408,0.01391602,32.0,32.0,68.0
2026-03-13,ibm_kingston,15,231.6502,257.7802,0.00010608,0.00010608,,0.00952148,32.0,32.0,
2026-03-13,ibm_kingston,16,327.8223,299.2156,0.00012636,0.00012636,,0.03369141,32.0,32.0,
2026-03-13,ibm_kingston,17,50.3845,65.9822,0.00035353,0.00035353,,0.02294922,32.0,32.0,
2026-03-13,ibm_kingston,18,132.6166,35.5386,0.00060503,0.00060503,,0.01660156,32.0,32.0,
2026-03-13,ibm_kingston,19,166.8042,165.9044,0.000116,0.000116,,0.02416992,32.0,32.0,
2026-03-12,ibm_kingston,10,185.9717,17.3362,0.00025618,0.00025618,0.00123507,0.01757812,32.0,32.0,68.0
2026-03-12,ibm_kingston,11,408.8806,82.6558,0.0001812,0.0001812,0.00113156,0.03710938,32.0,32.0,68.0
2026-03-12,ibm_kingston,12,283.1976,299.6153,0.00024462,0.00024462,0.00341685,0.02124023,32.0,32.0,68.0
2026-03-12,ibm_kingston,13,269.9119,408.6026,0.00025741,0.00025741,0.00097528,0.00634766,32.0,32.0,68.0
2026-03-12,ibm_kingston,14,137.4257,194.2369,0.00015478,0.00015478,0.00221408,0.01391602,32.0,32.0,68.0
2026-03-12,ibm_kingston,15,231.6502,257.7802,0.00010608,0.00010608,,0.00952148,32.0,32.0,
2026-03-12,ibm_kingston,16,327.8223,299.2156,0.00012636,0.00012636,,0.03369141,32.0,32.0,
2026-03-12,ibm_kingston,17,50.3845,65.9822,0.00035353,0.00035353,,0.02294922,32.0,32.0,
2026-03-12,ibm_kingston,18,132.6166,35.5386,0.00060503,0.00060503,,0.01660156,32.0,32.0,
2026-03-12,ibm_kingston,19,166.8042,165.9044,0.000116,0.000116,,0.02416992,32.0,32.0,
2026-03-11,ibm_kingston,10,185.9717,17.3362,0.00025618,0.00025618,0.00123507,0.01757812,32.0,32.0,68.0
2026-03-11,ibm_kingston,11,408.8806,82.6558,0.0001812,0.0001812,0.00113156,0.03710938,32.0,32.0,68.0
2026-03-11,ibm_kingston,12,283.1976,299.6153,0.00024462,0.00024462,0.00341685,0.02124023,32.0,32.0,68.0
2026-03-11,ibm_kingston,13,269.9119,408.6026,0.00025741,0.00025741,0.00097528,0.00634766,32.0,32.0,68.0
2026-03-11,ibm_kingston,14,137.4257,194.2369,0.00015478,0.00015478,0.00221408,0.01391602,32.0,32.0,68.0
2026-03-11,ibm_kingston,15,231.6502,257.7802,0.00010608,0.00010608,,0.00952148,32.0,32.0,
2026-03-11,ibm_kingston,16,327.8223,299.2156,0.00012636,0.00012636,,0.03369141,32.0,32.0,
2026-03-11,ibm_kingston,17,50.3845,65.9822,0.00035353,0.00035353,,0.02294922,32.0,32.0,
2026-03-11,ibm_kingston,18,132.6166,35.5386,0.00060503,0.00060503,,0.01660156,32.0,32.0,
2026-03-11,ibm_kingston,19,166.8042,165.9044,0.000116,0.000116,,0.02416992,32.0,32.0,
2026-03-10,ibm_kingston,10,185.9717,17.3362,0.00025618,0.00025618,0.00123507,0.01757812,32.0,32.0,68.0
2026-03-10,ibm_kingston,11,408.8806,82.6558,0.0001812,0.0001812,0.00113156,0.03710938,32.0,32.0,68.0
2026-03-10,ibm_kingston,12,283.1976,299.6153,0.00024462,0.00024462,0.00341685,0.02124023,32.0,32.0,68.0
2026-03-10,ibm_kingston,13,269.9119,408.6026,0.00025741,0.00025741,0.00097528,0.00634766,32.0,32.0,68.0
2026-03-10,ibm_kingston,14,137.4257,194.2369,0.00015478,0.00015478,0.00221408,0.01391602,32.0,32.0,68.0
2026-03-10,ibm_kingston,15,231.6502,257.7802,0.00010608,0.00010608,,0.00952148,32.0,32.0,
2026-03-10,ibm_kingston,16,327.8223,299.2156,0.00012636,0.00012636,,0.03369141,32.0,32.0,
2026-03-10,ibm_kingston,17,50.3845,65.9822,0.00035353,0.00035353,,0.02294922,32.0,32.0,
2026-03-10,ibm_kingston,18,132.6166,35.5386,0.00060503,0.00060503,,0.01660156,32.0,32.0,
2026-03-10,ibm_kingston,19,166.8042,165.9044,0.000116,0.000116,,0.02416992,32.0,32.0,
2026-03-09,ibm_kingston,10,185.9717,17.3362,0.00025618,0.00025618,0.00123507,0.01757812,32.0,32.0,68.0
2026-03-09,ibm_kingston,11,408.8806,82.6558,0.0001812,0.0001812,0.00113156,0.03710938,32.0,32.0,68.0
2026-03-09,ibm_kingston,12,283.1976,299.6153,0.00024462,0.00024462,0.00341685,0.02124023,32.0,32.0,68.0
2026-03-09,ibm_kingston,13,269.9119,408.6026,0.00025741,0.00025741,0.00097528,0.00634766,32.0,32.0,68.0
2026-03-09,ibm_kingston,14,137.4257,194.2369,0.00015478,0.00015478,0.00221408,0.01391602,32.0,32.0,68.0
2026-03-09,ibm_kingston,15,231.6502,257.7802,0.00010608,0.00010608,,0.00952148,32.0,32.0,
2026-03-09,ibm_kingston,16,327.8223,299.2156,0.00012636,0.00012636,,0.03369141,32.0,32.0,
2026-03-09,ibm_kingston,17,50.3845,65.9822,0.00035353,0.00035353,,0.02294922,32.0,32.0,
2026-03-09,ibm_kingston,18,132.6166,35.5386,0.00060503,0.00060503,,0.01660156,32.0,32.0,
2026-03-09,ibm_kingston,19,166.8042,165.9044,0.000116,0.000116,,0.02416992,32.0,32.0,
2026-03-08,ibm_kingston,10,185.9717,17.3362,0.00025618,0.00025618,0.00123507,0.01757812,32.0,32.0,68.0
2026-03-08,ibm_kingston,11,408.8806,82.6558,0.0001812,0.0001812,0.00113156,0.03710938,32.0,32.0,68.0
2026-03-08,ibm_kingston,12,283.1976,299.6153,0.00024462,0.00024462,0.00341685,0.02124023,32.0,32.0,68.0
2026-03-08,ibm_kingston,13,269.9119,408.6026,0.00025741,0.00025741,0.00097528,0.00634766,32.0,32.0,68.0
2026-03-08,ibm_kingston,14,137.4257,194.2369,0.00015478,0.00015478,0.00221408,0.01391602,32.0,32.0,68.0
2026-03-08,ibm_kingston,15,231.6502,257.7802,0.00010608,0.00010608,,0.00952148,32.0,32.0,
2026-03-08,ibm_kingston,16,327.8223,299.2156,0.00012636,0.00012636,,0.03369141,32.0,32.0,
2026-03-08,ibm_kingston,17,50.3845,65.9822,0.00035353,0.00035353,,0.02294922,32.0,32.0,
2026-03-08,ibm_kingston,18,132.6166,35.5386,0.00060503,0.00060503,,0.01660156,32.0,32.0,
2026-03-08,ibm_kingston,19,166.8042,165.9044,0.000116,0.000116,,0.02416992,32.0,32.0,
2026-03-07,ibm_kingston,10,185.9717,17.3362,0.00025618,0.00025618,0.00123507,0.01757812,32.0,32.0,68.0
2026-03-07,ibm_kingston,11,408.8806,82.6558,0.0001812,0.0001812,0.00113156,0.03710938,32.0,32.0,68.0
2026-03-07,ibm_kingston,12,283.1976,299.6153,0.00024462,0.00024462,0.00341685,0.02124023,32.0,32.0,68.0
2026-03-07,ibm_kingston,13,269.9119,408.6026,0.00025741,0.00025741,0.00097528,0.00634766,32.0,32.0,68.0
2026-03-07,ibm_kingston,14,137.4257,194.2369,0.00015478,0.00015478,0.00221408,0.01391602,32.0,32.0,68.0
2026-03-07,ibm_kingston,15,231.6502,257.7802,0.00010608,0.00010608,,0.00952148,32.0,32.0,
2026-03-07,ibm_kingston,16,327.8223,299.2156,0.00012636,0.00012636,,0.03369141,32.0,32.0,
2026-03-07,ibm_kingston,17,50.3845,65.9822,0.00035353,0.00035353,,0.02294922,32.0,32.0,
2026-03-07,ibm_kingston,18,132.6166,35.5386,0.00060503,0.00060503,,0.01660156,32.0,32.0,
2026-03-07,ibm_kingston,19,166.8042,165.9044,0.000116,0.000116,,0.02416992,32.0,32.0,
2026-03-06,ibm_kingston,10,185.9717,17.3362,0.00025618,0.00025618,0.00123507,0.01757812,32.0,32.0,68.0
2026-03-06,ibm_kingston,11,408.8806,82.6558,0.0001812,0.0001812,0.00113156,0.03710938,32.0,32.0,68.0
2026-03-06,ibm_kingston,12,283.1976,299.6153,0.00024462,0.00024462,0.00341685,0.02124023,32.0,32.0,68.0
2026-03-06,ibm_kingston,13,269.9119,408.6026,0.00025741,0.00025741,0.00097528,0.00634766,32.0,32.0,68.0
2026-03-06,ibm_kingston,14,137.4257,194.2369,0.00015478,0.00015478,0.00221408,0.01391602,32.0,32.0,68.0
2026-03-06,ibm_kingston,15,231.6502,257.7802,0.00010608,0.00010608,,0.00952148,32.0,32.0,
2026-03-06,ibm_kingston,16,327.8223,299.2156,0.00012636,0.00012636,,0.03369141,32.0,32.0,
2026-03-06,ibm_kingston,17,50.3845,65.9822,0.00035353,0.00035353,,0.02294922,32.0,32.0,
2026-03-06,ibm_kingston,18,132.6166,35.5386,0.00060503,0.00060503,,0.01660156,32.0,32.0,
2026-03-06,ibm_kingston,19,166.8042,165.9044,0.000116,0.000116,,0.02416992,32.0,32.0,
2026-03-05,ibm_kingston,10,185.9717,17.3362,0.00025618,0.00025618,0.00123507,0.01757812,32.0,32.0,68.0
2026-03-05,ibm_kingston,11,408.8806,82.6558,0.0001812,0.0001812,0.00113156,0.03710938,32.0,32.0,68.0
2026-03-05,ibm_kingston,12,283.1976,299.6153,0.00024462,0.00024462,0.00341685,0.02124023,32.0,32.0,68.0
2026-03-05,ibm_kingston,13,269.9119,408.6026,0.00025741,0.00025741,0.00097528,0.00634766,32.0,32.0,68.0
2026-03-05,ibm_kingston,14,137.4257,194.2369,0.00015478,0.00015478,0.00221408,0.01391602,32.0,32.0,68.0
2026-03-05,ibm_kingston,15,231.6502,257.7802,0.00010608,0.00010608,,0.00952148,32.0,32.0,
2026-03-05,ibm_kingston,16,327.8223,299.2156,0.00012636,0.00012636,,0.03369141,32.0,32.0,
2026-03-05,ibm_kingston,17,50.3845,65.9822,0.00035353,0.00035353,,0.02294922,32.0,32.0,
2026-03-05,ibm_kingston,18,132.6166,35.5386,0.00060503,0.00060503,,0.01660156,32.0,32.0,
2026-03-05,ibm_kingston,19,166.8042,165.9044,0.000116,0.000116,,0.02416992,32.0,32.0,
2026-03-04,ibm_kingston,10,221.7235,15.6375,0.00023962,0.00023962,0.00124425,0.01220703,32.0,32.0,68.0
2026-03-04,ibm_kingston,11,451.9631,71.6847,0.00018366,0.00018366,0.00169446,0.03112793,32.0,32.0,68.0
2026-03-04,ibm_kingston,12,293.1094,264.1107,0.00017214,0.00017214,0.00263087,0.02355957,32.0,32.0,68.0
2026-03-04,ibm_kingston,13,93.8236,127.4879,0.00028678,0.00028678,0.00104684,0.00964355,32.0,32.0,68.0
2026-03-04,ibm_kingston,14,356.89,497.3152,0.00018132,0.00018132,0.00251586,0.01721191,32.0,32.0,68.0
2026-03-04,ibm_kingston,15,236.2823,181.7624,0.00011009,0.00011009,,0.01269531,32.0,32.0,
2026-03-04,ibm_kingston,16,382.3926,141.6877,0.00010032,0.00010032,,0.03515625,32.0,32.0,
2026-03-04,ibm_kingston,17,297.8922,130.9805,0.00020822,0.00020822,,0.02392578,32.0,32.0,
2026-03-04,ibm_kingston,18,146.8946,72.2227,0.00025276,0.00025276,,0.01672363,32.0,32.0,
2026-03-04,ibm_kingston,19,274.8169,220.044,0.00033241,0.00033241,,0.02331543,32.0,32.0,
2026-03-03,ibm_kingston,10,221.7235,15.6375,0.00023962,0.00023962,0.00124425,0.01220703,32.0,32.0,68.0
2026-03-03,ibm_kingston,11,451.9631,71.6847,0.00018366,0.00018366,0.00169446,0.03112793,32.0,32.0,68.0
2026-03-03,ibm_kingston,12,293.1094,264.1107,0.00017214,0.00017214,0.00263087,0.02355957,32.0,32.0,68.0
2026-03-03,ibm_kingston,13,93.8236,127.4879,0.00028678,0.00028678,0.00104684,0.00964355,32.0,32.0,68.0
2026-03-03,ibm_kingston,14,356.89,497.3152,0.00018132,0.00018132,0.00251586,0.01721191,32.0,32.0,68.0
2026-03-03,ibm_kingston,15,236.2823,181.7624,0.00011009,0.00011009,,0.01269531,32.0,32.0,
2026-03-03,ibm_kingston,16,382.3926,141.6877,0.00010032,0.00010032,,0.03515625,32.0,32.0,
2026-03-03,ibm_kingston,17,297.8922,130.9805,0.00020822,0.00020822,,0.02392578,32.0,32.0,
2026-03-03,ibm_kingston,18,146.8946,72.2227,0.00025276,0.00025276,,0.01672363,32.0,32.0,
2026-03-03,ibm_kingston,19,274.8169,220.044,0.00033241,0.00033241,,0.02331543,32.0,32.0,
2026-03-02,ibm_kingston,10,221.7235,15.6375,0.00023962,0.00023962,0.00124425,0.01220703,32.0,32.0,68.0
2026-03-02,ibm_kingston,11,451.9631,71.6847,0.00018366,0.00018366,0.00169446,0.03112793,32.0,32.0,68.0
2026-03-02,ibm_kingston,12,293.1094,264.1107,0.00017214,0.00017214,0.00263087,0.02355957,32.0,32.0,68.0
2026-03-02,ibm_kingston,13,93.8236,127.4879,0.00028678,0.00028678,0.00104684,0.00964355,32.0,32.0,68.0
2026-03-02,ibm_kingston,14,356.89,497.3152,0.00018132,0.00018132,0.00251586,0.01721191,32.0,32.0,68.0
2026-03-02,ibm_kingston,15,236.2823,181.7624,0.00011009,0.00011009,,0.01269531,32.0,32.0,
2026-03-02,ibm_kingston,16,382.3926,141.6877,0.00010032,0.00010032,,0.03515625,32.0,32.0,
2026-03-02,ibm_kingston,17,297.8922,130.9805,0.00020822,0.00020822,,0.02392578,32.0,32.0,
2026-03-02,ibm_kingston,18,146.8946,72.2227,0.00025276,0.00025276,,0.01672363,32.0,32.0,
2026-03-02,ibm_kingston,19,274.8169,220.044,0.00033241,0.00033241,,0.02331543,32.0,32.0,
2026-03-01,ibm_kingston,10,221.7235,15.6375,0.00023962,0.00023962,0.00124425,0.01220703,32.0,32.0,68.0
2026-03-01,ibm_kingston,11,451.9631,71.6847,0.00018366,0.00018366,0.00169446,0.03112793,32.0,32.0,68.0
2026-03-01,ibm_kingston,12,293.1094,264.1107,0.00017214,0.00017214,0.00263087,0.02355957,32.0,32.0,68.0
2026-03-01,ibm_kingston,13,93.8236,127.4879,0.00028678,0.00028678,0.00104684,0.00964355,32.0,32.0,68.0
2026-03-01,ibm_kingston,14,356.89,497.3152,0.00018132,0.00018132,0.00251586,0.01721191,32.0,32.0,68.0
2026-03-01,ibm_kingston,15,236.2823,181.7624,0.00011009,0.00011009,,0.01269531,32.0,32.0,
2026-03-01,ibm_kingston,16,382.3926,141.6877,0.00010032,0.00010032,,0.03515625,32.0,32.0,
2026-03-01,ibm_kingston,17,297.8922,130.9805,0.00020822,0.00020822,,0.02392578,32.0,32.0,
2026-03-01,ibm_kingston,18,146.8946,72.2227,0.00025276,0.00025276,,0.01672363,32.0,32.0,
2026-03-01,ibm_kingston,19,274.8169,220.044,0.00033241,0.00033241,,0.02331543,32.0,32.0,
2026-02-28,ibm_kingston,10,375.3847,19.2298,0.00032557,0.00032557,0.00123507,0.01586914,32.0,32.0,68.0
2026-02-28,ibm_kingston,11,344.861,88.8644,0.00016178,0.00016178,0.00125517,0.02746582,32.0,32.0,68.0
2026-02-28,ibm_kingston,12,217.2187,210.5642,0.00039991,0.00039991,0.00366114,0.01867676,32.0,32.0,68.0
2026-02-28,ibm_kingston,13,93.8236,66.3861,1.0,1.0,0.00180596,0.00952148,32.0,32.0,68.0
2026-02-28,ibm_kingston,14,220.4445,200.962,0.00024264,0.00024264,0.00275451,0.01538086,32.0,32.0,68.0
2026-02-28,ibm_kingston,15,307.2987,383.6118,0.00023276,0.00023276,,0.00854492,32.0,32.0,
2026-02-28,ibm_kingston,16,267.8466,224.2201,0.0001443,0.0001443,,0.04125977,32.0,32.0,
2026-02-28,ibm_kingston,17,257.5111,137.5469,0.00035285,0.00035285,,0.02832031,32.0,32.0,
2026-02-28,ibm_kingston,18,132.6166,106.8842,0.00066044,0.00066044,,0.01599121,32.0,32.0,
2026-02-28,ibm_kingston,19,255.3368,189.4177,0.00017613,0.00017613,,0.02600098,32.0,32.0,
2026-02-27,ibm_kingston,10,221.7235,15.6375,0.00023962,0.00023962,0.00124425,0.01220703,32.0,32.0,68.0
2026-02-27,ibm_kingston,11,451.9631,71.6847,0.00018366,0.00018366,0.00169446,0.03112793,32.0,32.0,68.0
2026-02-27,ibm_kingston,12,293.1094,264.1107,0.00017214,0.00017214,0.00263087,0.02355957,32.0,32.0,68.0
2026-02-27,ibm_kingston,13,93.8236,127.4879,0.00028678,0.00028678,0.00104684,0.00964355,32.0,32.0,68.0
2026-02-27,ibm_kingston,14,356.89,497.3152,0.00018132,0.00018132,0.00251586,0.01721191,32.0,32.0,68.0
2026-02-27,ibm_kingston,15,236.2823,181.7624,0.00011009,0.00011009,,0.01269531,32.0,32.0,
2026-02-27,ibm_kingston,16,382.3926,141.6877,0.00010032,0.00010032,,0.03515625,32.0,32.0,
2026-02-27,ibm_kingston,17,297.8922,130.9805,0.00020822,0.00020822,,0.02392578,32.0,32.0,
2026-02-27,ibm_kingston,18,146.8946,72.2227,0.00025276,0.00025276,,0.01672363,32.0,32.0,
2026-02-27,ibm_kingston,19,274.8169,220.044,0.00033241,0.00033241,,0.02331543,32.0,32.0,
2026-02-26,ibm_kingston,10,221.7235,15.6375,0.00023962,0.00023962,0.00124425,0.01220703,32.0,32.0,68.0
2026-02-26,ibm_kingston,11,451.9631,71.6847,0.00018366,0.00018366,0.00169446,0.03112793,32.0,32.0,68.0
2026-02-26,ibm_kingston,12,293.1094,264.1107,0.00017214,0.00017214,0.00263087,0.02355957,32.0,32.0,68.0
2026-02-26,ibm_kingston,13,93.8236,127.4879,0.00028678,0.00028678,0.00104684,0.00964355,32.0,32.0,68.0
2026-02-26,ibm_kingston,14,356.89,497.3152,0.00018132,0.00018132,0.00251586,0.01721191,32.0,32.0,68.0
2026-02-26,ibm_kingston,15,236.2823,181.7624,0.00011009,0.00011009,,0.01269531,32.0,32.0,
2026-02-26,ibm_kingston,16,382.3926,141.6877,0.00010032,0.00010032,,0.03515625,32.0,32.0,
2026-02-26,ibm_kingston,17,297.8922,130.9805,0.00020822,0.00020822,,0.02392578,32.0,32.0,
2026-02-26,ibm_kingston,18,146.8946,72.2227,0.00025276,0.00025276,,0.01672363,32.0,32.0,
2026-02-26,ibm_kingston,19,274.8169,220.044,0.00033241,0.00033241,,0.02331543,32.0,32.0,
2026-02-25,ibm_kingston,10,221.7235,15.6375,0.00023962,0.00023962,0.00124425,0.01220703,32.0,32.0,68.0
2026-02-25,ibm_kingston,11,451.9631,71.6847,0.00018366,0.00018366,0.00169446,0.03112793,32.0,32.0,68.0
2026-02-25,ibm_kingston,12,293.1094,264.1107,0.00017214,0.00017214,0.00263087,0.02355957,32.0,32.0,68.0
2026-02-25,ibm_kingston,13,93.8236,127.4879,0.00028678,0.00028678,0.00104684,0.00964355,32.0,32.0,68.0
2026-02-25,ibm_kingston,14,356.89,497.3152,0.00018132,0.00018132,0.00251586,0.01721191,32.0,32.0,68.0
2026-02-25,ibm_kingston,15,236.2823,181.7624,0.00011009,0.00011009,,0.01269531,32.0,32.0,
2026-02-25,ibm_kingston,16,382.3926,141.6877,0.00010032,0.00010032,,0.03515625,32.0,32.0,
2026-02-25,ibm_kingston,17,297.8922,130.9805,0.00020822,0.00020822,,0.02392578,32.0,32.0,
2026-02-25,ibm_kingston,18,146.8946,72.2227,0.00025276,0.00025276,,0.01672363,32.0,32.0,
2026-02-25,ibm_kingston,19,274.8169,220.044,0.00033241,0.00033241,,0.02331543,32.0,32.0,
2026-02-24,ibm_kingston,10,221.7235,15.6375,0.00023962,0.00023962,0.00124425,0.01647949,32.0,32.0,68.0
2026-02-24,ibm_kingston,11,451.9631,71.6847,0.00018366,0.00018366,0.00169446,0.04174805,32.0,32.0,68.0
2026-02-24,ibm_kingston,12,293.1094,264.1107,0.00017214,0.00017214,0.00263087,0.02038574,32.0,32.0,68.0
2026-02-24,ibm_kingston,13,93.8236,127.4879,0.00028678,0.00028678,0.00104684,0.00927734,32.0,32.0,68.0
2026-02-24,ibm_kingston,14,356.89,497.3152,0.00018132,0.00018132,0.00251586,0.01745605,32.0,32.0,68.0
2026-02-24,ibm_kingston,15,236.2823,181.7624,0.00011009,0.00011009,,0.00549316,32.0,32.0,
2026-02-24,ibm_kingston,16,382.3926,141.6877,0.00010032,0.00010032,,0.03393555,32.0,32.0,
2026-02-24,ibm_kingston,17,297.8922,130.9805,0.00020822,0.00020822,,0.02246094,32.0,32.0,
2026-02-24,ibm_kingston,18,146.8946,72.2227,0.00025276,0.00025276,,0.01269531,32.0,32.0,
2026-02-24,ibm_kingston,19,274.8169,220.044,0.00033241,0.00033241,,0.02319336,32.0,32.0,
2026-02-23,ibm_kingston,10,221.7235,15.6375,0.00023962,0.00023962,0.00124425,0.03271484,32.0,32.0,68.0
2026-02-23,ibm_kingston,11,451.9631,71.6847,0.00018366,0.00018366,0.00169446,0.5,32.0,32.0,68.0
2026-02-23,ibm_kingston,12,293.1094,264.1107,0.00017214,0.00017214,0.00263087,0.5,32.0,32.0,68.0
2026-02-23,ibm_kingston,13,93.8236,127.4879,0.00028678,0.00028678,0.00104684,0.00805664,32.0,32.0,68.0
2026-02-23,ibm_kingston,14,356.89,497.3152,0.00018132,0.00018132,0.00251586,0.5012207,32.0,32.0,68.0
2026-02-23,ibm_kingston,15,236.2823,181.7624,0.00011009,0.00011009,,0.5,32.0,32.0,
2026-02-23,ibm_kingston,16,382.3926,141.6877,0.00010032,0.00010032,,0.31152344,32.0,32.0,
2026-02-23,ibm_kingston,17,297.8922,130.9805,0.00020822,0.00020822,,0.00830078,32.0,32.0,
2026-02-23,ibm_kingston,18,146.8946,72.2227,0.00025276,0.00025276,,0.09985352,32.0,32.0,
2026-02-23,ibm_kingston,19,274.8169,220.044,0.00033241,0.00033241,,0.00927734,32.0,32.0,
2026-02-22,ibm_kingston,10,221.7235,27.9354,0.00023962,0.00023962,0.00230072,0.00378418,32.0,32.0,68.0
2026-02-22,ibm_kingston,11,451.9631,71.6847,0.00018366,0.00018366,0.00169446,0.03051758,32.0,32.0,68.0
2026-02-22,ibm_kingston,12,293.1094,264.1107,0.00017214,0.00017214,0.00221042,0.03283691,32.0,32.0,68.0
2026-02-22,ibm_kingston,13,325.5631,437.3897,0.00028678,0.00028678,0.00265172,0.00646973,32.0,32.0,68.0
2026-02-22,ibm_kingston,14,356.89,497.3152,0.00018132,0.00018132,0.00568624,0.01940918,32.0,32.0,68.0
2026-02-22,ibm_kingston,15,236.2823,181.7624,0.00011009,0.00011009,,0.00708008,32.0,32.0,
2026-02-22,ibm_kingston,16,382.3926,174.2842,0.00010032,0.00010032,,0.04943848,32.0,32.0,
2026-02-22,ibm_kingston,17,264.6707,133.2327,0.00020822,0.00020822,,0.00939941,32.0,32.0,
2026-02-22,ibm_kingston,18,146.8946,117.1396,0.00025276,0.00025276,,0.02038574,32.0,32.0,
2026-02-22,ibm_kingston,19,330.8042,245.1442,0.00033241,0.00033241,,0.01062012,32.0,32.0,
2026-02-21,ibm_kingston,10,221.7235,27.9354,0.00023962,0.00023962,0.00230072,0.00378418,32.0,32.0,68.0
2026-02-21,ibm_kingston,11,451.9631,71.6847,0.00018366,0.00018366,0.00169446,0.03051758,32.0,32.0,68.0
2026-02-21,ibm_kingston,12,293.1094,264.1107,0.00017214,0.00017214,0.00221042,0.03283691,32.0,32.0,68.0
2026-02-21,ibm_kingston,13,325.5631,437.3897,0.00028678,0.00028678,0.00265172,0.00646973,32.0,32.0,68.0
2026-02-21,ibm_kingston,14,356.89,497.3152,0.00018132,0.00018132,0.00568624,0.01940918,32.0,32.0,68.0
2026-02-21,ibm_kingston,15,236.2823,181.7624,0.00011009,0.00011009,,0.00708008,32.0,32.0,
2026-02-21,ibm_kingston,16,382.3926,174.2842,0.00010032,0.00010032,,0.04943848,32.0,32.0,
2026-02-21,ibm_kingston,17,264.6707,133.2327,0.00020822,0.00020822,,0.00939941,32.0,32.0,
2026-02-21,ibm_kingston,18,146.8946,117.1396,0.00025276,0.00025276,,0.02038574,32.0,32.0,
2026-02-21,ibm_kingston,19,330.8042,245.1442,0.00033241,0.00033241,,0.01062012,32.0,32.0,
2026-02-20,ibm_kingston,10,221.7235,27.9354,0.00023962,0.00023962,0.00230072,0.00537109,32.0,32.0,68.0
2026-02-20,ibm_kingston,11,451.9631,71.6847,0.00018366,0.00018366,0.00169446,0.04882812,32.0,32.0,68.0
2026-02-20,ibm_kingston,12,293.1094,264.1107,0.00017214,0.00017214,0.00221042,0.02929688,32.0,32.0,68.0
2026-02-20,ibm_kingston,13,325.5631,437.3897,0.00028678,0.00028678,0.00265172,0.00683594,32.0,32.0,68.0
2026-02-20,ibm_kingston,14,356.89,497.3152,0.00018132,0.00018132,0.00568624,0.02124023,32.0,32.0,68.0
2026-02-20,ibm_kingston,15,236.2823,181.7624,0.00011009,0.00011009,,0.0078125,32.0,32.0,
2026-02-20,ibm_kingston,16,382.3926,174.2842,0.00010032,0.00010032,,0.04370117,32.0,32.0,
2026-02-20,ibm_kingston,17,264.6707,133.2327,0.00020822,0.00020822,,0.00732422,32.0,32.0,
2026-02-20,ibm_kingston,18,146.8946,117.1396,0.00025276,0.00025276,,0.02197266,32.0,32.0,
2026-02-20,ibm_kingston,19,330.8042,245.1442,0.00033241,0.00033241,,0.01000977,32.0,32.0,
2026-02-19,ibm_kingston,10,221.7235,27.9354,0.00023962,0.00023962,0.00230072,0.00537109,32.0,32.0,68.0
2026-02-19,ibm_kingston,11,451.9631,71.6847,0.00018366,0.00018366,0.00169446,0.04882812,32.0,32.0,68.0
2026-02-19,ibm_kingston,12,293.1094,264.1107,0.00017214,0.00017214,0.00221042,0.02929688,32.0,32.0,68.0
2026-02-19,ibm_kingston,13,325.5631,437.3897,0.00028678,0.00028678,0.00265172,0.00683594,32.0,32.0,68.0
2026-02-19,ibm_kingston,14,356.89,497.3152,0.00018132,0.00018132,0.00568624,0.02124023,32.0,32.0,68.0
2026-02-19,ibm_kingston,15,236.2823,181.7624,0.00011009,0.00011009,,0.0078125,32.0,32.0,
2026-02-19,ibm_kingston,16,382.3926,174.2842,0.00010032,0.00010032,,0.04370117,32.0,32.0,
2026-02-19,ibm_kingston,17,264.6707,133.2327,0.00020822,0.00020822,,0.00732422,32.0,32.0,
2026-02-19,ibm_kingston,18,146.8946,117.1396,0.00025276,0.00025276,,0.02197266,32.0,32.0,
2026-02-19,ibm_kingston,19,330.8042,245.1442,0.00033241,0.00033241,,0.01000977,32.0,32.0,
2026-02-18,ibm_kingston,10,221.7235,27.9354,0.00023962,0.00023962,0.00230072,0.00537109,32.0,32.0,68.0
2026-02-18,ibm_kingston,11,451.9631,71.6847,0.00018366,0.00018366,0.00169446,0.04882812,32.0,32.0,68.0
2026-02-18,ibm_kingston,12,293.1094,264.1107,0.00017214,0.00017214,0.00221042,0.02929688,32.0,32.0,68.0
2026-02-18,ibm_kingston,13,325.5631,437.3897,0.00028678,0.00028678,0.00265172,0.00683594,32.0,32.0,68.0
2026-02-18,ibm_kingston,14,356.89,497.3152,0.00018132,0.00018132,0.00568624,0.02124023,32.0,32.0,68.0
2026-02-18,ibm_kingston,15,236.2823,181.7624,0.00011009,0.00011009,,0.0078125,32.0,32.0,
2026-02-18,ibm_kingston,16,382.3926,174.2842,0.00010032,0.00010032,,0.04370117,32.0,32.0,
2026-02-18,ibm_kingston,17,264.6707,133.2327,0.00020822,0.00020822,,0.00732422,32.0,32.0,
2026-02-18,ibm_kingston,18,146.8946,117.1396,0.00025276,0.00025276,,0.02197266,32.0,32.0,
2026-02-18,ibm_kingston,19,330.8042,245.1442,0.00033241,0.00033241,,0.01000977,32.0,32.0,
2026-02-17,ibm_kingston,10,221.7235,27.9354,0.00023962,0.00023962,0.00151008,0.00537109,32.0,32.0,68.0
2026-02-17,ibm_kingston,11,451.9631,71.6847,0.00018366,0.00018366,0.00115901,0.04882812,32.0,32.0,68.0
2026-02-17,ibm_kingston,12,293.1094,264.1107,0.00017214,0.00017214,0.00187942,0.02929688,32.0,32.0,68.0
2026-02-17,ibm_kingston,13,325.5631,437.3897,0.00028678,0.00028678,0.00202587,0.00683594,32.0,32.0,68.0
2026-02-17,ibm_kingston,14,356.89,497.3152,0.00018132,0.00018132,0.00831221,0.02124023,32.0,32.0,68.0
2026-02-17,ibm_kingston,15,236.2823,181.7624,0.00011009,0.00011009,,0.0078125,32.0,32.0,
2026-02-17,ibm_kingston,16,382.3926,174.2842,0.00010032,0.00010032,,0.04370117,32.0,32.0,
2026-02-17,ibm_kingston,17,264.6707,133.2327,0.00020822,0.00020822,,0.00732422,32.0,32.0,
2026-02-17,ibm_kingston,18,146.8946,117.1396,0.00025276,0.00025276,,0.02197266,32.0,32.0,
2026-02-17,ibm_kingston,19,330.8042,245.1442,0.00033241,0.00033241,,0.01000977,32.0,32.0,
2026-02-16,ibm_kingston,10,248.5113,19.567,0.00023962,0.00023962,0.00151008,0.00366211,32.0,32.0,68.0
2026-02-16,ibm_kingston,11,283.6587,44.258,0.00018366,0.00018366,0.00115901,0.02722168,32.0,32.0,68.0
2026-02-16,ibm_kingston,12,271.5721,216.4434,0.00017214,0.00017214,0.00187942,0.0267334,32.0,32.0,68.0
2026-02-16,ibm_kingston,13,347.6886,434.8713,0.00028678,0.00028678,0.00202587,0.00732422,32.0,32.0,68.0
2026-02-16,ibm_kingston,14,337.6787,104.3406,0.00018132,0.00018132,0.00831221,0.01867676,32.0,32.0,68.0
2026-02-16,ibm_kingston,15,264.1732,239.3401,0.00011009,0.00011009,,0.00439453,32.0,32.0,
2026-02-16,ibm_kingston,16,221.1265,274.9162,0.00010032,0.00010032,,0.04870605,32.0,32.0,
2026-02-16,ibm_kingston,17,324.3461,131.501,0.00020822,0.00020822,,0.00671387,32.0,32.0,
2026-02-16,ibm_kingston,18,121.3556,102.238,0.00025276,0.00025276,,0.02807617,32.0,32.0,
2026-02-16,ibm_kingston,19,200.9826,202.328,0.00033241,0.00033241,,0.01513672,32.0,32.0,
2026-02-15,ibm_kingston,10,248.5113,19.567,0.00023962,0.00023962,0.00151008,0.00317383,32.0,32.0,68.0
2026-02-15,ibm_kingston,11,283.6587,44.258,0.00018366,0.00018366,0.00115901,0.02758789,32.0,32.0,68.0
2026-02-15,ibm_kingston,12,271.5721,216.4434,0.00017214,0.00017214,0.00187942,0.02905273,32.0,32.0,68.0
2026-02-15,ibm_kingston,13,347.6886,434.8713,0.00028678,0.00028678,0.00202587,0.00952148,32.0,32.0,68.0
2026-02-15,ibm_kingston,14,337.6787,104.3406,0.00018132,0.00018132,0.00831221,0.02172852,32.0,32.0,68.0
2026-02-15,ibm_kingston,15,264.1732,239.3401,0.00011009,0.00011009,,0.00830078,32.0,32.0,
2026-02-15,ibm_kingston,16,221.1265,274.9162,0.00010032,0.00010032,,0.04785156,32.0,32.0,
2026-02-15,ibm_kingston,17,324.3461,131.501,0.00020822,0.00020822,,0.00537109,32.0,32.0,
2026-02-15,ibm_kingston,18,121.3556,102.238,0.00025276,0.00025276,,0.02954102,32.0,32.0,
2026-02-15,ibm_kingston,19,200.9826,202.328,0.00033241,0.00033241,,0.01318359,32.0,32.0,
2026-02-14,ibm_kingston,10,248.5113,19.567,0.00023962,0.00023962,0.00151008,0.00317383,32.0,32.0,68.0
2026-02-14,ibm_kingston,11,283.6587,44.258,0.00018366,0.00018366,0.00115901,0.02758789,32.0,32.0,68.0
2026-02-14,ibm_kingston,12,271.5721,216.4434,0.00017214,0.00017214,0.00187942,0.02905273,32.0,32.0,68.0
2026-02-14,ibm_kingston,13,347.6886,434.8713,0.00028678,0.00028678,0.00202587,0.00952148,32.0,32.0,68.0
2026-02-14,ibm_kingston,14,337.6787,104.3406,0.00018132,0.00018132,0.00831221,0.02172852,32.0,32.0,68.0
2026-02-14,ibm_kingston,15,264.1732,239.3401,0.00011009,0.00011009,,0.00830078,32.0,32.0,
2026-02-14,ibm_kingston,16,221.1265,274.9162,0.00010032,0.00010032,,0.04785156,32.0,32.0,
2026-02-14,ibm_kingston,17,324.3461,131.501,0.00020822,0.00020822,,0.00537109,32.0,32.0,
2026-02-14,ibm_kingston,18,121.3556,102.238,0.00025276,0.00025276,,0.02954102,32.0,32.0,
2026-02-14,ibm_kingston,19,200.9826,202.328,0.00033241,0.00033241,,0.01318359,32.0,32.0,
2026-02-13,ibm_kingston,10,248.5113,22.13,0.00013027,0.00013027,0.00140109,0.00317383,32.0,32.0,68.0
2026-02-13,ibm_kingston,11,283.6587,64.6019,0.00027974,0.00027974,0.00096526,0.02758789,32.0,32.0,68.0
2026-02-13,ibm_kingston,12,250.8647,243.24,0.00024871,0.00024871,0.00254557,0.02905273,32.0,32.0,68.0
2026-02-13,ibm_kingston,13,190.1486,247.4773,0.00029797,0.00029797,0.00180615,0.00952148,32.0,32.0,68.0
2026-02-13,ibm_kingston,14,337.6787,608.0948,0.00012141,0.00012141,0.00635012,0.02172852,32.0,32.0,68.0
2026-02-13,ibm_kingston,15,360.0896,333.7472,8.863e-05,8.863e-05,,0.00830078,32.0,32.0,
2026-02-13,ibm_kingston,16,324.2216,372.1732,0.00015951,0.00015951,,0.04785156,32.0,32.0,
2026-02-13,ibm_kingston,17,303.4417,218.9432,0.00013737,0.00013737,,0.00537109,32.0,32.0,
2026-02-13,ibm_kingston,18,116.6333,93.9925,0.00025058,0.00025058,,0.02954102,32.0,32.0,
2026-02-13,ibm_kingston,19,217.8981,27.5241,0.00031752,0.00031752,,0.01318359,32.0,32.0,
2026-02-12,ibm_kingston,10,248.5113,22.13,0.00013027,0.00013027,0.00140109,0.00292969,32.0,32.0,68.0
2026-02-12,ibm_kingston,11,283.6587,64.6019,0.00027974,0.00027974,0.00096526,0.0078125,32.0,32.0,68.0
2026-02-12,ibm_kingston,12,250.8647,243.24,0.00024871,0.00024871,0.00254557,0.02832031,32.0,32.0,68.0
2026-02-12,ibm_kingston,13,190.1486,247.4773,0.00029797,0.00029797,0.00180615,0.00732422,32.0,32.0,68.0
2026-02-12,ibm_kingston,14,337.6787,608.0948,0.00012141,0.00012141,0.00635012,0.02197266,32.0,32.0,68.0
2026-02-12,ibm_kingston,15,360.0896,333.7472,8.863e-05,8.863e-05,,0.01013184,32.0,32.0,
2026-02-12,ibm_kingston,16,324.2216,372.1732,0.00015951,0.00015951,,0.04382324,32.0,32.0,
2026-02-12,ibm_kingston,17,303.4417,218.9432,0.00013737,0.00013737,,0.00488281,32.0,32.0,
2026-02-12,ibm_kingston,18,116.6333,93.9925,0.00025058,0.00025058,,0.03173828,32.0,32.0,
2026-02-12,ibm_kingston,19,217.8981,27.5241,0.00031752,0.00031752,,0.01062012,32.0,32.0,
2026-02-11,ibm_kingston,10,248.5113,22.13,0.00013027,0.00013027,0.00140109,0.00268555,32.0,32.0,68.0
2026-02-11,ibm_kingston,11,283.6587,64.6019,0.00027974,0.00027974,0.00096526,0.00878906,32.0,32.0,68.0
2026-02-11,ibm_kingston,12,250.8647,243.24,0.00024871,0.00024871,0.00254557,0.03881836,32.0,32.0,68.0
2026-02-11,ibm_kingston,13,190.1486,247.4773,0.00029797,0.00029797,0.00180615,0.0045166,32.0,32.0,68.0
2026-02-11,ibm_kingston,14,337.6787,608.0948,0.00012141,0.00012141,0.00635012,0.02624512,32.0,32.0,68.0
2026-02-11,ibm_kingston,15,360.0896,333.7472,8.863e-05,8.863e-05,,0.00488281,32.0,32.0,
2026-02-11,ibm_kingston,16,324.2216,372.1732,0.00015951,0.00015951,,0.04699707,32.0,32.0,
2026-02-11,ibm_kingston,17,303.4417,218.9432,0.00013737,0.00013737,,0.00585938,32.0,32.0,
2026-02-11,ibm_kingston,18,116.6333,93.9925,0.00025058,0.00025058,,0.02734375,32.0,32.0,
2026-02-11,ibm_kingston,19,217.8981,27.5241,0.00031752,0.00031752,,0.01660156,32.0,32.0,
2026-02-10,ibm_kingston,10,248.5113,22.13,0.00013027,0.00013027,0.00140109,0.00317383,32.0,32.0,68.0
2026-02-10,ibm_kingston,11,283.6587,64.6019,0.00027974,0.00027974,0.00096526,0.00756836,32.0,32.0,68.0
2026-02-10,ibm_kingston,12,250.8647,243.24,0.00024871,0.00024871,0.00254557,0.02758789,32.0,32.0,68.0
2026-02-10,ibm_kingston,13,190.1486,247.4773,0.00029797,0.00029797,0.00180615,0.00585938,32.0,32.0,68.0
2026-02-10,ibm_kingston,14,337.6787,608.0948,0.00012141,0.00012141,0.00635012,0.02246094,32.0,32.0,68.0
2026-02-10,ibm_kingston,15,360.0896,333.7472,8.863e-05,8.863e-05,,0.00537109,32.0,32.0,
2026-02-10,ibm_kingston,16,324.2216,372.1732,0.00015951,0.00015951,,0.04956055,32.0,32.0,
2026-02-10,ibm_kingston,17,303.4417,218.9432,0.00013737,0.00013737,,0.0078125,32.0,32.0,
2026-02-10,ibm_kingston,18,116.6333,93.9925,0.00025058,0.00025058,,0.03735352,32.0,32.0,
2026-02-10,ibm_kingston,19,217.8981,27.5241,0.00031752,0.00031752,,0.01464844,32.0,32.0,
2026-02-09,ibm_kingston,10,248.5113,22.13,0.00013027,0.00013027,0.00140109,0.00317383,32.0,32.0,68.0
2026-02-09,ibm_kingston,11,283.6587,64.6019,0.00027974,0.00027974,0.00096526,0.00756836,32.0,32.0,68.0
2026-02-09,ibm_kingston,12,250.8647,243.24,0.00024871,0.00024871,0.00254557,0.02758789,32.0,32.0,68.0
2026-02-09,ibm_kingston,13,190.1486,247.4773,0.00029797,0.00029797,0.00180615,0.00585938,32.0,32.0,68.0
2026-02-09,ibm_kingston,14,337.6787,608.0948,0.00012141,0.00012141,0.00635012,0.02246094,32.0,32.0,68.0
2026-02-09,ibm_kingston,15,360.0896,333.7472,8.863e-05,8.863e-05,,0.00537109,32.0,32.0,
2026-02-09,ibm_kingston,16,324.2216,372.1732,0.00015951,0.00015951,,0.04956055,32.0,32.0,
2026-02-09,ibm_kingston,17,303.4417,218.9432,0.00013737,0.00013737,,0.0078125,32.0,32.0,
2026-02-09,ibm_kingston,18,116.6333,93.9925,0.00025058,0.00025058,,0.03735352,32.0,32.0,
2026-02-09,ibm_kingston,19,217.8981,27.5241,0.00031752,0.00031752,,0.01464844,32.0,32.0,
2026-02-08,ibm_kingston,10,309.625,17.9575,0.00020002,0.00020002,0.00141193,0.00317383,32.0,32.0,68.0
2026-02-08,ibm_kingston,11,417.7717,76.7874,0.00021621,0.00021621,0.00097241,0.00756836,32.0,32.0,68.0
2026-02-08,ibm_kingston,12,251.59,262.5665,0.00025155,0.00025155,0.00298537,0.02758789,32.0,32.0,68.0
2026-02-08,ibm_kingston,13,295.4598,282.7752,0.00019461,0.00019461,0.00156815,0.00585938,32.0,32.0,68.0
2026-02-08,ibm_kingston,14,245.6542,351.7212,0.0001954,0.0001954,0.00761493,0.02246094,32.0,32.0,68.0
2026-02-08,ibm_kingston,15,164.9959,140.1787,0.00011812,0.00011812,,0.00537109,32.0,32.0,
2026-02-08,ibm_kingston,16,231.4075,142.3077,0.00015322,0.00015322,,0.04956055,32.0,32.0,
2026-02-08,ibm_kingston,17,273.2904,113.9072,0.00023668,0.00023668,,0.0078125,32.0,32.0,
2026-02-08,ibm_kingston,18,132.7978,104.133,0.00041983,0.00041983,,0.03735352,32.0,32.0,
2026-02-08,ibm_kingston,19,217.8981,148.2966,0.00022937,0.00022937,,0.01464844,32.0,32.0,
2026-02-07,ibm_kingston,10,309.625,17.9575,0.00020002,0.00020002,0.00141193,0.00256348,32.0,32.0,68.0
2026-02-07,ibm_kingston,11,417.7717,76.7874,0.00021621,0.00021621,0.00097241,0.02783203,32.0,32.0,68.0
2026-02-07,ibm_kingston,12,251.59,262.5665,0.00025155,0.00025155,0.00298537,0.04992676,32.0,32.0,68.0
2026-02-07,ibm_kingston,13,295.4598,282.7752,0.00019461,0.00019461,0.00156815,0.00866699,32.0,32.0,68.0
2026-02-07,ibm_kingston,14,245.6542,351.7212,0.0001954,0.0001954,0.00761493,0.01977539,32.0,32.0,68.0
2026-02-07,ibm_kingston,15,164.9959,140.1787,0.00011812,0.00011812,,0.00610352,32.0,32.0,
2026-02-07,ibm_kingston,16,231.4075,142.3077,0.00015322,0.00015322,,0.04724121,32.0,32.0,
2026-02-07,ibm_kingston,17,273.2904,113.9072,0.00023668,0.00023668,,0.00512695,32.0,32.0,
2026-02-07,ibm_kingston,18,132.7978,104.133,0.00041983,0.00041983,,0.03918457,32.0,32.0,
2026-02-07,ibm_kingston,19,217.8981,148.2966,0.00022937,0.00022937,,0.01672363,32.0,32.0,
2026-02-06,ibm_kingston,10,309.625,17.9575,0.00020002,0.00020002,0.00141193,0.00292969,32.0,32.0,68.0
2026-02-06,ibm_kingston,11,417.7717,76.7874,0.00021621,0.00021621,0.00097241,0.00952148,32.0,32.0,68.0
2026-02-06,ibm_kingston,12,251.59,262.5665,0.00025155,0.00025155,0.00298537,0.03491211,32.0,32.0,68.0
2026-02-06,ibm_kingston,13,295.4598,282.7752,0.00019461,0.00019461,0.00156815,0.00732422,32.0,32.0,68.0
2026-02-06,ibm_kingston,14,245.6542,351.7212,0.0001954,0.0001954,0.00761493,0.02563477,32.0,32.0,68.0
2026-02-06,ibm_kingston,15,164.9959,140.1787,0.00011812,0.00011812,,0.00634766,32.0,32.0,
2026-02-06,ibm_kingston,16,231.4075,142.3077,0.00015322,0.00015322,,0.05004883,32.0,32.0,
2026-02-06,ibm_kingston,17,273.2904,113.9072,0.00023668,0.00023668,,0.00463867,32.0,32.0,
2026-02-06,ibm_kingston,18,132.7978,104.133,0.00041983,0.00041983,,0.02905273,32.0,32.0,
2026-02-06,ibm_kingston,19,217.8981,148.2966,0.00022937,0.00022937,,0.01538086,32.0,32.0,
2026-02-05,ibm_kingston,10,309.625,17.9575,0.00025168,0.00025168,0.00114895,0.00292969,32.0,32.0,68.0
2026-02-05,ibm_kingston,11,417.7717,76.7874,0.00041447,0.00041447,0.00097241,0.00952148,32.0,32.0,68.0
2026-02-05,ibm_kingston,12,251.59,262.5665,0.00036531,0.00036531,0.00253577,0.03491211,32.0,32.0,68.0
2026-02-05,ibm_kingston,13,295.4598,282.7752,0.00024024,0.00024024,0.00131987,0.00732422,32.0,32.0,68.0
2026-02-05,ibm_kingston,14,245.6542,351.7212,0.00033389,0.00033389,0.00636614,0.02563477,32.0,32.0,68.0
2026-02-05,ibm_kingston,15,164.9959,140.1787,0.00011149,0.00011149,,0.00634766,32.0,32.0,
2026-02-05,ibm_kingston,16,231.4075,142.3077,0.00011178,0.00011178,,0.05004883,32.0,32.0,
2026-02-05,ibm_kingston,17,273.2904,113.9072,0.00032415,0.00032415,,0.00463867,32.0,32.0,
2026-02-05,ibm_kingston,18,132.7978,104.133,0.00042126,0.00042126,,0.02905273,32.0,32.0,
2026-02-05,ibm_kingston,19,217.8981,148.2966,0.00040173,0.00040173,,0.01538086,32.0,32.0,
2026-02-04,ibm_kingston,10,272.6428,19.6972,0.00025168,0.00025168,0.00114895,0.02490234,32.0,32.0,68.0
2026-02-04,ibm_kingston,11,405.749,72.9418,0.00041447,0.00041447,0.00097241,0.02490234,32.0,32.0,68.0
2026-02-04,ibm_kingston,12,332.0493,260.075,0.00036531,0.00036531,0.00253577,0.02929688,32.0,32.0,68.0
2026-02-04,ibm_kingston,13,318.1616,497.3674,0.00024024,0.00024024,0.00131987,0.00537109,32.0,32.0,68.0
2026-02-04,ibm_kingston,14,269.7698,404.7691,0.00033389,0.00033389,0.00636614,0.02099609,32.0,32.0,68.0
2026-02-04,ibm_kingston,15,204.6554,250.7624,0.00011149,0.00011149,,0.00476074,32.0,32.0,
2026-02-04,ibm_kingston,16,355.6124,371.3379,0.00011178,0.00011178,,0.0447998,32.0,32.0,
2026-02-04,ibm_kingston,17,299.2267,126.8938,0.00032415,0.00032415,,0.00537109,32.0,32.0,
2026-02-04,ibm_kingston,18,124.7007,114.7134,0.00042126,0.00042126,,0.03063965,32.0,32.0,
2026-02-04,ibm_kingston,19,310.6385,223.8024,0.00040173,0.00040173,,0.01318359,32.0,32.0,
2026-02-03,ibm_kingston,10,272.6428,19.6972,0.00025168,0.00025168,0.00114895,0.00646973,32.0,32.0,68.0
2026-02-03,ibm_kingston,11,405.749,72.9418,0.00041447,0.00041447,0.00097241,0.00878906,32.0,32.0,68.0
2026-02-03,ibm_kingston,12,332.0493,260.075,0.00036531,0.00036531,0.00253577,0.02709961,32.0,32.0,68.0
2026-02-03,ibm_kingston,13,318.1616,497.3674,0.00024024,0.00024024,0.00131987,0.00610352,32.0,32.0,68.0
2026-02-03,ibm_kingston,14,269.7698,404.7691,0.00033389,0.00033389,0.00636614,0.02197266,32.0,32.0,68.0
2026-02-03,ibm_kingston,15,204.6554,250.7624,0.00011149,0.00011149,,0.00488281,32.0,32.0,
2026-02-03,ibm_kingston,16,355.6124,371.3379,0.00011178,0.00011178,,0.05126953,32.0,32.0,
2026-02-03,ibm_kingston,17,299.2267,126.8938,0.00032415,0.00032415,,0.00476074,32.0,32.0,
2026-02-03,ibm_kingston,18,124.7007,114.7134,0.00042126,0.00042126,,0.03369141,32.0,32.0,
2026-02-03,ibm_kingston,19,310.6385,223.8024,0.00040173,0.00040173,,0.01428223,32.0,32.0,
2026-02-02,ibm_kingston,10,272.6428,19.6972,0.00025168,0.00025168,0.00114895,0.00341797,32.0,32.0,68.0
2026-02-02,ibm_kingston,11,405.749,72.9418,0.00041447,0.00041447,0.00097241,0.01000977,32.0,32.0,68.0
2026-02-02,ibm_kingston,12,332.0493,260.075,0.00036531,0.00036531,0.00253577,0.02929688,32.0,32.0,68.0
2026-02-02,ibm_kingston,13,318.1616,497.3674,0.00024024,0.00024024,0.00131987,0.00756836,32.0,32.0,68.0
2026-02-02,ibm_kingston,14,269.7698,404.7691,0.00033389,0.00033389,0.00636614,0.02026367,32.0,32.0,68.0
2026-02-02,ibm_kingston,15,204.6554,250.7624,0.00011149,0.00011149,,0.00976562,32.0,32.0,
2026-02-02,ibm_kingston,16,355.6124,371.3379,0.00011178,0.00011178,,0.04907227,32.0,32.0,
2026-02-02,ibm_kingston,17,299.2267,126.8938,0.00032415,0.00032415,,0.00463867,32.0,32.0,
2026-02-02,ibm_kingston,18,124.7007,114.7134,0.00042126,0.00042126,,0.02954102,32.0,32.0,
2026-02-02,ibm_kingston,19,310.6385,223.8024,0.00040173,0.00040173,,0.00708008,32.0,32.0,
2026-02-01,ibm_kingston,10,259.2458,18.9285,0.00017507,0.00017507,0.00167516,0.00341797,32.0,32.0,68.0
2026-02-01,ibm_kingston,11,390.8919,86.4113,0.00020909,0.00020909,0.00097241,0.01000977,32.0,32.0,68.0
2026-02-01,ibm_kingston,12,267.6647,247.8017,0.00036531,0.00036531,0.0025711,0.02929688,32.0,32.0,68.0
2026-02-01,ibm_kingston,13,386.2633,503.8873,0.00024024,0.00024024,0.00181724,0.00756836,32.0,32.0,68.0
2026-02-01,ibm_kingston,14,315.2708,427.8822,0.00062321,0.00062321,0.00684608,0.02026367,32.0,32.0,68.0
2026-02-01,ibm_kingston,15,308.2874,368.6091,0.00011422,0.00011422,,0.00976562,32.0,32.0,
2026-02-01,ibm_kingston,16,378.1596,420.6479,9.121e-05,9.121e-05,,0.04907227,32.0,32.0,
2026-02-01,ibm_kingston,17,321.4778,195.5167,0.00029353,0.00029353,,0.00463867,32.0,32.0,
2026-02-01,ibm_kingston,18,145.9146,121.5936,0.00069167,0.00069167,,0.02954102,32.0,32.0,
2026-02-01,ibm_kingston,19,361.3549,222.2796,0.00020122,0.00020122,,0.00708008,32.0,32.0,
2026-01-31,ibm_kingston,10,259.2458,18.9285,0.00017507,0.00017507,0.00167516,0.00341797,32.0,32.0,68.0
2026-01-31,ibm_kingston,11,390.8919,86.4113,0.00020909,0.00020909,0.00097241,0.01000977,32.0,32.0,68.0
2026-01-31,ibm_kingston,12,267.6647,247.8017,0.00036531,0.00036531,0.0025711,0.02929688,32.0,32.0,68.0
2026-01-31,ibm_kingston,13,386.2633,503.8873,0.00024024,0.00024024,0.00181724,0.00756836,32.0,32.0,68.0
2026-01-31,ibm_kingston,14,315.2708,427.8822,0.00062321,0.00062321,0.00684608,0.02026367,32.0,32.0,68.0
2026-01-31,ibm_kingston,15,308.2874,368.6091,0.00011422,0.00011422,,0.00976562,32.0,32.0,
2026-01-31,ibm_kingston,16,378.1596,420.6479,9.121e-05,9.121e-05,,0.04907227,32.0,32.0,
2026-01-31,ibm_kingston,17,321.4778,195.5167,0.00029353,0.00029353,,0.00463867,32.0,32.0,
2026-01-31,ibm_kingston,18,145.9146,121.5936,0.00069167,0.00069167,,0.02954102,32.0,32.0,
2026-01-31,ibm_kingston,19,361.3549,222.2796,0.00020122,0.00020122,,0.00708008,32.0,32.0,
2026-01-30,ibm_kingston,10,259.2458,18.9285,0.00017507,0.00017507,0.00167516,0.00317383,32.0,32.0,68.0
2026-01-30,ibm_kingston,11,390.8919,86.4113,0.00020909,0.00020909,0.00097241,0.00927734,32.0,32.0,68.0
2026-01-30,ibm_kingston,12,267.6647,247.8017,0.00036531,0.00036531,0.0025711,0.03100586,32.0,32.0,68.0
2026-01-30,ibm_kingston,13,386.2633,503.8873,0.00024024,0.00024024,0.00181724,0.0065918,32.0,32.0,68.0
2026-01-30,ibm_kingston,14,315.2708,427.8822,0.00062321,0.00062321,0.00684608,0.01831055,32.0,32.0,68.0
2026-01-30,ibm_kingston,15,308.2874,368.6091,0.00011422,0.00011422,,0.00268555,32.0,32.0,
2026-01-30,ibm_kingston,16,378.1596,420.6479,9.121e-05,9.121e-05,,0.04516602,32.0,32.0,
2026-01-30,ibm_kingston,17,321.4778,195.5167,0.00029353,0.00029353,,0.00683594,32.0,32.0,
2026-01-30,ibm_kingston,18,145.9146,121.5936,0.00069167,0.00069167,,0.02490234,32.0,32.0,
2026-01-30,ibm_kingston,19,361.3549,222.2796,0.00020122,0.00020122,,0.0144043,32.0,32.0,
2026-01-29,ibm_kingston,10,259.2458,18.9285,0.00017507,0.00017507,0.00167516,0.00317383,32.0,32.0,68.0
2026-01-29,ibm_kingston,11,390.8919,86.4113,0.00020909,0.00020909,0.00097241,0.00927734,32.0,32.0,68.0
2026-01-29,ibm_kingston,12,267.6647,247.8017,0.00036531,0.00036531,0.0025711,0.03100586,32.0,32.0,68.0
2026-01-29,ibm_kingston,13,386.2633,503.8873,0.00024024,0.00024024,0.00181724,0.0065918,32.0,32.0,68.0
2026-01-29,ibm_kingston,14,315.2708,427.8822,0.00062321,0.00062321,0.00684608,0.01831055,32.0,32.0,68.0
2026-01-29,ibm_kingston,15,308.2874,368.6091,0.00011422,0.00011422,,0.00268555,32.0,32.0,
2026-01-29,ibm_kingston,16,378.1596,420.6479,9.121e-05,9.121e-05,,0.04516602,32.0,32.0,
2026-01-29,ibm_kingston,17,321.4778,195.5167,0.00029353,0.00029353,,0.00683594,32.0,32.0,
2026-01-29,ibm_kingston,18,145.9146,121.5936,0.00069167,0.00069167,,0.02490234,32.0,32.0,
2026-01-29,ibm_kingston,19,361.3549,222.2796,0.00020122,0.00020122,,0.0144043,32.0,32.0,
2026-01-28,ibm_kingston,10,213.9256,18.1687,0.00032271,0.00032271,0.00184249,0.00390625,32.0,32.0,68.0
2026-01-28,ibm_kingston,11,402.5412,68.8852,0.00032448,0.00032448,0.00097241,0.00805664,32.0,32.0,68.0
2026-01-28,ibm_kingston,12,214.9054,242.7835,0.00028853,0.00028853,0.00261818,0.03833008,32.0,32.0,68.0
2026-01-28,ibm_kingston,13,349.5158,129.691,0.00037587,0.00037587,0.00181724,0.00341797,32.0,32.0,68.0
2026-01-28,ibm_kingston,14,277.8117,473.0734,0.00016314,0.00016314,0.00426044,0.02270508,32.0,32.0,68.0
2026-01-28,ibm_kingston,15,305.8964,349.2293,9.932e-05,9.932e-05,,0.00488281,32.0,32.0,
2026-01-28,ibm_kingston,16,321.9522,271.9917,8.044e-05,8.044e-05,,0.03759766,32.0,32.0,
2026-01-28,ibm_kingston,17,221.8676,116.8414,0.00038839,0.00038839,,0.00537109,32.0,32.0,
2026-01-28,ibm_kingston,18,149.0227,129.3502,0.00048759,0.00048759,,0.12695312,32.0,32.0,
2026-01-28,ibm_kingston,19,253.7033,202.121,0.00019659,0.00019659,,0.01318359,32.0,32.0,
2026-01-27,ibm_kingston,10,213.9256,18.1687,0.00032271,0.00032271,0.00184249,0.00390625,32.0,32.0,68.0
2026-01-27,ibm_kingston,11,402.5412,68.8852,0.00032448,0.00032448,0.00097241,0.00805664,32.0,32.0,68.0
2026-01-27,ibm_kingston,12,214.9054,242.7835,0.00028853,0.00028853,0.00261818,0.03833008,32.0,32.0,68.0
2026-01-27,ibm_kingston,13,349.5158,129.691,0.00037587,0.00037587,0.00181724,0.00341797,32.0,32.0,68.0
2026-01-27,ibm_kingston,14,277.8117,473.0734,0.00016314,0.00016314,0.00426044,0.02270508,32.0,32.0,68.0
2026-01-27,ibm_kingston,15,305.8964,349.2293,9.932e-05,9.932e-05,,0.00488281,32.0,32.0,
2026-01-27,ibm_kingston,16,321.9522,271.9917,8.044e-05,8.044e-05,,0.03759766,32.0,32.0,
2026-01-27,ibm_kingston,17,221.8676,116.8414,0.00038839,0.00038839,,0.00537109,32.0,32.0,
2026-01-27,ibm_kingston,18,149.0227,129.3502,0.00048759,0.00048759,,0.12695312,32.0,32.0,
2026-01-27,ibm_kingston,19,253.7033,202.121,0.00019659,0.00019659,,0.01318359,32.0,32.0,
2026-01-26,ibm_kingston,10,211.2232,22.1155,0.00032527,0.00032527,0.00131635,0.00341797,32.0,32.0,68.0
2026-01-26,ibm_kingston,11,373.3449,77.3933,0.00027766,0.00027766,0.00090737,0.01293945,32.0,32.0,68.0
2026-01-26,ibm_kingston,12,238.9663,213.3266,0.00026377,0.00026377,0.00245226,0.03344727,32.0,32.0,68.0
2026-01-26,ibm_kingston,13,346.7841,431.2959,0.00026534,0.00026534,0.00103657,0.00610352,32.0,32.0,68.0
2026-01-26,ibm_kingston,14,302.9149,482.8821,0.00014371,0.00014371,0.00401961,0.02783203,32.0,32.0,68.0
2026-01-26,ibm_kingston,15,360.1875,348.4656,0.00015158,0.00015158,,0.00610352,32.0,32.0,
2026-01-26,ibm_kingston,16,342.9271,357.1311,0.00038386,0.00038386,,0.07226562,32.0,32.0,
2026-01-26,ibm_kingston,17,249.0225,87.6219,0.00032482,0.00032482,,0.00854492,32.0,32.0,
2026-01-26,ibm_kingston,18,128.6182,109.2655,0.00036481,0.00036481,,0.10205078,32.0,32.0,
2026-01-26,ibm_kingston,19,229.3095,196.475,0.00032109,0.00032109,,0.01318359,32.0,32.0,
2026-01-25,ibm_kingston,10,211.2232,22.1155,0.00032527,0.00032527,0.00131635,0.00341797,32.0,32.0,68.0
2026-01-25,ibm_kingston,11,373.3449,77.3933,0.00027766,0.00027766,0.00090737,0.01293945,32.0,32.0,68.0
2026-01-25,ibm_kingston,12,238.9663,213.3266,0.00026377,0.00026377,0.00245226,0.03344727,32.0,32.0,68.0
2026-01-25,ibm_kingston,13,346.7841,431.2959,0.00026534,0.00026534,0.00103657,0.00610352,32.0,32.0,68.0
2026-01-25,ibm_kingston,14,302.9149,482.8821,0.00014371,0.00014371,0.00401961,0.02783203,32.0,32.0,68.0
2026-01-25,ibm_kingston,15,360.1875,348.4656,0.00015158,0.00015158,,0.00610352,32.0,32.0,
2026-01-25,ibm_kingston,16,342.9271,357.1311,0.00038386,0.00038386,,0.07226562,32.0,32.0,
2026-01-25,ibm_kingston,17,249.0225,87.6219,0.00032482,0.00032482,,0.00854492,32.0,32.0,
2026-01-25,ibm_kingston,18,128.6182,109.2655,0.00036481,0.00036481,,0.10205078,32.0,32.0,
2026-01-25,ibm_kingston,19,229.3095,196.475,0.00032109,0.00032109,,0.01318359,32.0,32.0,
2026-01-24,ibm_kingston,10,211.2232,22.1155,0.00024202,0.00024202,0.00137669,0.00341797,32.0,32.0,68.0
2026-01-24,ibm_kingston,11,373.3449,77.3933,0.00027766,0.00027766,0.00096595,0.01293945,32.0,32.0,68.0
2026-01-24,ibm_kingston,12,238.9663,213.3266,0.00023295,0.00023295,0.00224942,0.03344727,32.0,32.0,68.0
2026-01-24,ibm_kingston,13,346.7841,431.2959,0.00012818,0.00012818,0.00142753,0.00610352,32.0,32.0,68.0
2026-01-24,ibm_kingston,14,302.9149,482.8821,0.00015818,0.00015818,0.00244016,0.02783203,32.0,32.0,68.0
2026-01-24,ibm_kingston,15,360.1875,348.4656,0.00013683,0.00013683,,0.00610352,32.0,32.0,
2026-01-24,ibm_kingston,16,342.9271,357.1311,0.00017914,0.00017914,,0.07226562,32.0,32.0,
2026-01-24,ibm_kingston,17,249.0225,87.6219,0.00028304,0.00028304,,0.00854492,32.0,32.0,
2026-01-24,ibm_kingston,18,128.6182,109.2655,0.00053237,0.00053237,,0.10205078,32.0,32.0,
2026-01-24,ibm_kingston,19,229.3095,196.475,0.00023926,0.00023926,,0.01318359,32.0,32.0,
2026-01-23,ibm_kingston,10,131.6651,26.889,0.00024202,0.00024202,0.00137669,0.00146484,32.0,32.0,68.0
2026-01-23,ibm_kingston,11,234.3815,93.4271,0.00027766,0.00027766,0.00096595,0.01733398,32.0,32.0,68.0
2026-01-23,ibm_kingston,12,338.1757,269.0192,0.00023295,0.00023295,0.00224942,0.03076172,32.0,32.0,68.0
2026-01-23,ibm_kingston,13,240.7513,318.4376,0.00012818,0.00012818,0.00142753,0.00756836,32.0,32.0,68.0
2026-01-23,ibm_kingston,14,268.2624,408.7742,0.00015818,0.00015818,0.00244016,0.02661133,32.0,32.0,68.0
2026-01-23,ibm_kingston,15,330.9608,296.6333,0.00013683,0.00013683,,0.00610352,32.0,32.0,
2026-01-23,ibm_kingston,16,336.213,353.1195,0.00017914,0.00017914,,0.05517578,32.0,32.0,
2026-01-23,ibm_kingston,17,271.05,96.0784,0.00028304,0.00028304,,0.00488281,32.0,32.0,
2026-01-23,ibm_kingston,18,125.5436,100.1142,0.00053237,0.00053237,,0.09692383,32.0,32.0,
2026-01-23,ibm_kingston,19,254.5934,190.2941,0.00023926,0.00023926,,0.01293945,32.0,32.0,
2026-01-22,ibm_kingston,10,284.7129,28.9208,0.00024746,0.00024746,0.00141401,0.00231934,32.0,32.0,68.0
2026-01-22,ibm_kingston,11,306.4084,87.0133,0.00059319,0.00059319,0.00109077,0.00683594,32.0,32.0,68.0
2026-01-22,ibm_kingston,12,289.7085,248.0643,0.00021858,0.00021858,0.00225076,0.03271484,32.0,32.0,68.0
2026-01-22,ibm_kingston,13,270.2149,208.1569,0.00019094,0.00019094,0.00133202,0.00708008,32.0,32.0,68.0
2026-01-22,ibm_kingston,14,221.7698,245.6757,0.00011231,0.00011231,0.00375568,0.02941895,32.0,32.0,68.0
2026-01-22,ibm_kingston,15,343.2883,384.1365,0.00043295,0.00043295,,0.00646973,32.0,32.0,
2026-01-22,ibm_kingston,16,347.4822,145.3008,0.00016702,0.00016702,,0.05419922,32.0,32.0,
2026-01-22,ibm_kingston,17,243.5273,106.2354,0.00014347,0.00014347,,0.00366211,32.0,32.0,
2026-01-22,ibm_kingston,18,147.4576,123.5249,0.00064464,0.00064464,,0.07653809,32.0,32.0,
2026-01-22,ibm_kingston,19,352.8711,236.5938,0.00018882,0.00018882,,0.01196289,32.0,32.0,
2026-01-21,ibm_kingston,10,236.3049,27.884,0.00020481,0.00020481,0.00106937,0.0045166,32.0,32.0,68.0
2026-01-21,ibm_kingston,11,312.764,77.5106,0.00019157,0.00019157,0.00110072,0.01062012,32.0,32.0,68.0
2026-01-21,ibm_kingston,12,257.8443,250.0372,0.00024705,0.00024705,0.0031387,0.03015137,32.0,32.0,68.0
2026-01-21,ibm_kingston,13,270.2149,236.56,0.00041875,0.00041875,0.00113751,0.00537109,32.0,32.0,68.0
2026-01-21,ibm_kingston,14,260.5139,388.8132,0.00013517,0.00013517,0.00157139,0.01940918,32.0,32.0,68.0
2026-01-21,ibm_kingston,15,350.8726,285.0343,0.00013175,0.00013175,,0.00756836,32.0,32.0,
2026-01-21,ibm_kingston,16,337.1694,278.7224,0.00016702,0.00016702,,0.04748535,32.0,32.0,
2026-01-21,ibm_kingston,17,234.4553,69.7842,0.00026382,0.00026382,,0.00524902,32.0,32.0,
2026-01-21,ibm_kingston,18,116.4151,103.0858,0.00050903,0.00050903,,0.10241699,32.0,32.0,
2026-01-21,ibm_kingston,19,285.203,210.8416,0.00018882,0.00018882,,0.01318359,32.0,32.0,
2026-01-20,ibm_kingston,10,236.3049,27.884,0.00020481,0.00020481,0.00106937,0.00561523,32.0,32.0,68.0
2026-01-20,ibm_kingston,11,312.764,77.5106,0.00019157,0.00019157,0.00110072,0.00732422,32.0,32.0,68.0
2026-01-20,ibm_kingston,12,257.8443,250.0372,0.00024705,0.00024705,0.0031387,0.0390625,32.0,32.0,68.0
2026-01-20,ibm_kingston,13,270.2149,236.56,0.00041875,0.00041875,0.00113751,0.00915527,32.0,32.0,68.0
2026-01-20,ibm_kingston,14,260.5139,388.8132,0.00013517,0.00013517,0.00157139,0.02099609,32.0,32.0,68.0
2026-01-20,ibm_kingston,15,350.8726,285.0343,0.00013175,0.00013175,,0.00720215,32.0,32.0,
2026-01-20,ibm_kingston,16,337.1694,278.7224,0.00016702,0.00016702,,0.04724121,32.0,32.0,
2026-01-20,ibm_kingston,17,234.4553,69.7842,0.00026382,0.00026382,,0.00476074,32.0,32.0,
2026-01-20,ibm_kingston,18,116.4151,103.0858,0.00050903,0.00050903,,0.10583496,32.0,32.0,
2026-01-20,ibm_kingston,19,285.203,210.8416,0.00018882,0.00018882,,0.01208496,32.0,32.0,
2026-01-19,ibm_kingston,10,69.8674,23.2171,0.00144897,0.00144897,0.00113808,0.00366211,32.0,32.0,68.0
2026-01-19,ibm_kingston,11,412.1842,78.3293,0.00029804,0.00029804,0.00097202,0.00683594,32.0,32.0,68.0
2026-01-19,ibm_kingston,12,252.5953,246.4636,0.00020985,0.00020985,0.00160726,0.0324707,32.0,32.0,68.0
2026-01-19,ibm_kingston,13,416.516,546.3196,0.00027732,0.00027732,0.00083233,0.00439453,32.0,32.0,68.0
2026-01-19,ibm_kingston,14,364.2402,465.7901,0.00042674,0.00042674,0.00313966,0.02124023,32.0,32.0,68.0
2026-01-19,ibm_kingston,15,252.594,271.2921,0.00013523,0.00013523,,0.00561523,32.0,32.0,
2026-01-19,ibm_kingston,16,357.6207,274.5548,0.00013443,0.00013443,,0.04345703,32.0,32.0,
2026-01-19,ibm_kingston,17,325.0978,72.3798,0.00028354,0.00028354,,0.00561523,32.0,32.0,
2026-01-19,ibm_kingston,18,137.7729,92.9929,0.00038555,0.00038555,,0.09301758,32.0,32.0,
2026-01-19,ibm_kingston,19,338.3193,211.65,0.00028446,0.00028446,,0.01025391,32.0,32.0,
2026-01-18,ibm_kingston,10,293.5376,21.7515,0.00021763,0.00021763,0.00133684,0.00463867,32.0,32.0,68.0
2026-01-18,ibm_kingston,11,230.2454,68.9031,0.00038203,0.00038203,0.00142677,0.00854492,32.0,32.0,68.0
2026-01-18,ibm_kingston,12,318.2959,256.0234,0.00025256,0.00025256,0.00173661,0.03491211,32.0,32.0,68.0
2026-01-18,ibm_kingston,13,314.4377,445.5119,0.00055535,0.00055535,0.00114054,0.0065918,32.0,32.0,68.0
2026-01-18,ibm_kingston,14,343.4331,474.7193,0.00016447,0.00016447,0.00205006,0.02856445,32.0,32.0,68.0
2026-01-18,ibm_kingston,15,291.5815,230.1207,0.00025154,0.00025154,,0.00671387,32.0,32.0,
2026-01-18,ibm_kingston,16,260.5117,234.5107,0.00011547,0.00011547,,0.05249023,32.0,32.0,
2026-01-18,ibm_kingston,17,299.1712,77.4259,0.0002787,0.0002787,,0.00463867,32.0,32.0,
2026-01-18,ibm_kingston,18,147.8637,104.2477,0.00037793,0.00037793,,0.08947754,32.0,32.0,
2026-01-18,ibm_kingston,19,237.4348,176.3712,0.00019515,0.00019515,,0.01367188,32.0,32.0,
2026-01-17,ibm_kingston,10,297.795,20.941,0.00032027,0.00032027,0.00187358,0.00341797,32.0,32.0,68.0
2026-01-17,ibm_kingston,11,346.9765,71.8145,0.00037991,0.00037991,0.00142677,0.0189209,32.0,32.0,68.0
2026-01-17,ibm_kingston,12,245.918,205.2997,0.00023617,0.00023617,0.00173661,0.04345703,32.0,32.0,68.0
2026-01-17,ibm_kingston,13,143.2838,228.2378,0.00020426,0.00020426,0.00202311,0.0065918,32.0,32.0,68.0
2026-01-17,ibm_kingston,14,335.4125,469.2877,6.881e-05,6.881e-05,0.00168291,0.02075195,32.0,32.0,68.0
2026-01-17,ibm_kingston,15,362.5717,389.8787,0.0001818,0.0001818,,0.00402832,32.0,32.0,
2026-01-17,ibm_kingston,16,321.8816,95.6114,0.00016625,0.00016625,,0.04711914,32.0,32.0,
2026-01-17,ibm_kingston,17,314.4299,55.7467,0.00025394,0.00025394,,0.00585938,32.0,32.0,
2026-01-17,ibm_kingston,18,125.5442,115.5588,0.00038275,0.00038275,,0.09667969,32.0,32.0,
2026-01-17,ibm_kingston,19,303.1199,220.0989,0.00023862,0.00023862,,0.01135254,32.0,32.0,
2026-01-16,ibm_kingston,10,197.8675,27.3508,0.00262356,0.00262356,0.0040645,0.00354004,32.0,32.0,68.0
2026-01-16,ibm_kingston,11,355.8809,87.1479,0.00016025,0.00016025,0.00321329,0.01086426,32.0,32.0,68.0
2026-01-16,ibm_kingston,12,229.7654,195.5355,0.00024815,0.00024815,0.00256319,0.02502441,32.0,32.0,68.0
2026-01-16,ibm_kingston,13,323.4445,411.5361,0.0004232,0.0004232,0.00202311,0.00622559,32.0,32.0,68.0
2026-01-16,ibm_kingston,14,376.6965,327.5348,0.00050185,0.00050185,0.00374003,0.01647949,32.0,32.0,68.0
2026-01-16,ibm_kingston,15,392.6278,367.8859,0.001794,0.001794,,0.00866699,32.0,32.0,
2026-01-16,ibm_kingston,16,120.4484,119.0271,0.00113949,0.00113949,,0.07116699,32.0,32.0,
2026-01-16,ibm_kingston,17,277.4884,39.6826,0.00070878,0.00070878,,0.0057373,32.0,32.0,
2026-01-16,ibm_kingston,18,152.8666,107.649,0.00089621,0.00089621,,0.09692383,32.0,32.0,
2026-01-16,ibm_kingston,19,325.2073,226.7153,0.00037581,0.00037581,,0.01062012,32.0,32.0,
2026-01-15,ibm_kingston,10,301.1472,18.9506,0.00085052,0.00085052,0.00472166,0.00463867,32.0,32.0,68.0
2026-01-15,ibm_kingston,11,408.2071,58.7552,0.00190695,0.00190695,0.00381594,0.03625488,32.0,32.0,68.0
2026-01-15,ibm_kingston,12,290.4823,210.5403,0.00024815,0.00024815,0.00208397,0.04821777,32.0,32.0,68.0
2026-01-15,ibm_kingston,13,326.0186,333.9137,0.00083647,0.00083647,0.00168295,0.00866699,32.0,32.0,68.0
2026-01-15,ibm_kingston,14,314.4229,327.5348,0.00048882,0.00048882,0.00371566,0.01745605,32.0,32.0,68.0
2026-01-15,ibm_kingston,15,355.9424,253.7116,0.0016779,0.0016779,,0.01037598,32.0,32.0,
2026-01-15,ibm_kingston,16,334.5015,207.5984,0.00100002,0.00100002,,0.05834961,32.0,32.0,
2026-01-15,ibm_kingston,17,290.4717,37.2867,0.00085272,0.00085272,,0.0057373,32.0,32.0,
2026-01-15,ibm_kingston,18,125.8773,92.0406,0.00089621,0.00089621,,0.12731934,32.0,32.0,
2026-01-15,ibm_kingston,19,252.0922,156.6297,0.00020459,0.00020459,,0.01245117,32.0,32.0,
2026-01-14,ibm_kingston,10,314.0495,23.9002,0.00085052,0.00085052,0.00475849,0.0032959,32.0,32.0,68.0
2026-01-14,ibm_kingston,11,419.3863,60.988,0.00190695,0.00190695,0.00320718,0.01660156,32.0,32.0,68.0
2026-01-14,ibm_kingston,12,267.0168,217.2295,0.00061401,0.00061401,0.00221799,0.03320312,32.0,32.0,68.0
2026-01-14,ibm_kingston,13,338.4275,381.7564,0.00072871,0.00072871,0.00192818,0.01025391,32.0,32.0,68.0
2026-01-14,ibm_kingston,14,323.1995,444.549,0.00041611,0.00041611,0.00305065,0.0135498,32.0,32.0,68.0
2026-01-14,ibm_kingston,15,264.2528,224.0579,0.0016779,0.0016779,,0.00866699,32.0,32.0,
2026-01-14,ibm_kingston,16,373.8322,106.104,0.00100002,0.00100002,,0.06555176,32.0,32.0,
2026-01-14,ibm_kingston,17,188.7215,40.857,0.00085272,0.00085272,,0.00378418,32.0,32.0,
2026-01-14,ibm_kingston,18,143.3811,99.7345,0.00089621,0.00089621,,0.09375,32.0,32.0,
2026-01-14,ibm_kingston,19,328.3668,204.2459,0.00033738,0.00033738,,0.01196289,32.0,32.0,
2026-01-13,ibm_kingston,10,302.6174,29.1813,0.00040578,0.00040578,0.00569693,0.01501465,32.0,32.0,68.0
2026-01-13,ibm_kingston,11,367.169,80.9262,0.00116851,0.00116851,0.00338841,0.01452637,32.0,32.0,68.0
2026-01-13,ibm_kingston,12,259.4928,221.688,0.00056912,0.00056912,0.00215903,0.02172852,32.0,32.0,68.0
2026-01-13,ibm_kingston,13,273.6648,433.0895,0.00072871,0.00072871,0.00139685,0.00756836,32.0,32.0,68.0
2026-01-13,ibm_kingston,14,312.856,470.8891,0.00044611,0.00044611,0.0036682,0.01208496,32.0,32.0,68.0
2026-01-13,ibm_kingston,15,321.5699,297.8052,0.00048305,0.00048305,,0.01098633,32.0,32.0,
2026-01-13,ibm_kingston,16,373.8322,265.5838,0.00095724,0.00095724,,0.0513916,32.0,32.0,
2026-01-13,ibm_kingston,17,286.8456,40.5606,0.00053679,0.00053679,,0.00390625,32.0,32.0,
2026-01-13,ibm_kingston,18,138.5575,99.6659,0.00194478,0.00194478,,0.10192871,32.0,32.0,
2026-01-13,ibm_kingston,19,342.864,217.9025,0.0002939,0.0002939,,0.01074219,32.0,32.0,
2026-01-12,ibm_kingston,10,363.2089,19.4016,0.00095129,0.00095129,0.00489099,0.0057373,32.0,32.0,68.0
2026-01-12,ibm_kingston,11,464.4856,76.7198,0.00028637,0.00028637,0.00298082,0.01733398,32.0,32.0,68.0
2026-01-12,ibm_kingston,12,182.5123,146.0007,0.00056912,0.00056912,0.00198141,0.01916504,32.0,32.0,68.0
2026-01-12,ibm_kingston,13,281.1035,344.6508,0.00033869,0.00033869,0.00167762,0.00964355,32.0,32.0,68.0
2026-01-12,ibm_kingston,14,359.6571,488.1913,0.00033306,0.00033306,0.00310404,0.01025391,32.0,32.0,68.0
2026-01-12,ibm_kingston,15,336.8524,88.9051,0.00048305,0.00048305,,0.00744629,32.0,32.0,
2026-01-12,ibm_kingston,16,357.0823,286.9875,0.00029181,0.00029181,,0.0526123,32.0,32.0,
2026-01-12,ibm_kingston,17,272.2819,44.2034,0.00053679,0.00053679,,0.00354004,32.0,32.0,
2026-01-12,ibm_kingston,18,127.9243,100.0353,0.00194478,0.00194478,,0.10961914,32.0,32.0,
2026-01-12,ibm_kingston,19,218.8334,185.9173,0.00055973,0.00055973,,0.01025391,32.0,32.0,
2026-01-11,ibm_kingston,10,275.0304,26.4591,0.00095129,0.00095129,0.00383666,0.00610352,32.0,32.0,68.0
2026-01-11,ibm_kingston,11,337.9693,60.0944,0.00177513,0.00177513,0.00291412,0.01879883,32.0,32.0,68.0
2026-01-11,ibm_kingston,12,285.13,221.8378,0.00056912,0.00056912,0.00305223,0.02783203,32.0,32.0,68.0
2026-01-11,ibm_kingston,13,184.3725,244.5153,0.00033869,0.00033869,0.00206747,0.00830078,32.0,32.0,68.0
2026-01-11,ibm_kingston,14,317.8768,454.188,0.00054579,0.00054579,0.00309422,0.01074219,32.0,32.0,68.0
2026-01-11,ibm_kingston,15,336.8524,260.4396,0.00064502,0.00064502,,0.01123047,32.0,32.0,
2026-01-11,ibm_kingston,16,339.8094,301.8655,0.00154544,0.00154544,,0.04296875,32.0,32.0,
2026-01-11,ibm_kingston,17,287.9859,38.684,0.00129874,0.00129874,,0.00341797,32.0,32.0,
2026-01-11,ibm_kingston,18,157.2462,117.4273,0.00194478,0.00194478,,0.10595703,32.0,32.0,
2026-01-11,ibm_kingston,19,425.8919,222.4044,0.00046738,0.00046738,,0.01293945,32.0,32.0,
2026-01-10,ibm_kingston,10,275.0304,26.4591,0.00122686,0.00122686,0.00411287,0.00512695,32.0,32.0,68.0
2026-01-10,ibm_kingston,11,337.9693,60.0944,0.00177513,0.00177513,0.00281213,0.02050781,32.0,32.0,68.0
2026-01-10,ibm_kingston,12,285.13,221.8378,0.0003612,0.0003612,0.00231265,0.0144043,32.0,32.0,68.0
2026-01-10,ibm_kingston,13,184.3725,244.5153,0.00106659,0.00106659,0.00171272,0.00854492,32.0,32.0,68.0
2026-01-10,ibm_kingston,14,317.8768,454.188,0.00054579,0.00054579,0.00267218,0.01000977,32.0,32.0,68.0
2026-01-10,ibm_kingston,15,336.8524,260.4396,0.00081632,0.00081632,,0.0078125,32.0,32.0,
2026-01-10,ibm_kingston,16,339.8094,301.8655,0.00040384,0.00040384,,0.05078125,32.0,32.0,
2026-01-10,ibm_kingston,17,287.9859,38.684,0.00035925,0.00035925,,0.00366211,32.0,32.0,
2026-01-10,ibm_kingston,18,157.2462,117.4273,0.00082992,0.00082992,,0.11279297,32.0,32.0,
2026-01-10,ibm_kingston,19,425.8919,222.4044,0.00082587,0.00082587,,0.01147461,32.0,32.0,
2026-01-09,ibm_kingston,10,361.0516,31.567,0.00122686,0.00122686,0.00411287,0.00537109,32.0,32.0,68.0
2026-01-09,ibm_kingston,11,365.7038,52.9669,0.00177513,0.00177513,0.00281213,0.01708984,32.0,32.0,68.0
2026-01-09,ibm_kingston,12,263.1329,217.5298,0.0003612,0.0003612,0.00231265,0.01782227,32.0,32.0,68.0
2026-01-09,ibm_kingston,13,273.4493,353.577,0.00106659,0.00106659,0.00171272,0.00708008,32.0,32.0,68.0
2026-01-09,ibm_kingston,14,376.2725,402.2515,0.00054579,0.00054579,0.00267218,0.01147461,32.0,32.0,68.0
2026-01-09,ibm_kingston,15,329.9072,297.1821,0.00081632,0.00081632,,0.0078125,32.0,32.0,
2026-01-09,ibm_kingston,16,340.183,224.9225,0.00040384,0.00040384,,0.05712891,32.0,32.0,
2026-01-09,ibm_kingston,17,335.9828,38.5481,0.00035925,0.00035925,,0.00537109,32.0,32.0,
2026-01-09,ibm_kingston,18,139.0882,102.1715,0.00082992,0.00082992,,0.1015625,32.0,32.0,
2026-01-09,ibm_kingston,19,376.6791,224.6872,0.00082587,0.00082587,,0.0090332,32.0,32.0,
2026-01-08,ibm_kingston,10,251.9155,24.4155,0.00122686,0.00122686,0.00633203,0.00524902,32.0,32.0,68.0
2026-01-08,ibm_kingston,11,390.8962,77.7209,0.0014553,0.0014553,0.0041138,0.01831055,32.0,32.0,68.0
2026-01-08,ibm_kingston,12,262.2645,224.0429,0.00022668,0.00022668,0.00247559,0.01831055,32.0,32.0,68.0
2026-01-08,ibm_kingston,13,119.7902,173.4509,0.00087525,0.00087525,0.00171714,0.00622559,32.0,32.0,68.0
2026-01-08,ibm_kingston,14,224.1199,222.9556,0.00042307,0.00042307,0.00472137,0.01818848,32.0,32.0,68.0
2026-01-08,ibm_kingston,15,329.8151,304.314,0.0006398,0.0006398,,0.00854492,32.0,32.0,
2026-01-08,ibm_kingston,16,383.2906,269.3779,0.00040384,0.00040384,,0.05078125,32.0,32.0,
2026-01-08,ibm_kingston,17,288.7631,42.804,0.00049517,0.00049517,,0.00561523,32.0,32.0,
2026-01-08,ibm_kingston,18,110.667,98.2265,0.00111689,0.00111689,,0.09082031,32.0,32.0,
2026-01-08,ibm_kingston,19,314.2973,206.7241,0.00047121,0.00047121,,0.0123291,32.0,32.0,
2026-01-07,ibm_kingston,10,251.9155,19.9611,0.00026093,0.00026093,0.00523078,0.00402832,32.0,32.0,68.0
2026-01-07,ibm_kingston,11,340.9907,59.5896,0.00161451,0.00161451,0.00273599,0.01745605,32.0,32.0,68.0
2026-01-07,ibm_kingston,12,221.5549,192.221,0.00022668,0.00022668,0.00228451,0.02746582,32.0,32.0,68.0
2026-01-07,ibm_kingston,13,230.5958,288.7264,0.00048441,0.00048441,0.00251007,0.00939941,32.0,32.0,68.0
2026-01-07,ibm_kingston,14,157.4883,207.4096,0.00058611,0.00058611,0.00517387,0.01269531,32.0,32.0,68.0
2026-01-07,ibm_kingston,15,209.2768,235.1136,0.00117328,0.00117328,,0.00830078,32.0,32.0,
2026-01-07,ibm_kingston,16,248.6559,253.5027,0.00040384,0.00040384,,0.05200195,32.0,32.0,
2026-01-07,ibm_kingston,17,272.8323,49.8187,0.00052191,0.00052191,,0.00463867,32.0,32.0,
2026-01-07,ibm_kingston,18,107.1752,91.7904,0.00113528,0.00113528,,0.09692383,32.0,32.0,
2026-01-07,ibm_kingston,19,321.9678,196.6805,0.0004361,0.0004361,,0.01025391,32.0,32.0,
2026-01-06,ibm_kingston,10,226.7264,22.3798,0.00026093,0.00026093,0.0013716,0.00195312,32.0,32.0,68.0
2026-01-06,ibm_kingston,11,324.5356,53.057,0.00228248,0.00228248,0.00144323,0.00732422,32.0,32.0,68.0
2026-01-06,ibm_kingston,12,198.7204,229.6671,0.00025573,0.00025573,0.00289762,0.04711914,32.0,32.0,68.0
2026-01-06,ibm_kingston,13,273.8139,344.5614,0.00034952,0.00034952,0.00118507,0.00341797,32.0,32.0,68.0
2026-01-06,ibm_kingston,14,160.1437,160.7121,0.00050789,0.00050789,0.00210271,0.01293945,32.0,32.0,68.0
2026-01-06,ibm_kingston,15,277.6823,267.7179,0.00015874,0.00015874,,0.00488281,32.0,32.0,
2026-01-06,ibm_kingston,16,249.8345,275.5196,0.0002327,0.0002327,,0.05957031,32.0,32.0,
2026-01-06,ibm_kingston,17,154.4685,28.6871,0.00038763,0.00038763,,0.0065918,32.0,32.0,
2026-01-06,ibm_kingston,18,107.6416,91.3304,0.0007764,0.0007764,,0.06860352,32.0,32.0,
2026-01-06,ibm_kingston,19,193.5403,113.1145,0.00062745,0.00062745,,0.00952148,32.0,32.0,
2026-01-05,ibm_kingston,10,283.2253,18.4253,0.00026093,0.00026093,0.00121685,0.00354004,32.0,32.0,68.0
2026-01-05,ibm_kingston,11,285.042,66.6499,0.00026867,0.00026867,0.0016896,0.015625,32.0,32.0,68.0
2026-01-05,ibm_kingston,12,131.4245,149.4207,0.0006695,0.0006695,0.00285684,0.0291748,32.0,32.0,68.0
2026-01-05,ibm_kingston,13,216.3348,153.43,0.00030776,0.00030776,0.00115398,0.0078125,32.0,32.0,68.0
2026-01-05,ibm_kingston,14,221.8182,107.9061,0.00021868,0.00021868,0.00232797,0.0201416,32.0,32.0,68.0
2026-01-05,ibm_kingston,15,281.6839,79.479,0.00015874,0.00015874,,0.00842285,32.0,32.0,
2026-01-05,ibm_kingston,16,141.3099,87.5054,0.0002327,0.0002327,,0.01135254,32.0,32.0,
2026-01-05,ibm_kingston,17,154.4685,43.8715,0.00037085,0.00037085,,0.00439453,32.0,32.0,
2026-01-05,ibm_kingston,18,111.8579,93.5616,0.00062649,0.00062649,,0.10888672,32.0,32.0,
2026-01-05,ibm_kingston,19,250.197,189.8521,0.00035081,0.00035081,,0.01086426,32.0,32.0,
2026-01-04,ibm_kingston,10,285.5056,19.3597,0.00033604,0.00033604,0.00129665,0.00354004,32.0,32.0,68.0
2026-01-04,ibm_kingston,11,261.4367,71.117,0.00017393,0.00017393,0.00553346,0.0135498,32.0,32.0,68.0
2026-01-04,ibm_kingston,12,44.7958,29.5252,0.0025445,0.0025445,0.00894551,0.08728027,32.0,32.0,68.0
2026-01-04,ibm_kingston,13,243.8941,367.9403,0.00024614,0.00024614,0.00117843,0.00610352,32.0,32.0,68.0
2026-01-04,ibm_kingston,14,221.8182,304.723,0.00020446,0.00020446,0.00230949,0.01086426,32.0,32.0,68.0
2026-01-04,ibm_kingston,15,281.6839,250.2427,0.00028425,0.00028425,,0.00524902,32.0,32.0,
2026-01-04,ibm_kingston,16,248.989,237.9034,0.00015865,0.00015865,,0.05505371,32.0,32.0,
2026-01-04,ibm_kingston,17,248.9796,54.7078,0.0004637,0.0004637,,0.00305176,32.0,32.0,
2026-01-04,ibm_kingston,18,98.8174,91.5174,0.00070212,0.00070212,,0.10437012,32.0,32.0,
2026-01-04,ibm_kingston,19,205.162,171.4993,0.00025082,0.00025082,,0.01171875,32.0,32.0,
2026-01-03,ibm_kingston,10,231.7208,18.9075,0.0003463,0.0003463,0.00131572,0.00476074,32.0,32.0,68.0
2026-01-03,ibm_kingston,11,105.2765,55.459,0.00028485,0.00028485,0.00413711,0.01696777,32.0,32.0,68.0
2026-01-03,ibm_kingston,12,44.7958,74.9052,0.00053199,0.00053199,0.00559023,0.02380371,32.0,32.0,68.0
2026-01-03,ibm_kingston,13,156.4473,232.4867,0.00027382,0.00027382,0.00116991,0.00585938,32.0,32.0,68.0
2026-01-03,ibm_kingston,14,188.7435,291.8777,0.00021693,0.00021693,0.0023323,0.01159668,32.0,32.0,68.0
2026-01-03,ibm_kingston,15,286.8003,258.5323,0.00017682,0.00017682,,0.00390625,32.0,32.0,
2026-01-03,ibm_kingston,16,320.0468,268.9926,0.0002609,0.0002609,,0.05126953,32.0,32.0,
2026-01-03,ibm_kingston,17,246.2065,44.2426,0.00038348,0.00038348,,0.00305176,32.0,32.0,
2026-01-03,ibm_kingston,18,108.6637,90.8692,0.00056383,0.00056383,,0.10595703,32.0,32.0,
2026-01-03,ibm_kingston,19,303.4599,196.1098,0.00015874,0.00015874,,0.0111084,32.0,32.0,
2026-01-02,ibm_kingston,10,265.5205,18.8465,0.00028425,0.00028425,0.00135104,0.00476074,32.0,32.0,68.0
2026-01-02,ibm_kingston,11,231.615,66.926,0.00026101,0.00026101,0.00830755,0.01586914,32.0,32.0,68.0
2026-01-02,ibm_kingston,12,109.043,142.0019,0.00087885,0.00087885,0.00823203,0.015625,32.0,32.0,68.0
2026-01-02,ibm_kingston,13,264.1566,364.7373,0.00026153,0.00026153,0.00091543,0.0057373,32.0,32.0,68.0
2026-01-02,ibm_kingston,14,293.303,378.3221,0.00020897,0.00020897,0.00215738,0.0135498,32.0,32.0,68.0
2026-01-02,ibm_kingston,15,295.8429,318.1492,0.0001847,0.0001847,,0.00390625,32.0,32.0,
2026-01-02,ibm_kingston,16,159.2429,160.5264,0.00028242,0.00028242,,0.05236816,32.0,32.0,
2026-01-02,ibm_kingston,17,160.3136,33.4783,0.0003832,0.0003832,,0.00354004,32.0,32.0,
2026-01-02,ibm_kingston,18,86.8631,78.5997,0.00048564,0.00048564,,0.09765625,32.0,32.0,
2026-01-02,ibm_kingston,19,152.0448,136.5609,0.00052473,0.00052473,,0.00964355,32.0,32.0,
2026-01-01,ibm_kingston,10,285.3411,18.2633,0.00018223,0.00018223,0.00147385,0.00366211,32.0,32.0,68.0
2026-01-01,ibm_kingston,11,327.7134,76.6753,0.00035266,0.00035266,0.00305962,0.01403809,32.0,32.0,68.0
2026-01-01,ibm_kingston,12,240.5453,73.5913,0.00104067,0.00104067,0.00391771,0.02416992,32.0,32.0,68.0
2026-01-01,ibm_kingston,13,307.4999,385.4708,0.00046954,0.00046954,0.00116373,0.00634766,32.0,32.0,68.0
2026-01-01,ibm_kingston,14,301.4422,399.283,0.00010264,0.00010264,0.00197653,0.01257324,32.0,32.0,68.0
2026-01-01,ibm_kingston,15,360.3319,116.5972,0.00011911,0.00011911,,0.00695801,32.0,32.0,
2026-01-01,ibm_kingston,16,193.2711,154.2812,0.0002246,0.0002246,,0.06188965,32.0,32.0,
2026-01-01,ibm_kingston,17,224.6371,40.5043,0.00070612,0.00070612,,0.00366211,32.0,32.0,
2026-01-01,ibm_kingston,18,93.0905,85.4932,0.00033502,0.00033502,,0.10375977,32.0,32.0,
2026-01-01,ibm_kingston,19,231.5972,176.8141,0.00018926,0.00018926,,0.01037598,32.0,32.0,
2025-12-31,ibm_kingston,10,199.1345,28.9024,0.00026451,0.00026451,0.00160517,0.00390625,32.0,32.0,68.0
2025-12-31,ibm_kingston,11,369.1379,76.0799,0.00017793,0.00017793,0.00115958,0.01049805,32.0,32.0,68.0
2025-12-31,ibm_kingston,12,240.5453,223.2402,0.0003285,0.0003285,0.00162986,0.01501465,32.0,32.0,68.0
2025-12-31,ibm_kingston,13,303.802,493.2457,0.00020081,0.00020081,0.00116373,0.00695801,32.0,32.0,68.0
2025-12-31,ibm_kingston,14,334.2649,513.7836,0.00016087,0.00016087,0.00204753,0.0135498,32.0,32.0,68.0
2025-12-31,ibm_kingston,15,360.3319,280.3506,0.00011407,0.00011407,,0.00415039,32.0,32.0,
2025-12-31,ibm_kingston,16,323.538,241.2726,0.00089178,0.00089178,,0.05395508,32.0,32.0,
2025-12-31,ibm_kingston,17,168.9435,44.9525,0.00031069,0.00031069,,0.00610352,32.0,32.0,
2025-12-31,ibm_kingston,18,115.1316,97.4657,0.00038662,0.00038662,,0.07373047,32.0,32.0,
2025-12-31,ibm_kingston,19,248.7848,73.8789,0.00021592,0.00021592,,0.00878906,32.0,32.0,
2025-12-30,ibm_kingston,10,199.1345,28.9024,0.00026451,0.00026451,0.00160517,0.00402832,32.0,32.0,68.0
2025-12-30,ibm_kingston,11,369.1379,76.0799,0.00017793,0.00017793,0.00115958,0.01831055,32.0,32.0,68.0
2025-12-30,ibm_kingston,12,240.5453,223.2402,0.0003285,0.0003285,0.00162986,0.02099609,32.0,32.0,68.0
2025-12-30,ibm_kingston,13,303.802,493.2457,0.00020081,0.00020081,0.00116373,0.00683594,32.0,32.0,68.0
2025-12-30,ibm_kingston,14,334.2649,513.7836,0.00016087,0.00016087,0.00204753,0.01318359,32.0,32.0,68.0
2025-12-30,ibm_kingston,15,360.3319,280.3506,0.00011407,0.00011407,,0.00439453,32.0,32.0,
2025-12-30,ibm_kingston,16,323.538,241.2726,0.00089178,0.00089178,,0.05493164,32.0,32.0,
2025-12-30,ibm_kingston,17,168.9435,44.9525,0.00031069,0.00031069,,0.00427246,32.0,32.0,
2025-12-30,ibm_kingston,18,115.1316,97.4657,0.00038662,0.00038662,,0.08911133,32.0,32.0,
2025-12-30,ibm_kingston,19,248.7848,73.8789,0.00021592,0.00021592,,0.00878906,32.0,32.0,
2025-12-29,ibm_kingston,10,216.0603,23.3616,0.00019282,0.00019282,0.00132617,0.00402832,32.0,32.0,68.0
2025-12-29,ibm_kingston,11,423.3772,78.3473,0.00027995,0.00027995,0.00115958,0.01831055,32.0,32.0,68.0
2025-12-29,ibm_kingston,12,270.5532,219.7125,0.00018374,0.00018374,0.00250111,0.02099609,32.0,32.0,68.0
2025-12-29,ibm_kingston,13,289.2772,424.8025,0.00014496,0.00014496,0.00123735,0.00683594,32.0,32.0,68.0
2025-12-29,ibm_kingston,14,254.1717,343.9191,0.00015818,0.00015818,0.00364272,0.01318359,32.0,32.0,68.0
2025-12-29,ibm_kingston,15,286.0659,212.3577,0.00013396,0.00013396,,0.00439453,32.0,32.0,
2025-12-29,ibm_kingston,16,355.3814,326.3425,6.588e-05,6.588e-05,,0.05493164,32.0,32.0,
2025-12-29,ibm_kingston,17,222.5354,39.6217,0.00046275,0.00046275,,0.00427246,32.0,32.0,
2025-12-29,ibm_kingston,18,117.7215,86.6015,0.00070538,0.00070538,,0.08911133,32.0,32.0,
2025-12-29,ibm_kingston,19,248.7848,189.0776,0.00027888,0.00027888,,0.00878906,32.0,32.0,
2025-12-28,ibm_kingston,10,297.4808,27.0778,0.00013214,0.00013214,0.00128745,0.00488281,32.0,32.0,68.0
2025-12-28,ibm_kingston,11,68.0496,29.7134,0.00025343,0.00025343,0.00112229,0.02075195,32.0,32.0,68.0
2025-12-28,ibm_kingston,12,278.1371,259.6797,0.00023547,0.00023547,0.00163352,0.01879883,32.0,32.0,68.0
2025-12-28,ibm_kingston,13,334.7309,487.8487,0.00013769,0.00013769,0.00308336,0.00488281,32.0,32.0,68.0
2025-12-28,ibm_kingston,14,266.9402,360.6058,0.00016446,0.00016446,0.00634345,0.00805664,32.0,32.0,68.0
2025-12-28,ibm_kingston,15,378.4234,329.7312,0.00011462,0.00011462,,0.00341797,32.0,32.0,
2025-12-28,ibm_kingston,16,425.1319,306.9539,0.00010307,0.00010307,,0.06005859,32.0,32.0,
2025-12-28,ibm_kingston,17,268.5692,55.0441,0.00029923,0.00029923,,0.00292969,32.0,32.0,
2025-12-28,ibm_kingston,18,119.1664,101.3265,0.00037053,0.00037053,,0.1003418,32.0,32.0,
2025-12-28,ibm_kingston,19,343.9388,203.3806,0.00030489,0.00030489,,0.00561523,32.0,32.0,
2025-12-27,ibm_kingston,10,242.1706,21.3202,0.00015998,0.00015998,0.00186961,0.00415039,32.0,32.0,68.0
2025-12-27,ibm_kingston,11,356.0944,68.9904,0.00022405,0.00022405,0.00124389,0.01269531,32.0,32.0,68.0
2025-12-27,ibm_kingston,12,191.3151,155.5654,0.00030752,0.00030752,0.00133399,0.02416992,32.0,32.0,68.0
2025-12-27,ibm_kingston,13,323.8152,472.5497,0.00039532,0.00039532,0.00124854,0.0078125,32.0,32.0,68.0
2025-12-27,ibm_kingston,14,311.4502,504.1099,0.000205,0.000205,0.00557484,0.01367188,32.0,32.0,68.0
2025-12-27,ibm_kingston,15,222.2386,178.141,6.196e-05,6.196e-05,,0.00366211,32.0,32.0,
2025-12-27,ibm_kingston,16,205.0386,244.4536,0.00021493,0.00021493,,0.06225586,32.0,32.0,
2025-12-27,ibm_kingston,17,141.7585,58.5179,0.00038625,0.00038625,,0.00439453,32.0,32.0,
2025-12-27,ibm_kingston,18,150.854,97.4757,0.00042883,0.00042883,,0.10717773,32.0,32.0,
2025-12-27,ibm_kingston,19,219.1804,171.9299,0.00019845,0.00019845,,0.01098633,32.0,32.0,
2025-12-26,ibm_kingston,10,242.1706,21.3202,0.00015998,0.00015998,0.00186961,0.00341797,32.0,32.0,68.0
2025-12-26,ibm_kingston,11,356.0944,68.9904,0.00022405,0.00022405,0.00124389,0.00695801,32.0,32.0,68.0
2025-12-26,ibm_kingston,12,191.3151,155.5654,0.00030752,0.00030752,0.00133399,0.01538086,32.0,32.0,68.0
2025-12-26,ibm_kingston,13,323.8152,472.5497,0.00039532,0.00039532,0.00124854,0.00646973,32.0,32.0,68.0
2025-12-26,ibm_kingston,14,311.4502,504.1099,0.000205,0.000205,0.00557484,0.0111084,32.0,32.0,68.0
2025-12-26,ibm_kingston,15,222.2386,178.141,6.196e-05,6.196e-05,,0.00402832,32.0,32.0,
2025-12-26,ibm_kingston,16,205.0386,244.4536,0.00021493,0.00021493,,0.06933594,32.0,32.0,
2025-12-26,ibm_kingston,17,141.7585,58.5179,0.00038625,0.00038625,,0.00439453,32.0,32.0,
2025-12-26,ibm_kingston,18,150.854,97.4757,0.00042883,0.00042883,,0.08447266,32.0,32.0,
2025-12-26,ibm_kingston,19,219.1804,171.9299,0.00019845,0.00019845,,0.01367188,32.0,32.0,
2025-12-25,ibm_kingston,10,300.3868,19.7034,0.00030731,0.00030731,0.00120273,0.00427246,32.0,32.0,68.0
2025-12-25,ibm_kingston,11,402.4451,72.661,0.00032032,0.00032032,0.00096377,0.04980469,32.0,32.0,68.0
2025-12-25,ibm_kingston,12,243.0954,206.2113,0.00027815,0.00027815,0.00135616,0.02001953,32.0,32.0,68.0
2025-12-25,ibm_kingston,13,275.6706,291.8337,0.00039532,0.00039532,0.00080017,0.00378418,32.0,32.0,68.0
2025-12-25,ibm_kingston,14,270.7069,321.9078,0.00014876,0.00014876,0.00589416,0.01501465,32.0,32.0,68.0
2025-12-25,ibm_kingston,15,347.3734,336.2923,0.00010848,0.00010848,,0.00622559,32.0,32.0,
2025-12-25,ibm_kingston,16,337.0161,290.813,0.00012828,0.00012828,,0.06494141,32.0,32.0,
2025-12-25,ibm_kingston,17,254.8986,58.166,0.00033142,0.00033142,,0.0045166,32.0,32.0,
2025-12-25,ibm_kingston,18,131.3085,106.7397,0.00052541,0.00052541,,0.14562988,32.0,32.0,
2025-12-25,ibm_kingston,19,201.4992,154.5651,0.00029827,0.00029827,,0.00891113,32.0,32.0,
2025-12-24,ibm_kingston,10,312.8162,23.926,0.00016821,0.00016821,0.0016274,0.00354004,32.0,32.0,68.0
2025-12-24,ibm_kingston,11,365.4805,58.4358,0.00032032,0.00032032,0.00096377,0.01623535,32.0,32.0,68.0
2025-12-24,ibm_kingston,12,263.2101,295.6334,0.00020625,0.00020625,0.0013716,0.0255127,32.0,32.0,68.0
2025-12-24,ibm_kingston,13,335.8009,564.3623,0.00032168,0.00032168,0.00096828,0.00646973,32.0,32.0,68.0
2025-12-24,ibm_kingston,14,372.1223,510.2533,0.00015485,0.00015485,0.00197458,0.00952148,32.0,32.0,68.0
2025-12-24,ibm_kingston,15,451.8961,365.6301,9.871e-05,9.871e-05,,0.00708008,32.0,32.0,
2025-12-24,ibm_kingston,16,283.1219,296.823,0.00016889,0.00016889,,0.05957031,32.0,32.0,
2025-12-24,ibm_kingston,17,225.6323,74.8476,0.00029555,0.00029555,,0.00415039,32.0,32.0,
2025-12-24,ibm_kingston,18,141.7592,103.6702,0.000336,0.000336,,0.11230469,32.0,32.0,
2025-12-24,ibm_kingston,19,349.7612,218.858,0.00037173,0.00037173,,0.0078125,32.0,32.0,
2025-12-23,ibm_kingston,10,315.0851,25.7997,0.00029682,0.00029682,0.00138725,0.00439453,32.0,32.0,68.0
2025-12-23,ibm_kingston,11,374.3426,59.7089,0.00023594,0.00023594,0.00086258,0.02270508,32.0,32.0,68.0
2025-12-23,ibm_kingston,12,115.5845,94.877,0.00028589,0.00028589,0.00159244,0.02526855,32.0,32.0,68.0
2025-12-23,ibm_kingston,13,234.3897,316.8707,0.00023229,0.00023229,0.00119747,0.00500488,32.0,32.0,68.0
2025-12-23,ibm_kingston,14,290.497,385.2645,0.00015485,0.00015485,0.00221636,0.01196289,32.0,32.0,68.0
2025-12-23,ibm_kingston,15,261.7276,251.1414,9.868e-05,9.868e-05,,0.0065918,32.0,32.0,
2025-12-23,ibm_kingston,16,185.8611,183.684,0.0001185,0.0001185,,0.06054688,32.0,32.0,
2025-12-23,ibm_kingston,17,297.6067,70.2811,0.00024611,0.00024611,,0.00378418,32.0,32.0,
2025-12-23,ibm_kingston,18,127.1954,103.2784,0.000336,0.000336,,0.1159668,32.0,32.0,
2025-12-23,ibm_kingston,19,341.8796,225.2116,0.00029781,0.00029781,,0.01098633,32.0,32.0,
2025-12-22,ibm_kingston,10,249.4341,18.1571,0.00021761,0.00021761,0.00134716,0.00476074,32.0,32.0,68.0
2025-12-22,ibm_kingston,11,327.0478,70.5219,0.00023594,0.00023594,0.00097252,0.01367188,32.0,32.0,68.0
2025-12-22,ibm_kingston,12,165.6457,204.4797,0.00017515,0.00017515,0.00134119,0.01916504,32.0,32.0,68.0
2025-12-22,ibm_kingston,13,230.5596,242.572,0.00026155,0.00026155,0.00122626,0.00598145,32.0,32.0,68.0
2025-12-22,ibm_kingston,14,339.6119,366.9412,0.00018089,0.00018089,0.00199325,0.01147461,32.0,32.0,68.0
2025-12-22,ibm_kingston,15,314.1421,367.9724,0.00015466,0.00015466,,0.00463867,32.0,32.0,
2025-12-22,ibm_kingston,16,240.9715,262.2953,0.00016709,0.00016709,,0.05847168,32.0,32.0,
2025-12-22,ibm_kingston,17,209.4949,93.1516,0.00019005,0.00019005,,0.00488281,32.0,32.0,
2025-12-22,ibm_kingston,18,148.3257,102.1788,0.00052767,0.00052767,,0.09020996,32.0,32.0,
2025-12-22,ibm_kingston,19,139.3977,132.8283,0.00015857,0.00015857,,0.01330566,32.0,32.0,
2025-12-21,ibm_kingston,10,249.4341,18.1571,0.00021761,0.00021761,0.00134716,0.00598145,32.0,32.0,68.0
2025-12-21,ibm_kingston,11,327.0478,70.5219,0.00023594,0.00023594,0.00097252,0.01794434,32.0,32.0,68.0
2025-12-21,ibm_kingston,12,165.6457,204.4797,0.00017515,0.00017515,0.00134119,0.02307129,32.0,32.0,68.0
2025-12-21,ibm_kingston,13,230.5596,242.572,0.00026155,0.00026155,0.00122626,0.0045166,32.0,32.0,68.0
2025-12-21,ibm_kingston,14,339.6119,366.9412,0.00018089,0.00018089,0.00199325,0.01623535,32.0,32.0,68.0
2025-12-21,ibm_kingston,15,314.1421,367.9724,0.00015466,0.00015466,,0.00476074,32.0,32.0,
2025-12-21,ibm_kingston,16,240.9715,262.2953,0.00016709,0.00016709,,0.0645752,32.0,32.0,
2025-12-21,ibm_kingston,17,209.4949,93.1516,0.00019005,0.00019005,,0.00378418,32.0,32.0,
2025-12-21,ibm_kingston,18,148.3257,102.1788,0.00052767,0.00052767,,0.0904541,32.0,32.0,
2025-12-21,ibm_kingston,19,139.3977,132.8283,0.00015857,0.00015857,,0.01049805,32.0,32.0,
2025-12-20,ibm_kingston,10,248.945,27.9467,0.00025306,0.00025306,0.00155395,0.00402832,32.0,32.0,68.0
2025-12-20,ibm_kingston,11,350.3436,73.4311,0.00026577,0.00026577,0.00101036,0.01123047,32.0,32.0,68.0
2025-12-20,ibm_kingston,12,260.9439,237.3123,0.00013979,0.00013979,0.00190224,0.04418945,32.0,32.0,68.0
2025-12-20,ibm_kingston,13,254.6347,346.5984,0.00022109,0.00022109,0.00144086,0.00756836,32.0,32.0,68.0
2025-12-20,ibm_kingston,14,368.3753,497.4168,0.00016707,0.00016707,0.00157942,0.01025391,32.0,32.0,68.0
2025-12-20,ibm_kingston,15,330.929,298.3319,0.00011431,0.00011431,,0.00634766,32.0,32.0,
2025-12-20,ibm_kingston,16,360.6071,106.8195,0.00016732,0.00016732,,0.06420898,32.0,32.0,
2025-12-20,ibm_kingston,17,215.9523,73.8141,0.00025751,0.00025751,,0.00524902,32.0,32.0,
2025-12-20,ibm_kingston,18,132.8847,112.4558,0.00035912,0.00035912,,0.11560059,32.0,32.0,
2025-12-20,ibm_kingston,19,317.9111,226.5363,0.00015018,0.00015018,,0.00805664,32.0,32.0,
2025-12-19,ibm_kingston,10,287.3472,24.9232,0.00025306,0.00025306,0.00105284,0.00366211,32.0,32.0,68.0
2025-12-19,ibm_kingston,11,272.0697,63.558,0.00023349,0.00023349,0.00128011,0.03088379,32.0,32.0,68.0
2025-12-19,ibm_kingston,12,189.3026,186.9523,0.00023334,0.00023334,0.00190224,0.01611328,32.0,32.0,68.0
2025-12-19,ibm_kingston,13,289.5405,220.2443,0.00029653,0.00029653,0.00144086,0.00463867,32.0,32.0,68.0
2025-12-19,ibm_kingston,14,302.2643,342.0503,0.00016915,0.00016915,0.00206553,0.01574707,32.0,32.0,68.0
2025-12-19,ibm_kingston,15,284.695,262.3511,0.00017725,0.00017725,,0.00476074,32.0,32.0,
2025-12-19,ibm_kingston,16,242.686,204.9308,0.0002119,0.0002119,,0.09338379,32.0,32.0,
2025-12-19,ibm_kingston,17,315.981,46.9893,0.00037841,0.00037841,,0.0970459,32.0,32.0,
2025-12-19,ibm_kingston,18,81.2581,72.3225,0.00038283,0.00038283,,0.14111328,32.0,32.0,
2025-12-19,ibm_kingston,19,319.3919,224.5494,0.00129959,0.00129959,,0.00952148,32.0,32.0,
2025-12-18,ibm_kingston,10,226.2489,25.9773,0.00012007,0.00012007,0.00163746,0.0045166,32.0,32.0,68.0
2025-12-18,ibm_kingston,11,263.1292,64.434,0.00018942,0.00018942,0.00104535,0.01599121,32.0,32.0,68.0
2025-12-18,ibm_kingston,12,263.4604,273.8595,0.00021858,0.00021858,0.00167779,0.02624512,32.0,32.0,68.0
2025-12-18,ibm_kingston,13,331.2144,465.0978,0.00048251,0.00048251,0.00122306,0.00732422,32.0,32.0,68.0
2025-12-18,ibm_kingston,14,271.8417,402.5777,0.00015491,0.00015491,0.00204588,0.01159668,32.0,32.0,68.0
2025-12-18,ibm_kingston,15,322.9727,280.9007,0.00010692,0.00010692,,0.00585938,32.0,32.0,
2025-12-18,ibm_kingston,16,186.4496,177.4863,0.00020203,0.00020203,,0.05932617,32.0,32.0,
2025-12-18,ibm_kingston,17,325.6624,73.117,0.00024954,0.00024954,,0.00402832,32.0,32.0,
2025-12-18,ibm_kingston,18,135.2684,105.5983,0.00036606,0.00036606,,0.0904541,32.0,32.0,
2025-12-18,ibm_kingston,19,372.2564,212.2072,0.00047094,0.00047094,,0.01135254,32.0,32.0,
2025-12-17,ibm_kingston,10,290.131,17.4078,0.00033229,0.00033229,0.00152958,0.0045166,32.0,32.0,68.0
2025-12-17,ibm_kingston,11,247.4574,61.1028,0.00029621,0.00029621,0.00129532,0.01147461,32.0,32.0,68.0
2025-12-17,ibm_kingston,12,244.7062,228.4273,0.00023332,0.00023332,0.00141839,0.0177002,32.0,32.0,68.0
2025-12-17,ibm_kingston,13,286.2847,505.3644,0.00016174,0.00016174,0.00285568,0.00585938,32.0,32.0,68.0
2025-12-17,ibm_kingston,14,327.7144,573.3374,0.00019106,0.00019106,0.00159802,0.01135254,32.0,32.0,68.0
2025-12-17,ibm_kingston,15,292.9168,274.9854,0.00011353,0.00011353,,0.00524902,32.0,32.0,
2025-12-17,ibm_kingston,16,338.6747,332.9651,0.00024114,0.00024114,,0.06896973,32.0,32.0,
2025-12-17,ibm_kingston,17,249.1799,70.0236,0.00028302,0.00028302,,0.00390625,32.0,32.0,
2025-12-17,ibm_kingston,18,142.7892,110.9053,0.00070123,0.00070123,,0.08557129,32.0,32.0,
2025-12-17,ibm_kingston,19,296.1322,194.4826,0.00014663,0.00014663,,0.00952148,32.0,32.0,
2025-12-16,ibm_kingston,10,228.0806,18.7688,0.00024671,0.00024671,0.00144058,0.00463867,32.0,32.0,68.0
2025-12-16,ibm_kingston,11,408.6488,97.1518,0.00015419,0.00015419,0.00133596,0.0144043,32.0,32.0,68.0
2025-12-16,ibm_kingston,12,206.4226,209.1122,0.00023363,0.00023363,0.00167083,0.01745605,32.0,32.0,68.0
2025-12-16,ibm_kingston,13,235.6874,321.7619,0.00019814,0.00019814,0.00126209,0.00695801,32.0,32.0,68.0
2025-12-16,ibm_kingston,14,343.9616,546.4276,9.693e-05,9.693e-05,0.00145422,0.01049805,32.0,32.0,68.0
2025-12-16,ibm_kingston,15,338.6013,322.6912,0.00014083,0.00014083,,0.00476074,32.0,32.0,
2025-12-16,ibm_kingston,16,339.6817,229.6044,0.00020862,0.00020862,,0.07446289,32.0,32.0,
2025-12-16,ibm_kingston,17,326.5008,63.4524,0.00035428,0.00035428,,0.00476074,32.0,32.0,
2025-12-16,ibm_kingston,18,149.5553,104.3829,0.00070123,0.00070123,,0.09411621,32.0,32.0,
2025-12-16,ibm_kingston,19,183.6475,148.6282,0.00022537,0.00022537,,0.01208496,32.0,32.0,
2025-12-15,ibm_kingston,10,277.502,17.1044,0.0001654,0.0001654,0.00146203,0.00366211,32.0,32.0,68.0
2025-12-15,ibm_kingston,11,311.4172,92.9824,0.00013367,0.00013367,0.00116399,0.00744629,32.0,32.0,68.0
2025-12-15,ibm_kingston,12,289.0555,242.2194,0.00019621,0.00019621,0.00171092,0.02368164,32.0,32.0,68.0
2025-12-15,ibm_kingston,13,248.7675,377.7374,0.00023383,0.00023383,0.00109196,0.00354004,32.0,32.0,68.0
2025-12-15,ibm_kingston,14,408.9568,568.6681,0.0002807,0.0002807,0.00185952,0.01831055,32.0,32.0,68.0
2025-12-15,ibm_kingston,15,345.0476,288.4085,0.00010174,0.00010174,,0.0057373,32.0,32.0,
2025-12-15,ibm_kingston,16,314.9765,343.1965,0.00013818,0.00013818,,0.07043457,32.0,32.0,
2025-12-15,ibm_kingston,17,301.8774,76.2649,0.00027222,0.00027222,,0.00390625,32.0,32.0,
2025-12-15,ibm_kingston,18,109.6601,83.5518,0.00020836,0.00020836,,0.08227539,32.0,32.0,
2025-12-15,ibm_kingston,19,296.7034,39.4963,0.00022537,0.00022537,,0.01037598,32.0,32.0,
2025-12-14,ibm_kingston,10,277.502,17.1044,0.00017704,0.00017704,0.00143163,0.00463867,32.0,32.0,68.0
2025-12-14,ibm_kingston,11,311.4172,92.9824,0.00017592,0.00017592,0.00099314,0.02209473,32.0,32.0,68.0
2025-12-14,ibm_kingston,12,289.0555,242.2194,0.00016233,0.00016233,0.002044,0.01672363,32.0,32.0,68.0
2025-12-14,ibm_kingston,13,248.7675,377.7374,0.00037352,0.00037352,0.00096614,0.00646973,32.0,32.0,68.0
2025-12-14,ibm_kingston,14,408.9568,568.6681,0.00020217,0.00020217,0.00262524,0.01062012,32.0,32.0,68.0
2025-12-14,ibm_kingston,15,345.0476,288.4085,0.00020452,0.00020452,,0.00512695,32.0,32.0,
2025-12-14,ibm_kingston,16,314.9765,343.1965,0.00016841,0.00016841,,0.06848145,32.0,32.0,
2025-12-14,ibm_kingston,17,301.8774,76.2649,0.00043501,0.00043501,,0.00354004,32.0,32.0,
2025-12-14,ibm_kingston,18,109.6601,83.5518,0.00090531,0.00090531,,0.11682129,32.0,32.0,
2025-12-14,ibm_kingston,19,296.7034,39.4963,0.00032157,0.00032157,,0.0098877,32.0,32.0,
2025-12-13,ibm_kingston,10,278.703,19.0108,0.00017704,0.00017704,0.00143163,0.00512695,32.0,32.0,68.0
2025-12-13,ibm_kingston,11,405.065,60.7214,0.00017592,0.00017592,0.00099314,0.01586914,32.0,32.0,68.0
2025-12-13,ibm_kingston,12,228.4605,202.6268,0.00016233,0.00016233,0.002044,0.01867676,32.0,32.0,68.0
2025-12-13,ibm_kingston,13,293.6713,412.9086,0.00037352,0.00037352,0.00096614,0.00500488,32.0,32.0,68.0
2025-12-13,ibm_kingston,14,309.9877,467.6808,0.00020217,0.00020217,0.00262524,0.01037598,32.0,32.0,68.0
2025-12-13,ibm_kingston,15,244.7698,221.9268,0.00020452,0.00020452,,0.00634766,32.0,32.0,
2025-12-13,ibm_kingston,16,325.6338,316.0299,0.00016841,0.00016841,,0.05688477,32.0,32.0,
2025-12-13,ibm_kingston,17,126.2346,45.9624,0.00043501,0.00043501,,0.00817871,32.0,32.0,
2025-12-13,ibm_kingston,18,100.3488,68.9626,0.00090531,0.00090531,,0.10412598,32.0,32.0,
2025-12-13,ibm_kingston,19,296.7034,213.019,0.00032157,0.00032157,,0.0098877,32.0,32.0,
2025-12-12,ibm_kingston,10,283.6132,18.7917,0.00017704,0.00017704,0.00103325,0.00512695,32.0,32.0,68.0
2025-12-12,ibm_kingston,11,418.3712,72.7695,0.00013672,0.00013672,0.00134383,0.01586914,32.0,32.0,68.0
2025-12-12,ibm_kingston,12,220.0374,202.8084,0.00025925,0.00025925,0.002044,0.01867676,32.0,32.0,68.0
2025-12-12,ibm_kingston,13,400.393,22.6496,0.00037352,0.00037352,0.00105199,0.00500488,32.0,32.0,68.0
2025-12-12,ibm_kingston,14,296.9157,440.9657,0.00018331,0.00018331,0.00224348,0.01037598,32.0,32.0,68.0
2025-12-12,ibm_kingston,15,313.6845,317.8339,0.00012657,0.00012657,,0.00634766,32.0,32.0,
2025-12-12,ibm_kingston,16,350.0714,303.5436,0.00015317,0.00015317,,0.05688477,32.0,32.0,
2025-12-12,ibm_kingston,17,285.9344,63.1152,0.0003962,0.0003962,,0.00817871,32.0,32.0,
2025-12-12,ibm_kingston,18,143.0405,105.1941,0.00037619,0.00037619,,0.10412598,32.0,32.0,
2025-12-12,ibm_kingston,19,194.3086,200.8631,0.00028718,0.00028718,,0.0098877,32.0,32.0,
2025-12-11,ibm_kingston,10,203.2365,22.3391,0.00014588,0.00014588,0.00125643,0.00402832,32.0,32.0,68.0
2025-12-11,ibm_kingston,11,304.7474,64.2741,0.00013106,0.00013106,0.00118791,0.02600098,32.0,32.0,68.0
2025-12-11,ibm_kingston,12,146.6995,168.7902,0.00022054,0.00022054,0.00171109,0.0411377,32.0,32.0,68.0
2025-12-11,ibm_kingston,13,400.393,562.6093,0.00030361,0.00030361,0.00116115,0.00500488,32.0,32.0,68.0
2025-12-11,ibm_kingston,14,156.3863,167.8624,0.00021637,0.00021637,0.00236322,0.00976562,32.0,32.0,68.0
2025-12-11,ibm_kingston,15,298.9961,326.5401,0.00010932,0.00010932,,0.00500488,32.0,32.0,
2025-12-11,ibm_kingston,16,305.0121,223.2274,0.00011974,0.00011974,,0.06103516,32.0,32.0,
2025-12-11,ibm_kingston,17,239.3234,65.5879,0.0002858,0.0002858,,0.00476074,32.0,32.0,
2025-12-11,ibm_kingston,18,132.1088,58.8806,0.00041915,0.00041915,,0.09936523,32.0,32.0,
2025-12-11,ibm_kingston,19,279.9214,213.6168,0.00018959,0.00018959,,0.00976562,32.0,32.0,
2025-12-10,ibm_kingston,10,231.7562,33.8191,0.00021208,0.00021208,0.00308782,0.00708008,32.0,32.0,68.0
2025-12-10,ibm_kingston,11,283.6869,75.2361,0.00030055,0.00030055,0.00094103,0.02148438,32.0,32.0,68.0
2025-12-10,ibm_kingston,12,215.4411,176.5516,0.0002497,0.0002497,0.00162307,0.01806641,32.0,32.0,68.0
2025-12-10,ibm_kingston,13,422.9652,394.7862,0.00019201,0.00019201,0.0010527,0.00488281,32.0,32.0,68.0
2025-12-10,ibm_kingston,14,317.4099,349.2405,0.00018889,0.00018889,0.00177457,0.01306152,32.0,32.0,68.0
2025-12-10,ibm_kingston,15,346.9755,320.9249,0.00016906,0.00016906,,0.00476074,32.0,32.0,
2025-12-10,ibm_kingston,16,219.7511,150.463,0.00012097,0.00012097,,0.06628418,32.0,32.0,
2025-12-10,ibm_kingston,17,251.1018,46.494,0.00030514,0.00030514,,0.00378418,32.0,32.0,
2025-12-10,ibm_kingston,18,132.1088,109.0663,0.00026653,0.00026653,,0.0958252,32.0,32.0,
2025-12-10,ibm_kingston,19,350.4161,234.6124,0.00034492,0.00034492,,0.01208496,32.0,32.0,
2025-12-09,ibm_kingston,10,231.7562,33.8191,0.00021208,0.00021208,0.00308782,0.00305176,32.0,32.0,68.0
2025-12-09,ibm_kingston,11,283.6869,75.2361,0.00030055,0.00030055,0.00094103,0.00805664,32.0,32.0,68.0
2025-12-09,ibm_kingston,12,215.4411,176.5516,0.0002497,0.0002497,0.00162307,0.0201416,32.0,32.0,68.0
2025-12-09,ibm_kingston,13,422.9652,394.7862,0.00019201,0.00019201,0.0010527,0.00537109,32.0,32.0,68.0
2025-12-09,ibm_kingston,14,317.4099,349.2405,0.00018889,0.00018889,0.00177457,0.01269531,32.0,32.0,68.0
2025-12-09,ibm_kingston,15,346.9755,320.9249,0.00016906,0.00016906,,0.01135254,32.0,32.0,
2025-12-09,ibm_kingston,16,219.7511,150.463,0.00012097,0.00012097,,0.0859375,32.0,32.0,
2025-12-09,ibm_kingston,17,251.1018,46.494,0.00030514,0.00030514,,0.00292969,32.0,32.0,
2025-12-09,ibm_kingston,18,132.1088,109.0663,0.00026653,0.00026653,,0.07141113,32.0,32.0,
2025-12-09,ibm_kingston,19,350.4161,234.6124,0.00034492,0.00034492,,0.01147461,32.0,32.0,
2025-12-08,ibm_kingston,10,335.0448,22.7177,0.00021208,0.00021208,0.00100771,0.00390625,32.0,32.0,68.0
2025-12-08,ibm_kingston,11,206.8227,71.1273,0.00025612,0.00025612,0.02279322,0.01293945,32.0,32.0,68.0
2025-12-08,ibm_kingston,12,287.7532,255.0056,0.00042873,0.00042873,0.01910339,0.01574707,32.0,32.0,68.0
2025-12-08,ibm_kingston,13,285.0867,409.5098,0.00046922,0.00046922,0.00321147,0.00561523,32.0,32.0,68.0
2025-12-08,ibm_kingston,14,320.3622,343.7965,0.00024379,0.00024379,0.00572381,0.01013184,32.0,32.0,68.0
2025-12-08,ibm_kingston,15,345.3274,259.7998,0.00145391,0.00145391,,0.00415039,32.0,32.0,
2025-12-08,ibm_kingston,16,324.9513,267.9171,0.00040775,0.00040775,,0.06604004,32.0,32.0,
2025-12-08,ibm_kingston,17,379.9609,52.4617,0.00048367,0.00048367,,0.00415039,32.0,32.0,
2025-12-08,ibm_kingston,18,120.9935,89.7214,0.00217525,0.00217525,,0.08532715,32.0,32.0,
2025-12-08,ibm_kingston,19,301.3632,199.4633,0.00101555,0.00101555,,0.01123047,32.0,32.0,
2025-12-07,ibm_kingston,10,333.1513,26.0147,0.00021208,0.00021208,0.00100771,0.00634766,32.0,32.0,68.0
2025-12-07,ibm_kingston,11,372.7561,67.6127,0.00025612,0.00025612,0.01247803,0.01855469,32.0,32.0,68.0
2025-12-07,ibm_kingston,12,311.118,248.4624,0.00030082,0.00030082,0.01264788,0.01940918,32.0,32.0,68.0
2025-12-07,ibm_kingston,13,314.1413,372.3861,0.00024491,0.00024491,0.00175861,0.01098633,32.0,32.0,68.0
2025-12-07,ibm_kingston,14,350.0494,443.9595,0.00030617,0.00030617,0.00572381,0.0144043,32.0,32.0,68.0
2025-12-07,ibm_kingston,15,289.238,255.505,0.00011119,0.00011119,,0.00354004,32.0,32.0,
2025-12-07,ibm_kingston,16,427.7687,203.2609,0.00015427,0.00015427,,0.06530762,32.0,32.0,
2025-12-07,ibm_kingston,17,228.6161,50.4505,0.00038895,0.00038895,,0.0032959,32.0,32.0,
2025-12-07,ibm_kingston,18,137.2186,99.5219,0.00031694,0.00031694,,0.10852051,32.0,32.0,
2025-12-07,ibm_kingston,19,311.863,203.4335,0.00019363,0.00019363,,0.01074219,32.0,32.0,
2025-12-06,ibm_kingston,10,258.886,19.3816,0.00025455,0.00025455,0.00132788,0.0045166,32.0,32.0,68.0
2025-12-06,ibm_kingston,11,262.3455,81.9999,0.00041242,0.00041242,0.00125474,0.01538086,32.0,32.0,68.0
2025-12-06,ibm_kingston,12,231.6947,236.9011,0.00018951,0.00018951,0.0025871,0.01940918,32.0,32.0,68.0
2025-12-06,ibm_kingston,13,366.6199,483.0028,0.00020704,0.00020704,0.00106291,0.0065918,32.0,32.0,68.0
2025-12-06,ibm_kingston,14,347.4299,388.8086,0.00019476,0.00019476,0.00817136,0.01257324,32.0,32.0,68.0
2025-12-06,ibm_kingston,15,301.0959,275.0483,0.00066786,0.00066786,,0.00439453,32.0,32.0,
2025-12-06,ibm_kingston,16,254.225,196.4007,0.00026254,0.00026254,,0.07067871,32.0,32.0,
2025-12-06,ibm_kingston,17,309.3247,49.7616,0.00038895,0.00038895,,0.00585938,32.0,32.0,
2025-12-06,ibm_kingston,18,133.1452,95.0065,0.00053082,0.00053082,,0.08837891,32.0,32.0,
2025-12-06,ibm_kingston,19,324.5996,220.032,0.0002199,0.0002199,,0.00866699,32.0,32.0,
2025-12-05,ibm_kingston,10,258.886,19.3816,0.00025455,0.00025455,0.00132788,0.00915527,32.0,32.0,68.0
2025-12-05,ibm_kingston,11,262.3455,81.9999,0.00041242,0.00041242,0.00125474,0.0098877,32.0,32.0,68.0
2025-12-05,ibm_kingston,12,231.6947,236.9011,0.00018951,0.00018951,0.0025871,0.01904297,32.0,32.0,68.0
2025-12-05,ibm_kingston,13,366.6199,483.0028,0.00020704,0.00020704,0.00106291,0.0057373,32.0,32.0,68.0
2025-12-05,ibm_kingston,14,347.4299,388.8086,0.00019476,0.00019476,0.00817136,0.01208496,32.0,32.0,68.0
2025-12-05,ibm_kingston,15,301.0959,275.0483,0.00066786,0.00066786,,0.01184082,32.0,32.0,
2025-12-05,ibm_kingston,16,254.225,196.4007,0.00026254,0.00026254,,0.09533691,32.0,32.0,
2025-12-05,ibm_kingston,17,309.3247,49.7616,0.00038895,0.00038895,,0.00683594,32.0,32.0,
2025-12-05,ibm_kingston,18,133.1452,95.0065,0.00053082,0.00053082,,0.0826416,32.0,32.0,
2025-12-05,ibm_kingston,19,324.5996,220.032,0.0002199,0.0002199,,0.2088623,32.0,32.0,
2025-12-04,ibm_kingston,10,263.7951,22.7844,0.00025455,0.00025455,0.00126496,0.00244141,32.0,32.0,68.0
2025-12-04,ibm_kingston,11,340.9887,67.5516,0.00041242,0.00041242,0.0011133,0.00439453,32.0,32.0,68.0
2025-12-04,ibm_kingston,12,46.6166,74.6309,0.00018951,0.00018951,0.00223017,0.01660156,32.0,32.0,68.0
2025-12-04,ibm_kingston,13,323.0023,439.1945,0.00020704,0.00020704,0.00102685,0.00195312,32.0,32.0,68.0
2025-12-04,ibm_kingston,14,318.302,353.6649,0.00019476,0.00019476,0.0026048,0.01269531,32.0,32.0,68.0
2025-12-04,ibm_kingston,15,349.2386,284.819,0.00066786,0.00066786,,0.00390625,32.0,32.0,
2025-12-04,ibm_kingston,16,262.5631,221.1904,0.00026254,0.00026254,,0.06298828,32.0,32.0,
2025-12-04,ibm_kingston,17,257.4956,53.5816,0.00038895,0.00038895,,0.00292969,32.0,32.0,
2025-12-04,ibm_kingston,18,120.2216,95.3797,0.00053082,0.00053082,,0.06103516,32.0,32.0,
2025-12-04,ibm_kingston,19,189.7183,164.7376,0.0002199,0.0002199,,0.00439453,32.0,32.0,
2025-12-03,ibm_kingston,10,274.0274,19.7409,0.00025455,0.00025455,0.00126496,0.00341797,32.0,32.0,68.0
2025-12-03,ibm_kingston,11,309.9169,76.6422,0.00041242,0.00041242,0.0011133,0.00341797,32.0,32.0,68.0
2025-12-03,ibm_kingston,12,160.7744,177.9509,0.00029976,0.00029976,0.00223017,0.01318359,32.0,32.0,68.0
2025-12-03,ibm_kingston,13,374.0788,589.5233,0.00036104,0.00036104,0.00102685,0.00585938,32.0,32.0,68.0
2025-12-03,ibm_kingston,14,363.703,494.7534,0.00017782,0.00017782,0.0026048,0.01123047,32.0,32.0,68.0
2025-12-03,ibm_kingston,15,413.8479,354.0816,0.00013134,0.00013134,,0.00390625,32.0,32.0,
2025-12-03,ibm_kingston,16,329.0119,286.5689,0.00013366,0.00013366,,0.07275391,32.0,32.0,
2025-12-03,ibm_kingston,17,262.8272,61.9828,0.00036802,0.00036802,,0.00195312,32.0,32.0,
2025-12-03,ibm_kingston,18,95.0588,88.373,0.00028072,0.00028072,,0.05322266,32.0,32.0,
2025-12-03,ibm_kingston,19,297.4116,200.7199,0.0002199,0.0002199,,0.00830078,32.0,32.0,
2025-12-02,ibm_kingston,10,274.0274,19.7409,0.00025455,0.00025455,0.00126496,0.4979248,32.0,32.0,68.0
2025-12-02,ibm_kingston,11,309.9169,76.6422,0.00041242,0.00041242,0.0011133,0.48522949,32.0,32.0,68.0
2025-12-02,ibm_kingston,12,160.7744,177.9509,0.00029976,0.00029976,0.00223017,0.50769043,32.0,32.0,68.0
2025-12-02,ibm_kingston,13,374.0788,589.5233,0.00036104,0.00036104,0.00102685,0.49987793,32.0,32.0,68.0
2025-12-02,ibm_kingston,14,363.703,494.7534,0.00017782,0.00017782,0.0026048,0.50012207,32.0,32.0,68.0
2025-12-02,ibm_kingston,15,413.8479,354.0816,0.00013134,0.00013134,,0.49694824,32.0,32.0,
2025-12-02,ibm_kingston,16,329.0119,286.5689,0.00013366,0.00013366,,0.50085449,32.0,32.0,
2025-12-02,ibm_kingston,17,262.8272,61.9828,0.00036802,0.00036802,,0.50439453,32.0,32.0,
2025-12-02,ibm_kingston,18,95.0588,88.373,0.00028072,0.00028072,,0.50085449,32.0,32.0,
2025-12-02,ibm_kingston,19,297.4116,200.7199,0.0002199,0.0002199,,0.50244141,32.0,32.0,
2025-12-01,ibm_kingston,10,274.0274,19.7409,0.00025455,0.00025455,0.00126496,0.4979248,32.0,32.0,68.0
2025-12-01,ibm_kingston,11,309.9169,76.6422,0.00041242,0.00041242,0.0011133,0.48522949,32.0,32.0,68.0
2025-12-01,ibm_kingston,12,160.7744,177.9509,0.00029976,0.00029976,0.00223017,0.50769043,32.0,32.0,68.0
2025-12-01,ibm_kingston,13,374.0788,589.5233,0.00036104,0.00036104,0.00102685,0.49987793,32.0,32.0,68.0
2025-12-01,ibm_kingston,14,363.703,494.7534,0.00017782,0.00017782,0.0026048,0.50012207,32.0,32.0,68.0
2025-12-01,ibm_kingston,15,413.8479,354.0816,0.00013134,0.00013134,,0.49694824,32.0,32.0,
2025-12-01,ibm_kingston,16,329.0119,286.5689,0.00013366,0.00013366,,0.50085449,32.0,32.0,
2025-12-01,ibm_kingston,17,262.8272,61.9828,0.00036802,0.00036802,,0.50439453,32.0,32.0,
2025-12-01,ibm_kingston,18,95.0588,88.373,0.00028072,0.00028072,,0.50085449,32.0,32.0,
2025-12-01,ibm_kingston,19,297.4116,200.7199,0.0002199,0.0002199,,0.50244141,32.0,32.0,
2025-11-30,ibm_kingston,10,274.0274,19.7409,0.00025455,0.00025455,0.00126496,0.00585938,32.0,32.0,68.0
2025-11-30,ibm_kingston,11,309.9169,76.6422,0.00041242,0.00041242,0.0011133,0.01000977,32.0,32.0,68.0
2025-11-30,ibm_kingston,12,160.7744,177.9509,0.00029976,0.00029976,0.00223017,0.03222656,32.0,32.0,68.0
2025-11-30,ibm_kingston,13,374.0788,589.5233,0.00036104,0.00036104,0.00102685,0.00488281,32.0,32.0,68.0
2025-11-30,ibm_kingston,14,363.703,494.7534,0.00017782,0.00017782,0.0026048,0.01757812,32.0,32.0,68.0
2025-11-30,ibm_kingston,15,413.8479,354.0816,0.00013134,0.00013134,,0.00976562,32.0,32.0,
2025-11-30,ibm_kingston,16,329.0119,286.5689,0.00013366,0.00013366,,0.01538086,32.0,32.0,
2025-11-30,ibm_kingston,17,262.8272,61.9828,0.00036802,0.00036802,,0.00341797,32.0,32.0,
2025-11-30,ibm_kingston,18,95.0588,88.373,0.00028072,0.00028072,,0.07885742,32.0,32.0,
2025-11-30,ibm_kingston,19,297.4116,200.7199,0.0002199,0.0002199,,0.01879883,32.0,32.0,
2025-11-29,ibm_kingston,10,274.0274,19.7409,0.00025455,0.00025455,0.00161028,0.00476074,32.0,32.0,68.0
2025-11-29,ibm_kingston,11,309.9169,76.6422,0.00041242,0.00041242,0.00134577,0.01037598,32.0,32.0,68.0
2025-11-29,ibm_kingston,12,160.7744,177.9509,0.00029976,0.00029976,0.00171711,0.02966309,32.0,32.0,68.0
2025-11-29,ibm_kingston,13,374.0788,589.5233,0.00036104,0.00036104,0.0010578,0.00622559,32.0,32.0,68.0
2025-11-29,ibm_kingston,14,363.703,494.7534,0.00017782,0.00017782,0.00267864,0.01940918,32.0,32.0,68.0
2025-11-29,ibm_kingston,15,413.8479,354.0816,0.00013134,0.00013134,,0.00512695,32.0,32.0,
2025-11-29,ibm_kingston,16,329.0119,286.5689,0.00013366,0.00013366,,0.01574707,32.0,32.0,
2025-11-29,ibm_kingston,17,262.8272,61.9828,0.00036802,0.00036802,,0.00561523,32.0,32.0,
2025-11-29,ibm_kingston,18,95.0588,88.373,0.00028072,0.00028072,,0.0690918,32.0,32.0,
2025-11-29,ibm_kingston,19,297.4116,200.7199,0.0002199,0.0002199,,0.015625,32.0,32.0,
2025-11-28,ibm_kingston,10,246.3648,21.9043,0.00033225,0.00033225,0.00161028,0.00390625,32.0,32.0,68.0
2025-11-28,ibm_kingston,11,318.0706,89.2891,0.00020212,0.00020212,0.00134577,0.01123047,32.0,32.0,68.0
2025-11-28,ibm_kingston,12,198.7009,194.7497,0.00027197,0.00027197,0.00171711,0.03173828,32.0,32.0,68.0
2025-11-28,ibm_kingston,13,463.0835,474.1943,0.00043036,0.00043036,0.0010578,0.00646973,32.0,32.0,68.0
2025-11-28,ibm_kingston,14,279.1659,274.4566,0.00025551,0.00025551,0.00267864,0.02282715,32.0,32.0,68.0
2025-11-28,ibm_kingston,15,224.8205,230.0162,0.00013574,0.00013574,,0.0065918,32.0,32.0,
2025-11-28,ibm_kingston,16,281.6006,246.5208,0.00011542,0.00011542,,0.01513672,32.0,32.0,
2025-11-28,ibm_kingston,17,223.1888,48.8245,0.00029309,0.00029309,,0.00463867,32.0,32.0,
2025-11-28,ibm_kingston,18,118.1598,89.5106,0.00039657,0.00039657,,0.08972168,32.0,32.0,
2025-11-28,ibm_kingston,19,199.2216,152.4201,0.00032168,0.00032168,,0.00976562,32.0,32.0,
2025-11-27,ibm_kingston,10,229.37,28.4882,0.0002699,0.0002699,0.00186896,0.0032959,32.0,32.0,68.0
2025-11-27,ibm_kingston,11,297.9913,59.5682,0.00033579,0.00033579,0.00127989,0.00756836,32.0,32.0,68.0
2025-11-27,ibm_kingston,12,114.8053,118.9134,0.00019165,0.00019165,0.00164188,0.02905273,32.0,32.0,68.0
2025-11-27,ibm_kingston,13,293.7907,344.832,0.00020276,0.00020276,0.00085797,0.00732422,32.0,32.0,68.0
2025-11-27,ibm_kingston,14,208.4745,270.8956,0.00021706,0.00021706,0.00228705,0.03222656,32.0,32.0,68.0
2025-11-27,ibm_kingston,15,413.3513,317.9065,0.00010853,0.00010853,,0.0065918,32.0,32.0,
2025-11-27,ibm_kingston,16,244.1157,262.0693,0.00011795,0.00011795,,0.01940918,32.0,32.0,
2025-11-27,ibm_kingston,17,304.5781,61.2057,0.00030336,0.00030336,,0.0045166,32.0,32.0,
2025-11-27,ibm_kingston,18,156.9739,108.0683,0.00054121,0.00054121,,0.08203125,32.0,32.0,
2025-11-27,ibm_kingston,19,220.7547,168.8895,0.00022844,0.00022844,,0.01074219,32.0,32.0,
2025-11-26,ibm_kingston,10,348.734,25.214,0.00022316,0.00022316,0.00152327,0.00317383,32.0,32.0,68.0
2025-11-26,ibm_kingston,11,367.6802,60.59,0.00021686,0.00021686,0.00139545,0.01586914,32.0,32.0,68.0
2025-11-26,ibm_kingston,12,124.4313,139.5534,0.00028058,0.00028058,0.00157562,0.03552246,32.0,32.0,68.0
2025-11-26,ibm_kingston,13,398.0731,559.392,0.00015552,0.00015552,0.00085797,0.00756836,32.0,32.0,68.0
2025-11-26,ibm_kingston,14,251.2916,316.6448,0.00018598,0.00018598,0.0020737,0.02087402,32.0,32.0,68.0
2025-11-26,ibm_kingston,15,315.4843,52.1187,0.00015778,0.00015778,,0.00378418,32.0,32.0,
2025-11-26,ibm_kingston,16,410.6857,327.4245,0.00013737,0.00013737,,0.02160645,32.0,32.0,
2025-11-26,ibm_kingston,17,223.8952,41.2974,0.00030445,0.00030445,,0.00439453,32.0,32.0,
2025-11-26,ibm_kingston,18,127.4232,89.3572,0.00037962,0.00037962,,0.09143066,32.0,32.0,
2025-11-26,ibm_kingston,19,247.3215,159.1841,0.00031485,0.00031485,,0.01367188,32.0,32.0,
2025-11-25,ibm_kingston,10,293.8917,26.7564,0.0002371,0.0002371,0.001519,0.00305176,32.0,32.0,68.0
2025-11-25,ibm_kingston,11,386.4975,60.5691,0.00030292,0.00030292,0.00108308,0.00634766,32.0,32.0,68.0
2025-11-25,ibm_kingston,12,246.1621,212.8249,0.00018824,0.00018824,0.00199509,0.03125,32.0,32.0,68.0
2025-11-25,ibm_kingston,13,422.1317,287.413,0.00021144,0.00021144,0.00085797,0.00671387,32.0,32.0,68.0
2025-11-25,ibm_kingston,14,301.4677,360.6426,0.000181,0.000181,0.0020531,0.02062988,32.0,32.0,68.0
2025-11-25,ibm_kingston,15,315.4843,271.4004,0.00015897,0.00015897,,0.0078125,32.0,32.0,
2025-11-25,ibm_kingston,16,185.7674,165.546,0.00013537,0.00013537,,0.02026367,32.0,32.0,
2025-11-25,ibm_kingston,17,122.7933,35.4023,0.00031969,0.00031969,,0.0057373,32.0,32.0,
2025-11-25,ibm_kingston,18,135.9568,98.5424,0.0005673,0.0005673,,0.07409668,32.0,32.0,
2025-11-25,ibm_kingston,19,247.7339,195.4519,0.00054318,0.00054318,,0.01452637,32.0,32.0,
2025-11-24,ibm_kingston,10,281.2749,27.5973,0.00043223,0.00043223,0.00132064,0.00793457,32.0,32.0,68.0
2025-11-24,ibm_kingston,11,144.9499,55.214,0.00025752,0.00025752,0.00105943,0.00866699,32.0,32.0,68.0
2025-11-24,ibm_kingston,12,268.0609,222.0414,0.00020017,0.00020017,0.00174046,0.03344727,32.0,32.0,68.0
2025-11-24,ibm_kingston,13,179.682,287.413,0.00027837,0.00027837,0.00085797,0.00549316,32.0,32.0,68.0
2025-11-24,ibm_kingston,14,289.4533,307.6473,0.00014372,0.00014372,0.00186126,0.0222168,32.0,32.0,68.0
2025-11-24,ibm_kingston,15,316.1911,281.3544,0.0001435,0.0001435,,0.00598145,32.0,32.0,
2025-11-24,ibm_kingston,16,253.6082,241.8654,0.0002018,0.0002018,,0.01538086,32.0,32.0,
2025-11-24,ibm_kingston,17,251.7291,64.7245,0.00029086,0.00029086,,0.00427246,32.0,32.0,
2025-11-24,ibm_kingston,18,141.0045,101.1978,0.00054553,0.00054553,,0.0958252,32.0,32.0,
2025-11-24,ibm_kingston,19,292.8194,193.6292,0.00017449,0.00017449,,0.01330566,32.0,32.0,
2025-11-23,ibm_kingston,10,253.1446,30.8576,0.00025641,0.00025641,0.00144519,0.00476074,32.0,32.0,68.0
2025-11-23,ibm_kingston,11,192.5223,69.6459,0.00021459,0.00021459,0.00114591,0.01318359,32.0,32.0,68.0
2025-11-23,ibm_kingston,12,226.3065,226.7806,0.00026826,0.00026826,0.0016486,0.03173828,32.0,32.0,68.0
2025-11-23,ibm_kingston,13,425.8716,592.4901,0.00023914,0.00023914,0.0015198,0.00439453,32.0,32.0,68.0
2025-11-23,ibm_kingston,14,147.5344,152.2707,0.000147,0.000147,0.00186025,0.01574707,32.0,32.0,68.0
2025-11-23,ibm_kingston,15,380.1496,282.2855,0.00013689,0.00013689,,0.00769043,32.0,32.0,
2025-11-23,ibm_kingston,16,212.3732,221.072,0.00012283,0.00012283,,0.01599121,32.0,32.0,
2025-11-23,ibm_kingston,17,265.1658,58.4759,0.00032775,0.00032775,,0.00463867,32.0,32.0,
2025-11-23,ibm_kingston,18,135.6293,90.4889,0.00032035,0.00032035,,0.10009766,32.0,32.0,
2025-11-23,ibm_kingston,19,312.3209,96.7729,0.00018977,0.00018977,,0.01403809,32.0,32.0,
2025-11-22,ibm_kingston,10,253.1446,30.8576,0.00025641,0.00025641,0.00144519,0.00317383,32.0,32.0,68.0
2025-11-22,ibm_kingston,11,192.5223,69.6459,0.00021459,0.00021459,0.00114591,0.01171875,32.0,32.0,68.0
2025-11-22,ibm_kingston,12,226.3065,226.7806,0.00026826,0.00026826,0.0016486,0.05053711,32.0,32.0,68.0
2025-11-22,ibm_kingston,13,425.8716,592.4901,0.00023914,0.00023914,0.0015198,0.00427246,32.0,32.0,68.0
2025-11-22,ibm_kingston,14,147.5344,152.2707,0.000147,0.000147,0.00186025,0.01965332,32.0,32.0,68.0
2025-11-22,ibm_kingston,15,380.1496,282.2855,0.00013689,0.00013689,,0.00708008,32.0,32.0,
2025-11-22,ibm_kingston,16,212.3732,221.072,0.00012283,0.00012283,,0.0435791,32.0,32.0,
2025-11-22,ibm_kingston,17,265.1658,58.4759,0.00032775,0.00032775,,0.00366211,32.0,32.0,
2025-11-22,ibm_kingston,18,135.6293,90.4889,0.00032035,0.00032035,,0.07836914,32.0,32.0,
2025-11-22,ibm_kingston,19,312.3209,96.7729,0.00018977,0.00018977,,0.01464844,32.0,32.0,
2025-11-21,ibm_kingston,10,267.9645,27.1754,0.00020528,0.00020528,0.00145501,0.00292969,32.0,32.0,68.0
2025-11-21,ibm_kingston,11,164.1748,53.3618,0.00023471,0.00023471,0.00104809,0.01062012,32.0,32.0,68.0
2025-11-21,ibm_kingston,12,267.2625,242.7006,0.00024069,0.00024069,0.00216686,0.03088379,32.0,32.0,68.0
2025-11-21,ibm_kingston,13,438.6004,539.9896,0.00042654,0.00042654,0.0015198,0.00817871,32.0,32.0,68.0
2025-11-21,ibm_kingston,14,254.4674,254.1796,0.00016297,0.00016297,0.00193636,0.02062988,32.0,32.0,68.0
2025-11-21,ibm_kingston,15,332.3963,317.9817,9.815e-05,9.815e-05,,0.00561523,32.0,32.0,
2025-11-21,ibm_kingston,16,313.5784,252.5022,0.00016681,0.00016681,,0.01660156,32.0,32.0,
2025-11-21,ibm_kingston,17,336.3645,58.8335,0.00029572,0.00029572,,0.00476074,32.0,32.0,
2025-11-21,ibm_kingston,18,138.8793,98.6374,0.00039916,0.00039916,,0.08898926,32.0,32.0,
2025-11-21,ibm_kingston,19,312.3209,192.2806,0.00042448,0.00042448,,0.01391602,32.0,32.0,
2025-11-20,ibm_kingston,10,362.5522,22.4727,0.00026304,0.00026304,0.0014646,0.00280762,32.0,32.0,68.0
2025-11-20,ibm_kingston,11,296.4287,83.2026,0.00017495,0.00017495,0.0010945,0.00817871,32.0,32.0,68.0
2025-11-20,ibm_kingston,12,253.4175,241.486,0.0001856,0.0001856,0.00170871,0.02905273,32.0,32.0,68.0
2025-11-20,ibm_kingston,13,427.9135,636.25,0.00017066,0.00017066,0.00082583,0.00622559,32.0,32.0,68.0
2025-11-20,ibm_kingston,14,329.5705,474.2149,0.00031959,0.00031959,0.00240611,0.01794434,32.0,32.0,68.0
2025-11-20,ibm_kingston,15,320.1652,320.9731,0.00010423,0.00010423,,0.00744629,32.0,32.0,
2025-11-20,ibm_kingston,16,335.6053,319.6601,0.00016502,0.00016502,,0.01831055,32.0,32.0,
2025-11-20,ibm_kingston,17,269.5114,101.0361,0.00024914,0.00024914,,0.00927734,32.0,32.0,
2025-11-20,ibm_kingston,18,129.4233,98.9638,0.00031417,0.00031417,,0.08496094,32.0,32.0,
2025-11-20,ibm_kingston,19,306.6657,208.2,0.00024423,0.00024423,,0.01477051,32.0,32.0,
2025-11-19,ibm_kingston,10,362.5522,22.4727,0.00026304,0.00026304,0.0014646,0.00512695,32.0,32.0,68.0
2025-11-19,ibm_kingston,11,296.4287,83.2026,0.00017495,0.00017495,0.0010945,0.01293945,32.0,32.0,68.0
2025-11-19,ibm_kingston,12,253.4175,241.486,0.0001856,0.0001856,0.00170871,0.02392578,32.0,32.0,68.0
2025-11-19,ibm_kingston,13,427.9135,636.25,0.00017066,0.00017066,0.00082583,0.00634766,32.0,32.0,68.0
2025-11-19,ibm_kingston,14,329.5705,474.2149,0.00031959,0.00031959,0.00240611,0.01782227,32.0,32.0,68.0
2025-11-19,ibm_kingston,15,320.1652,320.9731,0.00010423,0.00010423,,0.00830078,32.0,32.0,
2025-11-19,ibm_kingston,16,335.6053,319.6601,0.00016502,0.00016502,,0.01806641,32.0,32.0,
2025-11-19,ibm_kingston,17,269.5114,101.0361,0.00024914,0.00024914,,0.00366211,32.0,32.0,
2025-11-19,ibm_kingston,18,129.4233,98.9638,0.00031417,0.00031417,,0.08227539,32.0,32.0,
2025-11-19,ibm_kingston,19,306.6657,208.2,0.00024423,0.00024423,,0.01171875,32.0,32.0,
2025-11-18,ibm_kingston,10,280.4453,24.4466,0.00021725,0.00021725,0.00120742,0.00427246,32.0,32.0,68.0
2025-11-18,ibm_kingston,11,261.6826,71.767,0.00044148,0.00044148,0.00129641,0.00878906,32.0,32.0,68.0
2025-11-18,ibm_kingston,12,180.7328,171.3996,0.00040289,0.00040289,0.00170871,0.03381348,32.0,32.0,68.0
2025-11-18,ibm_kingston,13,331.8376,554.0206,0.00027386,0.00027386,0.0027192,0.00427246,32.0,32.0,68.0
2025-11-18,ibm_kingston,14,307.0187,389.5488,0.00017461,0.00017461,0.00478291,0.01953125,32.0,32.0,68.0
2025-11-18,ibm_kingston,15,242.6345,277.1726,0.00013314,0.00013314,,0.0078125,32.0,32.0,
2025-11-18,ibm_kingston,16,346.0471,318.6553,0.0001306,0.0001306,,0.01867676,32.0,32.0,
2025-11-18,ibm_kingston,17,188.8305,110.5763,0.00025441,0.00025441,,0.00524902,32.0,32.0,
2025-11-18,ibm_kingston,18,99.8815,52.6631,0.00031417,0.00031417,,0.07666016,32.0,32.0,
2025-11-18,ibm_kingston,19,273.3486,184.5164,0.00032269,0.00032269,,0.01135254,32.0,32.0,
2025-11-17,ibm_kingston,10,176.0496,32.1322,0.00042013,0.00042013,0.00112777,0.01196289,32.0,32.0,68.0
2025-11-17,ibm_kingston,11,361.0177,72.4156,0.00044148,0.00044148,0.00146526,0.01196289,32.0,32.0,68.0
2025-11-17,ibm_kingston,12,200.6724,168.2157,0.00027316,0.00027316,0.0021591,0.02734375,32.0,32.0,68.0
2025-11-17,ibm_kingston,13,283.9511,368.7737,0.00024035,0.00024035,0.00117687,0.00610352,32.0,32.0,68.0
2025-11-17,ibm_kingston,14,297.9218,467.6362,0.0001337,0.0001337,0.00215589,0.02001953,32.0,32.0,68.0
2025-11-17,ibm_kingston,15,314.8052,257.8729,0.00013392,0.00013392,,0.00585938,32.0,32.0,
2025-11-17,ibm_kingston,16,327.6002,307.7338,0.00017275,0.00017275,,0.0168457,32.0,32.0,
2025-11-17,ibm_kingston,17,300.9833,60.0231,0.00030549,0.00030549,,0.00317383,32.0,32.0,
2025-11-17,ibm_kingston,18,123.088,99.9954,0.00037618,0.00037618,,0.06933594,32.0,32.0,
2025-11-17,ibm_kingston,19,341.8133,217.2688,0.00027558,0.00027558,,0.01098633,32.0,32.0,
2025-11-16,ibm_kingston,10,206.5592,24.1398,0.00021435,0.00021435,0.00124717,0.00366211,32.0,32.0,68.0
2025-11-16,ibm_kingston,11,352.7854,93.4778,0.00026653,0.00026653,0.00163598,0.01464844,32.0,32.0,68.0
2025-11-16,ibm_kingston,12,252.0909,243.7842,0.00019092,0.00019092,0.00194031,0.06445312,32.0,32.0,68.0
2025-11-16,ibm_kingston,13,273.7036,398.3923,0.00026464,0.00026464,0.00109138,0.00488281,32.0,32.0,68.0
2025-11-16,ibm_kingston,14,343.1122,526.4241,0.00016675,0.00016675,0.0027106,0.02197266,32.0,32.0,68.0
2025-11-16,ibm_kingston,15,414.5954,313.4024,0.00010954,0.00010954,,0.00634766,32.0,32.0,
2025-11-16,ibm_kingston,16,294.5487,338.0998,0.00010346,0.00010346,,0.0144043,32.0,32.0,
2025-11-16,ibm_kingston,17,339.3529,85.4661,0.00036743,0.00036743,,0.00268555,32.0,32.0,
2025-11-16,ibm_kingston,18,118.1433,97.9288,0.00035561,0.00035561,,0.09790039,32.0,32.0,
2025-11-16,ibm_kingston,19,199.7777,166.0237,0.00020057,0.00020057,,0.01318359,32.0,32.0,
2025-11-15,ibm_kingston,10,260.7624,23.9845,0.00026069,0.00026069,0.00096085,0.00354004,32.0,32.0,68.0
2025-11-15,ibm_kingston,11,296.3648,50.6015,0.00028052,0.00028052,0.00113927,0.01013184,32.0,32.0,68.0
2025-11-15,ibm_kingston,12,276.597,233.2721,0.00027895,0.00027895,0.00178949,0.0291748,32.0,32.0,68.0
2025-11-15,ibm_kingston,13,410.2757,334.0215,0.0002085,0.0002085,0.00090863,0.00549316,32.0,32.0,68.0
2025-11-15,ibm_kingston,14,403.6619,485.9641,0.00022613,0.00022613,0.00229034,0.01928711,32.0,32.0,68.0
2025-11-15,ibm_kingston,15,252.4317,245.5029,0.00011682,0.00011682,,0.00622559,32.0,32.0,
2025-11-15,ibm_kingston,16,179.0492,175.6363,0.00021052,0.00021052,,0.01928711,32.0,32.0,
2025-11-15,ibm_kingston,17,280.9438,85.4424,0.00037563,0.00037563,,0.00512695,32.0,32.0,
2025-11-15,ibm_kingston,18,142.8412,96.4005,0.00035522,0.00035522,,0.05859375,32.0,32.0,
2025-11-15,ibm_kingston,19,327.6613,245.3899,0.0004342,0.0004342,,0.01428223,32.0,32.0,
2025-11-14,ibm_kingston,10,297.8324,26.795,0.00024528,0.00024528,0.00142169,0.00500488,32.0,32.0,68.0
2025-11-14,ibm_kingston,11,342.1277,58.737,0.00020034,0.00020034,0.00170116,0.00817871,32.0,32.0,68.0
2025-11-14,ibm_kingston,12,191.5038,163.0598,0.00032386,0.00032386,0.00172879,0.03283691,32.0,32.0,68.0
2025-11-14,ibm_kingston,13,324.7386,334.0215,0.00027606,0.00027606,0.00115413,0.00561523,32.0,32.0,68.0
2025-11-14,ibm_kingston,14,220.6829,311.6174,0.00020508,0.00020508,0.00221055,0.02099609,32.0,32.0,68.0
2025-11-14,ibm_kingston,15,377.5267,328.924,0.00011388,0.00011388,,0.00598145,32.0,32.0,
2025-11-14,ibm_kingston,16,305.0976,274.9579,0.00017091,0.00017091,,0.01599121,32.0,32.0,
2025-11-14,ibm_kingston,17,319.6338,65.6096,0.00030326,0.00030326,,0.00195312,32.0,32.0,
2025-11-14,ibm_kingston,18,132.6248,93.8844,0.00035522,0.00035522,,0.07556152,32.0,32.0,
2025-11-14,ibm_kingston,19,155.9544,107.0109,0.00031725,0.00031725,,0.01208496,32.0,32.0,
2025-11-13,ibm_kingston,10,267.3034,32.1358,0.00027022,0.00027022,0.00109359,0.00439453,32.0,32.0,68.0
2025-11-13,ibm_kingston,11,304.3921,72.3512,0.00023254,0.00023254,0.00137138,0.00915527,32.0,32.0,68.0
2025-11-13,ibm_kingston,12,240.0084,239.6185,0.00035288,0.00035288,0.00190554,0.03515625,32.0,32.0,68.0
2025-11-13,ibm_kingston,13,398.6472,459.0822,0.00016332,0.00016332,0.00078741,0.00500488,32.0,32.0,68.0
2025-11-13,ibm_kingston,14,308.9138,353.4704,0.00012198,0.00012198,0.00222868,0.01733398,32.0,32.0,68.0
2025-11-13,ibm_kingston,15,311.2994,290.0648,0.00014199,0.00014199,,0.00524902,32.0,32.0,
2025-11-13,ibm_kingston,16,395.242,302.1522,0.00012624,0.00012624,,0.01940918,32.0,32.0,
2025-11-13,ibm_kingston,17,222.0387,49.4592,0.0002372,0.0002372,,0.00402832,32.0,32.0,
2025-11-13,ibm_kingston,18,141.0765,89.6986,0.0004167,0.0004167,,0.09851074,32.0,32.0,
2025-11-13,ibm_kingston,19,229.7207,188.6329,0.00018748,0.00018748,,0.00915527,32.0,32.0,
2025-11-12,ibm_kingston,10,305.4375,24.5523,0.00031327,0.00031327,0.00131281,0.0045166,32.0,32.0,68.0
2025-11-12,ibm_kingston,11,225.3342,71.1131,0.00019927,0.00019927,0.00141203,0.01245117,32.0,32.0,68.0
2025-11-12,ibm_kingston,12,253.1049,254.0887,0.00038256,0.00038256,0.00194735,0.04455566,32.0,32.0,68.0
2025-11-12,ibm_kingston,13,320.8266,404.3762,0.0003998,0.0003998,0.00102891,0.00488281,32.0,32.0,68.0
2025-11-12,ibm_kingston,14,348.0447,433.8223,0.0001476,0.0001476,0.00338274,0.02160645,32.0,32.0,68.0
2025-11-12,ibm_kingston,15,328.0826,306.2135,0.0001805,0.0001805,,0.00891113,32.0,32.0,
2025-11-12,ibm_kingston,16,294.1586,245.0739,0.00013818,0.00013818,,0.02404785,32.0,32.0,
2025-11-12,ibm_kingston,17,308.4205,68.0039,0.00023455,0.00023455,,0.00476074,32.0,32.0,
2025-11-12,ibm_kingston,18,133.7405,96.3373,0.000601,0.000601,,0.10742188,32.0,32.0,
2025-11-12,ibm_kingston,19,321.0324,212.7261,0.00018748,0.00018748,,0.01000977,32.0,32.0,
2025-11-11,ibm_kingston,10,277.8384,21.1658,0.00029784,0.00029784,0.00138608,0.00427246,32.0,32.0,68.0
2025-11-11,ibm_kingston,11,316.7779,67.5575,0.00019888,0.00019888,0.00111147,0.01123047,32.0,32.0,68.0
2025-11-11,ibm_kingston,12,248.6023,242.0219,0.00018683,0.00018683,0.00222847,0.02868652,32.0,32.0,68.0
2025-11-11,ibm_kingston,13,477.5662,634.8657,0.00047108,0.00047108,0.00139765,0.00646973,32.0,32.0,68.0
2025-11-11,ibm_kingston,14,366.0698,433.2523,0.00018481,0.00018481,0.00293617,0.02050781,32.0,32.0,68.0
2025-11-11,ibm_kingston,15,358.7178,292.9742,0.00016312,0.00016312,,0.00585938,32.0,32.0,
2025-11-11,ibm_kingston,16,354.293,275.6381,0.00027449,0.00027449,,0.02502441,32.0,32.0,
2025-11-11,ibm_kingston,17,259.5892,65.3469,0.00027186,0.00027186,,0.00292969,32.0,32.0,
2025-11-11,ibm_kingston,18,120.2134,95.9257,0.000601,0.000601,,0.09570312,32.0,32.0,
2025-11-11,ibm_kingston,19,212.914,189.6916,0.0001655,0.0001655,,0.01342773,32.0,32.0,
2025-11-10,ibm_kingston,10,287.0885,25.3823,0.00019512,0.00019512,0.00316993,0.0065918,32.0,32.0,68.0
2025-11-10,ibm_kingston,11,346.5132,62.5084,0.00031531,0.00031531,0.00166448,0.01672363,32.0,32.0,68.0
2025-11-10,ibm_kingston,12,256.2748,237.8967,0.00029645,0.00029645,0.00161319,0.0378418,32.0,32.0,68.0
2025-11-10,ibm_kingston,13,433.7102,517.0855,0.00039197,0.00039197,0.00101936,0.00671387,32.0,32.0,68.0
2025-11-10,ibm_kingston,14,368.8902,507.1599,0.00020256,0.00020256,0.00323526,0.01733398,32.0,32.0,68.0
2025-11-10,ibm_kingston,15,388.0389,308.7269,0.00010715,0.00010715,,0.00390625,32.0,32.0,
2025-11-10,ibm_kingston,16,360.0756,331.5586,0.00026856,0.00026856,,0.01965332,32.0,32.0,
2025-11-10,ibm_kingston,17,267.5747,77.5682,0.00032418,0.00032418,,0.00390625,32.0,32.0,
2025-11-10,ibm_kingston,18,129.8449,92.2527,0.00026988,0.00026988,,0.11230469,32.0,32.0,
2025-11-10,ibm_kingston,19,315.7322,233.0362,0.00018012,0.00018012,,0.01501465,32.0,32.0,
2025-11-09,ibm_kingston,10,252.2593,22.8728,0.00054272,0.00054272,0.00215493,0.0057373,32.0,32.0,68.0
2025-11-09,ibm_kingston,11,307.671,74.2778,0.00026272,0.00026272,0.00121394,0.01208496,32.0,32.0,68.0
2025-11-09,ibm_kingston,12,236.6356,219.0896,0.00026592,0.00026592,0.00267752,0.02685547,32.0,32.0,68.0
2025-11-09,ibm_kingston,13,269.5636,395.9693,0.00034671,0.00034671,0.00107978,0.0065918,32.0,32.0,68.0
2025-11-09,ibm_kingston,14,187.2378,222.8045,0.00066641,0.00066641,0.00452584,0.01745605,32.0,32.0,68.0
2025-11-09,ibm_kingston,15,221.6917,197.1086,0.00014242,0.00014242,,0.00830078,32.0,32.0,
2025-11-09,ibm_kingston,16,372.5891,267.0157,0.0001582,0.0001582,,0.01940918,32.0,32.0,
2025-11-09,ibm_kingston,17,307.6942,53.2849,0.00027767,0.00027767,,0.00354004,32.0,32.0,
2025-11-09,ibm_kingston,18,134.6589,89.2791,0.00052081,0.00052081,,0.1003418,32.0,32.0,
2025-11-09,ibm_kingston,19,166.8351,142.7623,0.00027382,0.00027382,,0.01049805,32.0,32.0,
2025-11-08,ibm_kingston,10,227.5323,20.3522,0.00025393,0.00025393,0.00099785,0.00354004,32.0,32.0,68.0
2025-11-08,ibm_kingston,11,362.6797,83.1366,0.0002749,0.0002749,0.00108056,0.01123047,32.0,32.0,68.0
2025-11-08,ibm_kingston,12,204.1332,194.2291,0.00026582,0.00026582,0.00289046,0.03381348,32.0,32.0,68.0
2025-11-08,ibm_kingston,13,275.123,210.4937,0.00022898,0.00022898,0.00103315,0.00537109,32.0,32.0,68.0
2025-11-08,ibm_kingston,14,285.6696,341.783,0.00013904,0.00013904,0.00400728,0.02185059,32.0,32.0,68.0
2025-11-08,ibm_kingston,15,299.4511,263.0464,0.00011425,0.00011425,,0.00610352,32.0,32.0,
2025-11-08,ibm_kingston,16,362.5475,328.2863,0.00012156,0.00012156,,0.02392578,32.0,32.0,
2025-11-08,ibm_kingston,17,232.0299,57.0341,0.00030758,0.00030758,,0.0045166,32.0,32.0,
2025-11-08,ibm_kingston,18,74.8033,74.9486,0.00043621,0.00043621,,0.08117676,32.0,32.0,
2025-11-08,ibm_kingston,19,238.3084,168.9871,0.00027382,0.00027382,,0.01477051,32.0,32.0,
2025-11-07,ibm_kingston,10,227.5323,20.3522,0.00019843,0.00019843,0.00126565,0.00488281,32.0,32.0,68.0
2025-11-07,ibm_kingston,11,362.6797,83.1366,0.0001701,0.0001701,0.00123366,0.01245117,32.0,32.0,68.0
2025-11-07,ibm_kingston,12,204.1332,194.2291,0.00029115,0.00029115,0.00280075,0.0324707,32.0,32.0,68.0
2025-11-07,ibm_kingston,13,275.123,210.4937,0.00026881,0.00026881,0.00078179,0.0057373,32.0,32.0,68.0
2025-11-07,ibm_kingston,14,285.6696,341.783,0.00012042,0.00012042,0.00288323,0.0213623,32.0,32.0,68.0
2025-11-07,ibm_kingston,15,299.4511,263.0464,0.00020295,0.00020295,,0.00439453,32.0,32.0,
2025-11-07,ibm_kingston,16,362.5475,328.2863,0.00023937,0.00023937,,0.02233887,32.0,32.0,
2025-11-07,ibm_kingston,17,232.0299,57.0341,0.00032111,0.00032111,,0.00488281,32.0,32.0,
2025-11-07,ibm_kingston,18,74.8033,74.9486,0.00049006,0.00049006,,0.08215332,32.0,32.0,
2025-11-07,ibm_kingston,19,238.3084,168.9871,0.00022225,0.00022225,,0.01159668,32.0,32.0,
2025-11-06,ibm_kingston,10,301.5863,30.6083,0.00019843,0.00019843,0.00126565,0.00292969,32.0,32.0,68.0
2025-11-06,ibm_kingston,11,360.3916,67.2312,0.0001701,0.0001701,0.00123366,0.01513672,32.0,32.0,68.0
2025-11-06,ibm_kingston,12,268.776,268.782,0.00029115,0.00029115,0.00280075,0.0456543,32.0,32.0,68.0
2025-11-06,ibm_kingston,13,325.956,508.6753,0.00026881,0.00026881,0.00078179,0.00512695,32.0,32.0,68.0
2025-11-06,ibm_kingston,14,366.176,460.5228,0.00012042,0.00012042,0.00288323,0.02075195,32.0,32.0,68.0
2025-11-06,ibm_kingston,15,83.0313,101.3284,0.00020295,0.00020295,,0.00683594,32.0,32.0,
2025-11-06,ibm_kingston,16,478.1106,451.0906,0.00023937,0.00023937,,0.0234375,32.0,32.0,
2025-11-06,ibm_kingston,17,375.6633,72.8624,0.00032111,0.00032111,,0.00219727,32.0,32.0,
2025-11-06,ibm_kingston,18,125.8754,79.8312,0.00049006,0.00049006,,0.10253906,32.0,32.0,
2025-11-06,ibm_kingston,19,289.7798,222.3306,0.00022225,0.00022225,,0.01196289,32.0,32.0,
2025-11-05,ibm_kingston,10,250.6325,24.3807,0.00030259,0.00030259,0.00168967,0.00439453,32.0,32.0,68.0
2025-11-05,ibm_kingston,11,245.6482,63.8615,0.00028109,0.00028109,0.00134774,0.00842285,32.0,32.0,68.0
2025-11-05,ibm_kingston,12,280.853,252.1529,0.00029115,0.00029115,0.0013228,0.0300293,32.0,32.0,68.0
2025-11-05,ibm_kingston,13,290.8849,446.402,0.00034186,0.00034186,0.00091892,0.0065918,32.0,32.0,68.0
2025-11-05,ibm_kingston,14,322.9655,453.3252,0.00021564,0.00021564,0.00348542,0.02124023,32.0,32.0,68.0
2025-11-05,ibm_kingston,15,320.9297,306.3518,0.00010834,0.00010834,,0.00793457,32.0,32.0,
2025-11-05,ibm_kingston,16,431.7065,291.2495,0.00025432,0.00025432,,0.01953125,32.0,32.0,
2025-11-05,ibm_kingston,17,138.5982,69.9853,0.00029066,0.00029066,,0.00500488,32.0,32.0,
2025-11-05,ibm_kingston,18,133.5732,99.5333,0.00049006,0.00049006,,0.11230469,32.0,32.0,
2025-11-05,ibm_kingston,19,311.1643,248.7016,0.00022225,0.00022225,,0.01635742,32.0,32.0,
2025-11-04,ibm_kingston,10,274.2296,23.3664,0.00028215,0.00028215,0.00134815,0.00354004,32.0,32.0,68.0
2025-11-04,ibm_kingston,11,247.5396,66.6304,0.0004682,0.0004682,0.00117715,0.02099609,32.0,32.0,68.0
2025-11-04,ibm_kingston,12,206.2542,209.1607,0.00039699,0.00039699,0.00153446,0.03833008,32.0,32.0,68.0
2025-11-04,ibm_kingston,13,301.2115,460.1333,0.00021303,0.00021303,0.00096371,0.00512695,32.0,32.0,68.0
2025-11-04,ibm_kingston,14,252.9991,285.0397,0.00012883,0.00012883,0.00493479,0.02197266,32.0,32.0,68.0
2025-11-04,ibm_kingston,15,431.9916,313.4301,0.00013111,0.00013111,,0.00622559,32.0,32.0,
2025-11-04,ibm_kingston,16,295.1521,278.8433,0.00016102,0.00016102,,0.02185059,32.0,32.0,
2025-11-04,ibm_kingston,17,324.6012,57.7728,0.00023081,0.00023081,,0.00341797,32.0,32.0,
2025-11-04,ibm_kingston,18,116.2979,97.4926,0.00036999,0.00036999,,0.12512207,32.0,32.0,
2025-11-04,ibm_kingston,19,241.6406,169.2307,0.00035704,0.00035704,,0.01098633,32.0,32.0,
2025-11-03,ibm_kingston,10,119.0573,23.1496,0.00028546,0.00028546,0.00119116,0.00305176,32.0,32.0,68.0
2025-11-03,ibm_kingston,11,286.5968,74.5585,0.00060703,0.00060703,0.00147514,0.00793457,32.0,32.0,68.0
2025-11-03,ibm_kingston,12,183.0157,141.4133,0.00045846,0.00045846,0.00197108,0.03442383,32.0,32.0,68.0
2025-11-03,ibm_kingston,13,176.1895,233.0031,0.00023982,0.00023982,0.00108597,0.00524902,32.0,32.0,68.0
2025-11-03,ibm_kingston,14,195.0574,139.7166,0.00015107,0.00015107,0.00408398,0.0234375,32.0,32.0,68.0
2025-11-03,ibm_kingston,15,359.2954,279.408,0.00010576,0.00010576,,0.00634766,32.0,32.0,
2025-11-03,ibm_kingston,16,232.5259,224.7914,0.00020437,0.00020437,,0.01794434,32.0,32.0,
2025-11-03,ibm_kingston,17,235.9284,93.1765,0.00036227,0.00036227,,0.00500488,32.0,32.0,
2025-11-03,ibm_kingston,18,141.4998,100.1749,0.00047678,0.00047678,,0.09118652,32.0,32.0,
2025-11-03,ibm_kingston,19,174.6503,190.0716,0.00031382,0.00031382,,0.01379395,32.0,32.0,
2025-11-02,ibm_kingston,10,205.7186,24.5953,0.00023923,0.00023923,0.00128292,0.00683594,32.0,32.0,68.0
2025-11-02,ibm_kingston,11,259.7281,64.2904,0.00035136,0.00035136,0.0011362,0.01025391,32.0,32.0,68.0
2025-11-02,ibm_kingston,12,248.0593,210.2008,0.00010186,0.00010186,0.00175837,0.02734375,32.0,32.0,68.0
2025-11-02,ibm_kingston,13,310.7594,494.6147,0.00033094,0.00033094,0.0015988,0.00561523,32.0,32.0,68.0
2025-11-02,ibm_kingston,14,195.0574,41.2543,0.00015107,0.00015107,0.00488949,0.02355957,32.0,32.0,68.0
2025-11-02,ibm_kingston,15,341.1279,293.1746,0.00010689,0.00010689,,0.0057373,32.0,32.0,
2025-11-02,ibm_kingston,16,269.8554,235.0867,0.00012519,0.00012519,,0.02856445,32.0,32.0,
2025-11-02,ibm_kingston,17,265.7683,87.392,0.0002067,0.0002067,,0.00354004,32.0,32.0,
2025-11-02,ibm_kingston,18,123.7332,96.2291,0.00039763,0.00039763,,0.11315918,32.0,32.0,
2025-11-02,ibm_kingston,19,279.2819,181.5423,0.00025595,0.00025595,,0.01477051,32.0,32.0,
2025-11-01,ibm_kingston,10,256.9419,35.195,0.00025461,0.00025461,0.0015138,0.00390625,32.0,32.0,68.0
2025-11-01,ibm_kingston,11,286.2458,90.5833,0.00021353,0.00021353,0.00118391,0.00976562,32.0,32.0,68.0
2025-11-01,ibm_kingston,12,183.3941,165.4862,0.00024136,0.00024136,0.00135518,0.03637695,32.0,32.0,68.0
2025-11-01,ibm_kingston,13,362.1029,530.3483,0.00024669,0.00024669,0.00091894,0.0057373,32.0,32.0,68.0
2025-11-01,ibm_kingston,14,195.0574,258.5924,0.00013588,0.00013588,0.00402826,0.02160645,32.0,32.0,68.0
2025-11-01,ibm_kingston,15,187.9431,126.4493,0.00019563,0.00019563,,0.00378418,32.0,32.0,
2025-11-01,ibm_kingston,16,205.7118,231.5893,0.00018454,0.00018454,,0.02246094,32.0,32.0,
2025-11-01,ibm_kingston,17,223.5904,91.2149,0.00026731,0.00026731,,0.0032959,32.0,32.0,
2025-11-01,ibm_kingston,18,117.8852,80.9132,0.00036848,0.00036848,,0.10498047,32.0,32.0,
2025-11-01,ibm_kingston,19,225.5992,175.744,0.00027408,0.00027408,,0.01501465,32.0,32.0,
2025-10-31,ibm_kingston,10,234.5488,26.2544,0.00024089,0.00024089,0.00126673,0.00231934,32.0,32.0,68.0
2025-10-31,ibm_kingston,11,239.3416,51.0314,0.00031788,0.00031788,0.00091815,0.02441406,32.0,32.0,68.0
2025-10-31,ibm_kingston,12,252.3926,235.0873,0.00033511,0.00033511,0.00191002,0.09716797,32.0,32.0,68.0
2025-10-31,ibm_kingston,13,426.7547,577.7641,0.00030135,0.00030135,0.00091894,0.00646973,32.0,32.0,68.0
2025-10-31,ibm_kingston,14,319.3117,357.7096,0.00013892,0.00013892,0.0048544,0.02148438,32.0,32.0,68.0
2025-10-31,ibm_kingston,15,372.6193,344.6141,0.00010007,0.00010007,,0.0057373,32.0,32.0,
2025-10-31,ibm_kingston,16,262.1954,233.0055,0.00021747,0.00021747,,0.02685547,32.0,32.0,
2025-10-31,ibm_kingston,17,272.7762,70.9777,0.00031187,0.00031187,,0.00292969,32.0,32.0,
2025-10-31,ibm_kingston,18,121.3111,104.2523,0.0005692,0.0005692,,0.10668945,32.0,32.0,
2025-10-31,ibm_kingston,19,253.172,193.1716,0.00013167,0.00013167,,0.01367188,32.0,32.0,
2025-10-30,ibm_kingston,10,234.5488,26.2544,0.00024089,0.00024089,0.00243223,0.0045166,32.0,32.0,68.0
2025-10-30,ibm_kingston,11,239.3416,51.0314,0.00031788,0.00031788,0.00126965,0.01123047,32.0,32.0,68.0
2025-10-30,ibm_kingston,12,252.3926,235.0873,0.00033511,0.00033511,0.00201824,0.04736328,32.0,32.0,68.0
2025-10-30,ibm_kingston,13,426.7547,577.7641,0.00030135,0.00030135,0.00100377,0.00476074,32.0,32.0,68.0
2025-10-30,ibm_kingston,14,319.3117,357.7096,0.00013892,0.00013892,0.00380197,0.02099609,32.0,32.0,68.0
2025-10-30,ibm_kingston,15,372.6193,344.6141,0.00010007,0.00010007,,0.00476074,32.0,32.0,
2025-10-30,ibm_kingston,16,262.1954,233.0055,0.00021747,0.00021747,,0.02770996,32.0,32.0,
2025-10-30,ibm_kingston,17,272.7762,70.9777,0.00031187,0.00031187,,0.0032959,32.0,32.0,
2025-10-30,ibm_kingston,18,121.3111,104.2523,0.0005692,0.0005692,,0.09887695,32.0,32.0,
2025-10-30,ibm_kingston,19,253.172,193.1716,0.00013167,0.00013167,,0.01098633,32.0,32.0,
2025-10-29,ibm_kingston,10,280.7468,29.9996,0.00031765,0.00031765,0.00243223,0.0045166,32.0,32.0,68.0
2025-10-29,ibm_kingston,11,384.8768,63.106,0.00033772,0.00033772,0.00126965,0.01123047,32.0,32.0,68.0
2025-10-29,ibm_kingston,12,270.9302,238.0218,0.00026787,0.00026787,0.00201824,0.04736328,32.0,32.0,68.0
2025-10-29,ibm_kingston,13,442.856,496.79,0.0003287,0.0003287,0.00100377,0.00476074,32.0,32.0,68.0
2025-10-29,ibm_kingston,14,283.5528,358.8347,8.949e-05,8.949e-05,0.00380197,0.02099609,32.0,32.0,68.0
2025-10-29,ibm_kingston,15,308.5914,243.7479,0.00015574,0.00015574,,0.00476074,32.0,32.0,
2025-10-29,ibm_kingston,16,275.213,269.5413,0.00021236,0.00021236,,0.02770996,32.0,32.0,
2025-10-29,ibm_kingston,17,232.6175,53.3316,0.00045796,0.00045796,,0.0032959,32.0,32.0,
2025-10-29,ibm_kingston,18,111.4975,88.7966,0.00051901,0.00051901,,0.09887695,32.0,32.0,
2025-10-29,ibm_kingston,19,268.2249,172.8107,0.00012577,0.00012577,,0.01098633,32.0,32.0,
2025-10-28,ibm_kingston,10,280.7468,29.9996,0.00023862,0.00023862,0.00147087,0.00280762,32.0,32.0,68.0
2025-10-28,ibm_kingston,11,384.8768,63.106,0.00017496,0.00017496,0.00151954,0.01135254,32.0,32.0,68.0
2025-10-28,ibm_kingston,12,270.9302,238.0218,0.00029816,0.00029816,0.0037719,0.03173828,32.0,32.0,68.0
2025-10-28,ibm_kingston,13,442.856,496.79,0.00030219,0.00030219,0.00106183,0.00463867,32.0,32.0,68.0
2025-10-28,ibm_kingston,14,283.5528,358.8347,0.00016032,0.00016032,0.00441008,0.02124023,32.0,32.0,68.0
2025-10-28,ibm_kingston,15,308.5914,243.7479,0.0001554,0.0001554,,0.00561523,32.0,32.0,
2025-10-28,ibm_kingston,16,275.213,269.5413,0.00010038,0.00010038,,0.0246582,32.0,32.0,
2025-10-28,ibm_kingston,17,232.6175,53.3316,0.00030428,0.00030428,,0.00305176,32.0,32.0,
2025-10-28,ibm_kingston,18,111.4975,88.7966,0.0005807,0.0005807,,0.08898926,32.0,32.0,
2025-10-28,ibm_kingston,19,268.2249,172.8107,0.00046745,0.00046745,,0.01342773,32.0,32.0,
2025-10-27,ibm_kingston,10,288.0444,28.7562,0.00022453,0.00022453,0.00241771,0.00830078,32.0,32.0,68.0
2025-10-27,ibm_kingston,11,320.5459,79.8269,0.00038023,0.00038023,0.00198954,0.0111084,32.0,32.0,68.0
2025-10-27,ibm_kingston,12,287.6026,227.5555,0.00018521,0.00018521,0.00272469,0.04003906,32.0,32.0,68.0
2025-10-27,ibm_kingston,13,278.8535,217.4383,0.00027861,0.00027861,0.00108819,0.00512695,32.0,32.0,68.0
2025-10-27,ibm_kingston,14,353.3298,469.1321,0.00034398,0.00034398,0.00305836,0.01916504,32.0,32.0,68.0
2025-10-27,ibm_kingston,15,434.1198,310.8057,0.00021713,0.00021713,,0.00695801,32.0,32.0,
2025-10-27,ibm_kingston,16,287.8696,262.8529,0.00014592,0.00014592,,0.02111816,32.0,32.0,
2025-10-27,ibm_kingston,17,137.2579,33.5599,0.0003017,0.0003017,,0.00402832,32.0,32.0,
2025-10-27,ibm_kingston,18,74.2186,63.8632,0.00038402,0.00038402,,0.06188965,32.0,32.0,
2025-10-27,ibm_kingston,19,230.3454,149.9971,0.00020201,0.00020201,,0.01257324,32.0,32.0,
2025-10-26,ibm_kingston,10,249.0527,23.6784,0.00027705,0.00027705,0.00143997,0.00244141,32.0,32.0,68.0
2025-10-26,ibm_kingston,11,278.092,101.5926,0.00038023,0.00038023,0.00113586,0.02026367,32.0,32.0,68.0
2025-10-26,ibm_kingston,12,247.774,232.538,0.00019302,0.00019302,0.0021482,0.0435791,32.0,32.0,68.0
2025-10-26,ibm_kingston,13,364.5688,564.9235,0.00054783,0.00054783,0.00108819,0.00378418,32.0,32.0,68.0
2025-10-26,ibm_kingston,14,294.4339,354.9715,0.00027962,0.00027962,0.00253346,0.02062988,32.0,32.0,68.0
2025-10-26,ibm_kingston,15,416.6681,297.5721,0.00012847,0.00012847,,0.00708008,32.0,32.0,
2025-10-26,ibm_kingston,16,334.3816,272.5777,0.00022289,0.00022289,,0.02368164,32.0,32.0,
2025-10-26,ibm_kingston,17,297.4525,51.7643,0.00026484,0.00026484,,0.00463867,32.0,32.0,
2025-10-26,ibm_kingston,18,136.0279,96.2239,0.00033377,0.00033377,,0.1036377,32.0,32.0,
2025-10-26,ibm_kingston,19,206.8575,173.8632,0.00021185,0.00021185,,0.01342773,32.0,32.0,
2025-10-25,ibm_kingston,10,288.4724,25.7255,0.00027705,0.00027705,0.00143997,0.00280762,32.0,32.0,68.0
2025-10-25,ibm_kingston,11,326.7626,60.3003,0.00038023,0.00038023,0.00113586,0.01794434,32.0,32.0,68.0
2025-10-25,ibm_kingston,12,255.0199,243.4593,0.00019302,0.00019302,0.0021482,0.03186035,32.0,32.0,68.0
2025-10-25,ibm_kingston,13,397.901,599.2993,0.00054783,0.00054783,0.00108819,0.00695801,32.0,32.0,68.0
2025-10-25,ibm_kingston,14,426.1561,474.4363,0.00027962,0.00027962,0.00253346,0.02185059,32.0,32.0,68.0
2025-10-25,ibm_kingston,15,307.9141,285.503,0.00012847,0.00012847,,0.00610352,32.0,32.0,
2025-10-25,ibm_kingston,16,207.6291,224.6242,0.00022289,0.00022289,,0.02294922,32.0,32.0,
2025-10-25,ibm_kingston,17,230.5469,86.616,0.00026484,0.00026484,,0.00427246,32.0,32.0,
2025-10-25,ibm_kingston,18,137.1889,95.1059,0.00033377,0.00033377,,0.10131836,32.0,32.0,
2025-10-25,ibm_kingston,19,226.5048,186.2999,0.00021185,0.00021185,,0.01147461,32.0,32.0,
2025-10-24,ibm_kingston,10,373.7521,32.86,0.00025249,0.00025249,0.00134021,0.00512695,32.0,32.0,68.0
2025-10-24,ibm_kingston,11,268.0037,73.809,0.00052285,0.00052285,0.00093526,0.01342773,32.0,32.0,68.0
2025-10-24,ibm_kingston,12,283.2988,244.7869,0.00032798,0.00032798,0.00217655,0.02172852,32.0,32.0,68.0
2025-10-24,ibm_kingston,13,368.9862,362.5149,0.00025508,0.00025508,0.00108819,0.00537109,32.0,32.0,68.0
2025-10-24,ibm_kingston,14,381.4428,455.1345,0.00010242,0.00010242,0.00352331,0.0222168,32.0,32.0,68.0
2025-10-24,ibm_kingston,15,346.9102,323.9689,9.883e-05,9.883e-05,,0.00634766,32.0,32.0,
2025-10-24,ibm_kingston,16,352.8468,298.3687,0.00023332,0.00023332,,0.01977539,32.0,32.0,
2025-10-24,ibm_kingston,17,111.357,63.4945,0.00032614,0.00032614,,0.00317383,32.0,32.0,
2025-10-24,ibm_kingston,18,129.1634,101.9674,0.00066924,0.00066924,,0.07446289,32.0,32.0,
2025-10-24,ibm_kingston,19,201.0644,169.3796,0.00029898,0.00029898,,0.01000977,32.0,32.0,
2025-10-23,ibm_kingston,10,318.2033,26.8574,0.00015061,0.00015061,0.00115767,0.00500488,32.0,32.0,68.0
2025-10-23,ibm_kingston,11,129.5741,43.2303,0.00019976,0.00019976,0.00093526,0.0111084,32.0,32.0,68.0
2025-10-23,ibm_kingston,12,265.9199,250.6813,0.00027766,0.00027766,0.00253019,0.03137207,32.0,32.0,68.0
2025-10-23,ibm_kingston,13,212.8883,168.4333,0.0001911,0.0001911,0.0012364,0.00866699,32.0,32.0,68.0
2025-10-23,ibm_kingston,14,228.61,290.2434,0.00015472,0.00015472,0.01059292,0.02368164,32.0,32.0,68.0
2025-10-23,ibm_kingston,15,364.1892,355.4136,0.00013288,0.00013288,,0.00585938,32.0,32.0,
2025-10-23,ibm_kingston,16,329.6397,337.2859,0.00014182,0.00014182,,0.02197266,32.0,32.0,
2025-10-23,ibm_kingston,17,206.7666,93.2503,0.00020264,0.00020264,,0.00390625,32.0,32.0,
2025-10-23,ibm_kingston,18,119.5869,89.5552,0.00039208,0.00039208,,0.05383301,32.0,32.0,
2025-10-23,ibm_kingston,19,117.7597,102.4277,0.00015726,0.00015726,,0.01208496,32.0,32.0,
2025-10-22,ibm_kingston,10,310.6822,23.1364,0.0003005,0.0003005,0.00236832,0.00366211,32.0,32.0,68.0
2025-10-22,ibm_kingston,11,168.7683,63.0487,0.00030948,0.00030948,0.00129077,0.00842285,32.0,32.0,68.0
2025-10-22,ibm_kingston,12,275.8433,239.8315,0.00026911,0.00026911,0.00205503,0.03417969,32.0,32.0,68.0
2025-10-22,ibm_kingston,13,303.2035,110.3338,0.00028431,0.00028431,0.0012364,0.01025391,32.0,32.0,68.0
2025-10-22,ibm_kingston,14,379.8813,450.4493,0.0001636,0.0001636,0.00481508,0.02282715,32.0,32.0,68.0
2025-10-22,ibm_kingston,15,273.146,94.1072,9.463e-05,9.463e-05,,0.00683594,32.0,32.0,
2025-10-22,ibm_kingston,16,327.5127,283.6725,0.00014962,0.00014962,,0.03369141,32.0,32.0,
2025-10-22,ibm_kingston,17,323.6486,92.2337,0.00023134,0.00023134,,0.00488281,32.0,32.0,
2025-10-22,ibm_kingston,18,109.7622,89.5976,0.00039208,0.00039208,,0.02636719,32.0,32.0,
2025-10-22,ibm_kingston,19,232.5505,192.2443,0.00023414,0.00023414,,0.01257324,32.0,32.0,
2025-10-21,ibm_kingston,10,310.6822,23.1364,0.0003005,0.0003005,0.00236832,0.00402832,32.0,32.0,68.0
2025-10-21,ibm_kingston,11,168.7683,63.0487,0.00030948,0.00030948,0.00129077,0.00634766,32.0,32.0,68.0
2025-10-21,ibm_kingston,12,275.8433,239.8315,0.00026911,0.00026911,0.00205503,0.03210449,32.0,32.0,68.0
2025-10-21,ibm_kingston,13,303.2035,110.3338,0.00028431,0.00028431,0.0012364,0.00695801,32.0,32.0,68.0
2025-10-21,ibm_kingston,14,379.8813,450.4493,0.0001636,0.0001636,0.00481508,0.02294922,32.0,32.0,68.0
2025-10-21,ibm_kingston,15,273.146,94.1072,9.463e-05,9.463e-05,,0.00524902,32.0,32.0,
2025-10-21,ibm_kingston,16,327.5127,283.6725,0.00014962,0.00014962,,0.0345459,32.0,32.0,
2025-10-21,ibm_kingston,17,323.6486,92.2337,0.00023134,0.00023134,,0.00463867,32.0,32.0,
2025-10-21,ibm_kingston,18,109.7622,89.5976,0.00039208,0.00039208,,0.015625,32.0,32.0,
2025-10-21,ibm_kingston,19,232.5505,192.2443,0.00023414,0.00023414,,0.0123291,32.0,32.0,
2025-10-20,ibm_kingston,10,296.8649,23.8422,0.00027961,0.00027961,0.00182316,0.0045166,32.0,32.0,68.0
2025-10-20,ibm_kingston,11,358.6819,58.9081,0.00021463,0.00021463,0.00128923,0.00744629,32.0,32.0,68.0
2025-10-20,ibm_kingston,12,234.2921,170.1276,0.00035797,0.00035797,0.00201731,0.05615234,32.0,32.0,68.0
2025-10-20,ibm_kingston,13,303.2035,251.8821,0.00030955,0.00030955,0.00080527,0.00708008,32.0,32.0,68.0
2025-10-20,ibm_kingston,14,301.9785,354.7499,0.00023184,0.00023184,0.00333025,0.02539062,32.0,32.0,68.0
2025-10-20,ibm_kingston,15,273.146,284.6346,7.945e-05,7.945e-05,,0.00402832,32.0,32.0,
2025-10-20,ibm_kingston,16,226.3475,224.4769,0.00031738,0.00031738,,0.03259277,32.0,32.0,
2025-10-20,ibm_kingston,17,303.3734,63.7089,0.0003408,0.0003408,,0.00561523,32.0,32.0,
2025-10-20,ibm_kingston,18,139.8412,97.2828,0.00038319,0.00038319,,0.01306152,32.0,32.0,
2025-10-20,ibm_kingston,19,200.3836,162.6113,0.00018522,0.00018522,,0.01635742,32.0,32.0,
2025-10-19,ibm_kingston,10,318.2549,23.1361,0.00064527,0.00064527,0.00182316,0.00341797,32.0,32.0,68.0
2025-10-19,ibm_kingston,11,325.6663,61.3908,0.00033303,0.00033303,0.00128923,0.00415039,32.0,32.0,68.0
2025-10-19,ibm_kingston,12,318.1444,251.1311,0.00033076,0.00033076,0.00201731,0.03491211,32.0,32.0,68.0
2025-10-19,ibm_kingston,13,321.8073,335.4028,0.00028066,0.00028066,0.00080527,0.00610352,32.0,32.0,68.0
2025-10-19,ibm_kingston,14,357.2284,361.7225,0.00012262,0.00012262,0.00333025,0.01879883,32.0,32.0,68.0
2025-10-19,ibm_kingston,15,302.7868,305.6571,0.00017985,0.00017985,,0.00463867,32.0,32.0,
2025-10-19,ibm_kingston,16,268.5225,304.9584,0.00011371,0.00011371,,0.03491211,32.0,32.0,
2025-10-19,ibm_kingston,17,278.7437,68.4268,0.0002951,0.0002951,,0.00317383,32.0,32.0,
2025-10-19,ibm_kingston,18,120.2387,99.779,0.00031475,0.00031475,,0.02026367,32.0,32.0,
2025-10-19,ibm_kingston,19,246.6175,186.6575,0.00018522,0.00018522,,0.01074219,32.0,32.0,
2025-10-18,ibm_kingston,10,326.04,26.8969,0.00027779,0.00027779,0.00155304,0.00439453,32.0,32.0,68.0
2025-10-18,ibm_kingston,11,314.6078,53.8673,0.00015632,0.00015632,0.00120381,0.00561523,32.0,32.0,68.0
2025-10-18,ibm_kingston,12,264.0929,268.4932,0.00024074,0.00024074,0.00163788,0.03125,32.0,32.0,68.0
2025-10-18,ibm_kingston,13,224.2448,176.3646,0.00022357,0.00022357,0.00183568,0.00634766,32.0,32.0,68.0
2025-10-18,ibm_kingston,14,109.6316,146.8688,0.00015146,0.00015146,0.00488766,0.02490234,32.0,32.0,68.0
2025-10-18,ibm_kingston,15,382.3219,314.8243,9.458e-05,9.458e-05,,0.00341797,32.0,32.0,
2025-10-18,ibm_kingston,16,280.1981,258.908,0.00012045,0.00012045,,0.02734375,32.0,32.0,
2025-10-18,ibm_kingston,17,334.1672,89.1358,0.00030804,0.00030804,,0.00292969,32.0,32.0,
2025-10-18,ibm_kingston,18,115.9638,77.8037,0.00040506,0.00040506,,0.01196289,32.0,32.0,
2025-10-18,ibm_kingston,19,237.5631,187.0646,0.00032727,0.00032727,,0.00927734,32.0,32.0,
2025-10-17,ibm_kingston,10,298.6359,22.76,0.00011746,0.00011746,0.00132718,0.01049805,32.0,32.0,68.0
2025-10-17,ibm_kingston,11,218.7981,66.6871,0.00017144,0.00017144,0.00124969,0.00683594,32.0,32.0,68.0
2025-10-17,ibm_kingston,12,145.3317,174.2855,0.00030277,0.00030277,0.00243238,0.04199219,32.0,32.0,68.0
2025-10-17,ibm_kingston,13,311.4751,434.5856,0.00016039,0.00016039,0.00183568,0.0078125,32.0,32.0,68.0
2025-10-17,ibm_kingston,14,355.3747,557.8196,8.067e-05,8.067e-05,0.00465934,0.03076172,32.0,32.0,68.0
2025-10-17,ibm_kingston,15,184.934,197.9393,0.00015355,0.00015355,,0.00561523,32.0,32.0,
2025-10-17,ibm_kingston,16,372.8581,278.4668,0.00016806,0.00016806,,0.03979492,32.0,32.0,
2025-10-17,ibm_kingston,17,247.8832,122.4369,0.00037317,0.00037317,,0.0032959,32.0,32.0,
2025-10-17,ibm_kingston,18,119.394,96.3571,0.00037607,0.00037607,,0.01452637,32.0,32.0,
2025-10-17,ibm_kingston,19,244.5154,208.8634,0.00022759,0.00022759,,0.01416016,32.0,32.0,
2025-10-16,ibm_kingston,10,295.1412,23.6292,0.00033932,0.00033932,0.00126844,0.0032959,32.0,32.0,68.0
2025-10-16,ibm_kingston,11,317.8048,91.0264,0.00022199,0.00022199,0.00114404,0.00866699,32.0,32.0,68.0
2025-10-16,ibm_kingston,12,257.2404,251.0825,0.00018228,0.00018228,0.00128337,0.03198242,32.0,32.0,68.0
2025-10-16,ibm_kingston,13,375.4073,465.5751,0.00015274,0.00015274,0.00104179,0.0090332,32.0,32.0,68.0
2025-10-16,ibm_kingston,14,372.7191,62.5058,0.00023212,0.00023212,0.00304212,0.02563477,32.0,32.0,68.0
2025-10-16,ibm_kingston,15,263.1416,249.1606,0.00013452,0.00013452,,0.00476074,32.0,32.0,
2025-10-16,ibm_kingston,16,359.9478,364.7576,0.0002022,0.0002022,,0.0291748,32.0,32.0,
2025-10-16,ibm_kingston,17,278.3884,82.7539,0.00034568,0.00034568,,0.00341797,32.0,32.0,
2025-10-16,ibm_kingston,18,70.8768,73.8784,0.00038712,0.00038712,,0.01306152,32.0,32.0,
2025-10-16,ibm_kingston,19,137.6855,123.054,0.00019812,0.00019812,,0.01147461,32.0,32.0,
2025-10-15,ibm_kingston,10,224.6357,20.4464,0.00021258,0.00021258,0.00112959,0.00390625,32.0,32.0,68.0
2025-10-15,ibm_kingston,11,330.2752,56.488,0.00026751,0.00026751,0.00103384,0.00488281,32.0,32.0,68.0
2025-10-15,ibm_kingston,12,303.2878,269.4466,0.0002087,0.0002087,0.00137477,0.02954102,32.0,32.0,68.0
2025-10-15,ibm_kingston,13,340.6371,384.9804,0.00028395,0.00028395,0.00094093,0.00708008,32.0,32.0,68.0
2025-10-15,ibm_kingston,14,372.7191,446.0851,0.00018524,0.00018524,0.00319753,0.02246094,32.0,32.0,68.0
2025-10-15,ibm_kingston,15,372.8408,310.5251,0.00015044,0.00015044,,0.00878906,32.0,32.0,
2025-10-15,ibm_kingston,16,313.7002,369.6468,0.0001122,0.0001122,,0.04077148,32.0,32.0,
2025-10-15,ibm_kingston,17,277.6368,116.1529,0.00021543,0.00021543,,0.00415039,32.0,32.0,
2025-10-15,ibm_kingston,18,109.5025,85.2265,0.00062717,0.00062717,,0.0168457,32.0,32.0,
2025-10-15,ibm_kingston,19,237.9775,197.0698,0.00036745,0.00036745,,0.00927734,32.0,32.0,
2025-10-14,ibm_kingston,10,224.6357,21.0088,0.00023463,0.00023463,0.00125073,0.01208496,32.0,32.0,68.0
2025-10-14,ibm_kingston,11,247.372,58.4448,0.00027748,0.00027748,0.0011956,0.00646973,32.0,32.0,68.0
2025-10-14,ibm_kingston,12,290.3363,249.8309,0.00028779,0.00028779,0.00284366,0.03088379,32.0,32.0,68.0
2025-10-14,ibm_kingston,13,247.9646,312.8901,0.00037479,0.00037479,0.00109,0.0057373,32.0,32.0,68.0
2025-10-14,ibm_kingston,14,192.1082,199.6441,0.00018175,0.00018175,0.00373793,0.02587891,32.0,32.0,68.0
2025-10-14,ibm_kingston,15,235.866,205.8013,0.00017813,0.00017813,,0.00500488,32.0,32.0,
2025-10-14,ibm_kingston,16,246.6964,286.7729,0.00019898,0.00019898,,0.03637695,32.0,32.0,
2025-10-14,ibm_kingston,17,267.1195,133.842,0.00023056,0.00023056,,0.00366211,32.0,32.0,
2025-10-14,ibm_kingston,18,106.0602,92.2072,0.00021329,0.00021329,,0.015625,32.0,32.0,
2025-10-14,ibm_kingston,19,253.3714,187.9334,0.00034227,0.00034227,,0.01269531,32.0,32.0,
2025-10-13,ibm_kingston,10,359.072,28.7365,0.00023463,0.00023463,0.00125073,0.00195312,32.0,32.0,68.0
2025-10-13,ibm_kingston,11,319.5825,54.1773,0.00027748,0.00027748,0.0011956,0.00610352,32.0,32.0,68.0
2025-10-13,ibm_kingston,12,336.6599,261.3282,0.00028779,0.00028779,0.00284366,0.03173828,32.0,32.0,68.0
2025-10-13,ibm_kingston,13,400.9296,639.9603,0.00037479,0.00037479,0.00109,0.00976562,32.0,32.0,68.0
2025-10-13,ibm_kingston,14,352.7831,459.2907,0.00018175,0.00018175,0.00373793,0.02514648,32.0,32.0,68.0
2025-10-13,ibm_kingston,15,355.7529,360.4398,0.00017813,0.00017813,,0.00708008,32.0,32.0,
2025-10-13,ibm_kingston,16,378.0196,400.3164,0.00019898,0.00019898,,0.03442383,32.0,32.0,
2025-10-13,ibm_kingston,17,202.5138,161.9551,0.00023056,0.00023056,,0.00366211,32.0,32.0,
2025-10-13,ibm_kingston,18,108.5224,82.4825,0.00021329,0.00021329,,0.02441406,32.0,32.0,
2025-10-13,ibm_kingston,19,222.6944,198.6966,0.00034227,0.00034227,,0.01367188,32.0,32.0,
2025-10-12,ibm_kingston,10,299.711,27.5601,0.00016001,0.00016001,0.00124589,0.00256348,32.0,32.0,68.0
2025-10-12,ibm_kingston,11,302.5536,42.2068,0.00022776,0.00022776,0.00143406,0.00585938,32.0,32.0,68.0
2025-10-12,ibm_kingston,12,285.0424,321.4154,0.00026582,0.00026582,0.00298352,0.02990723,32.0,32.0,68.0
2025-10-12,ibm_kingston,13,343.2651,425.8918,0.00037437,0.00037437,0.00095014,0.00585938,32.0,32.0,68.0
2025-10-12,ibm_kingston,14,443.6167,458.3041,0.00013142,0.00013142,0.0030847,0.02734375,32.0,32.0,68.0
2025-10-12,ibm_kingston,15,367.5564,295.7785,0.00013308,0.00013308,,0.00439453,32.0,32.0,
2025-10-12,ibm_kingston,16,223.6739,231.992,0.00010878,0.00010878,,0.03820801,32.0,32.0,
2025-10-12,ibm_kingston,17,294.8469,91.2852,0.00026828,0.00026828,,0.00366211,32.0,32.0,
2025-10-12,ibm_kingston,18,136.6768,92.0707,0.00035183,0.00035183,,0.01782227,32.0,32.0,
2025-10-12,ibm_kingston,19,252.8945,211.5424,0.00029523,0.00029523,,0.01342773,32.0,32.0,
2025-10-11,ibm_kingston,10,171.2318,28.8168,0.00031841,0.00031841,0.00118443,0.00305176,32.0,32.0,68.0
2025-10-11,ibm_kingston,11,342.9913,75.8632,0.00052259,0.00052259,0.00144074,0.00610352,32.0,32.0,68.0
2025-10-11,ibm_kingston,12,305.7819,253.7416,0.00019344,0.00019344,0.00364841,0.04162598,32.0,32.0,68.0
2025-10-11,ibm_kingston,13,415.817,624.9766,0.00019677,0.00019677,0.00095014,0.0065918,32.0,32.0,68.0
2025-10-11,ibm_kingston,14,305.5785,469.5987,0.00019191,0.00019191,0.00252163,0.02502441,32.0,32.0,68.0
2025-10-11,ibm_kingston,15,395.9545,344.2399,0.00016599,0.00016599,,0.00524902,32.0,32.0,
2025-10-11,ibm_kingston,16,299.6224,285.0622,0.0001286,0.0001286,,0.0402832,32.0,32.0,
2025-10-11,ibm_kingston,17,191.1634,130.5532,0.00029555,0.00029555,,0.00463867,32.0,32.0,
2025-10-11,ibm_kingston,18,114.0329,83.2736,0.0002363,0.0002363,,0.01574707,32.0,32.0,
2025-10-11,ibm_kingston,19,235.4199,181.1508,0.00030865,0.00030865,,0.01599121,32.0,32.0,
2025-10-10,ibm_kingston,10,171.2318,28.8168,0.00029766,0.00029766,0.00101979,0.00256348,32.0,32.0,68.0
2025-10-10,ibm_kingston,11,342.9913,75.8632,0.00031942,0.00031942,0.00144074,0.00793457,32.0,32.0,68.0
2025-10-10,ibm_kingston,12,305.7819,253.7416,0.0002021,0.0002021,0.00294625,0.05029297,32.0,32.0,68.0
2025-10-10,ibm_kingston,13,415.817,624.9766,0.00037981,0.00037981,0.0031428,0.00634766,32.0,32.0,68.0
2025-10-10,ibm_kingston,14,305.5785,469.5987,0.00022889,0.00022889,0.0035957,0.02160645,32.0,32.0,68.0
2025-10-10,ibm_kingston,15,395.9545,344.2399,0.00014956,0.00014956,,0.00830078,32.0,32.0,
2025-10-10,ibm_kingston,16,299.6224,285.0622,0.00015584,0.00015584,,0.03369141,32.0,32.0,
2025-10-10,ibm_kingston,17,191.1634,130.5532,0.00022662,0.00022662,,0.00463867,32.0,32.0,
2025-10-10,ibm_kingston,18,114.0329,83.2736,0.00040166,0.00040166,,0.01306152,32.0,32.0,
2025-10-10,ibm_kingston,19,235.4199,181.1508,0.00026121,0.00026121,,0.01525879,32.0,32.0,
2025-10-09,ibm_kingston,10,248.9052,35.3818,0.00029766,0.00029766,0.00125815,0.00317383,32.0,32.0,68.0
2025-10-09,ibm_kingston,11,312.0791,74.5874,0.00031942,0.00031942,0.0011965,0.0098877,32.0,32.0,68.0
2025-10-09,ibm_kingston,12,163.4033,152.0814,0.0002021,0.0002021,0.00211062,0.0435791,32.0,32.0,68.0
2025-10-09,ibm_kingston,13,431.0935,575.8824,0.00037981,0.00037981,0.00116865,0.01220703,32.0,32.0,68.0
2025-10-09,ibm_kingston,14,307.6668,442.3428,0.00022889,0.00022889,0.00218302,0.02429199,32.0,32.0,68.0
2025-10-09,ibm_kingston,15,367.0411,320.4905,0.00014956,0.00014956,,0.00744629,32.0,32.0,
2025-10-09,ibm_kingston,16,354.3265,307.2995,0.00015584,0.00015584,,0.03430176,32.0,32.0,
2025-10-09,ibm_kingston,17,313.8531,94.5803,0.00022662,0.00022662,,0.00415039,32.0,32.0,
2025-10-09,ibm_kingston,18,134.378,94.2445,0.00040166,0.00040166,,0.01074219,32.0,32.0,
2025-10-09,ibm_kingston,19,183.3352,171.0187,0.00026121,0.00026121,,0.01269531,32.0,32.0,
2025-10-08,ibm_kingston,10,174.0796,28.8856,0.00016878,0.00016878,0.00125815,0.00488281,32.0,32.0,68.0
2025-10-08,ibm_kingston,11,300.551,56.5458,0.00018848,0.00018848,0.0011965,0.00952148,32.0,32.0,68.0
2025-10-08,ibm_kingston,12,290.2159,283.6385,0.00032667,0.00032667,0.00211062,0.0291748,32.0,32.0,68.0
2025-10-08,ibm_kingston,13,332.3723,398.2048,0.00034046,0.00034046,0.00116865,0.00805664,32.0,32.0,68.0
2025-10-08,ibm_kingston,14,375.3088,422.875,0.00017701,0.00017701,0.00218302,0.02331543,32.0,32.0,68.0
2025-10-08,ibm_kingston,15,245.9526,235.5886,0.00011109,0.00011109,,0.00463867,32.0,32.0,
2025-10-08,ibm_kingston,16,406.4475,317.8521,0.00010651,0.00010651,,0.03662109,32.0,32.0,
2025-10-08,ibm_kingston,17,237.6812,96.6608,0.00023396,0.00023396,,0.0045166,32.0,32.0,
2025-10-08,ibm_kingston,18,144.9586,98.0063,0.00035716,0.00035716,,0.01208496,32.0,32.0,
2025-10-08,ibm_kingston,19,210.2864,178.3204,0.00034879,0.00034879,,0.01220703,32.0,32.0,
2025-10-07,ibm_kingston,10,261.1133,28.2869,0.00016878,0.00016878,0.00116615,0.00341797,32.0,32.0,68.0
2025-10-07,ibm_kingston,11,288.2421,65.2947,0.00018848,0.00018848,0.00106046,0.00891113,32.0,32.0,68.0
2025-10-07,ibm_kingston,12,285.3435,312.6462,0.00032667,0.00032667,0.0029168,0.03295898,32.0,32.0,68.0
2025-10-07,ibm_kingston,13,332.3723,355.7167,0.00034046,0.00034046,0.00115596,0.00671387,32.0,32.0,68.0
2025-10-07,ibm_kingston,14,327.8462,357.1872,0.00017701,0.00017701,0.00189488,0.02734375,32.0,32.0,68.0
2025-10-07,ibm_kingston,15,347.8827,349.6632,0.00011109,0.00011109,,0.00561523,32.0,32.0,
2025-10-07,ibm_kingston,16,346.6581,326.4962,0.00010651,0.00010651,,0.04772949,32.0,32.0,
2025-10-07,ibm_kingston,17,257.0237,148.1736,0.00023396,0.00023396,,0.00378418,32.0,32.0,
2025-10-07,ibm_kingston,18,125.1299,93.2591,0.00035716,0.00035716,,0.0168457,32.0,32.0,
2025-10-07,ibm_kingston,19,168.5365,149.138,0.00034879,0.00034879,,0.01147461,32.0,32.0,
2025-10-06,ibm_kingston,10,281.0146,21.9799,0.00026783,0.00026783,0.00128874,0.00219727,32.0,32.0,68.0
2025-10-06,ibm_kingston,11,194.6456,54.1503,0.00018586,0.00018586,0.00103939,0.01342773,32.0,32.0,68.0
2025-10-06,ibm_kingston,12,271.4136,198.4906,0.00021105,0.00021105,0.00179931,0.03295898,32.0,32.0,68.0
2025-10-06,ibm_kingston,13,440.2608,558.6892,0.00037268,0.00037268,0.00097428,0.00549316,32.0,32.0,68.0
2025-10-06,ibm_kingston,14,339.7571,321.6627,0.00010802,0.00010802,0.00185059,0.02832031,32.0,32.0,68.0
2025-10-06,ibm_kingston,15,342.849,274.3266,0.00015588,0.00015588,,0.00854492,32.0,32.0,
2025-10-06,ibm_kingston,16,314.0669,250.5955,0.00019591,0.00019591,,0.03564453,32.0,32.0,
2025-10-06,ibm_kingston,17,284.0616,54.9843,0.00024981,0.00024981,,0.00280762,32.0,32.0,
2025-10-06,ibm_kingston,18,128.7748,91.0845,0.00019956,0.00019956,,0.01342773,32.0,32.0,
2025-10-06,ibm_kingston,19,218.9508,162.8478,0.00025103,0.00025103,,0.01196289,32.0,32.0,
2025-10-05,ibm_kingston,10,264.4619,20.9385,0.00031512,0.00031512,0.00145301,0.0045166,32.0,32.0,68.0
2025-10-05,ibm_kingston,11,357.0836,55.5551,0.00026236,0.00026236,0.00127039,0.00622559,32.0,32.0,68.0
2025-10-05,ibm_kingston,12,132.0911,138.4964,0.00013918,0.00013918,0.00168728,0.03417969,32.0,32.0,68.0
2025-10-05,ibm_kingston,13,444.1943,648.0583,0.00025373,0.00025373,0.00105403,0.00634766,32.0,32.0,68.0
2025-10-05,ibm_kingston,14,220.6974,282.3821,0.00015993,0.00015993,0.00183606,0.02624512,32.0,32.0,68.0
2025-10-05,ibm_kingston,15,442.0213,299.0091,0.00011378,0.00011378,,0.00488281,32.0,32.0,
2025-10-05,ibm_kingston,16,216.1205,253.5553,0.00020261,0.00020261,,0.04321289,32.0,32.0,
2025-10-05,ibm_kingston,17,283.3011,71.4647,0.0002876,0.0002876,,0.00476074,32.0,32.0,
2025-10-05,ibm_kingston,18,129.9118,94.7175,0.00031689,0.00031689,,0.01928711,32.0,32.0,
2025-10-05,ibm_kingston,19,82.0445,92.9751,0.00022541,0.00022541,,0.01098633,32.0,32.0,
2025-10-04,ibm_kingston,10,280.937,24.2436,0.00029293,0.00029293,0.00122442,0.00439453,32.0,32.0,68.0
2025-10-04,ibm_kingston,11,239.1446,73.9673,0.00022751,0.00022751,0.00109282,0.0078125,32.0,32.0,68.0
2025-10-04,ibm_kingston,12,207.9022,204.4457,0.00027575,0.00027575,0.00171828,0.04736328,32.0,32.0,68.0
2025-10-04,ibm_kingston,13,442.3237,597.1228,0.00055995,0.00055995,0.00120983,0.00744629,32.0,32.0,68.0
2025-10-04,ibm_kingston,14,363.6022,560.2979,0.0001258,0.0001258,0.00193808,0.02648926,32.0,32.0,68.0
2025-10-04,ibm_kingston,15,302.669,308.4597,0.0001116,0.0001116,,0.01257324,32.0,32.0,
2025-10-04,ibm_kingston,16,264.8045,245.9019,0.00016527,0.00016527,,0.04467773,32.0,32.0,
2025-10-04,ibm_kingston,17,249.943,96.5717,0.00023789,0.00023789,,0.00354004,32.0,32.0,
2025-10-04,ibm_kingston,18,134.8946,90.2876,0.00034625,0.00034625,,0.01855469,32.0,32.0,
2025-10-04,ibm_kingston,19,234.6603,181.1227,0.00025959,0.00025959,,0.01306152,32.0,32.0,
2025-10-03,ibm_kingston,10,376.4012,20.853,0.00028742,0.00028742,0.00134018,0.01098633,32.0,32.0,68.0
2025-10-03,ibm_kingston,11,216.2509,62.3586,0.00038039,0.00038039,0.00163296,0.00756836,32.0,32.0,68.0
2025-10-03,ibm_kingston,12,222.1019,218.3531,0.00033041,0.00033041,0.00267993,0.0333252,32.0,32.0,68.0
2025-10-03,ibm_kingston,13,244.5821,354.8824,0.00027817,0.00027817,0.00120983,0.00634766,32.0,32.0,68.0
2025-10-03,ibm_kingston,14,327.2052,495.2154,0.00012523,0.00012523,0.00243082,0.02685547,32.0,32.0,68.0
2025-10-03,ibm_kingston,15,417.7599,374.5261,0.00024419,0.00024419,,0.00671387,32.0,32.0,
2025-10-03,ibm_kingston,16,291.1957,270.568,0.00039818,0.00039818,,0.0423584,32.0,32.0,
2025-10-03,ibm_kingston,17,287.8047,99.5343,0.00028991,0.00028991,,0.00317383,32.0,32.0,
2025-10-03,ibm_kingston,18,95.0597,81.4122,0.00048267,0.00048267,,0.015625,32.0,32.0,
2025-10-03,ibm_kingston,19,234.0671,173.9382,0.00031037,0.00031037,,0.01635742,32.0,32.0,
2025-10-02,ibm_kingston,10,268.2027,25.6452,0.00020734,0.00020734,0.00208812,0.0032959,32.0,32.0,68.0
2025-10-02,ibm_kingston,11,153.906,53.6459,0.00040475,0.00040475,0.00167424,0.01135254,32.0,32.0,68.0
2025-10-02,ibm_kingston,12,252.4232,239.9254,0.0001644,0.0001644,0.00158446,0.02880859,32.0,32.0,68.0
2025-10-02,ibm_kingston,13,442.1483,652.5825,0.00023873,0.00023873,0.00284544,0.00622559,32.0,32.0,68.0
2025-10-02,ibm_kingston,14,206.8806,312.7379,0.00032315,0.00032315,0.00432019,0.02319336,32.0,32.0,68.0
2025-10-02,ibm_kingston,15,307.3533,313.228,0.00014292,0.00014292,,0.00598145,32.0,32.0,
2025-10-02,ibm_kingston,16,272.5357,304.0962,0.00019377,0.00019377,,0.03295898,32.0,32.0,
2025-10-02,ibm_kingston,17,290.2291,136.9955,0.00027366,0.00027366,,0.06567383,32.0,32.0,
2025-10-02,ibm_kingston,18,118.5181,87.3477,0.00038801,0.00038801,,0.01208496,32.0,32.0,
2025-10-02,ibm_kingston,19,166.0814,146.616,0.00028548,0.00028548,,0.01281738,32.0,32.0,
2025-10-01,ibm_kingston,10,287.2258,31.1584,0.0003148,0.0003148,0.00093803,0.0045166,32.0,32.0,68.0
2025-10-01,ibm_kingston,11,363.2156,59.3246,0.00019404,0.00019404,0.00093423,0.00561523,32.0,32.0,68.0
2025-10-01,ibm_kingston,12,265.094,263.1255,0.00018258,0.00018258,0.00183932,0.03161621,32.0,32.0,68.0
2025-10-01,ibm_kingston,13,217.1425,125.0164,0.00029158,0.00029158,0.00121024,0.00622559,32.0,32.0,68.0
2025-10-01,ibm_kingston,14,266.8829,302.377,0.00012151,0.00012151,0.00250792,0.02893066,32.0,32.0,68.0
2025-10-01,ibm_kingston,15,302.4025,268.6882,0.00013191,0.00013191,,0.00427246,32.0,32.0,
2025-10-01,ibm_kingston,16,365.1669,409.9715,0.00010199,0.00010199,,0.04577637,32.0,32.0,
2025-10-01,ibm_kingston,17,221.1156,127.0403,0.00028018,0.00028018,,0.0045166,32.0,32.0,
2025-10-01,ibm_kingston,18,90.83,71.8682,0.00042819,0.00042819,,0.02636719,32.0,32.0,
2025-10-01,ibm_kingston,19,255.9413,196.065,0.00035096,0.00035096,,0.01086426,32.0,32.0,
2025-09-30,ibm_kingston,10,267.3567,24.6525,0.00019083,0.00019083,0.00121072,0.00402832,32.0,32.0,68.0
2025-09-30,ibm_kingston,11,364.7887,93.5168,0.000256,0.000256,0.00114533,0.00634766,32.0,32.0,68.0
2025-09-30,ibm_kingston,12,251.352,215.6473,0.0003026,0.0003026,0.0016763,0.03222656,32.0,32.0,68.0
2025-09-30,ibm_kingston,13,413.069,560.4027,0.00034395,0.00034395,0.00109956,0.00598145,32.0,32.0,68.0
2025-09-30,ibm_kingston,14,277.2979,402.5275,0.00017518,0.00017518,0.00211872,0.02600098,32.0,32.0,68.0
2025-09-30,ibm_kingston,15,471.1228,383.5549,0.00015012,0.00015012,,0.00427246,32.0,32.0,
2025-09-30,ibm_kingston,16,411.5976,311.9721,0.00017459,0.00017459,,0.04382324,32.0,32.0,
2025-09-30,ibm_kingston,17,268.6935,107.2197,0.00024234,0.00024234,,0.00500488,32.0,32.0,
2025-09-30,ibm_kingston,18,103.0677,80.3907,0.00059348,0.00059348,,0.02319336,32.0,32.0,
2025-09-30,ibm_kingston,19,267.7751,203.8856,0.00018779,0.00018779,,0.015625,32.0,32.0,
2025-09-29,ibm_kingston,10,266.5759,25.3743,0.0001299,0.0001299,0.00125555,0.00402832,32.0,32.0,68.0
2025-09-29,ibm_kingston,11,388.3174,58.0762,0.00029827,0.00029827,0.00095347,0.00915527,32.0,32.0,68.0
2025-09-29,ibm_kingston,12,209.4809,191.155,9.285e-05,9.285e-05,0.00146919,0.03356934,32.0,32.0,68.0
2025-09-29,ibm_kingston,13,307.9201,505.2546,0.00025945,0.00025945,0.00116551,0.00695801,32.0,32.0,68.0
2025-09-29,ibm_kingston,14,333.6142,491.1698,0.00014723,0.00014723,0.00278729,0.02648926,32.0,32.0,68.0
2025-09-29,ibm_kingston,15,395.8022,326.8605,0.00010245,0.00010245,,0.0065918,32.0,32.0,
2025-09-29,ibm_kingston,16,175.6763,145.2407,0.00014572,0.00014572,,0.03771973,32.0,32.0,
2025-09-29,ibm_kingston,17,313.8761,87.3634,0.00016594,0.00016594,,0.00378418,32.0,32.0,
2025-09-29,ibm_kingston,18,134.9022,93.1837,0.00059348,0.00059348,,0.0135498,32.0,32.0,
2025-09-29,ibm_kingston,19,206.3802,166.0171,0.00024349,0.00024349,,0.01464844,32.0,32.0,
2025-09-28,ibm_kingston,10,266.5759,25.3743,0.0001299,0.0001299,0.00125555,0.00305176,32.0,32.0,68.0
2025-09-28,ibm_kingston,11,388.3174,58.0762,0.00029827,0.00029827,0.00095347,0.00622559,32.0,32.0,68.0
2025-09-28,ibm_kingston,12,209.4809,191.155,9.285e-05,9.285e-05,0.00146919,0.0333252,32.0,32.0,68.0
2025-09-28,ibm_kingston,13,307.9201,505.2546,0.00025945,0.00025945,0.00116551,0.00634766,32.0,32.0,68.0
2025-09-28,ibm_kingston,14,333.6142,491.1698,0.00014723,0.00014723,0.00278729,0.0279541,32.0,32.0,68.0
2025-09-28,ibm_kingston,15,395.8022,326.8605,0.00010245,0.00010245,,0.00366211,32.0,32.0,
2025-09-28,ibm_kingston,16,175.6763,145.2407,0.00014572,0.00014572,,0.0357666,32.0,32.0,
2025-09-28,ibm_kingston,17,313.8761,87.3634,0.00016594,0.00016594,,0.00512695,32.0,32.0,
2025-09-28,ibm_kingston,18,134.9022,93.1837,0.00059348,0.00059348,,0.01538086,32.0,32.0,
2025-09-28,ibm_kingston,19,206.3802,166.0171,0.00024349,0.00024349,,0.01464844,32.0,32.0,
2025-09-27,ibm_kingston,10,314.0329,33.6728,0.00026229,0.00026229,0.00126897,0.00366211,32.0,32.0,68.0
2025-09-27,ibm_kingston,11,350.8965,58.7038,0.00258656,0.00258656,0.00095347,0.01062012,32.0,32.0,68.0
2025-09-27,ibm_kingston,12,296.5931,236.0,0.00024137,0.00024137,0.00198176,0.0333252,32.0,32.0,68.0
2025-09-27,ibm_kingston,13,327.6676,523.0056,0.00038211,0.00038211,0.00101819,0.00598145,32.0,32.0,68.0
2025-09-27,ibm_kingston,14,210.0668,198.8955,0.00016019,0.00016019,0.00586924,0.02929688,32.0,32.0,68.0
2025-09-27,ibm_kingston,15,334.7149,266.9058,0.0001265,0.0001265,,0.0057373,32.0,32.0,
2025-09-27,ibm_kingston,16,232.3771,302.147,0.00018886,0.00018886,,0.04467773,32.0,32.0,
2025-09-27,ibm_kingston,17,294.9711,118.0774,0.00025366,0.00025366,,0.0045166,32.0,32.0,
2025-09-27,ibm_kingston,18,102.7258,69.0089,0.00034901,0.00034901,,0.02319336,32.0,32.0,
2025-09-27,ibm_kingston,19,225.4687,196.7649,0.00038324,0.00038324,,0.01220703,32.0,32.0,
2025-09-26,ibm_kingston,10,273.055,25.4903,0.00026229,0.00026229,0.00172655,0.00537109,32.0,32.0,68.0
2025-09-26,ibm_kingston,11,352.7876,54.9688,0.00258656,0.00258656,0.00131103,0.00561523,32.0,32.0,68.0
2025-09-26,ibm_kingston,12,301.1229,245.8687,0.00024137,0.00024137,0.00198176,0.0357666,32.0,32.0,68.0
2025-09-26,ibm_kingston,13,185.6656,233.1688,0.00038211,0.00038211,0.00115725,0.0065918,32.0,32.0,68.0
2025-09-26,ibm_kingston,14,289.1132,345.94,0.00016019,0.00016019,0.002016,0.02587891,32.0,32.0,68.0
2025-09-26,ibm_kingston,15,404.5124,334.6402,0.0001265,0.0001265,,0.00720215,32.0,32.0,
2025-09-26,ibm_kingston,16,283.1845,303.7887,0.00018886,0.00018886,,0.03820801,32.0,32.0,
2025-09-26,ibm_kingston,17,344.9088,81.6969,0.00025366,0.00025366,,0.00488281,32.0,32.0,
2025-09-26,ibm_kingston,18,126.4413,92.1208,0.00034901,0.00034901,,0.01867676,32.0,32.0,
2025-09-26,ibm_kingston,19,233.0162,167.5998,0.00038324,0.00038324,,0.01220703,32.0,32.0,
2025-09-25,ibm_kingston,10,260.1844,21.7264,0.00026229,0.00026229,0.00172655,0.00537109,32.0,32.0,68.0
2025-09-25,ibm_kingston,11,416.0859,57.0749,0.00258656,0.00258656,0.00131103,0.00561523,32.0,32.0,68.0
2025-09-25,ibm_kingston,12,211.667,198.0817,0.00024137,0.00024137,0.00198176,0.0357666,32.0,32.0,68.0
2025-09-25,ibm_kingston,13,399.5953,74.7659,0.00038211,0.00038211,0.00115725,0.0065918,32.0,32.0,68.0
2025-09-25,ibm_kingston,14,294.4267,360.9361,0.00016019,0.00016019,0.002016,0.02587891,32.0,32.0,68.0
2025-09-25,ibm_kingston,15,302.1718,217.9282,0.0001265,0.0001265,,0.00720215,32.0,32.0,
2025-09-25,ibm_kingston,16,215.8402,162.3582,0.00018886,0.00018886,,0.03820801,32.0,32.0,
2025-09-25,ibm_kingston,17,287.8291,64.9067,0.00025366,0.00025366,,0.00488281,32.0,32.0,
2025-09-25,ibm_kingston,18,118.931,86.7011,0.00034901,0.00034901,,0.01867676,32.0,32.0,
2025-09-25,ibm_kingston,19,232.4561,168.0182,0.00038324,0.00038324,,0.01220703,32.0,32.0,
2025-09-24,ibm_kingston,10,262.407,23.6997,0.00035674,0.00035674,0.00109394,0.00195312,32.0,32.0,68.0
2025-09-24,ibm_kingston,11,232.9213,53.3421,0.00026123,0.00026123,0.00108927,0.00463867,32.0,32.0,68.0
2025-09-24,ibm_kingston,12,221.542,178.5875,0.00019421,0.00019421,0.00246771,0.02783203,32.0,32.0,68.0
2025-09-24,ibm_kingston,13,352.4517,442.4836,0.0002969,0.0002969,0.00078178,0.00732422,32.0,32.0,68.0
2025-09-24,ibm_kingston,14,251.6886,296.3008,0.00016024,0.00016024,0.00246931,0.02636719,32.0,32.0,68.0
2025-09-24,ibm_kingston,15,248.2477,258.8358,0.00013225,0.00013225,,0.00488281,32.0,32.0,
2025-09-24,ibm_kingston,16,261.5883,262.0275,0.00011006,0.00011006,,0.0402832,32.0,32.0,
2025-09-24,ibm_kingston,17,171.1855,70.2222,0.00029789,0.00029789,,0.00488281,32.0,32.0,
2025-09-24,ibm_kingston,18,109.9828,86.721,0.00047632,0.00047632,,0.0222168,32.0,32.0,
2025-09-24,ibm_kingston,19,224.9665,163.731,0.00035273,0.00035273,,0.00927734,32.0,32.0,
2025-09-23,ibm_kingston,10,262.407,23.6997,0.00035674,0.00035674,0.00109394,0.00195312,32.0,32.0,68.0
2025-09-23,ibm_kingston,11,232.9213,53.3421,0.00026123,0.00026123,0.00108927,0.00463867,32.0,32.0,68.0
2025-09-23,ibm_kingston,12,221.542,178.5875,0.00019421,0.00019421,0.00246771,0.02783203,32.0,32.0,68.0
2025-09-23,ibm_kingston,13,352.4517,442.4836,0.0002969,0.0002969,0.00078178,0.00732422,32.0,32.0,68.0
2025-09-23,ibm_kingston,14,251.6886,296.3008,0.00016024,0.00016024,0.00246931,0.02636719,32.0,32.0,68.0
2025-09-23,ibm_kingston,15,248.2477,258.8358,0.00013225,0.00013225,,0.00488281,32.0,32.0,
2025-09-23,ibm_kingston,16,261.5883,262.0275,0.00011006,0.00011006,,0.0402832,32.0,32.0,
2025-09-23,ibm_kingston,17,171.1855,70.2222,0.00029789,0.00029789,,0.00488281,32.0,32.0,
2025-09-23,ibm_kingston,18,109.9828,86.721,0.00047632,0.00047632,,0.0222168,32.0,32.0,
2025-09-23,ibm_kingston,19,224.9665,163.731,0.00035273,0.00035273,,0.00927734,32.0,32.0,
2025-09-22,ibm_kingston,10,262.407,23.6997,0.00035674,0.00035674,0.00109394,0.00561523,32.0,32.0,68.0
2025-09-22,ibm_kingston,11,232.9213,53.3421,0.00026123,0.00026123,0.00108927,0.00598145,32.0,32.0,68.0
2025-09-22,ibm_kingston,12,221.542,178.5875,0.00019421,0.00019421,0.00246771,0.03381348,32.0,32.0,68.0
2025-09-22,ibm_kingston,13,352.4517,442.4836,0.0002969,0.0002969,0.00078178,0.00769043,32.0,32.0,68.0
2025-09-22,ibm_kingston,14,251.6886,296.3008,0.00016024,0.00016024,0.00246931,0.0255127,32.0,32.0,68.0
2025-09-22,ibm_kingston,15,248.2477,258.8358,0.00013225,0.00013225,,0.00622559,32.0,32.0,
2025-09-22,ibm_kingston,16,261.5883,262.0275,0.00011006,0.00011006,,0.04089355,32.0,32.0,
2025-09-22,ibm_kingston,17,171.1855,70.2222,0.00029789,0.00029789,,0.0045166,32.0,32.0,
2025-09-22,ibm_kingston,18,109.9828,86.721,0.00047632,0.00047632,,0.01611328,32.0,32.0,
2025-09-22,ibm_kingston,19,224.9665,163.731,0.00035273,0.00035273,,0.01342773,32.0,32.0,
