timestamp,backend,qubit_id,T1_us,T2_us,sx_error,x_error,cz_error,readout_error,t_sx_ns,t_x_ns,t_cz_ns
2026-04-10,ibm_fez,20,223.2946,206.658,0.00025118,0.00025118,0.00292145,0.01147461,24.0,24.0,68.0
2026-04-10,ibm_fez,21,133.6852,87.7152,0.00016368,0.00016368,0.0020946,0.01184082,24.0,24.0,68.0
2026-04-10,ibm_fez,22,198.309,160.603,0.00018815,0.00018815,0.00166191,0.00378418,24.0,24.0,68.0
2026-04-10,ibm_fez,23,147.6546,138.7022,0.00017473,0.00017473,0.01035947,0.00720215,24.0,24.0,68.0
2026-04-10,ibm_fez,24,117.1157,111.1341,0.00127159,0.00127159,0.03175837,0.02294922,24.0,24.0,68.0
2026-04-10,ibm_fez,25,92.8292,71.2313,0.00014341,0.00014341,0.00293252,0.0189209,24.0,24.0,68.0
2026-04-10,ibm_fez,26,144.6112,105.5139,0.00031091,0.00031091,0.03453002,0.02539062,24.0,24.0,68.0
2026-04-10,ibm_fez,27,112.2777,129.7146,0.00620523,0.00620523,1.0,0.02441406,24.0,24.0,68.0
2026-04-10,ibm_fez,28,162.1859,164.8337,0.00024117,0.00024117,0.00309191,0.00708008,24.0,24.0,68.0
2026-04-10,ibm_fez,29,196.7876,50.4982,0.000196,0.000196,0.0019436,0.02612305,24.0,24.0,68.0
2026-04-10,ibm_fez,30,95.8485,87.9114,0.00028108,0.00028108,0.00332815,0.00952148,24.0,24.0,68.0
2026-04-10,ibm_fez,31,95.0763,50.984,0.00061644,0.00061644,0.03171071,0.01953125,24.0,24.0,68.0
2026-04-10,ibm_fez,32,128.4005,128.1953,0.00064225,0.00064225,1.0,0.02978516,24.0,24.0,68.0
2026-04-10,ibm_fez,33,143.5557,84.3974,0.00019555,0.00019555,0.00238167,0.02087402,24.0,24.0,68.0
2026-04-10,ibm_fez,34,183.6565,81.1233,0.00046902,0.00046902,0.00231602,0.00927734,24.0,24.0,68.0
2026-04-10,ibm_fez,35,176.8196,41.1304,0.00027476,0.00027476,,0.01831055,24.0,24.0,
2026-04-10,ibm_fez,36,165.4294,132.1966,0.00051817,0.00051817,,0.00769043,24.0,24.0,
2026-04-10,ibm_fez,37,135.4982,166.209,0.00026532,0.00026532,,0.01245117,24.0,24.0,
2026-04-10,ibm_fez,38,129.9101,175.8844,0.00036124,0.00036124,,0.0098877,24.0,24.0,
2026-04-10,ibm_fez,39,131.1023,140.25,0.00030946,0.00030946,,0.0168457,24.0,24.0,
2026-04-09,ibm_fez,20,173.8508,215.2141,0.00068112,0.00068112,0.00366998,0.01403809,24.0,24.0,68.0
2026-04-09,ibm_fez,21,133.6011,108.9594,0.00026955,0.00026955,0.00295033,0.02392578,24.0,24.0,68.0
2026-04-09,ibm_fez,22,56.0724,47.8428,0.00018298,0.00018298,0.00235635,0.00622559,24.0,24.0,68.0
2026-04-09,ibm_fez,23,167.7907,161.6846,0.00015,0.00015,0.00965055,0.01049805,24.0,24.0,68.0
2026-04-09,ibm_fez,24,185.3163,181.3781,0.00134969,0.00134969,0.03034032,0.02526855,24.0,24.0,68.0
2026-04-09,ibm_fez,25,137.2123,83.9935,0.00022308,0.00022308,0.00284174,0.02929688,24.0,24.0,68.0
2026-04-09,ibm_fez,26,121.4439,98.184,0.00023938,0.00023938,0.02394649,0.01599121,24.0,24.0,68.0
2026-04-09,ibm_fez,27,62.7815,69.4914,0.00348365,0.00348365,1.0,0.02685547,24.0,24.0,68.0
2026-04-09,ibm_fez,28,94.8731,111.3582,0.00018503,0.00018503,0.00359542,0.00927734,24.0,24.0,68.0
2026-04-09,ibm_fez,29,137.6236,50.0786,0.0001978,0.0001978,0.00209691,0.01550293,24.0,24.0,68.0
2026-04-09,ibm_fez,30,61.4556,56.9171,0.00032893,0.00032893,0.00286186,0.00830078,24.0,24.0,68.0
2026-04-09,ibm_fez,31,121.2511,65.2095,0.00048727,0.00048727,0.04882083,0.01611328,24.0,24.0,68.0
2026-04-09,ibm_fez,32,137.0882,107.6377,0.00041099,0.00041099,1.0,0.03405762,24.0,24.0,68.0
2026-04-09,ibm_fez,33,112.5125,131.4165,0.00022493,0.00022493,0.00238787,0.02294922,24.0,24.0,68.0
2026-04-09,ibm_fez,34,179.6359,80.6423,0.00072742,0.00072742,0.00175984,0.0123291,24.0,24.0,68.0
2026-04-09,ibm_fez,35,153.5533,37.4062,0.00020414,0.00020414,,0.01696777,24.0,24.0,
2026-04-09,ibm_fez,36,181.3314,162.4445,0.00038014,0.00038014,,0.04284668,24.0,24.0,
2026-04-09,ibm_fez,37,63.5301,73.1527,0.00032826,0.00032826,,0.01452637,24.0,24.0,
2026-04-09,ibm_fez,38,54.7041,75.2931,0.00027203,0.00027203,,0.01013184,24.0,24.0,
2026-04-09,ibm_fez,39,196.1085,219.4696,0.00049563,0.00049563,,0.01843262,24.0,24.0,
2026-04-08,ibm_fez,20,184.9887,213.7983,0.00068112,0.00068112,0.00546926,0.01074219,24.0,24.0,68.0
2026-04-08,ibm_fez,21,219.8322,178.9784,0.00026955,0.00026955,0.00209368,0.00952148,24.0,24.0,68.0
2026-04-08,ibm_fez,22,169.7189,129.904,0.00018298,0.00018298,0.00142479,0.0045166,24.0,24.0,68.0
2026-04-08,ibm_fez,23,171.0203,158.268,0.00015,0.00015,0.0094194,0.00585938,24.0,24.0,68.0
2026-04-08,ibm_fez,24,147.7516,153.2968,0.00134969,0.00134969,0.0273374,0.01806641,24.0,24.0,68.0
2026-04-08,ibm_fez,25,178.0132,131.2129,0.00022308,0.00022308,0.00245447,0.02319336,24.0,24.0,68.0
2026-04-08,ibm_fez,26,137.0109,111.7833,0.00023938,0.00023938,0.02625928,0.01989746,24.0,24.0,68.0
2026-04-08,ibm_fez,27,72.8399,76.7545,0.00348365,0.00348365,1.0,0.02148438,24.0,24.0,68.0
2026-04-08,ibm_fez,28,187.2379,187.2481,0.00018503,0.00018503,0.00400146,0.00952148,24.0,24.0,68.0
2026-04-08,ibm_fez,29,145.8969,42.6832,0.0001978,0.0001978,0.001874,0.01708984,24.0,24.0,68.0
2026-04-08,ibm_fez,30,110.7064,100.9853,0.00032893,0.00032893,0.00326194,0.01074219,24.0,24.0,68.0
2026-04-08,ibm_fez,31,194.3829,90.0573,0.00048727,0.00048727,0.03443336,0.0135498,24.0,24.0,68.0
2026-04-08,ibm_fez,32,173.1052,159.2421,0.00041099,0.00041099,1.0,0.02978516,24.0,24.0,68.0
2026-04-08,ibm_fez,33,83.3518,92.2123,0.00022493,0.00022493,0.00201008,0.0189209,24.0,24.0,68.0
2026-04-08,ibm_fez,34,124.2485,70.3247,0.00072742,0.00072742,0.00219524,0.01147461,24.0,24.0,68.0
2026-04-08,ibm_fez,35,149.8011,44.4963,0.00020414,0.00020414,,0.01574707,24.0,24.0,
2026-04-08,ibm_fez,36,200.8404,156.1669,0.00038014,0.00038014,,0.00708008,24.0,24.0,
2026-04-08,ibm_fez,37,172.1272,198.0249,0.00032826,0.00032826,,0.01464844,24.0,24.0,
2026-04-08,ibm_fez,38,108.508,148.5023,0.00027203,0.00027203,,0.01013184,24.0,24.0,
2026-04-08,ibm_fez,39,161.3273,165.0305,0.00049563,0.00049563,,0.01513672,24.0,24.0,
2026-04-07,ibm_fez,20,124.7348,142.0712,0.0004327,0.0004327,0.00272357,0.01721191,24.0,24.0,68.0
2026-04-07,ibm_fez,21,178.7753,160.12,0.00024059,0.00024059,0.00256038,0.02099609,24.0,24.0,68.0
2026-04-07,ibm_fez,22,173.3681,149.7703,0.00019241,0.00019241,0.00193928,0.00476074,24.0,24.0,68.0
2026-04-07,ibm_fez,23,111.4562,123.1395,0.00019892,0.00019892,0.00432416,0.00512695,24.0,24.0,68.0
2026-04-07,ibm_fez,24,277.1227,239.9765,0.00049059,0.00049059,0.02422745,0.015625,24.0,24.0,68.0
2026-04-07,ibm_fez,25,173.2744,136.1758,0.00030262,0.00030262,0.00207018,0.02270508,24.0,24.0,68.0
2026-04-07,ibm_fez,26,174.5341,103.8051,0.00024426,0.00024426,0.02280514,0.01708984,24.0,24.0,68.0
2026-04-07,ibm_fez,27,121.5919,116.8162,0.00385377,0.00385377,1.0,0.01660156,24.0,24.0,68.0
2026-04-07,ibm_fez,28,153.9115,153.1144,0.00028964,0.00028964,0.0033955,0.00646973,24.0,24.0,68.0
2026-04-07,ibm_fez,29,218.6012,51.1495,0.0001832,0.0001832,0.00214954,0.01428223,24.0,24.0,68.0
2026-04-07,ibm_fez,30,123.8711,67.0062,0.00024706,0.00024706,0.00341318,0.00915527,24.0,24.0,68.0
2026-04-07,ibm_fez,31,108.7661,66.3291,0.00089694,0.00089694,0.03830189,0.01342773,24.0,24.0,68.0
2026-04-07,ibm_fez,32,121.2067,112.3526,0.00032055,0.00032055,1.0,0.03027344,24.0,24.0,68.0
2026-04-07,ibm_fez,33,166.9324,122.4966,0.00014455,0.00014455,0.00223779,0.01538086,24.0,24.0,68.0
2026-04-07,ibm_fez,34,118.2389,70.0579,0.00037487,0.00037487,0.00201167,0.01489258,24.0,24.0,68.0
2026-04-07,ibm_fez,35,87.8757,39.102,0.00021534,0.00021534,,0.01806641,24.0,24.0,
2026-04-07,ibm_fez,36,132.6198,115.8686,0.00028372,0.00028372,,0.00915527,24.0,24.0,
2026-04-07,ibm_fez,37,169.1225,162.2567,0.00027289,0.00027289,,0.01000977,24.0,24.0,
2026-04-07,ibm_fez,38,176.5422,188.2713,0.00032384,0.00032384,,0.00915527,24.0,24.0,
2026-04-07,ibm_fez,39,149.4607,188.6291,0.00034918,0.00034918,,0.01831055,24.0,24.0,
2026-04-06,ibm_fez,20,141.1254,157.4168,0.0003234,0.0003234,0.0037419,0.01843262,24.0,24.0,68.0
2026-04-06,ibm_fez,21,128.1604,121.586,0.00025321,0.00025321,0.00406547,0.01281738,24.0,24.0,68.0
2026-04-06,ibm_fez,22,165.196,133.2441,0.00053105,0.00053105,0.00258884,0.00866699,24.0,24.0,68.0
2026-04-06,ibm_fez,23,191.5208,188.671,0.00018464,0.00018464,0.00962741,0.00683594,24.0,24.0,68.0
2026-04-06,ibm_fez,24,50.6757,51.6147,0.00181377,0.00181377,0.02438631,0.01757812,24.0,24.0,68.0
2026-04-06,ibm_fez,25,179.9382,130.0157,0.00018079,0.00018079,0.00259338,0.0267334,24.0,24.0,68.0
2026-04-06,ibm_fez,26,139.8143,91.2293,0.00025632,0.00025632,0.02472361,0.0177002,24.0,24.0,68.0
2026-04-06,ibm_fez,27,105.0162,116.9353,0.00361329,0.00361329,1.0,0.02026367,24.0,24.0,68.0
2026-04-06,ibm_fez,28,145.1956,124.5765,0.00093129,0.00093129,0.00467023,0.0814209,24.0,24.0,68.0
2026-04-06,ibm_fez,29,173.1616,50.4728,0.00023977,0.00023977,0.00245556,0.01550293,24.0,24.0,68.0
2026-04-06,ibm_fez,30,106.0867,93.8161,0.0002718,0.0002718,0.00341364,0.00866699,24.0,24.0,68.0
2026-04-06,ibm_fez,31,100.9755,53.2811,0.00040638,0.00040638,0.03903754,0.02294922,24.0,24.0,68.0
2026-04-06,ibm_fez,32,93.1661,82.0693,0.00026082,0.00026082,1.0,0.03283691,24.0,24.0,68.0
2026-04-06,ibm_fez,33,102.3455,107.3522,0.00018994,0.00018994,0.00236437,0.02172852,24.0,24.0,68.0
2026-04-06,ibm_fez,34,149.4805,78.6254,0.0005657,0.0005657,0.00186337,0.01489258,24.0,24.0,68.0
2026-04-06,ibm_fez,35,135.5767,39.3504,0.00023593,0.00023593,,0.01989746,24.0,24.0,
2026-04-06,ibm_fez,36,187.7896,182.0316,0.00031029,0.00031029,,0.00939941,24.0,24.0,
2026-04-06,ibm_fez,37,116.0738,89.5446,0.00023203,0.00023203,,0.01367188,24.0,24.0,
2026-04-06,ibm_fez,38,164.5704,204.7636,0.00025213,0.00025213,,0.01293945,24.0,24.0,
2026-04-06,ibm_fez,39,183.9118,203.4823,0.00034918,0.00034918,,0.01367188,24.0,24.0,
2026-04-05,ibm_fez,20,151.5501,157.0373,0.00018226,0.00018226,0.00555694,0.01281738,24.0,24.0,68.0
2026-04-05,ibm_fez,21,201.2569,151.0961,0.00018872,0.00018872,0.00231122,0.01025391,24.0,24.0,68.0
2026-04-05,ibm_fez,22,195.6958,142.9553,0.00021017,0.00021017,0.0014304,0.00598145,24.0,24.0,68.0
2026-04-05,ibm_fez,23,191.8884,149.5958,0.00018464,0.00018464,0.01032739,0.01977539,24.0,24.0,68.0
2026-04-05,ibm_fez,24,161.2056,134.0,0.00251291,0.00251291,0.03063233,0.01696777,24.0,24.0,68.0
2026-04-05,ibm_fez,25,104.8171,92.5378,0.00020256,0.00020256,0.00211218,0.02722168,24.0,24.0,68.0
2026-04-05,ibm_fez,26,156.8422,104.9438,0.00022387,0.00022387,0.02242872,0.0201416,24.0,24.0,68.0
2026-04-05,ibm_fez,27,74.8118,94.2925,0.00398704,0.00398704,1.0,0.02038574,24.0,24.0,68.0
2026-04-05,ibm_fez,28,135.7559,123.8309,0.00024278,0.00024278,0.00356191,0.01611328,24.0,24.0,68.0
2026-04-05,ibm_fez,29,190.9213,42.8251,0.00019484,0.00019484,0.00211117,0.01257324,24.0,24.0,68.0
2026-04-05,ibm_fez,30,137.1096,54.4064,0.00021723,0.00021723,0.00338391,0.01013184,24.0,24.0,68.0
2026-04-05,ibm_fez,31,43.7636,33.8531,0.00054989,0.00054989,0.0492362,0.02893066,24.0,24.0,68.0
2026-04-05,ibm_fez,32,119.7461,89.7353,0.00037467,0.00037467,1.0,0.0279541,24.0,24.0,68.0
2026-04-05,ibm_fez,33,122.5688,58.8715,0.0002608,0.0002608,0.00238318,0.01477051,24.0,24.0,68.0
2026-04-05,ibm_fez,34,198.8066,78.3448,0.00061095,0.00061095,0.00220126,0.01330566,24.0,24.0,68.0
2026-04-05,ibm_fez,35,165.44,40.5795,0.00033245,0.00033245,,0.01660156,24.0,24.0,
2026-04-05,ibm_fez,36,212.7508,194.895,0.00056532,0.00056532,,0.00842285,24.0,24.0,
2026-04-05,ibm_fez,37,163.657,207.2801,0.000351,0.000351,,0.01171875,24.0,24.0,
2026-04-05,ibm_fez,38,142.5861,155.6426,0.00027486,0.00027486,,0.00817871,24.0,24.0,
2026-04-05,ibm_fez,39,72.9023,98.0883,0.00044446,0.00044446,,0.01379395,24.0,24.0,
2026-04-04,ibm_fez,20,151.5501,157.0373,0.00018226,0.00018226,0.00555694,0.01281738,24.0,24.0,68.0
2026-04-04,ibm_fez,21,201.2569,151.0961,0.00018872,0.00018872,0.00231122,0.01025391,24.0,24.0,68.0
2026-04-04,ibm_fez,22,195.6958,142.9553,0.00021017,0.00021017,0.0014304,0.00598145,24.0,24.0,68.0
2026-04-04,ibm_fez,23,191.8884,149.5958,0.00018464,0.00018464,0.01032739,0.01977539,24.0,24.0,68.0
2026-04-04,ibm_fez,24,161.2056,134.0,0.00251291,0.00251291,0.03063233,0.01696777,24.0,24.0,68.0
2026-04-04,ibm_fez,25,104.8171,92.5378,0.00020256,0.00020256,0.00211218,0.02722168,24.0,24.0,68.0
2026-04-04,ibm_fez,26,156.8422,104.9438,0.00022387,0.00022387,0.02242872,0.0201416,24.0,24.0,68.0
2026-04-04,ibm_fez,27,74.8118,94.2925,0.00398704,0.00398704,1.0,0.02038574,24.0,24.0,68.0
2026-04-04,ibm_fez,28,135.7559,123.8309,0.00024278,0.00024278,0.00356191,0.01611328,24.0,24.0,68.0
2026-04-04,ibm_fez,29,190.9213,42.8251,0.00019484,0.00019484,0.00211117,0.01257324,24.0,24.0,68.0
2026-04-04,ibm_fez,30,137.1096,54.4064,0.00021723,0.00021723,0.00338391,0.01013184,24.0,24.0,68.0
2026-04-04,ibm_fez,31,43.7636,33.8531,0.00054989,0.00054989,0.0492362,0.02893066,24.0,24.0,68.0
2026-04-04,ibm_fez,32,119.7461,89.7353,0.00037467,0.00037467,1.0,0.0279541,24.0,24.0,68.0
2026-04-04,ibm_fez,33,122.5688,58.8715,0.0002608,0.0002608,0.00238318,0.01477051,24.0,24.0,68.0
2026-04-04,ibm_fez,34,198.8066,78.3448,0.00061095,0.00061095,0.00220126,0.01330566,24.0,24.0,68.0
2026-04-04,ibm_fez,35,165.44,40.5795,0.00033245,0.00033245,,0.01660156,24.0,24.0,
2026-04-04,ibm_fez,36,212.7508,194.895,0.00056532,0.00056532,,0.00842285,24.0,24.0,
2026-04-04,ibm_fez,37,163.657,207.2801,0.000351,0.000351,,0.01171875,24.0,24.0,
2026-04-04,ibm_fez,38,142.5861,155.6426,0.00027486,0.00027486,,0.00817871,24.0,24.0,
2026-04-04,ibm_fez,39,72.9023,98.0883,0.00044446,0.00044446,,0.01379395,24.0,24.0,
2026-04-03,ibm_fez,20,151.5501,157.0373,0.00023088,0.00023088,0.00442933,0.01464844,24.0,24.0,68.0
2026-04-03,ibm_fez,21,201.2569,151.0961,0.00033781,0.00033781,0.00231156,0.00805664,24.0,24.0,68.0
2026-04-03,ibm_fez,22,195.6958,142.9553,0.00015191,0.00015191,0.00174201,0.00756836,24.0,24.0,68.0
2026-04-03,ibm_fez,23,191.8884,149.5958,0.00023096,0.00023096,0.00882504,0.00585938,24.0,24.0,68.0
2026-04-03,ibm_fez,24,161.2056,134.0,0.00247214,0.00247214,0.02989444,0.02026367,24.0,24.0,68.0
2026-04-03,ibm_fez,25,104.8171,92.5378,0.00020424,0.00020424,0.00229389,0.02490234,24.0,24.0,68.0
2026-04-03,ibm_fez,26,156.8422,104.9438,0.00027972,0.00027972,0.02360176,0.02026367,24.0,24.0,68.0
2026-04-03,ibm_fez,27,74.8118,94.2925,0.00412057,0.00412057,1.0,0.01855469,24.0,24.0,68.0
2026-04-03,ibm_fez,28,135.7559,123.8309,0.00024234,0.00024234,0.00394309,0.03149414,24.0,24.0,68.0
2026-04-03,ibm_fez,29,190.9213,42.8251,0.00027527,0.00027527,0.00219904,0.05493164,24.0,24.0,68.0
2026-04-03,ibm_fez,30,137.1096,54.4064,0.00019665,0.00019665,0.00291909,0.01635742,24.0,24.0,68.0
2026-04-03,ibm_fez,31,43.7636,33.8531,0.00063191,0.00063191,0.03636612,0.05053711,24.0,24.0,68.0
2026-04-03,ibm_fez,32,119.7461,89.7353,0.00026226,0.00026226,1.0,0.02441406,24.0,24.0,68.0
2026-04-03,ibm_fez,33,122.5688,58.8715,0.00018059,0.00018059,0.00209588,0.01928711,24.0,24.0,68.0
2026-04-03,ibm_fez,34,198.8066,78.3448,0.00039763,0.00039763,0.00166904,0.01318359,24.0,24.0,68.0
2026-04-03,ibm_fez,35,165.44,40.5795,0.00044368,0.00044368,,0.01757812,24.0,24.0,
2026-04-03,ibm_fez,36,212.7508,194.895,0.00048184,0.00048184,,0.00878906,24.0,24.0,
2026-04-03,ibm_fez,37,163.657,207.2801,0.00061215,0.00061215,,0.01147461,24.0,24.0,
2026-04-03,ibm_fez,38,142.5861,155.6426,0.00043833,0.00043833,,0.01220703,24.0,24.0,
2026-04-03,ibm_fez,39,72.9023,98.0883,0.00072308,0.00072308,,0.01416016,24.0,24.0,
2026-04-02,ibm_fez,20,147.2153,132.9276,0.00023088,0.00023088,0.00272996,0.0144043,24.0,24.0,68.0
2026-04-02,ibm_fez,21,243.8613,179.0199,0.0003416,0.0003416,0.00354719,0.01245117,24.0,24.0,68.0
2026-04-02,ibm_fez,22,223.3214,138.6648,0.00018491,0.00018491,0.00253963,0.00561523,24.0,24.0,68.0
2026-04-02,ibm_fez,23,204.637,170.8968,0.00022991,0.00022991,0.0109187,0.00537109,24.0,24.0,68.0
2026-04-02,ibm_fez,24,144.2152,155.8384,0.00181756,0.00181756,0.0279044,0.01855469,24.0,24.0,68.0
2026-04-02,ibm_fez,25,195.7525,120.1374,0.00016902,0.00016902,0.00193854,0.02197266,24.0,24.0,68.0
2026-04-02,ibm_fez,26,140.4454,108.7335,0.0003495,0.0003495,0.02886264,0.01904297,24.0,24.0,68.0
2026-04-02,ibm_fez,27,74.8118,95.033,0.00407026,0.00407026,1.0,0.02197266,24.0,24.0,68.0
2026-04-02,ibm_fez,28,182.7577,168.5281,0.00030467,0.00030467,0.00340647,0.01953125,24.0,24.0,68.0
2026-04-02,ibm_fez,29,190.9213,42.8251,0.00026805,0.00026805,0.00220409,0.02026367,24.0,24.0,68.0
2026-04-02,ibm_fez,30,137.1096,99.5147,0.00023176,0.00023176,0.00285497,0.01000977,24.0,24.0,68.0
2026-04-02,ibm_fez,31,100.5469,45.7223,0.00032781,0.00032781,0.04165982,0.01196289,24.0,24.0,68.0
2026-04-02,ibm_fez,32,147.2138,172.2963,0.00021963,0.00021963,1.0,0.03540039,24.0,24.0,68.0
2026-04-02,ibm_fez,33,122.5688,101.2594,0.00035692,0.00035692,0.0021076,0.02270508,24.0,24.0,68.0
2026-04-02,ibm_fez,34,146.3113,69.0036,0.00042943,0.00042943,0.00216529,0.00634766,24.0,24.0,68.0
2026-04-02,ibm_fez,35,185.5406,42.6619,0.0002228,0.0002228,,0.02026367,24.0,24.0,
2026-04-02,ibm_fez,36,195.0528,186.6287,0.00056342,0.00056342,,0.00854492,24.0,24.0,
2026-04-02,ibm_fez,37,127.165,109.309,0.00023912,0.00023912,,0.01367188,24.0,24.0,
2026-04-02,ibm_fez,38,127.3571,155.292,0.00025039,0.00025039,,0.01269531,24.0,24.0,
2026-04-02,ibm_fez,39,65.6161,69.1491,0.00067575,0.00067575,,0.02050781,24.0,24.0,
2026-04-01,ibm_fez,20,168.6381,159.2317,0.00023088,0.00023088,0.00389049,0.01171875,24.0,24.0,68.0
2026-04-01,ibm_fez,21,183.3404,132.1704,0.0003416,0.0003416,0.00291404,0.01074219,24.0,24.0,68.0
2026-04-01,ibm_fez,22,160.4845,124.9512,0.00018491,0.00018491,0.0018352,0.00585938,24.0,24.0,68.0
2026-04-01,ibm_fez,23,197.8502,176.7474,0.00022991,0.00022991,0.01034673,0.00805664,24.0,24.0,68.0
2026-04-01,ibm_fez,24,147.256,51.119,0.00181756,0.00181756,0.02752877,0.02001953,24.0,24.0,68.0
2026-04-01,ibm_fez,25,220.6017,138.6932,0.00016902,0.00016902,0.00206902,0.02368164,24.0,24.0,68.0
2026-04-01,ibm_fez,26,158.5399,117.9059,0.0003495,0.0003495,0.02707759,0.01391602,24.0,24.0,68.0
2026-04-01,ibm_fez,27,72.4316,65.2876,0.00407026,0.00407026,1.0,0.01489258,24.0,24.0,68.0
2026-04-01,ibm_fez,28,69.3155,69.9181,0.00030467,0.00030467,0.00379184,0.03198242,24.0,24.0,68.0
2026-04-01,ibm_fez,29,97.2925,38.453,0.00026805,0.00026805,0.00206856,0.01635742,24.0,24.0,68.0
2026-04-01,ibm_fez,30,149.1449,120.6348,0.00023176,0.00023176,0.00330179,0.00805664,24.0,24.0,68.0
2026-04-01,ibm_fez,31,159.6792,56.598,0.00032781,0.00032781,0.04996635,0.01660156,24.0,24.0,68.0
2026-04-01,ibm_fez,32,144.5669,119.9354,0.00021963,0.00021963,1.0,0.0300293,24.0,24.0,68.0
2026-04-01,ibm_fez,33,123.7401,98.1165,0.00035692,0.00035692,0.00267514,0.05957031,24.0,24.0,68.0
2026-04-01,ibm_fez,34,145.4893,71.9577,0.00042943,0.00042943,0.00221391,0.01025391,24.0,24.0,68.0
2026-04-01,ibm_fez,35,164.8649,44.2775,0.0002228,0.0002228,,0.0222168,24.0,24.0,
2026-04-01,ibm_fez,36,200.3654,171.0611,0.00056342,0.00056342,,0.01098633,24.0,24.0,
2026-04-01,ibm_fez,37,102.913,122.6125,0.00023912,0.00023912,,0.00952148,24.0,24.0,
2026-04-01,ibm_fez,38,128.5976,165.5582,0.00025039,0.00025039,,0.01123047,24.0,24.0,
2026-04-01,ibm_fez,39,82.7822,90.8129,0.00067575,0.00067575,,0.015625,24.0,24.0,
2026-03-31,ibm_fez,20,207.3474,52.2424,0.00025483,0.00025483,0.00330888,0.01318359,24.0,24.0,68.0
2026-03-31,ibm_fez,21,264.7871,242.4495,0.00018128,0.00018128,0.00291109,0.00927734,24.0,24.0,68.0
2026-03-31,ibm_fez,22,208.3277,147.8078,0.00023005,0.00023005,0.00167787,0.00415039,24.0,24.0,68.0
2026-03-31,ibm_fez,23,152.2671,148.862,0.00020187,0.00020187,0.00806913,0.00964355,24.0,24.0,68.0
2026-03-31,ibm_fez,24,181.5797,168.1439,0.00131996,0.00131996,0.02602185,0.02294922,24.0,24.0,68.0
2026-03-31,ibm_fez,25,79.4571,93.6943,0.00019047,0.00019047,0.00230446,0.01794434,24.0,24.0,68.0
2026-03-31,ibm_fez,26,102.1127,83.6662,0.00025933,0.00025933,0.02322781,0.015625,24.0,24.0,68.0
2026-03-31,ibm_fez,27,93.5282,106.2537,0.00481397,0.00481397,1.0,0.0201416,24.0,24.0,68.0
2026-03-31,ibm_fez,28,119.3449,143.3811,0.0001568,0.0001568,0.00403359,0.04064941,24.0,24.0,68.0
2026-03-31,ibm_fez,29,121.2654,44.5868,0.00024289,0.00024289,0.00336897,0.02172852,24.0,24.0,68.0
2026-03-31,ibm_fez,30,127.9629,110.2885,0.00013063,0.00013063,0.00373697,0.0090332,24.0,24.0,68.0
2026-03-31,ibm_fez,31,113.3458,54.7483,0.00037478,0.00037478,0.03833802,0.02319336,24.0,24.0,68.0
2026-03-31,ibm_fez,32,151.6399,156.7251,0.00030508,0.00030508,1.0,0.02758789,24.0,24.0,68.0
2026-03-31,ibm_fez,33,145.4965,135.0984,0.00029246,0.00029246,0.00252868,0.0177002,24.0,24.0,68.0
2026-03-31,ibm_fez,34,182.9012,87.7829,0.00042542,0.00042542,0.00233957,0.01123047,24.0,24.0,68.0
2026-03-31,ibm_fez,35,93.4886,36.2081,0.00022292,0.00022292,,0.01416016,24.0,24.0,
2026-03-31,ibm_fez,36,124.8923,122.3955,0.0005515,0.0005515,,0.01000977,24.0,24.0,
2026-03-31,ibm_fez,37,105.5313,140.3631,0.00041612,0.00041612,,0.01428223,24.0,24.0,
2026-03-31,ibm_fez,38,173.6576,171.907,0.00025753,0.00025753,,0.01379395,24.0,24.0,
2026-03-31,ibm_fez,39,157.7572,160.3425,0.00021051,0.00021051,,0.01696777,24.0,24.0,
2026-03-30,ibm_fez,20,207.3474,219.7738,0.00029819,0.00029819,0.00327608,0.01379395,24.0,24.0,68.0
2026-03-30,ibm_fez,21,135.7889,31.3572,0.00023246,0.00023246,0.00353755,0.01220703,24.0,24.0,68.0
2026-03-30,ibm_fez,22,181.079,129.2467,0.00014282,0.00014282,0.00203825,0.00488281,24.0,24.0,68.0
2026-03-30,ibm_fez,23,152.2671,157.8052,0.00016044,0.00016044,0.00361848,0.00671387,24.0,24.0,68.0
2026-03-30,ibm_fez,24,139.9236,164.8394,0.00073418,0.00073418,0.01842379,0.02185059,24.0,24.0,68.0
2026-03-30,ibm_fez,25,138.8457,105.283,0.00015638,0.00015638,0.00225991,0.28771973,24.0,24.0,68.0
2026-03-30,ibm_fez,26,150.6693,111.9122,0.0002917,0.0002917,0.02838669,0.01586914,24.0,24.0,68.0
2026-03-30,ibm_fez,27,135.9528,143.9006,0.00310349,0.00310349,1.0,0.01696777,24.0,24.0,68.0
2026-03-30,ibm_fez,28,120.4639,134.6151,0.00025561,0.00025561,0.00336482,0.01721191,24.0,24.0,68.0
2026-03-30,ibm_fez,29,192.0386,44.5999,0.00019906,0.00019906,0.00226963,0.01623535,24.0,24.0,68.0
2026-03-30,ibm_fez,30,153.7384,150.0648,0.00015923,0.00015923,0.00284212,0.01391602,24.0,24.0,68.0
2026-03-30,ibm_fez,31,91.9202,39.4876,0.00039502,0.00039502,0.04249019,0.01489258,24.0,24.0,68.0
2026-03-30,ibm_fez,32,129.5459,109.2402,0.00028402,0.00028402,1.0,0.02954102,24.0,24.0,68.0
2026-03-30,ibm_fez,33,125.0523,124.2967,0.00031895,0.00031895,0.00241731,0.01708984,24.0,24.0,68.0
2026-03-30,ibm_fez,34,197.8645,82.2443,0.00040517,0.00040517,0.00239755,0.01123047,24.0,24.0,68.0
2026-03-30,ibm_fez,35,150.8603,41.6552,0.0004945,0.0004945,,0.01525879,24.0,24.0,
2026-03-30,ibm_fez,36,172.8091,164.0537,0.00037963,0.00037963,,0.00695801,24.0,24.0,
2026-03-30,ibm_fez,37,145.7012,170.4424,0.00028681,0.00028681,,0.01135254,24.0,24.0,
2026-03-30,ibm_fez,38,171.1757,187.9785,0.00028197,0.00028197,,0.01196289,24.0,24.0,
2026-03-30,ibm_fez,39,195.0249,223.8052,0.0003266,0.0003266,,0.01464844,24.0,24.0,
2026-03-29,ibm_fez,20,191.0799,210.7251,0.00036416,0.00036416,0.00332082,0.01245117,24.0,24.0,68.0
2026-03-29,ibm_fez,21,135.7889,116.7137,0.0002495,0.0002495,0.00474764,0.01049805,24.0,24.0,68.0
2026-03-29,ibm_fez,22,159.4695,96.1218,0.00023703,0.00023703,0.00178981,0.00708008,24.0,24.0,68.0
2026-03-29,ibm_fez,23,213.0207,215.9821,0.00016239,0.00016239,0.00864985,0.00439453,24.0,24.0,68.0
2026-03-29,ibm_fez,24,176.806,173.4233,0.00138095,0.00138095,0.03003846,0.0234375,24.0,24.0,68.0
2026-03-29,ibm_fez,25,114.9496,86.7728,0.00023488,0.00023488,0.00215769,0.02416992,24.0,24.0,68.0
2026-03-29,ibm_fez,26,136.0679,108.3369,0.0004376,0.0004376,0.02421512,0.01806641,24.0,24.0,68.0
2026-03-29,ibm_fez,27,132.0064,134.5612,0.00386749,0.00386749,1.0,0.01635742,24.0,24.0,68.0
2026-03-29,ibm_fez,28,179.849,163.0132,0.00019059,0.00019059,0.00364199,0.01416016,24.0,24.0,68.0
2026-03-29,ibm_fez,29,161.6538,51.1253,0.00024318,0.00024318,0.00251773,0.0144043,24.0,24.0,68.0
2026-03-29,ibm_fez,30,176.9193,130.7744,0.00029481,0.00029481,0.00301485,0.00927734,24.0,24.0,68.0
2026-03-29,ibm_fez,31,63.0351,42.3203,0.00053827,0.00053827,0.04754658,0.01171875,24.0,24.0,68.0
2026-03-29,ibm_fez,32,143.3463,152.5057,0.00029618,0.00029618,1.0,0.02880859,24.0,24.0,68.0
2026-03-29,ibm_fez,33,130.6956,88.9936,0.00025967,0.00025967,0.00236081,0.01879883,24.0,24.0,68.0
2026-03-29,ibm_fez,34,161.3554,78.674,0.00052862,0.00052862,0.00178264,0.00976562,24.0,24.0,68.0
2026-03-29,ibm_fez,35,138.667,51.1479,0.00019871,0.00019871,,0.01391602,24.0,24.0,
2026-03-29,ibm_fez,36,156.493,143.3314,0.00037738,0.00037738,,0.00756836,24.0,24.0,
2026-03-29,ibm_fez,37,140.8913,129.2329,0.00020865,0.00020865,,0.01416016,24.0,24.0,
2026-03-29,ibm_fez,38,101.8256,133.9557,0.0002208,0.0002208,,0.01098633,24.0,24.0,
2026-03-29,ibm_fez,39,143.6902,137.9738,0.000383,0.000383,,0.01538086,24.0,24.0,
2026-03-28,ibm_fez,20,165.0108,176.2342,0.00069851,0.00069851,0.00479967,0.01171875,24.0,24.0,68.0
2026-03-28,ibm_fez,21,206.9676,175.7108,0.00020131,0.00020131,0.00269104,0.01025391,24.0,24.0,68.0
2026-03-28,ibm_fez,22,165.272,113.1252,0.0002399,0.0002399,0.00186983,0.0078125,24.0,24.0,68.0
2026-03-28,ibm_fez,23,201.2468,179.2034,0.00018601,0.00018601,0.00974498,0.00854492,24.0,24.0,68.0
2026-03-28,ibm_fez,24,139.0869,121.4106,0.00155355,0.00155355,0.02553464,0.01586914,24.0,24.0,68.0
2026-03-28,ibm_fez,25,145.6934,97.5189,0.00023973,0.00023973,0.00214134,0.03173828,24.0,24.0,68.0
2026-03-28,ibm_fez,26,170.9847,106.172,0.00027292,0.00027292,0.026868,0.01733398,24.0,24.0,68.0
2026-03-28,ibm_fez,27,137.3219,133.9765,0.00584084,0.00584084,1.0,0.01757812,24.0,24.0,68.0
2026-03-28,ibm_fez,28,174.2849,186.1489,0.00034346,0.00034346,0.03440773,0.00756836,24.0,24.0,68.0
2026-03-28,ibm_fez,29,167.1276,49.6052,0.00022579,0.00022579,0.02998485,0.01367188,24.0,24.0,68.0
2026-03-28,ibm_fez,30,157.6167,119.5965,0.00027544,0.00027544,0.00262146,0.01098633,24.0,24.0,68.0
2026-03-28,ibm_fez,31,156.699,54.9555,0.00062248,0.00062248,0.03738759,0.01538086,24.0,24.0,68.0
2026-03-28,ibm_fez,32,136.1915,121.7427,0.00033678,0.00033678,1.0,0.03540039,24.0,24.0,68.0
2026-03-28,ibm_fez,33,162.0916,170.0659,0.00026386,0.00026386,0.00226064,0.01635742,24.0,24.0,68.0
2026-03-28,ibm_fez,34,165.7828,71.78,0.00051328,0.00051328,0.00168515,0.01025391,24.0,24.0,68.0
2026-03-28,ibm_fez,35,134.6319,37.8147,0.00023104,0.00023104,,0.01196289,24.0,24.0,
2026-03-28,ibm_fez,36,158.545,152.7865,0.00056895,0.00056895,,0.00561523,24.0,24.0,
2026-03-28,ibm_fez,37,152.2113,155.7171,0.00019611,0.00019611,,0.01293945,24.0,24.0,
2026-03-28,ibm_fez,38,148.9411,168.8856,0.00017046,0.00017046,,0.01000977,24.0,24.0,
2026-03-28,ibm_fez,39,107.9789,134.2851,0.00068526,0.00068526,,0.01635742,24.0,24.0,
2026-03-27,ibm_fez,20,225.3763,268.2316,0.00025571,0.00025571,0.00409247,0.01049805,24.0,24.0,68.0
2026-03-27,ibm_fez,21,187.2166,184.1635,0.00016022,0.00016022,0.00367515,0.00927734,24.0,24.0,68.0
2026-03-27,ibm_fez,22,148.8733,104.8032,0.00023382,0.00023382,0.00148964,0.00878906,24.0,24.0,68.0
2026-03-27,ibm_fez,23,189.6794,172.0487,0.00018558,0.00018558,0.01684302,0.00610352,24.0,24.0,68.0
2026-03-27,ibm_fez,24,98.1757,74.7188,0.00190488,0.00190488,0.05090596,0.0144043,24.0,24.0,68.0
2026-03-27,ibm_fez,25,266.3367,164.2917,0.0001575,0.0001575,0.00237539,0.02026367,24.0,24.0,68.0
2026-03-27,ibm_fez,26,147.9008,106.0259,0.00031013,0.00031013,0.02095657,0.01660156,24.0,24.0,68.0
2026-03-27,ibm_fez,27,111.7601,133.5739,0.00377685,0.00377685,1.0,0.01855469,24.0,24.0,68.0
2026-03-27,ibm_fez,28,112.8485,145.1084,0.00031132,0.00031132,0.00378304,0.00634766,24.0,24.0,68.0
2026-03-27,ibm_fez,29,183.3614,50.6518,0.00027815,0.00027815,0.00219908,0.01123047,24.0,24.0,68.0
2026-03-27,ibm_fez,30,180.2819,140.7614,0.00020026,0.00020026,0.00217427,0.00805664,24.0,24.0,68.0
2026-03-27,ibm_fez,31,208.1663,99.0949,0.00044539,0.00044539,0.04133087,0.01464844,24.0,24.0,68.0
2026-03-27,ibm_fez,32,167.2882,174.1857,0.00022955,0.00022955,1.0,0.03271484,24.0,24.0,68.0
2026-03-27,ibm_fez,33,85.0614,140.1596,0.00023029,0.00023029,0.00295489,0.01782227,24.0,24.0,68.0
2026-03-27,ibm_fez,34,138.1355,76.0271,0.00055568,0.00055568,0.00220354,0.01025391,24.0,24.0,68.0
2026-03-27,ibm_fez,35,58.1588,31.5593,0.00230166,0.00230166,,0.01733398,24.0,24.0,
2026-03-27,ibm_fez,36,111.2818,89.9749,0.0007082,0.0007082,,0.0065918,24.0,24.0,
2026-03-27,ibm_fez,37,175.641,188.5027,0.00035561,0.00035561,,0.01220703,24.0,24.0,
2026-03-27,ibm_fez,38,96.3801,117.4198,0.00030726,0.00030726,,0.01098633,24.0,24.0,
2026-03-27,ibm_fez,39,139.8471,195.8707,0.00057011,0.00057011,,0.01489258,24.0,24.0,
2026-03-26,ibm_fez,20,152.1842,165.7762,0.00046205,0.00046205,0.0034416,0.01293945,24.0,24.0,68.0
2026-03-26,ibm_fez,21,200.3078,171.5791,0.00025289,0.00025289,0.00450091,0.01318359,24.0,24.0,68.0
2026-03-26,ibm_fez,22,185.1203,124.3176,0.00030706,0.00030706,0.00218233,0.00939941,24.0,24.0,68.0
2026-03-26,ibm_fez,23,182.9233,173.7896,0.00025414,0.00025414,0.01800805,0.00854492,24.0,24.0,68.0
2026-03-26,ibm_fez,24,160.5528,145.083,0.00277924,0.00277924,0.04744429,0.02294922,24.0,24.0,68.0
2026-03-26,ibm_fez,25,188.2095,116.186,0.00018978,0.00018978,0.00191449,0.02856445,24.0,24.0,68.0
2026-03-26,ibm_fez,26,193.1597,111.9432,0.00034321,0.00034321,0.02394586,0.01794434,24.0,24.0,68.0
2026-03-26,ibm_fez,27,115.0709,136.0953,0.00546481,0.00546481,1.0,0.02026367,24.0,24.0,68.0
2026-03-26,ibm_fez,28,223.9933,212.4259,0.00035181,0.00035181,0.003704,0.00793457,24.0,24.0,68.0
2026-03-26,ibm_fez,29,114.0634,41.1463,0.00028233,0.00028233,0.00241977,0.01367188,24.0,24.0,68.0
2026-03-26,ibm_fez,30,124.617,115.0957,0.00027753,0.00027753,0.00428211,0.00866699,24.0,24.0,68.0
2026-03-26,ibm_fez,31,119.7286,64.0449,0.00039683,0.00039683,0.04464744,0.02099609,24.0,24.0,68.0
2026-03-26,ibm_fez,32,149.2446,120.0451,0.00032271,0.00032271,1.0,0.02807617,24.0,24.0,68.0
2026-03-26,ibm_fez,33,193.5032,154.1459,0.00024428,0.00024428,0.00249264,0.02233887,24.0,24.0,68.0
2026-03-26,ibm_fez,34,112.1756,64.9673,0.00043714,0.00043714,0.00260077,0.01904297,24.0,24.0,68.0
2026-03-26,ibm_fez,35,56.7899,20.551,0.00080433,0.00080433,,0.01550293,24.0,24.0,
2026-03-26,ibm_fez,36,213.2402,176.9501,0.00020196,0.00020196,,0.00695801,24.0,24.0,
2026-03-26,ibm_fez,37,139.6886,123.2923,0.00023921,0.00023921,,0.0333252,24.0,24.0,
2026-03-26,ibm_fez,38,112.2551,127.125,0.00022833,0.00022833,,0.0090332,24.0,24.0,
2026-03-26,ibm_fez,39,184.5726,195.5316,0.00053742,0.00053742,,0.015625,24.0,24.0,
2026-03-25,ibm_fez,20,163.1477,177.3677,0.00033715,0.00033715,0.00247167,0.01196289,24.0,24.0,68.0
2026-03-25,ibm_fez,21,243.6539,175.9188,0.00033997,0.00033997,0.0026175,0.01098633,24.0,24.0,68.0
2026-03-25,ibm_fez,22,83.7572,79.5442,0.000267,0.000267,0.00181166,0.00415039,24.0,24.0,68.0
2026-03-25,ibm_fez,23,234.4031,220.8718,0.00016067,0.00016067,0.00879408,0.00610352,24.0,24.0,68.0
2026-03-25,ibm_fez,24,125.6598,129.9866,0.00181562,0.00181562,0.03060374,0.02075195,24.0,24.0,68.0
2026-03-25,ibm_fez,25,140.9584,119.1188,0.00020363,0.00020363,0.002503,0.02294922,24.0,24.0,68.0
2026-03-25,ibm_fez,26,154.037,119.0836,0.0003265,0.0003265,0.03078932,0.015625,24.0,24.0,68.0
2026-03-25,ibm_fez,27,140.4154,146.2941,0.00385881,0.00385881,1.0,0.01904297,24.0,24.0,68.0
2026-03-25,ibm_fez,28,126.1706,154.0877,0.00019869,0.00019869,0.00362982,0.01025391,24.0,24.0,68.0
2026-03-25,ibm_fez,29,165.8272,35.7877,0.0002761,0.0002761,0.00216863,0.01611328,24.0,24.0,68.0
2026-03-25,ibm_fez,30,139.0919,124.8885,0.00041574,0.00041574,0.00296737,0.02246094,24.0,24.0,68.0
2026-03-25,ibm_fez,31,241.2249,66.6365,0.00049523,0.00049523,0.04295299,0.01049805,24.0,24.0,68.0
2026-03-25,ibm_fez,32,82.3924,122.8196,0.0002903,0.0002903,1.0,0.04541016,24.0,24.0,68.0
2026-03-25,ibm_fez,33,179.5979,158.0876,0.00016409,0.00016409,0.00242898,0.01953125,24.0,24.0,68.0
2026-03-25,ibm_fez,34,212.3111,101.4684,0.00069365,0.00069365,0.00264545,0.01220703,24.0,24.0,68.0
2026-03-25,ibm_fez,35,168.576,43.9188,0.00026673,0.00026673,,0.01513672,24.0,24.0,
2026-03-25,ibm_fez,36,125.3176,114.4499,0.00040648,0.00040648,,0.00805664,24.0,24.0,
2026-03-25,ibm_fez,37,139.2428,184.2887,0.00030223,0.00030223,,0.01245117,24.0,24.0,
2026-03-25,ibm_fez,38,64.2297,88.0055,0.00035029,0.00035029,,0.01269531,24.0,24.0,
2026-03-25,ibm_fez,39,175.7083,195.6156,0.00059347,0.00059347,,0.01757812,24.0,24.0,
2026-03-24,ibm_fez,20,223.5435,231.0179,0.00034861,0.00034861,0.00256537,0.01367188,24.0,24.0,68.0
2026-03-24,ibm_fez,21,109.1397,117.0676,0.00018808,0.00018808,0.00277077,0.01049805,24.0,24.0,68.0
2026-03-24,ibm_fez,22,177.2497,122.9151,0.00023459,0.00023459,0.0013968,0.0090332,24.0,24.0,68.0
2026-03-24,ibm_fez,23,167.8426,175.1377,0.00013092,0.00013092,0.00306084,0.00561523,24.0,24.0,68.0
2026-03-24,ibm_fez,24,200.815,194.0979,0.00055348,0.00055348,0.01497677,0.02612305,24.0,24.0,68.0
2026-03-24,ibm_fez,25,103.6824,94.3856,0.00026308,0.00026308,0.00233009,0.02636719,24.0,24.0,68.0
2026-03-24,ibm_fez,26,124.5337,95.0821,0.0002093,0.0002093,0.02708763,0.01757812,24.0,24.0,68.0
2026-03-24,ibm_fez,27,90.3783,89.2434,0.00563744,0.00563744,1.0,0.0168457,24.0,24.0,68.0
2026-03-24,ibm_fez,28,126.1142,141.5428,0.00023759,0.00023759,0.00362703,0.0090332,24.0,24.0,68.0
2026-03-24,ibm_fez,29,206.9491,50.9834,0.00021327,0.00021327,0.00214163,0.015625,24.0,24.0,68.0
2026-03-24,ibm_fez,30,137.2001,106.6545,0.00025408,0.00025408,0.00352709,0.01318359,24.0,24.0,68.0
2026-03-24,ibm_fez,31,162.7026,96.4702,0.00062335,0.00062335,0.03039134,0.02709961,24.0,24.0,68.0
2026-03-24,ibm_fez,32,142.1448,108.8279,0.00027211,0.00027211,1.0,0.03149414,24.0,24.0,68.0
2026-03-24,ibm_fez,33,126.2212,118.9953,0.00030664,0.00030664,0.00310458,0.02319336,24.0,24.0,68.0
2026-03-24,ibm_fez,34,148.8249,70.9867,0.00058255,0.00058255,0.00198144,0.01293945,24.0,24.0,68.0
2026-03-24,ibm_fez,35,142.9446,39.6924,0.00027056,0.00027056,,0.0144043,24.0,24.0,
2026-03-24,ibm_fez,36,125.1647,116.1785,0.00030441,0.00030441,,0.00830078,24.0,24.0,
2026-03-24,ibm_fez,37,178.7033,158.7033,0.00023465,0.00023465,,0.01342773,24.0,24.0,
2026-03-24,ibm_fez,38,78.3245,89.6242,0.00033841,0.00033841,,0.00927734,24.0,24.0,
2026-03-24,ibm_fez,39,114.0261,117.76,0.00062374,0.00062374,,0.01635742,24.0,24.0,
2026-03-23,ibm_fez,20,188.4947,160.8248,0.00024297,0.00024297,0.00434787,0.01257324,24.0,24.0,68.0
2026-03-23,ibm_fez,21,107.0994,62.9936,0.00039752,0.00039752,0.00410128,0.00952148,24.0,24.0,68.0
2026-03-23,ibm_fez,22,185.6871,137.6446,0.00033853,0.00033853,0.00146535,0.00512695,24.0,24.0,68.0
2026-03-23,ibm_fez,23,179.7254,134.5522,0.00019385,0.00019385,0.01257198,0.00524902,24.0,24.0,68.0
2026-03-23,ibm_fez,24,167.0455,171.5159,0.00288307,0.00288307,0.04620766,0.01733398,24.0,24.0,68.0
2026-03-23,ibm_fez,25,112.0922,100.0164,0.000205,0.000205,0.00236807,0.02026367,24.0,24.0,68.0
2026-03-23,ibm_fez,26,81.1608,71.2292,0.00027085,0.00027085,0.02282644,0.01940918,24.0,24.0,68.0
2026-03-23,ibm_fez,27,107.9991,126.048,0.00441838,0.00441838,1.0,0.02587891,24.0,24.0,68.0
2026-03-23,ibm_fez,28,170.2349,176.5733,0.00029869,0.00029869,0.0041315,0.00732422,24.0,24.0,68.0
2026-03-23,ibm_fez,29,114.0286,39.0014,0.00024289,0.00024289,0.00207414,0.01623535,24.0,24.0,68.0
2026-03-23,ibm_fez,30,109.5432,101.5406,0.00036077,0.00036077,0.00261974,0.00830078,24.0,24.0,68.0
2026-03-23,ibm_fez,31,147.902,63.0861,0.00044296,0.00044296,0.04354783,0.02026367,24.0,24.0,68.0
2026-03-23,ibm_fez,32,131.1693,125.5168,0.00033754,0.00033754,1.0,0.02978516,24.0,24.0,68.0
2026-03-23,ibm_fez,33,149.7157,109.4963,0.00022068,0.00022068,0.00231419,0.0255127,24.0,24.0,68.0
2026-03-23,ibm_fez,34,140.7337,71.5154,0.00101992,0.00101992,0.00205105,0.01342773,24.0,24.0,68.0
2026-03-23,ibm_fez,35,181.3121,40.5604,0.00036998,0.00036998,,0.01416016,24.0,24.0,
2026-03-23,ibm_fez,36,141.5947,143.7086,0.00063647,0.00063647,,0.00708008,24.0,24.0,
2026-03-23,ibm_fez,37,96.485,105.0243,0.00019639,0.00019639,,0.01452637,24.0,24.0,
2026-03-23,ibm_fez,38,106.5909,127.0131,0.00035899,0.00035899,,0.01147461,24.0,24.0,
2026-03-23,ibm_fez,39,125.9872,148.1632,0.00042013,0.00042013,,0.01733398,24.0,24.0,
2026-03-22,ibm_fez,20,138.2202,163.215,0.00034768,0.00034768,0.00347244,0.02038574,24.0,24.0,68.0
2026-03-22,ibm_fez,21,77.5603,55.1302,0.00060923,0.00060923,0.00476902,0.0123291,24.0,24.0,68.0
2026-03-22,ibm_fez,22,111.86,101.5391,0.00021129,0.00021129,0.00213198,0.00500488,24.0,24.0,68.0
2026-03-22,ibm_fez,23,126.5826,107.8477,0.00016545,0.00016545,0.01174951,0.00585938,24.0,24.0,68.0
2026-03-22,ibm_fez,24,115.4187,123.1889,0.00185898,0.00185898,0.03930372,0.02197266,24.0,24.0,68.0
2026-03-22,ibm_fez,25,196.2203,119.8962,0.00022435,0.00022435,0.0023233,0.02246094,24.0,24.0,68.0
2026-03-22,ibm_fez,26,191.0558,114.5659,0.00024623,0.00024623,0.02722638,0.01647949,24.0,24.0,68.0
2026-03-22,ibm_fez,27,151.5495,166.0011,0.0042472,0.0042472,1.0,0.01867676,24.0,24.0,68.0
2026-03-22,ibm_fez,28,115.6076,86.1378,0.00021284,0.00021284,0.0041887,0.00976562,24.0,24.0,68.0
2026-03-22,ibm_fez,29,110.0211,36.2371,0.0002627,0.0002627,0.00219159,0.015625,24.0,24.0,68.0
2026-03-22,ibm_fez,30,159.434,137.065,0.00048718,0.00048718,0.00247851,0.01855469,24.0,24.0,68.0
2026-03-22,ibm_fez,31,92.7005,66.9628,0.00046845,0.00046845,0.03055533,0.01318359,24.0,24.0,68.0
2026-03-22,ibm_fez,32,134.419,134.3661,0.00029342,0.00029342,1.0,0.02844238,24.0,24.0,68.0
2026-03-22,ibm_fez,33,139.5457,119.6054,0.00022699,0.00022699,0.00334566,0.01757812,24.0,24.0,68.0
2026-03-22,ibm_fez,34,175.5554,87.0792,0.00056865,0.00056865,0.00289912,0.01257324,24.0,24.0,68.0
2026-03-22,ibm_fez,35,152.2546,41.6244,0.00032878,0.00032878,,0.01843262,24.0,24.0,
2026-03-22,ibm_fez,36,188.5189,168.4654,0.00063647,0.00063647,,0.00939941,24.0,24.0,
2026-03-22,ibm_fez,37,163.8457,167.6242,0.00064857,0.00064857,,0.01367188,24.0,24.0,
2026-03-22,ibm_fez,38,133.2028,171.0766,0.0002566,0.0002566,,0.01293945,24.0,24.0,
2026-03-22,ibm_fez,39,204.7869,245.5322,0.00042013,0.00042013,,0.01586914,24.0,24.0,
2026-03-21,ibm_fez,20,175.2426,232.2127,0.00016383,0.00016383,0.00413852,0.01586914,24.0,24.0,68.0
2026-03-21,ibm_fez,21,57.3992,71.1662,0.00022219,0.00022219,0.00318947,0.01025391,24.0,24.0,68.0
2026-03-21,ibm_fez,22,190.4275,136.7855,0.00016585,0.00016585,0.00137629,0.00463867,24.0,24.0,68.0
2026-03-21,ibm_fez,23,86.6241,59.4359,0.00016571,0.00016571,0.01154553,0.00524902,24.0,24.0,68.0
2026-03-21,ibm_fez,24,139.2472,155.2988,0.00191682,0.00191682,0.04391997,0.02502441,24.0,24.0,68.0
2026-03-21,ibm_fez,25,206.5649,144.849,0.00019199,0.00019199,0.00227202,0.02209473,24.0,24.0,68.0
2026-03-21,ibm_fez,26,122.854,103.6358,0.00022899,0.00022899,0.02242565,0.01501465,24.0,24.0,68.0
2026-03-21,ibm_fez,27,121.5764,121.3165,0.0042997,0.0042997,1.0,0.01586914,24.0,24.0,68.0
2026-03-21,ibm_fez,28,215.9032,202.9327,0.00035777,0.00035777,0.00334236,0.00866699,24.0,24.0,68.0
2026-03-21,ibm_fez,29,125.1252,44.9436,0.00024056,0.00024056,0.00355854,0.01660156,24.0,24.0,68.0
2026-03-21,ibm_fez,30,120.366,113.418,0.00059431,0.00059431,0.00437683,0.01184082,24.0,24.0,68.0
2026-03-21,ibm_fez,31,68.8661,42.1652,0.00039852,0.00039852,0.05424468,0.01904297,24.0,24.0,68.0
2026-03-21,ibm_fez,32,126.3001,118.6095,0.0002122,0.0002122,1.0,0.02941895,24.0,24.0,68.0
2026-03-21,ibm_fez,33,132.354,147.8951,0.00023771,0.00023771,0.00309205,0.03625488,24.0,24.0,68.0
2026-03-21,ibm_fez,34,70.4209,63.6288,0.00057406,0.00057406,0.00258352,0.01245117,24.0,24.0,68.0
2026-03-21,ibm_fez,35,145.2772,41.5277,0.00026721,0.00026721,,0.02526855,24.0,24.0,
2026-03-21,ibm_fez,36,109.3747,109.2354,0.00030274,0.00030274,,0.00842285,24.0,24.0,
2026-03-21,ibm_fez,37,109.1351,120.217,0.00043975,0.00043975,,0.0177002,24.0,24.0,
2026-03-21,ibm_fez,38,135.819,153.2597,0.00029293,0.00029293,,0.01782227,24.0,24.0,
2026-03-21,ibm_fez,39,190.2139,194.8363,0.00051731,0.00051731,,0.01525879,24.0,24.0,
2026-03-20,ibm_fez,20,174.5192,186.3348,0.00060336,0.00060336,0.00334722,0.01196289,24.0,24.0,68.0
2026-03-20,ibm_fez,21,226.6797,192.9037,0.00021599,0.00021599,0.00274695,0.01171875,24.0,24.0,68.0
2026-03-20,ibm_fez,22,225.4056,129.4235,0.00016906,0.00016906,0.00134014,0.00561523,24.0,24.0,68.0
2026-03-20,ibm_fez,23,133.2837,115.6638,0.00011639,0.00011639,0.01315773,0.00952148,24.0,24.0,68.0
2026-03-20,ibm_fez,24,93.6245,104.932,0.00315161,0.00315161,0.03687884,0.02990723,24.0,24.0,68.0
2026-03-20,ibm_fez,25,165.5415,130.7738,0.00021305,0.00021305,0.00219764,0.02453613,24.0,24.0,68.0
2026-03-20,ibm_fez,26,189.853,132.7918,0.00023553,0.00023553,0.02262759,0.01647949,24.0,24.0,68.0
2026-03-20,ibm_fez,27,38.8691,32.4741,0.00429678,0.00429678,1.0,0.01953125,24.0,24.0,68.0
2026-03-20,ibm_fez,28,119.5565,132.8705,0.00021085,0.00021085,0.00412102,0.00830078,24.0,24.0,68.0
2026-03-20,ibm_fez,29,114.483,41.8077,0.00018926,0.00018926,0.00194425,0.01428223,24.0,24.0,68.0
2026-03-20,ibm_fez,30,140.9894,115.239,0.00026978,0.00026978,0.00299057,0.0065918,24.0,24.0,68.0
2026-03-20,ibm_fez,31,190.7041,77.666,0.00031117,0.00031117,0.03828227,0.02111816,24.0,24.0,68.0
2026-03-20,ibm_fez,32,166.9329,136.0704,0.00026792,0.00026792,1.0,0.03979492,24.0,24.0,68.0
2026-03-20,ibm_fez,33,184.3388,130.4804,0.00024452,0.00024452,0.0026838,0.01525879,24.0,24.0,68.0
2026-03-20,ibm_fez,34,170.5566,81.6043,0.00048958,0.00048958,0.00180616,0.01013184,24.0,24.0,68.0
2026-03-20,ibm_fez,35,84.5177,25.2186,0.00029461,0.00029461,,0.0201416,24.0,24.0,
2026-03-20,ibm_fez,36,160.8604,164.4927,0.00043547,0.00043547,,0.00891113,24.0,24.0,
2026-03-20,ibm_fez,37,145.2544,169.5286,0.00034385,0.00034385,,0.0144043,24.0,24.0,
2026-03-20,ibm_fez,38,117.14,143.7085,0.0003067,0.0003067,,0.00964355,24.0,24.0,
2026-03-20,ibm_fez,39,109.302,128.0189,0.00044286,0.00044286,,0.01477051,24.0,24.0,
2026-03-19,ibm_fez,20,164.1483,181.1497,0.00043655,0.00043655,0.0038577,0.01098633,24.0,24.0,68.0
2026-03-19,ibm_fez,21,174.9321,133.4707,0.0002632,0.0002632,0.00285259,0.01147461,24.0,24.0,68.0
2026-03-19,ibm_fez,22,45.5759,58.4307,0.00018965,0.00018965,0.00205728,0.00268555,24.0,24.0,68.0
2026-03-19,ibm_fez,23,166.8599,158.5798,0.0002138,0.0002138,0.01711895,0.00488281,24.0,24.0,68.0
2026-03-19,ibm_fez,24,152.2857,10.2659,0.00248894,0.00248894,0.04864746,0.04418945,24.0,24.0,68.0
2026-03-19,ibm_fez,25,106.9192,71.0052,0.00016523,0.00016523,0.00235662,0.0246582,24.0,24.0,68.0
2026-03-19,ibm_fez,26,153.9061,106.9997,0.00037189,0.00037189,0.02147051,0.01928711,24.0,24.0,68.0
2026-03-19,ibm_fez,27,100.2351,107.8357,0.00485845,0.00485845,1.0,0.02783203,24.0,24.0,68.0
2026-03-19,ibm_fez,28,125.2053,99.4155,0.00023686,0.00023686,0.00410409,0.01245117,24.0,24.0,68.0
2026-03-19,ibm_fez,29,162.9787,45.8635,0.00018606,0.00018606,0.00222154,0.01855469,24.0,24.0,68.0
2026-03-19,ibm_fez,30,161.7184,146.9006,0.00023352,0.00023352,0.00263353,0.01074219,24.0,24.0,68.0
2026-03-19,ibm_fez,31,49.2257,37.3445,0.00048967,0.00048967,0.0309242,0.02563477,24.0,24.0,68.0
2026-03-19,ibm_fez,32,90.6142,99.7139,0.00029884,0.00029884,1.0,0.03417969,24.0,24.0,68.0
2026-03-19,ibm_fez,33,119.4074,107.672,0.00021631,0.00021631,0.00216805,0.03442383,24.0,24.0,68.0
2026-03-19,ibm_fez,34,150.4065,78.231,0.00041468,0.00041468,0.0023724,0.00854492,24.0,24.0,68.0
2026-03-19,ibm_fez,35,99.4928,39.597,0.00037178,0.00037178,,0.01489258,24.0,24.0,
2026-03-19,ibm_fez,36,180.0771,148.1359,0.00050679,0.00050679,,0.00732422,24.0,24.0,
2026-03-19,ibm_fez,37,157.0535,148.402,0.00021787,0.00021787,,0.00976562,24.0,24.0,
2026-03-19,ibm_fez,38,96.2154,123.0319,0.00032916,0.00032916,,0.01342773,24.0,24.0,
2026-03-19,ibm_fez,39,155.2787,177.2597,0.00051069,0.00051069,,0.01342773,24.0,24.0,
2026-03-18,ibm_fez,20,215.6715,249.6817,0.00033032,0.00033032,0.00294983,0.01269531,24.0,24.0,68.0
2026-03-18,ibm_fez,21,252.3242,185.6052,0.00029822,0.00029822,0.00253196,0.00952148,24.0,24.0,68.0
2026-03-18,ibm_fez,22,187.1423,138.5328,0.0001518,0.0001518,0.00217618,0.00439453,24.0,24.0,68.0
2026-03-18,ibm_fez,23,183.4539,165.1504,0.0002044,0.0002044,0.01520505,0.00756836,24.0,24.0,68.0
2026-03-18,ibm_fez,24,101.6013,96.0442,0.00115189,0.00115189,0.05472902,0.02539062,24.0,24.0,68.0
2026-03-18,ibm_fez,25,83.86,76.6869,0.00016794,0.00016794,0.00235034,0.02978516,24.0,24.0,68.0
2026-03-18,ibm_fez,26,147.3676,115.8708,0.00026319,0.00026319,0.02629824,0.01708984,24.0,24.0,68.0
2026-03-18,ibm_fez,27,112.867,126.0275,0.004521,0.004521,1.0,0.02612305,24.0,24.0,68.0
2026-03-18,ibm_fez,28,198.2443,201.0743,0.00019206,0.00019206,0.00378015,0.00952148,24.0,24.0,68.0
2026-03-18,ibm_fez,29,133.5895,46.8648,0.00016126,0.00016126,0.00250427,0.01416016,24.0,24.0,68.0
2026-03-18,ibm_fez,30,141.9053,113.1601,0.00022636,0.00022636,0.00557425,0.00708008,24.0,24.0,68.0
2026-03-18,ibm_fez,31,107.3438,66.2461,0.00042756,0.00042756,0.03228054,0.01367188,24.0,24.0,68.0
2026-03-18,ibm_fez,32,169.9039,173.712,0.00019882,0.00019882,1.0,0.0378418,24.0,24.0,68.0
2026-03-18,ibm_fez,33,115.3783,139.594,0.00020855,0.00020855,0.00241139,0.02685547,24.0,24.0,68.0
2026-03-18,ibm_fez,34,122.5199,58.8283,0.00077848,0.00077848,0.00245396,0.02197266,24.0,24.0,68.0
2026-03-18,ibm_fez,35,149.4341,37.0092,0.00024386,0.00024386,,0.01953125,24.0,24.0,
2026-03-18,ibm_fez,36,209.6478,158.7286,0.00041996,0.00041996,,0.0090332,24.0,24.0,
2026-03-18,ibm_fez,37,143.3659,134.253,0.00026086,0.00026086,,0.01733398,24.0,24.0,
2026-03-18,ibm_fez,38,116.2863,136.7348,0.00023023,0.00023023,,0.01171875,24.0,24.0,
2026-03-18,ibm_fez,39,134.7548,159.341,0.00046458,0.00046458,,0.01196289,24.0,24.0,
2026-03-17,ibm_fez,20,215.6715,249.6817,0.00033032,0.00033032,0.00294983,0.01269531,24.0,24.0,68.0
2026-03-17,ibm_fez,21,252.3242,185.6052,0.00029822,0.00029822,0.00253196,0.00952148,24.0,24.0,68.0
2026-03-17,ibm_fez,22,187.1423,138.5328,0.0001518,0.0001518,0.00217618,0.00439453,24.0,24.0,68.0
2026-03-17,ibm_fez,23,183.4539,165.1504,0.0002044,0.0002044,0.01520505,0.00756836,24.0,24.0,68.0
2026-03-17,ibm_fez,24,101.6013,96.0442,0.00115189,0.00115189,0.05472902,0.02539062,24.0,24.0,68.0
2026-03-17,ibm_fez,25,83.86,76.6869,0.00016794,0.00016794,0.00235034,0.02978516,24.0,24.0,68.0
2026-03-17,ibm_fez,26,147.3676,115.8708,0.00026319,0.00026319,0.02629824,0.01708984,24.0,24.0,68.0
2026-03-17,ibm_fez,27,112.867,126.0275,0.004521,0.004521,1.0,0.02612305,24.0,24.0,68.0
2026-03-17,ibm_fez,28,198.2443,201.0743,0.00019206,0.00019206,0.00378015,0.00952148,24.0,24.0,68.0
2026-03-17,ibm_fez,29,133.5895,46.8648,0.00016126,0.00016126,0.00250427,0.01416016,24.0,24.0,68.0
2026-03-17,ibm_fez,30,141.9053,113.1601,0.00022636,0.00022636,0.00557425,0.00708008,24.0,24.0,68.0
2026-03-17,ibm_fez,31,107.3438,66.2461,0.00042756,0.00042756,0.03228054,0.01367188,24.0,24.0,68.0
2026-03-17,ibm_fez,32,169.9039,173.712,0.00019882,0.00019882,1.0,0.0378418,24.0,24.0,68.0
2026-03-17,ibm_fez,33,115.3783,139.594,0.00020855,0.00020855,0.00241139,0.02685547,24.0,24.0,68.0
2026-03-17,ibm_fez,34,122.5199,58.8283,0.00077848,0.00077848,0.00245396,0.02197266,24.0,24.0,68.0
2026-03-17,ibm_fez,35,149.4341,37.0092,0.00024386,0.00024386,,0.01953125,24.0,24.0,
2026-03-17,ibm_fez,36,209.6478,158.7286,0.00041996,0.00041996,,0.0090332,24.0,24.0,
2026-03-17,ibm_fez,37,143.3659,134.253,0.00026086,0.00026086,,0.01733398,24.0,24.0,
2026-03-17,ibm_fez,38,116.2863,136.7348,0.00023023,0.00023023,,0.01171875,24.0,24.0,
2026-03-17,ibm_fez,39,134.7548,159.341,0.00046458,0.00046458,,0.01196289,24.0,24.0,
2026-03-16,ibm_fez,20,184.5032,226.4033,0.0003088,0.0003088,0.00687622,0.01879883,24.0,24.0,68.0
2026-03-16,ibm_fez,21,141.0989,116.7829,0.00032769,0.00032769,0.00403933,0.01049805,24.0,24.0,68.0
2026-03-16,ibm_fez,22,66.323,68.3209,0.00041316,0.00041316,0.00338382,0.00854492,24.0,24.0,68.0
2026-03-16,ibm_fez,23,251.481,240.2427,0.00016655,0.00016655,0.00367512,0.00708008,24.0,24.0,68.0
2026-03-16,ibm_fez,24,155.0965,177.4301,0.00071216,0.00071216,0.01612852,0.02587891,24.0,24.0,68.0
2026-03-16,ibm_fez,25,162.2109,110.235,0.0002748,0.0002748,0.00213875,0.03076172,24.0,24.0,68.0
2026-03-16,ibm_fez,26,147.1991,106.219,0.00023518,0.00023518,0.02205318,0.01464844,24.0,24.0,68.0
2026-03-16,ibm_fez,27,70.7484,56.9571,0.00409845,0.00409845,1.0,0.01586914,24.0,24.0,68.0
2026-03-16,ibm_fez,28,153.8322,144.1303,0.0004605,0.0004605,0.00408124,0.01147461,24.0,24.0,68.0
2026-03-16,ibm_fez,29,185.0066,85.9839,0.00025685,0.00025685,0.0022749,0.01635742,24.0,24.0,68.0
2026-03-16,ibm_fez,30,204.8472,153.7852,0.00021941,0.00021941,0.0031185,0.01000977,24.0,24.0,68.0
2026-03-16,ibm_fez,31,167.2042,81.5723,0.00055315,0.00055315,0.0416605,0.01782227,24.0,24.0,68.0
2026-03-16,ibm_fez,32,103.7503,113.4886,0.00023877,0.00023877,1.0,0.02832031,24.0,24.0,68.0
2026-03-16,ibm_fez,33,130.8544,123.6512,0.00019777,0.00019777,0.00219969,0.01782227,24.0,24.0,68.0
2026-03-16,ibm_fez,34,175.9593,76.9947,0.00032681,0.00032681,0.00518962,0.01318359,24.0,24.0,68.0
2026-03-16,ibm_fez,35,165.1691,38.2754,0.00055053,0.00055053,,0.01611328,24.0,24.0,
2026-03-16,ibm_fez,36,189.3903,169.0473,0.00032306,0.00032306,,0.01098633,24.0,24.0,
2026-03-16,ibm_fez,37,90.6206,111.2902,0.00022129,0.00022129,,0.03686523,24.0,24.0,
2026-03-16,ibm_fez,38,87.4325,109.7465,0.00023754,0.00023754,,0.01171875,24.0,24.0,
2026-03-16,ibm_fez,39,112.2105,120.7304,0.00060916,0.00060916,,0.01513672,24.0,24.0,
2026-03-15,ibm_fez,20,151.8886,180.2116,0.00033699,0.00033699,0.0057526,0.0144043,24.0,24.0,68.0
2026-03-15,ibm_fez,21,305.0334,201.5441,0.00032717,0.00032717,0.00250554,0.01013184,24.0,24.0,68.0
2026-03-15,ibm_fez,22,101.7289,112.3211,0.00021505,0.00021505,0.00157936,0.00952148,24.0,24.0,68.0
2026-03-15,ibm_fez,23,223.3487,200.7294,0.00015413,0.00015413,0.00838432,0.0065918,24.0,24.0,68.0
2026-03-15,ibm_fez,24,145.9876,144.0697,0.00163057,0.00163057,0.02336256,0.02270508,24.0,24.0,68.0
2026-03-15,ibm_fez,25,185.8845,117.717,0.00019827,0.00019827,0.00250108,0.0291748,24.0,24.0,68.0
2026-03-15,ibm_fez,26,188.683,120.5097,0.00043557,0.00043557,0.02638156,0.01867676,24.0,24.0,68.0
2026-03-15,ibm_fez,27,143.9075,136.958,0.00412389,0.00412389,1.0,0.08007812,24.0,24.0,68.0
2026-03-15,ibm_fez,28,167.3532,163.2307,0.00029793,0.00029793,0.003804,0.00646973,24.0,24.0,68.0
2026-03-15,ibm_fez,29,133.6043,48.0626,0.00022743,0.00022743,0.00223791,0.01574707,24.0,24.0,68.0
2026-03-15,ibm_fez,30,215.7661,143.9041,0.00017234,0.00017234,0.00311983,0.00964355,24.0,24.0,68.0
2026-03-15,ibm_fez,31,155.9762,69.5818,0.00048843,0.00048843,0.05314237,0.01367188,24.0,24.0,68.0
2026-03-15,ibm_fez,32,107.203,131.0378,0.00028935,0.00028935,1.0,0.03320312,24.0,24.0,68.0
2026-03-15,ibm_fez,33,125.9108,114.3027,0.00024427,0.00024427,0.00248622,0.01721191,24.0,24.0,68.0
2026-03-15,ibm_fez,34,208.1807,88.8121,0.00052734,0.00052734,0.0056804,0.01428223,24.0,24.0,68.0
2026-03-15,ibm_fez,35,120.3542,32.2995,0.00036434,0.00036434,,0.01977539,24.0,24.0,
2026-03-15,ibm_fez,36,159.0027,144.6662,0.00053311,0.00053311,,0.00915527,24.0,24.0,
2026-03-15,ibm_fez,37,117.1651,116.3058,0.00025451,0.00025451,,0.01306152,24.0,24.0,
2026-03-15,ibm_fez,38,69.5876,83.9973,0.00031709,0.00031709,,0.00744629,24.0,24.0,
2026-03-15,ibm_fez,39,110.4997,141.784,0.00069593,0.00069593,,0.01806641,24.0,24.0,
2026-03-14,ibm_fez,20,170.116,208.4264,0.0003508,0.0003508,0.00261115,0.01525879,24.0,24.0,68.0
2026-03-14,ibm_fez,21,195.4385,98.3927,0.00031461,0.00031461,0.00215445,0.01013184,24.0,24.0,68.0
2026-03-14,ibm_fez,22,144.3022,121.4944,0.00023228,0.00023228,0.00155383,0.00708008,24.0,24.0,68.0
2026-03-14,ibm_fez,23,222.5325,228.7005,0.00020059,0.00020059,0.01453395,0.0045166,24.0,24.0,68.0
2026-03-14,ibm_fez,24,138.2736,108.3721,0.0017699,0.0017699,0.03806436,0.02246094,24.0,24.0,68.0
2026-03-14,ibm_fez,25,140.2802,105.1,0.00019827,0.00019827,0.00201772,0.02307129,24.0,24.0,68.0
2026-03-14,ibm_fez,26,92.7223,83.797,0.00030007,0.00030007,0.02148721,0.01623535,24.0,24.0,68.0
2026-03-14,ibm_fez,27,110.3142,101.4238,0.00515024,0.00515024,1.0,0.02258301,24.0,24.0,68.0
2026-03-14,ibm_fez,28,48.294,41.9833,0.00031871,0.00031871,0.00347443,0.00805664,24.0,24.0,68.0
2026-03-14,ibm_fez,29,244.4539,57.045,0.00022309,0.00022309,0.00214686,0.0135498,24.0,24.0,68.0
2026-03-14,ibm_fez,30,165.7507,130.2423,0.00016468,0.00016468,0.00290679,0.00976562,24.0,24.0,68.0
2026-03-14,ibm_fez,31,166.4996,67.2142,0.00036212,0.00036212,0.03308991,0.0144043,24.0,24.0,68.0
2026-03-14,ibm_fez,32,140.9929,125.8946,0.00022416,0.00022416,1.0,0.02636719,24.0,24.0,68.0
2026-03-14,ibm_fez,33,144.4587,150.8484,0.00025082,0.00025082,0.00235635,0.01660156,24.0,24.0,68.0
2026-03-14,ibm_fez,34,213.8068,79.0037,0.00028164,0.00028164,0.0019397,0.00939941,24.0,24.0,68.0
2026-03-14,ibm_fez,35,170.2124,44.3692,0.00022845,0.00022845,,0.01501465,24.0,24.0,
2026-03-14,ibm_fez,36,163.73,148.468,0.00050124,0.00050124,,0.00708008,24.0,24.0,
2026-03-14,ibm_fez,37,107.4911,130.972,0.00023329,0.00023329,,0.01159668,24.0,24.0,
2026-03-14,ibm_fez,38,115.4521,130.8515,0.00024537,0.00024537,,0.01147461,24.0,24.0,
2026-03-14,ibm_fez,39,183.6857,208.1942,0.0004104,0.0004104,,0.01416016,24.0,24.0,
2026-03-13,ibm_fez,20,120.0986,138.4714,0.0004405,0.0004405,0.00690675,0.01293945,24.0,24.0,68.0
2026-03-13,ibm_fez,21,150.5465,142.4827,0.00026349,0.00026349,0.00246946,0.00915527,24.0,24.0,68.0
2026-03-13,ibm_fez,22,159.8073,127.0986,0.00020102,0.00020102,0.00192969,0.00415039,24.0,24.0,68.0
2026-03-13,ibm_fez,23,163.2572,193.2723,0.00012718,0.00012718,0.00366812,0.00500488,24.0,24.0,68.0
2026-03-13,ibm_fez,24,154.5738,159.4069,0.00066409,0.00066409,0.01903038,0.01403809,24.0,24.0,68.0
2026-03-13,ibm_fez,25,205.5401,129.7059,0.00020947,0.00020947,0.0031769,0.01916504,24.0,24.0,68.0
2026-03-13,ibm_fez,26,121.2109,90.4924,0.00027541,0.00027541,0.02329061,0.01257324,24.0,24.0,68.0
2026-03-13,ibm_fez,27,86.0355,96.12,0.00578466,0.00578466,1.0,0.02111816,24.0,24.0,68.0
2026-03-13,ibm_fez,28,162.185,151.5451,0.00020816,0.00020816,0.00361593,0.00793457,24.0,24.0,68.0
2026-03-13,ibm_fez,29,72.33,36.1074,0.00023185,0.00023185,0.00230912,0.02197266,24.0,24.0,68.0
2026-03-13,ibm_fez,30,150.7561,100.4688,0.00033517,0.00033517,0.00374897,0.01318359,24.0,24.0,68.0
2026-03-13,ibm_fez,31,105.1608,48.92,0.00057928,0.00057928,0.05645271,0.02404785,24.0,24.0,68.0
2026-03-13,ibm_fez,32,100.3639,94.8792,0.00022054,0.00022054,1.0,0.02734375,24.0,24.0,68.0
2026-03-13,ibm_fez,33,127.5669,87.2373,0.00020353,0.00020353,0.00314568,0.01733398,24.0,24.0,68.0
2026-03-13,ibm_fez,34,99.0485,43.0138,0.00054258,0.00054258,0.00281556,0.01306152,24.0,24.0,68.0
2026-03-13,ibm_fez,35,148.644,39.81,0.0003004,0.0003004,,0.01538086,24.0,24.0,
2026-03-13,ibm_fez,36,179.5619,158.6544,0.00069339,0.00069339,,0.00646973,24.0,24.0,
2026-03-13,ibm_fez,37,122.5107,98.8775,0.00025471,0.00025471,,0.01452637,24.0,24.0,
2026-03-13,ibm_fez,38,111.8399,135.1165,0.00024491,0.00024491,,0.00842285,24.0,24.0,
2026-03-13,ibm_fez,39,129.0905,158.9876,0.00062938,0.00062938,,0.01220703,24.0,24.0,
2026-03-12,ibm_fez,20,120.9406,135.5215,0.00074249,0.00074249,0.01415471,0.02416992,24.0,24.0,68.0
2026-03-12,ibm_fez,21,203.8655,149.0793,0.00024993,0.00024993,0.00322284,0.01538086,24.0,24.0,68.0
2026-03-12,ibm_fez,22,128.609,109.3703,0.00020083,0.00020083,0.00170866,0.00927734,24.0,24.0,68.0
2026-03-12,ibm_fez,23,206.359,193.9636,0.00019204,0.00019204,0.00395567,0.00830078,24.0,24.0,68.0
2026-03-12,ibm_fez,24,214.4391,198.9666,0.00082423,0.00082423,0.02184124,0.0168457,24.0,24.0,68.0
2026-03-12,ibm_fez,25,175.4917,139.6307,0.00043018,0.00043018,0.00344665,0.02416992,24.0,24.0,68.0
2026-03-12,ibm_fez,26,149.2223,101.2654,0.00026757,0.00026757,0.02395606,0.02758789,24.0,24.0,68.0
2026-03-12,ibm_fez,27,76.527,79.2392,0.00455743,0.00455743,1.0,0.02124023,24.0,24.0,68.0
2026-03-12,ibm_fez,28,53.4952,76.3636,0.0004054,0.0004054,0.00403803,0.0090332,24.0,24.0,68.0
2026-03-12,ibm_fez,29,109.8613,42.4872,0.00020234,0.00020234,0.00194022,0.02978516,24.0,24.0,68.0
2026-03-12,ibm_fez,30,134.9214,91.8773,0.00016114,0.00016114,0.00308474,0.00878906,24.0,24.0,68.0
2026-03-12,ibm_fez,31,126.6877,47.1996,0.00041891,0.00041891,0.06360643,0.01513672,24.0,24.0,68.0
2026-03-12,ibm_fez,32,77.9086,67.6473,0.00023883,0.00023883,1.0,0.02880859,24.0,24.0,68.0
2026-03-12,ibm_fez,33,137.0055,121.9208,0.0002225,0.0002225,0.00234965,0.02587891,24.0,24.0,68.0
2026-03-12,ibm_fez,34,169.3208,79.7735,0.00049997,0.00049997,0.00170569,0.00976562,24.0,24.0,68.0
2026-03-12,ibm_fez,35,153.8688,44.7873,0.00025914,0.00025914,,0.01660156,24.0,24.0,
2026-03-12,ibm_fez,36,107.9442,119.5163,0.00049641,0.00049641,,0.015625,24.0,24.0,
2026-03-12,ibm_fez,37,176.9715,218.0539,0.00019636,0.00019636,,0.01489258,24.0,24.0,
2026-03-12,ibm_fez,38,72.3235,73.5246,0.00021535,0.00021535,,0.01196289,24.0,24.0,
2026-03-12,ibm_fez,39,132.5158,160.1483,0.00062938,0.00062938,,0.01782227,24.0,24.0,
2026-03-11,ibm_fez,20,116.4483,123.762,0.0002844,0.0002844,0.00312693,0.01171875,24.0,24.0,68.0
2026-03-11,ibm_fez,21,196.0146,165.2766,0.00033936,0.00033936,0.00287849,0.01000977,24.0,24.0,68.0
2026-03-11,ibm_fez,22,189.6774,146.2919,0.00020435,0.00020435,0.00163661,0.00488281,24.0,24.0,68.0
2026-03-11,ibm_fez,23,266.3787,232.3007,0.00018499,0.00018499,0.00616651,0.00439453,24.0,24.0,68.0
2026-03-11,ibm_fez,24,101.2385,105.4058,0.00084237,0.00084237,0.02184888,0.01635742,24.0,24.0,68.0
2026-03-11,ibm_fez,25,217.7434,152.9692,0.00018811,0.00018811,0.00234299,0.02612305,24.0,24.0,68.0
2026-03-11,ibm_fez,26,114.0842,88.2368,0.00026034,0.00026034,0.0231683,0.02075195,24.0,24.0,68.0
2026-03-11,ibm_fez,27,116.2414,137.434,0.00429797,0.00429797,1.0,0.02197266,24.0,24.0,68.0
2026-03-11,ibm_fez,28,155.966,132.0196,0.00020321,0.00020321,0.00507337,0.00878906,24.0,24.0,68.0
2026-03-11,ibm_fez,29,127.398,43.7476,0.00089532,0.00089532,0.00293658,0.03344727,24.0,24.0,68.0
2026-03-11,ibm_fez,30,111.162,96.6423,0.00024221,0.00024221,0.00271095,0.00976562,24.0,24.0,68.0
2026-03-11,ibm_fez,31,152.3834,55.6668,0.00042314,0.00042314,0.05695706,0.01123047,24.0,24.0,68.0
2026-03-11,ibm_fez,32,134.3018,103.867,0.00033277,0.00033277,1.0,0.04248047,24.0,24.0,68.0
2026-03-11,ibm_fez,33,137.0055,120.3273,0.00043617,0.00043617,0.00359347,0.03808594,24.0,24.0,68.0
2026-03-11,ibm_fez,34,207.7751,94.8087,0.00096258,0.00096258,0.00304633,0.0222168,24.0,24.0,68.0
2026-03-11,ibm_fez,35,162.8364,44.6361,0.00027161,0.00027161,,0.01586914,24.0,24.0,
2026-03-11,ibm_fez,36,100.1706,75.1583,0.00054397,0.00054397,,0.01660156,24.0,24.0,
2026-03-11,ibm_fez,37,141.4574,167.739,0.00034994,0.00034994,,0.01074219,24.0,24.0,
2026-03-11,ibm_fez,38,171.6242,209.1294,0.00025549,0.00025549,,0.0078125,24.0,24.0,
2026-03-11,ibm_fez,39,205.3784,226.1009,0.00034666,0.00034666,,0.02075195,24.0,24.0,
2026-03-10,ibm_fez,20,154.5131,156.2715,0.00024144,0.00024144,0.0084326,0.01049805,24.0,24.0,68.0
2026-03-10,ibm_fez,21,104.9058,121.4316,0.00017097,0.00017097,0.00262065,0.00830078,24.0,24.0,68.0
2026-03-10,ibm_fez,22,123.6745,101.7859,0.00030907,0.00030907,0.00147082,0.00610352,24.0,24.0,68.0
2026-03-10,ibm_fez,23,112.6497,200.4424,0.00019735,0.00019735,0.00430573,0.00732422,24.0,24.0,68.0
2026-03-10,ibm_fez,24,182.3136,63.1612,0.00071297,0.00071297,0.0211807,0.01538086,24.0,24.0,68.0
2026-03-10,ibm_fez,25,197.98,121.0691,0.00016741,0.00016741,0.00236843,0.01977539,24.0,24.0,68.0
2026-03-10,ibm_fez,26,97.8843,95.9754,0.00027241,0.00027241,0.02141764,0.01660156,24.0,24.0,68.0
2026-03-10,ibm_fez,27,116.406,120.2488,0.00401889,0.00401889,1.0,0.01831055,24.0,24.0,68.0
2026-03-10,ibm_fez,28,157.788,196.4305,0.0002526,0.0002526,0.00351262,0.00878906,24.0,24.0,68.0
2026-03-10,ibm_fez,29,133.6207,42.44,0.00026602,0.00026602,0.00220447,0.02807617,24.0,24.0,68.0
2026-03-10,ibm_fez,30,150.0176,125.3883,0.00035629,0.00035629,0.00265417,0.00732422,24.0,24.0,68.0
2026-03-10,ibm_fez,31,75.163,46.6252,0.0004609,0.0004609,0.05494448,0.01904297,24.0,24.0,68.0
2026-03-10,ibm_fez,32,104.3174,142.6845,0.00022794,0.00022794,1.0,0.03662109,24.0,24.0,68.0
2026-03-10,ibm_fez,33,95.5873,181.3201,0.00021296,0.00021296,0.00230011,0.01489258,24.0,24.0,68.0
2026-03-10,ibm_fez,34,124.2786,76.2663,0.00061402,0.00061402,0.00149503,0.00976562,24.0,24.0,68.0
2026-03-10,ibm_fez,35,123.1754,42.2269,0.00028786,0.00028786,,0.02075195,24.0,24.0,
2026-03-10,ibm_fez,36,185.6398,149.6377,0.0002981,0.0002981,,0.01196289,24.0,24.0,
2026-03-10,ibm_fez,37,67.322,122.1348,0.00034994,0.00034994,,0.01098633,24.0,24.0,
2026-03-10,ibm_fez,38,164.2584,164.3203,0.00036981,0.00036981,,0.00927734,24.0,24.0,
2026-03-10,ibm_fez,39,111.5343,123.7148,0.00030711,0.00030711,,0.01708984,24.0,24.0,
2026-03-09,ibm_fez,20,153.4856,156.2715,0.00041807,0.00041807,0.00296853,0.01049805,24.0,24.0,68.0
2026-03-09,ibm_fez,21,231.0151,157.7773,0.00017007,0.00017007,0.00393426,0.00830078,24.0,24.0,68.0
2026-03-09,ibm_fez,22,124.7892,101.7859,0.00022174,0.00022174,0.00420133,0.00610352,24.0,24.0,68.0
2026-03-09,ibm_fez,23,188.5071,165.4833,0.00017345,0.00017345,0.00481722,0.00732422,24.0,24.0,68.0
2026-03-09,ibm_fez,24,90.2831,63.1612,0.00120928,0.00120928,0.02207865,0.01538086,24.0,24.0,68.0
2026-03-09,ibm_fez,25,253.8206,150.3514,0.00027604,0.00027604,0.00358607,0.01977539,24.0,24.0,68.0
2026-03-09,ibm_fez,26,129.5135,95.9754,0.00024804,0.00024804,0.02412791,0.01660156,24.0,24.0,68.0
2026-03-09,ibm_fez,27,125.5595,159.7571,0.00339133,0.00339133,1.0,0.01831055,24.0,24.0,68.0
2026-03-09,ibm_fez,28,160.1326,196.4305,0.00074322,0.00074322,0.00339096,0.00878906,24.0,24.0,68.0
2026-03-09,ibm_fez,29,55.0458,29.0434,0.00026489,0.00026489,0.00278219,0.02807617,24.0,24.0,68.0
2026-03-09,ibm_fez,30,160.161,125.3883,0.00021864,0.00021864,0.00311157,0.00732422,24.0,24.0,68.0
2026-03-09,ibm_fez,31,65.0928,45.8702,0.00030039,0.00030039,0.03745394,0.01904297,24.0,24.0,68.0
2026-03-09,ibm_fez,32,158.4154,142.6845,0.00035636,0.00035636,1.0,0.03662109,24.0,24.0,68.0
2026-03-09,ibm_fez,33,96.4014,43.2272,0.00022179,0.00022179,0.0024187,0.01489258,24.0,24.0,68.0
2026-03-09,ibm_fez,34,120.4073,76.2663,0.00053026,0.00053026,0.00250413,0.00976562,24.0,24.0,68.0
2026-03-09,ibm_fez,35,143.0756,42.2175,0.00032662,0.00032662,,0.02075195,24.0,24.0,
2026-03-09,ibm_fez,36,140.289,149.6377,0.00111301,0.00111301,,0.01196289,24.0,24.0,
2026-03-09,ibm_fez,37,116.6628,122.1348,0.00028505,0.00028505,,0.01098633,24.0,24.0,
2026-03-09,ibm_fez,38,138.5647,164.3203,0.00027667,0.00027667,,0.00927734,24.0,24.0,
2026-03-09,ibm_fez,39,115.9358,123.7148,0.00043284,0.00043284,,0.01708984,24.0,24.0,
2026-03-08,ibm_fez,20,181.5227,171.8095,0.0002707,0.0002707,0.00388641,0.01196289,24.0,24.0,68.0
2026-03-08,ibm_fez,21,210.7012,150.3261,0.00029001,0.00029001,0.00227938,0.01147461,24.0,24.0,68.0
2026-03-08,ibm_fez,22,116.1584,99.0139,0.00017462,0.00017462,0.00165939,0.0057373,24.0,24.0,68.0
2026-03-08,ibm_fez,23,206.634,199.1315,0.00017822,0.00017822,0.00391363,0.00634766,24.0,24.0,68.0
2026-03-08,ibm_fez,24,90.2831,123.0178,0.00072403,0.00072403,0.01935915,0.01953125,24.0,24.0,68.0
2026-03-08,ibm_fez,25,169.0148,116.6914,0.00031024,0.00031024,0.00235075,0.02331543,24.0,24.0,68.0
2026-03-08,ibm_fez,26,133.7498,91.749,0.00027538,0.00027538,0.02386926,0.01660156,24.0,24.0,68.0
2026-03-08,ibm_fez,27,112.7599,143.9839,0.00465346,0.00465346,1.0,0.01940918,24.0,24.0,68.0
2026-03-08,ibm_fez,28,189.2783,98.727,0.00018228,0.00018228,0.00361219,0.00549316,24.0,24.0,68.0
2026-03-08,ibm_fez,29,175.7206,51.0604,0.00023097,0.00023097,0.00223627,0.01184082,24.0,24.0,68.0
2026-03-08,ibm_fez,30,110.0777,90.3198,0.00028103,0.00028103,0.00292866,0.01013184,24.0,24.0,68.0
2026-03-08,ibm_fez,31,107.6392,52.2174,0.00048122,0.00048122,0.03773868,0.01525879,24.0,24.0,68.0
2026-03-08,ibm_fez,32,59.4184,44.8487,0.00037352,0.00037352,1.0,0.03808594,24.0,24.0,68.0
2026-03-08,ibm_fez,33,96.1663,124.4626,0.00024648,0.00024648,0.00282087,0.01501465,24.0,24.0,68.0
2026-03-08,ibm_fez,34,91.3848,45.935,0.0006421,0.0006421,0.00155924,0.01062012,24.0,24.0,68.0
2026-03-08,ibm_fez,35,125.6839,30.1324,0.000247,0.000247,,0.02954102,24.0,24.0,
2026-03-08,ibm_fez,36,189.8582,176.5561,0.00091829,0.00091829,,0.0098877,24.0,24.0,
2026-03-08,ibm_fez,37,191.975,195.7773,0.00022947,0.00022947,,0.05187988,24.0,24.0,
2026-03-08,ibm_fez,38,162.988,186.6021,0.00031616,0.00031616,,0.0098877,24.0,24.0,
2026-03-08,ibm_fez,39,101.9285,121.6911,0.00027162,0.00027162,,0.0201416,24.0,24.0,
2026-03-07,ibm_fez,20,119.9818,141.2491,0.00028955,0.00028955,0.00372836,0.0098877,24.0,24.0,68.0
2026-03-07,ibm_fez,21,180.1804,175.0897,0.00040294,0.00040294,0.00212344,0.01489258,24.0,24.0,68.0
2026-03-07,ibm_fez,22,194.8658,75.5351,0.00022289,0.00022289,0.00152712,0.00524902,24.0,24.0,68.0
2026-03-07,ibm_fez,23,231.1455,217.8171,0.00020309,0.00020309,0.00408127,0.00463867,24.0,24.0,68.0
2026-03-07,ibm_fez,24,159.9702,166.6186,0.00076192,0.00076192,0.01996927,0.01660156,24.0,24.0,68.0
2026-03-07,ibm_fez,25,166.9439,129.657,0.00022769,0.00022769,0.0036833,0.0324707,24.0,24.0,68.0
2026-03-07,ibm_fez,26,153.1457,116.5144,0.00030977,0.00030977,0.02431268,0.01599121,24.0,24.0,68.0
2026-03-07,ibm_fez,27,121.0561,125.4968,0.00490345,0.00490345,1.0,0.15063477,24.0,24.0,68.0
2026-03-07,ibm_fez,28,189.2783,65.7215,0.00015324,0.00015324,0.00389555,0.0078125,24.0,24.0,68.0
2026-03-07,ibm_fez,29,136.959,41.2692,0.00021465,0.00021465,0.00215742,0.01416016,24.0,24.0,68.0
2026-03-07,ibm_fez,30,159.0375,133.097,0.00029379,0.00029379,0.00335977,0.00939941,24.0,24.0,68.0
2026-03-07,ibm_fez,31,53.6895,43.081,0.00059681,0.00059681,0.05681056,0.01733398,24.0,24.0,68.0
2026-03-07,ibm_fez,32,165.8733,105.2106,0.00024304,0.00024304,1.0,0.03112793,24.0,24.0,68.0
2026-03-07,ibm_fez,33,118.6729,97.7354,0.00020378,0.00020378,0.00221591,0.01843262,24.0,24.0,68.0
2026-03-07,ibm_fez,34,130.1616,45.2563,0.00050913,0.00050913,0.00172434,0.01086426,24.0,24.0,68.0
2026-03-07,ibm_fez,35,117.5731,41.4132,0.00032515,0.00032515,,0.0189209,24.0,24.0,
2026-03-07,ibm_fez,36,224.4361,185.5226,0.00035285,0.00035285,,0.00976562,24.0,24.0,
2026-03-07,ibm_fez,37,119.95,168.7364,0.00033062,0.00033062,,0.01391602,24.0,24.0,
2026-03-07,ibm_fez,38,123.4549,164.822,0.0003777,0.0003777,,0.01184082,24.0,24.0,
2026-03-07,ibm_fez,39,138.84,156.0876,0.00047706,0.00047706,,0.015625,24.0,24.0,
2026-03-06,ibm_fez,20,137.4576,167.7386,0.00028955,0.00028955,0.00372836,0.03015137,24.0,24.0,68.0
2026-03-06,ibm_fez,21,256.6816,222.3279,0.00040294,0.00040294,0.00212344,0.01062012,24.0,24.0,68.0
2026-03-06,ibm_fez,22,194.8658,127.827,0.00022289,0.00022289,0.00152712,0.00585938,24.0,24.0,68.0
2026-03-06,ibm_fez,23,236.7595,221.323,0.00020309,0.00020309,0.00408127,0.00476074,24.0,24.0,68.0
2026-03-06,ibm_fez,24,119.1511,140.1914,0.00076192,0.00076192,0.01996927,0.01611328,24.0,24.0,68.0
2026-03-06,ibm_fez,25,245.1458,148.7066,0.00022769,0.00022769,0.0036833,0.0246582,24.0,24.0,68.0
2026-03-06,ibm_fez,26,213.4834,126.0264,0.00030977,0.00030977,0.02431268,0.015625,24.0,24.0,68.0
2026-03-06,ibm_fez,27,116.5983,91.6556,0.00490345,0.00490345,1.0,0.01708984,24.0,24.0,68.0
2026-03-06,ibm_fez,28,189.2783,138.0921,0.00015324,0.00015324,0.00389555,0.00708008,24.0,24.0,68.0
2026-03-06,ibm_fez,29,219.2531,51.7387,0.00021465,0.00021465,0.00215742,0.01245117,24.0,24.0,68.0
2026-03-06,ibm_fez,30,159.7269,139.7062,0.00029379,0.00029379,0.00335977,0.0090332,24.0,24.0,68.0
2026-03-06,ibm_fez,31,109.0749,55.2403,0.00059681,0.00059681,0.05681056,0.01831055,24.0,24.0,68.0
2026-03-06,ibm_fez,32,157.2258,147.9077,0.00024304,0.00024304,1.0,0.03625488,24.0,24.0,68.0
2026-03-06,ibm_fez,33,151.3116,144.3396,0.00020378,0.00020378,0.00221591,0.01928711,24.0,24.0,68.0
2026-03-06,ibm_fez,34,130.1616,75.3604,0.00050913,0.00050913,0.00172434,0.01330566,24.0,24.0,68.0
2026-03-06,ibm_fez,35,134.8589,42.7038,0.00032515,0.00032515,,0.01757812,24.0,24.0,
2026-03-06,ibm_fez,36,197.5488,156.2572,0.00035285,0.00035285,,0.00854492,24.0,24.0,
2026-03-06,ibm_fez,37,164.9315,160.7151,0.00033062,0.00033062,,0.01367188,24.0,24.0,
2026-03-06,ibm_fez,38,148.9683,201.7606,0.0003777,0.0003777,,0.00915527,24.0,24.0,
2026-03-06,ibm_fez,39,201.3857,210.8481,0.00047706,0.00047706,,0.01745605,24.0,24.0,
2026-03-05,ibm_fez,20,128.9252,118.1039,0.0002454,0.0002454,0.00746024,0.02600098,24.0,24.0,68.0
2026-03-05,ibm_fez,21,149.614,114.5081,0.0002736,0.0002736,0.00225631,0.01159668,24.0,24.0,68.0
2026-03-05,ibm_fez,22,196.4086,46.8056,0.00017305,0.00017305,0.00170536,0.00634766,24.0,24.0,68.0
2026-03-05,ibm_fez,23,226.3254,203.5739,0.00018364,0.00018364,0.00395589,0.00488281,24.0,24.0,68.0
2026-03-05,ibm_fez,24,149.3043,156.7109,0.00066758,0.00066758,0.01814892,0.01757812,24.0,24.0,68.0
2026-03-05,ibm_fez,25,191.479,108.4627,0.00019247,0.00019247,0.0023768,0.02197266,24.0,24.0,68.0
2026-03-05,ibm_fez,26,156.5359,107.5317,0.00021897,0.00021897,0.0224379,0.015625,24.0,24.0,68.0
2026-03-05,ibm_fez,27,88.4164,59.697,0.00333824,0.00333824,1.0,0.01831055,24.0,24.0,68.0
2026-03-05,ibm_fez,28,113.2708,108.2604,0.00019745,0.00019745,0.00379396,0.00793457,24.0,24.0,68.0
2026-03-05,ibm_fez,29,205.1167,52.3545,0.00017671,0.00017671,0.00222709,0.01452637,24.0,24.0,68.0
2026-03-05,ibm_fez,30,126.0221,116.6044,0.00027677,0.00027677,0.00289224,0.0078125,24.0,24.0,68.0
2026-03-05,ibm_fez,31,178.1584,67.521,0.00072079,0.00072079,0.03130156,0.0168457,24.0,24.0,68.0
2026-03-05,ibm_fez,32,147.8781,131.1725,0.00026908,0.00026908,1.0,0.03552246,24.0,24.0,68.0
2026-03-05,ibm_fez,33,112.5212,107.1098,0.00021411,0.00021411,0.00208543,0.01696777,24.0,24.0,68.0
2026-03-05,ibm_fez,34,169.8117,79.2208,0.00047613,0.00047613,0.00171686,0.01586914,24.0,24.0,68.0
2026-03-05,ibm_fez,35,152.4833,46.3522,0.00021729,0.00021729,,0.015625,24.0,24.0,
2026-03-05,ibm_fez,36,197.0662,175.8395,0.00055001,0.00055001,,0.01000977,24.0,24.0,
2026-03-05,ibm_fez,37,107.1754,113.9104,0.00030291,0.00030291,,0.00964355,24.0,24.0,
2026-03-05,ibm_fez,38,99.6278,126.881,0.0002798,0.0002798,,0.0098877,24.0,24.0,
2026-03-05,ibm_fez,39,155.3151,181.2098,0.0006431,0.0006431,,0.01672363,24.0,24.0,
2026-03-04,ibm_fez,20,188.6021,201.3799,0.0002454,0.0002454,0.00318896,0.01513672,24.0,24.0,68.0
2026-03-04,ibm_fez,21,151.2751,107.5975,0.00022443,0.00022443,0.00224629,0.01220703,24.0,24.0,68.0
2026-03-04,ibm_fez,22,196.4086,146.9111,0.00020198,0.00020198,0.00163448,0.00769043,24.0,24.0,68.0
2026-03-04,ibm_fez,23,197.5287,204.8557,0.00018302,0.00018302,0.00363052,0.00561523,24.0,24.0,68.0
2026-03-04,ibm_fez,24,179.9141,188.4943,0.00066564,0.00066564,0.01933997,0.01538086,24.0,24.0,68.0
2026-03-04,ibm_fez,25,235.3385,149.3493,0.00014475,0.00014475,0.00252531,0.02453613,24.0,24.0,68.0
2026-03-04,ibm_fez,26,137.7404,90.4317,0.000269,0.000269,0.02412564,0.01367188,24.0,24.0,68.0
2026-03-04,ibm_fez,27,146.078,135.2528,0.00572205,0.00572205,1.0,0.01794434,24.0,24.0,68.0
2026-03-04,ibm_fez,28,196.2492,205.3384,0.00025858,0.00025858,0.00403786,0.00585938,24.0,24.0,68.0
2026-03-04,ibm_fez,29,173.9946,46.0406,0.00024529,0.00024529,0.00246641,0.0144043,24.0,24.0,68.0
2026-03-04,ibm_fez,30,191.1076,145.1347,0.00035318,0.00035318,0.00292517,0.0098877,24.0,24.0,68.0
2026-03-04,ibm_fez,31,78.4493,59.6224,0.00078523,0.00078523,0.03654038,0.01867676,24.0,24.0,68.0
2026-03-04,ibm_fez,32,139.1336,139.3478,0.00027181,0.00027181,1.0,0.02612305,24.0,24.0,68.0
2026-03-04,ibm_fez,33,143.8017,174.4596,0.00034923,0.00034923,0.00219983,0.01660156,24.0,24.0,68.0
2026-03-04,ibm_fez,34,149.1336,81.1816,0.00050192,0.00050192,0.00165065,0.01916504,24.0,24.0,68.0
2026-03-04,ibm_fez,35,125.376,33.9016,0.00020127,0.00020127,,0.01586914,24.0,24.0,
2026-03-04,ibm_fez,36,180.0127,172.2724,0.00034716,0.00034716,,0.0144043,24.0,24.0,
2026-03-04,ibm_fez,37,135.8079,149.243,0.00032174,0.00032174,,0.00939941,24.0,24.0,
2026-03-04,ibm_fez,38,139.6027,164.6862,0.0003377,0.0003377,,0.01049805,24.0,24.0,
2026-03-04,ibm_fez,39,183.5608,188.0016,0.00030359,0.00030359,,0.01513672,24.0,24.0,
2026-03-03,ibm_fez,20,161.662,156.9875,0.00021089,0.00021089,0.00317647,0.01049805,24.0,24.0,68.0
2026-03-03,ibm_fez,21,256.5818,208.6371,0.00028121,0.00028121,0.00205311,0.00842285,24.0,24.0,68.0
2026-03-03,ibm_fez,22,120.5614,108.7495,0.00019442,0.00019442,0.00184239,0.00842285,24.0,24.0,68.0
2026-03-03,ibm_fez,23,262.7773,240.446,0.00023551,0.00023551,0.00441263,0.00708008,24.0,24.0,68.0
2026-03-03,ibm_fez,24,189.3265,184.6396,0.00093149,0.00093149,0.02128612,0.01635742,24.0,24.0,68.0
2026-03-03,ibm_fez,25,139.8674,52.1067,0.00012785,0.00012785,0.00182774,0.01782227,24.0,24.0,68.0
2026-03-03,ibm_fez,26,133.6799,89.9059,0.0002612,0.0002612,0.02748361,0.015625,24.0,24.0,68.0
2026-03-03,ibm_fez,27,111.2223,125.9273,0.00357229,0.00357229,1.0,0.01586914,24.0,24.0,68.0
2026-03-03,ibm_fez,28,172.5593,178.274,0.0002353,0.0002353,0.00408397,0.00537109,24.0,24.0,68.0
2026-03-03,ibm_fez,29,162.5067,44.0106,0.00021972,0.00021972,0.00234947,0.01147461,24.0,24.0,68.0
2026-03-03,ibm_fez,30,148.779,127.0473,0.0006046,0.0006046,0.00366617,0.01306152,24.0,24.0,68.0
2026-03-03,ibm_fez,31,92.5485,56.3239,0.00048182,0.00048182,0.03936654,0.07897949,24.0,24.0,68.0
2026-03-03,ibm_fez,32,144.8675,111.1323,0.00022205,0.00022205,1.0,0.03210449,24.0,24.0,68.0
2026-03-03,ibm_fez,33,134.8174,165.9398,0.00021335,0.00021335,0.0025713,0.01855469,24.0,24.0,68.0
2026-03-03,ibm_fez,34,146.8334,66.9052,0.00048861,0.00048861,0.00188607,0.01196289,24.0,24.0,68.0
2026-03-03,ibm_fez,35,203.3774,47.2798,0.00022899,0.00022899,,0.0144043,24.0,24.0,
2026-03-03,ibm_fez,36,150.5018,141.3351,0.00067842,0.00067842,,0.01550293,24.0,24.0,
2026-03-03,ibm_fez,37,143.0682,169.6149,0.00031573,0.00031573,,0.01074219,24.0,24.0,
2026-03-03,ibm_fez,38,65.5009,81.1893,0.00026778,0.00026778,,0.0098877,24.0,24.0,
2026-03-03,ibm_fez,39,161.5555,120.8876,0.000446,0.000446,,0.015625,24.0,24.0,
2026-03-02,ibm_fez,20,139.0904,161.5363,0.00025563,0.00025563,0.00322024,0.015625,24.0,24.0,68.0
2026-03-02,ibm_fez,21,196.569,165.9407,0.00027744,0.00027744,0.00213979,0.01342773,24.0,24.0,68.0
2026-03-02,ibm_fez,22,147.3776,138.0209,0.0012962,0.0012962,0.00171801,0.00390625,24.0,24.0,68.0
2026-03-02,ibm_fez,23,114.0478,109.9,0.00023288,0.00023288,0.00673051,0.00756836,24.0,24.0,68.0
2026-03-02,ibm_fez,24,148.9804,144.0302,0.0009114,0.0009114,0.02345399,0.01391602,24.0,24.0,68.0
2026-03-02,ibm_fez,25,250.8186,164.4636,0.00017201,0.00017201,0.00369603,0.02636719,24.0,24.0,68.0
2026-03-02,ibm_fez,26,196.6762,136.0084,0.00026039,0.00026039,0.02166988,0.0168457,24.0,24.0,68.0
2026-03-02,ibm_fez,27,107.8822,115.054,0.00399791,0.00399791,1.0,0.0168457,24.0,24.0,68.0
2026-03-02,ibm_fez,28,184.2128,176.4257,0.00039328,0.00039328,0.00356468,0.00610352,24.0,24.0,68.0
2026-03-02,ibm_fez,29,204.972,48.2222,0.00033224,0.00033224,0.00244826,0.01416016,24.0,24.0,68.0
2026-03-02,ibm_fez,30,36.4966,48.5015,0.00022526,0.00022526,0.00317727,0.01074219,24.0,24.0,68.0
2026-03-02,ibm_fez,31,164.8008,67.2834,0.00065579,0.00065579,0.04471489,0.01293945,24.0,24.0,68.0
2026-03-02,ibm_fez,32,25.0346,44.1343,0.00025196,0.00025196,1.0,0.03320312,24.0,24.0,68.0
2026-03-02,ibm_fez,33,177.3043,145.0558,0.0002024,0.0002024,0.00243745,0.01879883,24.0,24.0,68.0
2026-03-02,ibm_fez,34,163.9878,80.5204,0.00042743,0.00042743,0.00195481,0.00952148,24.0,24.0,68.0
2026-03-02,ibm_fez,35,163.4155,42.1511,0.00027306,0.00027306,,0.01635742,24.0,24.0,
2026-03-02,ibm_fez,36,134.2545,129.7298,0.00062466,0.00062466,,0.01806641,24.0,24.0,
2026-03-02,ibm_fez,37,170.7866,232.999,0.00037211,0.00037211,,0.00976562,24.0,24.0,
2026-03-02,ibm_fez,38,119.6022,138.6118,0.00027085,0.00027085,,0.01196289,24.0,24.0,
2026-03-02,ibm_fez,39,99.4316,103.9514,0.00049309,0.00049309,,0.01611328,24.0,24.0,
2026-03-01,ibm_fez,20,177.1603,198.6359,0.00106797,0.00106797,0.00627685,0.01281738,24.0,24.0,68.0
2026-03-01,ibm_fez,21,215.0853,172.3069,0.00021948,0.00021948,0.00199781,0.0144043,24.0,24.0,68.0
2026-03-01,ibm_fez,22,163.7948,116.3308,0.00012216,0.00012216,0.0012893,0.0032959,24.0,24.0,68.0
2026-03-01,ibm_fez,23,132.7038,154.1113,0.00016637,0.00016637,0.00588667,0.00671387,24.0,24.0,68.0
2026-03-01,ibm_fez,24,118.3486,137.851,0.00076914,0.00076914,0.02037268,0.01379395,24.0,24.0,68.0
2026-03-01,ibm_fez,25,202.2081,129.7809,0.00013474,0.00013474,0.00380647,0.02600098,24.0,24.0,68.0
2026-03-01,ibm_fez,26,141.8038,111.3231,0.00027578,0.00027578,0.02163704,0.0168457,24.0,24.0,68.0
2026-03-01,ibm_fez,27,94.8297,107.423,0.00416581,0.00416581,1.0,0.11816406,24.0,24.0,68.0
2026-03-01,ibm_fez,28,150.2272,146.3841,0.00024206,0.00024206,0.00426772,0.00732422,24.0,24.0,68.0
2026-03-01,ibm_fez,29,173.4418,44.8629,0.00024849,0.00024849,0.00228689,0.01513672,24.0,24.0,68.0
2026-03-01,ibm_fez,30,130.8265,122.1472,0.00029277,0.00029277,0.00254756,0.00842285,24.0,24.0,68.0
2026-03-01,ibm_fez,31,119.5701,47.6383,0.00053633,0.00053633,0.02946059,0.04516602,24.0,24.0,68.0
2026-03-01,ibm_fez,32,149.887,153.0366,0.00023979,0.00023979,1.0,0.03381348,24.0,24.0,68.0
2026-03-01,ibm_fez,33,110.1039,144.0034,0.00019056,0.00019056,0.00215113,0.01733398,24.0,24.0,68.0
2026-03-01,ibm_fez,34,183.4975,80.9749,0.00038841,0.00038841,0.00183279,0.02404785,24.0,24.0,68.0
2026-03-01,ibm_fez,35,170.2428,41.1138,0.00034325,0.00034325,,0.01660156,24.0,24.0,
2026-03-01,ibm_fez,36,160.9867,169.2115,0.00034753,0.00034753,,0.02441406,24.0,24.0,
2026-03-01,ibm_fez,37,141.7449,182.6199,0.00028858,0.00028858,,0.01159668,24.0,24.0,
2026-03-01,ibm_fez,38,109.4272,136.5756,0.00031828,0.00031828,,0.00915527,24.0,24.0,
2026-03-01,ibm_fez,39,146.4943,184.6583,0.00085003,0.00085003,,0.01794434,24.0,24.0,
2026-02-28,ibm_fez,20,126.4476,149.367,0.00034946,0.00034946,0.0070952,0.01220703,24.0,24.0,68.0
2026-02-28,ibm_fez,21,233.4968,153.7484,0.00026725,0.00026725,0.00270002,0.01086426,24.0,24.0,68.0
2026-02-28,ibm_fez,22,126.034,87.6762,0.0001913,0.0001913,0.00185065,0.00793457,24.0,24.0,68.0
2026-02-28,ibm_fez,23,199.6793,208.4191,0.00023747,0.00023747,0.00216019,0.00598145,24.0,24.0,68.0
2026-02-28,ibm_fez,24,199.9367,184.9385,0.00103393,0.00103393,0.01967846,0.01379395,24.0,24.0,68.0
2026-02-28,ibm_fez,25,219.2061,141.5556,0.00024731,0.00024731,0.00384994,0.0201416,24.0,24.0,68.0
2026-02-28,ibm_fez,26,156.8713,110.3392,0.00025114,0.00025114,0.02432216,0.01782227,24.0,24.0,68.0
2026-02-28,ibm_fez,27,131.7185,125.6718,0.00413124,0.00413124,1.0,0.01672363,24.0,24.0,68.0
2026-02-28,ibm_fez,28,130.7967,147.4329,0.0002218,0.0002218,0.00339064,0.00598145,24.0,24.0,68.0
2026-02-28,ibm_fez,29,84.9483,34.3526,0.00018567,0.00018567,0.00248322,0.0222168,24.0,24.0,68.0
2026-02-28,ibm_fez,30,149.1456,126.3419,0.00025312,0.00025312,0.00363895,0.00720215,24.0,24.0,68.0
2026-02-28,ibm_fez,31,160.9483,75.8555,0.00044938,0.00044938,0.04931895,0.02868652,24.0,24.0,68.0
2026-02-28,ibm_fez,32,123.8666,101.6647,0.00026952,0.00026952,1.0,0.03088379,24.0,24.0,68.0
2026-02-28,ibm_fez,33,168.3639,172.6822,0.00020268,0.00020268,0.00272936,0.01489258,24.0,24.0,68.0
2026-02-28,ibm_fez,34,74.3227,54.2387,0.00054923,0.00054923,0.00243102,0.01074219,24.0,24.0,68.0
2026-02-28,ibm_fez,35,179.8172,43.6855,0.00034776,0.00034776,,0.0345459,24.0,24.0,
2026-02-28,ibm_fez,36,176.8805,171.1745,0.00036343,0.00036343,,0.02062988,24.0,24.0,
2026-02-28,ibm_fez,37,161.0638,131.7884,0.00018778,0.00018778,,0.01257324,24.0,24.0,
2026-02-28,ibm_fez,38,161.7898,200.6176,0.00019843,0.00019843,,0.01196289,24.0,24.0,
2026-02-28,ibm_fez,39,146.3675,190.608,0.00073539,0.00073539,,0.01574707,24.0,24.0,
2026-02-27,ibm_fez,20,126.4476,149.367,0.00043535,0.00043535,0.00364687,0.01135254,24.0,24.0,68.0
2026-02-27,ibm_fez,21,233.4968,153.7484,0.00017776,0.00017776,0.00270002,0.00769043,24.0,24.0,68.0
2026-02-27,ibm_fez,22,126.034,87.6762,0.00013334,0.00013334,0.00185065,0.00793457,24.0,24.0,68.0
2026-02-27,ibm_fez,23,199.6793,208.4191,0.00018715,0.00018715,0.00216019,0.0045166,24.0,24.0,68.0
2026-02-27,ibm_fez,24,199.9367,184.9385,0.00060948,0.00060948,0.00895015,0.02001953,24.0,24.0,68.0
2026-02-27,ibm_fez,25,219.2061,141.5556,0.00017716,0.00017716,0.00384994,0.0213623,24.0,24.0,68.0
2026-02-27,ibm_fez,26,156.8713,110.3392,0.00047744,0.00047744,0.02432216,0.01281738,24.0,24.0,68.0
2026-02-27,ibm_fez,27,131.7185,125.6718,0.00428627,0.00428627,1.0,0.0189209,24.0,24.0,68.0
2026-02-27,ibm_fez,28,130.7967,147.4329,0.00020905,0.00020905,0.00394568,0.00756836,24.0,24.0,68.0
2026-02-27,ibm_fez,29,84.9483,34.3526,0.0002737,0.0002737,0.00248322,0.01196289,24.0,24.0,68.0
2026-02-27,ibm_fez,30,149.1456,126.3419,0.00032514,0.00032514,0.00363895,0.00915527,24.0,24.0,68.0
2026-02-27,ibm_fez,31,160.9483,75.8555,0.00043944,0.00043944,0.04931895,0.0135498,24.0,24.0,68.0
2026-02-27,ibm_fez,32,123.8666,101.6647,0.00058382,0.00058382,1.0,0.03515625,24.0,24.0,68.0
2026-02-27,ibm_fez,33,168.3639,172.6822,0.00021052,0.00021052,0.00272936,0.01867676,24.0,24.0,68.0
2026-02-27,ibm_fez,34,74.3227,54.2387,0.00050407,0.00050407,0.00243102,0.00939941,24.0,24.0,68.0
2026-02-27,ibm_fez,35,179.8172,43.6855,0.00042423,0.00042423,,0.01672363,24.0,24.0,
2026-02-27,ibm_fez,36,176.8805,171.1745,0.00060498,0.00060498,,0.01611328,24.0,24.0,
2026-02-27,ibm_fez,37,161.0638,131.7884,0.00026974,0.00026974,,0.0111084,24.0,24.0,
2026-02-27,ibm_fez,38,161.7898,200.6176,0.00019545,0.00019545,,0.01428223,24.0,24.0,
2026-02-27,ibm_fez,39,146.3675,190.608,0.00029842,0.00029842,,0.01623535,24.0,24.0,
2026-02-26,ibm_fez,20,254.5611,231.156,0.00035763,0.00035763,0.00243384,0.01171875,24.0,24.0,68.0
2026-02-26,ibm_fez,21,267.8591,175.7639,0.00012528,0.00012528,0.00229115,0.00927734,24.0,24.0,68.0
2026-02-26,ibm_fez,22,170.0932,137.6355,0.00017641,0.00017641,0.00180031,0.00439453,24.0,24.0,68.0
2026-02-26,ibm_fez,23,152.2486,160.5831,0.00016912,0.00016912,0.00414967,0.01928711,24.0,24.0,68.0
2026-02-26,ibm_fez,24,132.2675,151.141,0.00085934,0.00085934,0.01956935,0.01318359,24.0,24.0,68.0
2026-02-26,ibm_fez,25,187.5548,127.2349,0.00026133,0.00026133,0.00293713,0.02441406,24.0,24.0,68.0
2026-02-26,ibm_fez,26,91.6129,77.6625,0.0002355,0.0002355,0.02386609,0.01757812,24.0,24.0,68.0
2026-02-26,ibm_fez,27,97.2704,114.2267,0.00385639,0.00385639,1.0,0.02148438,24.0,24.0,68.0
2026-02-26,ibm_fez,28,152.6665,131.3035,0.0002246,0.0002246,0.00318485,0.0065918,24.0,24.0,68.0
2026-02-26,ibm_fez,29,183.4906,34.2022,0.00023644,0.00023644,0.0024303,0.01660156,24.0,24.0,68.0
2026-02-26,ibm_fez,30,132.7233,124.8235,0.00022804,0.00022804,0.00285172,0.0090332,24.0,24.0,68.0
2026-02-26,ibm_fez,31,160.9483,62.3142,0.00059552,0.00059552,0.04509641,0.015625,24.0,24.0,68.0
2026-02-26,ibm_fez,32,136.3835,130.002,0.00029538,0.00029538,1.0,0.03588867,24.0,24.0,68.0
2026-02-26,ibm_fez,33,119.834,101.2648,0.00029256,0.00029256,0.00247418,0.01928711,24.0,24.0,68.0
2026-02-26,ibm_fez,34,108.8792,68.4392,0.00027712,0.00027712,0.00163666,0.01513672,24.0,24.0,68.0
2026-02-26,ibm_fez,35,175.9427,42.217,0.00042423,0.00042423,,0.01806641,24.0,24.0,
2026-02-26,ibm_fez,36,110.3957,109.8696,0.00040016,0.00040016,,0.0078125,24.0,24.0,
2026-02-26,ibm_fez,37,177.4748,153.5074,0.00033006,0.00033006,,0.01171875,24.0,24.0,
2026-02-26,ibm_fez,38,165.9249,181.1545,0.00027827,0.00027827,,0.01245117,24.0,24.0,
2026-02-26,ibm_fez,39,173.8165,192.0234,0.00056241,0.00056241,,0.01293945,24.0,24.0,
2026-02-25,ibm_fez,20,85.1099,127.2465,0.00035763,0.00035763,0.00332431,0.02148438,24.0,24.0,68.0
2026-02-25,ibm_fez,21,254.9822,181.2036,0.00012528,0.00012528,0.00246095,0.01000977,24.0,24.0,68.0
2026-02-25,ibm_fez,22,207.2698,123.7305,0.00017641,0.00017641,0.00163248,0.00512695,24.0,24.0,68.0
2026-02-25,ibm_fez,23,149.5071,104.0649,0.00016912,0.00016912,0.00863438,0.00756836,24.0,24.0,68.0
2026-02-25,ibm_fez,24,139.1378,160.1277,0.00085934,0.00085934,0.02139457,0.01806641,24.0,24.0,68.0
2026-02-25,ibm_fez,25,133.4059,120.6254,0.00026133,0.00026133,0.00183858,0.02368164,24.0,24.0,68.0
2026-02-25,ibm_fez,26,80.9053,75.7243,0.0002355,0.0002355,0.02605297,0.01635742,24.0,24.0,68.0
2026-02-25,ibm_fez,27,95.9664,81.8443,0.00385639,0.00385639,1.0,0.01660156,24.0,24.0,68.0
2026-02-25,ibm_fez,28,147.007,157.6857,0.0002246,0.0002246,0.00342552,0.00634766,24.0,24.0,68.0
2026-02-25,ibm_fez,29,183.4906,50.604,0.00023644,0.00023644,0.00211452,0.01782227,24.0,24.0,68.0
2026-02-25,ibm_fez,30,143.4373,121.5218,0.00022804,0.00022804,0.00283913,0.01293945,24.0,24.0,68.0
2026-02-25,ibm_fez,31,108.3856,76.7555,0.00059552,0.00059552,0.0313008,0.01879883,24.0,24.0,68.0
2026-02-25,ibm_fez,32,142.5505,157.538,0.00029538,0.00029538,1.0,0.03491211,24.0,24.0,68.0
2026-02-25,ibm_fez,33,129.4236,123.2601,0.00029256,0.00029256,0.00263467,0.01733398,24.0,24.0,68.0
2026-02-25,ibm_fez,34,161.5589,79.1158,0.00027712,0.00027712,0.00178851,0.01000977,24.0,24.0,68.0
2026-02-25,ibm_fez,35,178.9733,36.7042,0.00042423,0.00042423,,0.01660156,24.0,24.0,
2026-02-25,ibm_fez,36,170.5172,163.0875,0.00040016,0.00040016,,0.02050781,24.0,24.0,
2026-02-25,ibm_fez,37,122.2319,156.6741,0.00033006,0.00033006,,0.00805664,24.0,24.0,
2026-02-25,ibm_fez,38,170.5448,193.2943,0.00027827,0.00027827,,0.01098633,24.0,24.0,
2026-02-25,ibm_fez,39,140.1734,170.0942,0.00056241,0.00056241,,0.01538086,24.0,24.0,
2026-02-24,ibm_fez,20,103.8286,114.487,0.00031915,0.00031915,0.00332431,0.01525879,24.0,24.0,68.0
2026-02-24,ibm_fez,21,258.4776,187.1277,0.00021236,0.00021236,0.00246095,0.01574707,24.0,24.0,68.0
2026-02-24,ibm_fez,22,94.751,91.2019,0.0002285,0.0002285,0.00163248,0.00524902,24.0,24.0,68.0
2026-02-24,ibm_fez,23,155.5895,148.1684,0.00018082,0.00018082,0.00863438,0.00439453,24.0,24.0,68.0
2026-02-24,ibm_fez,24,201.7417,223.3803,0.00100421,0.00100421,0.02139457,0.01623535,24.0,24.0,68.0
2026-02-24,ibm_fez,25,244.1316,133.2205,0.0001616,0.0001616,0.00183858,0.02319336,24.0,24.0,68.0
2026-02-24,ibm_fez,26,167.4103,126.2112,0.0001954,0.0001954,0.02605297,0.01928711,24.0,24.0,68.0
2026-02-24,ibm_fez,27,117.2792,134.0526,0.00416187,0.00416187,1.0,0.01733398,24.0,24.0,68.0
2026-02-24,ibm_fez,28,172.9696,187.7009,0.00023042,0.00023042,0.00342552,0.00756836,24.0,24.0,68.0
2026-02-24,ibm_fez,29,225.3873,49.4969,0.00024015,0.00024015,0.00211452,0.01489258,24.0,24.0,68.0
2026-02-24,ibm_fez,30,153.9234,128.7905,0.00019993,0.00019993,0.00283913,0.0078125,24.0,24.0,68.0
2026-02-24,ibm_fez,31,63.9468,41.381,0.00042882,0.00042882,0.0313008,0.01965332,24.0,24.0,68.0
2026-02-24,ibm_fez,32,126.5653,140.5825,0.00024347,0.00024347,1.0,0.03710938,24.0,24.0,68.0
2026-02-24,ibm_fez,33,111.9257,121.9759,0.00027286,0.00027286,0.00263467,0.015625,24.0,24.0,68.0
2026-02-24,ibm_fez,34,204.6747,97.0671,0.00027712,0.00027712,0.00178851,0.01623535,24.0,24.0,68.0
2026-02-24,ibm_fez,35,198.106,47.0506,0.00018259,0.00018259,,0.0234375,24.0,24.0,
2026-02-24,ibm_fez,36,156.9708,138.8576,0.00069225,0.00069225,,0.01586914,24.0,24.0,
2026-02-24,ibm_fez,37,124.2265,106.2289,0.00032923,0.00032923,,0.01953125,24.0,24.0,
2026-02-24,ibm_fez,38,116.2908,140.1555,0.00025537,0.00025537,,0.01049805,24.0,24.0,
2026-02-24,ibm_fez,39,162.2197,193.0411,0.00075637,0.00075637,,0.01660156,24.0,24.0,
2026-02-23,ibm_fez,20,153.2093,177.795,0.00035659,0.00035659,0.00341209,0.01281738,24.0,24.0,68.0
2026-02-23,ibm_fez,21,266.6144,188.0249,0.00020734,0.00020734,0.00231343,0.01245117,24.0,24.0,68.0
2026-02-23,ibm_fez,22,190.0035,140.4016,0.00025951,0.00025951,0.00172215,0.00683594,24.0,24.0,68.0
2026-02-23,ibm_fez,23,247.9284,245.805,0.00019265,0.00019265,0.00792887,0.00512695,24.0,24.0,68.0
2026-02-23,ibm_fez,24,112.8642,70.806,0.00091583,0.00091583,0.02202211,0.0177002,24.0,24.0,68.0
2026-02-23,ibm_fez,25,183.0266,111.0405,0.00019006,0.00019006,0.00238611,0.02282715,24.0,24.0,68.0
2026-02-23,ibm_fez,26,170.569,115.7566,0.00026122,0.00026122,0.01985677,0.01843262,24.0,24.0,68.0
2026-02-23,ibm_fez,27,121.7793,133.0365,0.00361864,0.00361864,1.0,0.01672363,24.0,24.0,68.0
2026-02-23,ibm_fez,28,174.8644,182.9274,0.00020219,0.00020219,0.00352893,0.01037598,24.0,24.0,68.0
2026-02-23,ibm_fez,29,173.5386,48.3355,0.00021156,0.00021156,0.00282492,0.01257324,24.0,24.0,68.0
2026-02-23,ibm_fez,30,81.4724,79.7541,0.00027847,0.00027847,0.00371433,0.00927734,24.0,24.0,68.0
2026-02-23,ibm_fez,31,112.7675,51.5478,0.00059365,0.00059365,0.039034,0.01904297,24.0,24.0,68.0
2026-02-23,ibm_fez,32,117.3633,134.9505,0.00023842,0.00023842,1.0,0.03588867,24.0,24.0,68.0
2026-02-23,ibm_fez,33,84.5986,77.1532,0.0002416,0.0002416,0.00234662,0.015625,24.0,24.0,68.0
2026-02-23,ibm_fez,34,173.2528,76.9337,0.00041531,0.00041531,0.00170967,0.01171875,24.0,24.0,68.0
2026-02-23,ibm_fez,35,207.5175,46.1815,0.00033843,0.00033843,,0.01928711,24.0,24.0,
2026-02-23,ibm_fez,36,176.3825,158.5072,0.00055419,0.00055419,,0.01489258,24.0,24.0,
2026-02-23,ibm_fez,37,67.4629,86.0761,0.00035206,0.00035206,,0.01208496,24.0,24.0,
2026-02-23,ibm_fez,38,73.6247,88.2535,0.00023243,0.00023243,,0.00891113,24.0,24.0,
2026-02-23,ibm_fez,39,112.6362,159.7035,0.00064285,0.00064285,,0.01416016,24.0,24.0,
2026-02-22,ibm_fez,20,124.2952,151.8942,0.00035715,0.00035715,0.00682483,0.0447998,24.0,24.0,68.0
2026-02-22,ibm_fez,21,159.0274,118.8241,0.00022381,0.00022381,0.0056176,0.01025391,24.0,24.0,68.0
2026-02-22,ibm_fez,22,191.5816,149.0911,0.00017162,0.00017162,0.00157944,0.00671387,24.0,24.0,68.0
2026-02-22,ibm_fez,23,134.3929,152.6711,0.00017945,0.00017945,0.00768606,0.00756836,24.0,24.0,68.0
2026-02-22,ibm_fez,24,163.9187,183.4584,0.00080047,0.00080047,0.02487937,0.01477051,24.0,24.0,68.0
2026-02-22,ibm_fez,25,57.9089,61.2339,0.00028573,0.00028573,0.00241066,0.02062988,24.0,24.0,68.0
2026-02-22,ibm_fez,26,189.5736,124.7845,0.00023312,0.00023312,0.02540585,0.01416016,24.0,24.0,68.0
2026-02-22,ibm_fez,27,149.3605,162.5427,0.00357049,0.00357049,1.0,0.01733398,24.0,24.0,68.0
2026-02-22,ibm_fez,28,123.6591,123.7386,0.00031873,0.00031873,0.00348127,0.00488281,24.0,24.0,68.0
2026-02-22,ibm_fez,29,132.1115,46.2366,0.00023136,0.00023136,0.00232018,0.01184082,24.0,24.0,68.0
2026-02-22,ibm_fez,30,90.6387,71.1326,0.00031575,0.00031575,0.00289967,0.00842285,24.0,24.0,68.0
2026-02-22,ibm_fez,31,130.7958,37.6767,0.000527,0.000527,0.04073059,0.02001953,24.0,24.0,68.0
2026-02-22,ibm_fez,32,144.7641,154.0433,0.00028292,0.00028292,1.0,0.02966309,24.0,24.0,68.0
2026-02-22,ibm_fez,33,142.3817,92.9195,0.00019113,0.00019113,0.00219163,0.02539062,24.0,24.0,68.0
2026-02-22,ibm_fez,34,193.8159,87.3257,0.00066883,0.00066883,0.0017694,0.02868652,24.0,24.0,68.0
2026-02-22,ibm_fez,35,206.7936,43.6624,0.00021824,0.00021824,,0.01477051,24.0,24.0,
2026-02-22,ibm_fez,36,131.7324,131.0558,0.00042469,0.00042469,,0.01513672,24.0,24.0,
2026-02-22,ibm_fez,37,193.5373,188.627,0.00044818,0.00044818,,0.01171875,24.0,24.0,
2026-02-22,ibm_fez,38,120.329,128.9312,0.00025267,0.00025267,,0.01013184,24.0,24.0,
2026-02-22,ibm_fez,39,187.5945,224.704,0.00060222,0.00060222,,0.01525879,24.0,24.0,
2026-02-21,ibm_fez,20,182.1187,195.0857,0.00027724,0.00027724,0.00259646,0.01269531,24.0,24.0,68.0
2026-02-21,ibm_fez,21,207.6786,165.3248,0.00020901,0.00020901,0.00239098,0.01269531,24.0,24.0,68.0
2026-02-21,ibm_fez,22,120.8666,85.3083,0.00026814,0.00026814,0.00151006,0.00708008,24.0,24.0,68.0
2026-02-21,ibm_fez,23,181.8058,172.4317,0.00017945,0.00017945,0.00418096,0.00683594,24.0,24.0,68.0
2026-02-21,ibm_fez,24,176.9164,147.4239,0.00098523,0.00098523,0.01986754,0.01501465,24.0,24.0,68.0
2026-02-21,ibm_fez,25,166.1337,66.0544,0.00026378,0.00026378,0.00232068,0.02429199,24.0,24.0,68.0
2026-02-21,ibm_fez,26,156.7874,119.6742,0.00023272,0.00023272,0.02677452,0.01330566,24.0,24.0,68.0
2026-02-21,ibm_fez,27,112.7022,138.2088,0.00515283,0.00515283,1.0,0.01867676,24.0,24.0,68.0
2026-02-21,ibm_fez,28,169.6431,186.8913,0.00016859,0.00016859,0.00413076,0.00549316,24.0,24.0,68.0
2026-02-21,ibm_fez,29,224.6336,48.818,0.00023632,0.00023632,0.00200945,0.01660156,24.0,24.0,68.0
2026-02-21,ibm_fez,30,129.8098,97.7732,0.00034614,0.00034614,0.00276468,0.01525879,24.0,24.0,68.0
2026-02-21,ibm_fez,31,159.6542,75.7866,0.00051702,0.00051702,0.04509386,0.01489258,24.0,24.0,68.0
2026-02-21,ibm_fez,32,176.5234,166.4414,0.0001932,0.0001932,1.0,0.03283691,24.0,24.0,68.0
2026-02-21,ibm_fez,33,113.66,132.9248,0.00019113,0.00019113,0.00303635,0.01794434,24.0,24.0,68.0
2026-02-21,ibm_fez,34,182.4777,84.9673,0.00055937,0.00055937,0.00392334,0.01379395,24.0,24.0,68.0
2026-02-21,ibm_fez,35,172.9768,35.5418,0.00033913,0.00033913,,0.01904297,24.0,24.0,
2026-02-21,ibm_fez,36,193.4384,178.3381,0.00035922,0.00035922,,0.01391602,24.0,24.0,
2026-02-21,ibm_fez,37,253.9815,225.469,0.00021077,0.00021077,,0.01123047,24.0,24.0,
2026-02-21,ibm_fez,38,156.8403,188.3908,0.0003706,0.0003706,,0.00878906,24.0,24.0,
2026-02-21,ibm_fez,39,146.1078,158.016,0.00048875,0.00048875,,0.01672363,24.0,24.0,
2026-02-20,ibm_fez,20,92.0925,100.0845,0.00048821,0.00048821,0.00478379,0.00976562,24.0,24.0,68.0
2026-02-20,ibm_fez,21,171.75,139.6584,0.00020627,0.00020627,0.00381787,0.01000977,24.0,24.0,68.0
2026-02-20,ibm_fez,22,176.7347,144.0333,0.00016754,0.00016754,0.00203047,0.00878906,24.0,24.0,68.0
2026-02-20,ibm_fez,23,255.7982,210.7103,0.00023667,0.00023667,0.00480191,0.0057373,24.0,24.0,68.0
2026-02-20,ibm_fez,24,153.0569,163.2928,0.00138684,0.00138684,0.0192103,0.01611328,24.0,24.0,68.0
2026-02-20,ibm_fez,25,211.7011,130.4768,0.00015209,0.00015209,0.00232041,0.02355957,24.0,24.0,68.0
2026-02-20,ibm_fez,26,171.1866,116.4834,0.00029371,0.00029371,0.02943645,0.0144043,24.0,24.0,68.0
2026-02-20,ibm_fez,27,113.7766,118.4465,0.00449007,0.00449007,1.0,0.03076172,24.0,24.0,68.0
2026-02-20,ibm_fez,28,198.3348,201.9583,0.00021577,0.00021577,0.00352466,0.00830078,24.0,24.0,68.0
2026-02-20,ibm_fez,29,199.802,48.0752,0.00018341,0.00018341,0.00213193,0.01391602,24.0,24.0,68.0
2026-02-20,ibm_fez,30,193.7501,146.1917,0.00023318,0.00023318,0.00268143,0.01257324,24.0,24.0,68.0
2026-02-20,ibm_fez,31,60.2207,58.3175,0.00037973,0.00037973,0.03060968,0.01171875,24.0,24.0,68.0
2026-02-20,ibm_fez,32,192.928,179.3145,0.00030952,0.00030952,1.0,0.03540039,24.0,24.0,68.0
2026-02-20,ibm_fez,33,169.5027,118.9594,0.00026283,0.00026283,0.00223768,0.01965332,24.0,24.0,68.0
2026-02-20,ibm_fez,34,141.0739,69.5811,0.00073029,0.00073029,0.00186001,0.01306152,24.0,24.0,68.0
2026-02-20,ibm_fez,35,184.184,37.3,0.00023022,0.00023022,,0.04943848,24.0,24.0,
2026-02-20,ibm_fez,36,187.8188,174.2977,0.00026243,0.00026243,,0.01306152,24.0,24.0,
2026-02-20,ibm_fez,37,204.3282,208.8644,0.00022452,0.00022452,,0.07019043,24.0,24.0,
2026-02-20,ibm_fez,38,89.1928,110.3732,0.0003706,0.0003706,,0.00891113,24.0,24.0,
2026-02-20,ibm_fez,39,147.316,167.789,0.00047566,0.00047566,,0.01733398,24.0,24.0,
2026-02-19,ibm_fez,20,131.9849,157.1571,0.00048821,0.00048821,0.00654566,0.01330566,24.0,24.0,68.0
2026-02-19,ibm_fez,21,262.4139,119.7984,0.00020627,0.00020627,0.00269928,0.01123047,24.0,24.0,68.0
2026-02-19,ibm_fez,22,102.7815,110.4341,0.00016754,0.00016754,0.0016422,0.01159668,24.0,24.0,68.0
2026-02-19,ibm_fez,23,236.0151,179.9451,0.00023667,0.00023667,0.0046426,0.00463867,24.0,24.0,68.0
2026-02-19,ibm_fez,24,148.1717,169.8451,0.00138684,0.00138684,0.0241012,0.01513672,24.0,24.0,68.0
2026-02-19,ibm_fez,25,212.6668,138.6694,0.00015209,0.00015209,0.00217393,0.02514648,24.0,24.0,68.0
2026-02-19,ibm_fez,26,150.7279,111.8644,0.00029371,0.00029371,0.02934365,0.015625,24.0,24.0,68.0
2026-02-19,ibm_fez,27,123.4778,123.371,0.00449007,0.00449007,1.0,0.01696777,24.0,24.0,68.0
2026-02-19,ibm_fez,28,179.9948,184.3393,0.00021577,0.00021577,0.00321221,0.00598145,24.0,24.0,68.0
2026-02-19,ibm_fez,29,154.7712,55.0504,0.00018341,0.00018341,0.00173612,0.01342773,24.0,24.0,68.0
2026-02-19,ibm_fez,30,125.9654,92.4145,0.00023318,0.00023318,0.00295077,0.0098877,24.0,24.0,68.0
2026-02-19,ibm_fez,31,140.7718,53.9236,0.00037973,0.00037973,0.04225093,0.01538086,24.0,24.0,68.0
2026-02-19,ibm_fez,32,159.566,131.0936,0.00030952,0.00030952,1.0,0.03540039,24.0,24.0,68.0
2026-02-19,ibm_fez,33,126.0043,146.7677,0.00026283,0.00026283,0.00200667,0.01940918,24.0,24.0,68.0
2026-02-19,ibm_fez,34,110.6889,62.5132,0.00073029,0.00073029,0.00168295,0.01293945,24.0,24.0,68.0
2026-02-19,ibm_fez,35,121.7364,37.5173,0.00023022,0.00023022,,0.0168457,24.0,24.0,
2026-02-19,ibm_fez,36,186.5781,172.728,0.00026243,0.00026243,,0.01928711,24.0,24.0,
2026-02-19,ibm_fez,37,151.6535,159.8489,0.00022452,0.00022452,,0.01196289,24.0,24.0,
2026-02-19,ibm_fez,38,151.7024,175.9138,0.0003706,0.0003706,,0.01000977,24.0,24.0,
2026-02-19,ibm_fez,39,117.2542,147.7517,0.00047566,0.00047566,,0.015625,24.0,24.0,
2026-02-18,ibm_fez,20,167.4724,165.8417,0.00081886,0.00081886,0.00699505,0.01330566,24.0,24.0,68.0
2026-02-18,ibm_fez,21,195.9376,165.9857,0.00020627,0.00020627,0.00196976,0.01037598,24.0,24.0,68.0
2026-02-18,ibm_fez,22,104.5157,105.445,0.00015425,0.00015425,0.00154078,0.00671387,24.0,24.0,68.0
2026-02-18,ibm_fez,23,206.8565,179.9549,0.0001928,0.0001928,0.00384998,0.00439453,24.0,24.0,68.0
2026-02-18,ibm_fez,24,160.2205,165.1799,0.00066394,0.00066394,0.02299262,0.01708984,24.0,24.0,68.0
2026-02-18,ibm_fez,25,201.8999,146.8141,0.00019007,0.00019007,0.00333481,0.02575684,24.0,24.0,68.0
2026-02-18,ibm_fez,26,125.6466,88.7851,0.00025896,0.00025896,0.02403311,0.01477051,24.0,24.0,68.0
2026-02-18,ibm_fez,27,137.046,130.9132,0.00432019,0.00432019,1.0,0.01708984,24.0,24.0,68.0
2026-02-18,ibm_fez,28,213.661,183.3958,0.00035718,0.00035718,0.00651175,0.00561523,24.0,24.0,68.0
2026-02-18,ibm_fez,29,214.6352,45.3212,0.00024546,0.00024546,0.00229914,0.01367188,24.0,24.0,68.0
2026-02-18,ibm_fez,30,127.1467,103.4828,0.0003081,0.0003081,0.00288124,0.00817871,24.0,24.0,68.0
2026-02-18,ibm_fez,31,71.9109,46.9871,0.00053906,0.00053906,0.04260108,0.01428223,24.0,24.0,68.0
2026-02-18,ibm_fez,32,163.5696,151.9407,0.00033567,0.00033567,1.0,0.04333496,24.0,24.0,68.0
2026-02-18,ibm_fez,33,163.9371,134.5476,0.00035569,0.00035569,0.00415791,0.0246582,24.0,24.0,68.0
2026-02-18,ibm_fez,34,155.6524,78.7384,0.00069987,0.00069987,0.00150936,0.01721191,24.0,24.0,68.0
2026-02-18,ibm_fez,35,158.9546,48.5548,0.00027194,0.00027194,,0.01391602,24.0,24.0,
2026-02-18,ibm_fez,36,181.7855,140.0497,0.00044069,0.00044069,,0.02270508,24.0,24.0,
2026-02-18,ibm_fez,37,168.8942,215.822,0.00030091,0.00030091,,0.00915527,24.0,24.0,
2026-02-18,ibm_fez,38,91.9638,99.1477,0.00027918,0.00027918,,0.01000977,24.0,24.0,
2026-02-18,ibm_fez,39,135.0267,157.2545,0.00040773,0.00040773,,0.01391602,24.0,24.0,
2026-02-17,ibm_fez,20,167.4724,165.8417,0.00081886,0.00081886,0.00699505,0.01074219,24.0,24.0,68.0
2026-02-17,ibm_fez,21,195.9376,165.9857,0.00020627,0.00020627,0.00196976,0.0111084,24.0,24.0,68.0
2026-02-17,ibm_fez,22,104.5157,105.445,0.00015425,0.00015425,0.00154078,0.00805664,24.0,24.0,68.0
2026-02-17,ibm_fez,23,206.8565,179.9549,0.0001928,0.0001928,0.00384998,0.00537109,24.0,24.0,68.0
2026-02-17,ibm_fez,24,160.2205,165.1799,0.00066394,0.00066394,0.02299262,0.01965332,24.0,24.0,68.0
2026-02-17,ibm_fez,25,201.8999,146.8141,0.00019007,0.00019007,0.00333481,0.05688477,24.0,24.0,68.0
2026-02-17,ibm_fez,26,125.6466,88.7851,0.00025896,0.00025896,0.02403311,0.01696777,24.0,24.0,68.0
2026-02-17,ibm_fez,27,137.046,130.9132,0.00432019,0.00432019,1.0,0.01782227,24.0,24.0,68.0
2026-02-17,ibm_fez,28,213.661,183.3958,0.00035718,0.00035718,0.00651175,0.00695801,24.0,24.0,68.0
2026-02-17,ibm_fez,29,214.6352,45.3212,0.00024546,0.00024546,0.00229914,0.01171875,24.0,24.0,68.0
2026-02-17,ibm_fez,30,127.1467,103.4828,0.0003081,0.0003081,0.00288124,0.00915527,24.0,24.0,68.0
2026-02-17,ibm_fez,31,71.9109,46.9871,0.00053906,0.00053906,0.04260108,0.02050781,24.0,24.0,68.0
2026-02-17,ibm_fez,32,163.5696,151.9407,0.00033567,0.00033567,1.0,0.03588867,24.0,24.0,68.0
2026-02-17,ibm_fez,33,163.9371,134.5476,0.00035569,0.00035569,0.00415791,0.0189209,24.0,24.0,68.0
2026-02-17,ibm_fez,34,155.6524,78.7384,0.00069987,0.00069987,0.00150936,0.01464844,24.0,24.0,68.0
2026-02-17,ibm_fez,35,158.9546,48.5548,0.00027194,0.00027194,,0.01623535,24.0,24.0,
2026-02-17,ibm_fez,36,181.7855,140.0497,0.00044069,0.00044069,,0.02307129,24.0,24.0,
2026-02-17,ibm_fez,37,168.8942,215.822,0.00030091,0.00030091,,0.01208496,24.0,24.0,
2026-02-17,ibm_fez,38,91.9638,99.1477,0.00027918,0.00027918,,0.01171875,24.0,24.0,
2026-02-17,ibm_fez,39,135.0267,157.2545,0.00040773,0.00040773,,0.01953125,24.0,24.0,
2026-02-16,ibm_fez,20,185.9462,171.3112,0.00034149,0.00034149,0.00355451,0.01062012,24.0,24.0,68.0
2026-02-16,ibm_fez,21,216.2536,156.9969,0.00024449,0.00024449,0.0024611,0.01367188,24.0,24.0,68.0
2026-02-16,ibm_fez,22,211.1107,137.9353,0.00017487,0.00017487,0.00207485,0.02941895,24.0,24.0,68.0
2026-02-16,ibm_fez,23,229.5102,116.4142,0.00027159,0.00027159,0.00448319,0.00793457,24.0,24.0,68.0
2026-02-16,ibm_fez,24,120.4535,123.3361,0.00095873,0.00095873,0.02185038,0.01281738,24.0,24.0,68.0
2026-02-16,ibm_fez,25,271.4097,150.2129,0.00025677,0.00025677,0.00333584,0.02563477,24.0,24.0,68.0
2026-02-16,ibm_fez,26,150.2405,117.105,0.00022604,0.00022604,0.0214509,0.01721191,24.0,24.0,68.0
2026-02-16,ibm_fez,27,129.9648,115.2882,0.00264835,0.00264835,1.0,0.01757812,24.0,24.0,68.0
2026-02-16,ibm_fez,28,212.1278,176.8804,0.00027417,0.00027417,0.00372003,0.00793457,24.0,24.0,68.0
2026-02-16,ibm_fez,29,202.6453,38.2564,0.00019094,0.00019094,0.00220268,0.01330566,24.0,24.0,68.0
2026-02-16,ibm_fez,30,148.5087,112.6936,0.00017891,0.00017891,0.00274725,0.00878906,24.0,24.0,68.0
2026-02-16,ibm_fez,31,39.6788,42.7848,0.00092285,0.00092285,0.03924584,0.02148438,24.0,24.0,68.0
2026-02-16,ibm_fez,32,140.786,139.9794,0.00026622,0.00026622,1.0,0.03601074,24.0,24.0,68.0
2026-02-16,ibm_fez,33,166.4535,153.5172,0.00017753,0.00017753,0.00200538,0.02197266,24.0,24.0,68.0
2026-02-16,ibm_fez,34,159.4792,76.5334,0.00064364,0.00064364,0.00276672,0.01147461,24.0,24.0,68.0
2026-02-16,ibm_fez,35,193.4819,44.1701,0.00041734,0.00041734,,0.01782227,24.0,24.0,
2026-02-16,ibm_fez,36,148.7713,127.8198,0.00030638,0.00030638,,0.03051758,24.0,24.0,
2026-02-16,ibm_fez,37,137.5946,120.6942,0.00019576,0.00019576,,0.0123291,24.0,24.0,
2026-02-16,ibm_fez,38,190.6648,205.2603,0.00028158,0.00028158,,0.0090332,24.0,24.0,
2026-02-16,ibm_fez,39,113.8198,125.8408,0.0005476,0.0005476,,0.01757812,24.0,24.0,
2026-02-15,ibm_fez,20,70.3041,96.2719,0.00013187,0.00013187,0.00268095,0.01208496,24.0,24.0,68.0
2026-02-15,ibm_fez,21,181.6822,146.9283,0.00024449,0.00024449,0.00237071,0.00939941,24.0,24.0,68.0
2026-02-15,ibm_fez,22,89.4317,92.8782,0.0001776,0.0001776,0.00169554,0.00488281,24.0,24.0,68.0
2026-02-15,ibm_fez,23,155.0887,169.2022,0.00016923,0.00016923,0.00460634,0.00427246,24.0,24.0,68.0
2026-02-15,ibm_fez,24,108.8028,112.3319,0.00103451,0.00103451,0.01877947,0.01745605,24.0,24.0,68.0
2026-02-15,ibm_fez,25,145.0356,126.4849,0.00019147,0.00019147,0.00227787,0.03503418,24.0,24.0,68.0
2026-02-15,ibm_fez,26,157.1451,113.2627,0.00033057,0.00033057,0.02252927,0.01623535,24.0,24.0,68.0
2026-02-15,ibm_fez,27,111.2682,94.1527,0.0066196,0.0066196,1.0,0.0168457,24.0,24.0,68.0
2026-02-15,ibm_fez,28,135.6313,141.1605,0.00019362,0.00019362,0.0036809,0.00927734,24.0,24.0,68.0
2026-02-15,ibm_fez,29,197.6677,45.8289,0.00024446,0.00024446,0.00211679,0.01513672,24.0,24.0,68.0
2026-02-15,ibm_fez,30,120.8498,103.6069,0.00026856,0.00026856,0.0027359,0.00866699,24.0,24.0,68.0
2026-02-15,ibm_fez,31,47.7156,43.8482,0.00032756,0.00032756,0.03627677,0.02062988,24.0,24.0,68.0
2026-02-15,ibm_fez,32,102.2829,55.1374,0.00017051,0.00017051,1.0,0.04345703,24.0,24.0,68.0
2026-02-15,ibm_fez,33,150.1826,97.7895,0.00019069,0.00019069,0.00227387,0.01745605,24.0,24.0,68.0
2026-02-15,ibm_fez,34,94.0103,55.8226,0.00062212,0.00062212,0.00189845,0.01318359,24.0,24.0,68.0
2026-02-15,ibm_fez,35,174.3921,47.0955,0.00026842,0.00026842,,0.01477051,24.0,24.0,
2026-02-15,ibm_fez,36,182.63,126.2509,0.00043127,0.00043127,,0.03149414,24.0,24.0,
2026-02-15,ibm_fez,37,175.5943,191.2223,0.0001969,0.0001969,,0.01525879,24.0,24.0,
2026-02-15,ibm_fez,38,105.42,144.1664,0.00020352,0.00020352,,0.00854492,24.0,24.0,
2026-02-15,ibm_fez,39,137.5092,163.601,0.00047763,0.00047763,,0.01330566,24.0,24.0,
2026-02-14,ibm_fez,20,123.0126,136.0995,0.00031653,0.00031653,0.00309849,0.02575684,24.0,24.0,68.0
2026-02-14,ibm_fez,21,181.6822,166.7166,0.00029268,0.00029268,0.00259058,0.01452637,24.0,24.0,68.0
2026-02-14,ibm_fez,22,142.813,67.1949,0.00020589,0.00020589,0.00154128,0.00476074,24.0,24.0,68.0
2026-02-14,ibm_fez,23,119.6435,98.4637,0.00019909,0.00019909,0.00423411,0.00610352,24.0,24.0,68.0
2026-02-14,ibm_fez,24,153.5228,162.0437,0.00109656,0.00109656,0.02003445,0.01806641,24.0,24.0,68.0
2026-02-14,ibm_fez,25,165.1865,102.2216,0.00014927,0.00014927,0.00223293,0.03271484,24.0,24.0,68.0
2026-02-14,ibm_fez,26,164.1811,110.0256,0.00022804,0.00022804,0.02228717,0.01940918,24.0,24.0,68.0
2026-02-14,ibm_fez,27,111.2682,123.6221,0.0042142,0.0042142,1.0,0.01855469,24.0,24.0,68.0
2026-02-14,ibm_fez,28,238.6109,237.6947,0.00024785,0.00024785,0.00378122,0.01074219,24.0,24.0,68.0
2026-02-14,ibm_fez,29,153.3943,43.3291,0.00024619,0.00024619,0.00246118,0.01843262,24.0,24.0,68.0
2026-02-14,ibm_fez,30,147.5292,125.3956,0.00036997,0.00036997,0.00285295,0.00891113,24.0,24.0,68.0
2026-02-14,ibm_fez,31,52.9642,48.1032,0.0004241,0.0004241,0.03186051,0.01416016,24.0,24.0,68.0
2026-02-14,ibm_fez,32,157.5315,146.7927,0.00022476,0.00022476,1.0,0.03271484,24.0,24.0,68.0
2026-02-14,ibm_fez,33,103.7147,93.302,0.0002176,0.0002176,0.0024377,0.01586914,24.0,24.0,68.0
2026-02-14,ibm_fez,34,144.23,59.161,0.00060469,0.00060469,0.00187672,0.01245117,24.0,24.0,68.0
2026-02-14,ibm_fez,35,194.2211,39.5162,0.00033909,0.00033909,,0.01928711,24.0,24.0,
2026-02-14,ibm_fez,36,140.8888,108.3435,0.00060639,0.00060639,,0.03149414,24.0,24.0,
2026-02-14,ibm_fez,37,201.5582,246.7787,0.00025518,0.00025518,,0.01013184,24.0,24.0,
2026-02-14,ibm_fez,38,154.8862,185.8913,0.00024971,0.00024971,,0.0135498,24.0,24.0,
2026-02-14,ibm_fez,39,138.3634,157.0187,0.00045719,0.00045719,,0.01599121,24.0,24.0,
2026-02-13,ibm_fez,20,149.6166,181.3649,0.0004293,0.0004293,0.00349591,0.01293945,24.0,24.0,68.0
2026-02-13,ibm_fez,21,227.8681,188.6024,0.00035443,0.00035443,0.00244732,0.01318359,24.0,24.0,68.0
2026-02-13,ibm_fez,22,176.0056,155.0268,0.00040121,0.00040121,0.00159049,0.00683594,24.0,24.0,68.0
2026-02-13,ibm_fez,23,109.3669,122.8317,0.00078999,0.00078999,0.00420945,0.0065918,24.0,24.0,68.0
2026-02-13,ibm_fez,24,127.2833,162.2483,0.00083414,0.00083414,0.01767955,0.01794434,24.0,24.0,68.0
2026-02-13,ibm_fez,25,208.7614,129.7671,0.0002073,0.0002073,0.00339531,0.02209473,24.0,24.0,68.0
2026-02-13,ibm_fez,26,146.1454,112.9383,0.00027815,0.00027815,0.03126403,0.0168457,24.0,24.0,68.0
2026-02-13,ibm_fez,27,88.17,94.5322,0.00409998,0.00409998,1.0,0.01696777,24.0,24.0,68.0
2026-02-13,ibm_fez,28,107.687,100.4747,0.0002693,0.0002693,0.0038945,0.00671387,24.0,24.0,68.0
2026-02-13,ibm_fez,29,60.431,33.0785,0.00019426,0.00019426,0.00216612,0.02038574,24.0,24.0,68.0
2026-02-13,ibm_fez,30,135.7458,114.0643,0.00034136,0.00034136,0.00300435,0.0090332,24.0,24.0,68.0
2026-02-13,ibm_fez,31,52.9642,44.5994,0.00040464,0.00040464,0.04055795,0.01696777,24.0,24.0,68.0
2026-02-13,ibm_fez,32,114.0476,169.054,0.00043946,0.00043946,1.0,0.03515625,24.0,24.0,68.0
2026-02-13,ibm_fez,33,136.0024,134.5441,0.000303,0.000303,0.00205316,0.01416016,24.0,24.0,68.0
2026-02-13,ibm_fez,34,191.3271,92.8689,0.00046954,0.00046954,0.00200102,0.01293945,24.0,24.0,68.0
2026-02-13,ibm_fez,35,101.4963,33.7129,0.00022652,0.00022652,,0.01672363,24.0,24.0,
2026-02-13,ibm_fez,36,140.3157,122.7931,0.00033476,0.00033476,,0.03137207,24.0,24.0,
2026-02-13,ibm_fez,37,147.4178,189.2926,0.00025201,0.00025201,,0.01086426,24.0,24.0,
2026-02-13,ibm_fez,38,117.3754,93.6061,0.00037721,0.00037721,,0.01123047,24.0,24.0,
2026-02-13,ibm_fez,39,201.5169,226.8721,0.00054379,0.00054379,,0.02026367,24.0,24.0,
2026-02-12,ibm_fez,20,124.0465,123.7668,0.00105984,0.00105984,0.00720842,0.01403809,24.0,24.0,68.0
2026-02-12,ibm_fez,21,253.2188,212.0294,0.00026662,0.00026662,0.00262568,0.01135254,24.0,24.0,68.0
2026-02-12,ibm_fez,22,121.1432,47.8209,0.00018362,0.00018362,0.00171632,0.00500488,24.0,24.0,68.0
2026-02-12,ibm_fez,23,125.1887,149.1662,0.00019649,0.00019649,0.00244973,0.0057373,24.0,24.0,68.0
2026-02-12,ibm_fez,24,165.0977,129.9748,0.0013524,0.0013524,0.00909427,0.01464844,24.0,24.0,68.0
2026-02-12,ibm_fez,25,93.8721,84.6411,0.00020172,0.00020172,0.00256671,0.02392578,24.0,24.0,68.0
2026-02-12,ibm_fez,26,175.82,122.2941,0.00018317,0.00018317,0.02470237,0.0144043,24.0,24.0,68.0
2026-02-12,ibm_fez,27,119.4289,146.3804,0.00380673,0.00380673,1.0,0.0177002,24.0,24.0,68.0
2026-02-12,ibm_fez,28,166.8379,142.3547,0.00026614,0.00026614,0.00361765,0.0090332,24.0,24.0,68.0
2026-02-12,ibm_fez,29,168.6405,46.4128,0.00024903,0.00024903,0.00200077,0.01281738,24.0,24.0,68.0
2026-02-12,ibm_fez,30,132.8817,119.2287,0.00031554,0.00031554,0.00261537,0.00878906,24.0,24.0,68.0
2026-02-12,ibm_fez,31,83.4086,38.8169,0.0005728,0.0005728,0.03863805,0.11486816,24.0,24.0,68.0
2026-02-12,ibm_fez,32,140.4865,101.4781,0.00027933,0.00027933,1.0,0.03723145,24.0,24.0,68.0
2026-02-12,ibm_fez,33,169.2631,120.3886,0.00017409,0.00017409,0.00204177,0.01904297,24.0,24.0,68.0
2026-02-12,ibm_fez,34,136.8226,63.924,0.00051795,0.00051795,0.00197943,0.0123291,24.0,24.0,68.0
2026-02-12,ibm_fez,35,176.7721,45.3518,0.0003521,0.0003521,,0.01379395,24.0,24.0,
2026-02-12,ibm_fez,36,104.5043,105.8327,0.00045061,0.00045061,,0.0333252,24.0,24.0,
2026-02-12,ibm_fez,37,85.7467,109.238,0.00025642,0.00025642,,0.01062012,24.0,24.0,
2026-02-12,ibm_fez,38,119.3229,165.8653,0.00027201,0.00027201,,0.01000977,24.0,24.0,
2026-02-12,ibm_fez,39,136.8425,165.5889,0.00050637,0.00050637,,0.01782227,24.0,24.0,
2026-02-11,ibm_fez,20,195.381,201.671,0.00025842,0.00025842,0.0060532,0.01245117,24.0,24.0,68.0
2026-02-11,ibm_fez,21,114.0319,119.0335,0.00027146,0.00027146,0.00262568,0.01025391,24.0,24.0,68.0
2026-02-11,ibm_fez,22,121.1432,110.7612,0.00019762,0.00019762,0.00166887,0.00646973,24.0,24.0,68.0
2026-02-11,ibm_fez,23,222.6635,216.0512,0.00014532,0.00014532,0.00440731,0.00671387,24.0,24.0,68.0
2026-02-11,ibm_fez,24,189.6734,174.8112,0.00086058,0.00086058,0.02253861,0.01538086,24.0,24.0,68.0
2026-02-11,ibm_fez,25,229.0987,152.3218,0.00019754,0.00019754,0.00348905,0.02453613,24.0,24.0,68.0
2026-02-11,ibm_fez,26,127.5863,94.6544,0.00035136,0.00035136,0.0250338,0.01647949,24.0,24.0,68.0
2026-02-11,ibm_fez,27,150.2877,131.377,0.00449328,0.00449328,1.0,0.01623535,24.0,24.0,68.0
2026-02-11,ibm_fez,28,186.7915,192.8613,0.00016983,0.00016983,0.00362573,0.00476074,24.0,24.0,68.0
2026-02-11,ibm_fez,29,198.551,51.5902,0.00021094,0.00021094,0.00210498,0.01696777,24.0,24.0,68.0
2026-02-11,ibm_fez,30,189.5523,131.4434,0.00014776,0.00014776,0.00270182,0.0111084,24.0,24.0,68.0
2026-02-11,ibm_fez,31,83.4086,60.6344,0.0005728,0.0005728,0.04835749,0.11303711,24.0,24.0,68.0
2026-02-11,ibm_fez,32,116.7978,128.0802,0.00040228,0.00040228,1.0,0.0300293,24.0,24.0,68.0
2026-02-11,ibm_fez,33,171.2106,170.5199,0.00038351,0.00038351,0.00208271,0.01867676,24.0,24.0,68.0
2026-02-11,ibm_fez,34,165.7192,80.9297,0.00041455,0.00041455,0.00207532,0.0111084,24.0,24.0,68.0
2026-02-11,ibm_fez,35,157.2346,41.8846,0.00024359,0.00024359,,0.01794434,24.0,24.0,
2026-02-11,ibm_fez,36,174.8681,139.5834,0.00039609,0.00039609,,0.01989746,24.0,24.0,
2026-02-11,ibm_fez,37,130.7976,140.1892,0.00021286,0.00021286,,0.01086426,24.0,24.0,
2026-02-11,ibm_fez,38,169.634,215.2605,0.00032608,0.00032608,,0.01916504,24.0,24.0,
2026-02-11,ibm_fez,39,125.6985,123.77,0.00071547,0.00071547,,0.01818848,24.0,24.0,
2026-02-10,ibm_fez,20,163.1372,178.3179,0.00078174,0.00078174,0.00320711,0.01330566,24.0,24.0,68.0
2026-02-10,ibm_fez,21,131.9658,127.6466,0.00018814,0.00018814,0.00240502,0.00854492,24.0,24.0,68.0
2026-02-10,ibm_fez,22,145.3556,20.1663,0.00032747,0.00032747,0.0015555,0.00756836,24.0,24.0,68.0
2026-02-10,ibm_fez,23,154.789,200.3644,0.00013712,0.00013712,0.00437788,0.00476074,24.0,24.0,68.0
2026-02-10,ibm_fez,24,134.6621,160.8863,0.00085509,0.00085509,0.02195173,0.01660156,24.0,24.0,68.0
2026-02-10,ibm_fez,25,158.9151,112.3108,0.00018864,0.00018864,0.00208992,0.02722168,24.0,24.0,68.0
2026-02-10,ibm_fez,26,99.3365,84.6104,0.00027019,0.00027019,0.02393517,0.02062988,24.0,24.0,68.0
2026-02-10,ibm_fez,27,146.918,142.4221,0.00547685,0.00547685,1.0,0.02050781,24.0,24.0,68.0
2026-02-10,ibm_fez,28,160.7086,157.5695,0.00049085,0.00049085,0.00354469,0.01013184,24.0,24.0,68.0
2026-02-10,ibm_fez,29,204.0287,51.2819,0.00025229,0.00025229,0.00245036,0.01220703,24.0,24.0,68.0
2026-02-10,ibm_fez,30,137.8025,121.1059,0.0002341,0.0002341,0.00362044,0.00683594,24.0,24.0,68.0
2026-02-10,ibm_fez,31,110.3833,74.1232,0.00050005,0.00050005,0.05857932,0.01525879,24.0,24.0,68.0
2026-02-10,ibm_fez,32,114.7929,133.4292,0.00062237,0.00062237,1.0,0.04016113,24.0,24.0,68.0
2026-02-10,ibm_fez,33,122.303,123.4239,0.00021703,0.00021703,0.00230707,0.01843262,24.0,24.0,68.0
2026-02-10,ibm_fez,34,136.6667,76.1529,0.00050987,0.00050987,0.0017524,0.02539062,24.0,24.0,68.0
2026-02-10,ibm_fez,35,170.3729,41.1355,0.0003006,0.0003006,,0.01660156,24.0,24.0,
2026-02-10,ibm_fez,36,105.2148,85.4934,0.00060304,0.00060304,,0.00634766,24.0,24.0,
2026-02-10,ibm_fez,37,166.6318,204.8068,0.00022913,0.00022913,,0.01184082,24.0,24.0,
2026-02-10,ibm_fez,38,135.4559,155.6767,0.00021248,0.00021248,,0.01025391,24.0,24.0,
2026-02-10,ibm_fez,39,131.9045,141.5746,0.00046274,0.00046274,,0.01672363,24.0,24.0,
2026-02-09,ibm_fez,20,163.1372,178.3179,0.00078174,0.00078174,0.00320711,0.01123047,24.0,24.0,68.0
2026-02-09,ibm_fez,21,131.9658,127.6466,0.00018814,0.00018814,0.00240502,0.00939941,24.0,24.0,68.0
2026-02-09,ibm_fez,22,145.3556,20.1663,0.00032747,0.00032747,0.0015555,0.00549316,24.0,24.0,68.0
2026-02-09,ibm_fez,23,154.789,200.3644,0.00013712,0.00013712,0.00437788,0.00695801,24.0,24.0,68.0
2026-02-09,ibm_fez,24,134.6621,160.8863,0.00085509,0.00085509,0.02195173,0.01379395,24.0,24.0,68.0
2026-02-09,ibm_fez,25,158.9151,112.3108,0.00018864,0.00018864,0.00208992,0.02270508,24.0,24.0,68.0
2026-02-09,ibm_fez,26,99.3365,84.6104,0.00027019,0.00027019,0.02393517,0.01611328,24.0,24.0,68.0
2026-02-09,ibm_fez,27,146.918,142.4221,0.00547685,0.00547685,1.0,0.01806641,24.0,24.0,68.0
2026-02-09,ibm_fez,28,160.7086,157.5695,0.00049085,0.00049085,0.00354469,0.00622559,24.0,24.0,68.0
2026-02-09,ibm_fez,29,204.0287,51.2819,0.00025229,0.00025229,0.00245036,0.01489258,24.0,24.0,68.0
2026-02-09,ibm_fez,30,137.8025,121.1059,0.0002341,0.0002341,0.00362044,0.01013184,24.0,24.0,68.0
2026-02-09,ibm_fez,31,110.3833,74.1232,0.00050005,0.00050005,0.05857932,0.01269531,24.0,24.0,68.0
2026-02-09,ibm_fez,32,114.7929,133.4292,0.00062237,0.00062237,1.0,0.0390625,24.0,24.0,68.0
2026-02-09,ibm_fez,33,122.303,123.4239,0.00021703,0.00021703,0.00230707,0.01782227,24.0,24.0,68.0
2026-02-09,ibm_fez,34,136.6667,76.1529,0.00050987,0.00050987,0.0017524,0.01550293,24.0,24.0,68.0
2026-02-09,ibm_fez,35,170.3729,41.1355,0.0003006,0.0003006,,0.01794434,24.0,24.0,
2026-02-09,ibm_fez,36,105.2148,85.4934,0.00060304,0.00060304,,0.01074219,24.0,24.0,
2026-02-09,ibm_fez,37,166.6318,204.8068,0.00022913,0.00022913,,0.01123047,24.0,24.0,
2026-02-09,ibm_fez,38,135.4559,155.6767,0.00021248,0.00021248,,0.02185059,24.0,24.0,
2026-02-09,ibm_fez,39,131.9045,141.5746,0.00046274,0.00046274,,0.01696777,24.0,24.0,
2026-02-08,ibm_fez,20,96.214,101.456,0.00022291,0.00022291,0.00454955,0.01318359,24.0,24.0,68.0
2026-02-08,ibm_fez,21,157.6726,149.9883,0.00023597,0.00023597,0.00252023,0.01037598,24.0,24.0,68.0
2026-02-08,ibm_fez,22,145.3556,121.8232,0.00032747,0.00032747,0.00179375,0.00793457,24.0,24.0,68.0
2026-02-08,ibm_fez,23,268.3818,245.0875,0.0002828,0.0002828,0.00562646,0.00671387,24.0,24.0,68.0
2026-02-08,ibm_fez,24,131.5384,137.1097,0.00103235,0.00103235,0.02527014,0.01123047,24.0,24.0,68.0
2026-02-08,ibm_fez,25,210.3102,137.3237,0.00040302,0.00040302,0.00376195,0.02331543,24.0,24.0,68.0
2026-02-08,ibm_fez,26,136.8341,106.3198,0.00032931,0.00032931,0.02744766,0.01599121,24.0,24.0,68.0
2026-02-08,ibm_fez,27,109.9106,115.1015,0.00467228,0.00467228,1.0,0.02001953,24.0,24.0,68.0
2026-02-08,ibm_fez,28,144.2812,156.4764,0.00049085,0.00049085,0.00427981,0.00769043,24.0,24.0,68.0
2026-02-08,ibm_fez,29,195.5129,51.032,0.00021254,0.00021254,0.00203728,0.01318359,24.0,24.0,68.0
2026-02-08,ibm_fez,30,149.2519,118.9318,0.0002869,0.0002869,0.00270293,0.00561523,24.0,24.0,68.0
2026-02-08,ibm_fez,31,156.9357,64.4908,0.00048893,0.00048893,0.04014401,0.01293945,24.0,24.0,68.0
2026-02-08,ibm_fez,32,160.4632,153.4398,0.00032393,0.00032393,1.0,0.06652832,24.0,24.0,68.0
2026-02-08,ibm_fez,33,142.0458,60.7424,0.00021373,0.00021373,0.00220056,0.01916504,24.0,24.0,68.0
2026-02-08,ibm_fez,34,155.4146,70.6099,0.00094413,0.00094413,0.00162309,0.01318359,24.0,24.0,68.0
2026-02-08,ibm_fez,35,182.6622,45.465,0.00024078,0.00024078,,0.01550293,24.0,24.0,
2026-02-08,ibm_fez,36,185.8895,144.8608,0.00037142,0.00037142,,0.01196289,24.0,24.0,
2026-02-08,ibm_fez,37,77.9411,86.9027,0.00024407,0.00024407,,0.01147461,24.0,24.0,
2026-02-08,ibm_fez,38,172.4494,158.7477,0.00028755,0.00028755,,0.00939941,24.0,24.0,
2026-02-08,ibm_fez,39,187.9527,221.5446,0.00077697,0.00077697,,0.01794434,24.0,24.0,
2026-02-07,ibm_fez,20,155.4063,165.7797,0.00050617,0.00050617,0.00276027,0.01257324,24.0,24.0,68.0
2026-02-07,ibm_fez,21,271.3098,189.8236,0.00032841,0.00032841,0.0027003,0.01062012,24.0,24.0,68.0
2026-02-07,ibm_fez,22,100.989,107.6561,0.00014175,0.00014175,0.00205946,0.00537109,24.0,24.0,68.0
2026-02-07,ibm_fez,23,209.2705,179.137,0.00013396,0.00013396,0.00578045,0.00390625,24.0,24.0,68.0
2026-02-07,ibm_fez,24,137.3774,138.9478,0.00126508,0.00126508,0.02321365,0.01477051,24.0,24.0,68.0
2026-02-07,ibm_fez,25,246.7752,137.4237,0.00040302,0.00040302,0.0025661,0.02111816,24.0,24.0,68.0
2026-02-07,ibm_fez,26,155.9299,114.4638,0.00020482,0.00020482,0.02658154,0.01928711,24.0,24.0,68.0
2026-02-07,ibm_fez,27,114.7141,131.3074,0.00530283,0.00530283,1.0,0.01940918,24.0,24.0,68.0
2026-02-07,ibm_fez,28,119.8285,123.7863,0.00025333,0.00025333,0.00378345,0.0065918,24.0,24.0,68.0
2026-02-07,ibm_fez,29,256.1252,56.4962,0.00019179,0.00019179,0.00194327,0.00927734,24.0,24.0,68.0
2026-02-07,ibm_fez,30,142.6004,117.9537,0.00038262,0.00038262,0.00275765,0.01855469,24.0,24.0,68.0
2026-02-07,ibm_fez,31,83.4399,63.1661,0.00046713,0.00046713,0.05069063,0.01550293,24.0,24.0,68.0
2026-02-07,ibm_fez,32,176.0127,143.7931,0.0002591,0.0002591,1.0,0.03076172,24.0,24.0,68.0
2026-02-07,ibm_fez,33,109.1889,137.201,0.00027177,0.00027177,0.00278061,0.01708984,24.0,24.0,68.0
2026-02-07,ibm_fez,34,151.336,73.7451,0.00097442,0.00097442,0.00225406,0.01293945,24.0,24.0,68.0
2026-02-07,ibm_fez,35,135.2976,46.383,0.00026124,0.00026124,,0.01708984,24.0,24.0,
2026-02-07,ibm_fez,36,140.8537,103.3894,0.00057607,0.00057607,,0.01037598,24.0,24.0,
2026-02-07,ibm_fez,37,120.601,135.9121,0.00028009,0.00028009,,0.0111084,24.0,24.0,
2026-02-07,ibm_fez,38,127.0892,157.5717,0.00036125,0.00036125,,0.01171875,24.0,24.0,
2026-02-07,ibm_fez,39,65.8219,87.9486,0.00037655,0.00037655,,0.01428223,24.0,24.0,
2026-02-06,ibm_fez,20,97.6417,106.002,0.00035131,0.00035131,0.00286645,0.01428223,24.0,24.0,68.0
2026-02-06,ibm_fez,21,242.4955,181.0914,0.00053389,0.00053389,0.00215241,0.01013184,24.0,24.0,68.0
2026-02-06,ibm_fez,22,176.7083,148.307,0.00054984,0.00054984,0.00166277,0.00598145,24.0,24.0,68.0
2026-02-06,ibm_fez,23,303.8309,334.4186,0.00022991,0.00022991,0.00465745,0.00537109,24.0,24.0,68.0
2026-02-06,ibm_fez,24,175.286,197.4213,0.00081526,0.00081526,0.02313357,0.02233887,24.0,24.0,68.0
2026-02-06,ibm_fez,25,140.2855,102.4719,0.00019056,0.00019056,0.00263976,0.02416992,24.0,24.0,68.0
2026-02-06,ibm_fez,26,174.0248,118.5539,0.00027806,0.00027806,0.030333,0.01501465,24.0,24.0,68.0
2026-02-06,ibm_fez,27,104.5419,101.9117,0.00511397,0.00511397,1.0,0.01989746,24.0,24.0,68.0
2026-02-06,ibm_fez,28,173.7056,165.8458,0.00020438,0.00020438,0.00402625,0.00646973,24.0,24.0,68.0
2026-02-06,ibm_fez,29,136.9118,50.0234,0.00027868,0.00027868,0.00256021,0.01403809,24.0,24.0,68.0
2026-02-06,ibm_fez,30,153.9394,119.9188,0.00033409,0.00033409,0.0031547,0.00854492,24.0,24.0,68.0
2026-02-06,ibm_fez,31,115.1988,81.6948,0.00043046,0.00043046,0.0345664,0.01538086,24.0,24.0,68.0
2026-02-06,ibm_fez,32,141.1368,132.0358,0.00032224,0.00032224,1.0,0.03735352,24.0,24.0,68.0
2026-02-06,ibm_fez,33,185.0664,143.309,0.00031364,0.00031364,0.002735,0.0168457,24.0,24.0,68.0
2026-02-06,ibm_fez,34,214.689,85.5856,0.00054228,0.00054228,0.00196075,0.01269531,24.0,24.0,68.0
2026-02-06,ibm_fez,35,140.3508,37.9645,0.00023927,0.00023927,,0.01513672,24.0,24.0,
2026-02-06,ibm_fez,36,190.3834,152.3143,0.00032153,0.00032153,,0.00927734,24.0,24.0,
2026-02-06,ibm_fez,37,136.7131,128.7214,0.00029216,0.00029216,,0.01135254,24.0,24.0,
2026-02-06,ibm_fez,38,154.9727,152.1416,0.00025501,0.00025501,,0.01269531,24.0,24.0,
2026-02-06,ibm_fez,39,120.4758,157.5133,0.00060334,0.00060334,,0.01708984,24.0,24.0,
2026-02-05,ibm_fez,20,182.1635,173.9349,0.00032765,0.00032765,0.00265297,0.01477051,24.0,24.0,68.0
2026-02-05,ibm_fez,21,239.2316,186.5175,0.00018891,0.00018891,0.00218186,0.00964355,24.0,24.0,68.0
2026-02-05,ibm_fez,22,216.6301,157.6644,0.00027327,0.00027327,0.00153617,0.00878906,24.0,24.0,68.0
2026-02-05,ibm_fez,23,109.5215,136.4388,0.0002084,0.0002084,0.0037365,0.00915527,24.0,24.0,68.0
2026-02-05,ibm_fez,24,203.487,200.9474,0.00089539,0.00089539,0.02427325,0.015625,24.0,24.0,68.0
2026-02-05,ibm_fez,25,162.9647,114.7365,0.00036836,0.00036836,0.00293588,0.02441406,24.0,24.0,68.0
2026-02-05,ibm_fez,26,123.5549,105.6169,0.00019772,0.00019772,0.03073676,0.01477051,24.0,24.0,68.0
2026-02-05,ibm_fez,27,113.4158,119.1565,0.00513052,0.00513052,1.0,0.02380371,24.0,24.0,68.0
2026-02-05,ibm_fez,28,217.2201,225.2083,0.00025651,0.00025651,0.00324812,0.0065918,24.0,24.0,68.0
2026-02-05,ibm_fez,29,104.983,39.8496,0.00017766,0.00017766,0.00203744,0.01184082,24.0,24.0,68.0
2026-02-05,ibm_fez,30,97.0081,95.3472,0.00028254,0.00028254,0.00308755,0.00756836,24.0,24.0,68.0
2026-02-05,ibm_fez,31,127.8618,52.1069,0.00052965,0.00052965,0.05222402,0.01452637,24.0,24.0,68.0
2026-02-05,ibm_fez,32,145.3109,128.8206,0.00024678,0.00024678,1.0,0.04956055,24.0,24.0,68.0
2026-02-05,ibm_fez,33,137.8681,127.3632,0.00024608,0.00024608,0.00209913,0.01696777,24.0,24.0,68.0
2026-02-05,ibm_fez,34,186.0844,85.5966,0.0004234,0.0004234,0.00171853,0.01184082,24.0,24.0,68.0
2026-02-05,ibm_fez,35,175.2842,46.7035,0.0003223,0.0003223,,0.02197266,24.0,24.0,
2026-02-05,ibm_fez,36,174.961,141.0913,0.00047169,0.00047169,,0.01599121,24.0,24.0,
2026-02-05,ibm_fez,37,173.4702,59.1861,0.00024326,0.00024326,,0.0090332,24.0,24.0,
2026-02-05,ibm_fez,38,155.0962,139.5623,0.00032551,0.00032551,,0.01074219,24.0,24.0,
2026-02-05,ibm_fez,39,155.9249,190.958,0.00064036,0.00064036,,0.01208496,24.0,24.0,
2026-02-04,ibm_fez,20,153.3938,178.1678,0.00042521,0.00042521,0.00332361,0.01501465,24.0,24.0,68.0
2026-02-04,ibm_fez,21,183.5442,162.1718,0.00020826,0.00020826,0.00288919,0.01062012,24.0,24.0,68.0
2026-02-04,ibm_fez,22,129.9831,114.3336,0.00021345,0.00021345,0.00151216,0.00634766,24.0,24.0,68.0
2026-02-04,ibm_fez,23,146.4332,169.2662,0.00016618,0.00016618,0.00351458,0.00561523,24.0,24.0,68.0
2026-02-04,ibm_fez,24,135.1455,152.0071,0.00154758,0.00154758,0.01921169,0.01721191,24.0,24.0,68.0
2026-02-04,ibm_fez,25,119.7526,114.1678,0.00026145,0.00026145,0.00314131,0.02258301,24.0,24.0,68.0
2026-02-04,ibm_fez,26,156.5671,111.0542,0.00027315,0.00027315,0.02806079,0.01513672,24.0,24.0,68.0
2026-02-04,ibm_fez,27,139.0361,159.6623,0.0055916,0.0055916,1.0,0.02258301,24.0,24.0,68.0
2026-02-04,ibm_fez,28,241.5999,241.0108,0.00024281,0.00024281,0.00326177,0.00683594,24.0,24.0,68.0
2026-02-04,ibm_fez,29,187.8782,45.4166,0.00024246,0.00024246,0.00242814,0.01525879,24.0,24.0,68.0
2026-02-04,ibm_fez,30,157.4507,142.9965,0.00025061,0.00025061,0.00259105,0.0123291,24.0,24.0,68.0
2026-02-04,ibm_fez,31,110.0836,71.7895,0.00056709,0.00056709,0.06719311,0.02502441,24.0,24.0,68.0
2026-02-04,ibm_fez,32,114.9069,126.5941,0.0002598,0.0002598,1.0,0.03161621,24.0,24.0,68.0
2026-02-04,ibm_fez,33,146.8069,168.6386,0.00027244,0.00027244,0.00236993,0.01379395,24.0,24.0,68.0
2026-02-04,ibm_fez,34,210.5026,84.4199,0.0003512,0.0003512,0.00182579,0.00866699,24.0,24.0,68.0
2026-02-04,ibm_fez,35,151.6136,35.5841,0.00022206,0.00022206,,0.0168457,24.0,24.0,
2026-02-04,ibm_fez,36,93.7243,83.1824,0.00048512,0.00048512,,0.01013184,24.0,24.0,
2026-02-04,ibm_fez,37,173.4702,194.8988,0.00046667,0.00046667,,0.01074219,24.0,24.0,
2026-02-04,ibm_fez,38,159.8498,191.171,0.00025801,0.00025801,,0.01098633,24.0,24.0,
2026-02-04,ibm_fez,39,187.672,196.4621,0.0004374,0.0004374,,0.01745605,24.0,24.0,
2026-02-03,ibm_fez,20,112.6713,120.1818,0.00041308,0.00041308,0.00397669,0.00891113,24.0,24.0,68.0
2026-02-03,ibm_fez,21,254.2221,203.4965,0.00025794,0.00025794,0.00274466,0.01000977,24.0,24.0,68.0
2026-02-03,ibm_fez,22,122.4073,112.7766,0.00023104,0.00023104,0.00248868,0.00671387,24.0,24.0,68.0
2026-02-03,ibm_fez,23,144.2229,168.4366,0.00017355,0.00017355,0.00259049,0.00720215,24.0,24.0,68.0
2026-02-03,ibm_fez,24,157.5122,171.6163,0.00166817,0.00166817,0.00957783,0.0177002,24.0,24.0,68.0
2026-02-03,ibm_fez,25,230.1376,133.6397,0.00021743,0.00021743,0.00264899,0.02478027,24.0,24.0,68.0
2026-02-03,ibm_fez,26,94.8952,88.1409,0.00022302,0.00022302,0.02487064,0.01550293,24.0,24.0,68.0
2026-02-03,ibm_fez,27,108.7297,121.0125,0.00580819,0.00580819,1.0,0.01867676,24.0,24.0,68.0
2026-02-03,ibm_fez,28,146.826,130.5618,0.00028566,0.00028566,0.00452437,0.00610352,24.0,24.0,68.0
2026-02-03,ibm_fez,29,62.2418,16.4928,0.0002502,0.0002502,0.00244519,0.01196289,24.0,24.0,68.0
2026-02-03,ibm_fez,30,112.5346,111.7373,0.00020678,0.00020678,0.00377612,0.01074219,24.0,24.0,68.0
2026-02-03,ibm_fez,31,134.1231,81.8613,0.00040512,0.00040512,0.03488689,0.01147461,24.0,24.0,68.0
2026-02-03,ibm_fez,32,162.074,109.5415,0.00031687,0.00031687,1.0,0.03759766,24.0,24.0,68.0
2026-02-03,ibm_fez,33,146.8069,131.057,0.00024835,0.00024835,0.00201766,0.0177002,24.0,24.0,68.0
2026-02-03,ibm_fez,34,126.5823,71.4848,0.00091206,0.00091206,0.00187352,0.01159668,24.0,24.0,68.0
2026-02-03,ibm_fez,35,177.6456,53.1086,0.0002709,0.0002709,,0.01660156,24.0,24.0,
2026-02-03,ibm_fez,36,141.6523,128.6842,0.00041883,0.00041883,,0.01513672,24.0,24.0,
2026-02-03,ibm_fez,37,162.8196,175.6966,0.00029212,0.00029212,,0.01196289,24.0,24.0,
2026-02-03,ibm_fez,38,125.7149,152.7577,0.00043223,0.00043223,,0.0111084,24.0,24.0,
2026-02-03,ibm_fez,39,113.2926,146.9401,0.00081312,0.00081312,,0.01245117,24.0,24.0,
2026-02-02,ibm_fez,20,112.6713,120.1818,0.00041308,0.00041308,0.00344354,0.01293945,24.0,24.0,68.0
2026-02-02,ibm_fez,21,254.2221,203.4965,0.00025794,0.00025794,0.00280694,0.00805664,24.0,24.0,68.0
2026-02-02,ibm_fez,22,122.4073,112.7766,0.00023104,0.00023104,0.00187413,0.00708008,24.0,24.0,68.0
2026-02-02,ibm_fez,23,144.2229,168.4366,0.00017355,0.00017355,0.00413357,0.00341797,24.0,24.0,68.0
2026-02-02,ibm_fez,24,157.5122,171.6163,0.00166817,0.00166817,0.01856502,0.01855469,24.0,24.0,68.0
2026-02-02,ibm_fez,25,230.1376,133.6397,0.00021743,0.00021743,0.002616,0.02270508,24.0,24.0,68.0
2026-02-02,ibm_fez,26,94.8952,88.1409,0.00022302,0.00022302,0.02963635,0.01513672,24.0,24.0,68.0
2026-02-02,ibm_fez,27,108.7297,121.0125,0.00580819,0.00580819,1.0,0.01611328,24.0,24.0,68.0
2026-02-02,ibm_fez,28,146.826,130.5618,0.00028566,0.00028566,0.00397029,0.00537109,24.0,24.0,68.0
2026-02-02,ibm_fez,29,62.2418,16.4928,0.0002502,0.0002502,0.00269688,0.01855469,24.0,24.0,68.0
2026-02-02,ibm_fez,30,112.5346,111.7373,0.00020678,0.00020678,0.00290436,0.00927734,24.0,24.0,68.0
2026-02-02,ibm_fez,31,134.1231,81.8613,0.00040512,0.00040512,0.04205026,0.0222168,24.0,24.0,68.0
2026-02-02,ibm_fez,32,162.074,109.5415,0.00031687,0.00031687,1.0,0.03759766,24.0,24.0,68.0
2026-02-02,ibm_fez,33,146.8069,131.057,0.00024835,0.00024835,0.00275993,0.05517578,24.0,24.0,68.0
2026-02-02,ibm_fez,34,126.5823,71.4848,0.00091206,0.00091206,0.00230456,0.01000977,24.0,24.0,68.0
2026-02-02,ibm_fez,35,177.6456,53.1086,0.0002709,0.0002709,,0.02148438,24.0,24.0,
2026-02-02,ibm_fez,36,141.6523,128.6842,0.00041883,0.00041883,,0.01416016,24.0,24.0,
2026-02-02,ibm_fez,37,162.8196,175.6966,0.00029212,0.00029212,,0.01000977,24.0,24.0,
2026-02-02,ibm_fez,38,125.7149,152.7577,0.00043223,0.00043223,,0.00830078,24.0,24.0,
2026-02-02,ibm_fez,39,113.2926,146.9401,0.00081312,0.00081312,,0.01806641,24.0,24.0,
2026-02-01,ibm_fez,20,111.5042,135.6223,0.0006478,0.0006478,0.00279449,0.0246582,24.0,24.0,68.0
2026-02-01,ibm_fez,21,289.9192,217.9564,0.00020248,0.00020248,0.00490828,0.00976562,24.0,24.0,68.0
2026-02-01,ibm_fez,22,161.4752,123.215,0.00024824,0.00024824,0.00261962,0.00939941,24.0,24.0,68.0
2026-02-01,ibm_fez,23,202.4051,203.9343,0.00019169,0.00019169,0.00699649,0.00585938,24.0,24.0,68.0
2026-02-01,ibm_fez,24,167.0548,146.6248,0.0004923,0.0004923,0.0230544,0.02282715,24.0,24.0,68.0
2026-02-01,ibm_fez,25,185.9958,126.4825,0.00025983,0.00025983,0.00318912,0.02270508,24.0,24.0,68.0
2026-02-01,ibm_fez,26,186.1836,129.8483,0.00019646,0.00019646,0.02747582,0.01416016,24.0,24.0,68.0
2026-02-01,ibm_fez,27,111.4843,134.4494,0.00509442,0.00509442,1.0,0.02062988,24.0,24.0,68.0
2026-02-01,ibm_fez,28,205.1146,204.8723,0.00020648,0.00020648,0.00370717,0.0057373,24.0,24.0,68.0
2026-02-01,ibm_fez,29,221.0918,48.2104,0.00023749,0.00023749,0.00213019,0.01416016,24.0,24.0,68.0
2026-02-01,ibm_fez,30,133.9167,101.7229,0.00029348,0.00029348,0.00351575,0.01086426,24.0,24.0,68.0
2026-02-01,ibm_fez,31,107.7293,63.1946,0.00048573,0.00048573,0.04476155,0.01696777,24.0,24.0,68.0
2026-02-01,ibm_fez,32,157.7609,114.8568,0.0003547,0.0003547,1.0,0.03564453,24.0,24.0,68.0
2026-02-01,ibm_fez,33,166.2378,211.4431,0.00027952,0.00027952,0.00253435,0.01696777,24.0,24.0,68.0
2026-02-01,ibm_fez,34,198.6149,81.374,0.00038953,0.00038953,0.00206183,0.01330566,24.0,24.0,68.0
2026-02-01,ibm_fez,35,148.0965,40.8687,0.00029437,0.00029437,,0.01745605,24.0,24.0,
2026-02-01,ibm_fez,36,151.2308,133.7291,0.00052678,0.00052678,,0.01245117,24.0,24.0,
2026-02-01,ibm_fez,37,187.9943,179.5749,0.00032657,0.00032657,,0.01135254,24.0,24.0,
2026-02-01,ibm_fez,38,169.7136,199.5801,0.00041411,0.00041411,,0.00866699,24.0,24.0,
2026-02-01,ibm_fez,39,182.8277,236.1014,0.00051489,0.00051489,,0.01318359,24.0,24.0,
2026-01-31,ibm_fez,20,201.113,192.7645,0.00046461,0.00046461,0.00573814,0.01306152,24.0,24.0,68.0
2026-01-31,ibm_fez,21,81.4902,79.9745,0.00118995,0.00118995,0.00498871,0.01220703,24.0,24.0,68.0
2026-01-31,ibm_fez,22,89.6992,94.1086,0.00019169,0.00019169,0.0028527,0.01000977,24.0,24.0,68.0
2026-01-31,ibm_fez,23,160.247,197.9623,0.00020423,0.00020423,0.00547425,0.00537109,24.0,24.0,68.0
2026-01-31,ibm_fez,24,119.3605,128.3256,0.0007582,0.0007582,0.01955002,0.0168457,24.0,24.0,68.0
2026-01-31,ibm_fez,25,186.83,115.889,0.00046929,0.00046929,0.00357337,0.0246582,24.0,24.0,68.0
2026-01-31,ibm_fez,26,110.239,91.064,0.00031288,0.00031288,0.02668945,0.01477051,24.0,24.0,68.0
2026-01-31,ibm_fez,27,100.6373,20.5833,0.00530618,0.00530618,1.0,0.01953125,24.0,24.0,68.0
2026-01-31,ibm_fez,28,190.68,193.7344,0.00019616,0.00019616,0.00397537,0.0065918,24.0,24.0,68.0
2026-01-31,ibm_fez,29,132.7545,48.1222,0.00020829,0.00020829,0.00211738,0.01269531,24.0,24.0,68.0
2026-01-31,ibm_fez,30,104.2834,90.918,0.00017722,0.00017722,0.00259035,0.0255127,24.0,24.0,68.0
2026-01-31,ibm_fez,31,100.4184,72.1945,0.00044112,0.00044112,0.04786857,0.015625,24.0,24.0,68.0
2026-01-31,ibm_fez,32,127.1437,101.8978,0.00021969,0.00021969,1.0,0.03930664,24.0,24.0,68.0
2026-01-31,ibm_fez,33,149.3716,152.0648,0.00023978,0.00023978,0.00256049,0.01928711,24.0,24.0,68.0
2026-01-31,ibm_fez,34,119.3506,68.1359,0.00032605,0.00032605,0.00229563,0.01269531,24.0,24.0,68.0
2026-01-31,ibm_fez,35,146.8487,47.4774,0.00030657,0.00030657,,0.01489258,24.0,24.0,
2026-01-31,ibm_fez,36,121.7369,102.4622,0.00036394,0.00036394,,0.01159668,24.0,24.0,
2026-01-31,ibm_fez,37,139.9348,152.1176,0.00024009,0.00024009,,0.01074219,24.0,24.0,
2026-01-31,ibm_fez,38,116.2759,119.1915,0.00032392,0.00032392,,0.01074219,24.0,24.0,
2026-01-31,ibm_fez,39,110.433,129.9752,0.00078353,0.00078353,,0.01452637,24.0,24.0,
2026-01-30,ibm_fez,20,114.0052,104.3308,0.00029655,0.00029655,0.00372748,0.01806641,24.0,24.0,68.0
2026-01-30,ibm_fez,21,259.872,205.3829,0.00015427,0.00015427,0.00280126,0.01049805,24.0,24.0,68.0
2026-01-30,ibm_fez,22,88.8393,85.9356,0.00025962,0.00025962,0.00216364,0.00634766,24.0,24.0,68.0
2026-01-30,ibm_fez,23,219.0646,222.7616,0.00013207,0.00013207,0.00471519,0.00720215,24.0,24.0,68.0
2026-01-30,ibm_fez,24,100.6842,138.3109,0.00128685,0.00128685,0.02138044,0.02111816,24.0,24.0,68.0
2026-01-30,ibm_fez,25,152.2324,132.064,0.00019528,0.00019528,0.00281469,0.02722168,24.0,24.0,68.0
2026-01-30,ibm_fez,26,142.6643,101.1376,0.00019641,0.00019641,0.03114966,0.01672363,24.0,24.0,68.0
2026-01-30,ibm_fez,27,100.6373,114.8971,0.00447183,0.00447183,1.0,0.01647949,24.0,24.0,68.0
2026-01-30,ibm_fez,28,152.381,166.3751,0.00019789,0.00019789,0.00475439,0.00598145,24.0,24.0,68.0
2026-01-30,ibm_fez,29,223.0393,52.8364,0.00022301,0.00022301,0.00383467,0.01220703,24.0,24.0,68.0
2026-01-30,ibm_fez,30,107.697,87.9302,0.00026429,0.00026429,0.00268667,0.00854492,24.0,24.0,68.0
2026-01-30,ibm_fez,31,113.2341,73.821,0.00069012,0.00069012,0.03764692,0.0144043,24.0,24.0,68.0
2026-01-30,ibm_fez,32,77.7164,125.0788,0.00031165,0.00031165,1.0,0.0534668,24.0,24.0,68.0
2026-01-30,ibm_fez,33,154.6671,138.382,0.00024366,0.00024366,0.00267894,0.01818848,24.0,24.0,68.0
2026-01-30,ibm_fez,34,178.0496,57.8409,0.00057943,0.00057943,0.00221746,0.01123047,24.0,24.0,68.0
2026-01-30,ibm_fez,35,171.0973,49.9829,0.00046335,0.00046335,,0.01721191,24.0,24.0,
2026-01-30,ibm_fez,36,138.6738,112.8602,0.00062198,0.00062198,,0.01525879,24.0,24.0,
2026-01-30,ibm_fez,37,140.6055,77.6145,0.00028368,0.00028368,,0.0111084,24.0,24.0,
2026-01-30,ibm_fez,38,85.8152,122.0464,0.00025635,0.00025635,,0.01000977,24.0,24.0,
2026-01-30,ibm_fez,39,104.7394,134.1605,0.0005946,0.0005946,,0.01281738,24.0,24.0,
2026-01-29,ibm_fez,20,114.0052,104.3308,0.00029655,0.00029655,0.00372748,0.01220703,24.0,24.0,68.0
2026-01-29,ibm_fez,21,259.872,205.3829,0.00015427,0.00015427,0.00280126,0.01037598,24.0,24.0,68.0
2026-01-29,ibm_fez,22,88.8393,85.9356,0.00025962,0.00025962,0.00216364,0.00610352,24.0,24.0,68.0
2026-01-29,ibm_fez,23,219.0646,222.7616,0.00013207,0.00013207,0.00471519,0.00524902,24.0,24.0,68.0
2026-01-29,ibm_fez,24,100.6842,138.3109,0.00128685,0.00128685,0.02138044,0.01806641,24.0,24.0,68.0
2026-01-29,ibm_fez,25,152.2324,132.064,0.00019528,0.00019528,0.00281469,0.0291748,24.0,24.0,68.0
2026-01-29,ibm_fez,26,142.6643,101.1376,0.00019641,0.00019641,0.03114966,0.0189209,24.0,24.0,68.0
2026-01-29,ibm_fez,27,100.6373,114.8971,0.00447183,0.00447183,1.0,0.01855469,24.0,24.0,68.0
2026-01-29,ibm_fez,28,152.381,166.3751,0.00019789,0.00019789,0.00475439,0.00891113,24.0,24.0,68.0
2026-01-29,ibm_fez,29,223.0393,52.8364,0.00022301,0.00022301,0.00383467,0.01635742,24.0,24.0,68.0
2026-01-29,ibm_fez,30,107.697,87.9302,0.00026429,0.00026429,0.00268667,0.00891113,24.0,24.0,68.0
2026-01-29,ibm_fez,31,113.2341,73.821,0.00069012,0.00069012,0.03764692,0.07019043,24.0,24.0,68.0
2026-01-29,ibm_fez,32,77.7164,125.0788,0.00031165,0.00031165,1.0,0.04675293,24.0,24.0,68.0
2026-01-29,ibm_fez,33,154.6671,138.382,0.00024366,0.00024366,0.00267894,0.01879883,24.0,24.0,68.0
2026-01-29,ibm_fez,34,178.0496,57.8409,0.00057943,0.00057943,0.00221746,0.01220703,24.0,24.0,68.0
2026-01-29,ibm_fez,35,171.0973,49.9829,0.00046335,0.00046335,,0.01623535,24.0,24.0,
2026-01-29,ibm_fez,36,138.6738,112.8602,0.00062198,0.00062198,,0.00964355,24.0,24.0,
2026-01-29,ibm_fez,37,140.6055,77.6145,0.00028368,0.00028368,,0.00927734,24.0,24.0,
2026-01-29,ibm_fez,38,85.8152,122.0464,0.00025635,0.00025635,,0.01257324,24.0,24.0,
2026-01-29,ibm_fez,39,104.7394,134.1605,0.0005946,0.0005946,,0.01855469,24.0,24.0,
2026-01-28,ibm_fez,20,154.0295,139.0188,0.00029344,0.00029344,0.00246321,0.01196289,24.0,24.0,68.0
2026-01-28,ibm_fez,21,257.5455,187.5473,0.00021871,0.00021871,0.00227965,0.01196289,24.0,24.0,68.0
2026-01-28,ibm_fez,22,141.2332,127.3262,0.00024449,0.00024449,0.0015681,0.00891113,24.0,24.0,68.0
2026-01-28,ibm_fez,23,91.3433,122.7525,0.00021135,0.00021135,0.00677271,0.00793457,24.0,24.0,68.0
2026-01-28,ibm_fez,24,187.1693,175.0168,0.00090417,0.00090417,0.02730855,0.01586914,24.0,24.0,68.0
2026-01-28,ibm_fez,25,209.5527,132.7646,0.00021533,0.00021533,0.0022944,0.0222168,24.0,24.0,68.0
2026-01-28,ibm_fez,26,161.6574,115.6699,0.00028101,0.00028101,0.02836836,0.01977539,24.0,24.0,68.0
2026-01-28,ibm_fez,27,134.9192,131.3223,0.00668464,0.00668464,1.0,0.02270508,24.0,24.0,68.0
2026-01-28,ibm_fez,28,138.7902,143.2281,0.00017547,0.00017547,0.00369045,0.00744629,24.0,24.0,68.0
2026-01-28,ibm_fez,29,152.3353,48.9292,0.00023703,0.00023703,0.00198103,0.01611328,24.0,24.0,68.0
2026-01-28,ibm_fez,30,110.7782,82.9187,0.00020203,0.00020203,0.00297056,0.00952148,24.0,24.0,68.0
2026-01-28,ibm_fez,31,56.6883,45.643,0.00058755,0.00058755,0.03075989,0.02233887,24.0,24.0,68.0
2026-01-28,ibm_fez,32,103.8333,106.0855,0.00028694,0.00028694,1.0,0.03601074,24.0,24.0,68.0
2026-01-28,ibm_fez,33,190.2885,155.1477,0.00032747,0.00032747,0.00226492,0.01806641,24.0,24.0,68.0
2026-01-28,ibm_fez,34,178.0496,85.8581,0.00050226,0.00050226,0.00241164,0.01196289,24.0,24.0,68.0
2026-01-28,ibm_fez,35,184.2841,41.1465,0.00031633,0.00031633,,0.01513672,24.0,24.0,
2026-01-28,ibm_fez,36,113.2798,116.7021,0.0003683,0.0003683,,0.01538086,24.0,24.0,
2026-01-28,ibm_fez,37,140.6055,156.7553,0.00023108,0.00023108,,0.01171875,24.0,24.0,
2026-01-28,ibm_fez,38,100.9975,122.007,0.00031452,0.00031452,,0.01049805,24.0,24.0,
2026-01-28,ibm_fez,39,83.5995,106.5263,0.00110453,0.00110453,,0.015625,24.0,24.0,
2026-01-27,ibm_fez,20,118.9768,109.4233,0.00034886,0.00034886,0.00347543,0.01245117,24.0,24.0,68.0
2026-01-27,ibm_fez,21,148.1051,156.1414,0.0003259,0.0003259,0.00276374,0.01037598,24.0,24.0,68.0
2026-01-27,ibm_fez,22,206.5384,149.1216,0.00021002,0.00021002,0.00151572,0.00964355,24.0,24.0,68.0
2026-01-27,ibm_fez,23,290.1415,255.9771,0.00021387,0.00021387,0.00420671,0.00610352,24.0,24.0,68.0
2026-01-27,ibm_fez,24,183.8785,182.8774,0.00139697,0.00139697,0.02013994,0.01721191,24.0,24.0,68.0
2026-01-27,ibm_fez,25,231.0739,133.0397,0.00020409,0.00020409,0.00216621,0.02392578,24.0,24.0,68.0
2026-01-27,ibm_fez,26,175.4834,122.2025,0.00031634,0.00031634,0.02762687,0.01696777,24.0,24.0,68.0
2026-01-27,ibm_fez,27,121.211,125.4312,0.00581566,0.00581566,1.0,0.0168457,24.0,24.0,68.0
2026-01-27,ibm_fez,28,178.2018,153.5986,0.00024732,0.00024732,0.00303758,0.00671387,24.0,24.0,68.0
2026-01-27,ibm_fez,29,203.4795,50.6288,0.00030711,0.00030711,0.00178861,0.01428223,24.0,24.0,68.0
2026-01-27,ibm_fez,30,148.9905,125.1641,0.00045977,0.00045977,0.00243388,0.01159668,24.0,24.0,68.0
2026-01-27,ibm_fez,31,107.0877,68.6617,0.00034437,0.00034437,0.03217808,0.01574707,24.0,24.0,68.0
2026-01-27,ibm_fez,32,103.9753,152.5536,0.00042372,0.00042372,1.0,0.07507324,24.0,24.0,68.0
2026-01-27,ibm_fez,33,95.5734,113.9667,0.00028702,0.00028702,0.00233283,0.01757812,24.0,24.0,68.0
2026-01-27,ibm_fez,34,114.1191,69.4492,0.00059519,0.00059519,0.00184021,0.00939941,24.0,24.0,68.0
2026-01-27,ibm_fez,35,127.5672,45.1525,0.00028323,0.00028323,,0.01757812,24.0,24.0,
2026-01-27,ibm_fez,36,140.0596,121.0797,0.00082562,0.00082562,,0.02026367,24.0,24.0,
2026-01-27,ibm_fez,37,126.5646,176.2935,0.0002372,0.0002372,,0.01501465,24.0,24.0,
2026-01-27,ibm_fez,38,118.5899,134.8207,0.00024187,0.00024187,,0.00842285,24.0,24.0,
2026-01-27,ibm_fez,39,221.3347,248.1999,0.00092098,0.00092098,,0.01599121,24.0,24.0,
2026-01-26,ibm_fez,20,152.0633,135.2309,0.00072115,0.00072115,0.00311499,0.01464844,24.0,24.0,68.0
2026-01-26,ibm_fez,21,253.0985,208.2022,0.00022133,0.00022133,0.00252256,0.0090332,24.0,24.0,68.0
2026-01-26,ibm_fez,22,120.6521,103.7446,0.00015366,0.00015366,0.00184118,0.00866699,24.0,24.0,68.0
2026-01-26,ibm_fez,23,217.1716,263.9228,0.00010822,0.00010822,0.00674226,0.00585938,24.0,24.0,68.0
2026-01-26,ibm_fez,24,156.4285,150.2816,0.00142171,0.00142171,0.02602107,0.01708984,24.0,24.0,68.0
2026-01-26,ibm_fez,25,203.8106,144.763,0.00026094,0.00026094,0.00254442,0.02258301,24.0,24.0,68.0
2026-01-26,ibm_fez,26,153.7118,116.9051,0.00028468,0.00028468,0.02795664,0.01660156,24.0,24.0,68.0
2026-01-26,ibm_fez,27,73.0392,85.8711,0.00330315,0.00330315,1.0,0.02270508,24.0,24.0,68.0
2026-01-26,ibm_fez,28,201.7326,158.4442,0.00018267,0.00018267,0.00369409,0.0065918,24.0,24.0,68.0
2026-01-26,ibm_fez,29,241.3097,51.9341,0.00019204,0.00019204,0.00211927,0.01513672,24.0,24.0,68.0
2026-01-26,ibm_fez,30,164.2099,128.7141,0.00022829,0.00022829,0.00262644,0.00769043,24.0,24.0,68.0
2026-01-26,ibm_fez,31,90.4579,60.5111,0.00097837,0.00097837,0.05303315,0.01525879,24.0,24.0,68.0
2026-01-26,ibm_fez,32,101.1088,94.7249,0.00024783,0.00024783,1.0,0.03356934,24.0,24.0,68.0
2026-01-26,ibm_fez,33,165.6787,151.0041,0.00019559,0.00019559,0.00186277,0.0168457,24.0,24.0,68.0
2026-01-26,ibm_fez,34,146.9094,65.6479,0.00068302,0.00068302,0.00235377,0.01000977,24.0,24.0,68.0
2026-01-26,ibm_fez,35,116.9746,36.7868,0.00019187,0.00019187,,0.01647949,24.0,24.0,
2026-01-26,ibm_fez,36,92.0688,84.3677,0.00049172,0.00049172,,0.0177002,24.0,24.0,
2026-01-26,ibm_fez,37,184.4479,211.6561,0.00041395,0.00041395,,0.01159668,24.0,24.0,
2026-01-26,ibm_fez,38,164.7364,194.4015,0.00023048,0.00023048,,0.00878906,24.0,24.0,
2026-01-26,ibm_fez,39,113.0017,152.7467,0.00048218,0.00048218,,0.0168457,24.0,24.0,
2026-01-25,ibm_fez,20,198.288,216.1104,0.00051163,0.00051163,0.00578761,0.01611328,24.0,24.0,68.0
2026-01-25,ibm_fez,21,181.9581,154.4964,0.00031068,0.00031068,0.00292434,0.01049805,24.0,24.0,68.0
2026-01-25,ibm_fez,22,108.9652,104.0377,0.00028647,0.00028647,0.00241464,0.00805664,24.0,24.0,68.0
2026-01-25,ibm_fez,23,181.8602,176.1634,0.000308,0.000308,0.00487419,0.01098633,24.0,24.0,68.0
2026-01-25,ibm_fez,24,125.1453,123.0369,0.00079509,0.00079509,0.02154372,0.01831055,24.0,24.0,68.0
2026-01-25,ibm_fez,25,142.8798,111.1917,0.00018369,0.00018369,0.00211535,0.02026367,24.0,24.0,68.0
2026-01-25,ibm_fez,26,126.0124,98.8684,0.0002927,0.0002927,0.03199739,0.01416016,24.0,24.0,68.0
2026-01-25,ibm_fez,27,101.2976,125.4244,0.00500044,0.00500044,1.0,0.01855469,24.0,24.0,68.0
2026-01-25,ibm_fez,28,224.7014,200.2962,0.00018793,0.00018793,0.00404155,0.00854492,24.0,24.0,68.0
2026-01-25,ibm_fez,29,152.1546,53.3587,0.00025053,0.00025053,0.00228143,0.01196289,24.0,24.0,68.0
2026-01-25,ibm_fez,30,56.251,55.9729,0.00030756,0.00030756,0.00260751,0.01074219,24.0,24.0,68.0
2026-01-25,ibm_fez,31,80.5477,62.6706,0.00035449,0.00035449,0.02771737,0.01416016,24.0,24.0,68.0
2026-01-25,ibm_fez,32,132.2976,134.2914,0.00025251,0.00025251,1.0,0.03491211,24.0,24.0,68.0
2026-01-25,ibm_fez,33,140.5,140.0572,0.00027795,0.00027795,0.00219522,0.0144043,24.0,24.0,68.0
2026-01-25,ibm_fez,34,174.3791,80.1914,0.00059585,0.00059585,0.00177375,0.00830078,24.0,24.0,68.0
2026-01-25,ibm_fez,35,137.7811,37.8786,0.00020688,0.00020688,,0.01611328,24.0,24.0,
2026-01-25,ibm_fez,36,195.8453,154.4911,0.00066508,0.00066508,,0.015625,24.0,24.0,
2026-01-25,ibm_fez,37,154.2263,164.1634,0.00032457,0.00032457,,0.01123047,24.0,24.0,
2026-01-25,ibm_fez,38,143.3913,182.9908,0.00028071,0.00028071,,0.01123047,24.0,24.0,
2026-01-25,ibm_fez,39,152.0492,124.8599,0.00043615,0.00043615,,0.01464844,24.0,24.0,
2026-01-24,ibm_fez,20,198.288,216.1104,0.00044357,0.00044357,0.00543291,0.0144043,24.0,24.0,68.0
2026-01-24,ibm_fez,21,181.9581,154.4964,0.00023858,0.00023858,0.00278129,0.00805664,24.0,24.0,68.0
2026-01-24,ibm_fez,22,108.9652,104.0377,0.00022393,0.00022393,0.00179269,0.00683594,24.0,24.0,68.0
2026-01-24,ibm_fez,23,181.8602,176.1634,0.00020526,0.00020526,0.0046957,0.00488281,24.0,24.0,68.0
2026-01-24,ibm_fez,24,125.1453,123.0369,0.00087642,0.00087642,0.02063719,0.01806641,24.0,24.0,68.0
2026-01-24,ibm_fez,25,142.8798,111.1917,0.00012907,0.00012907,0.00238289,0.02905273,24.0,24.0,68.0
2026-01-24,ibm_fez,26,126.0124,98.8684,0.00025463,0.00025463,0.02938599,0.01464844,24.0,24.0,68.0
2026-01-24,ibm_fez,27,101.2976,125.4244,0.00448783,0.00448783,1.0,0.02001953,24.0,24.0,68.0
2026-01-24,ibm_fez,28,224.7014,200.2962,0.00017983,0.00017983,0.00363085,0.00854492,24.0,24.0,68.0
2026-01-24,ibm_fez,29,152.1546,53.3587,0.00017722,0.00017722,0.00218255,0.01196289,24.0,24.0,68.0
2026-01-24,ibm_fez,30,56.251,55.9729,0.00035272,0.00035272,0.00266251,0.01391602,24.0,24.0,68.0
2026-01-24,ibm_fez,31,80.5477,62.6706,0.000508,0.000508,0.03416933,0.01782227,24.0,24.0,68.0
2026-01-24,ibm_fez,32,132.2976,134.2914,0.00027448,0.00027448,1.0,0.03051758,24.0,24.0,68.0
2026-01-24,ibm_fez,33,140.5,140.0572,0.00022354,0.00022354,0.00220617,0.0168457,24.0,24.0,68.0
2026-01-24,ibm_fez,34,174.3791,80.1914,0.0006774,0.0006774,0.00190263,0.0144043,24.0,24.0,68.0
2026-01-24,ibm_fez,35,137.7811,37.8786,0.00018543,0.00018543,,0.02050781,24.0,24.0,
2026-01-24,ibm_fez,36,195.8453,154.4911,0.00066508,0.00066508,,0.01269531,24.0,24.0,
2026-01-24,ibm_fez,37,154.2263,164.1634,0.00032471,0.00032471,,0.01098633,24.0,24.0,
2026-01-24,ibm_fez,38,143.3913,182.9908,0.00038364,0.00038364,,0.00976562,24.0,24.0,
2026-01-24,ibm_fez,39,152.0492,124.8599,0.00049627,0.00049627,,0.01367188,24.0,24.0,
2026-01-23,ibm_fez,20,146.4734,171.6843,0.00044357,0.00044357,0.00518391,0.02587891,24.0,24.0,68.0
2026-01-23,ibm_fez,21,150.584,158.2943,0.00023858,0.00023858,0.00319384,0.01123047,24.0,24.0,68.0
2026-01-23,ibm_fez,22,183.6417,142.5956,0.00022393,0.00022393,0.00185598,0.00732422,24.0,24.0,68.0
2026-01-23,ibm_fez,23,168.4163,187.5033,0.00020526,0.00020526,0.00414076,0.00292969,24.0,24.0,68.0
2026-01-23,ibm_fez,24,175.5556,167.2105,0.00087642,0.00087642,0.02935387,0.01782227,24.0,24.0,68.0
2026-01-23,ibm_fez,25,162.4812,121.3994,0.00012907,0.00012907,0.00237101,0.02368164,24.0,24.0,68.0
2026-01-23,ibm_fez,26,144.5124,104.5743,0.00025463,0.00025463,0.03422895,0.01611328,24.0,24.0,68.0
2026-01-23,ibm_fez,27,120.5351,137.76,0.00448783,0.00448783,1.0,0.02026367,24.0,24.0,68.0
2026-01-23,ibm_fez,28,171.8209,181.2897,0.00017983,0.00017983,0.00436807,0.00708008,24.0,24.0,68.0
2026-01-23,ibm_fez,29,156.2175,47.9501,0.00017722,0.00017722,0.00201454,0.01269531,24.0,24.0,68.0
2026-01-23,ibm_fez,30,129.6883,114.8265,0.00035272,0.00035272,0.00305589,0.00854492,24.0,24.0,68.0
2026-01-23,ibm_fez,31,123.3247,71.1163,0.000508,0.000508,0.05867037,0.01245117,24.0,24.0,68.0
2026-01-23,ibm_fez,32,179.8625,149.3299,0.00027448,0.00027448,1.0,0.03491211,24.0,24.0,68.0
2026-01-23,ibm_fez,33,119.3547,86.1833,0.00022354,0.00022354,0.00213462,0.01806641,24.0,24.0,68.0
2026-01-23,ibm_fez,34,175.1586,37.525,0.0006774,0.0006774,0.00216415,0.02099609,24.0,24.0,68.0
2026-01-23,ibm_fez,35,150.6381,38.8452,0.00018543,0.00018543,,0.01635742,24.0,24.0,
2026-01-23,ibm_fez,36,76.9456,71.1245,0.00066508,0.00066508,,0.01904297,24.0,24.0,
2026-01-23,ibm_fez,37,178.4458,170.2875,0.00032471,0.00032471,,0.01269531,24.0,24.0,
2026-01-23,ibm_fez,38,104.2433,134.2544,0.00038364,0.00038364,,0.00952148,24.0,24.0,
2026-01-23,ibm_fez,39,155.4922,189.3412,0.00049627,0.00049627,,0.01538086,24.0,24.0,
2026-01-22,ibm_fez,20,172.4948,183.2338,0.00041263,0.00041263,0.00518391,0.50756836,24.0,24.0,68.0
2026-01-22,ibm_fez,21,274.0107,186.3218,0.00015905,0.00015905,0.00319384,0.48022461,24.0,24.0,68.0
2026-01-22,ibm_fez,22,177.0919,113.6487,0.00029973,0.00029973,0.00185598,0.48168945,24.0,24.0,68.0
2026-01-22,ibm_fez,23,191.118,160.9467,0.00014879,0.00014879,0.00414076,0.47192383,24.0,24.0,68.0
2026-01-22,ibm_fez,24,194.9479,200.7097,0.00094266,0.00094266,0.02935387,0.01245117,24.0,24.0,68.0
2026-01-22,ibm_fez,25,179.7719,128.212,0.00016733,0.00016733,0.00237101,0.00732422,24.0,24.0,68.0
2026-01-22,ibm_fez,26,115.2953,76.9595,0.00028194,0.00028194,0.03422895,0.0078125,24.0,24.0,68.0
2026-01-22,ibm_fez,27,115.9531,119.2766,0.00608981,0.00608981,1.0,0.01049805,24.0,24.0,68.0
2026-01-22,ibm_fez,28,209.035,226.9373,0.00019822,0.00019822,0.00436807,0.48999023,24.0,24.0,68.0
2026-01-22,ibm_fez,29,170.7852,50.7345,0.00018333,0.00018333,0.00201454,0.46142578,24.0,24.0,68.0
2026-01-22,ibm_fez,30,166.3134,125.1992,0.00011317,0.00011317,0.00305589,0.50024414,24.0,24.0,68.0
2026-01-22,ibm_fez,31,84.3349,64.5415,0.00051737,0.00051737,0.05867037,0.47338867,24.0,24.0,68.0
2026-01-22,ibm_fez,32,127.6041,111.9976,0.00023504,0.00023504,1.0,0.49902344,24.0,24.0,68.0
2026-01-22,ibm_fez,33,137.8807,117.102,0.00018807,0.00018807,0.00213462,0.47485352,24.0,24.0,68.0
2026-01-22,ibm_fez,34,175.1586,75.2115,0.00059258,0.00059258,0.00216415,0.48046875,24.0,24.0,68.0
2026-01-22,ibm_fez,35,123.7843,39.3059,0.00023368,0.00023368,,0.47363281,24.0,24.0,
2026-01-22,ibm_fez,36,174.5076,148.0721,0.00034339,0.00034339,,0.4855957,24.0,24.0,
2026-01-22,ibm_fez,37,157.5146,175.9436,0.00029529,0.00029529,,0.00634766,24.0,24.0,
2026-01-22,ibm_fez,38,132.0723,153.508,0.00028549,0.00028549,,0.49047852,24.0,24.0,
2026-01-22,ibm_fez,39,158.1896,194.5214,0.00042805,0.00042805,,0.48876953,24.0,24.0,
2026-01-21,ibm_fez,20,172.4948,183.2338,0.00041263,0.00041263,0.00518391,0.00964355,24.0,24.0,68.0
2026-01-21,ibm_fez,21,274.0107,186.3218,0.00015905,0.00015905,0.00319384,0.00671387,24.0,24.0,68.0
2026-01-21,ibm_fez,22,177.0919,113.6487,0.00029973,0.00029973,0.00185598,0.00830078,24.0,24.0,68.0
2026-01-21,ibm_fez,23,191.118,160.9467,0.00014879,0.00014879,0.00414076,0.00354004,24.0,24.0,68.0
2026-01-21,ibm_fez,24,194.9479,200.7097,0.00094266,0.00094266,0.01978537,0.01049805,24.0,24.0,68.0
2026-01-21,ibm_fez,25,179.7719,128.212,0.00016733,0.00016733,0.00237101,0.0098877,24.0,24.0,68.0
2026-01-21,ibm_fez,26,115.2953,76.9595,0.00028194,0.00028194,0.03422895,0.00927734,24.0,24.0,68.0
2026-01-21,ibm_fez,27,115.9531,119.2766,0.00608981,0.00608981,1.0,0.01049805,24.0,24.0,68.0
2026-01-21,ibm_fez,28,209.035,226.9373,0.00019822,0.00019822,0.00436807,0.00915527,24.0,24.0,68.0
2026-01-21,ibm_fez,29,170.7852,50.7345,0.00018333,0.00018333,0.00201454,0.00891113,24.0,24.0,68.0
2026-01-21,ibm_fez,30,166.3134,125.1992,0.00011317,0.00011317,0.00305589,0.00671387,24.0,24.0,68.0
2026-01-21,ibm_fez,31,84.3349,64.5415,0.00051737,0.00051737,0.05867037,0.01647949,24.0,24.0,68.0
2026-01-21,ibm_fez,32,127.6041,111.9976,0.00023504,0.00023504,1.0,0.03344727,24.0,24.0,68.0
2026-01-21,ibm_fez,33,137.8807,117.102,0.00018807,0.00018807,0.00213462,0.01782227,24.0,24.0,68.0
2026-01-21,ibm_fez,34,175.1586,75.2115,0.00059258,0.00059258,0.00216415,0.01196289,24.0,24.0,68.0
2026-01-21,ibm_fez,35,123.7843,39.3059,0.00023368,0.00023368,,0.02709961,24.0,24.0,
2026-01-21,ibm_fez,36,174.5076,148.0721,0.00034339,0.00034339,,0.00756836,24.0,24.0,
2026-01-21,ibm_fez,37,157.5146,175.9436,0.00029529,0.00029529,,0.00842285,24.0,24.0,
2026-01-21,ibm_fez,38,132.0723,153.508,0.00028549,0.00028549,,0.01013184,24.0,24.0,
2026-01-21,ibm_fez,39,158.1896,194.5214,0.00042805,0.00042805,,0.01452637,24.0,24.0,
2026-01-20,ibm_fez,20,172.4948,183.2338,0.00041263,0.00041263,0.00518391,0.00878906,24.0,24.0,68.0
2026-01-20,ibm_fez,21,274.0107,186.3218,0.00015905,0.00015905,0.00319384,0.01586914,24.0,24.0,68.0
2026-01-20,ibm_fez,22,177.0919,113.6487,0.00029973,0.00029973,0.00185598,0.00720215,24.0,24.0,68.0
2026-01-20,ibm_fez,23,191.118,160.9467,0.00014879,0.00014879,0.00414076,0.00415039,24.0,24.0,68.0
2026-01-20,ibm_fez,24,194.9479,200.7097,0.00094266,0.00094266,0.01978537,0.00964355,24.0,24.0,68.0
2026-01-20,ibm_fez,25,179.7719,128.212,0.00016733,0.00016733,0.00237101,0.0078125,24.0,24.0,68.0
2026-01-20,ibm_fez,26,115.2953,76.9595,0.00028194,0.00028194,0.03422895,0.01257324,24.0,24.0,68.0
2026-01-20,ibm_fez,27,115.9531,119.2766,0.00608981,0.00608981,1.0,0.01000977,24.0,24.0,68.0
2026-01-20,ibm_fez,28,209.035,226.9373,0.00019822,0.00019822,0.00436807,0.00634766,24.0,24.0,68.0
2026-01-20,ibm_fez,29,170.7852,50.7345,0.00018333,0.00018333,0.00201454,0.01135254,24.0,24.0,68.0
2026-01-20,ibm_fez,30,166.3134,125.1992,0.00011317,0.00011317,0.00305589,0.00646973,24.0,24.0,68.0
2026-01-20,ibm_fez,31,84.3349,64.5415,0.00051737,0.00051737,0.05867037,0.01208496,24.0,24.0,68.0
2026-01-20,ibm_fez,32,127.6041,111.9976,0.00023504,0.00023504,1.0,0.03161621,24.0,24.0,68.0
2026-01-20,ibm_fez,33,137.8807,117.102,0.00018807,0.00018807,0.00213462,0.01477051,24.0,24.0,68.0
2026-01-20,ibm_fez,34,175.1586,75.2115,0.00059258,0.00059258,0.00216415,0.01489258,24.0,24.0,68.0
2026-01-20,ibm_fez,35,123.7843,39.3059,0.00023368,0.00023368,,0.01745605,24.0,24.0,
2026-01-20,ibm_fez,36,174.5076,148.0721,0.00034339,0.00034339,,0.00598145,24.0,24.0,
2026-01-20,ibm_fez,37,157.5146,175.9436,0.00029529,0.00029529,,0.00964355,24.0,24.0,
2026-01-20,ibm_fez,38,132.0723,153.508,0.00028549,0.00028549,,0.0098877,24.0,24.0,
2026-01-20,ibm_fez,39,158.1896,194.5214,0.00042805,0.00042805,,0.02490234,24.0,24.0,
2026-01-19,ibm_fez,20,153.2188,148.758,0.00046188,0.00046188,0.00881384,0.00976562,24.0,24.0,68.0
2026-01-19,ibm_fez,21,254.412,196.0218,0.00033846,0.00033846,0.0029788,0.00854492,24.0,24.0,68.0
2026-01-19,ibm_fez,22,176.1899,139.5019,0.00030781,0.00030781,0.00361128,0.00317383,24.0,24.0,68.0
2026-01-19,ibm_fez,23,155.4595,152.0055,0.00016916,0.00016916,0.00428589,0.00500488,24.0,24.0,68.0
2026-01-19,ibm_fez,24,161.7205,161.3496,0.00078837,0.00078837,0.0251459,0.00891113,24.0,24.0,68.0
2026-01-19,ibm_fez,25,122.2284,94.1466,0.00023877,0.00023877,0.00228411,0.01013184,24.0,24.0,68.0
2026-01-19,ibm_fez,26,132.6892,96.1016,0.00021573,0.00021573,0.02510579,0.00927734,24.0,24.0,68.0
2026-01-19,ibm_fez,27,115.1568,137.5374,0.00447948,0.00447948,1.0,0.00817871,24.0,24.0,68.0
2026-01-19,ibm_fez,28,145.9868,161.4498,0.00024423,0.00024423,0.00363237,0.00842285,24.0,24.0,68.0
2026-01-19,ibm_fez,29,165.9342,49.3685,0.00016487,0.00016487,0.00243236,0.00891113,24.0,24.0,68.0
2026-01-19,ibm_fez,30,185.4056,145.7897,0.00032894,0.00032894,0.00279268,0.00720215,24.0,24.0,68.0
2026-01-19,ibm_fez,31,86.0468,66.4875,0.00041173,0.00041173,0.03588423,0.01721191,24.0,24.0,68.0
2026-01-19,ibm_fez,32,90.336,141.1143,0.00029062,0.00029062,1.0,0.03186035,24.0,24.0,68.0
2026-01-19,ibm_fez,33,109.2653,120.4584,0.00018996,0.00018996,0.00255401,0.01501465,24.0,24.0,68.0
2026-01-19,ibm_fez,34,130.5904,68.8648,0.00089158,0.00089158,0.00205772,0.00915527,24.0,24.0,68.0
2026-01-19,ibm_fez,35,161.2978,44.1725,0.0006194,0.0006194,,0.01599121,24.0,24.0,
2026-01-19,ibm_fez,36,196.612,140.9326,0.00042838,0.00042838,,0.01489258,24.0,24.0,
2026-01-19,ibm_fez,37,165.3016,207.5262,0.00036769,0.00036769,,0.0144043,24.0,24.0,
2026-01-19,ibm_fez,38,87.6344,115.7633,0.00086171,0.00086171,,0.00817871,24.0,24.0,
2026-01-19,ibm_fez,39,102.5771,105.9875,0.00055733,0.00055733,,0.03491211,24.0,24.0,
2026-01-18,ibm_fez,20,162.2253,183.5099,0.0017842,0.0017842,0.00761363,0.00866699,24.0,24.0,68.0
2026-01-18,ibm_fez,21,131.3814,114.2288,0.00031112,0.00031112,0.00260721,0.01879883,24.0,24.0,68.0
2026-01-18,ibm_fez,22,211.7426,140.8739,0.00025,0.00025,0.00374607,0.00390625,24.0,24.0,68.0
2026-01-18,ibm_fez,23,224.0385,171.0944,0.00019587,0.00019587,0.00208275,0.00524902,24.0,24.0,68.0
2026-01-18,ibm_fez,24,151.3446,163.4937,0.00039691,0.00039691,0.00944175,0.01062012,24.0,24.0,68.0
2026-01-18,ibm_fez,25,137.6182,113.1323,0.00015479,0.00015479,0.00323111,0.00720215,24.0,24.0,68.0
2026-01-18,ibm_fez,26,182.4036,102.769,0.00021491,0.00021491,0.02401171,0.01220703,24.0,24.0,68.0
2026-01-18,ibm_fez,27,113.2088,127.273,0.00445521,0.00445521,1.0,0.00842285,24.0,24.0,68.0
2026-01-18,ibm_fez,28,195.289,179.4041,0.00023102,0.00023102,0.00321682,0.00537109,24.0,24.0,68.0
2026-01-18,ibm_fez,29,39.9885,31.5811,0.00024803,0.00024803,0.00231986,0.0111084,24.0,24.0,68.0
2026-01-18,ibm_fez,30,115.1787,105.4352,0.00035635,0.00035635,0.00260313,0.01135254,24.0,24.0,68.0
2026-01-18,ibm_fez,31,96.0308,60.5925,0.00057854,0.00057854,0.04457429,0.01904297,24.0,24.0,68.0
2026-01-18,ibm_fez,32,83.7197,73.1511,0.00036003,0.00036003,1.0,0.03112793,24.0,24.0,68.0
2026-01-18,ibm_fez,33,115.3014,108.9159,0.00034461,0.00034461,0.00231502,0.01904297,24.0,24.0,68.0
2026-01-18,ibm_fez,34,176.6539,85.9612,0.00060571,0.00060571,0.00198937,0.01293945,24.0,24.0,68.0
2026-01-18,ibm_fez,35,210.9494,31.6836,0.0006194,0.0006194,,0.01245117,24.0,24.0,
2026-01-18,ibm_fez,36,130.6129,118.4879,0.00058626,0.00058626,,0.00744629,24.0,24.0,
2026-01-18,ibm_fez,37,124.8128,132.4942,0.00031099,0.00031099,,0.01049805,24.0,24.0,
2026-01-18,ibm_fez,38,105.7719,138.7365,0.00029444,0.00029444,,0.0090332,24.0,24.0,
2026-01-18,ibm_fez,39,72.5518,97.7612,0.00039984,0.00039984,,0.01342773,24.0,24.0,
2026-01-17,ibm_fez,20,169.6133,192.5767,0.00030768,0.00030768,0.00652187,0.00793457,24.0,24.0,68.0
2026-01-17,ibm_fez,21,126.6472,114.4214,0.00029219,0.00029219,0.00266534,0.00805664,24.0,24.0,68.0
2026-01-17,ibm_fez,22,128.3041,117.0841,0.00022252,0.00022252,0.0030839,0.0057373,24.0,24.0,68.0
2026-01-17,ibm_fez,23,196.9192,144.5034,0.00021696,0.00021696,0.00414771,0.00402832,24.0,24.0,68.0
2026-01-17,ibm_fez,24,155.3237,103.2945,0.00105895,0.00105895,0.02138799,0.0111084,24.0,24.0,68.0
2026-01-17,ibm_fez,25,127.6973,71.3501,0.00026446,0.00026446,0.00286051,0.01184082,24.0,24.0,68.0
2026-01-17,ibm_fez,26,98.5673,84.1122,0.00020585,0.00020585,0.02592858,0.01000977,24.0,24.0,68.0
2026-01-17,ibm_fez,27,84.944,103.5637,0.0043832,0.0043832,1.0,0.0111084,24.0,24.0,68.0
2026-01-17,ibm_fez,28,188.0943,183.0807,0.00016333,0.00016333,0.00383855,0.00744629,24.0,24.0,68.0
2026-01-17,ibm_fez,29,126.0862,44.2334,0.00023325,0.00023325,0.00225144,0.0123291,24.0,24.0,68.0
2026-01-17,ibm_fez,30,152.0285,113.9272,0.0002822,0.0002822,0.00306645,0.01635742,24.0,24.0,68.0
2026-01-17,ibm_fez,31,61.2626,50.6641,0.00048444,0.00048444,0.04142858,0.01867676,24.0,24.0,68.0
2026-01-17,ibm_fez,32,154.2471,94.3654,0.00037667,0.00037667,1.0,0.03503418,24.0,24.0,68.0
2026-01-17,ibm_fez,33,148.5692,138.2177,0.00026887,0.00026887,0.00215059,0.01379395,24.0,24.0,68.0
2026-01-17,ibm_fez,34,149.1369,80.1327,0.00068537,0.00068537,0.00143381,0.01513672,24.0,24.0,68.0
2026-01-17,ibm_fez,35,164.5686,43.951,0.00020671,0.00020671,,0.01379395,24.0,24.0,
2026-01-17,ibm_fez,36,127.9674,118.2617,0.00042053,0.00042053,,0.00683594,24.0,24.0,
2026-01-17,ibm_fez,37,125.9648,149.4442,0.00031996,0.00031996,,0.00964355,24.0,24.0,
2026-01-17,ibm_fez,38,122.5717,156.6002,0.00028054,0.00028054,,0.00622559,24.0,24.0,
2026-01-17,ibm_fez,39,51.866,68.022,0.00054848,0.00054848,,0.01757812,24.0,24.0,
2026-01-16,ibm_fez,20,138.9986,180.8465,0.00048914,0.00048914,0.00786435,0.00854492,24.0,24.0,68.0
2026-01-16,ibm_fez,21,279.5108,207.1906,0.00019686,0.00019686,0.00294549,0.00622559,24.0,24.0,68.0
2026-01-16,ibm_fez,22,134.1509,108.8734,0.00038202,0.00038202,0.00318697,0.00292969,24.0,24.0,68.0
2026-01-16,ibm_fez,23,183.3001,69.5295,0.00015668,0.00015668,0.00354524,0.00427246,24.0,24.0,68.0
2026-01-16,ibm_fez,24,142.8631,172.1915,0.00083227,0.00083227,0.0212994,0.01135254,24.0,24.0,68.0
2026-01-16,ibm_fez,25,247.7085,133.0473,0.00025027,0.00025027,0.00266574,0.01123047,24.0,24.0,68.0
2026-01-16,ibm_fez,26,126.963,84.3498,0.00028047,0.00028047,0.03081021,0.0065918,24.0,24.0,68.0
2026-01-16,ibm_fez,27,120.838,137.5127,0.00478427,0.00478427,1.0,0.01245117,24.0,24.0,68.0
2026-01-16,ibm_fez,28,145.3153,154.3908,0.00024156,0.00024156,0.00382407,0.00732422,24.0,24.0,68.0
2026-01-16,ibm_fez,29,208.8621,52.0283,0.00018826,0.00018826,0.00192728,0.01245117,24.0,24.0,68.0
2026-01-16,ibm_fez,30,150.2586,117.8959,0.00041458,0.00041458,0.00250424,0.00720215,24.0,24.0,68.0
2026-01-16,ibm_fez,31,96.5404,63.482,0.00044404,0.00044404,0.03627345,0.02282715,24.0,24.0,68.0
2026-01-16,ibm_fez,32,154.2471,153.966,0.00028765,0.00028765,1.0,0.03100586,24.0,24.0,68.0
2026-01-16,ibm_fez,33,161.203,133.1935,0.00024385,0.00024385,0.00230674,0.01428223,24.0,24.0,68.0
2026-01-16,ibm_fez,34,175.1631,88.2317,0.00053278,0.00053278,0.00181658,0.00927734,24.0,24.0,68.0
2026-01-16,ibm_fez,35,101.6141,40.6495,0.00019534,0.00019534,,0.01586914,24.0,24.0,
2026-01-16,ibm_fez,36,143.4298,130.6103,0.0002874,0.0002874,,0.01062012,24.0,24.0,
2026-01-16,ibm_fez,37,172.7551,169.4556,0.00020499,0.00020499,,0.00854492,24.0,24.0,
2026-01-16,ibm_fez,38,109.8337,141.4038,0.00030247,0.00030247,,0.00756836,24.0,24.0,
2026-01-16,ibm_fez,39,170.46,197.6285,0.00048322,0.00048322,,0.01696777,24.0,24.0,
2026-01-15,ibm_fez,20,213.5947,214.8678,0.00034999,0.00034999,0.00847977,0.00927734,24.0,24.0,68.0
2026-01-15,ibm_fez,21,177.68,143.2907,0.00035749,0.00035749,0.00267741,0.0065918,24.0,24.0,68.0
2026-01-15,ibm_fez,22,185.0453,128.1493,0.0001558,0.0001558,0.00300721,0.00402832,24.0,24.0,68.0
2026-01-15,ibm_fez,23,183.3001,145.358,0.00023742,0.00023742,0.00610459,0.00488281,24.0,24.0,68.0
2026-01-15,ibm_fez,24,211.088,182.5149,0.00081114,0.00081114,0.02166997,0.01184082,24.0,24.0,68.0
2026-01-15,ibm_fez,25,174.5312,116.3723,0.00025496,0.00025496,0.00321379,0.0090332,24.0,24.0,68.0
2026-01-15,ibm_fez,26,130.1032,92.8844,0.00029544,0.00029544,0.03754156,0.00830078,24.0,24.0,68.0
2026-01-15,ibm_fez,27,80.1953,99.2657,0.00435911,0.00435911,1.0,0.01074219,24.0,24.0,68.0
2026-01-15,ibm_fez,28,197.0068,207.3073,0.00025073,0.00025073,0.00330075,0.00720215,24.0,24.0,68.0
2026-01-15,ibm_fez,29,195.5431,48.197,0.00020502,0.00020502,0.00221702,0.01220703,24.0,24.0,68.0
2026-01-15,ibm_fez,30,99.0821,100.2245,0.00026549,0.00026549,0.00296487,0.0078125,24.0,24.0,68.0
2026-01-15,ibm_fez,31,96.1078,61.7355,0.00056145,0.00056145,0.03732859,0.01782227,24.0,24.0,68.0
2026-01-15,ibm_fez,32,166.5747,129.8244,0.00021576,0.00021576,1.0,0.02856445,24.0,24.0,68.0
2026-01-15,ibm_fez,33,141.0918,181.1824,0.00025115,0.00025115,0.00336313,0.03601074,24.0,24.0,68.0
2026-01-15,ibm_fez,34,109.8436,61.8637,0.00053278,0.00053278,0.00253693,0.00964355,24.0,24.0,68.0
2026-01-15,ibm_fez,35,172.8858,42.6689,0.00016413,0.00016413,,0.01367188,24.0,24.0,
2026-01-15,ibm_fez,36,170.5613,131.4771,0.00040578,0.00040578,,0.00708008,24.0,24.0,
2026-01-15,ibm_fez,37,207.9488,247.0913,0.00030358,0.00030358,,0.00854492,24.0,24.0,
2026-01-15,ibm_fez,38,108.4507,123.0054,0.00027151,0.00027151,,0.00976562,24.0,24.0,
2026-01-15,ibm_fez,39,148.2343,185.0309,0.00051567,0.00051567,,0.01342773,24.0,24.0,
2026-01-14,ibm_fez,20,37.1419,55.0479,0.00029808,0.00029808,0.0064013,0.00610352,24.0,24.0,68.0
2026-01-14,ibm_fez,21,135.5964,142.5491,0.00034084,0.00034084,0.00268815,0.00585938,24.0,24.0,68.0
2026-01-14,ibm_fez,22,238.9763,164.2976,0.00030795,0.00030795,0.00349457,0.0045166,24.0,24.0,68.0
2026-01-14,ibm_fez,23,208.3093,149.746,0.00026065,0.00026065,0.00411448,0.00537109,24.0,24.0,68.0
2026-01-14,ibm_fez,24,47.544,48.9868,0.0007725,0.0007725,0.01952801,0.01062012,24.0,24.0,68.0
2026-01-14,ibm_fez,25,166.5202,107.6156,0.00017579,0.00017579,0.00328233,0.00891113,24.0,24.0,68.0
2026-01-14,ibm_fez,26,98.2236,75.1342,0.00028124,0.00028124,0.02716885,0.01037598,24.0,24.0,68.0
2026-01-14,ibm_fez,27,135.1978,136.5855,0.00439892,0.00439892,1.0,0.0135498,24.0,24.0,68.0
2026-01-14,ibm_fez,28,110.4475,130.9844,0.00019002,0.00019002,0.00305569,0.00524902,24.0,24.0,68.0
2026-01-14,ibm_fez,29,161.3659,47.5479,0.00021546,0.00021546,0.00266043,0.01281738,24.0,24.0,68.0
2026-01-14,ibm_fez,30,166.6982,130.6628,0.00030404,0.00030404,0.00364862,0.00866699,24.0,24.0,68.0
2026-01-14,ibm_fez,31,128.5023,50.3754,0.00040629,0.00040629,0.03638171,0.02478027,24.0,24.0,68.0
2026-01-14,ibm_fez,32,162.7075,161.5358,0.00027529,0.00027529,1.0,0.02954102,24.0,24.0,68.0
2026-01-14,ibm_fez,33,119.3711,163.1644,0.00023275,0.00023275,0.00305805,0.01806641,24.0,24.0,68.0
2026-01-14,ibm_fez,34,178.6899,84.4448,0.00102497,0.00102497,0.00233745,0.0111084,24.0,24.0,68.0
2026-01-14,ibm_fez,35,191.1114,43.48,0.00025814,0.00025814,,0.01477051,24.0,24.0,
2026-01-14,ibm_fez,36,78.1177,65.5958,0.00043896,0.00043896,,0.00976562,24.0,24.0,
2026-01-14,ibm_fez,37,191.0848,212.4026,0.00030465,0.00030465,,0.0078125,24.0,24.0,
2026-01-14,ibm_fez,38,144.5406,140.506,0.00028078,0.00028078,,0.01147461,24.0,24.0,
2026-01-14,ibm_fez,39,133.5564,152.2228,0.00061393,0.00061393,,0.0135498,24.0,24.0,
2026-01-13,ibm_fez,20,206.7312,220.8365,0.00119215,0.00119215,0.0077468,0.00585938,24.0,24.0,68.0
2026-01-13,ibm_fez,21,232.0248,158.527,0.00029026,0.00029026,0.00199405,0.00585938,24.0,24.0,68.0
2026-01-13,ibm_fez,22,199.2624,146.3698,0.00016622,0.00016622,0.00337218,0.00512695,24.0,24.0,68.0
2026-01-13,ibm_fez,23,85.5435,88.6819,0.00019283,0.00019283,0.00428967,0.00244141,24.0,24.0,68.0
2026-01-13,ibm_fez,24,207.4755,94.6356,0.00067402,0.00067402,0.01999933,0.01013184,24.0,24.0,68.0
2026-01-13,ibm_fez,25,145.1365,134.8296,0.00019665,0.00019665,0.00229868,0.00915527,24.0,24.0,68.0
2026-01-13,ibm_fez,26,134.2506,97.8177,0.00021047,0.00021047,0.02796464,0.00756836,24.0,24.0,68.0
2026-01-13,ibm_fez,27,135.6837,151.7474,0.00461018,0.00461018,1.0,0.01098633,24.0,24.0,68.0
2026-01-13,ibm_fez,28,155.0568,132.3918,0.00022011,0.00022011,0.0037543,0.00952148,24.0,24.0,68.0
2026-01-13,ibm_fez,29,206.3463,53.8576,0.00024533,0.00024533,0.00200756,0.0090332,24.0,24.0,68.0
2026-01-13,ibm_fez,30,158.2463,107.1349,0.00022098,0.00022098,0.00249445,0.00671387,24.0,24.0,68.0
2026-01-13,ibm_fez,31,98.5571,52.2066,0.00040629,0.00040629,0.04920065,0.04089355,24.0,24.0,68.0
2026-01-13,ibm_fez,32,159.8786,143.8574,0.00029215,0.00029215,1.0,0.03369141,24.0,24.0,68.0
2026-01-13,ibm_fez,33,183.7808,162.8563,0.00018447,0.00018447,0.00193818,0.02514648,24.0,24.0,68.0
2026-01-13,ibm_fez,34,101.3636,64.2451,0.00102497,0.00102497,0.00189803,0.01452637,24.0,24.0,68.0
2026-01-13,ibm_fez,35,173.8791,47.4483,0.00031791,0.00031791,,0.01416016,24.0,24.0,
2026-01-13,ibm_fez,36,157.8511,125.7184,0.00059275,0.00059275,,0.00793457,24.0,24.0,
2026-01-13,ibm_fez,37,143.7004,183.1818,0.00031532,0.00031532,,0.0144043,24.0,24.0,
2026-01-13,ibm_fez,38,143.7421,159.586,0.00026559,0.00026559,,0.00830078,24.0,24.0,
2026-01-13,ibm_fez,39,124.9942,175.6772,0.00051256,0.00051256,,0.01513672,24.0,24.0,
2026-01-12,ibm_fez,20,195.5089,223.9456,0.00024882,0.00024882,0.0091617,0.01013184,24.0,24.0,68.0
2026-01-12,ibm_fez,21,226.1051,149.3469,0.00024912,0.00024912,0.00212541,0.00610352,24.0,24.0,68.0
2026-01-12,ibm_fez,22,209.2775,128.2881,0.00019725,0.00019725,0.00232691,0.00866699,24.0,24.0,68.0
2026-01-12,ibm_fez,23,258.1484,184.5404,0.00016277,0.00016277,0.00395645,0.00708008,24.0,24.0,68.0
2026-01-12,ibm_fez,24,207.4755,208.7358,0.00081094,0.00081094,0.01747333,0.00830078,24.0,24.0,68.0
2026-01-12,ibm_fez,25,184.5904,121.2882,0.00021448,0.00021448,0.00216103,0.00793457,24.0,24.0,68.0
2026-01-12,ibm_fez,26,186.9917,115.9244,0.00036688,0.00036688,0.02621415,0.0123291,24.0,24.0,68.0
2026-01-12,ibm_fez,27,107.4933,114.038,0.00555397,0.00555397,1.0,0.01196289,24.0,24.0,68.0
2026-01-12,ibm_fez,28,132.3289,128.8399,0.00024131,0.00024131,0.00362953,0.00952148,24.0,24.0,68.0
2026-01-12,ibm_fez,29,176.9968,48.53,0.00019386,0.00019386,0.00269644,0.01464844,24.0,24.0,68.0
2026-01-12,ibm_fez,30,127.161,99.0917,0.00023008,0.00023008,0.00232201,0.00927734,24.0,24.0,68.0
2026-01-12,ibm_fez,31,129.1468,58.4167,0.00033448,0.00033448,0.02985923,0.01696777,24.0,24.0,68.0
2026-01-12,ibm_fez,32,130.4453,126.6882,0.00027055,0.00027055,1.0,0.03295898,24.0,24.0,68.0
2026-01-12,ibm_fez,33,131.6622,102.07,0.00020057,0.00020057,0.00263389,0.01623535,24.0,24.0,68.0
2026-01-12,ibm_fez,34,163.3627,67.0073,0.00095527,0.00095527,0.00257155,0.02783203,24.0,24.0,68.0
2026-01-12,ibm_fez,35,160.3649,49.0136,0.00017174,0.00017174,,0.01367188,24.0,24.0,
2026-01-12,ibm_fez,36,170.1021,125.209,0.00059793,0.00059793,,0.00683594,24.0,24.0,
2026-01-12,ibm_fez,37,92.2871,109.3177,0.0003017,0.0003017,,0.00927734,24.0,24.0,
2026-01-12,ibm_fez,38,88.286,98.6512,0.00031407,0.00031407,,0.00732422,24.0,24.0,
2026-01-12,ibm_fez,39,141.1594,169.6641,0.00027852,0.00027852,,0.01586914,24.0,24.0,
2026-01-11,ibm_fez,20,123.4535,119.5832,0.00053714,0.00053714,0.01183524,0.00915527,24.0,24.0,68.0
2026-01-11,ibm_fez,21,177.306,156.2022,0.00017316,0.00017316,0.0020157,0.0135498,24.0,24.0,68.0
2026-01-11,ibm_fez,22,172.9168,133.8541,0.0001534,0.0001534,0.00269362,0.00488281,24.0,24.0,68.0
2026-01-11,ibm_fez,23,122.2955,127.9644,0.00018019,0.00018019,0.00369823,0.00500488,24.0,24.0,68.0
2026-01-11,ibm_fez,24,53.2216,78.3154,0.00071425,0.00071425,0.0197532,0.01159668,24.0,24.0,68.0
2026-01-11,ibm_fez,25,228.2477,138.8127,0.00019271,0.00019271,0.00252212,0.00842285,24.0,24.0,68.0
2026-01-11,ibm_fez,26,141.4467,99.1895,0.00032839,0.00032839,0.0234137,0.01025391,24.0,24.0,68.0
2026-01-11,ibm_fez,27,133.3158,115.5517,0.00462835,0.00462835,1.0,0.00842285,24.0,24.0,68.0
2026-01-11,ibm_fez,28,184.3917,172.6049,0.00032666,0.00032666,0.00355533,0.0090332,24.0,24.0,68.0
2026-01-11,ibm_fez,29,188.0472,49.7824,0.00023195,0.00023195,0.0017837,0.01245117,24.0,24.0,68.0
2026-01-11,ibm_fez,30,184.74,128.2263,0.00020532,0.00020532,0.00257614,0.00817871,24.0,24.0,68.0
2026-01-11,ibm_fez,31,57.1823,45.9779,0.00047497,0.00047497,0.03903771,0.02087402,24.0,24.0,68.0
2026-01-11,ibm_fez,32,179.7328,170.9395,0.00026177,0.00026177,1.0,0.03051758,24.0,24.0,68.0
2026-01-11,ibm_fez,33,159.9566,140.3102,0.00018327,0.00018327,0.00254553,0.01696777,24.0,24.0,68.0
2026-01-11,ibm_fez,34,200.3195,91.9174,0.00062844,0.00062844,0.00159336,0.01025391,24.0,24.0,68.0
2026-01-11,ibm_fez,35,109.4599,41.1881,0.00034162,0.00034162,,0.01599121,24.0,24.0,
2026-01-11,ibm_fez,36,164.2117,123.7842,0.00037555,0.00037555,,0.00683594,24.0,24.0,
2026-01-11,ibm_fez,37,161.1013,169.4638,0.00039223,0.00039223,,0.0098877,24.0,24.0,
2026-01-11,ibm_fez,38,183.1431,173.1596,0.00031881,0.00031881,,0.00805664,24.0,24.0,
2026-01-11,ibm_fez,39,184.5691,226.4889,0.00031611,0.00031611,,0.01574707,24.0,24.0,
2026-01-10,ibm_fez,20,121.8789,122.7564,0.00063555,0.00063555,0.00869182,0.01489258,24.0,24.0,68.0
2026-01-10,ibm_fez,21,230.6413,174.6611,0.000279,0.000279,0.00200643,0.00622559,24.0,24.0,68.0
2026-01-10,ibm_fez,22,167.058,128.6572,0.00019389,0.00019389,0.00248512,0.00463867,24.0,24.0,68.0
2026-01-10,ibm_fez,23,105.7229,107.2393,0.00020213,0.00020213,0.00566862,0.00488281,24.0,24.0,68.0
2026-01-10,ibm_fez,24,157.3077,126.1984,0.00067204,0.00067204,0.01952483,0.01049805,24.0,24.0,68.0
2026-01-10,ibm_fez,25,84.0106,72.2023,0.00014215,0.00014215,0.00238535,0.00939941,24.0,24.0,68.0
2026-01-10,ibm_fez,26,178.3457,105.7781,0.00029095,0.00029095,0.02873638,0.00622559,24.0,24.0,68.0
2026-01-10,ibm_fez,27,118.5527,125.1545,0.00589482,0.00589482,1.0,0.01123047,24.0,24.0,68.0
2026-01-10,ibm_fez,28,243.5154,238.7318,0.0001816,0.0001816,0.00446849,0.00732422,24.0,24.0,68.0
2026-01-10,ibm_fez,29,160.9427,47.0606,0.000196,0.000196,0.00214011,0.01257324,24.0,24.0,68.0
2026-01-10,ibm_fez,30,132.2225,114.2158,0.00036039,0.00036039,0.00295428,0.00769043,24.0,24.0,68.0
2026-01-10,ibm_fez,31,149.3808,59.5983,0.00045406,0.00045406,0.05657333,0.01733398,24.0,24.0,68.0
2026-01-10,ibm_fez,32,143.0698,173.9075,0.00023745,0.00023745,1.0,0.03063965,24.0,24.0,68.0
2026-01-10,ibm_fez,33,164.934,109.3869,0.00027385,0.00027385,0.00297964,0.01477051,24.0,24.0,68.0
2026-01-10,ibm_fez,34,150.6024,68.3809,0.00038674,0.00038674,0.00207877,0.01269531,24.0,24.0,68.0
2026-01-10,ibm_fez,35,190.4429,43.5603,0.00019579,0.00019579,,0.0123291,24.0,24.0,
2026-01-10,ibm_fez,36,130.3279,114.4354,0.00041434,0.00041434,,0.00720215,24.0,24.0,
2026-01-10,ibm_fez,37,72.6623,81.7641,0.00039223,0.00039223,,0.00830078,24.0,24.0,
2026-01-10,ibm_fez,38,105.5566,98.6261,0.00035483,0.00035483,,0.00671387,24.0,24.0,
2026-01-10,ibm_fez,39,136.3522,174.9873,0.00062056,0.00062056,,0.01855469,24.0,24.0,
2026-01-09,ibm_fez,20,110.2614,93.5706,0.00058849,0.00058849,0.01725249,0.00939941,24.0,24.0,68.0
2026-01-09,ibm_fez,21,252.0119,203.4549,0.00025449,0.00025449,0.0024934,0.00683594,24.0,24.0,68.0
2026-01-09,ibm_fez,22,171.7575,123.6065,0.00018317,0.00018317,0.00264259,0.00744629,24.0,24.0,68.0
2026-01-09,ibm_fez,23,161.4428,162.5795,0.00014607,0.00014607,0.00366565,0.00488281,24.0,24.0,68.0
2026-01-09,ibm_fez,24,158.4448,168.729,0.00079226,0.00079226,0.01789533,0.00805664,24.0,24.0,68.0
2026-01-09,ibm_fez,25,185.3752,135.4105,0.00024056,0.00024056,0.00204388,0.01000977,24.0,24.0,68.0
2026-01-09,ibm_fez,26,84.4997,60.2927,0.00024697,0.00024697,0.0233873,0.00756836,24.0,24.0,68.0
2026-01-09,ibm_fez,27,93.8237,103.6804,0.00435328,0.00435328,1.0,0.00842285,24.0,24.0,68.0
2026-01-09,ibm_fez,28,213.7172,214.2013,0.00015439,0.00015439,0.00362577,0.00549316,24.0,24.0,68.0
2026-01-09,ibm_fez,29,206.7843,52.794,0.00018253,0.00018253,0.00212247,0.01318359,24.0,24.0,68.0
2026-01-09,ibm_fez,30,159.3687,135.3551,0.0002219,0.0002219,0.00293385,0.00683594,24.0,24.0,68.0
2026-01-09,ibm_fez,31,138.1618,66.584,0.00050283,0.00050283,0.03663468,0.01574707,24.0,24.0,68.0
2026-01-09,ibm_fez,32,141.502,143.527,0.00030282,0.00030282,1.0,0.03479004,24.0,24.0,68.0
2026-01-09,ibm_fez,33,164.934,156.3104,0.00030589,0.00030589,0.00243233,0.01428223,24.0,24.0,68.0
2026-01-09,ibm_fez,34,157.483,79.1342,0.00055287,0.00055287,0.00289691,0.01403809,24.0,24.0,68.0
2026-01-09,ibm_fez,35,111.1596,37.2454,0.0003284,0.0003284,,0.01757812,24.0,24.0,
2026-01-09,ibm_fez,36,150.1186,138.1931,0.00043071,0.00043071,,0.00805664,24.0,24.0,
2026-01-09,ibm_fez,37,151.8135,213.3782,0.00025618,0.00025618,,0.0090332,24.0,24.0,
2026-01-09,ibm_fez,38,122.587,144.941,0.00032618,0.00032618,,0.00720215,24.0,24.0,
2026-01-09,ibm_fez,39,110.6788,159.9433,0.00036479,0.00036479,,0.01831055,24.0,24.0,
2026-01-08,ibm_fez,20,134.8262,131.2,0.00040357,0.00040357,0.00786127,0.01782227,24.0,24.0,68.0
2026-01-08,ibm_fez,21,172.9399,79.8265,0.00025966,0.00025966,0.00209669,0.01123047,24.0,24.0,68.0
2026-01-08,ibm_fez,22,147.3931,126.3896,0.00013258,0.00013258,0.00224989,0.00585938,24.0,24.0,68.0
2026-01-08,ibm_fez,23,201.4399,171.9538,0.00015327,0.00015327,0.00462538,0.00585938,24.0,24.0,68.0
2026-01-08,ibm_fez,24,196.2206,174.6231,0.00087553,0.00087553,0.01840125,0.0078125,24.0,24.0,68.0
2026-01-08,ibm_fez,25,202.626,131.9705,0.00089876,0.00089876,0.00199163,0.01086426,24.0,24.0,68.0
2026-01-08,ibm_fez,26,79.7022,77.1514,0.00028574,0.00028574,0.03021118,0.00830078,24.0,24.0,68.0
2026-01-08,ibm_fez,27,116.0604,122.9056,0.00443601,0.00443601,1.0,0.00952148,24.0,24.0,68.0
2026-01-08,ibm_fez,28,186.9081,194.2239,0.0001876,0.0001876,0.00349998,0.00537109,24.0,24.0,68.0
2026-01-08,ibm_fez,29,108.0553,46.2226,0.00017444,0.00017444,0.00252189,0.00927734,24.0,24.0,68.0
2026-01-08,ibm_fez,30,136.0053,124.0621,0.00025884,0.00025884,0.0027379,0.00769043,24.0,24.0,68.0
2026-01-08,ibm_fez,31,118.5689,60.6156,0.00048143,0.00048143,0.03720401,0.01342773,24.0,24.0,68.0
2026-01-08,ibm_fez,32,120.5824,104.8136,0.00027168,0.00027168,1.0,0.03393555,24.0,24.0,68.0
2026-01-08,ibm_fez,33,123.9023,98.7437,0.00023447,0.00023447,0.00245315,0.01867676,24.0,24.0,68.0
2026-01-08,ibm_fez,34,106.7336,63.8796,0.0046077,0.0046077,0.00254824,0.01025391,24.0,24.0,68.0
2026-01-08,ibm_fez,35,153.7318,41.7882,0.00025919,0.00025919,,0.01416016,24.0,24.0,
2026-01-08,ibm_fez,36,148.943,125.7124,0.00052882,0.00052882,,0.00646973,24.0,24.0,
2026-01-08,ibm_fez,37,156.6663,178.6954,0.00027609,0.00027609,,0.00939941,24.0,24.0,
2026-01-08,ibm_fez,38,119.5481,139.1722,0.00021165,0.00021165,,0.00720215,24.0,24.0,
2026-01-08,ibm_fez,39,133.6342,138.7107,0.00086951,0.00086951,,0.01647949,24.0,24.0,
2026-01-07,ibm_fez,20,172.2293,64.3993,0.00083891,0.00083891,0.0158143,0.00878906,24.0,24.0,68.0
2026-01-07,ibm_fez,21,172.9399,155.126,0.00040224,0.00040224,0.00264523,0.00549316,24.0,24.0,68.0
2026-01-07,ibm_fez,22,133.7913,96.4252,0.00023174,0.00023174,0.00241889,0.00952148,24.0,24.0,68.0
2026-01-07,ibm_fez,23,99.4259,102.508,0.00019908,0.00019908,0.00421133,0.00366211,24.0,24.0,68.0
2026-01-07,ibm_fez,24,137.3457,124.127,0.00069928,0.00069928,0.02080063,0.01391602,24.0,24.0,68.0
2026-01-07,ibm_fez,25,174.8275,140.116,0.00023771,0.00023771,0.00216621,0.00927734,24.0,24.0,68.0
2026-01-07,ibm_fez,26,113.184,84.486,0.00033597,0.00033597,0.02808243,0.00769043,24.0,24.0,68.0
2026-01-07,ibm_fez,27,97.7114,111.5355,0.00514689,0.00514689,1.0,0.00817871,24.0,24.0,68.0
2026-01-07,ibm_fez,28,62.1275,59.4578,0.00026859,0.00026859,0.0034089,0.00610352,24.0,24.0,68.0
2026-01-07,ibm_fez,29,170.2778,45.2306,0.00020949,0.00020949,0.00214506,0.0098877,24.0,24.0,68.0
2026-01-07,ibm_fez,30,152.8548,144.4239,0.00032074,0.00032074,0.00291965,0.00720215,24.0,24.0,68.0
2026-01-07,ibm_fez,31,98.701,69.0021,0.00045893,0.00045893,0.03830134,0.01513672,24.0,24.0,68.0
2026-01-07,ibm_fez,32,95.6351,60.51,0.00030063,0.00030063,1.0,0.04248047,24.0,24.0,68.0
2026-01-07,ibm_fez,33,123.9023,94.0946,0.00023942,0.00023942,0.02128672,0.01843262,24.0,24.0,68.0
2026-01-07,ibm_fez,34,127.0459,62.3246,0.0046077,0.0046077,0.01808604,0.00878906,24.0,24.0,68.0
2026-01-07,ibm_fez,35,124.151,43.5975,0.00026003,0.00026003,,0.01306152,24.0,24.0,
2026-01-07,ibm_fez,36,122.5933,89.0676,0.00026125,0.00026125,,0.00683594,24.0,24.0,
2026-01-07,ibm_fez,37,127.3248,118.5429,0.00025516,0.00025516,,0.00878906,24.0,24.0,
2026-01-07,ibm_fez,38,145.9681,164.3995,0.00019508,0.00019508,,0.0078125,24.0,24.0,
2026-01-07,ibm_fez,39,125.8347,159.9244,0.00050306,0.00050306,,0.01513672,24.0,24.0,
2026-01-06,ibm_fez,20,172.2293,111.2522,0.00024876,0.00024876,0.00666467,0.00976562,24.0,24.0,68.0
2026-01-06,ibm_fez,21,184.4064,160.2518,0.00036176,0.00036176,0.00238565,0.00927734,24.0,24.0,68.0
2026-01-06,ibm_fez,22,136.4094,116.167,0.00021796,0.00021796,0.0031097,0.00488281,24.0,24.0,68.0
2026-01-06,ibm_fez,23,78.7132,79.3061,0.00019572,0.00019572,0.00477925,0.00463867,24.0,24.0,68.0
2026-01-06,ibm_fez,24,135.1308,167.6534,0.00062443,0.00062443,0.02092443,0.00952148,24.0,24.0,68.0
2026-01-06,ibm_fez,25,164.3213,127.568,0.00018405,0.00018405,0.00235843,0.01220703,24.0,24.0,68.0
2026-01-06,ibm_fez,26,175.8049,101.4759,0.00029968,0.00029968,0.03182152,0.00854492,24.0,24.0,68.0
2026-01-06,ibm_fez,27,115.0465,134.7917,0.00460161,0.00460161,1.0,0.01037598,24.0,24.0,68.0
2026-01-06,ibm_fez,28,114.7614,113.3391,0.00026647,0.00026647,0.00377247,0.00476074,24.0,24.0,68.0
2026-01-06,ibm_fez,29,132.6176,50.5044,0.00017771,0.00017771,0.00201721,0.01159668,24.0,24.0,68.0
2026-01-06,ibm_fez,30,111.6639,107.8376,0.00022586,0.00022586,0.00237997,0.00476074,24.0,24.0,68.0
2026-01-06,ibm_fez,31,112.9135,62.1599,0.00067847,0.00067847,0.04974986,0.02307129,24.0,24.0,68.0
2026-01-06,ibm_fez,32,119.2994,171.5347,0.00028894,0.00028894,1.0,0.03100586,24.0,24.0,68.0
2026-01-06,ibm_fez,33,183.0799,176.2896,0.00017707,0.00017707,0.0049626,0.01416016,24.0,24.0,68.0
2026-01-06,ibm_fez,34,86.7706,60.516,0.00114317,0.00114317,0.00396921,0.01257324,24.0,24.0,68.0
2026-01-06,ibm_fez,35,147.6148,50.3118,0.0002244,0.0002244,,0.01794434,24.0,24.0,
2026-01-06,ibm_fez,36,203.4006,158.5354,0.00032126,0.00032126,,0.00695801,24.0,24.0,
2026-01-06,ibm_fez,37,161.0333,132.0767,0.00032757,0.00032757,,0.00964355,24.0,24.0,
2026-01-06,ibm_fez,38,111.5424,86.8359,0.0006677,0.0006677,,0.0090332,24.0,24.0,
2026-01-06,ibm_fez,39,132.7133,162.9413,0.00052397,0.00052397,,0.01757812,24.0,24.0,
2026-01-05,ibm_fez,20,172.2293,195.2875,0.00028866,0.00028866,0.00750974,0.00805664,24.0,24.0,68.0
2026-01-05,ibm_fez,21,193.7588,93.9694,0.00028767,0.00028767,0.00243526,0.00891113,24.0,24.0,68.0
2026-01-05,ibm_fez,22,183.808,122.3361,0.0002159,0.0002159,0.00272624,0.00585938,24.0,24.0,68.0
2026-01-05,ibm_fez,23,138.1318,110.92,0.00024672,0.00024672,0.00395908,0.00463867,24.0,24.0,68.0
2026-01-05,ibm_fez,24,116.1421,124.0363,0.00126302,0.00126302,0.01812499,0.00939941,24.0,24.0,68.0
2026-01-05,ibm_fez,25,171.7656,116.4288,0.00012255,0.00012255,0.00245524,0.00952148,24.0,24.0,68.0
2026-01-05,ibm_fez,26,105.1229,81.9511,0.00023209,0.00023209,0.028386,0.00695801,24.0,24.0,68.0
2026-01-05,ibm_fez,27,119.608,131.4927,0.00607211,0.00607211,1.0,0.0090332,24.0,24.0,68.0
2026-01-05,ibm_fez,28,130.8404,174.3672,0.00038025,0.00038025,0.00344807,0.00598145,24.0,24.0,68.0
2026-01-05,ibm_fez,29,196.2725,50.0829,0.00021574,0.00021574,0.00221582,0.01635742,24.0,24.0,68.0
2026-01-05,ibm_fez,30,188.2941,159.0212,0.00032836,0.00032836,0.00312031,0.00646973,24.0,24.0,68.0
2026-01-05,ibm_fez,31,168.994,64.8359,0.0004632,0.0004632,0.06468232,0.01660156,24.0,24.0,68.0
2026-01-05,ibm_fez,32,90.7291,161.538,0.00027873,0.00027873,1.0,0.03283691,24.0,24.0,68.0
2026-01-05,ibm_fez,33,145.2669,113.1975,0.00017707,0.00017707,0.00209214,0.01428223,24.0,24.0,68.0
2026-01-05,ibm_fez,34,142.9758,76.4469,0.0004619,0.0004619,0.00192724,0.01098633,24.0,24.0,68.0
2026-01-05,ibm_fez,35,115.1846,37.0642,0.0002016,0.0002016,,0.015625,24.0,24.0,
2026-01-05,ibm_fez,36,112.7411,83.2045,0.0005941,0.0005941,,0.00598145,24.0,24.0,
2026-01-05,ibm_fez,37,128.471,157.7068,0.00026592,0.00026592,,0.00708008,24.0,24.0,
2026-01-05,ibm_fez,38,111.5424,137.774,0.00030036,0.00030036,,0.00720215,24.0,24.0,
2026-01-05,ibm_fez,39,186.297,256.3472,0.00061454,0.00061454,,0.01293945,24.0,24.0,
2026-01-04,ibm_fez,20,172.2293,195.2875,0.00028866,0.00028866,0.00750974,0.00732422,24.0,24.0,68.0
2026-01-04,ibm_fez,21,193.7588,93.9694,0.00028767,0.00028767,0.00243526,0.00842285,24.0,24.0,68.0
2026-01-04,ibm_fez,22,183.808,122.3361,0.0002159,0.0002159,0.00272624,0.00830078,24.0,24.0,68.0
2026-01-04,ibm_fez,23,138.1318,110.92,0.00024672,0.00024672,0.00395908,0.00549316,24.0,24.0,68.0
2026-01-04,ibm_fez,24,116.1421,124.0363,0.00126302,0.00126302,0.01812499,0.00927734,24.0,24.0,68.0
2026-01-04,ibm_fez,25,171.7656,116.4288,0.00012255,0.00012255,0.00245524,0.00866699,24.0,24.0,68.0
2026-01-04,ibm_fez,26,105.1229,81.9511,0.00023209,0.00023209,0.028386,0.00561523,24.0,24.0,68.0
2026-01-04,ibm_fez,27,119.608,131.4927,0.00607211,0.00607211,1.0,0.01159668,24.0,24.0,68.0
2026-01-04,ibm_fez,28,130.8404,174.3672,0.00038025,0.00038025,0.00344807,0.00793457,24.0,24.0,68.0
2026-01-04,ibm_fez,29,196.2725,50.0829,0.00021574,0.00021574,0.00221582,0.00939941,24.0,24.0,68.0
2026-01-04,ibm_fez,30,188.2941,159.0212,0.00032836,0.00032836,0.00312031,0.00939941,24.0,24.0,68.0
2026-01-04,ibm_fez,31,168.994,64.8359,0.0004632,0.0004632,0.06468232,0.01599121,24.0,24.0,68.0
2026-01-04,ibm_fez,32,90.7291,161.538,0.00027873,0.00027873,1.0,0.03161621,24.0,24.0,68.0
2026-01-04,ibm_fez,33,145.2669,113.1975,0.00017707,0.00017707,0.00209214,0.07116699,24.0,24.0,68.0
2026-01-04,ibm_fez,34,142.9758,76.4469,0.0004619,0.0004619,0.00192724,0.00964355,24.0,24.0,68.0
2026-01-04,ibm_fez,35,115.1846,37.0642,0.0002016,0.0002016,,0.01452637,24.0,24.0,
2026-01-04,ibm_fez,36,112.7411,83.2045,0.0005941,0.0005941,,0.00585938,24.0,24.0,
2026-01-04,ibm_fez,37,128.471,157.7068,0.00026592,0.00026592,,0.0111084,24.0,24.0,
2026-01-04,ibm_fez,38,111.5424,137.774,0.00030036,0.00030036,,0.00793457,24.0,24.0,
2026-01-04,ibm_fez,39,186.297,256.3472,0.00061454,0.00061454,,0.01489258,24.0,24.0,
2026-01-03,ibm_fez,20,150.6664,169.0854,0.00019672,0.00019672,0.00975249,0.10107422,24.0,24.0,68.0
2026-01-03,ibm_fez,21,162.3846,136.071,0.00041668,0.00041668,0.0027299,0.00952148,24.0,24.0,68.0
2026-01-03,ibm_fez,22,95.4338,72.3889,0.00027158,0.00027158,0.00219543,0.00488281,24.0,24.0,68.0
2026-01-03,ibm_fez,23,180.7968,93.0719,0.00013648,0.00013648,0.00423962,0.00512695,24.0,24.0,68.0
2026-01-03,ibm_fez,24,172.3574,151.6662,0.00062768,0.00062768,0.0191556,0.00830078,24.0,24.0,68.0
2026-01-03,ibm_fez,25,157.1955,108.6665,0.00025812,0.00025812,0.00258594,0.01000977,24.0,24.0,68.0
2026-01-03,ibm_fez,26,132.7799,92.977,0.00026962,0.00026962,0.02505169,0.0090332,24.0,24.0,68.0
2026-01-03,ibm_fez,27,103.0607,9.1453,0.00697026,0.00697026,1.0,0.00878906,24.0,24.0,68.0
2026-01-03,ibm_fez,28,120.1921,131.0901,0.0002729,0.0002729,0.0038149,0.00732422,24.0,24.0,68.0
2026-01-03,ibm_fez,29,165.9612,45.6695,0.00024246,0.00024246,0.0029817,0.00976562,24.0,24.0,68.0
2026-01-03,ibm_fez,30,11.9388,13.6727,0.00053003,0.00053003,0.00322371,0.00683594,24.0,24.0,68.0
2026-01-03,ibm_fez,31,88.8908,56.3421,0.00051394,0.00051394,0.06525843,0.01489258,24.0,24.0,68.0
2026-01-03,ibm_fez,32,90.7291,150.1389,0.00032173,0.00032173,1.0,0.03369141,24.0,24.0,68.0
2026-01-03,ibm_fez,33,139.1826,123.6417,0.00026314,0.00026314,0.00230226,0.01782227,24.0,24.0,68.0
2026-01-03,ibm_fez,34,172.2616,79.9438,0.00041981,0.00041981,0.0018526,0.01098633,24.0,24.0,68.0
2026-01-03,ibm_fez,35,178.6522,47.2919,0.00026135,0.00026135,,0.01318359,24.0,24.0,
2026-01-03,ibm_fez,36,153.7591,130.1835,0.00044304,0.00044304,,0.0065918,24.0,24.0,
2026-01-03,ibm_fez,37,151.7783,150.2878,0.00027183,0.00027183,,0.00683594,24.0,24.0,
2026-01-03,ibm_fez,38,124.1094,168.0375,0.00031302,0.00031302,,0.00927734,24.0,24.0,
2026-01-03,ibm_fez,39,146.5403,148.6863,0.0006011,0.0006011,,0.01318359,24.0,24.0,
2026-01-02,ibm_fez,20,90.7126,102.7512,0.00067429,0.00067429,0.01315931,0.01196289,24.0,24.0,68.0
2026-01-02,ibm_fez,21,102.637,90.4043,0.00033424,0.00033424,0.00307621,0.00671387,24.0,24.0,68.0
2026-01-02,ibm_fez,22,69.5246,73.0056,0.00029201,0.00029201,0.00295056,0.00976562,24.0,24.0,68.0
2026-01-02,ibm_fez,23,180.7968,161.4098,0.00019905,0.00019905,0.00422147,0.00695801,24.0,24.0,68.0
2026-01-02,ibm_fez,24,148.7549,155.714,0.00097624,0.00097624,0.02146685,0.01306152,24.0,24.0,68.0
2026-01-02,ibm_fez,25,149.6545,103.1457,0.00030868,0.00030868,0.00244317,0.0111084,24.0,24.0,68.0
2026-01-02,ibm_fez,26,123.4565,85.1429,0.00029585,0.00029585,0.0286055,0.00842285,24.0,24.0,68.0
2026-01-02,ibm_fez,27,103.0607,114.2767,0.00465683,0.00465683,1.0,0.01013184,24.0,24.0,68.0
2026-01-02,ibm_fez,28,140.3421,132.651,0.00017138,0.00017138,0.00384676,0.00720215,24.0,24.0,68.0
2026-01-02,ibm_fez,29,139.0641,46.3251,0.00019747,0.00019747,0.00236143,0.01098633,24.0,24.0,68.0
2026-01-02,ibm_fez,30,136.6638,120.706,0.00023709,0.00023709,0.00296383,0.00744629,24.0,24.0,68.0
2026-01-02,ibm_fez,31,153.9624,47.1773,0.00036718,0.00036718,0.04206052,0.03125,24.0,24.0,68.0
2026-01-02,ibm_fez,32,131.814,115.2902,0.00029087,0.00029087,1.0,0.03210449,24.0,24.0,68.0
2026-01-02,ibm_fez,33,175.8083,142.2307,0.00035209,0.00035209,0.00305428,0.01501465,24.0,24.0,68.0
2026-01-02,ibm_fez,34,112.9223,66.2179,0.00091413,0.00091413,0.00221041,0.01721191,24.0,24.0,68.0
2026-01-02,ibm_fez,35,112.0996,49.8547,0.00033161,0.00033161,,0.015625,24.0,24.0,
2026-01-02,ibm_fez,36,96.8852,94.3565,0.00040085,0.00040085,,0.00964355,24.0,24.0,
2026-01-02,ibm_fez,37,160.3984,128.546,0.00051292,0.00051292,,0.01098633,24.0,24.0,
2026-01-02,ibm_fez,38,134.1557,137.5474,0.00027446,0.00027446,,0.01025391,24.0,24.0,
2026-01-02,ibm_fez,39,99.0964,132.5052,0.00051253,0.00051253,,0.0177002,24.0,24.0,
2026-01-01,ibm_fez,20,178.2094,177.0518,0.00044364,0.00044364,0.00996339,0.00756836,24.0,24.0,68.0
2026-01-01,ibm_fez,21,173.1191,166.7999,0.00027698,0.00027698,0.00387857,0.00390625,24.0,24.0,68.0
2026-01-01,ibm_fez,22,143.1448,129.719,0.00018096,0.00018096,0.0032153,0.00512695,24.0,24.0,68.0
2026-01-01,ibm_fez,23,224.9421,175.2905,0.0002815,0.0002815,0.00569148,0.00439453,24.0,24.0,68.0
2026-01-01,ibm_fez,24,180.8762,176.7332,0.00054822,0.00054822,0.02095138,0.01660156,24.0,24.0,68.0
2026-01-01,ibm_fez,25,143.072,104.5487,0.00017046,0.00017046,0.00243265,0.01196289,24.0,24.0,68.0
2026-01-01,ibm_fez,26,138.074,95.8292,0.00027378,0.00027378,0.02532148,0.00512695,24.0,24.0,68.0
2026-01-01,ibm_fez,27,55.9112,66.1155,0.00516164,0.00516164,1.0,0.01049805,24.0,24.0,68.0
2026-01-01,ibm_fez,28,184.5355,202.8412,0.00025998,0.00025998,0.00436512,0.00610352,24.0,24.0,68.0
2026-01-01,ibm_fez,29,183.2565,43.1229,0.00022385,0.00022385,0.00252993,0.01245117,24.0,24.0,68.0
2026-01-01,ibm_fez,30,99.2545,98.8037,0.0003069,0.0003069,0.00342933,0.0065918,24.0,24.0,68.0
2026-01-01,ibm_fez,31,153.9624,80.5925,0.00057448,0.00057448,0.03609085,0.0144043,24.0,24.0,68.0
2026-01-01,ibm_fez,32,130.2851,116.7083,0.00024693,0.00024693,1.0,0.0300293,24.0,24.0,68.0
2026-01-01,ibm_fez,33,175.8692,143.9101,0.00025076,0.00025076,0.00236562,0.01391602,24.0,24.0,68.0
2026-01-01,ibm_fez,34,226.655,80.9005,0.00058668,0.00058668,0.00187284,0.01098633,24.0,24.0,68.0
2026-01-01,ibm_fez,35,110.0867,34.0246,0.000291,0.000291,,0.01171875,24.0,24.0,
2026-01-01,ibm_fez,36,186.0203,108.7618,0.00042574,0.00042574,,0.00537109,24.0,24.0,
2026-01-01,ibm_fez,37,96.8991,120.0507,0.0001805,0.0001805,,0.00878906,24.0,24.0,
2026-01-01,ibm_fez,38,129.574,169.8294,0.00028137,0.00028137,,0.0078125,24.0,24.0,
2026-01-01,ibm_fez,39,181.7232,217.2096,0.00049788,0.00049788,,0.01733398,24.0,24.0,
2025-12-31,ibm_fez,20,119.823,154.4055,0.0003068,0.0003068,0.01040749,0.00793457,24.0,24.0,68.0
2025-12-31,ibm_fez,21,177.8044,92.2385,0.00020137,0.00020137,0.00251577,0.00671387,24.0,24.0,68.0
2025-12-31,ibm_fez,22,146.6138,121.5709,0.00022097,0.00022097,0.00302188,0.00964355,24.0,24.0,68.0
2025-12-31,ibm_fez,23,223.2548,170.6569,0.00018887,0.00018887,0.00559126,0.00378418,24.0,24.0,68.0
2025-12-31,ibm_fez,24,141.6297,169.5695,0.00075333,0.00075333,0.02056356,0.01135254,24.0,24.0,68.0
2025-12-31,ibm_fez,25,181.8977,137.278,0.000125,0.000125,0.0028247,0.00878906,24.0,24.0,68.0
2025-12-31,ibm_fez,26,166.3994,111.9919,0.00027752,0.00027752,0.02989151,0.0144043,24.0,24.0,68.0
2025-12-31,ibm_fez,27,87.6077,105.923,0.00607859,0.00607859,1.0,0.00866699,24.0,24.0,68.0
2025-12-31,ibm_fez,28,93.6766,103.08,0.00035742,0.00035742,0.0031504,0.00634766,24.0,24.0,68.0
2025-12-31,ibm_fez,29,90.9649,48.9559,0.00016591,0.00016591,0.0024173,0.0111084,24.0,24.0,68.0
2025-12-31,ibm_fez,30,148.9592,126.8392,0.00020703,0.00020703,0.00247095,0.00585938,24.0,24.0,68.0
2025-12-31,ibm_fez,31,133.3473,77.1107,0.00048346,0.00048346,0.04068211,0.01464844,24.0,24.0,68.0
2025-12-31,ibm_fez,32,127.6561,140.8969,0.00023133,0.00023133,1.0,0.03234863,24.0,24.0,68.0
2025-12-31,ibm_fez,33,84.8234,168.8116,0.00020656,0.00020656,0.00237924,0.0168457,24.0,24.0,68.0
2025-12-31,ibm_fez,34,91.7091,65.9618,0.0006456,0.0006456,0.00173411,0.01550293,24.0,24.0,68.0
2025-12-31,ibm_fez,35,142.5806,44.063,0.00020504,0.00020504,,0.01452637,24.0,24.0,
2025-12-31,ibm_fez,36,125.4317,97.4881,0.00053315,0.00053315,,0.00720215,24.0,24.0,
2025-12-31,ibm_fez,37,169.9179,164.3412,0.00025604,0.00025604,,0.01086426,24.0,24.0,
2025-12-31,ibm_fez,38,126.7302,161.3622,0.00020845,0.00020845,,0.00866699,24.0,24.0,
2025-12-31,ibm_fez,39,130.4077,163.282,0.00047624,0.00047624,,0.0189209,24.0,24.0,
2025-12-30,ibm_fez,20,104.0205,125.8576,0.00035307,0.00035307,0.00830417,0.00842285,24.0,24.0,68.0
2025-12-30,ibm_fez,21,249.5661,193.1781,0.00025824,0.00025824,0.00267373,0.00793457,24.0,24.0,68.0
2025-12-30,ibm_fez,22,146.552,118.2877,0.00026107,0.00026107,0.00310619,0.00598145,24.0,24.0,68.0
2025-12-30,ibm_fez,23,191.5063,140.9649,0.00018887,0.00018887,0.00580322,0.00512695,24.0,24.0,68.0
2025-12-30,ibm_fez,24,76.2223,87.8751,0.00080711,0.00080711,0.02280257,0.01245117,24.0,24.0,68.0
2025-12-30,ibm_fez,25,207.7552,138.6416,0.00033516,0.00033516,0.0028261,0.01013184,24.0,24.0,68.0
2025-12-30,ibm_fez,26,121.4866,71.5516,0.00026363,0.00026363,0.02858613,0.0111084,24.0,24.0,68.0
2025-12-30,ibm_fez,27,111.8109,109.7338,0.00404496,0.00404496,1.0,0.00952148,24.0,24.0,68.0
2025-12-30,ibm_fez,28,164.1406,149.818,0.00022489,0.00022489,0.00348453,0.00561523,24.0,24.0,68.0
2025-12-30,ibm_fez,29,214.7294,54.2488,0.0001785,0.0001785,0.00246381,0.0098877,24.0,24.0,68.0
2025-12-30,ibm_fez,30,140.7411,33.838,0.0003475,0.0003475,0.00362902,0.00830078,24.0,24.0,68.0
2025-12-30,ibm_fez,31,145.2367,85.3917,0.00077593,0.00077593,0.04356408,0.01428223,24.0,24.0,68.0
2025-12-30,ibm_fez,32,129.4058,148.5243,0.00071516,0.00071516,1.0,0.03381348,24.0,24.0,68.0
2025-12-30,ibm_fez,33,84.8234,31.3258,0.00014393,0.00014393,0.00234106,0.01635742,24.0,24.0,68.0
2025-12-30,ibm_fez,34,190.6245,87.4052,0.00072243,0.00072243,0.00173446,0.01257324,24.0,24.0,68.0
2025-12-30,ibm_fez,35,186.4631,54.7051,0.00023943,0.00023943,,0.01367188,24.0,24.0,
2025-12-30,ibm_fez,36,125.2062,97.0386,0.00057341,0.00057341,,0.0078125,24.0,24.0,
2025-12-30,ibm_fez,37,149.8829,178.3074,0.00034541,0.00034541,,0.00939941,24.0,24.0,
2025-12-30,ibm_fez,38,154.7226,173.0114,0.00030344,0.00030344,,0.00939941,24.0,24.0,
2025-12-30,ibm_fez,39,167.2007,198.0571,0.0004411,0.0004411,,0.01489258,24.0,24.0,
2025-12-29,ibm_fez,20,208.1884,188.8055,0.00048376,0.00048376,0.00606388,0.00891113,24.0,24.0,68.0
2025-12-29,ibm_fez,21,184.7151,119.6813,0.00025237,0.00025237,0.00230235,0.0098877,24.0,24.0,68.0
2025-12-29,ibm_fez,22,210.6191,145.6932,0.00027754,0.00027754,0.00372521,0.00610352,24.0,24.0,68.0
2025-12-29,ibm_fez,23,232.6532,187.9701,0.00016675,0.00016675,0.00361003,0.0045166,24.0,24.0,68.0
2025-12-29,ibm_fez,24,169.8691,170.0561,0.00107819,0.00107819,0.02205829,0.00927734,24.0,24.0,68.0
2025-12-29,ibm_fez,25,204.9615,153.9676,0.00013143,0.00013143,0.00236292,0.00915527,24.0,24.0,68.0
2025-12-29,ibm_fez,26,126.1347,86.3133,0.00029677,0.00029677,0.02748714,0.00830078,24.0,24.0,68.0
2025-12-29,ibm_fez,27,101.1243,120.6278,0.00501096,0.00501096,1.0,0.00878906,24.0,24.0,68.0
2025-12-29,ibm_fez,28,100.5443,106.5866,0.00025844,0.00025844,0.00343993,0.00646973,24.0,24.0,68.0
2025-12-29,ibm_fez,29,169.1703,48.8653,0.00021939,0.00021939,0.00194315,0.01196289,24.0,24.0,68.0
2025-12-29,ibm_fez,30,140.7411,114.1114,0.00021893,0.00021893,0.00281031,0.00732422,24.0,24.0,68.0
2025-12-29,ibm_fez,31,112.618,78.5326,0.00066732,0.00066732,0.03177291,0.01550293,24.0,24.0,68.0
2025-12-29,ibm_fez,32,128.3528,110.4873,0.00036809,0.00036809,1.0,0.03430176,24.0,24.0,68.0
2025-12-29,ibm_fez,33,121.7575,145.3652,0.00028176,0.00028176,0.00241869,0.01501465,24.0,24.0,68.0
2025-12-29,ibm_fez,34,132.8441,77.8165,0.00057485,0.00057485,0.00167436,0.01159668,24.0,24.0,68.0
2025-12-29,ibm_fez,35,140.1537,38.188,0.00020072,0.00020072,,0.01538086,24.0,24.0,
2025-12-29,ibm_fez,36,128.7679,95.9476,0.00039798,0.00039798,,0.01013184,24.0,24.0,
2025-12-29,ibm_fez,37,149.728,155.537,0.0002505,0.0002505,,0.00927734,24.0,24.0,
2025-12-29,ibm_fez,38,122.9142,139.6384,0.00018165,0.00018165,,0.00671387,24.0,24.0,
2025-12-29,ibm_fez,39,57.913,81.9694,0.00071845,0.00071845,,0.01367188,24.0,24.0,
2025-12-28,ibm_fez,20,208.1884,188.8055,0.00040421,0.00040421,0.00977611,0.00708008,24.0,24.0,68.0
2025-12-28,ibm_fez,21,184.7151,119.6813,0.0002324,0.0002324,0.00255099,0.00390625,24.0,24.0,68.0
2025-12-28,ibm_fez,22,210.6191,145.6932,0.00015717,0.00015717,0.00266829,0.00524902,24.0,24.0,68.0
2025-12-28,ibm_fez,23,232.6532,187.9701,0.00015125,0.00015125,0.0040594,0.00341797,24.0,24.0,68.0
2025-12-28,ibm_fez,24,169.8691,170.0561,0.00110126,0.00110126,0.01796935,0.01025391,24.0,24.0,68.0
2025-12-28,ibm_fez,25,204.9615,153.9676,0.00024711,0.00024711,0.00239001,0.00976562,24.0,24.0,68.0
2025-12-28,ibm_fez,26,126.1347,86.3133,0.00031004,0.00031004,0.02650556,0.00744629,24.0,24.0,68.0
2025-12-28,ibm_fez,27,101.1243,120.6278,0.00517008,0.00517008,1.0,0.01135254,24.0,24.0,68.0
2025-12-28,ibm_fez,28,100.5443,106.5866,0.00042641,0.00042641,0.00427496,0.00891113,24.0,24.0,68.0
2025-12-28,ibm_fez,29,169.1703,48.8653,0.00022821,0.00022821,0.00219312,0.00952148,24.0,24.0,68.0
2025-12-28,ibm_fez,30,140.7411,114.1114,0.00020148,0.00020148,0.00269716,0.00769043,24.0,24.0,68.0
2025-12-28,ibm_fez,31,112.618,78.5326,0.00040775,0.00040775,0.03962208,0.01660156,24.0,24.0,68.0
2025-12-28,ibm_fez,32,128.3528,110.4873,0.00023077,0.00023077,1.0,0.03491211,24.0,24.0,68.0
2025-12-28,ibm_fez,33,121.7575,145.3652,0.00030498,0.00030498,0.00347874,0.01794434,24.0,24.0,68.0
2025-12-28,ibm_fez,34,132.8441,77.8165,0.00054737,0.00054737,0.00173623,0.01135254,24.0,24.0,68.0
2025-12-28,ibm_fez,35,140.1537,38.188,0.00025746,0.00025746,,0.01318359,24.0,24.0,
2025-12-28,ibm_fez,36,128.7679,95.9476,0.0004224,0.0004224,,0.00610352,24.0,24.0,
2025-12-28,ibm_fez,37,149.728,155.537,0.00022119,0.00022119,,0.00634766,24.0,24.0,
2025-12-28,ibm_fez,38,122.9142,139.6384,0.00029465,0.00029465,,0.00793457,24.0,24.0,
2025-12-28,ibm_fez,39,57.913,81.9694,0.00054666,0.00054666,,0.03063965,24.0,24.0,
2025-12-27,ibm_fez,20,176.1375,205.1402,0.00040421,0.00040421,0.00812444,0.00817871,24.0,24.0,68.0
2025-12-27,ibm_fez,21,162.1722,141.0351,0.0002324,0.0002324,0.00284006,0.00537109,24.0,24.0,68.0
2025-12-27,ibm_fez,22,158.8538,139.1259,0.00015717,0.00015717,0.00296727,0.00524902,24.0,24.0,68.0
2025-12-27,ibm_fez,23,186.6522,176.0581,0.00015125,0.00015125,0.00375885,0.00488281,24.0,24.0,68.0
2025-12-27,ibm_fez,24,151.8249,156.8373,0.00110126,0.00110126,0.02227294,0.00878906,24.0,24.0,68.0
2025-12-27,ibm_fez,25,195.1568,141.7833,0.00024711,0.00024711,0.00215808,0.00976562,24.0,24.0,68.0
2025-12-27,ibm_fez,26,157.9467,94.0619,0.00031004,0.00031004,0.02862285,0.00732422,24.0,24.0,68.0
2025-12-27,ibm_fez,27,130.3275,132.4971,0.00517008,0.00517008,1.0,0.00744629,24.0,24.0,68.0
2025-12-27,ibm_fez,28,135.6418,152.9437,0.00042641,0.00042641,0.00360279,0.00561523,24.0,24.0,68.0
2025-12-27,ibm_fez,29,110.2601,56.2909,0.00022821,0.00022821,0.0021648,0.01135254,24.0,24.0,68.0
2025-12-27,ibm_fez,30,107.6617,96.883,0.00020148,0.00020148,0.00298297,0.00671387,24.0,24.0,68.0
2025-12-27,ibm_fez,31,76.7731,55.2387,0.00040775,0.00040775,0.08077426,0.01513672,24.0,24.0,68.0
2025-12-27,ibm_fez,32,51.4842,51.6201,0.00023077,0.00023077,1.0,0.0324707,24.0,24.0,68.0
2025-12-27,ibm_fez,33,174.2283,165.9833,0.00030498,0.00030498,0.00313147,0.01745605,24.0,24.0,68.0
2025-12-27,ibm_fez,34,110.9861,69.2554,0.00054737,0.00054737,0.00138019,0.01257324,24.0,24.0,68.0
2025-12-27,ibm_fez,35,119.5057,49.2696,0.00025746,0.00025746,,0.01367188,24.0,24.0,
2025-12-27,ibm_fez,36,126.0604,94.9589,0.0004224,0.0004224,,0.00610352,24.0,24.0,
2025-12-27,ibm_fez,37,146.4402,170.469,0.00022119,0.00022119,,0.00805664,24.0,24.0,
2025-12-27,ibm_fez,38,132.7849,158.493,0.00029465,0.00029465,,0.00952148,24.0,24.0,
2025-12-27,ibm_fez,39,56.2043,83.7732,0.00054666,0.00054666,,0.01574707,24.0,24.0,
2025-12-26,ibm_fez,20,169.9143,204.5261,0.0002605,0.0002605,0.00812444,0.00646973,24.0,24.0,68.0
2025-12-26,ibm_fez,21,169.9652,126.8068,0.00028606,0.00028606,0.00284006,0.00842285,24.0,24.0,68.0
2025-12-26,ibm_fez,22,172.5376,133.761,0.00025279,0.00025279,0.00296727,0.00683594,24.0,24.0,68.0
2025-12-26,ibm_fez,23,166.8284,144.763,0.00016687,0.00016687,0.00375885,0.00683594,24.0,24.0,68.0
2025-12-26,ibm_fez,24,133.0754,135.2378,0.00105662,0.00105662,0.02227294,0.0098877,24.0,24.0,68.0
2025-12-26,ibm_fez,25,189.1437,122.7399,0.0001711,0.0001711,0.00215808,0.01208496,24.0,24.0,68.0
2025-12-26,ibm_fez,26,106.2947,85.3961,0.00020154,0.00020154,0.02862285,0.00891113,24.0,24.0,68.0
2025-12-26,ibm_fez,27,103.0625,117.2959,0.00546794,0.00546794,1.0,0.01208496,24.0,24.0,68.0
2025-12-26,ibm_fez,28,131.8782,158.4781,0.00021156,0.00021156,0.00360279,0.0090332,24.0,24.0,68.0
2025-12-26,ibm_fez,29,184.9068,50.8741,0.00019176,0.00019176,0.0021648,0.01123047,24.0,24.0,68.0
2025-12-26,ibm_fez,30,155.5448,127.5527,0.00023561,0.00023561,0.00298297,0.01330566,24.0,24.0,68.0
2025-12-26,ibm_fez,31,102.4007,67.5458,0.00042017,0.00042017,0.08077426,0.01855469,24.0,24.0,68.0
2025-12-26,ibm_fez,32,154.9524,164.9218,0.00023212,0.00023212,1.0,0.02954102,24.0,24.0,68.0
2025-12-26,ibm_fez,33,125.297,123.2063,0.00021059,0.00021059,0.00313147,0.01745605,24.0,24.0,68.0
2025-12-26,ibm_fez,34,173.6247,87.5206,0.00045323,0.00045323,0.00138019,0.0111084,24.0,24.0,68.0
2025-12-26,ibm_fez,35,148.2139,43.8132,0.00024232,0.00024232,,0.01501465,24.0,24.0,
2025-12-26,ibm_fez,36,158.968,111.5755,0.00071943,0.00071943,,0.00744629,24.0,24.0,
2025-12-26,ibm_fez,37,135.4481,117.9043,0.00023865,0.00023865,,0.0098877,24.0,24.0,
2025-12-26,ibm_fez,38,160.8863,163.1266,0.00027784,0.00027784,,0.00744629,24.0,24.0,
2025-12-26,ibm_fez,39,29.6543,33.903,0.00052863,0.00052863,,0.01611328,24.0,24.0,
2025-12-25,ibm_fez,20,151.0915,159.4786,0.00022916,0.00022916,0.00918691,0.01037598,24.0,24.0,68.0
2025-12-25,ibm_fez,21,233.401,174.1414,0.00041909,0.00041909,0.00217666,0.00817871,24.0,24.0,68.0
2025-12-25,ibm_fez,22,157.1886,128.6475,0.00019329,0.00019329,0.00332464,0.00390625,24.0,24.0,68.0
2025-12-25,ibm_fez,23,160.5887,126.5151,0.00029644,0.00029644,0.00338806,0.00598145,24.0,24.0,68.0
2025-12-25,ibm_fez,24,177.4169,184.8137,0.00067199,0.00067199,0.01863139,0.00695801,24.0,24.0,68.0
2025-12-25,ibm_fez,25,184.7707,127.8078,0.00024594,0.00024594,0.00275073,0.01025391,24.0,24.0,68.0
2025-12-25,ibm_fez,26,150.5189,95.6008,0.00025448,0.00025448,0.03354674,0.00720215,24.0,24.0,68.0
2025-12-25,ibm_fez,27,113.5928,121.5093,0.0047565,0.0047565,1.0,0.02368164,24.0,24.0,68.0
2025-12-25,ibm_fez,28,84.5151,80.4977,0.00026279,0.00026279,0.00331741,0.01123047,24.0,24.0,68.0
2025-12-25,ibm_fez,29,113.7572,43.5983,0.00017161,0.00017161,0.00226259,0.01123047,24.0,24.0,68.0
2025-12-25,ibm_fez,30,157.082,137.7952,0.00035826,0.00035826,0.00297832,0.01184082,24.0,24.0,68.0
2025-12-25,ibm_fez,31,120.4046,69.4867,0.0006939,0.0006939,0.03873946,0.01623535,24.0,24.0,68.0
2025-12-25,ibm_fez,32,134.3015,114.0409,0.00033494,0.00033494,1.0,0.03210449,24.0,24.0,68.0
2025-12-25,ibm_fez,33,140.2045,144.6921,0.00020525,0.00020525,0.00201044,0.01953125,24.0,24.0,68.0
2025-12-25,ibm_fez,34,148.8669,77.9797,0.00120936,0.00120936,0.00184438,0.01281738,24.0,24.0,68.0
2025-12-25,ibm_fez,35,154.6776,36.7985,0.00028955,0.00028955,,0.01330566,24.0,24.0,
2025-12-25,ibm_fez,36,61.4532,42.3438,0.00029079,0.00029079,,0.00476074,24.0,24.0,
2025-12-25,ibm_fez,37,157.0583,195.698,0.00028686,0.00028686,,0.00964355,24.0,24.0,
2025-12-25,ibm_fez,38,175.5278,221.6419,0.00040787,0.00040787,,0.00854492,24.0,24.0,
2025-12-25,ibm_fez,39,86.0824,107.2462,0.00048685,0.00048685,,0.01416016,24.0,24.0,
2025-12-24,ibm_fez,20,158.7684,173.0705,0.00036009,0.00036009,0.01225599,0.00915527,24.0,24.0,68.0
2025-12-24,ibm_fez,21,203.0824,105.0374,0.00022392,0.00022392,0.0024763,0.0078125,24.0,24.0,68.0
2025-12-24,ibm_fez,22,183.7794,136.8932,0.00020923,0.00020923,0.00353799,0.0032959,24.0,24.0,68.0
2025-12-24,ibm_fez,23,170.941,141.832,0.0002261,0.0002261,0.003826,0.0045166,24.0,24.0,68.0
2025-12-24,ibm_fez,24,156.6498,169.0673,0.00110241,0.00110241,0.0219747,0.0090332,24.0,24.0,68.0
2025-12-24,ibm_fez,25,249.8003,152.1036,0.00015517,0.00015517,0.0029258,0.01025391,24.0,24.0,68.0
2025-12-24,ibm_fez,26,157.2125,106.5176,0.00027545,0.00027545,0.02504302,0.01098633,24.0,24.0,68.0
2025-12-24,ibm_fez,27,116.6544,120.3073,0.00446856,0.00446856,1.0,0.00866699,24.0,24.0,68.0
2025-12-24,ibm_fez,28,88.932,105.0431,0.00020557,0.00020557,0.00391317,0.00683594,24.0,24.0,68.0
2025-12-24,ibm_fez,29,176.9574,49.2148,0.0002649,0.0002649,0.0018934,0.00915527,24.0,24.0,68.0
2025-12-24,ibm_fez,30,177.4753,134.1075,0.00042579,0.00042579,0.0027964,0.00622559,24.0,24.0,68.0
2025-12-24,ibm_fez,31,46.6588,40.9422,0.00040807,0.00040807,0.03618153,0.01501465,24.0,24.0,68.0
2025-12-24,ibm_fez,32,136.4602,148.0955,0.0002177,0.0002177,1.0,0.03417969,24.0,24.0,68.0
2025-12-24,ibm_fez,33,129.7021,138.5281,0.00020261,0.00020261,0.00209903,0.01538086,24.0,24.0,68.0
2025-12-24,ibm_fez,34,180.8374,86.2209,0.00067589,0.00067589,0.00181978,0.01257324,24.0,24.0,68.0
2025-12-24,ibm_fez,35,229.6325,41.7025,0.00032244,0.00032244,,0.0168457,24.0,24.0,
2025-12-24,ibm_fez,36,105.0951,91.9764,0.00052626,0.00052626,,0.0032959,24.0,24.0,
2025-12-24,ibm_fez,37,243.8239,255.317,0.00038435,0.00038435,,0.00878906,24.0,24.0,
2025-12-24,ibm_fez,38,73.1364,105.7215,0.00031193,0.00031193,,0.0090332,24.0,24.0,
2025-12-24,ibm_fez,39,93.3043,108.2597,0.0005205,0.0005205,,0.01635742,24.0,24.0,
2025-12-23,ibm_fez,20,101.5913,134.2406,0.00106264,0.00106264,0.01059398,0.00622559,24.0,24.0,68.0
2025-12-23,ibm_fez,21,161.1385,146.9292,0.00022392,0.00022392,0.00252697,0.00634766,24.0,24.0,68.0
2025-12-23,ibm_fez,22,182.7256,129.6162,0.00021257,0.00021257,0.00273307,0.00524902,24.0,24.0,68.0
2025-12-23,ibm_fez,23,118.7448,125.1974,0.00013349,0.00013349,0.00228195,0.00512695,24.0,24.0,68.0
2025-12-23,ibm_fez,24,131.2151,128.615,0.00064761,0.00064761,0.01369346,0.00866699,24.0,24.0,68.0
2025-12-23,ibm_fez,25,225.1903,131.7671,0.00033985,0.00033985,0.00415008,0.01184082,24.0,24.0,68.0
2025-12-23,ibm_fez,26,142.8464,106.009,0.00024917,0.00024917,0.02954483,0.01037598,24.0,24.0,68.0
2025-12-23,ibm_fez,27,78.7754,78.7725,0.00433395,0.00433395,1.0,0.0111084,24.0,24.0,68.0
2025-12-23,ibm_fez,28,198.3329,69.7658,0.00032545,0.00032545,0.00389076,0.00561523,24.0,24.0,68.0
2025-12-23,ibm_fez,29,222.8558,52.2409,0.00021355,0.00021355,0.00237857,0.01318359,24.0,24.0,68.0
2025-12-23,ibm_fez,30,139.0696,111.0269,0.0001834,0.0001834,0.00291035,0.00683594,24.0,24.0,68.0
2025-12-23,ibm_fez,31,72.1876,47.6969,0.00045209,0.00045209,0.04297167,0.01647949,24.0,24.0,68.0
2025-12-23,ibm_fez,32,146.0677,112.647,0.0002339,0.0002339,1.0,0.03186035,24.0,24.0,68.0
2025-12-23,ibm_fez,33,164.4686,113.549,0.00018149,0.00018149,0.01393934,0.01586914,24.0,24.0,68.0
2025-12-23,ibm_fez,34,196.8539,90.4759,0.00048088,0.00048088,0.01194841,0.01025391,24.0,24.0,68.0
2025-12-23,ibm_fez,35,198.5176,44.5215,0.00021873,0.00021873,,0.01367188,24.0,24.0,
2025-12-23,ibm_fez,36,139.0737,97.5336,0.00052477,0.00052477,,0.00744629,24.0,24.0,
2025-12-23,ibm_fez,37,152.3235,143.163,0.00025984,0.00025984,,0.0090332,24.0,24.0,
2025-12-23,ibm_fez,38,85.1362,106.4537,0.00023471,0.00023471,,0.01086426,24.0,24.0,
2025-12-23,ibm_fez,39,72.4891,78.4981,0.00043597,0.00043597,,0.01599121,24.0,24.0,
2025-12-22,ibm_fez,20,113.5765,152.4036,0.00034126,0.00034126,0.01218607,0.00854492,24.0,24.0,68.0
2025-12-22,ibm_fez,21,153.7016,157.6622,0.00032337,0.00032337,0.00249154,0.00732422,24.0,24.0,68.0
2025-12-22,ibm_fez,22,212.4019,165.7017,0.00016126,0.00016126,0.00277859,0.00512695,24.0,24.0,68.0
2025-12-22,ibm_fez,23,159.6644,138.1082,0.00017256,0.00017256,0.00397551,0.00366211,24.0,24.0,68.0
2025-12-22,ibm_fez,24,128.2244,161.4059,0.00071175,0.00071175,0.0194346,0.00756836,24.0,24.0,68.0
2025-12-22,ibm_fez,25,51.4794,67.5372,0.00015763,0.00015763,0.00208224,0.00854492,24.0,24.0,68.0
2025-12-22,ibm_fez,26,71.4734,65.7447,0.00032919,0.00032919,0.01876731,0.01049805,24.0,24.0,68.0
2025-12-22,ibm_fez,27,136.8162,132.0841,0.00428065,0.00428065,1.0,0.00732422,24.0,24.0,68.0
2025-12-22,ibm_fez,28,198.3329,214.4797,0.00032312,0.00032312,0.00386867,0.00805664,24.0,24.0,68.0
2025-12-22,ibm_fez,29,151.3536,47.8686,0.00027192,0.00027192,0.00220292,0.01245117,24.0,24.0,68.0
2025-12-22,ibm_fez,30,162.6136,133.2842,0.00026885,0.00026885,0.00347424,0.00708008,24.0,24.0,68.0
2025-12-22,ibm_fez,31,82.923,52.9112,0.00048727,0.00048727,0.03705088,0.01513672,24.0,24.0,68.0
2025-12-22,ibm_fez,32,116.0762,84.8775,0.00020207,0.00020207,1.0,0.02392578,24.0,24.0,68.0
2025-12-22,ibm_fez,33,144.436,131.2162,0.00021939,0.00021939,0.00284416,0.01611328,24.0,24.0,68.0
2025-12-22,ibm_fez,34,159.3301,78.7794,0.00042983,0.00042983,0.00175347,0.01074219,24.0,24.0,68.0
2025-12-22,ibm_fez,35,180.6806,43.7637,0.00029596,0.00029596,,0.01269531,24.0,24.0,
2025-12-22,ibm_fez,36,139.0459,111.9231,0.00061717,0.00061717,,0.00488281,24.0,24.0,
2025-12-22,ibm_fez,37,162.7779,163.6196,0.00030436,0.00030436,,0.00976562,24.0,24.0,
2025-12-22,ibm_fez,38,101.9684,117.2313,0.00031539,0.00031539,,0.00756836,24.0,24.0,
2025-12-22,ibm_fez,39,67.6083,75.4887,0.00030388,0.00030388,,0.01733398,24.0,24.0,
2025-12-21,ibm_fez,20,144.2966,177.2271,0.0002484,0.0002484,0.0139689,0.01025391,24.0,24.0,68.0
2025-12-21,ibm_fez,21,179.1838,92.2377,0.00022735,0.00022735,0.00241488,0.00622559,24.0,24.0,68.0
2025-12-21,ibm_fez,22,163.8256,144.9221,0.00018386,0.00018386,0.00325728,0.00390625,24.0,24.0,68.0
2025-12-21,ibm_fez,23,180.375,150.4751,0.00019912,0.00019912,0.0044187,0.00500488,24.0,24.0,68.0
2025-12-21,ibm_fez,24,130.3168,139.1144,0.00071073,0.00071073,0.02143639,0.00695801,24.0,24.0,68.0
2025-12-21,ibm_fez,25,106.9862,88.3193,0.00015284,0.00015284,0.00250538,0.0065918,24.0,24.0,68.0
2025-12-21,ibm_fez,26,185.7903,97.5445,0.00024602,0.00024602,0.02179703,0.01000977,24.0,24.0,68.0
2025-12-21,ibm_fez,27,146.5057,163.2951,0.00416735,0.00416735,1.0,0.00866699,24.0,24.0,68.0
2025-12-21,ibm_fez,28,155.4464,176.0637,0.00023657,0.00023657,0.00462221,0.00622559,24.0,24.0,68.0
2025-12-21,ibm_fez,29,145.0198,46.8934,0.00016267,0.00016267,0.00169029,0.01635742,24.0,24.0,68.0
2025-12-21,ibm_fez,30,148.9518,112.0611,0.0002414,0.0002414,0.00284936,0.00793457,24.0,24.0,68.0
2025-12-21,ibm_fez,31,59.4711,47.0343,0.00041164,0.00041164,0.04757636,0.01696777,24.0,24.0,68.0
2025-12-21,ibm_fez,32,141.3417,129.092,0.00026713,0.00026713,1.0,0.04370117,24.0,24.0,68.0
2025-12-21,ibm_fez,33,107.3113,190.3411,0.00020799,0.00020799,0.00284416,0.01586914,24.0,24.0,68.0
2025-12-21,ibm_fez,34,102.7669,49.1216,0.00050551,0.00050551,0.00215674,0.01989746,24.0,24.0,68.0
2025-12-21,ibm_fez,35,171.4364,52.0623,0.00041311,0.00041311,,0.01477051,24.0,24.0,
2025-12-21,ibm_fez,36,95.8828,90.9162,0.00058288,0.00058288,,0.02844238,24.0,24.0,
2025-12-21,ibm_fez,37,144.9068,112.5089,0.00027464,0.00027464,,0.01257324,24.0,24.0,
2025-12-21,ibm_fez,38,89.1893,107.9884,0.00026382,0.00026382,,0.00744629,24.0,24.0,
2025-12-21,ibm_fez,39,64.3424,87.9661,0.00049831,0.00049831,,0.01489258,24.0,24.0,
2025-12-20,ibm_fez,20,101.2583,121.3996,0.00023847,0.00023847,0.01117305,0.00732422,24.0,24.0,68.0
2025-12-20,ibm_fez,21,162.9532,145.9899,0.0002565,0.0002565,0.00243234,0.00793457,24.0,24.0,68.0
2025-12-20,ibm_fez,22,166.2754,74.419,0.00019713,0.00019713,0.00311726,0.0078125,24.0,24.0,68.0
2025-12-20,ibm_fez,23,128.814,113.7098,0.000142,0.000142,0.00490418,0.00585938,24.0,24.0,68.0
2025-12-20,ibm_fez,24,204.8521,180.0548,0.00068182,0.00068182,0.02159948,0.00756836,24.0,24.0,68.0
2025-12-20,ibm_fez,25,98.5794,96.6448,0.00036254,0.00036254,0.00245264,0.0111084,24.0,24.0,68.0
2025-12-20,ibm_fez,26,179.3927,114.8637,0.00023221,0.00023221,0.02219362,0.00671387,24.0,24.0,68.0
2025-12-20,ibm_fez,27,93.2725,86.0145,0.00567147,0.00567147,1.0,0.00805664,24.0,24.0,68.0
2025-12-20,ibm_fez,28,152.1682,173.8046,0.00080879,0.00080879,0.0064849,0.00720215,24.0,24.0,68.0
2025-12-20,ibm_fez,29,125.4843,43.1828,0.00022415,0.00022415,0.00185642,0.00976562,24.0,24.0,68.0
2025-12-20,ibm_fez,30,142.4538,125.5414,0.00018277,0.00018277,0.00305897,0.00537109,24.0,24.0,68.0
2025-12-20,ibm_fez,31,165.9803,26.4327,0.00069222,0.00069222,0.06398459,0.01342773,24.0,24.0,68.0
2025-12-20,ibm_fez,32,138.7047,145.3902,0.00023131,0.00023131,1.0,0.03125,24.0,24.0,68.0
2025-12-20,ibm_fez,33,118.2181,163.1429,0.00016103,0.00016103,0.00250898,0.01391602,24.0,24.0,68.0
2025-12-20,ibm_fez,34,102.7669,61.9166,0.0005863,0.0005863,0.00212098,0.01208496,24.0,24.0,68.0
2025-12-20,ibm_fez,35,201.3027,49.7828,0.0002234,0.0002234,,0.01538086,24.0,24.0,
2025-12-20,ibm_fez,36,125.3026,103.0921,0.00064396,0.00064396,,0.00549316,24.0,24.0,
2025-12-20,ibm_fez,37,144.9068,137.0072,0.00026897,0.00026897,,0.00732422,24.0,24.0,
2025-12-20,ibm_fez,38,87.0893,94.9117,0.00024491,0.00024491,,0.00646973,24.0,24.0,
2025-12-20,ibm_fez,39,101.3471,123.9774,0.00043482,0.00043482,,0.01477051,24.0,24.0,
2025-12-19,ibm_fez,20,101.2583,121.3996,0.00023847,0.00023847,0.01117305,0.00854492,24.0,24.0,68.0
2025-12-19,ibm_fez,21,162.9532,145.9899,0.0002565,0.0002565,0.00243234,0.00695801,24.0,24.0,68.0
2025-12-19,ibm_fez,22,166.2754,74.419,0.00019713,0.00019713,0.00311726,0.00488281,24.0,24.0,68.0
2025-12-19,ibm_fez,23,128.814,113.7098,0.000142,0.000142,0.00490418,0.01062012,24.0,24.0,68.0
2025-12-19,ibm_fez,24,204.8521,180.0548,0.00068182,0.00068182,0.02159948,0.00952148,24.0,24.0,68.0
2025-12-19,ibm_fez,25,98.5794,96.6448,0.00036254,0.00036254,0.00245264,0.01660156,24.0,24.0,68.0
2025-12-19,ibm_fez,26,179.3927,114.8637,0.00023221,0.00023221,0.02219362,0.00720215,24.0,24.0,68.0
2025-12-19,ibm_fez,27,93.2725,86.0145,0.00567147,0.00567147,1.0,0.01013184,24.0,24.0,68.0
2025-12-19,ibm_fez,28,152.1682,173.8046,0.00080879,0.00080879,0.0064849,0.01342773,24.0,24.0,68.0
2025-12-19,ibm_fez,29,125.4843,43.1828,0.00022415,0.00022415,0.00185642,0.01281738,24.0,24.0,68.0
2025-12-19,ibm_fez,30,142.4538,125.5414,0.00018277,0.00018277,0.00305897,0.00610352,24.0,24.0,68.0
2025-12-19,ibm_fez,31,165.9803,26.4327,0.00069222,0.00069222,0.06398459,0.01416016,24.0,24.0,68.0
2025-12-19,ibm_fez,32,138.7047,145.3902,0.00023131,0.00023131,1.0,0.04748535,24.0,24.0,68.0
2025-12-19,ibm_fez,33,118.2181,163.1429,0.00016103,0.00016103,0.00250898,0.01550293,24.0,24.0,68.0
2025-12-19,ibm_fez,34,102.7669,61.9166,0.0005863,0.0005863,0.00212098,0.03137207,24.0,24.0,68.0
2025-12-19,ibm_fez,35,201.3027,49.7828,0.0002234,0.0002234,,0.01318359,24.0,24.0,
2025-12-19,ibm_fez,36,125.3026,103.0921,0.00064396,0.00064396,,0.00695801,24.0,24.0,
2025-12-19,ibm_fez,37,144.9068,137.0072,0.00026897,0.00026897,,0.01342773,24.0,24.0,
2025-12-19,ibm_fez,38,87.0893,94.9117,0.00024491,0.00024491,,0.00671387,24.0,24.0,
2025-12-19,ibm_fez,39,101.3471,123.9774,0.00043482,0.00043482,,0.01403809,24.0,24.0,
2025-12-18,ibm_fez,20,171.0667,214.8736,0.00032024,0.00032024,0.01192263,0.00842285,24.0,24.0,68.0
2025-12-18,ibm_fez,21,195.6274,170.5462,0.00036501,0.00036501,0.00271664,0.00598145,24.0,24.0,68.0
2025-12-18,ibm_fez,22,167.1526,149.1175,0.00017623,0.00017623,0.00275229,0.00488281,24.0,24.0,68.0
2025-12-18,ibm_fez,23,102.208,96.8406,0.00016445,0.00016445,0.00472352,0.00622559,24.0,24.0,68.0
2025-12-18,ibm_fez,24,175.0835,190.2727,0.00088439,0.00088439,0.0211878,0.00915527,24.0,24.0,68.0
2025-12-18,ibm_fez,25,151.0832,110.7303,0.00018085,0.00018085,0.00203164,0.01062012,24.0,24.0,68.0
2025-12-18,ibm_fez,26,138.9056,97.1267,0.0002994,0.0002994,0.02864006,0.01293945,24.0,24.0,68.0
2025-12-18,ibm_fez,27,103.6934,124.4891,0.00627083,0.00627083,1.0,0.00939941,24.0,24.0,68.0
2025-12-18,ibm_fez,28,199.1059,186.5769,0.00029858,0.00029858,0.00593698,0.00610352,24.0,24.0,68.0
2025-12-18,ibm_fez,29,220.5628,51.9314,0.00024996,0.00024996,0.00210559,0.00842285,24.0,24.0,68.0
2025-12-18,ibm_fez,30,158.4875,127.3357,0.00043016,0.00043016,0.00295092,0.00915527,24.0,24.0,68.0
2025-12-18,ibm_fez,31,54.8033,41.1867,0.00058931,0.00058931,0.03930522,0.01782227,24.0,24.0,68.0
2025-12-18,ibm_fez,32,169.033,130.3927,0.00021293,0.00021293,1.0,0.03173828,24.0,24.0,68.0
2025-12-18,ibm_fez,33,126.2054,135.9074,0.00021391,0.00021391,0.00239902,0.015625,24.0,24.0,68.0
2025-12-18,ibm_fez,34,110.1204,46.6213,0.00095276,0.00095276,0.00438847,0.01013184,24.0,24.0,68.0
2025-12-18,ibm_fez,35,204.7944,51.4132,0.00028294,0.00028294,,0.01806641,24.0,24.0,
2025-12-18,ibm_fez,36,140.9384,101.5734,0.00031592,0.00031592,,0.00561523,24.0,24.0,
2025-12-18,ibm_fez,37,97.5735,128.7354,0.00025144,0.00025144,,0.00891113,24.0,24.0,
2025-12-18,ibm_fez,38,68.209,83.7635,0.00025259,0.00025259,,0.00866699,24.0,24.0,
2025-12-18,ibm_fez,39,100.2001,154.2121,0.00071899,0.00071899,,0.01635742,24.0,24.0,
2025-12-17,ibm_fez,20,209.9088,245.2236,0.00034033,0.00034033,0.01188808,0.00720215,24.0,24.0,68.0
2025-12-17,ibm_fez,21,134.8742,128.493,0.00036501,0.00036501,0.00288306,0.00756836,24.0,24.0,68.0
2025-12-17,ibm_fez,22,127.311,115.6766,0.00017708,0.00017708,0.00358239,0.00317383,24.0,24.0,68.0
2025-12-17,ibm_fez,23,201.7702,182.5721,0.00017256,0.00017256,0.0042791,0.00866699,24.0,24.0,68.0
2025-12-17,ibm_fez,24,135.2706,61.4651,0.00088895,0.00088895,0.02086321,0.00878906,24.0,24.0,68.0
2025-12-17,ibm_fez,25,189.6446,153.6392,0.00013618,0.00013618,0.00242124,0.00817871,24.0,24.0,68.0
2025-12-17,ibm_fez,26,125.0124,94.1149,0.00024475,0.00024475,0.02468017,0.00842285,24.0,24.0,68.0
2025-12-17,ibm_fez,27,100.7804,112.886,0.00560617,0.00560617,1.0,0.01672363,24.0,24.0,68.0
2025-12-17,ibm_fez,28,212.1495,56.1944,0.00070603,0.00070603,0.00496672,0.00866699,24.0,24.0,68.0
2025-12-17,ibm_fez,29,161.0081,50.5689,0.0002198,0.0002198,0.00237658,0.00939941,24.0,24.0,68.0
2025-12-17,ibm_fez,30,126.4122,110.7075,0.00018504,0.00018504,0.0030804,0.00732422,24.0,24.0,68.0
2025-12-17,ibm_fez,31,113.0601,25.346,0.000496,0.000496,0.04493369,0.01245117,24.0,24.0,68.0
2025-12-17,ibm_fez,32,131.8127,123.8518,0.0002464,0.0002464,1.0,0.03076172,24.0,24.0,68.0
2025-12-17,ibm_fez,33,168.1916,131.428,0.00023343,0.00023343,0.00219983,0.01538086,24.0,24.0,68.0
2025-12-17,ibm_fez,34,92.6893,62.6816,0.00031869,0.00031869,0.00164121,0.01464844,24.0,24.0,68.0
2025-12-17,ibm_fez,35,146.2951,32.1704,0.00036431,0.00036431,,0.0135498,24.0,24.0,
2025-12-17,ibm_fez,36,172.9607,135.7193,0.00055577,0.00055577,,0.00561523,24.0,24.0,
2025-12-17,ibm_fez,37,113.9268,149.5323,0.00029951,0.00029951,,0.00915527,24.0,24.0,
2025-12-17,ibm_fez,38,117.9276,145.7444,0.00021244,0.00021244,,0.00634766,24.0,24.0,
2025-12-17,ibm_fez,39,75.116,92.5363,0.000606,0.000606,,0.02441406,24.0,24.0,
2025-12-16,ibm_fez,20,182.7704,194.2521,0.00026825,0.00026825,0.01609201,0.00744629,24.0,24.0,68.0
2025-12-16,ibm_fez,21,210.543,195.7365,0.00015464,0.00015464,0.00285553,0.00500488,24.0,24.0,68.0
2025-12-16,ibm_fez,22,195.6736,119.33,0.00019309,0.00019309,0.00261142,0.00610352,24.0,24.0,68.0
2025-12-16,ibm_fez,23,300.5762,198.8798,0.00013728,0.00013728,0.00524319,0.00439453,24.0,24.0,68.0
2025-12-16,ibm_fez,24,135.2706,86.045,0.00108377,0.00108377,0.0219749,0.00891113,24.0,24.0,68.0
2025-12-16,ibm_fez,25,189.5334,133.5957,0.0003396,0.0003396,0.00255358,0.00842285,24.0,24.0,68.0
2025-12-16,ibm_fez,26,159.1543,93.0758,0.00035801,0.00035801,0.02899297,0.00756836,24.0,24.0,68.0
2025-12-16,ibm_fez,27,117.983,128.3619,0.00502075,0.00502075,1.0,0.00891113,24.0,24.0,68.0
2025-12-16,ibm_fez,28,212.1495,204.1328,0.00028234,0.00028234,0.00400615,0.01586914,24.0,24.0,68.0
2025-12-16,ibm_fez,29,207.3917,53.4659,0.0002198,0.0002198,0.00203206,0.01123047,24.0,24.0,68.0
2025-12-16,ibm_fez,30,142.5327,123.3959,0.00024165,0.00024165,0.00348911,0.00842285,24.0,24.0,68.0
2025-12-16,ibm_fez,31,194.0523,71.6217,0.00061775,0.00061775,0.04869797,0.01733398,24.0,24.0,68.0
2025-12-16,ibm_fez,32,178.1889,129.8207,0.00025654,0.00025654,1.0,0.03479004,24.0,24.0,68.0
2025-12-16,ibm_fez,33,106.2683,98.6133,0.00025742,0.00025742,0.00241146,0.01806641,24.0,24.0,68.0
2025-12-16,ibm_fez,34,153.1097,74.3724,0.00079493,0.00079493,0.00204326,0.01342773,24.0,24.0,68.0
2025-12-16,ibm_fez,35,188.8873,50.312,0.00036431,0.00036431,,0.0135498,24.0,24.0,
2025-12-16,ibm_fez,36,112.7487,121.0779,0.00092178,0.00092178,,0.00769043,24.0,24.0,
2025-12-16,ibm_fez,37,150.9806,162.832,0.00032914,0.00032914,,0.00891113,24.0,24.0,
2025-12-16,ibm_fez,38,87.8054,108.6918,0.00028508,0.00028508,,0.00549316,24.0,24.0,
2025-12-16,ibm_fez,39,56.6938,49.0781,0.00082588,0.00082588,,0.01599121,24.0,24.0,
2025-12-15,ibm_fez,20,130.8379,142.1755,0.00036355,0.00036355,0.00821448,0.0078125,24.0,24.0,68.0
2025-12-15,ibm_fez,21,87.2972,72.4516,0.00038207,0.00038207,0.00232078,0.0065918,24.0,24.0,68.0
2025-12-15,ibm_fez,22,91.2669,81.3399,0.00018348,0.00018348,0.0029647,0.00512695,24.0,24.0,68.0
2025-12-15,ibm_fez,23,143.0894,132.4858,0.00030075,0.00030075,0.00369346,0.00390625,24.0,24.0,68.0
2025-12-15,ibm_fez,24,135.2706,171.3204,0.00053981,0.00053981,0.01749056,0.00732422,24.0,24.0,68.0
2025-12-15,ibm_fez,25,153.0125,130.47,0.00021518,0.00021518,0.00236365,0.01049805,24.0,24.0,68.0
2025-12-15,ibm_fez,26,131.1355,92.2544,0.00027787,0.00027787,0.0285622,0.00732422,24.0,24.0,68.0
2025-12-15,ibm_fez,27,76.9679,84.8155,0.00522144,0.00522144,1.0,0.00830078,24.0,24.0,68.0
2025-12-15,ibm_fez,28,185.2583,200.8542,0.00070369,0.00070369,0.00568228,0.00634766,24.0,24.0,68.0
2025-12-15,ibm_fez,29,121.5171,44.2045,0.00022009,0.00022009,0.00205117,0.01159668,24.0,24.0,68.0
2025-12-15,ibm_fez,30,67.0323,76.0083,0.0002983,0.0002983,0.0027732,0.00805664,24.0,24.0,68.0
2025-12-15,ibm_fez,31,56.1008,46.6458,0.0004329,0.0004329,0.05637368,0.01391602,24.0,24.0,68.0
2025-12-15,ibm_fez,32,118.0411,111.3632,0.00024791,0.00024791,1.0,0.02954102,24.0,24.0,68.0
2025-12-15,ibm_fez,33,112.5623,147.4436,0.00017394,0.00017394,0.00205662,0.01391602,24.0,24.0,68.0
2025-12-15,ibm_fez,34,152.9252,83.502,0.0006144,0.0006144,0.00181612,0.01013184,24.0,24.0,68.0
2025-12-15,ibm_fez,35,143.2766,49.8125,0.00027698,0.00027698,,0.01367188,24.0,24.0,
2025-12-15,ibm_fez,36,76.1753,54.2904,0.00048147,0.00048147,,0.0045166,24.0,24.0,
2025-12-15,ibm_fez,37,171.1089,73.4118,0.00028559,0.00028559,,0.01013184,24.0,24.0,
2025-12-15,ibm_fez,38,91.8232,93.3318,0.0002479,0.0002479,,0.00976562,24.0,24.0,
2025-12-15,ibm_fez,39,77.0134,91.5727,0.00055985,0.00055985,,0.02075195,24.0,24.0,
2025-12-14,ibm_fez,20,135.3758,156.0931,0.0002637,0.0002637,0.00724214,0.00805664,24.0,24.0,68.0
2025-12-14,ibm_fez,21,218.9739,172.5358,0.00026588,0.00026588,0.00252256,0.00720215,24.0,24.0,68.0
2025-12-14,ibm_fez,22,195.8339,111.3035,0.00018348,0.00018348,0.0029647,0.00561523,24.0,24.0,68.0
2025-12-14,ibm_fez,23,189.2098,128.115,0.00015843,0.00015843,0.00369346,0.00561523,24.0,24.0,68.0
2025-12-14,ibm_fez,24,193.1482,181.0541,0.0008061,0.0008061,0.01901294,0.01000977,24.0,24.0,68.0
2025-12-14,ibm_fez,25,258.4501,162.4749,0.00032426,0.00032426,0.00238786,0.01049805,24.0,24.0,68.0
2025-12-14,ibm_fez,26,200.1572,115.6442,0.00036507,0.00036507,0.01888509,0.00695801,24.0,24.0,68.0
2025-12-14,ibm_fez,27,125.1494,124.7529,0.00422323,0.00422323,1.0,0.00878906,24.0,24.0,68.0
2025-12-14,ibm_fez,28,159.8653,168.0473,0.00034381,0.00034381,0.00350109,0.00610352,24.0,24.0,68.0
2025-12-14,ibm_fez,29,148.9457,45.354,0.00025834,0.00025834,0.00201784,0.01171875,24.0,24.0,68.0
2025-12-14,ibm_fez,30,117.6162,95.9977,0.00029328,0.00029328,0.00241984,0.00805664,24.0,24.0,68.0
2025-12-14,ibm_fez,31,97.0723,57.2711,0.00042371,0.00042371,0.03920412,0.01477051,24.0,24.0,68.0
2025-12-14,ibm_fez,32,140.2294,126.6029,0.00034586,0.00034586,1.0,0.03466797,24.0,24.0,68.0
2025-12-14,ibm_fez,33,117.2821,46.3899,0.00027214,0.00027214,0.00217442,0.01733398,24.0,24.0,68.0
2025-12-14,ibm_fez,34,139.0127,76.2309,0.00062415,0.00062415,0.00189103,0.00915527,24.0,24.0,68.0
2025-12-14,ibm_fez,35,220.5899,53.6623,0.00022337,0.00022337,,0.01586914,24.0,24.0,
2025-12-14,ibm_fez,36,127.5968,80.0411,0.00066337,0.00066337,,0.00671387,24.0,24.0,
2025-12-14,ibm_fez,37,171.1089,165.5393,0.00032533,0.00032533,,0.00915527,24.0,24.0,
2025-12-14,ibm_fez,38,51.7956,60.1444,0.00045048,0.00045048,,0.00610352,24.0,24.0,
2025-12-14,ibm_fez,39,96.9847,85.8277,0.00096787,0.00096787,,0.01489258,24.0,24.0,
2025-12-13,ibm_fez,20,167.4135,180.8457,0.00022385,0.00022385,0.00859537,0.0078125,24.0,24.0,68.0
2025-12-13,ibm_fez,21,124.6675,74.3979,0.00047195,0.00047195,0.00269448,0.0065918,24.0,24.0,68.0
2025-12-13,ibm_fez,22,103.7681,93.8922,0.00017049,0.00017049,0.00310422,0.0065918,24.0,24.0,68.0
2025-12-13,ibm_fez,23,175.3388,135.6368,0.00014024,0.00014024,0.00408419,0.00415039,24.0,24.0,68.0
2025-12-13,ibm_fez,24,107.5436,122.9237,0.00085459,0.00085459,0.01765055,0.01025391,24.0,24.0,68.0
2025-12-13,ibm_fez,25,257.6294,141.047,0.00030409,0.00030409,0.00188644,0.02575684,24.0,24.0,68.0
2025-12-13,ibm_fez,26,133.6927,95.6865,0.00021496,0.00021496,0.02206586,0.00793457,24.0,24.0,68.0
2025-12-13,ibm_fez,27,105.3666,114.2414,0.00392258,0.00392258,1.0,0.01013184,24.0,24.0,68.0
2025-12-13,ibm_fez,28,85.5914,53.4023,0.00150123,0.00150123,0.00510552,0.00708008,24.0,24.0,68.0
2025-12-13,ibm_fez,29,145.6762,40.4037,0.0002446,0.0002446,0.00168645,0.0123291,24.0,24.0,68.0
2025-12-13,ibm_fez,30,157.8814,133.7867,0.00024156,0.00024156,0.00282301,0.00683594,24.0,24.0,68.0
2025-12-13,ibm_fez,31,170.6177,82.4019,0.00049351,0.00049351,0.04915673,0.01696777,24.0,24.0,68.0
2025-12-13,ibm_fez,32,119.2626,136.5185,0.00028817,0.00028817,1.0,0.02600098,24.0,24.0,68.0
2025-12-13,ibm_fez,33,145.0722,123.2208,0.00022708,0.00022708,0.00287562,0.01586914,24.0,24.0,68.0
2025-12-13,ibm_fez,34,194.1647,32.7165,0.00054686,0.00054686,0.00299448,0.00915527,24.0,24.0,68.0
2025-12-13,ibm_fez,35,125.0393,46.9184,0.00032509,0.00032509,,0.01391602,24.0,24.0,
2025-12-13,ibm_fez,36,132.0478,114.3473,0.00066337,0.00066337,,0.00671387,24.0,24.0,
2025-12-13,ibm_fez,37,112.8539,140.4012,0.00026016,0.00026016,,0.0090332,24.0,24.0,
2025-12-13,ibm_fez,38,100.5522,138.8286,0.00032161,0.00032161,,0.01831055,24.0,24.0,
2025-12-13,ibm_fez,39,74.8717,85.0087,0.00053175,0.00053175,,0.02587891,24.0,24.0,
2025-12-12,ibm_fez,20,105.3586,107.1381,0.00089195,0.00089195,0.00724824,0.01721191,24.0,24.0,68.0
2025-12-12,ibm_fez,21,124.6675,97.1943,0.00029111,0.00029111,0.00301585,0.02539062,24.0,24.0,68.0
2025-12-12,ibm_fez,22,159.6627,120.8623,0.00016808,0.00016808,0.00334242,0.00561523,24.0,24.0,68.0
2025-12-12,ibm_fez,23,117.8085,119.1309,0.00018813,0.00018813,0.00701786,0.00561523,24.0,24.0,68.0
2025-12-12,ibm_fez,24,119.8561,147.5393,0.00057668,0.00057668,0.02267752,0.01171875,24.0,24.0,68.0
2025-12-12,ibm_fez,25,147.3102,117.9251,0.00033125,0.00033125,0.00221867,0.01184082,24.0,24.0,68.0
2025-12-12,ibm_fez,26,154.7403,94.3661,0.00031294,0.00031294,0.02161857,0.00842285,24.0,24.0,68.0
2025-12-12,ibm_fez,27,104.5154,129.8443,0.00381218,0.00381218,1.0,0.00891113,24.0,24.0,68.0
2025-12-12,ibm_fez,28,152.979,138.7434,0.00292222,0.00292222,0.01377733,0.01464844,24.0,24.0,68.0
2025-12-12,ibm_fez,29,195.1631,47.3465,0.00026988,0.00026988,0.00208231,0.00976562,24.0,24.0,68.0
2025-12-12,ibm_fez,30,152.8669,123.2718,0.00020046,0.00020046,0.00271756,0.00756836,24.0,24.0,68.0
2025-12-12,ibm_fez,31,98.2304,60.8675,0.00051934,0.00051934,0.03799038,0.01489258,24.0,24.0,68.0
2025-12-12,ibm_fez,32,114.6445,160.6972,0.00021935,0.00021935,1.0,0.02685547,24.0,24.0,68.0
2025-12-12,ibm_fez,33,124.5526,134.9187,0.000214,0.000214,0.00187151,0.01611328,24.0,24.0,68.0
2025-12-12,ibm_fez,34,194.1647,86.3805,0.00052778,0.00052778,0.00173178,0.01416016,24.0,24.0,68.0
2025-12-12,ibm_fez,35,177.1567,44.7874,0.00021915,0.00021915,,0.01843262,24.0,24.0,
2025-12-12,ibm_fez,36,140.8728,124.2976,0.0005941,0.0005941,,0.01696777,24.0,24.0,
2025-12-12,ibm_fez,37,181.0833,150.2371,0.00024148,0.00024148,,0.00756836,24.0,24.0,
2025-12-12,ibm_fez,38,102.9034,126.4933,0.00029193,0.00029193,,0.00756836,24.0,24.0,
2025-12-12,ibm_fez,39,118.1096,119.6108,0.00047559,0.00047559,,0.02038574,24.0,24.0,
2025-12-11,ibm_fez,20,105.3586,107.1381,0.00089195,0.00089195,0.00724824,0.00830078,24.0,24.0,68.0
2025-12-11,ibm_fez,21,124.6675,97.1943,0.00029111,0.00029111,0.00301585,0.0078125,24.0,24.0,68.0
2025-12-11,ibm_fez,22,159.6627,120.8623,0.00016808,0.00016808,0.00334242,0.0057373,24.0,24.0,68.0
2025-12-11,ibm_fez,23,117.8085,119.1309,0.00018813,0.00018813,0.00701786,0.00598145,24.0,24.0,68.0
2025-12-11,ibm_fez,24,119.8561,147.5393,0.00057668,0.00057668,0.02267752,0.00671387,24.0,24.0,68.0
2025-12-11,ibm_fez,25,147.3102,117.9251,0.00033125,0.00033125,0.00221867,0.01037598,24.0,24.0,68.0
2025-12-11,ibm_fez,26,154.7403,94.3661,0.00031294,0.00031294,0.02161857,0.01062012,24.0,24.0,68.0
2025-12-11,ibm_fez,27,104.5154,129.8443,0.00381218,0.00381218,1.0,0.01062012,24.0,24.0,68.0
2025-12-11,ibm_fez,28,152.979,138.7434,0.00292222,0.00292222,0.01377733,0.08557129,24.0,24.0,68.0
2025-12-11,ibm_fez,29,195.1631,47.3465,0.00026988,0.00026988,0.00208231,0.01184082,24.0,24.0,68.0
2025-12-11,ibm_fez,30,152.8669,123.2718,0.00020046,0.00020046,0.00271756,0.00964355,24.0,24.0,68.0
2025-12-11,ibm_fez,31,98.2304,60.8675,0.00051934,0.00051934,0.03799038,0.02539062,24.0,24.0,68.0
2025-12-11,ibm_fez,32,114.6445,160.6972,0.00021935,0.00021935,1.0,0.03356934,24.0,24.0,68.0
2025-12-11,ibm_fez,33,124.5526,134.9187,0.000214,0.000214,0.00187151,0.01818848,24.0,24.0,68.0
2025-12-11,ibm_fez,34,194.1647,86.3805,0.00052778,0.00052778,0.00173178,0.01159668,24.0,24.0,68.0
2025-12-11,ibm_fez,35,177.1567,44.7874,0.00021915,0.00021915,,0.01269531,24.0,24.0,
2025-12-11,ibm_fez,36,140.8728,124.2976,0.0005941,0.0005941,,0.01025391,24.0,24.0,
2025-12-11,ibm_fez,37,181.0833,150.2371,0.00024148,0.00024148,,0.00854492,24.0,24.0,
2025-12-11,ibm_fez,38,102.9034,126.4933,0.00029193,0.00029193,,0.00842285,24.0,24.0,
2025-12-11,ibm_fez,39,118.1096,119.6108,0.00047559,0.00047559,,0.01403809,24.0,24.0,
2025-12-10,ibm_fez,20,112.738,126.2497,0.00023804,0.00023804,0.00882175,0.00952148,24.0,24.0,68.0
2025-12-10,ibm_fez,21,178.1424,140.3645,0.00032116,0.00032116,0.00302819,0.0065918,24.0,24.0,68.0
2025-12-10,ibm_fez,22,171.1597,127.0895,0.00013412,0.00013412,0.003287,0.00500488,24.0,24.0,68.0
2025-12-10,ibm_fez,23,231.171,210.5202,0.00019028,0.00019028,0.00404094,0.00390625,24.0,24.0,68.0
2025-12-10,ibm_fez,24,165.7024,182.5047,0.0006731,0.0006731,0.02300515,0.00805664,24.0,24.0,68.0
2025-12-10,ibm_fez,25,117.7549,95.9779,0.00026502,0.00026502,0.00249734,0.01306152,24.0,24.0,68.0
2025-12-10,ibm_fez,26,112.1341,84.8238,0.00024106,0.00024106,0.02589919,0.00927734,24.0,24.0,68.0
2025-12-10,ibm_fez,27,93.0929,113.0275,0.00544199,0.00544199,1.0,0.01013184,24.0,24.0,68.0
2025-12-10,ibm_fez,28,185.0294,202.7476,0.00020393,0.00020393,0.00374707,0.07873535,24.0,24.0,68.0
2025-12-10,ibm_fez,29,209.5239,47.5117,0.0003524,0.0003524,0.00223563,0.01367188,24.0,24.0,68.0
2025-12-10,ibm_fez,30,164.1192,114.0569,0.00025879,0.00025879,0.00312163,0.00524902,24.0,24.0,68.0
2025-12-10,ibm_fez,31,88.0271,30.0028,0.00038381,0.00038381,0.04576688,0.01416016,24.0,24.0,68.0
2025-12-10,ibm_fez,32,157.8276,132.4856,0.00026337,0.00026337,1.0,0.03393555,24.0,24.0,68.0
2025-12-10,ibm_fez,33,110.4529,93.6861,0.00020871,0.00020871,0.00312579,0.01574707,24.0,24.0,68.0
2025-12-10,ibm_fez,34,147.0516,77.9394,0.0004828,0.0004828,0.00219214,0.01367188,24.0,24.0,68.0
2025-12-10,ibm_fez,35,137.953,39.9564,0.00032218,0.00032218,,0.01635742,24.0,24.0,
2025-12-10,ibm_fez,36,131.2432,106.704,0.00063611,0.00063611,,0.00512695,24.0,24.0,
2025-12-10,ibm_fez,37,139.2597,131.6608,0.00026609,0.00026609,,0.00878906,24.0,24.0,
2025-12-10,ibm_fez,38,83.3476,100.3405,0.00027881,0.00027881,,0.00939941,24.0,24.0,
2025-12-10,ibm_fez,39,70.9551,96.9377,0.00052611,0.00052611,,0.0135498,24.0,24.0,
2025-12-09,ibm_fez,20,99.7582,102.6996,0.0004953,0.0004953,0.00660915,0.00671387,24.0,24.0,68.0
2025-12-09,ibm_fez,21,219.2825,156.4176,0.00043075,0.00043075,0.00248192,0.00524902,24.0,24.0,68.0
2025-12-09,ibm_fez,22,175.888,94.0838,0.000199,0.000199,0.00318778,0.00463867,24.0,24.0,68.0
2025-12-09,ibm_fez,23,149.4672,98.4637,0.00014284,0.00014284,0.00352795,0.00427246,24.0,24.0,68.0
2025-12-09,ibm_fez,24,143.7917,136.331,0.00110422,0.00110422,0.01979518,0.00817871,24.0,24.0,68.0
2025-12-09,ibm_fez,25,156.6561,118.2151,0.00020112,0.00020112,0.00235912,0.00817871,24.0,24.0,68.0
2025-12-09,ibm_fez,26,124.0064,86.3879,0.00027471,0.00027471,0.0288733,0.00732422,24.0,24.0,68.0
2025-12-09,ibm_fez,27,110.0879,121.6259,0.00451876,0.00451876,1.0,0.01599121,24.0,24.0,68.0
2025-12-09,ibm_fez,28,179.432,176.8409,0.00027999,0.00027999,0.00422078,0.0135498,24.0,24.0,68.0
2025-12-09,ibm_fez,29,193.6238,47.5204,0.00015986,0.00015986,0.00248559,0.00964355,24.0,24.0,68.0
2025-12-09,ibm_fez,30,143.5088,127.9179,0.0003334,0.0003334,0.00316177,0.00830078,24.0,24.0,68.0
2025-12-09,ibm_fez,31,88.0271,57.5243,0.00038817,0.00038817,0.0304133,0.01916504,24.0,24.0,68.0
2025-12-09,ibm_fez,32,118.8234,127.9039,0.00028559,0.00028559,1.0,0.03515625,24.0,24.0,68.0
2025-12-09,ibm_fez,33,133.4512,129.2783,0.00018497,0.00018497,0.00229266,0.01733398,24.0,24.0,68.0
2025-12-09,ibm_fez,34,84.0634,54.5514,0.00061497,0.00061497,0.00190906,0.01159668,24.0,24.0,68.0
2025-12-09,ibm_fez,35,196.4462,51.5304,0.00037524,0.00037524,,0.01428223,24.0,24.0,
2025-12-09,ibm_fez,36,116.9118,97.6658,0.00079115,0.00079115,,0.00866699,24.0,24.0,
2025-12-09,ibm_fez,37,147.8612,179.5415,0.00024036,0.00024036,,0.01025391,24.0,24.0,
2025-12-09,ibm_fez,38,72.9134,90.4248,0.00028417,0.00028417,,0.00952148,24.0,24.0,
2025-12-09,ibm_fez,39,65.105,98.2263,0.00105244,0.00105244,,0.01586914,24.0,24.0,
2025-12-08,ibm_fez,20,137.0609,124.6155,0.00047057,0.00047057,0.00899565,0.01013184,24.0,24.0,68.0
2025-12-08,ibm_fez,21,155.9509,125.2825,0.00024209,0.00024209,0.00272612,0.00720215,24.0,24.0,68.0
2025-12-08,ibm_fez,22,175.888,53.9568,0.00017903,0.00017903,0.00253137,0.00524902,24.0,24.0,68.0
2025-12-08,ibm_fez,23,78.0696,83.5659,0.00016916,0.00016916,0.00418689,0.0057373,24.0,24.0,68.0
2025-12-08,ibm_fez,24,155.3372,170.9107,0.00139621,0.00139621,0.02027457,0.00976562,24.0,24.0,68.0
2025-12-08,ibm_fez,25,128.9459,113.8358,0.00018099,0.00018099,0.00247035,0.0111084,24.0,24.0,68.0
2025-12-08,ibm_fez,26,140.0014,84.2128,0.00025889,0.00025889,0.02989544,0.0065918,24.0,24.0,68.0
2025-12-08,ibm_fez,27,118.0168,127.4976,0.00393227,0.00393227,1.0,0.00976562,24.0,24.0,68.0
2025-12-08,ibm_fez,28,110.455,90.1928,0.00016886,0.00016886,0.00371408,0.00695801,24.0,24.0,68.0
2025-12-08,ibm_fez,29,210.2027,55.6063,0.00022716,0.00022716,0.00228488,0.01135254,24.0,24.0,68.0
2025-12-08,ibm_fez,30,115.8029,109.2895,0.00024639,0.00024639,0.0031286,0.00927734,24.0,24.0,68.0
2025-12-08,ibm_fez,31,94.8224,40.9255,0.00039223,0.00039223,0.05591432,0.01733398,24.0,24.0,68.0
2025-12-08,ibm_fez,32,142.3392,132.6208,0.00037116,0.00037116,1.0,0.03161621,24.0,24.0,68.0
2025-12-08,ibm_fez,33,145.9005,134.371,0.00025292,0.00025292,0.00257092,0.01696777,24.0,24.0,68.0
2025-12-08,ibm_fez,34,161.135,81.7,0.00045881,0.00045881,0.00181188,0.01391602,24.0,24.0,68.0
2025-12-08,ibm_fez,35,139.5902,49.771,0.00022503,0.00022503,,0.0135498,24.0,24.0,
2025-12-08,ibm_fez,36,53.3849,46.1894,0.00037494,0.00037494,,0.00634766,24.0,24.0,
2025-12-08,ibm_fez,37,167.028,189.7939,0.00023288,0.00023288,,0.01086426,24.0,24.0,
2025-12-08,ibm_fez,38,67.1149,69.8479,0.00022892,0.00022892,,0.00952148,24.0,24.0,
2025-12-08,ibm_fez,39,59.6073,83.8043,0.00035778,0.00035778,,0.01391602,24.0,24.0,
2025-12-07,ibm_fez,20,130.3398,159.9341,0.00043537,0.00043537,0.00904784,0.01135254,24.0,24.0,68.0
2025-12-07,ibm_fez,21,193.3175,175.4666,0.00027444,0.00027444,0.00224113,0.00720215,24.0,24.0,68.0
2025-12-07,ibm_fez,22,175.888,135.5788,0.0001692,0.0001692,0.00253137,0.0065918,24.0,24.0,68.0
2025-12-07,ibm_fez,23,203.9493,203.1253,0.00015489,0.00015489,0.003456,0.00317383,24.0,24.0,68.0
2025-12-07,ibm_fez,24,166.4956,188.3032,0.0006362,0.0006362,0.01730059,0.01220703,24.0,24.0,68.0
2025-12-07,ibm_fez,25,156.3981,117.4724,0.0002086,0.0002086,0.00227982,0.00964355,24.0,24.0,68.0
2025-12-07,ibm_fez,26,151.4605,97.8103,0.00025287,0.00025287,0.0247572,0.00646973,24.0,24.0,68.0
2025-12-07,ibm_fez,27,102.2263,83.054,0.00512151,0.00512151,1.0,0.01159668,24.0,24.0,68.0
2025-12-07,ibm_fez,28,156.5039,160.0377,0.00025464,0.00025464,0.00640152,0.03503418,24.0,24.0,68.0
2025-12-07,ibm_fez,29,118.5149,32.5743,0.00020874,0.00020874,0.00185678,0.01159668,24.0,24.0,68.0
2025-12-07,ibm_fez,30,78.4472,82.9537,0.00028667,0.00028667,0.00301546,0.0098877,24.0,24.0,68.0
2025-12-07,ibm_fez,31,94.8224,63.3062,0.00058052,0.00058052,0.04611304,0.01965332,24.0,24.0,68.0
2025-12-07,ibm_fez,32,148.5043,135.4542,0.00029115,0.00029115,1.0,0.03198242,24.0,24.0,68.0
2025-12-07,ibm_fez,33,135.4331,129.9349,0.00019549,0.00019549,0.00208156,0.01733398,24.0,24.0,68.0
2025-12-07,ibm_fez,34,160.958,78.5437,0.00040588,0.00040588,0.00194407,0.01330566,24.0,24.0,68.0
2025-12-07,ibm_fez,35,176.0698,12.8377,0.0015682,0.0015682,,0.02038574,24.0,24.0,
2025-12-07,ibm_fez,36,117.6488,91.9963,0.00043696,0.00043696,,0.00561523,24.0,24.0,
2025-12-07,ibm_fez,37,80.1818,84.7911,0.00031471,0.00031471,,0.0098877,24.0,24.0,
2025-12-07,ibm_fez,38,67.1149,72.412,0.00240256,0.00240256,,0.0078125,24.0,24.0,
2025-12-07,ibm_fez,39,61.8053,76.521,0.00035778,0.00035778,,0.01074219,24.0,24.0,
2025-12-06,ibm_fez,20,130.3398,159.9341,0.00043537,0.00043537,0.00904784,0.00927734,24.0,24.0,68.0
2025-12-06,ibm_fez,21,193.3175,175.4666,0.00027444,0.00027444,0.00224113,0.00476074,24.0,24.0,68.0
2025-12-06,ibm_fez,22,175.888,135.5788,0.0001692,0.0001692,0.00253137,0.00549316,24.0,24.0,68.0
2025-12-06,ibm_fez,23,203.9493,203.1253,0.00015489,0.00015489,0.003456,0.00378418,24.0,24.0,68.0
2025-12-06,ibm_fez,24,166.4956,188.3032,0.0006362,0.0006362,0.01730059,0.01049805,24.0,24.0,68.0
2025-12-06,ibm_fez,25,156.3981,117.4724,0.0002086,0.0002086,0.00227982,0.0098877,24.0,24.0,68.0
2025-12-06,ibm_fez,26,151.4605,97.8103,0.00025287,0.00025287,0.0247572,0.01049805,24.0,24.0,68.0
2025-12-06,ibm_fez,27,102.2263,83.054,0.00512151,0.00512151,1.0,0.01171875,24.0,24.0,68.0
2025-12-06,ibm_fez,28,156.5039,160.0377,0.00025464,0.00025464,0.00640152,0.00830078,24.0,24.0,68.0
2025-12-06,ibm_fez,29,118.5149,32.5743,0.00020874,0.00020874,0.00185678,0.01574707,24.0,24.0,68.0
2025-12-06,ibm_fez,30,78.4472,82.9537,0.00028667,0.00028667,0.00301546,0.00756836,24.0,24.0,68.0
2025-12-06,ibm_fez,31,94.8224,63.3062,0.00058052,0.00058052,0.04611304,0.01660156,24.0,24.0,68.0
2025-12-06,ibm_fez,32,148.5043,135.4542,0.00029115,0.00029115,1.0,0.0333252,24.0,24.0,68.0
2025-12-06,ibm_fez,33,135.4331,129.9349,0.00019549,0.00019549,0.00208156,0.01538086,24.0,24.0,68.0
2025-12-06,ibm_fez,34,160.958,78.5437,0.00040588,0.00040588,0.00194407,0.01220703,24.0,24.0,68.0
2025-12-06,ibm_fez,35,176.0698,12.8377,0.0015682,0.0015682,,0.01379395,24.0,24.0,
2025-12-06,ibm_fez,36,117.6488,91.9963,0.00043696,0.00043696,,0.00793457,24.0,24.0,
2025-12-06,ibm_fez,37,80.1818,84.7911,0.00031471,0.00031471,,0.00952148,24.0,24.0,
2025-12-06,ibm_fez,38,67.1149,72.412,0.00240256,0.00240256,,0.01062012,24.0,24.0,
2025-12-06,ibm_fez,39,61.8053,76.521,0.00035778,0.00035778,,0.01464844,24.0,24.0,
2025-12-05,ibm_fez,20,207.6842,77.3559,0.00025317,0.00025317,0.01068345,0.00964355,24.0,24.0,68.0
2025-12-05,ibm_fez,21,261.0086,174.1293,0.00023618,0.00023618,0.00313332,0.00463867,24.0,24.0,68.0
2025-12-05,ibm_fez,22,152.8495,120.6759,0.00025423,0.00025423,0.00388138,0.00732422,24.0,24.0,68.0
2025-12-05,ibm_fez,23,160.5288,165.9254,0.00016356,0.00016356,0.00385136,0.00500488,24.0,24.0,68.0
2025-12-05,ibm_fez,24,170.3718,169.1347,0.00082034,0.00082034,0.0247328,0.00891113,24.0,24.0,68.0
2025-12-05,ibm_fez,25,165.84,128.9906,0.00025325,0.00025325,0.00195676,0.01013184,24.0,24.0,68.0
2025-12-05,ibm_fez,26,104.5942,79.1126,0.00038491,0.00038491,0.03060713,0.00646973,24.0,24.0,68.0
2025-12-05,ibm_fez,27,119.5877,125.0564,0.00507813,0.00507813,1.0,0.00817871,24.0,24.0,68.0
2025-12-05,ibm_fez,28,147.9533,181.2346,0.00027719,0.00027719,0.00737765,0.01660156,24.0,24.0,68.0
2025-12-05,ibm_fez,29,196.0243,50.4739,0.00026345,0.00026345,0.0020678,0.01342773,24.0,24.0,68.0
2025-12-05,ibm_fez,30,183.5718,131.1104,0.00026746,0.00026746,0.00280737,0.00756836,24.0,24.0,68.0
2025-12-05,ibm_fez,31,127.0834,72.1067,0.00077882,0.00077882,0.04207783,0.01623535,24.0,24.0,68.0
2025-12-05,ibm_fez,32,113.9722,55.7774,0.00017535,0.00017535,1.0,0.03308105,24.0,24.0,68.0
2025-12-05,ibm_fez,33,150.3082,160.1835,0.00026634,0.00026634,0.00244774,0.01538086,24.0,24.0,68.0
2025-12-05,ibm_fez,34,144.9143,81.392,0.00040763,0.00040763,0.00171459,0.01123047,24.0,24.0,68.0
2025-12-05,ibm_fez,35,177.1993,34.4371,0.00023903,0.00023903,,0.01940918,24.0,24.0,
2025-12-05,ibm_fez,36,123.4813,104.2973,0.0003203,0.0003203,,0.00646973,24.0,24.0,
2025-12-05,ibm_fez,37,118.4104,121.8758,0.00022093,0.00022093,,0.0111084,24.0,24.0,
2025-12-05,ibm_fez,38,111.7893,143.329,0.00021902,0.00021902,,0.00744629,24.0,24.0,
2025-12-05,ibm_fez,39,79.6162,104.3161,0.00053034,0.00053034,,0.01831055,24.0,24.0,
2025-12-04,ibm_fez,20,207.6842,77.3559,0.00025317,0.00025317,0.01068345,0.0078125,24.0,24.0,68.0
2025-12-04,ibm_fez,21,261.0086,174.1293,0.00023618,0.00023618,0.00313332,0.00488281,24.0,24.0,68.0
2025-12-04,ibm_fez,22,152.8495,120.6759,0.00025423,0.00025423,0.00388138,0.00463867,24.0,24.0,68.0
2025-12-04,ibm_fez,23,160.5288,165.9254,0.00016356,0.00016356,0.00385136,0.00500488,24.0,24.0,68.0
2025-12-04,ibm_fez,24,170.3718,169.1347,0.00082034,0.00082034,0.0247328,0.01123047,24.0,24.0,68.0
2025-12-04,ibm_fez,25,165.84,128.9906,0.00025325,0.00025325,0.00195676,0.01208496,24.0,24.0,68.0
2025-12-04,ibm_fez,26,104.5942,79.1126,0.00038491,0.00038491,0.03060713,0.00622559,24.0,24.0,68.0
2025-12-04,ibm_fez,27,119.5877,125.0564,0.00507813,0.00507813,1.0,0.00842285,24.0,24.0,68.0
2025-12-04,ibm_fez,28,147.9533,181.2346,0.00027719,0.00027719,0.00737765,0.01977539,24.0,24.0,68.0
2025-12-04,ibm_fez,29,196.0243,50.4739,0.00026345,0.00026345,0.0020678,0.01025391,24.0,24.0,68.0
2025-12-04,ibm_fez,30,183.5718,131.1104,0.00026746,0.00026746,0.00280737,0.00708008,24.0,24.0,68.0
2025-12-04,ibm_fez,31,127.0834,72.1067,0.00077882,0.00077882,0.04207783,0.02160645,24.0,24.0,68.0
2025-12-04,ibm_fez,32,113.9722,55.7774,0.00017535,0.00017535,1.0,0.03344727,24.0,24.0,68.0
2025-12-04,ibm_fez,33,150.3082,160.1835,0.00026634,0.00026634,0.00244774,0.01708984,24.0,24.0,68.0
2025-12-04,ibm_fez,34,144.9143,81.392,0.00040763,0.00040763,0.00171459,0.01074219,24.0,24.0,68.0
2025-12-04,ibm_fez,35,177.1993,34.4371,0.00023903,0.00023903,,0.01660156,24.0,24.0,
2025-12-04,ibm_fez,36,123.4813,104.2973,0.0003203,0.0003203,,0.00549316,24.0,24.0,
2025-12-04,ibm_fez,37,118.4104,121.8758,0.00022093,0.00022093,,0.00854492,24.0,24.0,
2025-12-04,ibm_fez,38,111.7893,143.329,0.00021902,0.00021902,,0.00793457,24.0,24.0,
2025-12-04,ibm_fez,39,79.6162,104.3161,0.00053034,0.00053034,,0.015625,24.0,24.0,
2025-12-03,ibm_fez,20,207.6842,213.8812,0.00028418,0.00028418,0.00835866,0.00854492,24.0,24.0,68.0
2025-12-03,ibm_fez,21,106.6092,115.1695,0.00058626,0.00058626,0.00331886,0.00622559,24.0,24.0,68.0
2025-12-03,ibm_fez,22,201.7266,147.0962,0.00019153,0.00019153,0.00452536,0.00439453,24.0,24.0,68.0
2025-12-03,ibm_fez,23,168.3644,169.9535,0.00016615,0.00016615,0.00457806,0.00439453,24.0,24.0,68.0
2025-12-03,ibm_fez,24,174.1218,182.5703,0.00063518,0.00063518,0.02091196,0.00939941,24.0,24.0,68.0
2025-12-03,ibm_fez,25,102.4446,81.6024,0.00026074,0.00026074,0.00242167,0.0078125,24.0,24.0,68.0
2025-12-03,ibm_fez,26,152.4501,100.1903,0.00022761,0.00022761,0.02662719,0.00732422,24.0,24.0,68.0
2025-12-03,ibm_fez,27,102.2338,87.1343,0.00546533,0.00546533,1.0,0.01135254,24.0,24.0,68.0
2025-12-03,ibm_fez,28,240.5546,247.1387,0.00025901,0.00025901,0.0059825,0.00708008,24.0,24.0,68.0
2025-12-03,ibm_fez,29,171.0372,53.8319,0.00021371,0.00021371,0.00214333,0.01196289,24.0,24.0,68.0
2025-12-03,ibm_fez,30,139.8625,121.6135,0.00023534,0.00023534,0.00323656,0.00683594,24.0,24.0,68.0
2025-12-03,ibm_fez,31,136.6161,74.9489,0.00043456,0.00043456,0.03321866,0.01806641,24.0,24.0,68.0
2025-12-03,ibm_fez,32,114.6455,97.2974,0.00022605,0.00022605,1.0,0.03356934,24.0,24.0,68.0
2025-12-03,ibm_fez,33,182.8659,151.1662,0.00028588,0.00028588,0.00229673,0.02111816,24.0,24.0,68.0
2025-12-03,ibm_fez,34,158.8737,83.1217,0.00040763,0.00040763,0.00216474,0.01037598,24.0,24.0,68.0
2025-12-03,ibm_fez,35,204.8676,55.8926,0.00032494,0.00032494,,0.01501465,24.0,24.0,
2025-12-03,ibm_fez,36,127.9215,86.6573,0.00041775,0.00041775,,0.00927734,24.0,24.0,
2025-12-03,ibm_fez,37,165.0732,157.9527,0.00029181,0.00029181,,0.00866699,24.0,24.0,
2025-12-03,ibm_fez,38,29.1289,42.8039,0.00042892,0.00042892,,0.01037598,24.0,24.0,
2025-12-03,ibm_fez,39,77.8257,91.324,0.00053034,0.00053034,,0.01452637,24.0,24.0,
2025-12-02,ibm_fez,20,175.8416,191.2887,0.00032353,0.00032353,0.00857335,0.00927734,24.0,24.0,68.0
2025-12-02,ibm_fez,21,166.3018,131.8072,0.0002999,0.0002999,0.00241857,0.00427246,24.0,24.0,68.0
2025-12-02,ibm_fez,22,180.9076,143.2052,0.00019809,0.00019809,0.00289116,0.00488281,24.0,24.0,68.0
2025-12-02,ibm_fez,23,156.4196,110.8805,0.00017027,0.00017027,0.00350072,0.00695801,24.0,24.0,68.0
2025-12-02,ibm_fez,24,172.9213,189.0588,0.00094542,0.00094542,0.01765287,0.01428223,24.0,24.0,68.0
2025-12-02,ibm_fez,25,218.0045,145.5412,0.00018444,0.00018444,0.00207044,0.00976562,24.0,24.0,68.0
2025-12-02,ibm_fez,26,121.6505,88.8948,0.00022725,0.00022725,0.02968061,0.00610352,24.0,24.0,68.0
2025-12-02,ibm_fez,27,103.886,125.4786,0.00436187,0.00436187,1.0,0.01049805,24.0,24.0,68.0
2025-12-02,ibm_fez,28,167.2938,202.7704,0.00020264,0.00020264,0.00365023,0.00842285,24.0,24.0,68.0
2025-12-02,ibm_fez,29,164.7225,50.095,0.00022558,0.00022558,0.00188781,0.01477051,24.0,24.0,68.0
2025-12-02,ibm_fez,30,123.0143,107.8502,0.00030015,0.00030015,0.00257631,0.00891113,24.0,24.0,68.0
2025-12-02,ibm_fez,31,76.3957,42.9005,0.00044991,0.00044991,0.04273078,0.01721191,24.0,24.0,68.0
2025-12-02,ibm_fez,32,160.5796,142.9932,0.00025492,0.00025492,1.0,0.03344727,24.0,24.0,68.0
2025-12-02,ibm_fez,33,146.6927,133.8729,0.00036037,0.00036037,0.00233171,0.01599121,24.0,24.0,68.0
2025-12-02,ibm_fez,34,126.2872,77.5415,0.00039909,0.00039909,0.00179759,0.01074219,24.0,24.0,68.0
2025-12-02,ibm_fez,35,143.8568,50.1487,0.00037357,0.00037357,,0.01489258,24.0,24.0,
2025-12-02,ibm_fez,36,161.99,112.1091,0.00046782,0.00046782,,0.00561523,24.0,24.0,
2025-12-02,ibm_fez,37,186.3313,193.1797,0.00040688,0.00040688,,0.02124023,24.0,24.0,
2025-12-02,ibm_fez,38,107.9922,140.2878,0.00030452,0.00030452,,0.00610352,24.0,24.0,
2025-12-02,ibm_fez,39,61.1321,83.5087,0.00050573,0.00050573,,0.01342773,24.0,24.0,
2025-12-01,ibm_fez,20,199.5537,209.3313,0.0004603,0.0004603,0.00820961,0.00964355,24.0,24.0,68.0
2025-12-01,ibm_fez,21,210.8639,167.23,0.00036622,0.00036622,0.00221538,0.00634766,24.0,24.0,68.0
2025-12-01,ibm_fez,22,137.8721,131.034,0.0002575,0.0002575,0.00296545,0.00463867,24.0,24.0,68.0
2025-12-01,ibm_fez,23,271.7137,111.0415,0.0002821,0.0002821,0.0059766,0.00671387,24.0,24.0,68.0
2025-12-01,ibm_fez,24,132.273,133.6698,0.0006099,0.0006099,0.02166196,0.01098633,24.0,24.0,68.0
2025-12-01,ibm_fez,25,243.1037,148.9456,0.00025925,0.00025925,0.00255347,0.00842285,24.0,24.0,68.0
2025-12-01,ibm_fez,26,110.4492,80.2298,0.00034452,0.00034452,0.03069057,0.00634766,24.0,24.0,68.0
2025-12-01,ibm_fez,27,132.8884,144.284,0.00494275,0.00494275,1.0,0.00878906,24.0,24.0,68.0
2025-12-01,ibm_fez,28,183.4142,195.5802,0.00016733,0.00016733,0.00365302,0.00708008,24.0,24.0,68.0
2025-12-01,ibm_fez,29,169.3185,50.2754,0.00029508,0.00029508,0.00262906,0.01220703,24.0,24.0,68.0
2025-12-01,ibm_fez,30,160.2717,119.8415,0.00022021,0.00022021,0.00325331,0.00952148,24.0,24.0,68.0
2025-12-01,ibm_fez,31,70.3166,43.0014,0.00050074,0.00050074,0.04557724,0.01794434,24.0,24.0,68.0
2025-12-01,ibm_fez,32,121.0969,104.6319,0.00039054,0.00039054,1.0,0.03271484,24.0,24.0,68.0
2025-12-01,ibm_fez,33,176.1653,152.5686,0.00023624,0.00023624,0.00559364,0.01574707,24.0,24.0,68.0
2025-12-01,ibm_fez,34,71.6917,57.4703,0.00084543,0.00084543,0.00588526,0.01086426,24.0,24.0,68.0
2025-12-01,ibm_fez,35,162.7754,41.6523,0.00022996,0.00022996,,0.01977539,24.0,24.0,
2025-12-01,ibm_fez,36,91.3072,69.0504,0.00069421,0.00069421,,0.00402832,24.0,24.0,
2025-12-01,ibm_fez,37,197.3107,217.6245,0.00019256,0.00019256,,0.00866699,24.0,24.0,
2025-12-01,ibm_fez,38,101.4722,108.7666,0.00033522,0.00033522,,0.00915527,24.0,24.0,
2025-12-01,ibm_fez,39,63.2887,100.2274,0.00040186,0.00040186,,0.01525879,24.0,24.0,
2025-11-30,ibm_fez,20,154.3687,192.1895,0.0004603,0.0004603,0.0090893,0.00805664,24.0,24.0,68.0
2025-11-30,ibm_fez,21,264.0247,175.0961,0.00036622,0.00036622,0.00257529,0.01318359,24.0,24.0,68.0
2025-11-30,ibm_fez,22,107.8169,110.1214,0.0002575,0.0002575,0.00310533,0.00378418,24.0,24.0,68.0
2025-11-30,ibm_fez,23,237.8219,179.135,0.0002821,0.0002821,0.00515466,0.00366211,24.0,24.0,68.0
2025-11-30,ibm_fez,24,131.6401,63.9244,0.0006099,0.0006099,0.0195638,0.00549316,24.0,24.0,68.0
2025-11-30,ibm_fez,25,191.8338,160.5742,0.00025925,0.00025925,0.00260153,0.01147461,24.0,24.0,68.0
2025-11-30,ibm_fez,26,159.6402,99.7569,0.00034452,0.00034452,0.02732407,0.01025391,24.0,24.0,68.0
2025-11-30,ibm_fez,27,103.4523,115.3996,0.00494275,0.00494275,1.0,0.0098877,24.0,24.0,68.0
2025-11-30,ibm_fez,28,206.6703,193.096,0.00016733,0.00016733,0.00392865,0.00878906,24.0,24.0,68.0
2025-11-30,ibm_fez,29,149.6645,43.4975,0.00029508,0.00029508,0.00229435,0.01171875,24.0,24.0,68.0
2025-11-30,ibm_fez,30,148.1194,132.7223,0.00022021,0.00022021,0.00314259,0.0065918,24.0,24.0,68.0
2025-11-30,ibm_fez,31,59.0594,50.8194,0.00050074,0.00050074,0.0342347,0.01611328,24.0,24.0,68.0
2025-11-30,ibm_fez,32,141.5103,158.4104,0.00039054,0.00039054,1.0,0.03210449,24.0,24.0,68.0
2025-11-30,ibm_fez,33,121.0641,121.1861,0.00023624,0.00023624,0.00174344,0.0135498,24.0,24.0,68.0
2025-11-30,ibm_fez,34,179.7532,84.6353,0.00084543,0.00084543,0.00175465,0.0078125,24.0,24.0,68.0
2025-11-30,ibm_fez,35,169.6747,53.4802,0.00022996,0.00022996,,0.01208496,24.0,24.0,
2025-11-30,ibm_fez,36,138.0182,95.9228,0.00069421,0.00069421,,0.00708008,24.0,24.0,
2025-11-30,ibm_fez,37,169.5666,107.7404,0.00019256,0.00019256,,0.00891113,24.0,24.0,
2025-11-30,ibm_fez,38,139.0135,176.3351,0.00033522,0.00033522,,0.00732422,24.0,24.0,
2025-11-30,ibm_fez,39,59.6628,87.1919,0.00040186,0.00040186,,0.01330566,24.0,24.0,
2025-11-29,ibm_fez,20,168.4696,219.4119,0.00023077,0.00023077,0.00782204,0.0078125,24.0,24.0,68.0
2025-11-29,ibm_fez,21,193.977,146.8526,0.00036997,0.00036997,0.00246937,0.00537109,24.0,24.0,68.0
2025-11-29,ibm_fez,22,121.9587,115.9552,0.00018335,0.00018335,0.00315193,0.00390625,24.0,24.0,68.0
2025-11-29,ibm_fez,23,185.5821,138.3306,0.0001776,0.0001776,0.00369749,0.00524902,24.0,24.0,68.0
2025-11-29,ibm_fez,24,131.6401,131.2997,0.00074015,0.00074015,0.02024106,0.01037598,24.0,24.0,68.0
2025-11-29,ibm_fez,25,151.3022,130.2984,0.00019644,0.00019644,0.00224543,0.01025391,24.0,24.0,68.0
2025-11-29,ibm_fez,26,113.0072,81.5062,0.00032644,0.00032644,0.02756485,0.00708008,24.0,24.0,68.0
2025-11-29,ibm_fez,27,70.3498,80.8202,0.00462102,0.00462102,1.0,0.0090332,24.0,24.0,68.0
2025-11-29,ibm_fez,28,176.0895,171.053,0.00019854,0.00019854,0.00322206,0.00549316,24.0,24.0,68.0
2025-11-29,ibm_fez,29,177.3225,50.9154,0.00031431,0.00031431,0.00214612,0.01318359,24.0,24.0,68.0
2025-11-29,ibm_fez,30,151.8788,102.9221,0.00027017,0.00027017,0.00298907,0.00744629,24.0,24.0,68.0
2025-11-29,ibm_fez,31,164.2315,75.2327,0.00057419,0.00057419,0.03468204,0.01513672,24.0,24.0,68.0
2025-11-29,ibm_fez,32,153.0786,147.4387,0.00034403,0.00034403,1.0,0.02929688,24.0,24.0,68.0
2025-11-29,ibm_fez,33,114.9173,124.8053,0.00019917,0.00019917,0.00317619,0.0168457,24.0,24.0,68.0
2025-11-29,ibm_fez,34,155.7558,69.4589,0.00042954,0.00042954,0.00222164,0.01123047,24.0,24.0,68.0
2025-11-29,ibm_fez,35,166.5788,42.5823,0.00019144,0.00019144,,0.01989746,24.0,24.0,
2025-11-29,ibm_fez,36,77.562,61.2734,0.00062581,0.00062581,,0.00524902,24.0,24.0,
2025-11-29,ibm_fez,37,169.5666,185.035,0.00043411,0.00043411,,0.01013184,24.0,24.0,
2025-11-29,ibm_fez,38,136.4704,155.7079,0.00019586,0.00019586,,0.01025391,24.0,24.0,
2025-11-29,ibm_fez,39,82.3436,105.1284,0.0003888,0.0003888,,0.01477051,24.0,24.0,
2025-11-28,ibm_fez,20,161.2245,196.3334,0.00086478,0.00086478,0.00956329,0.00891113,24.0,24.0,68.0
2025-11-28,ibm_fez,21,279.9893,139.2357,0.00022449,0.00022449,0.00269791,0.00610352,24.0,24.0,68.0
2025-11-28,ibm_fez,22,184.1254,140.6421,0.00020658,0.00020658,0.00258755,0.00317383,24.0,24.0,68.0
2025-11-28,ibm_fez,23,169.8101,132.1814,0.0001572,0.0001572,0.00398952,0.00524902,24.0,24.0,68.0
2025-11-28,ibm_fez,24,170.9184,171.9142,0.00070034,0.00070034,0.0210668,0.00744629,24.0,24.0,68.0
2025-11-28,ibm_fez,25,213.1954,142.0295,0.00030993,0.00030993,0.00276101,0.00866699,24.0,24.0,68.0
2025-11-28,ibm_fez,26,122.3229,91.9647,0.0002878,0.0002878,0.02820492,0.00720215,24.0,24.0,68.0
2025-11-28,ibm_fez,27,110.6995,128.8225,0.00445089,0.00445089,1.0,0.00866699,24.0,24.0,68.0
2025-11-28,ibm_fez,28,113.2686,124.7128,0.00014425,0.00014425,0.00377564,0.00793457,24.0,24.0,68.0
2025-11-28,ibm_fez,29,190.2963,56.2543,0.00024898,0.00024898,0.00212979,0.01184082,24.0,24.0,68.0
2025-11-28,ibm_fez,30,151.8788,124.4188,0.00022103,0.00022103,0.00341763,0.00598145,24.0,24.0,68.0
2025-11-28,ibm_fez,31,64.9721,52.0677,0.00044113,0.00044113,0.05856223,0.01330566,24.0,24.0,68.0
2025-11-28,ibm_fez,32,165.0396,159.3433,0.00017561,0.00017561,1.0,0.03198242,24.0,24.0,68.0
2025-11-28,ibm_fez,33,137.1097,141.8616,0.00028605,0.00028605,0.0031137,0.01538086,24.0,24.0,68.0
2025-11-28,ibm_fez,34,204.1611,77.8747,0.0007997,0.0007997,0.00314497,0.01623535,24.0,24.0,68.0
2025-11-28,ibm_fez,35,17.6199,7.0331,0.00055332,0.00055332,,0.01452637,24.0,24.0,
2025-11-28,ibm_fez,36,130.824,93.0615,0.00032682,0.00032682,,0.00854492,24.0,24.0,
2025-11-28,ibm_fez,37,174.6577,169.7089,0.00032733,0.00032733,,0.01013184,24.0,24.0,
2025-11-28,ibm_fez,38,104.6904,164.5377,0.00029194,0.00029194,,0.01147461,24.0,24.0,
2025-11-28,ibm_fez,39,69.9163,87.97,0.0007058,0.0007058,,0.0123291,24.0,24.0,
2025-11-27,ibm_fez,20,161.2245,196.3334,0.00032096,0.00032096,0.01202406,0.01208496,24.0,24.0,68.0
2025-11-27,ibm_fez,21,279.9893,139.2357,0.00043526,0.00043526,0.0027861,0.00415039,24.0,24.0,68.0
2025-11-27,ibm_fez,22,184.1254,140.6421,0.00019897,0.00019897,0.00315691,0.00646973,24.0,24.0,68.0
2025-11-27,ibm_fez,23,169.8101,132.1814,0.00017086,0.00017086,0.0038867,0.00524902,24.0,24.0,68.0
2025-11-27,ibm_fez,24,170.9184,171.9142,0.00088324,0.00088324,0.02273456,0.01062012,24.0,24.0,68.0
2025-11-27,ibm_fez,25,213.1954,142.0295,0.00024295,0.00024295,0.00210737,0.01159668,24.0,24.0,68.0
2025-11-27,ibm_fez,26,122.3229,91.9647,0.00020785,0.00020785,0.02707379,0.01098633,24.0,24.0,68.0
2025-11-27,ibm_fez,27,110.6995,128.8225,0.00495292,0.00495292,1.0,0.0098877,24.0,24.0,68.0
2025-11-27,ibm_fez,28,113.2686,124.7128,0.0002597,0.0002597,0.00379921,0.00646973,24.0,24.0,68.0
2025-11-27,ibm_fez,29,190.2963,56.2543,0.00026121,0.00026121,0.0021097,0.00927734,24.0,24.0,68.0
2025-11-27,ibm_fez,30,151.8788,124.4188,0.0002832,0.0002832,0.00301125,0.00708008,24.0,24.0,68.0
2025-11-27,ibm_fez,31,64.9721,52.0677,0.0004681,0.0004681,0.04070519,0.01330566,24.0,24.0,68.0
2025-11-27,ibm_fez,32,165.0396,159.3433,0.0003327,0.0003327,1.0,0.03344727,24.0,24.0,68.0
2025-11-27,ibm_fez,33,137.1097,141.8616,0.00026694,0.00026694,0.00234477,0.01635742,24.0,24.0,68.0
2025-11-27,ibm_fez,34,204.1611,77.8747,0.00030331,0.00030331,0.00160179,0.01208496,24.0,24.0,68.0
2025-11-27,ibm_fez,35,17.6199,7.0331,0.00026341,0.00026341,,0.01379395,24.0,24.0,
2025-11-27,ibm_fez,36,130.824,93.0615,0.00036393,0.00036393,,0.00500488,24.0,24.0,
2025-11-27,ibm_fez,37,174.6577,169.7089,0.00040341,0.00040341,,0.00842285,24.0,24.0,
2025-11-27,ibm_fez,38,104.6904,164.5377,0.00044004,0.00044004,,0.01550293,24.0,24.0,
2025-11-27,ibm_fez,39,69.9163,87.97,0.00038345,0.00038345,,0.01538086,24.0,24.0,
2025-11-26,ibm_fez,20,161.2886,218.4133,0.00032096,0.00032096,0.01146969,0.00915527,24.0,24.0,68.0
2025-11-26,ibm_fez,21,157.1214,139.2353,0.00043526,0.00043526,0.00595771,0.00598145,24.0,24.0,68.0
2025-11-26,ibm_fez,22,183.2118,140.8882,0.00019897,0.00019897,0.00609686,0.00512695,24.0,24.0,68.0
2025-11-26,ibm_fez,23,218.5539,171.2393,0.00017086,0.00017086,0.0037693,0.00427246,24.0,24.0,68.0
2025-11-26,ibm_fez,24,90.0146,101.5407,0.00088324,0.00088324,0.01983369,0.00744629,24.0,24.0,68.0
2025-11-26,ibm_fez,25,172.5791,126.5442,0.00024295,0.00024295,0.00238646,0.00793457,24.0,24.0,68.0
2025-11-26,ibm_fez,26,172.0066,106.5284,0.00020785,0.00020785,0.02328784,0.0057373,24.0,24.0,68.0
2025-11-26,ibm_fez,27,143.1697,154.529,0.00495292,0.00495292,1.0,0.01184082,24.0,24.0,68.0
2025-11-26,ibm_fez,28,175.986,178.4069,0.0002597,0.0002597,0.00382592,0.00634766,24.0,24.0,68.0
2025-11-26,ibm_fez,29,182.0912,49.6067,0.00026121,0.00026121,0.00212587,0.01196289,24.0,24.0,68.0
2025-11-26,ibm_fez,30,156.7639,105.8016,0.0002832,0.0002832,0.00326875,0.00695801,24.0,24.0,68.0
2025-11-26,ibm_fez,31,214.6065,93.8291,0.0004681,0.0004681,0.02897041,0.01940918,24.0,24.0,68.0
2025-11-26,ibm_fez,32,160.7932,165.697,0.0003327,0.0003327,1.0,0.03112793,24.0,24.0,68.0
2025-11-26,ibm_fez,33,114.0286,110.2035,0.00026694,0.00026694,0.00221875,0.01623535,24.0,24.0,68.0
2025-11-26,ibm_fez,34,170.7106,72.4672,0.00030331,0.00030331,0.00184729,0.01428223,24.0,24.0,68.0
2025-11-26,ibm_fez,35,141.8985,44.9254,0.00026341,0.00026341,,0.03820801,24.0,24.0,
2025-11-26,ibm_fez,36,75.049,74.222,0.00036393,0.00036393,,0.0065918,24.0,24.0,
2025-11-26,ibm_fez,37,146.3788,133.025,0.00040341,0.00040341,,0.00952148,24.0,24.0,
2025-11-26,ibm_fez,38,93.0885,124.2634,0.00044004,0.00044004,,0.00793457,24.0,24.0,
2025-11-26,ibm_fez,39,23.608,32.1411,0.00038345,0.00038345,,0.015625,24.0,24.0,
2025-11-25,ibm_fez,20,198.3751,223.8245,0.00022033,0.00022033,0.01067173,0.0090332,24.0,24.0,68.0
2025-11-25,ibm_fez,21,230.0967,157.6264,0.00013401,0.00013401,0.00264376,0.01000977,24.0,24.0,68.0
2025-11-25,ibm_fez,22,207.2215,156.8049,0.00026744,0.00026744,0.00249109,0.00488281,24.0,24.0,68.0
2025-11-25,ibm_fez,23,194.0065,156.4403,0.00016003,0.00016003,0.00429766,0.00488281,24.0,24.0,68.0
2025-11-25,ibm_fez,24,177.7273,181.0111,0.00096082,0.00096082,0.02013964,0.00695801,24.0,24.0,68.0
2025-11-25,ibm_fez,25,116.2693,47.1767,0.00071341,0.00071341,0.00219154,0.01135254,24.0,24.0,68.0
2025-11-25,ibm_fez,26,132.6996,98.303,0.00029378,0.00029378,0.02345607,0.00756836,24.0,24.0,68.0
2025-11-25,ibm_fez,27,130.7979,146.5446,0.0043796,0.0043796,1.0,0.01074219,24.0,24.0,68.0
2025-11-25,ibm_fez,28,172.063,169.5585,0.00025955,0.00025955,0.00339288,0.00622559,24.0,24.0,68.0
2025-11-25,ibm_fez,29,174.0807,52.0371,0.0002335,0.0002335,0.00201468,0.01306152,24.0,24.0,68.0
2025-11-25,ibm_fez,30,164.389,132.6939,0.00020687,0.00020687,0.00295856,0.00708008,24.0,24.0,68.0
2025-11-25,ibm_fez,31,98.5839,48.0775,0.00044229,0.00044229,0.03818854,0.015625,24.0,24.0,68.0
2025-11-25,ibm_fez,32,156.4675,152.756,0.00019564,0.00019564,1.0,0.03466797,24.0,24.0,68.0
2025-11-25,ibm_fez,33,124.3733,103.3366,0.00022239,0.00022239,0.00242232,0.01904297,24.0,24.0,68.0
2025-11-25,ibm_fez,34,215.1964,73.7946,0.00065012,0.00065012,0.00167909,0.00952148,24.0,24.0,68.0
2025-11-25,ibm_fez,35,162.4492,39.5789,0.00020481,0.00020481,,0.015625,24.0,24.0,
2025-11-25,ibm_fez,36,158.0674,132.1369,0.00045599,0.00045599,,0.00634766,24.0,24.0,
2025-11-25,ibm_fez,37,128.6077,137.4073,0.0002047,0.0002047,,0.00854492,24.0,24.0,
2025-11-25,ibm_fez,38,91.3482,110.5674,0.0002902,0.0002902,,0.00744629,24.0,24.0,
2025-11-25,ibm_fez,39,51.9885,77.7518,0.00035421,0.00035421,,0.01635742,24.0,24.0,
2025-11-24,ibm_fez,20,183.2306,196.2534,0.00120327,0.00120327,0.01403848,0.00891113,24.0,24.0,68.0
2025-11-24,ibm_fez,21,79.1768,92.5939,0.00019945,0.00019945,0.00375648,0.00769043,24.0,24.0,68.0
2025-11-24,ibm_fez,22,167.5117,120.3206,0.00018789,0.00018789,0.00309272,0.00463867,24.0,24.0,68.0
2025-11-24,ibm_fez,23,226.6256,192.5851,0.00016441,0.00016441,0.00357754,0.00378418,24.0,24.0,68.0
2025-11-24,ibm_fez,24,139.2114,147.5484,0.00047167,0.00047167,0.02124335,0.01025391,24.0,24.0,68.0
2025-11-24,ibm_fez,25,148.3966,134.2076,0.00019017,0.00019017,0.00296464,0.0078125,24.0,24.0,68.0
2025-11-24,ibm_fez,26,90.2564,70.6231,0.00033442,0.00033442,0.02567085,0.00732422,24.0,24.0,68.0
2025-11-24,ibm_fez,27,123.8143,112.3563,0.00450377,0.00450377,1.0,0.01013184,24.0,24.0,68.0
2025-11-24,ibm_fez,28,194.524,200.9662,0.00032571,0.00032571,0.00454682,0.00646973,24.0,24.0,68.0
2025-11-24,ibm_fez,29,161.2655,48.5349,0.00024455,0.00024455,0.00227955,0.01318359,24.0,24.0,68.0
2025-11-24,ibm_fez,30,173.89,130.8451,0.00025856,0.00025856,0.00268993,0.01086426,24.0,24.0,68.0
2025-11-24,ibm_fez,31,98.5839,71.7141,0.00044682,0.00044682,0.0398688,0.01062012,24.0,24.0,68.0
2025-11-24,ibm_fez,32,131.4802,127.405,0.00025362,0.00025362,1.0,0.03222656,24.0,24.0,68.0
2025-11-24,ibm_fez,33,137.8304,140.4639,0.00022549,0.00022549,0.00744246,0.01538086,24.0,24.0,68.0
2025-11-24,ibm_fez,34,120.4908,49.935,0.00065012,0.00065012,0.00726105,0.00927734,24.0,24.0,68.0
2025-11-24,ibm_fez,35,168.6756,44.9436,0.0002509,0.0002509,,0.01416016,24.0,24.0,
2025-11-24,ibm_fez,36,100.3411,87.9402,0.00046037,0.00046037,,0.00598145,24.0,24.0,
2025-11-24,ibm_fez,37,175.9445,176.6969,0.00034859,0.00034859,,0.00842285,24.0,24.0,
2025-11-24,ibm_fez,38,93.8302,121.2341,0.00029379,0.00029379,,0.00891113,24.0,24.0,
2025-11-24,ibm_fez,39,56.0794,83.6605,0.00080053,0.00080053,,0.01574707,24.0,24.0,
2025-11-23,ibm_fez,20,17.3651,23.3175,0.00055806,0.00055806,0.01531407,0.0222168,24.0,24.0,68.0
2025-11-23,ibm_fez,21,216.8015,156.6556,0.00021966,0.00021966,0.00246735,0.00622559,24.0,24.0,68.0
2025-11-23,ibm_fez,22,157.7351,138.0597,0.00016352,0.00016352,0.00321595,0.00756836,24.0,24.0,68.0
2025-11-23,ibm_fez,23,170.6064,167.3986,0.00013526,0.00013526,0.00381288,0.00439453,24.0,24.0,68.0
2025-11-23,ibm_fez,24,155.411,163.7429,0.00046663,0.00046663,0.01654823,0.00891113,24.0,24.0,68.0
2025-11-23,ibm_fez,25,182.0865,126.6972,0.00017397,0.00017397,0.0021805,0.0144043,24.0,24.0,68.0
2025-11-23,ibm_fez,26,128.6795,92.3771,0.00023892,0.00023892,0.02606937,0.00866699,24.0,24.0,68.0
2025-11-23,ibm_fez,27,121.9749,132.7904,0.00475959,0.00475959,1.0,0.01000977,24.0,24.0,68.0
2025-11-23,ibm_fez,28,177.9975,177.7208,0.00023181,0.00023181,0.00361828,0.00756836,24.0,24.0,68.0
2025-11-23,ibm_fez,29,177.2863,52.141,0.00022221,0.00022221,0.00197272,0.0123291,24.0,24.0,68.0
2025-11-23,ibm_fez,30,176.0801,140.5968,0.00026286,0.00026286,0.00291235,0.00830078,24.0,24.0,68.0
2025-11-23,ibm_fez,31,51.3415,44.3212,0.0004142,0.0004142,0.04655671,0.01281738,24.0,24.0,68.0
2025-11-23,ibm_fez,32,95.4757,90.711,0.00030047,0.00030047,1.0,0.03137207,24.0,24.0,68.0
2025-11-23,ibm_fez,33,146.465,150.4209,0.00046457,0.00046457,0.00209977,0.01660156,24.0,24.0,68.0
2025-11-23,ibm_fez,34,170.5641,64.9269,0.00024522,0.00024522,0.00184697,0.01037598,24.0,24.0,68.0
2025-11-23,ibm_fez,35,134.2978,48.0069,0.00027564,0.00027564,,0.01391602,24.0,24.0,
2025-11-23,ibm_fez,36,154.2601,130.0896,0.0004122,0.0004122,,0.00646973,24.0,24.0,
2025-11-23,ibm_fez,37,92.0103,113.8035,0.0002372,0.0002372,,0.00976562,24.0,24.0,
2025-11-23,ibm_fez,38,45.9651,38.8524,0.00029119,0.00029119,,0.00744629,24.0,24.0,
2025-11-23,ibm_fez,39,58.8779,78.0559,0.00045332,0.00045332,,0.01501465,24.0,24.0,
2025-11-22,ibm_fez,20,180.0122,195.7036,0.00224641,0.00224641,0.0085189,0.01306152,24.0,24.0,68.0
2025-11-22,ibm_fez,21,84.1439,103.4826,0.00023876,0.00023876,0.00272329,0.00610352,24.0,24.0,68.0
2025-11-22,ibm_fez,22,192.3646,140.8789,0.00029618,0.00029618,0.00249335,0.01403809,24.0,24.0,68.0
2025-11-22,ibm_fez,23,204.6978,188.6376,0.00016957,0.00016957,0.00603512,0.0045166,24.0,24.0,68.0
2025-11-22,ibm_fez,24,142.4777,144.1796,0.00070543,0.00070543,0.02260103,0.00976562,24.0,24.0,68.0
2025-11-22,ibm_fez,25,162.8229,124.5949,0.00045566,0.00045566,0.00189687,0.00927734,24.0,24.0,68.0
2025-11-22,ibm_fez,26,154.2298,105.1116,0.00030806,0.00030806,0.02386595,0.00610352,24.0,24.0,68.0
2025-11-22,ibm_fez,27,103.9501,118.006,0.00483679,0.00483679,1.0,0.01025391,24.0,24.0,68.0
2025-11-22,ibm_fez,28,144.6382,158.3699,0.00028467,0.00028467,0.00359191,0.00598145,24.0,24.0,68.0
2025-11-22,ibm_fez,29,157.7911,56.1148,0.0002351,0.0002351,0.0024332,0.01037598,24.0,24.0,68.0
2025-11-22,ibm_fez,30,118.7065,110.1468,0.00025577,0.00025577,0.00320214,0.00878906,24.0,24.0,68.0
2025-11-22,ibm_fez,31,60.7915,43.7587,0.00058136,0.00058136,0.03546543,0.01586914,24.0,24.0,68.0
2025-11-22,ibm_fez,32,117.4989,83.8354,0.00028649,0.00028649,1.0,0.03393555,24.0,24.0,68.0
2025-11-22,ibm_fez,33,100.9677,136.8851,0.00020336,0.00020336,0.00225474,0.01757812,24.0,24.0,68.0
2025-11-22,ibm_fez,34,212.9887,86.982,0.00056441,0.00056441,0.00206962,0.01403809,24.0,24.0,68.0
2025-11-22,ibm_fez,35,145.4203,47.7324,0.00023074,0.00023074,,0.01367188,24.0,24.0,
2025-11-22,ibm_fez,36,122.6169,91.6271,0.0006232,0.0006232,,0.00695801,24.0,24.0,
2025-11-22,ibm_fez,37,78.9567,84.4371,0.00037696,0.00037696,,0.00939941,24.0,24.0,
2025-11-22,ibm_fez,38,45.9651,56.796,0.00038314,0.00038314,,0.00720215,24.0,24.0,
2025-11-22,ibm_fez,39,65.944,82.7532,0.00038147,0.00038147,,0.01745605,24.0,24.0,
2025-11-21,ibm_fez,20,180.0122,195.7036,0.00224641,0.00224641,0.00813128,0.00769043,24.0,24.0,68.0
2025-11-21,ibm_fez,21,84.1439,103.4826,0.00023876,0.00023876,0.00223124,0.00634766,24.0,24.0,68.0
2025-11-21,ibm_fez,22,192.3646,140.8789,0.00029618,0.00029618,0.00223696,0.00561523,24.0,24.0,68.0
2025-11-21,ibm_fez,23,204.6978,188.6376,0.00016957,0.00016957,0.00397558,0.00524902,24.0,24.0,68.0
2025-11-21,ibm_fez,24,142.4777,144.1796,0.00070543,0.00070543,0.02185952,0.01428223,24.0,24.0,68.0
2025-11-21,ibm_fez,25,162.8229,124.5949,0.00045566,0.00045566,0.00247062,0.01074219,24.0,24.0,68.0
2025-11-21,ibm_fez,26,154.2298,105.1116,0.00030806,0.00030806,0.02515389,0.00891113,24.0,24.0,68.0
2025-11-21,ibm_fez,27,103.9501,118.006,0.00483679,0.00483679,1.0,0.00927734,24.0,24.0,68.0
2025-11-21,ibm_fez,28,144.6382,158.3699,0.00028467,0.00028467,0.00367066,0.0065918,24.0,24.0,68.0
2025-11-21,ibm_fez,29,157.7911,56.1148,0.0002351,0.0002351,0.00271177,0.01306152,24.0,24.0,68.0
2025-11-21,ibm_fez,30,118.7065,110.1468,0.00025577,0.00025577,0.00402453,0.00842285,24.0,24.0,68.0
2025-11-21,ibm_fez,31,60.7915,43.7587,0.00058136,0.00058136,0.04652232,0.01745605,24.0,24.0,68.0
2025-11-21,ibm_fez,32,117.4989,83.8354,0.00028649,0.00028649,1.0,0.04199219,24.0,24.0,68.0
2025-11-21,ibm_fez,33,100.9677,136.8851,0.00020336,0.00020336,0.00234429,0.01513672,24.0,24.0,68.0
2025-11-21,ibm_fez,34,212.9887,86.982,0.00056441,0.00056441,0.0017404,0.01098633,24.0,24.0,68.0
2025-11-21,ibm_fez,35,145.4203,47.7324,0.00023074,0.00023074,,0.01623535,24.0,24.0,
2025-11-21,ibm_fez,36,122.6169,91.6271,0.0006232,0.0006232,,0.00744629,24.0,24.0,
2025-11-21,ibm_fez,37,78.9567,84.4371,0.00037696,0.00037696,,0.01025391,24.0,24.0,
2025-11-21,ibm_fez,38,45.9651,56.796,0.00038314,0.00038314,,0.00976562,24.0,24.0,
2025-11-21,ibm_fez,39,65.944,82.7532,0.00038147,0.00038147,,0.01574707,24.0,24.0,
2025-11-20,ibm_fez,20,154.7565,193.1386,0.00014953,0.00014953,0.00723289,0.0078125,24.0,24.0,68.0
2025-11-20,ibm_fez,21,155.2926,138.7002,0.00028954,0.00028954,0.0023668,0.0057373,24.0,24.0,68.0
2025-11-20,ibm_fez,22,64.8243,59.3394,0.00027936,0.00027936,0.00265612,0.00549316,24.0,24.0,68.0
2025-11-20,ibm_fez,23,199.0802,236.1169,0.00017911,0.00017911,0.0049566,0.00878906,24.0,24.0,68.0
2025-11-20,ibm_fez,24,81.5818,78.9378,0.00052984,0.00052984,0.0187339,0.0111084,24.0,24.0,68.0
2025-11-20,ibm_fez,25,176.6526,157.6897,0.00021126,0.00021126,0.00207902,0.01086426,24.0,24.0,68.0
2025-11-20,ibm_fez,26,160.2005,109.4309,0.00025805,0.00025805,0.0214447,0.00744629,24.0,24.0,68.0
2025-11-20,ibm_fez,27,120.2785,129.75,0.00498934,0.00498934,1.0,0.0123291,24.0,24.0,68.0
2025-11-20,ibm_fez,28,137.8301,161.1598,0.00142359,0.00142359,0.00343861,0.00646973,24.0,24.0,68.0
2025-11-20,ibm_fez,29,175.1594,51.6491,0.00019414,0.00019414,0.00222408,0.01269531,24.0,24.0,68.0
2025-11-20,ibm_fez,30,130.3341,117.451,0.00024093,0.00024093,0.00290901,0.01672363,24.0,24.0,68.0
2025-11-20,ibm_fez,31,141.0238,70.5654,0.00043459,0.00043459,0.03620123,0.015625,24.0,24.0,68.0
2025-11-20,ibm_fez,32,153.692,63.8886,0.0003173,0.0003173,1.0,0.02978516,24.0,24.0,68.0
2025-11-20,ibm_fez,33,103.7095,90.9156,0.00023192,0.00023192,0.00228255,0.01721191,24.0,24.0,68.0
2025-11-20,ibm_fez,34,129.9017,78.3049,0.00058154,0.00058154,0.00173928,0.01330566,24.0,24.0,68.0
2025-11-20,ibm_fez,35,137.2408,52.572,0.00027196,0.00027196,,0.01318359,24.0,24.0,
2025-11-20,ibm_fez,36,46.076,44.8752,0.00057143,0.00057143,,0.05236816,24.0,24.0,
2025-11-20,ibm_fez,37,114.8331,139.9916,0.00021669,0.00021669,,0.01013184,24.0,24.0,
2025-11-20,ibm_fez,38,164.2402,162.1426,0.00021567,0.00021567,,0.01025391,24.0,24.0,
2025-11-20,ibm_fez,39,58.8406,76.1495,0.00056565,0.00056565,,0.01501465,24.0,24.0,
2025-11-19,ibm_fez,20,154.7565,193.1386,0.00014953,0.00014953,0.00723289,0.00708008,24.0,24.0,68.0
2025-11-19,ibm_fez,21,155.2926,138.7002,0.00028954,0.00028954,0.0023668,0.00415039,24.0,24.0,68.0
2025-11-19,ibm_fez,22,64.8243,59.3394,0.00027936,0.00027936,0.00265612,0.01000977,24.0,24.0,68.0
2025-11-19,ibm_fez,23,199.0802,236.1169,0.00017911,0.00017911,0.0049566,0.0065918,24.0,24.0,68.0
2025-11-19,ibm_fez,24,81.5818,78.9378,0.00052984,0.00052984,0.0187339,0.00732422,24.0,24.0,68.0
2025-11-19,ibm_fez,25,176.6526,157.6897,0.00021126,0.00021126,0.00207902,0.01074219,24.0,24.0,68.0
2025-11-19,ibm_fez,26,160.2005,109.4309,0.00025805,0.00025805,0.0214447,0.0078125,24.0,24.0,68.0
2025-11-19,ibm_fez,27,120.2785,129.75,0.00498934,0.00498934,1.0,0.0090332,24.0,24.0,68.0
2025-11-19,ibm_fez,28,137.8301,161.1598,0.00142359,0.00142359,0.00343861,0.03735352,24.0,24.0,68.0
2025-11-19,ibm_fez,29,175.1594,51.6491,0.00019414,0.00019414,0.00222408,0.01049805,24.0,24.0,68.0
2025-11-19,ibm_fez,30,130.3341,117.451,0.00024093,0.00024093,0.00290901,0.0065918,24.0,24.0,68.0
2025-11-19,ibm_fez,31,141.0238,70.5654,0.00043459,0.00043459,0.03620123,0.01416016,24.0,24.0,68.0
2025-11-19,ibm_fez,32,153.692,63.8886,0.0003173,0.0003173,1.0,0.02905273,24.0,24.0,68.0
2025-11-19,ibm_fez,33,103.7095,90.9156,0.00023192,0.00023192,0.00228255,0.01733398,24.0,24.0,68.0
2025-11-19,ibm_fez,34,129.9017,78.3049,0.00058154,0.00058154,0.00173928,0.01318359,24.0,24.0,68.0
2025-11-19,ibm_fez,35,137.2408,52.572,0.00027196,0.00027196,,0.01391602,24.0,24.0,
2025-11-19,ibm_fez,36,46.076,44.8752,0.00057143,0.00057143,,0.00683594,24.0,24.0,
2025-11-19,ibm_fez,37,114.8331,139.9916,0.00021669,0.00021669,,0.0078125,24.0,24.0,
2025-11-19,ibm_fez,38,164.2402,162.1426,0.00021567,0.00021567,,0.00756836,24.0,24.0,
2025-11-19,ibm_fez,39,58.8406,76.1495,0.00056565,0.00056565,,0.01489258,24.0,24.0,
2025-11-18,ibm_fez,20,197.7923,210.7604,0.00087943,0.00087943,0.00880392,0.0090332,24.0,24.0,68.0
2025-11-18,ibm_fez,21,108.0452,86.2184,0.00040091,0.00040091,0.0047624,0.00720215,24.0,24.0,68.0
2025-11-18,ibm_fez,22,89.367,89.953,0.00019416,0.00019416,0.00338525,0.00964355,24.0,24.0,68.0
2025-11-18,ibm_fez,23,155.5192,172.9165,0.00019763,0.00019763,0.00542541,0.00415039,24.0,24.0,68.0
2025-11-18,ibm_fez,24,174.8454,153.6542,0.00074279,0.00074279,0.02604811,0.00952148,24.0,24.0,68.0
2025-11-18,ibm_fez,25,168.115,135.2209,0.00018703,0.00018703,0.00224208,0.00793457,24.0,24.0,68.0
2025-11-18,ibm_fez,26,135.2368,93.7122,0.00024034,0.00024034,0.02441,0.00915527,24.0,24.0,68.0
2025-11-18,ibm_fez,27,104.0199,100.8594,0.00373901,0.00373901,1.0,0.0123291,24.0,24.0,68.0
2025-11-18,ibm_fez,28,167.6163,166.721,0.00018551,0.00018551,0.00358595,0.00732422,24.0,24.0,68.0
2025-11-18,ibm_fez,29,158.2444,50.44,0.00023885,0.00023885,0.00212114,0.01098633,24.0,24.0,68.0
2025-11-18,ibm_fez,30,140.271,116.4071,0.00021095,0.00021095,0.00314905,0.00854492,24.0,24.0,68.0
2025-11-18,ibm_fez,31,180.8807,80.5713,0.00043777,0.00043777,0.03238629,0.01477051,24.0,24.0,68.0
2025-11-18,ibm_fez,32,153.692,123.4436,0.0002389,0.0002389,1.0,0.03088379,24.0,24.0,68.0
2025-11-18,ibm_fez,33,160.0335,121.2763,0.00018903,0.00018903,0.00195624,0.01794434,24.0,24.0,68.0
2025-11-18,ibm_fez,34,189.6958,78.1971,0.00048423,0.00048423,0.00177509,0.01086426,24.0,24.0,68.0
2025-11-18,ibm_fez,35,133.3252,40.5658,0.00027196,0.00027196,,0.01208496,24.0,24.0,
2025-11-18,ibm_fez,36,105.3553,94.3823,0.00040393,0.00040393,,0.01403809,24.0,24.0,
2025-11-18,ibm_fez,37,179.9406,215.6259,0.0003525,0.0003525,,0.01037598,24.0,24.0,
2025-11-18,ibm_fez,38,112.6788,125.5979,0.00017292,0.00017292,,0.00769043,24.0,24.0,
2025-11-18,ibm_fez,39,53.2799,83.3401,0.00076681,0.00076681,,0.01525879,24.0,24.0,
2025-11-17,ibm_fez,20,158.4751,159.6601,0.00040028,0.00040028,0.00780571,0.0123291,24.0,24.0,68.0
2025-11-17,ibm_fez,21,229.666,184.2019,0.00021433,0.00021433,0.00300829,0.0057373,24.0,24.0,68.0
2025-11-17,ibm_fez,22,221.7357,146.5589,0.00022497,0.00022497,0.00280254,0.00622559,24.0,24.0,68.0
2025-11-17,ibm_fez,23,76.599,92.0379,0.00015723,0.00015723,0.00410726,0.00512695,24.0,24.0,68.0
2025-11-17,ibm_fez,24,137.008,161.5563,0.00067607,0.00067607,0.02036737,0.00891113,24.0,24.0,68.0
2025-11-17,ibm_fez,25,139.7556,112.7862,0.00025928,0.00025928,0.00204388,0.01000977,24.0,24.0,68.0
2025-11-17,ibm_fez,26,208.5885,113.6805,0.00025061,0.00025061,0.03366545,0.00549316,24.0,24.0,68.0
2025-11-17,ibm_fez,27,143.9681,155.4699,0.00449502,0.00449502,1.0,0.01159668,24.0,24.0,68.0
2025-11-17,ibm_fez,28,185.5651,167.224,0.00024429,0.00024429,0.00376433,0.00769043,24.0,24.0,68.0
2025-11-17,ibm_fez,29,157.0103,47.9038,0.0002253,0.0002253,0.00205191,0.01208496,24.0,24.0,68.0
2025-11-17,ibm_fez,30,187.1805,125.9911,0.00025506,0.00025506,0.00281118,0.00646973,24.0,24.0,68.0
2025-11-17,ibm_fez,31,100.0671,68.0244,0.00047652,0.00047652,0.03494232,0.01171875,24.0,24.0,68.0
2025-11-17,ibm_fez,32,130.1231,173.9077,0.0001751,0.0001751,1.0,0.03442383,24.0,24.0,68.0
2025-11-17,ibm_fez,33,129.3927,91.0705,0.00032828,0.00032828,0.00245007,0.01660156,24.0,24.0,68.0
2025-11-17,ibm_fez,34,74.1366,49.9636,0.00043512,0.00043512,0.00198555,0.01074219,24.0,24.0,68.0
2025-11-17,ibm_fez,35,178.7157,41.2947,0.00029604,0.00029604,,0.05444336,24.0,24.0,
2025-11-17,ibm_fez,36,129.3296,100.7873,0.00045804,0.00045804,,0.00598145,24.0,24.0,
2025-11-17,ibm_fez,37,132.2837,139.937,0.00019438,0.00019438,,0.00964355,24.0,24.0,
2025-11-17,ibm_fez,38,119.346,147.8979,0.00024139,0.00024139,,0.00695801,24.0,24.0,
2025-11-17,ibm_fez,39,49.9531,76.5638,0.00044052,0.00044052,,0.01489258,24.0,24.0,
2025-11-16,ibm_fez,20,117.4978,158.432,0.0003114,0.0003114,0.00888783,0.00952148,24.0,24.0,68.0
2025-11-16,ibm_fez,21,191.786,152.4878,0.00041371,0.00041371,0.00309424,0.01306152,24.0,24.0,68.0
2025-11-16,ibm_fez,22,151.6838,87.6611,0.00029681,0.00029681,0.0030677,0.0045166,24.0,24.0,68.0
2025-11-16,ibm_fez,23,185.2896,163.9694,0.00013513,0.00013513,0.00358605,0.00561523,24.0,24.0,68.0
2025-11-16,ibm_fez,24,129.9626,167.1801,0.00094975,0.00094975,0.02002142,0.0090332,24.0,24.0,68.0
2025-11-16,ibm_fez,25,116.1404,80.1317,0.00018782,0.00018782,0.00226672,0.01086426,24.0,24.0,68.0
2025-11-16,ibm_fez,26,129.9811,95.7133,0.00058429,0.00058429,0.02289452,0.00769043,24.0,24.0,68.0
2025-11-16,ibm_fez,27,140.4894,156.3563,0.00425575,0.00425575,1.0,0.00756836,24.0,24.0,68.0
2025-11-16,ibm_fez,28,76.3085,78.7994,0.00027787,0.00027787,0.00357956,0.00683594,24.0,24.0,68.0
2025-11-16,ibm_fez,29,188.781,57.1553,0.00022259,0.00022259,0.00204924,0.0135498,24.0,24.0,68.0
2025-11-16,ibm_fez,30,129.4429,107.1694,0.00031531,0.00031531,0.002854,0.00939941,24.0,24.0,68.0
2025-11-16,ibm_fez,31,55.3739,41.9802,0.00041358,0.00041358,0.04290759,0.0135498,24.0,24.0,68.0
2025-11-16,ibm_fez,32,172.5133,170.1727,0.00020229,0.00020229,1.0,0.03405762,24.0,24.0,68.0
2025-11-16,ibm_fez,33,126.1831,130.6214,0.00018755,0.00018755,0.00207923,0.01782227,24.0,24.0,68.0
2025-11-16,ibm_fez,34,172.3231,72.9296,0.00068134,0.00068134,0.00170405,0.0135498,24.0,24.0,68.0
2025-11-16,ibm_fez,35,196.6308,46.3886,0.00032276,0.00032276,,0.02331543,24.0,24.0,
2025-11-16,ibm_fez,36,123.5098,112.1883,0.00053532,0.00053532,,0.00561523,24.0,24.0,
2025-11-16,ibm_fez,37,163.0021,202.046,0.00033263,0.00033263,,0.01013184,24.0,24.0,
2025-11-16,ibm_fez,38,148.4703,117.1835,0.00023766,0.00023766,,0.00842285,24.0,24.0,
2025-11-16,ibm_fez,39,56.401,76.7772,0.00049248,0.00049248,,0.01513672,24.0,24.0,
2025-11-15,ibm_fez,20,230.2015,247.0573,0.00022267,0.00022267,0.01393925,0.00671387,24.0,24.0,68.0
2025-11-15,ibm_fez,21,224.4594,173.5711,0.0002916,0.0002916,0.00445923,0.00793457,24.0,24.0,68.0
2025-11-15,ibm_fez,22,151.6838,137.667,0.00030299,0.00030299,0.00365672,0.00683594,24.0,24.0,68.0
2025-11-15,ibm_fez,23,154.7285,152.5156,0.00012201,0.00012201,0.00407616,0.00549316,24.0,24.0,68.0
2025-11-15,ibm_fez,24,169.0664,164.7789,0.00071136,0.00071136,0.02034548,0.01062012,24.0,24.0,68.0
2025-11-15,ibm_fez,25,164.5009,136.5515,0.00027085,0.00027085,0.0027073,0.01269531,24.0,24.0,68.0
2025-11-15,ibm_fez,26,70.9631,56.5996,0.0003185,0.0003185,0.02267161,0.00634766,24.0,24.0,68.0
2025-11-15,ibm_fez,27,109.4028,107.2728,0.00351568,0.00351568,1.0,0.00805664,24.0,24.0,68.0
2025-11-15,ibm_fez,28,178.019,167.8557,0.00022136,0.00022136,0.00444158,0.00598145,24.0,24.0,68.0
2025-11-15,ibm_fez,29,191.677,46.26,0.00028025,0.00028025,0.00249728,0.01293945,24.0,24.0,68.0
2025-11-15,ibm_fez,30,170.1055,117.7124,0.00023453,0.00023453,0.00309211,0.00561523,24.0,24.0,68.0
2025-11-15,ibm_fez,31,81.7112,48.3655,0.00050168,0.00050168,0.0303779,0.02099609,24.0,24.0,68.0
2025-11-15,ibm_fez,32,114.7118,129.1713,0.00022824,0.00022824,1.0,0.03015137,24.0,24.0,68.0
2025-11-15,ibm_fez,33,127.3339,103.3706,0.0002137,0.0002137,0.00209402,0.01623535,24.0,24.0,68.0
2025-11-15,ibm_fez,34,179.5571,74.4708,0.0005427,0.0005427,0.00176528,0.00939941,24.0,24.0,68.0
2025-11-15,ibm_fez,35,136.4014,46.9906,0.00030682,0.00030682,,0.01953125,24.0,24.0,
2025-11-15,ibm_fez,36,147.6013,113.4428,0.00058524,0.00058524,,0.00622559,24.0,24.0,
2025-11-15,ibm_fez,37,217.088,239.4393,0.00023025,0.00023025,,0.0090332,24.0,24.0,
2025-11-15,ibm_fez,38,148.4703,166.5649,0.00025847,0.00025847,,0.00769043,24.0,24.0,
2025-11-15,ibm_fez,39,73.7191,95.042,0.00036963,0.00036963,,0.0144043,24.0,24.0,
2025-11-14,ibm_fez,20,133.8377,154.5016,0.00064682,0.00064682,0.00895669,0.00854492,24.0,24.0,68.0
2025-11-14,ibm_fez,21,229.9484,173.8805,0.00023438,0.00023438,0.00381868,0.00646973,24.0,24.0,68.0
2025-11-14,ibm_fez,22,121.8644,113.1599,0.00016683,0.00016683,0.00344211,0.00634766,24.0,24.0,68.0
2025-11-14,ibm_fez,23,219.2428,184.3558,0.00021926,0.00021926,0.00625362,0.00354004,24.0,24.0,68.0
2025-11-14,ibm_fez,24,103.6063,139.3072,0.00068125,0.00068125,0.01982327,0.00891113,24.0,24.0,68.0
2025-11-14,ibm_fez,25,195.354,133.2935,0.00014732,0.00014732,0.00246607,0.01098633,24.0,24.0,68.0
2025-11-14,ibm_fez,26,121.757,82.2273,0.00020669,0.00020669,0.02311244,0.00842285,24.0,24.0,68.0
2025-11-14,ibm_fez,27,142.9845,145.3998,0.00441366,0.00441366,1.0,0.0111084,24.0,24.0,68.0
2025-11-14,ibm_fez,28,108.7006,123.5249,0.00018199,0.00018199,0.00385341,0.01782227,24.0,24.0,68.0
2025-11-14,ibm_fez,29,153.4326,50.0285,0.00021261,0.00021261,0.00202357,0.00732422,24.0,24.0,68.0
2025-11-14,ibm_fez,30,123.4928,102.2906,0.00026013,0.00026013,0.00262254,0.00793457,24.0,24.0,68.0
2025-11-14,ibm_fez,31,150.1231,55.5307,0.0003246,0.0003246,0.0515891,0.01831055,24.0,24.0,68.0
2025-11-14,ibm_fez,32,80.65,136.9275,0.00027187,0.00027187,1.0,0.03112793,24.0,24.0,68.0
2025-11-14,ibm_fez,33,115.3296,124.9589,0.00016604,0.00016604,0.00213745,0.01403809,24.0,24.0,68.0
2025-11-14,ibm_fez,34,172.2972,76.2972,0.00043131,0.00043131,0.00283637,0.01159668,24.0,24.0,68.0
2025-11-14,ibm_fez,35,168.9499,40.2098,0.00027937,0.00027937,,0.01696777,24.0,24.0,
2025-11-14,ibm_fez,36,144.8261,86.352,0.00087944,0.00087944,,0.0078125,24.0,24.0,
2025-11-14,ibm_fez,37,133.2964,125.7038,0.00036501,0.00036501,,0.00842285,24.0,24.0,
2025-11-14,ibm_fez,38,88.9729,109.0732,0.00049382,0.00049382,,0.01586914,24.0,24.0,
2025-11-14,ibm_fez,39,93.2925,132.115,0.00033247,0.00033247,,0.01635742,24.0,24.0,
2025-11-13,ibm_fez,20,143.2921,203.3024,0.00029532,0.00029532,0.00672156,0.00683594,24.0,24.0,68.0
2025-11-13,ibm_fez,21,226.8956,168.1602,0.00035523,0.00035523,0.00269788,0.00463867,24.0,24.0,68.0
2025-11-13,ibm_fez,22,113.3584,82.9375,0.00022667,0.00022667,0.00272593,0.00512695,24.0,24.0,68.0
2025-11-13,ibm_fez,23,238.9933,193.0125,0.00016494,0.00016494,0.00429398,0.00366211,24.0,24.0,68.0
2025-11-13,ibm_fez,24,131.1501,135.0915,0.00077416,0.00077416,0.02204501,0.01049805,24.0,24.0,68.0
2025-11-13,ibm_fez,25,147.4581,120.1834,0.00045692,0.00045692,0.00207988,0.00805664,24.0,24.0,68.0
2025-11-13,ibm_fez,26,128.6674,85.2137,0.00026105,0.00026105,0.02747323,0.00512695,24.0,24.0,68.0
2025-11-13,ibm_fez,27,105.5497,104.6075,0.00479816,0.00479816,1.0,0.01025391,24.0,24.0,68.0
2025-11-13,ibm_fez,28,190.9004,197.1058,0.00023198,0.00023198,0.00416974,0.00708008,24.0,24.0,68.0
2025-11-13,ibm_fez,29,162.2866,48.2103,0.00023468,0.00023468,0.00253918,0.01000977,24.0,24.0,68.0
2025-11-13,ibm_fez,30,177.8883,125.8066,0.00021347,0.00021347,0.00310679,0.00683594,24.0,24.0,68.0
2025-11-13,ibm_fez,31,234.218,63.5117,0.00052277,0.00052277,0.02963475,0.01586914,24.0,24.0,68.0
2025-11-13,ibm_fez,32,157.3939,146.176,0.0001921,0.0001921,1.0,0.02905273,24.0,24.0,68.0
2025-11-13,ibm_fez,33,141.9204,141.928,0.00042696,0.00042696,0.00232847,0.01196289,24.0,24.0,68.0
2025-11-13,ibm_fez,34,185.469,69.6969,0.00045952,0.00045952,0.00163517,0.00952148,24.0,24.0,68.0
2025-11-13,ibm_fez,35,109.8957,48.5726,0.00033676,0.00033676,,0.0144043,24.0,24.0,
2025-11-13,ibm_fez,36,136.2121,107.6082,0.00040455,0.00040455,,0.00537109,24.0,24.0,
2025-11-13,ibm_fez,37,133.6615,141.2727,0.00028928,0.00028928,,0.00927734,24.0,24.0,
2025-11-13,ibm_fez,38,108.8546,139.5473,0.00029434,0.00029434,,0.00634766,24.0,24.0,
2025-11-13,ibm_fez,39,103.6001,146.9053,0.00062388,0.00062388,,0.015625,24.0,24.0,
2025-11-12,ibm_fez,20,126.4463,138.6069,0.00055296,0.00055296,0.00715284,0.00842285,24.0,24.0,68.0
2025-11-12,ibm_fez,21,135.1004,109.5803,0.00021548,0.00021548,0.00288126,0.0065918,24.0,24.0,68.0
2025-11-12,ibm_fez,22,147.6846,115.8275,0.00018192,0.00018192,0.00408835,0.00769043,24.0,24.0,68.0
2025-11-12,ibm_fez,23,131.7747,125.1347,0.00020126,0.00020126,0.00560545,0.00500488,24.0,24.0,68.0
2025-11-12,ibm_fez,24,163.6206,188.6132,0.00079456,0.00079456,0.0214374,0.00646973,24.0,24.0,68.0
2025-11-12,ibm_fez,25,217.5338,139.8327,0.00018827,0.00018827,0.00245465,0.0098877,24.0,24.0,68.0
2025-11-12,ibm_fez,26,112.2986,88.5817,0.00030187,0.00030187,0.02158192,0.00939941,24.0,24.0,68.0
2025-11-12,ibm_fez,27,98.4634,110.0653,0.00429692,0.00429692,1.0,0.01928711,24.0,24.0,68.0
2025-11-12,ibm_fez,28,155.7743,191.5411,0.00025162,0.00025162,0.00321596,0.00805664,24.0,24.0,68.0
2025-11-12,ibm_fez,29,112.5256,41.638,0.00024134,0.00024134,0.00203882,0.01513672,24.0,24.0,68.0
2025-11-12,ibm_fez,30,169.5514,128.3379,0.00029395,0.00029395,0.00301875,0.00952148,24.0,24.0,68.0
2025-11-12,ibm_fez,31,178.8344,87.2393,0.00067492,0.00067492,0.03718691,0.02209473,24.0,24.0,68.0
2025-11-12,ibm_fez,32,188.6162,157.7336,0.00027033,0.00027033,1.0,0.02893066,24.0,24.0,68.0
2025-11-12,ibm_fez,33,133.2794,114.5193,0.00032968,0.00032968,0.00228422,0.01477051,24.0,24.0,68.0
2025-11-12,ibm_fez,34,86.9815,59.4606,0.00059254,0.00059254,0.00153365,0.00805664,24.0,24.0,68.0
2025-11-12,ibm_fez,35,120.8823,40.0535,0.00041881,0.00041881,,0.01403809,24.0,24.0,
2025-11-12,ibm_fez,36,64.4165,88.1367,0.00039519,0.00039519,,0.00695801,24.0,24.0,
2025-11-12,ibm_fez,37,128.049,138.5373,0.00022424,0.00022424,,0.00732422,24.0,24.0,
2025-11-12,ibm_fez,38,106.2338,142.1977,0.00020408,0.00020408,,0.00915527,24.0,24.0,
2025-11-12,ibm_fez,39,75.5865,101.2333,0.00042709,0.00042709,,0.01501465,24.0,24.0,
2025-11-11,ibm_fez,20,236.1311,249.1542,0.00032395,0.00032395,0.0104126,0.00708008,24.0,24.0,68.0
2025-11-11,ibm_fez,21,239.1642,181.8795,0.00021548,0.00021548,0.00353708,0.00854492,24.0,24.0,68.0
2025-11-11,ibm_fez,22,100.0765,80.0145,0.00022023,0.00022023,0.00372249,0.00524902,24.0,24.0,68.0
2025-11-11,ibm_fez,23,192.4652,155.2843,0.00017423,0.00017423,0.00357595,0.00439453,24.0,24.0,68.0
2025-11-11,ibm_fez,24,137.0959,145.4577,0.00082169,0.00082169,0.01742304,0.01135254,24.0,24.0,68.0
2025-11-11,ibm_fez,25,128.2853,102.095,0.00017942,0.00017942,0.00208441,0.01416016,24.0,24.0,68.0
2025-11-11,ibm_fez,26,186.8692,109.2864,0.00034337,0.00034337,0.023557,0.00585938,24.0,24.0,68.0
2025-11-11,ibm_fez,27,139.0351,125.9489,0.00309509,0.00309509,1.0,0.00744629,24.0,24.0,68.0
2025-11-11,ibm_fez,28,154.0373,166.358,0.00017509,0.00017509,0.00459302,0.00732422,24.0,24.0,68.0
2025-11-11,ibm_fez,29,68.902,36.0426,0.00028226,0.00028226,0.00225305,0.0111084,24.0,24.0,68.0
2025-11-11,ibm_fez,30,180.0244,142.6928,0.00022824,0.00022824,0.00334042,0.00744629,24.0,24.0,68.0
2025-11-11,ibm_fez,31,128.8069,65.8057,0.00036817,0.00036817,0.03088086,0.01428223,24.0,24.0,68.0
2025-11-11,ibm_fez,32,102.2784,148.3712,0.00026022,0.00026022,1.0,0.03051758,24.0,24.0,68.0
2025-11-11,ibm_fez,33,97.6179,69.9358,0.0001935,0.0001935,0.00212365,0.01708984,24.0,24.0,68.0
2025-11-11,ibm_fez,34,134.5391,80.1091,0.00055471,0.00055471,0.00165619,0.00952148,24.0,24.0,68.0
2025-11-11,ibm_fez,35,161.0111,49.1285,0.00029858,0.00029858,,0.01318359,24.0,24.0,
2025-11-11,ibm_fez,36,64.4165,61.9836,0.00036768,0.00036768,,0.00793457,24.0,24.0,
2025-11-11,ibm_fez,37,114.9202,129.0826,0.00020659,0.00020659,,0.00756836,24.0,24.0,
2025-11-11,ibm_fez,38,64.5109,78.0242,0.00035063,0.00035063,,0.0078125,24.0,24.0,
2025-11-11,ibm_fez,39,84.783,100.8283,0.0008843,0.0008843,,0.01611328,24.0,24.0,
2025-11-10,ibm_fez,20,186.243,223.172,0.00032395,0.00032395,0.00855654,0.00939941,24.0,24.0,68.0
2025-11-10,ibm_fez,21,212.379,177.5512,0.00021548,0.00021548,0.00260533,0.00744629,24.0,24.0,68.0
2025-11-10,ibm_fez,22,153.3364,139.9897,0.00022023,0.00022023,0.00277657,0.01062012,24.0,24.0,68.0
2025-11-10,ibm_fez,23,264.0185,227.0294,0.00017423,0.00017423,0.00407246,0.00585938,24.0,24.0,68.0
2025-11-10,ibm_fez,24,178.9462,204.3724,0.00082169,0.00082169,0.01915255,0.00817871,24.0,24.0,68.0
2025-11-10,ibm_fez,25,223.2273,174.5821,0.00017942,0.00017942,0.00243655,0.01049805,24.0,24.0,68.0
2025-11-10,ibm_fez,26,185.107,116.6384,0.00034337,0.00034337,0.0252294,0.00793457,24.0,24.0,68.0
2025-11-10,ibm_fez,27,159.9301,147.2193,0.00309509,0.00309509,1.0,0.00891113,24.0,24.0,68.0
2025-11-10,ibm_fez,28,147.0218,147.7856,0.00017509,0.00017509,0.00393622,0.0057373,24.0,24.0,68.0
2025-11-10,ibm_fez,29,192.728,55.0962,0.00028226,0.00028226,0.00203916,0.00952148,24.0,24.0,68.0
2025-11-10,ibm_fez,30,130.298,135.9497,0.00022824,0.00022824,0.00233076,0.01257324,24.0,24.0,68.0
2025-11-10,ibm_fez,31,145.5535,57.235,0.00036817,0.00036817,0.0277832,0.01391602,24.0,24.0,68.0
2025-11-10,ibm_fez,32,180.7112,168.4249,0.00026022,0.00026022,1.0,0.03442383,24.0,24.0,68.0
2025-11-10,ibm_fez,33,113.8096,102.2337,0.0001935,0.0001935,0.00215134,0.02111816,24.0,24.0,68.0
2025-11-10,ibm_fez,34,116.4884,59.4015,0.00055471,0.00055471,0.00160068,0.01037598,24.0,24.0,68.0
2025-11-10,ibm_fez,35,194.5601,48.4488,0.00029858,0.00029858,,0.01220703,24.0,24.0,
2025-11-10,ibm_fez,36,144.0406,129.7196,0.00036768,0.00036768,,0.00793457,24.0,24.0,
2025-11-10,ibm_fez,37,142.2977,154.5362,0.00020659,0.00020659,,0.01013184,24.0,24.0,
2025-11-10,ibm_fez,38,84.103,108.2284,0.00035063,0.00035063,,0.00842285,24.0,24.0,
2025-11-10,ibm_fez,39,95.3405,126.9758,0.0008843,0.0008843,,0.01513672,24.0,24.0,
2025-11-09,ibm_fez,20,110.2614,139.8214,0.00032395,0.00032395,0.00855654,0.00830078,24.0,24.0,68.0
2025-11-09,ibm_fez,21,161.7921,154.6377,0.00021548,0.00021548,0.00260533,0.00366211,24.0,24.0,68.0
2025-11-09,ibm_fez,22,54.0392,63.2081,0.00022023,0.00022023,0.00277657,0.00756836,24.0,24.0,68.0
2025-11-09,ibm_fez,23,140.5777,146.281,0.00017423,0.00017423,0.00407246,0.00683594,24.0,24.0,68.0
2025-11-09,ibm_fez,24,146.7044,147.3559,0.00082169,0.00082169,0.01915255,0.00683594,24.0,24.0,68.0
2025-11-09,ibm_fez,25,183.0104,135.6334,0.00017942,0.00017942,0.00243655,0.00878906,24.0,24.0,68.0
2025-11-09,ibm_fez,26,117.9881,89.8723,0.00034337,0.00034337,0.0252294,0.00708008,24.0,24.0,68.0
2025-11-09,ibm_fez,27,86.0314,103.3988,0.00309509,0.00309509,1.0,0.00854492,24.0,24.0,68.0
2025-11-09,ibm_fez,28,99.7974,109.8233,0.00017509,0.00017509,0.00393622,0.00512695,24.0,24.0,68.0
2025-11-09,ibm_fez,29,147.1169,48.6631,0.00028226,0.00028226,0.00203916,0.01782227,24.0,24.0,68.0
2025-11-09,ibm_fez,30,117.1189,101.1552,0.00022824,0.00022824,0.00233076,0.00610352,24.0,24.0,68.0
2025-11-09,ibm_fez,31,165.3929,73.4488,0.00036817,0.00036817,0.0277832,0.015625,24.0,24.0,68.0
2025-11-09,ibm_fez,32,140.2061,131.2423,0.00026022,0.00026022,1.0,0.02612305,24.0,24.0,68.0
2025-11-09,ibm_fez,33,120.7746,140.6032,0.0001935,0.0001935,0.00215134,0.01538086,24.0,24.0,68.0
2025-11-09,ibm_fez,34,115.1897,73.7615,0.00055471,0.00055471,0.00160068,0.01123047,24.0,24.0,68.0
2025-11-09,ibm_fez,35,170.2333,51.1796,0.00029858,0.00029858,,0.01367188,24.0,24.0,
2025-11-09,ibm_fez,36,157.3186,122.9917,0.00036768,0.00036768,,0.00683594,24.0,24.0,
2025-11-09,ibm_fez,37,176.7365,214.8857,0.00020659,0.00020659,,0.00952148,24.0,24.0,
2025-11-09,ibm_fez,38,117.0337,142.1779,0.00035063,0.00035063,,0.01025391,24.0,24.0,
2025-11-09,ibm_fez,39,87.1392,106.2362,0.0008843,0.0008843,,0.01757812,24.0,24.0,
2025-11-08,ibm_fez,20,125.4391,169.3886,0.00090115,0.00090115,0.0072847,0.00830078,24.0,24.0,68.0
2025-11-08,ibm_fez,21,195.7449,163.2122,0.00032095,0.00032095,0.00249263,0.00756836,24.0,24.0,68.0
2025-11-08,ibm_fez,22,166.7633,66.5219,0.00024724,0.00024724,0.00302596,0.00708008,24.0,24.0,68.0
2025-11-08,ibm_fez,23,173.3134,155.3427,0.00020781,0.00020781,0.00353888,0.00805664,24.0,24.0,68.0
2025-11-08,ibm_fez,24,139.4076,142.1979,0.00062614,0.00062614,0.01761806,0.0065918,24.0,24.0,68.0
2025-11-08,ibm_fez,25,172.4206,130.5508,0.00024345,0.00024345,0.00230082,0.00878906,24.0,24.0,68.0
2025-11-08,ibm_fez,26,140.5018,103.5228,0.00026973,0.00026973,0.02152756,0.00610352,24.0,24.0,68.0
2025-11-08,ibm_fez,27,103.2791,105.3439,0.00398677,0.00398677,1.0,0.01049805,24.0,24.0,68.0
2025-11-08,ibm_fez,28,133.7922,154.4025,0.00020704,0.00020704,0.00337261,0.00634766,24.0,24.0,68.0
2025-11-08,ibm_fez,29,158.2132,47.0489,0.00028226,0.00028226,0.00211483,0.01000977,24.0,24.0,68.0
2025-11-08,ibm_fez,30,118.0244,104.5087,0.00025938,0.00025938,0.00241157,0.00756836,24.0,24.0,68.0
2025-11-08,ibm_fez,31,154.1847,75.2112,0.0004497,0.0004497,0.04180823,0.01513672,24.0,24.0,68.0
2025-11-08,ibm_fez,32,180.2827,144.1821,0.00032887,0.00032887,1.0,0.03076172,24.0,24.0,68.0
2025-11-08,ibm_fez,33,156.0945,127.7078,0.00051889,0.00051889,0.0022179,0.01708984,24.0,24.0,68.0
2025-11-08,ibm_fez,34,138.9847,69.3035,0.00043838,0.00043838,0.00294452,0.0078125,24.0,24.0,68.0
2025-11-08,ibm_fez,35,69.2261,31.5059,0.00032112,0.00032112,,0.01464844,24.0,24.0,
2025-11-08,ibm_fez,36,133.1986,129.6257,0.0005369,0.0005369,,0.01123047,24.0,24.0,
2025-11-08,ibm_fez,37,135.2091,141.9724,0.00034007,0.00034007,,0.01025391,24.0,24.0,
2025-11-08,ibm_fez,38,127.0819,152.7821,0.00024948,0.00024948,,0.0065918,24.0,24.0,
2025-11-08,ibm_fez,39,66.9888,80.3214,0.00043141,0.00043141,,0.015625,24.0,24.0,
2025-11-07,ibm_fez,20,126.7092,149.8191,0.00028693,0.00028693,0.01449012,0.00805664,24.0,24.0,68.0
2025-11-07,ibm_fez,21,180.126,172.3169,0.00014643,0.00014643,0.00263984,0.01086426,24.0,24.0,68.0
2025-11-07,ibm_fez,22,166.7633,63.0331,0.0002165,0.0002165,0.00281556,0.0045166,24.0,24.0,68.0
2025-11-07,ibm_fez,23,200.4464,157.3999,0.0002273,0.0002273,0.00678592,0.00427246,24.0,24.0,68.0
2025-11-07,ibm_fez,24,155.5072,171.1985,0.00132326,0.00132326,0.02305578,0.00878906,24.0,24.0,68.0
2025-11-07,ibm_fez,25,98.8092,90.2113,0.00021467,0.00021467,0.00237968,0.01074219,24.0,24.0,68.0
2025-11-07,ibm_fez,26,173.5812,109.0201,0.00027354,0.00027354,0.02274733,0.0078125,24.0,24.0,68.0
2025-11-07,ibm_fez,27,85.7015,107.1267,0.00424584,0.00424584,1.0,0.00891113,24.0,24.0,68.0
2025-11-07,ibm_fez,28,167.7079,182.7574,0.00027939,0.00027939,0.00365734,0.00512695,24.0,24.0,68.0
2025-11-07,ibm_fez,29,195.1803,55.1923,0.00029988,0.00029988,0.00272574,0.01159668,24.0,24.0,68.0
2025-11-07,ibm_fez,30,136.3546,113.6707,0.00024175,0.00024175,0.00281867,0.0057373,24.0,24.0,68.0
2025-11-07,ibm_fez,31,132.7983,66.2254,0.00036275,0.00036275,0.03566775,0.01342773,24.0,24.0,68.0
2025-11-07,ibm_fez,32,146.8199,136.0029,0.00026252,0.00026252,1.0,0.03430176,24.0,24.0,68.0
2025-11-07,ibm_fez,33,154.5557,164.2601,0.00022918,0.00022918,0.00199426,0.01550293,24.0,24.0,68.0
2025-11-07,ibm_fez,34,168.0954,75.5232,0.00044133,0.00044133,0.00159476,0.01806641,24.0,24.0,68.0
2025-11-07,ibm_fez,35,148.0692,46.258,0.00023001,0.00023001,,0.01220703,24.0,24.0,
2025-11-07,ibm_fez,36,131.0074,123.6014,0.00042731,0.00042731,,0.00732422,24.0,24.0,
2025-11-07,ibm_fez,37,87.7275,98.1022,0.00058617,0.00058617,,0.00964355,24.0,24.0,
2025-11-07,ibm_fez,38,99.3625,62.5933,0.00032378,0.00032378,,0.0090332,24.0,24.0,
2025-11-07,ibm_fez,39,67.4042,100.6099,0.00057854,0.00057854,,0.01757812,24.0,24.0,
2025-11-06,ibm_fez,20,126.7092,149.8191,0.00028693,0.00028693,0.00774859,0.01000977,24.0,24.0,68.0
2025-11-06,ibm_fez,21,180.126,172.3169,0.00014643,0.00014643,0.00393195,0.00634766,24.0,24.0,68.0
2025-11-06,ibm_fez,22,166.7633,63.0331,0.0002165,0.0002165,0.00313377,0.00524902,24.0,24.0,68.0
2025-11-06,ibm_fez,23,200.4464,157.3999,0.0002273,0.0002273,0.00508244,0.00756836,24.0,24.0,68.0
2025-11-06,ibm_fez,24,155.5072,171.1985,0.00132326,0.00132326,0.01987561,0.01147461,24.0,24.0,68.0
2025-11-06,ibm_fez,25,98.8092,90.2113,0.00021467,0.00021467,0.00218889,0.01123047,24.0,24.0,68.0
2025-11-06,ibm_fez,26,173.5812,109.0201,0.00027354,0.00027354,0.02020453,0.00708008,24.0,24.0,68.0
2025-11-06,ibm_fez,27,85.7015,107.1267,0.00424584,0.00424584,1.0,0.00805664,24.0,24.0,68.0
2025-11-06,ibm_fez,28,167.7079,182.7574,0.00027939,0.00027939,0.00352872,0.00524902,24.0,24.0,68.0
2025-11-06,ibm_fez,29,195.1803,55.1923,0.00029988,0.00029988,0.00238019,0.01171875,24.0,24.0,68.0
2025-11-06,ibm_fez,30,136.3546,113.6707,0.00024175,0.00024175,0.00262902,0.00646973,24.0,24.0,68.0
2025-11-06,ibm_fez,31,132.7983,66.2254,0.00036275,0.00036275,0.03731549,0.01306152,24.0,24.0,68.0
2025-11-06,ibm_fez,32,146.8199,136.0029,0.00026252,0.00026252,1.0,0.0333252,24.0,24.0,68.0
2025-11-06,ibm_fez,33,154.5557,164.2601,0.00022918,0.00022918,0.00206676,0.01647949,24.0,24.0,68.0
2025-11-06,ibm_fez,34,168.0954,75.5232,0.00044133,0.00044133,0.00156077,0.01306152,24.0,24.0,68.0
2025-11-06,ibm_fez,35,148.0692,46.258,0.00023001,0.00023001,,0.0135498,24.0,24.0,
2025-11-06,ibm_fez,36,131.0074,123.6014,0.00042731,0.00042731,,0.0057373,24.0,24.0,
2025-11-06,ibm_fez,37,87.7275,98.1022,0.00058617,0.00058617,,0.00744629,24.0,24.0,
2025-11-06,ibm_fez,38,99.3625,62.5933,0.00032378,0.00032378,,0.00830078,24.0,24.0,
2025-11-06,ibm_fez,39,67.4042,100.6099,0.00057854,0.00057854,,0.01818848,24.0,24.0,
2025-11-05,ibm_fez,20,134.1451,144.8815,0.00022367,0.00022367,0.00774859,0.00683594,24.0,24.0,68.0
2025-11-05,ibm_fez,21,264.8549,189.0437,0.00019892,0.00019892,0.00393195,0.00732422,24.0,24.0,68.0
2025-11-05,ibm_fez,22,166.7633,123.6065,0.00020325,0.00020325,0.00313377,0.00463867,24.0,24.0,68.0
2025-11-05,ibm_fez,23,198.8758,180.5688,0.00017705,0.00017705,0.00508244,0.00488281,24.0,24.0,68.0
2025-11-05,ibm_fez,24,149.893,153.7327,0.00082938,0.00082938,0.01987561,0.01147461,24.0,24.0,68.0
2025-11-05,ibm_fez,25,160.6848,119.9878,0.0001802,0.0001802,0.00218889,0.01147461,24.0,24.0,68.0
2025-11-05,ibm_fez,26,154.3741,114.948,0.00026979,0.00026979,0.02020453,0.00708008,24.0,24.0,68.0
2025-11-05,ibm_fez,27,119.9967,125.4226,0.00319942,0.00319942,1.0,0.00805664,24.0,24.0,68.0
2025-11-05,ibm_fez,28,174.7294,163.9373,0.00036296,0.00036296,0.00352872,0.0078125,24.0,24.0,68.0
2025-11-05,ibm_fez,29,181.4276,52.2625,0.00023732,0.00023732,0.00238019,0.01416016,24.0,24.0,68.0
2025-11-05,ibm_fez,30,121.5518,102.2059,0.00096397,0.00096397,0.00262902,0.00732422,24.0,24.0,68.0
2025-11-05,ibm_fez,31,149.1902,79.2944,0.00035942,0.00035942,0.03731549,0.01025391,24.0,24.0,68.0
2025-11-05,ibm_fez,32,148.4665,164.5564,0.00033622,0.00033622,1.0,0.02954102,24.0,24.0,68.0
2025-11-05,ibm_fez,33,117.063,123.2866,0.00022527,0.00022527,0.00206676,0.01318359,24.0,24.0,68.0
2025-11-05,ibm_fez,34,145.0865,46.1014,0.00091786,0.00091786,0.00156077,0.01196289,24.0,24.0,68.0
2025-11-05,ibm_fez,35,195.3543,46.9462,0.00025551,0.00025551,,0.01318359,24.0,24.0,
2025-11-05,ibm_fez,36,152.8689,116.8851,0.00043324,0.00043324,,0.00366211,24.0,24.0,
2025-11-05,ibm_fez,37,205.0331,187.6536,0.00026024,0.00026024,,0.00878906,24.0,24.0,
2025-11-05,ibm_fez,38,87.3878,123.5342,0.00028948,0.00028948,,0.00708008,24.0,24.0,
2025-11-05,ibm_fez,39,68.5386,87.8586,0.00055322,0.00055322,,0.0144043,24.0,24.0,
2025-11-04,ibm_fez,20,125.2497,113.2707,0.00057446,0.00057446,0.00921412,0.0078125,24.0,24.0,68.0
2025-11-04,ibm_fez,21,144.6891,124.768,0.00023924,0.00023924,0.00458252,0.00793457,24.0,24.0,68.0
2025-11-04,ibm_fez,22,181.5689,133.0562,0.00018318,0.00018318,0.00268307,0.00463867,24.0,24.0,68.0
2025-11-04,ibm_fez,23,200.5272,182.5775,0.00013173,0.00013173,0.00475565,0.00317383,24.0,24.0,68.0
2025-11-04,ibm_fez,24,66.1758,78.7823,0.00062979,0.00062979,0.01883011,0.00964355,24.0,24.0,68.0
2025-11-04,ibm_fez,25,208.9529,128.6696,0.00022638,0.00022638,0.00197652,0.0111084,24.0,24.0,68.0
2025-11-04,ibm_fez,26,116.3334,79.7218,0.0002247,0.0002247,0.02050318,0.00622559,24.0,24.0,68.0
2025-11-04,ibm_fez,27,109.4383,120.3554,0.00443766,0.00443766,1.0,0.00964355,24.0,24.0,68.0
2025-11-04,ibm_fez,28,134.5688,160.1041,0.00024911,0.00024911,0.00394491,0.0065918,24.0,24.0,68.0
2025-11-04,ibm_fez,29,167.8534,17.9098,0.00021341,0.00021341,0.00226128,0.01196289,24.0,24.0,68.0
2025-11-04,ibm_fez,30,148.0209,118.178,0.00021661,0.00021661,0.00357216,0.0065918,24.0,24.0,68.0
2025-11-04,ibm_fez,31,155.647,70.3181,0.00044772,0.00044772,0.04046649,0.01586914,24.0,24.0,68.0
2025-11-04,ibm_fez,32,152.4166,140.9589,0.00025007,0.00025007,1.0,0.03564453,24.0,24.0,68.0
2025-11-04,ibm_fez,33,41.7429,38.9368,0.0001869,0.0001869,0.00216996,0.01330566,24.0,24.0,68.0
2025-11-04,ibm_fez,34,145.0865,75.885,0.00064325,0.00064325,0.00198254,0.01599121,24.0,24.0,68.0
2025-11-04,ibm_fez,35,213.9101,43.0941,0.00025271,0.00025271,,0.03747559,24.0,24.0,
2025-11-04,ibm_fez,36,135.5222,108.5583,0.00048088,0.00048088,,0.0065918,24.0,24.0,
2025-11-04,ibm_fez,37,214.8211,165.1955,0.00027564,0.00027564,,0.00756836,24.0,24.0,
2025-11-04,ibm_fez,38,94.8804,114.9305,0.0003014,0.0003014,,0.01123047,24.0,24.0,
2025-11-04,ibm_fez,39,56.0062,79.9041,0.00037552,0.00037552,,0.01794434,24.0,24.0,
2025-11-03,ibm_fez,20,119.5078,73.5356,0.0002729,0.0002729,0.01259197,0.00744629,24.0,24.0,68.0
2025-11-03,ibm_fez,21,66.1244,74.4824,0.00034031,0.00034031,0.00405549,0.00695801,24.0,24.0,68.0
2025-11-03,ibm_fez,22,158.7403,129.3528,0.00021761,0.00021761,0.00258931,0.00585938,24.0,24.0,68.0
2025-11-03,ibm_fez,23,187.2162,166.7872,0.00015021,0.00015021,0.00354029,0.0078125,24.0,24.0,68.0
2025-11-03,ibm_fez,24,159.4478,169.9157,0.00111443,0.00111443,0.01786452,0.01257324,24.0,24.0,68.0
2025-11-03,ibm_fez,25,148.6678,122.3671,0.00015877,0.00015877,0.00344379,0.01062012,24.0,24.0,68.0
2025-11-03,ibm_fez,26,164.7341,108.2424,0.00024528,0.00024528,0.02422105,0.00939941,24.0,24.0,68.0
2025-11-03,ibm_fez,27,110.0759,126.2602,0.00321983,0.00321983,1.0,0.01062012,24.0,24.0,68.0
2025-11-03,ibm_fez,28,99.7082,126.3703,0.00027907,0.00027907,0.00537627,0.00634766,24.0,24.0,68.0
2025-11-03,ibm_fez,29,117.7181,39.5037,0.00025101,0.00025101,0.00217978,0.01196289,24.0,24.0,68.0
2025-11-03,ibm_fez,30,72.4933,89.2225,0.00020941,0.00020941,0.00301763,0.00756836,24.0,24.0,68.0
2025-11-03,ibm_fez,31,120.9817,70.0118,0.00037944,0.00037944,0.03598054,0.01147461,24.0,24.0,68.0
2025-11-03,ibm_fez,32,117.3283,79.5824,0.00020019,0.00020019,0.1377616,0.03308105,24.0,24.0,68.0
2025-11-03,ibm_fez,33,133.5373,130.6371,0.00022678,0.00022678,0.0020614,0.01782227,24.0,24.0,68.0
2025-11-03,ibm_fez,34,138.3396,71.22,0.00045638,0.00045638,0.00162832,0.0123291,24.0,24.0,68.0
2025-11-03,ibm_fez,35,144.7766,44.7818,0.00025324,0.00025324,,0.01635742,24.0,24.0,
2025-11-03,ibm_fez,36,136.0305,113.7938,0.00066305,0.00066305,,0.0057373,24.0,24.0,
2025-11-03,ibm_fez,37,123.8927,133.4461,0.00029472,0.00029472,,0.00891113,24.0,24.0,
2025-11-03,ibm_fez,38,133.4313,166.5635,0.00024564,0.00024564,,0.00683594,24.0,24.0,
2025-11-03,ibm_fez,39,54.9142,72.8866,0.00058822,0.00058822,,0.01623535,24.0,24.0,
2025-11-02,ibm_fez,20,119.5078,153.7892,0.00034463,0.00034463,0.01002259,0.00927734,24.0,24.0,68.0
2025-11-02,ibm_fez,21,230.6441,203.7155,0.00024589,0.00024589,0.00393491,0.00646973,24.0,24.0,68.0
2025-11-02,ibm_fez,22,182.4446,139.0046,0.00019567,0.00019567,0.00262875,0.00415039,24.0,24.0,68.0
2025-11-02,ibm_fez,23,261.5232,180.935,0.000185,0.000185,0.004832,0.00537109,24.0,24.0,68.0
2025-11-02,ibm_fez,24,152.3943,193.8495,0.00134659,0.00134659,0.01929836,0.00744629,24.0,24.0,68.0
2025-11-02,ibm_fez,25,243.205,144.6921,0.0001475,0.0001475,0.00233609,0.0098877,24.0,24.0,68.0
2025-11-02,ibm_fez,26,166.3495,108.5084,0.00031244,0.00031244,0.02249082,0.00805664,24.0,24.0,68.0
2025-11-02,ibm_fez,27,161.9684,141.9008,0.0030924,0.0030924,1.0,0.00854492,24.0,24.0,68.0
2025-11-02,ibm_fez,28,198.9199,177.8188,0.00023847,0.00023847,0.00450724,0.00622559,24.0,24.0,68.0
2025-11-02,ibm_fez,29,142.4744,52.4429,0.00021674,0.00021674,0.0020627,0.01306152,24.0,24.0,68.0
2025-11-02,ibm_fez,30,126.8697,118.7015,0.00026942,0.00026942,0.00256262,0.00805664,24.0,24.0,68.0
2025-11-02,ibm_fez,31,147.2915,73.3786,0.00049551,0.00049551,0.03801493,0.01379395,24.0,24.0,68.0
2025-11-02,ibm_fez,32,155.9897,155.9857,0.00028257,0.00028257,0.1377616,0.03405762,24.0,24.0,68.0
2025-11-02,ibm_fez,33,143.178,152.6018,0.00025327,0.00025327,0.00251025,0.01635742,24.0,24.0,68.0
2025-11-02,ibm_fez,34,116.6548,69.5853,0.00040356,0.00040356,0.00162832,0.01501465,24.0,24.0,68.0
2025-11-02,ibm_fez,35,207.7871,47.7124,0.00024834,0.00024834,,0.01245117,24.0,24.0,
2025-11-02,ibm_fez,36,138.8139,121.5821,0.00041752,0.00041752,,0.00695801,24.0,24.0,
2025-11-02,ibm_fez,37,150.7841,161.6769,0.00031855,0.00031855,,0.01062012,24.0,24.0,
2025-11-02,ibm_fez,38,139.7364,146.291,0.0003918,0.0003918,,0.00769043,24.0,24.0,
2025-11-02,ibm_fez,39,46.9847,69.3885,0.00049036,0.00049036,,0.01794434,24.0,24.0,
2025-11-01,ibm_fez,20,153.2853,155.7695,0.00027999,0.00027999,0.00825729,0.0111084,24.0,24.0,68.0
2025-11-01,ibm_fez,21,55.9264,77.3489,0.00018324,0.00018324,0.00300076,0.00598145,24.0,24.0,68.0
2025-11-01,ibm_fez,22,149.2861,109.5209,0.00019567,0.00019567,0.00274949,0.00415039,24.0,24.0,68.0
2025-11-01,ibm_fez,23,171.0925,136.6227,0.00020533,0.00020533,0.00378644,0.00537109,24.0,24.0,68.0
2025-11-01,ibm_fez,24,170.3771,134.1853,0.00079757,0.00079757,0.01661743,0.00927734,24.0,24.0,68.0
2025-11-01,ibm_fez,25,151.0772,126.4143,0.00024345,0.00024345,0.00199441,0.00976562,24.0,24.0,68.0
2025-11-01,ibm_fez,26,127.8282,95.8104,0.00028655,0.00028655,0.02042155,0.00646973,24.0,24.0,68.0
2025-11-01,ibm_fez,27,114.423,129.7374,0.00392714,0.00392714,1.0,0.00842285,24.0,24.0,68.0
2025-11-01,ibm_fez,28,126.999,141.3024,0.00019005,0.00019005,0.00696204,0.00561523,24.0,24.0,68.0
2025-11-01,ibm_fez,29,69.93,32.9405,0.00019166,0.00019166,0.00198429,0.01147461,24.0,24.0,68.0
2025-11-01,ibm_fez,30,154.3384,122.0962,0.00024166,0.00024166,0.00369477,0.00708008,24.0,24.0,68.0
2025-11-01,ibm_fez,31,143.8561,60.9951,0.0003267,0.0003267,0.04505657,0.01062012,24.0,24.0,68.0
2025-11-01,ibm_fez,32,113.5285,109.9176,0.00033747,0.00033747,0.1377616,0.03088379,24.0,24.0,68.0
2025-11-01,ibm_fez,33,172.1289,146.5583,0.00017802,0.00017802,0.0024781,0.01843262,24.0,24.0,68.0
2025-11-01,ibm_fez,34,160.5233,75.8999,0.00040567,0.00040567,0.00184527,0.01477051,24.0,24.0,68.0
2025-11-01,ibm_fez,35,186.6712,47.2673,0.00027784,0.00027784,,0.01574707,24.0,24.0,
2025-11-01,ibm_fez,36,152.1522,121.4033,0.0006243,0.0006243,,0.00720215,24.0,24.0,
2025-11-01,ibm_fez,37,159.5821,183.937,0.00031154,0.00031154,,0.00793457,24.0,24.0,
2025-11-01,ibm_fez,38,121.4093,152.3356,0.00029712,0.00029712,,0.00695801,24.0,24.0,
2025-11-01,ibm_fez,39,52.9122,73.0782,0.00041307,0.00041307,,0.01330566,24.0,24.0,
2025-10-31,ibm_fez,20,170.1128,187.9652,0.00047174,0.00047174,0.01086255,0.01013184,24.0,24.0,68.0
2025-10-31,ibm_fez,21,133.3839,96.5828,0.00027473,0.00027473,0.00228551,0.00854492,24.0,24.0,68.0
2025-10-31,ibm_fez,22,157.6342,117.422,0.00017777,0.00017777,0.00249651,0.00500488,24.0,24.0,68.0
2025-10-31,ibm_fez,23,179.4233,136.8826,0.00016313,0.00016313,0.00361692,0.00805664,24.0,24.0,68.0
2025-10-31,ibm_fez,24,193.9792,191.5322,0.00102408,0.00102408,0.01865052,0.01098633,24.0,24.0,68.0
2025-10-31,ibm_fez,25,201.0805,136.0895,0.00011516,0.00011516,0.00242418,0.00842285,24.0,24.0,68.0
2025-10-31,ibm_fez,26,176.0961,101.3155,0.0003026,0.0003026,0.02427801,0.0098877,24.0,24.0,68.0
2025-10-31,ibm_fez,27,144.1525,156.409,0.00402687,0.00402687,1.0,0.00683594,24.0,24.0,68.0
2025-10-31,ibm_fez,28,135.4656,141.9388,0.00016081,0.00016081,0.00430633,0.00537109,24.0,24.0,68.0
2025-10-31,ibm_fez,29,144.5748,45.0427,0.00021244,0.00021244,0.00191708,0.0123291,24.0,24.0,68.0
2025-10-31,ibm_fez,30,162.1159,123.0358,0.00030203,0.00030203,0.00305564,0.00891113,24.0,24.0,68.0
2025-10-31,ibm_fez,31,207.2536,53.5792,0.0003267,0.0003267,0.04438246,0.02758789,24.0,24.0,68.0
2025-10-31,ibm_fez,32,172.6409,157.3928,0.00020619,0.00020619,0.1377616,0.02905273,24.0,24.0,68.0
2025-10-31,ibm_fez,33,174.6663,160.448,0.00020768,0.00020768,0.00225244,0.01733398,24.0,24.0,68.0
2025-10-31,ibm_fez,34,122.7372,73.4166,0.00045573,0.00045573,0.00199219,0.01367188,24.0,24.0,68.0
2025-10-31,ibm_fez,35,130.9206,46.4514,0.00020552,0.00020552,,0.01660156,24.0,24.0,
2025-10-31,ibm_fez,36,132.1986,108.3056,0.00082513,0.00082513,,0.00524902,24.0,24.0,
2025-10-31,ibm_fez,37,158.4814,206.2195,0.00034804,0.00034804,,0.01025391,24.0,24.0,
2025-10-31,ibm_fez,38,116.1224,144.3646,0.00032446,0.00032446,,0.00915527,24.0,24.0,
2025-10-31,ibm_fez,39,76.7461,114.4981,0.00101233,0.00101233,,0.01501465,24.0,24.0,
2025-10-30,ibm_fez,20,113.9727,122.8384,0.00035139,0.00035139,0.00862041,0.00842285,24.0,24.0,68.0
2025-10-30,ibm_fez,21,59.5887,72.4374,0.00020787,0.00020787,0.00253209,0.00671387,24.0,24.0,68.0
2025-10-30,ibm_fez,22,196.4174,128.829,0.00016845,0.00016845,0.00293215,0.00622559,24.0,24.0,68.0
2025-10-30,ibm_fez,23,191.478,163.3269,0.0001696,0.0001696,0.00473381,0.00708008,24.0,24.0,68.0
2025-10-30,ibm_fez,24,128.974,141.5472,0.00087728,0.00087728,0.0234297,0.00866699,24.0,24.0,68.0
2025-10-30,ibm_fez,25,154.6658,134.4587,0.00022135,0.00022135,0.00242704,0.01098633,24.0,24.0,68.0
2025-10-30,ibm_fez,26,184.996,112.5751,0.00032838,0.00032838,0.02329427,0.01135254,24.0,24.0,68.0
2025-10-30,ibm_fez,27,108.6411,86.1104,0.00304983,0.00304983,1.0,0.00976562,24.0,24.0,68.0
2025-10-30,ibm_fez,28,102.3797,105.981,0.00030403,0.00030403,0.00493391,0.00646973,24.0,24.0,68.0
2025-10-30,ibm_fez,29,165.4516,46.6137,0.00021446,0.00021446,0.00203214,0.01318359,24.0,24.0,68.0
2025-10-30,ibm_fez,30,146.075,133.0418,0.00025148,0.00025148,0.00286506,0.00854492,24.0,24.0,68.0
2025-10-30,ibm_fez,31,145.2745,60.1351,0.00033383,0.00033383,0.040761,0.01843262,24.0,24.0,68.0
2025-10-30,ibm_fez,32,130.9029,124.5444,0.00022253,0.00022253,0.1377616,0.03344727,24.0,24.0,68.0
2025-10-30,ibm_fez,33,65.3589,129.8824,0.00029161,0.00029161,0.00287939,0.01574707,24.0,24.0,68.0
2025-10-30,ibm_fez,34,143.9798,71.8685,0.00087958,0.00087958,0.00225021,0.01184082,24.0,24.0,68.0
2025-10-30,ibm_fez,35,162.6379,36.2905,0.00031075,0.00031075,,0.02160645,24.0,24.0,
2025-10-30,ibm_fez,36,108.8599,102.0539,0.00059115,0.00059115,,0.00634766,24.0,24.0,
2025-10-30,ibm_fez,37,120.436,145.4789,0.00037384,0.00037384,,0.00891113,24.0,24.0,
2025-10-30,ibm_fez,38,111.7427,137.2808,0.0003777,0.0003777,,0.00854492,24.0,24.0,
2025-10-30,ibm_fez,39,56.6223,82.6909,0.00041467,0.00041467,,0.01721191,24.0,24.0,
2025-10-29,ibm_fez,20,113.9727,122.8384,0.00035139,0.00035139,0.00913732,0.00878906,24.0,24.0,68.0
2025-10-29,ibm_fez,21,59.5887,72.4374,0.00020787,0.00020787,0.00489626,0.0065918,24.0,24.0,68.0
2025-10-29,ibm_fez,22,196.4174,128.829,0.00016845,0.00016845,0.00380379,0.0032959,24.0,24.0,68.0
2025-10-29,ibm_fez,23,191.478,163.3269,0.0001696,0.0001696,0.00379521,0.00390625,24.0,24.0,68.0
2025-10-29,ibm_fez,24,128.974,141.5472,0.00087728,0.00087728,0.02081122,0.01245117,24.0,24.0,68.0
2025-10-29,ibm_fez,25,154.6658,134.4587,0.00022135,0.00022135,0.00219992,0.0098877,24.0,24.0,68.0
2025-10-29,ibm_fez,26,184.996,112.5751,0.00032838,0.00032838,0.01962323,0.0111084,24.0,24.0,68.0
2025-10-29,ibm_fez,27,108.6411,86.1104,0.00304983,0.00304983,1.0,0.00805664,24.0,24.0,68.0
2025-10-29,ibm_fez,28,102.3797,105.981,0.00030403,0.00030403,0.00551765,0.00805664,24.0,24.0,68.0
2025-10-29,ibm_fez,29,165.4516,46.6137,0.00021446,0.00021446,0.00225611,0.01086426,24.0,24.0,68.0
2025-10-29,ibm_fez,30,146.075,133.0418,0.00025148,0.00025148,0.00250812,0.00866699,24.0,24.0,68.0
2025-10-29,ibm_fez,31,145.2745,60.1351,0.00033383,0.00033383,0.04890248,0.01672363,24.0,24.0,68.0
2025-10-29,ibm_fez,32,130.9029,124.5444,0.00022253,0.00022253,0.1377616,0.03869629,24.0,24.0,68.0
2025-10-29,ibm_fez,33,65.3589,129.8824,0.00029161,0.00029161,0.00237734,0.01647949,24.0,24.0,68.0
2025-10-29,ibm_fez,34,143.9798,71.8685,0.00087958,0.00087958,0.00157723,0.01147461,24.0,24.0,68.0
2025-10-29,ibm_fez,35,162.6379,36.2905,0.00031075,0.00031075,,0.01843262,24.0,24.0,
2025-10-29,ibm_fez,36,108.8599,102.0539,0.00059115,0.00059115,,0.00524902,24.0,24.0,
2025-10-29,ibm_fez,37,120.436,145.4789,0.00037384,0.00037384,,0.01013184,24.0,24.0,
2025-10-29,ibm_fez,38,111.7427,137.2808,0.0003777,0.0003777,,0.01171875,24.0,24.0,
2025-10-29,ibm_fez,39,56.6223,82.6909,0.00041467,0.00041467,,0.01733398,24.0,24.0,
2025-10-28,ibm_fez,20,138.0508,133.8476,0.0004079,0.0004079,0.00913732,0.00976562,24.0,24.0,68.0
2025-10-28,ibm_fez,21,276.6529,201.9747,0.00040912,0.00040912,0.00489626,0.0065918,24.0,24.0,68.0
2025-10-28,ibm_fez,22,159.1199,122.6003,0.00013548,0.00013548,0.00380379,0.00378418,24.0,24.0,68.0
2025-10-28,ibm_fez,23,119.9096,136.9166,0.00027304,0.00027304,0.00379521,0.0057373,24.0,24.0,68.0
2025-10-28,ibm_fez,24,127.6718,155.4689,0.00082558,0.00082558,0.02081122,0.00891113,24.0,24.0,68.0
2025-10-28,ibm_fez,25,156.801,117.3663,0.0002453,0.0002453,0.00219992,0.00732422,24.0,24.0,68.0
2025-10-28,ibm_fez,26,123.8326,95.1891,0.00028081,0.00028081,0.01962323,0.00817871,24.0,24.0,68.0
2025-10-28,ibm_fez,27,136.5332,137.1513,0.00402956,0.00402956,1.0,0.00976562,24.0,24.0,68.0
2025-10-28,ibm_fez,28,119.9062,152.6358,0.00027355,0.00027355,0.00551765,0.00805664,24.0,24.0,68.0
2025-10-28,ibm_fez,29,162.0775,56.2632,0.00028162,0.00028162,0.00225611,0.01196289,24.0,24.0,68.0
2025-10-28,ibm_fez,30,84.2307,93.5647,0.00050567,0.00050567,0.00250812,0.00671387,24.0,24.0,68.0
2025-10-28,ibm_fez,31,127.7019,78.6537,0.00070065,0.00070065,0.04890248,0.01196289,24.0,24.0,68.0
2025-10-28,ibm_fez,32,79.012,134.4249,0.00036701,0.00036701,0.1377616,0.03637695,24.0,24.0,68.0
2025-10-28,ibm_fez,33,106.4614,134.5175,0.00035568,0.00035568,0.00237734,0.01599121,24.0,24.0,68.0
2025-10-28,ibm_fez,34,172.5204,82.7225,0.00087958,0.00087958,0.00157723,0.01318359,24.0,24.0,68.0
2025-10-28,ibm_fez,35,120.606,37.9016,0.00032731,0.00032731,,0.01574707,24.0,24.0,
2025-10-28,ibm_fez,36,134.0379,113.6584,0.0006821,0.0006821,,0.00646973,24.0,24.0,
2025-10-28,ibm_fez,37,107.3314,91.0913,0.00040931,0.00040931,,0.00878906,24.0,24.0,
2025-10-28,ibm_fez,38,129.84,134.2093,0.00032488,0.00032488,,0.00939941,24.0,24.0,
2025-10-28,ibm_fez,39,61.908,82.405,0.00032305,0.00032305,,0.01940918,24.0,24.0,
2025-10-27,ibm_fez,20,73.7777,96.118,0.00036982,0.00036982,0.01153438,0.00830078,24.0,24.0,68.0
2025-10-27,ibm_fez,21,191.6211,140.0336,0.0002302,0.0002302,0.00404854,0.01098633,24.0,24.0,68.0
2025-10-27,ibm_fez,22,180.8395,145.8909,0.00016687,0.00016687,0.00298222,0.00402832,24.0,24.0,68.0
2025-10-27,ibm_fez,23,152.2977,143.1157,0.00024896,0.00024896,0.00702064,0.00537109,24.0,24.0,68.0
2025-10-27,ibm_fez,24,139.2546,138.6687,0.00120722,0.00120722,0.02604216,0.00842285,24.0,24.0,68.0
2025-10-27,ibm_fez,25,185.0765,125.5909,0.00015468,0.00015468,0.00207836,0.0111084,24.0,24.0,68.0
2025-10-27,ibm_fez,26,178.4528,105.8884,0.00024591,0.00024591,0.02789371,0.00854492,24.0,24.0,68.0
2025-10-27,ibm_fez,27,111.8122,128.9626,0.00544862,0.00544862,1.0,0.01123047,24.0,24.0,68.0
2025-10-27,ibm_fez,28,187.1942,214.0931,0.00020922,0.00020922,0.00644283,0.0065918,24.0,24.0,68.0
2025-10-27,ibm_fez,29,163.9544,48.9134,0.0002901,0.0002901,0.00290163,0.01538086,24.0,24.0,68.0
2025-10-27,ibm_fez,30,139.0887,120.5069,0.00019294,0.00019294,0.00256499,0.01025391,24.0,24.0,68.0
2025-10-27,ibm_fez,31,155.9206,66.1296,0.00038856,0.00038856,0.03838547,0.0168457,24.0,24.0,68.0
2025-10-27,ibm_fez,32,134.7165,136.3967,0.00027392,0.00027392,0.1377616,0.02746582,24.0,24.0,68.0
2025-10-27,ibm_fez,33,86.1883,100.3757,0.00040081,0.00040081,0.00211497,0.01721191,24.0,24.0,68.0
2025-10-27,ibm_fez,34,189.5469,86.1423,0.00043112,0.00043112,0.00204542,0.01428223,24.0,24.0,68.0
2025-10-27,ibm_fez,35,133.3549,53.1096,0.00025085,0.00025085,,0.01635742,24.0,24.0,
2025-10-27,ibm_fez,36,137.8806,101.8728,0.00034463,0.00034463,,0.00915527,24.0,24.0,
2025-10-27,ibm_fez,37,155.2546,164.5159,0.00022705,0.00022705,,0.00732422,24.0,24.0,
2025-10-27,ibm_fez,38,132.7777,170.228,0.00026331,0.00026331,,0.00866699,24.0,24.0,
2025-10-27,ibm_fez,39,56.7268,80.5934,0.00032305,0.00032305,,0.01330566,24.0,24.0,
2025-10-26,ibm_fez,20,73.7777,100.0179,0.00036982,0.00036982,0.01153438,0.00830078,24.0,24.0,68.0
2025-10-26,ibm_fez,21,143.6012,134.4214,0.0002302,0.0002302,0.00404854,0.01098633,24.0,24.0,68.0
2025-10-26,ibm_fez,22,82.0669,87.4363,0.00016687,0.00016687,0.00298222,0.00402832,24.0,24.0,68.0
2025-10-26,ibm_fez,23,208.0344,175.2864,0.00024896,0.00024896,0.00702064,0.00537109,24.0,24.0,68.0
2025-10-26,ibm_fez,24,100.3049,114.8692,0.00120722,0.00120722,0.02604216,0.00842285,24.0,24.0,68.0
2025-10-26,ibm_fez,25,171.6205,138.1291,0.00015468,0.00015468,0.00207836,0.0111084,24.0,24.0,68.0
2025-10-26,ibm_fez,26,130.554,94.2566,0.00024591,0.00024591,0.02789371,0.00854492,24.0,24.0,68.0
2025-10-26,ibm_fez,27,95.4193,112.1289,0.00544862,0.00544862,1.0,0.01123047,24.0,24.0,68.0
2025-10-26,ibm_fez,28,149.7982,160.4593,0.00020922,0.00020922,0.00644283,0.0065918,24.0,24.0,68.0
2025-10-26,ibm_fez,29,189.6017,32.2058,0.0002901,0.0002901,0.00290163,0.01538086,24.0,24.0,68.0
2025-10-26,ibm_fez,30,112.2886,107.9566,0.00019294,0.00019294,0.00256499,0.01025391,24.0,24.0,68.0
2025-10-26,ibm_fez,31,130.3303,66.4718,0.00038856,0.00038856,0.03838547,0.0168457,24.0,24.0,68.0
2025-10-26,ibm_fez,32,150.3134,138.4817,0.00027392,0.00027392,0.1377616,0.02746582,24.0,24.0,68.0
2025-10-26,ibm_fez,33,68.266,141.7016,0.00040081,0.00040081,0.00211497,0.01721191,24.0,24.0,68.0
2025-10-26,ibm_fez,34,170.4542,74.3923,0.00043112,0.00043112,0.00204542,0.01428223,24.0,24.0,68.0
2025-10-26,ibm_fez,35,151.8395,48.3148,0.00025085,0.00025085,,0.01635742,24.0,24.0,
2025-10-26,ibm_fez,36,83.5708,87.9438,0.00034463,0.00034463,,0.00915527,24.0,24.0,
2025-10-26,ibm_fez,37,124.806,107.7397,0.00022705,0.00022705,,0.00732422,24.0,24.0,
2025-10-26,ibm_fez,38,101.1221,115.7576,0.00026331,0.00026331,,0.00866699,24.0,24.0,
2025-10-26,ibm_fez,39,96.5769,124.5918,0.00032305,0.00032305,,0.01330566,24.0,24.0,
2025-10-25,ibm_fez,20,73.7777,100.0179,0.00036982,0.00036982,0.01153438,0.00830078,24.0,24.0,68.0
2025-10-25,ibm_fez,21,143.6012,134.4214,0.0002302,0.0002302,0.00404854,0.01098633,24.0,24.0,68.0
2025-10-25,ibm_fez,22,82.0669,87.4363,0.00016687,0.00016687,0.00298222,0.00402832,24.0,24.0,68.0
2025-10-25,ibm_fez,23,208.0344,175.2864,0.00024896,0.00024896,0.00702064,0.00537109,24.0,24.0,68.0
2025-10-25,ibm_fez,24,100.3049,114.8692,0.00120722,0.00120722,0.02604216,0.00842285,24.0,24.0,68.0
2025-10-25,ibm_fez,25,171.6205,138.1291,0.00015468,0.00015468,0.00207836,0.0111084,24.0,24.0,68.0
2025-10-25,ibm_fez,26,130.554,94.2566,0.00024591,0.00024591,0.02789371,0.00854492,24.0,24.0,68.0
2025-10-25,ibm_fez,27,95.4193,112.1289,0.00544862,0.00544862,1.0,0.01123047,24.0,24.0,68.0
2025-10-25,ibm_fez,28,149.7982,160.4593,0.00020922,0.00020922,0.00644283,0.0065918,24.0,24.0,68.0
2025-10-25,ibm_fez,29,189.6017,32.2058,0.0002901,0.0002901,0.00290163,0.01538086,24.0,24.0,68.0
2025-10-25,ibm_fez,30,112.2886,107.9566,0.00019294,0.00019294,0.00256499,0.01025391,24.0,24.0,68.0
2025-10-25,ibm_fez,31,130.3303,66.4718,0.00038856,0.00038856,0.03838547,0.0168457,24.0,24.0,68.0
2025-10-25,ibm_fez,32,150.3134,138.4817,0.00027392,0.00027392,0.1377616,0.02746582,24.0,24.0,68.0
2025-10-25,ibm_fez,33,68.266,141.7016,0.00040081,0.00040081,0.00211497,0.01721191,24.0,24.0,68.0
2025-10-25,ibm_fez,34,170.4542,74.3923,0.00043112,0.00043112,0.00204542,0.01428223,24.0,24.0,68.0
2025-10-25,ibm_fez,35,151.8395,48.3148,0.00025085,0.00025085,,0.01635742,24.0,24.0,
2025-10-25,ibm_fez,36,83.5708,87.9438,0.00034463,0.00034463,,0.00915527,24.0,24.0,
2025-10-25,ibm_fez,37,124.806,107.7397,0.00022705,0.00022705,,0.00732422,24.0,24.0,
2025-10-25,ibm_fez,38,101.1221,115.7576,0.00026331,0.00026331,,0.00866699,24.0,24.0,
2025-10-25,ibm_fez,39,96.5769,124.5918,0.00032305,0.00032305,,0.01330566,24.0,24.0,
2025-10-24,ibm_fez,20,73.7777,100.0179,0.00036982,0.00036982,0.01153438,0.00830078,24.0,24.0,68.0
2025-10-24,ibm_fez,21,143.6012,134.4214,0.0002302,0.0002302,0.00404854,0.01098633,24.0,24.0,68.0
2025-10-24,ibm_fez,22,82.0669,87.4363,0.00016687,0.00016687,0.00298222,0.00402832,24.0,24.0,68.0
2025-10-24,ibm_fez,23,208.0344,175.2864,0.00024896,0.00024896,0.00702064,0.00537109,24.0,24.0,68.0
2025-10-24,ibm_fez,24,100.3049,114.8692,0.00120722,0.00120722,0.02604216,0.00842285,24.0,24.0,68.0
2025-10-24,ibm_fez,25,171.6205,138.1291,0.00015468,0.00015468,0.00207836,0.0111084,24.0,24.0,68.0
2025-10-24,ibm_fez,26,130.554,94.2566,0.00024591,0.00024591,0.02789371,0.00854492,24.0,24.0,68.0
2025-10-24,ibm_fez,27,95.4193,112.1289,0.00544862,0.00544862,1.0,0.01123047,24.0,24.0,68.0
2025-10-24,ibm_fez,28,149.7982,160.4593,0.00020922,0.00020922,0.00644283,0.0065918,24.0,24.0,68.0
2025-10-24,ibm_fez,29,189.6017,32.2058,0.0002901,0.0002901,0.00290163,0.01538086,24.0,24.0,68.0
2025-10-24,ibm_fez,30,112.2886,107.9566,0.00019294,0.00019294,0.00256499,0.01025391,24.0,24.0,68.0
2025-10-24,ibm_fez,31,130.3303,66.4718,0.00038856,0.00038856,0.03838547,0.0168457,24.0,24.0,68.0
2025-10-24,ibm_fez,32,150.3134,138.4817,0.00027392,0.00027392,0.1377616,0.02746582,24.0,24.0,68.0
2025-10-24,ibm_fez,33,68.266,141.7016,0.00040081,0.00040081,0.00211497,0.01721191,24.0,24.0,68.0
2025-10-24,ibm_fez,34,170.4542,74.3923,0.00043112,0.00043112,0.00204542,0.01428223,24.0,24.0,68.0
2025-10-24,ibm_fez,35,151.8395,48.3148,0.00025085,0.00025085,,0.01635742,24.0,24.0,
2025-10-24,ibm_fez,36,83.5708,87.9438,0.00034463,0.00034463,,0.00915527,24.0,24.0,
2025-10-24,ibm_fez,37,124.806,107.7397,0.00022705,0.00022705,,0.00732422,24.0,24.0,
2025-10-24,ibm_fez,38,101.1221,115.7576,0.00026331,0.00026331,,0.00866699,24.0,24.0,
2025-10-24,ibm_fez,39,96.5769,124.5918,0.00032305,0.00032305,,0.01330566,24.0,24.0,
2025-10-23,ibm_fez,20,73.7777,100.0179,0.00036982,0.00036982,0.01153438,0.00830078,24.0,24.0,68.0
2025-10-23,ibm_fez,21,143.6012,134.4214,0.0002302,0.0002302,0.00404854,0.01098633,24.0,24.0,68.0
2025-10-23,ibm_fez,22,82.0669,87.4363,0.00016687,0.00016687,0.00298222,0.00402832,24.0,24.0,68.0
2025-10-23,ibm_fez,23,208.0344,175.2864,0.00024896,0.00024896,0.00702064,0.00537109,24.0,24.0,68.0
2025-10-23,ibm_fez,24,100.3049,114.8692,0.00120722,0.00120722,0.02604216,0.00842285,24.0,24.0,68.0
2025-10-23,ibm_fez,25,171.6205,138.1291,0.00015468,0.00015468,0.00207836,0.0111084,24.0,24.0,68.0
2025-10-23,ibm_fez,26,130.554,94.2566,0.00024591,0.00024591,0.02789371,0.00854492,24.0,24.0,68.0
2025-10-23,ibm_fez,27,95.4193,112.1289,0.00544862,0.00544862,1.0,0.01123047,24.0,24.0,68.0
2025-10-23,ibm_fez,28,149.7982,160.4593,0.00020922,0.00020922,0.00644283,0.0065918,24.0,24.0,68.0
2025-10-23,ibm_fez,29,189.6017,32.2058,0.0002901,0.0002901,0.00290163,0.01538086,24.0,24.0,68.0
2025-10-23,ibm_fez,30,112.2886,107.9566,0.00019294,0.00019294,0.00256499,0.01025391,24.0,24.0,68.0
2025-10-23,ibm_fez,31,130.3303,66.4718,0.00038856,0.00038856,0.03838547,0.0168457,24.0,24.0,68.0
2025-10-23,ibm_fez,32,150.3134,138.4817,0.00027392,0.00027392,0.1377616,0.02746582,24.0,24.0,68.0
2025-10-23,ibm_fez,33,68.266,141.7016,0.00040081,0.00040081,0.00211497,0.01721191,24.0,24.0,68.0
2025-10-23,ibm_fez,34,170.4542,74.3923,0.00043112,0.00043112,0.00204542,0.01428223,24.0,24.0,68.0
2025-10-23,ibm_fez,35,151.8395,48.3148,0.00025085,0.00025085,,0.01635742,24.0,24.0,
2025-10-23,ibm_fez,36,83.5708,87.9438,0.00034463,0.00034463,,0.00915527,24.0,24.0,
2025-10-23,ibm_fez,37,124.806,107.7397,0.00022705,0.00022705,,0.00732422,24.0,24.0,
2025-10-23,ibm_fez,38,101.1221,115.7576,0.00026331,0.00026331,,0.00866699,24.0,24.0,
2025-10-23,ibm_fez,39,96.5769,124.5918,0.00032305,0.00032305,,0.01330566,24.0,24.0,
2025-10-22,ibm_fez,20,73.7777,100.0179,0.00036982,0.00036982,0.01153438,0.00830078,24.0,24.0,68.0
2025-10-22,ibm_fez,21,143.6012,134.4214,0.0002302,0.0002302,0.00404854,0.01098633,24.0,24.0,68.0
2025-10-22,ibm_fez,22,82.0669,87.4363,0.00016687,0.00016687,0.00298222,0.00402832,24.0,24.0,68.0
2025-10-22,ibm_fez,23,208.0344,175.2864,0.00024896,0.00024896,0.00702064,0.00537109,24.0,24.0,68.0
2025-10-22,ibm_fez,24,100.3049,114.8692,0.00120722,0.00120722,0.02604216,0.00842285,24.0,24.0,68.0
2025-10-22,ibm_fez,25,171.6205,138.1291,0.00015468,0.00015468,0.00207836,0.0111084,24.0,24.0,68.0
2025-10-22,ibm_fez,26,130.554,94.2566,0.00024591,0.00024591,0.02789371,0.00854492,24.0,24.0,68.0
2025-10-22,ibm_fez,27,95.4193,112.1289,0.00544862,0.00544862,1.0,0.01123047,24.0,24.0,68.0
2025-10-22,ibm_fez,28,149.7982,160.4593,0.00020922,0.00020922,0.00644283,0.0065918,24.0,24.0,68.0
2025-10-22,ibm_fez,29,189.6017,32.2058,0.0002901,0.0002901,0.00290163,0.01538086,24.0,24.0,68.0
2025-10-22,ibm_fez,30,112.2886,107.9566,0.00019294,0.00019294,0.00256499,0.01025391,24.0,24.0,68.0
2025-10-22,ibm_fez,31,130.3303,66.4718,0.00038856,0.00038856,0.03838547,0.0168457,24.0,24.0,68.0
2025-10-22,ibm_fez,32,150.3134,138.4817,0.00027392,0.00027392,0.1377616,0.02746582,24.0,24.0,68.0
2025-10-22,ibm_fez,33,68.266,141.7016,0.00040081,0.00040081,0.00211497,0.01721191,24.0,24.0,68.0
2025-10-22,ibm_fez,34,170.4542,74.3923,0.00043112,0.00043112,0.00204542,0.01428223,24.0,24.0,68.0
2025-10-22,ibm_fez,35,151.8395,48.3148,0.00025085,0.00025085,,0.01635742,24.0,24.0,
2025-10-22,ibm_fez,36,83.5708,87.9438,0.00034463,0.00034463,,0.00915527,24.0,24.0,
2025-10-22,ibm_fez,37,124.806,107.7397,0.00022705,0.00022705,,0.00732422,24.0,24.0,
2025-10-22,ibm_fez,38,101.1221,115.7576,0.00026331,0.00026331,,0.00866699,24.0,24.0,
2025-10-22,ibm_fez,39,96.5769,124.5918,0.00032305,0.00032305,,0.01330566,24.0,24.0,
2025-10-21,ibm_fez,20,73.7777,100.0179,0.00036982,0.00036982,0.01153438,0.00744629,24.0,24.0,68.0
2025-10-21,ibm_fez,21,143.6012,134.4214,0.0002302,0.0002302,0.00404854,0.00866699,24.0,24.0,68.0
2025-10-21,ibm_fez,22,82.0669,87.4363,0.00016687,0.00016687,0.00298222,0.00500488,24.0,24.0,68.0
2025-10-21,ibm_fez,23,208.0344,175.2864,0.00024896,0.00024896,0.00702064,0.00622559,24.0,24.0,68.0
2025-10-21,ibm_fez,24,100.3049,114.8692,0.00120722,0.00120722,0.02604216,0.01000977,24.0,24.0,68.0
2025-10-21,ibm_fez,25,171.6205,138.1291,0.00015468,0.00015468,0.00207836,0.00769043,24.0,24.0,68.0
2025-10-21,ibm_fez,26,130.554,94.2566,0.00024591,0.00024591,0.02789371,0.00634766,24.0,24.0,68.0
2025-10-21,ibm_fez,27,95.4193,112.1289,0.00544862,0.00544862,1.0,0.00964355,24.0,24.0,68.0
2025-10-21,ibm_fez,28,149.7982,160.4593,0.00020922,0.00020922,0.00644283,0.00646973,24.0,24.0,68.0
2025-10-21,ibm_fez,29,189.6017,32.2058,0.0002901,0.0002901,0.00290163,0.01196289,24.0,24.0,68.0
2025-10-21,ibm_fez,30,112.2886,107.9566,0.00019294,0.00019294,0.00256499,0.00708008,24.0,24.0,68.0
2025-10-21,ibm_fez,31,130.3303,66.4718,0.00038856,0.00038856,0.03838547,0.0144043,24.0,24.0,68.0
2025-10-21,ibm_fez,32,150.3134,138.4817,0.00027392,0.00027392,0.1377616,0.03125,24.0,24.0,68.0
2025-10-21,ibm_fez,33,68.266,141.7016,0.00040081,0.00040081,0.00211497,0.01721191,24.0,24.0,68.0
2025-10-21,ibm_fez,34,170.4542,74.3923,0.00043112,0.00043112,0.00204542,0.01147461,24.0,24.0,68.0
2025-10-21,ibm_fez,35,151.8395,48.3148,0.00025085,0.00025085,,0.01647949,24.0,24.0,
2025-10-21,ibm_fez,36,83.5708,87.9438,0.00034463,0.00034463,,0.00830078,24.0,24.0,
2025-10-21,ibm_fez,37,124.806,107.7397,0.00022705,0.00022705,,0.0123291,24.0,24.0,
2025-10-21,ibm_fez,38,101.1221,115.7576,0.00026331,0.00026331,,0.00793457,24.0,24.0,
2025-10-21,ibm_fez,39,96.5769,124.5918,0.00032305,0.00032305,,0.01965332,24.0,24.0,
2025-10-20,ibm_fez,20,52.28,67.6283,0.00069309,0.00069309,0.00536253,0.01123047,24.0,24.0,68.0
2025-10-20,ibm_fez,21,218.1851,181.7778,0.00027312,0.00027312,0.00260414,0.00805664,24.0,24.0,68.0
2025-10-20,ibm_fez,22,172.1689,125.1568,0.00023211,0.00023211,0.0016232,0.00366211,24.0,24.0,68.0
2025-10-20,ibm_fez,23,285.8803,224.521,0.00017468,0.00017468,0.00483285,0.00500488,24.0,24.0,68.0
2025-10-20,ibm_fez,24,138.7659,146.716,0.0010678,0.0010678,0.0203375,0.0078125,24.0,24.0,68.0
2025-10-20,ibm_fez,25,188.7135,117.4138,0.00018486,0.00018486,0.00365189,0.01000977,24.0,24.0,68.0
2025-10-20,ibm_fez,26,95.9885,83.0786,0.00028646,0.00028646,0.03103126,0.0090332,24.0,24.0,68.0
2025-10-20,ibm_fez,27,126.3423,126.0927,0.0055364,0.0055364,1.0,0.00878906,24.0,24.0,68.0
2025-10-20,ibm_fez,28,167.1857,172.9668,0.00018275,0.00018275,0.00325691,0.00927734,24.0,24.0,68.0
2025-10-20,ibm_fez,29,189.6017,53.2857,0.0001766,0.0001766,0.00203625,0.01403809,24.0,24.0,68.0
2025-10-20,ibm_fez,30,154.408,131.9061,0.00016345,0.00016345,0.00402381,0.00598145,24.0,24.0,68.0
2025-10-20,ibm_fez,31,156.5731,73.6861,0.00041904,0.00041904,0.03013962,0.01318359,24.0,24.0,68.0
2025-10-20,ibm_fez,32,116.9152,145.0178,0.00036718,0.00036718,1.0,0.03039551,24.0,24.0,68.0
2025-10-20,ibm_fez,33,63.1062,70.3479,0.00028788,0.00028788,0.00258496,0.0168457,24.0,24.0,68.0
2025-10-20,ibm_fez,34,120.017,73.6853,0.00033079,0.00033079,0.00192285,0.01953125,24.0,24.0,68.0
2025-10-20,ibm_fez,35,220.3523,51.1267,0.00015905,0.00015905,,0.01318359,24.0,24.0,
2025-10-20,ibm_fez,36,142.7429,80.0338,0.00037813,0.00037813,,0.01037598,24.0,24.0,
2025-10-20,ibm_fez,37,180.4629,176.7414,0.00036631,0.00036631,,0.00939941,24.0,24.0,
2025-10-20,ibm_fez,38,158.7688,195.4026,0.00036658,0.00036658,,0.00927734,24.0,24.0,
2025-10-20,ibm_fez,39,136.6162,158.8648,0.00021603,0.00021603,,0.01550293,24.0,24.0,
2025-10-19,ibm_fez,20,165.2613,198.7129,0.00028649,0.00028649,0.00376359,0.00805664,24.0,24.0,68.0
2025-10-19,ibm_fez,21,206.097,166.1476,0.00020289,0.00020289,0.00261036,0.00695801,24.0,24.0,68.0
2025-10-19,ibm_fez,22,170.7863,127.0563,0.00015752,0.00015752,0.0015918,0.00500488,24.0,24.0,68.0
2025-10-19,ibm_fez,23,255.3408,190.1717,0.00015971,0.00015971,0.00218121,0.00537109,24.0,24.0,68.0
2025-10-19,ibm_fez,24,166.3496,175.7175,0.00079267,0.00079267,0.00838505,0.00866699,24.0,24.0,68.0
2025-10-19,ibm_fez,25,127.706,119.5539,0.00022108,0.00022108,0.00302474,0.01062012,24.0,24.0,68.0
2025-10-19,ibm_fez,26,130.2477,91.2447,0.00026231,0.00026231,0.03023411,0.00671387,24.0,24.0,68.0
2025-10-19,ibm_fez,27,90.4143,77.8575,0.00446071,0.00446071,1.0,0.00756836,24.0,24.0,68.0
2025-10-19,ibm_fez,28,209.6953,215.9678,0.00027674,0.00027674,0.00385406,0.0078125,24.0,24.0,68.0
2025-10-19,ibm_fez,29,78.9433,35.556,0.00024612,0.00024612,0.00195566,0.01281738,24.0,24.0,68.0
2025-10-19,ibm_fez,30,74.284,72.4348,0.00031293,0.00031293,0.00253823,0.00756836,24.0,24.0,68.0
2025-10-19,ibm_fez,31,187.8624,75.5335,0.00051238,0.00051238,0.03237348,0.01477051,24.0,24.0,68.0
2025-10-19,ibm_fez,32,99.6709,132.2452,0.00047061,0.00047061,1.0,0.02624512,24.0,24.0,68.0
2025-10-19,ibm_fez,33,105.148,181.0053,0.00029749,0.00029749,0.0023543,0.01416016,24.0,24.0,68.0
2025-10-19,ibm_fez,34,167.5066,73.7859,0.00048109,0.00048109,0.00171582,0.01025391,24.0,24.0,68.0
2025-10-19,ibm_fez,35,126.2961,45.8516,0.00020095,0.00020095,,0.01525879,24.0,24.0,
2025-10-19,ibm_fez,36,158.5772,135.6251,0.00048072,0.00048072,,0.00817871,24.0,24.0,
2025-10-19,ibm_fez,37,199.3399,198.1211,0.00038744,0.00038744,,0.01123047,24.0,24.0,
2025-10-19,ibm_fez,38,164.7389,209.7647,0.000186,0.000186,,0.00708008,24.0,24.0,
2025-10-19,ibm_fez,39,64.1293,82.3639,0.00033794,0.00033794,,0.01611328,24.0,24.0,
2025-10-18,ibm_fez,20,107.6719,124.6933,0.00023254,0.00023254,0.00401265,0.0090332,24.0,24.0,68.0
2025-10-18,ibm_fez,21,162.4822,135.8046,0.00021995,0.00021995,0.00262277,0.00622559,24.0,24.0,68.0
2025-10-18,ibm_fez,22,164.9157,130.9977,0.00017573,0.00017573,0.00198995,0.02282715,24.0,24.0,68.0
2025-10-18,ibm_fez,23,189.9166,179.1109,0.00021066,0.00021066,0.00639265,0.00427246,24.0,24.0,68.0
2025-10-18,ibm_fez,24,115.1013,138.1548,0.0008449,0.0008449,0.02297491,0.0111084,24.0,24.0,68.0
2025-10-18,ibm_fez,25,48.0144,62.686,0.00022155,0.00022155,0.00240074,0.01196289,24.0,24.0,68.0
2025-10-18,ibm_fez,26,97.6328,67.744,0.0003838,0.0003838,0.02698419,0.00891113,24.0,24.0,68.0
2025-10-18,ibm_fez,27,84.6948,105.5886,0.00481245,0.00481245,1.0,0.01269531,24.0,24.0,68.0
2025-10-18,ibm_fez,28,205.8293,245.2194,0.00021238,0.00021238,0.0041782,0.01257324,24.0,24.0,68.0
2025-10-18,ibm_fez,29,133.9989,44.547,0.00024049,0.00024049,0.00194044,0.01208496,24.0,24.0,68.0
2025-10-18,ibm_fez,30,64.745,63.3701,0.00028372,0.00028372,0.00251196,0.01171875,24.0,24.0,68.0
2025-10-18,ibm_fez,31,74.8,53.6115,0.00033661,0.00033661,0.0446358,0.01293945,24.0,24.0,68.0
2025-10-18,ibm_fez,32,136.5524,150.5061,0.00025188,0.00025188,1.0,0.05895996,24.0,24.0,68.0
2025-10-18,ibm_fez,33,77.6352,121.3996,0.00022233,0.00022233,0.00262877,0.015625,24.0,24.0,68.0
2025-10-18,ibm_fez,34,123.381,67.9888,0.00029475,0.00029475,0.00205952,0.01049805,24.0,24.0,68.0
2025-10-18,ibm_fez,35,97.5242,40.5802,0.00021742,0.00021742,,0.01147461,24.0,24.0,
2025-10-18,ibm_fez,36,159.9032,19.8317,0.00039286,0.00039286,,0.00683594,24.0,24.0,
2025-10-18,ibm_fez,37,192.234,177.117,0.00030219,0.00030219,,0.00878906,24.0,24.0,
2025-10-18,ibm_fez,38,71.8975,98.1339,0.0003276,0.0003276,,0.00793457,24.0,24.0,
2025-10-18,ibm_fez,39,60.7123,74.5648,0.00048934,0.00048934,,0.01269531,24.0,24.0,
2025-10-17,ibm_fez,20,178.3317,195.1993,0.00026056,0.00026056,0.00287366,0.02282715,24.0,24.0,68.0
2025-10-17,ibm_fez,21,156.9447,160.9781,0.00021191,0.00021191,0.00241781,0.00939941,24.0,24.0,68.0
2025-10-17,ibm_fez,22,187.4278,149.5286,0.00023738,0.00023738,0.00165345,0.00622559,24.0,24.0,68.0
2025-10-17,ibm_fez,23,239.3102,252.2977,0.00021066,0.00021066,0.0055479,0.00744629,24.0,24.0,68.0
2025-10-17,ibm_fez,24,161.1415,162.0214,0.00148553,0.00148553,0.02734781,0.0098877,24.0,24.0,68.0
2025-10-17,ibm_fez,25,167.5107,122.1395,0.00016159,0.00016159,0.00237395,0.00915527,24.0,24.0,68.0
2025-10-17,ibm_fez,26,86.1315,68.8115,0.00035268,0.00035268,0.03575732,0.00732422,24.0,24.0,68.0
2025-10-17,ibm_fez,27,128.0509,142.0842,0.00523075,0.00523075,1.0,0.01208496,24.0,24.0,68.0
2025-10-17,ibm_fez,28,196.4688,145.564,0.00036701,0.00036701,0.00432861,0.00830078,24.0,24.0,68.0
2025-10-17,ibm_fez,29,199.5117,86.148,0.00024816,0.00024816,0.00398946,0.00842285,24.0,24.0,68.0
2025-10-17,ibm_fez,30,130.5212,129.7183,0.00055304,0.00055304,0.00450361,0.00817871,24.0,24.0,68.0
2025-10-17,ibm_fez,31,151.041,80.5485,0.0004212,0.0004212,0.03908665,0.01159668,24.0,24.0,68.0
2025-10-17,ibm_fez,32,143.1517,145.5855,0.00031921,0.00031921,1.0,0.02770996,24.0,24.0,68.0
2025-10-17,ibm_fez,33,89.1819,153.5367,0.00043171,0.00043171,0.00219763,0.01757812,24.0,24.0,68.0
2025-10-17,ibm_fez,34,64.8173,49.6989,0.00032526,0.00032526,0.00173797,0.01293945,24.0,24.0,68.0
2025-10-17,ibm_fez,35,194.8433,53.3044,0.00021584,0.00021584,,0.01306152,24.0,24.0,
2025-10-17,ibm_fez,36,159.9032,121.9615,0.00044023,0.00044023,,0.00720215,24.0,24.0,
2025-10-17,ibm_fez,37,168.9133,159.027,0.00019362,0.00019362,,0.01074219,24.0,24.0,
2025-10-17,ibm_fez,38,156.3708,151.4231,0.00024351,0.00024351,,0.00695801,24.0,24.0,
2025-10-17,ibm_fez,39,70.2209,102.7715,0.00042748,0.00042748,,0.0144043,24.0,24.0,
2025-10-16,ibm_fez,20,159.2915,191.6283,0.00045662,0.00045662,0.00306503,0.01306152,24.0,24.0,68.0
2025-10-16,ibm_fez,21,260.2011,202.2986,0.00024484,0.00024484,0.00206268,0.01037598,24.0,24.0,68.0
2025-10-16,ibm_fez,22,160.5663,129.721,0.00022263,0.00022263,0.001544,0.00524902,24.0,24.0,68.0
2025-10-16,ibm_fez,23,211.9067,195.3277,0.00025682,0.00025682,0.00923754,0.00488281,24.0,24.0,68.0
2025-10-16,ibm_fez,24,155.1332,171.1815,0.00161631,0.00161631,0.03142856,0.01269531,24.0,24.0,68.0
2025-10-16,ibm_fez,25,242.4564,189.4348,0.0001977,0.0001977,0.00231792,0.02075195,24.0,24.0,68.0
2025-10-16,ibm_fez,26,141.6397,101.5466,0.00029858,0.00029858,0.02960578,0.01403809,24.0,24.0,68.0
2025-10-16,ibm_fez,27,107.1097,112.474,0.00751361,0.00751361,1.0,0.02111816,24.0,24.0,68.0
2025-10-16,ibm_fez,28,190.6788,189.2397,0.00026063,0.00026063,0.0035608,0.00744629,24.0,24.0,68.0
2025-10-16,ibm_fez,29,220.0308,47.355,0.00024138,0.00024138,0.00202647,0.01391602,24.0,24.0,68.0
2025-10-16,ibm_fez,30,143.815,130.2582,0.0002576,0.0002576,0.00306838,0.01135254,24.0,24.0,68.0
2025-10-16,ibm_fez,31,180.8544,69.1263,0.00051864,0.00051864,0.03269696,0.0168457,24.0,24.0,68.0
2025-10-16,ibm_fez,32,177.7035,127.8329,0.0003165,0.0003165,1.0,0.03137207,24.0,24.0,68.0
2025-10-16,ibm_fez,33,70.8351,151.3814,0.00033535,0.00033535,0.00238517,0.01599121,24.0,24.0,68.0
2025-10-16,ibm_fez,34,162.7347,72.2201,0.00048366,0.00048366,0.00160274,0.00915527,24.0,24.0,68.0
2025-10-16,ibm_fez,35,183.6184,46.5149,0.00022299,0.00022299,,0.01281738,24.0,24.0,
2025-10-16,ibm_fez,36,126.8589,22.4205,0.00063566,0.00063566,,0.00891113,24.0,24.0,
2025-10-16,ibm_fez,37,119.606,142.524,0.00030941,0.00030941,,0.0098877,24.0,24.0,
2025-10-16,ibm_fez,38,144.3524,196.8782,0.00023162,0.00023162,,0.00915527,24.0,24.0,
2025-10-16,ibm_fez,39,60.4253,79.5294,0.00041128,0.00041128,,0.01831055,24.0,24.0,
2025-10-15,ibm_fez,20,182.0245,214.4168,0.0003971,0.0003971,0.00306503,0.25830078,24.0,24.0,68.0
2025-10-15,ibm_fez,21,207.4126,165.2443,0.00023933,0.00023933,0.00210612,0.01843262,24.0,24.0,68.0
2025-10-15,ibm_fez,22,150.2502,129.7976,0.00013848,0.00013848,0.00152029,0.00537109,24.0,24.0,68.0
2025-10-15,ibm_fez,23,224.8293,235.1957,0.00020977,0.00020977,0.00613247,0.00463867,24.0,24.0,68.0
2025-10-15,ibm_fez,24,130.4939,143.9959,0.00111655,0.00111655,0.01979537,0.01184082,24.0,24.0,68.0
2025-10-15,ibm_fez,25,170.8452,118.4002,0.00014245,0.00014245,0.00247024,0.01794434,24.0,24.0,68.0
2025-10-15,ibm_fez,26,136.2725,101.1616,0.00022811,0.00022811,0.03103765,0.01281738,24.0,24.0,68.0
2025-10-15,ibm_fez,27,122.4452,132.4618,0.00498473,0.00498473,1.0,0.01818848,24.0,24.0,68.0
2025-10-15,ibm_fez,28,125.8673,146.9084,0.00020556,0.00020556,0.00322233,0.0078125,24.0,24.0,68.0
2025-10-15,ibm_fez,29,221.0047,51.1114,0.00020253,0.00020253,0.00212203,0.01342773,24.0,24.0,68.0
2025-10-15,ibm_fez,30,124.3824,110.1103,0.00026358,0.00026358,0.0027662,0.00866699,24.0,24.0,68.0
2025-10-15,ibm_fez,31,111.9025,50.1959,0.00033694,0.00033694,0.05937875,0.01416016,24.0,24.0,68.0
2025-10-15,ibm_fez,32,78.1426,68.1372,0.00137602,0.00137602,1.0,0.03320312,24.0,24.0,68.0
2025-10-15,ibm_fez,33,103.6471,153.8686,0.0002614,0.0002614,0.00229172,0.02038574,24.0,24.0,68.0
2025-10-15,ibm_fez,34,150.3868,76.1618,0.00043448,0.00043448,0.00202675,0.01037598,24.0,24.0,68.0
2025-10-15,ibm_fez,35,154.0494,47.4297,0.00023179,0.00023179,,0.01477051,24.0,24.0,
2025-10-15,ibm_fez,36,126.8589,99.8121,0.00040331,0.00040331,,0.00622559,24.0,24.0,
2025-10-15,ibm_fez,37,176.597,188.2504,0.0002298,0.0002298,,0.01049805,24.0,24.0,
2025-10-15,ibm_fez,38,110.3404,115.5725,0.00033441,0.00033441,,0.0065918,24.0,24.0,
2025-10-15,ibm_fez,39,79.5745,107.4294,0.0004613,0.0004613,,0.01708984,24.0,24.0,
2025-10-14,ibm_fez,20,182.8694,167.0356,0.00068117,0.00068117,0.00390865,0.01159668,24.0,24.0,68.0
2025-10-14,ibm_fez,21,145.9134,141.4187,0.00016794,0.00016794,0.00258,0.01062012,24.0,24.0,68.0
2025-10-14,ibm_fez,22,179.2013,38.4666,0.0001734,0.0001734,0.00171271,0.00476074,24.0,24.0,68.0
2025-10-14,ibm_fez,23,228.3381,207.7744,0.00020955,0.00020955,0.01032734,0.00720215,24.0,24.0,68.0
2025-10-14,ibm_fez,24,161.569,187.5995,0.00110073,0.00110073,0.03513337,0.01245117,24.0,24.0,68.0
2025-10-14,ibm_fez,25,188.1229,125.001,0.00016961,0.00016961,0.00185821,0.01953125,24.0,24.0,68.0
2025-10-14,ibm_fez,26,182.7346,109.7682,0.00021914,0.00021914,0.02980685,0.01489258,24.0,24.0,68.0
2025-10-14,ibm_fez,27,103.6987,111.2496,0.00598686,0.00598686,1.0,0.01831055,24.0,24.0,68.0
2025-10-14,ibm_fez,28,175.7868,163.3336,0.00032571,0.00032571,0.00338858,0.01062012,24.0,24.0,68.0
2025-10-14,ibm_fez,29,154.2278,49.0216,0.00025902,0.00025902,0.00232695,0.01074219,24.0,24.0,68.0
2025-10-14,ibm_fez,30,121.4472,110.2142,0.00076266,0.00076266,0.00284338,0.00817871,24.0,24.0,68.0
2025-10-14,ibm_fez,31,134.3558,63.6308,0.00042584,0.00042584,0.03520274,0.01696777,24.0,24.0,68.0
2025-10-14,ibm_fez,32,134.4581,133.0216,0.00038138,0.00038138,1.0,0.03295898,24.0,24.0,68.0
2025-10-14,ibm_fez,33,110.0523,148.2939,0.00050451,0.00050451,0.00206467,0.01721191,24.0,24.0,68.0
2025-10-14,ibm_fez,34,134.6117,73.5496,0.00043448,0.00043448,0.00198472,0.01196289,24.0,24.0,68.0
2025-10-14,ibm_fez,35,187.8966,47.2773,0.00205385,0.00205385,,0.01391602,24.0,24.0,
2025-10-14,ibm_fez,36,174.805,140.0815,0.00054174,0.00054174,,0.01452637,24.0,24.0,
2025-10-14,ibm_fez,37,172.4071,187.5704,0.0002578,0.0002578,,0.01123047,24.0,24.0,
2025-10-14,ibm_fez,38,152.1912,167.4635,0.00031108,0.00031108,,0.00939941,24.0,24.0,
2025-10-14,ibm_fez,39,66.0861,94.0879,0.00067575,0.00067575,,0.01843262,24.0,24.0,
2025-10-13,ibm_fez,20,182.8694,167.0356,0.00025182,0.00025182,0.0034731,0.0111084,24.0,24.0,68.0
2025-10-13,ibm_fez,21,145.9134,141.4187,0.00015671,0.00015671,0.00203969,0.00891113,24.0,24.0,68.0
2025-10-13,ibm_fez,22,179.2013,38.4666,0.00017104,0.00017104,0.0015588,0.00488281,24.0,24.0,68.0
2025-10-13,ibm_fez,23,228.3381,207.7744,0.0002204,0.0002204,0.00481841,0.00390625,24.0,24.0,68.0
2025-10-13,ibm_fez,24,161.569,187.5995,0.00102245,0.00102245,0.01874456,0.01257324,24.0,24.0,68.0
2025-10-13,ibm_fez,25,188.1229,125.001,0.00022295,0.00022295,0.00259088,0.02099609,24.0,24.0,68.0
2025-10-13,ibm_fez,26,182.7346,109.7682,0.0002357,0.0002357,0.02967992,0.0135498,24.0,24.0,68.0
2025-10-13,ibm_fez,27,103.6987,111.2496,0.00445004,0.00445004,1.0,0.03259277,24.0,24.0,68.0
2025-10-13,ibm_fez,28,175.7868,163.3336,0.00021733,0.00021733,0.00355675,0.00549316,24.0,24.0,68.0
2025-10-13,ibm_fez,29,154.2278,49.0216,0.00033328,0.00033328,0.00202956,0.01086426,24.0,24.0,68.0
2025-10-13,ibm_fez,30,121.4472,110.2142,0.00022948,0.00022948,0.00233952,0.00708008,24.0,24.0,68.0
2025-10-13,ibm_fez,31,134.3558,63.6308,0.00031237,0.00031237,0.03107165,0.01989746,24.0,24.0,68.0
2025-10-13,ibm_fez,32,134.4581,133.0216,0.00023329,0.00023329,1.0,0.03308105,24.0,24.0,68.0
2025-10-13,ibm_fez,33,110.0523,148.2939,0.00036346,0.00036346,0.00288165,0.01953125,24.0,24.0,68.0
2025-10-13,ibm_fez,34,134.6117,73.5496,0.00067048,0.00067048,0.00233128,0.01208496,24.0,24.0,68.0
2025-10-13,ibm_fez,35,187.8966,47.2773,0.00020662,0.00020662,,0.01916504,24.0,24.0,
2025-10-13,ibm_fez,36,174.805,140.0815,0.00019779,0.00019779,,0.0045166,24.0,24.0,
2025-10-13,ibm_fez,37,172.4071,187.5704,0.00025017,0.00025017,,0.0111084,24.0,24.0,
2025-10-13,ibm_fez,38,152.1912,167.4635,0.00033798,0.00033798,,0.00976562,24.0,24.0,
2025-10-13,ibm_fez,39,66.0861,94.0879,0.00044043,0.00044043,,0.01867676,24.0,24.0,
2025-10-12,ibm_fez,20,217.6637,257.5367,0.0005175,0.0005175,0.00401591,0.01196289,24.0,24.0,68.0
2025-10-12,ibm_fez,21,234.1177,148.9226,0.00022928,0.00022928,0.00222839,0.00976562,24.0,24.0,68.0
2025-10-12,ibm_fez,22,179.2013,137.2989,0.00021203,0.00021203,0.00145952,0.00537109,24.0,24.0,68.0
2025-10-12,ibm_fez,23,235.0724,206.6143,0.00024553,0.00024553,0.00455196,0.00488281,24.0,24.0,68.0
2025-10-12,ibm_fez,24,146.1001,169.3183,0.0011075,0.0011075,0.01929181,0.01220703,24.0,24.0,68.0
2025-10-12,ibm_fez,25,172.0911,125.5036,0.00012377,0.00012377,0.0020545,0.01977539,24.0,24.0,68.0
2025-10-12,ibm_fez,26,175.9431,99.906,0.00023434,0.00023434,0.03414595,0.01306152,24.0,24.0,68.0
2025-10-12,ibm_fez,27,94.1902,111.8409,0.00535093,0.00535093,1.0,0.02258301,24.0,24.0,68.0
2025-10-12,ibm_fez,28,182.3263,174.891,0.00023619,0.00023619,0.00354804,0.00842285,24.0,24.0,68.0
2025-10-12,ibm_fez,29,166.8117,57.4272,0.00029525,0.00029525,0.00239728,0.01330566,24.0,24.0,68.0
2025-10-12,ibm_fez,30,122.6007,79.7377,0.00015918,0.00015918,0.00273615,0.0090332,24.0,24.0,68.0
2025-10-12,ibm_fez,31,104.436,61.9171,0.00046056,0.00046056,0.03588822,0.01293945,24.0,24.0,68.0
2025-10-12,ibm_fez,32,134.4581,135.4271,0.00040336,0.00040336,1.0,0.03515625,24.0,24.0,68.0
2025-10-12,ibm_fez,33,76.6111,147.6993,0.00050322,0.00050322,0.00258799,0.01855469,24.0,24.0,68.0
2025-10-12,ibm_fez,34,139.01,63.2433,0.00030221,0.00030221,0.00158674,0.01367188,24.0,24.0,68.0
2025-10-12,ibm_fez,35,188.6937,36.715,0.00016035,0.00016035,,0.0177002,24.0,24.0,
2025-10-12,ibm_fez,36,140.8937,102.454,0.00031742,0.00031742,,0.00793457,24.0,24.0,
2025-10-12,ibm_fez,37,163.1774,211.032,0.0005166,0.0005166,,0.01184082,24.0,24.0,
2025-10-12,ibm_fez,38,109.4959,126.7346,0.00029503,0.00029503,,0.0111084,24.0,24.0,
2025-10-12,ibm_fez,39,150.3838,185.1622,0.00051614,0.00051614,,0.01318359,24.0,24.0,
2025-10-11,ibm_fez,20,163.8126,169.1379,0.00097875,0.00097875,0.01359067,0.11889648,24.0,24.0,68.0
2025-10-11,ibm_fez,21,225.4415,203.8399,0.00021595,0.00021595,0.00222379,0.01074219,24.0,24.0,68.0
2025-10-11,ibm_fez,22,197.0377,150.0979,0.00013701,0.00013701,0.00155587,0.0057373,24.0,24.0,68.0
2025-10-11,ibm_fez,23,177.2671,130.2201,0.00013592,0.00013592,0.00528115,0.00817871,24.0,24.0,68.0
2025-10-11,ibm_fez,24,151.9393,161.9804,0.00103058,0.00103058,0.02296997,0.01147461,24.0,24.0,68.0
2025-10-11,ibm_fez,25,181.8833,146.3102,0.00014994,0.00014994,0.00255978,0.02331543,24.0,24.0,68.0
2025-10-11,ibm_fez,26,84.5824,75.4524,0.00027752,0.00027752,0.03095923,0.02050781,24.0,24.0,68.0
2025-10-11,ibm_fez,27,106.8025,117.5313,0.00329155,0.00329155,1.0,0.06811523,24.0,24.0,68.0
2025-10-11,ibm_fez,28,123.1945,126.8697,0.00029256,0.00029256,0.00352819,0.00805664,24.0,24.0,68.0
2025-10-11,ibm_fez,29,144.1757,54.222,0.00021187,0.00021187,0.00214568,0.01379395,24.0,24.0,68.0
2025-10-11,ibm_fez,30,158.9574,130.663,0.00020731,0.00020731,0.00243784,0.00817871,24.0,24.0,68.0
2025-10-11,ibm_fez,31,124.1593,45.4674,0.00044758,0.00044758,0.07250245,0.01391602,24.0,24.0,68.0
2025-10-11,ibm_fez,32,101.3192,121.9364,0.00069904,0.00069904,1.0,0.03637695,24.0,24.0,68.0
2025-10-11,ibm_fez,33,76.6111,145.6969,0.00031418,0.00031418,0.00239892,0.01904297,24.0,24.0,68.0
2025-10-11,ibm_fez,34,70.8866,56.4624,0.00087124,0.00087124,0.0034653,0.01220703,24.0,24.0,68.0
2025-10-11,ibm_fez,35,118.4662,44.4365,0.00078685,0.00078685,,0.01525879,24.0,24.0,
2025-10-11,ibm_fez,36,121.2861,107.594,0.00038704,0.00038704,,0.00744629,24.0,24.0,
2025-10-11,ibm_fez,37,163.5259,201.3945,0.00025385,0.00025385,,0.01000977,24.0,24.0,
2025-10-11,ibm_fez,38,139.5731,160.194,0.00039532,0.00039532,,0.0090332,24.0,24.0,
2025-10-11,ibm_fez,39,119.5161,143.2405,0.00042791,0.00042791,,0.01379395,24.0,24.0,
2025-10-10,ibm_fez,20,163.1666,183.6601,0.00035768,0.00035768,0.00370727,0.01062012,24.0,24.0,68.0
2025-10-10,ibm_fez,21,126.8448,135.8489,0.00028647,0.00028647,0.00205829,0.0111084,24.0,24.0,68.0
2025-10-10,ibm_fez,22,216.322,129.8605,0.00019256,0.00019256,0.00149273,0.00646973,24.0,24.0,68.0
2025-10-10,ibm_fez,23,251.5099,201.2117,0.00013544,0.00013544,0.01082107,0.00585938,24.0,24.0,68.0
2025-10-10,ibm_fez,24,197.9288,182.5536,0.00093231,0.00093231,0.03941203,0.01147461,24.0,24.0,68.0
2025-10-10,ibm_fez,25,194.1601,139.6765,0.00025108,0.00025108,0.00274635,0.01879883,24.0,24.0,68.0
2025-10-10,ibm_fez,26,185.2272,120.8638,0.00029444,0.00029444,0.02743379,0.02038574,24.0,24.0,68.0
2025-10-10,ibm_fez,27,95.0611,87.3743,0.00505798,0.00505798,1.0,0.01550293,24.0,24.0,68.0
2025-10-10,ibm_fez,28,176.5645,175.0861,0.00015918,0.00015918,0.0038774,0.00744629,24.0,24.0,68.0
2025-10-10,ibm_fez,29,156.2787,46.7749,0.00021354,0.00021354,0.00202826,0.01171875,24.0,24.0,68.0
2025-10-10,ibm_fez,30,137.881,110.3225,0.00035414,0.00035414,0.00278255,0.00854492,24.0,24.0,68.0
2025-10-10,ibm_fez,31,172.0181,81.8095,0.00036946,0.00036946,0.03843441,0.01647949,24.0,24.0,68.0
2025-10-10,ibm_fez,32,161.5917,159.6002,0.00051558,0.00051558,1.0,0.03381348,24.0,24.0,68.0
2025-10-10,ibm_fez,33,76.6111,119.6328,0.00030815,0.00030815,0.00216864,0.01672363,24.0,24.0,68.0
2025-10-10,ibm_fez,34,167.3225,71.9327,0.00048492,0.00048492,0.00209458,0.01220703,24.0,24.0,68.0
2025-10-10,ibm_fez,35,179.3987,49.1223,0.00029373,0.00029373,,0.015625,24.0,24.0,
2025-10-10,ibm_fez,36,173.7628,129.6422,0.0004348,0.0004348,,0.00646973,24.0,24.0,
2025-10-10,ibm_fez,37,179.0401,189.9322,0.00036761,0.00036761,,0.01123047,24.0,24.0,
2025-10-10,ibm_fez,38,93.1854,123.3405,0.00042372,0.00042372,,0.00878906,24.0,24.0,
2025-10-10,ibm_fez,39,98.7759,131.6816,0.00057583,0.00057583,,0.01379395,24.0,24.0,
2025-10-09,ibm_fez,20,216.9061,108.268,0.00026105,0.00026105,0.00390686,0.01391602,24.0,24.0,68.0
2025-10-09,ibm_fez,21,241.5704,69.8261,0.00018406,0.00018406,0.00203144,0.0090332,24.0,24.0,68.0
2025-10-09,ibm_fez,22,201.9817,138.8477,0.00017478,0.00017478,0.00169675,0.00463867,24.0,24.0,68.0
2025-10-09,ibm_fez,23,225.8736,244.4967,0.0002368,0.0002368,0.01485409,0.00463867,24.0,24.0,68.0
2025-10-09,ibm_fez,24,195.3793,200.2763,0.00114165,0.00114165,0.03489149,0.01489258,24.0,24.0,68.0
2025-10-09,ibm_fez,25,190.0019,160.9247,0.00023907,0.00023907,0.00200694,0.01660156,24.0,24.0,68.0
2025-10-09,ibm_fez,26,94.13,86.4489,0.00025265,0.00025265,0.02843711,0.01513672,24.0,24.0,68.0
2025-10-09,ibm_fez,27,141.1905,137.3957,0.00546369,0.00546369,1.0,0.01391602,24.0,24.0,68.0
2025-10-09,ibm_fez,28,165.6817,158.3802,0.0001909,0.0001909,0.00339057,0.00646973,24.0,24.0,68.0
2025-10-09,ibm_fez,29,224.5627,56.3956,0.0002385,0.0002385,0.00170765,0.01281738,24.0,24.0,68.0
2025-10-09,ibm_fez,30,155.7604,117.9226,0.00024093,0.00024093,0.00292568,0.0078125,24.0,24.0,68.0
2025-10-09,ibm_fez,31,142.523,70.2676,0.00053117,0.00053117,0.02972078,0.01635742,24.0,24.0,68.0
2025-10-09,ibm_fez,32,148.8411,181.4259,0.00036182,0.00036182,1.0,0.03662109,24.0,24.0,68.0
2025-10-09,ibm_fez,33,54.0728,67.8433,0.00035224,0.00035224,0.00222515,0.04980469,24.0,24.0,68.0
2025-10-09,ibm_fez,34,169.961,77.32,0.0003966,0.0003966,0.00174312,0.01428223,24.0,24.0,68.0
2025-10-09,ibm_fez,35,173.725,47.9193,0.00026892,0.00026892,,0.05725098,24.0,24.0,
2025-10-09,ibm_fez,36,163.1037,124.2579,0.00049385,0.00049385,,0.00671387,24.0,24.0,
2025-10-09,ibm_fez,37,146.9172,192.2489,0.00034171,0.00034171,,0.01025391,24.0,24.0,
2025-10-09,ibm_fez,38,99.1324,62.6495,0.00031062,0.00031062,,0.00708008,24.0,24.0,
2025-10-09,ibm_fez,39,40.0959,58.8733,0.00057533,0.00057533,,0.0168457,24.0,24.0,
2025-10-08,ibm_fez,20,216.9061,86.1584,0.00026105,0.00026105,0.00392756,0.01025391,24.0,24.0,68.0
2025-10-08,ibm_fez,21,241.5704,206.5893,0.00032082,0.00032082,0.00269186,0.00671387,24.0,24.0,68.0
2025-10-08,ibm_fez,22,146.9283,121.5575,0.00028819,0.00028819,0.00178627,0.00512695,24.0,24.0,68.0
2025-10-08,ibm_fez,23,267.2271,208.0282,0.00020325,0.00020325,0.00817515,0.00622559,24.0,24.0,68.0
2025-10-08,ibm_fez,24,174.7842,207.9947,0.00090799,0.00090799,0.02187646,0.01696777,24.0,24.0,68.0
2025-10-08,ibm_fez,25,151.2607,99.1938,0.00028074,0.00028074,0.0026836,0.02453613,24.0,24.0,68.0
2025-10-08,ibm_fez,26,41.1518,45.8867,0.00025891,0.00025891,0.02756438,0.01611328,24.0,24.0,68.0
2025-10-08,ibm_fez,27,119.4228,136.9707,0.00376234,0.00376234,1.0,0.02197266,24.0,24.0,68.0
2025-10-08,ibm_fez,28,153.8141,166.7051,0.0002624,0.0002624,0.00362876,0.00830078,24.0,24.0,68.0
2025-10-08,ibm_fez,29,139.2833,48.9745,0.00035484,0.00035484,0.00232569,0.01318359,24.0,24.0,68.0
2025-10-08,ibm_fez,30,123.9583,120.2086,0.00029402,0.00029402,0.00276667,0.00769043,24.0,24.0,68.0
2025-10-08,ibm_fez,31,145.6509,60.1337,0.00042624,0.00042624,0.03612927,0.01513672,24.0,24.0,68.0
2025-10-08,ibm_fez,32,144.3022,153.0145,0.00043822,0.00043822,1.0,0.0378418,24.0,24.0,68.0
2025-10-08,ibm_fez,33,83.8471,149.757,0.00036711,0.00036711,0.00249963,0.01928711,24.0,24.0,68.0
2025-10-08,ibm_fez,34,121.4105,59.3153,0.0003966,0.0003966,0.00174312,0.01293945,24.0,24.0,68.0
2025-10-08,ibm_fez,35,178.8915,49.4577,0.00023809,0.00023809,,0.01745605,24.0,24.0,
2025-10-08,ibm_fez,36,169.2351,131.8357,0.00035011,0.00035011,,0.00512695,24.0,24.0,
2025-10-08,ibm_fez,37,144.7686,143.1019,0.00024595,0.00024595,,0.01013184,24.0,24.0,
2025-10-08,ibm_fez,38,99.1324,127.0446,0.00037247,0.00037247,,0.01013184,24.0,24.0,
2025-10-08,ibm_fez,39,126.94,100.9143,0.0006485,0.0006485,,0.01855469,24.0,24.0,
2025-10-07,ibm_fez,20,216.9061,235.7804,0.00027746,0.00027746,0.0040541,0.01269531,24.0,24.0,68.0
2025-10-07,ibm_fez,21,198.0506,172.4421,0.00031285,0.00031285,0.00429851,0.00830078,24.0,24.0,68.0
2025-10-07,ibm_fez,22,182.5959,117.9695,0.00026041,0.00026041,0.00247684,0.00610352,24.0,24.0,68.0
2025-10-07,ibm_fez,23,232.8963,205.3303,0.00014793,0.00014793,0.00861579,0.00585938,24.0,24.0,68.0
2025-10-07,ibm_fez,24,143.3632,180.515,0.00124986,0.00124986,0.02058784,0.01403809,24.0,24.0,68.0
2025-10-07,ibm_fez,25,179.4214,127.113,0.00033101,0.00033101,0.00223364,0.01818848,24.0,24.0,68.0
2025-10-07,ibm_fez,26,181.7384,113.3453,0.00024692,0.00024692,0.02863876,0.01391602,24.0,24.0,68.0
2025-10-07,ibm_fez,27,108.2821,123.5818,0.00364677,0.00364677,1.0,0.01647949,24.0,24.0,68.0
2025-10-07,ibm_fez,28,199.6582,188.9007,0.00019416,0.00019416,0.00395462,0.00817871,24.0,24.0,68.0
2025-10-07,ibm_fez,29,176.8964,45.1483,0.00020557,0.00020557,0.00207137,0.01538086,24.0,24.0,68.0
2025-10-07,ibm_fez,30,192.8656,162.2621,0.00019432,0.00019432,0.0026933,0.00769043,24.0,24.0,68.0
2025-10-07,ibm_fez,31,190.9482,77.3516,0.00054789,0.00054789,0.03894923,0.0177002,24.0,24.0,68.0
2025-10-07,ibm_fez,32,138.9445,146.7782,0.00032076,0.00032076,1.0,0.03369141,24.0,24.0,68.0
2025-10-07,ibm_fez,33,92.9511,167.5465,0.00032411,0.00032411,0.00255807,0.02124023,24.0,24.0,68.0
2025-10-07,ibm_fez,34,113.4436,66.3877,0.00055446,0.00055446,0.00471383,0.01245117,24.0,24.0,68.0
2025-10-07,ibm_fez,35,198.9416,56.571,0.00079608,0.00079608,,0.01611328,24.0,24.0,
2025-10-07,ibm_fez,36,124.2303,101.9785,0.00042543,0.00042543,,0.00891113,24.0,24.0,
2025-10-07,ibm_fez,37,139.2119,187.2368,0.0002404,0.0002404,,0.01391602,24.0,24.0,
2025-10-07,ibm_fez,38,131.4714,166.0349,0.00026839,0.00026839,,0.00842285,24.0,24.0,
2025-10-07,ibm_fez,39,131.0141,179.2019,0.00050707,0.00050707,,0.01586914,24.0,24.0,
2025-10-06,ibm_fez,20,199.6513,193.9311,0.00027615,0.00027615,0.00454198,0.01062012,24.0,24.0,68.0
2025-10-06,ibm_fez,21,142.2191,120.5865,0.000264,0.000264,0.00404276,0.00830078,24.0,24.0,68.0
2025-10-06,ibm_fez,22,80.5761,76.5173,0.00028185,0.00028185,0.00235306,0.00549316,24.0,24.0,68.0
2025-10-06,ibm_fez,23,208.9924,176.1307,0.00016348,0.00016348,0.00229512,0.00622559,24.0,24.0,68.0
2025-10-06,ibm_fez,24,134.8484,133.1089,0.0004441,0.0004441,0.00952711,0.01477051,24.0,24.0,68.0
2025-10-06,ibm_fez,25,195.7728,140.9988,0.00023644,0.00023644,0.00195202,0.01965332,24.0,24.0,68.0
2025-10-06,ibm_fez,26,148.9547,94.8991,0.00020826,0.00020826,0.02956682,0.01403809,24.0,24.0,68.0
2025-10-06,ibm_fez,27,133.6253,146.7329,0.00581278,0.00581278,1.0,0.0189209,24.0,24.0,68.0
2025-10-06,ibm_fez,28,195.702,198.0426,0.00023709,0.00023709,0.0035294,0.00830078,24.0,24.0,68.0
2025-10-06,ibm_fez,29,79.3462,39.7245,0.00024544,0.00024544,0.0027052,0.01171875,24.0,24.0,68.0
2025-10-06,ibm_fez,30,79.7257,62.8701,0.00033169,0.00033169,0.00285775,0.0078125,24.0,24.0,68.0
2025-10-06,ibm_fez,31,127.8014,25.2289,0.00059603,0.00059603,0.03416841,0.0267334,24.0,24.0,68.0
2025-10-06,ibm_fez,32,159.9439,147.414,0.00031855,0.00031855,1.0,0.03735352,24.0,24.0,68.0
2025-10-06,ibm_fez,33,77.438,142.7655,0.00025893,0.00025893,0.00256274,0.02270508,24.0,24.0,68.0
2025-10-06,ibm_fez,34,144.5903,79.8917,0.00033657,0.00033657,0.00207876,0.01159668,24.0,24.0,68.0
2025-10-06,ibm_fez,35,233.0132,43.3337,0.00030052,0.00030052,,0.0177002,24.0,24.0,
2025-10-06,ibm_fez,36,125.799,95.1889,0.00083225,0.00083225,,0.0057373,24.0,24.0,
2025-10-06,ibm_fez,37,161.6994,161.7614,0.00027818,0.00027818,,0.01049805,24.0,24.0,
2025-10-06,ibm_fez,38,99.3187,125.1485,0.00030609,0.00030609,,0.01074219,24.0,24.0,
2025-10-06,ibm_fez,39,123.778,121.2638,0.00084176,0.00084176,,0.0189209,24.0,24.0,
2025-10-05,ibm_fez,20,213.5362,232.3766,0.0002886,0.0002886,0.00436187,0.01257324,24.0,24.0,68.0
2025-10-05,ibm_fez,21,257.6767,196.8807,0.00036246,0.00036246,0.00267786,0.01135254,24.0,24.0,68.0
2025-10-05,ibm_fez,22,156.6185,116.2597,0.00033501,0.00033501,0.00146692,0.0144043,24.0,24.0,68.0
2025-10-05,ibm_fez,23,265.7297,226.7023,0.00015106,0.00015106,0.01100861,0.00427246,24.0,24.0,68.0
2025-10-05,ibm_fez,24,163.5663,133.4112,0.00114606,0.00114606,0.03360248,0.01940918,24.0,24.0,68.0
2025-10-05,ibm_fez,25,197.4646,133.2275,0.00022254,0.00022254,0.00208573,0.01977539,24.0,24.0,68.0
2025-10-05,ibm_fez,26,100.8932,83.7923,0.00034902,0.00034902,0.02752663,0.01293945,24.0,24.0,68.0
2025-10-05,ibm_fez,27,84.9698,99.0927,0.00398351,0.00398351,1.0,0.01708984,24.0,24.0,68.0
2025-10-05,ibm_fez,28,191.86,199.4418,0.00034611,0.00034611,0.00392532,0.01025391,24.0,24.0,68.0
2025-10-05,ibm_fez,29,153.9287,47.2538,0.00024544,0.00024544,0.00174277,0.01025391,24.0,24.0,68.0
2025-10-05,ibm_fez,30,79.7257,82.9644,0.00026474,0.00026474,0.00271671,0.00830078,24.0,24.0,68.0
2025-10-05,ibm_fez,31,130.1748,70.3049,0.0003352,0.0003352,0.03330595,0.01428223,24.0,24.0,68.0
2025-10-05,ibm_fez,32,151.5782,157.3152,0.0003306,0.0003306,1.0,0.03063965,24.0,24.0,68.0
2025-10-05,ibm_fez,33,84.3778,121.7138,0.00033914,0.00033914,0.00212709,0.01904297,24.0,24.0,68.0
2025-10-05,ibm_fez,34,133.7819,66.4004,0.00073941,0.00073941,0.00165398,0.00891113,24.0,24.0,68.0
2025-10-05,ibm_fez,35,152.2186,40.2208,0.00027045,0.00027045,,0.01647949,24.0,24.0,
2025-10-05,ibm_fez,36,186.0468,136.0089,0.00044141,0.00044141,,0.0078125,24.0,24.0,
2025-10-05,ibm_fez,37,130.8737,151.2351,0.00017254,0.00017254,,0.01220703,24.0,24.0,
2025-10-05,ibm_fez,38,85.9258,107.7873,0.00034545,0.00034545,,0.00769043,24.0,24.0,
2025-10-05,ibm_fez,39,148.6641,177.9132,0.00042424,0.00042424,,0.01647949,24.0,24.0,
2025-10-04,ibm_fez,20,199.1432,191.746,0.00027375,0.00027375,0.00478275,0.01184082,24.0,24.0,68.0
2025-10-04,ibm_fez,21,260.7962,178.7028,0.00024316,0.00024316,0.00261921,0.00805664,24.0,24.0,68.0
2025-10-04,ibm_fez,22,80.9351,55.4107,0.00018885,0.00018885,0.00149028,0.0045166,24.0,24.0,68.0
2025-10-04,ibm_fez,23,100.4321,115.5668,0.00019099,0.00019099,0.00547928,0.00476074,24.0,24.0,68.0
2025-10-04,ibm_fez,24,128.3005,123.4884,0.00112375,0.00112375,0.02147158,0.01281738,24.0,24.0,68.0
2025-10-04,ibm_fez,25,176.0832,100.9715,0.00022823,0.00022823,0.00256248,0.01574707,24.0,24.0,68.0
2025-10-04,ibm_fez,26,134.0092,101.1138,0.00035387,0.00035387,0.02783632,0.01489258,24.0,24.0,68.0
2025-10-04,ibm_fez,27,94.4845,85.6343,0.00517875,0.00517875,1.0,0.01513672,24.0,24.0,68.0
2025-10-04,ibm_fez,28,200.855,199.303,0.00020934,0.00020934,0.00357269,0.00646973,24.0,24.0,68.0
2025-10-04,ibm_fez,29,166.1439,51.3702,0.00033368,0.00033368,0.00237005,0.01123047,24.0,24.0,68.0
2025-10-04,ibm_fez,30,128.5208,113.2659,0.00037545,0.00037545,0.00255177,0.00756836,24.0,24.0,68.0
2025-10-04,ibm_fez,31,154.6967,60.3126,0.00047519,0.00047519,0.04842923,0.01489258,24.0,24.0,68.0
2025-10-04,ibm_fez,32,82.2008,86.2747,0.00030842,0.00030842,1.0,0.0357666,24.0,24.0,68.0
2025-10-04,ibm_fez,33,81.2286,121.8304,0.00027445,0.00027445,0.00283298,0.01855469,24.0,24.0,68.0
2025-10-04,ibm_fez,34,144.4723,66.9849,0.00032004,0.00032004,0.00222852,0.01196289,24.0,24.0,68.0
2025-10-04,ibm_fez,35,134.4199,54.4198,0.00026137,0.00026137,,0.01513672,24.0,24.0,
2025-10-04,ibm_fez,36,145.4172,146.0442,0.00048758,0.00048758,,0.00744629,24.0,24.0,
2025-10-04,ibm_fez,37,171.9211,176.5846,0.00041967,0.00041967,,0.01025391,24.0,24.0,
2025-10-04,ibm_fez,38,105.9808,142.9254,0.00023565,0.00023565,,0.00939941,24.0,24.0,
2025-10-04,ibm_fez,39,118.1646,139.0967,0.00061134,0.00061134,,0.01696777,24.0,24.0,
2025-10-03,ibm_fez,20,199.1432,191.746,0.00027375,0.00027375,0.00428763,0.01281738,24.0,24.0,68.0
2025-10-03,ibm_fez,21,260.7962,178.7028,0.00024316,0.00024316,0.00232671,0.00939941,24.0,24.0,68.0
2025-10-03,ibm_fez,22,80.9351,55.4107,0.00018885,0.00018885,0.00197616,0.00537109,24.0,24.0,68.0
2025-10-03,ibm_fez,23,100.4321,115.5668,0.00019099,0.00019099,0.01118631,0.00305176,24.0,24.0,68.0
2025-10-03,ibm_fez,24,128.3005,123.4884,0.00112375,0.00112375,0.02483762,0.01000977,24.0,24.0,68.0
2025-10-03,ibm_fez,25,176.0832,100.9715,0.00022823,0.00022823,0.00276404,0.01953125,24.0,24.0,68.0
2025-10-03,ibm_fez,26,134.0092,101.1138,0.00035387,0.00035387,0.02381566,0.01538086,24.0,24.0,68.0
2025-10-03,ibm_fez,27,94.4845,85.6343,0.00517875,0.00517875,1.0,0.01464844,24.0,24.0,68.0
2025-10-03,ibm_fez,28,200.855,199.303,0.00020934,0.00020934,0.00402727,0.00878906,24.0,24.0,68.0
2025-10-03,ibm_fez,29,166.1439,51.3702,0.00033368,0.00033368,0.00216559,0.01293945,24.0,24.0,68.0
2025-10-03,ibm_fez,30,128.5208,113.2659,0.00037545,0.00037545,0.00353633,0.00878906,24.0,24.0,68.0
2025-10-03,ibm_fez,31,154.6967,60.3126,0.00047519,0.00047519,0.02896677,0.01391602,24.0,24.0,68.0
2025-10-03,ibm_fez,32,82.2008,86.2747,0.00030842,0.00030842,1.0,0.03381348,24.0,24.0,68.0
2025-10-03,ibm_fez,33,81.2286,121.8304,0.00027445,0.00027445,0.00243053,0.01733398,24.0,24.0,68.0
2025-10-03,ibm_fez,34,144.4723,66.9849,0.00032004,0.00032004,0.0019346,0.01245117,24.0,24.0,68.0
2025-10-03,ibm_fez,35,134.4199,54.4198,0.00026137,0.00026137,,0.01721191,24.0,24.0,
2025-10-03,ibm_fez,36,145.4172,146.0442,0.00048758,0.00048758,,0.00585938,24.0,24.0,
2025-10-03,ibm_fez,37,171.9211,176.5846,0.00041967,0.00041967,,0.01135254,24.0,24.0,
2025-10-03,ibm_fez,38,105.9808,142.9254,0.00023565,0.00023565,,0.00976562,24.0,24.0,
2025-10-03,ibm_fez,39,118.1646,139.0967,0.00061134,0.00061134,,0.01513672,24.0,24.0,
2025-10-02,ibm_fez,20,196.1603,182.134,0.00029128,0.00029128,0.00428763,0.00878906,24.0,24.0,68.0
2025-10-02,ibm_fez,21,180.4819,161.2184,0.00024316,0.00024316,0.00232671,0.00830078,24.0,24.0,68.0
2025-10-02,ibm_fez,22,80.9351,83.5637,0.00024989,0.00024989,0.00197616,0.00463867,24.0,24.0,68.0
2025-10-02,ibm_fez,23,251.2977,225.3033,0.00012252,0.00012252,0.01118631,0.00415039,24.0,24.0,68.0
2025-10-02,ibm_fez,24,100.2437,116.2422,0.0010247,0.0010247,0.02483762,0.01171875,24.0,24.0,68.0
2025-10-02,ibm_fez,25,144.9594,115.7739,0.00014337,0.00014337,0.00276404,0.01953125,24.0,24.0,68.0
2025-10-02,ibm_fez,26,172.7193,103.9828,0.00023858,0.00023858,0.02381566,0.00927734,24.0,24.0,68.0
2025-10-02,ibm_fez,27,59.1142,73.6947,0.00489457,0.00489457,1.0,0.015625,24.0,24.0,68.0
2025-10-02,ibm_fez,28,127.2485,106.6905,0.00043124,0.00043124,0.00402727,0.0090332,24.0,24.0,68.0
2025-10-02,ibm_fez,29,106.9727,42.8789,0.00032142,0.00032142,0.00216559,0.01171875,24.0,24.0,68.0
2025-10-02,ibm_fez,30,145.9393,119.7502,0.0002418,0.0002418,0.00353633,0.00610352,24.0,24.0,68.0
2025-10-02,ibm_fez,31,79.0703,52.381,0.00041066,0.00041066,0.02896677,0.0168457,24.0,24.0,68.0
2025-10-02,ibm_fez,32,82.2008,65.2162,0.00061398,0.00061398,1.0,0.03662109,24.0,24.0,68.0
2025-10-02,ibm_fez,33,78.473,116.1441,0.00026999,0.00026999,0.00243053,0.01660156,24.0,24.0,68.0
2025-10-02,ibm_fez,34,142.3769,73.4145,0.00032713,0.00032713,0.0019346,0.01464844,24.0,24.0,68.0
2025-10-02,ibm_fez,35,179.0367,50.3511,0.00024191,0.00024191,,0.01220703,24.0,24.0,
2025-10-02,ibm_fez,36,150.6559,130.2268,0.00065903,0.00065903,,0.00683594,24.0,24.0,
2025-10-02,ibm_fez,37,123.6557,133.2635,0.00032904,0.00032904,,0.00732422,24.0,24.0,
2025-10-02,ibm_fez,38,149.818,190.6881,0.0003077,0.0003077,,0.00976562,24.0,24.0,
2025-10-02,ibm_fez,39,168.2016,199.3684,0.00042756,0.00042756,,0.01269531,24.0,24.0,
2025-10-01,ibm_fez,20,225.4731,234.7799,0.00033936,0.00033936,0.00418043,0.01074219,24.0,24.0,68.0
2025-10-01,ibm_fez,21,233.439,157.0536,0.00024891,0.00024891,0.00277965,0.00854492,24.0,24.0,68.0
2025-10-01,ibm_fez,22,177.9138,151.9404,0.00033228,0.00033228,0.00151603,0.01538086,24.0,24.0,68.0
2025-10-01,ibm_fez,23,188.3321,160.5514,0.00016658,0.00016658,0.0059971,0.00561523,24.0,24.0,68.0
2025-10-01,ibm_fez,24,114.8578,103.9303,0.00105722,0.00105722,0.02172725,0.00939941,24.0,24.0,68.0
2025-10-01,ibm_fez,25,137.0186,114.7594,0.00023998,0.00023998,0.00272409,0.01501465,24.0,24.0,68.0
2025-10-01,ibm_fez,26,165.313,120.187,0.00025247,0.00025247,0.02858354,0.01379395,24.0,24.0,68.0
2025-10-01,ibm_fez,27,119.1853,118.2402,0.00445757,0.00445757,1.0,0.02001953,24.0,24.0,68.0
2025-10-01,ibm_fez,28,190.8309,185.6168,0.00025903,0.00025903,0.00349408,0.00537109,24.0,24.0,68.0
2025-10-01,ibm_fez,29,159.0196,45.7538,0.00024294,0.00024294,0.00190813,0.01306152,24.0,24.0,68.0
2025-10-01,ibm_fez,30,138.1015,115.4428,0.00022294,0.00022294,0.00268809,0.01623535,24.0,24.0,68.0
2025-10-01,ibm_fez,31,147.147,78.5997,0.00037951,0.00037951,0.04229903,0.01477051,24.0,24.0,68.0
2025-10-01,ibm_fez,32,88.2471,100.7888,0.00030512,0.00030512,1.0,0.02819824,24.0,24.0,68.0
2025-10-01,ibm_fez,33,66.4293,152.8713,0.00024571,0.00024571,0.0021602,0.01721191,24.0,24.0,68.0
2025-10-01,ibm_fez,34,125.288,75.8109,0.00118095,0.00118095,0.00203988,0.01220703,24.0,24.0,68.0
2025-10-01,ibm_fez,35,157.7945,44.7171,0.00019581,0.00019581,,0.01831055,24.0,24.0,
2025-10-01,ibm_fez,36,135.3875,114.1628,0.00034727,0.00034727,,0.0065918,24.0,24.0,
2025-10-01,ibm_fez,37,90.8917,115.3917,0.00030227,0.00030227,,0.01013184,24.0,24.0,
2025-10-01,ibm_fez,38,85.8709,101.4171,0.00033809,0.00033809,,0.00805664,24.0,24.0,
2025-10-01,ibm_fez,39,152.4049,206.1589,0.00086718,0.00086718,,0.01831055,24.0,24.0,
2025-09-30,ibm_fez,20,310.6971,245.6273,0.00014395,0.00014395,0.00352106,0.01513672,24.0,24.0,68.0
2025-09-30,ibm_fez,21,234.9074,173.1607,0.00030117,0.00030117,0.00211722,0.0098877,24.0,24.0,68.0
2025-09-30,ibm_fez,22,118.9609,99.9574,0.00029974,0.00029974,0.00185845,0.00512695,24.0,24.0,68.0
2025-09-30,ibm_fez,23,285.6493,236.2459,0.00015398,0.00015398,0.00574124,0.00512695,24.0,24.0,68.0
2025-09-30,ibm_fez,24,107.2972,91.9003,0.00113313,0.00113313,0.02492945,0.01147461,24.0,24.0,68.0
2025-09-30,ibm_fez,25,161.5975,130.3146,0.00023732,0.00023732,0.00266614,0.0168457,24.0,24.0,68.0
2025-09-30,ibm_fez,26,174.2259,103.4781,0.00032344,0.00032344,0.02453628,0.0135498,24.0,24.0,68.0
2025-09-30,ibm_fez,27,132.8475,111.719,0.0054419,0.0054419,1.0,0.01721191,24.0,24.0,68.0
2025-09-30,ibm_fez,28,233.3009,203.8423,0.0002612,0.0002612,0.00373737,0.00720215,24.0,24.0,68.0
2025-09-30,ibm_fez,29,160.199,49.5529,0.00019379,0.00019379,0.0020989,0.01416016,24.0,24.0,68.0
2025-09-30,ibm_fez,30,147.0612,125.8198,0.00017097,0.00017097,0.00256943,0.01184082,24.0,24.0,68.0
2025-09-30,ibm_fez,31,201.6397,72.4444,0.00036217,0.00036217,0.03635089,0.01647949,24.0,24.0,68.0
2025-09-30,ibm_fez,32,123.0398,128.533,0.00040256,0.00040256,1.0,0.03515625,24.0,24.0,68.0
2025-09-30,ibm_fez,33,66.4293,111.9341,0.00026028,0.00026028,0.00199603,0.01599121,24.0,24.0,68.0
2025-09-30,ibm_fez,34,167.2798,79.3461,0.00057141,0.00057141,0.00187366,0.0111084,24.0,24.0,68.0
2025-09-30,ibm_fez,35,180.0643,48.6821,0.00040482,0.00040482,,0.02111816,24.0,24.0,
2025-09-30,ibm_fez,36,138.2212,110.3442,0.00037897,0.00037897,,0.00488281,24.0,24.0,
2025-09-30,ibm_fez,37,139.5272,127.9781,0.00021915,0.00021915,,0.01037598,24.0,24.0,
2025-09-30,ibm_fez,38,98.0687,117.0765,0.00027398,0.00027398,,0.01000977,24.0,24.0,
2025-09-30,ibm_fez,39,153.3136,197.6143,0.00045456,0.00045456,,0.01831055,24.0,24.0,
2025-09-29,ibm_fez,20,185.2095,183.3242,0.00023316,0.00023316,0.00421069,0.0111084,24.0,24.0,68.0
2025-09-29,ibm_fez,21,210.2263,157.0323,0.00021732,0.00021732,0.00233255,0.00915527,24.0,24.0,68.0
2025-09-29,ibm_fez,22,133.0867,114.7281,0.00026817,0.00026817,0.00143513,0.00769043,24.0,24.0,68.0
2025-09-29,ibm_fez,23,160.5253,146.8434,0.00021111,0.00021111,0.01112843,0.00439453,24.0,24.0,68.0
2025-09-29,ibm_fez,24,160.9007,151.0122,0.00071914,0.00071914,0.03547057,0.01257324,24.0,24.0,68.0
2025-09-29,ibm_fez,25,127.024,128.4805,0.00016922,0.00016922,0.00195111,0.01586914,24.0,24.0,68.0
2025-09-29,ibm_fez,26,118.0306,95.7946,0.00021732,0.00021732,0.02552887,0.01196289,24.0,24.0,68.0
2025-09-29,ibm_fez,27,128.1228,141.6759,0.00435943,0.00435943,1.0,0.01452637,24.0,24.0,68.0
2025-09-29,ibm_fez,28,147.704,152.7331,0.00024255,0.00024255,0.0030712,0.00634766,24.0,24.0,68.0
2025-09-29,ibm_fez,29,118.0634,47.2896,0.00014271,0.00014271,0.0020109,0.01257324,24.0,24.0,68.0
2025-09-29,ibm_fez,30,162.3908,115.5137,0.00017621,0.00017621,0.00267402,0.00646973,24.0,24.0,68.0
2025-09-29,ibm_fez,31,148.4168,73.6457,0.00038874,0.00038874,0.03119398,0.0135498,24.0,24.0,68.0
2025-09-29,ibm_fez,32,121.0744,137.7455,0.00049186,0.00049186,1.0,0.03100586,24.0,24.0,68.0
2025-09-29,ibm_fez,33,71.5671,53.6017,0.00026739,0.00026739,0.00252983,0.01940918,24.0,24.0,68.0
2025-09-29,ibm_fez,34,139.4737,72.4,0.00047543,0.00047543,0.00196371,0.01306152,24.0,24.0,68.0
2025-09-29,ibm_fez,35,198.0704,43.7316,0.00022848,0.00022848,,0.01586914,24.0,24.0,
2025-09-29,ibm_fez,36,103.9904,80.3265,0.00058469,0.00058469,,0.00598145,24.0,24.0,
2025-09-29,ibm_fez,37,179.1402,178.0851,0.00026898,0.00026898,,0.01220703,24.0,24.0,
2025-09-29,ibm_fez,38,88.5124,106.5592,0.00021991,0.00021991,,0.00854492,24.0,24.0,
2025-09-29,ibm_fez,39,150.8043,141.3295,0.00047109,0.00047109,,0.01660156,24.0,24.0,
2025-09-28,ibm_fez,20,220.3349,256.1908,0.00029677,0.00029677,0.00421069,0.00854492,24.0,24.0,68.0
2025-09-28,ibm_fez,21,305.5592,215.2808,0.00025181,0.00025181,0.00233255,0.02514648,24.0,24.0,68.0
2025-09-28,ibm_fez,22,171.8077,87.7158,0.00018978,0.00018978,0.00143513,0.00695801,24.0,24.0,68.0
2025-09-28,ibm_fez,23,212.541,212.5406,0.00014531,0.00014531,0.01112843,0.00537109,24.0,24.0,68.0
2025-09-28,ibm_fez,24,161.6097,178.4874,0.00095359,0.00095359,0.03547057,0.01293945,24.0,24.0,68.0
2025-09-28,ibm_fez,25,205.4918,146.966,0.00017494,0.00017494,0.00195111,0.02087402,24.0,24.0,68.0
2025-09-28,ibm_fez,26,89.7698,97.1531,0.00027506,0.00027506,0.02552887,0.01269531,24.0,24.0,68.0
2025-09-28,ibm_fez,27,74.0869,89.0233,0.00398769,0.00398769,1.0,0.01550293,24.0,24.0,68.0
2025-09-28,ibm_fez,28,134.4719,133.1435,0.00028538,0.00028538,0.0030712,0.00793457,24.0,24.0,68.0
2025-09-28,ibm_fez,29,200.9463,54.6185,0.00021442,0.00021442,0.0020109,0.01452637,24.0,24.0,68.0
2025-09-28,ibm_fez,30,98.7411,117.8792,0.000304,0.000304,0.00267402,0.01062012,24.0,24.0,68.0
2025-09-28,ibm_fez,31,154.3616,92.7369,0.00029203,0.00029203,0.03119398,0.01538086,24.0,24.0,68.0
2025-09-28,ibm_fez,32,127.3853,146.8888,0.00023553,0.00023553,1.0,0.03039551,24.0,24.0,68.0
2025-09-28,ibm_fez,33,65.669,97.2751,0.00022596,0.00022596,0.00252983,0.0189209,24.0,24.0,68.0
2025-09-28,ibm_fez,34,156.411,71.8938,0.00070381,0.00070381,0.00196371,0.01098633,24.0,24.0,68.0
2025-09-28,ibm_fez,35,178.7838,53.6991,0.00020949,0.00020949,,0.01306152,24.0,24.0,
2025-09-28,ibm_fez,36,60.0405,75.4833,0.00027302,0.00027302,,0.00708008,24.0,24.0,
2025-09-28,ibm_fez,37,93.7916,103.9634,0.00030814,0.00030814,,0.01086426,24.0,24.0,
2025-09-28,ibm_fez,38,74.1415,100.9067,0.00034024,0.00034024,,0.01074219,24.0,24.0,
2025-09-28,ibm_fez,39,127.2242,140.6921,0.00042892,0.00042892,,0.0201416,24.0,24.0,
2025-09-27,ibm_fez,20,220.3349,256.1908,0.00029677,0.00029677,0.00421069,0.00854492,24.0,24.0,68.0
2025-09-27,ibm_fez,21,305.5592,215.2808,0.00025181,0.00025181,0.00233255,0.02514648,24.0,24.0,68.0
2025-09-27,ibm_fez,22,171.8077,87.7158,0.00018978,0.00018978,0.00143513,0.00695801,24.0,24.0,68.0
2025-09-27,ibm_fez,23,212.541,212.5406,0.00014531,0.00014531,0.01112843,0.00537109,24.0,24.0,68.0
2025-09-27,ibm_fez,24,161.6097,178.4874,0.00095359,0.00095359,0.03547057,0.01293945,24.0,24.0,68.0
2025-09-27,ibm_fez,25,205.4918,146.966,0.00017494,0.00017494,0.00195111,0.02087402,24.0,24.0,68.0
2025-09-27,ibm_fez,26,89.7698,97.1531,0.00027506,0.00027506,0.02552887,0.01269531,24.0,24.0,68.0
2025-09-27,ibm_fez,27,74.0869,89.0233,0.00398769,0.00398769,1.0,0.01550293,24.0,24.0,68.0
2025-09-27,ibm_fez,28,134.4719,133.1435,0.00028538,0.00028538,0.0030712,0.00793457,24.0,24.0,68.0
2025-09-27,ibm_fez,29,200.9463,54.6185,0.00021442,0.00021442,0.0020109,0.01452637,24.0,24.0,68.0
2025-09-27,ibm_fez,30,98.7411,117.8792,0.000304,0.000304,0.00267402,0.01062012,24.0,24.0,68.0
2025-09-27,ibm_fez,31,154.3616,92.7369,0.00029203,0.00029203,0.03119398,0.01538086,24.0,24.0,68.0
2025-09-27,ibm_fez,32,127.3853,146.8888,0.00023553,0.00023553,1.0,0.03039551,24.0,24.0,68.0
2025-09-27,ibm_fez,33,65.669,97.2751,0.00022596,0.00022596,0.00252983,0.0189209,24.0,24.0,68.0
2025-09-27,ibm_fez,34,156.411,71.8938,0.00070381,0.00070381,0.00196371,0.01098633,24.0,24.0,68.0
2025-09-27,ibm_fez,35,178.7838,53.6991,0.00020949,0.00020949,,0.01306152,24.0,24.0,
2025-09-27,ibm_fez,36,60.0405,75.4833,0.00027302,0.00027302,,0.00708008,24.0,24.0,
2025-09-27,ibm_fez,37,93.7916,103.9634,0.00030814,0.00030814,,0.01086426,24.0,24.0,
2025-09-27,ibm_fez,38,74.1415,100.9067,0.00034024,0.00034024,,0.01074219,24.0,24.0,
2025-09-27,ibm_fez,39,127.2242,140.6921,0.00042892,0.00042892,,0.0201416,24.0,24.0,
2025-09-26,ibm_fez,20,220.3349,256.1908,0.00029677,0.00029677,0.00421069,0.00854492,24.0,24.0,68.0
2025-09-26,ibm_fez,21,305.5592,215.2808,0.00025181,0.00025181,0.00233255,0.02514648,24.0,24.0,68.0
2025-09-26,ibm_fez,22,171.8077,87.7158,0.00018978,0.00018978,0.00143513,0.00695801,24.0,24.0,68.0
2025-09-26,ibm_fez,23,212.541,212.5406,0.00014531,0.00014531,0.01112843,0.00537109,24.0,24.0,68.0
2025-09-26,ibm_fez,24,161.6097,178.4874,0.00095359,0.00095359,0.03547057,0.01293945,24.0,24.0,68.0
2025-09-26,ibm_fez,25,205.4918,146.966,0.00017494,0.00017494,0.00195111,0.02087402,24.0,24.0,68.0
2025-09-26,ibm_fez,26,89.7698,97.1531,0.00027506,0.00027506,0.02552887,0.01269531,24.0,24.0,68.0
2025-09-26,ibm_fez,27,74.0869,89.0233,0.00398769,0.00398769,1.0,0.01550293,24.0,24.0,68.0
2025-09-26,ibm_fez,28,134.4719,133.1435,0.00028538,0.00028538,0.0030712,0.00793457,24.0,24.0,68.0
2025-09-26,ibm_fez,29,200.9463,54.6185,0.00021442,0.00021442,0.0020109,0.01452637,24.0,24.0,68.0
2025-09-26,ibm_fez,30,98.7411,117.8792,0.000304,0.000304,0.00267402,0.01062012,24.0,24.0,68.0
2025-09-26,ibm_fez,31,154.3616,92.7369,0.00029203,0.00029203,0.03119398,0.01538086,24.0,24.0,68.0
2025-09-26,ibm_fez,32,127.3853,146.8888,0.00023553,0.00023553,1.0,0.03039551,24.0,24.0,68.0
2025-09-26,ibm_fez,33,65.669,97.2751,0.00022596,0.00022596,0.00252983,0.0189209,24.0,24.0,68.0
2025-09-26,ibm_fez,34,156.411,71.8938,0.00070381,0.00070381,0.00196371,0.01098633,24.0,24.0,68.0
2025-09-26,ibm_fez,35,178.7838,53.6991,0.00020949,0.00020949,,0.01306152,24.0,24.0,
2025-09-26,ibm_fez,36,60.0405,75.4833,0.00027302,0.00027302,,0.00708008,24.0,24.0,
2025-09-26,ibm_fez,37,93.7916,103.9634,0.00030814,0.00030814,,0.01086426,24.0,24.0,
2025-09-26,ibm_fez,38,74.1415,100.9067,0.00034024,0.00034024,,0.01074219,24.0,24.0,
2025-09-26,ibm_fez,39,127.2242,140.6921,0.00042892,0.00042892,,0.0201416,24.0,24.0,
2025-09-25,ibm_fez,20,220.3349,256.1908,0.00029677,0.00029677,0.00421069,0.00976562,24.0,24.0,68.0
2025-09-25,ibm_fez,21,305.5592,215.2808,0.00025181,0.00025181,0.00233255,0.0078125,24.0,24.0,68.0
2025-09-25,ibm_fez,22,171.8077,87.7158,0.00018978,0.00018978,0.00143513,0.00537109,24.0,24.0,68.0
2025-09-25,ibm_fez,23,212.541,212.5406,0.00014531,0.00014531,0.01112843,0.00415039,24.0,24.0,68.0
2025-09-25,ibm_fez,24,161.6097,178.4874,0.00095359,0.00095359,0.03547057,0.01391602,24.0,24.0,68.0
2025-09-25,ibm_fez,25,205.4918,146.966,0.00017494,0.00017494,0.00195111,0.01660156,24.0,24.0,68.0
2025-09-25,ibm_fez,26,89.7698,97.1531,0.00027506,0.00027506,0.02552887,0.0144043,24.0,24.0,68.0
2025-09-25,ibm_fez,27,74.0869,89.0233,0.00398769,0.00398769,1.0,0.0168457,24.0,24.0,68.0
2025-09-25,ibm_fez,28,134.4719,133.1435,0.00028538,0.00028538,0.0030712,0.00634766,24.0,24.0,68.0
2025-09-25,ibm_fez,29,200.9463,54.6185,0.00021442,0.00021442,0.0020109,0.01367188,24.0,24.0,68.0
2025-09-25,ibm_fez,30,98.7411,117.8792,0.000304,0.000304,0.00267402,0.00537109,24.0,24.0,68.0
2025-09-25,ibm_fez,31,154.3616,92.7369,0.00029203,0.00029203,0.03119398,0.01513672,24.0,24.0,68.0
2025-09-25,ibm_fez,32,127.3853,146.8888,0.00023553,0.00023553,1.0,0.03588867,24.0,24.0,68.0
2025-09-25,ibm_fez,33,65.669,97.2751,0.00022596,0.00022596,0.00252983,0.01611328,24.0,24.0,68.0
2025-09-25,ibm_fez,34,156.411,71.8938,0.00070381,0.00070381,0.00196371,0.01098633,24.0,24.0,68.0
2025-09-25,ibm_fez,35,178.7838,53.6991,0.00020949,0.00020949,,0.01806641,24.0,24.0,
2025-09-25,ibm_fez,36,60.0405,75.4833,0.00027302,0.00027302,,0.00512695,24.0,24.0,
2025-09-25,ibm_fez,37,93.7916,103.9634,0.00030814,0.00030814,,0.0090332,24.0,24.0,
2025-09-25,ibm_fez,38,74.1415,100.9067,0.00034024,0.00034024,,0.00854492,24.0,24.0,
2025-09-25,ibm_fez,39,127.2242,140.6921,0.00042892,0.00042892,,0.01757812,24.0,24.0,
2025-09-24,ibm_fez,20,234.137,211.2135,0.00019676,0.00019676,0.00367996,0.01293945,24.0,24.0,68.0
2025-09-24,ibm_fez,21,231.1808,171.9842,0.00017103,0.00017103,0.00231794,0.01037598,24.0,24.0,68.0
2025-09-24,ibm_fez,22,171.8077,145.6108,0.00018369,0.00018369,0.00152995,0.00366211,24.0,24.0,68.0
2025-09-24,ibm_fez,23,100.7927,156.7586,0.00016504,0.00016504,0.00837278,0.00598145,24.0,24.0,68.0
2025-09-24,ibm_fez,24,131.4951,169.7167,0.00076585,0.00076585,0.0242739,0.01269531,24.0,24.0,68.0
2025-09-24,ibm_fez,25,141.2192,105.8158,0.00014655,0.00014655,0.00274729,0.02062988,24.0,24.0,68.0
2025-09-24,ibm_fez,26,174.6512,120.1606,0.00028592,0.00028592,0.0282712,0.01452637,24.0,24.0,68.0
2025-09-24,ibm_fez,27,102.4767,101.6691,0.00545158,0.00545158,1.0,0.01489258,24.0,24.0,68.0
2025-09-24,ibm_fez,28,237.4188,69.9887,0.00017332,0.00017332,0.00354967,0.00598145,24.0,24.0,68.0
2025-09-24,ibm_fez,29,27.5799,19.5382,0.00029756,0.00029756,0.0029099,0.01379395,24.0,24.0,68.0
2025-09-24,ibm_fez,30,84.4298,78.3782,0.00022916,0.00022916,0.00250412,0.00793457,24.0,24.0,68.0
2025-09-24,ibm_fez,31,113.9757,29.7167,0.00044606,0.00044606,0.02614984,0.01269531,24.0,24.0,68.0
2025-09-24,ibm_fez,32,131.2729,129.8691,0.00036946,0.00036946,1.0,0.03417969,24.0,24.0,68.0
2025-09-24,ibm_fez,33,77.6108,154.6424,0.00024966,0.00024966,0.00280684,0.02172852,24.0,24.0,68.0
2025-09-24,ibm_fez,34,140.0104,76.0349,0.0007451,0.0007451,0.00174465,0.01379395,24.0,24.0,68.0
2025-09-24,ibm_fez,35,215.8807,56.3835,0.000168,0.000168,,0.01721191,24.0,24.0,
2025-09-24,ibm_fez,36,60.0405,69.1543,0.00644958,0.00644958,,0.00585938,24.0,24.0,
2025-09-24,ibm_fez,37,92.7399,84.3496,0.00030118,0.00030118,,0.01025391,24.0,24.0,
2025-09-24,ibm_fez,38,105.2298,128.3014,0.0004067,0.0004067,,0.01013184,24.0,24.0,
2025-09-24,ibm_fez,39,102.0506,130.813,0.00052389,0.00052389,,0.01477051,24.0,24.0,
2025-09-23,ibm_fez,20,234.135,241.1598,0.00022285,0.00022285,0.005467,0.01269531,24.0,24.0,68.0
2025-09-23,ibm_fez,21,123.6131,113.9176,0.00023671,0.00023671,0.00224084,0.00708008,24.0,24.0,68.0
2025-09-23,ibm_fez,22,143.6009,120.747,0.00019502,0.00019502,0.00192088,0.00512695,24.0,24.0,68.0
2025-09-23,ibm_fez,23,181.1712,165.9951,0.00021509,0.00021509,0.00593625,0.00402832,24.0,24.0,68.0
2025-09-23,ibm_fez,24,100.8815,88.2939,0.00105834,0.00105834,0.02291517,0.01013184,24.0,24.0,68.0
2025-09-23,ibm_fez,25,185.526,133.2877,0.00020512,0.00020512,0.00214152,0.01818848,24.0,24.0,68.0
2025-09-23,ibm_fez,26,152.6181,109.3764,0.00024343,0.00024343,0.02801374,0.0144043,24.0,24.0,68.0
2025-09-23,ibm_fez,27,90.6542,103.4005,0.00453267,0.00453267,1.0,0.01586914,24.0,24.0,68.0
2025-09-23,ibm_fez,28,147.3174,181.2341,0.00018877,0.00018877,0.00566786,0.00720215,24.0,24.0,68.0
2025-09-23,ibm_fez,29,199.2886,58.6189,0.00018738,0.00018738,0.00204342,0.01574707,24.0,24.0,68.0
2025-09-23,ibm_fez,30,117.2884,107.0641,0.00019627,0.00019627,0.00289347,0.0090332,24.0,24.0,68.0
2025-09-23,ibm_fez,31,151.3057,80.161,0.00037533,0.00037533,0.05008643,0.01342773,24.0,24.0,68.0
2025-09-23,ibm_fez,32,98.1858,116.5612,0.00046367,0.00046367,1.0,0.03173828,24.0,24.0,68.0
2025-09-23,ibm_fez,33,76.9953,127.0751,0.00035261,0.00035261,0.00210135,0.01940918,24.0,24.0,68.0
2025-09-23,ibm_fez,34,217.7869,90.6025,0.000539,0.000539,0.00216423,0.01306152,24.0,24.0,68.0
2025-09-23,ibm_fez,35,133.5219,48.4131,0.00044454,0.00044454,,0.01696777,24.0,24.0,
2025-09-23,ibm_fez,36,94.0593,65.2182,0.00072123,0.00072123,,0.00695801,24.0,24.0,
2025-09-23,ibm_fez,37,204.7639,203.8053,0.00024314,0.00024314,,0.01147461,24.0,24.0,
2025-09-23,ibm_fez,38,89.1266,117.3219,0.00036127,0.00036127,,0.0098877,24.0,24.0,
2025-09-23,ibm_fez,39,117.7621,156.0406,0.00043795,0.00043795,,0.01525879,24.0,24.0,
