timestamp,backend,qubit_id,T1_us,T2_us,sx_error,x_error,cz_error,readout_error,t_sx_ns,t_x_ns,t_cz_ns
2026-04-09,ibm_marrakesh,10,271.9563,195.7715,0.00016202,0.00016202,0.00281089,0.00524902,36.0,36.0,68.0
2026-04-09,ibm_marrakesh,11,321.3552,236.0029,0.00037224,0.00037224,0.00122598,0.01037598,36.0,36.0,68.0
2026-04-09,ibm_marrakesh,12,341.0932,171.9491,0.00027488,0.00027488,0.00236379,0.00830078,36.0,36.0,80.0
2026-04-09,ibm_marrakesh,13,176.6763,168.4772,0.00021098,0.00021098,0.00165338,0.00708008,36.0,36.0,80.0
2026-04-09,ibm_marrakesh,14,152.2903,101.0696,0.00011551,0.00011551,0.00125148,0.00793457,36.0,36.0,68.0
2026-04-09,ibm_marrakesh,15,265.7023,29.8059,0.00021494,0.00021494,,0.00488281,36.0,36.0,
2026-04-09,ibm_marrakesh,16,147.8682,107.1241,0.00045499,0.00045499,,0.00634766,36.0,36.0,
2026-04-09,ibm_marrakesh,17,173.5784,8.9417,0.00028319,0.00028319,,0.00549316,36.0,36.0,
2026-04-09,ibm_marrakesh,18,110.7301,105.2848,0.00035854,0.00035854,,0.01464844,36.0,36.0,
2026-04-09,ibm_marrakesh,19,131.8501,40.2303,0.00019529,0.00019529,,0.10852051,36.0,36.0,
2026-04-08,ibm_marrakesh,10,212.3752,149.3677,0.0002404,0.0002404,0.00226779,0.00830078,36.0,36.0,68.0
2026-04-08,ibm_marrakesh,11,354.2872,188.7389,0.00030069,0.00030069,0.00120719,0.01184082,36.0,36.0,68.0
2026-04-08,ibm_marrakesh,12,226.6903,121.9522,0.00032713,0.00032713,0.00215236,0.00500488,36.0,36.0,80.0
2026-04-08,ibm_marrakesh,13,236.3044,180.858,0.00028183,0.00028183,0.00157034,0.01196289,36.0,36.0,80.0
2026-04-08,ibm_marrakesh,14,270.3406,122.3453,0.00049185,0.00049185,0.0014449,0.00317383,36.0,36.0,68.0
2026-04-08,ibm_marrakesh,15,337.7273,28.2573,0.00021494,0.00021494,,0.00427246,36.0,36.0,
2026-04-08,ibm_marrakesh,16,57.624,36.0982,0.00030073,0.00030073,,0.01074219,36.0,36.0,
2026-04-08,ibm_marrakesh,17,239.9266,11.7566,0.00033335,0.00033335,,0.00537109,36.0,36.0,
2026-04-08,ibm_marrakesh,18,81.7236,94.8102,0.00055282,0.00055282,,0.01049805,36.0,36.0,
2026-04-08,ibm_marrakesh,19,158.6156,58.1834,0.00026612,0.00026612,,0.03234863,36.0,36.0,
2026-04-07,ibm_marrakesh,10,268.421,224.386,0.00020563,0.00020563,0.00296952,0.00756836,36.0,36.0,68.0
2026-04-07,ibm_marrakesh,11,308.4289,242.6575,0.00022295,0.00022295,0.00209897,0.01721191,36.0,36.0,68.0
2026-04-07,ibm_marrakesh,12,164.9002,62.3547,0.00032713,0.00032713,0.00183535,0.0065918,36.0,36.0,80.0
2026-04-07,ibm_marrakesh,13,204.3235,165.097,0.00026334,0.00026334,0.00176742,0.00512695,36.0,36.0,80.0
2026-04-07,ibm_marrakesh,14,190.4253,78.3045,0.00020871,0.00020871,0.00149004,0.00378418,36.0,36.0,68.0
2026-04-07,ibm_marrakesh,15,245.3704,27.0429,0.00010765,0.00010765,,0.00524902,36.0,36.0,
2026-04-07,ibm_marrakesh,16,117.5734,41.2029,0.00032324,0.00032324,,0.08081055,36.0,36.0,
2026-04-07,ibm_marrakesh,17,303.1816,10.7715,0.00029645,0.00029645,,0.01525879,36.0,36.0,
2026-04-07,ibm_marrakesh,18,106.1568,78.4653,0.00039241,0.00039241,,0.00842285,36.0,36.0,
2026-04-07,ibm_marrakesh,19,158.1707,65.5264,0.00017726,0.00017726,,0.00402832,36.0,36.0,
2026-04-06,ibm_marrakesh,10,256.5304,193.7573,0.00016607,0.00016607,0.00201176,0.00756836,36.0,36.0,68.0
2026-04-06,ibm_marrakesh,11,349.1598,44.7148,0.00039714,0.00039714,0.00109094,0.01062012,36.0,36.0,68.0
2026-04-06,ibm_marrakesh,12,322.0004,167.2499,0.00019415,0.00019415,0.0013673,0.00305176,36.0,36.0,80.0
2026-04-06,ibm_marrakesh,13,220.4311,201.0842,0.00028448,0.00028448,0.00134115,0.00695801,36.0,36.0,80.0
2026-04-06,ibm_marrakesh,14,279.8767,126.2259,0.00021271,0.00021271,0.00120711,0.00537109,36.0,36.0,68.0
2026-04-06,ibm_marrakesh,15,296.4686,31.0381,0.00012889,0.00012889,,0.02478027,36.0,36.0,
2026-04-06,ibm_marrakesh,16,119.351,15.6697,0.00034971,0.00034971,,0.02172852,36.0,36.0,
2026-04-06,ibm_marrakesh,17,160.6347,8.4428,0.00034373,0.00034373,,0.00646973,36.0,36.0,
2026-04-06,ibm_marrakesh,18,107.4669,105.431,0.00041938,0.00041938,,0.01074219,36.0,36.0,
2026-04-06,ibm_marrakesh,19,115.015,56.3353,0.00020426,0.00020426,,0.01281738,36.0,36.0,
2026-04-05,ibm_marrakesh,10,310.9297,145.6322,0.00032387,0.00032387,0.00296581,0.00537109,36.0,36.0,68.0
2026-04-05,ibm_marrakesh,11,349.1598,187.8733,0.00036905,0.00036905,0.00173588,0.00964355,36.0,36.0,68.0
2026-04-05,ibm_marrakesh,12,200.149,120.9152,0.00015829,0.00015829,0.00161266,0.00720215,36.0,36.0,80.0
2026-04-05,ibm_marrakesh,13,132.2753,118.1278,0.00026643,0.00026643,0.00142265,0.00878906,36.0,36.0,80.0
2026-04-05,ibm_marrakesh,14,365.9348,72.6471,0.00018235,0.00018235,0.01052516,0.00280762,36.0,36.0,68.0
2026-04-05,ibm_marrakesh,15,330.4092,30.7962,0.00019096,0.00019096,,0.0057373,36.0,36.0,
2026-04-05,ibm_marrakesh,16,146.228,41.0236,0.00040168,0.00040168,,0.01672363,36.0,36.0,
2026-04-05,ibm_marrakesh,17,61.1783,9.9221,0.00051367,0.00051367,,0.00439453,36.0,36.0,
2026-04-05,ibm_marrakesh,18,114.9829,101.7391,0.00027757,0.00027757,,0.01208496,36.0,36.0,
2026-04-05,ibm_marrakesh,19,162.7507,66.7878,0.0002509,0.0002509,,0.00585938,36.0,36.0,
2026-04-04,ibm_marrakesh,10,310.9297,145.6322,0.00032387,0.00032387,0.00296581,0.00537109,36.0,36.0,68.0
2026-04-04,ibm_marrakesh,11,349.1598,187.8733,0.00036905,0.00036905,0.00173588,0.00964355,36.0,36.0,68.0
2026-04-04,ibm_marrakesh,12,200.149,120.9152,0.00015829,0.00015829,0.00161266,0.00720215,36.0,36.0,80.0
2026-04-04,ibm_marrakesh,13,132.2753,118.1278,0.00026643,0.00026643,0.00142265,0.00878906,36.0,36.0,80.0
2026-04-04,ibm_marrakesh,14,365.9348,72.6471,0.00018235,0.00018235,0.01052516,0.00280762,36.0,36.0,68.0
2026-04-04,ibm_marrakesh,15,330.4092,30.7962,0.00019096,0.00019096,,0.0057373,36.0,36.0,
2026-04-04,ibm_marrakesh,16,146.228,41.0236,0.00040168,0.00040168,,0.01672363,36.0,36.0,
2026-04-04,ibm_marrakesh,17,61.1783,9.9221,0.00051367,0.00051367,,0.00439453,36.0,36.0,
2026-04-04,ibm_marrakesh,18,114.9829,101.7391,0.00027757,0.00027757,,0.01208496,36.0,36.0,
2026-04-04,ibm_marrakesh,19,162.7507,66.7878,0.0002509,0.0002509,,0.00585938,36.0,36.0,
2026-04-03,ibm_marrakesh,10,310.9297,145.6322,0.00019812,0.00019812,0.00197943,0.00952148,36.0,36.0,68.0
2026-04-03,ibm_marrakesh,11,349.1598,187.8733,0.00039315,0.00039315,0.00223059,0.01367188,36.0,36.0,68.0
2026-04-03,ibm_marrakesh,12,200.149,120.9152,0.00029201,0.00029201,0.00182166,0.00561523,36.0,36.0,80.0
2026-04-03,ibm_marrakesh,13,132.2753,118.1278,0.00015888,0.00015888,0.00161114,0.01245117,36.0,36.0,80.0
2026-04-03,ibm_marrakesh,14,365.9348,72.6471,0.00029241,0.00029241,0.01052516,0.00488281,36.0,36.0,68.0
2026-04-03,ibm_marrakesh,15,330.4092,30.7962,0.00015294,0.00015294,,0.00390625,36.0,36.0,
2026-04-03,ibm_marrakesh,16,146.228,41.0236,0.00039549,0.00039549,,0.0168457,36.0,36.0,
2026-04-03,ibm_marrakesh,17,61.1783,9.9221,0.00036491,0.00036491,,0.00830078,36.0,36.0,
2026-04-03,ibm_marrakesh,18,114.9829,101.7391,0.00041824,0.00041824,,0.00952148,36.0,36.0,
2026-04-03,ibm_marrakesh,19,162.7507,66.7878,0.00021968,0.00021968,,0.00512695,36.0,36.0,
2026-04-02,ibm_marrakesh,10,314.3899,165.2466,0.00016208,0.00016208,0.00308679,0.00463867,36.0,36.0,68.0
2026-04-02,ibm_marrakesh,11,270.9458,202.2615,0.00037564,0.00037564,0.00112254,0.00805664,36.0,36.0,68.0
2026-04-02,ibm_marrakesh,12,270.4388,151.3629,0.00015965,0.00015965,0.00144936,0.00537109,36.0,36.0,80.0
2026-04-02,ibm_marrakesh,13,203.672,183.1637,0.00026691,0.00026691,0.0016134,0.01074219,36.0,36.0,80.0
2026-04-02,ibm_marrakesh,14,325.0457,136.1344,0.00014263,0.00014263,0.00144831,0.01391602,36.0,36.0,68.0
2026-04-02,ibm_marrakesh,15,361.6361,31.1205,0.00015228,0.00015228,,0.02416992,36.0,36.0,
2026-04-02,ibm_marrakesh,16,132.0355,86.0227,0.00042076,0.00042076,,0.01171875,36.0,36.0,
2026-04-02,ibm_marrakesh,17,167.1896,10.5818,0.00020978,0.00020978,,0.00390625,36.0,36.0,
2026-04-02,ibm_marrakesh,18,90.1429,92.8297,0.00029759,0.00029759,,0.00854492,36.0,36.0,
2026-04-02,ibm_marrakesh,19,147.7446,64.9079,0.00018193,0.00018193,,0.01000977,36.0,36.0,
2026-04-01,ibm_marrakesh,10,302.0648,164.0313,0.00016208,0.00016208,0.0026537,0.00463867,36.0,36.0,68.0
2026-04-01,ibm_marrakesh,11,314.449,238.0902,0.00037564,0.00037564,0.00180467,0.02416992,36.0,36.0,68.0
2026-04-01,ibm_marrakesh,12,326.098,174.113,0.00015965,0.00015965,0.00216614,0.00488281,36.0,36.0,80.0
2026-04-01,ibm_marrakesh,13,204.125,173.0774,0.00026691,0.00026691,0.00150879,0.00927734,36.0,36.0,80.0
2026-04-01,ibm_marrakesh,14,328.84,108.1017,0.00014263,0.00014263,0.00110837,0.00830078,36.0,36.0,68.0
2026-04-01,ibm_marrakesh,15,355.2079,28.5393,0.00015228,0.00015228,,0.00854492,36.0,36.0,
2026-04-01,ibm_marrakesh,16,98.2562,75.2865,0.00042076,0.00042076,,0.00830078,36.0,36.0,
2026-04-01,ibm_marrakesh,17,206.5352,12.6406,0.00020978,0.00020978,,0.00585938,36.0,36.0,
2026-04-01,ibm_marrakesh,18,115.2885,122.4628,0.00029759,0.00029759,,0.0090332,36.0,36.0,
2026-04-01,ibm_marrakesh,19,129.7338,71.9949,0.00018193,0.00018193,,0.00317383,36.0,36.0,
2026-03-31,ibm_marrakesh,10,353.4682,159.771,0.00018643,0.00018643,0.00245917,0.00769043,36.0,36.0,68.0
2026-03-31,ibm_marrakesh,11,303.0794,197.7755,0.00029197,0.00029197,0.00115846,0.01123047,36.0,36.0,68.0
2026-03-31,ibm_marrakesh,12,272.1016,122.6517,0.0002197,0.0002197,0.00342771,0.00378418,36.0,36.0,80.0
2026-03-31,ibm_marrakesh,13,216.2292,179.1325,0.0003807,0.0003807,0.00157747,0.03479004,36.0,36.0,80.0
2026-03-31,ibm_marrakesh,14,205.9506,69.6717,0.00012867,0.00012867,0.00107583,0.00500488,36.0,36.0,68.0
2026-03-31,ibm_marrakesh,15,419.4689,38.4304,0.00014454,0.00014454,,0.00402832,36.0,36.0,
2026-03-31,ibm_marrakesh,16,125.0729,102.5201,0.00051857,0.00051857,,0.0144043,36.0,36.0,
2026-03-31,ibm_marrakesh,17,180.5006,10.53,0.00059321,0.00059321,,0.00524902,36.0,36.0,
2026-03-31,ibm_marrakesh,18,103.4353,75.6406,0.00030492,0.00030492,,0.01574707,36.0,36.0,
2026-03-31,ibm_marrakesh,19,137.2358,59.6993,0.00029803,0.00029803,,0.00561523,36.0,36.0,
2026-03-30,ibm_marrakesh,10,296.9977,195.4952,0.00033574,0.00033574,0.0021749,0.00854492,36.0,36.0,68.0
2026-03-30,ibm_marrakesh,11,123.7248,134.0134,0.00035842,0.00035842,0.0023286,0.0690918,36.0,36.0,68.0
2026-03-30,ibm_marrakesh,12,272.4516,170.0596,0.00021127,0.00021127,0.00186139,0.00537109,36.0,36.0,80.0
2026-03-30,ibm_marrakesh,13,130.7397,113.2392,0.00016009,0.00016009,0.00159259,0.00732422,36.0,36.0,80.0
2026-03-30,ibm_marrakesh,14,344.2799,149.7425,0.00017761,0.00017761,0.00103593,0.00268555,36.0,36.0,68.0
2026-03-30,ibm_marrakesh,15,459.9269,30.278,0.00010821,0.00010821,,0.00354004,36.0,36.0,
2026-03-30,ibm_marrakesh,16,150.1624,107.4041,0.00049202,0.00049202,,0.00952148,36.0,36.0,
2026-03-30,ibm_marrakesh,17,252.1253,8.3765,0.00057731,0.00057731,,0.0057373,36.0,36.0,
2026-03-30,ibm_marrakesh,18,84.9115,73.4087,0.00051985,0.00051985,,0.21740723,36.0,36.0,
2026-03-30,ibm_marrakesh,19,162.8601,58.7096,0.00016877,0.00016877,,0.00854492,36.0,36.0,
2026-03-29,ibm_marrakesh,10,296.9977,195.4952,0.00021459,0.00021459,0.00255762,0.00463867,36.0,36.0,68.0
2026-03-29,ibm_marrakesh,11,123.7248,134.0134,0.00093512,0.00093512,0.00184107,0.01147461,36.0,36.0,68.0
2026-03-29,ibm_marrakesh,12,272.4516,170.0596,0.00027212,0.00027212,0.00294272,0.00488281,36.0,36.0,80.0
2026-03-29,ibm_marrakesh,13,130.7397,113.2392,0.00025249,0.00025249,0.00159259,0.00537109,36.0,36.0,80.0
2026-03-29,ibm_marrakesh,14,344.2799,149.7425,0.00056269,0.00056269,0.00196385,0.00439453,36.0,36.0,68.0
2026-03-29,ibm_marrakesh,15,459.9269,30.278,0.00028012,0.00028012,,0.00366211,36.0,36.0,
2026-03-29,ibm_marrakesh,16,150.1624,107.4041,0.00043754,0.00043754,,0.04614258,36.0,36.0,
2026-03-29,ibm_marrakesh,17,252.1253,8.3765,0.00036909,0.00036909,,0.00878906,36.0,36.0,
2026-03-29,ibm_marrakesh,18,84.9115,73.4087,0.00032125,0.00032125,,0.01220703,36.0,36.0,
2026-03-29,ibm_marrakesh,19,162.8601,58.7096,0.00022851,0.00022851,,0.00439453,36.0,36.0,
2026-03-28,ibm_marrakesh,10,209.956,140.3598,0.00042524,0.00042524,0.00260382,0.00488281,36.0,36.0,68.0
2026-03-28,ibm_marrakesh,11,219.8047,158.573,0.00084962,0.00084962,0.00162907,0.01757812,36.0,36.0,68.0
2026-03-28,ibm_marrakesh,12,172.5235,146.9188,0.00017328,0.00017328,0.00186338,0.00463867,36.0,36.0,80.0
2026-03-28,ibm_marrakesh,13,189.3513,188.425,0.00033285,0.00033285,0.00129901,0.00585938,36.0,36.0,80.0
2026-03-28,ibm_marrakesh,14,286.9375,125.0676,0.0001187,0.0001187,0.00109384,0.00219727,36.0,36.0,68.0
2026-03-28,ibm_marrakesh,15,369.9819,32.9254,0.00013863,0.00013863,,0.00854492,36.0,36.0,
2026-03-28,ibm_marrakesh,16,155.7539,88.7301,0.00055904,0.00055904,,0.00952148,36.0,36.0,
2026-03-28,ibm_marrakesh,17,252.1253,9.9479,0.00051164,0.00051164,,0.00390625,36.0,36.0,
2026-03-28,ibm_marrakesh,18,95.1208,127.8385,0.00028006,0.00028006,,0.0090332,36.0,36.0,
2026-03-28,ibm_marrakesh,19,135.4468,69.3743,0.00025171,0.00025171,,0.00732422,36.0,36.0,
2026-03-27,ibm_marrakesh,10,332.8152,158.9313,0.00025147,0.00025147,0.00274207,0.00402832,36.0,36.0,68.0
2026-03-27,ibm_marrakesh,11,336.4401,212.6099,0.00057208,0.00057208,0.00141513,0.00866699,36.0,36.0,68.0
2026-03-27,ibm_marrakesh,12,231.7213,145.9157,0.00019577,0.00019577,0.00177231,0.00622559,36.0,36.0,80.0
2026-03-27,ibm_marrakesh,13,175.4897,163.7016,0.00145172,0.00145172,0.00176336,0.03515625,36.0,36.0,80.0
2026-03-27,ibm_marrakesh,14,203.9761,109.5224,0.00020353,0.00020353,0.00109384,0.00415039,36.0,36.0,68.0
2026-03-27,ibm_marrakesh,15,325.3257,28.0679,9.75e-05,9.75e-05,,0.00488281,36.0,36.0,
2026-03-27,ibm_marrakesh,16,143.1685,52.9988,0.00054214,0.00054214,,0.00927734,36.0,36.0,
2026-03-27,ibm_marrakesh,17,269.3677,9.9786,0.00083937,0.00083937,,0.00842285,36.0,36.0,
2026-03-27,ibm_marrakesh,18,74.6591,39.5474,0.00035123,0.00035123,,0.00976562,36.0,36.0,
2026-03-27,ibm_marrakesh,19,155.6623,52.6715,0.00023768,0.00023768,,0.00683594,36.0,36.0,
2026-03-26,ibm_marrakesh,10,273.11,94.9727,0.00016837,0.00016837,0.00122512,0.0078125,36.0,36.0,68.0
2026-03-26,ibm_marrakesh,11,364.1889,121.9695,0.00042364,0.00042364,0.0019478,0.0135498,36.0,36.0,68.0
2026-03-26,ibm_marrakesh,12,304.752,139.6256,0.00024424,0.00024424,0.002818,0.00439453,36.0,36.0,80.0
2026-03-26,ibm_marrakesh,13,165.6597,172.6818,0.00031605,0.00031605,0.00176336,0.00720215,36.0,36.0,80.0
2026-03-26,ibm_marrakesh,14,179.9115,103.5872,0.00016074,0.00016074,0.00121624,0.00366211,36.0,36.0,68.0
2026-03-26,ibm_marrakesh,15,357.8141,33.2823,0.00013022,0.00013022,,0.00341797,36.0,36.0,
2026-03-26,ibm_marrakesh,16,95.3369,75.9269,0.00046798,0.00046798,,0.00732422,36.0,36.0,
2026-03-26,ibm_marrakesh,17,228.2319,10.0198,0.00029799,0.00029799,,0.00622559,36.0,36.0,
2026-03-26,ibm_marrakesh,18,112.7529,66.8708,0.00032747,0.00032747,,0.01379395,36.0,36.0,
2026-03-26,ibm_marrakesh,19,144.4349,64.6644,0.00018049,0.00018049,,0.00463867,36.0,36.0,
2026-03-25,ibm_marrakesh,10,260.4685,203.0295,0.00017701,0.00017701,0.00202328,0.00366211,36.0,36.0,68.0
2026-03-25,ibm_marrakesh,11,345.204,238.7778,0.00025061,0.00025061,0.00248533,0.0123291,36.0,36.0,68.0
2026-03-25,ibm_marrakesh,12,236.6466,135.279,0.00016046,0.00016046,0.00274041,0.00524902,36.0,36.0,80.0
2026-03-25,ibm_marrakesh,13,186.3351,207.5379,0.00023662,0.00023662,0.00145291,0.00439453,36.0,36.0,80.0
2026-03-25,ibm_marrakesh,14,315.9657,137.8527,0.00017843,0.00017843,0.00125612,0.00305176,36.0,36.0,68.0
2026-03-25,ibm_marrakesh,15,396.3054,32.2783,0.00019501,0.00019501,,0.00708008,36.0,36.0,
2026-03-25,ibm_marrakesh,16,141.5348,34.2259,0.00031299,0.00031299,,0.01733398,36.0,36.0,
2026-03-25,ibm_marrakesh,17,115.7099,10.3477,0.00039592,0.00039592,,0.00610352,36.0,36.0,
2026-03-25,ibm_marrakesh,18,120.1806,124.7909,0.00024692,0.00024692,,0.01098633,36.0,36.0,
2026-03-25,ibm_marrakesh,19,148.1845,57.6099,0.00032255,0.00032255,,0.00415039,36.0,36.0,
2026-03-24,ibm_marrakesh,10,226.093,110.9418,0.00017701,0.00017701,0.00202328,0.00610352,36.0,36.0,68.0
2026-03-24,ibm_marrakesh,11,268.914,207.6992,0.00025061,0.00025061,0.00248533,0.00708008,36.0,36.0,68.0
2026-03-24,ibm_marrakesh,12,236.6466,135.279,0.00016046,0.00016046,0.00274041,0.01000977,36.0,36.0,80.0
2026-03-24,ibm_marrakesh,13,169.1188,159.8188,0.00023662,0.00023662,0.00145291,0.03833008,36.0,36.0,80.0
2026-03-24,ibm_marrakesh,14,335.7454,129.5781,0.00017843,0.00017843,0.00125612,0.00610352,36.0,36.0,68.0
2026-03-24,ibm_marrakesh,15,222.6192,30.1746,0.00019501,0.00019501,,0.02319336,36.0,36.0,
2026-03-24,ibm_marrakesh,16,155.1656,104.6235,0.00031299,0.00031299,,0.01391602,36.0,36.0,
2026-03-24,ibm_marrakesh,17,148.033,11.2204,0.00039592,0.00039592,,0.0090332,36.0,36.0,
2026-03-24,ibm_marrakesh,18,119.7924,129.9062,0.00024692,0.00024692,,0.01538086,36.0,36.0,
2026-03-24,ibm_marrakesh,19,156.2179,64.0527,0.00032255,0.00032255,,0.00756836,36.0,36.0,
2026-03-23,ibm_marrakesh,10,322.758,127.6883,0.00019483,0.00019483,0.00141271,0.00695801,36.0,36.0,68.0
2026-03-23,ibm_marrakesh,11,300.108,152.5117,0.00084405,0.00084405,0.00156066,0.02697754,36.0,36.0,68.0
2026-03-23,ibm_marrakesh,12,283.1088,115.685,0.00020649,0.00020649,0.00170018,0.00268555,36.0,36.0,80.0
2026-03-23,ibm_marrakesh,13,191.7204,206.5486,0.00028401,0.00028401,0.00128265,0.01379395,36.0,36.0,80.0
2026-03-23,ibm_marrakesh,14,166.9631,109.4756,0.00023824,0.00023824,0.00113157,0.00830078,36.0,36.0,68.0
2026-03-23,ibm_marrakesh,15,284.8979,31.9294,0.00015172,0.00015172,,0.00646973,36.0,36.0,
2026-03-23,ibm_marrakesh,16,121.5312,17.5865,0.00039016,0.00039016,,0.00744629,36.0,36.0,
2026-03-23,ibm_marrakesh,17,265.7225,10.0386,0.00051653,0.00051653,,0.00927734,36.0,36.0,
2026-03-23,ibm_marrakesh,18,109.3567,96.0028,0.00025163,0.00025163,,0.01086426,36.0,36.0,
2026-03-23,ibm_marrakesh,19,148.3581,57.4305,0.0001655,0.0001655,,0.00500488,36.0,36.0,
2026-03-22,ibm_marrakesh,10,330.5404,163.8652,0.00017365,0.00017365,0.00141271,0.00537109,36.0,36.0,68.0
2026-03-22,ibm_marrakesh,11,252.7091,137.5519,0.00084405,0.00084405,0.00115741,0.00939941,36.0,36.0,68.0
2026-03-22,ibm_marrakesh,12,297.2993,171.5683,0.00014651,0.00014651,0.00139108,0.00439453,36.0,36.0,80.0
2026-03-22,ibm_marrakesh,13,202.9899,193.9544,0.00023549,0.00023549,0.00110529,0.00549316,36.0,36.0,80.0
2026-03-22,ibm_marrakesh,14,174.8173,78.3095,0.00016383,0.00016383,0.00115588,0.00317383,36.0,36.0,68.0
2026-03-22,ibm_marrakesh,15,308.3364,34.0915,0.00014075,0.00014075,,0.0045166,36.0,36.0,
2026-03-22,ibm_marrakesh,16,121.5312,29.14,0.00040626,0.00040626,,0.01257324,36.0,36.0,
2026-03-22,ibm_marrakesh,17,229.2848,10.1676,0.00055913,0.00055913,,0.01342773,36.0,36.0,
2026-03-22,ibm_marrakesh,18,78.2228,54.8729,0.00043194,0.00043194,,0.02392578,36.0,36.0,
2026-03-22,ibm_marrakesh,19,140.5317,67.2666,0.00019088,0.00019088,,0.00402832,36.0,36.0,
2026-03-21,ibm_marrakesh,10,243.8844,147.1172,0.00017365,0.00017365,0.00168309,0.00842285,36.0,36.0,68.0
2026-03-21,ibm_marrakesh,11,232.456,167.8837,0.00084405,0.00084405,0.00147857,0.02111816,36.0,36.0,68.0
2026-03-21,ibm_marrakesh,12,261.9137,140.1572,0.00014651,0.00014651,0.00207094,0.00415039,36.0,36.0,80.0
2026-03-21,ibm_marrakesh,13,228.8788,215.5029,0.00023549,0.00023549,0.00146825,0.00500488,36.0,36.0,80.0
2026-03-21,ibm_marrakesh,14,297.5309,107.4384,0.00016383,0.00016383,0.00125818,0.00622559,36.0,36.0,68.0
2026-03-21,ibm_marrakesh,15,391.1789,28.4698,0.00014075,0.00014075,,0.00292969,36.0,36.0,
2026-03-21,ibm_marrakesh,16,148.3899,79.3969,0.00040626,0.00040626,,0.00964355,36.0,36.0,
2026-03-21,ibm_marrakesh,17,158.7638,10.1112,0.00055913,0.00055913,,0.00732422,36.0,36.0,
2026-03-21,ibm_marrakesh,18,115.7533,14.966,0.00043194,0.00043194,,0.01757812,36.0,36.0,
2026-03-21,ibm_marrakesh,19,153.7362,78.0661,0.00019088,0.00019088,,0.0098877,36.0,36.0,
2026-03-20,ibm_marrakesh,10,347.7262,242.8091,0.00017027,0.00017027,0.00154691,0.00549316,36.0,36.0,68.0
2026-03-20,ibm_marrakesh,11,363.0133,216.3719,0.00031949,0.00031949,0.00182372,0.01159668,36.0,36.0,68.0
2026-03-20,ibm_marrakesh,12,298.7367,141.2235,0.00019129,0.00019129,0.00146438,0.00427246,36.0,36.0,80.0
2026-03-20,ibm_marrakesh,13,222.1181,203.1579,0.00025835,0.00025835,0.00142729,0.00488281,36.0,36.0,80.0
2026-03-20,ibm_marrakesh,14,240.3441,114.7813,0.00016881,0.00016881,0.00136195,0.00476074,36.0,36.0,68.0
2026-03-20,ibm_marrakesh,15,345.2979,28.4909,8.053e-05,8.053e-05,,0.0045166,36.0,36.0,
2026-03-20,ibm_marrakesh,16,137.0703,75.6364,0.00040626,0.00040626,,0.00805664,36.0,36.0,
2026-03-20,ibm_marrakesh,17,297.2138,52.4278,0.00042501,0.00042501,,0.00317383,36.0,36.0,
2026-03-20,ibm_marrakesh,18,115.7533,75.6402,0.00041857,0.00041857,,0.00964355,36.0,36.0,
2026-03-20,ibm_marrakesh,19,124.312,51.7335,0.00018438,0.00018438,,0.05627441,36.0,36.0,
2026-03-19,ibm_marrakesh,10,308.136,161.5383,0.00024289,0.00024289,0.00187917,0.00537109,36.0,36.0,68.0
2026-03-19,ibm_marrakesh,11,282.0195,212.3627,0.00043102,0.00043102,0.00145815,0.00830078,36.0,36.0,68.0
2026-03-19,ibm_marrakesh,12,204.3239,104.8419,0.00015484,0.00015484,0.00153811,0.00500488,36.0,36.0,80.0
2026-03-19,ibm_marrakesh,13,209.3465,194.6256,0.00028978,0.00028978,0.00103367,0.0045166,36.0,36.0,80.0
2026-03-19,ibm_marrakesh,14,329.4615,150.4841,0.00014999,0.00014999,0.0013393,0.00317383,36.0,36.0,68.0
2026-03-19,ibm_marrakesh,15,224.9936,25.8884,9.156e-05,9.156e-05,,0.00646973,36.0,36.0,
2026-03-19,ibm_marrakesh,16,163.5344,142.8397,0.00038266,0.00038266,,0.0098877,36.0,36.0,
2026-03-19,ibm_marrakesh,17,195.9535,17.6043,0.00036172,0.00036172,,0.00402832,36.0,36.0,
2026-03-19,ibm_marrakesh,18,93.4891,90.2015,0.00032329,0.00032329,,0.0135498,36.0,36.0,
2026-03-19,ibm_marrakesh,19,138.1797,58.5469,0.00043463,0.00043463,,0.00476074,36.0,36.0,
2026-03-18,ibm_marrakesh,10,275.9329,126.3007,0.00024712,0.00024712,0.00164129,0.01403809,36.0,36.0,68.0
2026-03-18,ibm_marrakesh,11,396.299,255.2686,0.00024892,0.00024892,0.00173148,0.01330566,36.0,36.0,68.0
2026-03-18,ibm_marrakesh,12,232.0609,109.5734,0.00026654,0.00026654,0.00198751,0.01000977,36.0,36.0,80.0
2026-03-18,ibm_marrakesh,13,190.4317,188.754,0.00032132,0.00032132,0.00154995,0.00537109,36.0,36.0,80.0
2026-03-18,ibm_marrakesh,14,316.2246,123.7294,0.00014584,0.00014584,0.0015946,0.01171875,36.0,36.0,68.0
2026-03-18,ibm_marrakesh,15,231.3658,30.3002,0.00025941,0.00025941,,0.00695801,36.0,36.0,
2026-03-18,ibm_marrakesh,16,144.903,76.2264,0.00027964,0.00027964,,0.01086426,36.0,36.0,
2026-03-18,ibm_marrakesh,17,191.8033,8.7984,0.00034035,0.00034035,,0.00695801,36.0,36.0,
2026-03-18,ibm_marrakesh,18,100.812,76.8666,0.00040486,0.00040486,,0.01159668,36.0,36.0,
2026-03-18,ibm_marrakesh,19,133.9334,65.6059,0.00013379,0.00013379,,0.0057373,36.0,36.0,
2026-03-17,ibm_marrakesh,10,275.9329,126.3007,0.00024712,0.00024712,0.00164129,0.00292969,36.0,36.0,68.0
2026-03-17,ibm_marrakesh,11,396.299,255.2686,0.00024892,0.00024892,0.00173148,0.01293945,36.0,36.0,68.0
2026-03-17,ibm_marrakesh,12,232.0609,109.5734,0.00026654,0.00026654,0.00198751,0.01049805,36.0,36.0,80.0
2026-03-17,ibm_marrakesh,13,190.4317,188.754,0.00032132,0.00032132,0.00154995,0.00561523,36.0,36.0,80.0
2026-03-17,ibm_marrakesh,14,316.2246,123.7294,0.00014584,0.00014584,0.0015946,0.00195312,36.0,36.0,68.0
2026-03-17,ibm_marrakesh,15,231.3658,30.3002,0.00025941,0.00025941,,0.00976562,36.0,36.0,
2026-03-17,ibm_marrakesh,16,144.903,76.2264,0.00027964,0.00027964,,0.01196289,36.0,36.0,
2026-03-17,ibm_marrakesh,17,191.8033,8.7984,0.00034035,0.00034035,,0.00537109,36.0,36.0,
2026-03-17,ibm_marrakesh,18,100.812,76.8666,0.00040486,0.00040486,,0.01123047,36.0,36.0,
2026-03-17,ibm_marrakesh,19,133.9334,65.6059,0.00013379,0.00013379,,0.01147461,36.0,36.0,
2026-03-16,ibm_marrakesh,10,298.6484,153.5421,0.0001697,0.0001697,0.00147372,0.00793457,36.0,36.0,68.0
2026-03-16,ibm_marrakesh,11,202.9019,190.9088,0.00011868,0.00011868,0.00179953,0.00842285,36.0,36.0,68.0
2026-03-16,ibm_marrakesh,12,234.4871,119.6359,0.00022787,0.00022787,0.00156802,0.00610352,36.0,36.0,80.0
2026-03-16,ibm_marrakesh,13,138.6258,135.1321,0.00017159,0.00017159,0.00125174,0.01586914,36.0,36.0,80.0
2026-03-16,ibm_marrakesh,14,244.3951,128.3681,0.00015489,0.00015489,0.0015144,0.00537109,36.0,36.0,68.0
2026-03-16,ibm_marrakesh,15,313.8645,28.3118,0.00011415,0.00011415,,0.00378418,36.0,36.0,
2026-03-16,ibm_marrakesh,16,147.7372,86.4026,0.00035447,0.00035447,,0.00939941,36.0,36.0,
2026-03-16,ibm_marrakesh,17,234.6076,12.9566,0.00028668,0.00028668,,0.00537109,36.0,36.0,
2026-03-16,ibm_marrakesh,18,120.5378,89.3638,0.00041627,0.00041627,,0.01306152,36.0,36.0,
2026-03-16,ibm_marrakesh,19,145.6806,60.4268,0.00042344,0.00042344,,0.00756836,36.0,36.0,
2026-03-15,ibm_marrakesh,10,316.4879,131.0263,0.0001697,0.0001697,0.00147372,0.00476074,36.0,36.0,68.0
2026-03-15,ibm_marrakesh,11,184.097,130.3792,0.00011868,0.00011868,0.00179953,0.02563477,36.0,36.0,68.0
2026-03-15,ibm_marrakesh,12,263.2985,134.7121,0.00022787,0.00022787,0.00156802,0.00732422,36.0,36.0,80.0
2026-03-15,ibm_marrakesh,13,232.4182,170.8919,0.00017159,0.00017159,0.00125174,0.00537109,36.0,36.0,80.0
2026-03-15,ibm_marrakesh,14,359.3304,117.6606,0.00015489,0.00015489,0.0015144,0.00537109,36.0,36.0,68.0
2026-03-15,ibm_marrakesh,15,390.0677,42.7802,0.00011415,0.00011415,,0.0065918,36.0,36.0,
2026-03-15,ibm_marrakesh,16,133.5076,129.7278,0.00035447,0.00035447,,0.00561523,36.0,36.0,
2026-03-15,ibm_marrakesh,17,332.7598,10.2076,0.00028668,0.00028668,,0.0065918,36.0,36.0,
2026-03-15,ibm_marrakesh,18,109.4939,81.3147,0.00041627,0.00041627,,0.01965332,36.0,36.0,
2026-03-15,ibm_marrakesh,19,110.511,48.6319,0.00042344,0.00042344,,0.0057373,36.0,36.0,
2026-03-14,ibm_marrakesh,10,365.187,124.3982,0.00014157,0.00014157,0.00151785,0.01953125,36.0,36.0,68.0
2026-03-14,ibm_marrakesh,11,276.2235,112.339,0.00040184,0.00040184,0.00199446,0.04406738,36.0,36.0,68.0
2026-03-14,ibm_marrakesh,12,140.8805,78.3384,0.00017337,0.00017337,0.0027998,0.00598145,36.0,36.0,80.0
2026-03-14,ibm_marrakesh,13,201.9514,197.7958,0.0002222,0.0002222,0.00131188,0.0045166,36.0,36.0,80.0
2026-03-14,ibm_marrakesh,14,248.2619,111.9522,0.00015489,0.00015489,0.00285871,0.0032959,36.0,36.0,68.0
2026-03-14,ibm_marrakesh,15,333.1105,30.3362,0.00016343,0.00016343,,0.05322266,36.0,36.0,
2026-03-14,ibm_marrakesh,16,154.4024,101.7266,0.00042982,0.00042982,,0.01184082,36.0,36.0,
2026-03-14,ibm_marrakesh,17,274.8448,10.7896,0.00027779,0.00027779,,0.00585938,36.0,36.0,
2026-03-14,ibm_marrakesh,18,102.3071,71.3788,0.00036543,0.00036543,,0.00854492,36.0,36.0,
2026-03-14,ibm_marrakesh,19,129.9516,65.5268,0.00037445,0.00037445,,0.00427246,36.0,36.0,
2026-03-13,ibm_marrakesh,10,289.0054,175.927,0.0002752,0.0002752,0.00172539,0.00427246,36.0,36.0,68.0
2026-03-13,ibm_marrakesh,11,332.899,210.7267,0.00048748,0.00048748,0.00159654,0.04858398,36.0,36.0,68.0
2026-03-13,ibm_marrakesh,12,311.0608,177.0874,0.00022515,0.00022515,0.00208902,0.00512695,36.0,36.0,80.0
2026-03-13,ibm_marrakesh,13,169.7523,140.5193,0.00022461,0.00022461,0.00250168,0.00524902,36.0,36.0,80.0
2026-03-13,ibm_marrakesh,14,169.2986,37.1805,0.00029233,0.00029233,0.00285871,0.01159668,36.0,36.0,68.0
2026-03-13,ibm_marrakesh,15,347.9782,48.7228,0.0001092,0.0001092,,0.06066895,36.0,36.0,
2026-03-13,ibm_marrakesh,16,132.2956,17.6137,0.00020785,0.00020785,,0.01391602,36.0,36.0,
2026-03-13,ibm_marrakesh,17,240.3253,10.4575,0.0003249,0.0003249,,0.00744629,36.0,36.0,
2026-03-13,ibm_marrakesh,18,80.4256,67.7979,0.00066445,0.00066445,,0.02441406,36.0,36.0,
2026-03-13,ibm_marrakesh,19,165.4714,65.919,0.00021887,0.00021887,,0.00891113,36.0,36.0,
2026-03-12,ibm_marrakesh,10,185.9886,100.9136,0.00021634,0.00021634,0.00168041,0.00598145,36.0,36.0,68.0
2026-03-12,ibm_marrakesh,11,268.3462,108.5359,0.00015539,0.00015539,0.00146099,0.01367188,36.0,36.0,68.0
2026-03-12,ibm_marrakesh,12,280.8927,148.0127,0.00015109,0.00015109,0.00187291,0.00537109,36.0,36.0,80.0
2026-03-12,ibm_marrakesh,13,193.6348,201.2207,0.00026477,0.00026477,0.00147346,0.00805664,36.0,36.0,80.0
2026-03-12,ibm_marrakesh,14,169.2986,102.1088,0.00013763,0.00013763,0.00156789,0.0045166,36.0,36.0,68.0
2026-03-12,ibm_marrakesh,15,265.8488,32.0757,0.00023582,0.00023582,,0.00268555,36.0,36.0,
2026-03-12,ibm_marrakesh,16,132.2956,103.167,0.0006327,0.0006327,,0.01025391,36.0,36.0,
2026-03-12,ibm_marrakesh,17,111.47,7.5193,0.00024202,0.00024202,,0.00500488,36.0,36.0,
2026-03-12,ibm_marrakesh,18,88.4275,43.2845,0.00033222,0.00033222,,0.03369141,36.0,36.0,
2026-03-12,ibm_marrakesh,19,128.9154,49.6078,0.00020963,0.00020963,,0.00524902,36.0,36.0,
2026-03-11,ibm_marrakesh,10,181.0272,115.7332,0.00021634,0.00021634,0.00174433,0.00415039,36.0,36.0,68.0
2026-03-11,ibm_marrakesh,11,253.8181,181.4138,0.00024455,0.00024455,0.00156461,0.01013184,36.0,36.0,68.0
2026-03-11,ibm_marrakesh,12,245.9738,147.1427,0.0008202,0.0008202,0.00172485,0.00366211,36.0,36.0,80.0
2026-03-11,ibm_marrakesh,13,201.7197,207.3604,0.00027399,0.00027399,0.00130594,0.06176758,36.0,36.0,80.0
2026-03-11,ibm_marrakesh,14,362.2107,131.5823,0.00016989,0.00016989,0.00124205,0.0032959,36.0,36.0,68.0
2026-03-11,ibm_marrakesh,15,386.7534,28.3216,0.00017283,0.00017283,,0.10168457,36.0,36.0,
2026-03-11,ibm_marrakesh,16,146.1724,104.5342,0.00050646,0.00050646,,0.00598145,36.0,36.0,
2026-03-11,ibm_marrakesh,17,215.89,9.8017,0.00030394,0.00030394,,0.00378418,36.0,36.0,
2026-03-11,ibm_marrakesh,18,117.6407,77.2116,0.00031368,0.00031368,,0.01062012,36.0,36.0,
2026-03-11,ibm_marrakesh,19,146.9413,74.4192,0.00046902,0.00046902,,0.00842285,36.0,36.0,
2026-03-10,ibm_marrakesh,10,337.7445,226.6856,0.00010917,0.00010917,0.00154989,0.00512695,36.0,36.0,68.0
2026-03-10,ibm_marrakesh,11,321.6701,206.657,0.00024455,0.00024455,0.00160645,0.00854492,36.0,36.0,68.0
2026-03-10,ibm_marrakesh,12,296.4111,161.2779,0.00023177,0.00023177,0.00180128,0.01220703,36.0,36.0,80.0
2026-03-10,ibm_marrakesh,13,189.4126,161.5325,0.00025115,0.00025115,0.00114213,0.03857422,36.0,36.0,80.0
2026-03-10,ibm_marrakesh,14,238.3,124.9775,0.00010574,0.00010574,0.0013269,0.00439453,36.0,36.0,68.0
2026-03-10,ibm_marrakesh,15,364.0342,29.192,0.0001047,0.0001047,,0.05249023,36.0,36.0,
2026-03-10,ibm_marrakesh,16,136.7129,131.9439,0.00042173,0.00042173,,0.00952148,36.0,36.0,
2026-03-10,ibm_marrakesh,17,239.2748,10.9383,0.00040304,0.00040304,,0.00415039,36.0,36.0,
2026-03-10,ibm_marrakesh,18,113.9821,83.9409,0.00044354,0.00044354,,0.01708984,36.0,36.0,
2026-03-10,ibm_marrakesh,19,158.4422,64.2032,0.00027656,0.00027656,,0.00561523,36.0,36.0,
2026-03-09,ibm_marrakesh,10,337.7445,226.6856,0.00010917,0.00010917,0.00154989,0.01306152,36.0,36.0,68.0
2026-03-09,ibm_marrakesh,11,321.6701,206.657,0.00024455,0.00024455,0.00160645,0.01867676,36.0,36.0,68.0
2026-03-09,ibm_marrakesh,12,296.4111,161.2779,0.00023177,0.00023177,0.00180128,0.00476074,36.0,36.0,80.0
2026-03-09,ibm_marrakesh,13,189.4126,161.5325,0.00025115,0.00025115,0.00114213,0.0234375,36.0,36.0,80.0
2026-03-09,ibm_marrakesh,14,238.3,124.9775,0.00010574,0.00010574,0.0013269,0.00488281,36.0,36.0,68.0
2026-03-09,ibm_marrakesh,15,364.0342,29.192,0.0001047,0.0001047,,0.03479004,36.0,36.0,
2026-03-09,ibm_marrakesh,16,136.7129,131.9439,0.00042173,0.00042173,,0.00537109,36.0,36.0,
2026-03-09,ibm_marrakesh,17,239.2748,10.9383,0.00040304,0.00040304,,0.00488281,36.0,36.0,
2026-03-09,ibm_marrakesh,18,113.9821,83.9409,0.00044354,0.00044354,,0.01281738,36.0,36.0,
2026-03-09,ibm_marrakesh,19,158.4422,64.2032,0.00027656,0.00027656,,0.00476074,36.0,36.0,
2026-03-08,ibm_marrakesh,10,370.0956,118.7495,0.00026001,0.00026001,0.00162514,0.00732422,36.0,36.0,68.0
2026-03-08,ibm_marrakesh,11,299.9818,158.6196,0.00038506,0.00038506,0.00181375,0.00793457,36.0,36.0,68.0
2026-03-08,ibm_marrakesh,12,236.2244,137.1772,0.00025098,0.00025098,0.00266852,0.00402832,36.0,36.0,80.0
2026-03-08,ibm_marrakesh,13,230.785,180.4248,0.00027276,0.00027276,0.0015276,0.01086426,36.0,36.0,80.0
2026-03-08,ibm_marrakesh,14,260.7982,118.2588,0.00014896,0.00014896,0.00123174,0.0032959,36.0,36.0,68.0
2026-03-08,ibm_marrakesh,15,97.2244,24.6863,0.00014702,0.00014702,,0.01708984,36.0,36.0,
2026-03-08,ibm_marrakesh,16,153.8294,176.8708,0.00045628,0.00045628,,0.00415039,36.0,36.0,
2026-03-08,ibm_marrakesh,17,260.9558,11.4108,0.00027842,0.00027842,,0.00390625,36.0,36.0,
2026-03-08,ibm_marrakesh,18,111.9884,68.3596,0.0003174,0.0003174,,0.01037598,36.0,36.0,
2026-03-08,ibm_marrakesh,19,143.813,59.8183,0.000171,0.000171,,0.00512695,36.0,36.0,
2026-03-07,ibm_marrakesh,10,224.2528,137.3185,0.00027713,0.00027713,0.00198716,0.00646973,36.0,36.0,68.0
2026-03-07,ibm_marrakesh,11,328.5422,209.4236,0.00070295,0.00070295,0.00155598,0.01269531,36.0,36.0,68.0
2026-03-07,ibm_marrakesh,12,226.1704,142.429,0.00017362,0.00017362,0.00190514,0.0057373,36.0,36.0,80.0
2026-03-07,ibm_marrakesh,13,206.8089,179.2964,0.00027122,0.00027122,0.00155044,0.02954102,36.0,36.0,80.0
2026-03-07,ibm_marrakesh,14,331.3947,156.5436,0.00017156,0.00017156,0.0014028,0.00402832,36.0,36.0,68.0
2026-03-07,ibm_marrakesh,15,308.2577,28.3388,0.00014058,0.00014058,,0.03015137,36.0,36.0,
2026-03-07,ibm_marrakesh,16,157.8887,87.0367,0.00091083,0.00091083,,0.00769043,36.0,36.0,
2026-03-07,ibm_marrakesh,17,268.1451,8.4424,0.00047292,0.00047292,,0.00537109,36.0,36.0,
2026-03-07,ibm_marrakesh,18,86.8899,84.8453,0.00036597,0.00036597,,0.00708008,36.0,36.0,
2026-03-07,ibm_marrakesh,19,163.2004,60.3781,0.00017393,0.00017393,,0.00561523,36.0,36.0,
2026-03-06,ibm_marrakesh,10,260.2201,162.7367,0.00027713,0.00027713,0.00198716,0.0144043,36.0,36.0,68.0
2026-03-06,ibm_marrakesh,11,234.763,144.1328,0.00070295,0.00070295,0.00155598,0.01977539,36.0,36.0,68.0
2026-03-06,ibm_marrakesh,12,266.6873,151.8714,0.00017362,0.00017362,0.00190514,0.00488281,36.0,36.0,80.0
2026-03-06,ibm_marrakesh,13,210.8828,194.2701,0.00027122,0.00027122,0.00155044,0.02832031,36.0,36.0,80.0
2026-03-06,ibm_marrakesh,14,349.8873,131.1875,0.00017156,0.00017156,0.0014028,0.00268555,36.0,36.0,68.0
2026-03-06,ibm_marrakesh,15,329.0695,26.1747,0.00014058,0.00014058,,0.01831055,36.0,36.0,
2026-03-06,ibm_marrakesh,16,146.2997,53.0771,0.00091083,0.00091083,,0.00512695,36.0,36.0,
2026-03-06,ibm_marrakesh,17,224.9678,10.7793,0.00047292,0.00047292,,0.00708008,36.0,36.0,
2026-03-06,ibm_marrakesh,18,105.0111,110.9206,0.00036597,0.00036597,,0.01635742,36.0,36.0,
2026-03-06,ibm_marrakesh,19,147.4048,65.819,0.00017393,0.00017393,,0.00415039,36.0,36.0,
2026-03-05,ibm_marrakesh,10,284.3058,179.7058,0.00013656,0.00013656,0.00138784,0.01293945,36.0,36.0,68.0
2026-03-05,ibm_marrakesh,11,228.3493,176.1837,0.00043625,0.00043625,0.00173428,0.06542969,36.0,36.0,68.0
2026-03-05,ibm_marrakesh,12,271.7546,124.1848,0.00020146,0.00020146,0.00204139,0.00341797,36.0,36.0,80.0
2026-03-05,ibm_marrakesh,13,215.8149,79.9056,0.00030105,0.00030105,0.0013614,0.01977539,36.0,36.0,80.0
2026-03-05,ibm_marrakesh,14,347.746,123.7513,0.00010068,0.00010068,0.00096864,0.00390625,36.0,36.0,68.0
2026-03-05,ibm_marrakesh,15,352.0263,27.158,0.00015807,0.00015807,,0.02563477,36.0,36.0,
2026-03-05,ibm_marrakesh,16,157.826,12.2647,0.00061033,0.00061033,,0.0144043,36.0,36.0,
2026-03-05,ibm_marrakesh,17,194.0449,9.9474,0.00027053,0.00027053,,0.00219727,36.0,36.0,
2026-03-05,ibm_marrakesh,18,111.3442,137.5097,0.00037995,0.00037995,,0.03198242,36.0,36.0,
2026-03-05,ibm_marrakesh,19,143.1165,68.6208,0.00017062,0.00017062,,0.00292969,36.0,36.0,
2026-03-04,ibm_marrakesh,10,297.4508,167.1362,0.00018498,0.00018498,0.00176516,0.0065918,36.0,36.0,68.0
2026-03-04,ibm_marrakesh,11,293.9996,246.9704,0.00023093,0.00023093,0.00176228,0.02807617,36.0,36.0,68.0
2026-03-04,ibm_marrakesh,12,262.7786,171.9078,0.00030961,0.00030961,0.00262885,0.01123047,36.0,36.0,80.0
2026-03-04,ibm_marrakesh,13,215.8149,173.5238,0.00027962,0.00027962,0.00148653,0.13354492,36.0,36.0,80.0
2026-03-04,ibm_marrakesh,14,325.566,131.4989,0.00014383,0.00014383,0.00099499,0.00341797,36.0,36.0,68.0
2026-03-04,ibm_marrakesh,15,261.4945,29.6057,0.00012387,0.00012387,,0.02319336,36.0,36.0,
2026-03-04,ibm_marrakesh,16,136.6474,121.1582,0.00058461,0.00058461,,0.00805664,36.0,36.0,
2026-03-04,ibm_marrakesh,17,204.7979,12.0967,0.00032113,0.00032113,,0.00512695,36.0,36.0,
2026-03-04,ibm_marrakesh,18,82.3805,89.9847,0.00037676,0.00037676,,0.01245117,36.0,36.0,
2026-03-04,ibm_marrakesh,19,142.2236,59.8484,0.00024672,0.00024672,,0.00390625,36.0,36.0,
2026-03-03,ibm_marrakesh,10,178.3801,129.29,0.00022403,0.00022403,0.00157764,0.0123291,36.0,36.0,68.0
2026-03-03,ibm_marrakesh,11,304.9538,245.4179,0.00028658,0.00028658,0.00185594,0.06286621,36.0,36.0,68.0
2026-03-03,ibm_marrakesh,12,328.8678,165.9497,0.00028552,0.00028552,0.00195857,0.00549316,36.0,36.0,80.0
2026-03-03,ibm_marrakesh,13,215.8988,190.5471,0.00016202,0.00016202,0.00132542,0.06640625,36.0,36.0,80.0
2026-03-03,ibm_marrakesh,14,340.8861,122.228,0.00012735,0.00012735,0.0010816,0.01281738,36.0,36.0,68.0
2026-03-03,ibm_marrakesh,15,376.0593,33.2079,0.00012974,0.00012974,,0.02502441,36.0,36.0,
2026-03-03,ibm_marrakesh,16,136.2422,80.0791,0.00052825,0.00052825,,0.00622559,36.0,36.0,
2026-03-03,ibm_marrakesh,17,290.5153,9.0804,0.00037231,0.00037231,,0.00671387,36.0,36.0,
2026-03-03,ibm_marrakesh,18,95.517,87.5626,0.00061836,0.00061836,,0.03320312,36.0,36.0,
2026-03-03,ibm_marrakesh,19,151.6141,59.5521,0.00021181,0.00021181,,0.00427246,36.0,36.0,
2026-03-02,ibm_marrakesh,10,274.3078,140.9325,0.00027326,0.00027326,0.0024201,0.00854492,36.0,36.0,68.0
2026-03-02,ibm_marrakesh,11,256.4837,170.2443,0.00036512,0.00036512,0.00114854,0.01538086,36.0,36.0,68.0
2026-03-02,ibm_marrakesh,12,292.1922,163.5057,0.00025657,0.00025657,0.00255088,0.00585938,36.0,36.0,80.0
2026-03-02,ibm_marrakesh,13,167.9469,191.5408,0.00022667,0.00022667,0.00123957,0.03515625,36.0,36.0,80.0
2026-03-02,ibm_marrakesh,14,301.9338,117.9321,0.00026532,0.00026532,0.00149726,0.00463867,36.0,36.0,68.0
2026-03-02,ibm_marrakesh,15,215.3291,27.4584,0.00013827,0.00013827,,0.02246094,36.0,36.0,
2026-03-02,ibm_marrakesh,16,66.1567,38.8408,0.00035342,0.00035342,,0.0078125,36.0,36.0,
2026-03-02,ibm_marrakesh,17,183.0467,9.5194,0.00061998,0.00061998,,0.00952148,36.0,36.0,
2026-03-02,ibm_marrakesh,18,90.0437,62.9452,0.00060025,0.00060025,,0.02026367,36.0,36.0,
2026-03-02,ibm_marrakesh,19,98.6996,65.7557,0.00023326,0.00023326,,0.00512695,36.0,36.0,
2026-03-01,ibm_marrakesh,10,280.3632,154.0401,0.00030225,0.00030225,0.0024201,0.00610352,36.0,36.0,68.0
2026-03-01,ibm_marrakesh,11,232.2221,187.0812,0.00035716,0.00035716,0.00114854,0.01953125,36.0,36.0,68.0
2026-03-01,ibm_marrakesh,12,279.9844,174.308,0.00021228,0.00021228,0.00255088,0.00610352,36.0,36.0,80.0
2026-03-01,ibm_marrakesh,13,212.8648,45.1393,0.00023384,0.00023384,0.00123957,0.06396484,36.0,36.0,80.0
2026-03-01,ibm_marrakesh,14,322.7047,152.1787,0.00010447,0.00010447,0.00149726,0.00341797,36.0,36.0,68.0
2026-03-01,ibm_marrakesh,15,325.5465,29.6985,0.00014863,0.00014863,,0.02050781,36.0,36.0,
2026-03-01,ibm_marrakesh,16,115.2035,84.7402,0.00056317,0.00056317,,0.00830078,36.0,36.0,
2026-03-01,ibm_marrakesh,17,259.9244,9.6762,0.00028582,0.00028582,,0.00439453,36.0,36.0,
2026-03-01,ibm_marrakesh,18,103.5537,41.3848,0.0003588,0.0003588,,0.01293945,36.0,36.0,
2026-03-01,ibm_marrakesh,19,144.6387,58.1822,0.00032033,0.00032033,,0.00439453,36.0,36.0,
2026-02-28,ibm_marrakesh,10,258.8343,147.9094,0.0002373,0.0002373,0.00179918,0.0090332,36.0,36.0,68.0
2026-02-28,ibm_marrakesh,11,261.0406,198.3188,0.0005055,0.0005055,0.0019006,0.02270508,36.0,36.0,68.0
2026-02-28,ibm_marrakesh,12,264.5832,132.0233,0.0003192,0.0003192,0.002476,0.00488281,36.0,36.0,80.0
2026-02-28,ibm_marrakesh,13,212.8648,14.3982,0.0001761,0.0001761,0.00215908,0.04345703,36.0,36.0,80.0
2026-02-28,ibm_marrakesh,14,268.4888,113.4469,0.00016365,0.00016365,0.0018581,0.00463867,36.0,36.0,68.0
2026-02-28,ibm_marrakesh,15,358.4514,28.9507,0.00013022,0.00013022,,0.01245117,36.0,36.0,
2026-02-28,ibm_marrakesh,16,155.7812,74.244,0.00109545,0.00109545,,0.01269531,36.0,36.0,
2026-02-28,ibm_marrakesh,17,255.1885,11.7737,0.00014217,0.00014217,,0.00488281,36.0,36.0,
2026-02-28,ibm_marrakesh,18,71.7882,61.1023,0.0009686,0.0009686,,0.02026367,36.0,36.0,
2026-02-28,ibm_marrakesh,19,144.8664,49.1699,0.00019905,0.00019905,,0.00830078,36.0,36.0,
2026-02-27,ibm_marrakesh,10,369.6792,182.1835,0.0003718,0.0003718,0.00121644,0.0078125,36.0,36.0,68.0
2026-02-27,ibm_marrakesh,11,234.2407,198.15,0.0003703,0.0003703,0.00216757,0.01037598,36.0,36.0,68.0
2026-02-27,ibm_marrakesh,12,228.3986,146.6061,0.00046801,0.00046801,0.0036811,0.00415039,36.0,36.0,80.0
2026-02-27,ibm_marrakesh,13,212.8648,179.9394,0.00027246,0.00027246,0.0012648,0.04736328,36.0,36.0,80.0
2026-02-27,ibm_marrakesh,14,266.4556,121.9693,0.00016365,0.00016365,0.00121923,0.00732422,36.0,36.0,68.0
2026-02-27,ibm_marrakesh,15,286.7864,28.4762,0.00019032,0.00019032,,0.02172852,36.0,36.0,
2026-02-27,ibm_marrakesh,16,129.8155,74.244,0.00030069,0.00030069,,0.01049805,36.0,36.0,
2026-02-27,ibm_marrakesh,17,105.2874,10.8574,0.00040991,0.00040991,,0.00732422,36.0,36.0,
2026-02-27,ibm_marrakesh,18,82.3923,78.4117,0.00057168,0.00057168,,0.01843262,36.0,36.0,
2026-02-27,ibm_marrakesh,19,145.5946,66.0997,0.00019683,0.00019683,,0.0032959,36.0,36.0,
2026-02-26,ibm_marrakesh,10,336.258,161.6278,0.00020516,0.00020516,0.00188717,0.00927734,36.0,36.0,68.0
2026-02-26,ibm_marrakesh,11,386.3937,128.5477,0.00038598,0.00038598,0.00116062,0.015625,36.0,36.0,68.0
2026-02-26,ibm_marrakesh,12,284.4281,154.82,0.00023665,0.00023665,0.00208199,0.00537109,36.0,36.0,80.0
2026-02-26,ibm_marrakesh,13,219.4612,212.89,0.00025177,0.00025177,0.0012648,0.02539062,36.0,36.0,80.0
2026-02-26,ibm_marrakesh,14,406.4625,110.6562,8.942e-05,8.942e-05,0.00116188,0.0045166,36.0,36.0,68.0
2026-02-26,ibm_marrakesh,15,251.5917,31.365,0.00013263,0.00013263,,0.02502441,36.0,36.0,
2026-02-26,ibm_marrakesh,16,126.2431,113.0957,0.00080031,0.00080031,,0.00793457,36.0,36.0,
2026-02-26,ibm_marrakesh,17,264.8075,9.0598,0.00028879,0.00028879,,0.01428223,36.0,36.0,
2026-02-26,ibm_marrakesh,18,82.2015,62.3017,0.00039828,0.00039828,,0.01416016,36.0,36.0,
2026-02-26,ibm_marrakesh,19,166.2609,56.8111,0.00021216,0.00021216,,0.00463867,36.0,36.0,
2026-02-25,ibm_marrakesh,10,311.3809,164.5823,0.00021535,0.00021535,0.00161853,0.01013184,36.0,36.0,68.0
2026-02-25,ibm_marrakesh,11,267.1053,204.3998,0.00017537,0.00017537,0.00153637,0.05688477,36.0,36.0,68.0
2026-02-25,ibm_marrakesh,12,314.6129,167.548,0.00018505,0.00018505,0.0025779,0.00378418,36.0,36.0,80.0
2026-02-25,ibm_marrakesh,13,194.5134,159.2421,0.00020077,0.00020077,0.00145384,0.02270508,36.0,36.0,80.0
2026-02-25,ibm_marrakesh,14,338.9347,103.5255,0.00014398,0.00014398,0.00147143,0.00378418,36.0,36.0,68.0
2026-02-25,ibm_marrakesh,15,196.6915,28.4691,0.00013936,0.00013936,,0.1574707,36.0,36.0,
2026-02-25,ibm_marrakesh,16,87.6771,71.7061,0.00048163,0.00048163,,0.00488281,36.0,36.0,
2026-02-25,ibm_marrakesh,17,271.972,11.19,0.00022607,0.00022607,,0.00488281,36.0,36.0,
2026-02-25,ibm_marrakesh,18,78.4348,60.4144,0.00028367,0.00028367,,0.01464844,36.0,36.0,
2026-02-25,ibm_marrakesh,19,139.0395,60.1126,0.00026776,0.00026776,,0.00256348,36.0,36.0,
2026-02-24,ibm_marrakesh,10,276.0522,226.5564,0.00022153,0.00022153,0.00154779,0.00744629,36.0,36.0,68.0
2026-02-24,ibm_marrakesh,11,295.3023,200.9257,0.00033133,0.00033133,0.00117058,0.02209473,36.0,36.0,68.0
2026-02-24,ibm_marrakesh,12,284.1362,143.9746,0.00027568,0.00027568,0.00161756,0.00378418,36.0,36.0,80.0
2026-02-24,ibm_marrakesh,13,147.8671,135.2062,0.00034923,0.00034923,0.00110996,0.04858398,36.0,36.0,80.0
2026-02-24,ibm_marrakesh,14,176.3397,147.7251,0.00013894,0.00013894,0.00155578,0.00354004,36.0,36.0,68.0
2026-02-24,ibm_marrakesh,15,181.8685,18.367,0.0002802,0.0002802,,0.0090332,36.0,36.0,
2026-02-24,ibm_marrakesh,16,137.9367,131.8939,0.00048163,0.00048163,,0.00683594,36.0,36.0,
2026-02-24,ibm_marrakesh,17,156.9787,11.0744,0.00036093,0.00036093,,0.00390625,36.0,36.0,
2026-02-24,ibm_marrakesh,18,95.2603,77.7267,0.00051927,0.00051927,,0.01965332,36.0,36.0,
2026-02-24,ibm_marrakesh,19,69.1735,41.4999,0.00032375,0.00032375,,0.0065918,36.0,36.0,
2026-02-23,ibm_marrakesh,10,276.0522,226.5564,0.00022153,0.00022153,0.00154779,0.00744629,36.0,36.0,68.0
2026-02-23,ibm_marrakesh,11,295.3023,200.9257,0.00033133,0.00033133,0.00117058,0.02209473,36.0,36.0,68.0
2026-02-23,ibm_marrakesh,12,284.1362,143.9746,0.00027568,0.00027568,0.00161756,0.00378418,36.0,36.0,80.0
2026-02-23,ibm_marrakesh,13,147.8671,135.2062,0.00034923,0.00034923,0.00110996,0.04858398,36.0,36.0,80.0
2026-02-23,ibm_marrakesh,14,176.3397,147.7251,0.00013894,0.00013894,0.00155578,0.00354004,36.0,36.0,68.0
2026-02-23,ibm_marrakesh,15,181.8685,18.367,0.0002802,0.0002802,,0.0090332,36.0,36.0,
2026-02-23,ibm_marrakesh,16,137.9367,131.8939,0.00048163,0.00048163,,0.00683594,36.0,36.0,
2026-02-23,ibm_marrakesh,17,156.9787,11.0744,0.00036093,0.00036093,,0.00390625,36.0,36.0,
2026-02-23,ibm_marrakesh,18,95.2603,77.7267,0.00051927,0.00051927,,0.01965332,36.0,36.0,
2026-02-23,ibm_marrakesh,19,69.1735,41.4999,0.00032375,0.00032375,,0.0065918,36.0,36.0,
2026-02-22,ibm_marrakesh,10,276.0522,226.5564,0.00022153,0.00022153,0.00154779,0.00842285,36.0,36.0,68.0
2026-02-22,ibm_marrakesh,11,295.3023,200.9257,0.00033133,0.00033133,0.00117058,0.0559082,36.0,36.0,68.0
2026-02-22,ibm_marrakesh,12,284.1362,143.9746,0.00027568,0.00027568,0.00161756,0.0045166,36.0,36.0,80.0
2026-02-22,ibm_marrakesh,13,147.8671,135.2062,0.00034923,0.00034923,0.00110996,0.04309082,36.0,36.0,80.0
2026-02-22,ibm_marrakesh,14,176.3397,147.7251,0.00013894,0.00013894,0.00155578,0.00256348,36.0,36.0,68.0
2026-02-22,ibm_marrakesh,15,181.8685,18.367,0.0002802,0.0002802,,0.02124023,36.0,36.0,
2026-02-22,ibm_marrakesh,16,137.9367,131.8939,0.00048163,0.00048163,,0.01379395,36.0,36.0,
2026-02-22,ibm_marrakesh,17,156.9787,11.0744,0.00036093,0.00036093,,0.00244141,36.0,36.0,
2026-02-22,ibm_marrakesh,18,95.2603,77.7267,0.00051927,0.00051927,,0.01489258,36.0,36.0,
2026-02-22,ibm_marrakesh,19,69.1735,41.4999,0.00032375,0.00032375,,0.00488281,36.0,36.0,
2026-02-21,ibm_marrakesh,10,276.0522,226.5564,0.00022153,0.00022153,0.00154779,0.00842285,36.0,36.0,68.0
2026-02-21,ibm_marrakesh,11,295.3023,200.9257,0.00033133,0.00033133,0.00117058,0.0559082,36.0,36.0,68.0
2026-02-21,ibm_marrakesh,12,284.1362,143.9746,0.00027568,0.00027568,0.00161756,0.0045166,36.0,36.0,80.0
2026-02-21,ibm_marrakesh,13,147.8671,135.2062,0.00034923,0.00034923,0.00110996,0.04309082,36.0,36.0,80.0
2026-02-21,ibm_marrakesh,14,176.3397,147.7251,0.00013894,0.00013894,0.00155578,0.00256348,36.0,36.0,68.0
2026-02-21,ibm_marrakesh,15,181.8685,18.367,0.0002802,0.0002802,,0.02124023,36.0,36.0,
2026-02-21,ibm_marrakesh,16,137.9367,131.8939,0.00048163,0.00048163,,0.01379395,36.0,36.0,
2026-02-21,ibm_marrakesh,17,156.9787,11.0744,0.00036093,0.00036093,,0.00244141,36.0,36.0,
2026-02-21,ibm_marrakesh,18,95.2603,77.7267,0.00051927,0.00051927,,0.01489258,36.0,36.0,
2026-02-21,ibm_marrakesh,19,69.1735,41.4999,0.00032375,0.00032375,,0.00488281,36.0,36.0,
2026-02-20,ibm_marrakesh,10,276.0522,226.5564,0.00022262,0.00022262,0.00154779,0.00842285,36.0,36.0,68.0
2026-02-20,ibm_marrakesh,11,295.3023,200.9257,0.00024915,0.00024915,0.00117058,0.0559082,36.0,36.0,68.0
2026-02-20,ibm_marrakesh,12,284.1362,143.9746,0.00017874,0.00017874,0.00161756,0.0045166,36.0,36.0,80.0
2026-02-20,ibm_marrakesh,13,147.8671,135.2062,0.00022976,0.00022976,0.00110996,0.04309082,36.0,36.0,80.0
2026-02-20,ibm_marrakesh,14,176.3397,147.7251,0.00013894,0.00013894,0.00155578,0.00256348,36.0,36.0,68.0
2026-02-20,ibm_marrakesh,15,181.8685,18.367,0.00026893,0.00026893,,0.02124023,36.0,36.0,
2026-02-20,ibm_marrakesh,16,137.9367,131.8939,0.00048163,0.00048163,,0.01379395,36.0,36.0,
2026-02-20,ibm_marrakesh,17,156.9787,11.0744,0.00041743,0.00041743,,0.00244141,36.0,36.0,
2026-02-20,ibm_marrakesh,18,95.2603,77.7267,0.00031272,0.00031272,,0.01489258,36.0,36.0,
2026-02-20,ibm_marrakesh,19,69.1735,41.4999,0.00027363,0.00027363,,0.00488281,36.0,36.0,
2026-02-19,ibm_marrakesh,10,276.0522,226.5564,0.00022262,0.00022262,0.00154779,0.00830078,36.0,36.0,68.0
2026-02-19,ibm_marrakesh,11,295.3023,200.9257,0.00024915,0.00024915,0.00117058,0.04345703,36.0,36.0,68.0
2026-02-19,ibm_marrakesh,12,284.1362,143.9746,0.00017874,0.00017874,0.00161756,0.00512695,36.0,36.0,80.0
2026-02-19,ibm_marrakesh,13,147.8671,135.2062,0.00022976,0.00022976,0.00110996,0.0177002,36.0,36.0,80.0
2026-02-19,ibm_marrakesh,14,176.3397,147.7251,0.00013894,0.00013894,0.00155578,0.00354004,36.0,36.0,68.0
2026-02-19,ibm_marrakesh,15,181.8685,18.367,0.00026893,0.00026893,,0.01342773,36.0,36.0,
2026-02-19,ibm_marrakesh,16,137.9367,131.8939,0.00048163,0.00048163,,0.00805664,36.0,36.0,
2026-02-19,ibm_marrakesh,17,156.9787,11.0744,0.00041743,0.00041743,,0.00366211,36.0,36.0,
2026-02-19,ibm_marrakesh,18,95.2603,77.7267,0.00031272,0.00031272,,0.0189209,36.0,36.0,
2026-02-19,ibm_marrakesh,19,69.1735,41.4999,0.00027363,0.00027363,,0.00354004,36.0,36.0,
2026-02-18,ibm_marrakesh,10,258.1499,227.3025,0.00026303,0.00026303,0.00254323,0.01062012,36.0,36.0,68.0
2026-02-18,ibm_marrakesh,11,344.741,261.8773,0.00034211,0.00034211,0.00124787,0.02416992,36.0,36.0,68.0
2026-02-18,ibm_marrakesh,12,301.2825,139.9764,0.00019802,0.00019802,0.00145742,0.00537109,36.0,36.0,80.0
2026-02-18,ibm_marrakesh,13,214.8039,72.8599,0.00020836,0.00020836,0.00129216,0.02160645,36.0,36.0,80.0
2026-02-18,ibm_marrakesh,14,322.766,145.6611,0.00016879,0.00016879,0.00120242,0.00646973,36.0,36.0,68.0
2026-02-18,ibm_marrakesh,15,268.565,38.7201,0.00020256,0.00020256,,0.01379395,36.0,36.0,
2026-02-18,ibm_marrakesh,16,145.1256,133.1345,0.00027203,0.00027203,,0.00744629,36.0,36.0,
2026-02-18,ibm_marrakesh,17,270.4554,12.1383,0.0002593,0.0002593,,0.00891113,36.0,36.0,
2026-02-18,ibm_marrakesh,18,95.906,103.9284,0.00031511,0.00031511,,0.01318359,36.0,36.0,
2026-02-18,ibm_marrakesh,19,167.6055,60.9468,0.00020278,0.00020278,,0.01416016,36.0,36.0,
2026-02-17,ibm_marrakesh,10,258.1499,227.3025,0.00023925,0.00023925,0.00191879,0.00830078,36.0,36.0,68.0
2026-02-17,ibm_marrakesh,11,344.741,261.8773,0.00031535,0.00031535,0.00135465,0.01257324,36.0,36.0,68.0
2026-02-17,ibm_marrakesh,12,301.2825,139.9764,0.00017455,0.00017455,0.00142081,0.00427246,36.0,36.0,80.0
2026-02-17,ibm_marrakesh,13,214.8039,72.8599,0.000344,0.000344,0.00129216,0.03686523,36.0,36.0,80.0
2026-02-17,ibm_marrakesh,14,322.766,145.6611,0.00016879,0.00016879,0.00167213,0.00354004,36.0,36.0,68.0
2026-02-17,ibm_marrakesh,15,268.565,38.7201,0.00020045,0.00020045,,0.01403809,36.0,36.0,
2026-02-17,ibm_marrakesh,16,145.1256,133.1345,0.00039197,0.00039197,,0.00842285,36.0,36.0,
2026-02-17,ibm_marrakesh,17,270.4554,12.1383,0.00052012,0.00052012,,0.00634766,36.0,36.0,
2026-02-17,ibm_marrakesh,18,95.906,103.9284,0.0002553,0.0002553,,0.0255127,36.0,36.0,
2026-02-17,ibm_marrakesh,19,167.6055,60.9468,0.00024442,0.00024442,,0.00378418,36.0,36.0,
2026-02-16,ibm_marrakesh,10,274.9374,144.7679,0.00017722,0.00017722,0.00148,0.00598145,36.0,36.0,68.0
2026-02-16,ibm_marrakesh,11,175.5918,153.1463,0.00026748,0.00026748,0.00145524,0.01977539,36.0,36.0,68.0
2026-02-16,ibm_marrakesh,12,293.0006,151.0115,0.00020186,0.00020186,0.00166921,0.00549316,36.0,36.0,80.0
2026-02-16,ibm_marrakesh,13,214.8039,178.9471,0.00020079,0.00020079,0.00118057,0.03149414,36.0,36.0,80.0
2026-02-16,ibm_marrakesh,14,206.3881,123.9248,0.00012975,0.00012975,0.00118216,0.00427246,36.0,36.0,68.0
2026-02-16,ibm_marrakesh,15,244.351,30.294,0.00019532,0.00019532,,0.01403809,36.0,36.0,
2026-02-16,ibm_marrakesh,16,122.7817,65.7063,0.00034167,0.00034167,,0.00463867,36.0,36.0,
2026-02-16,ibm_marrakesh,17,281.7467,10.1732,0.00033683,0.00033683,,0.00524902,36.0,36.0,
2026-02-16,ibm_marrakesh,18,100.4975,54.257,0.00022875,0.00022875,,0.01403809,36.0,36.0,
2026-02-16,ibm_marrakesh,19,144.9544,64.9058,0.0003154,0.0003154,,0.00366211,36.0,36.0,
2026-02-15,ibm_marrakesh,10,187.018,139.9631,0.00017739,0.00017739,0.00223133,0.00793457,36.0,36.0,68.0
2026-02-15,ibm_marrakesh,11,263.6098,196.262,0.00040849,0.00040849,0.0012402,0.02258301,36.0,36.0,68.0
2026-02-15,ibm_marrakesh,12,214.9901,123.2214,0.00016506,0.00016506,0.00130822,0.0045166,36.0,36.0,80.0
2026-02-15,ibm_marrakesh,13,173.77,153.7839,0.00025927,0.00025927,0.00115684,0.06921387,36.0,36.0,80.0
2026-02-15,ibm_marrakesh,14,344.6334,134.9558,0.00014605,0.00014605,0.00114262,0.00219727,36.0,36.0,68.0
2026-02-15,ibm_marrakesh,15,169.3376,24.2261,0.00019885,0.00019885,,0.01013184,36.0,36.0,
2026-02-15,ibm_marrakesh,16,132.8825,84.217,0.00029834,0.00029834,,0.00708008,36.0,36.0,
2026-02-15,ibm_marrakesh,17,202.1323,8.0217,0.00029854,0.00029854,,0.00305176,36.0,36.0,
2026-02-15,ibm_marrakesh,18,100.4975,129.568,0.00048388,0.00048388,,0.01513672,36.0,36.0,
2026-02-15,ibm_marrakesh,19,148.0951,58.1989,0.00019702,0.00019702,,0.00524902,36.0,36.0,
2026-02-14,ibm_marrakesh,10,265.2294,170.1753,0.00022628,0.00022628,0.00162985,0.00891113,36.0,36.0,68.0
2026-02-14,ibm_marrakesh,11,163.5581,154.303,0.00024916,0.00024916,0.00127215,0.01049805,36.0,36.0,68.0
2026-02-14,ibm_marrakesh,12,256.121,166.8519,0.00016604,0.00016604,0.00151345,0.00402832,36.0,36.0,80.0
2026-02-14,ibm_marrakesh,13,238.2291,238.618,0.00022822,0.00022822,0.00145545,0.02282715,36.0,36.0,80.0
2026-02-14,ibm_marrakesh,14,301.126,132.2533,9.923e-05,9.923e-05,0.00139524,0.00219727,36.0,36.0,68.0
2026-02-14,ibm_marrakesh,15,302.7504,32.0555,0.00012125,0.00012125,,0.02526855,36.0,36.0,
2026-02-14,ibm_marrakesh,16,148.3806,79.2264,0.00043235,0.00043235,,0.00793457,36.0,36.0,
2026-02-14,ibm_marrakesh,17,153.7608,9.3136,0.00023791,0.00023791,,0.00500488,36.0,36.0,
2026-02-14,ibm_marrakesh,18,109.8047,107.9955,0.00054301,0.00054301,,0.01550293,36.0,36.0,
2026-02-14,ibm_marrakesh,19,153.1072,69.1916,0.00022513,0.00022513,,0.00390625,36.0,36.0,
2026-02-13,ibm_marrakesh,10,270.1809,160.4031,0.00019079,0.00019079,0.00171867,0.00732422,36.0,36.0,68.0
2026-02-13,ibm_marrakesh,11,391.9179,270.4733,0.00028049,0.00028049,0.00114554,0.01452637,36.0,36.0,68.0
2026-02-13,ibm_marrakesh,12,299.6683,149.2582,0.00013588,0.00013588,0.00129179,0.00354004,36.0,36.0,80.0
2026-02-13,ibm_marrakesh,13,208.9286,167.2749,0.00029562,0.00029562,0.00145545,0.01660156,36.0,36.0,80.0
2026-02-13,ibm_marrakesh,14,121.3069,85.8184,0.00023045,0.00023045,0.00212825,0.00415039,36.0,36.0,68.0
2026-02-13,ibm_marrakesh,15,325.0033,24.4674,0.00011665,0.00011665,,0.0255127,36.0,36.0,
2026-02-13,ibm_marrakesh,16,145.3174,107.3687,0.00057957,0.00057957,,0.00622559,36.0,36.0,
2026-02-13,ibm_marrakesh,17,192.1739,11.321,0.00031012,0.00031012,,0.00402832,36.0,36.0,
2026-02-13,ibm_marrakesh,18,116.239,79.5918,0.00062778,0.00062778,,0.01794434,36.0,36.0,
2026-02-13,ibm_marrakesh,19,163.9846,73.0652,0.00017215,0.00017215,,0.00341797,36.0,36.0,
2026-02-12,ibm_marrakesh,10,361.9936,245.1431,0.00021502,0.00021502,0.00152958,0.00744629,36.0,36.0,68.0
2026-02-12,ibm_marrakesh,11,277.9235,240.1522,0.00023776,0.00023776,0.00101509,0.01208496,36.0,36.0,68.0
2026-02-12,ibm_marrakesh,12,212.0488,126.469,0.00025865,0.00025865,0.00160816,0.01049805,36.0,36.0,80.0
2026-02-12,ibm_marrakesh,13,198.729,175.4717,0.00013497,0.00013497,0.00141034,0.05126953,36.0,36.0,80.0
2026-02-12,ibm_marrakesh,14,159.3619,88.1344,0.00016029,0.00016029,0.00110548,0.00524902,36.0,36.0,68.0
2026-02-12,ibm_marrakesh,15,178.141,43.7698,0.00018636,0.00018636,,0.02050781,36.0,36.0,
2026-02-12,ibm_marrakesh,16,125.9242,63.5164,0.00040581,0.00040581,,0.00512695,36.0,36.0,
2026-02-12,ibm_marrakesh,17,245.1482,10.1118,0.00028011,0.00028011,,0.00732422,36.0,36.0,
2026-02-12,ibm_marrakesh,18,90.0818,98.8287,0.00031318,0.00031318,,0.01879883,36.0,36.0,
2026-02-12,ibm_marrakesh,19,137.5583,12.7056,0.0002032,0.0002032,,0.00488281,36.0,36.0,
2026-02-11,ibm_marrakesh,10,255.5643,156.9325,0.00014693,0.00014693,0.00177506,0.00598145,36.0,36.0,68.0
2026-02-11,ibm_marrakesh,11,168.1625,113.1712,0.00024595,0.00024595,0.0014444,0.02685547,36.0,36.0,68.0
2026-02-11,ibm_marrakesh,12,323.2051,170.9535,0.00027836,0.00027836,0.00189289,0.00476074,36.0,36.0,80.0
2026-02-11,ibm_marrakesh,13,196.4178,162.8329,0.00034818,0.00034818,0.00129372,0.0300293,36.0,36.0,80.0
2026-02-11,ibm_marrakesh,14,239.3585,116.8946,0.00012865,0.00012865,0.00101222,0.00549316,36.0,36.0,68.0
2026-02-11,ibm_marrakesh,15,323.8778,30.9437,0.00013351,0.00013351,,0.02880859,36.0,36.0,
2026-02-11,ibm_marrakesh,16,138.5921,77.941,0.0004883,0.0004883,,0.10095215,36.0,36.0,
2026-02-11,ibm_marrakesh,17,199.4533,10.3323,0.00031854,0.00031854,,0.0057373,36.0,36.0,
2026-02-11,ibm_marrakesh,18,123.1868,127.9725,0.00032796,0.00032796,,0.07458496,36.0,36.0,
2026-02-11,ibm_marrakesh,19,137.5583,60.6889,0.00020857,0.00020857,,0.00402832,36.0,36.0,
2026-02-10,ibm_marrakesh,10,210.571,135.9983,0.00023284,0.00023284,0.00117495,0.00671387,36.0,36.0,68.0
2026-02-10,ibm_marrakesh,11,337.5486,235.2146,0.0007741,0.0007741,0.00118965,0.01025391,36.0,36.0,68.0
2026-02-10,ibm_marrakesh,12,242.0745,167.0137,0.0003645,0.0003645,0.00171105,0.01269531,36.0,36.0,80.0
2026-02-10,ibm_marrakesh,13,124.0929,112.5642,0.00020387,0.00020387,0.00166207,0.05114746,36.0,36.0,80.0
2026-02-10,ibm_marrakesh,14,263.7888,101.2025,0.00015408,0.00015408,0.00152302,0.00280762,36.0,36.0,68.0
2026-02-10,ibm_marrakesh,15,305.9521,48.1304,0.00013983,0.00013983,,0.02185059,36.0,36.0,
2026-02-10,ibm_marrakesh,16,121.0703,82.5734,0.00039912,0.00039912,,0.00622559,36.0,36.0,
2026-02-10,ibm_marrakesh,17,123.4001,11.6317,0.00026995,0.00026995,,0.00402832,36.0,36.0,
2026-02-10,ibm_marrakesh,18,93.2014,74.2259,0.00029996,0.00029996,,0.01647949,36.0,36.0,
2026-02-10,ibm_marrakesh,19,143.3382,20.0435,0.00248541,0.00248541,,0.00378418,36.0,36.0,
2026-02-09,ibm_marrakesh,10,253.4554,111.9368,0.00026277,0.00026277,0.00172712,0.00634766,36.0,36.0,68.0
2026-02-09,ibm_marrakesh,11,161.066,121.8944,0.00021837,0.00021837,0.00123662,0.01477051,36.0,36.0,68.0
2026-02-09,ibm_marrakesh,12,283.4986,159.6112,0.00015221,0.00015221,0.00153444,0.0065918,36.0,36.0,80.0
2026-02-09,ibm_marrakesh,13,179.5035,189.3388,0.00017423,0.00017423,0.00143538,0.05126953,36.0,36.0,80.0
2026-02-09,ibm_marrakesh,14,280.6418,108.0996,0.00017774,0.00017774,0.00124192,0.00292969,36.0,36.0,68.0
2026-02-09,ibm_marrakesh,15,296.8575,28.0702,0.0002321,0.0002321,,0.02270508,36.0,36.0,
2026-02-09,ibm_marrakesh,16,147.2578,64.6853,0.00057591,0.00057591,,0.00756836,36.0,36.0,
2026-02-09,ibm_marrakesh,17,282.5054,9.7625,0.00029921,0.00029921,,0.00244141,36.0,36.0,
2026-02-09,ibm_marrakesh,18,88.46,61.9859,0.00027212,0.00027212,,0.01159668,36.0,36.0,
2026-02-09,ibm_marrakesh,19,143.3382,62.1372,0.00016377,0.00016377,,0.00415039,36.0,36.0,
2026-02-08,ibm_marrakesh,10,253.4554,111.9368,0.00026277,0.00026277,0.00172712,0.00634766,36.0,36.0,68.0
2026-02-08,ibm_marrakesh,11,161.066,121.8944,0.00021837,0.00021837,0.00123662,0.01477051,36.0,36.0,68.0
2026-02-08,ibm_marrakesh,12,283.4986,159.6112,0.00015221,0.00015221,0.00153444,0.0065918,36.0,36.0,80.0
2026-02-08,ibm_marrakesh,13,179.5035,189.3388,0.00017423,0.00017423,0.00143538,0.05126953,36.0,36.0,80.0
2026-02-08,ibm_marrakesh,14,280.6418,108.0996,0.00017774,0.00017774,0.00124192,0.00292969,36.0,36.0,68.0
2026-02-08,ibm_marrakesh,15,296.8575,28.0702,0.0002321,0.0002321,,0.02270508,36.0,36.0,
2026-02-08,ibm_marrakesh,16,147.2578,64.6853,0.00057591,0.00057591,,0.00756836,36.0,36.0,
2026-02-08,ibm_marrakesh,17,282.5054,9.7625,0.00029921,0.00029921,,0.00244141,36.0,36.0,
2026-02-08,ibm_marrakesh,18,88.46,61.9859,0.00027212,0.00027212,,0.01159668,36.0,36.0,
2026-02-08,ibm_marrakesh,19,143.3382,62.1372,0.00016377,0.00016377,,0.00415039,36.0,36.0,
2026-02-07,ibm_marrakesh,10,315.3687,161.4589,0.00020111,0.00020111,0.00148764,0.00622559,36.0,36.0,68.0
2026-02-07,ibm_marrakesh,11,71.1322,32.7672,0.00038883,0.00038883,0.00119632,0.01281738,36.0,36.0,68.0
2026-02-07,ibm_marrakesh,12,277.1209,170.4005,0.0001831,0.0001831,0.00181025,0.00317383,36.0,36.0,80.0
2026-02-07,ibm_marrakesh,13,133.6252,158.2625,0.00024474,0.00024474,0.00143538,0.07006836,36.0,36.0,80.0
2026-02-07,ibm_marrakesh,14,239.9137,141.6793,0.0002352,0.0002352,0.0013162,0.00244141,36.0,36.0,68.0
2026-02-07,ibm_marrakesh,15,285.3371,29.3151,0.00019967,0.00019967,,0.00952148,36.0,36.0,
2026-02-07,ibm_marrakesh,16,127.6725,64.5237,0.00035775,0.00035775,,0.00854492,36.0,36.0,
2026-02-07,ibm_marrakesh,17,282.5053,11.4799,0.00038319,0.00038319,,0.00292969,36.0,36.0,
2026-02-07,ibm_marrakesh,18,114.3685,73.5423,0.00035334,0.00035334,,0.01525879,36.0,36.0,
2026-02-07,ibm_marrakesh,19,162.8158,75.6096,0.00016377,0.00016377,,0.0057373,36.0,36.0,
2026-02-06,ibm_marrakesh,10,315.3687,161.4589,0.00018029,0.00018029,0.00181505,0.01025391,36.0,36.0,68.0
2026-02-06,ibm_marrakesh,11,71.1322,32.7672,0.00034509,0.00034509,0.00145677,0.01318359,36.0,36.0,68.0
2026-02-06,ibm_marrakesh,12,277.1209,170.4005,0.00023003,0.00023003,0.00158344,0.00830078,36.0,36.0,80.0
2026-02-06,ibm_marrakesh,13,133.6252,158.2625,0.00020749,0.00020749,0.00120909,0.10205078,36.0,36.0,80.0
2026-02-06,ibm_marrakesh,14,239.9137,141.6793,0.0001581,0.0001581,0.00140266,0.0065918,36.0,36.0,68.0
2026-02-06,ibm_marrakesh,15,285.3371,29.3151,0.00011834,0.00011834,,0.02026367,36.0,36.0,
2026-02-06,ibm_marrakesh,16,127.6725,64.5237,0.00035775,0.00035775,,0.00610352,36.0,36.0,
2026-02-06,ibm_marrakesh,17,282.5053,11.4799,0.000398,0.000398,,0.00512695,36.0,36.0,
2026-02-06,ibm_marrakesh,18,114.3685,73.5423,0.00026489,0.00026489,,0.01831055,36.0,36.0,
2026-02-06,ibm_marrakesh,19,162.8158,75.6096,0.00021602,0.00021602,,0.00366211,36.0,36.0,
2026-02-05,ibm_marrakesh,10,343.8525,183.0363,0.00019873,0.00019873,0.00128533,0.00744629,36.0,36.0,68.0
2026-02-05,ibm_marrakesh,11,271.9196,205.2809,0.00041087,0.00041087,0.00105848,0.11376953,36.0,36.0,68.0
2026-02-05,ibm_marrakesh,12,282.1536,144.3093,0.00013909,0.00013909,0.00133692,0.00402832,36.0,36.0,80.0
2026-02-05,ibm_marrakesh,13,180.9217,171.9754,0.00024056,0.00024056,0.00131516,0.03515625,36.0,36.0,80.0
2026-02-05,ibm_marrakesh,14,112.9717,71.6739,0.00013155,0.00013155,0.00136439,0.0045166,36.0,36.0,68.0
2026-02-05,ibm_marrakesh,15,205.4429,48.1333,0.0002756,0.0002756,,0.00817871,36.0,36.0,
2026-02-05,ibm_marrakesh,16,152.496,95.5263,0.00045735,0.00045735,,0.00646973,36.0,36.0,
2026-02-05,ibm_marrakesh,17,303.8363,10.7918,0.00035637,0.00035637,,0.00463867,36.0,36.0,
2026-02-05,ibm_marrakesh,18,100.9349,61.9251,0.00026489,0.00026489,,0.03674316,36.0,36.0,
2026-02-05,ibm_marrakesh,19,150.7688,65.9019,0.0001396,0.0001396,,0.00402832,36.0,36.0,
2026-02-04,ibm_marrakesh,10,257.3835,99.6408,0.00019873,0.00019873,0.00128533,0.00537109,36.0,36.0,68.0
2026-02-04,ibm_marrakesh,11,284.531,114.6821,0.00041087,0.00041087,0.00105848,0.01757812,36.0,36.0,68.0
2026-02-04,ibm_marrakesh,12,288.2047,143.4959,0.00013909,0.00013909,0.00133692,0.00439453,36.0,36.0,80.0
2026-02-04,ibm_marrakesh,13,214.8616,221.6223,0.00024056,0.00024056,0.00131516,0.02905273,36.0,36.0,80.0
2026-02-04,ibm_marrakesh,14,369.7438,163.5335,0.00013155,0.00013155,0.00136439,0.00195312,36.0,36.0,68.0
2026-02-04,ibm_marrakesh,15,275.7144,27.2243,0.0002756,0.0002756,,0.0246582,36.0,36.0,
2026-02-04,ibm_marrakesh,16,118.4914,85.4135,0.00045735,0.00045735,,0.20849609,36.0,36.0,
2026-02-04,ibm_marrakesh,17,206.2034,11.1608,0.00035637,0.00035637,,0.00634766,36.0,36.0,
2026-02-04,ibm_marrakesh,18,109.984,77.1755,0.00026489,0.00026489,,0.01416016,36.0,36.0,
2026-02-04,ibm_marrakesh,19,143.8074,57.0059,0.0001396,0.0001396,,0.00537109,36.0,36.0,
2026-02-03,ibm_marrakesh,10,158.4254,114.5679,0.00016673,0.00016673,0.00220997,0.01147461,36.0,36.0,68.0
2026-02-03,ibm_marrakesh,11,291.8798,200.1041,0.00041617,0.00041617,0.00103301,0.01269531,36.0,36.0,68.0
2026-02-03,ibm_marrakesh,12,247.3889,139.9346,0.00014683,0.00014683,0.00145409,0.00292969,36.0,36.0,80.0
2026-02-03,ibm_marrakesh,13,212.6524,163.0748,0.00026314,0.00026314,0.00150945,0.04296875,36.0,36.0,80.0
2026-02-03,ibm_marrakesh,14,318.6752,143.5433,0.00020642,0.00020642,0.00136439,0.00244141,36.0,36.0,68.0
2026-02-03,ibm_marrakesh,15,340.1224,32.0141,0.00014015,0.00014015,,0.01147461,36.0,36.0,
2026-02-03,ibm_marrakesh,16,141.1484,37.9495,0.00031389,0.00031389,,0.01196289,36.0,36.0,
2026-02-03,ibm_marrakesh,17,270.3605,8.4193,0.00032939,0.00032939,,0.00390625,36.0,36.0,
2026-02-03,ibm_marrakesh,18,92.7519,41.8459,0.00034901,0.00034901,,0.01831055,36.0,36.0,
2026-02-03,ibm_marrakesh,19,142.4455,30.0582,0.00020174,0.00020174,,0.00561523,36.0,36.0,
2026-02-02,ibm_marrakesh,10,298.3398,168.5135,0.00018857,0.00018857,0.00108099,0.00878906,36.0,36.0,68.0
2026-02-02,ibm_marrakesh,11,270.4316,169.3843,0.00035822,0.00035822,0.00110496,0.01464844,36.0,36.0,68.0
2026-02-02,ibm_marrakesh,12,307.1013,159.7766,0.00013904,0.00013904,0.0020013,0.0045166,36.0,36.0,80.0
2026-02-02,ibm_marrakesh,13,180.2459,167.1347,0.00064408,0.00064408,0.00230972,0.04650879,36.0,36.0,80.0
2026-02-02,ibm_marrakesh,14,336.0597,87.1957,0.0004487,0.0004487,0.00226006,0.00341797,36.0,36.0,68.0
2026-02-02,ibm_marrakesh,15,344.628,31.6901,0.00018508,0.00018508,,0.01428223,36.0,36.0,
2026-02-02,ibm_marrakesh,16,101.6346,88.561,0.00041219,0.00041219,,0.01196289,36.0,36.0,
2026-02-02,ibm_marrakesh,17,273.2602,13.2648,0.0002932,0.0002932,,0.00537109,36.0,36.0,
2026-02-02,ibm_marrakesh,18,97.447,110.5725,0.00032456,0.00032456,,0.02026367,36.0,36.0,
2026-02-02,ibm_marrakesh,19,165.1102,59.8132,0.00023248,0.00023248,,0.00512695,36.0,36.0,
2026-02-01,ibm_marrakesh,10,298.3398,168.5135,0.00024035,0.00024035,0.0014211,0.01464844,36.0,36.0,68.0
2026-02-01,ibm_marrakesh,11,270.4316,169.3843,0.0003157,0.0003157,0.00160673,0.01123047,36.0,36.0,68.0
2026-02-01,ibm_marrakesh,12,307.1013,159.7766,0.0002619,0.0002619,0.0020013,0.00463867,36.0,36.0,80.0
2026-02-01,ibm_marrakesh,13,180.2459,167.1347,0.00035539,0.00035539,0.00122392,0.04443359,36.0,36.0,80.0
2026-02-01,ibm_marrakesh,14,336.0597,87.1957,0.0001844,0.0001844,0.00097263,0.00683594,36.0,36.0,68.0
2026-02-01,ibm_marrakesh,15,344.628,31.6901,0.00011167,0.00011167,,0.01269531,36.0,36.0,
2026-02-01,ibm_marrakesh,16,101.6346,88.561,0.00055037,0.00055037,,0.00683594,36.0,36.0,
2026-02-01,ibm_marrakesh,17,273.2602,13.2648,0.00031782,0.00031782,,0.01147461,36.0,36.0,
2026-02-01,ibm_marrakesh,18,97.447,110.5725,0.00052035,0.00052035,,0.01660156,36.0,36.0,
2026-02-01,ibm_marrakesh,19,165.1102,59.8132,0.00016631,0.00016631,,0.00537109,36.0,36.0,
2026-01-31,ibm_marrakesh,10,314.6283,211.7052,0.00035788,0.00035788,0.00341444,0.00842285,36.0,36.0,68.0
2026-01-31,ibm_marrakesh,11,282.0278,256.8554,0.00021489,0.00021489,0.00111037,0.02111816,36.0,36.0,68.0
2026-01-31,ibm_marrakesh,12,223.2346,156.986,0.00017516,0.00017516,0.00150409,0.00366211,36.0,36.0,80.0
2026-01-31,ibm_marrakesh,13,198.3973,193.1009,0.00018155,0.00018155,0.00122392,0.00793457,36.0,36.0,80.0
2026-01-31,ibm_marrakesh,14,200.2703,114.8061,0.00012498,0.00012498,0.00107655,0.00317383,36.0,36.0,68.0
2026-01-31,ibm_marrakesh,15,260.1611,25.9396,0.00020113,0.00020113,,0.01574707,36.0,36.0,
2026-01-31,ibm_marrakesh,16,149.5878,131.3031,0.0003578,0.0003578,,0.00939941,36.0,36.0,
2026-01-31,ibm_marrakesh,17,290.8143,10.2731,0.00036619,0.00036619,,0.00598145,36.0,36.0,
2026-01-31,ibm_marrakesh,18,89.4007,113.9492,0.00041374,0.00041374,,0.01757812,36.0,36.0,
2026-01-31,ibm_marrakesh,19,119.4028,65.3782,0.00031326,0.00031326,,0.00390625,36.0,36.0,
2026-01-30,ibm_marrakesh,10,291.7788,164.7535,0.00035788,0.00035788,0.00150188,0.00805664,36.0,36.0,68.0
2026-01-30,ibm_marrakesh,11,282.0278,186.7734,0.00021489,0.00021489,0.00167016,0.01977539,36.0,36.0,68.0
2026-01-30,ibm_marrakesh,12,254.9034,164.4716,0.00017516,0.00017516,0.0015379,0.00317383,36.0,36.0,80.0
2026-01-30,ibm_marrakesh,13,207.1961,157.0815,0.00018155,0.00018155,0.00122392,0.03613281,36.0,36.0,80.0
2026-01-30,ibm_marrakesh,14,265.7187,109.9406,0.00012498,0.00012498,0.00128658,0.0032959,36.0,36.0,68.0
2026-01-30,ibm_marrakesh,15,256.3064,28.494,0.00020113,0.00020113,,0.01672363,36.0,36.0,
2026-01-30,ibm_marrakesh,16,144.1467,106.0237,0.0003578,0.0003578,,0.01013184,36.0,36.0,
2026-01-30,ibm_marrakesh,17,183.0612,9.7361,0.00036619,0.00036619,,0.00817871,36.0,36.0,
2026-01-30,ibm_marrakesh,18,110.6809,105.6345,0.00041374,0.00041374,,0.01647949,36.0,36.0,
2026-01-30,ibm_marrakesh,19,169.0818,73.9465,0.00031326,0.00031326,,0.00427246,36.0,36.0,
2026-01-29,ibm_marrakesh,10,251.2058,149.0138,0.00019375,0.00019375,0.00150188,0.00793457,36.0,36.0,68.0
2026-01-29,ibm_marrakesh,11,198.1337,141.7219,0.0003835,0.0003835,0.00167016,0.01062012,36.0,36.0,68.0
2026-01-29,ibm_marrakesh,12,315.4574,170.4285,0.00014233,0.00014233,0.0015379,0.00708008,36.0,36.0,80.0
2026-01-29,ibm_marrakesh,13,206.5751,184.814,0.00031169,0.00031169,0.00122392,0.02832031,36.0,36.0,80.0
2026-01-29,ibm_marrakesh,14,351.24,101.3739,0.0001168,0.0001168,0.00128658,0.00219727,36.0,36.0,68.0
2026-01-29,ibm_marrakesh,15,287.0764,33.207,0.00014422,0.00014422,,0.01098633,36.0,36.0,
2026-01-29,ibm_marrakesh,16,143.1249,110.466,0.00056568,0.00056568,,0.00854492,36.0,36.0,
2026-01-29,ibm_marrakesh,17,109.8968,10.8126,0.00032635,0.00032635,,0.00537109,36.0,36.0,
2026-01-29,ibm_marrakesh,18,116.6235,114.4157,0.00025109,0.00025109,,0.01293945,36.0,36.0,
2026-01-29,ibm_marrakesh,19,140.3417,60.3772,0.00013585,0.00013585,,0.00415039,36.0,36.0,
2026-01-28,ibm_marrakesh,10,247.735,116.2135,0.00032832,0.00032832,0.00146199,0.00720215,36.0,36.0,68.0
2026-01-28,ibm_marrakesh,11,315.0105,217.7051,0.00027224,0.00027224,0.00167016,0.03320312,36.0,36.0,68.0
2026-01-28,ibm_marrakesh,12,300.7686,134.318,0.00015594,0.00015594,0.00216275,0.00439453,36.0,36.0,80.0
2026-01-28,ibm_marrakesh,13,226.062,180.9325,0.00016383,0.00016383,0.00111228,0.02758789,36.0,36.0,80.0
2026-01-28,ibm_marrakesh,14,344.0344,145.8433,0.00013301,0.00013301,0.00118528,0.00341797,36.0,36.0,68.0
2026-01-28,ibm_marrakesh,15,369.9477,28.4417,0.00011837,0.00011837,,0.01477051,36.0,36.0,
2026-01-28,ibm_marrakesh,16,142.6071,114.598,0.00049797,0.00049797,,0.00598145,36.0,36.0,
2026-01-28,ibm_marrakesh,17,298.3962,10.1122,0.00040773,0.00040773,,0.00280762,36.0,36.0,
2026-01-28,ibm_marrakesh,18,97.7448,97.1348,0.00067737,0.00067737,,0.0201416,36.0,36.0,
2026-01-28,ibm_marrakesh,19,127.4287,60.4483,0.00013585,0.00013585,,0.00402832,36.0,36.0,
2026-01-27,ibm_marrakesh,10,245.8832,165.7477,0.00023796,0.00023796,0.00112228,0.0111084,36.0,36.0,68.0
2026-01-27,ibm_marrakesh,11,276.9747,144.3662,0.00050658,0.00050658,0.00142665,0.04089355,36.0,36.0,68.0
2026-01-27,ibm_marrakesh,12,263.3348,148.7696,0.00024039,0.00024039,0.00188584,0.00817871,36.0,36.0,80.0
2026-01-27,ibm_marrakesh,13,185.5351,163.8496,0.00037595,0.00037595,0.00171997,0.04089355,36.0,36.0,80.0
2026-01-27,ibm_marrakesh,14,382.8681,107.8512,0.0001674,0.0001674,0.00123829,0.00427246,36.0,36.0,68.0
2026-01-27,ibm_marrakesh,15,273.8134,28.2218,0.00011837,0.00011837,,0.02124023,36.0,36.0,
2026-01-27,ibm_marrakesh,16,144.5657,97.9723,0.00048005,0.00048005,,0.01037598,36.0,36.0,
2026-01-27,ibm_marrakesh,17,270.6286,7.6564,0.00047182,0.00047182,,0.00292969,36.0,36.0,
2026-01-27,ibm_marrakesh,18,96.268,71.0781,0.00042577,0.00042577,,0.01452637,36.0,36.0,
2026-01-27,ibm_marrakesh,19,146.3578,67.9001,0.00018769,0.00018769,,0.0057373,36.0,36.0,
2026-01-26,ibm_marrakesh,10,322.4729,231.8054,0.00015198,0.00015198,0.00125449,0.00561523,36.0,36.0,68.0
2026-01-26,ibm_marrakesh,11,315.2518,195.8203,0.00044292,0.00044292,0.00144249,0.01525879,36.0,36.0,68.0
2026-01-26,ibm_marrakesh,12,176.7097,111.213,0.0001955,0.0001955,0.00191657,0.00390625,36.0,36.0,80.0
2026-01-26,ibm_marrakesh,13,231.7832,171.8126,0.00016377,0.00016377,0.00119421,0.01464844,36.0,36.0,80.0
2026-01-26,ibm_marrakesh,14,337.4876,126.2831,0.00010348,0.00010348,0.00127267,0.0045166,36.0,36.0,68.0
2026-01-26,ibm_marrakesh,15,305.2441,16.2002,0.00013645,0.00013645,,0.01318359,36.0,36.0,
2026-01-26,ibm_marrakesh,16,159.4773,109.6869,0.00079331,0.00079331,,0.00598145,36.0,36.0,
2026-01-26,ibm_marrakesh,17,340.2145,12.923,0.00017366,0.00017366,,0.00463867,36.0,36.0,
2026-01-26,ibm_marrakesh,18,104.7359,71.2807,0.0002469,0.0002469,,0.01513672,36.0,36.0,
2026-01-26,ibm_marrakesh,19,107.3434,26.3383,0.00051473,0.00051473,,0.00305176,36.0,36.0,
2026-01-25,ibm_marrakesh,10,295.8848,197.4566,0.0001854,0.0001854,0.00147394,0.00561523,36.0,36.0,68.0
2026-01-25,ibm_marrakesh,11,260.9926,173.2696,0.00024699,0.00024699,0.00157253,0.01184082,36.0,36.0,68.0
2026-01-25,ibm_marrakesh,12,168.2783,113.8454,0.00081571,0.00081571,0.00179321,0.00537109,36.0,36.0,80.0
2026-01-25,ibm_marrakesh,13,152.7829,105.8208,0.00217591,0.00217591,0.00119421,0.01049805,36.0,36.0,80.0
2026-01-25,ibm_marrakesh,14,312.4163,91.0741,0.00029203,0.00029203,0.00134402,0.00219727,36.0,36.0,68.0
2026-01-25,ibm_marrakesh,15,305.2441,26.8331,0.00011913,0.00011913,,0.01257324,36.0,36.0,
2026-01-25,ibm_marrakesh,16,159.4773,109.6869,0.00061866,0.00061866,,0.00549316,36.0,36.0,
2026-01-25,ibm_marrakesh,17,260.6239,10.3872,0.00045836,0.00045836,,0.00708008,36.0,36.0,
2026-01-25,ibm_marrakesh,18,102.6411,114.1093,0.00030564,0.00030564,,0.02062988,36.0,36.0,
2026-01-25,ibm_marrakesh,19,107.3434,38.0976,0.00020954,0.00020954,,0.00671387,36.0,36.0,
2026-01-24,ibm_marrakesh,10,290.5798,186.6324,0.00015801,0.00015801,0.00132247,0.00610352,36.0,36.0,68.0
2026-01-24,ibm_marrakesh,11,128.4851,30.1746,0.00046852,0.00046852,0.00151825,0.02832031,36.0,36.0,68.0
2026-01-24,ibm_marrakesh,12,245.0173,158.0771,0.00025153,0.00025153,0.00182643,0.00561523,36.0,36.0,80.0
2026-01-24,ibm_marrakesh,13,238.7851,167.0978,0.00025347,0.00025347,0.00109421,0.05200195,36.0,36.0,80.0
2026-01-24,ibm_marrakesh,14,281.021,108.8814,0.00011357,0.00011357,0.0012903,0.00488281,36.0,36.0,68.0
2026-01-24,ibm_marrakesh,15,247.1134,31.0976,0.00023655,0.00023655,,0.01318359,36.0,36.0,
2026-01-24,ibm_marrakesh,16,134.8035,64.4846,0.0011485,0.0011485,,0.01367188,36.0,36.0,
2026-01-24,ibm_marrakesh,17,217.5964,9.9531,0.00026011,0.00026011,,0.00463867,36.0,36.0,
2026-01-24,ibm_marrakesh,18,85.351,76.7688,0.00053653,0.00053653,,0.01147461,36.0,36.0,
2026-01-24,ibm_marrakesh,19,131.2424,49.5052,0.00025946,0.00025946,,0.00390625,36.0,36.0,
2026-01-23,ibm_marrakesh,10,265.5078,125.9113,0.00034901,0.00034901,0.00222985,0.0045166,36.0,36.0,68.0
2026-01-23,ibm_marrakesh,11,128.4851,39.7192,0.00021599,0.00021599,0.00127475,0.03625488,36.0,36.0,68.0
2026-01-23,ibm_marrakesh,12,203.7073,107.9427,0.00023316,0.00023316,0.0017854,0.00500488,36.0,36.0,80.0
2026-01-23,ibm_marrakesh,13,208.6925,209.0583,0.00041646,0.00041646,0.00109421,0.02868652,36.0,36.0,80.0
2026-01-23,ibm_marrakesh,14,339.2995,94.5842,0.00017286,0.00017286,0.00200169,0.00219727,36.0,36.0,68.0
2026-01-23,ibm_marrakesh,15,300.0435,46.0536,0.00023655,0.00023655,,0.01635742,36.0,36.0,
2026-01-23,ibm_marrakesh,16,153.951,32.0075,0.00038132,0.00038132,,0.01330566,36.0,36.0,
2026-01-23,ibm_marrakesh,17,242.2255,11.1775,0.00056581,0.00056581,,0.01281738,36.0,36.0,
2026-01-23,ibm_marrakesh,18,117.022,91.4242,0.00022151,0.00022151,,0.03417969,36.0,36.0,
2026-01-23,ibm_marrakesh,19,114.1066,56.1371,0.00027642,0.00027642,,0.00488281,36.0,36.0,
2026-01-22,ibm_marrakesh,10,265.5078,125.9113,0.00019358,0.00019358,0.00120743,0.00561523,36.0,36.0,68.0
2026-01-22,ibm_marrakesh,11,128.4851,39.7192,0.00029445,0.00029445,0.00130482,0.01611328,36.0,36.0,68.0
2026-01-22,ibm_marrakesh,12,203.7073,107.9427,0.00028715,0.00028715,0.00263446,0.00561523,36.0,36.0,80.0
2026-01-22,ibm_marrakesh,13,208.6925,209.0583,0.00041646,0.00041646,0.00145426,0.03613281,36.0,36.0,80.0
2026-01-22,ibm_marrakesh,14,339.2995,94.5842,0.00013063,0.00013063,0.00200169,0.00292969,36.0,36.0,68.0
2026-01-22,ibm_marrakesh,15,300.0435,46.0536,0.00032642,0.00032642,,0.01708984,36.0,36.0,
2026-01-22,ibm_marrakesh,16,153.951,32.0075,0.00038132,0.00038132,,0.00756836,36.0,36.0,
2026-01-22,ibm_marrakesh,17,242.2255,11.1775,0.0003264,0.0003264,,0.00610352,36.0,36.0,
2026-01-22,ibm_marrakesh,18,117.022,91.4242,0.00032631,0.00032631,,0.0144043,36.0,36.0,
2026-01-22,ibm_marrakesh,19,114.1066,56.1371,0.00042255,0.00042255,,0.00341797,36.0,36.0,
2026-01-21,ibm_marrakesh,10,243.571,84.8995,0.00019358,0.00019358,0.00146417,0.01000977,36.0,36.0,68.0
2026-01-21,ibm_marrakesh,11,296.5356,74.7655,0.00029445,0.00029445,0.00162221,0.01196289,36.0,36.0,68.0
2026-01-21,ibm_marrakesh,12,240.1812,159.1162,0.00028715,0.00028715,0.00191136,0.00927734,36.0,36.0,80.0
2026-01-21,ibm_marrakesh,13,234.0825,191.3023,0.00041646,0.00041646,0.00139286,0.02563477,36.0,36.0,80.0
2026-01-21,ibm_marrakesh,14,244.7275,103.2819,0.00013063,0.00013063,0.00132909,0.00317383,36.0,36.0,68.0
2026-01-21,ibm_marrakesh,15,282.3838,30.0772,0.00032642,0.00032642,,0.01538086,36.0,36.0,
2026-01-21,ibm_marrakesh,16,107.1902,110.5548,0.00038132,0.00038132,,0.01269531,36.0,36.0,
2026-01-21,ibm_marrakesh,17,239.3052,10.1069,0.0003264,0.0003264,,0.00708008,36.0,36.0,
2026-01-21,ibm_marrakesh,18,98.7297,46.9684,0.00032631,0.00032631,,0.01928711,36.0,36.0,
2026-01-21,ibm_marrakesh,19,138.8845,60.5103,0.00042255,0.00042255,,0.00512695,36.0,36.0,
2026-01-20,ibm_marrakesh,10,327.5082,216.889,0.00019712,0.00019712,0.00146417,0.00610352,36.0,36.0,68.0
2026-01-20,ibm_marrakesh,11,272.0711,172.1502,0.00037032,0.00037032,0.00162221,0.01025391,36.0,36.0,68.0
2026-01-20,ibm_marrakesh,12,102.523,94.2965,0.00016211,0.00016211,0.00191136,0.00268555,36.0,36.0,80.0
2026-01-20,ibm_marrakesh,13,199.0104,157.1611,0.00020186,0.00020186,0.00139286,0.03051758,36.0,36.0,80.0
2026-01-20,ibm_marrakesh,14,190.9706,84.7609,0.00011798,0.00011798,0.00132909,0.00341797,36.0,36.0,68.0
2026-01-20,ibm_marrakesh,15,239.4616,26.5171,0.00016549,0.00016549,,0.0078125,36.0,36.0,
2026-01-20,ibm_marrakesh,16,150.3311,119.2556,0.00052691,0.00052691,,0.00878906,36.0,36.0,
2026-01-20,ibm_marrakesh,17,270.9868,9.8687,0.00032647,0.00032647,,0.00463867,36.0,36.0,
2026-01-20,ibm_marrakesh,18,121.2609,135.0959,0.00025305,0.00025305,,0.01391602,36.0,36.0,
2026-01-20,ibm_marrakesh,19,153.0595,66.3516,0.0001887,0.0001887,,0.00561523,36.0,36.0,
2026-01-19,ibm_marrakesh,10,294.9476,113.7921,0.00015988,0.00015988,0.00125808,0.00585938,36.0,36.0,68.0
2026-01-19,ibm_marrakesh,11,243.6375,106.8722,0.00031521,0.00031521,0.00128368,0.01318359,36.0,36.0,68.0
2026-01-19,ibm_marrakesh,12,281.7913,159.5542,0.00017987,0.00017987,0.00160558,0.00390625,36.0,36.0,80.0
2026-01-19,ibm_marrakesh,13,197.4746,173.7611,0.0001949,0.0001949,0.00126471,0.01318359,36.0,36.0,80.0
2026-01-19,ibm_marrakesh,14,220.8318,108.5057,0.00016212,0.00016212,0.00139616,0.00219727,36.0,36.0,68.0
2026-01-19,ibm_marrakesh,15,164.2823,22.9365,0.0002157,0.0002157,,0.00439453,36.0,36.0,
2026-01-19,ibm_marrakesh,16,98.9405,90.3199,0.00041977,0.00041977,,0.00805664,36.0,36.0,
2026-01-19,ibm_marrakesh,17,62.7788,8.7735,0.00049675,0.00049675,,0.00390625,36.0,36.0,
2026-01-19,ibm_marrakesh,18,106.7731,96.9894,0.00058274,0.00058274,,0.01513672,36.0,36.0,
2026-01-19,ibm_marrakesh,19,154.421,68.3069,0.00027321,0.00027321,,0.00415039,36.0,36.0,
2026-01-18,ibm_marrakesh,10,247.0966,154.6227,0.00059108,0.00059108,0.00137703,0.00537109,36.0,36.0,68.0
2026-01-18,ibm_marrakesh,11,342.0215,157.2976,0.00030646,0.00030646,0.00123125,0.01489258,36.0,36.0,68.0
2026-01-18,ibm_marrakesh,12,310.3674,139.9733,0.00037237,0.00037237,0.00160352,0.00317383,36.0,36.0,80.0
2026-01-18,ibm_marrakesh,13,233.6556,206.341,0.00012847,0.00012847,0.00131118,0.04199219,36.0,36.0,80.0
2026-01-18,ibm_marrakesh,14,380.1107,157.8709,0.00012939,0.00012939,0.00139616,0.00268555,36.0,36.0,68.0
2026-01-18,ibm_marrakesh,15,164.2823,27.7635,0.00015844,0.00015844,,0.00439453,36.0,36.0,
2026-01-18,ibm_marrakesh,16,163.346,93.6398,0.00034679,0.00034679,,0.00756836,36.0,36.0,
2026-01-18,ibm_marrakesh,17,272.0383,11.0449,0.0003735,0.0003735,,0.00390625,36.0,36.0,
2026-01-18,ibm_marrakesh,18,110.5671,67.7299,0.00039102,0.00039102,,0.01928711,36.0,36.0,
2026-01-18,ibm_marrakesh,19,140.9643,75.4901,0.00026749,0.00026749,,0.00292969,36.0,36.0,
2026-01-17,ibm_marrakesh,10,239.8657,170.6892,0.00022546,0.00022546,0.00136933,0.00939941,36.0,36.0,68.0
2026-01-17,ibm_marrakesh,11,212.0182,120.8654,0.00028605,0.00028605,0.00118491,0.00915527,36.0,36.0,68.0
2026-01-17,ibm_marrakesh,12,272.982,176.3437,0.00016177,0.00016177,0.00196452,0.00842285,36.0,36.0,80.0
2026-01-17,ibm_marrakesh,13,47.5774,61.7639,0.00043146,0.00043146,0.00173531,0.03833008,36.0,36.0,80.0
2026-01-17,ibm_marrakesh,14,201.2346,116.1643,0.00017543,0.00017543,0.00116174,0.00341797,36.0,36.0,68.0
2026-01-17,ibm_marrakesh,15,387.6646,32.916,0.00018992,0.00018992,,0.00439453,36.0,36.0,
2026-01-17,ibm_marrakesh,16,98.4498,102.1933,0.00051069,0.00051069,,0.00683594,36.0,36.0,
2026-01-17,ibm_marrakesh,17,238.3045,10.4299,0.00065643,0.00065643,,0.0045166,36.0,36.0,
2026-01-17,ibm_marrakesh,18,83.5528,72.1643,0.00026156,0.00026156,,0.015625,36.0,36.0,
2026-01-17,ibm_marrakesh,19,147.4738,72.0624,0.0002838,0.0002838,,0.00622559,36.0,36.0,
2026-01-16,ibm_marrakesh,10,286.3167,179.2542,0.00016918,0.00016918,0.00140288,0.01782227,36.0,36.0,68.0
2026-01-16,ibm_marrakesh,11,276.6157,124.2341,0.00028196,0.00028196,0.00096598,0.01000977,36.0,36.0,68.0
2026-01-16,ibm_marrakesh,12,330.9863,183.1463,0.00019302,0.00019302,0.00145065,0.00463867,36.0,36.0,80.0
2026-01-16,ibm_marrakesh,13,143.2039,158.742,0.00013738,0.00013738,0.00458338,0.06530762,36.0,36.0,80.0
2026-01-16,ibm_marrakesh,14,300.9811,120.9635,0.00012646,0.00012646,0.00124104,0.00378418,36.0,36.0,68.0
2026-01-16,ibm_marrakesh,15,103.0972,23.2581,0.00013426,0.00013426,,0.00427246,36.0,36.0,
2026-01-16,ibm_marrakesh,16,148.1837,102.9438,0.00067047,0.00067047,,0.00585938,36.0,36.0,
2026-01-16,ibm_marrakesh,17,218.0517,11.2795,0.00060195,0.00060195,,0.00402832,36.0,36.0,
2026-01-16,ibm_marrakesh,18,106.2835,119.6512,0.00055168,0.00055168,,0.0201416,36.0,36.0,
2026-01-16,ibm_marrakesh,19,170.4621,64.531,0.00018756,0.00018756,,0.00744629,36.0,36.0,
2026-01-15,ibm_marrakesh,10,286.2517,257.6799,0.00022447,0.00022447,0.00168119,0.00939941,36.0,36.0,68.0
2026-01-15,ibm_marrakesh,11,244.3911,243.7181,0.00024398,0.00024398,0.0012265,0.0123291,36.0,36.0,68.0
2026-01-15,ibm_marrakesh,12,292.1634,160.9337,0.00021429,0.00021429,0.00188427,0.00439453,36.0,36.0,80.0
2026-01-15,ibm_marrakesh,13,175.1345,146.3344,0.00022654,0.00022654,0.00458338,0.04833984,36.0,36.0,80.0
2026-01-15,ibm_marrakesh,14,233.5548,87.4866,0.00010095,0.00010095,0.00148189,0.00292969,36.0,36.0,68.0
2026-01-15,ibm_marrakesh,15,390.8396,47.7969,0.00041267,0.00041267,,0.0045166,36.0,36.0,
2026-01-15,ibm_marrakesh,16,116.7088,103.2706,0.00045788,0.00045788,,0.00744629,36.0,36.0,
2026-01-15,ibm_marrakesh,17,237.221,12.7093,0.00030925,0.00030925,,0.00598145,36.0,36.0,
2026-01-15,ibm_marrakesh,18,78.0033,75.9933,0.00038524,0.00038524,,0.01611328,36.0,36.0,
2026-01-15,ibm_marrakesh,19,155.3957,49.7158,0.00023725,0.00023725,,0.00512695,36.0,36.0,
2026-01-14,ibm_marrakesh,10,294.5562,62.9233,0.00030829,0.00030829,0.00169377,0.00622559,36.0,36.0,68.0
2026-01-14,ibm_marrakesh,11,335.1361,140.8131,0.00028609,0.00028609,0.00115269,0.01623535,36.0,36.0,68.0
2026-01-14,ibm_marrakesh,12,220.3439,162.7063,0.00023096,0.00023096,0.00478296,0.00610352,36.0,36.0,80.0
2026-01-14,ibm_marrakesh,13,182.7476,238.8122,0.00020816,0.00020816,0.00458338,0.07495117,36.0,36.0,80.0
2026-01-14,ibm_marrakesh,14,345.0597,147.2846,0.00022859,0.00022859,0.00156197,0.00708008,36.0,36.0,68.0
2026-01-14,ibm_marrakesh,15,120.2312,27.4262,0.00017357,0.00017357,,0.00439453,36.0,36.0,
2026-01-14,ibm_marrakesh,16,131.9074,83.4539,0.00087763,0.00087763,,0.00695801,36.0,36.0,
2026-01-14,ibm_marrakesh,17,178.9223,11.796,0.00040215,0.00040215,,0.0045166,36.0,36.0,
2026-01-14,ibm_marrakesh,18,108.5386,96.9006,0.00071997,0.00071997,,0.0144043,36.0,36.0,
2026-01-14,ibm_marrakesh,19,170.5149,61.767,0.0002293,0.0002293,,0.00488281,36.0,36.0,
2026-01-13,ibm_marrakesh,10,294.5562,246.8417,0.00021808,0.00021808,0.00126311,0.0057373,36.0,36.0,68.0
2026-01-13,ibm_marrakesh,11,167.1734,113.8429,0.0002634,0.0002634,0.00141746,0.01672363,36.0,36.0,68.0
2026-01-13,ibm_marrakesh,12,275.8439,166.3276,0.00018127,0.00018127,0.00150352,0.00415039,36.0,36.0,80.0
2026-01-13,ibm_marrakesh,13,205.6918,163.6395,0.00017008,0.00017008,0.00142492,0.03063965,36.0,36.0,80.0
2026-01-13,ibm_marrakesh,14,324.7301,113.099,0.00051457,0.00051457,0.00111697,0.00476074,36.0,36.0,68.0
2026-01-13,ibm_marrakesh,15,310.9515,29.169,0.00015555,0.00015555,,0.00402832,36.0,36.0,
2026-01-13,ibm_marrakesh,16,143.1923,11.1326,0.00118656,0.00118656,,0.0098877,36.0,36.0,
2026-01-13,ibm_marrakesh,17,253.7291,10.5064,0.00066246,0.00066246,,0.00390625,36.0,36.0,
2026-01-13,ibm_marrakesh,18,106.1879,88.2062,0.00025149,0.00025149,,0.01416016,36.0,36.0,
2026-01-13,ibm_marrakesh,19,164.2833,62.2625,0.00014868,0.00014868,,0.00463867,36.0,36.0,
2026-01-12,ibm_marrakesh,10,285.0819,270.7684,0.00019182,0.00019182,0.00126311,0.00488281,36.0,36.0,68.0
2026-01-12,ibm_marrakesh,11,336.2363,222.6896,0.00032725,0.00032725,0.00117471,0.0098877,36.0,36.0,68.0
2026-01-12,ibm_marrakesh,12,277.3342,166.2677,0.00018882,0.00018882,0.00145989,0.0057373,36.0,36.0,80.0
2026-01-12,ibm_marrakesh,13,214.94,254.3442,0.00019673,0.00019673,0.0012846,0.09924316,36.0,36.0,80.0
2026-01-12,ibm_marrakesh,14,224.8527,124.0198,0.00012785,0.00012785,0.00139506,0.09313965,36.0,36.0,68.0
2026-01-12,ibm_marrakesh,15,230.3656,39.7299,0.00017484,0.00017484,,0.00512695,36.0,36.0,
2026-01-12,ibm_marrakesh,16,148.3666,17.6754,0.00059274,0.00059274,,0.01074219,36.0,36.0,
2026-01-12,ibm_marrakesh,17,93.8754,9.2663,0.00017418,0.00017418,,0.00415039,36.0,36.0,
2026-01-12,ibm_marrakesh,18,79.2428,79.4559,0.00038886,0.00038886,,0.01342773,36.0,36.0,
2026-01-12,ibm_marrakesh,19,122.6246,57.3056,0.0001508,0.0001508,,0.00366211,36.0,36.0,
2026-01-11,ibm_marrakesh,10,230.0868,180.3578,0.00027689,0.00027689,0.00171293,0.00915527,36.0,36.0,68.0
2026-01-11,ibm_marrakesh,11,308.2497,194.319,0.00022096,0.00022096,0.0014263,0.01098633,36.0,36.0,68.0
2026-01-11,ibm_marrakesh,12,268.7875,161.841,0.00019378,0.00019378,0.00160024,0.00549316,36.0,36.0,80.0
2026-01-11,ibm_marrakesh,13,198.2788,201.2506,0.00023063,0.00023063,0.00122815,0.0369873,36.0,36.0,80.0
2026-01-11,ibm_marrakesh,14,52.9922,54.8353,0.00014855,0.00014855,0.00131075,0.00390625,36.0,36.0,68.0
2026-01-11,ibm_marrakesh,15,379.9092,29.2504,0.0001532,0.0001532,,0.00634766,36.0,36.0,
2026-01-11,ibm_marrakesh,16,148.3666,122.3281,0.00036406,0.00036406,,0.00524902,36.0,36.0,
2026-01-11,ibm_marrakesh,17,276.3833,11.5361,0.00037043,0.00037043,,0.00500488,36.0,36.0,
2026-01-11,ibm_marrakesh,18,97.8086,117.6922,0.00031152,0.00031152,,0.01123047,36.0,36.0,
2026-01-11,ibm_marrakesh,19,122.5842,62.8897,0.00023726,0.00023726,,0.00488281,36.0,36.0,
2026-01-10,ibm_marrakesh,10,221.5598,107.6981,0.00018952,0.00018952,0.00235246,0.00402832,36.0,36.0,68.0
2026-01-10,ibm_marrakesh,11,368.7096,41.5894,0.00044405,0.00044405,0.00128237,0.01745605,36.0,36.0,68.0
2026-01-10,ibm_marrakesh,12,225.0813,167.8988,0.00022126,0.00022126,0.00150318,0.00415039,36.0,36.0,80.0
2026-01-10,ibm_marrakesh,13,155.2926,168.967,0.00017926,0.00017926,0.0013084,0.02685547,36.0,36.0,80.0
2026-01-10,ibm_marrakesh,14,277.0969,139.1216,0.00020236,0.00020236,0.00144911,0.00268555,36.0,36.0,68.0
2026-01-10,ibm_marrakesh,15,297.6562,27.3325,0.00018604,0.00018604,,0.00378418,36.0,36.0,
2026-01-10,ibm_marrakesh,16,140.6428,26.1378,0.00045842,0.00045842,,0.00854492,36.0,36.0,
2026-01-10,ibm_marrakesh,17,223.9855,10.6546,0.00029421,0.00029421,,0.00793457,36.0,36.0,
2026-01-10,ibm_marrakesh,18,122.1053,95.1754,0.00027322,0.00027322,,0.01513672,36.0,36.0,
2026-01-10,ibm_marrakesh,19,125.7139,27.5207,0.00023726,0.00023726,,0.00488281,36.0,36.0,
2026-01-09,ibm_marrakesh,10,273.8955,219.7855,0.00029265,0.00029265,0.00235246,0.00585938,36.0,36.0,68.0
2026-01-09,ibm_marrakesh,11,368.7096,278.0434,0.00022189,0.00022189,0.00129575,0.01245117,36.0,36.0,68.0
2026-01-09,ibm_marrakesh,12,319.3967,70.2482,0.0002434,0.0002434,0.00140129,0.00366211,36.0,36.0,80.0
2026-01-09,ibm_marrakesh,13,184.5432,165.1301,0.00017091,0.00017091,0.00124022,0.01708984,36.0,36.0,80.0
2026-01-09,ibm_marrakesh,14,302.3923,146.0928,0.0001084,0.0001084,0.00123166,0.00305176,36.0,36.0,68.0
2026-01-09,ibm_marrakesh,15,305.6062,51.5533,8.181e-05,8.181e-05,,0.00439453,36.0,36.0,
2026-01-09,ibm_marrakesh,16,151.6599,66.7257,0.00046893,0.00046893,,0.01147461,36.0,36.0,
2026-01-09,ibm_marrakesh,17,295.4186,10.7586,0.00031425,0.00031425,,0.00695801,36.0,36.0,
2026-01-09,ibm_marrakesh,18,109.6707,125.4974,0.00027989,0.00027989,,0.01403809,36.0,36.0,
2026-01-09,ibm_marrakesh,19,125.7139,52.8548,0.00033113,0.00033113,,0.00512695,36.0,36.0,
2026-01-08,ibm_marrakesh,10,295.9727,164.1056,0.00017489,0.00017489,0.00165133,0.00549316,36.0,36.0,68.0
2026-01-08,ibm_marrakesh,11,348.5888,120.7185,0.00036339,0.00036339,0.00158891,0.00976562,36.0,36.0,68.0
2026-01-08,ibm_marrakesh,12,319.3967,166.3457,0.00023783,0.00023783,0.00192121,0.00317383,36.0,36.0,80.0
2026-01-08,ibm_marrakesh,13,214.4647,193.5921,0.0001828,0.0001828,0.00130028,0.06738281,36.0,36.0,80.0
2026-01-08,ibm_marrakesh,14,289.1566,136.4955,0.00016327,0.00016327,0.0018588,0.01330566,36.0,36.0,68.0
2026-01-08,ibm_marrakesh,15,300.3054,54.5155,0.00013901,0.00013901,,0.00427246,36.0,36.0,
2026-01-08,ibm_marrakesh,16,114.4455,119.0194,0.0003362,0.0003362,,0.00622559,36.0,36.0,
2026-01-08,ibm_marrakesh,17,192.528,8.2528,0.00026451,0.00026451,,0.01477051,36.0,36.0,
2026-01-08,ibm_marrakesh,18,108.1583,127.6963,0.00028022,0.00028022,,0.01318359,36.0,36.0,
2026-01-08,ibm_marrakesh,19,160.4569,56.5484,0.00020232,0.00020232,,0.00598145,36.0,36.0,
2026-01-07,ibm_marrakesh,10,265.9306,167.0908,0.00016975,0.00016975,0.00228864,0.00598145,36.0,36.0,68.0
2026-01-07,ibm_marrakesh,11,211.1538,138.8983,0.00029659,0.00029659,0.00204275,0.01013184,36.0,36.0,68.0
2026-01-07,ibm_marrakesh,12,99.969,91.4252,0.00042488,0.00042488,0.00217684,0.00305176,36.0,36.0,80.0
2026-01-07,ibm_marrakesh,13,127.1992,145.8169,0.00016443,0.00016443,0.00192744,0.02746582,36.0,36.0,80.0
2026-01-07,ibm_marrakesh,14,91.2885,87.3083,0.00071435,0.00071435,0.00223957,0.0032959,36.0,36.0,68.0
2026-01-07,ibm_marrakesh,15,228.3882,30.8333,0.00012456,0.00012456,,0.00402832,36.0,36.0,
2026-01-07,ibm_marrakesh,16,116.304,13.0916,0.00052017,0.00052017,,0.00878906,36.0,36.0,
2026-01-07,ibm_marrakesh,17,231.8607,11.2534,0.00035253,0.00035253,,0.0032959,36.0,36.0,
2026-01-07,ibm_marrakesh,18,24.2767,23.9114,0.00053083,0.00053083,,0.01306152,36.0,36.0,
2026-01-07,ibm_marrakesh,19,135.5648,69.8361,0.00036148,0.00036148,,0.00488281,36.0,36.0,
2026-01-06,ibm_marrakesh,10,257.1316,225.1708,0.00014538,0.00014538,0.00213849,0.00695801,36.0,36.0,68.0
2026-01-06,ibm_marrakesh,11,305.5206,186.8275,0.00062666,0.00062666,0.00204704,0.02612305,36.0,36.0,68.0
2026-01-06,ibm_marrakesh,12,252.8343,154.672,0.00039415,0.00039415,0.00168713,0.00732422,36.0,36.0,80.0
2026-01-06,ibm_marrakesh,13,127.3022,163.342,0.00034224,0.00034224,0.00127421,0.02258301,36.0,36.0,80.0
2026-01-06,ibm_marrakesh,14,206.2457,109.458,0.00017874,0.00017874,0.0012412,0.02148438,36.0,36.0,68.0
2026-01-06,ibm_marrakesh,15,285.2677,31.4547,0.00021506,0.00021506,,0.0057373,36.0,36.0,
2026-01-06,ibm_marrakesh,16,116.304,122.8711,0.00028893,0.00028893,,0.00683594,36.0,36.0,
2026-01-06,ibm_marrakesh,17,222.5615,11.803,0.00039185,0.00039185,,0.00402832,36.0,36.0,
2026-01-06,ibm_marrakesh,18,99.1279,104.7128,0.00037599,0.00037599,,0.02233887,36.0,36.0,
2026-01-06,ibm_marrakesh,19,136.1558,54.4023,0.00040348,0.00040348,,0.00292969,36.0,36.0,
2026-01-05,ibm_marrakesh,10,180.6851,159.7958,0.00029134,0.00029134,0.00255891,0.00964355,36.0,36.0,68.0
2026-01-05,ibm_marrakesh,11,130.4316,103.5408,0.00029455,0.00029455,0.002216,0.01513672,36.0,36.0,68.0
2026-01-05,ibm_marrakesh,12,190.1762,44.3579,0.00037611,0.00037611,0.0021706,0.01147461,36.0,36.0,80.0
2026-01-05,ibm_marrakesh,13,170.9002,191.0059,0.00015066,0.00015066,0.00284433,0.01611328,36.0,36.0,80.0
2026-01-05,ibm_marrakesh,14,169.4555,110.2914,0.00016348,0.00016348,0.00140431,0.00305176,36.0,36.0,68.0
2026-01-05,ibm_marrakesh,15,168.9587,29.8927,0.00018362,0.00018362,,0.00476074,36.0,36.0,
2026-01-05,ibm_marrakesh,16,149.1587,76.4098,0.00072281,0.00072281,,0.00756836,36.0,36.0,
2026-01-05,ibm_marrakesh,17,194.3419,11.4882,0.0004588,0.0004588,,0.0098877,36.0,36.0,
2026-01-05,ibm_marrakesh,18,101.297,57.5398,0.00051234,0.00051234,,0.02380371,36.0,36.0,
2026-01-05,ibm_marrakesh,19,114.1916,58.55,0.0002149,0.0002149,,0.00646973,36.0,36.0,
2026-01-04,ibm_marrakesh,10,180.6851,159.7958,0.00029134,0.00029134,0.00255891,0.00878906,36.0,36.0,68.0
2026-01-04,ibm_marrakesh,11,130.4316,103.5408,0.00029455,0.00029455,0.002216,0.00927734,36.0,36.0,68.0
2026-01-04,ibm_marrakesh,12,190.1762,44.3579,0.00037611,0.00037611,0.0021706,0.00683594,36.0,36.0,80.0
2026-01-04,ibm_marrakesh,13,170.9002,191.0059,0.00015066,0.00015066,0.00284433,0.02563477,36.0,36.0,80.0
2026-01-04,ibm_marrakesh,14,169.4555,110.2914,0.00016348,0.00016348,0.00140431,0.00244141,36.0,36.0,68.0
2026-01-04,ibm_marrakesh,15,168.9587,29.8927,0.00018362,0.00018362,,0.01635742,36.0,36.0,
2026-01-04,ibm_marrakesh,16,149.1587,76.4098,0.00072281,0.00072281,,0.00537109,36.0,36.0,
2026-01-04,ibm_marrakesh,17,194.3419,11.4882,0.0004588,0.0004588,,0.00952148,36.0,36.0,
2026-01-04,ibm_marrakesh,18,101.297,57.5398,0.00051234,0.00051234,,0.01806641,36.0,36.0,
2026-01-04,ibm_marrakesh,19,114.1916,58.55,0.0002149,0.0002149,,0.0065918,36.0,36.0,
2026-01-03,ibm_marrakesh,10,238.7871,217.8621,0.00016659,0.00016659,0.0016715,0.01074219,36.0,36.0,68.0
2026-01-03,ibm_marrakesh,11,251.2141,231.0523,0.00043762,0.00043762,0.00139187,0.03100586,36.0,36.0,68.0
2026-01-03,ibm_marrakesh,12,190.1762,145.8509,0.0002861,0.0002861,0.00199276,0.0090332,36.0,36.0,80.0
2026-01-03,ibm_marrakesh,13,166.9921,209.6367,0.0002422,0.0002422,0.00284433,0.01281738,36.0,36.0,80.0
2026-01-03,ibm_marrakesh,14,66.137,70.0368,0.00058135,0.00058135,0.00266816,0.02282715,36.0,36.0,68.0
2026-01-03,ibm_marrakesh,15,185.2475,30.008,0.00018362,0.00018362,,0.0065918,36.0,36.0,
2026-01-03,ibm_marrakesh,16,122.2973,16.3333,0.00055744,0.00055744,,0.00964355,36.0,36.0,
2026-01-03,ibm_marrakesh,17,174.6196,9.1745,0.00027683,0.00027683,,0.00622559,36.0,36.0,
2026-01-03,ibm_marrakesh,18,88.1816,57.1055,0.00042126,0.00042126,,0.01538086,36.0,36.0,
2026-01-03,ibm_marrakesh,19,91.4855,62.14,0.00024179,0.00024179,,0.0513916,36.0,36.0,
2026-01-02,ibm_marrakesh,10,253.1196,169.6715,0.00023854,0.00023854,0.00186985,0.01025391,36.0,36.0,68.0
2026-01-02,ibm_marrakesh,11,247.5279,147.6024,0.0005519,0.0005519,0.00104732,0.01513672,36.0,36.0,68.0
2026-01-02,ibm_marrakesh,12,221.4623,157.1015,0.00022889,0.00022889,0.0015858,0.00341797,36.0,36.0,80.0
2026-01-02,ibm_marrakesh,13,175.9759,221.7569,0.00018023,0.00018023,0.00193802,0.01733398,36.0,36.0,80.0
2026-01-02,ibm_marrakesh,14,73.6832,50.9455,0.000364,0.000364,0.00270428,0.01660156,36.0,36.0,68.0
2026-01-02,ibm_marrakesh,15,309.4633,31.4988,0.00021926,0.00021926,,0.01782227,36.0,36.0,
2026-01-02,ibm_marrakesh,16,108.6693,52.2663,0.00047832,0.00047832,,0.00537109,36.0,36.0,
2026-01-02,ibm_marrakesh,17,174.6196,10.7803,0.00028308,0.00028308,,0.01000977,36.0,36.0,
2026-01-02,ibm_marrakesh,18,97.7515,102.3158,0.00049363,0.00049363,,0.02319336,36.0,36.0,
2026-01-02,ibm_marrakesh,19,132.0131,35.7603,0.00019377,0.00019377,,0.01123047,36.0,36.0,
2026-01-01,ibm_marrakesh,10,188.3885,151.1689,0.0001381,0.0001381,0.00147581,0.0078125,36.0,36.0,68.0
2026-01-01,ibm_marrakesh,11,244.884,197.5251,0.00029528,0.00029528,0.00102176,0.02368164,36.0,36.0,68.0
2026-01-01,ibm_marrakesh,12,139.3401,98.9229,0.00022307,0.00022307,0.00146425,0.00512695,36.0,36.0,80.0
2026-01-01,ibm_marrakesh,13,178.4384,245.672,0.00022326,0.00022326,0.00193802,0.02197266,36.0,36.0,80.0
2026-01-01,ibm_marrakesh,14,285.1506,119.6212,0.00027153,0.00027153,0.00205177,0.00415039,36.0,36.0,68.0
2026-01-01,ibm_marrakesh,15,317.2828,31.9831,0.00015249,0.00015249,,0.00219727,36.0,36.0,
2026-01-01,ibm_marrakesh,16,142.7789,86.0782,0.00047882,0.00047882,,0.00805664,36.0,36.0,
2026-01-01,ibm_marrakesh,17,294.0493,12.3544,0.00028776,0.00028776,,0.00732422,36.0,36.0,
2026-01-01,ibm_marrakesh,18,79.0283,90.0109,0.00029386,0.00029386,,0.00805664,36.0,36.0,
2026-01-01,ibm_marrakesh,19,132.0131,61.6243,0.0013569,0.0013569,,0.00537109,36.0,36.0,
2025-12-31,ibm_marrakesh,10,254.2475,140.744,0.00020647,0.00020647,0.00167881,0.02404785,36.0,36.0,68.0
2025-12-31,ibm_marrakesh,11,250.1633,113.3301,0.00029528,0.00029528,0.0011823,0.0300293,36.0,36.0,68.0
2025-12-31,ibm_marrakesh,12,204.0687,154.5484,0.00021921,0.00021921,0.00146503,0.0045166,36.0,36.0,80.0
2025-12-31,ibm_marrakesh,13,228.3321,163.4957,0.00021248,0.00021248,0.00133479,0.01745605,36.0,36.0,80.0
2025-12-31,ibm_marrakesh,14,296.4819,136.8413,0.00010207,0.00010207,0.00137931,0.00256348,36.0,36.0,68.0
2025-12-31,ibm_marrakesh,15,370.2272,43.5475,0.0001258,0.0001258,,0.00537109,36.0,36.0,
2025-12-31,ibm_marrakesh,16,139.3094,40.0218,0.00046872,0.00046872,,0.00549316,36.0,36.0,
2025-12-31,ibm_marrakesh,17,180.1504,11.1971,0.00061795,0.00061795,,0.00512695,36.0,36.0,
2025-12-31,ibm_marrakesh,18,105.0429,87.424,0.00046332,0.00046332,,0.01086426,36.0,36.0,
2025-12-31,ibm_marrakesh,19,153.4022,61.0792,0.00026589,0.00026589,,0.00415039,36.0,36.0,
2025-12-30,ibm_marrakesh,10,292.0668,49.1527,0.00025878,0.00025878,0.00141831,0.00415039,36.0,36.0,68.0
2025-12-30,ibm_marrakesh,11,295.3203,210.8539,0.0008722,0.0008722,0.00128378,0.02392578,36.0,36.0,68.0
2025-12-30,ibm_marrakesh,12,326.0727,197.6293,0.00023358,0.00023358,0.00139449,0.00341797,36.0,36.0,80.0
2025-12-30,ibm_marrakesh,13,215.9335,243.591,0.00014346,0.00014346,0.00120634,0.0736084,36.0,36.0,80.0
2025-12-30,ibm_marrakesh,14,316.0619,135.0137,0.000179,0.000179,0.00216654,0.00402832,36.0,36.0,68.0
2025-12-30,ibm_marrakesh,15,322.8557,25.8838,0.0001376,0.0001376,,0.00402832,36.0,36.0,
2025-12-30,ibm_marrakesh,16,141.6752,78.0091,0.00036604,0.00036604,,0.00708008,36.0,36.0,
2025-12-30,ibm_marrakesh,17,175.0446,10.0777,0.00041619,0.00041619,,0.0065918,36.0,36.0,
2025-12-30,ibm_marrakesh,18,94.9885,122.0203,0.00047879,0.00047879,,0.02429199,36.0,36.0,
2025-12-30,ibm_marrakesh,19,175.8618,67.1229,0.00030534,0.00030534,,0.0045166,36.0,36.0,
2025-12-29,ibm_marrakesh,10,283.0444,178.9403,0.00020678,0.00020678,0.00213859,0.00756836,36.0,36.0,68.0
2025-12-29,ibm_marrakesh,11,232.2107,118.5287,0.00032573,0.00032573,0.00130391,0.01318359,36.0,36.0,68.0
2025-12-29,ibm_marrakesh,12,336.1304,168.6129,0.00013007,0.00013007,0.00116142,0.00292969,36.0,36.0,80.0
2025-12-29,ibm_marrakesh,13,232.4129,157.2303,0.00015241,0.00015241,0.00125402,0.06066895,36.0,36.0,80.0
2025-12-29,ibm_marrakesh,14,287.1522,130.0718,0.00014562,0.00014562,0.00166035,0.00195312,36.0,36.0,68.0
2025-12-29,ibm_marrakesh,15,255.8923,28.4619,0.00019325,0.00019325,,0.00390625,36.0,36.0,
2025-12-29,ibm_marrakesh,16,136.9509,120.8062,0.00036604,0.00036604,,0.0111084,36.0,36.0,
2025-12-29,ibm_marrakesh,17,192.6529,9.899,0.00024534,0.00024534,,0.00878906,36.0,36.0,
2025-12-29,ibm_marrakesh,18,116.2775,126.7584,0.00041122,0.00041122,,0.01489258,36.0,36.0,
2025-12-29,ibm_marrakesh,19,164.932,58.4451,0.00017714,0.00017714,,0.00463867,36.0,36.0,
2025-12-28,ibm_marrakesh,10,184.2696,157.5186,0.00016287,0.00016287,0.0015965,0.00561523,36.0,36.0,68.0
2025-12-28,ibm_marrakesh,11,233.6406,178.7416,0.00040055,0.00040055,0.00118571,0.01416016,36.0,36.0,68.0
2025-12-28,ibm_marrakesh,12,287.2728,179.3058,0.00036371,0.00036371,0.00154052,0.00415039,36.0,36.0,80.0
2025-12-28,ibm_marrakesh,13,207.1248,262.2425,0.00019844,0.00019844,0.00125402,0.02758789,36.0,36.0,80.0
2025-12-28,ibm_marrakesh,14,146.9922,89.0935,0.0001197,0.0001197,0.00166035,0.00439453,36.0,36.0,68.0
2025-12-28,ibm_marrakesh,15,282.1535,40.3015,6.206e-05,6.206e-05,,0.00366211,36.0,36.0,
2025-12-28,ibm_marrakesh,16,125.8211,131.873,0.00039971,0.00039971,,0.00427246,36.0,36.0,
2025-12-28,ibm_marrakesh,17,210.9503,13.9056,0.0003489,0.0003489,,0.00769043,36.0,36.0,
2025-12-28,ibm_marrakesh,18,113.8837,144.6937,0.00033474,0.00033474,,0.01416016,36.0,36.0,
2025-12-28,ibm_marrakesh,19,154.3213,66.7367,0.0002854,0.0002854,,0.00512695,36.0,36.0,
2025-12-27,ibm_marrakesh,10,291.4499,61.9657,0.00018532,0.00018532,0.00150493,0.0045166,36.0,36.0,68.0
2025-12-27,ibm_marrakesh,11,317.5189,160.9271,0.00024002,0.00024002,0.00131073,0.01696777,36.0,36.0,68.0
2025-12-27,ibm_marrakesh,12,223.0741,161.3955,0.00018877,0.00018877,0.00160433,0.00378418,36.0,36.0,80.0
2025-12-27,ibm_marrakesh,13,175.0673,219.6494,0.00018283,0.00018283,0.00125402,0.0411377,36.0,36.0,80.0
2025-12-27,ibm_marrakesh,14,316.9508,149.789,0.00011894,0.00011894,0.00121323,0.00549316,36.0,36.0,68.0
2025-12-27,ibm_marrakesh,15,355.3053,29.6679,6.206e-05,6.206e-05,,0.00268555,36.0,36.0,
2025-12-27,ibm_marrakesh,16,144.245,59.8694,0.00042805,0.00042805,,0.01184082,36.0,36.0,
2025-12-27,ibm_marrakesh,17,152.4244,10.4803,0.00043644,0.00043644,,0.01220703,36.0,36.0,
2025-12-27,ibm_marrakesh,18,96.6189,73.7512,0.00028153,0.00028153,,0.01708984,36.0,36.0,
2025-12-27,ibm_marrakesh,19,159.8898,68.6313,0.00022307,0.00022307,,0.00427246,36.0,36.0,
2025-12-26,ibm_marrakesh,10,291.4499,170.529,0.00013697,0.00013697,0.00168936,0.00512695,36.0,36.0,68.0
2025-12-26,ibm_marrakesh,11,346.0451,101.9843,0.00034791,0.00034791,0.00113852,0.01037598,36.0,36.0,68.0
2025-12-26,ibm_marrakesh,12,294.1358,51.2321,0.00022537,0.00022537,0.00178288,0.00476074,36.0,36.0,80.0
2025-12-26,ibm_marrakesh,13,204.8725,156.1377,0.00028847,0.00028847,0.00125402,0.01208496,36.0,36.0,80.0
2025-12-26,ibm_marrakesh,14,365.7705,151.1385,0.00012208,0.00012208,0.00145375,0.00317383,36.0,36.0,68.0
2025-12-26,ibm_marrakesh,15,260.8725,29.6056,0.00016702,0.00016702,,0.00488281,36.0,36.0,
2025-12-26,ibm_marrakesh,16,137.0147,106.3136,0.00062632,0.00062632,,0.00549316,36.0,36.0,
2025-12-26,ibm_marrakesh,17,278.32,14.2673,0.00023731,0.00023731,,0.00817871,36.0,36.0,
2025-12-26,ibm_marrakesh,18,109.0251,108.5811,0.00045052,0.00045052,,0.0135498,36.0,36.0,
2025-12-26,ibm_marrakesh,19,103.3031,47.0004,0.00022307,0.00022307,,0.00671387,36.0,36.0,
2025-12-25,ibm_marrakesh,10,291.4499,170.529,0.00019424,0.00019424,0.0015127,0.00561523,36.0,36.0,68.0
2025-12-25,ibm_marrakesh,11,346.0451,101.9843,0.00024969,0.00024969,0.00154166,0.01281738,36.0,36.0,68.0
2025-12-25,ibm_marrakesh,12,294.1358,51.2321,0.00022199,0.00022199,0.00166294,0.00585938,36.0,36.0,80.0
2025-12-25,ibm_marrakesh,13,204.8725,156.1377,0.0002016,0.0002016,0.00125402,0.03015137,36.0,36.0,80.0
2025-12-25,ibm_marrakesh,14,365.7705,151.1385,0.00013643,0.00013643,0.00147111,0.00317383,36.0,36.0,68.0
2025-12-25,ibm_marrakesh,15,260.8725,29.6056,0.00016702,0.00016702,,0.00524902,36.0,36.0,
2025-12-25,ibm_marrakesh,16,137.0147,106.3136,0.00027491,0.00027491,,0.00671387,36.0,36.0,
2025-12-25,ibm_marrakesh,17,278.32,14.2673,0.00024839,0.00024839,,0.00598145,36.0,36.0,
2025-12-25,ibm_marrakesh,18,109.0251,108.5811,0.00027046,0.00027046,,0.01196289,36.0,36.0,
2025-12-25,ibm_marrakesh,19,103.3031,47.0004,0.00033288,0.00033288,,0.0057373,36.0,36.0,
2025-12-24,ibm_marrakesh,10,252.617,176.181,0.00019424,0.00019424,0.0015127,0.00854492,36.0,36.0,68.0
2025-12-24,ibm_marrakesh,11,346.0451,148.1514,0.00024969,0.00024969,0.00154166,0.01379395,36.0,36.0,68.0
2025-12-24,ibm_marrakesh,12,294.1358,172.1872,0.00022199,0.00022199,0.00166294,0.00402832,36.0,36.0,80.0
2025-12-24,ibm_marrakesh,13,187.4401,194.7396,0.0002016,0.0002016,0.00125402,0.04211426,36.0,36.0,80.0
2025-12-24,ibm_marrakesh,14,306.6134,126.9311,0.00013643,0.00013643,0.00147111,0.00439453,36.0,36.0,68.0
2025-12-24,ibm_marrakesh,15,294.9847,27.3322,0.00016702,0.00016702,,0.00366211,36.0,36.0,
2025-12-24,ibm_marrakesh,16,99.8418,80.8232,0.00027491,0.00027491,,0.00585938,36.0,36.0,
2025-12-24,ibm_marrakesh,17,177.0137,9.9711,0.00024839,0.00024839,,0.01062012,36.0,36.0,
2025-12-24,ibm_marrakesh,18,105.9884,94.0933,0.00027046,0.00027046,,0.02270508,36.0,36.0,
2025-12-24,ibm_marrakesh,19,170.1877,61.9265,0.00033288,0.00033288,,0.0032959,36.0,36.0,
2025-12-23,ibm_marrakesh,10,120.3659,119.3539,0.00015769,0.00015769,0.00151899,0.0065918,36.0,36.0,68.0
2025-12-23,ibm_marrakesh,11,354.0425,261.8618,0.00027135,0.00027135,0.00116566,0.01330566,36.0,36.0,68.0
2025-12-23,ibm_marrakesh,12,296.4559,169.5974,0.00022234,0.00022234,0.00180163,0.00341797,36.0,36.0,80.0
2025-12-23,ibm_marrakesh,13,191.9488,148.2557,0.00029356,0.00029356,0.00116199,0.05517578,36.0,36.0,80.0
2025-12-23,ibm_marrakesh,14,331.104,115.9437,0.00014763,0.00014763,0.00143994,0.0045166,36.0,36.0,68.0
2025-12-23,ibm_marrakesh,15,204.6016,49.0125,0.00013139,0.00013139,,0.00390625,36.0,36.0,
2025-12-23,ibm_marrakesh,16,155.5575,13.2664,0.00048054,0.00048054,,0.00915527,36.0,36.0,
2025-12-23,ibm_marrakesh,17,265.5834,13.67,0.00026991,0.00026991,,0.0078125,36.0,36.0,
2025-12-23,ibm_marrakesh,18,108.4122,112.6519,0.00030046,0.00030046,,0.01049805,36.0,36.0,
2025-12-23,ibm_marrakesh,19,162.9662,71.376,0.00020298,0.00020298,,0.00976562,36.0,36.0,
2025-12-22,ibm_marrakesh,10,161.5046,134.5793,0.00024317,0.00024317,0.0015829,0.00708008,36.0,36.0,68.0
2025-12-22,ibm_marrakesh,11,232.1864,197.5054,0.00034175,0.00034175,0.00140929,0.01074219,36.0,36.0,68.0
2025-12-22,ibm_marrakesh,12,176.3509,132.2845,0.00026377,0.00026377,0.0015606,0.00476074,36.0,36.0,80.0
2025-12-22,ibm_marrakesh,13,210.9069,232.8493,0.0002973,0.0002973,0.00116199,0.03039551,36.0,36.0,80.0
2025-12-22,ibm_marrakesh,14,314.7998,115.1068,0.00012811,0.00012811,0.00125281,0.00183105,36.0,36.0,68.0
2025-12-22,ibm_marrakesh,15,365.9608,49.8376,0.00011711,0.00011711,,0.00488281,36.0,36.0,
2025-12-22,ibm_marrakesh,16,165.962,51.7019,0.00032201,0.00032201,,0.00476074,36.0,36.0,
2025-12-22,ibm_marrakesh,17,295.8854,10.0804,0.00029953,0.00029953,,0.00915527,36.0,36.0,
2025-12-22,ibm_marrakesh,18,87.036,113.7514,0.00024028,0.00024028,,0.01586914,36.0,36.0,
2025-12-22,ibm_marrakesh,19,149.7671,65.0843,0.00166468,0.00166468,,0.00512695,36.0,36.0,
2025-12-21,ibm_marrakesh,10,381.4741,236.8357,0.00013581,0.00013581,0.00128379,0.00561523,36.0,36.0,68.0
2025-12-21,ibm_marrakesh,11,370.5353,201.6267,0.00015505,0.00015505,0.00126935,0.01953125,36.0,36.0,68.0
2025-12-21,ibm_marrakesh,12,336.6021,197.2181,0.00045641,0.00045641,0.00151384,0.0057373,36.0,36.0,80.0
2025-12-21,ibm_marrakesh,13,238.742,159.193,0.00022912,0.00022912,0.00123122,0.04943848,36.0,36.0,80.0
2025-12-21,ibm_marrakesh,14,238.1605,118.8827,0.00013969,0.00013969,0.00125281,0.00537109,36.0,36.0,68.0
2025-12-21,ibm_marrakesh,15,363.1001,27.9931,9.683e-05,9.683e-05,,0.00476074,36.0,36.0,
2025-12-21,ibm_marrakesh,16,166.799,137.5229,0.00030882,0.00030882,,0.00402832,36.0,36.0,
2025-12-21,ibm_marrakesh,17,203.05,8.1086,0.00038258,0.00038258,,0.0111084,36.0,36.0,
2025-12-21,ibm_marrakesh,18,119.2659,126.2828,0.00026844,0.00026844,,0.03796387,36.0,36.0,
2025-12-21,ibm_marrakesh,19,156.7187,68.8472,0.00018131,0.00018131,,0.00524902,36.0,36.0,
2025-12-20,ibm_marrakesh,10,280.3404,202.8951,0.00015547,0.00015547,0.00161629,0.00671387,36.0,36.0,68.0
2025-12-20,ibm_marrakesh,11,323.0774,61.0796,0.00042297,0.00042297,0.0014641,0.01123047,36.0,36.0,68.0
2025-12-20,ibm_marrakesh,12,286.0064,156.947,0.00026111,0.00026111,0.00155811,0.00488281,36.0,36.0,80.0
2025-12-20,ibm_marrakesh,13,195.9275,237.6403,0.0003904,0.0003904,0.00119942,0.04504395,36.0,36.0,80.0
2025-12-20,ibm_marrakesh,14,363.0065,146.0603,0.00011279,0.00011279,0.00119862,0.0045166,36.0,36.0,68.0
2025-12-20,ibm_marrakesh,15,317.5207,28.0291,0.00020836,0.00020836,,0.00366211,36.0,36.0,
2025-12-20,ibm_marrakesh,16,132.4476,115.4078,0.00035901,0.00035901,,0.01098633,36.0,36.0,
2025-12-20,ibm_marrakesh,17,235.8534,15.5492,0.00026827,0.00026827,,0.00488281,36.0,36.0,
2025-12-20,ibm_marrakesh,18,90.4983,82.9242,0.00038604,0.00038604,,0.01245117,36.0,36.0,
2025-12-20,ibm_marrakesh,19,142.7973,62.3361,0.00021866,0.00021866,,0.00537109,36.0,36.0,
2025-12-19,ibm_marrakesh,10,269.1968,200.5703,0.00016958,0.00016958,0.00143029,0.00561523,36.0,36.0,68.0
2025-12-19,ibm_marrakesh,11,323.0774,131.8084,0.00021106,0.00021106,0.00124219,0.01391602,36.0,36.0,68.0
2025-12-19,ibm_marrakesh,12,194.6634,147.7116,0.00019074,0.00019074,0.00326898,0.00341797,36.0,36.0,80.0
2025-12-19,ibm_marrakesh,13,199.2009,168.173,0.00016881,0.00016881,0.00172505,0.05444336,36.0,36.0,80.0
2025-12-19,ibm_marrakesh,14,298.2696,43.4619,0.00011807,0.00011807,0.00146255,0.0065918,36.0,36.0,68.0
2025-12-19,ibm_marrakesh,15,214.355,28.1428,0.00021604,0.00021604,,0.00463867,36.0,36.0,
2025-12-19,ibm_marrakesh,16,143.9841,74.4062,0.00038495,0.00038495,,0.00805664,36.0,36.0,
2025-12-19,ibm_marrakesh,17,155.1825,8.3937,0.000257,0.000257,,0.00512695,36.0,36.0,
2025-12-19,ibm_marrakesh,18,113.5976,129.9079,0.00033701,0.00033701,,0.01049805,36.0,36.0,
2025-12-19,ibm_marrakesh,19,97.1828,55.6704,0.00035348,0.00035348,,0.00610352,36.0,36.0,
2025-12-18,ibm_marrakesh,10,292.1494,220.0162,0.00015263,0.00015263,0.00161428,0.00488281,36.0,36.0,68.0
2025-12-18,ibm_marrakesh,11,275.8287,157.657,0.0001908,0.0001908,0.00125807,0.01281738,36.0,36.0,68.0
2025-12-18,ibm_marrakesh,12,183.142,161.4671,0.00015533,0.00015533,0.00220478,0.00793457,36.0,36.0,80.0
2025-12-18,ibm_marrakesh,13,176.2855,166.9082,0.00047225,0.00047225,0.00122827,0.05737305,36.0,36.0,80.0
2025-12-18,ibm_marrakesh,14,298.2696,121.5984,0.00016203,0.00016203,0.00120312,0.00585938,36.0,36.0,68.0
2025-12-18,ibm_marrakesh,15,126.6915,28.6645,0.00021958,0.00021958,,0.00512695,36.0,36.0,
2025-12-18,ibm_marrakesh,16,145.5343,149.8432,0.0003509,0.0003509,,0.00427246,36.0,36.0,
2025-12-18,ibm_marrakesh,17,248.0892,10.8143,0.00081936,0.00081936,,0.00817871,36.0,36.0,
2025-12-18,ibm_marrakesh,18,81.8344,85.6361,0.00026302,0.00026302,,0.01757812,36.0,36.0,
2025-12-18,ibm_marrakesh,19,158.2074,77.2891,0.00023233,0.00023233,,0.00561523,36.0,36.0,
2025-12-17,ibm_marrakesh,10,233.5558,177.1343,0.00022905,0.00022905,0.00171844,0.00512695,36.0,36.0,68.0
2025-12-17,ibm_marrakesh,11,221.0973,163.4642,0.00041915,0.00041915,0.00186216,0.01123047,36.0,36.0,68.0
2025-12-17,ibm_marrakesh,12,290.4619,170.1837,0.00018474,0.00018474,0.00220251,0.00415039,36.0,36.0,80.0
2025-12-17,ibm_marrakesh,13,175.6315,215.3558,0.00017735,0.00017735,0.00120489,0.01464844,36.0,36.0,80.0
2025-12-17,ibm_marrakesh,14,321.9162,123.5828,0.00012839,0.00012839,0.00143886,0.00292969,36.0,36.0,68.0
2025-12-17,ibm_marrakesh,15,296.695,26.1421,0.00016758,0.00016758,,0.0065918,36.0,36.0,
2025-12-17,ibm_marrakesh,16,151.7434,135.699,0.00046752,0.00046752,,0.00964355,36.0,36.0,
2025-12-17,ibm_marrakesh,17,206.584,12.6244,0.00048006,0.00048006,,0.01428223,36.0,36.0,
2025-12-17,ibm_marrakesh,18,117.7261,95.2527,0.00027168,0.00027168,,0.01147461,36.0,36.0,
2025-12-17,ibm_marrakesh,19,156.0412,63.6049,0.00046096,0.00046096,,0.00317383,36.0,36.0,
2025-12-16,ibm_marrakesh,10,332.8658,177.8246,0.00012812,0.00012812,0.00171844,0.00537109,36.0,36.0,68.0
2025-12-16,ibm_marrakesh,11,290.9957,207.1468,0.00040177,0.00040177,0.00186216,0.01489258,36.0,36.0,68.0
2025-12-16,ibm_marrakesh,12,329.4701,199.4797,0.00031341,0.00031341,0.00220251,0.00842285,36.0,36.0,80.0
2025-12-16,ibm_marrakesh,13,184.1155,180.4921,0.00027717,0.00027717,0.00120489,0.02624512,36.0,36.0,80.0
2025-12-16,ibm_marrakesh,14,292.3324,126.3081,0.00012839,0.00012839,0.00143886,0.00341797,36.0,36.0,68.0
2025-12-16,ibm_marrakesh,15,384.2438,50.8139,0.00015608,0.00015608,,0.00463867,36.0,36.0,
2025-12-16,ibm_marrakesh,16,115.5709,123.2905,0.00104245,0.00104245,,0.01867676,36.0,36.0,
2025-12-16,ibm_marrakesh,17,292.9363,10.5286,0.00034452,0.00034452,,0.00463867,36.0,36.0,
2025-12-16,ibm_marrakesh,18,123.7172,126.4762,0.00053723,0.00053723,,0.01525879,36.0,36.0,
2025-12-16,ibm_marrakesh,19,134.3638,65.2925,0.00023014,0.00023014,,0.00915527,36.0,36.0,
2025-12-15,ibm_marrakesh,10,212.5045,167.1079,0.00014771,0.00014771,0.00142773,0.00488281,36.0,36.0,68.0
2025-12-15,ibm_marrakesh,11,251.3681,171.1305,0.00030188,0.00030188,0.00109545,0.01098633,36.0,36.0,68.0
2025-12-15,ibm_marrakesh,12,344.9823,179.4476,0.00025958,0.00025958,0.00141726,0.00378418,36.0,36.0,80.0
2025-12-15,ibm_marrakesh,13,177.7045,185.1394,0.0002729,0.0002729,0.00143124,0.07824707,36.0,36.0,80.0
2025-12-15,ibm_marrakesh,14,383.2982,126.0059,0.00019752,0.00019752,0.00143886,0.00317383,36.0,36.0,68.0
2025-12-15,ibm_marrakesh,15,350.8082,29.0089,0.00019794,0.00019794,,0.00500488,36.0,36.0,
2025-12-15,ibm_marrakesh,16,128.4753,118.2334,0.00104245,0.00104245,,0.00683594,36.0,36.0,
2025-12-15,ibm_marrakesh,17,168.2933,10.1989,0.00059162,0.00059162,,0.00585938,36.0,36.0,
2025-12-15,ibm_marrakesh,18,95.9816,103.3607,0.00039811,0.00039811,,0.01696777,36.0,36.0,
2025-12-15,ibm_marrakesh,19,152.5146,67.4386,0.00021354,0.00021354,,0.00463867,36.0,36.0,
2025-12-14,ibm_marrakesh,10,212.5045,167.1079,0.00014771,0.00014771,0.00142773,0.00488281,36.0,36.0,68.0
2025-12-14,ibm_marrakesh,11,251.3681,171.1305,0.00030188,0.00030188,0.00109545,0.01098633,36.0,36.0,68.0
2025-12-14,ibm_marrakesh,12,344.9823,179.4476,0.00025958,0.00025958,0.00141726,0.00378418,36.0,36.0,80.0
2025-12-14,ibm_marrakesh,13,177.7045,185.1394,0.0002729,0.0002729,0.00143124,0.07824707,36.0,36.0,80.0
2025-12-14,ibm_marrakesh,14,383.2982,126.0059,0.00019752,0.00019752,0.00143886,0.00317383,36.0,36.0,68.0
2025-12-14,ibm_marrakesh,15,350.8082,29.0089,0.00019794,0.00019794,,0.00500488,36.0,36.0,
2025-12-14,ibm_marrakesh,16,128.4753,118.2334,0.00104245,0.00104245,,0.00683594,36.0,36.0,
2025-12-14,ibm_marrakesh,17,168.2933,10.1989,0.00059162,0.00059162,,0.00585938,36.0,36.0,
2025-12-14,ibm_marrakesh,18,95.9816,103.3607,0.00039811,0.00039811,,0.01696777,36.0,36.0,
2025-12-14,ibm_marrakesh,19,152.5146,67.4386,0.00021354,0.00021354,,0.00463867,36.0,36.0,
2025-12-13,ibm_marrakesh,10,261.9404,212.8428,0.00019109,0.00019109,0.00146987,0.00561523,36.0,36.0,68.0
2025-12-13,ibm_marrakesh,11,288.9579,148.4183,0.00027489,0.00027489,0.0018031,0.01586914,36.0,36.0,68.0
2025-12-13,ibm_marrakesh,12,147.6839,106.5686,0.00012129,0.00012129,0.00188326,0.00830078,36.0,36.0,80.0
2025-12-13,ibm_marrakesh,13,154.0454,139.0742,0.00019136,0.00019136,0.00118232,0.0402832,36.0,36.0,80.0
2025-12-13,ibm_marrakesh,14,322.985,152.9992,0.00021843,0.00021843,0.00132416,0.00195312,36.0,36.0,68.0
2025-12-13,ibm_marrakesh,15,381.2724,29.0016,0.00016955,0.00016955,,0.00756836,36.0,36.0,
2025-12-13,ibm_marrakesh,16,128.5693,106.8001,0.00106548,0.00106548,,0.00610352,36.0,36.0,
2025-12-13,ibm_marrakesh,17,261.1148,10.7177,0.0004993,0.0004993,,0.01342773,36.0,36.0,
2025-12-13,ibm_marrakesh,18,101.4247,85.9866,0.00038648,0.00038648,,0.01220703,36.0,36.0,
2025-12-13,ibm_marrakesh,19,160.9647,65.7284,0.00020533,0.00020533,,0.00341797,36.0,36.0,
2025-12-12,ibm_marrakesh,10,306.47,223.5299,0.00012185,0.00012185,0.00142255,0.00720215,36.0,36.0,68.0
2025-12-12,ibm_marrakesh,11,236.2235,185.005,0.00033311,0.00033311,0.002282,0.02075195,36.0,36.0,68.0
2025-12-12,ibm_marrakesh,12,230.947,61.2963,0.00050191,0.00050191,0.00331205,0.00366211,36.0,36.0,80.0
2025-12-12,ibm_marrakesh,13,144.145,151.8504,0.00021111,0.00021111,0.00189568,0.04309082,36.0,36.0,80.0
2025-12-12,ibm_marrakesh,14,331.1659,111.5686,0.00012228,0.00012228,0.00144018,0.00256348,36.0,36.0,68.0
2025-12-12,ibm_marrakesh,15,337.3192,29.3385,0.00012648,0.00012648,,0.00610352,36.0,36.0,
2025-12-12,ibm_marrakesh,16,119.7912,70.3805,0.00043005,0.00043005,,0.00854492,36.0,36.0,
2025-12-12,ibm_marrakesh,17,286.0235,12.0579,0.00030925,0.00030925,,0.00549316,36.0,36.0,
2025-12-12,ibm_marrakesh,18,102.8866,100.5778,0.0002964,0.0002964,,0.015625,36.0,36.0,
2025-12-12,ibm_marrakesh,19,152.9561,66.2016,0.00027723,0.00027723,,0.04675293,36.0,36.0,
2025-12-11,ibm_marrakesh,10,334.6015,239.6379,0.00020703,0.00020703,0.00153744,0.00671387,36.0,36.0,68.0
2025-12-11,ibm_marrakesh,11,296.6445,209.9526,0.00043993,0.00043993,0.00171614,0.02148438,36.0,36.0,68.0
2025-12-11,ibm_marrakesh,12,230.947,172.9394,0.00020287,0.00020287,0.00196062,0.00390625,36.0,36.0,80.0
2025-12-11,ibm_marrakesh,13,156.7893,143.2896,0.00024396,0.00024396,0.00123786,0.08007812,36.0,36.0,80.0
2025-12-11,ibm_marrakesh,14,303.6502,142.1985,0.00010032,0.00010032,0.00124141,0.00524902,36.0,36.0,68.0
2025-12-11,ibm_marrakesh,15,437.1093,30.4265,0.00014433,0.00014433,,0.00878906,36.0,36.0,
2025-12-11,ibm_marrakesh,16,144.4531,125.0666,0.00029098,0.00029098,,0.00561523,36.0,36.0,
2025-12-11,ibm_marrakesh,17,250.1235,13.4016,0.00028964,0.00028964,,0.02929688,36.0,36.0,
2025-12-11,ibm_marrakesh,18,106.8773,128.1063,0.00039781,0.00039781,,0.01086426,36.0,36.0,
2025-12-11,ibm_marrakesh,19,152.6113,58.2363,0.00017706,0.00017706,,0.00512695,36.0,36.0,
2025-12-10,ibm_marrakesh,10,334.6015,239.6379,0.00014162,0.00014162,0.00178156,0.00854492,36.0,36.0,68.0
2025-12-10,ibm_marrakesh,11,296.6445,209.9526,0.00043993,0.00043993,0.00163281,0.01586914,36.0,36.0,68.0
2025-12-10,ibm_marrakesh,12,230.947,172.9394,0.00020287,0.00020287,0.00153014,0.01379395,36.0,36.0,80.0
2025-12-10,ibm_marrakesh,13,156.7893,143.2896,0.00028884,0.00028884,0.00113275,0.06774902,36.0,36.0,80.0
2025-12-10,ibm_marrakesh,14,303.6502,142.1985,0.00010032,0.00010032,0.0011923,0.00195312,36.0,36.0,68.0
2025-12-10,ibm_marrakesh,15,437.1093,30.4265,0.00015484,0.00015484,,0.00524902,36.0,36.0,
2025-12-10,ibm_marrakesh,16,144.4531,125.0666,0.00024931,0.00024931,,0.00683594,36.0,36.0,
2025-12-10,ibm_marrakesh,17,250.1235,13.4016,0.00026838,0.00026838,,0.00854492,36.0,36.0,
2025-12-10,ibm_marrakesh,18,106.8773,128.1063,0.0002826,0.0002826,,0.01391602,36.0,36.0,
2025-12-10,ibm_marrakesh,19,152.6113,58.2363,0.00020055,0.00020055,,0.00402832,36.0,36.0,
2025-12-09,ibm_marrakesh,10,317.0912,210.1803,0.00014162,0.00014162,0.00178156,0.00537109,36.0,36.0,68.0
2025-12-09,ibm_marrakesh,11,201.8352,225.525,0.00043993,0.00043993,0.00163281,0.01098633,36.0,36.0,68.0
2025-12-09,ibm_marrakesh,12,198.2155,136.2637,0.00020287,0.00020287,0.00153014,0.00268555,36.0,36.0,80.0
2025-12-09,ibm_marrakesh,13,228.2104,220.0348,0.00028884,0.00028884,0.00113275,0.03173828,36.0,36.0,80.0
2025-12-09,ibm_marrakesh,14,316.127,149.7554,0.00010032,0.00010032,0.0011923,0.0012207,36.0,36.0,68.0
2025-12-09,ibm_marrakesh,15,287.9296,35.1895,0.00015484,0.00015484,,0.00317383,36.0,36.0,
2025-12-09,ibm_marrakesh,16,134.6393,87.9735,0.00024931,0.00024931,,0.00634766,36.0,36.0,
2025-12-09,ibm_marrakesh,17,352.6813,10.6114,0.00026838,0.00026838,,0.00610352,36.0,36.0,
2025-12-09,ibm_marrakesh,18,111.2803,138.3405,0.0002826,0.0002826,,0.01391602,36.0,36.0,
2025-12-09,ibm_marrakesh,19,153.0876,58.3731,0.00020055,0.00020055,,0.00512695,36.0,36.0,
2025-12-08,ibm_marrakesh,10,196.387,158.5542,0.0003235,0.0003235,0.00135011,0.34313965,36.0,36.0,68.0
2025-12-08,ibm_marrakesh,11,327.8553,150.7813,0.00026181,0.00026181,0.00105654,0.46606445,36.0,36.0,68.0
2025-12-08,ibm_marrakesh,12,285.9029,186.9434,0.00028584,0.00028584,0.00145362,0.49414062,36.0,36.0,80.0
2025-12-08,ibm_marrakesh,13,134.4714,166.3389,0.00016869,0.00016869,0.00111417,0.5,36.0,36.0,80.0
2025-12-08,ibm_marrakesh,14,205.3541,121.8175,0.00026692,0.00026692,0.00112516,0.36242676,36.0,36.0,68.0
2025-12-08,ibm_marrakesh,15,201.2334,28.5335,0.0001001,0.0001001,,0.50036621,36.0,36.0,
2025-12-08,ibm_marrakesh,16,140.9617,147.4687,0.00049243,0.00049243,,0.49609375,36.0,36.0,
2025-12-08,ibm_marrakesh,17,146.9676,10.6664,0.00048533,0.00048533,,0.20568848,36.0,36.0,
2025-12-08,ibm_marrakesh,18,120.6044,157.7898,0.00035522,0.00035522,,0.08862305,36.0,36.0,
2025-12-08,ibm_marrakesh,19,136.6277,64.3487,0.00023262,0.00023262,,0.3470459,36.0,36.0,
2025-12-07,ibm_marrakesh,10,356.4958,158.5542,0.0001568,0.0001568,0.00135011,0.5,36.0,36.0,68.0
2025-12-07,ibm_marrakesh,11,327.8553,142.9549,0.00026181,0.00026181,0.00105654,0.45166016,36.0,36.0,68.0
2025-12-07,ibm_marrakesh,12,285.9029,186.9434,0.00028584,0.00028584,0.00145362,0.49023438,36.0,36.0,80.0
2025-12-07,ibm_marrakesh,13,134.4714,166.3389,0.00016869,0.00016869,0.00111417,0.49707031,36.0,36.0,80.0
2025-12-07,ibm_marrakesh,14,277.4105,116.8948,0.00028959,0.00028959,0.00112516,0.49853516,36.0,36.0,68.0
2025-12-07,ibm_marrakesh,15,201.2334,28.5335,0.0001001,0.0001001,,0.5,36.0,36.0,
2025-12-07,ibm_marrakesh,16,140.9617,147.4687,0.00049243,0.00049243,,0.47509766,36.0,36.0,
2025-12-07,ibm_marrakesh,17,206.0503,9.8256,0.00029004,0.00029004,,0.41552734,36.0,36.0,
2025-12-07,ibm_marrakesh,18,80.0833,67.2249,0.00037087,0.00037087,,0.42773438,36.0,36.0,
2025-12-07,ibm_marrakesh,19,164.912,70.1888,0.00023262,0.00023262,,0.49951172,36.0,36.0,
2025-12-06,ibm_marrakesh,10,356.4958,158.5542,0.0001568,0.0001568,0.00135011,0.00671387,36.0,36.0,68.0
2025-12-06,ibm_marrakesh,11,327.8553,142.9549,0.00026181,0.00026181,0.00105654,0.04675293,36.0,36.0,68.0
2025-12-06,ibm_marrakesh,12,285.9029,186.9434,0.00028584,0.00028584,0.00145362,0.00695801,36.0,36.0,80.0
2025-12-06,ibm_marrakesh,13,134.4714,166.3389,0.00016869,0.00016869,0.00111417,0.0378418,36.0,36.0,80.0
2025-12-06,ibm_marrakesh,14,277.4105,116.8948,0.00028959,0.00028959,0.00112516,0.0045166,36.0,36.0,68.0
2025-12-06,ibm_marrakesh,15,201.2334,28.5335,0.0001001,0.0001001,,0.00488281,36.0,36.0,
2025-12-06,ibm_marrakesh,16,140.9617,147.4687,0.00049243,0.00049243,,0.01574707,36.0,36.0,
2025-12-06,ibm_marrakesh,17,206.0503,9.8256,0.00029004,0.00029004,,0.00744629,36.0,36.0,
2025-12-06,ibm_marrakesh,18,80.0833,67.2249,0.00037087,0.00037087,,0.00854492,36.0,36.0,
2025-12-06,ibm_marrakesh,19,164.912,70.1888,0.00023262,0.00023262,,0.00305176,36.0,36.0,
2025-12-05,ibm_marrakesh,10,356.4958,158.5542,0.0001568,0.0001568,0.00135011,0.00317383,36.0,36.0,68.0
2025-12-05,ibm_marrakesh,11,327.8553,142.9549,0.00026181,0.00026181,0.00105654,0.01367188,36.0,36.0,68.0
2025-12-05,ibm_marrakesh,12,285.9029,186.9434,0.00028584,0.00028584,0.00145362,0.0065918,36.0,36.0,80.0
2025-12-05,ibm_marrakesh,13,134.4714,166.3389,0.00016869,0.00016869,0.00111417,0.04370117,36.0,36.0,80.0
2025-12-05,ibm_marrakesh,14,277.4105,116.8948,0.00028959,0.00028959,0.00112516,0.00317383,36.0,36.0,68.0
2025-12-05,ibm_marrakesh,15,201.2334,28.5335,0.0001001,0.0001001,,0.00341797,36.0,36.0,
2025-12-05,ibm_marrakesh,16,140.9617,147.4687,0.00049243,0.00049243,,0.00488281,36.0,36.0,
2025-12-05,ibm_marrakesh,17,206.0503,9.8256,0.00029004,0.00029004,,0.00756836,36.0,36.0,
2025-12-05,ibm_marrakesh,18,80.0833,67.2249,0.00037087,0.00037087,,0.0090332,36.0,36.0,
2025-12-05,ibm_marrakesh,19,164.912,70.1888,0.00023262,0.00023262,,0.04418945,36.0,36.0,
2025-12-04,ibm_marrakesh,10,200.4095,135.0824,0.00021075,0.00021075,0.00216142,0.01208496,36.0,36.0,68.0
2025-12-04,ibm_marrakesh,11,243.935,123.6743,0.00020981,0.00020981,0.00168061,0.00964355,36.0,36.0,68.0
2025-12-04,ibm_marrakesh,12,290.3695,200.3757,0.00025014,0.00025014,0.00157702,0.00427246,36.0,36.0,80.0
2025-12-04,ibm_marrakesh,13,205.0595,237.4803,0.00016023,0.00016023,0.00127175,0.02966309,36.0,36.0,80.0
2025-12-04,ibm_marrakesh,14,203.7904,115.8454,9.623e-05,9.623e-05,0.00117355,0.00305176,36.0,36.0,68.0
2025-12-04,ibm_marrakesh,15,143.7791,24.4008,0.00010304,0.00010304,,0.00354004,36.0,36.0,
2025-12-04,ibm_marrakesh,16,121.8157,50.3616,0.00034946,0.00034946,,0.0065918,36.0,36.0,
2025-12-04,ibm_marrakesh,17,275.0357,11.1795,0.00036842,0.00036842,,0.00952148,36.0,36.0,
2025-12-04,ibm_marrakesh,18,106.1341,101.2964,0.00021265,0.00021265,,0.00646973,36.0,36.0,
2025-12-04,ibm_marrakesh,19,139.024,62.4555,0.00019025,0.00019025,,0.0057373,36.0,36.0,
2025-12-03,ibm_marrakesh,10,134.4103,147.8942,0.00040427,0.00040427,0.00166862,0.00427246,36.0,36.0,68.0
2025-12-03,ibm_marrakesh,11,229.1655,200.1656,0.00044732,0.00044732,0.00165145,0.01049805,36.0,36.0,68.0
2025-12-03,ibm_marrakesh,12,200.7574,137.4039,0.00022515,0.00022515,0.00167326,0.00500488,36.0,36.0,80.0
2025-12-03,ibm_marrakesh,13,166.4716,133.8218,0.00025702,0.00025702,0.00127175,0.05480957,36.0,36.0,80.0
2025-12-03,ibm_marrakesh,14,330.1414,131.1806,0.00020144,0.00020144,0.00109301,0.00317383,36.0,36.0,68.0
2025-12-03,ibm_marrakesh,15,298.6513,33.5324,0.00013777,0.00013777,,0.00463867,36.0,36.0,
2025-12-03,ibm_marrakesh,16,153.072,114.2229,0.00038425,0.00038425,,0.00671387,36.0,36.0,
2025-12-03,ibm_marrakesh,17,126.868,9.8602,0.00032387,0.00032387,,0.00537109,36.0,36.0,
2025-12-03,ibm_marrakesh,18,60.3822,68.775,0.00041829,0.00041829,,0.01367188,36.0,36.0,
2025-12-03,ibm_marrakesh,19,157.2679,64.6427,0.00016013,0.00016013,,0.00830078,36.0,36.0,
2025-12-02,ibm_marrakesh,10,312.6032,126.7741,0.00016134,0.00016134,0.00171465,0.00585938,36.0,36.0,68.0
2025-12-02,ibm_marrakesh,11,149.8217,62.3287,0.00034518,0.00034518,0.00149435,0.00830078,36.0,36.0,68.0
2025-12-02,ibm_marrakesh,12,238.8267,160.2084,0.00012207,0.00012207,0.00146093,0.00366211,36.0,36.0,80.0
2025-12-02,ibm_marrakesh,13,116.6128,91.6856,0.00027195,0.00027195,0.00127175,0.09265137,36.0,36.0,80.0
2025-12-02,ibm_marrakesh,14,346.2309,128.7292,0.00011702,0.00011702,0.00246102,0.00366211,36.0,36.0,68.0
2025-12-02,ibm_marrakesh,15,374.8894,26.7665,0.00015551,0.00015551,,0.00537109,36.0,36.0,
2025-12-02,ibm_marrakesh,16,116.7749,56.9809,0.00053738,0.00053738,,0.00415039,36.0,36.0,
2025-12-02,ibm_marrakesh,17,168.4112,10.5531,0.00021384,0.00021384,,0.00805664,36.0,36.0,
2025-12-02,ibm_marrakesh,18,118.7897,68.6518,0.0002857,0.0002857,,0.00866699,36.0,36.0,
2025-12-02,ibm_marrakesh,19,160.7927,65.3496,0.00030477,0.00030477,,0.00598145,36.0,36.0,
2025-12-01,ibm_marrakesh,10,287.3748,194.469,0.00027056,0.00027056,0.00201718,0.00280762,36.0,36.0,68.0
2025-12-01,ibm_marrakesh,11,281.3239,124.6821,0.00038306,0.00038306,0.00166698,0.00720215,36.0,36.0,68.0
2025-12-01,ibm_marrakesh,12,283.6036,177.098,0.00020998,0.00020998,0.00203791,0.00244141,36.0,36.0,80.0
2025-12-01,ibm_marrakesh,13,221.7109,173.683,0.00023035,0.00023035,0.00155054,0.05322266,36.0,36.0,80.0
2025-12-01,ibm_marrakesh,14,237.2269,119.6953,0.00014617,0.00014617,0.00242049,0.00366211,36.0,36.0,68.0
2025-12-01,ibm_marrakesh,15,360.0901,35.1942,0.00020607,0.00020607,,0.00463867,36.0,36.0,
2025-12-01,ibm_marrakesh,16,124.8015,110.6541,0.00032715,0.00032715,,0.00939941,36.0,36.0,
2025-12-01,ibm_marrakesh,17,181.4587,8.0498,0.00026938,0.00026938,,0.00854492,36.0,36.0,
2025-12-01,ibm_marrakesh,18,108.6959,113.1282,0.00047335,0.00047335,,0.00891113,36.0,36.0,
2025-12-01,ibm_marrakesh,19,125.0546,44.6107,0.00022929,0.00022929,,0.00439453,36.0,36.0,
2025-11-30,ibm_marrakesh,10,272.8924,207.3551,0.00013383,0.00013383,0.01678365,0.00292969,36.0,36.0,68.0
2025-11-30,ibm_marrakesh,11,270.9948,189.8792,0.00042196,0.00042196,0.00120962,0.01123047,36.0,36.0,68.0
2025-11-30,ibm_marrakesh,12,332.3425,195.5862,0.00021318,0.00021318,0.00141937,0.00366211,36.0,36.0,80.0
2025-11-30,ibm_marrakesh,13,218.0005,243.491,0.00016975,0.00016975,0.00134959,0.05505371,36.0,36.0,80.0
2025-11-30,ibm_marrakesh,14,301.8008,116.9229,0.00014617,0.00014617,0.00221996,0.00354004,36.0,36.0,68.0
2025-11-30,ibm_marrakesh,15,385.3925,30.7812,0.00010983,0.00010983,,0.00280762,36.0,36.0,
2025-11-30,ibm_marrakesh,16,144.0113,157.6833,0.00038252,0.00038252,,0.0065918,36.0,36.0,
2025-11-30,ibm_marrakesh,17,267.4241,11.7202,0.00034427,0.00034427,,0.00598145,36.0,36.0,
2025-11-30,ibm_marrakesh,18,122.5755,122.1608,0.00037866,0.00037866,,0.01257324,36.0,36.0,
2025-11-30,ibm_marrakesh,19,148.7324,60.9769,0.00018202,0.00018202,,0.00500488,36.0,36.0,
2025-11-29,ibm_marrakesh,10,298.9209,166.4811,0.0001579,0.0001579,0.00192012,0.00622559,36.0,36.0,68.0
2025-11-29,ibm_marrakesh,11,255.657,106.9695,0.00055996,0.00055996,0.00148547,0.0090332,36.0,36.0,68.0
2025-11-29,ibm_marrakesh,12,295.9634,184.9698,0.00020662,0.00020662,0.00156099,0.00610352,36.0,36.0,80.0
2025-11-29,ibm_marrakesh,13,195.7439,244.8127,0.00029053,0.00029053,0.00134959,0.04504395,36.0,36.0,80.0
2025-11-29,ibm_marrakesh,14,306.0711,148.7229,0.00014453,0.00014453,0.00269655,0.0065918,36.0,36.0,68.0
2025-11-29,ibm_marrakesh,15,122.5143,22.9805,0.00019869,0.00019869,,0.00305176,36.0,36.0,
2025-11-29,ibm_marrakesh,16,133.1128,137.0941,0.00043836,0.00043836,,0.00634766,36.0,36.0,
2025-11-29,ibm_marrakesh,17,254.1881,15.2998,0.00027296,0.00027296,,0.01220703,36.0,36.0,
2025-11-29,ibm_marrakesh,18,99.8079,94.3674,0.00041122,0.00041122,,0.01098633,36.0,36.0,
2025-11-29,ibm_marrakesh,19,165.1982,61.1085,0.00021045,0.00021045,,0.00415039,36.0,36.0,
2025-11-28,ibm_marrakesh,10,235.1048,171.6337,0.00023367,0.00023367,0.00137282,0.00292969,36.0,36.0,68.0
2025-11-28,ibm_marrakesh,11,297.0546,107.5358,0.00345823,0.00345823,0.00120883,0.00598145,36.0,36.0,68.0
2025-11-28,ibm_marrakesh,12,300.1618,184.6799,0.00022395,0.00022395,0.00173569,0.00378418,36.0,36.0,80.0
2025-11-28,ibm_marrakesh,13,217.5974,215.2935,0.00023118,0.00023118,0.00188591,0.05371094,36.0,36.0,80.0
2025-11-28,ibm_marrakesh,14,331.3698,143.6686,0.00030465,0.00030465,0.00218259,0.00256348,36.0,36.0,68.0
2025-11-28,ibm_marrakesh,15,339.4403,31.3966,9.928e-05,9.928e-05,,0.00476074,36.0,36.0,
2025-11-28,ibm_marrakesh,16,141.7507,44.7569,0.00036326,0.00036326,,0.00842285,36.0,36.0,
2025-11-28,ibm_marrakesh,17,210.859,10.0013,0.00044167,0.00044167,,0.00830078,36.0,36.0,
2025-11-28,ibm_marrakesh,18,127.6698,101.6979,0.00028111,0.00028111,,0.00756836,36.0,36.0,
2025-11-28,ibm_marrakesh,19,134.8875,58.606,0.00017623,0.00017623,,0.00390625,36.0,36.0,
2025-11-27,ibm_marrakesh,10,271.8862,168.5984,0.00019394,0.00019394,0.00137282,0.00292969,36.0,36.0,68.0
2025-11-27,ibm_marrakesh,11,388.6241,168.112,0.00046729,0.00046729,0.00125252,0.01379395,36.0,36.0,68.0
2025-11-27,ibm_marrakesh,12,251.5771,188.3601,0.00013293,0.00013293,0.0027936,0.00720215,36.0,36.0,80.0
2025-11-27,ibm_marrakesh,13,183.2362,223.1923,0.00019739,0.00019739,0.0021204,0.06286621,36.0,36.0,80.0
2025-11-27,ibm_marrakesh,14,242.6532,122.1548,0.00011913,0.00011913,0.00152581,0.00610352,36.0,36.0,68.0
2025-11-27,ibm_marrakesh,15,238.195,29.2671,0.00015972,0.00015972,,0.00378418,36.0,36.0,
2025-11-27,ibm_marrakesh,16,150.783,83.0121,0.00039852,0.00039852,,0.01965332,36.0,36.0,
2025-11-27,ibm_marrakesh,17,168.7326,10.046,0.00043637,0.00043637,,0.00646973,36.0,36.0,
2025-11-27,ibm_marrakesh,18,82.9067,70.582,0.0003864,0.0003864,,0.0057373,36.0,36.0,
2025-11-27,ibm_marrakesh,19,139.8755,67.9822,0.00020347,0.00020347,,0.00512695,36.0,36.0,
2025-11-26,ibm_marrakesh,10,271.8862,168.5984,0.00016241,0.00016241,0.00132875,0.00378418,36.0,36.0,68.0
2025-11-26,ibm_marrakesh,11,388.6241,168.112,0.00041197,0.00041197,0.00145671,0.00708008,36.0,36.0,68.0
2025-11-26,ibm_marrakesh,12,251.5771,188.3601,0.00043861,0.00043861,0.00161449,0.00219727,36.0,36.0,80.0
2025-11-26,ibm_marrakesh,13,183.2362,223.1923,0.00038456,0.00038456,0.0014064,0.03222656,36.0,36.0,80.0
2025-11-26,ibm_marrakesh,14,242.6532,122.1548,0.00013386,0.00013386,0.00138875,0.00195312,36.0,36.0,68.0
2025-11-26,ibm_marrakesh,15,238.195,29.2671,0.0001379,0.0001379,,0.00366211,36.0,36.0,
2025-11-26,ibm_marrakesh,16,150.783,83.0121,0.00036148,0.00036148,,0.01062012,36.0,36.0,
2025-11-26,ibm_marrakesh,17,168.7326,10.046,0.00044164,0.00044164,,0.00756836,36.0,36.0,
2025-11-26,ibm_marrakesh,18,82.9067,70.582,0.00054457,0.00054457,,0.01391602,36.0,36.0,
2025-11-26,ibm_marrakesh,19,139.8755,67.9822,0.00025374,0.00025374,,0.00488281,36.0,36.0,
2025-11-25,ibm_marrakesh,10,294.4305,127.9042,0.00068873,0.00068873,0.00156004,0.00500488,36.0,36.0,68.0
2025-11-25,ibm_marrakesh,11,361.1597,136.5017,0.00026563,0.00026563,0.00118814,0.00793457,36.0,36.0,68.0
2025-11-25,ibm_marrakesh,12,150.8923,103.602,0.00016914,0.00016914,0.0015774,0.00500488,36.0,36.0,80.0
2025-11-25,ibm_marrakesh,13,229.9504,196.0697,0.00032577,0.00032577,0.00117955,0.06494141,36.0,36.0,80.0
2025-11-25,ibm_marrakesh,14,377.8906,145.4659,0.00014509,0.00014509,0.00130246,0.00268555,36.0,36.0,68.0
2025-11-25,ibm_marrakesh,15,304.9028,29.5551,0.00021389,0.00021389,,0.00500488,36.0,36.0,
2025-11-25,ibm_marrakesh,16,151.45,94.8719,0.00025188,0.00025188,,0.00671387,36.0,36.0,
2025-11-25,ibm_marrakesh,17,219.5394,8.0131,0.00035517,0.00035517,,0.00646973,36.0,36.0,
2025-11-25,ibm_marrakesh,18,106.4287,71.9051,0.00030662,0.00030662,,0.01525879,36.0,36.0,
2025-11-25,ibm_marrakesh,19,141.4502,59.4526,0.00020602,0.00020602,,0.0020752,36.0,36.0,
2025-11-24,ibm_marrakesh,10,118.2227,97.2696,0.00016875,0.00016875,0.00164402,0.00292969,36.0,36.0,68.0
2025-11-24,ibm_marrakesh,11,294.5316,232.4064,0.00026416,0.00026416,0.00080596,0.01049805,36.0,36.0,68.0
2025-11-24,ibm_marrakesh,12,304.089,150.2205,0.00018893,0.00018893,0.00179674,0.0045166,36.0,36.0,80.0
2025-11-24,ibm_marrakesh,13,208.5207,219.3302,0.0002201,0.0002201,0.00165169,0.0489502,36.0,36.0,80.0
2025-11-24,ibm_marrakesh,14,227.1565,105.6947,0.00020531,0.00020531,0.00211412,0.00476074,36.0,36.0,68.0
2025-11-24,ibm_marrakesh,15,296.7067,26.8653,0.00048606,0.00048606,,0.00366211,36.0,36.0,
2025-11-24,ibm_marrakesh,16,133.2725,102.4381,0.00051722,0.00051722,,0.01220703,36.0,36.0,
2025-11-24,ibm_marrakesh,17,158.6096,8.1647,0.00033986,0.00033986,,0.00793457,36.0,36.0,
2025-11-24,ibm_marrakesh,18,81.1826,70.1659,0.00037269,0.00037269,,0.01208496,36.0,36.0,
2025-11-24,ibm_marrakesh,19,108.794,51.4115,0.00016245,0.00016245,,0.00561523,36.0,36.0,
2025-11-23,ibm_marrakesh,10,160.606,47.7136,0.00016875,0.00016875,0.00247455,0.00402832,36.0,36.0,68.0
2025-11-23,ibm_marrakesh,11,357.8775,53.1245,0.00029364,0.00029364,0.00145692,0.0123291,36.0,36.0,68.0
2025-11-23,ibm_marrakesh,12,216.3124,132.9173,0.00019679,0.00019679,0.0016104,0.00634766,36.0,36.0,80.0
2025-11-23,ibm_marrakesh,13,144.4527,161.8582,0.00029181,0.00029181,0.00115068,0.01721191,36.0,36.0,80.0
2025-11-23,ibm_marrakesh,14,392.1424,135.4177,0.00011199,0.00011199,0.00132717,0.0045166,36.0,36.0,68.0
2025-11-23,ibm_marrakesh,15,204.3804,27.3852,0.00016946,0.00016946,,0.00439453,36.0,36.0,
2025-11-23,ibm_marrakesh,16,144.6538,84.2791,0.00052938,0.00052938,,0.00793457,36.0,36.0,
2025-11-23,ibm_marrakesh,17,158.6096,9.5542,0.00052808,0.00052808,,0.00817871,36.0,36.0,
2025-11-23,ibm_marrakesh,18,118.7883,40.2965,0.00023844,0.00023844,,0.01086426,36.0,36.0,
2025-11-23,ibm_marrakesh,19,173.7517,61.8387,0.00016749,0.00016749,,0.0045166,36.0,36.0,
2025-11-22,ibm_marrakesh,10,263.766,121.0556,0.00017329,0.00017329,0.00167245,0.00463867,36.0,36.0,68.0
2025-11-22,ibm_marrakesh,11,268.4955,100.6357,0.0002864,0.0002864,0.00165277,0.01147461,36.0,36.0,68.0
2025-11-22,ibm_marrakesh,12,296.4305,157.5817,0.00020898,0.00020898,0.00157082,0.00622559,36.0,36.0,80.0
2025-11-22,ibm_marrakesh,13,232.0309,240.8104,0.00016411,0.00016411,0.00128195,0.03955078,36.0,36.0,80.0
2025-11-22,ibm_marrakesh,14,308.9147,126.6635,0.00044104,0.00044104,0.00138238,0.0032959,36.0,36.0,68.0
2025-11-22,ibm_marrakesh,15,290.3952,26.0353,0.00017165,0.00017165,,0.00378418,36.0,36.0,
2025-11-22,ibm_marrakesh,16,142.0576,104.4383,0.00030755,0.00030755,,0.00500488,36.0,36.0,
2025-11-22,ibm_marrakesh,17,209.3325,12.5296,0.00063047,0.00063047,,0.0065918,36.0,36.0,
2025-11-22,ibm_marrakesh,18,120.5357,90.625,0.00026166,0.00026166,,0.01037598,36.0,36.0,
2025-11-22,ibm_marrakesh,19,161.3838,60.4101,0.0001699,0.0001699,,0.00488281,36.0,36.0,
2025-11-21,ibm_marrakesh,10,275.2601,222.6474,0.00027054,0.00027054,0.00162472,0.00378418,36.0,36.0,68.0
2025-11-21,ibm_marrakesh,11,298.5377,210.0975,0.00019769,0.00019769,0.00122126,0.01086426,36.0,36.0,68.0
2025-11-21,ibm_marrakesh,12,269.4342,170.2194,0.00020898,0.00020898,0.00142665,0.00720215,36.0,36.0,80.0
2025-11-21,ibm_marrakesh,13,194.7101,212.7221,0.00021619,0.00021619,0.00129189,0.0480957,36.0,36.0,80.0
2025-11-21,ibm_marrakesh,14,106.0554,78.159,0.00015358,0.00015358,0.00221422,0.00268555,36.0,36.0,68.0
2025-11-21,ibm_marrakesh,15,232.0732,30.5179,0.00021431,0.00021431,,0.00402832,36.0,36.0,
2025-11-21,ibm_marrakesh,16,142.4751,102.8944,0.00053529,0.00053529,,0.00830078,36.0,36.0,
2025-11-21,ibm_marrakesh,17,311.3542,14.1467,0.00026345,0.00026345,,0.0057373,36.0,36.0,
2025-11-21,ibm_marrakesh,18,98.3171,116.3241,0.00037385,0.00037385,,0.00842285,36.0,36.0,
2025-11-21,ibm_marrakesh,19,137.3256,50.2018,0.00030151,0.00030151,,0.00585938,36.0,36.0,
2025-11-20,ibm_marrakesh,10,238.2268,59.5206,0.00019039,0.00019039,0.0013779,0.00415039,36.0,36.0,68.0
2025-11-20,ibm_marrakesh,11,230.2095,118.2187,0.00033046,0.00033046,0.00101399,0.01135254,36.0,36.0,68.0
2025-11-20,ibm_marrakesh,12,280.1685,188.84,0.00019751,0.00019751,0.00128425,0.00561523,36.0,36.0,80.0
2025-11-20,ibm_marrakesh,13,220.6498,212.5528,0.00024221,0.00024221,0.00129189,0.02075195,36.0,36.0,80.0
2025-11-20,ibm_marrakesh,14,395.0151,155.0117,0.00018782,0.00018782,0.00140004,0.00183105,36.0,36.0,68.0
2025-11-20,ibm_marrakesh,15,363.4686,26.9267,0.00017755,0.00017755,,0.00646973,36.0,36.0,
2025-11-20,ibm_marrakesh,16,104.0755,72.6096,0.00023537,0.00023537,,0.00817871,36.0,36.0,
2025-11-20,ibm_marrakesh,17,203.9636,10.6446,0.00018227,0.00018227,,0.00537109,36.0,36.0,
2025-11-20,ibm_marrakesh,18,105.638,108.2702,0.00055672,0.00055672,,0.00976562,36.0,36.0,
2025-11-20,ibm_marrakesh,19,137.3256,68.3868,0.00024769,0.00024769,,0.00341797,36.0,36.0,
2025-11-19,ibm_marrakesh,10,360.8953,149.9648,0.00019039,0.00019039,0.0013779,0.00317383,36.0,36.0,68.0
2025-11-19,ibm_marrakesh,11,350.5846,130.7303,0.00031904,0.00031904,0.00101399,0.00964355,36.0,36.0,68.0
2025-11-19,ibm_marrakesh,12,284.4922,172.1336,0.0001518,0.0001518,0.00128425,0.00512695,36.0,36.0,80.0
2025-11-19,ibm_marrakesh,13,217.6421,190.4132,0.00019934,0.00019934,0.00129189,0.08312988,36.0,36.0,80.0
2025-11-19,ibm_marrakesh,14,252.192,141.0436,0.00012544,0.00012544,0.00140004,0.01818848,36.0,36.0,68.0
2025-11-19,ibm_marrakesh,15,147.647,28.4409,7.658e-05,7.658e-05,,0.00524902,36.0,36.0,
2025-11-19,ibm_marrakesh,16,115.357,72.7043,0.00035426,0.00035426,,0.00708008,36.0,36.0,
2025-11-19,ibm_marrakesh,17,114.2488,9.9409,0.0004609,0.0004609,,0.00793457,36.0,36.0,
2025-11-19,ibm_marrakesh,18,110.2641,87.7007,0.00029768,0.00029768,,0.0078125,36.0,36.0,
2025-11-19,ibm_marrakesh,19,162.0584,61.0516,0.00023036,0.00023036,,0.00500488,36.0,36.0,
2025-11-18,ibm_marrakesh,10,224.3389,145.5545,0.00021592,0.00021592,0.00225037,0.00463867,36.0,36.0,68.0
2025-11-18,ibm_marrakesh,11,136.001,86.1582,0.00034794,0.00034794,0.00251271,0.01000977,36.0,36.0,68.0
2025-11-18,ibm_marrakesh,12,275.6919,161.7846,0.00022592,0.00022592,0.00346434,0.00488281,36.0,36.0,80.0
2025-11-18,ibm_marrakesh,13,164.6215,148.9241,0.00031323,0.00031323,0.00153235,0.06860352,36.0,36.0,80.0
2025-11-18,ibm_marrakesh,14,334.7966,142.1562,0.0001467,0.0001467,0.00128038,0.00317383,36.0,36.0,68.0
2025-11-18,ibm_marrakesh,15,328.0944,58.8394,9.245e-05,9.245e-05,,0.00488281,36.0,36.0,
2025-11-18,ibm_marrakesh,16,107.321,25.4418,0.00057022,0.00057022,,0.00634766,36.0,36.0,
2025-11-18,ibm_marrakesh,17,185.588,15.2382,0.00021747,0.00021747,,0.00878906,36.0,36.0,
2025-11-18,ibm_marrakesh,18,113.5633,100.5998,0.00041382,0.00041382,,0.00842285,36.0,36.0,
2025-11-18,ibm_marrakesh,19,153.5129,58.5593,0.00030239,0.00030239,,0.00354004,36.0,36.0,
2025-11-17,ibm_marrakesh,10,258.8219,127.0908,0.00028988,0.00028988,0.00235185,0.0032959,36.0,36.0,68.0
2025-11-17,ibm_marrakesh,11,299.1996,110.1262,0.0002914,0.0002914,0.00174525,0.00927734,36.0,36.0,68.0
2025-11-17,ibm_marrakesh,12,254.5717,149.4327,0.00031765,0.00031765,0.00173552,0.00622559,36.0,36.0,80.0
2025-11-17,ibm_marrakesh,13,215.4671,177.0618,0.00015184,0.00015184,0.00124371,0.11791992,36.0,36.0,80.0
2025-11-17,ibm_marrakesh,14,124.1838,84.0056,0.0001467,0.0001467,0.00224117,0.00317383,36.0,36.0,68.0
2025-11-17,ibm_marrakesh,15,202.3781,33.3494,0.00011092,0.00011092,,0.00756836,36.0,36.0,
2025-11-17,ibm_marrakesh,16,155.4613,147.9249,0.00035217,0.00035217,,0.01672363,36.0,36.0,
2025-11-17,ibm_marrakesh,17,309.5323,9.6251,0.00045859,0.00045859,,0.01257324,36.0,36.0,
2025-11-17,ibm_marrakesh,18,126.7869,73.2266,0.00035795,0.00035795,,0.0098877,36.0,36.0,
2025-11-17,ibm_marrakesh,19,166.8146,65.6031,0.00030166,0.00030166,,0.00415039,36.0,36.0,
2025-11-16,ibm_marrakesh,10,277.8539,101.2252,0.00016174,0.00016174,0.00169167,0.00805664,36.0,36.0,68.0
2025-11-16,ibm_marrakesh,11,305.9166,105.0128,0.00025023,0.00025023,0.00160727,0.00769043,36.0,36.0,68.0
2025-11-16,ibm_marrakesh,12,314.3462,187.012,0.00022747,0.00022747,0.00224429,0.00524902,36.0,36.0,80.0
2025-11-16,ibm_marrakesh,13,196.4873,154.0913,0.00019104,0.00019104,0.0014749,0.05773926,36.0,36.0,80.0
2025-11-16,ibm_marrakesh,14,246.6605,121.7721,0.0001467,0.0001467,0.00193345,0.0020752,36.0,36.0,68.0
2025-11-16,ibm_marrakesh,15,371.9753,26.5831,0.0001638,0.0001638,,0.00415039,36.0,36.0,
2025-11-16,ibm_marrakesh,16,141.2642,117.1851,0.00043847,0.00043847,,0.00695801,36.0,36.0,
2025-11-16,ibm_marrakesh,17,264.9071,11.9958,0.00030658,0.00030658,,0.00634766,36.0,36.0,
2025-11-16,ibm_marrakesh,18,100.3158,39.6386,0.00028172,0.00028172,,0.01147461,36.0,36.0,
2025-11-16,ibm_marrakesh,19,151.9264,60.2213,0.00026905,0.00026905,,0.00500488,36.0,36.0,
2025-11-15,ibm_marrakesh,10,349.8842,186.9388,0.00021422,0.00021422,0.00164955,0.00305176,36.0,36.0,68.0
2025-11-15,ibm_marrakesh,11,246.9821,147.5334,0.00034365,0.00034365,0.0009091,0.01147461,36.0,36.0,68.0
2025-11-15,ibm_marrakesh,12,226.2753,143.1474,0.00021095,0.00021095,0.00144536,0.01086426,36.0,36.0,80.0
2025-11-15,ibm_marrakesh,13,51.3924,72.8018,0.00023857,0.00023857,0.00110639,0.04162598,36.0,36.0,80.0
2025-11-15,ibm_marrakesh,14,276.2082,127.5463,0.00015203,0.00015203,0.00181208,0.0032959,36.0,36.0,68.0
2025-11-15,ibm_marrakesh,15,178.2942,26.4918,0.00037186,0.00037186,,0.00683594,36.0,36.0,
2025-11-15,ibm_marrakesh,16,107.8669,68.2502,0.00041167,0.00041167,,0.00463867,36.0,36.0,
2025-11-15,ibm_marrakesh,17,185.4252,9.69,0.00027263,0.00027263,,0.00817871,36.0,36.0,
2025-11-15,ibm_marrakesh,18,114.5518,70.6221,0.00024195,0.00024195,,0.00964355,36.0,36.0,
2025-11-15,ibm_marrakesh,19,154.5641,64.0922,0.00022029,0.00022029,,0.00549316,36.0,36.0,
2025-11-14,ibm_marrakesh,10,265.0751,112.966,0.00021422,0.00021422,0.00140904,0.00292969,36.0,36.0,68.0
2025-11-14,ibm_marrakesh,11,250.3449,94.2703,0.00046662,0.00046662,0.00136468,0.01184082,36.0,36.0,68.0
2025-11-14,ibm_marrakesh,12,153.5112,99.65,0.00026148,0.00026148,0.00138951,0.0065918,36.0,36.0,80.0
2025-11-14,ibm_marrakesh,13,214.3266,239.7204,0.00015767,0.00015767,0.00132699,0.04516602,36.0,36.0,80.0
2025-11-14,ibm_marrakesh,14,305.3735,128.58,0.00011299,0.00011299,0.00128761,0.00402832,36.0,36.0,68.0
2025-11-14,ibm_marrakesh,15,274.227,26.583,0.00010976,0.00010976,,0.00402832,36.0,36.0,
2025-11-14,ibm_marrakesh,16,137.8457,65.9871,0.00036552,0.00036552,,0.00634766,36.0,36.0,
2025-11-14,ibm_marrakesh,17,263.6365,10.1764,0.00027975,0.00027975,,0.00695801,36.0,36.0,
2025-11-14,ibm_marrakesh,18,70.3471,34.0211,0.00037234,0.00037234,,0.00964355,36.0,36.0,
2025-11-14,ibm_marrakesh,19,149.9205,53.7073,0.00025135,0.00025135,,0.00585938,36.0,36.0,
2025-11-13,ibm_marrakesh,10,255.6466,235.1064,0.00019497,0.00019497,0.00153028,0.00256348,36.0,36.0,68.0
2025-11-13,ibm_marrakesh,11,204.3153,174.1132,0.00023525,0.00023525,0.00153633,0.01086426,36.0,36.0,68.0
2025-11-13,ibm_marrakesh,12,199.4349,158.8434,0.00024038,0.00024038,0.00156509,0.00366211,36.0,36.0,80.0
2025-11-13,ibm_marrakesh,13,174.1592,169.4579,0.00031241,0.00031241,0.00132699,0.02856445,36.0,36.0,80.0
2025-11-13,ibm_marrakesh,14,363.2169,175.6208,0.00012288,0.00012288,0.00114362,0.0032959,36.0,36.0,68.0
2025-11-13,ibm_marrakesh,15,372.5558,30.9687,0.00024981,0.00024981,,0.00708008,36.0,36.0,
2025-11-13,ibm_marrakesh,16,146.6355,139.8953,0.00075573,0.00075573,,0.00854492,36.0,36.0,
2025-11-13,ibm_marrakesh,17,177.8609,11.1542,0.00047791,0.00047791,,0.00830078,36.0,36.0,
2025-11-13,ibm_marrakesh,18,89.7982,97.8465,0.0003146,0.0003146,,0.00952148,36.0,36.0,
2025-11-13,ibm_marrakesh,19,156.5598,61.5829,0.00020445,0.00020445,,0.0045166,36.0,36.0,
2025-11-12,ibm_marrakesh,10,268.634,223.6593,0.00013255,0.00013255,0.00124963,0.00427246,36.0,36.0,68.0
2025-11-12,ibm_marrakesh,11,173.1059,116.8541,0.00045837,0.00045837,0.00105051,0.01000977,36.0,36.0,68.0
2025-11-12,ibm_marrakesh,12,264.9412,184.7336,0.00024038,0.00024038,0.00122626,0.00561523,36.0,36.0,80.0
2025-11-12,ibm_marrakesh,13,251.2604,251.0986,0.000226,0.000226,0.00125705,0.05236816,36.0,36.0,80.0
2025-11-12,ibm_marrakesh,14,375.9538,149.6895,0.00012478,0.00012478,0.00120972,0.00256348,36.0,36.0,68.0
2025-11-12,ibm_marrakesh,15,393.9652,41.2165,0.00015092,0.00015092,,0.0045166,36.0,36.0,
2025-11-12,ibm_marrakesh,16,140.4205,38.7533,0.00047312,0.00047312,,0.01062012,36.0,36.0,
2025-11-12,ibm_marrakesh,17,241.6076,11.9308,0.00025703,0.00025703,,0.00976562,36.0,36.0,
2025-11-12,ibm_marrakesh,18,74.9704,25.436,0.00048781,0.00048781,,0.00817871,36.0,36.0,
2025-11-12,ibm_marrakesh,19,63.0407,30.718,0.00047175,0.00047175,,0.00439453,36.0,36.0,
2025-11-11,ibm_marrakesh,10,251.0151,152.0443,0.00011818,0.00011818,0.00131643,0.00341797,36.0,36.0,68.0
2025-11-11,ibm_marrakesh,11,318.6096,139.3769,0.00036199,0.00036199,0.00109203,0.01062012,36.0,36.0,68.0
2025-11-11,ibm_marrakesh,12,248.3584,174.7357,0.00040878,0.00040878,0.0014778,0.00512695,36.0,36.0,80.0
2025-11-11,ibm_marrakesh,13,212.0093,181.6819,0.00021603,0.00021603,0.00101554,0.02954102,36.0,36.0,80.0
2025-11-11,ibm_marrakesh,14,364.1898,120.4301,0.00013221,0.00013221,0.00128169,0.00280762,36.0,36.0,68.0
2025-11-11,ibm_marrakesh,15,394.0534,29.2485,0.00024993,0.00024993,,0.00622559,36.0,36.0,
2025-11-11,ibm_marrakesh,16,175.0249,78.4586,0.00047312,0.00047312,,0.00500488,36.0,36.0,
2025-11-11,ibm_marrakesh,17,284.0039,13.5321,0.00030189,0.00030189,,0.00769043,36.0,36.0,
2025-11-11,ibm_marrakesh,18,111.8107,96.0935,0.00024465,0.00024465,,0.0090332,36.0,36.0,
2025-11-11,ibm_marrakesh,19,140.3346,66.6517,0.00014205,0.00014205,,0.00463867,36.0,36.0,
2025-11-10,ibm_marrakesh,10,316.7813,175.3972,0.00011818,0.00011818,0.00150639,0.00866699,36.0,36.0,68.0
2025-11-10,ibm_marrakesh,11,211.7943,101.8014,0.00036199,0.00036199,0.00126224,0.00622559,36.0,36.0,68.0
2025-11-10,ibm_marrakesh,12,264.335,174.6222,0.00040878,0.00040878,0.00154648,0.00585938,36.0,36.0,80.0
2025-11-10,ibm_marrakesh,13,174.5662,239.8954,0.00021603,0.00021603,0.00101554,0.06970215,36.0,36.0,80.0
2025-11-10,ibm_marrakesh,14,210.7047,107.8853,0.00013221,0.00013221,0.00144691,0.0032959,36.0,36.0,68.0
2025-11-10,ibm_marrakesh,15,370.7392,32.1653,0.00024993,0.00024993,,0.00500488,36.0,36.0,
2025-11-10,ibm_marrakesh,16,150.3024,126.5949,0.00047312,0.00047312,,0.00683594,36.0,36.0,
2025-11-10,ibm_marrakesh,17,159.6434,10.5773,0.00030189,0.00030189,,0.02233887,36.0,36.0,
2025-11-10,ibm_marrakesh,18,105.7352,66.9907,0.00024465,0.00024465,,0.00854492,36.0,36.0,
2025-11-10,ibm_marrakesh,19,152.7604,67.3016,0.00014205,0.00014205,,0.00476074,36.0,36.0,
2025-11-09,ibm_marrakesh,10,316.7813,175.3972,0.00011818,0.00011818,0.00149687,0.00256348,36.0,36.0,68.0
2025-11-09,ibm_marrakesh,11,211.7943,101.8014,0.00036199,0.00036199,0.00132774,0.0090332,36.0,36.0,68.0
2025-11-09,ibm_marrakesh,12,264.335,174.6222,0.00040878,0.00040878,0.00152268,0.01086426,36.0,36.0,80.0
2025-11-09,ibm_marrakesh,13,174.5662,239.8954,0.00021603,0.00021603,0.00106242,0.05151367,36.0,36.0,80.0
2025-11-09,ibm_marrakesh,14,210.7047,107.8853,0.00013221,0.00013221,0.00158715,0.00268555,36.0,36.0,68.0
2025-11-09,ibm_marrakesh,15,370.7392,32.1653,0.00024993,0.00024993,,0.00378418,36.0,36.0,
2025-11-09,ibm_marrakesh,16,150.3024,126.5949,0.00047312,0.00047312,,0.00463867,36.0,36.0,
2025-11-09,ibm_marrakesh,17,159.6434,10.5773,0.00030189,0.00030189,,0.0065918,36.0,36.0,
2025-11-09,ibm_marrakesh,18,105.7352,66.9907,0.00024465,0.00024465,,0.01599121,36.0,36.0,
2025-11-09,ibm_marrakesh,19,152.7604,67.3016,0.00014205,0.00014205,,0.00341797,36.0,36.0,
2025-11-08,ibm_marrakesh,10,359.5287,57.4029,0.00013723,0.00013723,0.00159327,0.00512695,36.0,36.0,68.0
2025-11-08,ibm_marrakesh,11,225.0967,196.3888,0.00046164,0.00046164,0.00122916,0.02001953,36.0,36.0,68.0
2025-11-08,ibm_marrakesh,12,265.1151,169.7391,0.00016821,0.00016821,0.0017389,0.00427246,36.0,36.0,80.0
2025-11-08,ibm_marrakesh,13,221.6456,178.2471,0.00037059,0.00037059,0.00106242,0.05249023,36.0,36.0,80.0
2025-11-08,ibm_marrakesh,14,357.9311,129.2953,0.00011924,0.00011924,0.00136378,0.00341797,36.0,36.0,68.0
2025-11-08,ibm_marrakesh,15,377.6409,26.487,0.00020279,0.00020279,,0.00268555,36.0,36.0,
2025-11-08,ibm_marrakesh,16,160.8623,182.4495,0.00047312,0.00047312,,0.00549316,36.0,36.0,
2025-11-08,ibm_marrakesh,17,244.1253,11.2898,0.00033894,0.00033894,,0.00732422,36.0,36.0,
2025-11-08,ibm_marrakesh,18,103.4858,112.0929,0.00030737,0.00030737,,0.01708984,36.0,36.0,
2025-11-08,ibm_marrakesh,19,139.5134,58.5866,0.00031936,0.00031936,,0.00622559,36.0,36.0,
2025-11-07,ibm_marrakesh,10,359.5287,262.1581,0.00020891,0.00020891,0.00139896,0.0057373,36.0,36.0,68.0
2025-11-07,ibm_marrakesh,11,329.5222,164.6334,0.00018706,0.00018706,0.00090204,0.00976562,36.0,36.0,68.0
2025-11-07,ibm_marrakesh,12,284.8559,167.3059,0.00018645,0.00018645,0.00152184,0.00378418,36.0,36.0,80.0
2025-11-07,ibm_marrakesh,13,209.4112,223.2281,0.00018643,0.00018643,0.00147765,0.07678223,36.0,36.0,80.0
2025-11-07,ibm_marrakesh,14,361.1903,161.1552,0.00011244,0.00011244,0.00146705,0.00341797,36.0,36.0,68.0
2025-11-07,ibm_marrakesh,15,213.3076,27.4446,0.00017007,0.00017007,,0.00415039,36.0,36.0,
2025-11-07,ibm_marrakesh,16,160.8506,166.5229,0.00041834,0.00041834,,0.01538086,36.0,36.0,
2025-11-07,ibm_marrakesh,17,182.7204,10.034,0.00025647,0.00025647,,0.01306152,36.0,36.0,
2025-11-07,ibm_marrakesh,18,116.5756,112.2727,0.00022471,0.00022471,,0.00671387,36.0,36.0,
2025-11-07,ibm_marrakesh,19,163.4278,59.7486,0.00027525,0.00027525,,0.00427246,36.0,36.0,
2025-11-06,ibm_marrakesh,10,246.0505,232.7483,0.00020891,0.00020891,0.00169699,0.00354004,36.0,36.0,68.0
2025-11-06,ibm_marrakesh,11,151.8483,136.4822,0.00018706,0.00018706,0.00144435,0.00561523,36.0,36.0,68.0
2025-11-06,ibm_marrakesh,12,264.9527,182.0227,0.00018645,0.00018645,0.00179021,0.00622559,36.0,36.0,80.0
2025-11-06,ibm_marrakesh,13,206.7307,171.6904,0.00018643,0.00018643,0.00147765,0.10083008,36.0,36.0,80.0
2025-11-06,ibm_marrakesh,14,314.7686,141.333,0.00011244,0.00011244,0.00156735,0.00158691,36.0,36.0,68.0
2025-11-06,ibm_marrakesh,15,285.3057,27.4967,0.00017007,0.00017007,,0.00598145,36.0,36.0,
2025-11-06,ibm_marrakesh,16,129.2265,109.016,0.00041834,0.00041834,,0.00402832,36.0,36.0,
2025-11-06,ibm_marrakesh,17,282.6619,9.3839,0.00025647,0.00025647,,0.01208496,36.0,36.0,
2025-11-06,ibm_marrakesh,18,100.5867,78.4952,0.00022471,0.00022471,,0.00866699,36.0,36.0,
2025-11-06,ibm_marrakesh,19,157.8625,56.7582,0.00027525,0.00027525,,0.0032959,36.0,36.0,
2025-11-05,ibm_marrakesh,10,244.0836,175.7665,0.0001847,0.0001847,0.00141974,0.00341797,36.0,36.0,68.0
2025-11-05,ibm_marrakesh,11,238.7504,110.8134,0.00047537,0.00047537,0.00099596,0.00720215,36.0,36.0,68.0
2025-11-05,ibm_marrakesh,12,206.3979,143.0914,0.00014471,0.00014471,0.00142017,0.00354004,36.0,36.0,80.0
2025-11-05,ibm_marrakesh,13,147.4882,136.0665,0.00018375,0.00018375,0.00138486,0.04638672,36.0,36.0,80.0
2025-11-05,ibm_marrakesh,14,284.817,133.6843,0.00013024,0.00013024,0.0012196,0.05981445,36.0,36.0,68.0
2025-11-05,ibm_marrakesh,15,386.3933,24.2298,0.00024278,0.00024278,,0.00341797,36.0,36.0,
2025-11-05,ibm_marrakesh,16,147.1988,131.6244,0.0002625,0.0002625,,0.00598145,36.0,36.0,
2025-11-05,ibm_marrakesh,17,196.9062,9.9675,0.00049482,0.00049482,,0.00500488,36.0,36.0,
2025-11-05,ibm_marrakesh,18,108.7918,112.5954,0.0003569,0.0003569,,0.00915527,36.0,36.0,
2025-11-05,ibm_marrakesh,19,151.8785,60.7689,0.00015938,0.00015938,,0.00866699,36.0,36.0,
2025-11-04,ibm_marrakesh,10,307.6527,223.5059,0.00014911,0.00014911,0.00141974,0.00622559,36.0,36.0,68.0
2025-11-04,ibm_marrakesh,11,241.1659,192.3878,0.00028754,0.00028754,0.00099596,0.01147461,36.0,36.0,68.0
2025-11-04,ibm_marrakesh,12,330.5761,165.2212,0.00014568,0.00014568,0.00142017,0.00476074,36.0,36.0,80.0
2025-11-04,ibm_marrakesh,13,203.6049,246.3606,0.00012297,0.00012297,0.00138486,0.02185059,36.0,36.0,80.0
2025-11-04,ibm_marrakesh,14,249.2014,134.5357,0.00012763,0.00012763,0.0012196,0.00292969,36.0,36.0,68.0
2025-11-04,ibm_marrakesh,15,386.3933,41.7451,0.00018248,0.00018248,,0.00305176,36.0,36.0,
2025-11-04,ibm_marrakesh,16,147.3017,91.7541,0.00046877,0.00046877,,0.01037598,36.0,36.0,
2025-11-04,ibm_marrakesh,17,196.9062,16.2442,0.00039447,0.00039447,,0.00976562,36.0,36.0,
2025-11-04,ibm_marrakesh,18,111.4422,74.4378,0.00038767,0.00038767,,0.01367188,36.0,36.0,
2025-11-04,ibm_marrakesh,19,167.2776,60.9969,0.00014243,0.00014243,,0.00732422,36.0,36.0,
2025-11-03,ibm_marrakesh,10,125.5713,136.6149,0.00020018,0.00020018,0.00119197,0.00244141,36.0,36.0,68.0
2025-11-03,ibm_marrakesh,11,170.359,158.5454,0.00028754,0.00028754,0.00137886,0.03735352,36.0,36.0,68.0
2025-11-03,ibm_marrakesh,12,321.388,166.159,0.00015857,0.00015857,0.00139909,0.00366211,36.0,36.0,80.0
2025-11-03,ibm_marrakesh,13,207.444,169.3765,0.00023646,0.00023646,0.00138486,0.06396484,36.0,36.0,80.0
2025-11-03,ibm_marrakesh,14,366.4335,128.4341,8.772e-05,8.772e-05,0.00125516,0.00195312,36.0,36.0,68.0
2025-11-03,ibm_marrakesh,15,149.1537,28.6606,0.00024069,0.00024069,,0.00317383,36.0,36.0,
2025-11-03,ibm_marrakesh,16,126.7523,27.0374,0.00043147,0.00043147,,0.00708008,36.0,36.0,
2025-11-03,ibm_marrakesh,17,258.2756,13.0744,0.00039247,0.00039247,,0.00439453,36.0,36.0,
2025-11-03,ibm_marrakesh,18,111.3041,92.1803,0.00031925,0.00031925,,0.00634766,36.0,36.0,
2025-11-03,ibm_marrakesh,19,110.8896,46.3505,0.00043382,0.00043382,,0.00390625,36.0,36.0,
2025-11-02,ibm_marrakesh,10,245.4433,202.8927,0.00018265,0.00018265,0.00144781,0.00280762,36.0,36.0,68.0
2025-11-02,ibm_marrakesh,11,220.833,131.8109,0.00035174,0.00035174,0.00129397,0.00695801,36.0,36.0,68.0
2025-11-02,ibm_marrakesh,12,272.695,180.5808,0.00017795,0.00017795,0.00160051,0.00671387,36.0,36.0,80.0
2025-11-02,ibm_marrakesh,13,218.3163,219.6341,0.0001288,0.0001288,0.00138486,0.06359863,36.0,36.0,80.0
2025-11-02,ibm_marrakesh,14,353.7004,135.0035,0.00013981,0.00013981,0.00127592,0.00366211,36.0,36.0,68.0
2025-11-02,ibm_marrakesh,15,347.7128,31.1805,0.00012957,0.00012957,,0.00427246,36.0,36.0,
2025-11-02,ibm_marrakesh,16,155.4627,103.3808,0.00043147,0.00043147,,0.00500488,36.0,36.0,
2025-11-02,ibm_marrakesh,17,232.8838,12.0802,0.00056493,0.00056493,,0.00488281,36.0,36.0,
2025-11-02,ibm_marrakesh,18,104.0752,120.6071,0.00032759,0.00032759,,0.01818848,36.0,36.0,
2025-11-02,ibm_marrakesh,19,149.2071,62.5181,0.00019675,0.00019675,,0.00524902,36.0,36.0,
2025-11-01,ibm_marrakesh,10,336.0205,231.2126,0.00015915,0.00015915,0.00190232,0.00695801,36.0,36.0,68.0
2025-11-01,ibm_marrakesh,11,183.4821,166.3985,0.00035411,0.00035411,0.0014256,0.00830078,36.0,36.0,68.0
2025-11-01,ibm_marrakesh,12,244.7741,174.1082,0.00019142,0.00019142,0.00204302,0.00561523,36.0,36.0,80.0
2025-11-01,ibm_marrakesh,13,204.2712,235.2236,0.00020927,0.00020927,0.00136396,0.03112793,36.0,36.0,80.0
2025-11-01,ibm_marrakesh,14,333.0085,127.6243,0.00013981,0.00013981,0.00190447,0.00231934,36.0,36.0,68.0
2025-11-01,ibm_marrakesh,15,345.193,28.5411,0.00016955,0.00016955,,0.00378418,36.0,36.0,
2025-11-01,ibm_marrakesh,16,137.2623,117.3993,0.00048248,0.00048248,,0.00695801,36.0,36.0,
2025-11-01,ibm_marrakesh,17,238.1873,13.2496,0.0003379,0.0003379,,0.00561523,36.0,36.0,
2025-11-01,ibm_marrakesh,18,101.373,77.0753,0.00038818,0.00038818,,0.00854492,36.0,36.0,
2025-11-01,ibm_marrakesh,19,130.7273,66.9368,0.00019759,0.00019759,,0.00354004,36.0,36.0,
2025-10-31,ibm_marrakesh,10,267.9014,194.0977,0.00018819,0.00018819,0.0018436,0.00280762,36.0,36.0,68.0
2025-10-31,ibm_marrakesh,11,293.6335,138.9716,0.00037796,0.00037796,0.00156531,0.00720215,36.0,36.0,68.0
2025-10-31,ibm_marrakesh,12,260.3165,167.4419,0.0002306,0.0002306,0.00128692,0.00610352,36.0,36.0,80.0
2025-10-31,ibm_marrakesh,13,218.0708,263.7145,0.00023706,0.00023706,0.00124229,0.06896973,36.0,36.0,80.0
2025-10-31,ibm_marrakesh,14,189.1146,107.9527,0.00014341,0.00014341,0.00146349,0.00268555,36.0,36.0,68.0
2025-10-31,ibm_marrakesh,15,327.9952,28.9317,0.00010539,0.00010539,,0.00415039,36.0,36.0,
2025-10-31,ibm_marrakesh,16,119.9068,133.9318,0.0004577,0.0004577,,0.01184082,36.0,36.0,
2025-10-31,ibm_marrakesh,17,295.7147,16.2789,0.0002884,0.0002884,,0.00646973,36.0,36.0,
2025-10-31,ibm_marrakesh,18,102.1519,96.7588,0.00072385,0.00072385,,0.01416016,36.0,36.0,
2025-10-31,ibm_marrakesh,19,173.0149,70.1508,0.00023758,0.00023758,,0.00866699,36.0,36.0,
2025-10-30,ibm_marrakesh,10,267.9014,194.0977,0.00018871,0.00018871,0.00148173,0.00390625,36.0,36.0,68.0
2025-10-30,ibm_marrakesh,11,293.6335,138.9716,0.00026741,0.00026741,0.00142364,0.00610352,36.0,36.0,68.0
2025-10-30,ibm_marrakesh,12,260.3165,167.4419,0.0002306,0.0002306,0.00205308,0.00268555,36.0,36.0,80.0
2025-10-30,ibm_marrakesh,13,218.0708,263.7145,0.00017274,0.00017274,0.00154595,0.07824707,36.0,36.0,80.0
2025-10-30,ibm_marrakesh,14,189.1146,107.9527,0.00016127,0.00016127,0.00141576,0.00488281,36.0,36.0,68.0
2025-10-30,ibm_marrakesh,15,327.9952,28.9317,7.553e-05,7.553e-05,,0.00964355,36.0,36.0,
2025-10-30,ibm_marrakesh,16,119.9068,133.9318,0.00040082,0.00040082,,0.00842285,36.0,36.0,
2025-10-30,ibm_marrakesh,17,295.7147,16.2789,0.00026879,0.00026879,,0.00598145,36.0,36.0,
2025-10-30,ibm_marrakesh,18,102.1519,96.7588,0.00029934,0.00029934,,0.00830078,36.0,36.0,
2025-10-30,ibm_marrakesh,19,173.0149,70.1508,0.00024801,0.00024801,,0.00366211,36.0,36.0,
2025-10-29,ibm_marrakesh,10,267.9014,194.0977,0.00018871,0.00018871,0.00148173,0.00390625,36.0,36.0,68.0
2025-10-29,ibm_marrakesh,11,293.6335,138.9716,0.00026741,0.00026741,0.00142364,0.00610352,36.0,36.0,68.0
2025-10-29,ibm_marrakesh,12,260.3165,167.4419,0.0002306,0.0002306,0.00205308,0.00268555,36.0,36.0,80.0
2025-10-29,ibm_marrakesh,13,218.0708,263.7145,0.00017274,0.00017274,0.00154595,0.07824707,36.0,36.0,80.0
2025-10-29,ibm_marrakesh,14,189.1146,107.9527,0.00016127,0.00016127,0.00141576,0.00488281,36.0,36.0,68.0
2025-10-29,ibm_marrakesh,15,327.9952,28.9317,7.553e-05,7.553e-05,,0.00964355,36.0,36.0,
2025-10-29,ibm_marrakesh,16,119.9068,133.9318,0.00040082,0.00040082,,0.00842285,36.0,36.0,
2025-10-29,ibm_marrakesh,17,295.7147,16.2789,0.00026879,0.00026879,,0.00598145,36.0,36.0,
2025-10-29,ibm_marrakesh,18,102.1519,96.7588,0.00029934,0.00029934,,0.00830078,36.0,36.0,
2025-10-29,ibm_marrakesh,19,173.0149,70.1508,0.00024801,0.00024801,,0.00366211,36.0,36.0,
2025-10-28,ibm_marrakesh,10,292.9807,198.4429,0.0001637,0.0001637,0.00140795,0.00256348,36.0,36.0,68.0
2025-10-28,ibm_marrakesh,11,268.9934,118.5445,0.0002756,0.0002756,0.00103994,0.00793457,36.0,36.0,68.0
2025-10-28,ibm_marrakesh,12,69.1087,69.9952,0.00016145,0.00016145,0.00173587,0.00231934,36.0,36.0,80.0
2025-10-28,ibm_marrakesh,13,217.1223,289.982,0.00019079,0.00019079,0.00113589,0.04248047,36.0,36.0,80.0
2025-10-28,ibm_marrakesh,14,130.4236,102.4878,0.00011662,0.00011662,0.00145873,0.02087402,36.0,36.0,68.0
2025-10-28,ibm_marrakesh,15,285.6495,27.0698,0.00029456,0.00029456,,0.00488281,36.0,36.0,
2025-10-28,ibm_marrakesh,16,148.1184,107.5014,0.00041334,0.00041334,,0.0057373,36.0,36.0,
2025-10-28,ibm_marrakesh,17,179.6735,9.6514,0.00038186,0.00038186,,0.00756836,36.0,36.0,
2025-10-28,ibm_marrakesh,18,104.8771,103.3519,0.00034488,0.00034488,,0.03564453,36.0,36.0,
2025-10-28,ibm_marrakesh,19,134.7801,58.3262,0.00024801,0.00024801,,0.00610352,36.0,36.0,
2025-10-27,ibm_marrakesh,10,316.3825,219.2771,0.00017703,0.00017703,0.00133029,0.00292969,36.0,36.0,68.0
2025-10-27,ibm_marrakesh,11,236.476,116.7315,0.00035082,0.00035082,0.00119414,0.00878906,36.0,36.0,68.0
2025-10-27,ibm_marrakesh,12,272.1265,89.1955,0.00016145,0.00016145,0.00259895,0.00341797,36.0,36.0,80.0
2025-10-27,ibm_marrakesh,13,227.9029,209.3708,0.00018495,0.00018495,0.00132161,0.06323242,36.0,36.0,80.0
2025-10-27,ibm_marrakesh,14,252.0617,128.4098,0.00014592,0.00014592,0.00134729,0.00256348,36.0,36.0,68.0
2025-10-27,ibm_marrakesh,15,237.5157,28.5712,0.00014501,0.00014501,,0.00683594,36.0,36.0,
2025-10-27,ibm_marrakesh,16,146.6136,42.227,0.00028998,0.00028998,,0.0045166,36.0,36.0,
2025-10-27,ibm_marrakesh,17,286.8243,13.1021,0.00030143,0.00030143,,0.00854492,36.0,36.0,
2025-10-27,ibm_marrakesh,18,114.8906,22.588,0.00024964,0.00024964,,0.01147461,36.0,36.0,
2025-10-27,ibm_marrakesh,19,173.4769,65.0432,0.00024113,0.00024113,,0.00927734,36.0,36.0,
2025-10-26,ibm_marrakesh,10,227.9814,138.4997,0.00017025,0.00017025,0.0013934,0.00769043,36.0,36.0,68.0
2025-10-26,ibm_marrakesh,11,346.0715,167.9152,0.00022883,0.00022883,0.00129588,0.00793457,36.0,36.0,68.0
2025-10-26,ibm_marrakesh,12,272.1265,147.7059,0.00033616,0.00033616,0.00197926,0.0057373,36.0,36.0,80.0
2025-10-26,ibm_marrakesh,13,193.6031,190.3809,0.00023302,0.00023302,0.00159124,0.06066895,36.0,36.0,80.0
2025-10-26,ibm_marrakesh,14,229.7189,110.8498,0.00023257,0.00023257,0.00127753,0.00476074,36.0,36.0,68.0
2025-10-26,ibm_marrakesh,15,246.8759,38.9778,0.00018606,0.00018606,,0.00366211,36.0,36.0,
2025-10-26,ibm_marrakesh,16,178.2138,94.9066,0.00044585,0.00044585,,0.00427246,36.0,36.0,
2025-10-26,ibm_marrakesh,17,240.0091,14.3721,0.00045739,0.00045739,,0.00708008,36.0,36.0,
2025-10-26,ibm_marrakesh,18,74.6055,113.8407,0.00063384,0.00063384,,0.01525879,36.0,36.0,
2025-10-26,ibm_marrakesh,19,153.9591,61.2842,0.00019439,0.00019439,,0.00317383,36.0,36.0,
2025-10-25,ibm_marrakesh,10,227.9814,195.6576,0.00035093,0.00035093,0.00169335,0.00415039,36.0,36.0,68.0
2025-10-25,ibm_marrakesh,11,272.1654,248.5408,0.00023948,0.00023948,0.0014113,0.00842285,36.0,36.0,68.0
2025-10-25,ibm_marrakesh,12,370.2471,193.6118,0.00019661,0.00019661,0.00245693,0.00463867,36.0,36.0,80.0
2025-10-25,ibm_marrakesh,13,214.4551,254.0173,0.00028597,0.00028597,0.00158298,0.0501709,36.0,36.0,80.0
2025-10-25,ibm_marrakesh,14,248.757,118.2258,0.00023257,0.00023257,0.00117095,0.00183105,36.0,36.0,68.0
2025-10-25,ibm_marrakesh,15,174.2784,31.4804,0.00025488,0.00025488,,0.0057373,36.0,36.0,
2025-10-25,ibm_marrakesh,16,174.3194,65.4337,0.00031585,0.00031585,,0.00500488,36.0,36.0,
2025-10-25,ibm_marrakesh,17,308.6084,14.5994,0.00044968,0.00044968,,0.00817871,36.0,36.0,
2025-10-25,ibm_marrakesh,18,98.0994,106.9537,0.00026058,0.00026058,,0.00756836,36.0,36.0,
2025-10-25,ibm_marrakesh,19,151.496,61.0711,0.00018998,0.00018998,,0.00415039,36.0,36.0,
2025-10-24,ibm_marrakesh,10,289.5757,179.7809,0.00023674,0.00023674,0.00169335,0.00354004,36.0,36.0,68.0
2025-10-24,ibm_marrakesh,11,307.5661,110.8946,0.0002554,0.0002554,0.00120284,0.0090332,36.0,36.0,68.0
2025-10-24,ibm_marrakesh,12,141.397,120.9371,0.00022319,0.00022319,0.00239535,0.00292969,36.0,36.0,80.0
2025-10-24,ibm_marrakesh,13,204.1485,199.2569,0.00028518,0.00028518,0.00141557,0.03015137,36.0,36.0,80.0
2025-10-24,ibm_marrakesh,14,336.7423,125.0876,0.00016755,0.00016755,0.0024316,0.00585938,36.0,36.0,68.0
2025-10-24,ibm_marrakesh,15,304.8557,29.0961,0.00020696,0.00020696,,0.00292969,36.0,36.0,
2025-10-24,ibm_marrakesh,16,110.8308,133.4706,0.00060743,0.00060743,,0.00854492,36.0,36.0,
2025-10-24,ibm_marrakesh,17,220.8581,10.278,0.00030364,0.00030364,,0.00891113,36.0,36.0,
2025-10-24,ibm_marrakesh,18,108.3419,95.0836,0.00035495,0.00035495,,0.00744629,36.0,36.0,
2025-10-24,ibm_marrakesh,19,117.5165,41.734,0.00055942,0.00055942,,0.00415039,36.0,36.0,
2025-10-23,ibm_marrakesh,10,289.5757,179.7809,0.00023674,0.00023674,0.00157642,0.00463867,36.0,36.0,68.0
2025-10-23,ibm_marrakesh,11,307.5661,110.8946,0.0002554,0.0002554,0.00108605,0.01452637,36.0,36.0,68.0
2025-10-23,ibm_marrakesh,12,141.397,120.9371,0.00022319,0.00022319,0.00240566,0.00915527,36.0,36.0,80.0
2025-10-23,ibm_marrakesh,13,204.1485,199.2569,0.00028518,0.00028518,0.00159903,0.0736084,36.0,36.0,80.0
2025-10-23,ibm_marrakesh,14,336.7423,125.0876,0.00016755,0.00016755,0.00236529,0.00354004,36.0,36.0,68.0
2025-10-23,ibm_marrakesh,15,304.8557,29.0961,0.00020696,0.00020696,,0.00354004,36.0,36.0,
2025-10-23,ibm_marrakesh,16,110.8308,133.4706,0.00060743,0.00060743,,0.00622559,36.0,36.0,
2025-10-23,ibm_marrakesh,17,220.8581,10.278,0.00030364,0.00030364,,0.00732422,36.0,36.0,
2025-10-23,ibm_marrakesh,18,108.3419,95.0836,0.00035495,0.00035495,,0.00646973,36.0,36.0,
2025-10-23,ibm_marrakesh,19,117.5165,41.734,0.00055942,0.00055942,,0.00891113,36.0,36.0,
2025-10-22,ibm_marrakesh,10,333.6035,247.8484,0.00011626,0.00011626,0.00157642,0.00280762,36.0,36.0,68.0
2025-10-22,ibm_marrakesh,11,210.5352,92.0546,0.00038195,0.00038195,0.00108605,0.00976562,36.0,36.0,68.0
2025-10-22,ibm_marrakesh,12,275.5769,173.1114,0.00013431,0.00013431,0.00240566,0.00524902,36.0,36.0,80.0
2025-10-22,ibm_marrakesh,13,190.7781,174.1386,0.00014103,0.00014103,0.00159903,0.09802246,36.0,36.0,80.0
2025-10-22,ibm_marrakesh,14,227.5128,113.8271,0.00018445,0.00018445,0.00236529,0.00378418,36.0,36.0,68.0
2025-10-22,ibm_marrakesh,15,279.7074,29.6246,0.00013737,0.00013737,,0.00305176,36.0,36.0,
2025-10-22,ibm_marrakesh,16,153.7776,106.6991,0.00045583,0.00045583,,0.01049805,36.0,36.0,
2025-10-22,ibm_marrakesh,17,191.4747,10.985,0.00037066,0.00037066,,0.00683594,36.0,36.0,
2025-10-22,ibm_marrakesh,18,89.9045,79.3253,0.00063888,0.00063888,,0.00830078,36.0,36.0,
2025-10-22,ibm_marrakesh,19,117.5165,52.7592,0.00015105,0.00015105,,0.00512695,36.0,36.0,
2025-10-21,ibm_marrakesh,10,278.3866,149.6927,0.00015063,0.00015063,0.00157642,0.00598145,36.0,36.0,68.0
2025-10-21,ibm_marrakesh,11,352.8609,134.8574,0.00024685,0.00024685,0.00165961,0.12756348,36.0,36.0,68.0
2025-10-21,ibm_marrakesh,12,296.5741,172.1858,0.00034358,0.00034358,0.00231449,0.00354004,36.0,36.0,80.0
2025-10-21,ibm_marrakesh,13,207.4067,249.1132,0.0001524,0.0001524,0.00114104,0.21411133,36.0,36.0,80.0
2025-10-21,ibm_marrakesh,14,313.9267,160.2747,0.00010041,0.00010041,0.00189399,0.00256348,36.0,36.0,68.0
2025-10-21,ibm_marrakesh,15,263.8347,33.3404,0.00013737,0.00013737,,0.01159668,36.0,36.0,
2025-10-21,ibm_marrakesh,16,55.865,26.3358,0.00035981,0.00035981,,0.00744629,36.0,36.0,
2025-10-21,ibm_marrakesh,17,191.4747,11.0492,0.00027505,0.00027505,,0.00732422,36.0,36.0,
2025-10-21,ibm_marrakesh,18,109.6601,76.8981,0.00032087,0.00032087,,0.01281738,36.0,36.0,
2025-10-21,ibm_marrakesh,19,147.464,62.8259,0.00022049,0.00022049,,0.00854492,36.0,36.0,
2025-10-20,ibm_marrakesh,10,278.3866,149.6927,0.00015063,0.00015063,0.00157642,0.00170898,36.0,36.0,68.0
2025-10-20,ibm_marrakesh,11,352.8609,134.8574,0.00024685,0.00024685,0.00165961,0.00646973,36.0,36.0,68.0
2025-10-20,ibm_marrakesh,12,296.5741,172.1858,0.00034358,0.00034358,0.00231449,0.00366211,36.0,36.0,80.0
2025-10-20,ibm_marrakesh,13,207.4067,249.1132,0.0001524,0.0001524,0.00114104,0.09082031,36.0,36.0,80.0
2025-10-20,ibm_marrakesh,14,313.9267,160.2747,0.00010041,0.00010041,0.00189399,0.00476074,36.0,36.0,68.0
2025-10-20,ibm_marrakesh,15,263.8347,33.3404,0.00013737,0.00013737,,0.02172852,36.0,36.0,
2025-10-20,ibm_marrakesh,16,55.865,26.3358,0.00035981,0.00035981,,0.00610352,36.0,36.0,
2025-10-20,ibm_marrakesh,17,191.4747,11.0492,0.00027505,0.00027505,,0.01147461,36.0,36.0,
2025-10-20,ibm_marrakesh,18,109.6601,76.8981,0.00032087,0.00032087,,0.01049805,36.0,36.0,
2025-10-20,ibm_marrakesh,19,147.464,62.8259,0.00022049,0.00022049,,0.00598145,36.0,36.0,
2025-10-19,ibm_marrakesh,10,123.7691,84.3112,0.00024328,0.00024328,0.00165435,0.00268555,36.0,36.0,68.0
2025-10-19,ibm_marrakesh,11,160.7059,94.6932,0.00021037,0.00021037,0.00146853,0.00830078,36.0,36.0,68.0
2025-10-19,ibm_marrakesh,12,257.6783,151.4033,0.00012088,0.00012088,0.00143083,0.00341797,36.0,36.0,80.0
2025-10-19,ibm_marrakesh,13,229.2774,272.0471,0.00033308,0.00033308,0.0011453,0.06323242,36.0,36.0,80.0
2025-10-19,ibm_marrakesh,14,236.8241,124.004,0.00015802,0.00015802,0.00189051,0.00610352,36.0,36.0,68.0
2025-10-19,ibm_marrakesh,15,126.2312,31.5792,0.00018957,0.00018957,,0.01049805,36.0,36.0,
2025-10-19,ibm_marrakesh,16,131.8882,136.7785,0.00064747,0.00064747,,0.01220703,36.0,36.0,
2025-10-19,ibm_marrakesh,17,214.7435,10.3165,0.00032619,0.00032619,,0.01025391,36.0,36.0,
2025-10-19,ibm_marrakesh,18,98.3213,95.3344,0.00027226,0.00027226,,0.01000977,36.0,36.0,
2025-10-19,ibm_marrakesh,19,129.8882,51.411,0.00023811,0.00023811,,0.00415039,36.0,36.0,
2025-10-18,ibm_marrakesh,10,276.7031,192.4486,0.00020912,0.00020912,0.00129636,0.00268555,36.0,36.0,68.0
2025-10-18,ibm_marrakesh,11,354.5165,137.256,0.00025913,0.00025913,0.00112919,0.00817871,36.0,36.0,68.0
2025-10-18,ibm_marrakesh,12,297.6032,179.0832,0.00019168,0.00019168,0.00185785,0.00634766,36.0,36.0,80.0
2025-10-18,ibm_marrakesh,13,216.1411,220.553,0.00021577,0.00021577,0.0011453,0.0892334,36.0,36.0,80.0
2025-10-18,ibm_marrakesh,14,293.0071,140.5775,0.00015684,0.00015684,0.00136236,0.00256348,36.0,36.0,68.0
2025-10-18,ibm_marrakesh,15,326.9371,28.0813,0.00013355,0.00013355,,0.01525879,36.0,36.0,
2025-10-18,ibm_marrakesh,16,136.7592,120.3526,0.00033232,0.00033232,,0.00695801,36.0,36.0,
2025-10-18,ibm_marrakesh,17,229.3225,10.5666,0.00025717,0.00025717,,0.00610352,36.0,36.0,
2025-10-18,ibm_marrakesh,18,97.5336,99.5751,0.00037932,0.00037932,,0.00695801,36.0,36.0,
2025-10-18,ibm_marrakesh,19,157.4939,61.8299,0.00023052,0.00023052,,0.00805664,36.0,36.0,
2025-10-17,ibm_marrakesh,10,295.4725,175.3725,0.00020088,0.00020088,0.00178996,0.00268555,36.0,36.0,68.0
2025-10-17,ibm_marrakesh,11,334.0303,181.3759,0.00037137,0.00037137,0.00125043,0.0090332,36.0,36.0,68.0
2025-10-17,ibm_marrakesh,12,255.5027,171.5677,0.00018356,0.00018356,0.00135044,0.00256348,36.0,36.0,80.0
2025-10-17,ibm_marrakesh,13,165.6972,141.7875,0.00033078,0.00033078,0.00102838,0.06774902,36.0,36.0,80.0
2025-10-17,ibm_marrakesh,14,380.8353,165.1324,9.581e-05,9.581e-05,0.00121265,0.00268555,36.0,36.0,68.0
2025-10-17,ibm_marrakesh,15,294.4474,31.2505,0.00027815,0.00027815,,0.01269531,36.0,36.0,
2025-10-17,ibm_marrakesh,16,115.558,91.7736,0.00041821,0.00041821,,0.01123047,36.0,36.0,
2025-10-17,ibm_marrakesh,17,244.6825,11.7106,0.00021165,0.00021165,,0.00720215,36.0,36.0,
2025-10-17,ibm_marrakesh,18,115.5877,8.8995,0.00023239,0.00023239,,0.00878906,36.0,36.0,
2025-10-17,ibm_marrakesh,19,161.3734,67.1385,0.00018426,0.00018426,,0.00463867,36.0,36.0,
2025-10-16,ibm_marrakesh,10,203.9884,208.7857,0.00025275,0.00025275,0.0013651,0.00402832,36.0,36.0,68.0
2025-10-16,ibm_marrakesh,11,304.9537,156.0831,0.00033044,0.00033044,0.00136377,0.01086426,36.0,36.0,68.0
2025-10-16,ibm_marrakesh,12,205.442,153.5289,0.00020129,0.00020129,0.0014355,0.00378418,36.0,36.0,80.0
2025-10-16,ibm_marrakesh,13,215.2954,212.3816,0.00025205,0.00025205,0.00145283,0.04772949,36.0,36.0,80.0
2025-10-16,ibm_marrakesh,14,378.8629,167.1726,0.00026046,0.00026046,0.00203615,0.00488281,36.0,36.0,68.0
2025-10-16,ibm_marrakesh,15,383.0317,14.6867,0.00027693,0.00027693,,0.01623535,36.0,36.0,
2025-10-16,ibm_marrakesh,16,161.2389,38.3847,0.00037226,0.00037226,,0.0065918,36.0,36.0,
2025-10-16,ibm_marrakesh,17,222.0765,14.3395,0.00024836,0.00024836,,0.00585938,36.0,36.0,
2025-10-16,ibm_marrakesh,18,115.5877,133.1722,0.0003801,0.0003801,,0.00842285,36.0,36.0,
2025-10-16,ibm_marrakesh,19,154.6947,57.2198,0.00037734,0.00037734,,0.00488281,36.0,36.0,
2025-10-15,ibm_marrakesh,10,267.4526,169.5351,0.0002166,0.0002166,0.00152673,0.00463867,36.0,36.0,68.0
2025-10-15,ibm_marrakesh,11,243.4659,125.2835,0.00043346,0.00043346,0.00124943,0.01123047,36.0,36.0,68.0
2025-10-15,ibm_marrakesh,12,356.0113,175.3132,0.00011337,0.00011337,0.00178128,0.00317383,36.0,36.0,80.0
2025-10-15,ibm_marrakesh,13,231.1641,223.255,0.00015169,0.00015169,0.00108569,0.09631348,36.0,36.0,80.0
2025-10-15,ibm_marrakesh,14,267.8298,144.2763,0.00013633,0.00013633,0.0012167,0.00415039,36.0,36.0,68.0
2025-10-15,ibm_marrakesh,15,383.0317,29.7728,8.142e-05,8.142e-05,,0.01098633,36.0,36.0,
2025-10-15,ibm_marrakesh,16,159.1612,119.4955,0.00030178,0.00030178,,0.01293945,36.0,36.0,
2025-10-15,ibm_marrakesh,17,212.5381,14.0766,0.0002467,0.0002467,,0.0057373,36.0,36.0,
2025-10-15,ibm_marrakesh,18,97.5719,86.715,0.00027559,0.00027559,,0.01599121,36.0,36.0,
2025-10-15,ibm_marrakesh,19,157.0672,55.3718,0.00023352,0.00023352,,0.00500488,36.0,36.0,
2025-10-14,ibm_marrakesh,10,224.1912,176.5641,0.00022766,0.00022766,0.00192136,0.00354004,36.0,36.0,68.0
2025-10-14,ibm_marrakesh,11,306.4767,138.3384,0.00034097,0.00034097,0.00175439,0.01062012,36.0,36.0,68.0
2025-10-14,ibm_marrakesh,12,274.6474,172.0694,0.00015418,0.00015418,0.00192123,0.00390625,36.0,36.0,80.0
2025-10-14,ibm_marrakesh,13,192.7361,228.3721,0.0001952,0.0001952,0.00111359,0.08776855,36.0,36.0,80.0
2025-10-14,ibm_marrakesh,14,311.9543,153.2111,0.00019933,0.00019933,0.00121828,0.00378418,36.0,36.0,68.0
2025-10-14,ibm_marrakesh,15,370.2002,32.4279,0.00013092,0.00013092,,0.01074219,36.0,36.0,
2025-10-14,ibm_marrakesh,16,137.5437,103.2962,0.00030178,0.00030178,,0.00585938,36.0,36.0,
2025-10-14,ibm_marrakesh,17,300.4911,14.2641,0.00040901,0.00040901,,0.02319336,36.0,36.0,
2025-10-14,ibm_marrakesh,18,117.6854,103.6805,0.00039426,0.00039426,,0.01269531,36.0,36.0,
2025-10-14,ibm_marrakesh,19,165.5311,64.7793,0.00023352,0.00023352,,0.00378418,36.0,36.0,
2025-10-13,ibm_marrakesh,10,256.2643,193.2839,0.00022766,0.00022766,0.00192136,0.00292969,36.0,36.0,68.0
2025-10-13,ibm_marrakesh,11,254.8936,147.8263,0.00034097,0.00034097,0.00175439,0.00708008,36.0,36.0,68.0
2025-10-13,ibm_marrakesh,12,333.0331,178.1778,0.00015418,0.00015418,0.00192123,0.00561523,36.0,36.0,80.0
2025-10-13,ibm_marrakesh,13,240.4891,198.7342,0.0001952,0.0001952,0.00111359,0.06201172,36.0,36.0,80.0
2025-10-13,ibm_marrakesh,14,347.3492,145.3936,0.00019933,0.00019933,0.00121828,0.00537109,36.0,36.0,68.0
2025-10-13,ibm_marrakesh,15,336.1199,30.2849,0.00013092,0.00013092,,0.01916504,36.0,36.0,
2025-10-13,ibm_marrakesh,16,163.5434,110.3171,0.00030178,0.00030178,,0.00549316,36.0,36.0,
2025-10-13,ibm_marrakesh,17,221.2615,10.6086,0.00040901,0.00040901,,0.02185059,36.0,36.0,
2025-10-13,ibm_marrakesh,18,113.5064,127.7648,0.00039426,0.00039426,,0.00805664,36.0,36.0,
2025-10-13,ibm_marrakesh,19,140.8345,52.7283,0.00023352,0.00023352,,0.00354004,36.0,36.0,
2025-10-12,ibm_marrakesh,10,189.5157,148.5374,0.00027706,0.00027706,0.00220341,0.0057373,36.0,36.0,68.0
2025-10-12,ibm_marrakesh,11,127.1243,89.2795,0.00051612,0.00051612,0.00169911,0.00646973,36.0,36.0,68.0
2025-10-12,ibm_marrakesh,12,291.9924,164.4278,0.00025428,0.00025428,0.00161642,0.0032959,36.0,36.0,80.0
2025-10-12,ibm_marrakesh,13,191.1478,196.8772,0.00016594,0.00016594,0.00135814,0.1463623,36.0,36.0,80.0
2025-10-12,ibm_marrakesh,14,206.1774,115.5803,0.00019933,0.00019933,0.00145232,0.00244141,36.0,36.0,68.0
2025-10-12,ibm_marrakesh,15,329.2083,29.1394,0.00016,0.00016,,0.00646973,36.0,36.0,
2025-10-12,ibm_marrakesh,16,159.4373,121.4651,0.00093456,0.00093456,,0.00744629,36.0,36.0,
2025-10-12,ibm_marrakesh,17,158.0116,14.9775,0.0003575,0.0003575,,0.00561523,36.0,36.0,
2025-10-12,ibm_marrakesh,18,94.3074,103.5445,0.00033698,0.00033698,,0.01062012,36.0,36.0,
2025-10-12,ibm_marrakesh,19,133.4203,48.6947,0.00021808,0.00021808,,0.00280762,36.0,36.0,
2025-10-11,ibm_marrakesh,10,297.0526,197.7638,0.00012947,0.00012947,0.00155603,0.00439453,36.0,36.0,68.0
2025-10-11,ibm_marrakesh,11,176.3493,116.6801,0.0003338,0.0003338,0.00119691,0.01550293,36.0,36.0,68.0
2025-10-11,ibm_marrakesh,12,306.5061,177.4798,0.00020507,0.00020507,0.00157887,0.00976562,36.0,36.0,80.0
2025-10-11,ibm_marrakesh,13,221.677,294.7696,0.00030485,0.00030485,0.00165791,0.07751465,36.0,36.0,80.0
2025-10-11,ibm_marrakesh,14,327.6761,148.4936,8.363e-05,8.363e-05,0.00099877,0.00317383,36.0,36.0,68.0
2025-10-11,ibm_marrakesh,15,327.6263,28.7071,0.00015192,0.00015192,,0.01501465,36.0,36.0,
2025-10-11,ibm_marrakesh,16,148.0444,127.8721,0.00093456,0.00093456,,0.00927734,36.0,36.0,
2025-10-11,ibm_marrakesh,17,234.2279,10.2238,0.00017584,0.00017584,,0.00634766,36.0,36.0,
2025-10-11,ibm_marrakesh,18,101.7188,123.8831,0.00028932,0.00028932,,0.01074219,36.0,36.0,
2025-10-11,ibm_marrakesh,19,139.7892,53.9734,0.0001774,0.0001774,,0.00463867,36.0,36.0,
2025-10-10,ibm_marrakesh,10,293.7221,69.1361,0.00024495,0.00024495,0.00144029,0.01135254,36.0,36.0,68.0
2025-10-10,ibm_marrakesh,11,256.6256,51.491,0.00060288,0.00060288,0.00233305,0.0078125,36.0,36.0,68.0
2025-10-10,ibm_marrakesh,12,348.2173,167.9356,0.00035999,0.00035999,0.00241223,0.00292969,36.0,36.0,80.0
2025-10-10,ibm_marrakesh,13,217.0308,255.2359,0.00016548,0.00016548,0.00165791,0.09936523,36.0,36.0,80.0
2025-10-10,ibm_marrakesh,14,343.3336,137.5491,0.0001247,0.0001247,0.00106607,0.0032959,36.0,36.0,68.0
2025-10-10,ibm_marrakesh,15,315.6746,26.4623,0.00015192,0.00015192,,0.02160645,36.0,36.0,
2025-10-10,ibm_marrakesh,16,154.7792,125.0455,0.00027299,0.00027299,,0.0078125,36.0,36.0,
2025-10-10,ibm_marrakesh,17,180.2905,9.6858,0.00024862,0.00024862,,0.00585938,36.0,36.0,
2025-10-10,ibm_marrakesh,18,107.9095,55.4109,0.00041197,0.00041197,,0.0246582,36.0,36.0,
2025-10-10,ibm_marrakesh,19,164.4706,63.1088,0.00020842,0.00020842,,0.00500488,36.0,36.0,
2025-10-09,ibm_marrakesh,10,293.7221,69.1361,0.00016424,0.00016424,0.00265379,0.00366211,36.0,36.0,68.0
2025-10-09,ibm_marrakesh,11,256.6256,51.491,0.0003876,0.0003876,0.00151121,0.01257324,36.0,36.0,68.0
2025-10-09,ibm_marrakesh,12,348.2173,167.9356,8.166e-05,8.166e-05,0.00125907,0.00915527,36.0,36.0,80.0
2025-10-09,ibm_marrakesh,13,217.0308,255.2359,0.00037277,0.00037277,0.00165791,0.11804199,36.0,36.0,80.0
2025-10-09,ibm_marrakesh,14,343.3336,137.5491,0.00015015,0.00015015,0.00114611,0.00402832,36.0,36.0,68.0
2025-10-09,ibm_marrakesh,15,315.6746,26.4623,0.00018356,0.00018356,,0.01269531,36.0,36.0,
2025-10-09,ibm_marrakesh,16,154.7792,125.0455,0.00063347,0.00063347,,0.01049805,36.0,36.0,
2025-10-09,ibm_marrakesh,17,180.2905,9.6858,0.00045763,0.00045763,,0.00756836,36.0,36.0,
2025-10-09,ibm_marrakesh,18,107.9095,55.4109,0.00057944,0.00057944,,0.03027344,36.0,36.0,
2025-10-09,ibm_marrakesh,19,164.4706,63.1088,0.00017125,0.00017125,,0.00280762,36.0,36.0,
2025-10-08,ibm_marrakesh,10,251.7386,87.0491,0.00016424,0.00016424,0.00265379,0.00366211,36.0,36.0,68.0
2025-10-08,ibm_marrakesh,11,328.4309,70.5867,0.0003876,0.0003876,0.00151121,0.01098633,36.0,36.0,68.0
2025-10-08,ibm_marrakesh,12,300.5528,163.1123,8.166e-05,8.166e-05,0.00125907,0.00463867,36.0,36.0,80.0
2025-10-08,ibm_marrakesh,13,220.5592,179.0216,0.00037277,0.00037277,0.00165791,0.03662109,36.0,36.0,80.0
2025-10-08,ibm_marrakesh,14,314.8375,141.2469,0.00015015,0.00015015,0.00114611,0.00512695,36.0,36.0,68.0
2025-10-08,ibm_marrakesh,15,161.4184,24.4488,0.00018356,0.00018356,,0.04199219,36.0,36.0,
2025-10-08,ibm_marrakesh,16,123.2975,63.4174,0.00063347,0.00063347,,0.0090332,36.0,36.0,
2025-10-08,ibm_marrakesh,17,284.1329,14.1211,0.00045763,0.00045763,,0.00878906,36.0,36.0,
2025-10-08,ibm_marrakesh,18,91.9682,56.6726,0.00057944,0.00057944,,0.0078125,36.0,36.0,
2025-10-08,ibm_marrakesh,19,160.2385,52.7421,0.00017125,0.00017125,,0.00268555,36.0,36.0,
2025-10-07,ibm_marrakesh,10,261.6721,182.5403,0.00028634,0.00028634,0.00217414,0.00354004,36.0,36.0,68.0
2025-10-07,ibm_marrakesh,11,180.3871,94.4187,0.00020641,0.00020641,0.00092302,0.03344727,36.0,36.0,68.0
2025-10-07,ibm_marrakesh,12,261.5592,175.5062,0.00011266,0.00011266,0.00229725,0.00317383,36.0,36.0,80.0
2025-10-07,ibm_marrakesh,13,207.3284,219.5431,0.00032186,0.00032186,0.00165791,0.05212402,36.0,36.0,80.0
2025-10-07,ibm_marrakesh,14,247.3307,138.7863,0.0001907,0.0001907,0.00221384,0.00390625,36.0,36.0,68.0
2025-10-07,ibm_marrakesh,15,336.5111,28.2648,0.0001344,0.0001344,,0.01477051,36.0,36.0,
2025-10-07,ibm_marrakesh,16,139.4604,17.1002,0.00027844,0.00027844,,0.00732422,36.0,36.0,
2025-10-07,ibm_marrakesh,17,217.5748,11.9851,0.00032223,0.00032223,,0.00476074,36.0,36.0,
2025-10-07,ibm_marrakesh,18,63.7062,47.289,0.00022259,0.00022259,,0.01330566,36.0,36.0,
2025-10-07,ibm_marrakesh,19,131.3899,66.0453,0.00020224,0.00020224,,0.00390625,36.0,36.0,
2025-10-06,ibm_marrakesh,10,343.8418,229.7556,0.00014182,0.00014182,0.0017328,0.00341797,36.0,36.0,68.0
2025-10-06,ibm_marrakesh,11,237.0093,186.6741,0.00024526,0.00024526,0.001383,0.01098633,36.0,36.0,68.0
2025-10-06,ibm_marrakesh,12,274.0633,182.4969,0.00015529,0.00015529,0.00311717,0.00646973,36.0,36.0,80.0
2025-10-06,ibm_marrakesh,13,203.1543,167.1693,0.00040549,0.00040549,0.00128411,0.04663086,36.0,36.0,80.0
2025-10-06,ibm_marrakesh,14,252.4192,124.6934,0.00017887,0.00017887,0.00236603,0.09448242,36.0,36.0,68.0
2025-10-06,ibm_marrakesh,15,369.5306,28.963,0.0001145,0.0001145,,0.01538086,36.0,36.0,
2025-10-06,ibm_marrakesh,16,139.4604,113.9754,0.00037289,0.00037289,,0.00830078,36.0,36.0,
2025-10-06,ibm_marrakesh,17,242.1552,14.4785,0.00039546,0.00039546,,0.00549316,36.0,36.0,
2025-10-06,ibm_marrakesh,18,98.6618,83.3262,0.00033313,0.00033313,,0.01879883,36.0,36.0,
2025-10-06,ibm_marrakesh,19,153.4455,66.6424,0.00020218,0.00020218,,0.00524902,36.0,36.0,
2025-10-05,ibm_marrakesh,10,283.8146,79.1821,0.00018945,0.00018945,0.00207741,0.00439453,36.0,36.0,68.0
2025-10-05,ibm_marrakesh,11,282.4972,58.0577,0.00023479,0.00023479,0.00129604,0.00744629,36.0,36.0,68.0
2025-10-05,ibm_marrakesh,12,297.3312,189.7464,0.00018417,0.00018417,0.00300301,0.00378418,36.0,36.0,80.0
2025-10-05,ibm_marrakesh,13,241.8164,246.5635,0.00021405,0.00021405,0.00128411,0.03649902,36.0,36.0,80.0
2025-10-05,ibm_marrakesh,14,294.3517,143.3634,0.00016846,0.00016846,0.00196618,0.00610352,36.0,36.0,68.0
2025-10-05,ibm_marrakesh,15,341.341,30.2578,0.00019822,0.00019822,,0.01745605,36.0,36.0,
2025-10-05,ibm_marrakesh,16,130.4539,123.0446,0.00024761,0.00024761,,0.00854492,36.0,36.0,
2025-10-05,ibm_marrakesh,17,262.3946,11.3197,0.00024028,0.00024028,,0.00622559,36.0,36.0,
2025-10-05,ibm_marrakesh,18,82.8997,46.7371,0.00042628,0.00042628,,0.00756836,36.0,36.0,
2025-10-05,ibm_marrakesh,19,124.2905,53.5942,0.0002001,0.0002001,,0.00341797,36.0,36.0,
2025-10-04,ibm_marrakesh,10,279.542,44.1998,0.00028144,0.00028144,0.0021791,0.00402832,36.0,36.0,68.0
2025-10-04,ibm_marrakesh,11,198.9046,93.7853,0.00037717,0.00037717,0.00149104,0.03405762,36.0,36.0,68.0
2025-10-04,ibm_marrakesh,12,305.6045,173.778,0.00017553,0.00017553,0.00305338,0.00366211,36.0,36.0,80.0
2025-10-04,ibm_marrakesh,13,200.249,203.0494,0.00013991,0.00013991,0.0018513,0.07336426,36.0,36.0,80.0
2025-10-04,ibm_marrakesh,14,320.8239,134.8888,0.00014083,0.00014083,0.00382737,0.00195312,36.0,36.0,68.0
2025-10-04,ibm_marrakesh,15,255.9726,30.6807,0.00026271,0.00026271,,0.01367188,36.0,36.0,
2025-10-04,ibm_marrakesh,16,164.4286,126.6947,0.0004457,0.0004457,,0.02929688,36.0,36.0,
2025-10-04,ibm_marrakesh,17,101.2881,15.917,0.00041449,0.00041449,,0.0065918,36.0,36.0,
2025-10-04,ibm_marrakesh,18,84.8201,31.5612,0.00039515,0.00039515,,0.00805664,36.0,36.0,
2025-10-04,ibm_marrakesh,19,163.5759,57.3671,0.00037518,0.00037518,,0.0057373,36.0,36.0,
2025-10-03,ibm_marrakesh,10,305.4609,153.9959,0.00012884,0.00012884,0.00162014,0.00390625,36.0,36.0,68.0
2025-10-03,ibm_marrakesh,11,347.6245,110.7197,0.00042416,0.00042416,0.00119018,0.00927734,36.0,36.0,68.0
2025-10-03,ibm_marrakesh,12,202.7933,149.8805,0.00015828,0.00015828,0.00263755,0.0032959,36.0,36.0,80.0
2025-10-03,ibm_marrakesh,13,237.9667,249.9772,0.00027129,0.00027129,0.00149102,0.07373047,36.0,36.0,80.0
2025-10-03,ibm_marrakesh,14,398.866,142.3024,0.00014083,0.00014083,0.00384924,0.00366211,36.0,36.0,68.0
2025-10-03,ibm_marrakesh,15,396.2289,47.9291,0.00020441,0.00020441,,0.0177002,36.0,36.0,
2025-10-03,ibm_marrakesh,16,150.6106,28.4012,0.00044578,0.00044578,,0.00561523,36.0,36.0,
2025-10-03,ibm_marrakesh,17,145.4346,8.8909,0.00024599,0.00024599,,0.00744629,36.0,36.0,
2025-10-03,ibm_marrakesh,18,116.5368,103.2934,0.00044887,0.00044887,,0.0123291,36.0,36.0,
2025-10-03,ibm_marrakesh,19,146.9212,59.2209,0.00015242,0.00015242,,0.00378418,36.0,36.0,
2025-10-02,ibm_marrakesh,10,281.3335,94.0105,0.00030608,0.00030608,0.00199493,0.00341797,36.0,36.0,68.0
2025-10-02,ibm_marrakesh,11,362.8306,80.0567,0.00057985,0.00057985,0.00163749,0.01745605,36.0,36.0,68.0
2025-10-02,ibm_marrakesh,12,260.9132,174.5265,0.00016902,0.00016902,0.0028314,0.00390625,36.0,36.0,80.0
2025-10-02,ibm_marrakesh,13,249.3026,267.9789,0.00016595,0.00016595,0.00149102,0.0814209,36.0,36.0,80.0
2025-10-02,ibm_marrakesh,14,303.2001,129.4582,0.00014919,0.00014919,0.00270961,0.00415039,36.0,36.0,68.0
2025-10-02,ibm_marrakesh,15,318.8351,32.7845,0.00014232,0.00014232,,0.01855469,36.0,36.0,
2025-10-02,ibm_marrakesh,16,118.3883,15.041,0.00032768,0.00032768,,0.01525879,36.0,36.0,
2025-10-02,ibm_marrakesh,17,180.7213,9.1232,0.00032983,0.00032983,,0.00842285,36.0,36.0,
2025-10-02,ibm_marrakesh,18,111.4106,58.609,0.00034611,0.00034611,,0.01245117,36.0,36.0,
2025-10-02,ibm_marrakesh,19,159.403,54.0635,0.00025992,0.00025992,,0.00500488,36.0,36.0,
2025-10-01,ibm_marrakesh,10,322.5961,117.8465,0.00019097,0.00019097,0.00205068,0.00720215,36.0,36.0,68.0
2025-10-01,ibm_marrakesh,11,287.4942,80.0547,0.00024165,0.00024165,0.00125263,0.00708008,36.0,36.0,68.0
2025-10-01,ibm_marrakesh,12,211.9395,150.6684,0.00018935,0.00018935,0.00236098,0.00341797,36.0,36.0,80.0
2025-10-01,ibm_marrakesh,13,212.2418,246.44,0.00020767,0.00020767,0.00106816,0.04162598,36.0,36.0,80.0
2025-10-01,ibm_marrakesh,14,306.7726,131.527,0.00010279,0.00010279,0.00170635,0.00317383,36.0,36.0,68.0
2025-10-01,ibm_marrakesh,15,290.136,27.0768,0.00020419,0.00020419,,0.02331543,36.0,36.0,
2025-10-01,ibm_marrakesh,16,153.2888,127.1709,0.00059583,0.00059583,,0.00561523,36.0,36.0,
2025-10-01,ibm_marrakesh,17,282.9925,12.2918,0.00021625,0.00021625,,0.01086426,36.0,36.0,
2025-10-01,ibm_marrakesh,18,114.7086,68.6474,0.00026564,0.00026564,,0.01086426,36.0,36.0,
2025-10-01,ibm_marrakesh,19,163.097,43.7564,0.00018179,0.00018179,,0.00439453,36.0,36.0,
2025-09-30,ibm_marrakesh,10,294.2797,228.2996,0.00019212,0.00019212,0.00146384,0.00378418,36.0,36.0,68.0
2025-09-30,ibm_marrakesh,11,312.0945,148.638,0.0007756,0.0007756,0.00121818,0.01171875,36.0,36.0,68.0
2025-09-30,ibm_marrakesh,12,294.8616,187.9932,0.0002436,0.0002436,0.00289372,0.00427246,36.0,36.0,80.0
2025-09-30,ibm_marrakesh,13,240.4477,280.5524,0.00021508,0.00021508,0.0017248,0.08459473,36.0,36.0,80.0
2025-09-30,ibm_marrakesh,14,338.9296,141.1112,0.00020891,0.00020891,0.00270094,0.0177002,36.0,36.0,68.0
2025-09-30,ibm_marrakesh,15,233.0447,27.6742,0.0001444,0.0001444,,0.02038574,36.0,36.0,
2025-09-30,ibm_marrakesh,16,151.5524,135.5495,0.00039157,0.00039157,,0.01025391,36.0,36.0,
2025-09-30,ibm_marrakesh,17,200.3745,9.4245,0.00020112,0.00020112,,0.00842285,36.0,36.0,
2025-09-30,ibm_marrakesh,18,68.8977,67.585,0.00039403,0.00039403,,0.0123291,36.0,36.0,
2025-09-30,ibm_marrakesh,19,144.5143,61.3771,0.00018179,0.00018179,,0.00268555,36.0,36.0,
2025-09-29,ibm_marrakesh,10,294.2797,228.2996,0.0001914,0.0001914,0.00222031,0.00463867,36.0,36.0,68.0
2025-09-29,ibm_marrakesh,11,312.0945,148.638,0.00042446,0.00042446,0.00171052,0.00891113,36.0,36.0,68.0
2025-09-29,ibm_marrakesh,12,294.8616,187.9932,0.00028853,0.00028853,0.00285634,0.00427246,36.0,36.0,80.0
2025-09-29,ibm_marrakesh,13,240.4477,280.5524,0.00020085,0.00020085,0.00145184,0.08605957,36.0,36.0,80.0
2025-09-29,ibm_marrakesh,14,338.9296,141.1112,0.00020442,0.00020442,0.00331717,0.00292969,36.0,36.0,68.0
2025-09-29,ibm_marrakesh,15,233.0447,27.6742,0.0001444,0.0001444,,0.02807617,36.0,36.0,
2025-09-29,ibm_marrakesh,16,151.5524,135.5495,0.00024165,0.00024165,,0.00634766,36.0,36.0,
2025-09-29,ibm_marrakesh,17,200.3745,9.4245,0.00031863,0.00031863,,0.00939941,36.0,36.0,
2025-09-29,ibm_marrakesh,18,68.8977,67.585,0.00029412,0.00029412,,0.0098877,36.0,36.0,
2025-09-29,ibm_marrakesh,19,144.5143,61.3771,0.00025483,0.00025483,,0.0032959,36.0,36.0,
2025-09-28,ibm_marrakesh,10,267.4537,145.7792,0.0002089,0.0002089,0.00185976,0.00537109,36.0,36.0,68.0
2025-09-28,ibm_marrakesh,11,306.1522,113.9763,0.0003223,0.0003223,0.00117229,0.00891113,36.0,36.0,68.0
2025-09-28,ibm_marrakesh,12,327.3115,205.6128,0.00024973,0.00024973,0.00250595,0.0045166,36.0,36.0,80.0
2025-09-28,ibm_marrakesh,13,229.8761,225.0403,0.0002151,0.0002151,0.00137765,0.07263184,36.0,36.0,80.0
2025-09-28,ibm_marrakesh,14,339.0795,132.272,0.00017681,0.00017681,0.00267783,0.00231934,36.0,36.0,68.0
2025-09-28,ibm_marrakesh,15,318.5309,27.8886,0.00016099,0.00016099,,0.01696777,36.0,36.0,
2025-09-28,ibm_marrakesh,16,170.7248,153.7138,0.00024165,0.00024165,,0.00891113,36.0,36.0,
2025-09-28,ibm_marrakesh,17,251.9817,14.7564,0.0004935,0.0004935,,0.00830078,36.0,36.0,
2025-09-28,ibm_marrakesh,18,105.5487,76.1501,0.00045612,0.00045612,,0.01013184,36.0,36.0,
2025-09-28,ibm_marrakesh,19,151.437,49.8539,0.00013784,0.00013784,,0.00488281,36.0,36.0,
2025-09-27,ibm_marrakesh,10,129.9619,108.7779,0.00016978,0.00016978,0.00154543,0.00476074,36.0,36.0,68.0
2025-09-27,ibm_marrakesh,11,196.0987,64.1939,0.00040234,0.00040234,0.00114872,0.00952148,36.0,36.0,68.0
2025-09-27,ibm_marrakesh,12,184.7392,126.8924,0.00012487,0.00012487,0.00233944,0.00354004,36.0,36.0,80.0
2025-09-27,ibm_marrakesh,13,181.6882,236.3039,0.00019426,0.00019426,0.00137284,0.10546875,36.0,36.0,80.0
2025-09-27,ibm_marrakesh,14,315.7895,146.0838,0.00018711,0.00018711,0.00292002,0.00378418,36.0,36.0,68.0
2025-09-27,ibm_marrakesh,15,323.7859,30.5767,0.00025674,0.00025674,,0.01403809,36.0,36.0,
2025-09-27,ibm_marrakesh,16,166.288,52.7722,0.00057956,0.00057956,,0.00610352,36.0,36.0,
2025-09-27,ibm_marrakesh,17,260.0912,12.989,0.00026315,0.00026315,,0.0078125,36.0,36.0,
2025-09-27,ibm_marrakesh,18,94.1009,63.2346,0.00023426,0.00023426,,0.00817871,36.0,36.0,
2025-09-27,ibm_marrakesh,19,136.2268,53.0924,0.00020693,0.00020693,,0.00463867,36.0,36.0,
2025-09-26,ibm_marrakesh,10,300.6734,189.966,0.00014987,0.00014987,0.00174288,0.00488281,36.0,36.0,68.0
2025-09-26,ibm_marrakesh,11,196.0987,116.4505,0.00032102,0.00032102,0.00116446,0.00634766,36.0,36.0,68.0
2025-09-26,ibm_marrakesh,12,309.7667,209.3349,0.0001636,0.0001636,0.00170328,0.0057373,36.0,36.0,80.0
2025-09-26,ibm_marrakesh,13,115.8779,31.8119,0.00581841,0.00581841,0.00143999,0.06591797,36.0,36.0,80.0
2025-09-26,ibm_marrakesh,14,215.9839,112.5668,0.00016233,0.00016233,0.0023271,0.00378418,36.0,36.0,68.0
2025-09-26,ibm_marrakesh,15,264.822,29.2339,0.00025674,0.00025674,,0.02856445,36.0,36.0,
2025-09-26,ibm_marrakesh,16,166.288,110.797,0.00057956,0.00057956,,0.00769043,36.0,36.0,
2025-09-26,ibm_marrakesh,17,108.8544,12.9401,0.00033984,0.00033984,,0.00561523,36.0,36.0,
2025-09-26,ibm_marrakesh,18,89.6476,96.8562,0.0003835,0.0003835,,0.03112793,36.0,36.0,
2025-09-26,ibm_marrakesh,19,164.5435,70.2599,0.00020693,0.00020693,,0.00402832,36.0,36.0,
2025-09-25,ibm_marrakesh,10,249.2577,43.4428,0.00018587,0.00018587,0.00207853,0.00268555,36.0,36.0,68.0
2025-09-25,ibm_marrakesh,11,256.2027,135.1682,0.00036049,0.00036049,0.0019027,0.01586914,36.0,36.0,68.0
2025-09-25,ibm_marrakesh,12,259.8743,174.9309,0.00012461,0.00012461,0.00157298,0.00317383,36.0,36.0,80.0
2025-09-25,ibm_marrakesh,13,206.1026,208.9518,0.00010107,0.00010107,0.00220105,0.10351562,36.0,36.0,80.0
2025-09-25,ibm_marrakesh,14,318.3081,151.8932,0.0001025,0.0001025,0.00259132,0.00341797,36.0,36.0,68.0
2025-09-25,ibm_marrakesh,15,329.4491,26.971,0.00015373,0.00015373,,0.01477051,36.0,36.0,
2025-09-25,ibm_marrakesh,16,154.9516,67.2499,0.00048279,0.00048279,,0.00610352,36.0,36.0,
2025-09-25,ibm_marrakesh,17,269.3971,13.3396,0.00055086,0.00055086,,0.01574707,36.0,36.0,
2025-09-25,ibm_marrakesh,18,120.7096,131.7569,0.00018063,0.00018063,,0.0078125,36.0,36.0,
2025-09-25,ibm_marrakesh,19,157.9268,56.5078,0.00040438,0.00040438,,0.0032959,36.0,36.0,
2025-09-24,ibm_marrakesh,10,247.0541,227.1267,0.00017663,0.00017663,0.0014358,0.00341797,36.0,36.0,68.0
2025-09-24,ibm_marrakesh,11,204.1188,131.7295,0.00036488,0.00036488,0.00151304,0.00854492,36.0,36.0,68.0
2025-09-24,ibm_marrakesh,12,269.5476,203.5095,0.00024529,0.00024529,0.00188617,0.00402832,36.0,36.0,80.0
2025-09-24,ibm_marrakesh,13,136.8367,139.5648,0.00027725,0.00027725,0.00120289,0.08984375,36.0,36.0,80.0
2025-09-24,ibm_marrakesh,14,321.7452,144.6818,7.732e-05,7.732e-05,0.00258998,0.00317383,36.0,36.0,68.0
2025-09-24,ibm_marrakesh,15,325.493,29.9858,9.414e-05,9.414e-05,,0.01672363,36.0,36.0,
2025-09-24,ibm_marrakesh,16,146.5808,67.2499,0.00032912,0.00032912,,0.00708008,36.0,36.0,
2025-09-24,ibm_marrakesh,17,75.4021,10.8198,0.00029388,0.00029388,,0.00683594,36.0,36.0,
2025-09-24,ibm_marrakesh,18,110.9227,102.5398,0.00025412,0.00025412,,0.01257324,36.0,36.0,
2025-09-24,ibm_marrakesh,19,86.509,39.1477,0.00017634,0.00017634,,0.00512695,36.0,36.0,
2025-09-23,ibm_marrakesh,10,333.9587,225.6463,0.00017927,0.00017927,0.00158101,0.00292969,36.0,36.0,68.0
2025-09-23,ibm_marrakesh,11,323.6305,133.0361,0.0005323,0.0005323,0.00127404,0.00585938,36.0,36.0,68.0
2025-09-23,ibm_marrakesh,12,224.0245,167.8597,0.0001937,0.0001937,0.00154629,0.00268555,36.0,36.0,80.0
2025-09-23,ibm_marrakesh,13,209.5599,178.3104,0.00015344,0.00015344,0.00143554,0.12963867,36.0,36.0,80.0
2025-09-23,ibm_marrakesh,14,334.6269,137.5673,0.00013926,0.00013926,0.00179494,0.00366211,36.0,36.0,68.0
2025-09-23,ibm_marrakesh,15,292.8384,34.468,0.00019805,0.00019805,,0.01489258,36.0,36.0,
2025-09-23,ibm_marrakesh,16,146.5808,131.2858,0.00058209,0.00058209,,0.00878906,36.0,36.0,
2025-09-23,ibm_marrakesh,17,215.6391,12.5593,0.00032715,0.00032715,,0.00415039,36.0,36.0,
2025-09-23,ibm_marrakesh,18,93.9201,110.5568,0.00035505,0.00035505,,0.00854492,36.0,36.0,
2025-09-23,ibm_marrakesh,19,154.3092,59.3649,0.0002332,0.0002332,,0.00219727,36.0,36.0,
2025-09-22,ibm_marrakesh,10,277.7698,176.9858,0.00017927,0.00017927,0.00158101,0.0032959,36.0,36.0,68.0
2025-09-22,ibm_marrakesh,11,336.257,118.4401,0.0005323,0.0005323,0.00127404,0.00927734,36.0,36.0,68.0
2025-09-22,ibm_marrakesh,12,277.6716,167.7674,0.0001937,0.0001937,0.00154629,0.00317383,36.0,36.0,80.0
2025-09-22,ibm_marrakesh,13,167.0554,165.8184,0.00015344,0.00015344,0.00143554,0.08227539,36.0,36.0,80.0
2025-09-22,ibm_marrakesh,14,227.8902,122.0797,0.00013926,0.00013926,0.00179494,0.00219727,36.0,36.0,68.0
2025-09-22,ibm_marrakesh,15,346.1538,30.2115,0.00019805,0.00019805,,0.05114746,36.0,36.0,
2025-09-22,ibm_marrakesh,16,64.5483,25.3601,0.00058209,0.00058209,,0.00793457,36.0,36.0,
2025-09-22,ibm_marrakesh,17,227.0735,16.0084,0.00032715,0.00032715,,0.00793457,36.0,36.0,
2025-09-22,ibm_marrakesh,18,89.3375,73.5761,0.00035505,0.00035505,,0.00842285,36.0,36.0,
2025-09-22,ibm_marrakesh,19,172.6165,55.1625,0.0002332,0.0002332,,0.00744629,36.0,36.0,
