timestamp,backend,qubit_id,T1_us,T2_us,sx_error,x_error,cz_error,readout_error,t_sx_ns,t_x_ns,t_cz_ns
2025-09-19,ibm_marrakesh,0,286.0528,69.7254,0.00052547,0.00052547,0.00123817,0.00927734,36.0,36.0,68.0
2025-09-19,ibm_marrakesh,1,141.8667,134.2502,0.00021265,0.00021265,0.00121875,0.00646973,36.0,36.0,68.0
2025-09-19,ibm_marrakesh,2,309.0617,422.6268,0.00011968,0.00011968,0.00158638,0.0032959,36.0,36.0,68.0
2025-09-19,ibm_marrakesh,3,341.2433,342.2043,0.00022745,0.00022745,0.00184077,0.00463867,36.0,36.0,80.0
2025-09-19,ibm_marrakesh,4,178.5549,115.2723,0.000246,0.000246,0.00168133,0.01733398,36.0,36.0,68.0
2025-09-19,ibm_marrakesh,5,246.8669,134.2199,0.00019351,0.00019351,0.00111869,0.00378418,36.0,36.0,68.0
2025-09-19,ibm_marrakesh,6,296.2779,95.1251,0.00017487,0.00017487,0.00162685,0.00341797,36.0,36.0,68.0
2025-09-19,ibm_marrakesh,7,294.5829,91.0611,0.00019159,0.00019159,0.00208184,0.01733398,36.0,36.0,80.0
2025-09-19,ibm_marrakesh,8,314.6645,113.0996,0.00017489,0.00017489,0.0021827,0.00634766,36.0,36.0,68.0
2025-09-19,ibm_marrakesh,9,151.9386,135.8041,0.00020806,0.00020806,,0.01843262,36.0,36.0,
2025-09-18,ibm_marrakesh,0,322.7333,59.9712,0.00052547,0.00052547,0.00144674,0.01257324,36.0,36.0,68.0
2025-09-18,ibm_marrakesh,1,149.2033,134.7464,0.00021265,0.00021265,0.00121875,0.00500488,36.0,36.0,68.0
2025-09-18,ibm_marrakesh,2,359.3894,593.866,0.00011968,0.00011968,0.00129036,0.00720215,36.0,36.0,68.0
2025-09-18,ibm_marrakesh,3,136.7895,139.7011,0.00022745,0.00022745,0.00198929,0.00512695,36.0,36.0,80.0
2025-09-18,ibm_marrakesh,4,176.3561,207.7195,0.000246,0.000246,0.00178196,0.01574707,36.0,36.0,68.0
2025-09-18,ibm_marrakesh,5,238.0749,263.9537,0.00019351,0.00019351,0.00123157,0.00305176,36.0,36.0,68.0
2025-09-18,ibm_marrakesh,6,287.917,293.9559,0.00017487,0.00017487,0.00164178,0.00476074,36.0,36.0,68.0
2025-09-18,ibm_marrakesh,7,331.8231,135.1039,0.00019159,0.00019159,0.0021691,0.01733398,36.0,36.0,80.0
2025-09-18,ibm_marrakesh,8,258.7979,158.6386,0.00017489,0.00017489,0.00300622,0.00390625,36.0,36.0,68.0
2025-09-18,ibm_marrakesh,9,222.2604,281.1996,0.00020806,0.00020806,,0.03625488,36.0,36.0,
2025-09-17,ibm_marrakesh,0,190.084,91.869,0.00027024,0.00027024,0.00186243,0.00244141,36.0,36.0,68.0
2025-09-17,ibm_marrakesh,1,128.566,131.7387,0.00014706,0.00014706,0.00101304,0.00708008,36.0,36.0,68.0
2025-09-17,ibm_marrakesh,2,145.13,195.2449,9.261e-05,9.261e-05,0.00139977,0.00317383,36.0,36.0,68.0
2025-09-17,ibm_marrakesh,3,302.4486,267.4071,0.00025508,0.00025508,0.00232476,0.00317383,36.0,36.0,80.0
2025-09-17,ibm_marrakesh,4,234.3561,163.4686,0.00024741,0.00024741,0.001902,0.00927734,36.0,36.0,68.0
2025-09-17,ibm_marrakesh,5,247.1077,136.8016,0.0001022,0.0001022,0.00135912,0.00708008,36.0,36.0,68.0
2025-09-17,ibm_marrakesh,6,338.7087,217.0339,0.00015676,0.00015676,0.00125226,0.00170898,36.0,36.0,68.0
2025-09-17,ibm_marrakesh,7,313.9192,109.2842,0.00034309,0.00034309,0.00213274,0.00805664,36.0,36.0,80.0
2025-09-17,ibm_marrakesh,8,177.9451,100.2242,0.00026125,0.00026125,0.00253223,0.00341797,36.0,36.0,68.0
2025-09-17,ibm_marrakesh,9,166.4076,179.45,0.00015554,0.00015554,,0.03222656,36.0,36.0,
2025-09-16,ibm_marrakesh,0,402.2811,57.0752,0.00037988,0.00037988,0.02410057,0.00598145,36.0,36.0,68.0
2025-09-16,ibm_marrakesh,1,95.085,94.4972,0.00021326,0.00021326,0.00101304,0.00415039,36.0,36.0,68.0
2025-09-16,ibm_marrakesh,2,307.3842,474.8296,0.00041418,0.00041418,0.00127298,0.00695801,36.0,36.0,68.0
2025-09-16,ibm_marrakesh,3,257.0289,253.1562,0.0006001,0.0006001,0.00157266,0.00720215,36.0,36.0,80.0
2025-09-16,ibm_marrakesh,4,176.9242,78.3483,0.00036977,0.00036977,0.0015935,0.01416016,36.0,36.0,68.0
2025-09-16,ibm_marrakesh,5,341.7231,114.7274,0.00011986,0.00011986,0.00095458,0.00402832,36.0,36.0,68.0
2025-09-16,ibm_marrakesh,6,305.7732,166.7379,0.0005025,0.0005025,0.00086999,0.01098633,36.0,36.0,68.0
2025-09-16,ibm_marrakesh,7,283.7504,67.8948,0.0002183,0.0002183,0.00285491,0.01391602,36.0,36.0,80.0
2025-09-16,ibm_marrakesh,8,281.6838,85.0953,0.00043567,0.00043567,0.00293163,0.00463867,36.0,36.0,68.0
2025-09-16,ibm_marrakesh,9,110.8915,85.9715,0.00019633,0.00019633,,0.015625,36.0,36.0,
2025-09-15,ibm_marrakesh,0,402.2811,57.0752,0.00020614,0.00020614,0.00160889,0.0123291,36.0,36.0,68.0
2025-09-15,ibm_marrakesh,1,95.085,94.4972,0.00021326,0.00021326,0.00115695,0.00476074,36.0,36.0,68.0
2025-09-15,ibm_marrakesh,2,307.3842,474.8296,0.00010569,0.00010569,0.00507341,0.00537109,36.0,36.0,68.0
2025-09-15,ibm_marrakesh,3,257.0289,253.1562,0.00210574,0.00210574,0.00629679,0.00952148,36.0,36.0,80.0
2025-09-15,ibm_marrakesh,4,176.9242,78.3483,0.00050332,0.00050332,0.00174276,0.02502441,36.0,36.0,68.0
2025-09-15,ibm_marrakesh,5,341.7231,114.7274,0.00017077,0.00017077,0.00109457,0.0057373,36.0,36.0,68.0
2025-09-15,ibm_marrakesh,6,305.7732,166.7379,0.00022122,0.00022122,0.00125047,0.0045166,36.0,36.0,68.0
2025-09-15,ibm_marrakesh,7,283.7504,67.8948,0.0002529,0.0002529,0.0026197,0.01098633,36.0,36.0,80.0
2025-09-15,ibm_marrakesh,8,281.6838,85.0953,0.00026515,0.00026515,0.00189205,0.00292969,36.0,36.0,68.0
2025-09-15,ibm_marrakesh,9,110.8915,85.9715,0.00011896,0.00011896,,0.02075195,36.0,36.0,
2025-09-14,ibm_marrakesh,0,253.1066,63.8509,0.00020614,0.00020614,0.00160889,0.01220703,36.0,36.0,68.0
2025-09-14,ibm_marrakesh,1,195.498,203.0535,0.00021326,0.00021326,0.00115695,0.00585938,36.0,36.0,68.0
2025-09-14,ibm_marrakesh,2,351.1459,464.0188,0.00010569,0.00010569,0.00507341,0.00280762,36.0,36.0,68.0
2025-09-14,ibm_marrakesh,3,343.1002,351.826,0.00210574,0.00210574,0.00629679,0.00512695,36.0,36.0,80.0
2025-09-14,ibm_marrakesh,4,236.5289,260.7199,0.00050332,0.00050332,0.00174276,0.02172852,36.0,36.0,68.0
2025-09-14,ibm_marrakesh,5,315.2798,276.8102,0.00017077,0.00017077,0.00109457,0.00805664,36.0,36.0,68.0
2025-09-14,ibm_marrakesh,6,283.8762,290.0636,0.00022122,0.00022122,0.00125047,0.0032959,36.0,36.0,68.0
2025-09-14,ibm_marrakesh,7,347.022,124.5797,0.0002529,0.0002529,0.0026197,0.02246094,36.0,36.0,80.0
2025-09-14,ibm_marrakesh,8,194.6718,126.4378,0.00026515,0.00026515,0.00189205,0.00354004,36.0,36.0,68.0
2025-09-14,ibm_marrakesh,9,212.2185,258.8267,0.00011896,0.00011896,,0.0369873,36.0,36.0,
2025-09-13,ibm_marrakesh,0,179.4941,50.1275,0.00045677,0.00045677,0.00129209,0.00878906,36.0,36.0,68.0
2025-09-13,ibm_marrakesh,1,159.1656,161.7778,0.00018727,0.00018727,0.00115695,0.00354004,36.0,36.0,68.0
2025-09-13,ibm_marrakesh,2,254.2985,333.7425,0.00020162,0.00020162,0.0125971,0.00158691,36.0,36.0,68.0
2025-09-13,ibm_marrakesh,3,290.1622,289.4796,0.0019026,0.0019026,0.01709765,0.00915527,36.0,36.0,80.0
2025-09-13,ibm_marrakesh,4,202.7419,163.0277,0.00030897,0.00030897,0.00220597,0.01220703,36.0,36.0,68.0
2025-09-13,ibm_marrakesh,5,299.2339,215.6749,0.00019486,0.00019486,0.00143296,0.00598145,36.0,36.0,68.0
2025-09-13,ibm_marrakesh,6,182.303,187.1902,0.00017976,0.00017976,0.00165301,0.00683594,36.0,36.0,68.0
2025-09-13,ibm_marrakesh,7,216.3635,84.9916,0.00020379,0.00020379,0.00236561,0.01098633,36.0,36.0,80.0
2025-09-13,ibm_marrakesh,8,291.4071,123.3442,0.00019728,0.00019728,0.00205048,0.00415039,36.0,36.0,68.0
2025-09-13,ibm_marrakesh,9,224.5665,216.9422,0.00018422,0.00018422,,0.03735352,36.0,36.0,
2025-09-12,ibm_marrakesh,0,337.9376,64.6236,0.00045677,0.00045677,0.00151031,0.00341797,36.0,36.0,68.0
2025-09-12,ibm_marrakesh,1,227.1373,184.4865,0.00018727,0.00018727,0.00137344,0.00524902,36.0,36.0,68.0
2025-09-12,ibm_marrakesh,2,153.3635,170.1666,0.00010342,0.00010342,0.0011841,0.00268555,36.0,36.0,68.0
2025-09-12,ibm_marrakesh,3,340.9577,375.5668,0.00027253,0.00027253,0.00210471,0.01123047,36.0,36.0,80.0
2025-09-12,ibm_marrakesh,4,158.7616,118.9528,0.00031218,0.00031218,0.00230461,0.01049805,36.0,36.0,68.0
2025-09-12,ibm_marrakesh,5,274.6006,180.6437,0.00014237,0.00014237,0.00111007,0.00354004,36.0,36.0,68.0
2025-09-12,ibm_marrakesh,6,261.8224,40.0152,0.00017976,0.00017976,0.0012601,0.0032959,36.0,36.0,68.0
2025-09-12,ibm_marrakesh,7,365.0529,135.2493,0.00015454,0.00015454,0.00247918,0.01098633,36.0,36.0,80.0
2025-09-12,ibm_marrakesh,8,200.1564,105.8923,0.00022569,0.00022569,0.00215487,0.00439453,36.0,36.0,68.0
2025-09-12,ibm_marrakesh,9,184.7517,228.4351,0.00020186,0.00020186,,0.0213623,36.0,36.0,
2025-09-11,ibm_marrakesh,0,364.1043,66.7156,0.00039155,0.00039155,0.0019816,0.00671387,36.0,36.0,68.0
2025-09-11,ibm_marrakesh,1,196.6621,191.0214,0.00010682,0.00010682,0.00117224,0.00646973,36.0,36.0,68.0
2025-09-11,ibm_marrakesh,2,315.8564,413.6645,0.00018296,0.00018296,0.00109787,0.00524902,36.0,36.0,68.0
2025-09-11,ibm_marrakesh,3,318.2653,392.3095,0.0004473,0.0004473,0.00161854,0.00524902,36.0,36.0,80.0
2025-09-11,ibm_marrakesh,4,204.6695,129.3542,0.00052519,0.00052519,0.00239099,0.06091309,36.0,36.0,68.0
2025-09-11,ibm_marrakesh,5,346.2594,212.4573,0.0002459,0.0002459,0.00183495,0.0090332,36.0,36.0,68.0
2025-09-11,ibm_marrakesh,6,261.8224,191.4047,0.00027558,0.00027558,0.0017714,0.00366211,36.0,36.0,68.0
2025-09-11,ibm_marrakesh,7,249.3767,95.8813,0.00027116,0.00027116,0.00317169,0.00952148,36.0,36.0,80.0
2025-09-11,ibm_marrakesh,8,310.9784,128.1755,0.00028863,0.00028863,0.00216023,0.01782227,36.0,36.0,68.0
2025-09-11,ibm_marrakesh,9,217.7298,170.8886,0.00020647,0.00020647,,0.06713867,36.0,36.0,
2025-09-10,ibm_marrakesh,0,282.8958,70.3083,0.00065595,0.00065595,0.00200876,0.00561523,36.0,36.0,68.0
2025-09-10,ibm_marrakesh,1,167.6274,175.8633,0.00031075,0.00031075,0.00117224,0.02307129,36.0,36.0,68.0
2025-09-10,ibm_marrakesh,2,354.7396,437.4037,9.86e-05,9.86e-05,0.00119425,0.00378418,36.0,36.0,68.0
2025-09-10,ibm_marrakesh,3,372.1921,349.546,0.00047048,0.00047048,0.00152465,0.0057373,36.0,36.0,80.0
2025-09-10,ibm_marrakesh,4,214.5994,291.1843,0.00043081,0.00043081,0.00175345,0.01037598,36.0,36.0,68.0
2025-09-10,ibm_marrakesh,5,207.277,203.7818,0.00018979,0.00018979,0.00123238,0.00415039,36.0,36.0,68.0
2025-09-10,ibm_marrakesh,6,312.3908,285.0327,0.00016886,0.00016886,0.0014163,0.00500488,36.0,36.0,68.0
2025-09-10,ibm_marrakesh,7,279.9079,122.4274,0.00019438,0.00019438,0.00358064,0.00927734,36.0,36.0,80.0
2025-09-10,ibm_marrakesh,8,131.5207,76.5645,0.00030154,0.00030154,0.00336067,0.00292969,36.0,36.0,68.0
2025-09-10,ibm_marrakesh,9,223.4568,271.1367,0.000329,0.000329,,0.01550293,36.0,36.0,
2025-09-09,ibm_marrakesh,0,346.414,90.9455,0.00043345,0.00043345,0.00240407,0.01269531,36.0,36.0,68.0
2025-09-09,ibm_marrakesh,1,194.9956,176.0827,0.00026017,0.00026017,0.00150002,0.00488281,36.0,36.0,68.0
2025-09-09,ibm_marrakesh,2,316.2395,416.1407,9.86e-05,9.86e-05,0.00666672,0.00292969,36.0,36.0,68.0
2025-09-09,ibm_marrakesh,3,191.1133,201.2367,0.00194881,0.00194881,0.01028498,0.00585938,36.0,36.0,80.0
2025-09-09,ibm_marrakesh,4,117.429,88.8747,0.00025766,0.00025766,0.00214405,0.01123047,36.0,36.0,68.0
2025-09-09,ibm_marrakesh,5,276.647,201.8389,0.00019433,0.00019433,0.00123238,0.00488281,36.0,36.0,68.0
2025-09-09,ibm_marrakesh,6,263.2131,336.0437,0.00030067,0.00030067,0.00156023,0.00341797,36.0,36.0,68.0
2025-09-09,ibm_marrakesh,7,315.9229,126.6679,0.00016859,0.00016859,0.00247104,0.00683594,36.0,36.0,80.0
2025-09-09,ibm_marrakesh,8,324.4533,162.571,0.0003211,0.0003211,0.00264679,0.00512695,36.0,36.0,68.0
2025-09-09,ibm_marrakesh,9,223.2261,266.934,0.00027072,0.00027072,,0.01147461,36.0,36.0,
2025-09-08,ibm_marrakesh,0,236.3325,58.2332,0.0004814,0.0004814,0.00208939,0.00891113,36.0,36.0,68.0
2025-09-08,ibm_marrakesh,1,195.7521,167.139,0.00017718,0.00017718,0.00150002,0.02087402,36.0,36.0,68.0
2025-09-08,ibm_marrakesh,2,279.9803,220.0763,0.0001761,0.0001761,0.0031156,0.00549316,36.0,36.0,68.0
2025-09-08,ibm_marrakesh,3,276.0085,260.5753,0.0006374,0.0006374,0.00420838,0.00524902,36.0,36.0,80.0
2025-09-08,ibm_marrakesh,4,191.4382,215.2046,0.00050182,0.00050182,0.00175124,0.01513672,36.0,36.0,68.0
2025-09-08,ibm_marrakesh,5,260.6485,265.8862,0.00019263,0.00019263,0.00137747,0.00390625,36.0,36.0,68.0
2025-09-08,ibm_marrakesh,6,234.7602,198.2295,0.00054493,0.00054493,0.00127867,0.00830078,36.0,36.0,68.0
2025-09-08,ibm_marrakesh,7,227.9112,116.8124,0.00028351,0.00028351,0.00188325,0.01367188,36.0,36.0,80.0
2025-09-08,ibm_marrakesh,8,254.0149,130.4117,0.00031356,0.00031356,0.00230517,0.0032959,36.0,36.0,68.0
2025-09-08,ibm_marrakesh,9,197.8474,222.2714,0.0002813,0.0002813,,0.01135254,36.0,36.0,
2025-09-07,ibm_marrakesh,0,236.3325,58.2332,0.0004814,0.0004814,0.00162216,0.0045166,36.0,36.0,68.0
2025-09-07,ibm_marrakesh,1,195.7521,167.139,0.00017718,0.00017718,0.00145518,0.02868652,36.0,36.0,68.0
2025-09-07,ibm_marrakesh,2,279.9803,220.0763,0.0001761,0.0001761,0.00365136,0.00378418,36.0,36.0,68.0
2025-09-07,ibm_marrakesh,3,276.0085,260.5753,0.0006374,0.0006374,0.00471986,0.00842285,36.0,36.0,80.0
2025-09-07,ibm_marrakesh,4,191.4382,215.2046,0.00050182,0.00050182,0.0015615,0.01391602,36.0,36.0,68.0
2025-09-07,ibm_marrakesh,5,260.6485,265.8862,0.00019263,0.00019263,0.00198571,0.00585938,36.0,36.0,68.0
2025-09-07,ibm_marrakesh,6,234.7602,198.2295,0.00054493,0.00054493,0.00320973,0.00537109,36.0,36.0,68.0
2025-09-07,ibm_marrakesh,7,227.9112,116.8124,0.00028351,0.00028351,0.00205519,0.00830078,36.0,36.0,80.0
2025-09-07,ibm_marrakesh,8,254.0149,130.4117,0.00031356,0.00031356,0.00292861,0.00390625,36.0,36.0,68.0
2025-09-07,ibm_marrakesh,9,197.8474,222.2714,0.0002813,0.0002813,,0.01208496,36.0,36.0,
2025-09-06,ibm_marrakesh,0,236.3325,58.2332,0.0004814,0.0004814,0.00162216,0.0045166,36.0,36.0,68.0
2025-09-06,ibm_marrakesh,1,195.7521,167.139,0.00017718,0.00017718,0.00145518,0.02868652,36.0,36.0,68.0
2025-09-06,ibm_marrakesh,2,279.9803,220.0763,0.0001761,0.0001761,0.00365136,0.00378418,36.0,36.0,68.0
2025-09-06,ibm_marrakesh,3,276.0085,260.5753,0.0006374,0.0006374,0.00471986,0.00842285,36.0,36.0,80.0
2025-09-06,ibm_marrakesh,4,191.4382,215.2046,0.00050182,0.00050182,0.0015615,0.01391602,36.0,36.0,68.0
2025-09-06,ibm_marrakesh,5,260.6485,265.8862,0.00019263,0.00019263,0.00198571,0.00585938,36.0,36.0,68.0
2025-09-06,ibm_marrakesh,6,234.7602,198.2295,0.00054493,0.00054493,0.00320973,0.00537109,36.0,36.0,68.0
2025-09-06,ibm_marrakesh,7,227.9112,116.8124,0.00028351,0.00028351,0.00205519,0.00830078,36.0,36.0,80.0
2025-09-06,ibm_marrakesh,8,254.0149,130.4117,0.00031356,0.00031356,0.00292861,0.00390625,36.0,36.0,68.0
2025-09-06,ibm_marrakesh,9,197.8474,222.2714,0.0002813,0.0002813,,0.01208496,36.0,36.0,
2025-09-05,ibm_marrakesh,0,236.3325,58.2332,0.0004814,0.0004814,0.00162216,0.0045166,36.0,36.0,68.0
2025-09-05,ibm_marrakesh,1,195.7521,167.139,0.00017718,0.00017718,0.00145518,0.02868652,36.0,36.0,68.0
2025-09-05,ibm_marrakesh,2,279.9803,220.0763,0.0001761,0.0001761,0.00365136,0.00378418,36.0,36.0,68.0
2025-09-05,ibm_marrakesh,3,276.0085,260.5753,0.0006374,0.0006374,0.00471986,0.00842285,36.0,36.0,80.0
2025-09-05,ibm_marrakesh,4,191.4382,215.2046,0.00050182,0.00050182,0.0015615,0.01391602,36.0,36.0,68.0
2025-09-05,ibm_marrakesh,5,260.6485,265.8862,0.00019263,0.00019263,0.00198571,0.00585938,36.0,36.0,68.0
2025-09-05,ibm_marrakesh,6,234.7602,198.2295,0.00054493,0.00054493,0.00320973,0.00537109,36.0,36.0,68.0
2025-09-05,ibm_marrakesh,7,227.9112,116.8124,0.00028351,0.00028351,0.00205519,0.00830078,36.0,36.0,80.0
2025-09-05,ibm_marrakesh,8,254.0149,130.4117,0.00031356,0.00031356,0.00292861,0.00390625,36.0,36.0,68.0
2025-09-05,ibm_marrakesh,9,197.8474,222.2714,0.0002813,0.0002813,,0.01208496,36.0,36.0,
2025-09-04,ibm_marrakesh,0,358.8908,114.0131,0.00030026,0.00030026,0.00269763,0.00427246,36.0,36.0,68.0
2025-09-04,ibm_marrakesh,1,183.8944,138.9238,0.00019786,0.00019786,0.00134058,0.04858398,36.0,36.0,68.0
2025-09-04,ibm_marrakesh,2,291.3625,441.0249,0.00014895,0.00014895,0.00355293,0.00280762,36.0,36.0,68.0
2025-09-04,ibm_marrakesh,3,377.4325,400.5825,0.00051654,0.00051654,0.00434627,0.00769043,36.0,36.0,80.0
2025-09-04,ibm_marrakesh,4,146.1969,122.2428,0.0002977,0.0002977,0.00214946,0.05456543,36.0,36.0,68.0
2025-09-04,ibm_marrakesh,5,293.1452,211.0591,0.0002286,0.0002286,0.00149398,0.00537109,36.0,36.0,68.0
2025-09-04,ibm_marrakesh,6,144.3059,122.172,0.00021972,0.00021972,0.00186452,0.0032959,36.0,36.0,68.0
2025-09-04,ibm_marrakesh,7,326.7939,124.6953,0.00021921,0.00021921,0.00237378,0.01171875,36.0,36.0,80.0
2025-09-04,ibm_marrakesh,8,280.548,142.2981,0.00031356,0.00031356,0.00210822,0.00317383,36.0,36.0,68.0
2025-09-04,ibm_marrakesh,9,222.3712,228.97,0.00031244,0.00031244,,0.03771973,36.0,36.0,
2025-09-03,ibm_marrakesh,0,358.8908,114.0131,0.00030026,0.00030026,0.00269763,0.00427246,36.0,36.0,68.0
2025-09-03,ibm_marrakesh,1,183.8944,138.9238,0.00019786,0.00019786,0.00134058,0.04858398,36.0,36.0,68.0
2025-09-03,ibm_marrakesh,2,291.3625,441.0249,0.00014895,0.00014895,0.00355293,0.00280762,36.0,36.0,68.0
2025-09-03,ibm_marrakesh,3,377.4325,400.5825,0.00051654,0.00051654,0.00434627,0.00769043,36.0,36.0,80.0
2025-09-03,ibm_marrakesh,4,146.1969,122.2428,0.0002977,0.0002977,0.00214946,0.05456543,36.0,36.0,68.0
2025-09-03,ibm_marrakesh,5,293.1452,211.0591,0.0002286,0.0002286,0.00149398,0.00537109,36.0,36.0,68.0
2025-09-03,ibm_marrakesh,6,144.3059,122.172,0.00021972,0.00021972,0.00186452,0.0032959,36.0,36.0,68.0
2025-09-03,ibm_marrakesh,7,326.7939,124.6953,0.00021921,0.00021921,0.00237378,0.01171875,36.0,36.0,80.0
2025-09-03,ibm_marrakesh,8,280.548,142.2981,0.00031356,0.00031356,0.00210822,0.00317383,36.0,36.0,68.0
2025-09-03,ibm_marrakesh,9,222.3712,228.97,0.00031244,0.00031244,,0.03771973,36.0,36.0,
2025-09-02,ibm_marrakesh,0,303.1727,74.6494,0.00059679,0.00059679,0.00194378,0.01000977,36.0,36.0,68.0
2025-09-02,ibm_marrakesh,1,133.1443,104.3866,0.00026218,0.00026218,0.00145849,0.01147461,36.0,36.0,68.0
2025-09-02,ibm_marrakesh,2,363.8567,450.178,0.00015972,0.00015972,0.00141,0.00415039,36.0,36.0,68.0
2025-09-02,ibm_marrakesh,3,326.2304,312.0172,0.00042264,0.00042264,0.00195041,0.00830078,36.0,36.0,80.0
2025-09-02,ibm_marrakesh,4,215.9046,213.6192,0.00032597,0.00032597,0.00185747,0.01391602,36.0,36.0,68.0
2025-09-02,ibm_marrakesh,5,229.9184,219.236,0.00015715,0.00015715,0.00100958,0.00427246,36.0,36.0,68.0
2025-09-02,ibm_marrakesh,6,362.4958,229.4904,0.00018339,0.00018339,0.0017472,0.00427246,36.0,36.0,68.0
2025-09-02,ibm_marrakesh,7,270.9833,117.1102,0.00029272,0.00029272,0.00199394,0.01293945,36.0,36.0,80.0
2025-09-02,ibm_marrakesh,8,286.2605,156.7408,0.00034376,0.00034376,0.00199823,0.00610352,36.0,36.0,68.0
2025-09-02,ibm_marrakesh,9,184.8722,240.3888,0.00031244,0.00031244,,0.03515625,36.0,36.0,
2025-09-01,ibm_marrakesh,0,387.1241,51.975,0.00028195,0.00028195,0.00211374,0.0291748,36.0,36.0,68.0
2025-09-01,ibm_marrakesh,1,116.9748,140.7684,0.00014147,0.00014147,0.00114617,0.0057373,36.0,36.0,68.0
2025-09-01,ibm_marrakesh,2,226.8043,272.9632,0.00015972,0.00015972,0.0027292,0.00512695,36.0,36.0,68.0
2025-09-01,ibm_marrakesh,3,267.4771,237.6668,0.00029692,0.00029692,0.00473856,0.00805664,36.0,36.0,80.0
2025-09-01,ibm_marrakesh,4,57.3767,39.5581,0.00114169,0.00114169,0.00252231,0.01403809,36.0,36.0,68.0
2025-09-01,ibm_marrakesh,5,312.4482,175.6685,0.00015893,0.00015893,0.00100958,0.0090332,36.0,36.0,68.0
2025-09-01,ibm_marrakesh,6,336.309,240.6577,0.0001917,0.0001917,0.0018539,0.00341797,36.0,36.0,68.0
2025-09-01,ibm_marrakesh,7,221.4695,103.0142,0.00022326,0.00022326,0.002146,0.01513672,36.0,36.0,80.0
2025-09-01,ibm_marrakesh,8,269.4483,130.676,0.00014652,0.00014652,0.00212647,0.00646973,36.0,36.0,68.0
2025-09-01,ibm_marrakesh,9,160.3593,204.2781,0.00020099,0.00020099,,0.01843262,36.0,36.0,
2025-08-31,ibm_marrakesh,0,354.3125,58.7467,0.00030443,0.00030443,0.00783658,0.00585938,36.0,36.0,68.0
2025-08-31,ibm_marrakesh,1,199.946,188.1375,0.00022262,0.00022262,0.00545203,0.04504395,36.0,36.0,68.0
2025-08-31,ibm_marrakesh,2,356.4862,521.0127,0.00014201,0.00014201,0.00197565,0.00646973,36.0,36.0,68.0
2025-08-31,ibm_marrakesh,3,374.8279,355.1553,0.0003278,0.0003278,0.00229181,0.04980469,36.0,36.0,80.0
2025-08-31,ibm_marrakesh,4,181.0105,175.8377,0.00027865,0.00027865,0.0022186,0.13720703,36.0,36.0,68.0
2025-08-31,ibm_marrakesh,5,298.5318,211.4374,0.00012893,0.00012893,0.00133553,0.00427246,36.0,36.0,68.0
2025-08-31,ibm_marrakesh,6,316.3564,226.5957,0.00022193,0.00022193,0.00136333,0.00317383,36.0,36.0,68.0
2025-08-31,ibm_marrakesh,7,279.55,115.2546,0.00025608,0.00025608,0.00205795,0.01074219,36.0,36.0,80.0
2025-08-31,ibm_marrakesh,8,321.5402,128.8931,0.00017695,0.00017695,0.00220202,0.00366211,36.0,36.0,68.0
2025-08-31,ibm_marrakesh,9,244.3209,292.115,0.00017021,0.00017021,,0.02514648,36.0,36.0,
2025-08-30,ibm_marrakesh,0,354.3125,58.7467,0.00030443,0.00030443,0.00783658,0.00708008,36.0,36.0,68.0
2025-08-30,ibm_marrakesh,1,199.946,188.1375,0.00022262,0.00022262,0.00545203,0.00634766,36.0,36.0,68.0
2025-08-30,ibm_marrakesh,2,356.4862,521.0127,0.00014201,0.00014201,0.00197565,0.00390625,36.0,36.0,68.0
2025-08-30,ibm_marrakesh,3,374.8279,355.1553,0.0003278,0.0003278,0.00229181,0.02807617,36.0,36.0,80.0
2025-08-30,ibm_marrakesh,4,181.0105,175.8377,0.00027865,0.00027865,0.0022186,0.02319336,36.0,36.0,68.0
2025-08-30,ibm_marrakesh,5,298.5318,211.4374,0.00012893,0.00012893,0.00133553,0.00244141,36.0,36.0,68.0
2025-08-30,ibm_marrakesh,6,316.3564,226.5957,0.00022193,0.00022193,0.00136333,0.00341797,36.0,36.0,68.0
2025-08-30,ibm_marrakesh,7,279.55,115.2546,0.00025608,0.00025608,0.00205795,0.01074219,36.0,36.0,80.0
2025-08-30,ibm_marrakesh,8,321.5402,128.8931,0.00017695,0.00017695,0.00220202,0.00683594,36.0,36.0,68.0
2025-08-30,ibm_marrakesh,9,244.3209,292.115,0.00017021,0.00017021,,0.02368164,36.0,36.0,
2025-08-29,ibm_marrakesh,0,404.2252,46.6534,0.00049689,0.00049689,0.00230346,0.01025391,36.0,36.0,68.0
2025-08-29,ibm_marrakesh,1,202.6799,202.0331,0.00244033,0.00244033,0.00153332,0.00415039,36.0,36.0,68.0
2025-08-29,ibm_marrakesh,2,231.0689,317.0756,0.00015414,0.00015414,0.00358747,0.00268555,36.0,36.0,68.0
2025-08-29,ibm_marrakesh,3,258.8242,304.3983,0.00062046,0.00062046,0.00426712,0.00512695,36.0,36.0,80.0
2025-08-29,ibm_marrakesh,4,170.9136,83.4272,0.00049816,0.00049816,0.00224276,0.01757812,36.0,36.0,68.0
2025-08-29,ibm_marrakesh,5,257.1701,134.3973,0.00017513,0.00017513,0.00139561,0.01123047,36.0,36.0,68.0
2025-08-29,ibm_marrakesh,6,336.1639,176.7871,0.00017348,0.00017348,0.00138678,0.01074219,36.0,36.0,68.0
2025-08-29,ibm_marrakesh,7,273.5093,88.8949,0.00028092,0.00028092,0.00224748,0.01147461,36.0,36.0,80.0
2025-08-29,ibm_marrakesh,8,318.3493,97.0114,0.00030172,0.00030172,0.0026158,0.00244141,36.0,36.0,68.0
2025-08-29,ibm_marrakesh,9,144.0234,138.4263,0.00014887,0.00014887,,0.01879883,36.0,36.0,
2025-08-28,ibm_marrakesh,0,404.2252,63.2285,0.00036534,0.00036534,0.00208969,0.01074219,36.0,36.0,68.0
2025-08-28,ibm_marrakesh,1,166.118,184.8232,0.00024579,0.00024579,0.00122556,0.00439453,36.0,36.0,68.0
2025-08-28,ibm_marrakesh,2,256.4511,331.4115,0.00017243,0.00017243,0.00145136,0.00891113,36.0,36.0,68.0
2025-08-28,ibm_marrakesh,3,285.6613,199.9825,1.0,1.0,0.00226056,0.01660156,36.0,36.0,80.0
2025-08-28,ibm_marrakesh,4,207.7363,309.3561,0.00046003,0.00046003,0.00252163,0.02368164,36.0,36.0,68.0
2025-08-28,ibm_marrakesh,5,259.797,264.7748,0.00012938,0.00012938,0.00116846,0.00524902,36.0,36.0,68.0
2025-08-28,ibm_marrakesh,6,327.9688,315.1055,1.0,1.0,0.00117086,0.0045166,36.0,36.0,68.0
2025-08-28,ibm_marrakesh,7,304.1337,131.6792,0.00028568,0.00028568,0.00283955,0.01074219,36.0,36.0,80.0
2025-08-28,ibm_marrakesh,8,268.5094,194.3624,0.00022909,0.00022909,0.0025517,0.00512695,36.0,36.0,68.0
2025-08-28,ibm_marrakesh,9,216.3409,285.4498,0.00017876,0.00017876,,0.00793457,36.0,36.0,
2025-08-27,ibm_marrakesh,0,378.2384,57.7606,1.0,1.0,0.00189385,0.00512695,36.0,36.0,68.0
2025-08-27,ibm_marrakesh,1,173.0391,194.8571,1.0,1.0,0.00220393,0.09960938,36.0,36.0,68.0
2025-08-27,ibm_marrakesh,2,356.9846,389.5191,1.0,1.0,0.00196039,0.00378418,36.0,36.0,68.0
2025-08-27,ibm_marrakesh,3,339.8952,289.2983,1.0,1.0,0.005451,0.00646973,36.0,36.0,80.0
2025-08-27,ibm_marrakesh,4,231.1125,123.866,1.0,1.0,0.00250835,0.01672363,36.0,36.0,68.0
2025-08-27,ibm_marrakesh,5,203.8831,154.5991,1.0,1.0,0.00137868,0.00598145,36.0,36.0,68.0
2025-08-27,ibm_marrakesh,6,350.3661,257.9849,1.0,1.0,0.00168527,0.00402832,36.0,36.0,68.0
2025-08-27,ibm_marrakesh,7,230.2662,96.4413,1.0,1.0,0.00194015,0.01293945,36.0,36.0,80.0
2025-08-27,ibm_marrakesh,8,255.7387,133.7572,1.0,1.0,0.00254557,0.00402832,36.0,36.0,68.0
2025-08-27,ibm_marrakesh,9,186.5176,178.883,1.0,1.0,,0.01379395,36.0,36.0,
2025-08-26,ibm_marrakesh,0,231.6133,119.7732,1.0,1.0,0.00189385,0.00805664,36.0,36.0,68.0
2025-08-26,ibm_marrakesh,1,187.6632,182.0205,1.0,1.0,0.00220393,0.00622559,36.0,36.0,68.0
2025-08-26,ibm_marrakesh,2,342.2259,410.1056,1.0,1.0,0.00196039,0.00354004,36.0,36.0,68.0
2025-08-26,ibm_marrakesh,3,370.5614,363.0578,1.0,1.0,0.005451,0.00634766,36.0,36.0,80.0
2025-08-26,ibm_marrakesh,4,198.8113,169.2008,1.0,1.0,0.00250835,0.03308105,36.0,36.0,68.0
2025-08-26,ibm_marrakesh,5,262.505,210.3999,1.0,1.0,0.00137868,0.00549316,36.0,36.0,68.0
2025-08-26,ibm_marrakesh,6,330.5229,240.4447,1.0,1.0,0.00168527,0.00500488,36.0,36.0,68.0
2025-08-26,ibm_marrakesh,7,323.7424,108.1742,1.0,1.0,0.00194015,0.01000977,36.0,36.0,80.0
2025-08-26,ibm_marrakesh,8,233.4278,72.0357,1.0,1.0,0.00254557,0.00341797,36.0,36.0,68.0
2025-08-26,ibm_marrakesh,9,239.2019,218.9621,1.0,1.0,,0.02209473,36.0,36.0,
2025-08-25,ibm_marrakesh,0,292.3281,59.5785,0.0006937,0.0006937,0.00189385,0.00598145,36.0,36.0,68.0
2025-08-25,ibm_marrakesh,1,212.0983,181.3182,0.0002618,0.0002618,0.00220393,0.00610352,36.0,36.0,68.0
2025-08-25,ibm_marrakesh,2,316.1878,492.2416,1.0,1.0,0.00196039,0.00402832,36.0,36.0,68.0
2025-08-25,ibm_marrakesh,3,273.1874,245.0003,0.00093394,0.00093394,0.005451,0.00500488,36.0,36.0,80.0
2025-08-25,ibm_marrakesh,4,207.0185,273.6618,1.0,1.0,0.00250835,0.0123291,36.0,36.0,68.0
2025-08-25,ibm_marrakesh,5,227.458,284.2966,0.000222,0.000222,0.00137868,0.02026367,36.0,36.0,68.0
2025-08-25,ibm_marrakesh,6,272.6105,289.6021,0.00033921,0.00033921,0.00168527,0.00305176,36.0,36.0,68.0
2025-08-25,ibm_marrakesh,7,306.2404,126.8251,0.00037285,0.00037285,0.00194015,0.01831055,36.0,36.0,80.0
2025-08-25,ibm_marrakesh,8,233.4278,128.5227,0.00033854,0.00033854,0.00254557,0.00524902,36.0,36.0,68.0
2025-08-25,ibm_marrakesh,9,230.7925,402.175,0.00018021,0.00018021,,0.00671387,36.0,36.0,
2025-08-24,ibm_marrakesh,0,338.9699,63.0992,0.0006937,0.0006937,0.00163137,0.00598145,36.0,36.0,68.0
2025-08-24,ibm_marrakesh,1,204.1226,168.4924,0.0002618,0.0002618,0.00220393,0.00292969,36.0,36.0,68.0
2025-08-24,ibm_marrakesh,2,245.5723,307.8981,0.00017206,0.00017206,0.00342228,0.00463867,36.0,36.0,68.0
2025-08-24,ibm_marrakesh,3,351.69,302.9391,0.00093394,0.00093394,0.01588015,0.00549316,36.0,36.0,80.0
2025-08-24,ibm_marrakesh,4,244.4703,255.2867,0.02705927,0.02705927,0.01418029,0.01708984,36.0,36.0,68.0
2025-08-24,ibm_marrakesh,5,267.6927,199.8678,0.000222,0.000222,0.00176765,0.00878906,36.0,36.0,68.0
2025-08-24,ibm_marrakesh,6,344.946,293.3534,0.00033921,0.00033921,0.00130881,0.00317383,36.0,36.0,68.0
2025-08-24,ibm_marrakesh,7,200.1818,109.0428,0.00037285,0.00037285,0.00370939,0.01831055,36.0,36.0,80.0
2025-08-24,ibm_marrakesh,8,286.2865,131.239,0.00033854,0.00033854,0.00217465,0.00305176,36.0,36.0,68.0
2025-08-24,ibm_marrakesh,9,236.4433,238.1936,0.00018021,0.00018021,,0.01379395,36.0,36.0,
2025-08-23,ibm_marrakesh,0,146.201,41.5597,0.0006937,0.0006937,0.00163137,0.00549316,36.0,36.0,68.0
2025-08-23,ibm_marrakesh,1,171.0725,181.5053,0.0002618,0.0002618,0.00220393,0.00500488,36.0,36.0,68.0
2025-08-23,ibm_marrakesh,2,365.9049,370.3943,0.00017206,0.00017206,0.00281658,0.00280762,36.0,36.0,68.0
2025-08-23,ibm_marrakesh,3,342.6928,315.3442,0.00093394,0.00093394,0.01588015,0.00646973,36.0,36.0,80.0
2025-08-23,ibm_marrakesh,4,217.2918,65.3129,0.02705927,0.02705927,0.01418029,0.02026367,36.0,36.0,68.0
2025-08-23,ibm_marrakesh,5,171.926,146.9409,0.000222,0.000222,0.00176765,0.00427246,36.0,36.0,68.0
2025-08-23,ibm_marrakesh,6,243.569,241.7583,0.00033921,0.00033921,0.00133749,0.0045166,36.0,36.0,68.0
2025-08-23,ibm_marrakesh,7,210.933,119.018,0.00037285,0.00037285,0.00409216,0.01049805,36.0,36.0,80.0
2025-08-23,ibm_marrakesh,8,289.3711,149.9283,0.00033854,0.00033854,0.00217465,0.00402832,36.0,36.0,68.0
2025-08-23,ibm_marrakesh,9,166.4023,233.217,0.00018021,0.00018021,,0.02319336,36.0,36.0,
2025-08-22,ibm_marrakesh,0,349.2408,123.1518,0.0006937,0.0006937,0.00212116,0.00268555,36.0,36.0,68.0
2025-08-22,ibm_marrakesh,1,135.7374,135.4295,0.0002618,0.0002618,0.00220393,0.00585938,36.0,36.0,68.0
2025-08-22,ibm_marrakesh,2,220.8141,281.436,0.00017206,0.00017206,0.00169538,0.00354004,36.0,36.0,68.0
2025-08-22,ibm_marrakesh,3,267.161,220.9044,0.00093394,0.00093394,0.01130593,0.03662109,36.0,36.0,80.0
2025-08-22,ibm_marrakesh,4,217.2918,212.1629,0.02705927,0.02705927,0.10118406,0.02587891,36.0,36.0,68.0
2025-08-22,ibm_marrakesh,5,152.5933,124.0185,0.000222,0.000222,0.00176765,0.00537109,36.0,36.0,68.0
2025-08-22,ibm_marrakesh,6,167.8278,211.1096,0.00033921,0.00033921,0.00207918,0.00512695,36.0,36.0,68.0
2025-08-22,ibm_marrakesh,7,257.7058,124.6887,0.00037285,0.00037285,0.0027968,0.01000977,36.0,36.0,80.0
2025-08-22,ibm_marrakesh,8,127.0841,76.557,0.00033854,0.00033854,0.00335599,0.00427246,36.0,36.0,68.0
2025-08-22,ibm_marrakesh,9,205.5074,229.4518,0.00018021,0.00018021,,0.01879883,36.0,36.0,
2025-08-21,ibm_marrakesh,0,236.2365,57.9829,0.0006937,0.0006937,0.00288907,0.0057373,36.0,36.0,68.0
2025-08-21,ibm_marrakesh,1,155.736,179.4014,0.0002618,0.0002618,0.00220393,0.00671387,36.0,36.0,68.0
2025-08-21,ibm_marrakesh,2,321.602,420.0468,0.00017206,0.00017206,0.00207978,0.00500488,36.0,36.0,68.0
2025-08-21,ibm_marrakesh,3,207.0621,179.6697,0.00093394,0.00093394,0.16334279,0.0057373,36.0,36.0,80.0
2025-08-21,ibm_marrakesh,4,181.6832,136.774,0.02705927,0.02705927,0.10118406,0.03173828,36.0,36.0,68.0
2025-08-21,ibm_marrakesh,5,192.5126,157.2466,0.000222,0.000222,0.00292064,0.00500488,36.0,36.0,68.0
2025-08-21,ibm_marrakesh,6,306.6541,194.5145,0.00033921,0.00033921,0.00147831,0.00488281,36.0,36.0,68.0
2025-08-21,ibm_marrakesh,7,251.8245,100.9513,0.00037285,0.00037285,0.00342039,0.02319336,36.0,36.0,80.0
2025-08-21,ibm_marrakesh,8,296.0128,122.5271,0.00033854,0.00033854,0.00223168,0.00561523,36.0,36.0,68.0
2025-08-21,ibm_marrakesh,9,195.0272,183.5772,0.00018021,0.00018021,,0.02148438,36.0,36.0,
2025-08-20,ibm_marrakesh,0,236.2365,57.9829,0.0006937,0.0006937,0.00288907,0.0057373,36.0,36.0,68.0
2025-08-20,ibm_marrakesh,1,155.736,179.4014,0.0002618,0.0002618,0.00220393,0.00671387,36.0,36.0,68.0
2025-08-20,ibm_marrakesh,2,321.602,420.0468,0.00017206,0.00017206,0.00207978,0.00500488,36.0,36.0,68.0
2025-08-20,ibm_marrakesh,3,207.0621,179.6697,0.00093394,0.00093394,0.16334279,0.0057373,36.0,36.0,80.0
2025-08-20,ibm_marrakesh,4,181.6832,136.774,0.02705927,0.02705927,0.10118406,0.03173828,36.0,36.0,68.0
2025-08-20,ibm_marrakesh,5,192.5126,157.2466,0.000222,0.000222,0.00292064,0.00500488,36.0,36.0,68.0
2025-08-20,ibm_marrakesh,6,306.6541,194.5145,0.00033921,0.00033921,0.00147831,0.00488281,36.0,36.0,68.0
2025-08-20,ibm_marrakesh,7,251.8245,100.9513,0.00037285,0.00037285,0.00342039,0.02319336,36.0,36.0,80.0
2025-08-20,ibm_marrakesh,8,296.0128,122.5271,0.00033854,0.00033854,0.00223168,0.00561523,36.0,36.0,68.0
2025-08-20,ibm_marrakesh,9,195.0272,183.5772,0.00018021,0.00018021,,0.02148438,36.0,36.0,
2025-08-19,ibm_marrakesh,0,350.5883,115.277,0.0006937,0.0006937,0.00245027,0.00927734,36.0,36.0,68.0
2025-08-19,ibm_marrakesh,1,155.736,179.4014,0.0002618,0.0002618,0.00220393,0.50012207,36.0,36.0,68.0
2025-08-19,ibm_marrakesh,2,223.8533,251.2997,0.00017206,0.00017206,0.00207978,0.00354004,36.0,36.0,68.0
2025-08-19,ibm_marrakesh,3,379.1796,359.0133,0.00093394,0.00093394,0.16334279,0.00585938,36.0,36.0,80.0
2025-08-19,ibm_marrakesh,4,90.4706,77.8734,0.02705927,0.02705927,0.10118406,0.02575684,36.0,36.0,68.0
2025-08-19,ibm_marrakesh,5,223.4359,211.7779,0.000222,0.000222,0.00292064,0.00524902,36.0,36.0,68.0
2025-08-19,ibm_marrakesh,6,320.6849,246.6345,0.00033921,0.00033921,0.00159848,0.00427246,36.0,36.0,68.0
2025-08-19,ibm_marrakesh,7,267.2221,117.5256,0.00037285,0.00037285,0.00284222,0.01831055,36.0,36.0,80.0
2025-08-19,ibm_marrakesh,8,224.6022,116.5878,0.00033854,0.00033854,0.00257692,0.0045166,36.0,36.0,68.0
2025-08-19,ibm_marrakesh,9,243.8766,252.498,0.00018021,0.00018021,,0.01708984,36.0,36.0,
2025-08-18,ibm_marrakesh,0,316.5505,61.4097,0.0006937,0.0006937,0.00182807,0.01013184,36.0,36.0,68.0
2025-08-18,ibm_marrakesh,1,140.0119,149.2674,0.0002618,0.0002618,0.00220393,0.00634766,36.0,36.0,68.0
2025-08-18,ibm_marrakesh,2,316.0111,430.5582,0.00017206,0.00017206,0.00338275,0.00415039,36.0,36.0,68.0
2025-08-18,ibm_marrakesh,3,225.268,245.3412,0.00093394,0.00093394,0.16334279,0.00976562,36.0,36.0,80.0
2025-08-18,ibm_marrakesh,4,72.0379,77.8734,0.02705927,0.02705927,0.10118406,0.09313965,36.0,36.0,68.0
2025-08-18,ibm_marrakesh,5,243.6973,133.9597,0.000222,0.000222,0.00180239,0.0057373,36.0,36.0,68.0
2025-08-18,ibm_marrakesh,6,327.5782,102.8767,0.00033921,0.00033921,0.00159848,0.00524902,36.0,36.0,68.0
2025-08-18,ibm_marrakesh,7,295.9478,84.5079,0.00037285,0.00037285,0.00302422,0.01220703,36.0,36.0,80.0
2025-08-18,ibm_marrakesh,8,240.0712,77.3195,0.00033854,0.00033854,0.00252465,0.00598145,36.0,36.0,68.0
2025-08-18,ibm_marrakesh,9,231.1662,133.0726,0.00018021,0.00018021,,0.0201416,36.0,36.0,
2025-08-17,ibm_marrakesh,0,315.9724,90.8458,0.0006937,0.0006937,0.02172814,0.00476074,36.0,36.0,68.0
2025-08-17,ibm_marrakesh,1,183.6628,189.5429,0.0002618,0.0002618,0.00220393,0.00317383,36.0,36.0,68.0
2025-08-17,ibm_marrakesh,2,337.5862,511.2122,0.00017206,0.00017206,0.00278862,0.00476074,36.0,36.0,68.0
2025-08-17,ibm_marrakesh,3,317.8727,355.4838,0.00093394,0.00093394,0.13443404,0.00390625,36.0,36.0,80.0
2025-08-17,ibm_marrakesh,4,72.0379,77.8734,0.02705927,0.02705927,0.10118406,0.08520508,36.0,36.0,68.0
2025-08-17,ibm_marrakesh,5,306.9857,79.1048,0.000222,0.000222,0.00180239,0.00415039,36.0,36.0,68.0
2025-08-17,ibm_marrakesh,6,335.204,110.3688,0.00033921,0.00033921,0.00152242,0.00561523,36.0,36.0,68.0
2025-08-17,ibm_marrakesh,7,221.6336,53.7015,0.00037285,0.00037285,0.00256033,0.01464844,36.0,36.0,80.0
2025-08-17,ibm_marrakesh,8,279.7312,53.8347,0.00033854,0.00033854,0.00242476,0.0045166,36.0,36.0,68.0
2025-08-17,ibm_marrakesh,9,197.4172,107.8349,0.00018021,0.00018021,,0.0369873,36.0,36.0,
2025-08-16,ibm_marrakesh,0,315.9724,90.8458,0.0006937,0.0006937,0.00233116,0.00524902,36.0,36.0,68.0
2025-08-16,ibm_marrakesh,1,183.6628,189.5429,0.0002618,0.0002618,0.00127205,0.00524902,36.0,36.0,68.0
2025-08-16,ibm_marrakesh,2,337.5862,511.2122,0.00017206,0.00017206,0.00129202,0.00366211,36.0,36.0,68.0
2025-08-16,ibm_marrakesh,3,317.8727,355.4838,0.00093394,0.00093394,0.13443404,0.00866699,36.0,36.0,80.0
2025-08-16,ibm_marrakesh,4,72.0379,77.8734,0.02705927,0.02705927,0.10118406,0.10620117,36.0,36.0,68.0
2025-08-16,ibm_marrakesh,5,306.9857,79.1048,0.000222,0.000222,0.00180239,0.01647949,36.0,36.0,68.0
2025-08-16,ibm_marrakesh,6,335.204,110.3688,0.00033921,0.00033921,0.00139063,0.00500488,36.0,36.0,68.0
2025-08-16,ibm_marrakesh,7,221.6336,53.7015,0.00037285,0.00037285,0.002609,0.01367188,36.0,36.0,80.0
2025-08-16,ibm_marrakesh,8,279.7312,53.8347,0.00033854,0.00033854,0.00266342,0.01611328,36.0,36.0,68.0
2025-08-16,ibm_marrakesh,9,197.4172,107.8349,0.00018021,0.00018021,,0.01281738,36.0,36.0,
2025-08-15,ibm_marrakesh,0,411.1929,112.2024,0.0006937,0.0006937,0.00233116,0.01196289,36.0,36.0,68.0
2025-08-15,ibm_marrakesh,1,218.7732,198.0371,0.0002618,0.0002618,0.00127205,0.00585938,36.0,36.0,68.0
2025-08-15,ibm_marrakesh,2,419.3973,511.2122,0.00017206,0.00017206,0.00129202,0.00610352,36.0,36.0,68.0
2025-08-15,ibm_marrakesh,3,362.5697,340.8598,0.00093394,0.00093394,0.13443404,0.00561523,36.0,36.0,80.0
2025-08-15,ibm_marrakesh,4,76.0893,77.8734,0.02705927,0.02705927,0.10118406,0.06762695,36.0,36.0,68.0
2025-08-15,ibm_marrakesh,5,341.8714,249.0548,0.000222,0.000222,0.00180239,0.00488281,36.0,36.0,68.0
2025-08-15,ibm_marrakesh,6,271.594,284.8692,0.00033921,0.00033921,0.00139063,0.00219727,36.0,36.0,68.0
2025-08-15,ibm_marrakesh,7,274.024,136.754,0.00037285,0.00037285,0.002609,0.01367188,36.0,36.0,80.0
2025-08-15,ibm_marrakesh,8,274.42,162.1728,0.00033854,0.00033854,0.00266342,0.00561523,36.0,36.0,68.0
2025-08-15,ibm_marrakesh,9,232.7607,374.1119,0.00018021,0.00018021,,0.02319336,36.0,36.0,
2025-08-14,ibm_marrakesh,0,296.8729,53.9209,0.0006937,0.0006937,0.00138092,0.00720215,36.0,36.0,68.0
2025-08-14,ibm_marrakesh,1,130.9529,120.3002,0.0002618,0.0002618,0.00127205,0.00598145,36.0,36.0,68.0
2025-08-14,ibm_marrakesh,2,426.7778,527.311,0.00017206,0.00017206,0.00234138,0.00402832,36.0,36.0,68.0
2025-08-14,ibm_marrakesh,3,337.7084,392.2142,0.00093394,0.00093394,0.13443404,0.00524902,36.0,36.0,80.0
2025-08-14,ibm_marrakesh,4,121.5245,181.0465,0.02705927,0.02705927,0.16453634,0.10083008,36.0,36.0,68.0
2025-08-14,ibm_marrakesh,5,217.3732,81.5881,0.000222,0.000222,0.00131464,0.00427246,36.0,36.0,68.0
2025-08-14,ibm_marrakesh,6,319.9717,129.6294,0.00033921,0.00033921,0.00159545,0.00439453,36.0,36.0,68.0
2025-08-14,ibm_marrakesh,7,309.1993,56.4337,0.00037285,0.00037285,0.00185284,0.00854492,36.0,36.0,80.0
2025-08-14,ibm_marrakesh,8,236.8269,60.8923,0.00033854,0.00033854,0.00188025,0.00537109,36.0,36.0,68.0
2025-08-14,ibm_marrakesh,9,196.2082,99.9006,0.00018021,0.00018021,,0.00646973,36.0,36.0,
2025-08-13,ibm_marrakesh,0,315.6893,59.7367,0.0006937,0.0006937,0.00138092,0.00390625,36.0,36.0,68.0
2025-08-13,ibm_marrakesh,1,201.8694,181.2649,0.0002618,0.0002618,0.00105186,0.00708008,36.0,36.0,68.0
2025-08-13,ibm_marrakesh,2,363.4848,459.3524,0.00017206,0.00017206,0.00128315,0.00415039,36.0,36.0,68.0
2025-08-13,ibm_marrakesh,3,246.3338,288.3901,0.00093394,0.00093394,0.13443404,0.00561523,36.0,36.0,80.0
2025-08-13,ibm_marrakesh,4,70.6906,181.0465,0.02705927,0.02705927,0.12947049,0.10449219,36.0,36.0,68.0
2025-08-13,ibm_marrakesh,5,323.136,134.0201,0.000222,0.000222,0.00119228,0.00537109,36.0,36.0,68.0
2025-08-13,ibm_marrakesh,6,343.5682,216.4438,0.00033921,0.00033921,0.00159545,0.00219727,36.0,36.0,68.0
2025-08-13,ibm_marrakesh,7,219.1079,75.5851,0.00037285,0.00037285,0.00282867,0.01220703,36.0,36.0,80.0
2025-08-13,ibm_marrakesh,8,237.9793,18.9605,0.00033854,0.00033854,0.00234745,0.00146484,36.0,36.0,68.0
2025-08-13,ibm_marrakesh,9,197.0341,109.1033,0.00018021,0.00018021,,0.04882812,36.0,36.0,
2025-08-12,ibm_marrakesh,0,315.6893,59.7367,0.0006937,0.0006937,0.00173574,0.0065918,36.0,36.0,68.0
2025-08-12,ibm_marrakesh,1,201.8694,181.2649,0.0002618,0.0002618,0.00153464,0.00390625,36.0,36.0,68.0
2025-08-12,ibm_marrakesh,2,363.4848,459.3524,0.00017206,0.00017206,0.00330407,0.00341797,36.0,36.0,68.0
2025-08-12,ibm_marrakesh,3,246.3338,288.3901,0.00093394,0.00093394,0.13443404,0.01025391,36.0,36.0,80.0
2025-08-12,ibm_marrakesh,4,70.6906,181.0465,0.02705927,0.02705927,0.12947049,0.08496094,36.0,36.0,68.0
2025-08-12,ibm_marrakesh,5,323.136,134.0201,0.000222,0.000222,0.00119228,0.00463867,36.0,36.0,68.0
2025-08-12,ibm_marrakesh,6,343.5682,216.4438,0.00033921,0.00033921,0.00159545,0.00366211,36.0,36.0,68.0
2025-08-12,ibm_marrakesh,7,219.1079,75.5851,0.00037285,0.00037285,0.00227059,0.01367188,36.0,36.0,80.0
2025-08-12,ibm_marrakesh,8,237.9793,18.9605,0.00033854,0.00033854,0.00240487,0.00341797,36.0,36.0,68.0
2025-08-12,ibm_marrakesh,9,197.0341,109.1033,0.00018021,0.00018021,,0.04052734,36.0,36.0,
2025-08-11,ibm_marrakesh,0,320.7777,64.6339,0.00043428,0.00043428,0.00150665,0.01171875,36.0,36.0,68.0
2025-08-11,ibm_marrakesh,1,176.5812,176.7504,0.00016224,0.00016224,0.00153464,0.00512695,36.0,36.0,68.0
2025-08-11,ibm_marrakesh,2,311.8746,368.8812,0.00017206,0.00017206,0.00330407,0.00366211,36.0,36.0,68.0
2025-08-11,ibm_marrakesh,3,167.6705,186.0427,0.00022705,0.00022705,0.23336088,0.01049805,36.0,36.0,80.0
2025-08-11,ibm_marrakesh,4,88.0236,181.0465,0.02705927,0.02705927,0.00364411,0.08422852,36.0,36.0,68.0
2025-08-11,ibm_marrakesh,5,315.4402,173.7425,0.00015879,0.00015879,0.00119228,0.00488281,36.0,36.0,68.0
2025-08-11,ibm_marrakesh,6,338.3035,268.454,0.00017923,0.00017923,0.00137102,0.00317383,36.0,36.0,68.0
2025-08-11,ibm_marrakesh,7,219.5676,90.1387,0.00025192,0.00025192,0.00240955,0.00878906,36.0,36.0,80.0
2025-08-11,ibm_marrakesh,8,237.9793,21.4242,0.00031621,0.00031621,0.00236474,0.00537109,36.0,36.0,68.0
2025-08-11,ibm_marrakesh,9,232.1871,193.0932,0.00019097,0.00019097,,0.01708984,36.0,36.0,
2025-08-10,ibm_marrakesh,0,411.4963,67.0069,0.00043428,0.00043428,0.00150665,0.01171875,36.0,36.0,68.0
2025-08-10,ibm_marrakesh,1,149.9515,146.2477,0.00030685,0.00030685,0.00153464,0.00512695,36.0,36.0,68.0
2025-08-10,ibm_marrakesh,2,314.6012,359.9398,0.00022645,0.00022645,0.00330407,0.00366211,36.0,36.0,68.0
2025-08-10,ibm_marrakesh,3,315.6862,337.2845,0.00069212,0.00069212,0.23336088,0.01049805,36.0,36.0,80.0
2025-08-10,ibm_marrakesh,4,88.0236,181.0465,0.03271658,0.03271658,0.00364411,0.08422852,36.0,36.0,68.0
2025-08-10,ibm_marrakesh,5,255.3103,144.9793,0.00015313,0.00015313,0.00119228,0.00488281,36.0,36.0,68.0
2025-08-10,ibm_marrakesh,6,332.3182,220.013,0.00015796,0.00015796,0.00137102,0.00317383,36.0,36.0,68.0
2025-08-10,ibm_marrakesh,7,113.4213,77.5442,0.0001604,0.0001604,0.00240955,0.00878906,36.0,36.0,80.0
2025-08-10,ibm_marrakesh,8,237.9793,68.3719,0.00031621,0.00031621,0.00236474,0.00537109,36.0,36.0,68.0
2025-08-10,ibm_marrakesh,9,158.0261,143.6104,0.00024208,0.00024208,,0.01708984,36.0,36.0,
2025-08-09,ibm_marrakesh,0,356.3864,73.3971,0.00035977,0.00035977,0.00150665,0.00439453,36.0,36.0,68.0
2025-08-09,ibm_marrakesh,1,152.9111,144.1839,0.00033871,0.00033871,0.00153464,0.00561523,36.0,36.0,68.0
2025-08-09,ibm_marrakesh,2,249.5547,282.0678,0.00046087,0.00046087,0.00247028,0.00317383,36.0,36.0,68.0
2025-08-09,ibm_marrakesh,3,220.1005,287.7469,0.00069212,0.00069212,0.00560648,0.00683594,36.0,36.0,80.0
2025-08-09,ibm_marrakesh,4,83.9997,181.0465,0.00169655,0.00169655,0.00364411,0.09472656,36.0,36.0,68.0
2025-08-09,ibm_marrakesh,5,277.4035,260.3716,0.00016538,0.00016538,0.00119228,0.00488281,36.0,36.0,68.0
2025-08-09,ibm_marrakesh,6,282.6009,234.9563,0.00030118,0.00030118,0.00140708,0.00463867,36.0,36.0,68.0
2025-08-09,ibm_marrakesh,7,340.5331,134.127,0.00017857,0.00017857,0.00316343,0.01147461,36.0,36.0,80.0
2025-08-09,ibm_marrakesh,8,258.9623,122.5074,0.00031621,0.00031621,0.00264197,0.00683594,36.0,36.0,68.0
2025-08-09,ibm_marrakesh,9,255.8139,258.1333,0.00016738,0.00016738,,0.00708008,36.0,36.0,
2025-08-08,ibm_marrakesh,0,282.034,72.4032,0.00021189,0.00021189,0.00130651,0.00390625,36.0,36.0,68.0
2025-08-08,ibm_marrakesh,1,213.2342,193.3455,0.00027024,0.00027024,0.00153464,0.00366211,36.0,36.0,68.0
2025-08-08,ibm_marrakesh,2,174.541,128.2737,0.00074019,0.00074019,0.00266696,0.00585938,36.0,36.0,68.0
2025-08-08,ibm_marrakesh,3,312.4667,313.9404,0.00068538,0.00068538,0.00560648,0.00561523,36.0,36.0,80.0
2025-08-08,ibm_marrakesh,4,194.9664,181.0465,0.00169655,0.00169655,0.00364411,0.02587891,36.0,36.0,68.0
2025-08-08,ibm_marrakesh,5,224.3415,155.9991,0.00022297,0.00022297,0.00124862,0.00512695,36.0,36.0,68.0
2025-08-08,ibm_marrakesh,6,326.8989,303.9178,0.00022417,0.00022417,0.0014372,0.00610352,36.0,36.0,68.0
2025-08-08,ibm_marrakesh,7,237.6216,95.8011,0.00021447,0.00021447,0.00181475,0.00830078,36.0,36.0,80.0
2025-08-08,ibm_marrakesh,8,217.5515,122.5566,0.00016683,0.00016683,0.00233557,0.00390625,36.0,36.0,68.0
2025-08-08,ibm_marrakesh,9,225.4735,230.2916,0.00032906,0.00032906,,0.01757812,36.0,36.0,
2025-08-07,ibm_marrakesh,0,207.9101,46.8828,0.0003508,0.0003508,0.00144407,0.00732422,36.0,36.0,68.0
2025-08-07,ibm_marrakesh,1,150.0543,165.5759,0.00111339,0.00111339,0.00153464,0.01025391,36.0,36.0,68.0
2025-08-07,ibm_marrakesh,2,258.3468,302.58,0.00012552,0.00012552,0.00207572,0.00708008,36.0,36.0,68.0
2025-08-07,ibm_marrakesh,3,175.7069,175.4111,0.00041547,0.00041547,0.00413544,0.03051758,36.0,36.0,80.0
2025-08-07,ibm_marrakesh,4,161.1225,98.4135,0.00165508,0.00165508,0.0036623,0.03515625,36.0,36.0,68.0
2025-08-07,ibm_marrakesh,5,192.012,114.0877,0.00014608,0.00014608,0.00124862,0.00610352,36.0,36.0,68.0
2025-08-07,ibm_marrakesh,6,152.3854,125.0747,0.00022417,0.00022417,0.00158187,0.00366211,36.0,36.0,68.0
2025-08-07,ibm_marrakesh,7,213.3473,37.8979,0.00026105,0.00026105,0.00334431,0.01416016,36.0,36.0,80.0
2025-08-07,ibm_marrakesh,8,89.4692,47.9428,0.00040249,0.00040249,0.00262428,0.01123047,36.0,36.0,68.0
2025-08-07,ibm_marrakesh,9,127.7637,102.6372,0.00020998,0.00020998,,0.01220703,36.0,36.0,
2025-08-06,ibm_marrakesh,0,207.9101,46.8828,0.0003508,0.0003508,0.00144407,0.00732422,36.0,36.0,68.0
2025-08-06,ibm_marrakesh,1,150.0543,165.5759,0.00111339,0.00111339,0.00153464,0.01025391,36.0,36.0,68.0
2025-08-06,ibm_marrakesh,2,258.3468,302.58,0.00012552,0.00012552,0.00207572,0.00708008,36.0,36.0,68.0
2025-08-06,ibm_marrakesh,3,175.7069,175.4111,0.00041547,0.00041547,0.00413544,0.03051758,36.0,36.0,80.0
2025-08-06,ibm_marrakesh,4,161.1225,98.4135,0.00165508,0.00165508,0.0036623,0.03515625,36.0,36.0,68.0
2025-08-06,ibm_marrakesh,5,192.012,114.0877,0.00014608,0.00014608,0.00124862,0.00610352,36.0,36.0,68.0
2025-08-06,ibm_marrakesh,6,152.3854,125.0747,0.00022417,0.00022417,0.00158187,0.00366211,36.0,36.0,68.0
2025-08-06,ibm_marrakesh,7,213.3473,37.8979,0.00026105,0.00026105,0.00334431,0.01416016,36.0,36.0,80.0
2025-08-06,ibm_marrakesh,8,89.4692,47.9428,0.00040249,0.00040249,0.00262428,0.01123047,36.0,36.0,68.0
2025-08-06,ibm_marrakesh,9,127.7637,102.6372,0.00020998,0.00020998,,0.01220703,36.0,36.0,
2025-08-05,ibm_marrakesh,0,303.0109,57.093,0.00032172,0.00032172,0.00144407,0.00634766,36.0,36.0,68.0
2025-08-05,ibm_marrakesh,1,201.3412,238.7189,0.00016692,0.00016692,0.00153464,0.00585938,36.0,36.0,68.0
2025-08-05,ibm_marrakesh,2,320.9719,335.9373,0.00012552,0.00012552,0.00207572,0.00610352,36.0,36.0,68.0
2025-08-05,ibm_marrakesh,3,171.6621,87.7793,0.00041547,0.00041547,0.00413544,0.00561523,36.0,36.0,80.0
2025-08-05,ibm_marrakesh,4,205.5091,43.6668,0.00143909,0.00143909,0.0036623,0.01708984,36.0,36.0,68.0
2025-08-05,ibm_marrakesh,5,286.5312,56.481,0.00017126,0.00017126,0.00124862,0.00708008,36.0,36.0,68.0
2025-08-05,ibm_marrakesh,6,213.5232,83.8971,0.00013499,0.00013499,0.00158187,0.00268555,36.0,36.0,68.0
2025-08-05,ibm_marrakesh,7,213.3473,44.6223,0.00029679,0.00029679,0.00334431,0.01049805,36.0,36.0,80.0
2025-08-05,ibm_marrakesh,8,228.6399,41.534,0.00033933,0.00033933,0.00262428,0.00463867,36.0,36.0,68.0
2025-08-05,ibm_marrakesh,9,168.1179,79.8718,0.00029655,0.00029655,,0.02050781,36.0,36.0,
2025-08-04,ibm_marrakesh,0,303.0109,57.093,0.00032172,0.00032172,0.00144407,0.00634766,36.0,36.0,68.0
2025-08-04,ibm_marrakesh,1,201.3412,238.7189,0.00016692,0.00016692,0.00153464,0.00585938,36.0,36.0,68.0
2025-08-04,ibm_marrakesh,2,320.9719,335.9373,0.00012552,0.00012552,0.00207572,0.00610352,36.0,36.0,68.0
2025-08-04,ibm_marrakesh,3,171.6621,87.7793,0.00041547,0.00041547,0.00413544,0.00561523,36.0,36.0,80.0
2025-08-04,ibm_marrakesh,4,205.5091,43.6668,0.00143909,0.00143909,0.0036623,0.01708984,36.0,36.0,68.0
2025-08-04,ibm_marrakesh,5,286.5312,56.481,0.00017126,0.00017126,0.00124862,0.00708008,36.0,36.0,68.0
2025-08-04,ibm_marrakesh,6,213.5232,83.8971,0.00013499,0.00013499,0.00158187,0.00268555,36.0,36.0,68.0
2025-08-04,ibm_marrakesh,7,213.3473,44.6223,0.00029679,0.00029679,0.00334431,0.01049805,36.0,36.0,80.0
2025-08-04,ibm_marrakesh,8,228.6399,41.534,0.00033933,0.00033933,0.00262428,0.00463867,36.0,36.0,68.0
2025-08-04,ibm_marrakesh,9,168.1179,79.8718,0.00029655,0.00029655,,0.02050781,36.0,36.0,
2025-08-03,ibm_marrakesh,0,382.8846,75.8002,0.00030326,0.00030326,0.0021683,0.00463867,36.0,36.0,68.0
2025-08-03,ibm_marrakesh,1,178.9442,154.6479,0.0001687,0.0001687,0.00153464,0.00488281,36.0,36.0,68.0
2025-08-03,ibm_marrakesh,2,279.3325,366.6621,0.00015599,0.00015599,0.00207669,0.00219727,36.0,36.0,68.0
2025-08-03,ibm_marrakesh,3,230.4191,283.1336,0.00075829,0.00075829,0.00545097,0.02929688,36.0,36.0,80.0
2025-08-03,ibm_marrakesh,4,230.218,94.326,0.00141516,0.00141516,0.00403682,0.01953125,36.0,36.0,68.0
2025-08-03,ibm_marrakesh,5,285.9542,126.1914,0.00022027,0.00022027,0.00124862,0.00341797,36.0,36.0,68.0
2025-08-03,ibm_marrakesh,6,124.8335,135.3158,0.00015619,0.00015619,0.00139911,0.00268555,36.0,36.0,68.0
2025-08-03,ibm_marrakesh,7,267.2521,85.9918,0.00026393,0.00026393,0.00268091,0.01293945,36.0,36.0,80.0
2025-08-03,ibm_marrakesh,8,225.7516,82.8211,0.00031145,0.00031145,0.00226293,0.00610352,36.0,36.0,68.0
2025-08-03,ibm_marrakesh,9,161.7474,128.6422,0.00037002,0.00037002,,0.23242188,36.0,36.0,
2025-08-02,ibm_marrakesh,0,321.7877,58.9395,0.00062335,0.00062335,0.0021683,0.0065918,36.0,36.0,68.0
2025-08-02,ibm_marrakesh,1,187.7268,148.0399,0.00022346,0.00022346,0.00153464,0.00512695,36.0,36.0,68.0
2025-08-02,ibm_marrakesh,2,246.981,296.2858,0.00015599,0.00015599,0.00338796,0.00268555,36.0,36.0,68.0
2025-08-02,ibm_marrakesh,3,339.7637,348.4324,0.00050845,0.00050845,0.00730598,0.00317383,36.0,36.0,80.0
2025-08-02,ibm_marrakesh,4,146.9881,54.824,0.0019214,0.0019214,0.0040378,0.02783203,36.0,36.0,68.0
2025-08-02,ibm_marrakesh,5,241.8385,74.4124,0.00016635,0.00016635,0.00187409,0.00390625,36.0,36.0,68.0
2025-08-02,ibm_marrakesh,6,337.2436,107.2535,0.00029187,0.00029187,0.00157746,0.00244141,36.0,36.0,68.0
2025-08-02,ibm_marrakesh,7,251.3826,53.0545,0.00033317,0.00033317,0.00181632,0.01025391,36.0,36.0,80.0
2025-08-02,ibm_marrakesh,8,322.7523,51.244,0.00023389,0.00023389,0.00226293,0.00219727,36.0,36.0,68.0
2025-08-02,ibm_marrakesh,9,128.3745,69.2224,0.00023015,0.00023015,,0.01342773,36.0,36.0,
2025-08-01,ibm_marrakesh,0,381.0784,145.8724,0.00062335,0.00062335,0.00309375,0.00878906,36.0,36.0,68.0
2025-08-01,ibm_marrakesh,1,190.2385,157.2463,0.00022346,0.00022346,0.00153464,0.00610352,36.0,36.0,68.0
2025-08-01,ibm_marrakesh,2,369.8878,484.7052,0.00015599,0.00015599,0.00298421,0.00366211,36.0,36.0,68.0
2025-08-01,ibm_marrakesh,3,232.0627,269.99,0.00035697,0.00035697,0.00805417,0.00366211,36.0,36.0,80.0
2025-08-01,ibm_marrakesh,4,136.2678,51.8733,0.00206861,0.00206861,0.00485786,0.02905273,36.0,36.0,68.0
2025-08-01,ibm_marrakesh,5,289.2319,80.3497,0.00018136,0.00018136,0.00206454,0.00366211,36.0,36.0,68.0
2025-08-01,ibm_marrakesh,6,298.1634,129.7988,0.0002004,0.0002004,0.00177686,0.00268555,36.0,36.0,68.0
2025-08-01,ibm_marrakesh,7,275.0838,57.3898,0.0002394,0.0002394,0.00284745,0.01098633,36.0,36.0,80.0
2025-08-01,ibm_marrakesh,8,150.1759,46.7202,0.00027827,0.00027827,0.00243246,0.00292969,36.0,36.0,68.0
2025-08-01,ibm_marrakesh,9,170.9154,92.8217,0.00024358,0.00024358,,0.01855469,36.0,36.0,
2025-07-31,ibm_marrakesh,0,333.3075,60.4204,0.00062335,0.00062335,0.00199417,0.0078125,36.0,36.0,68.0
2025-07-31,ibm_marrakesh,1,187.5477,154.5448,0.00021032,0.00021032,0.00146493,0.00366211,36.0,36.0,68.0
2025-07-31,ibm_marrakesh,2,312.4336,489.8227,0.00011065,0.00011065,0.00210767,0.00366211,36.0,36.0,68.0
2025-07-31,ibm_marrakesh,3,312.2742,390.3024,0.00045902,0.00045902,0.00600075,0.00732422,36.0,36.0,80.0
2025-07-31,ibm_marrakesh,4,195.9766,56.6493,0.00192887,0.00192887,0.0043168,0.01831055,36.0,36.0,68.0
2025-07-31,ibm_marrakesh,5,308.9972,67.113,0.00022132,0.00022132,0.00177526,0.00585938,36.0,36.0,68.0
2025-07-31,ibm_marrakesh,6,295.8893,92.4923,0.00028708,0.00028708,0.00202631,0.00732422,36.0,36.0,68.0
2025-07-31,ibm_marrakesh,7,243.255,52.3372,0.00028112,0.00028112,0.00234489,0.01000977,36.0,36.0,80.0
2025-07-31,ibm_marrakesh,8,310.3828,50.4818,0.00024573,0.00024573,0.00337558,0.00317383,36.0,36.0,68.0
2025-07-31,ibm_marrakesh,9,230.2328,112.9741,0.00016534,0.00016534,,0.44628906,36.0,36.0,
2025-07-30,ibm_marrakesh,0,345.9403,59.8407,0.00097661,0.00097661,0.00234996,0.00537109,36.0,36.0,68.0
2025-07-30,ibm_marrakesh,1,223.1202,211.4873,0.00020786,0.00020786,0.00146493,0.00463867,36.0,36.0,68.0
2025-07-30,ibm_marrakesh,2,309.8958,404.7379,0.00011065,0.00011065,0.00210767,0.00317383,36.0,36.0,68.0
2025-07-30,ibm_marrakesh,3,307.4616,295.2003,0.00038567,0.00038567,0.00700624,0.02294922,36.0,36.0,80.0
2025-07-30,ibm_marrakesh,4,220.4937,59.6635,0.00211655,0.00211655,0.0046888,0.01855469,36.0,36.0,68.0
2025-07-30,ibm_marrakesh,5,266.0155,81.9157,0.00032542,0.00032542,0.00155808,0.00463867,36.0,36.0,68.0
2025-07-30,ibm_marrakesh,6,274.6174,116.2784,0.00033222,0.00033222,0.00202631,0.00634766,36.0,36.0,68.0
2025-07-30,ibm_marrakesh,7,255.7229,59.8433,0.00028819,0.00028819,0.00291758,0.01171875,36.0,36.0,80.0
2025-07-30,ibm_marrakesh,8,209.9352,56.8947,0.0002923,0.0002923,0.00337558,0.00244141,36.0,36.0,68.0
2025-07-30,ibm_marrakesh,9,227.3928,103.5879,0.0001538,0.0001538,,0.03564453,36.0,36.0,
2025-07-29,ibm_marrakesh,0,238.3559,83.4382,0.00035475,0.00035475,0.00234996,0.00366211,36.0,36.0,68.0
2025-07-29,ibm_marrakesh,1,233.1663,222.975,0.00021395,0.00021395,0.00146493,0.00561523,36.0,36.0,68.0
2025-07-29,ibm_marrakesh,2,353.6688,444.9828,0.00020569,0.00020569,0.00210767,0.00292969,36.0,36.0,68.0
2025-07-29,ibm_marrakesh,3,340.1898,135.37,0.00046969,0.00046969,0.00926161,0.00634766,36.0,36.0,80.0
2025-07-29,ibm_marrakesh,4,215.2774,208.5453,0.00205732,0.00205732,0.0057382,0.03466797,36.0,36.0,68.0
2025-07-29,ibm_marrakesh,5,247.6491,239.4442,0.00016359,0.00016359,0.0020661,0.00488281,36.0,36.0,68.0
2025-07-29,ibm_marrakesh,6,287.9754,292.607,0.00031306,0.00031306,0.00193044,0.00292969,36.0,36.0,68.0
2025-07-29,ibm_marrakesh,7,260.5002,133.4619,0.00025748,0.00025748,0.00231732,0.0144043,36.0,36.0,80.0
2025-07-29,ibm_marrakesh,8,246.8287,180.293,0.00025007,0.00025007,0.00273832,0.00244141,36.0,36.0,68.0
2025-07-29,ibm_marrakesh,9,255.5707,303.4296,0.00018,0.00018,,0.02197266,36.0,36.0,
2025-07-28,ibm_marrakesh,0,390.8159,69.2464,0.00018472,0.00018472,0.00234996,0.00488281,36.0,36.0,68.0
2025-07-28,ibm_marrakesh,1,148.5326,167.2373,0.0001966,0.0001966,0.00146493,0.00537109,36.0,36.0,68.0
2025-07-28,ibm_marrakesh,2,353.6278,401.7002,0.00017886,0.00017886,0.00355791,0.00390625,36.0,36.0,68.0
2025-07-28,ibm_marrakesh,3,340.1898,332.7425,0.0003625,0.0003625,0.01028734,0.00390625,36.0,36.0,80.0
2025-07-28,ibm_marrakesh,4,221.8602,72.3728,0.00171894,0.00171894,0.00672052,0.05932617,36.0,36.0,68.0
2025-07-28,ibm_marrakesh,5,238.3548,92.8036,0.00035165,0.00035165,0.00395946,0.00463867,36.0,36.0,68.0
2025-07-28,ibm_marrakesh,6,147.1915,83.733,0.00031306,0.00031306,0.00193044,0.00390625,36.0,36.0,68.0
2025-07-28,ibm_marrakesh,7,294.1675,57.8428,0.00023734,0.00023734,0.0018467,0.00952148,36.0,36.0,80.0
2025-07-28,ibm_marrakesh,8,265.9152,70.553,0.00020075,0.00020075,0.00362429,0.00292969,36.0,36.0,68.0
2025-07-28,ibm_marrakesh,9,242.2544,127.2459,0.00018,0.00018,,0.01489258,36.0,36.0,
2025-07-27,ibm_marrakesh,0,318.2064,62.0962,0.00022327,0.00022327,0.00161123,0.00170898,36.0,36.0,68.0
2025-07-27,ibm_marrakesh,1,215.5409,184.1896,0.00024688,0.00024688,0.00146493,0.00512695,36.0,36.0,68.0
2025-07-27,ibm_marrakesh,2,373.4036,443.8781,0.00027163,0.00027163,0.00293413,0.00341797,36.0,36.0,68.0
2025-07-27,ibm_marrakesh,3,288.878,207.4019,0.00032381,0.00032381,0.00676268,0.0065918,36.0,36.0,80.0
2025-07-27,ibm_marrakesh,4,182.6094,138.1662,0.00185491,0.00185491,0.00470804,0.03173828,36.0,36.0,68.0
2025-07-27,ibm_marrakesh,5,217.2356,179.1905,0.00031217,0.00031217,0.00122339,0.00512695,36.0,36.0,68.0
2025-07-27,ibm_marrakesh,6,373.6777,207.6071,0.00019319,0.00019319,0.00193044,0.00244141,36.0,36.0,68.0
2025-07-27,ibm_marrakesh,7,283.4257,122.7164,0.00022796,0.00022796,0.00254289,0.01123047,36.0,36.0,80.0
2025-07-27,ibm_marrakesh,8,335.5717,163.8757,0.00028222,0.00028222,0.00228611,0.00439453,36.0,36.0,68.0
2025-07-27,ibm_marrakesh,9,204.0405,218.4216,0.00020443,0.00020443,,0.02001953,36.0,36.0,
2025-07-26,ibm_marrakesh,0,318.2064,62.0962,0.00026728,0.00026728,0.00159236,0.00463867,36.0,36.0,68.0
2025-07-26,ibm_marrakesh,1,215.5409,184.1896,0.00027494,0.00027494,0.00146493,0.00439453,36.0,36.0,68.0
2025-07-26,ibm_marrakesh,2,373.4036,443.8781,0.00023821,0.00023821,0.00114216,0.00488281,36.0,36.0,68.0
2025-07-26,ibm_marrakesh,3,288.878,207.4019,0.00030339,0.00030339,0.0065119,0.00610352,36.0,36.0,80.0
2025-07-26,ibm_marrakesh,4,182.6094,138.1662,0.0015571,0.0015571,0.00411555,0.02246094,36.0,36.0,68.0
2025-07-26,ibm_marrakesh,5,217.2356,179.1905,0.00020808,0.00020808,0.00122339,0.0065918,36.0,36.0,68.0
2025-07-26,ibm_marrakesh,6,373.6777,207.6071,0.00018359,0.00018359,0.00149177,0.00219727,36.0,36.0,68.0
2025-07-26,ibm_marrakesh,7,283.4257,122.7164,0.00026636,0.00026636,0.00202558,0.01318359,36.0,36.0,80.0
2025-07-26,ibm_marrakesh,8,335.5717,163.8757,0.00041365,0.00041365,0.00163969,0.00512695,36.0,36.0,68.0
2025-07-26,ibm_marrakesh,9,204.0405,218.4216,0.00016186,0.00016186,,0.0378418,36.0,36.0,
2025-07-25,ibm_marrakesh,0,166.014,57.0602,0.00026728,0.00026728,0.00159236,0.00463867,36.0,36.0,68.0
2025-07-25,ibm_marrakesh,1,196.4233,226.755,0.00027494,0.00027494,0.00146493,0.00439453,36.0,36.0,68.0
2025-07-25,ibm_marrakesh,2,349.8853,279.398,0.00023821,0.00023821,0.00114216,0.00488281,36.0,36.0,68.0
2025-07-25,ibm_marrakesh,3,345.0421,343.8161,0.00030339,0.00030339,0.0065119,0.00610352,36.0,36.0,80.0
2025-07-25,ibm_marrakesh,4,195.3711,75.0167,0.0015571,0.0015571,0.00411555,0.02246094,36.0,36.0,68.0
2025-07-25,ibm_marrakesh,5,265.3406,93.5308,0.00020808,0.00020808,0.00122339,0.0065918,36.0,36.0,68.0
2025-07-25,ibm_marrakesh,6,261.3868,134.9559,0.00018359,0.00018359,0.00149177,0.00219727,36.0,36.0,68.0
2025-07-25,ibm_marrakesh,7,275.6589,69.9008,0.00026636,0.00026636,0.00202558,0.01318359,36.0,36.0,80.0
2025-07-25,ibm_marrakesh,8,339.6787,81.5305,0.00041365,0.00041365,0.00163969,0.00512695,36.0,36.0,68.0
2025-07-25,ibm_marrakesh,9,216.3843,128.0373,0.00016186,0.00016186,,0.0378418,36.0,36.0,
2025-07-24,ibm_marrakesh,0,206.6353,48.016,0.00026728,0.00026728,0.0014009,0.00317383,36.0,36.0,68.0
2025-07-24,ibm_marrakesh,1,178.6462,154.3246,0.00021371,0.00021371,0.00146493,0.00488281,36.0,36.0,68.0
2025-07-24,ibm_marrakesh,2,236.9184,279.398,0.00026155,0.00026155,0.00167166,0.02075195,36.0,36.0,68.0
2025-07-24,ibm_marrakesh,3,139.6769,124.5847,0.00057443,0.00057443,0.00508844,0.00561523,36.0,36.0,80.0
2025-07-24,ibm_marrakesh,4,113.3718,85.2649,0.00162713,0.00162713,0.00393964,0.02832031,36.0,36.0,68.0
2025-07-24,ibm_marrakesh,5,261.4338,139.5443,0.00017142,0.00017142,0.00122339,0.00585938,36.0,36.0,68.0
2025-07-24,ibm_marrakesh,6,334.1028,136.3419,0.00018359,0.00018359,0.00170053,0.00317383,36.0,36.0,68.0
2025-07-24,ibm_marrakesh,7,307.8817,88.5334,0.00023625,0.00023625,0.00193824,0.00927734,36.0,36.0,80.0
2025-07-24,ibm_marrakesh,8,281.2881,97.6695,0.00024326,0.00024326,0.00237096,0.0078125,36.0,36.0,68.0
2025-07-24,ibm_marrakesh,9,221.1772,323.9038,0.00024181,0.00024181,,0.06396484,36.0,36.0,
2025-07-23,ibm_marrakesh,0,206.6353,48.016,0.00045015,0.00045015,0.00147453,0.00634766,36.0,36.0,68.0
2025-07-23,ibm_marrakesh,1,178.6462,154.3246,0.00020814,0.00020814,0.00115996,0.00512695,36.0,36.0,68.0
2025-07-23,ibm_marrakesh,2,236.9184,279.398,0.0001187,0.0001187,0.00216972,0.00439453,36.0,36.0,68.0
2025-07-23,ibm_marrakesh,3,139.6769,124.5847,0.00049608,0.00049608,0.00846466,0.00537109,36.0,36.0,80.0
2025-07-23,ibm_marrakesh,4,113.3718,85.2649,0.00184025,0.00184025,0.0042796,0.01953125,36.0,36.0,68.0
2025-07-23,ibm_marrakesh,5,261.4338,139.5443,0.00017052,0.00017052,0.00122339,0.00683594,36.0,36.0,68.0
2025-07-23,ibm_marrakesh,6,334.1028,136.3419,0.00018359,0.00018359,0.00170053,0.00268555,36.0,36.0,68.0
2025-07-23,ibm_marrakesh,7,307.8817,88.5334,0.00024397,0.00024397,0.00187882,0.0090332,36.0,36.0,80.0
2025-07-23,ibm_marrakesh,8,281.2881,97.6695,0.00064677,0.00064677,0.00163834,0.00317383,36.0,36.0,68.0
2025-07-23,ibm_marrakesh,9,221.1772,323.9038,0.00028826,0.00028826,,0.29541016,36.0,36.0,
2025-07-22,ibm_marrakesh,0,165.7557,57.3138,0.00045015,0.00045015,0.00165282,0.00292969,36.0,36.0,68.0
2025-07-22,ibm_marrakesh,1,210.0314,182.8181,0.00020723,0.00020723,0.00115996,0.00512695,36.0,36.0,68.0
2025-07-22,ibm_marrakesh,2,338.3934,479.4583,0.00010613,0.00010613,0.00324993,0.00268555,36.0,36.0,68.0
2025-07-22,ibm_marrakesh,3,348.991,382.9275,0.00049608,0.00049608,0.01541082,0.00683594,36.0,36.0,80.0
2025-07-22,ibm_marrakesh,4,196.8847,47.8855,0.00443599,0.00443599,0.01271018,0.03955078,36.0,36.0,68.0
2025-07-22,ibm_marrakesh,5,232.6704,62.4532,0.00014335,0.00014335,0.00171963,0.00366211,36.0,36.0,68.0
2025-07-22,ibm_marrakesh,6,247.5977,69.355,0.00020652,0.00020652,0.00170053,0.00244141,36.0,36.0,68.0
2025-07-22,ibm_marrakesh,7,256.3344,55.3153,0.00030857,0.00030857,0.00248152,0.01367188,36.0,36.0,80.0
2025-07-22,ibm_marrakesh,8,177.5106,38.2241,0.00064677,0.00064677,0.00223392,0.00341797,36.0,36.0,68.0
2025-07-22,ibm_marrakesh,9,221.1772,29.258,0.00019183,0.00019183,,0.01928711,36.0,36.0,
2025-07-21,ibm_marrakesh,0,331.6746,60.8746,0.00045015,0.00045015,0.00165282,0.00292969,36.0,36.0,68.0
2025-07-21,ibm_marrakesh,1,201.27,211.4913,0.00020723,0.00020723,0.00135494,0.00512695,36.0,36.0,68.0
2025-07-21,ibm_marrakesh,2,370.0525,530.3384,0.00010613,0.00010613,0.00427714,0.00268555,36.0,36.0,68.0
2025-07-21,ibm_marrakesh,3,297.114,341.5725,0.00049608,0.00049608,0.02184498,0.00683594,36.0,36.0,80.0
2025-07-21,ibm_marrakesh,4,206.5091,84.736,0.00443599,0.00443599,0.01343387,0.03955078,36.0,36.0,68.0
2025-07-21,ibm_marrakesh,5,253.8682,100.5502,0.00014335,0.00014335,0.00129813,0.00366211,36.0,36.0,68.0
2025-07-21,ibm_marrakesh,6,289.6726,154.7428,0.00020652,0.00020652,0.00426915,0.00244141,36.0,36.0,68.0
2025-07-21,ibm_marrakesh,7,176.4367,60.6469,0.00030857,0.00030857,0.00274422,0.01367188,36.0,36.0,80.0
2025-07-21,ibm_marrakesh,8,263.4209,72.6406,0.00064677,0.00064677,0.00187784,0.00341797,36.0,36.0,68.0
2025-07-21,ibm_marrakesh,9,221.1772,143.2761,0.00019183,0.00019183,,0.01928711,36.0,36.0,
2025-07-20,ibm_marrakesh,0,283.8324,56.8016,0.0005414,0.0005414,0.00165282,0.00366211,36.0,36.0,68.0
2025-07-20,ibm_marrakesh,1,149.7283,130.0605,0.00020723,0.00020723,0.00135494,0.0065918,36.0,36.0,68.0
2025-07-20,ibm_marrakesh,2,184.2119,171.8793,0.00010613,0.00010613,0.00309532,0.00292969,36.0,36.0,68.0
2025-07-20,ibm_marrakesh,3,311.1716,292.7987,0.00034036,0.00034036,0.01219657,0.00708008,36.0,36.0,80.0
2025-07-20,ibm_marrakesh,4,202.4273,116.2218,0.0053426,0.0053426,0.0097305,0.04833984,36.0,36.0,68.0
2025-07-20,ibm_marrakesh,5,261.2611,183.2316,0.00014895,0.00014895,0.00129813,0.00683594,36.0,36.0,68.0
2025-07-20,ibm_marrakesh,6,346.9016,257.5367,0.00033577,0.00033577,0.00211947,0.00341797,36.0,36.0,68.0
2025-07-20,ibm_marrakesh,7,221.441,86.5506,0.00021576,0.00021576,0.00274422,0.00756836,36.0,36.0,80.0
2025-07-20,ibm_marrakesh,8,306.4323,116.45,0.00038182,0.00038182,0.00187784,0.00561523,36.0,36.0,68.0
2025-07-20,ibm_marrakesh,9,230.0757,94.0495,0.00023056,0.00023056,,0.41137695,36.0,36.0,
2025-07-19,ibm_marrakesh,0,318.9132,63.511,0.0005414,0.0005414,0.00165282,0.01513672,36.0,36.0,68.0
2025-07-19,ibm_marrakesh,1,188.5323,192.8041,0.00034357,0.00034357,0.00135494,0.0065918,36.0,36.0,68.0
2025-07-19,ibm_marrakesh,2,313.3687,338.6688,0.00027978,0.00027978,0.0018837,0.00292969,36.0,36.0,68.0
2025-07-19,ibm_marrakesh,3,201.6011,227.9644,0.00034036,0.00034036,0.00968236,0.00415039,36.0,36.0,80.0
2025-07-19,ibm_marrakesh,4,170.6762,56.5006,0.00695994,0.00695994,0.01107869,0.05908203,36.0,36.0,68.0
2025-07-19,ibm_marrakesh,5,279.261,78.6154,0.00024736,0.00024736,0.00125644,0.00317383,36.0,36.0,68.0
2025-07-19,ibm_marrakesh,6,328.8238,132.337,0.00025344,0.00025344,0.00254424,0.00317383,36.0,36.0,68.0
2025-07-19,ibm_marrakesh,7,232.3284,62.1786,0.0003089,0.0003089,0.00319544,0.01367188,36.0,36.0,80.0
2025-07-19,ibm_marrakesh,8,329.0516,53.6391,0.00038182,0.00038182,0.00185956,0.00463867,36.0,36.0,68.0
2025-07-19,ibm_marrakesh,9,230.0757,94.0495,0.00023056,0.00023056,,0.33642578,36.0,36.0,
2025-07-18,ibm_marrakesh,0,318.9132,63.511,0.0005414,0.0005414,0.00165282,0.01513672,36.0,36.0,68.0
2025-07-18,ibm_marrakesh,1,188.5323,192.8041,0.00034357,0.00034357,0.00135494,0.0065918,36.0,36.0,68.0
2025-07-18,ibm_marrakesh,2,313.3687,338.6688,0.00027978,0.00027978,0.0018837,0.00292969,36.0,36.0,68.0
2025-07-18,ibm_marrakesh,3,201.6011,227.9644,0.00034036,0.00034036,0.00968236,0.00415039,36.0,36.0,80.0
2025-07-18,ibm_marrakesh,4,170.6762,56.5006,0.00695994,0.00695994,0.01107869,0.05908203,36.0,36.0,68.0
2025-07-18,ibm_marrakesh,5,279.261,78.6154,0.00024736,0.00024736,0.00125644,0.00317383,36.0,36.0,68.0
2025-07-18,ibm_marrakesh,6,328.8238,132.337,0.00025344,0.00025344,0.00254424,0.00317383,36.0,36.0,68.0
2025-07-18,ibm_marrakesh,7,232.3284,62.1786,0.0003089,0.0003089,0.00319544,0.01367188,36.0,36.0,80.0
2025-07-18,ibm_marrakesh,8,329.0516,53.6391,0.00038182,0.00038182,0.00185956,0.00463867,36.0,36.0,68.0
2025-07-18,ibm_marrakesh,9,230.0757,94.0495,0.00023056,0.00023056,,0.33642578,36.0,36.0,
2025-07-17,ibm_marrakesh,0,274.5352,56.3849,0.00012583,0.00012583,0.00165282,0.00463867,36.0,36.0,68.0
2025-07-17,ibm_marrakesh,1,183.4845,164.7277,0.00023661,0.00023661,0.00142695,0.00292969,36.0,36.0,68.0
2025-07-17,ibm_marrakesh,2,371.7917,470.3834,0.00013037,0.00013037,0.0018837,0.00561523,36.0,36.0,68.0
2025-07-17,ibm_marrakesh,3,239.0976,253.4017,0.00057074,0.00057074,0.01045959,0.00439453,36.0,36.0,80.0
2025-07-17,ibm_marrakesh,4,142.7669,106.2261,0.00587791,0.00587791,0.01007034,0.05004883,36.0,36.0,68.0
2025-07-17,ibm_marrakesh,5,261.6221,197.5054,0.00023941,0.00023941,0.00132363,0.00415039,36.0,36.0,68.0
2025-07-17,ibm_marrakesh,6,322.6533,188.9966,0.00016292,0.00016292,0.00487564,0.00366211,36.0,36.0,68.0
2025-07-17,ibm_marrakesh,7,173.0416,100.324,0.00029558,0.00029558,0.00192167,0.01049805,36.0,36.0,80.0
2025-07-17,ibm_marrakesh,8,334.941,113.6801,0.00020015,0.00020015,0.00185956,0.00512695,36.0,36.0,68.0
2025-07-17,ibm_marrakesh,9,188.3745,188.0506,0.00019796,0.00019796,,0.09619141,36.0,36.0,
2025-07-16,ibm_marrakesh,0,113.7591,52.5203,0.00113314,0.00113314,0.00348102,0.00488281,36.0,36.0,68.0
2025-07-16,ibm_marrakesh,1,118.5673,130.4879,0.00029459,0.00029459,0.00156341,0.0065918,36.0,36.0,68.0
2025-07-16,ibm_marrakesh,2,241.1958,246.6242,0.00018166,0.00018166,0.00137212,0.00292969,36.0,36.0,68.0
2025-07-16,ibm_marrakesh,3,296.1674,361.689,0.00047572,0.00047572,0.01146861,0.01733398,36.0,36.0,80.0
2025-07-16,ibm_marrakesh,4,166.6521,67.3656,0.0075712,0.0075712,0.01243629,0.05566406,36.0,36.0,68.0
2025-07-16,ibm_marrakesh,5,250.9787,100.3458,0.00022407,0.00022407,0.00132363,0.00708008,36.0,36.0,68.0
2025-07-16,ibm_marrakesh,6,345.7546,161.0046,0.00019587,0.00019587,0.0022543,0.00170898,36.0,36.0,68.0
2025-07-16,ibm_marrakesh,7,130.4969,53.3681,0.00034647,0.00034647,0.00279869,0.01293945,36.0,36.0,80.0
2025-07-16,ibm_marrakesh,8,318.9505,21.6788,0.00034393,0.00034393,0.00185956,0.01513672,36.0,36.0,68.0
2025-07-16,ibm_marrakesh,9,242.9551,148.9466,0.00019796,0.00019796,,0.3112793,36.0,36.0,
2025-07-15,ibm_marrakesh,0,425.0938,66.3939,0.00113314,0.00113314,0.00181648,0.00390625,36.0,36.0,68.0
2025-07-15,ibm_marrakesh,1,211.5722,219.4573,0.00021431,0.00021431,0.00117384,0.00366211,36.0,36.0,68.0
2025-07-15,ibm_marrakesh,2,244.8327,313.8372,0.00016502,0.00016502,0.00384463,0.00195312,36.0,36.0,68.0
2025-07-15,ibm_marrakesh,3,213.3299,168.3916,0.00041061,0.00041061,0.01348266,0.00488281,36.0,36.0,80.0
2025-07-15,ibm_marrakesh,4,179.362,105.8887,0.00537615,0.00537615,0.0117405,0.04931641,36.0,36.0,68.0
2025-07-15,ibm_marrakesh,5,189.9781,135.6062,0.00035798,0.00035798,0.00164588,0.00756836,36.0,36.0,68.0
2025-07-15,ibm_marrakesh,6,272.7079,196.3528,0.00027561,0.00027561,0.00210232,0.00439453,36.0,36.0,68.0
2025-07-15,ibm_marrakesh,7,329.7316,107.8029,0.00020213,0.00020213,0.0033322,0.01513672,36.0,36.0,80.0
2025-07-15,ibm_marrakesh,8,318.9505,108.2955,0.00034393,0.00034393,0.00286445,0.0065918,36.0,36.0,68.0
2025-07-15,ibm_marrakesh,9,217.269,200.5967,0.00025061,0.00025061,,0.00878906,36.0,36.0,
2025-07-14,ibm_marrakesh,0,425.0938,66.3939,0.00113314,0.00113314,0.00181648,0.00390625,36.0,36.0,68.0
2025-07-14,ibm_marrakesh,1,211.5722,219.4573,0.00017282,0.00017282,0.00117384,0.00463867,36.0,36.0,68.0
2025-07-14,ibm_marrakesh,2,244.8327,313.8372,0.00016502,0.00016502,0.00137029,0.00292969,36.0,36.0,68.0
2025-07-14,ibm_marrakesh,3,213.3299,168.3916,0.00039155,0.00039155,0.01125369,0.00512695,36.0,36.0,80.0
2025-07-14,ibm_marrakesh,4,179.362,105.8887,0.00553297,0.00553297,0.0117405,0.06591797,36.0,36.0,68.0
2025-07-14,ibm_marrakesh,5,189.9781,135.6062,0.00017736,0.00017736,0.00158184,0.00366211,36.0,36.0,68.0
2025-07-14,ibm_marrakesh,6,272.7079,196.3528,0.00045599,0.00045599,0.00163151,0.00292969,36.0,36.0,68.0
2025-07-14,ibm_marrakesh,7,329.7316,107.8029,0.00029375,0.00029375,0.00241209,0.01269531,36.0,36.0,80.0
2025-07-14,ibm_marrakesh,8,318.9505,108.2955,0.00028441,0.00028441,0.00278601,0.01171875,36.0,36.0,68.0
2025-07-14,ibm_marrakesh,9,217.269,200.5967,0.00013002,0.00013002,,0.02929688,36.0,36.0,
2025-07-13,ibm_marrakesh,0,386.6854,39.7912,0.00113314,0.00113314,0.00189605,0.00537109,36.0,36.0,68.0
2025-07-13,ibm_marrakesh,1,216.359,230.094,0.00017282,0.00017282,0.00122557,0.00366211,36.0,36.0,68.0
2025-07-13,ibm_marrakesh,2,216.1366,207.4961,0.00016502,0.00016502,0.00137029,0.00439453,36.0,36.0,68.0
2025-07-13,ibm_marrakesh,3,298.3067,317.4482,0.00039155,0.00039155,0.01184885,0.00708008,36.0,36.0,80.0
2025-07-13,ibm_marrakesh,4,176.5957,146.1208,0.00553297,0.00553297,0.01308705,0.05273438,36.0,36.0,68.0
2025-07-13,ibm_marrakesh,5,255.3488,199.4014,0.00017736,0.00017736,0.00212351,0.00683594,36.0,36.0,68.0
2025-07-13,ibm_marrakesh,6,312.1706,309.2436,0.00045599,0.00045599,0.00193863,0.00244141,36.0,36.0,68.0
2025-07-13,ibm_marrakesh,7,298.2122,134.2068,0.00029375,0.00029375,0.00280579,0.00756836,36.0,36.0,80.0
2025-07-13,ibm_marrakesh,8,236.0146,119.709,0.00028441,0.00028441,0.0022884,0.00390625,36.0,36.0,68.0
2025-07-13,ibm_marrakesh,9,210.167,273.744,0.00013002,0.00013002,,0.01928711,36.0,36.0,
2025-07-12,ibm_marrakesh,0,386.6854,46.5601,0.00113314,0.00113314,0.00188265,0.01489258,36.0,36.0,68.0
2025-07-12,ibm_marrakesh,1,121.0979,149.9524,0.00025303,0.00025303,0.00114178,0.01513672,36.0,36.0,68.0
2025-07-12,ibm_marrakesh,2,237.3221,239.2921,0.00017774,0.00017774,0.00617976,0.00366211,36.0,36.0,68.0
2025-07-12,ibm_marrakesh,3,292.3381,303.0737,0.00051849,0.00051849,0.01915456,0.00439453,36.0,36.0,80.0
2025-07-12,ibm_marrakesh,4,179.6262,82.6855,0.00656443,0.00656443,0.01271942,0.07519531,36.0,36.0,68.0
2025-07-12,ibm_marrakesh,5,189.8698,109.1266,0.00024689,0.00024689,0.00133898,0.00512695,36.0,36.0,68.0
2025-07-12,ibm_marrakesh,6,308.782,184.8784,0.00045599,0.00045599,0.00142155,0.00317383,36.0,36.0,68.0
2025-07-12,ibm_marrakesh,7,230.3926,78.3921,0.00026332,0.00026332,0.00216699,0.01147461,36.0,36.0,80.0
2025-07-12,ibm_marrakesh,8,231.8306,86.8584,0.00028441,0.00028441,0.0022059,0.00439453,36.0,36.0,68.0
2025-07-12,ibm_marrakesh,9,188.2801,140.2996,0.00021558,0.00021558,,0.01074219,36.0,36.0,
2025-07-11,ibm_marrakesh,0,367.9356,55.5465,0.00038293,0.00038293,0.00144684,0.00341797,36.0,36.0,68.0
2025-07-11,ibm_marrakesh,1,184.6672,169.7528,0.0002697,0.0002697,0.00114178,0.00317383,36.0,36.0,68.0
2025-07-11,ibm_marrakesh,2,298.4327,397.7132,0.00018986,0.00018986,0.00203294,0.00366211,36.0,36.0,68.0
2025-07-11,ibm_marrakesh,3,225.2855,185.0728,0.00015005,0.00015005,0.01091346,0.00561523,36.0,36.0,80.0
2025-07-11,ibm_marrakesh,4,150.6488,77.8059,0.00703049,0.00703049,0.01074479,0.06274414,36.0,36.0,68.0
2025-07-11,ibm_marrakesh,5,283.7027,125.97,0.00017523,0.00017523,0.00133898,0.00390625,36.0,36.0,68.0
2025-07-11,ibm_marrakesh,6,293.6922,168.5464,0.00031633,0.00031633,0.00142155,0.00927734,36.0,36.0,68.0
2025-07-11,ibm_marrakesh,7,269.8193,70.8298,0.00017767,0.00017767,0.00218334,0.01000977,36.0,36.0,80.0
2025-07-11,ibm_marrakesh,8,289.5977,68.3335,0.00028441,0.00028441,0.00226643,0.00463867,36.0,36.0,68.0
2025-07-11,ibm_marrakesh,9,206.8796,129.8928,0.00022248,0.00022248,,0.1171875,36.0,36.0,
2025-07-10,ibm_marrakesh,0,159.7774,52.2143,0.00027486,0.00027486,0.00144684,0.00341797,36.0,36.0,68.0
2025-07-10,ibm_marrakesh,1,156.6299,156.285,0.000212,0.000212,0.00114178,0.00317383,36.0,36.0,68.0
2025-07-10,ibm_marrakesh,2,368.2653,458.0673,0.00018986,0.00018986,0.00203294,0.00366211,36.0,36.0,68.0
2025-07-10,ibm_marrakesh,3,297.3861,344.4939,0.00092421,0.00092421,0.01091346,0.00561523,36.0,36.0,80.0
2025-07-10,ibm_marrakesh,4,213.7332,106.8104,0.00615483,0.00615483,0.01074479,0.06274414,36.0,36.0,68.0
2025-07-10,ibm_marrakesh,5,203.6998,118.2172,0.00021109,0.00021109,0.00133898,0.00390625,36.0,36.0,68.0
2025-07-10,ibm_marrakesh,6,268.2377,155.3222,0.00020494,0.00020494,0.00142155,0.00927734,36.0,36.0,68.0
2025-07-10,ibm_marrakesh,7,297.1923,87.2103,0.00035731,0.00035731,0.00218334,0.01000977,36.0,36.0,80.0
2025-07-10,ibm_marrakesh,8,234.7147,88.5035,0.00031995,0.00031995,0.00226643,0.00463867,36.0,36.0,68.0
2025-07-10,ibm_marrakesh,9,248.1789,166.1527,0.00016382,0.00016382,,0.1171875,36.0,36.0,
2025-07-09,ibm_marrakesh,0,164.2236,44.7908,0.00027486,0.00027486,0.00144684,0.00366211,36.0,36.0,68.0
2025-07-09,ibm_marrakesh,1,188.2779,203.2057,0.000212,0.000212,0.00114178,0.00317383,36.0,36.0,68.0
2025-07-09,ibm_marrakesh,2,181.4603,265.8528,0.00015498,0.00015498,0.00116845,0.00512695,36.0,36.0,68.0
2025-07-09,ibm_marrakesh,3,327.0214,343.999,0.00025725,0.00025725,0.01077108,0.13354492,36.0,36.0,80.0
2025-07-09,ibm_marrakesh,4,130.0501,60.6739,0.00972572,0.00972572,0.01058604,0.05688477,36.0,36.0,68.0
2025-07-09,ibm_marrakesh,5,234.4019,68.4383,0.00018879,0.00018879,0.00132912,0.00195312,36.0,36.0,68.0
2025-07-09,ibm_marrakesh,6,117.4668,71.1106,0.00026889,0.00026889,0.00142155,0.00439453,36.0,36.0,68.0
2025-07-09,ibm_marrakesh,7,177.9913,47.2871,0.00017595,0.00017595,0.00228866,0.01098633,36.0,36.0,80.0
2025-07-09,ibm_marrakesh,8,254.5227,56.6705,0.00028899,0.00028899,0.00226643,0.00415039,36.0,36.0,68.0
2025-07-09,ibm_marrakesh,9,239.6664,95.537,0.00013902,0.00013902,,0.0078125,36.0,36.0,
2025-07-08,ibm_marrakesh,0,330.8486,116.9172,0.00044117,0.00044117,0.00145279,0.00537109,36.0,36.0,68.0
2025-07-08,ibm_marrakesh,1,173.5573,183.9766,0.00024307,0.00024307,0.00114178,0.00488281,36.0,36.0,68.0
2025-07-08,ibm_marrakesh,2,291.9294,373.6745,0.00015498,0.00015498,0.00184022,0.00195312,36.0,36.0,68.0
2025-07-08,ibm_marrakesh,3,288.3868,291.6946,0.00042077,0.00042077,0.0117598,0.00976562,36.0,36.0,80.0
2025-07-08,ibm_marrakesh,4,193.4562,106.0281,0.00585772,0.00585772,0.01280677,0.06274414,36.0,36.0,68.0
2025-07-08,ibm_marrakesh,5,315.3489,164.4079,0.0002068,0.0002068,0.00132912,0.00366211,36.0,36.0,68.0
2025-07-08,ibm_marrakesh,6,216.9898,131.3864,0.0001435,0.0001435,0.00383324,0.00317383,36.0,36.0,68.0
2025-07-08,ibm_marrakesh,7,278.5787,101.4413,0.00181783,0.00181783,0.00202913,0.01904297,36.0,36.0,80.0
2025-07-08,ibm_marrakesh,8,189.8068,100.0661,0.0002337,0.0002337,0.00240225,0.00439453,36.0,36.0,68.0
2025-07-08,ibm_marrakesh,9,149.1568,132.2585,0.00013614,0.00013614,,0.01489258,36.0,36.0,
2025-07-07,ibm_marrakesh,0,353.154,70.9385,0.00044117,0.00044117,0.00145279,0.00219727,36.0,36.0,68.0
2025-07-07,ibm_marrakesh,1,210.0917,191.2346,0.00024307,0.00024307,0.00114178,0.00439453,36.0,36.0,68.0
2025-07-07,ibm_marrakesh,2,315.3556,383.6631,0.00015498,0.00015498,0.00184022,0.00268555,36.0,36.0,68.0
2025-07-07,ibm_marrakesh,3,240.7236,282.9238,0.00042077,0.00042077,0.0117598,0.00488281,36.0,36.0,80.0
2025-07-07,ibm_marrakesh,4,124.841,68.3417,0.00585772,0.00585772,0.01280677,0.06201172,36.0,36.0,68.0
2025-07-07,ibm_marrakesh,5,325.1688,136.6509,0.0002068,0.0002068,0.00132912,0.00268555,36.0,36.0,68.0
2025-07-07,ibm_marrakesh,6,178.4704,148.6024,0.0001435,0.0001435,0.00383324,0.00463867,36.0,36.0,68.0
2025-07-07,ibm_marrakesh,7,258.4961,85.2443,0.00181783,0.00181783,0.00202913,0.00976562,36.0,36.0,80.0
2025-07-07,ibm_marrakesh,8,249.8099,88.0182,0.0002337,0.0002337,0.00240225,0.00219727,36.0,36.0,68.0
2025-07-07,ibm_marrakesh,9,222.0372,152.8165,0.00013614,0.00013614,,0.05517578,36.0,36.0,
2025-07-06,ibm_marrakesh,0,353.9577,61.3534,0.00044117,0.00044117,0.00145279,0.00195312,36.0,36.0,68.0
2025-07-06,ibm_marrakesh,1,148.0943,166.2932,0.00024307,0.00024307,0.00114178,0.00195312,36.0,36.0,68.0
2025-07-06,ibm_marrakesh,2,335.1305,424.2567,0.00015498,0.00015498,0.00317858,0.00292969,36.0,36.0,68.0
2025-07-06,ibm_marrakesh,3,355.6855,333.4045,0.00042077,0.00042077,0.01440278,0.00756836,36.0,36.0,80.0
2025-07-06,ibm_marrakesh,4,199.6002,71.0077,0.00585772,0.00585772,0.01289993,0.05297852,36.0,36.0,68.0
2025-07-06,ibm_marrakesh,5,352.6352,66.3207,0.0002068,0.0002068,0.00135644,0.00585938,36.0,36.0,68.0
2025-07-06,ibm_marrakesh,6,362.3414,115.0009,0.0001435,0.0001435,0.00383324,0.00244141,36.0,36.0,68.0
2025-07-06,ibm_marrakesh,7,326.2054,63.0439,0.00181783,0.00181783,0.00462268,0.00708008,36.0,36.0,80.0
2025-07-06,ibm_marrakesh,8,97.764,30.9503,0.0002337,0.0002337,0.00166982,0.00537109,36.0,36.0,68.0
2025-07-06,ibm_marrakesh,9,201.0717,110.7386,0.00013614,0.00013614,,0.00610352,36.0,36.0,
2025-07-05,ibm_marrakesh,0,314.9857,118.7654,0.00030627,0.00030627,0.00181975,0.00366211,36.0,36.0,68.0
2025-07-05,ibm_marrakesh,1,184.3144,165.1661,0.00020747,0.00020747,0.00114178,0.00317383,36.0,36.0,68.0
2025-07-05,ibm_marrakesh,2,360.0965,73.1116,0.00015498,0.00015498,0.00401695,0.00610352,36.0,36.0,68.0
2025-07-05,ibm_marrakesh,3,307.867,153.9663,0.00054088,0.00054088,0.01742402,0.00537109,36.0,36.0,80.0
2025-07-05,ibm_marrakesh,4,165.4963,103.0716,0.00626439,0.00626439,0.01224965,0.04394531,36.0,36.0,68.0
2025-07-05,ibm_marrakesh,5,352.6352,195.9119,0.00022108,0.00022108,0.00135644,0.00610352,36.0,36.0,68.0
2025-07-05,ibm_marrakesh,6,180.7191,166.8941,0.0001435,0.0001435,0.00140627,0.00537109,36.0,36.0,68.0
2025-07-05,ibm_marrakesh,7,305.3831,110.9949,0.00027595,0.00027595,0.00225269,0.00854492,36.0,36.0,80.0
2025-07-05,ibm_marrakesh,8,191.4448,89.6405,0.00035293,0.00035293,0.00236813,0.00561523,36.0,36.0,68.0
2025-07-05,ibm_marrakesh,9,212.2243,190.7656,0.00017399,0.00017399,,0.04882812,36.0,36.0,
2025-07-04,ibm_marrakesh,0,86.663,36.048,0.00026423,0.00026423,0.00181975,0.00512695,36.0,36.0,68.0
2025-07-04,ibm_marrakesh,1,206.7691,166.1922,0.00017431,0.00017431,0.00114178,0.00415039,36.0,36.0,68.0
2025-07-04,ibm_marrakesh,2,360.0965,95.808,0.00023263,0.00023263,0.00294728,0.00463867,36.0,36.0,68.0
2025-07-04,ibm_marrakesh,3,356.4986,330.5538,0.00024445,0.00024445,0.01276511,0.00463867,36.0,36.0,80.0
2025-07-04,ibm_marrakesh,4,182.7534,44.3782,0.0080412,0.0080412,0.01104477,0.05151367,36.0,36.0,68.0
2025-07-04,ibm_marrakesh,5,328.4762,58.1301,0.00026402,0.00026402,0.00243061,0.00683594,36.0,36.0,68.0
2025-07-04,ibm_marrakesh,6,173.7546,40.0475,0.00025838,0.00025838,0.00173396,0.00439453,36.0,36.0,68.0
2025-07-04,ibm_marrakesh,7,264.4937,51.3215,0.00028338,0.00028338,0.00219198,0.01464844,36.0,36.0,80.0
2025-07-04,ibm_marrakesh,8,218.4392,44.6995,0.00013242,0.00013242,0.00221696,0.00390625,36.0,36.0,68.0
2025-07-04,ibm_marrakesh,9,203.8672,72.6647,0.00015772,0.00015772,,0.01464844,36.0,36.0,
2025-07-03,ibm_marrakesh,0,235.8578,57.9819,0.00026423,0.00026423,0.00211161,0.00146484,36.0,36.0,68.0
2025-07-03,ibm_marrakesh,1,207.2884,212.5645,0.0002194,0.0002194,0.00114178,0.00292969,36.0,36.0,68.0
2025-07-03,ibm_marrakesh,2,360.0965,598.6517,0.00023263,0.00023263,0.00343428,0.00366211,36.0,36.0,68.0
2025-07-03,ibm_marrakesh,3,356.4986,330.5538,0.00039598,0.00039598,0.01392137,0.00561523,36.0,36.0,80.0
2025-07-03,ibm_marrakesh,4,186.5184,113.9181,0.00621295,0.00621295,0.01142166,0.03979492,36.0,36.0,68.0
2025-07-03,ibm_marrakesh,5,260.0293,179.3563,0.00024008,0.00024008,0.00243061,0.00610352,36.0,36.0,68.0
2025-07-03,ibm_marrakesh,6,306.0017,185.5253,0.00017028,0.00017028,0.00162745,0.00488281,36.0,36.0,68.0
2025-07-03,ibm_marrakesh,7,255.9979,101.1283,0.00027447,0.00027447,0.00258297,0.00708008,36.0,36.0,80.0
2025-07-03,ibm_marrakesh,8,158.0381,82.7811,0.00036042,0.00036042,0.00288879,0.00390625,36.0,36.0,68.0
2025-07-03,ibm_marrakesh,9,251.0494,223.6055,0.0002451,0.0002451,,0.02416992,36.0,36.0,
2025-07-02,ibm_marrakesh,0,388.9184,144.0757,0.0008795,0.0008795,0.0026258,0.00439453,36.0,36.0,68.0
2025-07-02,ibm_marrakesh,1,146.1606,171.6408,0.00027465,0.00027465,0.00114178,0.00439453,36.0,36.0,68.0
2025-07-02,ibm_marrakesh,2,345.9301,551.4122,0.00023263,0.00023263,0.00245917,0.00341797,36.0,36.0,68.0
2025-07-02,ibm_marrakesh,3,168.7816,139.6004,0.00034871,0.00034871,0.01238313,0.01000977,36.0,36.0,80.0
2025-07-02,ibm_marrakesh,4,154.8559,93.336,0.00499941,0.00499941,0.01262029,0.10205078,36.0,36.0,68.0
2025-07-02,ibm_marrakesh,5,135.0184,87.4802,0.00026243,0.00026243,0.00243061,0.00439453,36.0,36.0,68.0
2025-07-02,ibm_marrakesh,6,306.5693,163.3132,0.00036623,0.00036623,0.00129446,0.00439453,36.0,36.0,68.0
2025-07-02,ibm_marrakesh,7,273.8719,84.1168,0.00027447,0.00027447,0.00272569,0.00756836,36.0,36.0,80.0
2025-07-02,ibm_marrakesh,8,283.5255,93.8113,0.00035684,0.00035684,0.00281072,0.00366211,36.0,36.0,68.0
2025-07-02,ibm_marrakesh,9,221.3207,186.5315,0.00026842,0.00026842,,0.02441406,36.0,36.0,
2025-07-01,ibm_marrakesh,0,291.6431,62.6608,0.0008795,0.0008795,0.00199012,0.00146484,36.0,36.0,68.0
2025-07-01,ibm_marrakesh,1,200.4107,190.4206,0.00020685,0.00020685,0.00114178,0.00415039,36.0,36.0,68.0
2025-07-01,ibm_marrakesh,2,368.4682,497.6802,0.00023263,0.00023263,0.00305478,0.00268555,36.0,36.0,68.0
2025-07-01,ibm_marrakesh,3,331.8139,310.8389,0.00017885,0.00017885,0.00942066,0.00537109,36.0,36.0,80.0
2025-07-01,ibm_marrakesh,4,169.914,141.9864,0.00614505,0.00614505,0.01187282,0.06103516,36.0,36.0,68.0
2025-07-01,ibm_marrakesh,5,297.6476,266.1327,0.00034402,0.00034402,0.00243061,0.00439453,36.0,36.0,68.0
2025-07-01,ibm_marrakesh,6,325.7606,293.2107,0.00032028,0.00032028,0.00129446,0.00439453,36.0,36.0,68.0
2025-07-01,ibm_marrakesh,7,181.5302,104.5226,0.00027641,0.00027641,0.00220938,0.01293945,36.0,36.0,80.0
2025-07-01,ibm_marrakesh,8,280.1429,33.9265,0.00030949,0.00030949,0.00255681,0.00341797,36.0,36.0,68.0
2025-07-01,ibm_marrakesh,9,171.285,200.451,0.00018704,0.00018704,,0.03198242,36.0,36.0,
2025-06-30,ibm_marrakesh,0,305.233,66.5488,0.00036032,0.00036032,0.00207325,0.00463867,36.0,36.0,68.0
2025-06-30,ibm_marrakesh,1,199.6469,178.4599,0.00022325,0.00022325,0.00114178,0.00390625,36.0,36.0,68.0
2025-06-30,ibm_marrakesh,2,321.5328,402.3632,0.000179,0.000179,0.00305478,0.0065918,36.0,36.0,68.0
2025-06-30,ibm_marrakesh,3,225.9931,239.0293,0.00028008,0.00028008,0.01523449,0.00561523,36.0,36.0,80.0
2025-06-30,ibm_marrakesh,4,150.7321,55.4918,0.00662968,0.00662968,0.01344392,0.05371094,36.0,36.0,68.0
2025-06-30,ibm_marrakesh,5,286.4859,77.5954,0.0002623,0.0002623,0.00243061,0.00439453,36.0,36.0,68.0
2025-06-30,ibm_marrakesh,6,280.3783,106.5663,0.0004987,0.0004987,0.00144121,0.00341797,36.0,36.0,68.0
2025-06-30,ibm_marrakesh,7,282.1025,53.2691,0.00029578,0.00029578,0.00245325,0.01098633,36.0,36.0,80.0
2025-06-30,ibm_marrakesh,8,289.1096,60.9312,0.0002681,0.0002681,0.00193962,0.00439453,36.0,36.0,68.0
2025-06-30,ibm_marrakesh,9,152.7661,101.0538,0.0001744,0.0001744,,0.04125977,36.0,36.0,
2025-06-29,ibm_marrakesh,0,305.233,63.5656,0.00036032,0.00036032,0.00207325,0.0078125,36.0,36.0,68.0
2025-06-29,ibm_marrakesh,1,203.6277,184.0688,0.00022325,0.00022325,0.00114178,0.00585938,36.0,36.0,68.0
2025-06-29,ibm_marrakesh,2,343.5214,500.9854,0.00020472,0.00020472,0.00237317,0.00366211,36.0,36.0,68.0
2025-06-29,ibm_marrakesh,3,255.0884,241.6914,0.00030754,0.00030754,0.01273902,0.00341797,36.0,36.0,80.0
2025-06-29,ibm_marrakesh,4,147.262,51.5988,0.00630581,0.00630581,0.01515452,0.03808594,36.0,36.0,68.0
2025-06-29,ibm_marrakesh,5,264.4479,192.1208,0.0002645,0.0002645,0.00243061,0.00610352,36.0,36.0,68.0
2025-06-29,ibm_marrakesh,6,332.9561,244.1366,0.00034984,0.00034984,0.00242298,0.00390625,36.0,36.0,68.0
2025-06-29,ibm_marrakesh,7,143.2846,85.6339,0.00021972,0.00021972,0.0022424,0.0090332,36.0,36.0,80.0
2025-06-29,ibm_marrakesh,8,293.8698,145.4296,0.00019657,0.00019657,0.00231769,0.00292969,36.0,36.0,68.0
2025-06-29,ibm_marrakesh,9,153.0634,150.8485,0.00023133,0.00023133,,0.03466797,36.0,36.0,
2025-06-28,ibm_marrakesh,0,336.4094,48.5127,0.00047769,0.00047769,0.00207325,0.00341797,36.0,36.0,68.0
2025-06-28,ibm_marrakesh,1,198.4632,197.1892,0.00022325,0.00022325,0.00191986,0.00390625,36.0,36.0,68.0
2025-06-28,ibm_marrakesh,2,287.69,352.5611,0.00020472,0.00020472,0.00157042,0.00366211,36.0,36.0,68.0
2025-06-28,ibm_marrakesh,3,250.9622,283.86,0.00030754,0.00030754,0.01301401,0.00976562,36.0,36.0,80.0
2025-06-28,ibm_marrakesh,4,147.262,78.8862,0.0069698,0.0069698,0.01238337,0.046875,36.0,36.0,68.0
2025-06-28,ibm_marrakesh,5,362.9629,121.8889,0.0002645,0.0002645,0.00146544,0.00439453,36.0,36.0,68.0
2025-06-28,ibm_marrakesh,6,308.9612,135.1897,0.00026066,0.00026066,0.00120563,0.00317383,36.0,36.0,68.0
2025-06-28,ibm_marrakesh,7,247.6652,67.2097,0.00031696,0.00031696,0.00250034,0.01000977,36.0,36.0,80.0
2025-06-28,ibm_marrakesh,8,241.697,71.1488,0.00050141,0.00050141,0.00248334,0.00488281,36.0,36.0,68.0
2025-06-28,ibm_marrakesh,9,182.1318,129.3972,0.00026498,0.00026498,,0.0324707,36.0,36.0,
2025-06-27,ibm_marrakesh,0,336.4094,48.5127,0.00047769,0.00047769,0.00196829,0.00610352,36.0,36.0,68.0
2025-06-27,ibm_marrakesh,1,198.4632,197.1892,0.00024512,0.00024512,0.00191986,0.00341797,36.0,36.0,68.0
2025-06-27,ibm_marrakesh,2,287.69,352.5611,0.00020472,0.00020472,0.00574857,0.00488281,36.0,36.0,68.0
2025-06-27,ibm_marrakesh,3,250.9622,283.86,0.00076389,0.00076389,0.0172625,0.03833008,36.0,36.0,80.0
2025-06-27,ibm_marrakesh,4,147.262,78.8862,0.00543866,0.00543866,0.01362119,0.06054688,36.0,36.0,68.0
2025-06-27,ibm_marrakesh,5,362.9629,121.8889,0.00024257,0.00024257,0.00174774,0.00463867,36.0,36.0,68.0
2025-06-27,ibm_marrakesh,6,308.9612,135.1897,0.0001644,0.0001644,0.00120563,0.00366211,36.0,36.0,68.0
2025-06-27,ibm_marrakesh,7,247.6652,67.2097,0.00027876,0.00027876,0.00186866,0.01147461,36.0,36.0,80.0
2025-06-27,ibm_marrakesh,8,241.697,71.1488,0.00023717,0.00023717,0.00196635,0.00634766,36.0,36.0,68.0
2025-06-27,ibm_marrakesh,9,182.1318,129.3972,0.00013164,0.00013164,,0.01904297,36.0,36.0,
2025-06-26,ibm_marrakesh,0,327.1381,73.7317,0.00047769,0.00047769,0.00213385,0.00390625,36.0,36.0,68.0
2025-06-26,ibm_marrakesh,1,201.0388,197.0143,0.00024512,0.00024512,0.00191986,0.00439453,36.0,36.0,68.0
2025-06-26,ibm_marrakesh,2,367.0831,480.0224,0.00010558,0.00010558,0.00203325,0.00268555,36.0,36.0,68.0
2025-06-26,ibm_marrakesh,3,323.578,361.7871,0.0003862,0.0003862,0.01217681,0.01049805,36.0,36.0,80.0
2025-06-26,ibm_marrakesh,4,194.9422,155.8382,0.00655383,0.00655383,0.01342755,0.0690918,36.0,36.0,68.0
2025-06-26,ibm_marrakesh,5,333.2845,281.632,0.00024257,0.00024257,0.00174774,0.00415039,36.0,36.0,68.0
2025-06-26,ibm_marrakesh,6,358.5117,271.568,0.00021095,0.00021095,0.00220137,0.00561523,36.0,36.0,68.0
2025-06-26,ibm_marrakesh,7,257.002,116.1534,0.000265,0.000265,0.00284802,0.01025391,36.0,36.0,80.0
2025-06-26,ibm_marrakesh,8,179.8,126.2758,0.00020502,0.00020502,0.00346651,0.00488281,36.0,36.0,68.0
2025-06-26,ibm_marrakesh,9,163.5465,217.9649,0.00015978,0.00015978,,0.02832031,36.0,36.0,
2025-06-25,ibm_marrakesh,0,266.0779,125.5147,0.00035836,0.00035836,0.00213385,0.00585938,36.0,36.0,68.0
2025-06-25,ibm_marrakesh,1,211.929,219.2861,0.00016502,0.00016502,0.00191986,0.00415039,36.0,36.0,68.0
2025-06-25,ibm_marrakesh,2,292.6727,379.1867,0.00012596,0.00012596,0.00318239,0.00390625,36.0,36.0,68.0
2025-06-25,ibm_marrakesh,3,205.7557,243.4275,0.00023256,0.00023256,0.0131588,0.00488281,36.0,36.0,80.0
2025-06-25,ibm_marrakesh,4,179.6324,55.2728,0.00614059,0.00614059,0.01277382,0.05786133,36.0,36.0,68.0
2025-06-25,ibm_marrakesh,5,303.189,83.5848,0.00015944,0.00015944,0.0019608,0.00366211,36.0,36.0,68.0
2025-06-25,ibm_marrakesh,6,253.5435,100.7072,0.00025325,0.00025325,0.00163942,0.00366211,36.0,36.0,68.0
2025-06-25,ibm_marrakesh,7,211.7555,53.6383,0.0004815,0.0004815,0.00191349,0.00756836,36.0,36.0,80.0
2025-06-25,ibm_marrakesh,8,187.4233,58.4193,0.00017576,0.00017576,0.00190756,0.00708008,36.0,36.0,68.0
2025-06-25,ibm_marrakesh,9,75.7137,64.8611,0.00018001,0.00018001,,0.01416016,36.0,36.0,
2025-06-24,ibm_marrakesh,0,322.3959,77.8111,0.00035836,0.00035836,0.00191793,0.00683594,36.0,36.0,68.0
2025-06-24,ibm_marrakesh,1,144.9991,144.7776,0.00018521,0.00018521,0.00191986,0.00390625,36.0,36.0,68.0
2025-06-24,ibm_marrakesh,2,438.8007,498.0291,0.00012596,0.00012596,0.00233581,0.00317383,36.0,36.0,68.0
2025-06-24,ibm_marrakesh,3,242.4988,223.3082,0.00026805,0.00026805,0.00733399,0.00488281,36.0,36.0,80.0
2025-06-24,ibm_marrakesh,4,68.6751,67.4647,0.00309412,0.00309412,0.00804698,0.03198242,36.0,36.0,68.0
2025-06-24,ibm_marrakesh,5,366.2325,276.1907,0.00024148,0.00024148,0.0019608,0.00366211,36.0,36.0,68.0
2025-06-24,ibm_marrakesh,6,249.4307,282.5088,0.00025325,0.00025325,0.00161115,0.00390625,36.0,36.0,68.0
2025-06-24,ibm_marrakesh,7,132.6829,71.5694,0.00018687,0.00018687,0.00197155,0.00878906,36.0,36.0,80.0
2025-06-24,ibm_marrakesh,8,194.3978,131.314,0.0001924,0.0001924,0.00190756,0.00219727,36.0,36.0,68.0
2025-06-24,ibm_marrakesh,9,143.0485,162.9838,0.00017394,0.00017394,,0.02514648,36.0,36.0,
2025-06-23,ibm_marrakesh,0,353.5671,84.0944,0.00019876,0.00019876,0.00276694,0.01025391,36.0,36.0,68.0
2025-06-23,ibm_marrakesh,1,170.6822,199.3242,0.00018521,0.00018521,0.00191986,0.00341797,36.0,36.0,68.0
2025-06-23,ibm_marrakesh,2,400.1037,481.6282,0.00028297,0.00028297,0.00117136,0.00219727,36.0,36.0,68.0
2025-06-23,ibm_marrakesh,3,343.5447,367.3384,0.00027424,0.00027424,0.0056602,0.00634766,36.0,36.0,80.0
2025-06-23,ibm_marrakesh,4,186.3102,116.9985,0.00267064,0.00267064,0.0074602,0.02685547,36.0,36.0,68.0
2025-06-23,ibm_marrakesh,5,361.9103,173.7109,0.0001986,0.0001986,0.00179064,0.00512695,36.0,36.0,68.0
2025-06-23,ibm_marrakesh,6,180.9393,128.1665,0.00030975,0.00030975,0.00218453,0.00488281,36.0,36.0,68.0
2025-06-23,ibm_marrakesh,7,53.9953,41.6389,0.0002029,0.0002029,0.00229991,0.01025391,36.0,36.0,80.0
2025-06-23,ibm_marrakesh,8,251.7233,110.1585,0.00023598,0.00023598,0.00235765,0.00390625,36.0,36.0,68.0
2025-06-23,ibm_marrakesh,9,171.2036,154.8916,0.00018288,0.00018288,,0.03613281,36.0,36.0,
2025-06-22,ibm_marrakesh,0,356.142,118.8318,0.00019876,0.00019876,0.00276694,0.00537109,36.0,36.0,68.0
2025-06-22,ibm_marrakesh,1,201.9531,193.0641,0.0001759,0.0001759,0.00191986,0.00463867,36.0,36.0,68.0
2025-06-22,ibm_marrakesh,2,415.7545,397.5398,0.00028297,0.00028297,0.00117136,0.00463867,36.0,36.0,68.0
2025-06-22,ibm_marrakesh,3,341.057,275.193,0.00020403,0.00020403,0.0056602,0.00561523,36.0,36.0,80.0
2025-06-22,ibm_marrakesh,4,184.7256,81.2843,0.00306913,0.00306913,0.0074602,0.03344727,36.0,36.0,68.0
2025-06-22,ibm_marrakesh,5,370.0876,105.278,0.00022832,0.00022832,0.00179064,0.00390625,36.0,36.0,68.0
2025-06-22,ibm_marrakesh,6,293.4022,114.6288,0.00035386,0.00035386,0.00218453,0.00415039,36.0,36.0,68.0
2025-06-22,ibm_marrakesh,7,274.3372,68.5278,0.00024136,0.00024136,0.00229991,0.00805664,36.0,36.0,80.0
2025-06-22,ibm_marrakesh,8,110.6753,46.3585,0.00023259,0.00023259,0.00235765,0.00390625,36.0,36.0,68.0
2025-06-22,ibm_marrakesh,9,208.5611,109.3572,0.00018288,0.00018288,,0.03857422,36.0,36.0,
2025-06-21,ibm_marrakesh,0,244.9605,116.984,0.00019876,0.00019876,0.00180474,0.0078125,36.0,36.0,68.0
2025-06-21,ibm_marrakesh,1,210.0999,195.2901,0.00011785,0.00011785,0.00140598,0.00366211,36.0,36.0,68.0
2025-06-21,ibm_marrakesh,2,201.679,259.2542,0.00017746,0.00017746,0.00166382,0.00317383,36.0,36.0,68.0
2025-06-21,ibm_marrakesh,3,312.8138,346.0919,0.00020403,0.00020403,0.00597893,0.00512695,36.0,36.0,80.0
2025-06-21,ibm_marrakesh,4,176.6092,119.6262,0.0029409,0.0029409,0.00697727,0.03564453,36.0,36.0,68.0
2025-06-21,ibm_marrakesh,5,322.7923,163.5085,0.0001711,0.0001711,0.00175445,0.00878906,36.0,36.0,68.0
2025-06-21,ibm_marrakesh,6,179.6174,134.175,0.00033042,0.00033042,0.00220552,0.00415039,36.0,36.0,68.0
2025-06-21,ibm_marrakesh,7,309.8624,106.1272,0.00021709,0.00021709,0.00200212,0.01049805,36.0,36.0,80.0
2025-06-21,ibm_marrakesh,8,185.2552,89.4806,0.00025932,0.00025932,0.0021844,0.00341797,36.0,36.0,68.0
2025-06-21,ibm_marrakesh,9,193.6611,191.9734,0.00020716,0.00020716,,0.0078125,36.0,36.0,
2025-06-20,ibm_marrakesh,0,361.9966,48.5137,0.00033586,0.00033586,0.00180474,0.00732422,36.0,36.0,68.0
2025-06-20,ibm_marrakesh,1,147.3821,136.5974,0.00015775,0.00015775,0.00140598,0.00292969,36.0,36.0,68.0
2025-06-20,ibm_marrakesh,2,225.0164,280.7262,0.00017601,0.00017601,0.00160587,0.00317383,36.0,36.0,68.0
2025-06-20,ibm_marrakesh,3,375.0558,311.3059,0.00046121,0.00046121,0.00544416,0.00927734,36.0,36.0,80.0
2025-06-20,ibm_marrakesh,4,172.613,81.0378,0.00264627,0.00264627,0.00598618,0.02880859,36.0,36.0,68.0
2025-06-20,ibm_marrakesh,5,200.8882,90.9338,0.00026531,0.00026531,0.00221403,0.00439453,36.0,36.0,68.0
2025-06-20,ibm_marrakesh,6,270.3659,107.1866,0.00021239,0.00021239,0.00255435,0.00585938,36.0,36.0,68.0
2025-06-20,ibm_marrakesh,7,219.1998,69.3345,0.00034221,0.00034221,0.0032359,0.01098633,36.0,36.0,80.0
2025-06-20,ibm_marrakesh,8,196.2439,60.4352,0.0005005,0.0005005,0.0025192,0.00341797,36.0,36.0,68.0
2025-06-20,ibm_marrakesh,9,197.6078,129.3572,0.00027249,0.00027249,,0.02587891,36.0,36.0,
2025-06-19,ibm_marrakesh,0,161.688,41.2794,0.00033586,0.00033586,0.00180474,0.0065918,36.0,36.0,68.0
2025-06-19,ibm_marrakesh,1,185.7509,171.261,0.00015775,0.00015775,0.00140598,0.00415039,36.0,36.0,68.0
2025-06-19,ibm_marrakesh,2,366.6052,434.7282,0.00016241,0.00016241,0.00315775,0.00341797,36.0,36.0,68.0
2025-06-19,ibm_marrakesh,3,272.0201,246.3433,0.0003186,0.0003186,0.00973944,0.00415039,36.0,36.0,80.0
2025-06-19,ibm_marrakesh,4,222.1231,86.1374,0.00232353,0.00232353,0.01024467,0.02197266,36.0,36.0,68.0
2025-06-19,ibm_marrakesh,5,315.1143,119.2213,0.00015724,0.00015724,0.00212754,0.00683594,36.0,36.0,68.0
2025-06-19,ibm_marrakesh,6,354.0589,161.9272,0.00025185,0.00025185,0.00183883,0.00561523,36.0,36.0,68.0
2025-06-19,ibm_marrakesh,7,267.4767,73.2753,0.00027147,0.00027147,0.00310592,0.00830078,36.0,36.0,80.0
2025-06-19,ibm_marrakesh,8,207.814,69.9751,0.00030413,0.00030413,0.00190899,0.00268555,36.0,36.0,68.0
2025-06-19,ibm_marrakesh,9,189.8013,115.6172,0.00016465,0.00016465,,0.01733398,36.0,36.0,
2025-06-18,ibm_marrakesh,0,228.9984,67.0759,0.00033127,0.00033127,0.00180474,0.00292969,36.0,36.0,68.0
2025-06-18,ibm_marrakesh,1,216.8857,185.6792,0.00026174,0.00026174,0.00140598,0.00488281,36.0,36.0,68.0
2025-06-18,ibm_marrakesh,2,333.8272,449.7392,0.00020623,0.00020623,0.00315775,0.00390625,36.0,36.0,68.0
2025-06-18,ibm_marrakesh,3,277.6457,290.6793,0.00083415,0.00083415,0.00973944,0.00439453,36.0,36.0,80.0
2025-06-18,ibm_marrakesh,4,140.7795,36.4699,0.00373985,0.00373985,0.01024467,0.03417969,36.0,36.0,68.0
2025-06-18,ibm_marrakesh,5,357.1094,47.0457,0.00021477,0.00021477,0.00212754,0.00952148,36.0,36.0,68.0
2025-06-18,ibm_marrakesh,6,302.1674,66.3402,0.00025185,0.00025185,0.00183883,0.00268555,36.0,36.0,68.0
2025-06-18,ibm_marrakesh,7,312.9712,36.9145,0.00031269,0.00031269,0.00310592,0.01098633,36.0,36.0,80.0
2025-06-18,ibm_marrakesh,8,293.9051,36.2656,0.00027947,0.00027947,0.00190899,0.00317383,36.0,36.0,68.0
2025-06-18,ibm_marrakesh,9,97.0944,45.5126,0.00018777,0.00018777,,0.02368164,36.0,36.0,
2025-06-17,ibm_marrakesh,0,294.679,34.0761,0.00033127,0.00033127,0.00180474,0.00195312,36.0,36.0,68.0
2025-06-17,ibm_marrakesh,1,196.2279,161.0399,0.00026174,0.00026174,0.00140598,0.00244141,36.0,36.0,68.0
2025-06-17,ibm_marrakesh,2,320.9576,442.5939,0.00020623,0.00020623,0.00315775,0.00317383,36.0,36.0,68.0
2025-06-17,ibm_marrakesh,3,164.4618,94.7311,0.00083415,0.00083415,0.00973944,0.01025391,36.0,36.0,80.0
2025-06-17,ibm_marrakesh,4,175.8667,57.0471,0.00373985,0.00373985,0.01024467,0.05126953,36.0,36.0,68.0
2025-06-17,ibm_marrakesh,5,230.0633,72.336,0.00021477,0.00021477,0.00212754,0.00268555,36.0,36.0,68.0
2025-06-17,ibm_marrakesh,6,321.9558,90.8598,0.00025185,0.00025185,0.00183883,0.00292969,36.0,36.0,68.0
2025-06-17,ibm_marrakesh,7,315.6382,52.0235,0.00031269,0.00031269,0.00310592,0.00952148,36.0,36.0,80.0
2025-06-17,ibm_marrakesh,8,161.2057,40.7207,0.00027947,0.00027947,0.00190899,0.00244141,36.0,36.0,68.0
2025-06-17,ibm_marrakesh,9,172.2204,80.3014,0.00018777,0.00018777,,0.02685547,36.0,36.0,
2025-06-16,ibm_marrakesh,0,294.679,34.0761,0.0003328,0.0003328,0.00166329,0.00415039,36.0,36.0,68.0
2025-06-16,ibm_marrakesh,1,196.2279,161.0399,0.00016795,0.00016795,0.00140598,0.00610352,36.0,36.0,68.0
2025-06-16,ibm_marrakesh,2,320.9576,442.5939,0.00020623,0.00020623,0.00217109,0.00708008,36.0,36.0,68.0
2025-06-16,ibm_marrakesh,3,164.4618,94.7311,0.00024158,0.00024158,0.0076526,0.01049805,36.0,36.0,80.0
2025-06-16,ibm_marrakesh,4,175.8667,57.0471,0.00492277,0.00492277,0.00953763,0.06494141,36.0,36.0,68.0
2025-06-16,ibm_marrakesh,5,230.0633,72.336,0.00027061,0.00027061,0.00131593,0.00415039,36.0,36.0,68.0
2025-06-16,ibm_marrakesh,6,321.9558,90.8598,0.00025185,0.00025185,0.00178823,0.00219727,36.0,36.0,68.0
2025-06-16,ibm_marrakesh,7,315.6382,52.0235,0.00033734,0.00033734,0.00270616,0.01269531,36.0,36.0,80.0
2025-06-16,ibm_marrakesh,8,161.2057,40.7207,0.00042932,0.00042932,0.00206519,0.00463867,36.0,36.0,68.0
2025-06-16,ibm_marrakesh,9,172.2204,80.3014,0.00025258,0.00025258,,0.01806641,36.0,36.0,
2025-06-15,ibm_marrakesh,0,294.679,55.041,0.00039163,0.00039163,0.00166329,0.00390625,36.0,36.0,68.0
2025-06-15,ibm_marrakesh,1,142.7961,168.6416,0.00028511,0.00028511,0.00140598,0.00463867,36.0,36.0,68.0
2025-06-15,ibm_marrakesh,2,398.5584,442.5939,0.00020623,0.00020623,0.00207511,0.00439453,36.0,36.0,68.0
2025-06-15,ibm_marrakesh,3,317.2736,365.2095,0.00048894,0.00048894,0.0065884,0.00585938,36.0,36.0,80.0
2025-06-15,ibm_marrakesh,4,159.5811,57.9016,0.00410838,0.00410838,0.00940659,0.04541016,36.0,36.0,68.0
2025-06-15,ibm_marrakesh,5,332.8597,87.8539,0.00036646,0.00036646,0.00131593,0.00463867,36.0,36.0,68.0
2025-06-15,ibm_marrakesh,6,194.6504,106.6732,0.00027789,0.00027789,0.00171521,0.00585938,36.0,36.0,68.0
2025-06-15,ibm_marrakesh,7,189.5798,54.6306,0.00018715,0.00018715,0.00194504,0.01171875,36.0,36.0,80.0
2025-06-15,ibm_marrakesh,8,264.5985,60.775,0.00027845,0.00027845,0.00218082,0.00390625,36.0,36.0,68.0
2025-06-15,ibm_marrakesh,9,185.7557,106.4664,0.00025208,0.00025208,,0.04956055,36.0,36.0,
2025-06-14,ibm_marrakesh,0,210.1649,71.1029,0.00039163,0.00039163,0.00166329,0.00463867,36.0,36.0,68.0
2025-06-14,ibm_marrakesh,1,209.6202,209.8219,0.00021384,0.00021384,0.00117132,0.00366211,36.0,36.0,68.0
2025-06-14,ibm_marrakesh,2,350.4478,424.867,0.00014233,0.00014233,0.00697608,0.00366211,36.0,36.0,68.0
2025-06-14,ibm_marrakesh,3,329.6379,285.2227,0.00037478,0.00037478,0.01472064,0.00634766,36.0,36.0,80.0
2025-06-14,ibm_marrakesh,4,153.4322,67.1288,0.00461324,0.00461324,0.00973457,0.0378418,36.0,36.0,68.0
2025-06-14,ibm_marrakesh,5,156.5679,63.6035,0.00023998,0.00023998,0.00172262,0.00610352,36.0,36.0,68.0
2025-06-14,ibm_marrakesh,6,268.9958,134.2632,0.00022407,0.00022407,0.00162871,0.00439453,36.0,36.0,68.0
2025-06-14,ibm_marrakesh,7,311.3598,70.0472,0.00033512,0.00033512,0.00273383,0.01904297,36.0,36.0,80.0
2025-06-14,ibm_marrakesh,8,243.6455,59.5326,0.00037188,0.00037188,0.00255813,0.00341797,36.0,36.0,68.0
2025-06-14,ibm_marrakesh,9,229.611,123.5609,0.00023682,0.00023682,,0.02734375,36.0,36.0,
2025-06-13,ibm_marrakesh,0,210.1649,71.1029,0.00039163,0.00039163,0.00166329,0.00463867,36.0,36.0,68.0
2025-06-13,ibm_marrakesh,1,209.6202,209.8219,0.00021384,0.00021384,0.00117132,0.00366211,36.0,36.0,68.0
2025-06-13,ibm_marrakesh,2,350.4478,424.867,0.00014233,0.00014233,0.00697608,0.00366211,36.0,36.0,68.0
2025-06-13,ibm_marrakesh,3,329.6379,285.2227,0.00037478,0.00037478,0.01472064,0.00634766,36.0,36.0,80.0
2025-06-13,ibm_marrakesh,4,153.4322,67.1288,0.00461324,0.00461324,0.00973457,0.0378418,36.0,36.0,68.0
2025-06-13,ibm_marrakesh,5,156.5679,63.6035,0.00023998,0.00023998,0.00172262,0.00610352,36.0,36.0,68.0
2025-06-13,ibm_marrakesh,6,268.9958,134.2632,0.00022407,0.00022407,0.00162871,0.00439453,36.0,36.0,68.0
2025-06-13,ibm_marrakesh,7,311.3598,70.0472,0.00033512,0.00033512,0.00273383,0.01904297,36.0,36.0,80.0
2025-06-13,ibm_marrakesh,8,243.6455,59.5326,0.00037188,0.00037188,0.00255813,0.00341797,36.0,36.0,68.0
2025-06-13,ibm_marrakesh,9,229.611,123.5609,0.00023682,0.00023682,,0.02734375,36.0,36.0,
2025-06-12,ibm_marrakesh,0,210.1649,71.1029,0.00039163,0.00039163,0.00166329,0.00463867,36.0,36.0,68.0
2025-06-12,ibm_marrakesh,1,209.6202,209.8219,0.00021384,0.00021384,0.00117132,0.00366211,36.0,36.0,68.0
2025-06-12,ibm_marrakesh,2,350.4478,424.867,0.00014233,0.00014233,0.00697608,0.00366211,36.0,36.0,68.0
2025-06-12,ibm_marrakesh,3,329.6379,285.2227,0.00037478,0.00037478,0.01472064,0.00634766,36.0,36.0,80.0
2025-06-12,ibm_marrakesh,4,153.4322,67.1288,0.00461324,0.00461324,0.00973457,0.0378418,36.0,36.0,68.0
2025-06-12,ibm_marrakesh,5,156.5679,63.6035,0.00023998,0.00023998,0.00172262,0.00610352,36.0,36.0,68.0
2025-06-12,ibm_marrakesh,6,268.9958,134.2632,0.00022407,0.00022407,0.00162871,0.00439453,36.0,36.0,68.0
2025-06-12,ibm_marrakesh,7,311.3598,70.0472,0.00033512,0.00033512,0.00273383,0.01904297,36.0,36.0,80.0
2025-06-12,ibm_marrakesh,8,243.6455,59.5326,0.00037188,0.00037188,0.00255813,0.00341797,36.0,36.0,68.0
2025-06-12,ibm_marrakesh,9,229.611,123.5609,0.00023682,0.00023682,,0.02734375,36.0,36.0,
2025-06-11,ibm_marrakesh,0,251.8251,78.7173,0.00039163,0.00039163,0.00166329,0.00463867,36.0,36.0,68.0
2025-06-11,ibm_marrakesh,1,175.2274,192.0204,0.00021384,0.00021384,0.00117132,0.00366211,36.0,36.0,68.0
2025-06-11,ibm_marrakesh,2,424.3552,361.4103,0.00014233,0.00014233,0.00697608,0.00366211,36.0,36.0,68.0
2025-06-11,ibm_marrakesh,3,313.0274,287.4763,0.00037478,0.00037478,0.01472064,0.00634766,36.0,36.0,80.0
2025-06-11,ibm_marrakesh,4,136.0911,46.0838,0.00461324,0.00461324,0.00973457,0.0378418,36.0,36.0,68.0
2025-06-11,ibm_marrakesh,5,288.1734,71.9252,0.00023998,0.00023998,0.00172262,0.00610352,36.0,36.0,68.0
2025-06-11,ibm_marrakesh,6,316.0325,118.6449,0.00022407,0.00022407,0.00162871,0.00439453,36.0,36.0,68.0
2025-06-11,ibm_marrakesh,7,232.2862,53.3178,0.00033512,0.00033512,0.00273383,0.01904297,36.0,36.0,80.0
2025-06-11,ibm_marrakesh,8,293.877,52.9163,0.00037188,0.00037188,0.00255813,0.00341797,36.0,36.0,68.0
2025-06-11,ibm_marrakesh,9,219.2725,97.767,0.00023682,0.00023682,,0.02734375,36.0,36.0,
2025-06-10,ibm_marrakesh,0,107.054,53.8905,0.00039163,0.00039163,0.00166329,0.00463867,36.0,36.0,68.0
2025-06-10,ibm_marrakesh,1,121.5916,120.8641,0.00026337,0.00026337,0.00243648,0.00268555,36.0,36.0,68.0
2025-06-10,ibm_marrakesh,2,285.8357,433.6112,0.00020768,0.00020768,0.00478122,0.00585938,36.0,36.0,68.0
2025-06-10,ibm_marrakesh,3,356.1661,497.7053,0.00019758,0.00019758,0.00998351,0.02124023,36.0,36.0,80.0
2025-06-10,ibm_marrakesh,4,140.9919,89.9981,0.00350208,0.00350208,0.00924744,0.0378418,36.0,36.0,68.0
2025-06-10,ibm_marrakesh,5,326.0554,148.3078,0.00039811,0.00039811,0.00243669,0.00439453,36.0,36.0,68.0
2025-06-10,ibm_marrakesh,6,344.3136,169.9338,0.00015071,0.00015071,0.00148273,0.00244141,36.0,36.0,68.0
2025-06-10,ibm_marrakesh,7,283.5061,95.9449,0.00021947,0.00021947,0.00210819,0.0078125,36.0,36.0,80.0
2025-06-10,ibm_marrakesh,8,271.7457,103.4297,0.00032723,0.00032723,0.00215634,0.00219727,36.0,36.0,68.0
2025-06-10,ibm_marrakesh,9,232.4832,190.4161,0.0001633,0.0001633,,0.03955078,36.0,36.0,
2025-06-09,ibm_marrakesh,0,256.2575,60.9474,0.00037696,0.00037696,0.00179664,0.00292969,36.0,36.0,68.0
2025-06-09,ibm_marrakesh,1,172.5717,172.3075,0.00020658,0.00020658,0.00243648,0.00537109,36.0,36.0,68.0
2025-06-09,ibm_marrakesh,2,238.7448,276.4077,0.00028116,0.00028116,0.00470815,0.00366211,36.0,36.0,68.0
2025-06-09,ibm_marrakesh,3,319.125,332.8383,0.00032545,0.00032545,0.00930731,0.0065918,36.0,36.0,80.0
2025-06-09,ibm_marrakesh,4,155.6063,35.3573,0.00367058,0.00367058,0.00674531,0.05712891,36.0,36.0,68.0
2025-06-09,ibm_marrakesh,5,279.1493,45.9476,0.00019351,0.00019351,0.00243669,0.00439453,36.0,36.0,68.0
2025-06-09,ibm_marrakesh,6,313.8004,68.826,0.00027988,0.00027988,0.00148273,0.00219727,36.0,36.0,68.0
2025-06-09,ibm_marrakesh,7,234.9856,39.1148,0.00029907,0.00029907,0.00260957,0.00976562,36.0,36.0,80.0
2025-06-09,ibm_marrakesh,8,242.7263,20.2712,0.00024029,0.00024029,0.00243565,0.0012207,36.0,36.0,68.0
2025-06-09,ibm_marrakesh,9,134.1422,58.2113,0.00026486,0.00026486,,0.02612305,36.0,36.0,
2025-06-08,ibm_marrakesh,0,287.029,83.4109,0.00027131,0.00027131,0.00179664,0.00366211,36.0,36.0,68.0
2025-06-08,ibm_marrakesh,1,219.9496,206.3329,0.00026616,0.00026616,0.00243648,0.00415039,36.0,36.0,68.0
2025-06-08,ibm_marrakesh,2,362.1962,489.1641,0.00028116,0.00028116,0.00428575,0.00830078,36.0,36.0,68.0
2025-06-08,ibm_marrakesh,3,298.5234,358.3818,0.00121737,0.00121737,0.00694635,0.00512695,36.0,36.0,80.0
2025-06-08,ibm_marrakesh,4,176.6743,56.8784,0.00255611,0.00255611,0.00643989,0.03417969,36.0,36.0,68.0
2025-06-08,ibm_marrakesh,5,220.1871,62.7312,0.00022697,0.00022697,0.00243669,0.00585938,36.0,36.0,68.0
2025-06-08,ibm_marrakesh,6,339.4839,94.6392,0.00027988,0.00027988,0.00326057,0.00390625,36.0,36.0,68.0
2025-06-08,ibm_marrakesh,7,252.525,53.2328,0.000317,0.000317,0.0034003,0.00756836,36.0,36.0,80.0
2025-06-08,ibm_marrakesh,8,242.7263,52.6968,0.00035702,0.00035702,0.00329012,0.00415039,36.0,36.0,68.0
2025-06-08,ibm_marrakesh,9,146.2705,81.2444,0.00023326,0.00023326,,0.05029297,36.0,36.0,
2025-06-07,ibm_marrakesh,0,399.5011,62.8461,0.00018385,0.00018385,0.00166799,0.00390625,36.0,36.0,68.0
2025-06-07,ibm_marrakesh,1,213.0014,205.2953,0.0001649,0.0001649,1.0,0.00390625,36.0,36.0,68.0
2025-06-07,ibm_marrakesh,2,304.3009,163.6774,0.00016021,0.00016021,0.00256349,0.00415039,36.0,36.0,68.0
2025-06-07,ibm_marrakesh,3,254.558,238.1469,0.00076327,0.00076327,0.00902203,0.00732422,36.0,36.0,80.0
2025-06-07,ibm_marrakesh,4,148.3617,55.7628,0.00297104,0.00297104,0.00959971,0.03759766,36.0,36.0,68.0
2025-06-07,ibm_marrakesh,5,325.7287,76.915,0.00027775,0.00027775,0.0015753,0.00390625,36.0,36.0,68.0
2025-06-07,ibm_marrakesh,6,346.0919,113.092,0.0003586,0.0003586,0.00169053,0.00512695,36.0,36.0,68.0
2025-06-07,ibm_marrakesh,7,286.8637,57.117,0.00028979,0.00028979,0.00315764,0.01074219,36.0,36.0,80.0
2025-06-07,ibm_marrakesh,8,266.7562,62.298,0.00022765,0.00022765,0.00232275,0.00610352,36.0,36.0,68.0
2025-06-07,ibm_marrakesh,9,112.9539,75.8473,0.00019506,0.00019506,,0.02075195,36.0,36.0,
2025-06-06,ibm_marrakesh,0,234.355,76.2462,0.00018385,0.00018385,0.00192234,0.00415039,36.0,36.0,68.0
2025-06-06,ibm_marrakesh,1,181.1449,183.4914,0.00024092,0.00024092,1.0,0.00683594,36.0,36.0,68.0
2025-06-06,ibm_marrakesh,2,296.0567,501.6838,0.00016021,0.00016021,0.00240554,0.00390625,36.0,36.0,68.0
2025-06-06,ibm_marrakesh,3,302.2912,356.4378,0.00040667,0.00040667,0.00586372,0.00390625,36.0,36.0,80.0
2025-06-06,ibm_marrakesh,4,156.9229,37.7106,0.00251114,0.00251114,0.00714579,0.02807617,36.0,36.0,68.0
2025-06-06,ibm_marrakesh,5,181.4692,55.4916,0.00031307,0.00031307,0.00159891,0.0078125,36.0,36.0,68.0
2025-06-06,ibm_marrakesh,6,307.9657,87.8644,0.00027945,0.00027945,0.00175609,0.00561523,36.0,36.0,68.0
2025-06-06,ibm_marrakesh,7,256.7658,44.4137,0.00031059,0.00031059,0.00266211,0.01171875,36.0,36.0,80.0
2025-06-06,ibm_marrakesh,8,211.2807,39.6125,0.00024048,0.00024048,0.00211475,0.00292969,36.0,36.0,68.0
2025-06-06,ibm_marrakesh,9,117.0104,65.898,0.00033289,0.00033289,,0.03588867,36.0,36.0,
2025-06-05,ibm_marrakesh,0,234.355,76.2462,0.00018385,0.00018385,0.00192234,0.00219727,36.0,36.0,68.0
2025-06-05,ibm_marrakesh,1,181.1449,183.4914,0.00044167,0.00044167,1.0,0.01245117,36.0,36.0,68.0
2025-06-05,ibm_marrakesh,2,296.0567,501.6838,0.00016021,0.00016021,0.00240554,0.01708984,36.0,36.0,68.0
2025-06-05,ibm_marrakesh,3,302.2912,356.4378,0.00022065,0.00022065,0.00586372,0.03515625,36.0,36.0,80.0
2025-06-05,ibm_marrakesh,4,156.9229,37.7106,0.0031125,0.0031125,0.00714579,0.02905273,36.0,36.0,68.0
2025-06-05,ibm_marrakesh,5,181.4692,55.4916,0.00027795,0.00027795,0.00159891,0.01049805,36.0,36.0,68.0
2025-06-05,ibm_marrakesh,6,307.9657,87.8644,0.00019213,0.00019213,0.00175609,0.01269531,36.0,36.0,68.0
2025-06-05,ibm_marrakesh,7,256.7658,44.4137,0.00029748,0.00029748,0.00266211,0.05151367,36.0,36.0,80.0
2025-06-05,ibm_marrakesh,8,211.2807,39.6125,0.00033569,0.00033569,0.00211475,0.00488281,36.0,36.0,68.0
2025-06-05,ibm_marrakesh,9,117.0104,65.898,0.0002494,0.0002494,,0.0144043,36.0,36.0,
2025-06-04,ibm_marrakesh,0,362.1005,32.5678,0.00018385,0.00018385,0.00192234,0.00219727,36.0,36.0,68.0
2025-06-04,ibm_marrakesh,1,184.3605,194.2685,0.00044167,0.00044167,1.0,0.01245117,36.0,36.0,68.0
2025-06-04,ibm_marrakesh,2,353.2364,387.802,0.00016021,0.00016021,0.00240554,0.01708984,36.0,36.0,68.0
2025-06-04,ibm_marrakesh,3,207.5362,228.0048,0.00022065,0.00022065,0.00586372,0.03515625,36.0,36.0,80.0
2025-06-04,ibm_marrakesh,4,82.1228,61.0547,0.0031125,0.0031125,0.00714579,0.02905273,36.0,36.0,68.0
2025-06-04,ibm_marrakesh,5,247.987,134.8828,0.00027795,0.00027795,0.00159891,0.01049805,36.0,36.0,68.0
2025-06-04,ibm_marrakesh,6,343.1894,155.4616,0.00019213,0.00019213,0.00175609,0.01269531,36.0,36.0,68.0
2025-06-04,ibm_marrakesh,7,171.9838,73.1642,0.00029748,0.00029748,0.00266211,0.05151367,36.0,36.0,80.0
2025-06-04,ibm_marrakesh,8,207.1163,74.0101,0.00033569,0.00033569,0.00211475,0.00488281,36.0,36.0,68.0
2025-06-04,ibm_marrakesh,9,207.8796,151.7448,0.0002494,0.0002494,,0.0144043,36.0,36.0,
2025-06-03,ibm_marrakesh,0,133.1884,60.2122,0.00032984,0.00032984,0.00187367,0.00292969,36.0,36.0,68.0
2025-06-03,ibm_marrakesh,1,197.5905,189.48,0.0002398,0.0002398,1.0,0.00537109,36.0,36.0,68.0
2025-06-03,ibm_marrakesh,2,292.0081,403.9553,0.00023178,0.00023178,0.0028624,0.02001953,36.0,36.0,68.0
2025-06-03,ibm_marrakesh,3,287.921,312.74,0.00023908,0.00023908,0.00570756,0.00732422,36.0,36.0,80.0
2025-06-03,ibm_marrakesh,4,153.4539,160.3826,0.0018846,0.0018846,0.00714005,0.02709961,36.0,36.0,68.0
2025-06-03,ibm_marrakesh,5,218.1862,239.2035,0.00029192,0.00029192,0.00159891,0.00561523,36.0,36.0,68.0
2025-06-03,ibm_marrakesh,6,319.1547,290.9759,0.00017941,0.00017941,0.00157281,0.00805664,36.0,36.0,68.0
2025-06-03,ibm_marrakesh,7,293.6895,131.0247,0.00021087,0.00021087,0.00213079,0.04052734,36.0,36.0,80.0
2025-06-03,ibm_marrakesh,8,186.2617,135.0362,0.00018562,0.00018562,0.00208797,0.01269531,36.0,36.0,68.0
2025-06-03,ibm_marrakesh,9,189.5698,266.4023,0.00014015,0.00014015,,0.00537109,36.0,36.0,
2025-06-02,ibm_marrakesh,0,337.1822,73.9165,0.00029993,0.00029993,0.00215172,0.00390625,36.0,36.0,68.0
2025-06-02,ibm_marrakesh,1,192.0527,176.0841,0.00018468,0.00018468,0.00077467,0.00415039,36.0,36.0,68.0
2025-06-02,ibm_marrakesh,2,301.3738,369.069,0.00014676,0.00014676,0.00306978,0.01757812,36.0,36.0,68.0
2025-06-02,ibm_marrakesh,3,340.5297,345.2381,0.00060948,0.00060948,0.00727293,0.03515625,36.0,36.0,80.0
2025-06-02,ibm_marrakesh,4,151.4816,114.2249,0.00305496,0.00305496,0.00675405,0.02758789,36.0,36.0,68.0
2025-06-02,ibm_marrakesh,5,203.2433,174.8957,0.00019281,0.00019281,0.00259895,0.00390625,36.0,36.0,68.0
2025-06-02,ibm_marrakesh,6,346.9377,250.1746,0.00042465,0.00042465,0.00123723,0.0078125,36.0,36.0,68.0
2025-06-02,ibm_marrakesh,7,240.0129,107.0571,0.00031664,0.00031664,0.00211438,0.03662109,36.0,36.0,80.0
2025-06-02,ibm_marrakesh,8,225.4304,115.9435,0.00023782,0.00023782,0.00208797,0.00268555,36.0,36.0,68.0
2025-06-02,ibm_marrakesh,9,118.1396,88.5541,0.00032207,0.00032207,,0.01171875,36.0,36.0,
2025-06-01,ibm_marrakesh,0,337.1822,73.9165,0.00029993,0.00029993,0.00215172,0.00390625,36.0,36.0,68.0
2025-06-01,ibm_marrakesh,1,192.0527,176.0841,0.00018468,0.00018468,0.00077467,0.00561523,36.0,36.0,68.0
2025-06-01,ibm_marrakesh,2,301.3738,369.069,0.00014676,0.00014676,0.00306978,0.02172852,36.0,36.0,68.0
2025-06-01,ibm_marrakesh,3,340.5297,345.2381,0.00060948,0.00060948,0.00727293,0.08447266,36.0,36.0,80.0
2025-06-01,ibm_marrakesh,4,151.4816,114.2249,0.00305496,0.00305496,0.00675405,0.02856445,36.0,36.0,68.0
2025-06-01,ibm_marrakesh,5,203.2433,174.8957,0.00019281,0.00019281,0.00259895,0.00683594,36.0,36.0,68.0
2025-06-01,ibm_marrakesh,6,346.9377,250.1746,0.00042465,0.00042465,0.00123723,0.01245117,36.0,36.0,68.0
2025-06-01,ibm_marrakesh,7,240.0129,107.0571,0.00031664,0.00031664,0.00211438,0.03369141,36.0,36.0,80.0
2025-06-01,ibm_marrakesh,8,225.4304,115.9435,0.00023782,0.00023782,0.00208797,0.00366211,36.0,36.0,68.0
2025-06-01,ibm_marrakesh,9,118.1396,88.5541,0.00032207,0.00032207,,0.01318359,36.0,36.0,
2025-05-31,ibm_marrakesh,0,292.4823,55.8457,0.00017207,0.00017207,0.00213271,0.00390625,36.0,36.0,68.0
2025-05-31,ibm_marrakesh,1,205.0871,194.1677,0.00029519,0.00029519,0.00077467,0.00561523,36.0,36.0,68.0
2025-05-31,ibm_marrakesh,2,285.7511,378.358,0.00022826,0.00022826,0.00340932,0.02172852,36.0,36.0,68.0
2025-05-31,ibm_marrakesh,3,241.3102,237.8886,0.00060948,0.00060948,0.00817455,0.08447266,36.0,36.0,80.0
2025-05-31,ibm_marrakesh,4,125.955,42.3816,0.00355341,0.00355341,0.0064773,0.02856445,36.0,36.0,68.0
2025-05-31,ibm_marrakesh,5,203.6149,61.0845,0.00031938,0.00031938,0.00259895,0.00683594,36.0,36.0,68.0
2025-05-31,ibm_marrakesh,6,96.7884,64.5642,0.00033371,0.00033371,0.00174995,0.01245117,36.0,36.0,68.0
2025-05-31,ibm_marrakesh,7,271.2274,48.7163,0.00038077,0.00038077,0.00293555,0.03369141,36.0,36.0,80.0
2025-05-31,ibm_marrakesh,8,171.3449,53.9588,0.00081511,0.00081511,0.00284951,0.00366211,36.0,36.0,68.0
2025-05-31,ibm_marrakesh,9,235.8954,101.4167,0.00034387,0.00034387,,0.01318359,36.0,36.0,
2025-05-30,ibm_marrakesh,0,427.6933,60.5963,0.00017207,0.00017207,0.00186186,0.00463867,36.0,36.0,68.0
2025-05-30,ibm_marrakesh,1,199.8158,189.5463,0.00023601,0.00023601,0.00077467,0.01123047,36.0,36.0,68.0
2025-05-30,ibm_marrakesh,2,359.7641,337.6316,0.00022826,0.00022826,0.00253668,0.02001953,36.0,36.0,68.0
2025-05-30,ibm_marrakesh,3,295.3462,320.6757,0.00035042,0.00035042,0.00619763,0.00927734,36.0,36.0,80.0
2025-05-30,ibm_marrakesh,4,86.9128,48.0402,0.0024089,0.0024089,0.00985342,0.03076172,36.0,36.0,68.0
2025-05-30,ibm_marrakesh,5,271.5781,90.7353,0.00041693,0.00041693,0.00259895,0.00708008,36.0,36.0,68.0
2025-05-30,ibm_marrakesh,6,350.3173,125.1437,0.00024005,0.00024005,0.00278268,0.01025391,36.0,36.0,68.0
2025-05-30,ibm_marrakesh,7,315.6047,69.9653,0.00040601,0.00040601,0.0026142,0.05126953,36.0,36.0,80.0
2025-05-30,ibm_marrakesh,8,132.1443,55.1487,0.00042919,0.00042919,0.0019984,0.00268555,36.0,36.0,68.0
2025-05-30,ibm_marrakesh,9,215.5817,133.3018,0.00026155,0.00026155,,0.00878906,36.0,36.0,
2025-05-29,ibm_marrakesh,0,272.5756,69.1871,0.00037368,0.00037368,0.00265295,0.00341797,36.0,36.0,68.0
2025-05-29,ibm_marrakesh,1,175.6223,152.8705,0.00058644,0.00058644,0.00077467,0.00292969,36.0,36.0,68.0
2025-05-29,ibm_marrakesh,2,325.6857,403.8874,0.00022826,0.00022826,0.00529379,0.01879883,36.0,36.0,68.0
2025-05-29,ibm_marrakesh,3,123.236,131.9074,0.00035042,0.00035042,0.01083682,0.03759766,36.0,36.0,80.0
2025-05-29,ibm_marrakesh,4,109.3767,62.872,0.00301985,0.00301985,0.00735975,0.02124023,36.0,36.0,68.0
2025-05-29,ibm_marrakesh,5,323.6254,99.2377,0.00026448,0.00026448,0.00137166,0.0078125,36.0,36.0,68.0
2025-05-29,ibm_marrakesh,6,225.3098,117.4673,0.00025026,0.00025026,0.00158115,0.00805664,36.0,36.0,68.0
2025-05-29,ibm_marrakesh,7,219.7803,61.398,0.00033137,0.00033137,0.00345074,0.0324707,36.0,36.0,80.0
2025-05-29,ibm_marrakesh,8,135.2963,63.7714,0.00025588,0.00025588,0.00301684,0.00927734,36.0,36.0,68.0
2025-05-29,ibm_marrakesh,9,153.8428,104.7229,0.00034724,0.00034724,,0.00805664,36.0,36.0,
2025-05-28,ibm_marrakesh,0,272.5756,69.1871,0.00037368,0.00037368,0.0020073,0.00170898,36.0,36.0,68.0
2025-05-28,ibm_marrakesh,1,175.6223,152.8705,0.00022419,0.00022419,0.00077467,0.00341797,36.0,36.0,68.0
2025-05-28,ibm_marrakesh,2,325.6857,403.8874,0.00019315,0.00019315,0.00199192,0.01904297,36.0,36.0,68.0
2025-05-28,ibm_marrakesh,3,123.236,131.9074,0.00046288,0.00046288,0.00540434,0.04248047,36.0,36.0,80.0
2025-05-28,ibm_marrakesh,4,109.3767,62.872,0.00332954,0.00332954,0.00779066,0.03393555,36.0,36.0,68.0
2025-05-28,ibm_marrakesh,5,323.6254,99.2377,0.00020625,0.00020625,0.00163027,0.00854492,36.0,36.0,68.0
2025-05-28,ibm_marrakesh,6,225.3098,117.4673,0.00072524,0.00072524,0.00152332,0.00805664,36.0,36.0,68.0
2025-05-28,ibm_marrakesh,7,219.7803,61.398,0.00026826,0.00026826,0.00253734,0.04223633,36.0,36.0,80.0
2025-05-28,ibm_marrakesh,8,135.2963,63.7714,0.00029547,0.00029547,0.00218992,0.00195312,36.0,36.0,68.0
2025-05-28,ibm_marrakesh,9,153.8428,104.7229,0.00022156,0.00022156,,0.00756836,36.0,36.0,
2025-05-27,ibm_marrakesh,0,152.5876,55.8055,0.00037368,0.00037368,0.00184267,0.00585938,36.0,36.0,68.0
2025-05-27,ibm_marrakesh,1,144.1424,108.5125,0.00022419,0.00022419,0.00077467,0.00610352,36.0,36.0,68.0
2025-05-27,ibm_marrakesh,2,309.3744,359.1629,0.00019315,0.00019315,0.00174975,0.02001953,36.0,36.0,68.0
2025-05-27,ibm_marrakesh,3,294.3803,295.1769,0.00046288,0.00046288,0.00612499,0.07617188,36.0,36.0,80.0
2025-05-27,ibm_marrakesh,4,60.5054,30.9886,0.00332954,0.00332954,0.00691823,0.03100586,36.0,36.0,68.0
2025-05-27,ibm_marrakesh,5,318.041,133.1098,0.00020625,0.00020625,0.00138517,0.00415039,36.0,36.0,68.0
2025-05-27,ibm_marrakesh,6,310.2762,178.602,0.00072524,0.00072524,0.00152332,0.01123047,36.0,36.0,68.0
2025-05-27,ibm_marrakesh,7,227.1926,85.518,0.00026826,0.00026826,0.00209765,0.03881836,36.0,36.0,80.0
2025-05-27,ibm_marrakesh,8,144.4884,58.7094,0.00029547,0.00029547,0.00284399,0.00537109,36.0,36.0,68.0
2025-05-27,ibm_marrakesh,9,228.5541,146.9581,0.00022156,0.00022156,,0.01293945,36.0,36.0,
2025-05-26,ibm_marrakesh,0,339.6779,63.1551,0.0003525,0.0003525,0.00184267,0.00463867,36.0,36.0,68.0
2025-05-26,ibm_marrakesh,1,143.488,133.4802,0.0002532,0.0002532,0.00077467,0.00634766,36.0,36.0,68.0
2025-05-26,ibm_marrakesh,2,344.655,386.6171,0.00015347,0.00015347,0.0017346,0.0222168,36.0,36.0,68.0
2025-05-26,ibm_marrakesh,3,355.3679,368.7276,0.00020429,0.00020429,0.00644043,0.03369141,36.0,36.0,80.0
2025-05-26,ibm_marrakesh,4,145.1018,116.2035,0.00238801,0.00238801,0.00808086,0.02807617,36.0,36.0,68.0
2025-05-26,ibm_marrakesh,5,226.3974,172.5035,0.00026445,0.00026445,0.00145639,0.00366211,36.0,36.0,68.0
2025-05-26,ibm_marrakesh,6,365.2604,247.7182,0.00022851,0.00022851,0.00165668,0.00830078,36.0,36.0,68.0
2025-05-26,ibm_marrakesh,7,235.6704,102.9668,0.00021349,0.00021349,0.00341433,0.08422852,36.0,36.0,80.0
2025-05-26,ibm_marrakesh,8,208.4772,92.0689,0.0002789,0.0002789,0.00284399,0.00292969,36.0,36.0,68.0
2025-05-26,ibm_marrakesh,9,245.4426,94.3345,0.00017467,0.00017467,,0.01586914,36.0,36.0,
2025-05-25,ibm_marrakesh,0,355.5544,64.6753,0.0003525,0.0003525,0.00184267,0.00463867,36.0,36.0,68.0
2025-05-25,ibm_marrakesh,1,218.189,178.3085,0.00024414,0.00024414,0.00077467,0.00634766,36.0,36.0,68.0
2025-05-25,ibm_marrakesh,2,344.2127,337.7843,0.00015347,0.00015347,0.0017346,0.0222168,36.0,36.0,68.0
2025-05-25,ibm_marrakesh,3,204.7301,250.2297,0.00020429,0.00020429,0.00644043,0.03369141,36.0,36.0,80.0
2025-05-25,ibm_marrakesh,4,187.3497,88.4954,0.00217027,0.00217027,0.00808086,0.02807617,36.0,36.0,68.0
2025-05-25,ibm_marrakesh,5,344.6474,129.2646,0.00026445,0.00026445,0.00145639,0.00366211,36.0,36.0,68.0
2025-05-25,ibm_marrakesh,6,341.8533,175.6384,0.00021947,0.00021947,0.00165668,0.00830078,36.0,36.0,68.0
2025-05-25,ibm_marrakesh,7,277.2713,76.0732,0.00044134,0.00044134,0.00341433,0.08422852,36.0,36.0,80.0
2025-05-25,ibm_marrakesh,8,189.6024,75.2896,0.00037753,0.00037753,0.00284399,0.00292969,36.0,36.0,68.0
2025-05-25,ibm_marrakesh,9,245.4426,185.2622,0.00020824,0.00020824,,0.01586914,36.0,36.0,
2025-05-24,ibm_marrakesh,0,307.654,79.1076,0.0003525,0.0003525,0.00184267,0.00170898,36.0,36.0,68.0
2025-05-24,ibm_marrakesh,1,170.5413,176.86,0.00019514,0.00019514,0.00077467,0.00585938,36.0,36.0,68.0
2025-05-24,ibm_marrakesh,2,367.7136,449.2385,0.00015347,0.00015347,0.0020327,0.02197266,36.0,36.0,68.0
2025-05-24,ibm_marrakesh,3,300.9043,369.1506,0.00023344,0.00023344,0.00582139,0.06762695,36.0,36.0,80.0
2025-05-24,ibm_marrakesh,4,180.6693,38.1556,0.00261856,0.00261856,0.00816897,0.03930664,36.0,36.0,68.0
2025-05-24,ibm_marrakesh,5,283.5984,45.8036,0.00022571,0.00022571,0.00168506,0.00561523,36.0,36.0,68.0
2025-05-24,ibm_marrakesh,6,327.8647,65.3106,0.00023715,0.00023715,0.00141038,0.0090332,36.0,36.0,68.0
2025-05-24,ibm_marrakesh,7,183.3973,35.9981,0.00040377,0.00040377,0.00319407,0.02832031,36.0,36.0,80.0
2025-05-24,ibm_marrakesh,8,283.0435,35.8412,0.00016248,0.00016248,0.00249992,0.00830078,36.0,36.0,68.0
2025-05-24,ibm_marrakesh,9,197.6499,60.916,0.00024732,0.00024732,,0.02270508,36.0,36.0,
2025-05-23,ibm_marrakesh,0,147.4127,51.7506,0.00032182,0.00032182,0.0020934,0.00537109,36.0,36.0,68.0
2025-05-23,ibm_marrakesh,1,235.6185,235.3712,0.00016532,0.00016532,0.00077467,0.0065918,36.0,36.0,68.0
2025-05-23,ibm_marrakesh,2,312.9992,422.2116,0.00015347,0.00015347,0.00336791,0.01928711,36.0,36.0,68.0
2025-05-23,ibm_marrakesh,3,280.9582,293.5268,0.00044306,0.00044306,0.00675887,0.04223633,36.0,36.0,80.0
2025-05-23,ibm_marrakesh,4,168.0547,78.2273,0.00221383,0.00221383,0.00723525,0.03222656,36.0,36.0,68.0
2025-05-23,ibm_marrakesh,5,275.7718,91.9651,0.00021082,0.00021082,0.00168506,0.00268555,36.0,36.0,68.0
2025-05-23,ibm_marrakesh,6,281.2987,142.4521,0.00022375,0.00022375,0.00160487,0.00976562,36.0,36.0,68.0
2025-05-23,ibm_marrakesh,7,298.9871,78.6297,0.00026916,0.00026916,0.00295369,0.01342773,36.0,36.0,80.0
2025-05-23,ibm_marrakesh,8,285.8671,78.8462,0.00016248,0.00016248,0.00249992,0.0012207,36.0,36.0,68.0
2025-05-23,ibm_marrakesh,9,222.9677,132.1699,0.0001849,0.0001849,,0.03344727,36.0,36.0,
2025-05-22,ibm_marrakesh,0,270.0656,75.0829,0.00016717,0.00016717,0.00235166,0.00439453,36.0,36.0,68.0
2025-05-22,ibm_marrakesh,1,220.881,176.3333,0.00016532,0.00016532,0.00077467,0.00585938,36.0,36.0,68.0
2025-05-22,ibm_marrakesh,2,275.5967,310.0028,0.00012207,0.00012207,0.00208417,0.02050781,36.0,36.0,68.0
2025-05-22,ibm_marrakesh,3,133.8049,149.4288,0.00026635,0.00026635,0.00574844,0.03491211,36.0,36.0,80.0
2025-05-22,ibm_marrakesh,4,174.0282,83.3734,0.00289472,0.00289472,0.0071901,0.03027344,36.0,36.0,68.0
2025-05-22,ibm_marrakesh,5,305.4541,135.0635,0.0002531,0.0002531,0.00168506,0.00463867,36.0,36.0,68.0
2025-05-22,ibm_marrakesh,6,194.0357,141.7976,0.0001401,0.0001401,0.00160487,0.01513672,36.0,36.0,68.0
2025-05-22,ibm_marrakesh,7,194.0332,78.275,0.00035771,0.00035771,0.0025469,0.05322266,36.0,36.0,80.0
2025-05-22,ibm_marrakesh,8,271.2158,82.5127,0.00030151,0.00030151,0.00198331,0.00195312,36.0,36.0,68.0
2025-05-22,ibm_marrakesh,9,151.469,113.5308,0.00016259,0.00016259,,0.00585938,36.0,36.0,
2025-05-21,ibm_marrakesh,0,373.0945,63.1194,0.00016717,0.00016717,0.00263557,0.00512695,36.0,36.0,68.0
2025-05-21,ibm_marrakesh,1,206.2245,209.0257,0.00022223,0.00022223,0.00077467,0.00634766,36.0,36.0,68.0
2025-05-21,ibm_marrakesh,2,288.7448,299.0561,0.00012207,0.00012207,0.0024595,0.02416992,36.0,36.0,68.0
2025-05-21,ibm_marrakesh,3,274.6125,220.4985,0.00076305,0.00076305,0.00536844,0.05712891,36.0,36.0,80.0
2025-05-21,ibm_marrakesh,4,179.7514,69.8724,0.00245558,0.00245558,0.00757178,0.04443359,36.0,36.0,68.0
2025-05-21,ibm_marrakesh,5,298.2151,85.8316,0.00042462,0.00042462,0.00168506,0.00585938,36.0,36.0,68.0
2025-05-21,ibm_marrakesh,6,339.7356,137.235,0.00016372,0.00016372,0.00294725,0.01123047,36.0,36.0,68.0
2025-05-21,ibm_marrakesh,7,295.6077,59.1454,0.0002854,0.0002854,0.00248738,0.07470703,36.0,36.0,80.0
2025-05-21,ibm_marrakesh,8,287.2254,61.3415,0.00028567,0.00028567,0.00213602,0.00634766,36.0,36.0,68.0
2025-05-21,ibm_marrakesh,9,179.0409,86.3526,0.00027965,0.00027965,,0.00854492,36.0,36.0,
2025-05-20,ibm_marrakesh,0,283.8738,85.0739,0.00016717,0.00016717,0.00160694,0.00463867,36.0,36.0,68.0
2025-05-20,ibm_marrakesh,1,165.7774,182.1236,0.00022223,0.00022223,0.00077467,0.01708984,36.0,36.0,68.0
2025-05-20,ibm_marrakesh,2,361.4208,81.7616,0.00016785,0.00016785,0.0018048,0.01879883,36.0,36.0,68.0
2025-05-20,ibm_marrakesh,3,322.9378,275.3855,0.00013359,0.00013359,0.01506288,0.03442383,36.0,36.0,80.0
2025-05-20,ibm_marrakesh,4,149.2993,46.9674,0.00468055,0.00468055,0.01370494,0.0690918,36.0,36.0,68.0
2025-05-20,ibm_marrakesh,5,305.0545,72.3583,0.00029167,0.00029167,0.00292269,0.00415039,36.0,36.0,68.0
2025-05-20,ibm_marrakesh,6,316.9656,70.254,0.00017397,0.00017397,0.00294725,0.00976562,36.0,36.0,68.0
2025-05-20,ibm_marrakesh,7,279.9925,53.1807,0.00040393,0.00040393,0.00435027,0.04077148,36.0,36.0,80.0
2025-05-20,ibm_marrakesh,8,288.686,52.0679,0.00036298,0.00036298,0.0033015,0.00390625,36.0,36.0,68.0
2025-05-20,ibm_marrakesh,9,234.9383,101.7238,0.00021169,0.00021169,,0.01879883,36.0,36.0,
2025-05-19,ibm_marrakesh,0,247.1336,61.8245,0.00021164,0.00021164,0.00204518,0.00463867,36.0,36.0,68.0
2025-05-19,ibm_marrakesh,1,153.7415,151.6029,0.00013031,0.00013031,0.00066738,0.01708984,36.0,36.0,68.0
2025-05-19,ibm_marrakesh,2,309.403,81.7616,9.945e-05,9.945e-05,0.00201027,0.01879883,36.0,36.0,68.0
2025-05-19,ibm_marrakesh,3,220.8272,275.3855,0.00019144,0.00019144,0.02379097,0.03442383,36.0,36.0,80.0
2025-05-19,ibm_marrakesh,4,246.1488,33.6619,0.00639674,0.00639674,0.01746769,0.0690918,36.0,36.0,68.0
2025-05-19,ibm_marrakesh,5,278.0217,47.194,0.00026497,0.00026497,0.00182407,0.00415039,36.0,36.0,68.0
2025-05-19,ibm_marrakesh,6,316.9656,47.4961,0.00025278,0.00025278,0.00246367,0.00976562,36.0,36.0,68.0
2025-05-19,ibm_marrakesh,7,220.2732,38.1819,0.00042685,0.00042685,0.00351361,0.04077148,36.0,36.0,80.0
2025-05-19,ibm_marrakesh,8,59.4408,27.185,0.00034812,0.00034812,0.00262064,0.00390625,36.0,36.0,68.0
2025-05-19,ibm_marrakesh,9,195.409,55.0229,0.00021169,0.00021169,,0.01879883,36.0,36.0,
2025-05-18,ibm_marrakesh,0,303.8651,63.0566,0.00021164,0.00021164,0.00204518,0.00634766,36.0,36.0,68.0
2025-05-18,ibm_marrakesh,1,176.8913,176.0061,0.00013031,0.00013031,0.00066738,0.00585938,36.0,36.0,68.0
2025-05-18,ibm_marrakesh,2,309.403,210.6418,9.945e-05,9.945e-05,0.00201027,0.01928711,36.0,36.0,68.0
2025-05-18,ibm_marrakesh,3,191.4516,346.2585,0.00019144,0.00019144,0.02379097,0.02563477,36.0,36.0,80.0
2025-05-18,ibm_marrakesh,4,246.1488,39.9112,0.00639674,0.00639674,0.01746769,0.05834961,36.0,36.0,68.0
2025-05-18,ibm_marrakesh,5,327.1979,55.0496,0.00026497,0.00026497,0.00182407,0.00463867,36.0,36.0,68.0
2025-05-18,ibm_marrakesh,6,316.9656,84.8852,0.00025278,0.00025278,0.00246367,0.0078125,36.0,36.0,68.0
2025-05-18,ibm_marrakesh,7,163.6656,45.0362,0.00042685,0.00042685,0.00351361,0.03100586,36.0,36.0,80.0
2025-05-18,ibm_marrakesh,8,280.5612,34.1462,0.00034812,0.00034812,0.00262064,0.00195312,36.0,36.0,68.0
2025-05-18,ibm_marrakesh,9,195.409,74.559,0.00021169,0.00021169,,0.00683594,36.0,36.0,
2025-05-17,ibm_marrakesh,0,264.6947,49.2082,0.00012781,0.00012781,0.00205268,0.00390625,36.0,36.0,68.0
2025-05-17,ibm_marrakesh,1,214.1858,178.0092,0.00012007,0.00012007,0.00114878,0.00317383,36.0,36.0,68.0
2025-05-17,ibm_marrakesh,2,178.9401,210.6418,0.00012832,0.00012832,0.00172861,0.01660156,36.0,36.0,68.0
2025-05-17,ibm_marrakesh,3,191.4516,346.2585,0.00019144,0.00019144,0.01885299,0.03735352,36.0,36.0,80.0
2025-05-17,ibm_marrakesh,4,246.1488,36.5295,0.00647043,0.00647043,0.01696363,0.05566406,36.0,36.0,68.0
2025-05-17,ibm_marrakesh,5,321.2275,35.2723,0.00027844,0.00027844,0.00160562,0.00537109,36.0,36.0,68.0
2025-05-17,ibm_marrakesh,6,301.5389,69.7863,0.00035484,0.00035484,0.00201471,0.01269531,36.0,36.0,68.0
2025-05-17,ibm_marrakesh,7,163.6656,23.7301,0.00059336,0.00059336,0.00302331,0.11328125,36.0,36.0,80.0
2025-05-17,ibm_marrakesh,8,280.5612,40.1112,0.00047642,0.00047642,0.00235088,0.00512695,36.0,36.0,68.0
2025-05-17,ibm_marrakesh,9,177.02,71.8251,0.00028342,0.00028342,,0.01782227,36.0,36.0,
2025-05-16,ibm_marrakesh,0,264.6947,49.2082,0.00012781,0.00012781,0.00173399,0.00390625,36.0,36.0,68.0
2025-05-16,ibm_marrakesh,1,214.1858,178.0092,0.00012007,0.00012007,0.00115517,0.00317383,36.0,36.0,68.0
2025-05-16,ibm_marrakesh,2,178.9401,210.6418,0.00012832,0.00012832,0.00224325,0.01660156,36.0,36.0,68.0
2025-05-16,ibm_marrakesh,3,191.4516,346.2585,0.00019144,0.00019144,0.01907994,0.03735352,36.0,36.0,80.0
2025-05-16,ibm_marrakesh,4,246.1488,36.5295,0.00647043,0.00647043,0.01559819,0.05566406,36.0,36.0,68.0
2025-05-16,ibm_marrakesh,5,321.2275,35.2723,0.00027844,0.00027844,0.0017768,0.00537109,36.0,36.0,68.0
2025-05-16,ibm_marrakesh,6,301.5389,69.7863,0.00035484,0.00035484,0.00175114,0.01269531,36.0,36.0,68.0
2025-05-16,ibm_marrakesh,7,163.6656,23.7301,0.00059336,0.00059336,0.00332549,0.11328125,36.0,36.0,80.0
2025-05-16,ibm_marrakesh,8,280.5612,40.1112,0.00047642,0.00047642,0.00252511,0.00512695,36.0,36.0,68.0
2025-05-16,ibm_marrakesh,9,177.02,71.8251,0.00028342,0.00028342,,0.01782227,36.0,36.0,
2025-05-15,ibm_marrakesh,0,264.6947,69.3241,0.00012781,0.00012781,0.0027765,0.00463867,36.0,36.0,68.0
2025-05-15,ibm_marrakesh,1,175.606,189.197,0.00012007,0.00012007,0.00198341,0.00341797,36.0,36.0,68.0
2025-05-15,ibm_marrakesh,2,317.0799,508.6459,0.00012832,0.00012832,0.00235284,0.01708984,36.0,36.0,68.0
2025-05-15,ibm_marrakesh,3,191.4516,346.2585,0.00019144,0.00019144,0.02759572,0.046875,36.0,36.0,80.0
2025-05-15,ibm_marrakesh,4,246.1488,29.9091,0.00647043,0.00647043,0.02055178,0.1171875,36.0,36.0,68.0
2025-05-15,ibm_marrakesh,5,321.2275,41.3342,0.00027844,0.00027844,0.00420554,0.00488281,36.0,36.0,68.0
2025-05-15,ibm_marrakesh,6,259.0994,62.3265,0.00035484,0.00035484,0.00447284,0.01269531,36.0,36.0,68.0
2025-05-15,ibm_marrakesh,7,163.6656,23.7301,0.00059336,0.00059336,0.00349779,0.04882812,36.0,36.0,80.0
2025-05-15,ibm_marrakesh,8,351.6739,32.3221,0.00047642,0.00047642,0.00338556,0.00512695,36.0,36.0,68.0
2025-05-15,ibm_marrakesh,9,168.6592,56.6352,0.00028342,0.00028342,,0.06933594,36.0,36.0,
2025-05-14,ibm_marrakesh,0,318.3561,61.7227,0.00022771,0.00022771,0.0027765,0.00366211,36.0,36.0,68.0
2025-05-14,ibm_marrakesh,1,159.3842,160.3656,0.00017575,0.00017575,0.00198341,0.00610352,36.0,36.0,68.0
2025-05-14,ibm_marrakesh,2,386.2475,272.0726,0.000114,0.000114,0.00235284,0.02148438,36.0,36.0,68.0
2025-05-14,ibm_marrakesh,3,237.7294,346.2585,0.0001603,0.0001603,0.02759572,0.04077148,36.0,36.0,80.0
2025-05-14,ibm_marrakesh,4,246.1488,22.3975,0.00450364,0.00450364,0.02055178,0.05224609,36.0,36.0,68.0
2025-05-14,ibm_marrakesh,5,327.306,32.8313,0.00019861,0.00019861,0.00420554,0.00537109,36.0,36.0,68.0
2025-05-14,ibm_marrakesh,6,256.8014,40.0564,0.00020879,0.00020879,0.00447284,0.01098633,36.0,36.0,68.0
2025-05-14,ibm_marrakesh,7,163.6656,23.7301,0.00042998,0.00042998,0.00349779,0.0246582,36.0,36.0,80.0
2025-05-14,ibm_marrakesh,8,202.6585,23.9753,0.00024641,0.00024641,0.00338556,0.00317383,36.0,36.0,68.0
2025-05-14,ibm_marrakesh,9,162.5767,38.6405,0.00017504,0.00017504,,0.03735352,36.0,36.0,
2025-05-13,ibm_marrakesh,0,318.3561,51.3155,0.00016172,0.00016172,0.0027765,0.00366211,36.0,36.0,68.0
2025-05-13,ibm_marrakesh,1,184.8642,204.9718,0.00012979,0.00012979,0.00198341,0.00610352,36.0,36.0,68.0
2025-05-13,ibm_marrakesh,2,386.2475,272.0726,7.972e-05,7.972e-05,0.00235284,0.02148438,36.0,36.0,68.0
2025-05-13,ibm_marrakesh,3,314.1589,346.2585,0.00035168,0.00035168,0.02759572,0.04077148,36.0,36.0,80.0
2025-05-13,ibm_marrakesh,4,246.1488,83.3107,0.00652792,0.00652792,0.02055178,0.05224609,36.0,36.0,68.0
2025-05-13,ibm_marrakesh,5,258.5016,100.16,0.0003715,0.0003715,0.00420554,0.00537109,36.0,36.0,68.0
2025-05-13,ibm_marrakesh,6,343.0506,148.41,0.00026984,0.00026984,0.00447284,0.01098633,36.0,36.0,68.0
2025-05-13,ibm_marrakesh,7,206.565,68.3632,0.00050391,0.00050391,0.00349779,0.0246582,36.0,36.0,80.0
2025-05-13,ibm_marrakesh,8,154.1883,54.1498,0.00028622,0.00028622,0.00338556,0.00317383,36.0,36.0,68.0
2025-05-13,ibm_marrakesh,9,174.7439,103.1989,0.00023317,0.00023317,,0.03735352,36.0,36.0,
2025-05-12,ibm_marrakesh,0,318.3561,51.3155,0.00016172,0.00016172,0.0027765,0.00366211,36.0,36.0,68.0
2025-05-12,ibm_marrakesh,1,184.8642,204.9718,0.00012979,0.00012979,0.00198341,0.00610352,36.0,36.0,68.0
2025-05-12,ibm_marrakesh,2,386.2475,272.0726,7.972e-05,7.972e-05,0.00235284,0.02148438,36.0,36.0,68.0
2025-05-12,ibm_marrakesh,3,314.1589,346.2585,0.00035168,0.00035168,0.02759572,0.04077148,36.0,36.0,80.0
2025-05-12,ibm_marrakesh,4,246.1488,83.3107,0.00652792,0.00652792,0.02055178,0.05224609,36.0,36.0,68.0
2025-05-12,ibm_marrakesh,5,258.5016,100.16,0.0003715,0.0003715,0.00420554,0.00537109,36.0,36.0,68.0
2025-05-12,ibm_marrakesh,6,343.0506,148.41,0.00026984,0.00026984,0.00447284,0.01098633,36.0,36.0,68.0
2025-05-12,ibm_marrakesh,7,206.565,68.3632,0.00050391,0.00050391,0.00349779,0.0246582,36.0,36.0,80.0
2025-05-12,ibm_marrakesh,8,154.1883,54.1498,0.00028622,0.00028622,0.00338556,0.00317383,36.0,36.0,68.0
2025-05-12,ibm_marrakesh,9,174.7439,103.1989,0.00023317,0.00023317,,0.03735352,36.0,36.0,
2025-05-11,ibm_marrakesh,0,356.6731,66.4271,0.00023187,0.00023187,0.00380287,0.00415039,36.0,36.0,68.0
2025-05-11,ibm_marrakesh,1,175.029,202.852,7.996e-05,7.996e-05,0.0015064,0.00537109,36.0,36.0,68.0
2025-05-11,ibm_marrakesh,2,197.4038,272.0726,7.972e-05,7.972e-05,0.00428687,0.01611328,36.0,36.0,68.0
2025-05-11,ibm_marrakesh,3,31.1114,337.6327,0.00013656,0.00013656,0.03638632,0.04931641,36.0,36.0,80.0
2025-05-11,ibm_marrakesh,4,246.1488,57.584,0.00846763,0.00846763,0.02563638,0.10253906,36.0,36.0,68.0
2025-05-11,ibm_marrakesh,5,288.1797,137.4179,0.00030355,0.00030355,0.00284235,0.00366211,36.0,36.0,68.0
2025-05-11,ibm_marrakesh,6,336.5623,159.0772,0.00035376,0.00035376,0.00404915,0.00683594,36.0,36.0,68.0
2025-05-11,ibm_marrakesh,7,226.9413,89.432,0.00047371,0.00047371,0.0045214,0.02929688,36.0,36.0,80.0
2025-05-11,ibm_marrakesh,8,184.4013,83.6496,0.00031122,0.00031122,0.00897253,0.00341797,36.0,36.0,68.0
2025-05-11,ibm_marrakesh,9,235.9322,184.6018,0.00025407,0.00025407,,0.01318359,36.0,36.0,
2025-05-10,ibm_marrakesh,0,373.3023,54.8478,0.00010306,0.00010306,0.00256297,0.00317383,36.0,36.0,68.0
2025-05-10,ibm_marrakesh,1,154.5083,191.6517,0.00031775,0.00031775,0.0018641,0.00463867,36.0,36.0,68.0
2025-05-10,ibm_marrakesh,2,232.8856,403.1436,0.0001605,0.0001605,0.00353093,0.01513672,36.0,36.0,68.0
2025-05-10,ibm_marrakesh,3,31.1114,337.6327,0.00020636,0.00020636,0.04126566,0.02709961,36.0,36.0,80.0
2025-05-10,ibm_marrakesh,4,246.1488,57.584,0.00560475,0.00560475,0.03107737,0.06982422,36.0,36.0,68.0
2025-05-10,ibm_marrakesh,5,303.5739,98.2944,0.00022008,0.00022008,0.00195384,0.00390625,36.0,36.0,68.0
2025-05-10,ibm_marrakesh,6,221.706,124.8648,0.00030429,0.00030429,0.00274441,0.01269531,36.0,36.0,68.0
2025-05-10,ibm_marrakesh,7,206.1761,70.8278,0.00035976,0.00035976,0.00408479,0.02954102,36.0,36.0,80.0
2025-05-10,ibm_marrakesh,8,309.9581,62.6921,0.00031898,0.00031898,0.003762,0.00756836,36.0,36.0,68.0
2025-05-10,ibm_marrakesh,9,213.4064,126.8937,0.00026423,0.00026423,,0.00805664,36.0,36.0,
